timestamp,adaptive_hash_pages_added,adaptive_hash_pages_removed,adaptive_hash_rows_added,adaptive_hash_rows_deleted_no_hash_entry,adaptive_hash_rows_removed,adaptive_hash_rows_updated,adaptive_hash_searches,adaptive_hash_searches_btree,buffer_data_reads,buffer_data_written,buffer_flush_adaptive,buffer_flush_adaptive_avg_pass,buffer_flush_adaptive_avg_time_est,buffer_flush_adaptive_avg_time_slot,buffer_flush_adaptive_avg_time_thread,buffer_flush_adaptive_pages,buffer_flush_adaptive_total_pages,buffer_flush_avg_page_rate,buffer_flush_avg_pass,buffer_flush_avg_time,buffer_flush_background,buffer_flush_background_pages,buffer_flush_background_total_pages,buffer_flush_batches,buffer_flush_batch_num_scan,buffer_flush_batch_pages,buffer_flush_batch_scanned,buffer_flush_batch_scanned_per_call,buffer_flush_batch_total_pages,buffer_flush_lsn_avg_rate,buffer_flush_neighbor,buffer_flush_neighbor_pages,buffer_flush_neighbor_total_pages,buffer_flush_n_to_flush_by_age,buffer_flush_n_to_flush_by_dirty_page,buffer_flush_n_to_flush_requested,buffer_flush_pct_for_dirty,buffer_flush_pct_for_lsn,buffer_flush_sync,buffer_flush_sync_pages,buffer_flush_sync_total_pages,buffer_flush_sync_waits,buffer_LRU_batches_evict,buffer_LRU_batches_flush,buffer_LRU_batch_evict_pages,buffer_LRU_batch_evict_total_pages,buffer_LRU_batch_flush_avg_pass,buffer_LRU_batch_flush_avg_time_est,buffer_LRU_batch_flush_avg_time_slot,buffer_LRU_batch_flush_avg_time_thread,buffer_LRU_batch_flush_pages,buffer_LRU_batch_flush_total_pages,buffer_LRU_batch_num_scan,buffer_LRU_batch_scanned,buffer_LRU_batch_scanned_per_call,buffer_LRU_get_free_loops,buffer_LRU_get_free_search,buffer_LRU_get_free_waits,buffer_LRU_search_num_scan,buffer_LRU_search_scanned,buffer_LRU_search_scanned_per_call,buffer_LRU_single_flush_failure_count,buffer_LRU_single_flush_num_scan,buffer_LRU_single_flush_scanned,buffer_LRU_single_flush_scanned_per_call,buffer_LRU_unzip_search_num_scan,buffer_LRU_unzip_search_scanned,buffer_LRU_unzip_search_scanned_per_call,buffer_pages0_read,buffer_pages_created,buffer_pages_read,buffer_pages_written,buffer_page_read_blob,buffer_page_read_fsp_hdr,buffer_page_read_ibuf_bitmap,buffer_page_read_ibuf_free_list,buffer_page_read_index_ibuf_leaf,buffer_page_read_index_ibuf_non_leaf,buffer_page_read_index_inode,buffer_page_read_index_leaf,buffer_page_read_index_non_leaf,buffer_page_read_other,buffer_page_read_rseg_array,buffer_page_read_system_page,buffer_page_read_trx_system,buffer_page_read_undo_log,buffer_page_read_xdes,buffer_page_read_zblob,buffer_page_read_zblob2,buffer_page_written_blob,buffer_page_written_fsp_hdr,buffer_page_written_ibuf_bitmap,buffer_page_written_ibuf_free_list,buffer_page_written_index_ibuf_leaf,buffer_page_written_index_ibuf_non_leaf,buffer_page_written_index_inode,buffer_page_written_index_leaf,buffer_page_written_index_non_leaf,buffer_page_written_on_log_no_waits,buffer_page_written_on_log_waits,buffer_page_written_on_log_wait_loops,buffer_page_written_other,buffer_page_written_rseg_array,buffer_page_written_system_page,buffer_page_written_trx_system,buffer_page_written_undo_log,buffer_page_written_xdes,buffer_page_written_zblob,buffer_page_written_zblob2,buffer_pool_bytes_data,buffer_pool_bytes_dirty,buffer_pool_pages_data,buffer_pool_pages_dirty,buffer_pool_pages_flushed,buffer_pool_pages_free,buffer_pool_pages_lru_flushed,buffer_pool_pages_misc,buffer_pool_pages_total,buffer_pool_reads,buffer_pool_read_ahead,buffer_pool_read_ahead_evicted,buffer_pool_read_requests,buffer_pool_size,buffer_pool_wait_free,buffer_pool_write_requests,compression_pad_decrements,compression_pad_increments,compress_pages_compressed,compress_pages_decompressed,cpu_n,cpu_stime_abs,cpu_stime_pct,cpu_utime_abs,cpu_utime_pct,dblwr_async_requests,dblwr_flush_requests,dblwr_flush_wait_events,dblwr_sync_requests,ddl_background_drop_tables,ddl_log_file_alter_table,ddl_online_create_index,ddl_pending_alter_table,ddl_sort_file_alter_table,dml_deletes,dml_inserts,dml_reads,dml_system_deletes,dml_system_inserts,dml_system_reads,dml_system_updates,dml_updates,file_num_open_files,ibuf_merges,ibuf_merges_delete,ibuf_merges_delete_mark,ibuf_merges_discard_delete,ibuf_merges_discard_delete_mark,ibuf_merges_discard_insert,ibuf_merges_insert,ibuf_size,icp_attempts,icp_match,icp_no_match,icp_out_of_range,index_page_discards,index_page_merge_attempts,index_page_merge_successful,index_page_reorg_attempts,index_page_reorg_successful,index_page_splits,innodb_activity_count,innodb_background_drop_table_usec,innodb_dblwr_pages_written,innodb_dblwr_writes,innodb_dict_lru_count,innodb_dict_lru_usec,innodb_ibuf_merge_usec,innodb_master_active_loops,innodb_master_idle_loops,innodb_master_purge_usec,innodb_master_thread_sleeps,innodb_mem_validate_usec,innodb_page_size,innodb_rwlock_sx_os_waits,innodb_rwlock_sx_spin_rounds,innodb_rwlock_sx_spin_waits,innodb_rwlock_s_os_waits,innodb_rwlock_s_spin_rounds,innodb_rwlock_s_spin_waits,innodb_rwlock_x_os_waits,innodb_rwlock_x_spin_rounds,innodb_rwlock_x_spin_waits,lock_deadlocks,lock_deadlock_false_positives,lock_deadlock_rounds,lock_rec_grant_attempts,lock_rec_locks,lock_rec_lock_created,lock_rec_lock_removed,lock_rec_lock_requests,lock_rec_lock_waits,lock_rec_release_attempts,lock_row_lock_current_waits,lock_row_lock_time,lock_row_lock_time_avg,lock_row_lock_time_max,lock_row_lock_waits,lock_schedule_refreshes,lock_table_locks,lock_table_lock_created,lock_table_lock_removed,lock_table_lock_waits,lock_threads_waiting,lock_timeouts,log_checkpoints,log_concurrency_margin,log_flusher_no_waits,log_flusher_waits,log_flusher_wait_loops,log_flush_avg_time,log_flush_lsn_avg_rate,log_flush_max_time,log_flush_notifier_no_waits,log_flush_notifier_waits,log_flush_notifier_wait_loops,log_flush_total_time,log_free_space,log_full_block_writes,log_lsn_archived,log_lsn_buf_dirty_pages_added,log_lsn_buf_pool_oldest_approx,log_lsn_buf_pool_oldest_lwm,log_lsn_checkpoint_age,log_lsn_current,log_lsn_last_checkpoint,log_lsn_last_flush,log_max_modified_age_async,log_max_modified_age_sync,log_next_file,log_on_buffer_space_no_waits,log_on_buffer_space_waits,log_on_buffer_space_wait_loops,log_on_file_space_no_waits,log_on_file_space_waits,log_on_file_space_wait_loops,log_on_flush_no_waits,log_on_flush_waits,log_on_flush_wait_loops,log_on_recent_closed_wait_loops,log_on_recent_written_wait_loops,log_on_write_no_waits,log_on_write_waits,log_on_write_wait_loops,log_padded,log_partial_block_writes,log_waits,log_writer_no_waits,log_writer_on_archiver_waits,log_writer_on_file_space_waits,log_writer_on_tracker_waits,log_writer_waits,log_writer_wait_loops,log_writes,log_write_notifier_no_waits,log_write_notifier_waits,log_write_notifier_wait_loops,log_write_requests,log_write_to_file_requests_interval,metadata_table_handles_closed,metadata_table_handles_opened,metadata_table_reference_count,module_cpu,module_dblwr,module_page_track,os_data_fsyncs,os_data_reads,os_data_writes,os_log_bytes_written,os_log_fsyncs,os_log_pending_fsyncs,os_log_pending_writes,os_pending_reads,os_pending_writes,page_track_checkpoint_partial_flush_request,page_track_full_block_writes,page_track_partial_block_writes,page_track_resets,purge_del_mark_records,purge_dml_delay_usec,purge_invoked,purge_resume_count,purge_stop_count,purge_truncate_history_count,purge_truncate_history_usec,purge_undo_log_pages,purge_upd_exist_or_extern_records,sampled_pages_read,sampled_pages_skipped,trx_active_transactions,trx_allocations,trx_commits_insert_update,trx_nl_ro_commits,trx_on_log_no_waits,trx_on_log_waits,trx_on_log_wait_loops,trx_rollbacks,trx_rollbacks_savepoint,trx_rollback_active,trx_ro_commits,trx_rseg_current_size,trx_rseg_history_len,trx_rw_commits,trx_undo_slots_cached,trx_undo_slots_used,undo_truncate_count,undo_truncate_done_logging_count,undo_truncate_start_logging_count,undo_truncate_usec
1782295499.180,0,0,0,0,0,0,0,378290357,39857916416,190379318784,0,0,0,0,0,0,0,0,0,0,0,0,0,0,0,0,0,0,0,0,0,0,0,0,0,0,0,0,0,0,0,0,0,0,0,0,0,0,0,0,0,0,0,0,0,0,0,0,0,0,0,0,0,0,0,0,0,0,7,1655587,2433224,5412981,0,0,0,0,0,0,0,0,0,0,0,0,0,0,0,0,0,0,0,0,0,0,0,0,0,0,0,0,0,0,0,0,0,0,0,0,0,12850135040,7685259264,784310,469071,5357977,2026,0,97,786432,1619882,812136,4,1767458097,12884901888,0,416644962,0,0,0,0,0,0,0,0,0,0,0,0,0,0,0,0,0,0,7384902,107274691,0,468,1202,7661,620,14770114,35,0,0,0,0,0,0,0,1,0,0,0,0,0,0,0,0,0,0,11469334,0,5357835,44150,0,0,0,0,0,0,0,0,16384,0,0,0,0,0,0,0,0,0,0,0,1242,407,0,0,0,0,0,22442717,0,151,0,4,406,1242,0,0,0,0,0,0,0,0,0,0,0,0,0,0,0,0,0,0,0,0,0,0,0,0,0,0,0,0,0,0,0,0,0,0,0,0,0,0,0,0,0,0,0,0,0,0,0,0,0,0,0,0,0,0,103190251,0,0,0,303139293,0,0,0,0,0,0,0,15849162,2756573,108998714,75173105152,15049267,0,0,0,0,0,0,0,0,0,0,0,0,0,0,0,0,0,0,0,0,0,0,0,0,0,0,0,0,0,0,0,2008150,0,0,0,0,0,0,0
1782295500.241,0,0,0,0,0,0,0,378435793,39879789056,190494706688,0,0,0,0,0,0,0,0,0,0,0,0,0,0,0,0,0,0,0,0,0,0,0,0,0,0,0,0,0,0,0,0,0,0,0,0,0,0,0,0,0,0,0,0,0,0,0,0,0,0,0,0,0,0,0,0,0,0,7,1655587,2434559,5419763,0,0,0,0,0,0,0,0,0,0,0,0,0,0,0,0,0,0,0,0,0,0,0,0,0,0,0,0,0,0,0,0,0,0,0,0,0,12852183040,7655751680,784435,467270,5364759,1901,0,96,786432,1621217,812136,4,1768357594,12884901888,0,417024291,0,0,0,0,0,0,0,0,0,0,0,0,0,0,0,0,0,0,7384902,107274691,0,468,1202,7661,620,14770114,35,0,0,0,0,0,0,0,1,0,0,0,0,0,0,0,0,0,0,11469334,0,5364617,44207,0,0,0,0,0,0,0,0,16384,0,0,0,0,0,0,0,0,0,0,0,1243,407,0,0,0,0,0,22442717,0,151,0,4,406,1243,0,0,0,0,0,0,0,0,0,0,0,0,0,0,0,0,0,0,0,0,0,0,0,0,0,0,0,0,0,0,0,0,0,0,0,0,0,0,0,0,0,0,0,0,0,0,0,0,0,0,0,0,0,0,103192507,0,0,0,303220494,0,0,0,0,0,0,0,15851031,2757908,109007805,75176443392,15050376,0,0,0,0,0,0,0,0,0,0,0,0,0,0,0,0,0,0,0,0,0,0,0,0,0,0,0,0,0,0,0,1969750,0,0,0,0,0,0,0
1782295501.302,0,0,0,0,0,0,0,378563559,39898941952,190625249792,0,0,0,0,0,0,0,0,0,0,0,0,0,0,0,0,0,0,0,0,0,0,0,0,0,0,0,0,0,0,0,0,0,0,0,0,0,0,0,0,0,0,0,0,0,0,0,0,0,0,0,0,0,0,0,0,0,0,7,1655587,2435727,5427608,0,0,0,0,0,0,0,0,0,0,0,0,0,0,0,0,0,0,0,0,0,0,0,0,0,0,0,0,0,0,0,0,0,0,0,0,0,12857491456,7565885440,784759,461785,5364854,1577,0,96,786432,1622385,812136,4,1769061923,12884901888,0,417275053,0,0,0,0,0,0,0,0,0,0,0,0,0,0,0,0,0,0,7384902,107274691,0,468,1202,7661,620,14770114,35,0,0,0,0,0,0,0,1,0,0,0,0,0,0,0,0,0,0,11469334,0,5372400,44270,0,0,0,0,0,0,0,0,16384,0,0,0,0,0,0,0,0,0,0,0,1244,407,0,0,0,0,0,22442717,0,151,0,4,406,1244,0,0,0,0,0,0,0,0,0,0,0,0,0,0,0,0,0,0,0,0,0,0,0,0,0,0,0,0,0,0,0,0,0,0,0,0,0,0,0,0,0,0,0,0,0,0,0,0,0,0,0,0,0,0,103194302,0,0,0,303257685,0,0,0,0,0,0,0,15853293,2759077,109017522,75177641984,15051366,0,0,0,0,0,0,0,0,0,0,0,0,0,0,0,0,0,0,0,0,0,0,0,0,0,0,0,0,0,0,0,1969750,0,0,0,0,0,0,0
1782295502.363,0,0,0,0,0,0,0,378747150,40667466240,191072844288,0,0,0,0,0,0,0,0,0,0,0,0,0,0,0,0,0,0,0,0,0,0,0,0,0,0,0,0,0,0,0,0,0,0,0,0,0,0,0,0,0,0,0,0,0,0,0,0,0,0,0,0,0,0,0,0,0,0,7,1655587,2482705,5452461,0,0,0,0,0,0,0,0,0,0,0,0,0,0,0,0,0,0,0,0,0,0,0,0,0,0,0,0,0,0,0,0,0,0,0,0,0,12855345152,7346159616,784627,448374,5389823,1699,0,107,786432,1669252,812136,4,1770036802,12884901888,19501,417510586,0,0,0,0,0,0,0,0,0,0,0,0,0,0,0,0,0,0,7388356,107278145,0,468,1202,7661,620,14777034,35,0,0,0,0,0,0,0,1,0,0,0,0,0,0,0,0,0,0,11473219,0,5389937,44439,0,0,0,0,0,0,0,0,16384,0,0,0,0,0,0,0,0,0,0,0,1245,407,0,0,0,0,0,22453232,0,151,0,4,406,1245,0,0,0,0,0,0,0,0,0,0,0,0,0,0,0,0,0,0,0,0,0,0,0,0,0,0,0,0,0,0,0,0,0,0,0,0,0,0,0,0,0,0,0,0,0,0,0,0,0,0,0,0,0,0,103261584,0,0,0,303339194,0,0,0,0,0,0,0,15883003,2805949,109116977,75212483584,15071919,1,0,0,0,0,0,0,0,0,0,0,0,0,0,0,0,0,0,0,0,0,0,0,0,0,0,0,0,0,0,0,1963362,0,0,0,0,0,0,0
1782295503.431,0,0,0,0,0,0,0,378954408,41546828288,191533244928,0,0,0,0,0,0,0,0,0,0,0,0,0,0,0,0,0,0,0,0,0,0,0,0,0,0,0,0,0,0,0,0,0,0,0,0,0,0,0,0,0,0,0,0,0,0,0,0,0,0,0,0,0,0,0,0,0,0,7,1655587,2536474,5477260,0,0,0,0,0,0,0,0,0,0,0,0,0,0,0,0,0,0,0,0,0,0,0,0,0,0,0,0,0,0,0,0,0,0,0,0,0,12857049088,7172374528,784732,437767,5414903,1600,0,100,786432,1722906,812136,4,1771184944,12884901888,19506,417815375,0,0,0,0,0,0,0,0,0,0,0,0,0,0,0,0,0,0,7392420,107282208,0,468,1202,7661,620,14785150,35,0,0,0,0,0,0,0,1,0,0,0,0,0,0,0,0,0,0,11477789,0,5414761,44675,0,0,0,0,0,0,0,0,16384,0,0,0,0,0,0,0,0,0,0,0,1246,407,0,0,0,0,0,22465582,0,151,0,4,406,1246,0,0,0,0,0,0,0,0,0,0,0,0,0,0,0,0,0,0,0,0,0,0,0,0,0,0,0,0,0,0,0,0,0,0,0,0,0,0,0,0,0,0,0,0,0,0,0,0,0,0,0,0,0,0,103358109,0,0,0,303449581,0,0,0,0,0,0,0,15913123,2859517,109238362,75262005248,15098892,1,0,0,0,0,0,0,0,0,0,0,0,0,0,0,0,0,0,0,0,0,0,0,0,0,0,0,0,0,0,0,1938866,0,0,0,0,0,0,0
1782295504.500,0,0,0,0,0,0,0,379167725,42426878464,192007748608,0,0,0,0,0,0,0,0,0,0,0,0,0,0,0,0,0,0,0,0,0,0,0,0,0,0,0,0,0,0,0,0,0,0,0,0,0,0,0,0,0,0,0,0,0,0,0,0,0,0,0,0,0,0,0,0,0,0,7,1655587,2590308,5503345,0,0,0,0,0,0,0,0,0,0,0,0,0,0,0,0,0,0,0,0,0,0,0,0,0,0,0,0,0,0,0,0,0,0,0,0,0,12858212352,6954041344,784803,424441,5440693,1524,0,104,786432,1776601,812136,4,1772288886,12884901888,19557,418061072,0,0,0,0,0,0,0,0,0,0,0,0,0,0,0,0,0,0,7396482,107286272,0,468,1202,7661,620,14793279,35,0,0,0,0,0,0,0,1,0,0,0,0,0,0,0,0,0,0,11482361,0,5440807,44934,0,0,0,0,0,0,0,0,16384,0,0,0,0,0,0,0,0,0,0,0,1247,407,0,0,0,0,0,22477917,0,151,0,4,406,1247,0,0,0,0,0,0,0,0,0,0,0,0,0,0,0,0,0,0,0,0,0,0,0,0,0,0,0,0,0,0,0,0,0,0,0,0,0,0,0,0,0,0,0,0,0,0,0,0,0,0,0,0,0,0,103440078,0,0,0,303533139,0,0,0,0,0,0,0,15942504,2913137,109346565,75304022016,15124529,1,0,0,0,0,0,0,0,0,0,0,0,0,0,0,0,0,0,0,0,0,0,0,0,0,0,0,0,0,0,0,1942931,0,0,0,0,0,0,0
1782295505.568,0,0,0,0,0,0,0,379369260,43279141376,192522469888,0,0,0,0,0,0,0,0,0,0,0,0,0,0,0,0,0,0,0,0,0,0,0,0,0,0,0,0,0,0,0,0,0,0,0,0,0,0,0,0,0,0,0,0,0,0,0,0,0,0,0,0,0,0,0,0,0,0,7,1655587,2642433,5532011,0,0,0,0,0,0,0,0,0,0,0,0,0,0,0,0,0,0,0,0,0,0,0,0,0,0,0,0,0,0,0,0,0,0,0,0,0,12852330496,6689767424,784443,408311,5469214,1883,0,104,786432,1828633,812136,4,1773331041,12884901888,19557,418288627,0,0,0,0,0,0,0,0,0,0,0,0,0,0,0,0,0,0,7400430,107290220,0,468,1202,7661,620,14801174,35,0,0,0,0,0,0,0,1,0,0,0,0,0,0,0,0,0,0,11486801,0,5469328,45212,0,0,0,0,0,0,0,0,16384,0,0,0,0,0,0,0,0,0,0,0,1248,407,0,0,0,0,0,22489931,0,151,0,4,406,1248,0,0,0,0,0,0,0,0,0,0,0,0,0,0,0,0,0,0,0,0,0,0,0,0,0,0,0,0,0,0,0,0,0,0,0,0,0,0,0,0,0,0,0,0,0,0,0,0,0,0,0,0,0,0,103518826,0,0,0,303612611,0,0,0,0,0,0,0,15970439,2965111,109454031,75344379904,15148308,1,0,0,0,0,0,0,0,0,0,0,0,0,0,0,0,0,0,0,0,0,0,0,0,0,0,0,0,0,0,0,1946879,0,0,0,0,0,0,0
1782295506.635,0,0,0,0,0,0,0,379554139,44122966528,193018571776,0,0,0,0,0,0,0,0,0,0,0,0,0,0,0,0,0,0,0,0,0,0,0,0,0,0,0,0,0,0,0,0,0,0,0,0,0,0,0,0,0,0,0,0,0,0,0,0,0,0,0,0,0,0,0,0,0,0,7,1655597,2694088,5558876,0,0,0,0,0,0,0,0,0,0,0,0,0,0,0,0,0,0,0,0,0,0,0,0,0,0,0,0,0,0,0,0,0,0,0,0,0,12861112320,6484983808,784980,395812,5496465,1349,0,102,786432,1880170,812136,4,1774381737,12884901888,19566,418582337,0,0,0,0,0,0,0,0,0,0,0,0,0,0,0,0,0,0,7404308,107294096,0,468,1202,7661,620,14808932,35,0,0,0,0,0,0,0,1,0,0,0,0,0,0,0,0,0,0,11491158,0,5496323,45477,0,0,0,0,0,0,0,0,16384,0,0,0,0,0,0,0,0,0,0,0,1249,407,0,0,0,0,0,22501726,0,151,0,4,406,1249,0,0,0,0,0,0,0,0,0,0,0,0,0,0,0,0,0,0,0,0,0,0,0,0,0,0,0,0,0,0,0,0,0,0,0,0,0,0,0,0,0,0,0,0,0,0,0,0,0,0,0,0,0,0,103616137,0,0,0,303725162,0,0,0,0,0,0,0,15997658,3016594,109578259,75394331136,15171792,1,0,0,0,0,0,0,0,0,0,0,0,0,0,0,0,0,0,0,0,0,0,0,0,0,0,0,0,0,0,0,1912354,0,0,0,0,0,0,0
1782295507.701,0,0,0,0,0,0,0,379755497,45034637824,193414962688,0,0,0,0,0,0,0,0,0,0,0,0,0,0,0,0,0,0,0,0,0,0,0,0,0,0,0,0,0,0,0,0,0,0,0,0,0,0,0,0,0,0,0,0,0,0,0,0,0,0,0,0,0,0,0,0,0,0,7,1655607,2749861,5580311,0,0,0,0,0,0,0,0,0,0,0,0,0,0,0,0,0,0,0,0,0,0,0,0,0,0,0,0,0,0,0,0,0,0,0,0,0,12868583424,6363758592,785436,388413,5517794,893,0,103,786432,1935834,812136,4,1775421154,12884901888,19566,418802164,0,0,0,0,0,0,0,0,0,0,0,0,0,0,0,0,0,0,7408455,107298245,0,468,1202,7661,620,14817230,35,0,0,0,0,0,0,0,1,0,0,0,0,0,0,0,0,0,0,11495825,0,5517652,45699,0,0,0,0,0,0,0,0,16384,0,0,0,0,0,0,0,0,0,0,0,1251,407,0,0,0,0,0,22514337,0,151,0,4,406,1251,0,0,0,0,0,0,0,0,0,0,0,0,0,0,0,0,0,0,0,0,0,0,0,0,0,0,0,0,0,0,0,0,0,0,0,0,0,0,0,0,0,0,0,0,0,0,0,0,0,0,0,0,0,0,103694098,0,0,0,303805504,0,0,0,0,0,0,0,16027697,3072154,109677756,75434372096,15198457,0,1,0,0,0,0,0,0,0,0,0,0,0,0,0,0,0,0,0,0,0,0,0,0,0,0,0,0,0,0,0,1916504,0,0,0,0,0,0,0
1782295508.769,0,0,0,0,0,0,0,379956629,45966068224,193836410368,0,0,0,0,0,0,0,0,0,0,0,0,0,0,0,0,0,0,0,0,0,0,0,0,0,0,0,0,0,0,0,0,0,0,0,0,0,0,0,0,0,0,0,0,0,0,0,0,0,0,0,0,0,0,0,0,0,0,7,1655607,2806877,5603241,0,0,0,0,0,0,0,0,0,0,0,0,0,0,0,0,0,0,0,0,0,0,0,0,0,0,0,0,0,0,0,0,0,0,0,0,0,12856950784,6225461248,784728,379972,5540830,1603,0,100,786432,1992749,812136,4,1776455153,12884901888,19566,419017769,0,0,0,0,0,0,0,0,0,0,0,0,0,0,0,0,0,0,7412692,107302482,0,468,1202,7661,620,14825697,35,0,0,0,0,0,0,0,1,0,0,0,0,0,0,0,0,0,0,11500589,0,5540688,45946,0,0,0,0,0,0,0,0,16384,0,0,0,0,0,0,0,0,0,0,0,1252,407,0,0,0,0,0,22527206,0,151,0,4,406,1252,0,0,0,0,0,0,0,0,0,0,0,0,0,0,0,0,0,0,0,0,0,0,0,0,0,0,0,0,0,0,0,0,0,0,0,0,0,0,0,0,0,0,0,0,0,0,0,0,0,0,0,0,0,0,103773583,0,0,0,303886234,0,0,0,0,0,0,0,16059789,3128958,109780251,75475127808,15226798,1,0,0,0,0,0,0,0,0,0,0,0,0,0,0,0,0,0,0,0,0,0,0,0,0,0,0,0,0,0,0,1920738,0,0,0,0,0,0,0
1782295509.837,0,0,0,0,0,0,0,380147765,46884145664,194238863360,0,0,0,0,0,0,0,0,0,0,0,0,0,0,0,0,0,0,0,0,0,0,0,0,0,0,0,0,0,0,0,0,0,0,0,0,0,0,0,0,0,0,0,0,0,0,0,0,0,0,0,0,0,0,0,0,0,0,7,1655631,2863044,5624209,0,0,0,0,0,0,0,0,0,0,0,0,0,0,0,0,0,0,0,0,0,0,0,0,0,0,0,0,0,0,0,0,0,0,0,0,0,12853116928,6149865472,784492,375358,5561792,1841,0,97,786432,2048799,812136,4,1777537873,12884901888,19574,419313183,0,0,0,0,0,0,0,0,0,0,0,0,0,0,0,0,0,0,7416854,107306643,0,468,1202,7661,620,14834025,35,0,0,0,0,0,0,0,1,0,0,0,0,0,0,0,0,0,0,11505271,0,5561650,46171,0,0,0,0,0,0,0,0,16384,0,0,0,0,0,0,0,0,0,0,0,1253,407,0,0,0,0,0,22539848,0,151,0,4,406,1253,0,0,0,0,0,0,0,0,0,0,0,0,0,0,0,0,0,0,0,0,0,0,0,0,0,0,0,0,0,0,0,0,0,0,0,0,0,0,0,0,0,0,0,0,0,0,0,0,0,0,0,0,0,0,103874661,0,0,0,304001934,0,0,0,0,0,0,0,16088575,3184933,109902367,75526968832,15252146,1,0,0,0,0,0,0,0,0,0,0,0,0,0,0,0,0,0,0,0,0,0,0,0,0,0,0,0,0,0,0,1886500,0,0,0,0,0,0,0
1782295510.905,0,0,0,0,0,0,0,380343617,47798438400,194625894400,0,0,0,0,0,0,0,0,0,0,0,0,0,0,0,0,0,0,0,0,0,0,0,0,0,0,0,0,0,0,0,0,0,0,0,0,0,0,0,0,0,0,0,0,0,0,0,0,0,0,0,0,0,0,0,0,0,0,7,1655656,2918974,5645134,0,0,0,0,0,0,0,0,0,0,0,0,0,0,0,0,0,0,0,0,0,0,0,0,0,0,0,0,0,0,0,0,0,0,0,0,0,12855296000,6045417472,784625,368983,5582560,1706,0,101,786432,2104620,812136,4,1778547076,12884901888,19574,419523513,0,0,0,0,0,0,0,0,0,0,0,0,0,0,0,0,0,0,7420989,107310778,0,468,1202,7661,620,14842291,35,0,0,0,0,0,0,0,1,0,0,0,0,0,0,0,0,0,0,11509918,0,5582582,46386,0,0,0,0,0,0,0,0,16384,0,0,0,0,0,0,0,0,0,0,0,1254,407,0,0,0,0,0,22552428,0,151,0,4,406,1254,0,0,0,0,0,0,0,0,0,0,0,0,0,0,0,0,0,0,0,0,0,0,0,0,0,0,0,0,0,0,0,0,0,0,0,0,0,0,0,0,0,0,0,0,0,0,0,0,0,0,0,0,0,0,103950988,0,0,0,304080570,0,0,0,0,0,0,0,16115126,3240653,109999694,75566108160,15275269,1,1,0,0,0,0,0,0,0,0,0,0,0,0,0,0,0,0,0,0,0,0,0,0,0,0,0,0,0,0,0,1890632,0,0,0,0,0,0,0
1782295511.974,0,0,0,0,0,0,0,380537445,48706619904,195014501376,0,0,0,0,0,0,0,0,0,0,0,0,0,0,0,0,0,0,0,0,0,0,0,0,0,0,0,0,0,0,0,0,0,0,0,0,0,0,0,0,0,0,0,0,0,0,0,0,0,0,0,0,0,0,0,0,0,0,7,1655657,2974576,5666171,0,0,0,0,0,0,0,0,0,0,0,0,0,0,0,0,0,0,0,0,0,0,0,0,0,0,0,0,0,0,0,0,0,0,0,0,0,12859408384,5938282496,784876,362445,5603502,1455,0,102,786432,2160098,812136,4,1779544951,12884901888,19574,419731256,0,0,0,0,0,0,0,0,0,0,0,0,0,0,0,0,0,0,7425079,107314869,0,468,1202,7661,620,14850478,35,0,0,0,0,0,0,0,1,0,0,0,0,0,0,0,0,0,0,11514524,0,5603616,46605,0,0,0,0,0,0,0,0,16384,0,0,0,0,0,0,0,0,0,0,0,1255,407,0,0,0,0,0,22564873,0,151,0,4,406,1255,0,0,0,0,0,0,0,0,0,0,0,0,0,0,0,0,0,0,0,0,0,0,0,0,0,0,0,0,0,0,0,0,0,0,0,0,0,0,0,0,0,0,0,0,0,0,0,0,0,0,0,0,0,0,104027054,0,0,0,304158241,0,0,0,0,0,0,0,16143073,3296047,110096885,75605108736,15299755,0,0,0,0,0,0,0,0,0,0,0,0,0,0,0,0,0,0,0,0,0,0,0,0,0,0,0,0,0,0,0,1894726,0,0,0,0,0,0,0
1782295513.038,0,0,0,0,0,0,0,380737116,49655319040,195424186368,0,0,0,0,0,0,0,0,0,0,0,0,0,0,0,0,0,0,0,0,0,0,0,0,0,0,0,0,0,0,0,0,0,0,0,0,0,0,0,0,0,0,0,0,0,0,0,0,0,0,0,0,0,0,0,0,0,0,7,1655666,3032636,5688385,0,0,0,0,0,0,0,0,0,0,0,0,0,0,0,0,0,0,0,0,0,0,0,0,0,0,0,0,0,0,0,0,0,0,0,0,0,12864061440,5820579840,785160,355260,5625306,1175,0,96,786432,2218038,812136,4,1780573210,12884901888,19574,419943072,0,0,0,0,0,0,0,0,0,0,0,0,0,0,0,0,0,0,7429353,107319143,0,468,1202,7661,620,14859018,35,0,0,0,0,0,0,0,1,0,0,0,0,0,0,0,0,0,0,11519331,0,5625676,46829,0,0,0,0,0,0,0,0,16384,0,0,0,0,0,0,0,0,0,0,0,1256,407,0,0,0,0,0,22577848,0,151,0,4,406,1256,0,0,0,0,0,0,0,0,0,0,0,0,0,0,0,0,0,0,0,0,0,0,0,0,0,0,0,0,0,0,0,0,0,0,0,0,0,0,0,0,0,0,0,0,0,0,0,0,0,0,0,0,0,0,104106265,0,0,0,304238692,0,0,0,0,0,0,0,16175015,3353862,110198415,75645773312,15328091,0,0,0,0,0,0,0,0,0,0,0,0,0,0,0,0,0,0,0,0,0,0,0,0,0,0,0,0,0,0,0,1899002,0,0,0,0,0,0,0
1782295514.108,0,0,0,0,0,0,0,380924436,50576607744,195866865152,0,0,0,0,0,0,0,0,0,0,0,0,0,0,0,0,0,0,0,0,0,0,0,0,0,0,0,0,0,0,0,0,0,0,0,0,0,0,0,0,0,0,0,0,0,0,0,0,0,0,0,0,0,0,0,0,0,0,7,1655680,3088990,5711666,0,0,0,0,0,0,0,0,0,0,0,0,0,0,0,0,0,0,0,0,0,0,0,0,0,0,0,0,0,0,0,0,0,0,0,0,0,12856655872,5711593472,784708,348608,5646035,1626,0,96,786432,2274277,812136,4,1781634663,12884901888,19574,420230302,0,0,0,0,0,0,0,0,0,0,0,0,0,0,0,0,0,0,7433535,107323325,0,468,1202,7661,620,14867382,35,0,0,0,0,0,0,0,1,0,0,0,0,0,0,0,0,0,0,11524035,0,5649093,47070,0,0,0,0,0,0,0,0,16384,0,0,0,0,0,0,0,0,0,0,0,1257,407,0,0,0,0,0,22590580,0,151,0,4,406,1257,0,0,0,0,0,0,0,0,0,0,0,0,0,0,0,0,0,0,0,0,0,0,0,0,0,0,0,0,0,0,0,0,0,0,0,0,0,0,0,0,0,0,0,0,0,0,0,0,0,0,0,0,0,0,104204282,0,0,0,304353344,0,0,0,0,0,0,0,16206655,3410029,110319795,75696126464,15356052,0,0,0,0,0,0,0,0,0,0,0,0,0,0,0,0,0,0,0,0,0,0,0,0,0,0,0,0,0,0,0,1864783,0,0,0,0,0,0,0
1782295515.176,0,0,0,0,0,0,0,381120674,51518392832,196285118464,0,0,0,0,0,0,0,0,0,0,0,0,0,0,0,0,0,0,0,0,0,0,0,0,0,0,0,0,0,0,0,0,0,0,0,0,0,0,0,0,0,0,0,0,0,0,0,0,0,0,0,0,0,0,0,0,0,0,7,1655690,3146617,5734747,0,0,0,0,0,0,0,0,0,0,0,0,0,0,0,0,0,0,0,0,0,0,0,0,0,0,0,0,0,0,0,0,0,0,0,0,0,12862767104,5580718080,785082,340620,5672330,1251,0,106,786432,2331784,812136,4,1782643595,12884901888,19574,420437385,0,0,0,0,0,0,0,0,0,0,0,0,0,0,0,0,0,0,7437766,107327555,0,468,1202,7661,620,14875849,35,0,0,0,0,0,0,0,1,0,0,0,0,0,0,0,0,0,0,11528789,0,5672188,47305,0,0,0,0,0,0,0,0,16384,0,0,0,0,0,0,0,0,0,0,0,1258,407,0,0,0,0,0,22603429,0,151,0,4,406,1258,0,0,0,0,0,0,0,0,0,0,0,0,0,0,0,0,0,0,0,0,0,0,0,0,0,0,0,0,0,0,0,0,0,0,0,0,0,0,0,0,0,0,0,0,0,0,0,0,0,0,0,0,0,0,104282200,0,0,0,304432434,0,0,0,0,0,0,0,16239062,3467442,110420826,75736074752,15384837,1,1,0,0,0,0,0,0,0,0,0,0,0,0,0,0,0,0,0,0,0,0,0,0,0,0,0,0,0,0,0,1869010,0,0,0,0,0,0,0
1782295516.243,0,0,0,0,0,0,0,381326327,52489144832,196658903040,0,0,0,0,0,0,0,0,0,0,0,0,0,0,0,0,0,0,0,0,0,0,0,0,0,0,0,0,0,0,0,0,0,0,0,0,0,0,0,0,0,0,0,0,0,0,0,0,0,0,0,0,0,0,0,0,0,0,7,1655869,3206025,5754714,0,0,0,0,0,0,0,0,0,0,0,0,0,0,0,0,0,0,0,0,0,0,0,0,0,0,0,0,0,0,0,0,0,0,0,0,0,12876513280,5513969664,785919,336546,5692297,416,0,99,786432,2391074,812136,4,1783703085,12884901888,19574,420656906,0,0,0,0,0,0,0,0,0,0,0,0,0,0,0,0,0,0,7442163,107331953,0,468,1202,7661,620,14884639,35,0,0,0,0,0,0,0,1,0,0,0,0,0,0,0,0,0,0,11533737,0,5692155,47513,0,0,0,0,0,0,0,0,16384,0,0,0,0,0,0,0,0,0,0,0,1259,407,0,0,0,0,0,22616790,0,151,0,4,406,1259,0,0,0,0,0,0,0,0,0,0,0,0,0,0,0,0,0,0,0,0,0,0,0,0,0,0,0,0,0,0,0,0,0,0,0,0,0,0,0,0,0,0,0,0,0,0,0,0,0,0,0,0,0,0,104363165,0,0,0,304515098,0,0,0,0,0,0,0,16273259,3526656,110521854,75777614848,15415810,0,1,0,0,0,0,0,0,0,0,0,0,0,0,0,0,0,0,0,0,0,0,0,0,0,0,0,0,0,0,0,1873409,0,0,0,0,0,0,0
1782295517.311,0,0,0,0,0,0,0,381531487,53464271360,197011645440,0,0,0,0,0,0,0,0,0,0,0,0,0,0,0,0,0,0,0,0,0,0,0,0,0,0,0,0,0,0,0,0,0,0,0,0,0,0,0,0,0,0,0,0,0,0,0,0,0,0,0,0,0,0,0,0,0,0,7,1656106,3265697,5773429,0,0,0,0,0,0,0,0,0,0,0,0,0,0,0,0,0,0,0,0,0,0,0,0,0,0,0,0,0,0,0,0,0,0,0,0,0,12848660480,5466013696,784220,333620,5710863,2115,0,96,786432,2450637,812136,4,1784757843,12884901888,19574,420874555,0,0,0,0,0,0,0,0,0,0,0,0,0,0,0,0,0,0,7446577,107336368,0,468,1202,7661,620,14893468,35,0,0,0,0,0,0,0,1,0,0,0,0,0,0,0,0,0,0,11538704,0,5710910,47717,0,0,0,0,0,0,0,0,16384,0,0,0,0,0,0,0,0,0,0,0,1260,407,0,0,0,0,0,22630254,0,151,0,4,406,1260,0,0,0,0,0,0,0,0,0,0,0,0,0,0,0,0,0,0,0,0,0,0,0,0,0,0,0,0,0,0,0,0,0,0,0,0,0,0,0,0,0,0,0,0,0,0,0,0,0,0,0,0,0,0,104442657,0,0,0,304597666,0,0,0,0,0,0,0,16306055,3586096,110620193,75818428928,15445438,0,1,0,0,0,0,0,0,0,0,0,0,0,0,0,0,0,0,0,0,0,0,0,0,0,0,0,0,0,0,0,1877826,0,0,0,0,0,0,0
1782295518.379,0,0,0,0,0,0,0,381723062,54433614336,197387433984,0,0,0,0,0,0,0,0,0,0,0,0,0,0,0,0,0,0,0,0,0,0,0,0,0,0,0,0,0,0,0,0,0,0,0,0,0,0,0,0,0,0,0,0,0,0,0,0,0,0,0,0,0,0,0,0,0,0,7,1656262,3325022,5792941,0,0,0,0,0,0,0,0,0,0,0,0,0,0,0,0,0,0,0,0,0,0,0,0,0,0,0,0,0,0,0,0,0,0,0,0,0,12854018048,5436473344,784547,331816,5730524,1788,0,96,786432,2509843,812136,4,1785837937,12884901888,19574,421159720,0,0,0,0,0,0,0,0,0,0,0,0,0,0,0,0,0,0,7450976,107340766,0,468,1202,7661,620,14902267,35,0,0,0,0,0,0,0,1,0,0,0,0,0,0,0,0,0,0,11543651,0,5730382,47926,0,0,0,0,0,0,0,0,16384,0,0,0,0,0,0,0,0,0,0,0,1261,407,0,0,0,0,0,22643618,0,151,0,4,406,1261,0,0,0,0,0,0,0,0,0,0,0,0,0,0,0,0,0,0,0,0,0,0,0,0,0,0,0,0,0,0,0,0,0,0,0,0,0,0,0,0,0,0,0,0,0,0,0,0,0,0,0,0,0,0,104539312,0,0,0,304714640,0,0,0,0,0,0,0,16339318,3645232,110736394,75868036096,15475180,1,0,0,0,0,0,0,0,0,0,0,0,0,0,0,0,0,0,0,0,0,0,0,0,0,0,0,0,0,0,0,1843824,0,0,0,0,0,0,0
1782295519.449,0,0,0,0,0,0,0,381924953,55408183808,197751153664,0,0,0,0,0,0,0,0,0,0,0,0,0,0,0,0,0,0,0,0,0,0,0,0,0,0,0,0,0,0,0,0,0,0,0,0,0,0,0,0,0,0,0,0,0,0,0,0,0,0,0,0,0,0,0,0,0,0,7,1656267,3384651,5812317,0,0,0,0,0,0,0,0,0,0,0,0,0,0,0,0,0,0,0,0,0,0,0,0,0,0,0,0,0,0,0,0,0,0,0,0,0,12856885248,5381242880,784721,328445,5749900,1614,0,99,786432,2569346,812136,4,1786875314,12884901888,19574,421371242,0,0,0,0,0,0,0,0,0,0,0,0,0,0,0,0,0,0,7455374,107345165,0,468,1202,7661,620,14911068,35,0,0,0,0,0,0,0,1,0,0,0,0,0,0,0,0,0,0,11548599,0,5749758,48137,0,0,0,0,0,0,0,0,16384,0,0,0,0,0,0,0,0,0,0,0,1262,407,0,0,0,0,0,22656985,0,151,0,4,406,1262,0,0,0,0,0,0,0,0,0,0,0,0,0,0,0,0,0,0,0,0,0,0,0,0,0,0,0,0,0,0,0,0,0,0,0,0,0,0,0,0,0,0,0,0,0,0,0,0,0,0,0,0,0,0,104619928,0,0,0,304796195,0,0,0,0,0,0,0,16373093,3704685,110836483,75909373440,15505574,1,0,0,0,0,0,0,0,0,0,0,0,0,0,0,0,0,0,0,0,0,0,0,0,0,0,0,0,0,0,0,1848222,0,0,0,0,0,0,0
1782295520.518,0,0,0,0,0,0,0,382131612,56397695488,198094456320,0,0,0,0,0,0,0,0,0,0,0,0,0,0,0,0,0,0,0,0,0,0,0,0,0,0,0,0,0,0,0,0,0,0,0,0,0,0,0,0,0,0,0,0,0,0,0,0,0,0,0,0,0,0,0,0,0,0,7,1656279,3445202,5830525,0,0,0,0,0,0,0,0,0,0,0,0,0,0,0,0,0,0,0,0,0,0,0,0,0,0,0,0,0,0,0,0,0,0,0,0,0,12859162624,5347262464,784861,326371,5768108,1474,0,96,786432,2629781,812136,4,1787939700,12884901888,19574,421591147,0,0,0,0,0,0,0,0,0,0,0,0,0,0,0,0,0,0,7459822,107349611,0,468,1202,7661,620,14919960,35,0,0,0,0,0,0,0,1,0,0,0,0,0,0,0,0,0,0,11553601,0,5767966,48332,0,0,0,0,0,0,0,0,16384,0,0,0,0,0,0,0,0,0,0,0,1263,407,0,0,0,0,0,22670507,0,151,0,4,406,1263,0,0,0,0,0,0,0,0,0,0,0,0,0,0,0,0,0,0,0,0,0,0,0,0,0,0,0,0,0,0,0,0,0,0,0,0,0,0,0,0,0,0,0,0,0,0,0,0,0,0,0,0,0,0,104697540,0,0,0,304879318,0,0,0,0,0,0,0,16405906,3764969,110932398,75949271040,15535095,1,0,0,0,0,0,0,0,0,0,0,0,0,0,0,0,0,0,0,0,0,0,0,0,0,0,0,0,0,0,0,1852670,0,0,0,0,0,0,0
1782295521.588,0,0,0,0,0,0,0,382333934,57372084736,198436526592,0,0,0,0,0,0,0,0,0,0,0,0,0,0,0,0,0,0,0,0,0,0,0,0,0,0,0,0,0,0,0,0,0,0,0,0,0,0,0,0,0,0,0,0,0,0,0,0,0,0,0,0,0,0,0,0,0,0,7,1656289,3504819,5848556,0,0,0,0,0,0,0,0,0,0,0,0,0,0,0,0,0,0,0,0,0,0,0,0,0,0,0,0,0,0,0,0,0,0,0,0,0,12875595776,5312823296,785864,324269,5786139,472,0,96,786432,2689261,812136,4,1788981858,12884901888,19574,421803930,0,0,0,0,0,0,0,0,0,0,0,0,0,0,0,0,0,0,7464237,107354027,0,468,1202,7661,620,14928791,35,0,0,0,0,0,0,0,1,0,0,0,0,0,0,0,0,0,0,11558569,0,5785997,48517,0,0,0,0,0,0,0,0,16384,0,0,0,0,0,0,0,0,0,0,0,1264,407,0,0,0,0,0,22683925,0,151,0,4,406,1264,0,0,0,0,0,0,0,0,0,0,0,0,0,0,0,0,0,0,0,0,0,0,0,0,0,0,0,0,0,0,0,0,0,0,0,0,0,0,0,0,0,0,0,0,0,0,0,0,0,0,0,0,0,0,104777546,0,0,0,304960986,0,0,0,0,0,0,0,16440075,3824365,111030510,75990324224,15566098,1,0,0,0,0,0,0,0,0,0,0,0,0,0,0,0,0,0,0,0,0,0,0,0,0,0,0,0,0,0,0,1857085,0,0,0,0,0,0,0
1782295522.658,0,0,0,0,0,0,0,382524630,58344376832,198807959040,0,0,0,0,0,0,0,0,0,0,0,0,0,0,0,0,0,0,0,0,0,0,0,0,0,0,0,0,0,0,0,0,0,0,0,0,0,0,0,0,0,0,0,0,0,0,0,0,0,0,0,0,0,0,0,0,0,0,7,1656322,3564327,5867656,0,0,0,0,0,0,0,0,0,0,0,0,0,0,0,0,0,0,0,0,0,0,0,0,0,0,0,0,0,0,0,0,0,0,0,0,0,12856426496,5294325760,784694,323140,5805239,1639,0,96,786432,2748669,812136,4,1790054789,12884901888,19574,422086987,0,0,0,0,0,0,0,0,0,0,0,0,0,0,0,0,0,0,7468652,107358444,0,468,1202,7661,620,14937621,35,0,0,0,0,0,0,0,1,0,0,0,0,0,0,0,0,0,0,11563536,0,5805097,48721,0,0,0,0,0,0,0,0,16384,0,0,0,0,0,0,0,0,0,0,0,1266,407,0,0,0,0,0,22697347,0,151,0,4,406,1266,0,0,0,0,0,0,0,0,0,0,0,0,0,0,0,0,0,0,0,0,0,0,0,0,0,0,0,0,0,0,0,0,0,0,0,0,0,0,0,0,0,0,0,0,0,0,0,0,0,0,0,0,0,0,104878024,0,0,0,305077627,0,0,0,0,0,0,0,16474478,3883649,111150152,76041870336,15597124,1,0,0,0,0,0,0,0,0,0,0,0,0,0,0,0,0,0,0,0,0,0,0,0,0,0,0,0,0,0,0,1823103,0,0,0,0,0,0,0
1782295523.726,0,0,0,0,0,0,0,382727603,59329006080,199146912768,0,0,0,0,0,0,0,0,0,0,0,0,0,0,0,0,0,0,0,0,0,0,0,0,0,0,0,0,0,0,0,0,0,0,0,0,0,0,0,0,0,0,0,0,0,0,0,0,0,0,0,0,0,0,0,0,0,0,7,1656323,3624577,5885530,0,0,0,0,0,0,0,0,0,0,0,0,0,0,0,0,0,0,0,0,0,0,0,0,0,0,0,0,0,0,0,0,0,0,0,0,0,12854198272,5267193856,784558,321484,5823113,1778,0,97,786432,2808794,812136,4,1791100486,12884901888,19574,422300465,0,0,0,0,0,0,0,0,0,0,0,0,0,0,0,0,0,0,7473096,107362887,0,468,1202,7661,620,14946515,35,0,0,0,0,0,0,0,1,0,0,0,0,0,0,0,0,0,0,11568535,0,5822971,48906,0,0,0,0,0,0,0,0,16384,0,0,0,0,0,0,0,0,0,0,0,1267,407,0,0,0,0,0,22710838,0,151,0,4,406,1267,0,0,0,0,0,0,0,0,0,0,0,0,0,0,0,0,0,0,0,0,0,0,0,0,0,0,0,0,0,0,0,0,0,0,0,0,0,0,0,0,0,0,0,0,0,0,0,0,0,0,0,0,0,0,104957963,0,0,0,305159624,0,0,0,0,0,0,0,16508871,3943647,111248043,76082885632,15628469,1,0,0,0,0,0,0,0,0,0,0,0,0,0,0,0,0,0,0,0,0,0,0,0,0,0,0,0,0,0,0,1827547,0,0,0,0,0,0,0
1782295524.794,0,0,0,0,0,0,0,382928218,60298004992,199479110656,0,0,0,0,0,0,0,0,0,0,0,0,0,0,0,0,0,0,0,0,0,0,0,0,0,0,0,0,0,0,0,0,0,0,0,0,0,0,0,0,0,0,0,0,0,0,0,0,0,0,0,0,0,0,0,0,0,0,7,1656324,3683887,5902989,0,0,0,0,0,0,0,0,0,0,0,0,0,0,0,0,0,0,0,0,0,0,0,0,0,0,0,0,0,0,0,0,0,0,0,0,0,12860948480,5243158528,784968,320017,5840572,1365,0,98,786432,2867990,812136,4,1792132023,12884901888,19574,422511944,0,0,0,0,0,0,0,0,0,0,0,0,0,0,0,0,0,0,7477477,107367269,0,468,1202,7661,620,14955273,35,0,0,0,0,0,0,0,1,0,0,0,0,0,0,0,0,0,0,11573463,0,5840430,49101,0,0,0,0,0,0,0,0,16384,0,0,0,0,0,0,0,0,0,0,0,1268,407,0,0,0,0,0,22724161,0,151,0,4,406,1268,0,0,0,0,0,0,0,0,0,0,0,0,0,0,0,0,0,0,0,0,0,0,0,0,0,0,0,0,0,0,0,0,0,0,0,0,0,0,0,0,0,0,0,0,0,0,0,0,0,0,0,0,0,0,105037496,0,0,0,305240540,0,0,0,0,0,0,0,16541582,4002760,111345114,76123656704,15657958,1,0,0,0,0,0,0,0,0,0,0,0,0,0,0,0,0,0,0,0,0,0,0,0,0,0,0,0,0,0,0,1831927,0,0,0,0,0,0,0
1782295525.861,0,0,0,0,0,0,0,383130550,61282175488,199816110592,0,0,0,0,0,0,0,0,0,0,0,0,0,0,0,0,0,0,0,0,0,0,0,0,0,0,0,0,0,0,0,0,0,0,0,0,0,0,0,0,0,0,0,0,0,0,0,0,0,0,0,0,0,0,0,0,0,0,7,1656326,3744104,5920705,0,0,0,0,0,0,0,0,0,0,0,0,0,0,0,0,0,0,0,0,0,0,0,0,0,0,0,0,0,0,0,0,0,0,0,0,0,12850954240,5219778560,784360,318590,5858288,1976,0,96,786432,2928094,812136,4,1793174164,12884901888,19574,422725964,0,0,0,0,0,0,0,0,0,0,0,0,0,0,0,0,0,0,7481894,107371685,0,468,1202,7661,620,14964112,35,0,0,0,0,0,0,0,1,0,0,0,0,0,0,0,0,0,0,11578431,0,5858146,49296,0,0,0,0,0,0,0,0,16384,0,0,0,0,0,0,0,0,0,0,0,1269,407,0,0,0,0,0,22737576,0,151,0,4,406,1269,0,0,0,0,0,0,0,0,0,0,0,0,0,0,0,0,0,0,0,0,0,0,0,0,0,0,0,0,0,0,0,0,0,0,0,0,0,0,0,0,0,0,0,0,0,0,0,0,0,0,0,0,0,0,105117747,0,0,0,305322072,0,0,0,0,0,0,0,16575416,4062769,111443150,76164827648,15688489,1,0,0,0,0,0,0,0,0,0,0,0,0,0,0,0,0,0,0,0,0,0,0,0,0,0,0,0,0,0,0,1836344,0,0,0,0,0,0,0
1782295526.930,0,0,0,0,0,0,0,383323268,62266657280,200177209344,0,0,0,0,0,0,0,0,0,0,0,0,0,0,0,0,0,0,0,0,0,0,0,0,0,0,0,0,0,0,0,0,0,0,0,0,0,0,0,0,0,0,0,0,0,0,0,0,0,0,0,0,0,0,0,0,0,0,7,1656374,3804366,5939117,0,0,0,0,0,0,0,0,0,0,0,0,0,0,0,0,0,0,0,0,0,0,0,0,0,0,0,0,0,0,0,0,0,0,0,0,0,12867977216,5217173504,785399,318431,5876700,929,0,104,786432,2988259,812136,4,1794261583,12884901888,19574,423013487,0,0,0,0,0,0,0,0,0,0,0,0,0,0,0,0,0,0,7486338,107376130,0,468,1202,7661,620,14972991,35,0,0,0,0,0,0,0,1,0,0,0,0,0,0,0,0,0,0,11583432,0,5876558,49489,0,0,0,0,0,0,0,0,16384,0,0,0,0,0,0,0,0,0,0,0,1270,407,0,0,0,0,0,22751108,0,151,0,4,406,1270,0,0,0,0,0,0,0,0,0,0,0,0,0,0,0,0,0,0,0,0,0,0,0,0,0,0,0,0,0,0,0,0,0,0,0,0,0,0,0,0,0,0,0,0,0,0,0,0,0,0,0,0,0,0,105219606,0,0,0,305439375,0,0,0,0,0,0,0,16608904,4122820,111563475,76217081344,15718766,1,0,0,0,0,0,0,0,0,0,0,0,0,0,0,0,0,0,0,0,0,0,0,0,0,0,0,0,0,0,0,1802390,0,0,0,0,0,0,0
1782295528.002,0,0,0,0,0,0,0,383528812,63272487424,200518988288,0,0,0,0,0,0,0,0,0,0,0,0,0,0,0,0,0,0,0,0,0,0,0,0,0,0,0,0,0,0,0,0,0,0,0,0,0,0,0,0,0,0,0,0,0,0,0,0,0,0,0,0,0,0,0,0,0,0,7,1656388,3865919,5957098,0,0,0,0,0,0,0,0,0,0,0,0,0,0,0,0,0,0,0,0,0,0,0,0,0,0,0,0,0,0,0,0,0,0,0,0,0,12857131008,5194596352,784737,317053,5894681,1599,0,96,786432,3049678,812136,4,1795318194,12884901888,19574,423228352,0,0,0,0,0,0,0,0,0,0,0,0,0,0,0,0,0,0,7490877,107380669,0,468,1202,7661,620,14982077,35,0,0,0,0,0,0,0,1,0,0,0,0,0,0,0,0,0,0,11588536,0,5894539,49679,0,0,0,0,0,0,0,0,16384,0,0,0,0,0,0,0,0,0,0,0,1271,407,0,0,0,0,0,22764887,0,151,0,4,406,1271,0,0,0,0,0,0,0,0,0,0,0,0,0,0,0,0,0,0,0,0,0,0,0,0,0,0,0,0,0,0,0,0,0,0,0,0,0,0,0,0,0,0,0,0,0,0,0,0,0,0,0,0,0,0,105301066,0,0,0,305522480,0,0,0,0,0,0,0,16645147,4184138,111662974,76258899456,15751656,1,1,0,0,0,0,0,0,0,0,0,0,0,0,0,0,0,0,0,0,0,0,0,0,0,0,0,0,0,0,0,1806927,0,0,0,0,0,0,0
1782295529.067,0,0,0,0,0,0,0,383730630,64257640960,200885898240,0,0,0,0,0,0,0,0,0,0,0,0,0,0,0,0,0,0,0,0,0,0,0,0,0,0,0,0,0,0,0,0,0,0,0,0,0,0,0,0,0,0,0,0,0,0,0,0,0,0,0,0,0,0,0,0,0,0,7,1656394,3926204,5976673,0,0,0,0,0,0,0,0,0,0,0,0,0,0,0,0,0,0,0,0,0,0,0,0,0,0,0,0,0,0,0,0,0,0,0,0,0,12852838400,5148278784,784475,314226,5912208,1861,0,96,786432,3109833,812136,4,1796356939,12884901888,19574,423439408,0,0,0,0,0,0,0,0,0,0,0,0,0,0,0,0,0,0,7495339,107385129,0,468,1202,7661,620,14990998,35,0,0,0,0,0,0,0,1,0,0,0,0,0,0,0,0,0,0,11593554,0,5914114,49887,0,0,0,0,0,0,0,0,16384,0,0,0,0,0,0,0,0,0,0,0,1272,407,0,0,0,0,0,22778445,0,151,0,4,406,1272,0,0,0,0,0,0,0,0,0,0,0,0,0,0,0,0,0,0,0,0,0,0,0,0,0,0,0,0,0,0,0,0,0,0,0,0,0,0,0,0,0,0,0,0,0,0,0,0,0,0,0,0,0,0,105380796,0,0,0,305604133,0,0,0,0,0,0,0,16680319,4244215,111762367,76299794432,15783259,1,0,0,0,0,0,0,0,0,0,0,0,0,0,0,0,0,0,0,0,0,0,0,0,0,0,0,0,0,0,0,1811389,0,0,0,0,0,0,0
1782295530.136,0,0,0,0,0,0,0,383930578,65244482048,201248966656,0,0,0,0,0,0,0,0,0,0,0,0,0,0,0,0,0,0,0,0,0,0,0,0,0,0,0,0,0,0,0,0,0,0,0,0,0,0,0,0,0,0,0,0,0,0,0,0,0,0,0,0,0,0,0,0,0,0,7,1656410,3986596,5996032,0,0,0,0,0,0,0,0,0,0,0,0,0,0,0,0,0,0,0,0,0,0,0,0,0,0,0,0,0,0,0,0,0,0,0,0,0,12871548928,5101682688,785617,311382,5933615,718,0,96,786432,3170107,812136,4,1797385584,12884901888,19574,423646332,0,0,0,0,0,0,0,0,0,0,0,0,0,0,0,0,0,0,7499809,107389599,0,468,1202,7661,620,14999934,35,0,0,0,0,0,0,0,1,0,0,0,0,0,0,0,0,0,0,11598582,0,5933473,50078,0,0,0,0,0,0,0,0,16384,0,0,0,0,0,0,0,0,0,0,0,1273,407,0,0,0,0,0,22792030,0,151,0,4,406,1273,0,0,0,0,0,0,0,0,0,0,0,0,0,0,0,0,0,0,0,0,0,0,0,0,0,0,0,0,0,0,0,0,0,0,0,0,0,0,0,0,0,0,0,0,0,0,0,0,0,0,0,0,0,0,105459847,0,0,0,305685181,0,0,0,0,0,0,0,16715456,4304402,111860841,76340372480,15815027,1,0,0,0,0,0,0,0,0,0,0,0,0,0,0,0,0,0,0,0,0,0,0,0,0,0,0,0,0,0,0,1815859,0,0,0,0,0,0,0
1782295531.201,0,0,0,0,0,0,0,384125790,66241038848,201606905344,0,0,0,0,0,0,0,0,0,0,0,0,0,0,0,0,0,0,0,0,0,0,0,0,0,0,0,0,0,0,0,0,0,0,0,0,0,0,0,0,0,0,0,0,0,0,0,0,0,0,0,0,0,0,0,0,0,0,7,1656471,4047555,6014253,0,0,0,0,0,0,0,0,0,0,0,0,0,0,0,0,0,0,0,0,0,0,0,0,0,0,0,0,0,0,0,0,0,0,0,0,0,12862521344,5107089408,785065,311712,5951836,1270,0,97,786432,3230928,812136,4,1798484338,12884901888,19574,423935569,0,0,0,0,0,0,0,0,0,0,0,0,0,0,0,0,0,0,7504365,107394157,0,468,1202,7661,620,15009049,35,0,0,0,0,0,0,0,1,0,0,0,0,0,0,0,0,0,0,11603710,0,5951694,50278,0,0,0,0,0,0,0,0,16384,0,0,0,0,0,0,0,0,0,0,0,1274,407,0,0,0,0,0,22805886,0,151,0,4,406,1274,0,0,0,0,0,0,0,0,0,0,0,0,0,0,0,0,0,0,0,0,0,0,0,0,0,0,0,0,0,0,0,0,0,0,0,0,0,0,0,0,0,0,0,0,0,0,0,0,0,0,0,0,0,0,105561175,0,0,0,305803734,0,0,0,0,0,0,0,16750582,4365170,111980481,76392355328,15846843,1,1,0,0,0,0,0,0,0,0,0,0,0,0,0,0,0,0,0,0,0,0,0,0,0,0,0,0,0,0,0,1782017,0,0,0,0,0,0,0
1782295532.268,0,0,0,0,0,0,0,384330525,67255945728,201932979712,0,0,0,0,0,0,0,0,0,0,0,0,0,0,0,0,0,0,0,0,0,0,0,0,0,0,0,0,0,0,0,0,0,0,0,0,0,0,0,0,0,0,0,0,0,0,0,0,0,0,0,0,0,0,0,0,0,0,7,1656471,4109695,6031274,0,0,0,0,0,0,0,0,0,0,0,0,0,0,0,0,0,0,0,0,0,0,0,0,0,0,0,0,0,0,0,0,0,0,0,0,0,12865388544,5104091136,785241,311529,5968857,1095,0,96,786432,3292941,812136,4,1799537819,12884901888,19574,424147434,0,0,0,0,0,0,0,0,0,0,0,0,0,0,0,0,0,0,7508945,107398737,0,468,1202,7661,620,15018212,35,0,0,0,0,0,0,0,1,0,0,0,0,0,0,0,0,0,0,11608859,0,5968715,50469,0,0,0,0,0,0,0,0,16384,0,0,0,0,0,0,0,0,0,0,0,1275,407,0,0,0,0,0,22819826,0,151,0,4,406,1275,0,0,0,0,0,0,0,0,0,0,0,0,0,0,0,0,0,0,0,0,0,0,0,0,0,0,0,0,0,0,0,0,0,0,0,0,0,0,0,0,0,0,0,0,0,0,0,0,0,0,0,0,0,0,105641915,0,0,0,305886809,0,0,0,0,0,0,0,16786843,4427087,112078314,76433783808,15879814,1,0,0,0,0,0,0,0,0,0,0,0,0,0,0,0,0,0,0,0,0,0,0,0,0,0,0,0,0,0,0,1786596,0,0,0,0,0,0,0
1782295533.336,0,0,0,0,0,0,0,384535697,68274915840,202263645184,0,0,0,0,0,0,0,0,0,0,0,0,0,0,0,0,0,0,0,0,0,0,0,0,0,0,0,0,0,0,0,0,0,0,0,0,0,0,0,0,0,0,0,0,0,0,0,0,0,0,0,0,0,0,0,0,0,0,7,1656472,4172066,6048582,0,0,0,0,0,0,0,0,0,0,0,0,0,0,0,0,0,0,0,0,0,0,0,0,0,0,0,0,0,0,0,0,0,0,0,0,0,12862357504,5098930176,785056,311214,5986165,1280,0,96,786432,3355159,812136,4,1800593389,12884901888,19574,424360322,0,0,0,0,0,0,0,0,0,0,0,0,0,0,0,0,0,0,7513536,107403327,0,468,1202,7661,620,15027390,35,0,0,0,0,0,0,0,1,0,0,0,0,0,0,0,0,0,0,11614023,0,5986023,50649,0,0,0,0,0,0,0,0,16384,0,0,0,0,0,0,0,0,0,0,0,1276,407,0,0,0,0,0,22833780,0,151,0,4,406,1276,0,0,0,0,0,0,0,0,0,0,0,0,0,0,0,0,0,0,0,0,0,0,0,0,0,0,0,0,0,0,0,0,0,0,0,0,0,0,0,0,0,0,0,0,0,0,0,0,0,0,0,0,0,0,105722744,0,0,0,305969937,0,0,0,0,0,0,0,16823364,4489214,112176501,76475232256,15913006,0,0,0,0,0,0,0,0,0,0,0,0,0,0,0,0,0,0,0,0,0,0,0,0,0,0,0,0,0,0,0,1791187,0,0,0,0,0,0,0
1782295534.405,0,0,0,0,0,0,0,384740971,69297621504,202603624448,0,0,0,0,0,0,0,0,0,0,0,0,0,0,0,0,0,0,0,0,0,0,0,0,0,0,0,0,0,0,0,0,0,0,0,0,0,0,0,0,0,0,0,0,0,0,0,0,0,0,0,0,0,0,0,0,0,0,7,1656617,4234648,6066442,0,0,0,0,0,0,0,0,0,0,0,0,0,0,0,0,0,0,0,0,0,0,0,0,0,0,0,0,0,0,0,0,0,0,0,0,0,12860407808,5082824704,784937,310231,6004025,1399,0,96,786432,3417614,812136,4,1801647585,12884901888,19574,424572187,0,0,0,0,0,0,0,0,0,0,0,0,0,0,0,0,0,0,7518158,107407949,0,468,1202,7661,620,15036634,35,0,0,0,0,0,0,0,1,0,0,0,0,0,0,0,0,0,0,11619220,0,6003883,50844,0,0,0,0,0,0,0,0,16384,0,0,0,0,0,0,0,0,0,0,0,1277,407,0,0,0,0,0,22847795,0,151,0,4,406,1277,0,0,0,0,0,0,0,0,0,0,0,0,0,0,0,0,0,0,0,0,0,0,0,0,0,0,0,0,0,0,0,0,0,0,0,0,0,0,0,0,0,0,0,0,0,0,0,0,0,0,0,0,0,0,105804119,0,0,0,306053313,0,0,0,0,0,0,0,16860023,4551617,112275813,76516995584,15946296,0,0,0,0,0,0,0,0,0,0,0,0,0,0,0,0,0,0,0,0,0,0,0,0,0,0,0,0,0,0,0,1795807,0,0,0,0,0,0,0
1782295535.473,0,0,0,0,0,0,0,384938225,70310513152,202944012800,0,0,0,0,0,0,0,0,0,0,0,0,0,0,0,0,0,0,0,0,0,0,0,0,0,0,0,0,0,0,0,0,0,0,0,0,0,0,0,0,0,0,0,0,0,0,0,0,0,0,0,0,0,0,0,0,0,0,7,1656796,4296628,6083592,0,0,0,0,0,0,0,0,0,0,0,0,0,0,0,0,0,0,0,0,0,0,0,0,0,0,0,0,0,0,0,0,0,0,0,0,0,12856377344,5110628352,784691,311928,6021175,1645,0,96,786432,3479483,812136,4,1802757495,12884901888,19574,424863634,0,0,0,0,0,0,0,0,0,0,0,0,0,0,0,0,0,0,7522736,107412526,0,468,1202,7661,620,15045794,35,0,0,0,0,0,0,0,1,0,0,0,0,0,0,0,0,0,0,11624370,0,6021033,51029,0,0,0,0,0,0,0,0,16384,0,0,0,0,0,0,0,0,0,0,0,1278,407,0,0,0,0,0,22861743,0,151,0,4,406,1278,0,0,0,0,0,0,0,0,0,0,0,0,0,0,0,0,0,0,0,0,0,0,0,0,0,0,0,0,0,0,0,0,0,0,0,0,0,0,0,0,0,0,0,0,0,0,0,0,0,0,0,0,0,0,105906489,0,0,0,306172474,0,0,0,0,0,0,0,16896177,4613351,112395399,76569522176,15979238,1,1,0,0,0,0,0,0,0,0,0,0,0,0,0,0,0,0,0,0,0,0,0,0,0,0,0,0,0,0,0,1761987,0,0,0,0,0,0,0
1782295536.541,0,0,0,0,0,0,0,385142746,71324568064,203268366848,0,0,0,0,0,0,0,0,0,0,0,0,0,0,0,0,0,0,0,0,0,0,0,0,0,0,0,0,0,0,0,0,0,0,0,0,0,0,0,0,0,0,0,0,0,0,0,0,0,0,0,0,0,0,0,0,0,0,7,1656799,4358678,6100517,0,0,0,0,0,0,0,0,0,0,0,0,0,0,0,0,0,0,0,0,0,0,0,0,0,0,0,0,0,0,0,0,0,0,0,0,0,12863062016,5112807424,785099,312061,6038100,1233,0,96,786432,3541377,812136,4,1803807288,12884901888,19574,425075717,0,0,0,0,0,0,0,0,0,0,0,0,0,0,0,0,0,0,7527314,107417105,0,468,1202,7661,620,15054947,35,0,0,0,0,0,0,0,1,0,0,0,0,0,0,0,0,0,0,11629520,0,6037958,51220,0,0,0,0,0,0,0,0,16384,0,0,0,0,0,0,0,0,0,0,0,1279,407,0,0,0,0,0,22875673,0,151,0,4,406,1279,0,0,0,0,0,0,0,0,0,0,0,0,0,0,0,0,0,0,0,0,0,0,0,0,0,0,0,0,0,0,0,0,0,0,0,0,0,0,0,0,0,0,0,0,0,0,0,0,0,0,0,0,0,0,105987566,0,0,0,306255320,0,0,0,0,0,0,0,16932754,4675192,112493492,76611114496,16012511,1,0,0,0,0,0,0,0,0,0,0,0,0,0,0,0,0,0,0,0,0,0,0,0,0,0,0,0,0,0,0,1766562,0,0,0,0,0,0,0
1782295537.610,0,0,0,0,0,0,0,385348936,72337263104,203600241152,0,0,0,0,0,0,0,0,0,0,0,0,0,0,0,0,0,0,0,0,0,0,0,0,0,0,0,0,0,0,0,0,0,0,0,0,0,0,0,0,0,0,0,0,0,0,0,0,0,0,0,0,0,0,0,0,0,0,7,1656807,4420640,6117899,0,0,0,0,0,0,0,0,0,0,0,0,0,0,0,0,0,0,0,0,0,0,0,0,0,0,0,0,0,0,0,0,0,0,0,0,0,12851511296,5107073024,784394,311711,6055482,1941,0,106,786432,3603211,812136,4,1804870826,12884901888,19574,425293642,0,0,0,0,0,0,0,0,0,0,0,0,0,0,0,0,0,0,7531855,107421644,0,468,1202,7661,620,15064027,35,0,0,0,0,0,0,0,1,0,0,0,0,0,0,0,0,0,0,11634625,0,6055340,51413,0,0,0,0,0,0,0,0,16384,0,0,0,0,0,0,0,0,0,0,0,1280,407,0,0,0,0,0,22889485,0,151,0,4,406,1280,0,0,0,0,0,0,0,0,0,0,0,0,0,0,0,0,0,0,0,0,0,0,0,0,0,0,0,0,0,0,0,0,0,0,0,0,0,0,0,0,0,0,0,0,0,0,0,0,0,0,0,0,0,0,106068990,0,0,0,306338464,0,0,0,0,0,0,0,16969298,4736925,112592400,76652907520,16045659,1,0,0,0,0,0,0,0,0,0,0,0,0,0,0,0,0,0,0,0,0,0,0,0,0,0,0,0,0,0,0,1771103,0,0,0,0,0,0,0
1782295538.678,0,0,0,0,0,0,0,385553517,73344256512,203940886528,0,0,0,0,0,0,0,0,0,0,0,0,0,0,0,0,0,0,0,0,0,0,0,0,0,0,0,0,0,0,0,0,0,0,0,0,0,0,0,0,0,0,0,0,0,0,0,0,0,0,0,0,0,0,0,0,0,0,7,1656814,4482269,6135854,0,0,0,0,0,0,0,0,0,0,0,0,0,0,0,0,0,0,0,0,0,0,0,0,0,0,0,0,0,0,0,0,0,0,0,0,0,12857688064,5088116736,784771,310554,6073361,1557,0,104,786432,3664714,812136,4,1805922599,12884901888,19574,425508973,0,0,0,0,0,0,0,0,0,0,0,0,0,0,0,0,0,0,7536372,107426162,0,468,1202,7661,620,15073061,35,0,0,0,0,0,0,0,1,0,0,0,0,0,0,0,0,0,0,11639707,0,6073347,51607,0,0,0,0,0,0,0,0,16384,0,0,0,0,0,0,0,0,0,0,0,1282,407,0,0,0,0,0,22903205,0,151,0,4,406,1282,0,0,0,0,0,0,0,0,0,0,0,0,0,0,0,0,0,0,0,0,0,0,0,0,0,0,0,0,0,0,0,0,0,0,0,0,0,0,0,0,0,0,0,0,0,0,0,0,0,0,0,0,0,0,106149197,0,0,0,306420858,0,0,0,0,0,0,0,17005228,4798374,112690665,76694073856,16078271,0,0,0,0,0,0,0,0,0,0,0,0,0,0,0,0,0,0,0,0,0,0,0,0,0,0,0,0,0,0,0,1775618,0,0,0,0,0,0,0
1782295539.749,0,0,0,0,0,0,0,385751006,74360408576,204284949504,0,0,0,0,0,0,0,0,0,0,0,0,0,0,0,0,0,0,0,0,0,0,0,0,0,0,0,0,0,0,0,0,0,0,0,0,0,0,0,0,0,0,0,0,0,0,0,0,0,0,0,0,0,0,0,0,0,0,7,1656884,4544473,6153262,0,0,0,0,0,0,0,0,0,0,0,0,0,0,0,0,0,0,0,0,0,0,0,0,0,0,0,0,0,0,0,0,0,0,0,0,0,12853526528,5111889920,784517,312005,6090845,1819,0,96,786432,3726793,812136,4,1807036700,12884901888,19574,425802504,0,0,0,0,0,0,0,0,0,0,0,0,0,0,0,0,0,0,7540950,107430740,0,468,1202,7661,620,15082231,35,0,0,0,0,0,0,0,1,0,0,0,0,0,0,0,0,0,0,11644858,0,6090703,51801,0,0,0,0,0,0,0,0,16384,0,0,0,0,0,0,0,0,0,0,0,1283,407,0,0,0,0,0,22917158,0,151,0,4,406,1283,0,0,0,0,0,0,0,0,0,0,0,0,0,0,0,0,0,0,0,0,0,0,0,0,0,0,0,0,0,0,0,0,0,0,0,0,0,0,0,0,0,0,0,0,0,0,0,0,0,0,0,0,0,0,106251013,0,0,0,306540036,0,0,0,0,0,0,0,17041831,4860350,112809927,76746373120,16111454,1,1,0,0,0,0,0,0,0,0,0,0,0,0,0,0,0,0,0,0,0,0,0,0,0,0,0,0,0,0,0,1741801,0,0,0,0,0,0,0
1782295540.818,0,0,0,0,0,0,0,385951226,75352148480,204605470720,0,0,0,0,0,0,0,0,0,0,0,0,0,0,0,0,0,0,0,0,0,0,0,0,0,0,0,0,0,0,0,0,0,0,0,0,0,0,0,0,0,0,0,0,0,0,0,0,0,0,0,0,0,0,0,0,0,0,7,1656932,4605171,6170012,0,0,0,0,0,0,0,0,0,0,0,0,0,0,0,0,0,0,0,0,0,0,0,0,0,0,0,0,0,0,0,0,0,0,0,0,0,12858359808,5113462784,784812,312101,6107595,1522,0,97,786432,3787361,812136,4,1808065018,12884901888,19574,426010496,0,0,0,0,0,0,0,0,0,0,0,0,0,0,0,0,0,0,7545438,107435228,0,468,1202,7661,620,15091193,35,0,0,0,0,0,0,0,1,0,0,0,0,0,0,0,0,0,0,11649905,0,6107453,51986,0,0,0,0,0,0,0,0,16384,0,0,0,0,0,0,0,0,0,0,0,1284,407,0,0,0,0,0,22930796,0,151,0,4,406,1284,0,0,0,0,0,0,0,0,0,0,0,0,0,0,0,0,0,0,0,0,0,0,0,0,0,0,0,0,0,0,0,0,0,0,0,0,0,0,0,0,0,0,0,0,0,0,0,0,0,0,0,0,0,0,106330231,0,0,0,306621111,0,0,0,0,0,0,0,17076028,4920859,112905949,76787008000,16142488,1,0,0,0,0,0,0,0,0,0,0,0,0,0,0,0,0,0,0,0,0,0,0,0,0,0,0,0,0,0,0,1746287,0,0,0,0,0,0,0
1782295541.884,0,0,0,0,0,0,0,386153050,76347476480,204930318848,0,0,0,0,0,0,0,0,0,0,0,0,0,0,0,0,0,0,0,0,0,0,0,0,0,0,0,0,0,0,0,0,0,0,0,0,0,0,0,0,0,0,0,0,0,0,0,0,0,0,0,0,0,0,0,0,0,0,7,1656933,4666069,6187001,0,0,0,0,0,0,0,0,0,0,0,0,0,0,0,0,0,0,0,0,0,0,0,0,0,0,0,0,0,0,0,0,0,0,0,0,0,12859506688,5114200064,784881,312146,6124584,1453,0,97,786432,3848118,812136,4,1809104485,12884901888,19574,426222958,0,0,0,0,0,0,0,0,0,0,0,0,0,0,0,0,0,0,7549914,107439703,0,468,1202,7661,620,15100149,35,0,0,0,0,0,0,0,1,0,0,0,0,0,0,0,0,0,0,11654941,0,6124442,52170,0,0,0,0,0,0,0,0,16384,0,0,0,0,0,0,0,0,0,0,0,1285,407,0,0,0,0,0,22944426,0,151,0,4,406,1285,0,0,0,0,0,0,0,0,0,0,0,0,0,0,0,0,0,0,0,0,0,0,0,0,0,0,0,0,0,0,0,0,0,0,0,0,0,0,0,0,0,0,0,0,0,0,0,0,0,0,0,0,0,0,106410170,0,0,0,306702484,0,0,0,0,0,0,0,17108817,4981547,113002979,76827995136,16172201,1,0,0,0,0,0,0,0,0,0,0,0,0,0,0,0,0,0,0,0,0,0,0,0,0,0,0,0,0,0,0,1750764,0,0,0,0,0,0,0
1782295542.952,0,0,0,0,0,0,0,386351667,77328779776,205261130240,0,0,0,0,0,0,0,0,0,0,0,0,0,0,0,0,0,0,0,0,0,0,0,0,0,0,0,0,0,0,0,0,0,0,0,0,0,0,0,0,0,0,0,0,0,0,0,0,0,0,0,0,0,0,0,0,0,0,7,1656935,4726120,6204378,0,0,0,0,0,0,0,0,0,0,0,0,0,0,0,0,0,0,0,0,0,0,0,0,0,0,0,0,0,0,0,0,0,0,0,0,0,12862717952,5104058368,785078,311527,6141961,1258,0,96,786432,3908045,812136,4,1810126451,12884901888,19574,426432088,0,0,0,0,0,0,0,0,0,0,0,0,0,0,0,0,0,0,7554319,107444109,0,468,1202,7661,620,15108957,35,0,0,0,0,0,0,0,1,0,0,0,0,0,0,0,0,0,0,11659894,0,6141819,52357,0,0,0,0,0,0,0,0,16384,0,0,0,0,0,0,0,0,0,0,0,1286,407,0,0,0,0,0,22957807,0,151,0,4,406,1286,0,0,0,0,0,0,0,0,0,0,0,0,0,0,0,0,0,0,0,0,0,0,0,0,0,0,0,0,0,0,0,0,0,0,0,0,0,0,0,0,0,0,0,0,0,0,0,0,0,0,0,0,0,0,106489416,0,0,0,306782619,0,0,0,0,0,0,0,17141973,5041386,113099680,76868645888,16202078,1,0,0,0,0,0,0,0,0,0,0,0,0,0,0,0,0,0,0,0,0,0,0,0,0,0,0,0,0,0,0,1755169,0,0,0,0,0,0,0
1782295544.021,0,0,0,0,0,0,0,386548279,78331562496,205601086464,0,0,0,0,0,0,0,0,0,0,0,0,0,0,0,0,0,0,0,0,0,0,0,0,0,0,0,0,0,0,0,0,0,0,0,0,0,0,0,0,0,0,0,0,0,0,0,0,0,0,0,0,0,0,0,0,0,0,7,1656939,4787487,6221726,0,0,0,0,0,0,0,0,0,0,0,0,0,0,0,0,0,0,0,0,0,0,0,0,0,0,0,0,0,0,0,0,0,0,0,0,0,12860080128,5115740160,784917,312240,6159309,1414,0,101,786432,3969285,812136,4,1811203845,12884901888,19574,426696767,0,0,0,0,0,0,0,0,0,0,0,0,0,0,0,0,0,0,7558858,107448648,0,468,1202,7661,620,15118035,35,0,0,0,0,0,0,0,1,0,0,0,0,0,0,0,0,0,0,11665000,0,6159167,52542,0,0,0,0,0,0,0,0,16384,0,0,0,0,0,0,0,0,0,0,0,1287,407,0,0,0,0,0,22971640,0,151,0,4,406,1287,0,0,0,0,0,0,0,0,0,0,0,0,0,0,0,0,0,0,0,0,0,0,0,0,0,0,0,0,0,0,0,0,0,0,0,0,0,0,0,0,0,0,0,0,0,0,0,0,0,0,0,0,0,0,106584853,0,0,0,306889411,0,0,0,0,0,0,0,17177962,5102540,113212530,76917640192,16234840,0,0,0,0,0,0,0,0,0,0,0,0,0,0,0,0,0,0,0,0,0,0,0,0,0,0,0,0,0,0,0,1733154,0,0,0,0,0,0,0
1782295545.086,0,0,0,0,0,0,0,386744422,79320926720,205974707200,0,0,0,0,0,0,0,0,0,0,0,0,0,0,0,0,0,0,0,0,0,0,0,0,0,0,0,0,0,0,0,0,0,0,0,0,0,0,0,0,0,0,0,0,0,0,0,0,0,0,0,0,0,0,0,0,0,0,7,1656941,4848018,6241432,0,0,0,0,0,0,0,0,0,0,0,0,0,0,0,0,0,0,0,0,0,0,0,0,0,0,0,0,0,0,0,0,0,0,0,0,0,12850561024,5079564288,784336,310032,6176398,1996,0,100,786432,4029689,812136,4,1812244401,12884901888,19574,426928325,0,0,0,0,0,0,0,0,0,0,0,0,0,0,0,0,0,0,7563305,107453094,0,468,1202,7661,620,15126929,35,0,0,0,0,0,0,0,1,0,0,0,0,0,0,0,0,0,0,11670002,0,6178816,52755,0,0,0,0,0,0,0,0,16384,0,0,0,0,0,0,0,0,0,0,0,1288,407,0,0,0,0,0,22985161,0,151,0,4,406,1288,0,0,0,0,0,0,0,0,0,0,0,0,0,0,0,0,0,0,0,0,0,0,0,0,0,0,0,0,0,0,0,0,0,0,0,0,0,0,0,0,0,0,0,0,0,0,0,0,0,0,0,0,0,0,106672744,0,0,0,306980880,0,0,0,0,0,0,0,17213077,5162865,113320209,76962718208,16266441,0,0,0,0,0,0,0,0,0,0,0,0,0,0,0,0,0,0,0,0,0,0,0,0,0,0,0,0,0,0,0,1725756,0,0,0,0,0,0,0
1782295546.154,0,0,0,0,0,0,0,386945151,80312273408,206328215040,0,0,0,0,0,0,0,0,0,0,0,0,0,0,0,0,0,0,0,0,0,0,0,0,0,0,0,0,0,0,0,0,0,0,0,0,0,0,0,0,0,0,0,0,0,0,0,0,0,0,0,0,0,0,0,0,0,0,7,1656959,4908712,6260232,0,0,0,0,0,0,0,0,0,0,0,0,0,0,0,0,0,0,0,0,0,0,0,0,0,0,0,0,0,0,0,0,0,0,0,0,0,12855574528,5053628416,784644,308449,6197815,1694,0,103,786432,4090246,812136,4,1813278206,12884901888,19574,427139047,0,0,0,0,0,0,0,0,0,0,0,0,0,0,0,0,0,0,7567776,107457564,0,468,1202,7661,620,15135869,35,0,0,0,0,0,0,0,1,0,0,0,0,0,0,0,0,0,0,11675028,0,6197673,52956,0,0,0,0,0,0,0,0,16384,0,0,0,0,0,0,0,0,0,0,0,1289,407,0,0,0,0,0,22998764,0,151,0,4,406,1289,0,0,0,0,0,0,0,0,0,0,0,0,0,0,0,0,0,0,0,0,0,0,0,0,0,0,0,0,0,0,0,0,0,0,0,0,0,0,0,0,0,0,0,0,0,0,0,0,0,0,0,0,0,0,106751658,0,0,0,307061866,0,0,0,0,0,0,0,17248516,5223318,113417959,77003182080,16298449,0,0,0,0,0,0,0,0,0,0,0,0,0,0,0,0,0,0,0,0,0,0,0,0,0,0,0,0,0,0,0,1730223,0,0,0,0,0,0,0
1782295547.217,0,0,0,0,0,0,0,387150020,81319561728,206670079488,0,0,0,0,0,0,0,0,0,0,0,0,0,0,0,0,0,0,0,0,0,0,0,0,0,0,0,0,0,0,0,0,0,0,0,0,0,0,0,0,0,0,0,0,0,0,0,0,0,0,0,0,0,0,0,0,0,0,7,1656976,4970350,6278253,0,0,0,0,0,0,0,0,0,0,0,0,0,0,0,0,0,0,0,0,0,0,0,0,0,0,0,0,0,0,0,0,0,0,0,0,0,12868222976,5047779328,785414,308092,6215836,921,0,96,786432,4151757,812136,4,1814331725,12884901888,19574,427355460,0,0,0,0,0,0,0,0,0,0,0,0,0,0,0,0,0,0,7572316,107462105,0,468,1202,7661,620,15144950,35,0,0,0,0,0,0,0,1,0,0,0,0,0,0,0,0,0,0,11680137,0,6215694,53149,0,0,0,0,0,0,0,0,16384,0,0,0,0,0,0,0,0,0,0,0,1290,407,0,0,0,0,0,23012569,0,151,0,4,406,1290,0,0,0,0,0,0,0,0,0,0,0,0,0,0,0,0,0,0,0,0,0,0,0,0,0,0,0,0,0,0,0,0,0,0,0,0,0,0,0,0,0,0,0,0,0,0,0,0,0,0,0,0,0,0,106832284,0,0,0,307144405,0,0,0,0,0,0,0,17285009,5284762,113516708,77044541440,16331465,1,0,0,0,0,0,0,0,0,0,0,0,0,0,0,0,0,0,0,0,0,0,0,0,0,0,0,0,0,0,0,1734766,0,0,0,0,0,0,0
1782295548.283,0,0,0,0,0,0,0,387356419,82329324032,207032273408,0,0,0,0,0,0,0,0,0,0,0,0,0,0,0,0,0,0,0,0,0,0,0,0,0,0,0,0,0,0,0,0,0,0,0,0,0,0,0,0,0,0,0,0,0,0,0,0,0,0,0,0,0,0,0,0,0,0,7,1657183,5032153,6297537,0,0,0,0,0,0,0,0,0,0,0,0,0,0,0,0,0,0,0,0,0,0,0,0,0,0,0,0,0,0,0,0,0,0,0,0,0,12857688064,5030690816,784773,307049,6235120,1561,0,97,786432,4213431,812136,4,1815394550,12884901888,19574,427574357,0,0,0,0,0,0,0,0,0,0,0,0,0,0,0,0,0,0,7576878,107466667,0,468,1202,7661,620,15154074,35,0,0,0,0,0,0,0,1,0,0,0,0,0,0,0,0,0,0,11685265,0,6234978,53351,0,0,0,0,0,0,0,0,16384,0,0,0,0,0,0,0,0,0,0,0,1291,407,0,0,0,0,0,23026438,0,151,0,4,406,1291,0,0,0,0,0,0,0,0,0,0,0,0,0,0,0,0,0,0,0,0,0,0,0,0,0,0,0,0,0,0,0,0,0,0,0,0,0,0,0,0,0,0,0,0,0,0,0,0,0,0,0,0,0,0,106912618,0,0,0,307227402,0,0,0,0,0,0,0,17321312,5346345,113616437,77085768704,16364162,1,0,0,0,0,0,0,0,0,0,0,0,0,0,0,0,0,0,0,0,0,0,0,0,0,0,0,0,0,0,0,1739328,0,0,0,0,0,0,0
1782295549.352,0,0,0,0,0,0,0,387552515,83339463168,207389506048,0,0,0,0,0,0,0,0,0,0,0,0,0,0,0,0,0,0,0,0,0,0,0,0,0,0,0,0,0,0,0,0,0,0,0,0,0,0,0,0,0,0,0,0,0,0,0,0,0,0,0,0,0,0,0,0,0,0,7,1657290,5093977,6315734,0,0,0,0,0,0,0,0,0,0,0,0,0,0,0,0,0,0,0,0,0,0,0,0,0,0,0,0,0,0,0,0,0,0,0,0,0,12853968896,5057675264,784545,308696,6253189,1787,0,99,786432,4275141,812136,4,1816501222,12884901888,19574,427866687,0,0,0,0,0,0,0,0,0,0,0,0,0,0,0,0,0,0,7581443,107471233,0,468,1202,7661,620,15163209,35,0,0,0,0,0,0,0,1,0,0,0,0,0,0,0,0,0,0,11690400,0,6253175,53549,0,0,0,0,0,0,0,0,16384,0,0,0,0,0,0,0,0,0,0,0,1292,407,0,0,0,0,0,23040319,0,151,0,4,406,1292,0,0,0,0,0,0,0,0,0,0,0,0,0,0,0,0,0,0,0,0,0,0,0,0,0,0,0,0,0,0,0,0,0,0,0,0,0,0,0,0,0,0,0,0,0,0,0,0,0,0,0,0,0,0,107014437,0,0,0,307345953,0,0,0,0,0,0,0,17357755,5407997,113736525,77138044928,16397146,1,0,0,0,0,0,0,0,0,0,0,0,0,0,0,0,0,0,0,0,0,0,0,0,0,0,0,0,0,0,0,1705495,0,0,0,0,0,0,0
1782295550.418,0,0,0,0,0,0,0,387755618,84347030016,207742597120,0,0,0,0,0,0,0,0,0,0,0,0,0,0,0,0,0,0,0,0,0,0,0,0,0,0,0,0,0,0,0,0,0,0,0,0,0,0,0,0,0,0,0,0,0,0,0,0,0,0,0,0,0,0,0,0,0,0,7,1657293,5155656,6334462,0,0,0,0,0,0,0,0,0,0,0,0,0,0,0,0,0,0,0,0,0,0,0,0,0,0,0,0,0,0,0,0,0,0,0,0,0,12852527104,5049548800,784456,308200,6272045,1880,0,96,786432,4336696,812136,4,1817547714,12884901888,19574,428080599,0,0,0,0,0,0,0,0,0,0,0,0,0,0,0,0,0,0,7585977,107475767,0,468,1202,7661,620,15172269,35,0,0,0,0,0,0,0,1,0,0,0,0,0,0,0,0,0,0,11695500,0,6271903,53756,0,0,0,0,0,0,0,0,16384,0,0,0,0,0,0,0,0,0,0,0,1293,407,0,0,0,0,0,23054086,0,151,0,4,406,1293,0,0,0,0,0,0,0,0,0,0,0,0,0,0,0,0,0,0,0,0,0,0,0,0,0,0,0,0,0,0,0,0,0,0,0,0,0,0,0,0,0,0,0,0,0,0,0,0,0,0,0,0,0,0,107094620,0,0,0,307427935,0,0,0,0,0,0,0,17393843,5469451,113835530,77179224064,16429650,1,0,0,0,0,0,0,0,0,0,0,0,0,0,0,0,0,0,0,0,0,0,0,0,0,0,0,0,0,0,0,1710030,0,0,0,0,0,0,0
1782295551.486,0,0,0,0,0,0,0,387957647,85344766464,208089303552,0,0,0,0,0,0,0,0,0,0,0,0,0,0,0,0,0,0,0,0,0,0,0,0,0,0,0,0,0,0,0,0,0,0,0,0,0,0,0,0,0,0,0,0,0,0,0,0,0,0,0,0,0,0,0,0,0,0,7,1657415,5216718,6352840,0,0,0,0,0,0,0,0,0,0,0,0,0,0,0,0,0,0,0,0,0,0,0,0,0,0,0,0,0,0,0,0,0,0,0,0,0,12863569920,5046468608,785130,308012,6290423,1206,0,97,786432,4397639,812136,4,1818587906,12884901888,19574,428292964,0,0,0,0,0,0,0,0,0,0,0,0,0,0,0,0,0,0,7590478,107480268,0,468,1202,7661,620,15181275,35,0,0,0,0,0,0,0,1,0,0,0,0,0,0,0,0,0,0,11700562,0,6290281,53952,0,0,0,0,0,0,0,0,16384,0,0,0,0,0,0,0,0,0,0,0,1294,407,0,0,0,0,0,23067784,0,151,0,4,406,1294,0,0,0,0,0,0,0,0,0,0,0,0,0,0,0,0,0,0,0,0,0,0,0,0,0,0,0,0,0,0,0,0,0,0,0,0,0,0,0,0,0,0,0,0,0,0,0,0,0,0,0,0,0,0,107173246,0,0,0,307509312,0,0,0,0,0,0,0,17429616,5530306,113932624,77219616256,16461904,0,0,0,0,0,0,0,0,0,0,0,0,0,0,0,0,0,0,0,0,0,0,0,0,0,0,0,0,0,0,0,1714530,0,0,0,0,0,0,0
1782295552.551,0,0,0,0,0,0,0,388160111,86342240768,208448164864,0,0,0,0,0,0,0,0,0,0,0,0,0,0,0,0,0,0,0,0,0,0,0,0,0,0,0,0,0,0,0,0,0,0,0,0,0,0,0,0,0,0,0,0,0,0,0,0,0,0,0,0,0,0,0,0,0,0,7,1657655,5277747,6371932,0,0,0,0,0,0,0,0,0,0,0,0,0,0,0,0,0,0,0,0,0,0,0,0,0,0,0,0,0,0,0,0,0,0,0,0,0,12855083008,5036130304,784612,307381,6309428,1714,0,105,786432,4458554,812136,4,1819631112,12884901888,19574,428508067,0,0,0,0,0,0,0,0,0,0,0,0,0,0,0,0,0,0,7594956,107484746,0,468,1202,7661,620,15190227,35,0,0,0,0,0,0,0,1,0,0,0,0,0,0,0,0,0,0,11705599,0,6309286,54151,0,0,0,0,0,0,0,0,16384,0,0,0,0,0,0,0,0,0,0,0,1295,407,0,0,0,0,0,23081384,0,151,0,4,406,1295,0,0,0,0,0,0,0,0,0,0,0,0,0,0,0,0,0,0,0,0,0,0,0,0,0,0,0,0,0,0,0,0,0,0,0,0,0,0,0,0,0,0,0,0,0,0,0,0,0,0,0,0,0,0,107252499,0,0,0,307590711,0,0,0,0,0,0,0,17465297,5591136,114031091,77260304384,16494106,1,0,0,0,0,0,0,0,0,0,0,0,0,0,0,0,0,0,0,0,0,0,0,0,0,0,0,0,0,0,0,1719009,0,0,0,0,0,0,0
1782295553.616,0,0,0,0,0,0,0,388355488,87341779456,208806349312,0,0,0,0,0,0,0,0,0,0,0,0,0,0,0,0,0,0,0,0,0,0,0,0,0,0,0,0,0,0,0,0,0,0,0,0,0,0,0,0,0,0,0,0,0,0,0,0,0,0,0,0,0,0,0,0,0,0,7,1657822,5338914,6390185,0,0,0,0,0,0,0,0,0,0,0,0,0,0,0,0,0,0,0,0,0,0,0,0,0,0,0,0,0,0,0,0,0,0,0,0,0,12857622528,5065850880,784767,309195,6327768,1567,0,97,786432,4519621,812136,4,1820733324,12884901888,19574,428800038,0,0,0,0,0,0,0,0,0,0,0,0,0,0,0,0,0,0,7599486,107489276,0,468,1202,7661,620,15199288,35,0,0,0,0,0,0,0,1,0,0,0,0,0,0,0,0,0,0,11710694,0,6327626,54354,0,0,0,0,0,0,0,0,16384,0,0,0,0,0,0,0,0,0,0,0,1296,407,0,0,0,0,0,23095173,0,151,0,4,406,1296,0,0,0,0,0,0,0,0,0,0,0,0,0,0,0,0,0,0,0,0,0,0,0,0,0,0,0,0,0,0,0,0,0,0,0,0,0,0,0,0,0,0,0,0,0,0,0,0,0,0,0,0,0,0,107353877,0,0,0,307708815,0,0,0,0,0,0,0,17501426,5652120,114150752,77312339456,16526755,1,0,0,0,0,0,0,0,0,0,0,0,0,0,0,0,0,0,0,0,0,0,0,0,0,0,0,0,0,0,0,1685138,0,0,0,0,0,0,0
1782295554.684,0,0,0,0,0,0,0,388558088,88341432832,209157973504,0,0,0,0,0,0,0,0,0,0,0,0,0,0,0,0,0,0,0,0,0,0,0,0,0,0,0,0,0,0,0,0,0,0,0,0,0,0,0,0,0,0,0,0,0,0,0,0,0,0,0,0,0,0,0,0,0,0,7,1657826,5400101,6408811,0,0,0,0,0,0,0,0,0,0,0,0,0,0,0,0,0,0,0,0,0,0,0,0,0,0,0,0,0,0,0,0,0,0,0,0,0,12852822016,5060558848,784477,308872,6346212,1861,0,100,786432,4580661,812136,4,1821777559,12884901888,19574,429014748,0,0,0,0,0,0,0,0,0,0,0,0,0,0,0,0,0,0,7603984,107493774,0,468,1202,7661,620,15208287,35,0,0,0,0,0,0,0,1,0,0,0,0,0,0,0,0,0,0,11715752,0,6346198,54555,0,0,0,0,0,0,0,0,16384,0,0,0,0,0,0,0,0,0,0,0,1298,407,0,0,0,0,0,23108843,0,151,0,4,406,1298,0,0,0,0,0,0,0,0,0,0,0,0,0,0,0,0,0,0,0,0,0,0,0,0,0,0,0,0,0,0,0,0,0,0,0,0,0,0,0,0,0,0,0,0,0,0,0,0,0,0,0,0,0,0,107433984,0,0,0,307790269,0,0,0,0,0,0,0,17537349,5713127,114249612,77353461248,16559233,1,0,0,0,0,0,0,0,0,0,0,0,0,0,0,0,0,0,0,0,0,0,0,0,0,0,0,0,0,0,0,1689635,0,0,0,0,0,0,0
1782295555.753,0,0,0,0,0,0,0,388763467,89355930112,209512472064,0,0,0,0,0,0,0,0,0,0,0,0,0,0,0,0,0,0,0,0,0,0,0,0,0,0,0,0,0,0,0,0,0,0,0,0,0,0,0,0,0,0,0,0,0,0,0,0,0,0,0,0,0,0,0,0,0,0,7,1657827,5462199,6427585,0,0,0,0,0,0,0,0,0,0,0,0,0,0,0,0,0,0,0,0,0,0,0,0,0,0,0,0,0,0,0,0,0,0,0,0,0,12868648960,5056839680,785440,308645,6365168,895,0,96,786432,4642634,812136,4,1822835835,12884901888,19574,429233289,0,0,0,0,0,0,0,0,0,0,0,0,0,0,0,0,0,0,7608528,107498318,0,468,1202,7661,620,15217376,35,0,0,0,0,0,0,0,1,0,0,0,0,0,0,0,0,0,0,11720866,0,6365026,54756,0,0,0,0,0,0,0,0,16384,0,0,0,0,0,0,0,0,0,0,0,1299,407,0,0,0,0,0,23122673,0,151,0,4,406,1299,0,0,0,0,0,0,0,0,0,0,0,0,0,0,0,0,0,0,0,0,0,0,0,0,0,0,0,0,0,0,0,0,0,0,0,0,0,0,0,0,0,0,0,0,0,0,0,0,0,0,0,0,0,0,107515340,0,0,0,307872767,0,0,0,0,0,0,0,17573583,5775033,114349861,77395193856,16592009,0,0,0,0,0,0,0,0,0,0,0,0,0,0,0,0,0,0,0,0,0,0,0,0,0,0,0,0,0,0,0,1694181,0,0,0,0,0,0,0
1782295556.818,0,0,0,0,0,0,0,388960980,90330122752,209874273792,0,0,0,0,0,0,0,0,0,0,0,0,0,0,0,0,0,0,0,0,0,0,0,0,0,0,0,0,0,0,0,0,0,0,0,0,0,0,0,0,0,0,0,0,0,0,0,0,0,0,0,0,0,0,0,0,0,0,7,1657828,5521840,6446878,0,0,0,0,0,0,0,0,0,0,0,0,0,0,0,0,0,0,0,0,0,0,0,0,0,0,0,0,0,0,0,0,0,0,0,0,0,12852346880,5031165952,784444,307078,6384461,1891,0,97,786432,4702140,812136,4,1823853212,12884901888,19574,429442581,0,0,0,0,0,0,0,0,0,0,0,0,0,0,0,0,0,0,7612916,107502705,0,468,1202,7661,620,15226152,35,0,0,0,0,0,0,0,1,0,0,0,0,0,0,0,0,0,0,11725800,0,6384319,54958,0,0,0,0,0,0,0,0,16384,0,0,0,0,0,0,0,0,0,0,0,1300,407,0,0,0,0,0,23135980,0,151,0,4,406,1300,0,0,0,0,0,0,0,0,0,0,0,0,0,0,0,0,0,0,0,0,0,0,0,0,0,0,0,0,0,0,0,0,0,0,0,0,0,0,0,0,0,0,0,0,0,0,0,0,0,0,0,0,0,0,107594195,0,0,0,307952153,0,0,0,0,0,0,0,17606584,5834495,114448132,77435698688,16621326,0,0,0,0,0,0,0,0,0,0,0,0,0,0,0,0,0,0,0,0,0,0,0,0,0,0,0,0,0,0,0,1698567,0,0,0,0,0,0,0
1782295557.885,0,0,0,0,0,0,0,389149813,91299088896,210228390400,0,0,0,0,0,0,0,0,0,0,0,0,0,0,0,0,0,0,0,0,0,0,0,0,0,0,0,0,0,0,0,0,0,0,0,0,0,0,0,0,0,0,0,0,0,0,0,0,0,0,0,0,0,0,0,0,0,0,7,1657864,5581141,6465064,0,0,0,0,0,0,0,0,0,0,0,0,0,0,0,0,0,0,0,0,0,0,0,0,0,0,0,0,0,0,0,0,0,0,0,0,0,12856590336,5053497344,784704,308441,6402647,1631,0,98,786432,4761313,812136,4,1824923337,12884901888,19574,429729358,0,0,0,0,0,0,0,0,0,0,0,0,0,0,0,0,0,0,7617302,107507092,0,468,1202,7661,620,15234922,35,0,0,0,0,0,0,0,1,0,0,0,0,0,0,0,0,0,0,11730734,0,6402505,55157,0,0,0,0,0,0,0,0,16384,0,0,0,0,0,0,0,0,0,0,0,1301,407,0,0,0,0,0,23149320,0,151,0,4,406,1301,0,0,0,0,0,0,0,0,0,0,0,0,0,0,0,0,0,0,0,0,0,0,0,0,0,0,0,0,0,0,0,0,0,0,0,0,0,0,0,0,0,0,0,0,0,0,0,0,0,0,0,0,0,0,107690660,0,0,0,308067582,0,0,0,0,0,0,0,17636666,5893636,114562893,77485224960,16648112,1,1,0,0,0,0,0,0,0,0,0,0,0,0,0,0,0,0,0,0,0,0,0,0,0,0,0,0,0,0,0,1664553,0,0,0,0,0,0,0
1782295558.953,0,0,0,0,0,0,0,389348475,92281358848,210573716992,0,0,0,0,0,0,0,0,0,0,0,0,0,0,0,0,0,0,0,0,0,0,0,0,0,0,0,0,0,0,0,0,0,0,0,0,0,0,0,0,0,0,0,0,0,0,0,0,0,0,0,0,0,0,0,0,0,0,7,1657871,5641262,6483373,0,0,0,0,0,0,0,0,0,0,0,0,0,0,0,0,0,0,0,0,0,0,0,0,0,0,0,0,0,0,0,0,0,0,0,0,0,12858933248,5050761216,784847,308274,6420956,1479,0,106,786432,4821301,812136,4,1825946657,12884901888,19574,429940181,0,0,0,0,0,0,0,0,0,0,0,0,0,0,0,0,0,0,7621718,107511507,0,468,1202,7661,620,15243756,35,0,0,0,0,0,0,0,1,0,0,0,0,0,0,0,0,0,0,11735700,0,6420814,55346,0,0,0,0,0,0,0,0,16384,0,0,0,0,0,0,0,0,0,0,0,1302,407,0,0,0,0,0,23162730,0,151,0,4,406,1302,0,0,0,0,0,0,0,0,0,0,0,0,0,0,0,0,0,0,0,0,0,0,0,0,0,0,0,0,0,0,0,0,0,0,0,0,0,0,0,0,0,0,0,0,0,0,0,0,0,0,0,0,0,0,107768694,0,0,0,308147417,0,0,0,0,0,0,0,17669250,5953532,114659315,77525292032,16677408,0,0,0,0,0,0,0,0,0,0,0,0,0,0,0,0,0,0,0,0,0,0,0,0,0,0,0,0,0,0,0,1668968,0,0,0,0,0,0,0
1782295560.021,0,0,0,0,0,0,0,389550712,93287942656,210928656896,0,0,0,0,0,0,0,0,0,0,0,0,0,0,0,0,0,0,0,0,0,0,0,0,0,0,0,0,0,0,0,0,0,0,0,0,0,0,0,0,0,0,0,0,0,0,0,0,0,0,0,0,0,0,0,0,0,0,7,1657880,5702860,6502209,0,0,0,0,0,0,0,0,0,0,0,0,0,0,0,0,0,0,0,0,0,0,0,0,0,0,0,0,0,0,0,0,0,0,0,0,0,12859277312,5042470912,784868,307768,6439792,1468,0,97,786432,4882780,812136,4,1826989144,12884901888,19574,430154099,0,0,0,0,0,0,0,0,0,0,0,0,0,0,0,0,0,0,7626228,107516018,0,468,1202,7661,620,15252778,35,0,0,0,0,0,0,0,1,0,0,0,0,0,0,0,0,0,0,11740774,0,6439650,55548,0,0,0,0,0,0,0,0,16384,0,0,0,0,0,0,0,0,0,0,0,1303,407,0,0,0,0,0,23176435,0,151,0,4,406,1303,0,0,0,0,0,0,0,0,0,0,0,0,0,0,0,0,0,0,0,0,0,0,0,0,0,0,0,0,0,0,0,0,0,0,0,0,0,0,0,0,0,0,0,0,0,0,0,0,0,0,0,0,0,0,107848712,0,0,0,308228784,0,0,0,0,0,0,0,17705258,6014957,114758293,77566389760,16709827,1,0,0,0,0,0,0,0,0,0,0,0,0,0,0,0,0,0,0,0,0,0,0,0,0,0,0,0,0,0,0,1673481,0,0,0,0,0,0,0
1782295561.090,0,0,0,0,0,0,0,389746914,94260021760,211327513600,0,0,0,0,0,0,0,0,0,0,0,0,0,0,0,0,0,0,0,0,0,0,0,0,0,0,0,0,0,0,0,0,0,0,0,0,0,0,0,0,0,0,0,0,0,0,0,0,0,0,0,0,0,0,0,0,0,0,7,1657885,5762335,6523797,0,0,0,0,0,0,0,0,0,0,0,0,0,0,0,0,0,0,0,0,0,0,0,0,0,0,0,0,0,0,0,0,0,0,0,0,0,12856164352,4983422976,784678,304165,6458937,1658,0,96,786432,4942137,812136,4,1827999942,12884901888,19574,430362144,0,0,0,0,0,0,0,0,0,0,0,0,0,0,0,0,0,0,7630594,107520382,0,468,1202,7661,620,15261503,35,0,0,0,0,0,0,0,1,0,0,0,0,0,0,0,0,0,0,11745682,0,6461099,55772,0,0,0,0,0,0,0,0,16384,0,0,0,0,0,0,0,0,0,0,0,1304,407,0,0,0,0,0,23189699,0,151,0,4,406,1304,0,0,0,0,0,0,0,0,0,0,0,0,0,0,0,0,0,0,0,0,0,0,0,0,0,0,0,0,0,0,0,0,0,0,0,0,0,0,0,0,0,0,0,0,0,0,0,0,0,0,0,0,0,0,107926271,0,0,0,308307683,0,0,0,0,0,0,0,17739450,6074237,114857576,77606260224,16740275,1,0,0,0,0,0,0,0,0,0,0,0,0,0,0,0,0,0,0,0,0,0,0,0,0,0,0,0,0,0,0,1677845,0,0,0,0,0,0,0
1782295562.157,0,0,0,0,0,0,0,389946343,95253236224,211714923520,0,0,0,0,0,0,0,0,0,0,0,0,0,0,0,0,0,0,0,0,0,0,0,0,0,0,0,0,0,0,0,0,0,0,0,0,0,0,0,0,0,0,0,0,0,0,0,0,0,0,0,0,0,0,0,0,0,0,7,1657919,5823116,6544645,0,0,0,0,0,0,0,0,0,0,0,0,0,0,0,0,0,0,0,0,0,0,0,0,0,0,0,0,0,0,0,0,0,0,0,0,0,12862554112,4939071488,785068,301456,6482228,1263,0,101,786432,5002784,812136,4,1829027304,12884901888,19574,430571703,0,0,0,0,0,0,0,0,0,0,0,0,0,0,0,0,0,0,7635071,107524861,0,468,1202,7661,620,15270465,35,0,0,0,0,0,0,0,1,0,0,0,0,0,0,0,0,0,0,11750720,0,6482086,55996,0,0,0,0,0,0,0,0,16384,0,0,0,0,0,0,0,0,0,0,0,1305,407,0,0,0,0,0,23203293,0,151,0,4,406,1305,0,0,0,0,0,0,0,0,0,0,0,0,0,0,0,0,0,0,0,0,0,0,0,0,0,0,0,0,0,0,0,0,0,0,0,0,0,0,0,0,0,0,0,0,0,0,0,0,0,0,0,0,0,0,108005418,0,0,0,308388109,0,0,0,0,0,0,0,17774925,6134824,114957672,77646948352,16771915,0,1,0,0,0,0,0,0,0,0,0,0,0,0,0,0,0,0,0,0,0,0,0,0,0,0,0,0,0,0,0,1682324,0,0,0,0,0,0,0
1782295563.226,0,0,0,0,0,0,0,390142145,96262212096,212069079552,0,0,0,0,0,0,0,0,0,0,0,0,0,0,0,0,0,0,0,0,0,0,0,0,0,0,0,0,0,0,0,0,0,0,0,0,0,0,0,0,0,0,0,0,0,0,0,0,0,0,0,0,0,0,0,0,0,0,7,1657932,5884893,6562660,0,0,0,0,0,0,0,0,0,0,0,0,0,0,0,0,0,0,0,0,0,0,0,0,0,0,0,0,0,0,0,0,0,0,0,0,0,12859916288,4974067712,784907,303593,6500243,1421,0,104,786432,5064436,812136,4,1830132907,12884901888,19574,430864989,0,0,0,0,0,0,0,0,0,0,0,0,0,0,0,0,0,0,7639660,107529450,0,468,1202,7661,620,15279640,35,0,0,0,0,0,0,0,1,0,0,0,0,0,0,0,0,0,0,11755882,0,6500101,56200,0,0,0,0,0,0,0,0,16384,0,0,0,0,0,0,0,0,0,0,0,1306,407,0,0,0,0,0,23217253,0,151,0,4,406,1306,0,0,0,0,0,0,0,0,0,0,0,0,0,0,0,0,0,0,0,0,0,0,0,0,0,0,0,0,0,0,0,0,0,0,0,0,0,0,0,0,0,0,0,0,0,0,0,0,0,0,0,0,0,0,108106996,0,0,0,308506466,0,0,0,0,0,0,0,17811615,6196379,115077339,77699160576,16805122,1,0,0,0,0,0,0,0,0,0,0,0,0,0,0,0,0,0,0,0,0,0,0,0,0,0,0,0,0,0,0,1648512,0,0,0,0,0,0,0
1782295564.291,0,0,0,0,0,0,0,390348848,97277102592,212411653120,0,0,0,0,0,0,0,0,0,0,0,0,0,0,0,0,0,0,0,0,0,0,0,0,0,0,0,0,0,0,0,0,0,0,0,0,0,0,0,0,0,0,0,0,0,0,0,0,0,0,0,0,0,0,0,0,0,0,7,1657936,5946978,6580799,0,0,0,0,0,0,0,0,0,0,0,0,0,0,0,0,0,0,0,0,0,0,0,0,0,0,0,0,0,0,0,0,0,0,0,0,0,12850036736,4976934912,784305,303768,6518330,2031,0,97,786432,5126386,812136,4,1831198336,12884901888,19574,431086563,0,0,0,0,0,0,0,0,0,0,0,0,0,0,0,0,0,0,7644222,107534011,0,468,1202,7661,620,15288765,35,0,0,0,0,0,0,0,1,0,0,0,0,0,0,0,0,0,0,11761014,0,6518254,56391,0,0,0,0,0,0,0,0,16384,0,0,0,0,0,0,0,0,0,0,0,1307,407,0,0,0,0,0,23231106,0,151,0,4,406,1307,0,0,0,0,0,0,0,0,0,0,0,0,0,0,0,0,0,0,0,0,0,0,0,0,0,0,0,0,0,0,0,0,0,0,0,0,0,0,0,0,0,0,0,0,0,0,0,0,0,0,0,0,0,0,108185412,0,0,0,308589318,0,0,0,0,0,0,0,17845748,6258270,115174013,77739457024,16835846,1,1,0,0,0,0,0,0,0,0,0,0,0,0,0,0,0,0,0,0,0,0,0,0,0,0,0,0,0,0,0,1653073,0,0,0,0,0,0,0
1782295565.362,0,0,0,0,0,0,0,390552880,98289109504,212754075136,0,0,0,0,0,0,0,0,0,0,0,0,0,0,0,0,0,0,0,0,0,0,0,0,0,0,0,0,0,0,0,0,0,0,0,0,0,0,0,0,0,0,0,0,0,0,0,0,0,0,0,0,0,0,0,0,0,0,7,1657950,6008923,6598871,0,0,0,0,0,0,0,0,0,0,0,0,0,0,0,0,0,0,0,0,0,0,0,0,0,0,0,0,0,0,0,0,0,0,0,0,0,12852051968,4976984064,784427,303771,6536454,1908,0,96,786432,5188212,812136,4,1832250612,12884901888,19574,431303450,0,0,0,0,0,0,0,0,0,0,0,0,0,0,0,0,0,0,7648763,107538553,0,468,1202,7661,620,15297846,35,0,0,0,0,0,0,0,1,0,0,0,0,0,0,0,0,0,0,11766124,0,6536312,56592,0,0,0,0,0,0,0,0,16384,0,0,0,0,0,0,0,0,0,0,0,1308,407,0,0,0,0,0,23244905,0,151,0,4,406,1308,0,0,0,0,0,0,0,0,0,0,0,0,0,0,0,0,0,0,0,0,0,0,0,0,0,0,0,0,0,0,0,0,0,0,0,0,0,0,0,0,0,0,0,0,0,0,0,0,0,0,0,0,0,0,108265371,0,0,0,308671270,0,0,0,0,0,0,0,17881685,6319988,115272124,77780561920,16868211,1,1,0,0,0,0,0,0,0,0,0,0,0,0,0,0,0,0,0,0,0,0,0,0,0,0,0,0,0,0,0,1657616,0,0,0,0,0,0,0
1782295566.430,0,0,0,0,0,0,0,390758146,99299740160,213097072128,0,0,0,0,0,0,0,0,0,0,0,0,0,0,0,0,0,0,0,0,0,0,0,0,0,0,0,0,0,0,0,0,0,0,0,0,0,0,0,0,0,0,0,0,0,0,0,0,0,0,0,0,0,0,0,0,0,0,7,1658144,6070759,6616979,0,0,0,0,0,0,0,0,0,0,0,0,0,0,0,0,0,0,0,0,0,0,0,0,0,0,0,0,0,0,0,0,0,0,0,0,0,12852330496,4978425856,784444,303859,6554562,1885,0,102,786432,5249936,812136,4,1833309115,12884901888,19574,431522955,0,0,0,0,0,0,0,0,0,0,0,0,0,0,0,0,0,0,7653323,107543112,0,468,1202,7661,620,15306960,35,0,0,0,0,0,0,0,1,0,0,0,0,0,0,0,0,0,0,11771251,0,6554420,56788,0,0,0,0,0,0,0,0,16384,0,0,0,0,0,0,0,0,0,0,0,1309,407,0,0,0,0,0,23258772,0,151,0,4,406,1309,0,0,0,0,0,0,0,0,0,0,0,0,0,0,0,0,0,0,0,0,0,0,0,0,0,0,0,0,0,0,0,0,0,0,0,0,0,0,0,0,0,0,0,0,0,0,0,0,0,0,0,0,0,0,108345736,0,0,0,308753610,0,0,0,0,0,0,0,17917766,6381653,115370711,77821859328,16900883,1,0,0,0,0,0,0,0,0,0,0,0,0,0,0,0,0,0,0,0,0,0,0,0,0,0,0,0,0,0,0,1662174,0,0,0,0,0,0,0
1782295567.497,0,0,0,0,0,0,0,390951624,100301670912,213448918016,0,0,0,0,0,0,0,0,0,0,0,0,0,0,0,0,0,0,0,0,0,0,0,0,0,0,0,0,0,0,0,0,0,0,0,0,0,0,0,0,0,0,0,0,0,0,0,0,0,0,0,0,0,0,0,0,0,0,7,1658275,6132065,6635004,0,0,0,0,0,0,0,0,0,0,0,0,0,0,0,0,0,0,0,0,0,0,0,0,0,0,0,0,0,0,0,0,0,0,0,0,0,12854165504,5003952128,784556,305417,6572587,1779,0,97,786432,5311123,812136,4,1834402604,12884901888,19574,431814673,0,0,0,0,0,0,0,0,0,0,0,0,0,0,0,0,0,0,7657860,107547650,0,468,1202,7661,620,15316038,35,0,0,0,0,0,0,0,1,0,0,0,0,0,0,0,0,0,0,11776354,0,6572445,56985,0,0,0,0,0,0,0,0,16384,0,0,0,0,0,0,0,0,0,0,0,1310,407,0,0,0,0,0,23272584,0,151,0,4,406,1310,0,0,0,0,0,0,0,0,0,0,0,0,0,0,0,0,0,0,0,0,0,0,0,0,0,0,0,0,0,0,0,0,0,0,0,0,0,0,0,0,0,0,0,0,0,0,0,0,0,0,0,0,0,0,108441476,0,0,0,308870985,0,0,0,0,0,0,0,17952297,6442767,115484597,77871037952,16932039,1,0,0,0,0,0,0,0,0,0,0,0,0,0,0,0,0,0,0,0,0,0,0,0,0,0,0,0,0,0,0,1628312,0,0,0,0,0,0,0
1782295568.563,0,0,0,0,0,0,0,391153405,101303339520,213789288448,0,0,0,0,0,0,0,0,0,0,0,0,0,0,0,0,0,0,0,0,0,0,0,0,0,0,0,0,0,0,0,0,0,0,0,0,0,0,0,0,0,0,0,0,0,0,0,0,0,0,0,0,0,0,0,0,0,0,7,1658277,6193356,6653095,0,0,0,0,0,0,0,0,0,0,0,0,0,0,0,0,0,0,0,0,0,0,0,0,0,0,0,0,0,0,0,0,0,0,0,0,0,12851986432,4997595136,784423,305029,6590678,1913,0,96,786432,5372290,812136,4,1835443204,12884901888,19574,432028812,0,0,0,0,0,0,0,0,0,0,0,0,0,0,0,0,0,0,7662370,107552160,0,468,1202,7661,620,15325059,35,0,0,0,0,0,0,0,1,0,0,0,0,0,0,0,0,0,0,11781428,0,6590536,57178,0,0,0,0,0,0,0,0,16384,0,0,0,0,0,0,0,0,0,0,0,1311,407,0,0,0,0,0,23286291,0,151,0,4,406,1311,0,0,0,0,0,0,0,0,0,0,0,0,0,0,0,0,0,0,0,0,0,0,0,0,0,0,0,0,0,0,0,0,0,0,0,0,0,0,0,0,0,0,0,0,0,0,0,0,0,0,0,0,0,0,108516075,0,0,0,308952102,0,0,0,0,0,0,0,17985945,6503858,115577391,77909353472,16962215,0,1,0,0,0,0,0,0,0,0,0,0,0,0,0,0,0,0,0,0,0,0,0,0,0,0,0,0,0,0,0,1632823,0,0,0,0,0,0,0
1782295569.629,0,0,0,0,0,0,0,391358923,102314756608,214127935488,0,0,0,0,0,0,0,0,0,0,0,0,0,0,0,0,0,0,0,0,0,0,0,0,0,0,0,0,0,0,0,0,0,0,0,0,0,0,0,0,0,0,0,0,0,0,0,0,0,0,0,0,0,0,0,0,0,0,7,1658443,6255230,6670983,0,0,0,0,0,0,0,0,0,0,0,0,0,0,0,0,0,0,0,0,0,0,0,0,0,0,0,0,0,0,0,0,0,0,0,0,0,12851412992,5004754944,784388,305466,6608392,1945,0,97,786432,5434035,812136,4,1836504670,12884901888,19574,432248248,0,0,0,0,0,0,0,0,0,0,0,0,0,0,0,0,0,0,7666934,107556722,0,468,1202,7661,620,15334187,35,0,0,0,0,0,0,0,1,0,0,0,0,0,0,0,0,0,0,11786556,0,6608378,57372,0,0,0,0,0,0,0,0,16384,0,0,0,0,0,0,0,0,0,0,0,1312,407,0,0,0,0,0,23300167,0,151,0,4,406,1312,0,0,0,0,0,0,0,0,0,0,0,0,0,0,0,0,0,0,0,0,0,0,0,0,0,0,0,0,0,0,0,0,0,0,0,0,0,0,0,0,0,0,0,0,0,0,0,0,0,0,0,0,0,0,108593425,0,0,0,309034547,0,0,0,0,0,0,0,18020382,6565562,115672754,77949107200,16993399,1,1,0,0,0,0,0,0,0,0,0,0,0,0,0,0,0,0,0,0,0,0,0,0,0,0,0,0,0,0,0,1637381,0,0,0,0,0,0,0
1782295570.696,0,0,0,0,0,0,0,391564981,103320816128,214475586048,0,0,0,0,0,0,0,0,0,0,0,0,0,0,0,0,0,0,0,0,0,0,0,0,0,0,0,0,0,0,0,0,0,0,0,0,0,0,0,0,0,0,0,0,0,0,0,0,0,0,0,0,0,0,0,0,0,0,7,1658688,6316822,6689366,0,0,0,0,0,0,0,0,0,0,0,0,0,0,0,0,0,0,0,0,0,0,0,0,0,0,0,0,0,0,0,0,0,0,0,0,0,12865224704,5000921088,785231,305232,6626949,1105,0,96,786432,5495503,812136,4,1837566772,12884901888,19574,432470723,0,0,0,0,0,0,0,0,0,0,0,0,0,0,0,0,0,0,7671459,107561249,0,468,1202,7661,620,15343235,35,0,0,0,0,0,0,0,1,0,0,0,0,0,0,0,0,0,0,11791649,0,6626807,57571,0,0,0,0,0,0,0,0,16384,0,0,0,0,0,0,0,0,0,0,0,1314,407,0,0,0,0,0,23313917,0,151,0,4,406,1314,0,0,0,0,0,0,0,0,0,0,0,0,0,0,0,0,0,0,0,0,0,0,0,0,0,0,0,0,0,0,0,0,0,0,0,0,0,0,0,0,0,0,0,0,0,0,0,0,0,0,0,0,0,0,108673489,0,0,0,309116870,0,0,0,0,0,0,0,18055184,6626933,115771306,77990224896,17024900,1,1,0,0,0,0,0,0,0,0,0,0,0,0,0,0,0,0,0,0,0,0,0,0,0,0,0,0,0,0,0,1641909,0,0,0,0,0,0,0
1782295571.764,0,0,0,0,0,0,0,391761009,104328317440,214826904576,0,0,0,0,0,0,0,0,0,0,0,0,0,0,0,0,0,0,0,0,0,0,0,0,0,0,0,0,0,0,0,0,0,0,0,0,0,0,0,0,0,0,0,0,0,0,0,0,0,0,0,0,0,0,0,0,0,0,7,1658877,6378453,6707237,0,0,0,0,0,0,0,0,0,0,0,0,0,0,0,0,0,0,0,0,0,0,0,0,0,0,0,0,0,0,0,0,0,0,0,0,0,12856770560,5030330368,784715,307027,6644692,1616,0,101,786432,5557017,812136,4,1838672879,12884901888,19574,432765007,0,0,0,0,0,0,0,0,0,0,0,0,0,0,0,0,0,0,7676013,107565803,0,468,1202,7661,620,15352342,35,0,0,0,0,0,0,0,1,0,0,0,0,0,0,0,0,0,0,11796772,0,6644678,57757,0,0,0,0,0,0,0,0,16384,0,0,0,0,0,0,0,0,0,0,0,1315,407,0,0,0,0,0,23327812,0,151,0,4,406,1315,0,0,0,0,0,0,0,0,0,0,0,0,0,0,0,0,0,0,0,0,0,0,0,0,0,0,0,0,0,0,0,0,0,0,0,0,0,0,0,0,0,0,0,0,0,0,0,0,0,0,0,0,0,0,108774059,0,0,0,309234989,0,0,0,0,0,0,0,18091017,6688374,115889846,78041883136,17057566,1,0,0,0,0,0,0,0,0,0,0,0,0,0,0,0,0,0,0,0,0,0,0,0,0,0,0,0,0,0,0,1608066,0,0,0,0,0,0,0
1782295572.833,0,0,0,0,0,0,0,391958533,105314699776,215169083392,0,0,0,0,0,0,0,0,0,0,0,0,0,0,0,0,0,0,0,0,0,0,0,0,0,0,0,0,0,0,0,0,0,0,0,0,0,0,0,0,0,0,0,0,0,0,0,0,0,0,0,0,0,0,0,0,0,0,7,1658884,6438870,6725356,0,0,0,0,0,0,0,0,0,0,0,0,0,0,0,0,0,0,0,0,0,0,0,0,0,0,0,0,0,0,0,0,0,0,0,0,0,12852969472,5020172288,784483,306407,6662939,1853,0,96,786432,5617318,812136,4,1839690432,12884901888,19574,432973708,0,0,0,0,0,0,0,0,0,0,0,0,0,0,0,0,0,0,7680458,107570248,0,468,1202,7661,620,15361232,35,0,0,0,0,0,0,0,1,0,0,0,0,0,0,0,0,0,0,11801772,0,6662797,57949,0,0,0,0,0,0,0,0,16384,0,0,0,0,0,0,0,0,0,0,0,1316,407,0,0,0,0,0,23341316,0,151,0,4,406,1316,0,0,0,0,0,0,0,0,0,0,0,0,0,0,0,0,0,0,0,0,0,0,0,0,0,0,0,0,0,0,0,0,0,0,0,0,0,0,0,0,0,0,0,0,0,0,0,0,0,0,0,0,0,0,108852285,0,0,0,309314513,0,0,0,0,0,0,0,18123972,6748577,115986298,78082100224,17087303,0,0,0,0,0,0,0,0,0,0,0,0,0,0,0,0,0,0,0,0,0,0,0,0,0,0,0,0,0,0,0,1612511,0,0,0,0,0,0,0
1782295573.901,0,0,0,0,0,0,0,392157517,106292496896,215503194624,0,0,0,0,0,0,0,0,0,0,0,0,0,0,0,0,0,0,0,0,0,0,0,0,0,0,0,0,0,0,0,0,0,0,0,0,0,0,0,0,0,0,0,0,0,0,0,0,0,0,0,0,0,0,0,0,0,0,7,1658898,6498711,6742967,0,0,0,0,0,0,0,0,0,0,0,0,0,0,0,0,0,0,0,0,0,0,0,0,0,0,0,0,0,0,0,0,0,0,0,0,0,12855754752,5020237824,784652,306411,6680550,1683,0,97,786432,5677034,812136,4,1840715707,12884901888,19574,433186669,0,0,0,0,0,0,0,0,0,0,0,0,0,0,0,0,0,0,7684871,107574659,0,468,1202,7661,620,15370061,35,0,0,0,0,0,0,0,1,0,0,0,0,0,0,0,0,0,0,11806734,0,6680408,58142,0,0,0,0,0,0,0,0,16384,0,0,0,0,0,0,0,0,0,0,0,1317,407,0,0,0,0,0,23354720,0,151,0,4,406,1317,0,0,0,0,0,0,0,0,0,0,0,0,0,0,0,0,0,0,0,0,0,0,0,0,0,0,0,0,0,0,0,0,0,0,0,0,0,0,0,0,0,0,0,0,0,0,0,0,0,0,0,0,0,0,108931198,0,0,0,309394196,0,0,0,0,0,0,0,18156608,6808192,116082890,78122680832,17116750,0,1,0,0,0,0,0,0,0,0,0,0,0,0,0,0,0,0,0,0,0,0,0,0,0,0,0,0,0,0,0,1616921,0,0,0,0,0,0,0
1782295574.970,0,0,0,0,0,0,0,392357956,107267262976,215848443904,0,0,0,0,0,0,0,0,0,0,0,0,0,0,0,0,0,0,0,0,0,0,0,0,0,0,0,0,0,0,0,0,0,0,0,0,0,0,0,0,0,0,0,0,0,0,0,0,0,0,0,0,0,0,0,0,0,0,7,1659023,6558348,6761244,0,0,0,0,0,0,0,0,0,0,0,0,0,0,0,0,0,0,0,0,0,0,0,0,0,0,0,0,0,0,0,0,0,0,0,0,0,12859834368,5008769024,784902,305711,6698827,1433,0,96,786432,5736536,812136,4,1841752028,12884901888,19574,433404472,0,0,0,0,0,0,0,0,0,0,0,0,0,0,0,0,0,0,7689249,107579038,0,468,1202,7661,620,15378814,35,0,0,0,0,0,0,0,1,0,0,0,0,0,0,0,0,0,0,11811657,0,6698685,58337,0,0,0,0,0,0,0,0,16384,0,0,0,0,0,0,0,0,0,0,0,1318,407,0,0,0,0,0,23368032,0,151,0,4,406,1318,0,0,0,0,0,0,0,0,0,0,0,0,0,0,0,0,0,0,0,0,0,0,0,0,0,0,0,0,0,0,0,0,0,0,0,0,0,0,0,0,0,0,0,0,0,0,0,0,0,0,0,0,0,0,109010144,0,0,0,309474079,0,0,0,0,0,0,0,18189521,6867630,116180201,78163237376,17146287,0,0,0,0,0,0,0,0,0,0,0,0,0,0,0,0,0,0,0,0,0,0,0,0,0,0,0,0,0,0,0,1621301,0,0,0,0,0,0,0
1782295576.039,0,0,0,0,0,0,0,392553774,108258249216,216203122176,0,0,0,0,0,0,0,0,0,0,0,0,0,0,0,0,0,0,0,0,0,0,0,0,0,0,0,0,0,0,0,0,0,0,0,0,0,0,0,0,0,0,0,0,0,0,0,0,0,0,0,0,0,0,0,0,0,0,7,1659279,6619006,6779626,0,0,0,0,0,0,0,0,0,0,0,0,0,0,0,0,0,0,0,0,0,0,0,0,0,0,0,0,0,0,0,0,0,0,0,0,0,12859752448,5015846912,784897,306144,6716670,1439,0,96,786432,5797092,812136,4,1842816003,12884901888,19574,433664030,0,0,0,0,0,0,0,0,0,0,0,0,0,0,0,0,0,0,7693722,107583508,0,468,1202,7661,620,15387770,35,0,0,0,0,0,0,0,1,0,0,0,0,0,0,0,0,0,0,11816685,0,6717070,58530,0,0,0,0,0,0,0,0,16384,0,0,0,0,0,0,0,0,0,0,0,1319,407,0,0,0,0,0,23381621,0,151,0,4,406,1319,0,0,0,0,0,0,0,0,0,0,0,0,0,0,0,0,0,0,0,0,0,0,0,0,0,0,0,0,0,0,0,0,0,0,0,0,0,0,0,0,0,0,0,0,0,0,0,0,0,0,0,0,0,0,109101132,0,0,0,309576100,0,0,0,0,0,0,0,18225053,6928069,116289631,78209950208,17178384,1,1,0,0,0,0,0,0,0,0,0,0,0,0,0,0,0,0,0,0,0,0,0,0,0,0,0,0,0,0,0,1602952,0,0,0,0,0,0,0
1782295577.106,0,0,0,0,0,0,0,392747307,109230426624,216588140544,0,0,0,0,0,0,0,0,0,0,0,0,0,0,0,0,0,0,0,0,0,0,0,0,0,0,0,0,0,0,0,0,0,0,0,0,0,0,0,0,0,0,0,0,0,0,0,0,0,0,0,0,0,0,0,0,0,0,7,1659294,6678500,6800035,0,0,0,0,0,0,0,0,0,0,0,0,0,0,0,0,0,0,0,0,0,0,0,0,0,0,0,0,0,0,0,0,0,0,0,0,0,12857294848,4978720768,784747,303877,6734545,1589,0,96,786432,5856468,812136,4,1843851893,12884901888,19574,433905033,0,0,0,0,0,0,0,0,0,0,0,0,0,0,0,0,0,0,7698099,107587889,0,468,1202,7661,620,15396519,35,0,0,0,0,0,0,0,1,0,0,0,0,0,0,0,0,0,0,11821611,0,6737475,58749,0,0,0,0,0,0,0,0,16384,0,0,0,0,0,0,0,0,0,0,0,1320,407,0,0,0,0,0,23394921,0,151,0,4,406,1320,0,0,0,0,0,0,0,0,0,0,0,0,0,0,0,0,0,0,0,0,0,0,0,0,0,0,0,0,0,0,0,0,0,0,0,0,0,0,0,0,0,0,0,0,0,0,0,0,0,0,0,0,0,0,109188846,0,0,0,309669533,0,0,0,0,0,0,0,18259717,6987371,116397831,78255019008,17209387,1,0,0,0,0,0,0,0,0,0,0,0,0,0,0,0,0,0,0,0,0,0,0,0,0,0,0,0,0,0,0,1591752,0,0,0,0,0,0,0
1782295578.175,0,0,0,0,0,0,0,392944868,110203587072,216963569664,0,0,0,0,0,0,0,0,0,0,0,0,0,0,0,0,0,0,0,0,0,0,0,0,0,0,0,0,0,0,0,0,0,0,0,0,0,0,0,0,0,0,0,0,0,0,0,0,0,0,0,0,0,0,0,0,0,0,7,1659296,6738035,6820264,0,0,0,0,0,0,0,0,0,0,0,0,0,0,0,0,0,0,0,0,0,0,0,0,0,0,0,0,0,0,0,0,0,0,0,0,0,12865421312,4935974912,785243,301268,6757847,1092,0,97,786432,5915898,812136,4,1844870429,12884901888,19574,434116730,0,0,0,0,0,0,0,0,0,0,0,0,0,0,0,0,0,0,7702482,107592270,0,468,1202,7661,620,15405280,35,0,0,0,0,0,0,0,1,0,0,0,0,0,0,0,0,0,0,11826538,0,6757705,58951,0,0,0,0,0,0,0,0,16384,0,0,0,0,0,0,0,0,0,0,0,1321,407,0,0,0,0,0,23408226,0,151,0,4,406,1321,0,0,0,0,0,0,0,0,0,0,0,0,0,0,0,0,0,0,0,0,0,0,0,0,0,0,0,0,0,0,0,0,0,0,0,0,0,0,0,0,0,0,0,0,0,0,0,0,0,0,0,0,0,0,109265272,0,0,0,309748652,0,0,0,0,0,0,0,18293270,7046669,116494518,78294286336,17239543,1,0,0,0,0,0,0,0,0,0,0,0,0,0,0,0,0,0,0,0,0,0,0,0,0,0,0,0,0,0,0,1596127,0,0,0,0,0,0,0
1782295579.243,0,0,0,0,0,0,0,393141212,111184054784,217317339648,0,0,0,0,0,0,0,0,0,0,0,0,0,0,0,0,0,0,0,0,0,0,0,0,0,0,0,0,0,0,0,0,0,0,0,0,0,0,0,0,0,0,0,0,0,0,0,0,0,0,0,0,0,0,0,0,0,0,7,1659301,6798043,6839125,0,0,0,0,0,0,0,0,0,0,0,0,0,0,0,0,0,0,0,0,0,0,0,0,0,0,0,0,0,0,0,0,0,0,0,0,0,12862734336,4915052544,785079,299991,6776708,1256,0,96,786432,5975804,812136,4,1845880679,12884901888,19574,434322866,0,0,0,0,0,0,0,0,0,0,0,0,0,0,0,0,0,0,7706931,107596720,0,468,1202,7661,620,15414182,35,0,0,0,0,0,0,0,1,0,0,0,0,0,0,0,0,0,0,11831546,0,6776566,59152,0,0,0,0,0,0,0,0,16384,0,0,0,0,0,0,0,0,0,0,0,1322,407,0,0,0,0,0,23421749,0,151,0,4,406,1322,0,0,0,0,0,0,0,0,0,0,0,0,0,0,0,0,0,0,0,0,0,0,0,0,0,0,0,0,0,0,0,0,0,0,0,0,0,0,0,0,0,0,0,0,0,0,0,0,0,0,0,0,0,0,109342168,0,0,0,309827819,0,0,0,0,0,0,0,18328359,7106426,116590358,78333793792,17271213,1,0,0,0,0,0,0,0,0,0,0,0,0,0,0,0,0,0,0,0,0,0,0,0,0,0,0,0,0,0,0,1600581,0,0,0,0,0,0,0
1782295580.311,0,0,0,0,0,0,0,393341641,112168110592,217667961856,0,0,0,0,0,0,0,0,0,0,0,0,0,0,0,0,0,0,0,0,0,0,0,0,0,0,0,0,0,0,0,0,0,0,0,0,0,0,0,0,0,0,0,0,0,0,0,0,0,0,0,0,0,0,0,0,0,0,7,1659303,6858266,6857753,0,0,0,0,0,0,0,0,0,0,0,0,0,0,0,0,0,0,0,0,0,0,0,0,0,0,0,0,0,0,0,0,0,0,0,0,0,12849479680,4905844736,784270,299429,6795336,2066,0,96,786432,6035896,812136,4,1846913361,12884901888,19574,434536602,0,0,0,0,0,0,0,0,0,0,0,0,0,0,0,0,0,0,7711404,107601193,0,468,1202,7661,620,15423125,35,0,0,0,0,0,0,0,1,0,0,0,0,0,0,0,0,0,0,11836578,0,6795194,59356,0,0,0,0,0,0,0,0,16384,0,0,0,0,0,0,0,0,0,0,0,1323,407,0,0,0,0,0,23435330,0,151,0,4,406,1323,0,0,0,0,0,0,0,0,0,0,0,0,0,0,0,0,0,0,0,0,0,0,0,0,0,0,0,0,0,0,0,0,0,0,0,0,0,0,0,0,0,0,0,0,0,0,0,0,0,0,0,0,0,0,109420085,0,0,0,309908236,0,0,0,0,0,0,0,18363781,7166403,116686945,78373838848,17303065,0,0,0,0,0,0,0,0,0,0,0,0,0,0,0,0,0,0,0,0,0,0,0,0,0,0,0,0,0,0,0,1605054,0,0,0,0,0,0,0
1782295581.380,0,0,0,0,0,0,0,393530419,113160571392,218019166720,0,0,0,0,0,0,0,0,0,0,0,0,0,0,0,0,0,0,0,0,0,0,0,0,0,0,0,0,0,0,0,0,0,0,0,0,0,0,0,0,0,0,0,0,0,0,0,0,0,0,0,0,0,0,0,0,0,0,7,1659332,6918990,6875740,0,0,0,0,0,0,0,0,0,0,0,0,0,0,0,0,0,0,0,0,0,0,0,0,0,0,0,0,0,0,0,0,0,0,0,0,0,12855001088,4934352896,784607,301170,6813234,1731,0,96,786432,6096494,812136,4,1847977235,12884901888,19574,434816418,0,0,0,0,0,0,0,0,0,0,0,0,0,0,0,0,0,0,7715919,107605708,0,468,1202,7661,620,15432158,35,0,0,0,0,0,0,0,1,0,0,0,0,0,0,0,0,0,0,11841657,0,6813193,59556,0,0,0,0,0,0,0,0,16384,0,0,0,0,0,0,0,0,0,0,0,1324,407,0,0,0,0,0,23449068,0,151,0,4,406,1324,0,0,0,0,0,0,0,0,0,0,0,0,0,0,0,0,0,0,0,0,0,0,0,0,0,0,0,0,0,0,0,0,0,0,0,0,0,0,0,0,0,0,0,0,0,0,0,0,0,0,0,0,0,0,109516400,0,0,0,310024034,0,0,0,0,0,0,0,18400135,7226853,116801313,78423333888,17335976,1,0,0,0,0,0,0,0,0,0,0,0,0,0,0,0,0,0,0,0,0,0,0,0,0,0,0,0,0,0,0,1571171,0,0,0,0,0,0,0
1782295582.450,0,0,0,0,0,0,0,393730699,114157668864,218363146752,0,0,0,0,0,0,0,0,0,0,0,0,0,0,0,0,0,0,0,0,0,0,0,0,0,0,0,0,0,0,0,0,0,0,0,0,0,0,0,0,0,0,0,0,0,0,0,0,0,0,0,0,0,0,0,0,0,0,7,1659376,6980024,6893923,0,0,0,0,0,0,0,0,0,0,0,0,0,0,0,0,0,0,0,0,0,0,0,0,0,0,0,0,0,0,0,0,0,0,0,0,0,12855705600,4939137024,784649,301461,6831506,1685,0,97,786432,6157402,812136,4,1849010386,12884901888,19574,435029067,0,0,0,0,0,0,0,0,0,0,0,0,0,0,0,0,0,0,7720410,107610199,0,468,1202,7661,620,15441136,35,0,0,0,0,0,0,0,1,0,0,0,0,0,0,0,0,0,0,11846709,0,6831364,59758,0,0,0,0,0,0,0,0,16384,0,0,0,0,0,0,0,0,0,0,0,1325,407,0,0,0,0,0,23462735,0,151,0,4,406,1325,0,0,0,0,0,0,0,0,0,0,0,0,0,0,0,0,0,0,0,0,0,0,0,0,0,0,0,0,0,0,0,0,0,0,0,0,0,0,0,0,0,0,0,0,0,0,0,0,0,0,0,0,0,0,109595153,0,0,0,310104502,0,0,0,0,0,0,0,18436309,7287641,116898305,78463873536,17368596,0,0,0,0,0,0,0,0,0,0,0,0,0,0,0,0,0,0,0,0,0,0,0,0,0,0,0,0,0,0,0,1575663,0,0,0,0,0,0,0
1782295583.518,0,0,0,0,0,0,0,393931994,115159353856,218703903232,0,0,0,0,0,0,0,0,0,0,0,0,0,0,0,0,0,0,0,0,0,0,0,0,0,0,0,0,0,0,0,0,0,0,0,0,0,0,0,0,0,0,0,0,0,0,0,0,0,0,0,0,0,0,0,0,0,0,7,1659378,7041316,6911904,0,0,0,0,0,0,0,0,0,0,0,0,0,0,0,0,0,0,0,0,0,0,0,0,0,0,0,0,0,0,0,0,0,0,0,0,0,12859637760,4943462400,784892,301725,6849487,1438,0,101,786432,6218578,812136,4,1850048321,12884901888,19574,435243261,0,0,0,0,0,0,0,0,0,0,0,0,0,0,0,0,0,0,7724907,107614695,0,468,1202,7661,620,15450131,35,0,0,0,0,0,0,0,1,0,0,0,0,0,0,0,0,0,0,11851765,0,6849345,59952,0,0,0,0,0,0,0,0,16384,0,0,0,0,0,0,0,0,0,0,0,1326,407,0,0,0,0,0,23476400,0,151,0,4,406,1326,0,0,0,0,0,0,0,0,0,0,0,0,0,0,0,0,0,0,0,0,0,0,0,0,0,0,0,0,0,0,0,0,0,0,0,0,0,0,0,0,0,0,0,0,0,0,0,0,0,0,0,0,0,0,109674466,0,0,0,310185274,0,0,0,0,0,0,0,18472788,7348687,116995673,78504614912,17401656,1,0,0,0,0,0,0,0,0,0,0,0,0,0,0,0,0,0,0,0,0,0,0,0,0,0,0,0,0,0,0,1580159,0,0,0,0,0,0,0
1782295584.583,0,0,0,0,0,0,0,394133362,116155632128,219065891328,0,0,0,0,0,0,0,0,0,0,0,0,0,0,0,0,0,0,0,0,0,0,0,0,0,0,0,0,0,0,0,0,0,0,0,0,0,0,0,0,0,0,0,0,0,0,0,0,0,0,0,0,0,0,0,0,0,0,7,1659382,7102276,6931182,0,0,0,0,0,0,0,0,0,0,0,0,0,0,0,0,0,0,0,0,0,0,0,0,0,0,0,0,0,0,0,0,0,0,0,0,0,12860866560,4929355776,784965,300864,6868765,1371,0,96,786432,6279421,812136,4,1851085641,12884901888,19574,435458824,0,0,0,0,0,0,0,0,0,0,0,0,0,0,0,0,0,0,7729401,107619191,0,468,1202,7661,620,15459121,35,0,0,0,0,0,0,0,1,0,0,0,0,0,0,0,0,0,0,11856821,0,6868623,60167,0,0,0,0,0,0,0,0,16384,0,0,0,0,0,0,0,0,0,0,0,1327,407,0,0,0,0,0,23490063,0,151,0,4,406,1327,0,0,0,0,0,0,0,0,0,0,0,0,0,0,0,0,0,0,0,0,0,0,0,0,0,0,0,0,0,0,0,0,0,0,0,0,0,0,0,0,0,0,0,0,0,0,0,0,0,0,0,0,0,0,109754206,0,0,0,310265954,0,0,0,0,0,0,0,18508643,7409380,117094751,78545623040,17434045,1,0,0,0,0,0,0,0,0,0,0,0,0,0,0,0,0,0,0,0,0,0,0,0,0,0,0,0,0,0,0,1584654,0,0,0,0,0,0,0
1782295585.647,0,0,0,0,0,0,0,394329213,117147322880,219418132992,0,0,0,0,0,0,0,0,0,0,0,0,0,0,0,0,0,0,0,0,0,0,0,0,0,0,0,0,0,0,0,0,0,0,0,0,0,0,0,0,0,0,0,0,0,0,0,0,0,0,0,0,0,0,0,0,0,0,7,1659409,7162975,6949546,0,0,0,0,0,0,0,0,0,0,0,0,0,0,0,0,0,0,0,0,0,0,0,0,0,0,0,0,0,0,0,0,0,0,0,0,0,12856131584,4939907072,784675,301508,6887129,1660,0,97,786432,6339996,812136,4,1852142994,12884901888,19574,435710396,0,0,0,0,0,0,0,0,0,0,0,0,0,0,0,0,0,0,7733914,107623704,0,468,1202,7661,620,15468150,35,0,0,0,0,0,0,0,1,0,0,0,0,0,0,0,0,0,0,11861897,0,6886987,60366,0,0,0,0,0,0,0,0,16384,0,0,0,0,0,0,0,0,0,0,0,1329,407,0,0,0,0,0,23503778,0,151,0,4,406,1329,0,0,0,0,0,0,0,0,0,0,0,0,0,0,0,0,0,0,0,0,0,0,0,0,0,0,0,0,0,0,0,0,0,0,0,0,0,0,0,0,0,0,0,0,0,0,0,0,0,0,0,0,0,0,109841909,0,0,0,310365177,0,0,0,0,0,0,0,18544823,7469841,117200854,78590675968,17466747,1,0,0,0,0,0,0,0,0,0,0,0,0,0,0,0,0,0,0,0,0,0,0,0,0,0,0,0,0,0,0,1569231,0,0,0,0,0,0,0
1782295586.716,0,0,0,0,0,0,0,394525123,118139406848,219763338752,0,0,0,0,0,0,0,0,0,0,0,0,0,0,0,0,0,0,0,0,0,0,0,0,0,0,0,0,0,0,0,0,0,0,0,0,0,0,0,0,0,0,0,0,0,0,0,0,0,0,0,0,0,0,0,0,0,0,7,1659450,7223673,6967528,0,0,0,0,0,0,0,0,0,0,0,0,0,0,0,0,0,0,0,0,0,0,0,0,0,0,0,0,0,0,0,0,0,0,0,0,0,12864094208,4962156544,785162,302866,6905111,1172,0,97,786432,6400574,812136,4,1853199275,12884901888,19574,435959305,0,0,0,0,0,0,0,0,0,0,0,0,0,0,0,0,0,0,7738421,107628211,0,468,1202,7661,620,15477159,35,0,0,0,0,0,0,0,1,0,0,0,0,0,0,0,0,0,0,11866967,0,6904969,60563,0,0,0,0,0,0,0,0,16384,0,0,0,0,0,0,0,0,0,0,0,1330,407,0,0,0,0,0,23517457,0,151,0,4,406,1330,0,0,0,0,0,0,0,0,0,0,0,0,0,0,0,0,0,0,0,0,0,0,0,0,0,0,0,0,0,0,0,0,0,0,0,0,0,0,0,0,0,0,0,0,0,0,0,0,0,0,0,0,0,0,109928767,0,0,0,310462883,0,0,0,0,0,0,0,18580311,7530319,117305776,78635302400,17498867,1,0,0,0,0,0,0,0,0,0,0,0,0,0,0,0,0,0,0,0,0,0,0,0,0,0,0,0,0,0,0,1555273,0,0,0,0,0,0,0
1782295587.786,0,0,0,0,0,0,0,394726771,119133325824,220108228608,0,0,0,0,0,0,0,0,0,0,0,0,0,0,0,0,0,0,0,0,0,0,0,0,0,0,0,0,0,0,0,0,0,0,0,0,0,0,0,0,0,0,0,0,0,0,0,0,0,0,0,0,0,0,0,0,0,0,7,1659456,7284487,6985771,0,0,0,0,0,0,0,0,0,0,0,0,0,0,0,0,0,0,0,0,0,0,0,0,0,0,0,0,0,0,0,0,0,0,0,0,0,12857131008,4970790912,784737,303393,6923354,1591,0,104,786432,6461261,812136,4,1854239328,12884901888,19574,436175369,0,0,0,0,0,0,0,0,0,0,0,0,0,0,0,0,0,0,7742921,107632711,0,468,1202,7661,620,15486161,35,0,0,0,0,0,0,0,1,0,0,0,0,0,0,0,0,0,0,11872027,0,6923212,60753,0,0,0,0,0,0,0,0,16384,0,0,0,0,0,0,0,0,0,0,0,1331,407,0,0,0,0,0,23531165,0,151,0,4,406,1331,0,0,0,0,0,0,0,0,0,0,0,0,0,0,0,0,0,0,0,0,0,0,0,0,0,0,0,0,0,0,0,0,0,0,0,0,0,0,0,0,0,0,0,0,0,0,0,0,0,0,0,0,0,0,110007418,0,0,0,310543609,0,0,0,0,0,0,0,18616402,7590883,117402741,78675746816,17531455,1,0,0,0,0,0,0,0,0,0,0,0,0,0,0,0,0,0,0,0,0,0,0,0,0,0,0,0,0,0,0,1559775,0,0,0,0,0,0,0
1782295588.853,0,0,0,0,0,0,0,394926795,120116120064,220455604224,0,0,0,0,0,0,0,0,0,0,0,0,0,0,0,0,0,0,0,0,0,0,0,0,0,0,0,0,0,0,0,0,0,0,0,0,0,0,0,0,0,0,0,0,0,0,0,0,0,0,0,0,0,0,0,0,0,0,7,1659485,7344634,7004218,0,0,0,0,0,0,0,0,0,0,0,0,0,0,0,0,0,0,0,0,0,0,0,0,0,0,0,0,0,0,0,0,0,0,0,0,0,12860080128,4967448576,784918,303189,6941673,1420,0,106,786432,6521280,812136,4,1855271851,12884901888,19574,436390909,0,0,0,0,0,0,0,0,0,0,0,0,0,0,0,0,0,0,7747353,107637143,0,468,1202,7661,620,15495024,35,0,0,0,0,0,0,0,1,0,0,0,0,0,0,0,0,0,0,11877012,0,6941659,60953,0,0,0,0,0,0,0,0,16384,0,0,0,0,0,0,0,0,0,0,0,1332,407,0,0,0,0,0,23544653,0,151,0,4,406,1332,0,0,0,0,0,0,0,0,0,0,0,0,0,0,0,0,0,0,0,0,0,0,0,0,0,0,0,0,0,0,0,0,0,0,0,0,0,0,0,0,0,0,0,0,0,0,0,0,0,0,0,0,0,0,110085308,0,0,0,310623538,0,0,0,0,0,0,0,18650428,7650782,117499146,78715760640,17561944,1,1,0,0,0,0,0,0,0,0,0,0,0,0,0,0,0,0,0,0,0,0,0,0,0,0,0,0,0,0,0,1564206,0,0,0,0,0,0,0
1782295589.917,0,0,0,0,0,0,0,395123938,121084905984,220789705216,0,0,0,0,0,0,0,0,0,0,0,0,0,0,0,0,0,0,0,0,0,0,0,0,0,0,0,0,0,0,0,0,0,0,0,0,0,0,0,0,0,0,0,0,0,0,0,0,0,0,0,0,0,0,0,0,0,0,7,1659638,7403910,7021850,0,0,0,0,0,0,0,0,0,0,0,0,0,0,0,0,0,0,0,0,0,0,0,0,0,0,0,0,0,0,0,0,0,0,0,0,0,12857540608,4974100480,784762,303595,6959420,1566,0,103,786432,6580436,812136,4,1856288855,12884901888,19574,436604806,0,0,0,0,0,0,0,0,0,0,0,0,0,0,0,0,0,0,7751691,107641481,0,468,1202,7661,620,15503700,35,0,0,0,0,0,0,0,1,0,0,0,0,0,0,0,0,0,0,11881893,0,6959278,61149,0,0,0,0,0,0,0,0,16384,0,0,0,0,0,0,0,0,0,0,0,1333,407,0,0,0,0,0,23557856,0,151,0,4,406,1333,0,0,0,0,0,0,0,0,0,0,0,0,0,0,0,0,0,0,0,0,0,0,0,0,0,0,0,0,0,0,0,0,0,0,0,0,0,0,0,0,0,0,0,0,0,0,0,0,0,0,0,0,0,0,110162076,0,0,0,310702139,0,0,0,0,0,0,0,18682318,7709842,117593646,78755276800,17590621,1,1,0,0,0,0,0,0,0,0,0,0,0,0,0,0,0,0,0,0,0,0,0,0,0,0,0,0,0,0,0,1568545,0,0,0,0,0,0,0
1782295590.982,0,0,0,0,0,0,0,395312423,122060622336,221138925056,0,0,0,0,0,0,0,0,0,0,0,0,0,0,0,0,0,0,0,0,0,0,0,0,0,0,0,0,0,0,0,0,0,0,0,0,0,0,0,0,0,0,0,0,0,0,0,0,0,0,0,0,0,0,0,0,0,0,7,1659742,7463600,7039829,0,0,0,0,0,0,0,0,0,0,0,0,0,0,0,0,0,0,0,0,0,0,0,0,0,0,0,0,0,0,0,0,0,0,0,0,0,12858949632,5001478144,784848,305266,6977394,1484,0,100,786432,6640015,812136,4,1857357554,12884901888,19574,436893181,0,0,0,0,0,0,0,0,0,0,0,0,0,0,0,0,0,0,7756112,107645901,0,468,1202,7661,620,15512544,35,0,0,0,0,0,0,0,1,0,0,0,0,0,0,0,0,0,0,11886866,0,6977252,61346,0,0,0,0,0,0,0,0,16384,0,0,0,0,0,0,0,0,0,0,0,1334,407,0,0,0,0,0,23571299,0,151,0,4,406,1334,0,0,0,0,0,0,0,0,0,0,0,0,0,0,0,0,0,0,0,0,0,0,0,0,0,0,0,0,0,0,0,0,0,0,0,0,0,0,0,0,0,0,0,0,0,0,0,0,0,0,0,0,0,0,110255006,0,0,0,310817271,0,0,0,0,0,0,0,18712974,7769349,117704672,78803059712,17618087,0,0,0,0,0,0,0,0,0,0,0,0,0,0,0,0,0,0,0,0,0,0,0,0,0,0,0,0,0,0,0,1534566,0,0,0,0,0,0,0
1782295592.050,0,0,0,0,0,0,0,395512983,123058358784,221497369600,0,0,0,0,0,0,0,0,0,0,0,0,0,0,0,0,0,0,0,0,0,0,0,0,0,0,0,0,0,0,0,0,0,0,0,0,0,0,0,0,0,0,0,0,0,0,0,0,0,0,0,0,0,0,0,0,0,0,7,1659744,7524674,7058966,0,0,0,0,0,0,0,0,0,0,0,0,0,0,0,0,0,0,0,0,0,0,0,0,0,0,0,0,0,0,0,0,0,0,0,0,0,12849233920,4991057920,784255,304630,6995600,2081,0,96,786432,6700990,812136,4,1858391323,12884901888,19574,437106193,0,0,0,0,0,0,0,0,0,0,0,0,0,0,0,0,0,0,7760625,107650414,0,468,1202,7661,620,15521565,35,0,0,0,0,0,0,0,1,0,0,0,0,0,0,0,0,0,0,11891941,0,6996226,61539,0,0,0,0,0,0,0,0,16384,0,0,0,0,0,0,0,0,0,0,0,1335,407,0,0,0,0,0,23585032,0,151,0,4,406,1335,0,0,0,0,0,0,0,0,0,0,0,0,0,0,0,0,0,0,0,0,0,0,0,0,0,0,0,0,0,0,0,0,0,0,0,0,0,0,0,0,0,0,0,0,0,0,0,0,0,0,0,0,0,0,110330300,0,0,0,310897735,0,0,0,0,0,0,0,18746565,7830204,117799222,78841792000,17648148,1,0,0,0,0,0,0,0,0,0,0,0,0,0,0,0,0,0,0,0,0,0,0,0,0,0,0,0,0,0,0,1539079,0,0,0,0,0,0,0
1782295593.118,0,0,0,0,0,0,0,395712355,124033059328,221882303488,0,0,0,0,0,0,0,0,0,0,0,0,0,0,0,0,0,0,0,0,0,0,0,0,0,0,0,0,0,0,0,0,0,0,0,0,0,0,0,0,0,0,0,0,0,0,0,0,0,0,0,0,0,0,0,0,0,0,7,1659909,7584343,7079800,0,0,0,0,0,0,0,0,0,0,0,0,0,0,0,0,0,0,0,0,0,0,0,0,0,0,0,0,0,0,0,0,0,0,0,0,0,12850692096,4950999040,784344,302185,7013273,1992,0,97,786432,6760531,812136,4,1859420291,12884901888,19574,437322044,0,0,0,0,0,0,0,0,0,0,0,0,0,0,0,0,0,0,7765030,107654820,0,468,1202,7661,620,15530385,35,0,0,0,0,0,0,0,1,0,0,0,0,0,0,0,0,0,0,11896898,0,7017227,61768,0,0,0,0,0,0,0,0,16384,0,0,0,0,0,0,0,0,0,0,0,1336,407,0,0,0,0,0,23598433,0,151,0,4,406,1336,0,0,0,0,0,0,0,0,0,0,0,0,0,0,0,0,0,0,0,0,0,0,0,0,0,0,0,0,0,0,0,0,0,0,0,0,0,0,0,0,0,0,0,0,0,0,0,0,0,0,0,0,0,0,110405111,0,0,0,310977279,0,0,0,0,0,0,0,18779041,7889646,117895016,78880263680,17676857,1,1,0,0,0,0,0,0,0,0,0,0,0,0,0,0,0,0,0,0,0,0,0,0,0,0,0,0,0,0,0,1543484,0,0,0,0,0,0,0
1782295594.183,0,0,0,0,0,0,0,395913724,125024897536,222249451520,0,0,0,0,0,0,0,0,0,0,0,0,0,0,0,0,0,0,0,0,0,0,0,0,0,0,0,0,0,0,0,0,0,0,0,0,0,0,0,0,0,0,0,0,0,0,0,0,0,0,0,0,0,0,0,0,0,0,7,1660147,7645020,7099510,0,0,0,0,0,0,0,0,0,0,0,0,0,0,0,0,0,0,0,0,0,0,0,0,0,0,0,0,0,0,0,0,0,0,0,0,0,12852346880,4931715072,784444,301008,7036948,1888,0,101,786432,6821085,812136,4,1860461696,12884901888,19574,437539879,0,0,0,0,0,0,0,0,0,0,0,0,0,0,0,0,0,0,7769494,107659283,0,468,1202,7661,620,15539303,35,0,0,0,0,0,0,0,1,0,0,0,0,0,0,0,0,0,0,11901918,0,7036934,61977,0,0,0,0,0,0,0,0,16384,0,0,0,0,0,0,0,0,0,0,0,1337,407,0,0,0,0,0,23612003,0,151,0,4,406,1337,0,0,0,0,0,0,0,0,0,0,0,0,0,0,0,0,0,0,0,0,0,0,0,0,0,0,0,0,0,0,0,0,0,0,0,0,0,0,0,0,0,0,0,0,0,0,0,0,0,0,0,0,0,0,110478051,0,0,0,311057709,0,0,0,0,0,0,0,18811994,7950089,117987801,78917891584,17706128,1,0,0,0,0,0,0,0,0,0,0,0,0,0,0,0,0,0,0,0,0,0,0,0,0,0,0,0,0,0,0,1547948,0,0,0,0,0,0,0
1782295595.252,0,0,0,0,0,0,0,396105603,126021536256,222600854528,0,0,0,0,0,0,0,0,0,0,0,0,0,0,0,0,0,0,0,0,0,0,0,0,0,0,0,0,0,0,0,0,0,0,0,0,0,0,0,0,0,0,0,0,0,0,0,0,0,0,0,0,0,0,0,0,0,0,7,1660399,7706019,7117385,0,0,0,0,0,0,0,0,0,0,0,0,0,0,0,0,0,0,0,0,0,0,0,0,0,0,0,0,0,0,0,0,0,0,0,0,0,12863094784,4963434496,785101,302944,7054968,1232,0,96,786432,6881950,812136,4,1861546018,12884901888,19574,437829685,0,0,0,0,0,0,0,0,0,0,0,0,0,0,0,0,0,0,7774036,107663825,0,468,1202,7661,620,15548385,35,0,0,0,0,0,0,0,1,0,0,0,0,0,0,0,0,0,0,11907025,0,7054826,62171,0,0,0,0,0,0,0,0,16384,0,0,0,0,0,0,0,0,0,0,0,1338,407,0,0,0,0,0,23625823,0,151,0,4,406,1338,0,0,0,0,0,0,0,0,0,0,0,0,0,0,0,0,0,0,0,0,0,0,0,0,0,0,0,0,0,0,0,0,0,0,0,0,0,0,0,0,0,0,0,0,0,0,0,0,0,0,0,0,0,0,110580412,0,0,0,311174505,0,0,0,0,0,0,0,18847463,8010918,118108058,78970534912,17738284,0,0,0,0,0,0,0,0,0,0,0,0,0,0,0,0,0,0,0,0,0,0,0,0,0,0,0,0,0,0,0,1514090,0,0,0,0,0,0,0
1782295596.320,0,0,0,0,0,0,0,396310130,127026907648,222945858560,0,0,0,0,0,0,0,0,0,0,0,0,0,0,0,0,0,0,0,0,0,0,0,0,0,0,0,0,0,0,0,0,0,0,0,0,0,0,0,0,0,0,0,0,0,0,0,0,0,0,0,0,0,0,0,0,0,0,7,1660469,7767547,7135606,0,0,0,0,0,0,0,0,0,0,0,0,0,0,0,0,0,0,0,0,0,0,0,0,0,0,0,0,0,0,0,0,0,0,0,0,0,12857180160,4968087552,784740,303228,7073189,1596,0,97,786432,6943349,812136,4,1862601686,12884901888,19574,438049813,0,0,0,0,0,0,0,0,0,0,0,0,0,0,0,0,0,0,7778579,107668369,0,468,1202,7661,620,15557476,35,0,0,0,0,0,0,0,1,0,0,0,0,0,0,0,0,0,0,11912137,0,7073047,62371,0,0,0,0,0,0,0,0,16384,0,0,0,0,0,0,0,0,0,0,0,1339,407,0,0,0,0,0,23639638,0,151,0,4,406,1339,0,0,0,0,0,0,0,0,0,0,0,0,0,0,0,0,0,0,0,0,0,0,0,0,0,0,0,0,0,0,0,0,0,0,0,0,0,0,0,0,0,0,0,0,0,0,0,0,0,0,0,0,0,0,110660084,0,0,0,311256194,0,0,0,0,0,0,0,18883684,8072246,118206028,79011569152,17770946,1,1,0,0,0,0,0,0,0,0,0,0,0,0,0,0,0,0,0,0,0,0,0,0,0,0,0,0,0,0,0,1518632,0,0,0,0,0,0,0
1782295597.389,0,0,0,0,0,0,0,396514945,128036604416,223284542976,0,0,0,0,0,0,0,0,0,0,0,0,0,0,0,0,0,0,0,0,0,0,0,0,0,0,0,0,0,0,0,0,0,0,0,0,0,0,0,0,0,0,0,0,0,0,0,0,0,0,0,0,0,0,0,0,0,0,7,1660478,7829314,7153409,0,0,0,0,0,0,0,0,0,0,0,0,0,0,0,0,0,0,0,0,0,0,0,0,0,0,0,0,0,0,0,0,0,0,0,0,0,12863094784,4976640000,785101,303750,7090992,1232,0,97,786432,7004977,812136,4,1863657852,12884901888,19574,438270327,0,0,0,0,0,0,0,0,0,0,0,0,0,0,0,0,0,0,7783133,107672923,0,468,1202,7661,620,15566580,35,0,0,0,0,0,0,0,1,0,0,0,0,0,0,0,0,0,0,11917258,0,7090850,62560,0,0,0,0,0,0,0,0,16384,0,0,0,0,0,0,0,0,0,0,0,1340,407,0,0,0,0,0,23653459,0,151,0,4,406,1340,0,0,0,0,0,0,0,0,0,0,0,0,0,0,0,0,0,0,0,0,0,0,0,0,0,0,0,0,0,0,0,0,0,0,0,0,0,0,0,0,0,0,0,0,0,0,0,0,0,0,0,0,0,0,110740692,0,0,0,311338007,0,0,0,0,0,0,0,18919873,8133824,118304526,79053042176,17803714,1,0,0,0,0,0,0,0,0,0,0,0,0,0,0,0,0,0,0,0,0,0,0,0,0,0,0,0,0,0,0,1523185,0,0,0,0,0,0,0
1782295598.458,0,0,0,0,0,0,0,396720271,129052969472,223648694272,0,0,0,0,0,0,0,0,0,0,0,0,0,0,0,0,0,0,0,0,0,0,0,0,0,0,0,0,0,0,0,0,0,0,0,0,0,0,0,0,0,0,0,0,0,0,0,0,0,0,0,0,0,0,0,0,0,0,7,1660497,7891517,7172760,0,0,0,0,0,0,0,0,0,0,0,0,0,0,0,0,0,0,0,0,0,0,0,0,0,0,0,0,0,0,0,0,0,0,0,0,0,12854460416,4957044736,784574,302554,7110342,1761,0,96,786432,7067043,812136,4,1864716638,12884901888,19575,438491876,0,0,0,0,0,0,0,0,0,0,0,0,0,0,0,0,0,0,7787698,107677488,0,468,1202,7661,620,15575713,35,0,0,0,0,0,0,0,1,0,0,0,0,0,0,0,0,0,0,11922394,0,7110200,62772,0,0,0,0,0,0,0,0,16384,0,0,0,0,0,0,0,0,0,0,0,1341,407,0,0,0,0,0,23667335,0,151,0,4,406,1341,0,0,0,0,0,0,0,0,0,0,0,0,0,0,0,0,0,0,0,0,0,0,0,0,0,0,0,0,0,0,0,0,0,0,0,0,0,0,0,0,0,0,0,0,0,0,0,0,0,0,0,0,0,0,110821338,0,0,0,311420075,0,0,0,0,0,0,0,18956792,8195781,118404607,79094530560,17837013,0,0,0,0,0,0,0,0,0,0,0,0,0,0,0,0,0,0,0,0,0,0,0,0,0,0,0,0,0,0,0,1527751,0,0,0,0,0,0,0
1782295599.531,0,0,0,0,0,0,0,396924043,130063813120,223989755392,0,0,0,0,0,0,0,0,0,0,0,0,0,0,0,0,0,0,0,0,0,0,0,0,0,0,0,0,0,0,0,0,0,0,0,0,0,0,0,0,0,0,0,0,0,0,0,0,0,0,0,0,0,0,0,0,0,0,7,1660667,7953380,7190740,0,0,0,0,0,0,0,0,0,0,0,0,0,0,0,0,0,0,0,0,0,0,0,0,0,0,0,0,0,0,0,0,0,0,0,0,0,12858998784,4959223808,784852,302687,7128303,1478,0,102,786432,7128802,812136,4,1865769104,12884901888,19575,438711462,0,0,0,0,0,0,0,0,0,0,0,0,0,0,0,0,0,0,7792236,107682025,0,468,1202,7661,620,15584791,35,0,0,0,0,0,0,0,1,0,0,0,0,0,0,0,0,0,0,11927497,0,7128161,62964,0,0,0,0,0,0,0,0,16384,0,0,0,0,0,0,0,0,0,0,0,1342,407,0,0,0,0,0,23681112,0,151,0,4,406,1342,0,0,0,0,0,0,0,0,0,0,0,0,0,0,0,0,0,0,0,0,0,0,0,0,0,0,0,0,0,0,0,0,0,0,0,0,0,0,0,0,0,0,0,0,0,0,0,0,0,0,0,0,0,0,110900331,0,0,0,311501478,0,0,0,0,0,0,0,18992433,8257426,118501660,79135241216,17869300,1,0,0,0,0,0,0,0,0,0,0,0,0,0,0,0,0,0,0,0,0,0,0,0,0,0,0,0,0,0,0,1532290,0,0,0,0,0,0,0
1782295600.599,0,0,0,0,0,0,0,397116331,131065481728,224338514944,0,0,0,0,0,0,0,0,0,0,0,0,0,0,0,0,0,0,0,0,0,0,0,0,0,0,0,0,0,0,0,0,0,0,0,0,0,0,0,0,0,0,0,0,0,0,0,0,0,0,0,0,0,0,0,0,0,0,7,1660762,8014686,7208487,0,0,0,0,0,0,0,0,0,0,0,0,0,0,0,0,0,0,0,0,0,0,0,0,0,0,0,0,0,0,0,0,0,0,0,0,0,12862832640,4993908736,785084,304804,7146069,1248,0,100,786432,7189987,812136,4,1866853553,12884901888,19575,438999640,0,0,0,0,0,0,0,0,0,0,0,0,0,0,0,0,0,0,7796785,107686572,0,468,1202,7661,620,15593888,35,0,0,0,0,0,0,0,1,0,0,0,0,0,0,0,0,0,0,11932611,0,7145927,63160,0,0,0,0,0,0,0,0,16384,0,0,0,0,0,0,0,0,0,0,0,1343,407,0,0,0,0,0,23694951,0,151,0,4,406,1343,0,0,0,0,0,0,0,0,0,0,0,0,0,0,0,0,0,0,0,0,0,0,0,0,0,0,0,0,0,0,0,0,0,0,0,0,0,0,0,0,0,0,0,0,0,0,0,0,0,0,0,0,0,0,110998949,0,0,0,311618251,0,0,0,0,0,0,0,19028270,8318503,118618067,79186022912,17901687,1,0,0,0,0,0,0,0,0,0,0,0,0,0,0,0,0,0,0,0,0,0,0,0,0,0,0,0,0,0,0,1498438,0,0,0,0,0,0,0
1782295601.667,0,0,0,0,0,0,0,397319663,132064610816,224679486976,0,0,0,0,0,0,0,0,0,0,0,0,0,0,0,0,0,0,0,0,0,0,0,0,0,0,0,0,0,0,0,0,0,0,0,0,0,0,0,0,0,0,0,0,0,0,0,0,0,0,0,0,0,0,0,0,0,0,7,1660770,8075849,7226459,0,0,0,0,0,0,0,0,0,0,0,0,0,0,0,0,0,0,0,0,0,0,0,0,0,0,0,0,0,0,0,0,0,0,0,0,0,12854935552,4994973696,784603,304869,7164041,1733,0,96,786432,7251013,812136,4,1867903649,12884901888,19575,439219842,0,0,0,0,0,0,0,0,0,0,0,0,0,0,0,0,0,0,7801299,107691088,0,468,1202,7661,620,15602915,35,0,0,0,0,0,0,0,1,0,0,0,0,0,0,0,0,0,0,11937691,0,7163899,63348,0,0,0,0,0,0,0,0,16384,0,0,0,0,0,0,0,0,0,0,0,1345,407,0,0,0,0,0,23708698,0,151,0,4,406,1345,0,0,0,0,0,0,0,0,0,0,0,0,0,0,0,0,0,0,0,0,0,0,0,0,0,0,0,0,0,0,0,0,0,0,0,0,0,0,0,0,0,0,0,0,0,0,0,0,0,0,0,0,0,0,111078559,0,0,0,311699438,0,0,0,0,0,0,0,19064277,8379438,118715716,79227052032,17934210,1,0,0,0,0,0,0,0,0,0,0,0,0,0,0,0,0,0,0,0,0,0,0,0,0,0,0,0,0,0,0,1502953,0,0,0,0,0,0,0
1782295602.736,0,0,0,0,0,0,0,397516354,133037132288,225017458688,0,0,0,0,0,0,0,0,0,0,0,0,0,0,0,0,0,0,0,0,0,0,0,0,0,0,0,0,0,0,0,0,0,0,0,0,0,0,0,0,0,0,0,0,0,0,0,0,0,0,0,0,0,0,0,0,0,0,7,1660787,8135360,7244360,0,0,0,0,0,0,0,0,0,0,0,0,0,0,0,0,0,0,0,0,0,0,0,0,0,0,0,0,0,0,0,0,0,0,0,0,0,12861095936,4985667584,784979,304301,7181942,1355,0,96,786432,7310400,812136,4,1868919538,12884901888,19575,439432042,0,0,0,0,0,0,0,0,0,0,0,0,0,0,0,0,0,0,7805672,107695461,0,468,1202,7661,620,15611662,35,0,0,0,0,0,0,0,1,0,0,0,0,0,0,0,0,0,0,11942609,0,7181800,63543,0,0,0,0,0,0,0,0,16384,0,0,0,0,0,0,0,0,0,0,0,1346,407,0,0,0,0,0,23721992,0,151,0,4,406,1346,0,0,0,0,0,0,0,0,0,0,0,0,0,0,0,0,0,0,0,0,0,0,0,0,0,0,0,0,0,0,0,0,0,0,0,0,0,0,0,0,0,0,0,0,0,0,0,0,0,0,0,0,0,0,111155708,0,0,0,311777984,0,0,0,0,0,0,0,19096218,8438730,118810819,79266745856,17962981,1,0,0,0,0,0,0,0,0,0,0,0,0,0,0,0,0,0,0,0,0,0,0,0,0,0,0,0,0,0,0,1507324,0,0,0,0,0,0,0
1782295603.806,0,0,0,0,0,0,0,397716307,134018566656,225359878144,0,0,0,0,0,0,0,0,0,0,0,0,0,0,0,0,0,0,0,0,0,0,0,0,0,0,0,0,0,0,0,0,0,0,0,0,0,0,0,0,0,0,0,0,0,0,0,0,0,0,0,0,0,0,0,0,0,0,7,1660792,8195416,7262493,0,0,0,0,0,0,0,0,0,0,0,0,0,0,0,0,0,0,0,0,0,0,0,0,0,0,0,0,0,0,0,0,0,0,0,0,0,12856786944,4977754112,784716,303818,7199947,1618,0,96,786432,7370316,812136,4,1869950927,12884901888,19575,439648995,0,0,0,0,0,0,0,0,0,0,0,0,0,0,0,0,0,0,7810089,107699877,0,468,1202,7661,620,15620498,35,0,0,0,0,0,0,0,1,0,0,0,0,0,0,0,0,0,0,11947577,0,7199933,63735,0,0,0,0,0,0,0,0,16384,0,0,0,0,0,0,0,0,0,0,0,1347,407,0,0,0,0,0,23735417,0,151,0,4,406,1347,0,0,0,0,0,0,0,0,0,0,0,0,0,0,0,0,0,0,0,0,0,0,0,0,0,0,0,0,0,0,0,0,0,0,0,0,0,0,0,0,0,0,0,0,0,0,0,0,0,0,0,0,0,0,111233562,0,0,0,311857712,0,0,0,0,0,0,0,19130018,8498533,118906887,79306815488,17993497,1,0,0,0,0,0,0,0,0,0,0,0,0,0,0,0,0,0,0,0,0,0,0,0,0,0,0,0,0,0,0,1511742,0,0,0,0,0,0,0
1782295604.876,0,0,0,0,0,0,0,397905320,134983125504,225707439104,0,0,0,0,0,0,0,0,0,0,0,0,0,0,0,0,0,0,0,0,0,0,0,0,0,0,0,0,0,0,0,0,0,0,0,0,0,0,0,0,0,0,0,0,0,0,0,0,0,0,0,0,0,0,0,0,0,0,7,1660845,8254460,7280169,0,0,0,0,0,0,0,0,0,0,0,0,0,0,0,0,0,0,0,0,0,0,0,0,0,0,0,0,0,0,0,0,0,0,0,0,0,12850167808,5003280384,784312,305376,7217751,2020,0,100,786432,7429238,812136,4,1871022321,12884901888,19575,439938424,0,0,0,0,0,0,0,0,0,0,0,0,0,0,0,0,0,0,7814485,107704273,0,468,1202,7661,620,15629289,35,0,0,0,0,0,0,0,1,0,0,0,0,0,0,0,0,0,0,11952521,0,7217609,63928,0,0,0,0,0,0,0,0,16384,0,0,0,0,0,0,0,0,0,0,0,1348,407,0,0,0,0,0,23748781,0,151,0,4,406,1348,0,0,0,0,0,0,0,0,0,0,0,0,0,0,0,0,0,0,0,0,0,0,0,0,0,0,0,0,0,0,0,0,0,0,0,0,0,0,0,0,0,0,0,0,0,0,0,0,0,0,0,0,0,0,111332453,0,0,0,311972708,0,0,0,0,0,0,0,19161749,8557382,119023530,79357733376,18022152,0,0,0,0,0,0,0,0,0,0,0,0,0,0,0,0,0,0,0,0,0,0,0,0,0,0,0,0,0,0,0,1477739,0,0,0,0,0,0,0
1782295605.942,0,0,0,0,0,0,0,398105865,135971146240,226041747968,0,0,0,0,0,0,0,0,0,0,0,0,0,0,0,0,0,0,0,0,0,0,0,0,0,0,0,0,0,0,0,0,0,0,0,0,0,0,0,0,0,0,0,0,0,0,0,0,0,0,0,0,0,0,0,0,0,0,7,1660863,8314906,7297785,0,0,0,0,0,0,0,0,0,0,0,0,0,0,0,0,0,0,0,0,0,0,0,0,0,0,0,0,0,0,0,0,0,0,0,0,0,12854149120,5004771328,784556,305467,7235332,1777,0,101,786432,7489573,812136,4,1872057756,12884901888,19575,440155857,0,0,0,0,0,0,0,0,0,0,0,0,0,0,0,0,0,0,7818931,107708720,0,468,1202,7661,620,15638181,35,0,0,0,0,0,0,0,1,0,0,0,0,0,0,0,0,0,0,11957523,0,7235190,64126,0,0,0,0,0,0,0,0,16384,0,0,0,0,0,0,0,0,0,0,0,1349,407,0,0,0,0,0,23762305,0,151,0,4,406,1349,0,0,0,0,0,0,0,0,0,0,0,0,0,0,0,0,0,0,0,0,0,0,0,0,0,0,0,0,0,0,0,0,0,0,0,0,0,0,0,0,0,0,0,0,0,0,0,0,0,0,0,0,0,0,111410326,0,0,0,312052659,0,0,0,0,0,0,0,19195129,8617609,119119131,79397791744,18052247,0,0,0,0,0,0,0,0,0,0,0,0,0,0,0,0,0,0,0,0,0,0,0,0,0,0,0,0,0,0,0,1482185,0,0,0,0,0,0,0
1782295607.011,0,0,0,0,0,0,0,398305716,136945797632,226374773760,0,0,0,0,0,0,0,0,0,0,0,0,0,0,0,0,0,0,0,0,0,0,0,0,0,0,0,0,0,0,0,0,0,0,0,0,0,0,0,0,0,0,0,0,0,0,0,0,0,0,0,0,0,0,0,0,0,0,7,1660869,8374566,7315358,0,0,0,0,0,0,0,0,0,0,0,0,0,0,0,0,0,0,0,0,0,0,0,0,0,0,0,0,0,0,0,0,0,0,0,0,0,12855656448,5004640256,784647,305459,7252940,1688,0,96,786432,7549104,812136,4,1873088756,12884901888,19575,440373846,0,0,0,0,0,0,0,0,0,0,0,0,0,0,0,0,0,0,7823334,107713123,0,468,1202,7661,620,15646985,35,0,0,0,0,0,0,0,1,0,0,0,0,0,0,0,0,0,0,11962475,0,7252798,64314,0,0,0,0,0,0,0,0,16384,0,0,0,0,0,0,0,0,0,0,0,1350,407,0,0,0,0,0,23775693,0,151,0,4,406,1350,0,0,0,0,0,0,0,0,0,0,0,0,0,0,0,0,0,0,0,0,0,0,0,0,0,0,0,0,0,0,0,0,0,0,0,0,0,0,0,0,0,0,0,0,0,0,0,0,0,0,0,0,0,0,111488050,0,0,0,312132192,0,0,0,0,0,0,0,19227834,8677019,119214491,79437843968,18081697,1,0,0,0,0,0,0,0,0,0,0,0,0,0,0,0,0,0,0,0,0,0,0,0,0,0,0,0,0,0,0,1486589,0,0,0,0,0,0,0
1782295608.077,0,0,0,0,0,0,0,398503629,137908947456,226751618560,0,0,0,0,0,0,0,0,0,0,0,0,0,0,0,0,0,0,0,0,0,0,0,0,0,0,0,0,0,0,0,0,0,0,0,0,0,0,0,0,0,0,0,0,0,0,0,0,0,0,0,0,0,0,0,0,0,0,7,1660886,8433493,7335464,0,0,0,0,0,0,0,0,0,0,0,0,0,0,0,0,0,0,0,0,0,0,0,0,0,0,0,0,0,0,0,0,0,0,0,0,0,12850380800,4961665024,784325,302836,7271064,2010,0,96,786432,7607908,812136,4,1874111430,12884901888,19575,440590669,0,0,0,0,0,0,0,0,0,0,0,0,0,0,0,0,0,0,7827681,107717469,0,468,1202,7661,620,15655676,35,0,0,0,0,0,0,0,1,0,0,0,0,0,0,0,0,0,0,11967367,0,7272842,64524,0,0,0,0,0,0,0,0,16384,0,0,0,0,0,0,0,0,0,0,0,1351,407,0,0,0,0,0,23788894,0,151,0,4,406,1351,0,0,0,0,0,0,0,0,0,0,0,0,0,0,0,0,0,0,0,0,0,0,0,0,0,0,0,0,0,0,0,0,0,0,0,0,0,0,0,0,0,0,0,0,0,0,0,0,0,0,0,0,0,0,111565705,0,0,0,312210891,0,0,0,0,0,0,0,19260185,8735730,119312368,79477896704,18110698,1,0,0,0,0,0,0,0,0,0,0,0,0,0,0,0,0,0,0,0,0,0,0,0,0,0,0,0,0,0,0,1490935,0,0,0,0,0,0,0
1782295609.145,0,0,0,0,0,0,0,398698125,138862791168,227132401664,0,0,0,0,0,0,0,0,0,0,0,0,0,0,0,0,0,0,0,0,0,0,0,0,0,0,0,0,0,0,0,0,0,0,0,0,0,0,0,0,0,0,0,0,0,0,0,0,0,0,0,0,0,0,0,0,0,0,7,1660917,8491883,7356183,0,0,0,0,0,0,0,0,0,0,0,0,0,0,0,0,0,0,0,0,0,0,0,0,0,0,0,0,0,0,0,0,0,0,0,0,0,12858507264,4905304064,784821,299396,7288625,1515,0,96,786432,7666168,812136,4,1875117848,12884901888,19575,440802866,0,0,0,0,0,0,0,0,0,0,0,0,0,0,0,0,0,0,7831965,107721754,0,468,1202,7661,620,15664247,35,0,0,0,0,0,0,0,1,0,0,0,0,0,0,0,0,0,0,11972186,0,7293475,64742,0,0,0,0,0,0,0,0,16384,0,0,0,0,0,0,0,0,0,0,0,1352,407,0,0,0,0,0,23801905,0,151,0,4,406,1352,0,0,0,0,0,0,0,0,0,0,0,0,0,0,0,0,0,0,0,0,0,0,0,0,0,0,0,0,0,0,0,0,0,0,0,0,0,0,0,0,0,0,0,0,0,0,0,0,0,0,0,0,0,0,111640686,0,0,0,312288220,0,0,0,0,0,0,0,19291042,8793916,119408158,79516552704,18137933,0,0,0,0,0,0,0,0,0,0,0,0,0,0,0,0,0,0,0,0,0,0,0,0,0,0,0,0,0,0,0,1495219,0,0,0,0,0,0,0
1782295610.211,0,0,0,0,0,0,0,398886823,139831396864,227478315520,0,0,0,0,0,0,0,0,0,0,0,0,0,0,0,0,0,0,0,0,0,0,0,0,0,0,0,0,0,0,0,0,0,0,0,0,0,0,0,0,0,0,0,0,0,0,0,0,0,0,0,0,0,0,0,0,0,0,7,1660925,8551185,7373792,0,0,0,0,0,0,0,0,0,0,0,0,0,0,0,0,0,0,0,0,0,0,0,0,0,0,0,0,0,0,0,0,0,0,0,0,0,12865093632,4931895296,785225,301019,7311374,1110,0,103,786432,7725327,812136,4,1876186641,12884901888,19575,441092115,0,0,0,0,0,0,0,0,0,0,0,0,0,0,0,0,0,0,7836375,107726160,0,468,1202,7661,620,15673071,35,0,0,0,0,0,0,0,1,0,0,0,0,0,0,0,0,0,0,11977142,0,7311232,64934,0,0,0,0,0,0,0,0,16384,0,0,0,0,0,0,0,0,0,0,0,1353,407,0,0,0,0,0,23815297,0,151,0,4,406,1353,0,0,0,0,0,0,0,0,0,0,0,0,0,0,0,0,0,0,0,0,0,0,0,0,0,0,0,0,0,0,0,0,0,0,0,0,0,0,0,0,0,0,0,0,0,0,0,0,0,0,0,0,0,0,111739602,0,0,0,312403164,0,0,0,0,0,0,0,19323533,8852997,119524734,79567429120,18167283,1,0,0,0,0,0,0,0,0,0,0,0,0,0,0,0,0,0,0,0,0,0,0,0,0,0,0,0,0,0,0,1461225,0,0,0,0,0,0,0
1782295611.279,0,0,0,0,0,0,0,399087122,140809030144,227811884032,0,0,0,0,0,0,0,0,0,0,0,0,0,0,0,0,0,0,0,0,0,0,0,0,0,0,0,0,0,0,0,0,0,0,0,0,0,0,0,0,0,0,0,0,0,0,0,0,0,0,0,0,0,0,0,0,0,0,7,1660935,8611006,7391368,0,0,0,0,0,0,0,0,0,0,0,0,0,0,0,0,0,0,0,0,0,0,0,0,0,0,0,0,0,0,0,0,0,0,0,0,0,12858261504,4936794112,784805,301318,7328950,1529,0,97,786432,7785025,812136,4,1877220849,12884901888,19575,441310856,0,0,0,0,0,0,0,0,0,0,0,0,0,0,0,0,0,0,7840786,107730574,0,468,1202,7661,620,15681889,35,0,0,0,0,0,0,0,1,0,0,0,0,0,0,0,0,0,0,11982108,0,7328808,65131,0,0,0,0,0,0,0,0,16384,0,0,0,0,0,0,0,0,0,0,0,1354,407,0,0,0,0,0,23828739,0,151,0,4,406,1354,0,0,0,0,0,0,0,0,0,0,0,0,0,0,0,0,0,0,0,0,0,0,0,0,0,0,0,0,0,0,0,0,0,0,0,0,0,0,0,0,0,0,0,0,0,0,0,0,0,0,0,0,0,0,111818345,0,0,0,312482806,0,0,0,0,0,0,0,19356493,8912587,119621157,79607966208,18196973,0,1,0,0,0,0,0,0,0,0,0,0,0,0,0,0,0,0,0,0,0,0,0,0,0,0,0,0,0,0,0,1465640,0,0,0,0,0,0,0
1782295612.348,0,0,0,0,0,0,0,399290947,141800835584,228157011456,0,0,0,0,0,0,0,0,0,0,0,0,0,0,0,0,0,0,0,0,0,0,0,0,0,0,0,0,0,0,0,0,0,0,0,0,0,0,0,0,0,0,0,0,0,0,0,0,0,0,0,0,0,0,0,0,0,0,7,1661019,8671706,7409577,0,0,0,0,0,0,0,0,0,0,0,0,0,0,0,0,0,0,0,0,0,0,0,0,0,0,0,0,0,0,0,0,0,0,0,0,0,12857606144,4936007680,784766,301270,7347159,1569,0,97,786432,7845613,812136,4,1878274637,12884901888,19575,441534442,0,0,0,0,0,0,0,0,0,0,0,0,0,0,0,0,0,0,7845255,107735043,0,468,1202,7661,620,15690826,35,0,0,0,0,0,0,0,1,0,0,0,0,0,0,0,0,0,0,11987133,0,7347017,65328,0,0,0,0,0,0,0,0,16384,0,0,0,0,0,0,0,0,0,0,0,1355,407,0,0,0,0,0,23842314,0,151,0,4,406,1355,0,0,0,0,0,0,0,0,0,0,0,0,0,0,0,0,0,0,0,0,0,0,0,0,0,0,0,0,0,0,0,0,0,0,0,0,0,0,0,0,0,0,0,0,0,0,0,0,0,0,0,0,0,0,111898441,0,0,0,312563724,0,0,0,0,0,0,0,19390129,8973055,119719552,79649292800,18227194,1,1,0,0,0,0,0,0,0,0,0,0,0,0,0,0,0,0,0,0,0,0,0,0,0,0,0,0,0,0,0,1470109,0,0,0,0,0,0,0
1782295613.418,0,0,0,0,0,0,0,399490930,142773897728,228502291456,0,0,0,0,0,0,0,0,0,0,0,0,0,0,0,0,0,0,0,0,0,0,0,0,0,0,0,0,0,0,0,0,0,0,0,0,0,0,0,0,0,0,0,0,0,0,0,0,0,0,0,0,0,0,0,0,0,0,7,1661257,8731254,7427860,0,0,0,0,0,0,0,0,0,0,0,0,0,0,0,0,0,0,0,0,0,0,0,0,0,0,0,0,0,0,0,0,0,0,0,0,0,12853886976,4933189632,784539,301098,7365345,1790,0,104,786432,7905006,812136,4,1879307918,12884901888,19575,441752983,0,0,0,0,0,0,0,0,0,0,0,0,0,0,0,0,0,0,7849661,107739450,0,468,1202,7661,620,15699639,35,0,0,0,0,0,0,0,1,0,0,0,0,0,0,0,0,0,0,11992090,0,7365203,65523,0,0,0,0,0,0,0,0,16384,0,0,0,0,0,0,0,0,0,0,0,1356,407,0,0,0,0,0,23855680,0,151,0,4,406,1356,0,0,0,0,0,0,0,0,0,0,0,0,0,0,0,0,0,0,0,0,0,0,0,0,0,0,0,0,0,0,0,0,0,0,0,0,0,0,0,0,0,0,0,0,0,0,0,0,0,0,0,0,0,0,111976150,0,0,0,312643294,0,0,0,0,0,0,0,19422202,9032407,119815657,79689391616,18256042,1,0,0,0,0,0,0,0,0,0,0,0,0,0,0,0,0,0,0,0,0,0,0,0,0,0,0,0,0,0,0,1474515,0,0,0,0,0,0,0
1782295614.482,0,0,0,0,0,0,0,399681351,143746435584,228843821056,0,0,0,0,0,0,0,0,0,0,0,0,0,0,0,0,0,0,0,0,0,0,0,0,0,0,0,0,0,0,0,0,0,0,0,0,0,0,0,0,0,0,0,0,0,0,0,0,0,0,0,0,0,0,0,0,0,0,7,1661510,8790763,7445358,0,0,0,0,0,0,0,0,0,0,0,0,0,0,0,0,0,0,0,0,0,0,0,0,0,0,0,0,0,0,0,0,0,0,0,0,0,12856033280,4966432768,784670,303127,7382940,1666,0,96,786432,7964389,812136,4,1880387776,12884901888,19575,442046744,0,0,0,0,0,0,0,0,0,0,0,0,0,0,0,0,0,0,7854058,107743846,0,468,1202,7661,620,15708433,35,0,0,0,0,0,0,0,1,0,0,0,0,0,0,0,0,0,0,11997033,0,7382798,65713,0,0,0,0,0,0,0,0,16384,0,0,0,0,0,0,0,0,0,0,0,1357,407,0,0,0,0,0,23869036,0,151,0,4,406,1357,0,0,0,0,0,0,0,0,0,0,0,0,0,0,0,0,0,0,0,0,0,0,0,0,0,0,0,0,0,0,0,0,0,0,0,0,0,0,0,0,0,0,0,0,0,0,0,0,0,0,0,0,0,0,112068836,0,0,0,312758586,0,0,0,0,0,0,0,19452846,9091717,119925926,79737249280,18283518,1,0,0,0,0,0,0,0,0,0,0,0,0,0,0,0,0,0,0,0,0,0,0,0,0,0,0,0,0,0,0,1440509,0,0,0,0,0,0,0
1782295615.550,0,0,0,0,0,0,0,399883356,144722708992,229179959296,0,0,0,0,0,0,0,0,0,0,0,0,0,0,0,0,0,0,0,0,0,0,0,0,0,0,0,0,0,0,0,0,0,0,0,0,0,0,0,0,0,0,0,0,0,0,0,0,0,0,0,0,0,0,0,0,0,0,7,1661540,8850512,7463108,0,0,0,0,0,0,0,0,0,0,0,0,0,0,0,0,0,0,0,0,0,0,0,0,0,0,0,0,0,0,0,0,0,0,0,0,0,12854509568,4968546304,784577,303257,7400615,1753,0,104,786432,8024003,812136,4,1881433586,12884901888,19575,442270630,0,0,0,0,0,0,0,0,0,0,0,0,0,0,0,0,0,0,7858452,107748241,0,468,1202,7661,620,15717221,35,0,0,0,0,0,0,0,1,0,0,0,0,0,0,0,0,0,0,12001977,0,7400473,65909,0,0,0,0,0,0,0,0,16384,0,0,0,0,0,0,0,0,0,0,0,1358,407,0,0,0,0,0,23882408,0,151,0,4,406,1358,0,0,0,0,0,0,0,0,0,0,0,0,0,0,0,0,0,0,0,0,0,0,0,0,0,0,0,0,0,0,0,0,0,0,0,0,0,0,0,0,0,0,0,0,0,0,0,0,0,0,0,0,0,0,112145425,0,0,0,312838540,0,0,0,0,0,0,0,19484995,9151260,120020376,79776745472,18312367,1,0,0,0,0,0,0,0,0,0,0,0,0,0,0,0,0,0,0,0,0,0,0,0,0,0,0,0,0,0,0,1444906,0,0,0,0,0,0,0
1782295616.619,0,0,0,0,0,0,0,400082822,145706043904,229513135104,0,0,0,0,0,0,0,0,0,0,0,0,0,0,0,0,0,0,0,0,0,0,0,0,0,0,0,0,0,0,0,0,0,0,0,0,0,0,0,0,0,0,0,0,0,0,0,0,0,0,0,0,0,0,0,0,0,0,7,1661549,8910680,7480792,0,0,0,0,0,0,0,0,0,0,0,0,0,0,0,0,0,0,0,0,0,0,0,0,0,0,0,0,0,0,0,0,0,0,0,0,0,12862570496,4969988096,785069,303344,7418374,1266,0,96,786432,8084034,812136,4,1882463497,12884901888,19575,442487649,0,0,0,0,0,0,0,0,0,0,0,0,0,0,0,0,0,0,7862867,107752656,0,468,1202,7661,620,15726049,35,0,0,0,0,0,0,0,1,0,0,0,0,0,0,0,0,0,0,12006944,0,7418232,66093,0,0,0,0,0,0,0,0,16384,0,0,0,0,0,0,0,0,0,0,0,1359,407,0,0,0,0,0,23895836,0,151,0,4,406,1359,0,0,0,0,0,0,0,0,0,0,0,0,0,0,0,0,0,0,0,0,0,0,0,0,0,0,0,0,0,0,0,0,0,0,0,0,0,0,0,0,0,0,0,0,0,0,0,0,0,0,0,0,0,0,112219156,0,0,0,312917964,0,0,0,0,0,0,0,19516026,9211207,120111879,79814868992,18340166,1,0,0,0,0,0,0,0,0,0,0,0,0,0,0,0,0,0,0,0,0,0,0,0,0,0,0,0,0,0,0,1449321,0,0,0,0,0,0,0
1782295617.687,0,0,0,0,0,0,0,400282168,146674354688,229858616320,0,0,0,0,0,0,0,0,0,0,0,0,0,0,0,0,0,0,0,0,0,0,0,0,0,0,0,0,0,0,0,0,0,0,0,0,0,0,0,0,0,0,0,0,0,0,0,0,0,0,0,0,0,0,0,0,0,0,7,1661649,8969930,7499226,0,0,0,0,0,0,0,0,0,0,0,0,0,0,0,0,0,0,0,0,0,0,0,0,0,0,0,0,0,0,0,0,0,0,0,0,0,12862144512,4958994432,785043,302673,7436771,1292,0,96,786432,8143164,812136,4,1883495204,12884901888,19575,442707107,0,0,0,0,0,0,0,0,0,0,0,0,0,0,0,0,0,0,7867230,107757018,0,468,1202,7661,620,15734778,35,0,0,0,0,0,0,0,1,0,0,0,0,0,0,0,0,0,0,12011851,0,7436629,66292,0,0,0,0,0,0,0,0,16384,0,0,0,0,0,0,0,0,0,0,0,1361,407,0,0,0,0,0,23909114,0,151,0,4,406,1361,0,0,0,0,0,0,0,0,0,0,0,0,0,0,0,0,0,0,0,0,0,0,0,0,0,0,0,0,0,0,0,0,0,0,0,0,0,0,0,0,0,0,0,0,0,0,0,0,0,0,0,0,0,0,112292758,0,0,0,312997008,0,0,0,0,0,0,0,19546530,9270261,120204040,79852869120,18367457,1,0,0,0,0,0,0,0,0,0,0,0,0,0,0,0,0,0,0,0,0,0,0,0,0,0,0,0,0,0,0,1453684,0,0,0,0,0,0,0
1782295618.755,0,0,0,0,0,0,0,400480027,147647121920,230193076736,0,0,0,0,0,0,0,0,0,0,0,0,0,0,0,0,0,0,0,0,0,0,0,0,0,0,0,0,0,0,0,0,0,0,0,0,0,0,0,0,0,0,0,0,0,0,0,0,0,0,0,0,0,0,0,0,0,0,7,1661857,9029435,7516913,0,0,0,0,0,0,0,0,0,0,0,0,0,0,0,0,0,0,0,0,0,0,0,0,0,0,0,0,0,0,0,0,0,0,0,0,0,12853968896,4964483072,784543,303008,7454495,1791,0,96,786432,8202544,812136,4,1884527084,12884901888,19575,442933401,0,0,0,0,0,0,0,0,0,0,0,0,0,0,0,0,0,0,7871635,107761423,0,468,1202,7661,620,15743590,35,0,0,0,0,0,0,0,1,0,0,0,0,0,0,0,0,0,0,12016805,0,7454353,66490,0,0,0,0,0,0,0,0,16384,0,0,0,0,0,0,0,0,0,0,0,1362,407,0,0,0,0,0,23922511,0,151,0,4,406,1362,0,0,0,0,0,0,0,0,0,0,0,0,0,0,0,0,0,0,0,0,0,0,0,0,0,0,0,0,0,0,0,0,0,0,0,0,0,0,0,0,0,0,0,0,0,0,0,0,0,0,0,0,0,0,112368213,0,0,0,313080742,0,0,0,0,0,0,0,19577114,9329593,120297303,79891884032,18394735,1,0,0,0,0,0,0,0,0,0,0,0,0,0,0,0,0,0,0,0,0,0,0,0,0,0,0,0,0,0,0,1453288,0,0,0,0,0,0,0
1782295619.819,0,0,0,0,0,0,0,400671450,148630555136,230532833792,0,0,0,0,0,0,0,0,0,0,0,0,0,0,0,0,0,0,0,0,0,0,0,0,0,0,0,0,0,0,0,0,0,0,0,0,0,0,0,0,0,0,0,0,0,0,0,0,0,0,0,0,0,0,0,0,0,0,7,1661925,9089586,7534494,0,0,0,0,0,0,0,0,0,0,0,0,0,0,0,0,0,0,0,0,0,0,0,0,0,0,0,0,0,0,0,0,0,0,0,0,0,12857556992,4995317760,784763,304890,7471948,1572,0,97,786432,8262585,812136,4,1885599573,12884901888,19575,443215383,0,0,0,0,0,0,0,0,0,0,0,0,0,0,0,0,0,0,7876075,107765861,0,468,1202,7661,620,15752466,35,0,0,0,0,0,0,0,1,0,0,0,0,0,0,0,0,0,0,12021797,0,7471934,66683,0,0,0,0,0,0,0,0,16384,0,0,0,0,0,0,0,0,0,0,0,1363,407,0,0,0,0,0,23935992,0,151,0,4,406,1363,0,0,0,0,0,0,0,0,0,0,0,0,0,0,0,0,0,0,0,0,0,0,0,0,0,0,0,0,0,0,0,0,0,0,0,0,0,0,0,0,0,0,0,0,0,0,0,0,0,0,0,0,0,0,112454581,0,0,0,313191698,0,0,0,0,0,0,0,19608286,9389565,120401353,79936550912,18422713,1,0,0,0,0,0,0,0,0,0,0,0,0,0,0,0,0,0,0,0,0,0,0,0,0,0,0,0,0,0,0,1424124,0,0,0,0,0,0,0
1782295620.886,0,0,0,0,0,0,0,400868993,149607664128,230865313792,0,0,0,0,0,0,0,0,0,0,0,0,0,0,0,0,0,0,0,0,0,0,0,0,0,0,0,0,0,0,0,0,0,0,0,0,0,0,0,0,0,0,0,0,0,0,0,0,0,0,0,0,0,0,0,0,0,0,7,1661940,9149368,7552118,0,0,0,0,0,0,0,0,0,0,0,0,0,0,0,0,0,0,0,0,0,0,0,0,0,0,0,0,0,0,0,0,0,0,0,0,0,12855951360,4997791744,784665,305041,7489695,1670,0,96,786432,8322245,812136,4,1886619878,12884901888,19575,443429220,0,0,0,0,0,0,0,0,0,0,0,0,0,0,0,0,0,0,7880476,107770263,0,468,1202,7661,620,15761269,35,0,0,0,0,0,0,0,1,0,0,0,0,0,0,0,0,0,0,12026749,0,7489553,66875,0,0,0,0,0,0,0,0,16384,0,0,0,0,0,0,0,0,0,0,0,1364,407,0,0,0,0,0,23949402,0,151,0,4,406,1364,0,0,0,0,0,0,0,0,0,0,0,0,0,0,0,0,0,0,0,0,0,0,0,0,0,0,0,0,0,0,0,0,0,0,0,0,0,0,0,0,0,0,0,0,0,0,0,0,0,0,0,0,0,0,112528118,0,0,0,313270540,0,0,0,0,0,0,0,19638198,9449114,120492662,79974547968,18449457,1,0,0,0,0,0,0,0,0,0,0,0,0,0,0,0,0,0,0,0,0,0,0,0,0,0,0,0,0,0,0,1428529,0,0,0,0,0,0,0
1782295621.955,0,0,0,0,0,0,0,401069591,150581529088,231202766848,0,0,0,0,0,0,0,0,0,0,0,0,0,0,0,0,0,0,0,0,0,0,0,0,0,0,0,0,0,0,0,0,0,0,0,0,0,0,0,0,0,0,0,0,0,0,0,0,0,0,0,0,0,0,0,0,0,0,7,1661948,9208959,7570047,0,0,0,0,0,0,0,0,0,0,0,0,0,0,0,0,0,0,0,0,0,0,0,0,0,0,0,0,0,0,0,0,0,0,0,0,0,12872744960,4995776512,785690,304918,7507629,640,0,102,786432,8381709,812136,4,1887656789,12884901888,19575,443650311,0,0,0,0,0,0,0,0,0,0,0,0,0,0,0,0,0,0,7884866,107774654,0,468,1202,7661,620,15770047,35,0,0,0,0,0,0,0,1,0,0,0,0,0,0,0,0,0,0,12031687,0,7507487,67066,0,0,0,0,0,0,0,0,16384,0,0,0,0,0,0,0,0,0,0,0,1365,407,0,0,0,0,0,23962761,0,151,0,4,406,1365,0,0,0,0,0,0,0,0,0,0,0,0,0,0,0,0,0,0,0,0,0,0,0,0,0,0,0,0,0,0,0,0,0,0,0,0,0,0,0,0,0,0,0,0,0,0,0,0,0,0,0,0,0,0,112601837,0,0,0,313350028,0,0,0,0,0,0,0,19669018,9508500,120584413,80012690944,18477159,0,1,0,0,0,0,0,0,0,0,0,0,0,0,0,0,0,0,0,0,0,0,0,0,0,0,0,0,0,0,0,1432921,0,0,0,0,0,0,0
1782295623.023,0,0,0,0,0,0,0,401268394,151550331392,231542025728,0,0,0,0,0,0,0,0,0,0,0,0,0,0,0,0,0,0,0,0,0,0,0,0,0,0,0,0,0,0,0,0,0,0,0,0,0,0,0,0,0,0,0,0,0,0,0,0,0,0,0,0,0,0,0,0,0,0,7,1661961,9268222,7588106,0,0,0,0,0,0,0,0,0,0,0,0,0,0,0,0,0,0,0,0,0,0,0,0,0,0,0,0,0,0,0,0,0,0,0,0,0,12864946176,4992696320,785214,304730,7525688,1122,0,96,786432,8440858,812136,4,1888683062,12884901888,19575,443867379,0,0,0,0,0,0,0,0,0,0,0,0,0,0,0,0,0,0,7889270,107779054,0,468,1202,7661,620,15778855,35,0,0,0,0,0,0,0,1,0,0,0,0,0,0,0,0,0,0,12036635,0,7525546,67254,0,0,0,0,0,0,0,0,16384,0,0,0,0,0,0,0,0,0,0,0,1366,407,0,0,0,0,0,23976154,0,151,0,4,406,1366,0,0,0,0,0,0,0,0,0,0,0,0,0,0,0,0,0,0,0,0,0,0,0,0,0,0,0,0,0,0,0,0,0,0,0,0,0,0,0,0,0,0,0,0,0,0,0,0,0,0,0,0,0,0,112674833,0,0,0,313429185,0,0,0,0,0,0,0,19699610,9567581,120675579,80050506752,18504662,1,1,0,0,0,0,0,0,0,0,0,0,0,0,0,0,0,0,0,0,0,0,0,0,0,0,0,0,0,0,0,1437320,0,0,0,0,0,0,0
1782295624.092,0,0,0,0,0,0,0,401452576,152508795392,231914920448,0,0,0,0,0,0,0,0,0,0,0,0,0,0,0,0,0,0,0,0,0,0,0,0,0,0,0,0,0,0,0,0,0,0,0,0,0,0,0,0,0,0,0,0,0,0,0,0,0,0,0,0,0,0,0,0,0,0,7,1661992,9326860,7607680,0,0,0,0,0,0,0,0,0,0,0,0,0,0,0,0,0,0,0,0,0,0,0,0,0,0,0,0,0,0,0,0,0,0,0,0,0,12855656448,4982652928,784647,304117,7542958,1689,0,96,786432,8499377,812136,4,1889729449,12884901888,19575,444150597,0,0,0,0,0,0,0,0,0,0,0,0,0,0,0,0,0,0,7893607,107783395,0,468,1202,7661,620,15787533,35,0,0,0,0,0,0,0,1,0,0,0,0,0,0,0,0,0,0,12041518,0,7545120,67458,0,0,0,0,0,0,0,0,16384,0,0,0,0,0,0,0,0,0,0,0,1367,407,0,0,0,0,0,23989353,0,151,0,4,406,1367,0,0,0,0,0,0,0,0,0,0,0,0,0,0,0,0,0,0,0,0,0,0,0,0,0,0,0,0,0,0,0,0,0,0,0,0,0,0,0,0,0,0,0,0,0,0,0,0,0,0,0,0,0,0,112762416,0,0,0,313542434,0,0,0,0,0,0,0,19729810,9626049,120782859,80095746560,18531526,1,1,0,0,0,0,0,0,0,0,0,0,0,0,0,0,0,0,0,0,0,0,0,0,0,0,0,0,0,0,0,1403262,0,0,0,0,0,0,0
1782295625.159,0,0,0,0,0,0,0,401648387,153466931712,232281447936,0,0,0,0,0,0,0,0,0,0,0,0,0,0,0,0,0,0,0,0,0,0,0,0,0,0,0,0,0,0,0,0,0,0,0,0,0,0,0,0,0,0,0,0,0,0,0,0,0,0,0,0,0,0,0,0,0,0,7,1662017,9385514,7627424,0,0,0,0,0,0,0,0,0,0,0,0,0,0,0,0,0,0,0,0,0,0,0,0,0,0,0,0,0,0,0,0,0,0,0,0,0,12867289088,4943740928,785357,301742,7565006,978,0,96,786432,8557897,812136,4,1890742466,12884901888,19575,444365723,0,0,0,0,0,0,0,0,0,0,0,0,0,0,0,0,0,0,7897915,107787700,0,468,1202,7661,620,15796150,35,0,0,0,0,0,0,0,1,0,0,0,0,0,0,0,0,0,0,12046360,0,7564864,67661,0,0,0,0,0,0,0,0,16384,0,0,0,0,0,0,0,0,0,0,0,1368,407,0,0,0,0,0,24002467,0,151,0,4,406,1368,0,0,0,0,0,0,0,0,0,0,0,0,0,0,0,0,0,0,0,0,0,0,0,0,0,0,0,0,0,0,0,0,0,0,0,0,0,0,0,0,0,0,0,0,0,0,0,0,0,0,0,0,0,0,112835748,0,0,0,313620208,0,0,0,0,0,0,0,19759510,9684493,120876058,80133560320,18557793,0,0,0,0,0,0,0,0,0,0,0,0,0,0,0,0,0,0,0,0,0,0,0,0,0,0,0,0,0,0,0,1407567,0,0,0,0,0,0,0
1782295626.226,0,0,0,0,0,0,0,401852421,154452576768,232613425152,0,0,0,0,0,0,0,0,0,0,0,0,0,0,0,0,0,0,0,0,0,0,0,0,0,0,0,0,0,0,0,0,0,0,0,0,0,0,0,0,0,0,0,0,0,0,0,0,0,0,0,0,0,0,0,0,0,0,7,1662034,9445850,7644935,0,0,0,0,0,0,0,0,0,0,0,0,0,0,0,0,0,0,0,0,0,0,0,0,0,0,0,0,0,0,0,0,0,0,0,0,0,12860243968,4951425024,784927,302211,7582517,1408,0,96,786432,8618096,812136,4,1891797620,12884901888,19575,444591461,0,0,0,0,0,0,0,0,0,0,0,0,0,0,0,0,0,0,7902372,107792158,0,468,1202,7661,620,15805059,35,0,0,0,0,0,0,0,1,0,0,0,0,0,0,0,0,0,0,12051375,0,7582375,67853,0,0,0,0,0,0,0,0,16384,0,0,0,0,0,0,0,0,0,0,0,1369,407,0,0,0,0,0,24015993,0,151,0,4,406,1369,0,0,0,0,0,0,0,0,0,0,0,0,0,0,0,0,0,0,0,0,0,0,0,0,0,0,0,0,0,0,0,0,0,0,0,0,0,0,0,0,0,0,0,0,0,0,0,0,0,0,0,0,0,0,112911657,0,0,0,313701017,0,0,0,0,0,0,0,19791192,9744617,120969604,80172936704,18586286,0,0,0,0,0,0,0,0,0,0,0,0,0,0,0,0,0,0,0,0,0,0,0,0,0,0,0,0,0,0,0,1412025,0,0,0,0,0,0,0
1782295627.299,0,0,0,0,0,0,0,402050846,155425245696,232959695872,0,0,0,0,0,0,0,0,0,0,0,0,0,0,0,0,0,0,0,0,0,0,0,0,0,0,0,0,0,0,0,0,0,0,0,0,0,0,0,0,0,0,0,0,0,0,0,0,0,0,0,0,0,0,0,0,0,0,7,1662045,9505392,7663387,0,0,0,0,0,0,0,0,0,0,0,0,0,0,0,0,0,0,0,0,0,0,0,0,0,0,0,0,0,0,0,0,0,0,0,0,0,12849987584,4931665920,784301,301005,7600956,2034,0,96,786432,8677503,812136,4,1892822606,12884901888,19575,444807679,0,0,0,0,0,0,0,0,0,0,0,0,0,0,0,0,0,0,7906775,107796562,0,468,1202,7661,620,15813868,35,0,0,0,0,0,0,0,1,0,0,0,0,0,0,0,0,0,0,12056329,0,7600814,68058,0,0,0,0,0,0,0,0,16384,0,0,0,0,0,0,0,0,0,0,0,1370,407,0,0,0,0,0,24029388,0,151,0,4,406,1370,0,0,0,0,0,0,0,0,0,0,0,0,0,0,0,0,0,0,0,0,0,0,0,0,0,0,0,0,0,0,0,0,0,0,0,0,0,0,0,0,0,0,0,0,0,0,0,0,0,0,0,0,0,0,112985537,0,0,0,313780066,0,0,0,0,0,0,0,19821855,9803976,121062079,80211299328,18613665,0,0,0,0,0,0,0,0,0,0,0,0,0,0,0,0,0,0,0,0,0,0,0,0,0,0,0,0,0,0,0,1416429,0,0,0,0,0,0,0
1782295628.364,0,0,0,0,0,0,0,402249726,156396521984,233289618432,0,0,0,0,0,0,0,0,0,0,0,0,0,0,0,0,0,0,0,0,0,0,0,0,0,0,0,0,0,0,0,0,0,0,0,0,0,0,0,0,0,0,0,0,0,0,0,0,0,0,0,0,0,0,0,0,0,0,7,1662109,9564831,7680760,0,0,0,0,0,0,0,0,0,0,0,0,0,0,0,0,0,0,0,0,0,0,0,0,0,0,0,0,0,0,0,0,0,0,0,0,0,12860997632,4937777152,784973,301378,7618342,1363,0,96,786432,8736829,812136,4,1893862865,12884901888,19575,445036887,0,0,0,0,0,0,0,0,0,0,0,0,0,0,0,0,0,0,7911199,107800987,0,468,1202,7661,620,15822716,35,0,0,0,0,0,0,0,1,0,0,0,0,0,0,0,0,0,0,12061306,0,7618200,68256,0,0,0,0,0,0,0,0,16384,0,0,0,0,0,0,0,0,0,0,0,1371,407,0,0,0,0,0,24042860,0,151,0,4,406,1371,0,0,0,0,0,0,0,0,0,0,0,0,0,0,0,0,0,0,0,0,0,0,0,0,0,0,0,0,0,0,0,0,0,0,0,0,0,0,0,0,0,0,0,0,0,0,0,0,0,0,0,0,0,0,113061540,0,0,0,313864822,0,0,0,0,0,0,0,19852406,9863222,121155558,80250711552,18641135,1,1,0,0,0,0,0,0,0,0,0,0,0,0,0,0,0,0,0,0,0,0,0,0,0,0,0,0,0,0,0,1415382,0,0,0,0,0,0,0
1782295629.430,0,0,0,0,0,0,0,402438352,157363653120,233624906752,0,0,0,0,0,0,0,0,0,0,0,0,0,0,0,0,0,0,0,0,0,0,0,0,0,0,0,0,0,0,0,0,0,0,0,0,0,0,0,0,0,0,0,0,0,0,0,0,0,0,0,0,0,0,0,0,0,0,7,1662130,9624012,7698046,0,0,0,0,0,0,0,0,0,0,0,0,0,0,0,0,0,0,0,0,0,0,0,0,0,0,0,0,0,0,0,0,0,0,0,0,0,12852723712,4963680256,784468,302959,7635500,1862,0,101,786432,8795887,812136,4,1894920040,12884901888,19575,445313982,0,0,0,0,0,0,0,0,0,0,0,0,0,0,0,0,0,0,7915592,107805380,0,468,1202,7661,620,15831503,35,0,0,0,0,0,0,0,1,0,0,0,0,0,0,0,0,0,0,12066248,0,7635486,68440,0,0,0,0,0,0,0,0,16384,0,0,0,0,0,0,0,0,0,0,0,1372,407,0,0,0,0,0,24056203,0,151,0,4,406,1372,0,0,0,0,0,0,0,0,0,0,0,0,0,0,0,0,0,0,0,0,0,0,0,0,0,0,0,0,0,0,0,0,0,0,0,0,0,0,0,0,0,0,0,0,0,0,0,0,0,0,0,0,0,0,113148330,0,0,0,313974086,0,0,0,0,0,0,0,19882086,9922231,121259761,80295619072,18667658,1,1,0,0,0,0,0,0,0,0,0,0,0,0,0,0,0,0,0,0,0,0,0,0,0,0,0,0,0,0,0,1386847,0,0,0,0,0,0,0
1782295630.498,0,0,0,0,0,0,0,402638355,158336485888,233949564928,0,0,0,0,0,0,0,0,0,0,0,0,0,0,0,0,0,0,0,0,0,0,0,0,0,0,0,0,0,0,0,0,0,0,0,0,0,0,0,0,0,0,0,0,0,0,0,0,0,0,0,0,0,0,0,0,0,0,7,1662147,9683525,7715096,0,0,0,0,0,0,0,0,0,0,0,0,0,0,0,0,0,0,0,0,0,0,0,0,0,0,0,0,0,0,0,0,0,0,0,0,0,12858097664,4972707840,784796,303510,7652666,1533,0,103,786432,8855281,812136,4,1895953043,12884901888,19575,445534705,0,0,0,0,0,0,0,0,0,0,0,0,0,0,0,0,0,0,7919980,107809767,0,468,1202,7661,620,15840273,35,0,0,0,0,0,0,0,1,0,0,0,0,0,0,0,0,0,0,12071180,0,7652524,68626,0,0,0,0,0,0,0,0,16384,0,0,0,0,0,0,0,0,0,0,0,1373,407,0,0,0,0,0,24069519,0,151,0,4,406,1373,0,0,0,0,0,0,0,0,0,0,0,0,0,0,0,0,0,0,0,0,0,0,0,0,0,0,0,0,0,0,0,0,0,0,0,0,0,0,0,0,0,0,0,0,0,0,0,0,0,0,0,0,0,0,113224765,0,0,0,314053398,0,0,0,0,0,0,0,19913341,9981540,121353386,80335236608,18695866,1,0,0,0,0,0,0,0,0,0,0,0,0,0,0,0,0,0,0,0,0,0,0,0,0,0,0,0,0,0,0,1391234,0,0,0,0,0,0,0
1782295631.566,0,0,0,0,0,0,0,402838210,159322933760,234281233408,0,0,0,0,0,0,0,0,0,0,0,0,0,0,0,0,0,0,0,0,0,0,0,0,0,0,0,0,0,0,0,0,0,0,0,0,0,0,0,0,0,0,0,0,0,0,0,0,0,0,0,0,0,0,0,0,0,0,7,1662232,9743905,7732658,0,0,0,0,0,0,0,0,0,0,0,0,0,0,0,0,0,0,0,0,0,0,0,0,0,0,0,0,0,0,0,0,0,0,0,0,0,12868714496,4973395968,785444,303552,7670240,892,0,96,786432,8915539,812136,4,1896986843,12884901888,19575,445751801,0,0,0,0,0,0,0,0,0,0,0,0,0,0,0,0,0,0,7924424,107814211,0,468,1202,7661,620,15849172,35,0,0,0,0,0,0,0,1,0,0,0,0,0,0,0,0,0,0,12076179,0,7670098,68816,0,0,0,0,0,0,0,0,16384,0,0,0,0,0,0,0,0,0,0,0,1374,407,0,0,0,0,0,24083017,0,151,0,4,406,1374,0,0,0,0,0,0,0,0,0,0,0,0,0,0,0,0,0,0,0,0,0,0,0,0,0,0,0,0,0,0,0,0,0,0,0,0,0,0,0,0,0,0,0,0,0,0,0,0,0,0,0,0,0,0,113299064,0,0,0,314132989,0,0,0,0,0,0,0,19945122,10041702,121445346,80373682688,18724507,1,1,0,0,0,0,0,0,0,0,0,0,0,0,0,0,0,0,0,0,0,0,0,0,0,0,0,0,0,0,0,1395678,0,0,0,0,0,0,0
1782295632.635,0,0,0,0,0,0,0,403039639,160301140480,234613605888,0,0,0,0,0,0,0,0,0,0,0,0,0,0,0,0,0,0,0,0,0,0,0,0,0,0,0,0,0,0,0,0,0,0,0,0,0,0,0,0,0,0,0,0,0,0,0,0,0,0,0,0,0,0,0,0,0,0,7,1662486,9803746,7750220,0,0,0,0,0,0,0,0,0,0,0,0,0,0,0,0,0,0,0,0,0,0,0,0,0,0,0,0,0,0,0,0,0,0,0,0,0,12870533120,4977508352,785555,303803,7687802,780,0,97,786432,8975251,812136,4,1898027739,12884901888,19575,445973254,0,0,0,0,0,0,0,0,0,0,0,0,0,0,0,0,0,0,7928855,107818643,0,468,1202,7661,620,15858030,35,0,0,0,0,0,0,0,1,0,0,0,0,0,0,0,0,0,0,12081164,0,7687660,69005,0,0,0,0,0,0,0,0,16384,0,0,0,0,0,0,0,0,0,0,0,1375,407,0,0,0,0,0,24096491,0,151,0,4,406,1375,0,0,0,0,0,0,0,0,0,0,0,0,0,0,0,0,0,0,0,0,0,0,0,0,0,0,0,0,0,0,0,0,0,0,0,0,0,0,0,0,0,0,0,0,0,0,0,0,0,0,0,0,0,0,113373907,0,0,0,314213033,0,0,0,0,0,0,0,19975564,10101346,121537883,80412534272,18751707,1,1,0,0,0,0,0,0,0,0,0,0,0,0,0,0,0,0,0,0,0,0,0,0,0,0,0,0,0,0,0,1400110,0,0,0,0,0,0,0
1782295633.703,0,0,0,0,0,0,0,403228685,161270581760,234956549120,0,0,0,0,0,0,0,0,0,0,0,0,0,0,0,0,0,0,0,0,0,0,0,0,0,0,0,0,0,0,0,0,0,0,0,0,0,0,0,0,0,0,0,0,0,0,0,0,0,0,0,0,0,0,0,0,0,0,7,1662688,9863058,7767879,0,0,0,0,0,0,0,0,0,0,0,0,0,0,0,0,0,0,0,0,0,0,0,0,0,0,0,0,0,0,0,0,0,0,0,0,0,12856524800,5001281536,784700,305254,7705461,1635,0,96,786432,9034434,812136,4,1899096661,12884901888,19575,446262646,0,0,0,0,0,0,0,0,0,0,0,0,0,0,0,0,0,0,7933271,107823057,0,468,1202,7661,620,15866858,35,0,0,0,0,0,0,0,1,0,0,0,0,0,0,0,0,0,0,12086130,0,7705319,69191,0,0,0,0,0,0,0,0,16384,0,0,0,0,0,0,0,0,0,0,0,1377,407,0,0,0,0,0,24109908,0,151,0,4,406,1377,0,0,0,0,0,0,0,0,0,0,0,0,0,0,0,0,0,0,0,0,0,0,0,0,0,0,0,0,0,0,0,0,0,0,0,0,0,0,0,0,0,0,0,0,0,0,0,0,0,0,0,0,0,0,113463339,0,0,0,314327977,0,0,0,0,0,0,0,20005738,10160467,121645075,80458747904,18778815,0,0,0,0,0,0,0,0,0,0,0,0,0,0,0,0,0,0,0,0,0,0,0,0,0,0,0,0,0,0,0,1366125,0,0,0,0,0,0,0
1782295634.771,0,0,0,0,0,0,0,403431088,162259028480,235283126784,0,0,0,0,0,0,0,0,0,0,0,0,0,0,0,0,0,0,0,0,0,0,0,0,0,0,0,0,0,0,0,0,0,0,0,0,0,0,0,0,0,0,0,0,0,0,0,0,0,0,0,0,0,0,0,0,0,0,7,1662709,9923534,7785090,0,0,0,0,0,0,0,0,0,0,0,0,0,0,0,0,0,0,0,0,0,0,0,0,0,0,0,0,0,0,0,0,0,0,0,0,0,12866928640,5013274624,785335,305986,7722672,1000,0,96,786432,9094788,812136,4,1900142489,12884901888,19575,446484219,0,0,0,0,0,0,0,0,0,0,0,0,0,0,0,0,0,0,7937738,107827525,0,468,1202,7661,620,15875790,35,0,0,0,0,0,0,0,1,0,0,0,0,0,0,0,0,0,0,12091156,0,7722530,69373,0,0,0,0,0,0,0,0,16384,0,0,0,0,0,0,0,0,0,0,0,1378,407,0,0,0,0,0,24123498,0,151,0,4,406,1378,0,0,0,0,0,0,0,0,0,0,0,0,0,0,0,0,0,0,0,0,0,0,0,0,0,0,0,0,0,0,0,0,0,0,0,0,0,0,0,0,0,0,0,0,0,0,0,0,0,0,0,0,0,0,113538506,0,0,0,314408435,0,0,0,0,0,0,0,20037040,10220759,121737576,80497858560,18807091,1,0,0,0,0,0,0,0,0,0,0,0,0,0,0,0,0,0,0,0,0,0,0,0,0,0,0,0,0,0,0,1370593,0,0,0,0,0,0,0
1782295635.839,0,0,0,0,0,0,0,403630122,163229927936,235608642560,0,0,0,0,0,0,0,0,0,0,0,0,0,0,0,0,0,0,0,0,0,0,0,0,0,0,0,0,0,0,0,0,0,0,0,0,0,0,0,0,0,0,0,0,0,0,0,0,0,0,0,0,0,0,0,0,0,0,7,1662822,9982954,7802299,0,0,0,0,0,0,0,0,0,0,0,0,0,0,0,0,0,0,0,0,0,0,0,0,0,0,0,0,0,0,0,0,0,0,0,0,0,12871548928,5018583040,785617,306310,7739881,716,0,96,786432,9154061,812136,4,1901172304,12884901888,19575,446702649,0,0,0,0,0,0,0,0,0,0,0,0,0,0,0,0,0,0,7942130,107831916,0,468,1202,7661,620,15884572,35,0,0,0,0,0,0,0,1,0,0,0,0,0,0,0,0,0,0,12096096,0,7739739,69557,0,0,0,0,0,0,0,0,16384,0,0,0,0,0,0,0,0,0,0,0,1379,407,0,0,0,0,0,24136827,0,151,0,4,406,1379,0,0,0,0,0,0,0,0,0,0,0,0,0,0,0,0,0,0,0,0,0,0,0,0,0,0,0,0,0,0,0,0,0,0,0,0,0,0,0,0,0,0,0,0,0,0,0,0,0,0,0,0,0,0,113611646,0,0,0,314487537,0,0,0,0,0,0,0,20067298,10279976,121828038,80535887360,18834373,1,1,0,0,0,0,0,0,0,0,0,0,0,0,0,0,0,0,0,0,0,0,0,0,0,0,0,0,0,0,0,1374983,0,0,0,0,0,0,0
1782295636.907,0,0,0,0,0,0,0,403828615,164196829696,235946524160,0,0,0,0,0,0,0,0,0,0,0,0,0,0,0,0,0,0,0,0,0,0,0,0,0,0,0,0,0,0,0,0,0,0,0,0,0,0,0,0,0,0,0,0,0,0,0,0,0,0,0,0,0,0,0,0,0,0,7,1663069,10042148,7820223,0,0,0,0,0,0,0,0,0,0,0,0,0,0,0,0,0,0,0,0,0,0,0,0,0,0,0,0,0,0,0,0,0,0,0,0,0,12877135872,5012520960,785957,305940,7757805,378,0,97,786432,9213118,812136,4,1902197828,12884901888,19575,446921279,0,0,0,0,0,0,0,0,0,0,0,0,0,0,0,0,0,0,7946494,107836281,0,468,1202,7661,620,15893302,35,0,0,0,0,0,0,0,1,0,0,0,0,0,0,0,0,0,0,12101004,0,7757663,69748,0,0,0,0,0,0,0,0,16384,0,0,0,0,0,0,0,0,0,0,0,1380,407,0,0,0,0,0,24150104,0,151,0,4,406,1380,0,0,0,0,0,0,0,0,0,0,0,0,0,0,0,0,0,0,0,0,0,0,0,0,0,0,0,0,0,0,0,0,0,0,0,0,0,0,0,0,0,0,0,0,0,0,0,0,0,0,0,0,0,0,113685612,0,0,0,314566292,0,0,0,0,0,0,0,20098084,10338974,121920066,80574396416,18861940,0,1,0,0,0,0,0,0,0,0,0,0,0,0,0,0,0,0,0,0,0,0,0,0,0,0,0,0,0,0,0,1379347,0,0,0,0,0,0,0
1782295637.976,0,0,0,0,0,0,0,404024927,165171268096,236286686720,0,0,0,0,0,0,0,0,0,0,0,0,0,0,0,0,0,0,0,0,0,0,0,0,0,0,0,0,0,0,0,0,0,0,0,0,0,0,0,0,0,0,0,0,0,0,0,0,0,0,0,0,0,0,0,0,0,0,7,1663309,10101786,7838185,0,0,0,0,0,0,0,0,0,0,0,0,0,0,0,0,0,0,0,0,0,0,0,0,0,0,0,0,0,0,0,0,0,0,0,0,0,12868976640,5011505152,785460,305878,7775767,867,0,105,786432,9272632,812136,4,1903231839,12884901888,19575,447152959,0,0,0,0,0,0,0,0,0,0,0,0,0,0,0,0,0,0,7950902,107840687,0,468,1202,7661,620,15902118,35,0,0,0,0,0,0,0,1,0,0,0,0,0,0,0,0,0,0,12105962,0,7775625,69938,0,0,0,0,0,0,0,0,16384,0,0,0,0,0,0,0,0,0,0,0,1381,407,0,0,0,0,0,24163526,0,151,0,4,406,1381,0,0,0,0,0,0,0,0,0,0,0,0,0,0,0,0,0,0,0,0,0,0,0,0,0,0,0,0,0,0,0,0,0,0,0,0,0,0,0,0,0,0,0,0,0,0,0,0,0,0,0,0,0,0,113762472,0,0,0,314652924,0,0,0,0,0,0,0,20129028,10398411,122014957,80614298112,18889631,1,1,0,0,0,0,0,0,0,0,0,0,0,0,0,0,0,0,0,0,0,0,0,0,0,0,0,0,0,0,0,1375553,0,0,0,0,0,0,0
1782295639.042,0,0,0,0,0,0,0,404212958,166135777792,236629400064,0,0,0,0,0,0,0,0,0,0,0,0,0,0,0,0,0,0,0,0,0,0,0,0,0,0,0,0,0,0,0,0,0,0,0,0,0,0,0,0,0,0,0,0,0,0,0,0,0,0,0,0,0,0,0,0,0,0,7,1663419,10160792,7855856,0,0,0,0,0,0,0,0,0,0,0,0,0,0,0,0,0,0,0,0,0,0,0,0,0,0,0,0,0,0,0,0,0,0,0,0,0,12863733760,5030723584,785140,307051,7793165,1190,0,100,786432,9331525,812136,4,1904276488,12884901888,19575,447421804,0,0,0,0,0,0,0,0,0,0,0,0,0,0,0,0,0,0,7955297,107845083,0,468,1202,7661,620,15910911,35,0,0,0,0,0,0,0,1,0,0,0,0,0,0,0,0,0,0,12110908,0,7793279,70134,0,0,0,0,0,0,0,0,16384,0,0,0,0,0,0,0,0,0,0,0,1382,407,0,0,0,0,0,24176895,0,151,0,4,406,1382,0,0,0,0,0,0,0,0,0,0,0,0,0,0,0,0,0,0,0,0,0,0,0,0,0,0,0,0,0,0,0,0,0,0,0,0,0,0,0,0,0,0,0,0,0,0,0,0,0,0,0,0,0,0,113851630,0,0,0,314759282,0,0,0,0,0,0,0,20159165,10457244,122121922,80660568064,18916546,1,1,0,0,0,0,0,0,0,0,0,0,0,0,0,0,0,0,0,0,0,0,0,0,0,0,0,0,0,0,0,1349751,0,0,0,0,0,0,0
1782295640.107,0,0,0,0,0,0,0,404410010,167099337216,237000713728,0,0,0,0,0,0,0,0,0,0,0,0,0,0,0,0,0,0,0,0,0,0,0,0,0,0,0,0,0,0,0,0,0,0,0,0,0,0,0,0,0,0,0,0,0,0,0,0,0,0,0,0,0,0,0,0,0,0,7,1663451,10219752,7875859,0,0,0,0,0,0,0,0,0,0,0,0,0,0,0,0,0,0,0,0,0,0,0,0,0,0,0,0,0,0,0,0,0,0,0,0,0,12856033280,4986044416,784670,304324,7810384,1666,0,96,786432,9390354,812136,4,1905297069,12884901888,19575,447639557,0,0,0,0,0,0,0,0,0,0,0,0,0,0,0,0,0,0,7959627,107849413,0,468,1202,7661,620,15919566,35,0,0,0,0,0,0,0,1,0,0,0,0,0,0,0,0,0,0,12115778,0,7813186,70345,0,0,0,0,0,0,0,0,16384,0,0,0,0,0,0,0,0,0,0,0,1383,407,0,0,0,0,0,24190067,0,151,0,4,406,1383,0,0,0,0,0,0,0,0,0,0,0,0,0,0,0,0,0,0,0,0,0,0,0,0,0,0,0,0,0,0,0,0,0,0,0,0,0,0,0,0,0,0,0,0,0,0,0,0,0,0,0,0,0,0,113925094,0,0,0,314837476,0,0,0,0,0,0,0,20189682,10516010,122215501,80698844160,18943684,1,0,0,0,0,0,0,0,0,0,0,0,0,0,0,0,0,0,0,0,0,0,0,0,0,0,0,0,0,0,0,1354081,0,0,0,0,0,0,0
1782295641.175,0,0,0,0,0,0,0,404604110,168053344768,237370640384,0,0,0,0,0,0,0,0,0,0,0,0,0,0,0,0,0,0,0,0,0,0,0,0,0,0,0,0,0,0,0,0,0,0,0,0,0,0,0,0,0,0,0,0,0,0,0,0,0,0,0,0,0,0,0,0,0,0,7,1663473,10278138,7895813,0,0,0,0,0,0,0,0,0,0,0,0,0,0,0,0,0,0,0,0,0,0,0,0,0,0,0,0,0,0,0,0,0,0,0,0,0,12861161472,4942315520,784983,301654,7833395,1351,0,96,786432,9448603,812136,4,1906298415,12884901888,19575,447850024,0,0,0,0,0,0,0,0,0,0,0,0,0,0,0,0,0,0,7963956,107853742,0,468,1202,7661,620,15928232,35,0,0,0,0,0,0,0,1,0,0,0,0,0,0,0,0,0,0,12120648,0,7833253,70551,0,0,0,0,0,0,0,0,16384,0,0,0,0,0,0,0,0,0,0,0,1384,407,0,0,0,0,0,24203261,0,151,0,4,406,1384,0,0,0,0,0,0,0,0,0,0,0,0,0,0,0,0,0,0,0,0,0,0,0,0,0,0,0,0,0,0,0,0,0,0,0,0,0,0,0,0,0,0,0,0,0,0,0,0,0,0,0,0,0,0,113997527,0,0,0,314914873,0,0,0,0,0,0,0,20219146,10574203,122307987,80736608768,18969889,1,0,0,0,0,0,0,0,0,0,0,0,0,0,0,0,0,0,0,0,0,0,0,0,0,0,0,0,0,0,0,1358411,0,0,0,0,0,0,0
1782295642.244,0,0,0,0,0,0,0,404804739,169036417536,237706123264,0,0,0,0,0,0,0,0,0,0,0,0,0,0,0,0,0,0,0,0,0,0,0,0,0,0,0,0,0,0,0,0,0,0,0,0,0,0,0,0,0,0,0,0,0,0,0,0,0,0,0,0,0,0,0,0,0,0,7,1663488,10338283,7913465,0,0,0,0,0,0,0,0,0,0,0,0,0,0,0,0,0,0,0,0,0,0,0,0,0,0,0,0,0,0,0,0,0,0,0,0,0,12869435392,4942249984,785487,301651,7850967,840,0,105,786432,9508627,812136,4,1907335986,12884901888,19575,448069154,0,0,0,0,0,0,0,0,0,0,0,0,0,0,0,0,0,0,7968406,107858193,0,468,1202,7661,620,15937125,35,0,0,0,0,0,0,0,1,0,0,0,0,0,0,0,0,0,0,12125654,0,7850825,70738,0,0,0,0,0,0,0,0,16384,0,0,0,0,0,0,0,0,0,0,0,1385,407,0,0,0,0,0,24216797,0,151,0,4,406,1385,0,0,0,0,0,0,0,0,0,0,0,0,0,0,0,0,0,0,0,0,0,0,0,0,0,0,0,0,0,0,0,0,0,0,0,0,0,0,0,0,0,0,0,0,0,0,0,0,0,0,0,0,0,0,114075508,0,0,0,314994730,0,0,0,0,0,0,0,20250374,10634145,122403728,80777088512,18997878,1,0,0,0,0,0,0,0,0,0,0,0,0,0,0,0,0,0,0,0,0,0,0,0,0,0,0,0,0,0,0,1362862,0,0,0,0,0,0,0
1782295643.316,0,0,0,0,0,0,0,404991619,170009627136,238048314368,0,0,0,0,0,0,0,0,0,0,0,0,0,0,0,0,0,0,0,0,0,0,0,0,0,0,0,0,0,0,0,0,0,0,0,0,0,0,0,0,0,0,0,0,0,0,0,0,0,0,0,0,0,0,0,0,0,0,7,1663586,10397809,7931095,0,0,0,0,0,0,0,0,0,0,0,0,0,0,0,0,0,0,0,0,0,0,0,0,0,0,0,0,0,0,0,0,0,0,0,0,0,12850249728,4967546880,784316,303195,7868544,2019,0,98,786432,9568056,812136,4,1908391505,12884901888,19575,448351676,0,0,0,0,0,0,0,0,0,0,0,0,0,0,0,0,0,0,7972844,107862630,0,468,1202,7661,620,15946003,35,0,0,0,0,0,0,0,1,0,0,0,0,0,0,0,0,0,0,12130645,0,7868530,70930,0,0,0,0,0,0,0,0,16384,0,0,0,0,0,0,0,0,0,0,0,1386,407,0,0,0,0,0,24230283,0,151,0,4,406,1386,0,0,0,0,0,0,0,0,0,0,0,0,0,0,0,0,0,0,0,0,0,0,0,0,0,0,0,0,0,0,0,0,0,0,0,0,0,0,0,0,0,0,0,0,0,0,0,0,0,0,0,0,0,0,114164212,0,0,0,315109258,0,0,0,0,0,0,0,20281493,10693476,122510176,80823048704,19025817,1,0,0,0,0,0,0,0,0,0,0,0,0,0,0,0,0,0,0,0,0,0,0,0,0,0,0,0,0,0,0,1328898,0,0,0,0,0,0,0
1782295644.385,0,0,0,0,0,0,0,405191017,170984278528,238378885632,0,0,0,0,0,0,0,0,0,0,0,0,0,0,0,0,0,0,0,0,0,0,0,0,0,0,0,0,0,0,0,0,0,0,0,0,0,0,0,0,0,0,0,0,0,0,0,0,0,0,0,0,0,0,0,0,0,0,7,1663653,10457476,7948544,0,0,0,0,0,0,0,0,0,0,0,0,0,0,0,0,0,0,0,0,0,0,0,0,0,0,0,0,0,0,0,0,0,0,0,0,0,12857212928,4972331008,784743,303487,7886126,1587,0,100,786432,9627607,812136,4,1909423307,12884901888,19575,448569842,0,0,0,0,0,0,0,0,0,0,0,0,0,0,0,0,0,0,7977258,107867045,0,468,1202,7661,620,15954837,35,0,0,0,0,0,0,0,1,0,0,0,0,0,0,0,0,0,0,12135610,0,7885984,71124,0,0,0,0,0,0,0,0,16384,0,0,0,0,0,0,0,0,0,0,0,1387,407,0,0,0,0,0,24243692,0,151,0,4,406,1387,0,0,0,0,0,0,0,0,0,0,0,0,0,0,0,0,0,0,0,0,0,0,0,0,0,0,0,0,0,0,0,0,0,0,0,0,0,0,0,0,0,0,0,0,0,0,0,0,0,0,0,0,0,0,114239911,0,0,0,315188581,0,0,0,0,0,0,0,20313546,10752948,122603413,80862458880,19054578,1,0,0,0,0,0,0,0,0,0,0,0,0,0,0,0,0,0,0,0,0,0,0,0,0,0,0,0,0,0,0,1333313,0,0,0,0,0,0,0
1782295645.453,0,0,0,0,0,0,0,405392418,171965942272,238709700608,0,0,0,0,0,0,0,0,0,0,0,0,0,0,0,0,0,0,0,0,0,0,0,0,0,0,0,0,0,0,0,0,0,0,0,0,0,0,0,0,0,0,0,0,0,0,0,0,0,0,0,0,0,0,0,0,0,0,7,1663673,10517568,7966012,0,0,0,0,0,0,0,0,0,0,0,0,0,0,0,0,0,0,0,0,0,0,0,0,0,0,0,0,0,0,0,0,0,0,0,0,0,12850823168,4978540544,784352,303866,7903594,1983,0,96,786432,9687569,812136,4,1910462768,12884901888,19575,448790910,0,0,0,0,0,0,0,0,0,0,0,0,0,0,0,0,0,0,7981705,107871492,0,468,1202,7661,620,15963727,35,0,0,0,0,0,0,0,1,0,0,0,0,0,0,0,0,0,0,12140608,0,7903452,71308,0,0,0,0,0,0,0,0,16384,0,0,0,0,0,0,0,0,0,0,0,1388,407,0,0,0,0,0,24257207,0,151,0,4,406,1388,0,0,0,0,0,0,0,0,0,0,0,0,0,0,0,0,0,0,0,0,0,0,0,0,0,0,0,0,0,0,0,0,0,0,0,0,0,0,0,0,0,0,0,0,0,0,0,0,0,0,0,0,0,0,114315006,0,0,0,315268592,0,0,0,0,0,0,0,20344226,10812810,122696075,80901612032,19082144,1,1,0,0,0,0,0,0,0,0,0,0,0,0,0,0,0,0,0,0,0,0,0,0,0,0,0,0,0,0,0,1337756,0,0,0,0,0,0,0
1782295646.522,0,0,0,0,0,0,0,405594491,172955322880,239051704320,0,0,0,0,0,0,0,0,0,0,0,0,0,0,0,0,0,0,0,0,0,0,0,0,0,0,0,0,0,0,0,0,0,0,0,0,0,0,0,0,0,0,0,0,0,0,0,0,0,0,0,0,0,0,0,0,0,0,7,1663700,10578114,7984185,0,0,0,0,0,0,0,0,0,0,0,0,0,0,0,0,0,0,0,0,0,0,0,0,0,0,0,0,0,0,0,0,0,0,0,0,0,12860243968,4975083520,784927,303655,7921767,1404,0,101,786432,9747990,812136,4,1911508390,12884901888,19575,449013450,0,0,0,0,0,0,0,0,0,0,0,0,0,0,0,0,0,0,7986152,107875939,0,468,1202,7661,620,15972620,35,0,0,0,0,0,0,0,1,0,0,0,0,0,0,0,0,0,0,12145614,0,7921625,71509,0,0,0,0,0,0,0,0,16384,0,0,0,0,0,0,0,0,0,0,0,1389,407,0,0,0,0,0,24270728,0,151,0,4,406,1389,0,0,0,0,0,0,0,0,0,0,0,0,0,0,0,0,0,0,0,0,0,0,0,0,0,0,0,0,0,0,0,0,0,0,0,0,0,0,0,0,0,0,0,0,0,0,0,0,0,0,0,0,0,0,114388634,0,0,0,315348776,0,0,0,0,0,0,0,20375960,10873129,122788009,80940088320,19110764,1,0,0,0,0,0,0,0,0,0,0,0,0,0,0,0,0,0,0,0,0,0,0,0,0,0,0,0,0,0,0,1342208,0,0,0,0,0,0,0
1782295647.594,0,0,0,0,0,0,0,405796222,173937297920,239388953600,0,0,0,0,0,0,0,0,0,0,0,0,0,0,0,0,0,0,0,0,0,0,0,0,0,0,0,0,0,0,0,0,0,0,0,0,0,0,0,0,0,0,0,0,0,0,0,0,0,0,0,0,0,0,0,0,0,0,7,1663748,10638198,8002046,0,0,0,0,0,0,0,0,0,0,0,0,0,0,0,0,0,0,0,0,0,0,0,0,0,0,0,0,0,0,0,0,0,0,0,0,0,12858638336,4970430464,784829,303371,7939628,1499,0,104,786432,9807955,812136,4,1912552308,12884901888,19575,449236094,0,0,0,0,0,0,0,0,0,0,0,0,0,0,0,0,0,0,7990589,107880376,0,468,1202,7661,620,15981490,35,0,0,0,0,0,0,0,1,0,0,0,0,0,0,0,0,0,0,12150602,0,7939486,71698,0,0,0,0,0,0,0,0,16384,0,0,0,0,0,0,0,0,0,0,0,1390,407,0,0,0,0,0,24284227,0,151,0,4,406,1390,0,0,0,0,0,0,0,0,0,0,0,0,0,0,0,0,0,0,0,0,0,0,0,0,0,0,0,0,0,0,0,0,0,0,0,0,0,0,0,0,0,0,0,0,0,0,0,0,0,0,0,0,0,0,114462394,0,0,0,315428785,0,0,0,0,0,0,0,20407840,10932993,122879761,80978815488,19139544,1,1,0,0,0,0,0,0,0,0,0,0,0,0,0,0,0,0,0,0,0,0,0,0,0,0,0,0,0,0,0,1346641,0,0,0,0,0,0,0
1782295648.662,0,0,0,0,0,0,0,405987858,174928595456,239731997184,0,0,0,0,0,0,0,0,0,0,0,0,0,0,0,0,0,0,0,0,0,0,0,0,0,0,0,0,0,0,0,0,0,0,0,0,0,0,0,0,0,0,0,0,0,0,0,0,0,0,0,0,0,0,0,0,0,0,7,1663787,10698857,8019717,0,0,0,0,0,0,0,0,0,0,0,0,0,0,0,0,0,0,0,0,0,0,0,0,0,0,0,0,0,0,0,0,0,0,0,0,0,12859080704,4998201344,784856,305066,7957299,1479,0,96,786432,9868494,812136,4,1913637096,12884901888,19575,449527784,0,0,0,0,0,0,0,0,0,0,0,0,0,0,0,0,0,0,7995099,107884885,0,468,1202,7661,620,15990518,35,0,0,0,0,0,0,0,1,0,0,0,0,0,0,0,0,0,0,12155675,0,7957157,71890,0,0,0,0,0,0,0,0,16384,0,0,0,0,0,0,0,0,0,0,0,1392,407,0,0,0,0,0,24297989,0,151,0,4,406,1392,0,0,0,0,0,0,0,0,0,0,0,0,0,0,0,0,0,0,0,0,0,0,0,0,0,0,0,0,0,0,0,0,0,0,0,0,0,0,0,0,0,0,0,0,0,0,0,0,0,0,0,0,0,0,114550771,0,0,0,315544977,0,0,0,0,0,0,0,20440092,10993461,122985936,81024783872,19168513,1,0,0,0,0,0,0,0,0,0,0,0,0,0,0,0,0,0,0,0,0,0,0,0,0,0,0,0,0,0,0,1312753,0,0,0,0,0,0,0
1782295649.731,0,0,0,0,0,0,0,406191872,175921547776,240059880960,0,0,0,0,0,0,0,0,0,0,0,0,0,0,0,0,0,0,0,0,0,0,0,0,0,0,0,0,0,0,0,0,0,0,0,0,0,0,0,0,0,0,0,0,0,0,0,0,0,0,0,0,0,0,0,0,0,0,7,1663808,10759635,8037013,0,0,0,0,0,0,0,0,0,0,0,0,0,0,0,0,0,0,0,0,0,0,0,0,0,0,0,0,0,0,0,0,0,0,0,0,0,12873433088,5009063936,785731,305728,7974595,602,0,98,786432,9929144,812136,4,1914691330,12884901888,19575,449752958,0,0,0,0,0,0,0,0,0,0,0,0,0,0,0,0,0,0,7999579,107889363,0,468,1202,7661,620,15999474,35,0,0,0,0,0,0,0,1,0,0,0,0,0,0,0,0,0,0,12160714,0,7974453,72077,0,0,0,0,0,0,0,0,16384,0,0,0,0,0,0,0,0,0,0,0,1393,407,0,0,0,0,0,24311603,0,151,0,4,406,1393,0,0,0,0,0,0,0,0,0,0,0,0,0,0,0,0,0,0,0,0,0,0,0,0,0,0,0,0,0,0,0,0,0,0,0,0,0,0,0,0,0,0,0,0,0,0,0,0,0,0,0,0,0,0,114625092,0,0,0,315625843,0,0,0,0,0,0,0,20472628,11054028,123077651,81063554560,19197886,0,0,0,0,0,0,0,0,0,0,0,0,0,0,0,0,0,0,0,0,0,0,0,0,0,0,0,0,0,0,0,1317231,0,0,0,0,0,0,0
1782295650.799,0,0,0,0,0,0,0,406392881,176911026688,240403833344,0,0,0,0,0,0,0,0,0,0,0,0,0,0,0,0,0,0,0,0,0,0,0,0,0,0,0,0,0,0,0,0,0,0,0,0,0,0,0,0,0,0,0,0,0,0,0,0,0,0,0,0,0,0,0,0,0,0,7,1663859,10820233,8055286,0,0,0,0,0,0,0,0,0,0,0,0,0,0,0,0,0,0,0,0,0,0,0,0,0,0,0,0,0,0,0,0,0,0,0,0,0,12854902784,4998791168,784600,305102,7992868,1735,0,97,786432,9989622,812136,4,1915730770,12884901888,19575,449971417,0,0,0,0,0,0,0,0,0,0,0,0,0,0,0,0,0,0,8004067,107893854,0,468,1202,7661,620,16008444,35,0,0,0,0,0,0,0,1,0,0,0,0,0,0,0,0,0,0,12165764,0,7992726,72266,0,0,0,0,0,0,0,0,16384,0,0,0,0,0,0,0,0,0,0,0,1394,407,0,0,0,0,0,24325241,0,151,0,4,406,1394,0,0,0,0,0,0,0,0,0,0,0,0,0,0,0,0,0,0,0,0,0,0,0,0,0,0,0,0,0,0,0,0,0,0,0,0,0,0,0,0,0,0,0,0,0,0,0,0,0,0,0,0,0,0,114699220,0,0,0,315706027,0,0,0,0,0,0,0,20505594,11114371,123170155,81102368256,19227505,1,0,0,0,0,0,0,0,0,0,0,0,0,0,0,0,0,0,0,0,0,0,0,0,0,0,0,0,0,0,0,1321720,0,0,0,0,0,0,0
1782295651.869,0,0,0,0,0,0,0,406595488,177898473984,240734205440,0,0,0,0,0,0,0,0,0,0,0,0,0,0,0,0,0,0,0,0,0,0,0,0,0,0,0,0,0,0,0,0,0,0,0,0,0,0,0,0,0,0,0,0,0,0,0,0,0,0,0,0,0,0,0,0,0,0,7,1663904,10880659,8072734,0,0,0,0,0,0,0,0,0,0,0,0,0,0,0,0,0,0,0,0,0,0,0,0,0,0,0,0,0,0,0,0,0,0,0,0,0,12865781760,5004443648,785265,305447,8010316,1070,0,96,786432,10049929,812136,4,1916777367,12884901888,19575,450194426,0,0,0,0,0,0,0,0,0,0,0,0,0,0,0,0,0,0,8008531,107898318,0,468,1202,7661,620,16017374,35,0,0,0,0,0,0,0,1,0,0,0,0,0,0,0,0,0,0,12170785,0,8010174,72452,0,0,0,0,0,0,0,0,16384,0,0,0,0,0,0,0,0,0,0,0,1395,407,0,0,0,0,0,24338830,0,151,0,4,406,1395,0,0,0,0,0,0,0,0,0,0,0,0,0,0,0,0,0,0,0,0,0,0,0,0,0,0,0,0,0,0,0,0,0,0,0,0,0,0,0,0,0,0,0,0,0,0,0,0,0,0,0,0,0,0,114773242,0,0,0,315786431,0,0,0,0,0,0,0,20538318,11174577,123261721,81141162496,19256976,1,0,0,0,0,0,0,0,0,0,0,0,0,0,0,0,0,0,0,0,0,0,0,0,0,0,0,0,0,0,0,1326184,0,0,0,0,0,0,0
1782295652.935,0,0,0,0,0,0,0,406786014,178881645056,241076123136,0,0,0,0,0,0,0,0,0,0,0,0,0,0,0,0,0,0,0,0,0,0,0,0,0,0,0,0,0,0,0,0,0,0,0,0,0,0,0,0,0,0,0,0,0,0,0,0,0,0,0,0,0,0,0,0,0,0,7,1663944,10940814,8090344,0,0,0,0,0,0,0,0,0,0,0,0,0,0,0,0,0,0,0,0,0,0,0,0,0,0,0,0,0,0,0,0,0,0,0,0,0,12868321280,5028986880,785420,306945,8027926,916,0,96,786432,10109987,812136,4,1917858337,12884901888,19575,450487336,0,0,0,0,0,0,0,0,0,0,0,0,0,0,0,0,0,0,8012994,107902780,0,468,1202,7661,620,16026300,35,0,0,0,0,0,0,0,1,0,0,0,0,0,0,0,0,0,0,12175806,0,8027784,72641,0,0,0,0,0,0,0,0,16384,0,0,0,0,0,0,0,0,0,0,0,1396,407,0,0,0,0,0,24352409,0,151,0,4,406,1396,0,0,0,0,0,0,0,0,0,0,0,0,0,0,0,0,0,0,0,0,0,0,0,0,0,0,0,0,0,0,0,0,0,0,0,0,0,0,0,0,0,0,0,0,0,0,0,0,0,0,0,0,0,0,114861789,0,0,0,315902003,0,0,0,0,0,0,0,20570972,11234553,123367984,81187288064,19286327,0,0,0,0,0,0,0,0,0,0,0,0,0,0,0,0,0,0,0,0,0,0,0,0,0,0,0,0,0,0,0,1292249,0,0,0,0,0,0,0
1782295654.002,0,0,0,0,0,0,0,406986257,179867109888,241403381760,0,0,0,0,0,0,0,0,0,0,0,0,0,0,0,0,0,0,0,0,0,0,0,0,0,0,0,0,0,0,0,0,0,0,0,0,0,0,0,0,0,0,0,0,0,0,0,0,0,0,0,0,0,0,0,0,0,0,7,1663978,11001105,8107606,0,0,0,0,0,0,0,0,0,0,0,0,0,0,0,0,0,0,0,0,0,0,0,0,0,0,0,0,0,0,0,0,0,0,0,0,0,12873596928,5036490752,785742,307403,8045188,594,0,96,786432,10170152,812136,4,1918893571,12884901888,19575,450705825,0,0,0,0,0,0,0,0,0,0,0,0,0,0,0,0,0,0,8017453,107907239,0,468,1202,7661,620,16035222,35,0,0,0,0,0,0,0,1,0,0,0,0,0,0,0,0,0,0,12180820,0,8045046,72827,0,0,0,0,0,0,0,0,16384,0,0,0,0,0,0,0,0,0,0,0,1397,407,0,0,0,0,0,24365972,0,151,0,4,406,1397,0,0,0,0,0,0,0,0,0,0,0,0,0,0,0,0,0,0,0,0,0,0,0,0,0,0,0,0,0,0,0,0,0,0,0,0,0,0,0,0,0,0,0,0,0,0,0,0,0,0,0,0,0,0,114935623,0,0,0,315981790,0,0,0,0,0,0,0,20603439,11294650,123459196,81225997824,19315633,1,0,0,0,0,0,0,0,0,0,0,0,0,0,0,0,0,0,0,0,0,0,0,0,0,0,0,0,0,0,0,1296706,0,0,0,0,0,0,0
1782295655.071,0,0,0,0,0,0,0,407184364,180847331840,241765466624,0,0,0,0,0,0,0,0,0,0,0,0,0,0,0,0,0,0,0,0,0,0,0,0,0,0,0,0,0,0,0,0,0,0,0,0,0,0,0,0,0,0,0,0,0,0,0,0,0,0,0,0,0,0,0,0,0,0,7,1664030,11061100,8126862,0,0,0,0,0,0,0,0,0,0,0,0,0,0,0,0,0,0,0,0,0,0,0,0,0,0,0,0,0,0,0,0,0,0,0,0,0,12853248000,5007130624,784500,305611,8062570,1829,0,101,786432,10230022,812136,4,1919917869,12884901888,19575,450920934,0,0,0,0,0,0,0,0,0,0,0,0,0,0,0,0,0,0,8021878,107911662,0,468,1202,7661,620,16044072,35,0,0,0,0,0,0,0,1,0,0,0,0,0,0,0,0,0,0,12185799,0,8064220,73032,0,0,0,0,0,0,0,0,16384,0,0,0,0,0,0,0,0,0,0,0,1398,407,0,0,0,0,0,24379433,0,151,0,4,406,1398,0,0,0,0,0,0,0,0,0,0,0,0,0,0,0,0,0,0,0,0,0,0,0,0,0,0,0,0,0,0,0,0,0,0,0,0,0,0,0,0,0,0,0,0,0,0,0,0,0,0,0,0,0,0,115009252,0,0,0,316060844,0,0,0,0,0,0,0,20635673,11354435,123552210,81264617472,19344408,1,0,0,0,0,0,0,0,0,0,0,0,0,0,0,0,0,0,0,0,0,0,0,0,0,0,0,0,0,0,0,1301132,0,0,0,0,0,0,0
1782295656.139,0,0,0,0,0,0,0,407384615,181822638592,242142035968,0,0,0,0,0,0,0,0,0,0,0,0,0,0,0,0,0,0,0,0,0,0,0,0,0,0,0,0,0,0,0,0,0,0,0,0,0,0,0,0,0,0,0,0,0,0,0,0,0,0,0,0,0,0,0,0,0,0,7,1664103,11120773,8147291,0,0,0,0,0,0,0,0,0,0,0,0,0,0,0,0,0,0,0,0,0,0,0,0,0,0,0,0,0,0,0,0,0,0,0,0,0,12854198272,4964106240,784558,302985,8080137,1778,0,96,786432,10289583,812136,4,1920952220,12884901888,19575,451142167,0,0,0,0,0,0,0,0,0,0,0,0,0,0,0,0,0,0,8026277,107916063,0,468,1202,7661,620,16052867,35,0,0,0,0,0,0,0,1,0,0,0,0,0,0,0,0,0,0,12190747,0,8084731,73245,0,0,0,0,0,0,0,0,16384,0,0,0,0,0,0,0,0,0,0,0,1399,407,0,0,0,0,0,24392809,0,151,0,4,406,1399,0,0,0,0,0,0,0,0,0,0,0,0,0,0,0,0,0,0,0,0,0,0,0,0,0,0,0,0,0,0,0,0,0,0,0,0,0,0,0,0,0,0,0,0,0,0,0,0,0,0,0,0,0,0,115082760,0,0,0,316140202,0,0,0,0,0,0,0,20667056,11413905,123646240,81303211520,19372264,1,0,0,0,0,0,0,0,0,0,0,0,0,0,0,0,0,0,0,0,0,0,0,0,0,0,0,0,0,0,0,1305534,0,0,0,0,0,0,0
1782295657.205,0,0,0,0,0,0,0,407584922,182807349760,242482488320,0,0,0,0,0,0,0,0,0,0,0,0,0,0,0,0,0,0,0,0,0,0,0,0,0,0,0,0,0,0,0,0,0,0,0,0,0,0,0,0,0,0,0,0,0,0,0,0,0,0,0,0,0,0,0,0,0,0,7,1664263,11181032,8165351,0,0,0,0,0,0,0,0,0,0,0,0,0,0,0,0,0,0,0,0,0,0,0,0,0,0,0,0,0,0,0,0,0,0,0,0,0,12863455232,4953702400,785123,302350,8102805,1207,0,103,786432,10349710,812136,4,1921988651,12884901888,19575,451360848,0,0,0,0,0,0,0,0,0,0,0,0,0,0,0,0,0,0,8030724,107920508,0,468,1202,7661,620,16061761,35,0,0,0,0,0,0,0,1,0,0,0,0,0,0,0,0,0,0,12195747,0,8102791,73436,0,0,0,0,0,0,0,0,16384,0,0,0,0,0,0,0,0,0,0,0,1400,407,0,0,0,0,0,24406320,0,151,0,4,406,1400,0,0,0,0,0,0,0,0,0,0,0,0,0,0,0,0,0,0,0,0,0,0,0,0,0,0,0,0,0,0,0,0,0,0,0,0,0,0,0,0,0,0,0,0,0,0,0,0,0,0,0,0,0,0,115156442,0,0,0,316219913,0,0,0,0,0,0,0,20699324,11473941,123738089,81341888000,19401225,1,0,0,0,0,0,0,0,0,0,0,0,0,0,0,0,0,0,0,0,0,0,0,0,0,0,0,0,0,0,0,1309978,0,0,0,0,0,0,0
1782295658.271,0,0,0,0,0,0,0,407777712,183795075584,242825456128,0,0,0,0,0,0,0,0,0,0,0,0,0,0,0,0,0,0,0,0,0,0,0,0,0,0,0,0,0,0,0,0,0,0,0,0,0,0,0,0,0,0,0,0,0,0,0,0,0,0,0,0,0,0,0,0,0,0,7,1664349,11241476,8182972,0,0,0,0,0,0,0,0,0,0,0,0,0,0,0,0,0,0,0,0,0,0,0,0,0,0,0,0,0,0,0,0,0,0,0,0,0,12850298880,4982882304,784321,304131,8120508,2016,0,97,786432,10410023,812136,4,1923081141,12884901888,19575,451658130,0,0,0,0,0,0,0,0,0,0,0,0,0,0,0,0,0,0,8035213,107924997,0,468,1202,7661,620,16070742,35,0,0,0,0,0,0,0,1,0,0,0,0,0,0,0,0,0,0,12200797,0,8120366,73632,0,0,0,0,0,0,0,0,16384,0,0,0,0,0,0,0,0,0,0,0,1401,407,0,0,0,0,0,24419984,0,151,0,4,406,1401,0,0,0,0,0,0,0,0,0,0,0,0,0,0,0,0,0,0,0,0,0,0,0,0,0,0,0,0,0,0,0,0,0,0,0,0,0,0,0,0,0,0,0,0,0,0,0,0,0,0,0,0,0,0,115245598,0,0,0,316336302,0,0,0,0,0,0,0,20731779,11534139,123844976,81388495872,19430375,1,0,0,0,0,0,0,0,0,0,0,0,0,0,0,0,0,0,0,0,0,0,0,0,0,0,0,0,0,0,0,1276065,0,0,0,0,0,0,0
1782295659.339,0,0,0,0,0,0,0,407980640,184791648768,243155473408,0,0,0,0,0,0,0,0,0,0,0,0,0,0,0,0,0,0,0,0,0,0,0,0,0,0,0,0,0,0,0,0,0,0,0,0,0,0,0,0,0,0,0,0,0,0,0,0,0,0,0,0,0,0,0,0,0,0,7,1664377,11302459,8200357,0,0,0,0,0,0,0,0,0,0,0,0,0,0,0,0,0,0,0,0,0,0,0,0,0,0,0,0,0,0,0,0,0,0,0,0,0,12851134464,4990517248,784371,304597,8137939,1965,0,96,786432,10470892,812136,4,1924130733,12884901888,19575,451880458,0,0,0,0,0,0,0,0,0,0,0,0,0,0,0,0,0,0,8039708,107929494,0,468,1202,7661,620,16079728,35,0,0,0,0,0,0,0,1,0,0,0,0,0,0,0,0,0,0,12205853,0,8137797,73828,0,0,0,0,0,0,0,0,16384,0,0,0,0,0,0,0,0,0,0,0,1402,407,0,0,0,0,0,24433663,0,151,0,4,406,1402,0,0,0,0,0,0,0,0,0,0,0,0,0,0,0,0,0,0,0,0,0,0,0,0,0,0,0,0,0,0,0,0,0,0,0,0,0,0,0,0,0,0,0,0,0,0,0,0,0,0,0,0,0,0,115320523,0,0,0,316416987,0,0,0,0,0,0,0,20764905,11594893,123937394,81427962880,19460173,1,1,0,0,0,0,0,0,0,0,0,0,0,0,0,0,0,0,0,0,0,0,0,0,0,0,0,0,0,0,0,1280563,0,0,0,0,0,0,0
1782295660.408,0,0,0,0,0,0,0,408182410,185777719808,243493914112,0,0,0,0,0,0,0,0,0,0,0,0,0,0,0,0,0,0,0,0,0,0,0,0,0,0,0,0,0,0,0,0,0,0,0,0,0,0,0,0,0,0,0,0,0,0,0,0,0,0,0,0,0,0,0,0,0,0,7,1664539,11362795,8218234,0,0,0,0,0,0,0,0,0,0,0,0,0,0,0,0,0,0,0,0,0,0,0,0,0,0,0,0,0,0,0,0,0,0,0,0,0,12856164352,4988780544,784678,304491,8155816,1657,0,96,786432,10531094,812136,4,1925173827,12884901888,19575,452102675,0,0,0,0,0,0,0,0,0,0,0,0,0,0,0,0,0,0,8044164,107933948,0,468,1202,7661,620,16088641,35,0,0,0,0,0,0,0,1,0,0,0,0,0,0,0,0,0,0,12210864,0,8155674,74023,0,0,0,0,0,0,0,0,16384,0,0,0,0,0,0,0,0,0,0,0,1403,407,0,0,0,0,0,24447216,0,151,0,4,406,1403,0,0,0,0,0,0,0,0,0,0,0,0,0,0,0,0,0,0,0,0,0,0,0,0,0,0,0,0,0,0,0,0,0,0,0,0,0,0,0,0,0,0,0,0,0,0,0,0,0,0,0,0,0,0,115395221,0,0,0,316497135,0,0,0,0,0,0,0,20797335,11655005,124030099,81467462656,19489376,0,1,0,0,0,0,0,0,0,0,0,0,0,0,0,0,0,0,0,0,0,0,0,0,0,0,0,0,0,0,0,1285017,0,0,0,0,0,0,0
1782295661.471,0,0,0,0,0,0,0,408383816,186768951808,243823062016,0,0,0,0,0,0,0,0,0,0,0,0,0,0,0,0,0,0,0,0,0,0,0,0,0,0,0,0,0,0,0,0,0,0,0,0,0,0,0,0,0,0,0,0,0,0,0,0,0,0,0,0,0,0,0,0,0,0,7,1664812,11423453,8235571,0,0,0,0,0,0,0,0,0,0,0,0,0,0,0,0,0,0,0,0,0,0,0,0,0,0,0,0,0,0,0,0,0,0,0,0,0,12861554688,4994826240,785007,304860,8173153,1327,0,97,786432,10591628,812136,4,1926215587,12884901888,19575,452322464,0,0,0,0,0,0,0,0,0,0,0,0,0,0,0,0,0,0,8048643,107938428,0,468,1202,7661,620,16097602,35,0,0,0,0,0,0,0,1,0,0,0,0,0,0,0,0,0,0,12215902,0,8173011,74210,0,0,0,0,0,0,0,0,16384,0,0,0,0,0,0,0,0,0,0,0,1404,407,0,0,0,0,0,24460812,0,151,0,4,406,1404,0,0,0,0,0,0,0,0,0,0,0,0,0,0,0,0,0,0,0,0,0,0,0,0,0,0,0,0,0,0,0,0,0,0,0,0,0,0,0,0,0,0,0,0,0,0,0,0,0,0,0,0,0,0,115469379,0,0,0,316577350,0,0,0,0,0,0,0,20829744,11715466,124121708,81506558464,19518617,0,1,0,0,0,0,0,0,0,0,0,0,0,0,0,0,0,0,0,0,0,0,0,0,0,0,0,0,0,0,0,1289498,0,0,0,0,0,0,0
1782295662.540,0,0,0,0,0,0,0,408573212,187754449408,244169470464,0,0,0,0,0,0,0,0,0,0,0,0,0,0,0,0,0,0,0,0,0,0,0,0,0,0,0,0,0,0,0,0,0,0,0,0,0,0,0,0,0,0,0,0,0,0,0,0,0,0,0,0,0,0,0,0,0,0,7,1665013,11483762,8253233,0,0,0,0,0,0,0,0,0,0,0,0,0,0,0,0,0,0,0,0,0,0,0,0,0,0,0,0,0,0,0,0,0,0,0,0,0,12866256896,5020024832,785294,306398,8190815,1041,0,108,786432,10651806,812136,4,1927286618,12884901888,19575,452609430,0,0,0,0,0,0,0,0,0,0,0,0,0,0,0,0,0,0,8053125,107942911,0,468,1202,7661,620,16106565,35,0,0,0,0,0,0,0,1,0,0,0,0,0,0,0,0,0,0,12220944,0,8190673,74404,0,0,0,0,0,0,0,0,16384,0,0,0,0,0,0,0,0,0,0,0,1405,407,0,0,0,0,0,24474457,0,151,0,4,406,1405,0,0,0,0,0,0,0,0,0,0,0,0,0,0,0,0,0,0,0,0,0,0,0,0,0,0,0,0,0,0,0,0,0,0,0,0,0,0,0,0,0,0,0,0,0,0,0,0,0,0,0,0,0,0,115563716,0,0,0,316692748,0,0,0,0,0,0,0,20862711,11775558,124233819,81555902976,19548294,1,0,0,0,0,0,0,0,0,0,0,0,0,0,0,0,0,0,0,0,0,0,0,0,0,0,0,0,0,0,0,1255581,0,0,0,0,0,0,0
1782295663.604,0,0,0,0,0,0,0,408777311,188759443968,244509076992,0,0,0,0,0,0,0,0,0,0,0,0,0,0,0,0,0,0,0,0,0,0,0,0,0,0,0,0,0,0,0,0,0,0,0,0,0,0,0,0,0,0,0,0,0,0,0,0,0,0,0,0,0,0,0,0,0,0,7,1665050,11545287,8271174,0,0,0,0,0,0,0,0,0,0,0,0,0,0,0,0,0,0,0,0,0,0,0,0,0,0,0,0,0,0,0,0,0,0,0,0,0,12858884096,5021663232,784843,306498,8208756,1491,0,98,786432,10713210,812136,4,1928340599,12884901888,19575,452832664,0,0,0,0,0,0,0,0,0,0,0,0,0,0,0,0,0,0,8057657,107947442,0,468,1202,7661,620,16115627,35,0,0,0,0,0,0,0,1,0,0,0,0,0,0,0,0,0,0,12226041,0,8208614,74594,0,0,0,0,0,0,0,0,16384,0,0,0,0,0,0,0,0,0,0,0,1406,407,0,0,0,0,0,24488228,0,151,0,4,406,1406,0,0,0,0,0,0,0,0,0,0,0,0,0,0,0,0,0,0,0,0,0,0,0,0,0,0,0,0,0,0,0,0,0,0,0,0,0,0,0,0,0,0,0,0,0,0,0,0,0,0,0,0,0,0,115638765,0,0,0,316773969,0,0,0,0,0,0,0,20896186,11836844,124326912,81595503616,19578503,0,0,0,0,0,0,0,0,0,0,0,0,0,0,0,0,0,0,0,0,0,0,0,0,0,0,0,0,0,0,0,1260112,0,0,0,0,0,0,0
1782295664.672,0,0,0,0,0,0,0,408978711,189749463552,244835567104,0,0,0,0,0,0,0,0,0,0,0,0,0,0,0,0,0,0,0,0,0,0,0,0,0,0,0,0,0,0,0,0,0,0,0,0,0,0,0,0,0,0,0,0,0,0,0,0,0,0,0,0,0,0,0,0,0,0,7,1665081,11605890,8288357,0,0,0,0,0,0,0,0,0,0,0,0,0,0,0,0,0,0,0,0,0,0,0,0,0,0,0,0,0,0,0,0,0,0,0,0,0,12863094784,5028134912,785100,306893,8225939,1234,0,97,786432,10773696,812136,4,1929380679,12884901888,19575,453051433,0,0,0,0,0,0,0,0,0,0,0,0,0,0,0,0,0,0,8062157,107951942,0,468,1202,7661,620,16124632,35,0,0,0,0,0,0,0,1,0,0,0,0,0,0,0,0,0,0,12231104,0,8225797,74786,0,0,0,0,0,0,0,0,16384,0,0,0,0,0,0,0,0,0,0,0,1408,407,0,0,0,0,0,24501897,0,151,0,4,406,1408,0,0,0,0,0,0,0,0,0,0,0,0,0,0,0,0,0,0,0,0,0,0,0,0,0,0,0,0,0,0,0,0,0,0,0,0,0,0,0,0,0,0,0,0,0,0,0,0,0,0,0,0,0,0,115712249,0,0,0,316854302,0,0,0,0,0,0,0,20928852,11897250,124417701,81634402304,19607860,1,1,0,0,0,0,0,0,0,0,0,0,0,0,0,0,0,0,0,0,0,0,0,0,0,0,0,0,0,0,0,1264611,0,0,0,0,0,0,0
1782295665.739,0,0,0,0,0,0,0,409182144,190742923776,245184139776,0,0,0,0,0,0,0,0,0,0,0,0,0,0,0,0,0,0,0,0,0,0,0,0,0,0,0,0,0,0,0,0,0,0,0,0,0,0,0,0,0,0,0,0,0,0,0,0,0,0,0,0,0,0,0,0,0,0,7,1665107,11666696,8306873,0,0,0,0,0,0,0,0,0,0,0,0,0,0,0,0,0,0,0,0,0,0,0,0,0,0,0,0,0,0,0,0,0,0,0,0,0,12861243392,5014355968,784988,306052,8244455,1347,0,96,786432,10834388,812136,4,1930432727,12884901888,19575,453275068,0,0,0,0,0,0,0,0,0,0,0,0,0,0,0,0,0,0,8066645,107956431,0,468,1202,7661,620,16133607,35,0,0,0,0,0,0,0,1,0,0,0,0,0,0,0,0,0,0,12236151,0,8244313,74979,0,0,0,0,0,0,0,0,16384,0,0,0,0,0,0,0,0,0,0,0,1409,407,0,0,0,0,0,24515545,0,151,0,4,406,1409,0,0,0,0,0,0,0,0,0,0,0,0,0,0,0,0,0,0,0,0,0,0,0,0,0,0,0,0,0,0,0,0,0,0,0,0,0,0,0,0,0,0,0,0,0,0,0,0,0,0,0,0,0,0,115786676,0,0,0,316935079,0,0,0,0,0,0,0,20961441,11957829,124510754,81673600512,19637130,1,0,0,0,0,0,0,0,0,0,0,0,0,0,0,0,0,0,0,0,0,0,0,0,0,0,0,0,0,0,0,1269100,0,0,0,0,0,0,0
1782295666.811,0,0,0,0,0,0,0,409383593,191732845056,245516768768,0,0,0,0,0,0,0,0,0,0,0,0,0,0,0,0,0,0,0,0,0,0,0,0,0,0,0,0,0,0,0,0,0,0,0,0,0,0,0,0,0,0,0,0,0,0,0,0,0,0,0,0,0,0,0,0,0,0,7,1665157,11727267,8324411,0,0,0,0,0,0,0,0,0,0,0,0,0,0,0,0,0,0,0,0,0,0,0,0,0,0,0,0,0,0,0,0,0,0,0,0,0,12860932096,5012537344,784969,305941,8261993,1362,0,101,786432,10894834,812136,4,1931474996,12884901888,19575,453494886,0,0,0,0,0,0,0,0,0,0,0,0,0,0,0,0,0,0,8071127,107960913,0,468,1202,7661,620,16142569,35,0,0,0,0,0,0,0,1,0,0,0,0,0,0,0,0,0,0,12241194,0,8261831,75174,0,0,0,0,0,0,0,0,16384,0,0,0,0,0,0,0,0,0,0,0,1410,407,0,0,0,0,0,24529163,0,151,0,4,406,1410,0,0,0,0,0,0,0,0,0,0,0,0,0,0,0,0,0,0,0,0,0,0,0,0,0,0,0,0,0,0,0,0,0,0,0,0,0,0,0,0,0,0,0,0,0,0,0,0,0,0,0,0,0,0,115861407,0,0,0,317015320,0,0,0,0,0,0,0,20994143,12018184,124603134,81712898048,19666483,1,0,0,0,0,0,0,0,0,0,0,0,0,0,0,0,0,0,0,0,0,0,0,0,0,0,0,0,0,0,0,1273583,0,0,0,0,0,0,0
1782295667.876,0,0,0,0,0,0,0,409573612,192719489536,245861110272,0,0,0,0,0,0,0,0,0,0,0,0,0,0,0,0,0,0,0,0,0,0,0,0,0,0,0,0,0,0,0,0,0,0,0,0,0,0,0,0,0,0,0,0,0,0,0,0,0,0,0,0,0,0,0,0,0,0,7,1665217,11787655,8342120,0,0,0,0,0,0,0,0,0,0,0,0,0,0,0,0,0,0,0,0,0,0,0,0,0,0,0,0,0,0,0,0,0,0,0,0,0,12855869440,5036916736,784660,307429,8279702,1676,0,96,786432,10955097,812136,4,1932548576,12884901888,19575,453782336,0,0,0,0,0,0,0,0,0,0,0,0,0,0,0,0,0,0,8075622,107965406,0,468,1202,7661,620,16151556,35,0,0,0,0,0,0,0,1,0,0,0,0,0,0,0,0,0,0,12246247,0,8279540,75370,0,0,0,0,0,0,0,0,16384,0,0,0,0,0,0,0,0,0,0,0,1411,407,0,0,0,0,0,24542823,0,151,0,4,406,1411,0,0,0,0,0,0,0,0,0,0,0,0,0,0,0,0,0,0,0,0,0,0,0,0,0,0,0,0,0,0,0,0,0,0,0,0,0,0,0,0,0,0,0,0,0,0,0,0,0,0,0,0,0,0,115950336,0,0,0,317131031,0,0,0,0,0,0,0,21026942,12078368,124709869,81759740928,19695818,1,1,0,0,0,0,0,0,0,0,0,0,0,0,0,0,0,0,0,0,0,0,0,0,0,0,0,0,0,0,0,1239676,0,0,0,0,0,0,0
1782295668.942,0,0,0,0,0,0,0,409775669,193707870720,246191084032,0,0,0,0,0,0,0,0,0,0,0,0,0,0,0,0,0,0,0,0,0,0,0,0,0,0,0,0,0,0,0,0,0,0,0,0,0,0,0,0,0,0,0,0,0,0,0,0,0,0,0,0,0,0,0,0,0,0,7,1665260,11848149,8359474,0,0,0,0,0,0,0,0,0,0,0,0,0,0,0,0,0,0,0,0,0,0,0,0,0,0,0,0,0,0,0,0,0,0,0,0,0,12859686912,5041979392,784892,307738,8297056,1437,0,103,786432,11015445,812136,4,1933592773,12884901888,19575,454004705,0,0,0,0,0,0,0,0,0,0,0,0,0,0,0,0,0,0,8080083,107969867,0,468,1202,7661,620,16160484,35,0,0,0,0,0,0,0,1,0,0,0,0,0,0,0,0,0,0,12251267,0,8296894,75551,0,0,0,0,0,0,0,0,16384,0,0,0,0,0,0,0,0,0,0,0,1412,407,0,0,0,0,0,24556401,0,151,0,4,406,1412,0,0,0,0,0,0,0,0,0,0,0,0,0,0,0,0,0,0,0,0,0,0,0,0,0,0,0,0,0,0,0,0,0,0,0,0,0,0,0,0,0,0,0,0,0,0,0,0,0,0,0,0,0,0,116025277,0,0,0,317211279,0,0,0,0,0,0,0,21059338,12138631,124802270,81799377920,19724995,0,0,0,0,0,0,0,0,0,0,0,0,0,0,0,0,0,0,0,0,0,0,0,0,0,0,0,0,0,0,0,1244138,0,0,0,0,0,0,0
1782295670.011,0,0,0,0,0,0,0,409976986,194695203328,246533494272,0,0,0,0,0,0,0,0,0,0,0,0,0,0,0,0,0,0,0,0,0,0,0,0,0,0,0,0,0,0,0,0,0,0,0,0,0,0,0,0,0,0,0,0,0,0,0,0,0,0,0,0,0,0,0,0,0,0,7,1665293,11908569,8377605,0,0,0,0,0,0,0,0,0,0,0,0,0,0,0,0,0,0,0,0,0,0,0,0,0,0,0,0,0,0,0,0,0,0,0,0,0,12866289664,5033492480,785298,307220,8315187,1031,0,99,786432,11075739,812136,4,1934633527,12884901888,19575,454224280,0,0,0,0,0,0,0,0,0,0,0,0,0,0,0,0,0,0,8084562,107974347,0,468,1202,7661,620,16169436,35,0,0,0,0,0,0,0,1,0,0,0,0,0,0,0,0,0,0,12256308,0,8315025,75745,0,0,0,0,0,0,0,0,16384,0,0,0,0,0,0,0,0,0,0,0,1413,407,0,0,0,0,0,24570002,0,151,0,4,406,1413,0,0,0,0,0,0,0,0,0,0,0,0,0,0,0,0,0,0,0,0,0,0,0,0,0,0,0,0,0,0,0,0,0,0,0,0,0,0,0,0,0,0,0,0,0,0,0,0,0,0,0,0,0,0,116099800,0,0,0,317291436,0,0,0,0,0,0,0,21091813,12198803,124895033,81838854656,19754032,1,0,0,0,0,0,0,0,0,0,0,0,0,0,0,0,0,0,0,0,0,0,0,0,0,0,0,0,0,0,0,1248618,0,0,0,0,0,0,0
1782295671.081,0,0,0,0,0,0,0,410177702,195673246208,246893797888,0,0,0,0,0,0,0,0,0,0,0,0,0,0,0,0,0,0,0,0,0,0,0,0,0,0,0,0,0,0,0,0,0,0,0,0,0,0,0,0,0,0,0,0,0,0,0,0,0,0,0,0,0,0,0,0,0,0,7,1665315,11968407,8396889,0,0,0,0,0,0,0,0,0,0,0,0,0,0,0,0,0,0,0,0,0,0,0,0,0,0,0,0,0,0,0,0,0,0,0,0,0,12852527104,5001658368,784456,305277,8332551,1879,0,96,786432,11135448,812136,4,1935671360,12884901888,19575,454446501,0,0,0,0,0,0,0,0,0,0,0,0,0,0,0,0,0,0,8088967,107978752,0,468,1202,7661,620,16178250,35,0,0,0,0,0,0,0,1,0,0,0,0,0,0,0,0,0,0,12261262,0,8334309,75955,0,0,0,0,0,0,0,0,16384,0,0,0,0,0,0,0,0,0,0,0,1414,407,0,0,0,0,0,24583399,0,151,0,4,406,1414,0,0,0,0,0,0,0,0,0,0,0,0,0,0,0,0,0,0,0,0,0,0,0,0,0,0,0,0,0,0,0,0,0,0,0,0,0,0,0,0,0,0,0,0,0,0,0,0,0,0,0,0,0,0,116173006,0,0,0,317371033,0,0,0,0,0,0,0,21123622,12258425,124987653,81877521920,19782488,1,0,0,0,0,0,0,0,0,0,0,0,0,0,0,0,0,0,0,0,0,0,0,0,0,0,0,0,0,0,0,1253024,0,0,0,0,0,0,0
1782295672.144,0,0,0,0,0,0,0,410365205,196636854784,247276211200,0,0,0,0,0,0,0,0,0,0,0,0,0,0,0,0,0,0,0,0,0,0,0,0,0,0,0,0,0,0,0,0,0,0,0,0,0,0,0,0,0,0,0,0,0,0,0,0,0,0,0,0,0,0,0,0,0,0,7,1665372,12027368,8416872,0,0,0,0,0,0,0,0,0,0,0,0,0,0,0,0,0,0,0,0,0,0,0,0,0,0,0,0,0,0,0,0,0,0,0,0,0,12857819136,4982145024,784779,304086,8349426,1557,0,96,786432,11194291,812136,4,1936734459,12884901888,19575,454734817,0,0,0,0,0,0,0,0,0,0,0,0,0,0,0,0,0,0,8093383,107983168,0,468,1202,7661,620,16187077,35,0,0,0,0,0,0,0,1,0,0,0,0,0,0,0,0,0,0,12266228,0,8354256,76153,0,0,0,0,0,0,0,0,16384,0,0,0,0,0,0,0,0,0,0,0,1415,407,0,0,0,0,0,24596816,0,151,0,4,406,1415,0,0,0,0,0,0,0,0,0,0,0,0,0,0,0,0,0,0,0,0,0,0,0,0,0,0,0,0,0,0,0,0,0,0,0,0,0,0,0,0,0,0,0,0,0,0,0,0,0,0,0,0,0,0,116258557,0,0,0,317485537,0,0,0,0,0,0,0,21155290,12317204,125093318,81922675712,19810739,1,0,0,0,0,0,0,0,0,0,0,0,0,0,0,0,0,0,0,0,0,0,0,0,0,0,0,0,0,0,0,1219038,0,0,0,0,0,0,0
1782295673.212,0,0,0,0,0,0,0,410565771,197624924672,247608278528,0,0,0,0,0,0,0,0,0,0,0,0,0,0,0,0,0,0,0,0,0,0,0,0,0,0,0,0,0,0,0,0,0,0,0,0,0,0,0,0,0,0,0,0,0,0,0,0,0,0,0,0,0,0,0,0,0,0,7,1665411,12087850,8434453,0,0,0,0,0,0,0,0,0,0,0,0,0,0,0,0,0,0,0,0,0,0,0,0,0,0,0,0,0,0,0,0,0,0,0,0,0,12865486848,4983521280,785247,304170,8372035,1088,0,96,786432,11254629,812136,4,1937771340,12884901888,19575,454953365,0,0,0,0,0,0,0,0,0,0,0,0,0,0,0,0,0,0,8097854,107987639,0,468,1202,7661,620,16196022,35,0,0,0,0,0,0,0,1,0,0,0,0,0,0,0,0,0,0,12271258,0,8371873,76343,0,0,0,0,0,0,0,0,16384,0,0,0,0,0,0,0,0,0,0,0,1416,407,0,0,0,0,0,24610439,0,151,0,4,406,1416,0,0,0,0,0,0,0,0,0,0,0,0,0,0,0,0,0,0,0,0,0,0,0,0,0,0,0,0,0,0,0,0,0,0,0,0,0,0,0,0,0,0,0,0,0,0,0,0,0,0,0,0,0,0,116334707,0,0,0,317565561,0,0,0,0,0,0,0,21188537,12377476,125187148,81962926592,19840624,1,0,0,0,0,0,0,0,0,0,0,0,0,0,0,0,0,0,0,0,0,0,0,0,0,0,0,0,0,0,0,1223511,0,0,0,0,0,0,0
1782295674.280,0,0,0,0,0,0,0,410766977,198614747648,247939719680,0,0,0,0,0,0,0,0,0,0,0,0,0,0,0,0,0,0,0,0,0,0,0,0,0,0,0,0,0,0,0,0,0,0,0,0,0,0,0,0,0,0,0,0,0,0,0,0,0,0,0,0,0,0,0,0,0,0,7,1665502,12148418,8451904,0,0,0,0,0,0,0,0,0,0,0,0,0,0,0,0,0,0,0,0,0,0,0,0,0,0,0,0,0,0,0,0,0,0,0,0,0,12853084160,4987043840,784490,304384,8389467,1846,0,96,786432,11315059,812136,4,1938813312,12884901888,19575,455172983,0,0,0,0,0,0,0,0,0,0,0,0,0,0,0,0,0,0,8102341,107992125,0,468,1202,7661,620,16204997,35,0,0,0,0,0,0,0,1,0,0,0,0,0,0,0,0,0,0,12276304,0,8389305,76541,0,0,0,0,0,0,0,0,16384,0,0,0,0,0,0,0,0,0,0,0,1417,407,0,0,0,0,0,24624068,0,151,0,4,406,1417,0,0,0,0,0,0,0,0,0,0,0,0,0,0,0,0,0,0,0,0,0,0,0,0,0,0,0,0,0,0,0,0,0,0,0,0,0,0,0,0,0,0,0,0,0,0,0,0,0,0,0,0,0,0,116409078,0,0,0,317645787,0,0,0,0,0,0,0,21221514,12437847,125279100,82002376704,19870201,0,0,0,0,0,0,0,0,0,0,0,0,0,0,0,0,0,0,0,0,0,0,0,0,0,0,0,0,0,0,0,1227995,0,0,0,0,0,0,0
1782295675.350,0,0,0,0,0,0,0,410968545,199607028224,248275697152,0,0,0,0,0,0,0,0,0,0,0,0,0,0,0,0,0,0,0,0,0,0,0,0,0,0,0,0,0,0,0,0,0,0,0,0,0,0,0,0,0,0,0,0,0,0,0,0,0,0,0,0,0,0,0,0,0,0,7,1665546,12209130,8469666,0,0,0,0,0,0,0,0,0,0,0,0,0,0,0,0,0,0,0,0,0,0,0,0,0,0,0,0,0,0,0,0,0,0,0,0,0,12850593792,4983209984,784338,304151,8407248,1998,0,96,786432,11375645,812136,4,1939855028,12884901888,19575,455393302,0,0,0,0,0,0,0,0,0,0,0,0,0,0,0,0,0,0,8106822,107996607,0,468,1202,7661,620,16213960,35,0,0,0,0,0,0,0,1,0,0,0,0,0,0,0,0,0,0,12281346,0,8407086,76736,0,0,0,0,0,0,0,0,16384,0,0,0,0,0,0,0,0,0,0,0,1418,407,0,0,0,0,0,24637717,0,151,0,4,406,1418,0,0,0,0,0,0,0,0,0,0,0,0,0,0,0,0,0,0,0,0,0,0,0,0,0,0,0,0,0,0,0,0,0,0,0,0,0,0,0,0,0,0,0,0,0,0,0,0,0,0,0,0,0,0,116482545,0,0,0,317726019,0,0,0,0,0,0,0,21254043,12498374,125370451,82041412608,19899507,1,0,0,0,0,0,0,0,0,0,0,0,0,0,0,0,0,0,0,0,0,0,0,0,0,0,0,0,0,0,0,1232479,0,0,0,0,0,0,0
1782295676.418,0,0,0,0,0,0,0,411169156,200602339840,248612573184,0,0,0,0,0,0,0,0,0,0,0,0,0,0,0,0,0,0,0,0,0,0,0,0,0,0,0,0,0,0,0,0,0,0,0,0,0,0,0,0,0,0,0,0,0,0,0,0,0,0,0,0,0,0,0,0,0,0,7,1665628,12270061,8487395,0,0,0,0,0,0,0,0,0,0,0,0,0,0,0,0,0,0,0,0,0,0,0,0,0,0,0,0,0,0,0,0,0,0,0,0,0,12856573952,4980473856,784703,303984,8424977,1633,0,96,786432,11436477,812136,4,1940890059,12884901888,19575,455610743,0,0,0,0,0,0,0,0,0,0,0,0,0,0,0,0,0,0,8111319,108001103,0,468,1202,7661,620,16222950,35,0,0,0,0,0,0,0,1,0,0,0,0,0,0,0,0,0,0,12286402,0,8424815,76934,0,0,0,0,0,0,0,0,16384,0,0,0,0,0,0,0,0,0,0,0,1419,407,0,0,0,0,0,24651396,0,151,0,4,406,1419,0,0,0,0,0,0,0,0,0,0,0,0,0,0,0,0,0,0,0,0,0,0,0,0,0,0,0,0,0,0,0,0,0,0,0,0,0,0,0,0,0,0,0,0,0,0,0,0,0,0,0,0,0,0,116558325,0,0,0,317806203,0,0,0,0,0,0,0,21287912,12559103,125464055,82081823232,19929892,0,0,0,0,0,0,0,0,0,0,0,0,0,0,0,0,0,0,0,0,0,0,0,0,0,0,0,0,0,0,0,1236974,0,0,0,0,0,0,0
1782295677.487,0,0,0,0,0,0,0,411357749,201600059904,248957571072,0,0,0,0,0,0,0,0,0,0,0,0,0,0,0,0,0,0,0,0,0,0,0,0,0,0,0,0,0,0,0,0,0,0,0,0,0,0,0,0,0,0,0,0,0,0,0,0,0,0,0,0,0,0,0,0,0,0,7,1665702,12331107,8505119,0,0,0,0,0,0,0,0,0,0,0,0,0,0,0,0,0,0,0,0,0,0,0,0,0,0,0,0,0,0,0,0,0,0,0,0,0,12871516160,5006065664,785615,305546,8442701,720,0,96,786432,11497422,812136,4,1941958706,12884901888,19575,455896820,0,0,0,0,0,0,0,0,0,0,0,0,0,0,0,0,0,0,8115851,108005634,0,468,1202,7661,620,16232015,35,0,0,0,0,0,0,0,1,0,0,0,0,0,0,0,0,0,0,12291499,0,8442539,77118,0,0,0,0,0,0,0,0,16384,0,0,0,0,0,0,0,0,0,0,0,1420,407,0,0,0,0,0,24665170,0,151,0,4,406,1420,0,0,0,0,0,0,0,0,0,0,0,0,0,0,0,0,0,0,0,0,0,0,0,0,0,0,0,0,0,0,0,0,0,0,0,0,0,0,0,0,0,0,0,0,0,0,0,0,0,0,0,0,0,0,116647588,0,0,0,317921755,0,0,0,0,0,0,0,21320706,12619952,125571123,82128874496,19959460,0,1,0,0,0,0,0,0,0,0,0,0,0,0,0,0,0,0,0,0,0,0,0,0,0,0,0,0,0,0,0,1203106,0,0,0,0,0,0,0
1782295678.557,0,0,0,0,0,0,0,411559313,202594716160,249291526656,0,0,0,0,0,0,0,0,0,0,0,0,0,0,0,0,0,0,0,0,0,0,0,0,0,0,0,0,0,0,0,0,0,0,0,0,0,0,0,0,0,0,0,0,0,0,0,0,0,0,0,0,0,0,0,0,0,0,7,1665745,12391986,8522751,0,0,0,0,0,0,0,0,0,0,0,0,0,0,0,0,0,0,0,0,0,0,0,0,0,0,0,0,0,0,0,0,0,0,0,0,0,12855672832,5009014784,784648,305726,8460205,1688,0,96,786432,11558195,812136,4,1943001583,12884901888,19575,456116302,0,0,0,0,0,0,0,0,0,0,0,0,0,0,0,0,0,0,8120353,108010136,0,468,1202,7661,620,16241025,35,0,0,0,0,0,0,0,1,0,0,0,0,0,0,0,0,0,0,12296561,0,8460171,77305,0,0,0,0,0,0,0,0,16384,0,0,0,0,0,0,0,0,0,0,0,1421,407,0,0,0,0,0,24678848,0,151,0,4,406,1421,0,0,0,0,0,0,0,0,0,0,0,0,0,0,0,0,0,0,0,0,0,0,0,0,0,0,0,0,0,0,0,0,0,0,0,0,0,0,0,0,0,0,0,0,0,0,0,0,0,0,0,0,0,0,116721039,0,0,0,318002169,0,0,0,0,0,0,0,21353474,12680611,125662320,82167891456,19989091,0,1,0,0,0,0,0,0,0,0,0,0,0,0,0,0,0,0,0,0,0,0,0,0,0,0,0,0,0,0,0,1207607,0,0,0,0,0,0,0
1782295679.623,0,0,0,0,0,0,0,411762008,203589896704,249627194880,0,0,0,0,0,0,0,0,0,0,0,0,0,0,0,0,0,0,0,0,0,0,0,0,0,0,0,0,0,0,0,0,0,0,0,0,0,0,0,0,0,0,0,0,0,0,0,0,0,0,0,0,0,0,0,0,0,0,7,1665789,12452888,8540405,0,0,0,0,0,0,0,0,0,0,0,0,0,0,0,0,0,0,0,0,0,0,0,0,0,0,0,0,0,0,0,0,0,0,0,0,0,12874579968,5011423232,785802,305873,8477987,531,0,97,786432,11618970,812136,4,1944048802,12884901888,19575,456338901,0,0,0,0,0,0,0,0,0,0,0,0,0,0,0,0,0,0,8124837,108014621,0,468,1202,7661,620,16249985,35,0,0,0,0,0,0,0,1,0,0,0,0,0,0,0,0,0,0,12301607,0,8477825,77493,0,0,0,0,0,0,0,0,16384,0,0,0,0,0,0,0,0,0,0,0,1422,407,0,0,0,0,0,24692479,0,151,0,4,406,1422,0,0,0,0,0,0,0,0,0,0,0,0,0,0,0,0,0,0,0,0,0,0,0,0,0,0,0,0,0,0,0,0,0,0,0,0,0,0,0,0,0,0,0,0,0,0,0,0,0,0,0,0,0,0,116796109,0,0,0,318082816,0,0,0,0,0,0,0,21387071,12741289,125755151,82207974912,20019534,1,0,0,0,0,0,0,0,0,0,0,0,0,0,0,0,0,0,0,0,0,0,0,0,0,0,0,0,0,0,0,1212093,0,0,0,0,0,0,0
1782295680.689,0,0,0,0,0,0,0,411961369,204578785792,249961150464,0,0,0,0,0,0,0,0,0,0,0,0,0,0,0,0,0,0,0,0,0,0,0,0,0,0,0,0,0,0,0,0,0,0,0,0,0,0,0,0,0,0,0,0,0,0,0,0,0,0,0,0,0,0,0,0,0,0,7,1666056,12513401,8558023,0,0,0,0,0,0,0,0,0,0,0,0,0,0,0,0,0,0,0,0,0,0,0,0,0,0,0,0,0,0,0,0,0,0,0,0,0,12853035008,5012963328,784487,305967,8495605,1847,0,97,786432,11679355,812136,4,1945077954,12884901888,19575,456554665,0,0,0,0,0,0,0,0,0,0,0,0,0,0,0,0,0,0,8129321,108019106,0,468,1202,7661,620,16258958,35,0,0,0,0,0,0,0,1,0,0,0,0,0,0,0,0,0,0,12306652,0,8495443,77682,0,0,0,0,0,0,0,0,16384,0,0,0,0,0,0,0,0,0,0,0,1424,407,0,0,0,0,0,24706104,0,151,0,4,406,1424,0,0,0,0,0,0,0,0,0,0,0,0,0,0,0,0,0,0,0,0,0,0,0,0,0,0,0,0,0,0,0,0,0,0,0,0,0,0,0,0,0,0,0,0,0,0,0,0,0,0,0,0,0,0,116869273,0,0,0,318162533,0,0,0,0,0,0,0,21419786,12801566,125846059,82247028224,20048939,1,0,0,0,0,0,0,0,0,0,0,0,0,0,0,0,0,0,0,0,0,0,0,0,0,0,0,0,0,0,0,1216577,0,0,0,0,0,0,0
1782295681.755,0,0,0,0,0,0,0,412152024,205564791296,250300354048,0,0,0,0,0,0,0,0,0,0,0,0,0,0,0,0,0,0,0,0,0,0,0,0,0,0,0,0,0,0,0,0,0,0,0,0,0,0,0,0,0,0,0,0,0,0,0,0,0,0,0,0,0,0,0,0,0,0,7,1666340,12573728,8575397,0,0,0,0,0,0,0,0,0,0,0,0,0,0,0,0,0,0,0,0,0,0,0,0,0,0,0,0,0,0,0,0,0,0,0,0,0,12875120640,5044895744,785835,307916,8512979,501,0,96,786432,11739589,812136,4,1946158288,12884901888,19575,456846501,0,0,0,0,0,0,0,0,0,0,0,0,0,0,0,0,0,0,8133812,108023594,0,468,1202,7661,620,16267936,35,0,0,0,0,0,0,0,1,0,0,0,0,0,0,0,0,0,0,12311701,0,8512817,77866,0,0,0,0,0,0,0,0,16384,0,0,0,0,0,0,0,0,0,0,0,1425,407,0,0,0,0,0,24719747,0,151,0,4,406,1425,0,0,0,0,0,0,0,0,0,0,0,0,0,0,0,0,0,0,0,0,0,0,0,0,0,0,0,0,0,0,0,0,0,0,0,0,0,0,0,0,0,0,0,0,0,0,0,0,0,0,0,0,0,0,116957191,0,0,0,318278278,0,0,0,0,0,0,0,21452024,12861701,125951455,82293574144,20078003,1,0,0,0,0,0,0,0,0,0,0,0,0,0,0,0,0,0,0,0,0,0,0,0,0,0,0,0,0,0,0,1182665,0,0,0,0,0,0,0
1782295682.819,0,0,0,0,0,0,0,412354749,206559595008,250641136128,0,0,0,0,0,0,0,0,0,0,0,0,0,0,0,0,0,0,0,0,0,0,0,0,0,0,0,0,0,0,0,0,0,0,0,0,0,0,0,0,0,0,0,0,0,0,0,0,0,0,0,0,0,0,0,0,0,0,7,1666441,12634635,8593404,0,0,0,0,0,0,0,0,0,0,0,0,0,0,0,0,0,0,0,0,0,0,0,0,0,0,0,0,0,0,0,0,0,0,0,0,0,12853411840,5040095232,784510,307623,8530986,1825,0,97,786432,11800362,812136,4,1947205822,12884901888,19575,457069176,0,0,0,0,0,0,0,0,0,0,0,0,0,0,0,0,0,0,8138304,108028089,0,468,1202,7661,620,16276920,35,0,0,0,0,0,0,0,1,0,0,0,0,0,0,0,0,0,0,12316756,0,8530824,78055,0,0,0,0,0,0,0,0,16384,0,0,0,0,0,0,0,0,0,0,0,1426,407,0,0,0,0,0,24733395,0,151,0,4,406,1426,0,0,0,0,0,0,0,0,0,0,0,0,0,0,0,0,0,0,0,0,0,0,0,0,0,0,0,0,0,0,0,0,0,0,0,0,0,0,0,0,0,0,0,0,0,0,0,0,0,0,0,0,0,0,117030953,0,0,0,318358980,0,0,0,0,0,0,0,21485156,12922382,126043323,82333051392,20107694,1,0,0,0,0,0,0,0,0,0,0,0,0,0,0,0,0,0,0,0,0,0,0,0,0,0,0,0,0,0,0,1187157,0,0,0,0,0,0,0
1782295683.888,0,0,0,0,0,0,0,412558711,207556086272,250972213760,0,0,0,0,0,0,0,0,0,0,0,0,0,0,0,0,0,0,0,0,0,0,0,0,0,0,0,0,0,0,0,0,0,0,0,0,0,0,0,0,0,0,0,0,0,0,0,0,0,0,0,0,0,0,0,0,0,0,7,1666489,12695622,8610687,0,0,0,0,0,0,0,0,0,0,0,0,0,0,0,0,0,0,0,0,0,0,0,0,0,0,0,0,0,0,0,0,0,0,0,0,0,12865241088,5047418880,785232,308070,8548269,1104,0,96,786432,11861244,812136,4,1948261229,12884901888,19575,457294180,0,0,0,0,0,0,0,0,0,0,0,0,0,0,0,0,0,0,8142803,108032588,0,468,1202,7661,620,16285920,35,0,0,0,0,0,0,0,1,0,0,0,0,0,0,0,0,0,0,12321818,0,8548107,78240,0,0,0,0,0,0,0,0,16384,0,0,0,0,0,0,0,0,0,0,0,1427,407,0,0,0,0,0,24747062,0,151,0,4,406,1427,0,0,0,0,0,0,0,0,0,0,0,0,0,0,0,0,0,0,0,0,0,0,0,0,0,0,0,0,0,0,0,0,0,0,0,0,0,0,0,0,0,0,0,0,0,0,0,0,0,0,0,0,0,0,117107616,0,0,0,318440033,0,0,0,0,0,0,0,21518921,12983134,126137393,82374489600,20138219,1,0,0,0,0,0,0,0,0,0,0,0,0,0,0,0,0,0,0,0,0,0,0,0,0,0,0,0,0,0,0,1191659,0,0,0,0,0,0,0
1782295684.955,0,0,0,0,0,0,0,412761501,208551479808,251318708736,0,0,0,0,0,0,0,0,0,0,0,0,0,0,0,0,0,0,0,0,0,0,0,0,0,0,0,0,0,0,0,0,0,0,0,0,0,0,0,0,0,0,0,0,0,0,0,0,0,0,0,0,0,0,0,0,0,0,7,1666628,12756556,8628995,0,0,0,0,0,0,0,0,0,0,0,0,0,0,0,0,0,0,0,0,0,0,0,0,0,0,0,0,0,0,0,0,0,0,0,0,0,12860653568,5038080000,784951,307500,8566577,1379,0,101,786432,11922058,812136,4,1949310440,12884901888,19575,457515439,0,0,0,0,0,0,0,0,0,0,0,0,0,0,0,0,0,0,8147330,108037114,0,468,1202,7661,620,16294971,35,0,0,0,0,0,0,0,1,0,0,0,0,0,0,0,0,0,0,12326905,0,8566415,78443,0,0,0,0,0,0,0,0,16384,0,0,0,0,0,0,0,0,0,0,0,1428,407,0,0,0,0,0,24760808,0,151,0,4,406,1428,0,0,0,0,0,0,0,0,0,0,0,0,0,0,0,0,0,0,0,0,0,0,0,0,0,0,0,0,0,0,0,0,0,0,0,0,0,0,0,0,0,0,0,0,0,0,0,0,0,0,0,0,0,0,117182344,0,0,0,318520910,0,0,0,0,0,0,0,21551857,13043840,126230554,82414652928,20167700,1,0,0,0,0,0,0,0,0,0,0,0,0,0,0,0,0,0,0,0,0,0,0,0,0,0,0,0,0,0,0,1196185,0,0,0,0,0,0,0
1782295686.024,0,0,0,0,0,0,0,412962247,209540631040,251651858944,0,0,0,0,0,0,0,0,0,0,0,0,0,0,0,0,0,0,0,0,0,0,0,0,0,0,0,0,0,0,0,0,0,0,0,0,0,0,0,0,0,0,0,0,0,0,0,0,0,0,0,0,0,0,0,0,0,0,7,1666923,12817081,8646502,0,0,0,0,0,0,0,0,0,0,0,0,0,0,0,0,0,0,0,0,0,0,0,0,0,0,0,0,0,0,0,0,0,0,0,0,0,12866682880,5039996928,785320,307617,8584084,1015,0,96,786432,11982457,812136,4,1950346611,12884901888,19575,457734363,0,0,0,0,0,0,0,0,0,0,0,0,0,0,0,0,0,0,8151819,108041601,0,468,1202,7661,620,16303954,35,0,0,0,0,0,0,0,1,0,0,0,0,0,0,0,0,0,0,12331953,0,8583922,78628,0,0,0,0,0,0,0,0,16384,0,0,0,0,0,0,0,0,0,0,0,1429,407,0,0,0,0,0,24774458,0,151,0,4,406,1429,0,0,0,0,0,0,0,0,0,0,0,0,0,0,0,0,0,0,0,0,0,0,0,0,0,0,0,0,0,0,0,0,0,0,0,0,0,0,0,0,0,0,0,0,0,0,0,0,0,0,0,0,0,0,117256794,0,0,0,318601118,0,0,0,0,0,0,0,21584743,13104142,126322613,82454688256,20197276,1,0,0,0,0,0,0,0,0,0,0,0,0,0,0,0,0,0,0,0,0,0,0,0,0,0,0,0,0,0,0,1200673,0,0,0,0,0,0,0
1782295687.092,0,0,0,0,0,0,0,413147271,210513283584,252026761728,0,0,0,0,0,0,0,0,0,0,0,0,0,0,0,0,0,0,0,0,0,0,0,0,0,0,0,0,0,0,0,0,0,0,0,0,0,0,0,0,0,0,0,0,0,0,0,0,0,0,0,0,0,0,0,0,0,0,7,1667096,12876595,8666008,0,0,0,0,0,0,0,0,0,0,0,0,0,0,0,0,0,0,0,0,0,0,0,0,0,0,0,0,0,0,0,0,0,0,0,0,0,12850266112,5031886848,784318,307120,8601166,2014,0,100,786432,12041867,812136,4,1951393711,12884901888,19575,458014544,0,0,0,0,0,0,0,0,0,0,0,0,0,0,0,0,0,0,8156236,108046020,0,468,1202,7661,620,16312787,35,0,0,0,0,0,0,0,1,0,0,0,0,0,0,0,0,0,0,12336923,0,8603180,78844,0,0,0,0,0,0,0,0,16384,0,0,0,0,0,0,0,0,0,0,0,1430,407,0,0,0,0,0,24787892,0,151,0,4,406,1430,0,0,0,0,0,0,0,0,0,0,0,0,0,0,0,0,0,0,0,0,0,0,0,0,0,0,0,0,0,0,0,0,0,0,0,0,0,0,0,0,0,0,0,0,0,0,0,0,0,0,0,0,0,0,117345403,0,0,0,318715060,0,0,0,0,0,0,0,21616555,13163451,126430868,82501686784,20225423,1,0,0,0,0,0,0,0,0,0,0,0,0,0,0,0,0,0,0,0,0,0,0,0,0,0,0,0,0,0,0,1166691,0,0,0,0,0,0,0
1782295688.160,0,0,0,0,0,0,0,413345746,211488033280,252392754176,0,0,0,0,0,0,0,0,0,0,0,0,0,0,0,0,0,0,0,0,0,0,0,0,0,0,0,0,0,0,0,0,0,0,0,0,0,0,0,0,0,0,0,0,0,0,0,0,0,0,0,0,0,0,0,0,0,0,7,1667133,12936269,8685588,0,0,0,0,0,0,0,0,0,0,0,0,0,0,0,0,0,0,0,0,0,0,0,0,0,0,0,0,0,0,0,0,0,0,0,0,0,12864946176,4998971392,785216,305113,8623170,1122,0,104,786432,12101413,812136,4,1952419960,12884901888,19575,458230669,0,0,0,0,0,0,0,0,0,0,0,0,0,0,0,0,0,0,8160674,108050459,0,468,1202,7661,620,16321659,35,0,0,0,0,0,0,0,1,0,0,0,0,0,0,0,0,0,0,12341915,0,8623008,79037,0,0,0,0,0,0,0,0,16384,0,0,0,0,0,0,0,0,0,0,0,1431,407,0,0,0,0,0,24801374,0,151,0,4,406,1431,0,0,0,0,0,0,0,0,0,0,0,0,0,0,0,0,0,0,0,0,0,0,0,0,0,0,0,0,0,0,0,0,0,0,0,0,0,0,0,0,0,0,0,0,0,0,0,0,0,0,0,0,0,0,117419747,0,0,0,318794322,0,0,0,0,0,0,0,21648416,13222918,126524892,82541579264,20254008,1,1,0,0,0,0,0,0,0,0,0,0,0,0,0,0,0,0,0,0,0,0,0,0,0,0,0,0,0,0,0,1171130,0,0,0,0,0,0,0
1782295689.228,0,0,0,0,0,0,0,413545657,212464159232,252733131264,0,0,0,0,0,0,0,0,0,0,0,0,0,0,0,0,0,0,0,0,0,0,0,0,0,0,0,0,0,0,0,0,0,0,0,0,0,0,0,0,0,0,0,0,0,0,0,0,0,0,0,0,0,0,0,0,0,0,7,1667176,12996003,8703463,0,0,0,0,0,0,0,0,0,0,0,0,0,0,0,0,0,0,0,0,0,0,0,0,0,0,0,0,0,0,0,0,0,0,0,0,0,12866797568,4995072000,785327,304875,8641045,1007,0,97,786432,12161025,812136,4,1953453781,12884901888,19575,458450654,0,0,0,0,0,0,0,0,0,0,0,0,0,0,0,0,0,0,8165093,108054878,0,468,1202,7661,620,16330499,35,0,0,0,0,0,0,0,1,0,0,0,0,0,0,0,0,0,0,12346888,0,8640883,79228,0,0,0,0,0,0,0,0,16384,0,0,0,0,0,0,0,0,0,0,0,1432,407,0,0,0,0,0,24814801,0,151,0,4,406,1432,0,0,0,0,0,0,0,0,0,0,0,0,0,0,0,0,0,0,0,0,0,0,0,0,0,0,0,0,0,0,0,0,0,0,0,0,0,0,0,0,0,0,0,0,0,0,0,0,0,0,0,0,0,0,117495934,0,0,0,318873826,0,0,0,0,0,0,0,21681000,13282464,126619071,82582693888,20283288,1,0,0,0,0,0,0,0,0,0,0,0,0,0,0,0,0,0,0,0,0,0,0,0,0,0,0,0,0,0,0,1175550,0,0,0,0,0,0,0
1782295690.295,0,0,0,0,0,0,0,413746056,213437073920,253069969408,0,0,0,0,0,0,0,0,0,0,0,0,0,0,0,0,0,0,0,0,0,0,0,0,0,0,0,0,0,0,0,0,0,0,0,0,0,0,0,0,0,0,0,0,0,0,0,0,0,0,0,0,0,0,0,0,0,0,7,1667227,13055544,8721212,0,0,0,0,0,0,0,0,0,0,0,0,0,0,0,0,0,0,0,0,0,0,0,0,0,0,0,0,0,0,0,0,0,0,0,0,0,12852789248,4987060224,784472,304386,8658794,1861,0,96,786432,12220417,812136,4,1954491879,12884901888,19575,458671774,0,0,0,0,0,0,0,0,0,0,0,0,0,0,0,0,0,0,8169517,108059301,0,468,1202,7661,620,16339353,35,0,0,0,0,0,0,0,1,0,0,0,0,0,0,0,0,0,0,12351864,0,8658632,79423,0,0,0,0,0,0,0,0,16384,0,0,0,0,0,0,0,0,0,0,0,1433,407,0,0,0,0,0,24828253,0,151,0,4,406,1433,0,0,0,0,0,0,0,0,0,0,0,0,0,0,0,0,0,0,0,0,0,0,0,0,0,0,0,0,0,0,0,0,0,0,0,0,0,0,0,0,0,0,0,0,0,0,0,0,0,0,0,0,0,0,117570425,0,0,0,318953503,0,0,0,0,0,0,0,21712555,13341808,126711433,82622711296,20311639,0,1,0,0,0,0,0,0,0,0,0,0,0,0,0,0,0,0,0,0,0,0,0,0,0,0,0,0,0,0,0,1179972,0,0,0,0,0,0,0
1782295691.363,0,0,0,0,0,0,0,413942849,214419474944,253399801344,0,0,0,0,0,0,0,0,0,0,0,0,0,0,0,0,0,0,0,0,0,0,0,0,0,0,0,0,0,0,0,0,0,0,0,0,0,0,0,0,0,0,0,0,0,0,0,0,0,0,0,0,0,0,0,0,0,0,7,1667302,13115674,8738350,0,0,0,0,0,0,0,0,0,0,0,0,0,0,0,0,0,0,0,0,0,0,0,0,0,0,0,0,0,0,0,0,0,0,0,0,0,12854394880,4997464064,784570,305021,8675932,1757,0,105,786432,12280416,812136,4,1955533841,12884901888,19575,458909025,0,0,0,0,0,0,0,0,0,0,0,0,0,0,0,0,0,0,8173966,108063751,0,468,1202,7661,620,16348246,35,0,0,0,0,0,0,0,1,0,0,0,0,0,0,0,0,0,0,12356868,0,8675770,79613,0,0,0,0,0,0,0,0,16384,0,0,0,0,0,0,0,0,0,0,0,1434,407,0,0,0,0,0,24841773,0,151,0,4,406,1434,0,0,0,0,0,0,0,0,0,0,0,0,0,0,0,0,0,0,0,0,0,0,0,0,0,0,0,0,0,0,0,0,0,0,0,0,0,0,0,0,0,0,0,0,0,0,0,0,0,0,0,0,0,0,117648708,0,0,0,319042763,0,0,0,0,0,0,0,21743857,13401717,126806933,82665020416,20339731,1,0,0,0,0,0,0,0,0,0,0,0,0,0,0,0,0,0,0,0,0,0,0,0,0,0,0,0,0,0,0,1174081,0,0,0,0,0,0,0
1782295692.432,0,0,0,0,0,0,0,414137315,215407249920,253739035136,0,0,0,0,0,0,0,0,0,0,0,0,0,0,0,0,0,0,0,0,0,0,0,0,0,0,0,0,0,0,0,0,0,0,0,0,0,0,0,0,0,0,0,0,0,0,0,0,0,0,0,0,0,0,0,0,0,0,7,1667376,13176126,8755848,0,0,0,0,0,0,0,0,0,0,0,0,0,0,0,0,0,0,0,0,0,0,0,0,0,0,0,0,0,0,0,0,0,0,0,0,0,12855132160,5019860992,784615,306388,8693430,1711,0,105,786432,12340747,812136,4,1956608644,12884901888,19575,459182093,0,0,0,0,0,0,0,0,0,0,0,0,0,0,0,0,0,0,8178454,108068238,0,468,1202,7661,620,16357226,35,0,0,0,0,0,0,0,1,0,0,0,0,0,0,0,0,0,0,12361913,0,8693268,79799,0,0,0,0,0,0,0,0,16384,0,0,0,0,0,0,0,0,0,0,0,1435,407,0,0,0,0,0,24855403,0,151,0,4,406,1435,0,0,0,0,0,0,0,0,0,0,0,0,0,0,0,0,0,0,0,0,0,0,0,0,0,0,0,0,0,0,0,0,0,0,0,0,0,0,0,0,0,0,0,0,0,0,0,0,0,0,0,0,0,0,117732791,0,0,0,319149218,0,0,0,0,0,0,0,21775780,13461948,126908657,82709966848,20368416,1,0,0,0,0,0,0,0,0,0,0,0,0,0,0,0,0,0,0,0,0,0,0,0,0,0,0,0,0,0,0,1150508,0,0,0,0,0,0,0
1782295693.501,0,0,0,0,0,0,0,414339831,216399071744,254069210112,0,0,0,0,0,0,0,0,0,0,0,0,0,0,0,0,0,0,0,0,0,0,0,0,0,0,0,0,0,0,0,0,0,0,0,0,0,0,0,0,0,0,0,0,0,0,0,0,0,0,0,0,0,0,0,0,0,0,7,1667434,13236830,8773178,0,0,0,0,0,0,0,0,0,0,0,0,0,0,0,0,0,0,0,0,0,0,0,0,0,0,0,0,0,0,0,0,0,0,0,0,0,12856442880,5025513472,784695,306733,8710760,1640,0,96,786432,12401331,812136,4,1957655179,12884901888,19575,459404512,0,0,0,0,0,0,0,0,0,0,0,0,0,0,0,0,0,0,8182940,108072725,0,468,1202,7661,620,16366197,35,0,0,0,0,0,0,0,1,0,0,0,0,0,0,0,0,0,0,12366960,0,8710598,79984,0,0,0,0,0,0,0,0,16384,0,0,0,0,0,0,0,0,0,0,0,1436,407,0,0,0,0,0,24869048,0,151,0,4,406,1436,0,0,0,0,0,0,0,0,0,0,0,0,0,0,0,0,0,0,0,0,0,0,0,0,0,0,0,0,0,0,0,0,0,0,0,0,0,0,0,0,0,0,0,0,0,0,0,0,0,0,0,0,0,0,117806544,0,0,0,319229872,0,0,0,0,0,0,0,21808448,13522412,126999858,82750062592,20397771,1,0,0,0,0,0,0,0,0,0,0,0,0,0,0,0,0,0,0,0,0,0,0,0,0,0,0,0,0,0,0,1154994,0,0,0,0,0,0,0
1782295694.571,0,0,0,0,0,0,0,414537669,217379768832,254409993216,0,0,0,0,0,0,0,0,0,0,0,0,0,0,0,0,0,0,0,0,0,0,0,0,0,0,0,0,0,0,0,0,0,0,0,0,0,0,0,0,0,0,0,0,0,0,0,0,0,0,0,0,0,0,0,0,0,0,7,1667493,13296837,8791166,0,0,0,0,0,0,0,0,0,0,0,0,0,0,0,0,0,0,0,0,0,0,0,0,0,0,0,0,0,0,0,0,0,0,0,0,0,12865011712,5011750912,785217,305893,8728748,1118,0,97,786432,12461217,812136,4,1958677360,12884901888,19575,459619506,0,0,0,0,0,0,0,0,0,0,0,0,0,0,0,0,0,0,8187376,108077161,0,468,1202,7661,620,16375068,35,0,0,0,0,0,0,0,1,0,0,0,0,0,0,0,0,0,0,12371951,0,8728586,80177,0,0,0,0,0,0,0,0,16384,0,0,0,0,0,0,0,0,0,0,0,1437,407,0,0,0,0,0,24882522,0,151,0,4,406,1437,0,0,0,0,0,0,0,0,0,0,0,0,0,0,0,0,0,0,0,0,0,0,0,0,0,0,0,0,0,0,0,0,0,0,0,0,0,0,0,0,0,0,0,0,0,0,0,0,0,0,0,0,0,0,117879615,0,0,0,319308985,0,0,0,0,0,0,0,21840647,13582245,127091033,82789858304,20426766,0,0,0,0,0,0,0,0,0,0,0,0,0,0,0,0,0,0,0,0,0,0,0,0,0,0,0,0,0,0,0,1159433,0,0,0,0,0,0,0
1782295695.635,0,0,0,0,0,0,0,414740393,218367511040,254742860800,0,0,0,0,0,0,0,0,0,0,0,0,0,0,0,0,0,0,0,0,0,0,0,0,0,0,0,0,0,0,0,0,0,0,0,0,0,0,0,0,0,0,0,0,0,0,0,0,0,0,0,0,0,0,0,0,0,0,7,1667600,13357284,8808597,0,0,0,0,0,0,0,0,0,0,0,0,0,0,0,0,0,0,0,0,0,0,0,0,0,0,0,0,0,0,0,0,0,0,0,0,0,12856426496,5011537920,784694,305881,8746028,1642,0,99,786432,12521539,812136,4,1959726833,12884901888,19575,459843379,0,0,0,0,0,0,0,0,0,0,0,0,0,0,0,0,0,0,8191845,108081628,0,468,1202,7661,620,16384006,35,0,0,0,0,0,0,0,1,0,0,0,0,0,0,0,0,0,0,12376975,0,8745994,80370,0,0,0,0,0,0,0,0,16384,0,0,0,0,0,0,0,0,0,0,0,1438,407,0,0,0,0,0,24896093,0,151,0,4,406,1438,0,0,0,0,0,0,0,0,0,0,0,0,0,0,0,0,0,0,0,0,0,0,0,0,0,0,0,0,0,0,0,0,0,0,0,0,0,0,0,0,0,0,0,0,0,0,0,0,0,0,0,0,0,0,117953573,0,0,0,319389625,0,0,0,0,0,0,0,21872876,13642482,127182575,82830266880,20455836,1,0,0,0,0,0,0,0,0,0,0,0,0,0,0,0,0,0,0,0,0,0,0,0,0,0,0,0,0,0,0,1163899,0,0,0,0,0,0,0
1782295696.704,0,0,0,0,0,0,0,414930248,219359578624,255089003008,0,0,0,0,0,0,0,0,0,0,0,0,0,0,0,0,0,0,0,0,0,0,0,0,0,0,0,0,0,0,0,0,0,0,0,0,0,0,0,0,0,0,0,0,0,0,0,0,0,0,0,0,0,0,0,0,0,0,7,1667710,13417995,8826346,0,0,0,0,0,0,0,0,0,0,0,0,0,0,0,0,0,0,0,0,0,0,0,0,0,0,0,0,0,0,0,0,0,0,0,0,0,12856246272,5033197568,784683,307202,8763870,1653,0,96,786432,12582123,812136,4,1960803305,12884901888,19575,460132732,0,0,0,0,0,0,0,0,0,0,0,0,0,0,0,0,0,0,8196352,108086137,0,468,1202,7661,620,16393026,35,0,0,0,0,0,0,0,1,0,0,0,0,0,0,0,0,0,0,12382049,0,8763708,80564,0,0,0,0,0,0,0,0,16384,0,0,0,0,0,0,0,0,0,0,0,1440,407,0,0,0,0,0,24909834,0,151,0,4,406,1440,0,0,0,0,0,0,0,0,0,0,0,0,0,0,0,0,0,0,0,0,0,0,0,0,0,0,0,0,0,0,0,0,0,0,0,0,0,0,0,0,0,0,0,0,0,0,0,0,0,0,0,0,0,0,118041524,0,0,0,319505475,0,0,0,0,0,0,0,21905198,13702981,127288379,82877580288,20484893,1,0,0,0,0,0,0,0,0,0,0,0,0,0,0,0,0,0,0,0,0,0,0,0,0,0,0,0,0,0,0,1130008,0,0,0,0,0,0,0
1782295697.777,0,0,0,0,0,0,0,415130933,220348320256,255421006848,0,0,0,0,0,0,0,0,0,0,0,0,0,0,0,0,0,0,0,0,0,0,0,0,0,0,0,0,0,0,0,0,0,0,0,0,0,0,0,0,0,0,0,0,0,0,0,0,0,0,0,0,0,0,0,0,0,0,7,1667784,13478522,8843783,0,0,0,0,0,0,0,0,0,0,0,0,0,0,0,0,0,0,0,0,0,0,0,0,0,0,0,0,0,0,0,0,0,0,0,0,0,12861374464,5035425792,784996,307338,8781365,1339,0,96,786432,12642524,812136,4,1961842461,12884901888,19575,460352590,0,0,0,0,0,0,0,0,0,0,0,0,0,0,0,0,0,0,8200808,108090591,0,468,1202,7661,620,16401929,35,0,0,0,0,0,0,0,1,0,0,0,0,0,0,0,0,0,0,12387058,0,8781203,80751,0,0,0,0,0,0,0,0,16384,0,0,0,0,0,0,0,0,0,0,0,1441,407,0,0,0,0,0,24923375,0,151,0,4,406,1441,0,0,0,0,0,0,0,0,0,0,0,0,0,0,0,0,0,0,0,0,0,0,0,0,0,0,0,0,0,0,0,0,0,0,0,0,0,0,0,0,0,0,0,0,0,0,0,0,0,0,0,0,0,0,118114815,0,0,0,319585446,0,0,0,0,0,0,0,21937599,13763314,127379189,82917648384,20513992,1,0,0,0,0,0,0,0,0,0,0,0,0,0,0,0,0,0,0,0,0,0,0,0,0,0,0,0,0,0,0,1134462,0,0,0,0,0,0,0
1782295698.845,0,0,0,0,0,0,0,415333156,221338241536,255755070976,0,0,0,0,0,0,0,0,0,0,0,0,0,0,0,0,0,0,0,0,0,0,0,0,0,0,0,0,0,0,0,0,0,0,0,0,0,0,0,0,0,0,0,0,0,0,0,0,0,0,0,0,0,0,0,0,0,0,7,1667852,13539106,8861275,0,0,0,0,0,0,0,0,0,0,0,0,0,0,0,0,0,0,0,0,0,0,0,0,0,0,0,0,0,0,0,0,0,0,0,0,0,12855623680,5035556864,784645,307346,8798729,1689,0,97,786432,12702982,812136,4,1962887880,12884901888,19575,460574757,0,0,0,0,0,0,0,0,0,0,0,0,0,0,0,0,0,0,8205296,108095081,0,468,1202,7661,620,16410905,35,0,0,0,0,0,0,0,1,0,0,0,0,0,0,0,0,0,0,12392110,0,8798695,80942,0,0,0,0,0,0,0,0,16384,0,0,0,0,0,0,0,0,0,0,0,1442,407,0,0,0,0,0,24937038,0,151,0,4,406,1442,0,0,0,0,0,0,0,0,0,0,0,0,0,0,0,0,0,0,0,0,0,0,0,0,0,0,0,0,0,0,0,0,0,0,0,0,0,0,0,0,0,0,0,0,0,0,0,0,0,0,0,0,0,0,118190182,0,0,0,319666060,0,0,0,0,0,0,0,21970892,13823665,127472160,82958604288,20543937,1,1,0,0,0,0,0,0,0,0,0,0,0,0,0,0,0,0,0,0,0,0,0,0,0,0,0,0,0,0,0,1138953,0,0,0,0,0,0,0
1782295699.910,0,0,0,0,0,0,0,415537504,222328654336,256089495040,0,0,0,0,0,0,0,0,0,0,0,0,0,0,0,0,0,0,0,0,0,0,0,0,0,0,0,0,0,0,0,0,0,0,0,0,0,0,0,0,0,0,0,0,0,0,0,0,0,0,0,0,0,0,0,0,0,0,7,1667940,13599727,8878758,0,0,0,0,0,0,0,0,0,0,0,0,0,0,0,0,0,0,0,0,0,0,0,0,0,0,0,0,0,0,0,0,0,0,0,0,0,12855820288,5034885120,784657,307305,8816340,1679,0,96,786432,12763477,812136,4,1963945089,12884901888,19575,460799962,0,0,0,0,0,0,0,0,0,0,0,0,0,0,0,0,0,0,8209810,108099595,0,468,1202,7661,620,16419935,35,0,0,0,0,0,0,0,1,0,0,0,0,0,0,0,0,0,0,12397189,0,8816178,81128,0,0,0,0,0,0,0,0,16384,0,0,0,0,0,0,0,0,0,0,0,1443,407,0,0,0,0,0,24950775,0,151,0,4,406,1443,0,0,0,0,0,0,0,0,0,0,0,0,0,0,0,0,0,0,0,0,0,0,0,0,0,0,0,0,0,0,0,0,0,0,0,0,0,0,0,0,0,0,0,0,0,0,0,0,0,0,0,0,0,0,118265958,0,0,0,319747390,0,0,0,0,0,0,0,22003906,13884052,127565531,83000017920,20573686,1,0,0,0,0,0,0,0,0,0,0,0,0,0,0,0,0,0,0,0,0,0,0,0,0,0,0,0,0,0,0,1143465,0,0,0,0,0,0,0
1782295700.976,0,0,0,0,0,0,0,415738418,223317674496,256422889984,0,0,0,0,0,0,0,0,0,0,0,0,0,0,0,0,0,0,0,0,0,0,0,0,0,0,0,0,0,0,0,0,0,0,0,0,0,0,0,0,0,0,0,0,0,0,0,0,0,0,0,0,0,0,0,0,0,0,7,1668036,13660240,8896196,0,0,0,0,0,0,0,0,0,0,0,0,0,0,0,0,0,0,0,0,0,0,0,0,0,0,0,0,0,0,0,0,0,0,0,0,0,12861784064,5032902656,785021,307183,8833778,1315,0,96,786432,12823843,812136,4,1964984043,12884901888,19575,461018709,0,0,0,0,0,0,0,0,0,0,0,0,0,0,0,0,0,0,8214304,108104088,0,468,1202,7661,620,16428924,35,0,0,0,0,0,0,0,1,0,0,0,0,0,0,0,0,0,0,12402240,0,8833616,81314,0,0,0,0,0,0,0,0,16384,0,0,0,0,0,0,0,0,0,0,0,1444,407,0,0,0,0,0,24964439,0,151,0,4,406,1444,0,0,0,0,0,0,0,0,0,0,0,0,0,0,0,0,0,0,0,0,0,0,0,0,0,0,0,0,0,0,0,0,0,0,0,0,0,0,0,0,0,0,0,0,0,0,0,0,0,0,0,0,0,0,118340135,0,0,0,319827694,0,0,0,0,0,0,0,22036756,13944367,127657262,83040968704,20603197,1,0,0,0,0,0,0,0,0,0,0,0,0,0,0,0,0,0,0,0,0,0,0,0,0,0,0,0,0,0,0,1147957,0,0,0,0,0,0,0
1782295702.044,0,0,0,0,0,0,0,415919917,224252611072,256760248832,0,0,0,0,0,0,0,0,0,0,0,0,0,0,0,0,0,0,0,0,0,0,0,0,0,0,0,0,0,0,0,0,0,0,0,0,0,0,0,0,0,0,0,0,0,0,0,0,0,0,0,0,0,0,0,0,0,0,7,1668124,13717430,8913376,0,0,0,0,0,0,0,0,0,0,0,0,0,0,0,0,0,0,0,0,0,0,0,0,0,0,0,0,0,0,0,0,0,0,0,0,0,12861571072,5052432384,785008,308376,8850674,1328,0,96,786432,12880897,812136,4,1966017224,12884901888,19575,461301631,0,0,0,0,0,0,0,0,0,0,0,0,0,0,0,0,0,0,8218580,108108364,0,468,1202,7661,620,16437474,35,0,0,0,0,0,0,0,1,0,0,0,0,0,0,0,0,0,0,12407053,0,8850768,81503,0,0,0,0,0,0,0,0,16384,0,0,0,0,0,0,0,0,0,0,0,1445,407,0,0,0,0,0,24977452,0,151,0,4,406,1445,0,0,0,0,0,0,0,0,0,0,0,0,0,0,0,0,0,0,0,0,0,0,0,0,0,0,0,0,0,0,0,0,0,0,0,0,0,0,0,0,0,0,0,0,0,0,0,0,0,0,0,0,0,0,118428812,0,0,0,319939926,0,0,0,0,0,0,0,22062926,14001386,127763270,83088784384,20626189,1,0,0,0,0,0,0,0,0,0,0,0,0,0,0,0,0,0,0,0,0,0,0,0,0,0,0,0,0,0,0,1113836,0,0,0,0,0,0,0
1782295703.111,0,0,0,0,0,0,0,416112612,225204177408,257138549760,0,0,0,0,0,0,0,0,0,0,0,0,0,0,0,0,0,0,0,0,0,0,0,0,0,0,0,0,0,0,0,0,0,0,0,0,0,0,0,0,0,0,0,0,0,0,0,0,0,0,0,0,0,0,0,0,0,0,7,1668176,13775648,8933616,0,0,0,0,0,0,0,0,0,0,0,0,0,0,0,0,0,0,0,0,0,0,0,0,0,0,0,0,0,0,0,0,0,0,0,0,0,12856410112,4995907584,784693,304926,8867872,1641,0,96,786432,12938973,812136,4,1967013859,12884901888,19575,461511782,0,0,0,0,0,0,0,0,0,0,0,0,0,0,0,0,0,0,8222881,108112665,0,468,1202,7661,620,16446074,35,0,0,0,0,0,0,0,1,0,0,0,0,0,0,0,0,0,0,12411890,0,8871007,81724,0,0,0,0,0,0,0,0,16384,0,0,0,0,0,0,0,0,0,0,0,1446,407,0,0,0,0,0,24990546,0,151,0,4,406,1446,0,0,0,0,0,0,0,0,0,0,0,0,0,0,0,0,0,0,0,0,0,0,0,0,0,0,0,0,0,0,0,0,0,0,0,0,0,0,0,0,0,0,0,0,0,0,0,0,0,0,0,0,0,0,118502260,0,0,0,320016898,0,0,0,0,0,0,0,22094002,14059416,127857107,83129183744,20653705,1,0,0,0,0,0,0,0,0,0,0,0,0,0,0,0,0,0,0,0,0,0,0,0,0,0,0,0,0,0,0,1118136,0,0,0,0,0,0,0
1782295704.175,0,0,0,0,0,0,0,416308096,226177124864,257488392704,0,0,0,0,0,0,0,0,0,0,0,0,0,0,0,0,0,0,0,0,0,0,0,0,0,0,0,0,0,0,0,0,0,0,0,0,0,0,0,0,0,0,0,0,0,0,0,0,0,0,0,0,0,0,0,0,0,0,7,1668241,13835182,8952121,0,0,0,0,0,0,0,0,0,0,0,0,0,0,0,0,0,0,0,0,0,0,0,0,0,0,0,0,0,0,0,0,0,0,0,0,0,12862832640,4972544000,785085,303500,8889703,1249,0,97,786432,12998386,812136,4,1968025261,12884901888,19575,461724093,0,0,0,0,0,0,0,0,0,0,0,0,0,0,0,0,0,0,8227261,108117045,0,468,1202,7661,620,16454835,35,0,0,0,0,0,0,0,1,0,0,0,0,0,0,0,0,0,0,12416816,0,8889541,81914,0,0,0,0,0,0,0,0,16384,0,0,0,0,0,0,0,0,0,0,0,1447,407,0,0,0,0,0,25003843,0,151,0,4,406,1447,0,0,0,0,0,0,0,0,0,0,0,0,0,0,0,0,0,0,0,0,0,0,0,0,0,0,0,0,0,0,0,0,0,0,0,0,0,0,0,0,0,0,0,0,0,0,0,0,0,0,0,0,0,0,118574931,0,0,0,320095230,0,0,0,0,0,0,0,22125416,14118764,127948381,83169576960,20682058,1,0,0,0,0,0,0,0,0,0,0,0,0,0,0,0,0,0,0,0,0,0,0,0,0,0,0,0,0,0,0,1122517,0,0,0,0,0,0,0
1782295705.244,0,0,0,0,0,0,0,416508100,227155757568,257818983936,0,0,0,0,0,0,0,0,0,0,0,0,0,0,0,0,0,0,0,0,0,0,0,0,0,0,0,0,0,0,0,0,0,0,0,0,0,0,0,0,0,0,0,0,0,0,0,0,0,0,0,0,0,0,0,0,0,0,7,1668308,13895057,8969420,0,0,0,0,0,0,0,0,0,0,0,0,0,0,0,0,0,0,0,0,0,0,0,0,0,0,0,0,0,0,0,0,0,0,0,0,0,12855197696,4973133824,784619,303536,8906977,1717,0,96,786432,13058116,812136,4,1969061013,12884901888,19575,461942613,0,0,0,0,0,0,0,0,0,0,0,0,0,0,0,0,0,0,8231711,108121495,0,468,1202,7661,620,16463739,35,0,0,0,0,0,0,0,1,0,0,0,0,0,0,0,0,0,0,12421821,0,8906815,82097,0,0,0,0,0,0,0,0,16384,0,0,0,0,0,0,0,0,0,0,0,1448,407,0,0,0,0,0,25017388,0,151,0,4,406,1448,0,0,0,0,0,0,0,0,0,0,0,0,0,0,0,0,0,0,0,0,0,0,0,0,0,0,0,0,0,0,0,0,0,0,0,0,0,0,0,0,0,0,0,0,0,0,0,0,0,0,0,0,0,0,118648465,0,0,0,320175115,0,0,0,0,0,0,0,22157887,14178458,128039352,83210040320,20711250,0,0,0,0,0,0,0,0,0,0,0,0,0,0,0,0,0,0,0,0,0,0,0,0,0,0,0,0,0,0,0,1126967,0,0,0,0,0,0,0
1782295706.313,0,0,0,0,0,0,0,416696280,228141304320,258164662272,0,0,0,0,0,0,0,0,0,0,0,0,0,0,0,0,0,0,0,0,0,0,0,0,0,0,0,0,0,0,0,0,0,0,0,0,0,0,0,0,0,0,0,0,0,0,0,0,0,0,0,0,0,0,0,0,0,0,7,1668505,13955370,8987085,0,0,0,0,0,0,0,0,0,0,0,0,0,0,0,0,0,0,0,0,0,0,0,0,0,0,0,0,0,0,0,0,0,0,0,0,0,12850249728,4994301952,784317,304828,8924667,2018,0,96,786432,13118306,812136,4,1970126875,12884901888,19575,462229224,0,0,0,0,0,0,0,0,0,0,0,0,0,0,0,0,0,0,8236196,108125981,0,468,1202,7661,620,16472700,35,0,0,0,0,0,0,0,1,0,0,0,0,0,0,0,0,0,0,12426867,0,8924505,82300,0,0,0,0,0,0,0,0,16384,0,0,0,0,0,0,0,0,0,0,0,1449,407,0,0,0,0,0,25031018,0,151,0,4,406,1449,0,0,0,0,0,0,0,0,0,0,0,0,0,0,0,0,0,0,0,0,0,0,0,0,0,0,0,0,0,0,0,0,0,0,0,0,0,0,0,0,0,0,0,0,0,0,0,0,0,0,0,0,0,0,118737870,0,0,0,320290427,0,0,0,0,0,0,0,22190094,14238586,128146545,83258410496,20740092,0,0,0,0,0,0,0,0,0,0,0,0,0,0,0,0,0,0,0,0,0,0,0,0,0,0,0,0,0,0,0,1093053,0,0,0,0,0,0,0
1782295707.382,0,0,0,0,0,0,0,416897914,229128391168,258497646080,0,0,0,0,0,0,0,0,0,0,0,0,0,0,0,0,0,0,0,0,0,0,0,0,0,0,0,0,0,0,0,0,0,0,0,0,0,0,0,0,0,0,0,0,0,0,0,0,0,0,0,0,0,0,0,0,0,0,7,1668609,14015759,9004528,0,0,0,0,0,0,0,0,0,0,0,0,0,0,0,0,0,0,0,0,0,0,0,0,0,0,0,0,0,0,0,0,0,0,0,0,0,12851658752,4995170304,784403,304881,8942110,1933,0,96,786432,13178575,812136,4,1971169209,12884901888,19575,462450290,0,0,0,0,0,0,0,0,0,0,0,0,0,0,0,0,0,0,8240676,108130461,0,468,1202,7661,620,16481665,35,0,0,0,0,0,0,0,1,0,0,0,0,0,0,0,0,0,0,12431907,0,8941948,82488,0,0,0,0,0,0,0,0,16384,0,0,0,0,0,0,0,0,0,0,0,1450,407,0,0,0,0,0,25044630,0,151,0,4,406,1450,0,0,0,0,0,0,0,0,0,0,0,0,0,0,0,0,0,0,0,0,0,0,0,0,0,0,0,0,0,0,0,0,0,0,0,0,0,0,0,0,0,0,0,0,0,0,0,0,0,0,0,0,0,0,118811482,0,0,0,320370898,0,0,0,0,0,0,0,22221926,14298784,128237718,83299044352,20768630,1,0,0,0,0,0,0,0,0,0,0,0,0,0,0,0,0,0,0,0,0,0,0,0,0,0,0,0,0,0,0,1097532,0,0,0,0,0,0,0
1782295708.452,0,0,0,0,0,0,0,417098121,230111119872,258826237440,0,0,0,0,0,0,0,0,0,0,0,0,0,0,0,0,0,0,0,0,0,0,0,0,0,0,0,0,0,0,0,0,0,0,0,0,0,0,0,0,0,0,0,0,0,0,0,0,0,0,0,0,0,0,0,0,0,0,7,1668734,14075890,9021681,0,0,0,0,0,0,0,0,0,0,0,0,0,0,0,0,0,0,0,0,0,0,0,0,0,0,0,0,0,0,0,0,0,0,0,0,0,12860276736,5003804672,784929,305408,8959263,1406,0,96,786432,13238576,812136,4,1972205591,12884901888,19575,462668757,0,0,0,0,0,0,0,0,0,0,0,0,0,0,0,0,0,0,8245130,108134914,0,468,1202,7661,620,16490571,35,0,0,0,0,0,0,0,1,0,0,0,0,0,0,0,0,0,0,12436916,0,8959101,82678,0,0,0,0,0,0,0,0,16384,0,0,0,0,0,0,0,0,0,0,0,1451,407,0,0,0,0,0,25058171,0,151,0,4,406,1451,0,0,0,0,0,0,0,0,0,0,0,0,0,0,0,0,0,0,0,0,0,0,0,0,0,0,0,0,0,0,0,0,0,0,0,0,0,0,0,0,0,0,0,0,0,0,0,0,0,0,0,0,0,0,118885340,0,0,0,320450866,0,0,0,0,0,0,0,22254048,14358727,128328857,83339998720,20797509,0,0,0,0,0,0,0,0,0,0,0,0,0,0,0,0,0,0,0,0,0,0,0,0,0,0,0,0,0,0,0,1101986,0,0,0,0,0,0,0
1782295709.521,0,0,0,0,0,0,0,417296441,231086524928,259163256832,0,0,0,0,0,0,0,0,0,0,0,0,0,0,0,0,0,0,0,0,0,0,0,0,0,0,0,0,0,0,0,0,0,0,0,0,0,0,0,0,0,0,0,0,0,0,0,0,0,0,0,0,0,0,0,0,0,0,7,1669043,14135587,9039390,0,0,0,0,0,0,0,0,0,0,0,0,0,0,0,0,0,0,0,0,0,0,0,0,0,0,0,0,0,0,0,0,0,0,0,0,0,12857065472,5000052736,784733,305179,8976972,1600,0,96,786432,13298132,812136,4,1973229856,12884901888,19575,462884744,0,0,0,0,0,0,0,0,0,0,0,0,0,0,0,0,0,0,8249557,108139342,0,468,1202,7661,620,16499428,35,0,0,0,0,0,0,0,1,0,0,0,0,0,0,0,0,0,0,12441895,0,8976810,82871,0,0,0,0,0,0,0,0,16384,0,0,0,0,0,0,0,0,0,0,0,1452,407,0,0,0,0,0,25071608,0,151,0,4,406,1452,0,0,0,0,0,0,0,0,0,0,0,0,0,0,0,0,0,0,0,0,0,0,0,0,0,0,0,0,0,0,0,0,0,0,0,0,0,0,0,0,0,0,0,0,0,0,0,0,0,0,0,0,0,0,118958758,0,0,0,320530241,0,0,0,0,0,0,0,22285539,14418256,128420084,83380678656,20825613,0,0,0,0,0,0,0,0,0,0,0,0,0,0,0,0,0,0,0,0,0,0,0,0,0,0,0,0,0,0,0,1106412,0,0,0,0,0,0,0
1782295710.590,0,0,0,0,0,0,0,417494913,232064862720,259494336000,0,0,0,0,0,0,0,0,0,0,0,0,0,0,0,0,0,0,0,0,0,0,0,0,0,0,0,0,0,0,0,0,0,0,0,0,0,0,0,0,0,0,0,0,0,0,0,0,0,0,0,0,0,0,0,0,0,0,7,1669390,14195477,9056634,0,0,0,0,0,0,0,0,0,0,0,0,0,0,0,0,0,0,0,0,0,0,0,0,0,0,0,0,0,0,0,0,0,0,0,0,0,12866060288,5003247616,785282,305374,8994216,1054,0,98,786432,13357883,812136,4,1974256726,12884901888,19575,463100447,0,0,0,0,0,0,0,0,0,0,0,0,0,0,0,0,0,0,8254011,108143796,0,468,1202,7661,620,16508337,35,0,0,0,0,0,0,0,1,0,0,0,0,0,0,0,0,0,0,12446906,0,8994054,83063,0,0,0,0,0,0,0,0,16384,0,0,0,0,0,0,0,0,0,0,0,1453,407,0,0,0,0,0,25085125,0,151,0,4,406,1453,0,0,0,0,0,0,0,0,0,0,0,0,0,0,0,0,0,0,0,0,0,0,0,0,0,0,0,0,0,0,0,0,0,0,0,0,0,0,0,0,0,0,0,0,0,0,0,0,0,0,0,0,0,0,119033512,0,0,0,320609803,0,0,0,0,0,0,0,22317586,14477921,128512214,83422510592,20854369,1,1,0,0,0,0,0,0,0,0,0,0,0,0,0,0,0,0,0,0,0,0,0,0,0,0,0,0,0,0,0,1110866,0,0,0,0,0,0,0
1782295711.658,0,0,0,0,0,0,0,417683618,233040300544,259834305536,0,0,0,0,0,0,0,0,0,0,0,0,0,0,0,0,0,0,0,0,0,0,0,0,0,0,0,0,0,0,0,0,0,0,0,0,0,0,0,0,0,0,0,0,0,0,0,0,0,0,0,0,0,0,0,0,0,0,7,1669665,14255179,9073861,0,0,0,0,0,0,0,0,0,0,0,0,0,0,0,0,0,0,0,0,0,0,0,0,0,0,0,0,0,0,0,0,0,0,0,0,0,12861390848,5034278912,784997,307268,9011380,1334,0,101,786432,13417460,812136,4,1975326822,12884901888,19575,463389772,0,0,0,0,0,0,0,0,0,0,0,0,0,0,0,0,0,0,8258466,108148251,0,468,1202,7661,620,16517242,35,0,0,0,0,0,0,0,1,0,0,0,0,0,0,0,0,0,0,12451915,0,9011218,83249,0,0,0,0,0,0,0,0,16384,0,0,0,0,0,0,0,0,0,0,0,1455,407,0,0,0,0,0,25098655,0,151,0,4,406,1455,0,0,0,0,0,0,0,0,0,0,0,0,0,0,0,0,0,0,0,0,0,0,0,0,0,0,0,0,0,0,0,0,0,0,0,0,0,0,0,0,0,0,0,0,0,0,0,0,0,0,0,0,0,0,119124505,0,0,0,320725091,0,0,0,0,0,0,0,22349079,14537435,128620566,83471948288,20882734,1,0,0,0,0,0,0,0,0,0,0,0,0,0,0,0,0,0,0,0,0,0,0,0,0,0,0,0,0,0,0,1076921,0,0,0,0,0,0,0
1782295712.727,0,0,0,0,0,0,0,417882600,234014427648,260167138816,0,0,0,0,0,0,0,0,0,0,0,0,0,0,0,0,0,0,0,0,0,0,0,0,0,0,0,0,0,0,0,0,0,0,0,0,0,0,0,0,0,0,0,0,0,0,0,0,0,0,0,0,0,0,0,0,0,0,7,1669759,14314795,9091258,0,0,0,0,0,0,0,0,0,0,0,0,0,0,0,0,0,0,0,0,0,0,0,0,0,0,0,0,0,0,0,0,0,0,0,0,0,12862455808,5032804352,785061,307178,9028840,1274,0,97,786432,13476954,812136,4,1976355683,12884901888,19575,463607583,0,0,0,0,0,0,0,0,0,0,0,0,0,0,0,0,0,0,8262898,108152682,0,468,1202,7661,620,16526107,35,0,0,0,0,0,0,0,1,0,0,0,0,0,0,0,0,0,0,12456900,0,9028678,83436,0,0,0,0,0,0,0,0,16384,0,0,0,0,0,0,0,0,0,0,0,1456,407,0,0,0,0,0,25112110,0,151,0,4,406,1456,0,0,0,0,0,0,0,0,0,0,0,0,0,0,0,0,0,0,0,0,0,0,0,0,0,0,0,0,0,0,0,0,0,0,0,0,0,0,0,0,0,0,0,0,0,0,0,0,0,0,0,0,0,0,119198652,0,0,0,320804644,0,0,0,0,0,0,0,22380433,14596837,128712219,83513280512,20910839,1,0,0,0,0,0,0,0,0,0,0,0,0,0,0,0,0,0,0,0,0,0,0,0,0,0,0,0,0,0,0,1081353,0,0,0,0,0,0,0
1782295713.794,0,0,0,0,0,0,0,418081184,234999302656,260506643968,0,0,0,0,0,0,0,0,0,0,0,0,0,0,0,0,0,0,0,0,0,0,0,0,0,0,0,0,0,0,0,0,0,0,0,0,0,0,0,0,0,0,0,0,0,0,0,0,0,0,0,0,0,0,0,0,0,0,7,1669862,14375049,9109008,0,0,0,0,0,0,0,0,0,0,0,0,0,0,0,0,0,0,0,0,0,0,0,0,0,0,0,0,0,0,0,0,0,0,0,0,0,12867813376,5026496512,785389,306793,9046563,944,0,100,786432,13537085,812136,4,1977383517,12884901888,19575,463823722,0,0,0,0,0,0,0,0,0,0,0,0,0,0,0,0,0,0,8267351,108157135,0,468,1202,7661,620,16535016,35,0,0,0,0,0,0,0,1,0,0,0,0,0,0,0,0,0,0,12461905,0,9046401,83624,0,0,0,0,0,0,0,0,16384,0,0,0,0,0,0,0,0,0,0,0,1457,407,0,0,0,0,0,25125662,0,151,0,4,406,1457,0,0,0,0,0,0,0,0,0,0,0,0,0,0,0,0,0,0,0,0,0,0,0,0,0,0,0,0,0,0,0,0,0,0,0,0,0,0,0,0,0,0,0,0,0,0,0,0,0,0,0,0,0,0,119272668,0,0,0,320884247,0,0,0,0,0,0,0,22411973,14656891,128804098,83554956288,20939152,1,1,0,0,0,0,0,0,0,0,0,0,0,0,0,0,0,0,0,0,0,0,0,0,0,0,0,0,0,0,0,1085805,0,0,0,0,0,0,0
1782295714.862,0,0,0,0,0,0,0,418282002,235977443840,260840980480,0,0,0,0,0,0,0,0,0,0,0,0,0,0,0,0,0,0,0,0,0,0,0,0,0,0,0,0,0,0,0,0,0,0,0,0,0,0,0,0,0,0,0,0,0,0,0,0,0,0,0,0,0,0,0,0,0,0,7,1670032,14434914,9126418,0,0,0,0,0,0,0,0,0,0,0,0,0,0,0,0,0,0,0,0,0,0,0,0,0,0,0,0,0,0,0,0,0,0,0,0,0,12866371584,5026136064,785301,306771,9064000,1034,0,96,786432,13596823,812136,4,1978421213,12884901888,19575,464044808,0,0,0,0,0,0,0,0,0,0,0,0,0,0,0,0,0,0,8271784,108161568,0,468,1202,7661,620,16543879,35,0,0,0,0,0,0,0,1,0,0,0,0,0,0,0,0,0,0,12466892,0,9063838,83817,0,0,0,0,0,0,0,0,16384,0,0,0,0,0,0,0,0,0,0,0,1458,407,0,0,0,0,0,25139128,0,151,0,4,406,1458,0,0,0,0,0,0,0,0,0,0,0,0,0,0,0,0,0,0,0,0,0,0,0,0,0,0,0,0,0,0,0,0,0,0,0,0,0,0,0,0,0,0,0,0,0,0,0,0,0,0,0,0,0,0,119348419,0,0,0,320964298,0,0,0,0,0,0,0,22443790,14716563,128897382,83597254656,20967675,1,0,0,0,0,0,0,0,0,0,0,0,0,0,0,0,0,0,0,0,0,0,0,0,0,0,0,0,0,0,0,1090238,0,0,0,0,0,0,0
1782295715.928,0,0,0,0,0,0,0,418472793,236954257920,261179040256,0,0,0,0,0,0,0,0,0,0,0,0,0,0,0,0,0,0,0,0,0,0,0,0,0,0,0,0,0,0,0,0,0,0,0,0,0,0,0,0,0,0,0,0,0,0,0,0,0,0,0,0,0,0,0,0,0,0,7,1670393,14494691,9143708,0,0,0,0,0,0,0,0,0,0,0,0,0,0,0,0,0,0,0,0,0,0,0,0,0,0,0,0,0,0,0,0,0,0,0,0,0,12865372160,5046517760,785240,308015,9081290,1090,0,99,786432,13656477,812136,4,1979473243,12884901888,19575,464310751,0,0,0,0,0,0,0,0,0,0,0,0,0,0,0,0,0,0,8276231,108166016,0,468,1202,7661,620,16552778,35,0,0,0,0,0,0,0,1,0,0,0,0,0,0,0,0,0,0,12471895,0,9081128,84001,0,0,0,0,0,0,0,0,16384,0,0,0,0,0,0,0,0,0,0,0,1459,407,0,0,0,0,0,25152643,0,151,0,4,406,1459,0,0,0,0,0,0,0,0,0,0,0,0,0,0,0,0,0,0,0,0,0,0,0,0,0,0,0,0,0,0,0,0,0,0,0,0,0,0,0,0,0,0,0,0,0,0,0,0,0,0,0,0,0,0,119432889,0,0,0,321068841,0,0,0,0,0,0,0,22475264,14776132,128999242,83643987456,20996019,1,1,0,0,0,0,0,0,0,0,0,0,0,0,0,0,0,0,0,0,0,0,0,0,0,0,0,0,0,0,0,1067618,0,0,0,0,0,0,0
1782295716.997,0,0,0,0,0,0,0,418666501,237932694016,261512125952,0,0,0,0,0,0,0,0,0,0,0,0,0,0,0,0,0,0,0,0,0,0,0,0,0,0,0,0,0,0,0,0,0,0,0,0,0,0,0,0,0,0,0,0,0,0,0,0,0,0,0,0,0,0,0,0,0,0,7,1670505,14554555,9160948,0,0,0,0,0,0,0,0,0,0,0,0,0,0,0,0,0,0,0,0,0,0,0,0,0,0,0,0,0,0,0,0,0,0,0,0,0,12863340544,5054070784,785115,308476,9098403,1211,0,105,786432,13716220,812136,4,1980502147,12884901888,19575,464543793,0,0,0,0,0,0,0,0,0,0,0,0,0,0,0,0,0,0,8280681,108170466,0,468,1202,7661,620,16561677,35,0,0,0,0,0,0,0,1,0,0,0,0,0,0,0,0,0,0,12476902,0,9098369,84187,0,0,0,0,0,0,0,0,16384,0,0,0,0,0,0,0,0,0,0,0,1460,407,0,0,0,0,0,25166174,0,151,0,4,406,1460,0,0,0,0,0,0,0,0,0,0,0,0,0,0,0,0,0,0,0,0,0,0,0,0,0,0,0,0,0,0,0,0,0,0,0,0,0,0,0,0,0,0,0,0,0,0,0,0,0,0,0,0,0,0,119510417,0,0,0,321158478,0,0,0,0,0,0,0,22506864,14835787,129094134,83687421440,21024382,1,0,0,0,0,0,0,0,0,0,0,0,0,0,0,0,0,0,0,0,0,0,0,0,0,0,0,0,0,0,0,1060736,0,0,0,0,0,0,0
1782295718.065,0,0,0,0,0,0,0,418863705,238898956800,261864445440,0,0,0,0,0,0,0,0,0,0,0,0,0,0,0,0,0,0,0,0,0,0,0,0,0,0,0,0,0,0,0,0,0,0,0,0,0,0,0,0,0,0,0,0,0,0,0,0,0,0,0,0,0,0,0,0,0,0,7,1670599,14613676,9179373,0,0,0,0,0,0,0,0,0,0,0,0,0,0,0,0,0,0,0,0,0,0,0,0,0,0,0,0,0,0,0,0,0,0,0,0,0,12851740672,5034344448,784408,307272,9115636,1929,0,97,786432,13775203,812136,4,1981521093,12884901888,19575,464758746,0,0,0,0,0,0,0,0,0,0,0,0,0,0,0,0,0,0,8285087,108174872,0,468,1202,7661,620,16570485,35,0,0,0,0,0,0,0,1,0,0,0,0,0,0,0,0,0,0,12481855,0,9116498,84383,0,0,0,0,0,0,0,0,16384,0,0,0,0,0,0,0,0,0,0,0,1461,407,0,0,0,0,0,25179582,0,151,0,4,406,1461,0,0,0,0,0,0,0,0,0,0,0,0,0,0,0,0,0,0,0,0,0,0,0,0,0,0,0,0,0,0,0,0,0,0,0,0,0,0,0,0,0,0,0,0,0,0,0,0,0,0,0,0,0,0,119583653,0,0,0,321237445,0,0,0,0,0,0,0,22537899,14894695,129185955,83728364544,21052229,1,0,0,0,0,0,0,0,0,0,0,0,0,0,0,0,0,0,0,0,0,0,0,0,0,0,0,0,0,0,0,1065144,0,0,0,0,0,0,0
1782295719.132,0,0,0,0,0,0,0,419048743,239792196096,262232924672,0,0,0,0,0,0,0,0,0,0,0,0,0,0,0,0,0,0,0,0,0,0,0,0,0,0,0,0,0,0,0,0,0,0,0,0,0,0,0,0,0,0,0,0,0,0,0,0,0,0,0,0,0,0,0,0,0,0,7,1670684,14668335,9199141,0,0,0,0,0,0,0,0,0,0,0,0,0,0,0,0,0,0,0,0,0,0,0,0,0,0,0,0,0,0,0,0,0,0,0,0,0,12864208896,4972609536,785169,303504,9132670,1161,0,102,786432,13829720,812136,4,1982479076,12884901888,19575,464964361,0,0,0,0,0,0,0,0,0,0,0,0,0,0,0,0,0,0,8289126,108178911,0,468,1202,7661,620,16578572,35,0,0,0,0,0,0,0,1,0,0,0,0,0,0,0,0,0,0,12486399,0,9136348,84590,0,0,0,0,0,0,0,0,16384,0,0,0,0,0,0,0,0,0,0,0,1462,407,0,0,0,0,0,25191843,0,151,0,4,406,1462,0,0,0,0,0,0,0,0,0,0,0,0,0,0,0,0,0,0,0,0,0,0,0,0,0,0,0,0,0,0,0,0,0,0,0,0,0,0,0,0,0,0,0,0,0,0,0,0,0,0,0,0,0,0,119654765,0,0,0,321311012,0,0,0,0,0,0,0,22561767,14949165,129276975,83768700928,21072984,0,0,0,0,0,0,0,0,0,0,0,0,0,0,0,0,0,0,0,0,0,0,0,0,0,0,0,0,0,0,0,1069182,0,0,0,0,0,0,0
1782295720.198,0,0,0,0,0,0,0,419244009,240752265728,262567855616,0,0,0,0,0,0,0,0,0,0,0,0,0,0,0,0,0,0,0,0,0,0,0,0,0,0,0,0,0,0,0,0,0,0,0,0,0,0,0,0,0,0,0,0,0,0,0,0,0,0,0,0,0,0,0,0,0,0,7,1670781,14727086,9216670,0,0,0,0,0,0,0,0,0,0,0,0,0,0,0,0,0,0,0,0,0,0,0,0,0,0,0,0,0,0,0,0,0,0,0,0,0,12868845568,4963434496,785451,302944,9154252,883,0,96,786432,13888351,812136,4,1983487775,12884901888,19575,465175869,0,0,0,0,0,0,0,0,0,0,0,0,0,0,0,0,0,0,8293501,108183285,0,468,1202,7661,620,16587312,35,0,0,0,0,0,0,0,1,0,0,0,0,0,0,0,0,0,0,12491322,0,9154090,84778,0,0,0,0,0,0,0,0,16384,0,0,0,0,0,0,0,0,0,0,0,1463,407,0,0,0,0,0,25205154,0,151,0,4,406,1463,0,0,0,0,0,0,0,0,0,0,0,0,0,0,0,0,0,0,0,0,0,0,0,0,0,0,0,0,0,0,0,0,0,0,0,0,0,0,0,0,0,0,0,0,0,0,0,0,0,0,0,0,0,0,119728304,0,0,0,321389263,0,0,0,0,0,0,0,22592586,15007698,129368145,83810051072,21100612,0,0,0,0,0,0,0,0,0,0,0,0,0,0,0,0,0,0,0,0,0,0,0,0,0,0,0,0,0,0,0,1073557,0,0,0,0,0,0,0
1782295721.263,0,0,0,0,0,0,0,419434577,241731668480,262911486976,0,0,0,0,0,0,0,0,0,0,0,0,0,0,0,0,0,0,0,0,0,0,0,0,0,0,0,0,0,0,0,0,0,0,0,0,0,0,0,0,0,0,0,0,0,0,0,0,0,0,0,0,0,0,0,0,0,0,7,1670924,14787015,9234116,0,0,0,0,0,0,0,0,0,0,0,0,0,0,0,0,0,0,0,0,0,0,0,0,0,0,0,0,0,0,0,0,0,0,0,0,0,12851396608,4992385024,784387,304711,9171694,1949,0,96,786432,13948145,812136,4,1984567697,12884901888,19575,465467862,0,0,0,0,0,0,0,0,0,0,0,0,0,0,0,0,0,0,8297964,108187749,0,468,1202,7661,620,16596243,35,0,0,0,0,0,0,0,1,0,0,0,0,0,0,0,0,0,0,12496344,0,9171532,84974,0,0,0,0,0,0,0,0,16384,0,0,0,0,0,0,0,0,0,0,0,1464,407,0,0,0,0,0,25218719,0,151,0,4,406,1464,0,0,0,0,0,0,0,0,0,0,0,0,0,0,0,0,0,0,0,0,0,0,0,0,0,0,0,0,0,0,0,0,0,0,0,0,0,0,0,0,0,0,0,0,0,0,0,0,0,0,0,0,0,0,119816491,0,0,0,321505237,0,0,0,0,0,0,0,22624287,15067452,129473927,83858913280,21128909,0,1,0,0,0,0,0,0,0,0,0,0,0,0,0,0,0,0,0,0,0,0,0,0,0,0,0,0,0,0,0,1039621,0,0,0,0,0,0,0
1782295722.331,0,0,0,0,0,0,0,419633320,242716854784,263248363008,0,0,0,0,0,0,0,0,0,0,0,0,0,0,0,0,0,0,0,0,0,0,0,0,0,0,0,0,0,0,0,0,0,0,0,0,0,0,0,0,0,0,0,0,0,0,0,0,0,0,0,0,0,0,0,0,0,0,7,1671088,14847284,9251705,0,0,0,0,0,0,0,0,0,0,0,0,0,0,0,0,0,0,0,0,0,0,0,0,0,0,0,0,0,0,0,0,0,0,0,0,0,12850282496,4992598016,784319,304724,9189287,2017,0,96,786432,14008297,812136,4,1985594528,12884901888,19575,465683946,0,0,0,0,0,0,0,0,0,0,0,0,0,0,0,0,0,0,8302414,108192199,0,468,1202,7661,620,16605140,35,0,0,0,0,0,0,0,1,0,0,0,0,0,0,0,0,0,0,12501350,0,9189125,85164,0,0,0,0,0,0,0,0,16384,0,0,0,0,0,0,0,0,0,0,0,1465,407,0,0,0,0,0,25232246,0,151,0,4,406,1465,0,0,0,0,0,0,0,0,0,0,0,0,0,0,0,0,0,0,0,0,0,0,0,0,0,0,0,0,0,0,0,0,0,0,0,0,0,0,0,0,0,0,0,0,0,0,0,0,0,0,0,0,0,0,119889908,0,0,0,321584982,0,0,0,0,0,0,0,22656574,15127525,129565044,83900559360,21157839,1,0,0,0,0,0,0,0,0,0,0,0,0,0,0,0,0,0,0,0,0,0,0,0,0,0,0,0,0,0,0,1044071,0,0,0,0,0,0,0
1782295723.399,0,0,0,0,0,0,0,419832677,243693373952,263577648128,0,0,0,0,0,0,0,0,0,0,0,0,0,0,0,0,0,0,0,0,0,0,0,0,0,0,0,0,0,0,0,0,0,0,0,0,0,0,0,0,0,0,0,0,0,0,0,0,0,0,0,0,0,0,0,0,0,0,7,1671198,14907049,9268828,0,0,0,0,0,0,0,0,0,0,0,0,0,0,0,0,0,0,0,0,0,0,0,0,0,0,0,0,0,0,0,0,0,0,0,0,0,12855672832,4999036928,784648,305117,9206410,1688,0,96,786432,14067928,812136,4,1986625485,12884901888,19575,465901420,0,0,0,0,0,0,0,0,0,0,0,0,0,0,0,0,0,0,8306862,108196644,0,468,1202,7661,620,16614032,35,0,0,0,0,0,0,0,1,0,0,0,0,0,0,0,0,0,0,12506351,0,9206248,85350,0,0,0,0,0,0,0,0,16384,0,0,0,0,0,0,0,0,0,0,0,1466,407,0,0,0,0,0,25245756,0,151,0,4,406,1466,0,0,0,0,0,0,0,0,0,0,0,0,0,0,0,0,0,0,0,0,0,0,0,0,0,0,0,0,0,0,0,0,0,0,0,0,0,0,0,0,0,0,0,0,0,0,0,0,0,0,0,0,0,0,119964063,0,0,0,321664817,0,0,0,0,0,0,0,22688552,15187066,129656440,83942382080,21186644,0,0,0,0,0,0,0,0,0,0,0,0,0,0,0,0,0,0,0,0,0,0,0,0,0,0,0,0,0,0,0,1048516,0,0,0,0,0,0,0
1782295724.468,0,0,0,0,0,0,0,420031491,244668779008,263919097344,0,0,0,0,0,0,0,0,0,0,0,0,0,0,0,0,0,0,0,0,0,0,0,0,0,0,0,0,0,0,0,0,0,0,0,0,0,0,0,0,0,0,0,0,0,0,0,0,0,0,0,0,0,0,0,0,0,0,7,1671313,14966754,9286661,0,0,0,0,0,0,0,0,0,0,0,0,0,0,0,0,0,0,0,0,0,0,0,0,0,0,0,0,0,0,0,0,0,0,0,0,0,12857688064,4986798080,784771,304370,9224243,1564,0,97,786432,14127524,812136,4,1987653187,12884901888,19575,466117756,0,0,0,0,0,0,0,0,0,0,0,0,0,0,0,0,0,0,8311304,108201084,0,468,1202,7661,620,16622920,35,0,0,0,0,0,0,0,1,0,0,0,0,0,0,0,0,0,0,12511344,0,9224081,85538,0,0,0,0,0,0,0,0,16384,0,0,0,0,0,0,0,0,0,0,0,1467,407,0,0,0,0,0,25259248,0,151,0,4,406,1467,0,0,0,0,0,0,0,0,0,0,0,0,0,0,0,0,0,0,0,0,0,0,0,0,0,0,0,0,0,0,0,0,0,0,0,0,0,0,0,0,0,0,0,0,0,0,0,0,0,0,0,0,0,0,120038499,0,0,0,321744530,0,0,0,0,0,0,0,22720761,15246549,129748796,83984706048,21215515,1,0,0,0,0,0,0,0,0,0,0,0,0,0,0,0,0,0,0,0,0,0,0,0,0,0,0,0,0,0,0,1052956,0,0,0,0,0,0,0
1782295725.533,0,0,0,0,0,0,0,420231752,245652523520,264254062592,0,0,0,0,0,0,0,0,0,0,0,0,0,0,0,0,0,0,0,0,0,0,0,0,0,0,0,0,0,0,0,0,0,0,0,0,0,0,0,0,0,0,0,0,0,0,0,0,0,0,0,0,0,0,0,0,0,0,7,1671446,15026954,9303986,0,0,0,0,0,0,0,0,0,0,0,0,0,0,0,0,0,0,0,0,0,0,0,0,0,0,0,0,0,0,0,0,0,0,0,0,0,12857966592,4984750080,784787,304245,9241568,1548,0,97,786432,14187584,812136,4,1988689735,12884901888,19575,466336250,0,0,0,0,0,0,0,0,0,0,0,0,0,0,0,0,0,0,8315767,108205551,0,468,1202,7661,620,16631848,35,0,0,0,0,0,0,0,1,0,0,0,0,0,0,0,0,0,0,12516368,0,9241406,85724,0,0,0,0,0,0,0,0,16384,0,0,0,0,0,0,0,0,0,0,0,1468,407,0,0,0,0,0,25272832,0,151,0,4,406,1468,0,0,0,0,0,0,0,0,0,0,0,0,0,0,0,0,0,0,0,0,0,0,0,0,0,0,0,0,0,0,0,0,0,0,0,0,0,0,0,0,0,0,0,0,0,0,0,0,0,0,0,0,0,0,120115207,0,0,0,321824791,0,0,0,0,0,0,0,22754368,15306541,129842945,84028556800,21245853,1,1,0,0,0,0,0,0,0,0,0,0,0,0,0,0,0,0,0,0,0,0,0,0,0,0,0,0,0,0,0,1057421,0,0,0,0,0,0,0
1782295726.599,0,0,0,0,0,0,0,420420305,246637431296,264597677568,0,0,0,0,0,0,0,0,0,0,0,0,0,0,0,0,0,0,0,0,0,0,0,0,0,0,0,0,0,0,0,0,0,0,0,0,0,0,0,0,0,0,0,0,0,0,0,0,0,0,0,0,0,0,0,0,0,0,7,1671595,15087213,9321227,0,0,0,0,0,0,0,0,0,0,0,0,0,0,0,0,0,0,0,0,0,0,0,0,0,0,0,0,0,0,0,0,0,0,0,0,0,12856442880,5013356544,784695,305991,9258809,1639,0,96,786432,14247725,812136,4,1989756599,12884901888,19575,466621824,0,0,0,0,0,0,0,0,0,0,0,0,0,0,0,0,0,0,8320257,108210042,0,468,1202,7661,620,16640826,35,0,0,0,0,0,0,0,1,0,0,0,0,0,0,0,0,0,0,12521419,0,9258647,85913,0,0,0,0,0,0,0,0,16384,0,0,0,0,0,0,0,0,0,0,0,1469,407,0,0,0,0,0,25286529,0,151,0,4,406,1469,0,0,0,0,0,0,0,0,0,0,0,0,0,0,0,0,0,0,0,0,0,0,0,0,0,0,0,0,0,0,0,0,0,0,0,0,0,0,0,0,0,0,0,0,0,0,0,0,0,0,0,0,0,0,120210131,0,0,0,321940430,0,0,0,0,0,0,0,22787212,15366618,129955234,84080921600,21275525,1,0,0,0,0,0,0,0,0,0,0,0,0,0,0,0,0,0,0,0,0,0,0,0,0,0,0,0,0,0,0,1023515,0,0,0,0,0,0,0
1782295727.666,0,0,0,0,0,0,0,420619987,247625746944,264932890624,0,0,0,0,0,0,0,0,0,0,0,0,0,0,0,0,0,0,0,0,0,0,0,0,0,0,0,0,0,0,0,0,0,0,0,0,0,0,0,0,0,0,0,0,0,0,0,0,0,0,0,0,0,0,0,0,0,0,7,1671723,15147689,9338573,0,0,0,0,0,0,0,0,0,0,0,0,0,0,0,0,0,0,0,0,0,0,0,0,0,0,0,0,0,0,0,0,0,0,0,0,0,12864815104,5013078016,785205,305974,9276155,1130,0,97,786432,14308076,812136,4,1990788015,12884901888,19575,466836963,0,0,0,0,0,0,0,0,0,0,0,0,0,0,0,0,0,0,8324776,108214561,0,468,1202,7661,620,16649866,35,0,0,0,0,0,0,0,1,0,0,0,0,0,0,0,0,0,0,12526503,0,9275993,86101,0,0,0,0,0,0,0,0,16384,0,0,0,0,0,0,0,0,0,0,0,1471,407,0,0,0,0,0,25300267,0,151,0,4,406,1471,0,0,0,0,0,0,0,0,0,0,0,0,0,0,0,0,0,0,0,0,0,0,0,0,0,0,0,0,0,0,0,0,0,0,0,0,0,0,0,0,0,0,0,0,0,0,0,0,0,0,0,0,0,0,120285750,0,0,0,322020895,0,0,0,0,0,0,0,22819439,15426886,130048325,84124341760,21304611,1,1,0,0,0,0,0,0,0,0,0,0,0,0,0,0,0,0,0,0,0,0,0,0,0,0,0,0,0,0,0,1028034,0,0,0,0,0,0,0
1782295728.736,0,0,0,0,0,0,0,420820343,248609065472,265268875776,0,0,0,0,0,0,0,0,0,0,0,0,0,0,0,0,0,0,0,0,0,0,0,0,0,0,0,0,0,0,0,0,0,0,0,0,0,0,0,0,0,0,0,0,0,0,0,0,0,0,0,0,0,0,0,0,0,0,7,1671843,15207863,9355977,0,0,0,0,0,0,0,0,0,0,0,0,0,0,0,0,0,0,0,0,0,0,0,0,0,0,0,0,0,0,0,0,0,0,0,0,0,12869091328,5012979712,785468,305968,9293559,867,0,106,786432,14368126,812136,4,1991824648,12884901888,19575,467054393,0,0,0,0,0,0,0,0,0,0,0,0,0,0,0,0,0,0,8329258,108219043,0,468,1202,7661,620,16658835,35,0,0,0,0,0,0,0,1,0,0,0,0,0,0,0,0,0,0,12531543,0,9293397,86288,0,0,0,0,0,0,0,0,16384,0,0,0,0,0,0,0,0,0,0,0,1472,407,0,0,0,0,0,25313900,0,151,0,4,406,1472,0,0,0,0,0,0,0,0,0,0,0,0,0,0,0,0,0,0,0,0,0,0,0,0,0,0,0,0,0,0,0,0,0,0,0,0,0,0,0,0,0,0,0,0,0,0,0,0,0,0,0,0,0,0,120360791,0,0,0,322101361,0,0,0,0,0,0,0,22851313,15486860,130140884,84167629824,21333277,1,1,0,0,0,0,0,0,0,0,0,0,0,0,0,0,0,0,0,0,0,0,0,0,0,0,0,0,0,0,0,1032515,0,0,0,0,0,0,0
1782295729.804,0,0,0,0,0,0,0,421020573,249592302080,265601687552,0,0,0,0,0,0,0,0,0,0,0,0,0,0,0,0,0,0,0,0,0,0,0,0,0,0,0,0,0,0,0,0,0,0,0,0,0,0,0,0,0,0,0,0,0,0,0,0,0,0,0,0,0,0,0,0,0,0,7,1671953,15268042,9373209,0,0,0,0,0,0,0,0,0,0,0,0,0,0,0,0,0,0,0,0,0,0,0,0,0,0,0,0,0,0,0,0,0,0,0,0,0,12861390848,5010538496,784997,305819,9310791,1338,0,96,786432,14428176,812136,4,1992860066,12884901888,19575,467272687,0,0,0,0,0,0,0,0,0,0,0,0,0,0,0,0,0,0,8333716,108223501,0,468,1202,7661,620,16667745,35,0,0,0,0,0,0,0,1,0,0,0,0,0,0,0,0,0,0,12536557,0,9310629,86478,0,0,0,0,0,0,0,0,16384,0,0,0,0,0,0,0,0,0,0,0,1473,407,0,0,0,0,0,25327471,0,151,0,4,406,1473,0,0,0,0,0,0,0,0,0,0,0,0,0,0,0,0,0,0,0,0,0,0,0,0,0,0,0,0,0,0,0,0,0,0,0,0,0,0,0,0,0,0,0,0,0,0,0,0,0,0,0,0,0,0,120435365,0,0,0,322181662,0,0,0,0,0,0,0,22883385,15546813,130232805,84210646528,21362165,1,1,0,0,0,0,0,0,0,0,0,0,0,0,0,0,0,0,0,0,0,0,0,0,0,0,0,0,0,0,0,1036973,0,0,0,0,0,0,0
1782295730.870,0,0,0,0,0,0,0,421209984,250570476032,265943521280,0,0,0,0,0,0,0,0,0,0,0,0,0,0,0,0,0,0,0,0,0,0,0,0,0,0,0,0,0,0,0,0,0,0,0,0,0,0,0,0,0,0,0,0,0,0,0,0,0,0,0,0,0,0,0,0,0,0,7,1672090,15327901,9390509,0,0,0,0,0,0,0,0,0,0,0,0,0,0,0,0,0,0,0,0,0,0,0,0,0,0,0,0,0,0,0,0,0,0,0,0,0,12852543488,5034754048,784457,307297,9328091,1877,0,96,786432,14487909,812136,4,1993933819,12884901888,19575,467562133,0,0,0,0,0,0,0,0,0,0,0,0,0,0,0,0,0,0,8338213,108227997,0,468,1202,7661,620,16676739,35,0,0,0,0,0,0,0,1,0,0,0,0,0,0,0,0,0,0,12541615,0,9327929,86669,0,0,0,0,0,0,0,0,16384,0,0,0,0,0,0,0,0,0,0,0,1474,407,0,0,0,0,0,25341139,0,151,0,4,406,1474,0,0,0,0,0,0,0,0,0,0,0,0,0,0,0,0,0,0,0,0,0,0,0,0,0,0,0,0,0,0,0,0,0,0,0,0,0,0,0,0,0,0,0,0,0,0,0,0,0,0,0,0,0,0,120523722,0,0,0,322297646,0,0,0,0,0,0,0,22915658,15606485,130338591,84260036608,21391130,1,1,0,0,0,0,0,0,0,0,0,0,0,0,0,0,0,0,0,0,0,0,0,0,0,0,0,0,0,0,0,1003069,0,0,0,0,0,0,0
1782295731.940,0,0,0,0,0,0,0,421408511,251550452224,266272486912,0,0,0,0,0,0,0,0,0,0,0,0,0,0,0,0,0,0,0,0,0,0,0,0,0,0,0,0,0,0,0,0,0,0,0,0,0,0,0,0,0,0,0,0,0,0,0,0,0,0,0,0,0,0,0,0,0,0,7,1672270,15387873,9407511,0,0,0,0,0,0,0,0,0,0,0,0,0,0,0,0,0,0,0,0,0,0,0,0,0,0,0,0,0,0,0,0,0,0,0,0,0,12861947904,5038342144,785033,307516,9345093,1307,0,102,786432,14547758,812136,4,1994961378,12884901888,19575,467778533,0,0,0,0,0,0,0,0,0,0,0,0,0,0,0,0,0,0,8342648,108232432,0,468,1202,7661,620,16685609,35,0,0,0,0,0,0,0,1,0,0,0,0,0,0,0,0,0,0,12546603,0,9344931,86857,0,0,0,0,0,0,0,0,16384,0,0,0,0,0,0,0,0,0,0,0,1475,407,0,0,0,0,0,25354617,0,151,0,4,406,1475,0,0,0,0,0,0,0,0,0,0,0,0,0,0,0,0,0,0,0,0,0,0,0,0,0,0,0,0,0,0,0,0,0,0,0,0,0,0,0,0,0,0,0,0,0,0,0,0,0,0,0,0,0,0,120598440,0,0,0,322377356,0,0,0,0,0,0,0,22947282,15666259,130430436,84302918144,21419442,0,0,0,0,0,0,0,0,0,0,0,0,0,0,0,0,0,0,0,0,0,0,0,0,0,0,0,0,0,0,0,1007501,0,0,0,0,0,0,0
1782295733.009,0,0,0,0,0,0,0,421606883,252529904128,266606448640,0,0,0,0,0,0,0,0,0,0,0,0,0,0,0,0,0,0,0,0,0,0,0,0,0,0,0,0,0,0,0,0,0,0,0,0,0,0,0,0,0,0,0,0,0,0,0,0,0,0,0,0,0,0,0,0,0,0,7,1672393,15447806,9424693,0,0,0,0,0,0,0,0,0,0,0,0,0,0,0,0,0,0,0,0,0,0,0,0,0,0,0,0,0,0,0,0,0,0,0,0,0,12862472192,5037490176,785064,307463,9362275,1265,0,102,786432,14607583,812136,4,1995987684,12884901888,19575,467993216,0,0,0,0,0,0,0,0,0,0,0,0,0,0,0,0,0,0,8347106,108236891,0,468,1202,7661,620,16694535,35,0,0,0,0,0,0,0,1,0,0,0,0,0,0,0,0,0,0,12551617,0,9362113,87042,0,0,0,0,0,0,0,0,16384,0,0,0,0,0,0,0,0,0,0,0,1476,407,0,0,0,0,0,25368180,0,151,0,4,406,1476,0,0,0,0,0,0,0,0,0,0,0,0,0,0,0,0,0,0,0,0,0,0,0,0,0,0,0,0,0,0,0,0,0,0,0,0,0,0,0,0,0,0,0,0,0,0,0,0,0,0,0,0,0,0,120675386,0,0,0,322457223,0,0,0,0,0,0,0,22979883,15725979,130524681,84347660288,21448870,1,0,0,0,0,0,0,0,0,0,0,0,0,0,0,0,0,0,0,0,0,0,0,0,0,0,0,0,0,0,0,1011963,0,0,0,0,0,0,0
1782295734.077,0,0,0,0,0,0,0,421804340,253487860224,266966502912,0,0,0,0,0,0,0,0,0,0,0,0,0,0,0,0,0,0,0,0,0,0,0,0,0,0,0,0,0,0,0,0,0,0,0,0,0,0,0,0,0,0,0,0,0,0,0,0,0,0,0,0,0,0,0,0,0,0,7,1672523,15506448,9443625,0,0,0,0,0,0,0,0,0,0,0,0,0,0,0,0,0,0,0,0,0,0,0,0,0,0,0,0,0,0,0,0,0,0,0,0,0,12858048512,5002428416,784793,305324,9379665,1538,0,100,786432,14666098,812136,4,1997008592,12884901888,19575,468210246,0,0,0,0,0,0,0,0,0,0,0,0,0,0,0,0,0,0,8351471,108241256,0,468,1202,7661,620,16703259,35,0,0,0,0,0,0,0,1,0,0,0,0,0,0,0,0,0,0,12556528,0,9381039,87241,0,0,0,0,0,0,0,0,16384,0,0,0,0,0,0,0,0,0,0,0,1477,407,0,0,0,0,0,25381471,0,151,0,4,406,1477,0,0,0,0,0,0,0,0,0,0,0,0,0,0,0,0,0,0,0,0,0,0,0,0,0,0,0,0,0,0,0,0,0,0,0,0,0,0,0,0,0,0,0,0,0,0,0,0,0,0,0,0,0,0,120748789,0,0,0,322536326,0,0,0,0,0,0,0,23010485,15784394,130617151,84390358528,21476207,1,0,0,0,0,0,0,0,0,0,0,0,0,0,0,0,0,0,0,0,0,0,0,0,0,0,0,0,0,0,0,1016329,0,0,0,0,0,0,0
1782295735.143,0,0,0,0,0,0,0,421991404,254396484096,267328353280,0,0,0,0,0,0,0,0,0,0,0,0,0,0,0,0,0,0,0,0,0,0,0,0,0,0,0,0,0,0,0,0,0,0,0,0,0,0,0,0,0,0,0,0,0,0,0,0,0,0,0,0,0,0,0,0,0,0,7,1672680,15562029,9462648,0,0,0,0,0,0,0,0,0,0,0,0,0,0,0,0,0,0,0,0,0,0,0,0,0,0,0,0,0,0,0,0,0,0,0,0,0,12862537728,4953505792,785067,302338,9400230,1262,0,103,786432,14721549,812136,4,1997977576,12884901888,19575,468417329,0,0,0,0,0,0,0,0,0,0,0,0,0,0,0,0,0,0,8355585,108245369,0,468,1202,7661,620,16711484,35,0,0,0,0,0,0,0,1,0,0,0,0,0,0,0,0,0,0,12561154,0,9400068,87435,0,0,0,0,0,0,0,0,16384,0,0,0,0,0,0,0,0,0,0,0,1478,407,0,0,0,0,0,25393949,0,151,0,4,406,1478,0,0,0,0,0,0,0,0,0,0,0,0,0,0,0,0,0,0,0,0,0,0,0,0,0,0,0,0,0,0,0,0,0,0,0,0,0,0,0,0,0,0,0,0,0,0,0,0,0,0,0,0,0,0,120822190,0,0,0,322611132,0,0,0,0,0,0,0,23034509,15839791,130709673,84433497088,21497012,1,1,0,0,0,0,0,0,0,0,0,0,0,0,0,0,0,0,0,0,0,0,0,0,0,0,0,0,0,0,0,1020439,0,0,0,0,0,0,0
1782295736.209,0,0,0,0,0,0,0,422182084,255373740544,267667227136,0,0,0,0,0,0,0,0,0,0,0,0,0,0,0,0,0,0,0,0,0,0,0,0,0,0,0,0,0,0,0,0,0,0,0,0,0,0,0,0,0,0,0,0,0,0,0,0,0,0,0,0,0,0,0,0,0,0,7,1672836,15621828,9479506,0,0,0,0,0,0,0,0,0,0,0,0,0,0,0,0,0,0,0,0,0,0,0,0,0,0,0,0,0,0,0,0,0,0,0,0,0,12877791232,4987011072,785998,304383,9417088,337,0,96,786432,14781233,812136,4,1999058529,12884901888,19575,468709437,0,0,0,0,0,0,0,0,0,0,0,0,0,0,0,0,0,0,8360070,108249854,0,468,1202,7661,620,16720454,35,0,0,0,0,0,0,0,1,0,0,0,0,0,0,0,0,0,0,12566197,0,9416926,87615,0,0,0,0,0,0,0,0,16384,0,0,0,0,0,0,0,0,0,0,0,1479,407,0,0,0,0,0,25407596,0,151,0,4,406,1479,0,0,0,0,0,0,0,0,0,0,0,0,0,0,0,0,0,0,0,0,0,0,0,0,0,0,0,0,0,0,0,0,0,0,0,0,0,0,0,0,0,0,0,0,0,0,0,0,0,0,0,0,0,0,120916591,0,0,0,322727446,0,0,0,0,0,0,0,23067206,15899413,130821030,84486850560,21526515,1,0,0,0,0,0,0,0,0,0,0,0,0,0,0,0,0,0,0,0,0,0,0,0,0,0,0,0,0,0,0,986525,0,0,0,0,0,0,0
1782295737.277,0,0,0,0,0,0,0,422373229,256345164288,268001256448,0,0,0,0,0,0,0,0,0,0,0,0,0,0,0,0,0,0,0,0,0,0,0,0,0,0,0,0,0,0,0,0,0,0,0,0,0,0,0,0,0,0,0,0,0,0,0,0,0,0,0,0,0,0,0,0,0,0,7,1672974,15681274,9496841,0,0,0,0,0,0,0,0,0,0,0,0,0,0,0,0,0,0,0,0,0,0,0,0,0,0,0,0,0,0,0,0,0,0,0,0,0,12850954240,4973543424,784360,303561,9434423,1968,0,105,786432,14840562,812136,4,2000045062,12884901888,19575,468911564,0,0,0,0,0,0,0,0,0,0,0,0,0,0,0,0,0,0,8364453,108254238,0,468,1202,7661,620,16729227,35,0,0,0,0,0,0,0,1,0,0,0,0,0,0,0,0,0,0,12571128,0,9434261,87807,0,0,0,0,0,0,0,0,16384,0,0,0,0,0,0,0,0,0,0,0,1480,407,0,0,0,0,0,25420917,0,151,0,4,406,1480,0,0,0,0,0,0,0,0,0,0,0,0,0,0,0,0,0,0,0,0,0,0,0,0,0,0,0,0,0,0,0,0,0,0,0,0,0,0,0,0,0,0,0,0,0,0,0,0,0,0,0,0,0,0,120989955,0,0,0,322805058,0,0,0,0,0,0,0,23097816,15958656,130911836,84529444352,21553941,0,0,0,0,0,0,0,0,0,0,0,0,0,0,0,0,0,0,0,0,0,0,0,0,0,0,0,0,0,0,0,990910,0,0,0,0,0,0,0
1782295738.345,0,0,0,0,0,0,0,422546134,257361168896,268336777728,0,0,0,0,0,0,0,0,0,0,0,0,0,0,0,0,0,0,0,0,0,0,0,0,0,0,0,0,0,0,0,0,0,0,0,0,0,0,0,0,0,0,0,0,0,0,0,0,0,0,0,0,0,0,0,0,0,0,7,1673121,15743449,9514425,0,0,0,0,0,0,0,0,0,0,0,0,0,0,0,0,0,0,0,0,0,0,0,0,0,0,0,0,0,0,0,0,0,0,0,0,0,12852199424,4943708160,784436,301740,9452007,1899,0,96,786432,14902646,812136,4,2000929631,12884901888,19575,469072832,0,0,0,0,0,0,0,0,0,0,0,0,0,0,0,0,0,0,8368855,108258639,0,468,1202,7661,620,16738021,35,0,0,0,0,0,0,0,1,0,0,0,0,0,0,0,0,0,0,12576076,0,9451845,88006,0,0,0,0,0,0,0,0,16384,0,0,0,0,0,0,0,0,0,0,0,1481,407,0,0,0,0,0,25434288,0,151,0,4,406,1481,0,0,0,0,0,0,0,0,0,0,0,0,0,0,0,0,0,0,0,0,0,0,0,0,0,0,0,0,0,0,0,0,0,0,0,0,0,0,0,0,0,0,0,0,0,0,0,0,0,0,0,0,0,0,121059976,0,0,0,322877792,0,0,0,0,0,0,0,23127316,16020612,130999581,84569576448,21580178,1,0,0,0,0,0,0,0,0,0,0,0,0,0,0,0,0,0,0,0,0,0,0,0,0,0,0,0,0,0,0,995311,0,0,0,0,0,0,0
1782295739.413,0,0,0,0,0,0,0,422717325,258379188736,268671071744,0,0,0,0,0,0,0,0,0,0,0,0,0,0,0,0,0,0,0,0,0,0,0,0,0,0,0,0,0,0,0,0,0,0,0,0,0,0,0,0,0,0,0,0,0,0,0,0,0,0,0,0,0,0,0,0,0,0,7,1673435,15805745,9532021,0,0,0,0,0,0,0,0,0,0,0,0,0,0,0,0,0,0,0,0,0,0,0,0,0,0,0,0,0,0,0,0,0,0,0,0,0,12854509568,4917854208,784577,300162,9469603,1758,0,98,786432,14964846,812136,4,2001805376,12884901888,19575,469229505,0,0,0,0,0,0,0,0,0,0,0,0,0,0,0,0,0,0,8373262,108263047,0,468,1202,7661,620,16746834,35,0,0,0,0,0,0,0,1,0,0,0,0,0,0,0,0,0,0,12581035,0,9469441,88202,0,0,0,0,0,0,0,0,16384,0,0,0,0,0,0,0,0,0,0,0,1482,407,0,0,0,0,0,25447693,0,151,0,4,406,1482,0,0,0,0,0,0,0,0,0,0,0,0,0,0,0,0,0,0,0,0,0,0,0,0,0,0,0,0,0,0,0,0,0,0,0,0,0,0,0,0,0,0,0,0,0,0,0,0,0,0,0,0,0,0,121128897,0,0,0,322950158,0,0,0,0,0,0,0,23156542,16082730,131086237,84608682496,21606377,1,0,0,0,0,0,0,0,0,0,0,0,0,0,0,0,0,0,0,0,0,0,0,0,0,0,0,0,0,0,0,999720,0,0,0,0,0,0,0
1782295740.481,0,0,0,0,0,0,0,422888926,259397782016,269011244032,0,0,0,0,0,0,0,0,0,0,0,0,0,0,0,0,0,0,0,0,0,0,0,0,0,0,0,0,0,0,0,0,0,0,0,0,0,0,0,0,0,0,0,0,0,0,0,0,0,0,0,0,0,0,0,0,0,0,7,1673820,15868075,9549947,0,0,0,0,0,0,0,0,0,0,0,0,0,0,0,0,0,0,0,0,0,0,0,0,0,0,0,0,0,0,0,0,0,0,0,0,0,12853280768,4892065792,784502,298588,9487529,1834,0,96,786432,15027059,812136,4,2002681514,12884901888,19575,469388392,0,0,0,0,0,0,0,0,0,0,0,0,0,0,0,0,0,0,8377649,108267434,0,468,1202,7661,620,16755617,35,0,0,0,0,0,0,0,1,0,0,0,0,0,0,0,0,0,0,12585967,0,9487367,88394,0,0,0,0,0,0,0,0,16384,0,0,0,0,0,0,0,0,0,0,0,1483,407,0,0,0,0,0,25461021,0,151,0,4,406,1483,0,0,0,0,0,0,0,0,0,0,0,0,0,0,0,0,0,0,0,0,0,0,0,0,0,0,0,0,0,0,0,0,0,0,0,0,0,0,0,0,0,0,0,0,0,0,0,0,0,0,0,0,0,0,121198082,0,0,0,323022572,0,0,0,0,0,0,0,23185991,16144869,131173462,84648124928,21632644,1,1,0,0,0,0,0,0,0,0,0,0,0,0,0,0,0,0,0,0,0,0,0,0,0,0,0,0,0,0,0,1004105,0,0,0,0,0,0,0
1782295741.548,0,0,0,0,0,0,0,423061110,260423191040,269346427392,0,0,0,0,0,0,0,0,0,0,0,0,0,0,0,0,0,0,0,0,0,0,0,0,0,0,0,0,0,0,0,0,0,0,0,0,0,0,0,0,0,0,0,0,0,0,0,0,0,0,0,0,0,0,0,0,0,0,7,1674220,15930824,9567495,0,0,0,0,0,0,0,0,0,0,0,0,0,0,0,0,0,0,0,0,0,0,0,0,0,0,0,0,0,0,0,0,0,0,0,0,0,12862504960,4878368768,785065,297752,9505077,1271,0,96,786432,15089732,812136,4,2003562809,12884901888,19575,469548137,0,0,0,0,0,0,0,0,0,0,0,0,0,0,0,0,0,0,8382051,108271834,0,468,1202,7661,620,16764416,35,0,0,0,0,0,0,0,1,0,0,0,0,0,0,0,0,0,0,12590919,0,9504915,88587,0,0,0,0,0,0,0,0,16384,0,0,0,0,0,0,0,0,0,0,0,1484,407,0,0,0,0,0,25474412,0,151,0,4,406,1484,0,0,0,0,0,0,0,0,0,0,0,0,0,0,0,0,0,0,0,0,0,0,0,0,0,0,0,0,0,0,0,0,0,0,0,0,0,0,0,0,0,0,0,0,0,0,0,0,0,0,0,0,0,0,121268109,0,0,0,323095276,0,0,0,0,0,0,0,23215619,16207387,131261157,84688514048,21659054,1,1,0,0,0,0,0,0,0,0,0,0,0,0,0,0,0,0,0,0,0,0,0,0,0,0,0,0,0,0,0,1008506,0,0,0,0,0,0,0
1782295742.615,0,0,0,0,0,0,0,423225275,261425826304,269682991616,0,0,0,0,0,0,0,0,0,0,0,0,0,0,0,0,0,0,0,0,0,0,0,0,0,0,0,0,0,0,0,0,0,0,0,0,0,0,0,0,0,0,0,0,0,0,0,0,0,0,0,0,0,0,0,0,0,0,7,1674597,15992173,9584998,0,0,0,0,0,0,0,0,0,0,0,0,0,0,0,0,0,0,0,0,0,0,0,0,0,0,0,0,0,0,0,0,0,0,0,0,0,12855050240,4872519680,784610,297394,9522580,1716,0,104,786432,15150971,812136,4,2004433117,12884901888,19575,469725579,0,0,0,0,0,0,0,0,0,0,0,0,0,0,0,0,0,0,8386399,108276184,0,468,1202,7661,620,16773114,35,0,0,0,0,0,0,0,1,0,0,0,0,0,0,0,0,0,0,12595812,0,9522418,88781,0,0,0,0,0,0,0,0,16384,0,0,0,0,0,0,0,0,0,0,0,1485,407,0,0,0,0,0,25487612,0,151,0,4,406,1485,0,0,0,0,0,0,0,0,0,0,0,0,0,0,0,0,0,0,0,0,0,0,0,0,0,0,0,0,0,0,0,0,0,0,0,0,0,0,0,0,0,0,0,0,0,0,0,0,0,0,0,0,0,0,121342114,0,0,0,323179000,0,0,0,0,0,0,0,23242635,16268565,131352775,84730585088,21682952,1,0,0,0,0,0,0,0,0,0,0,0,0,0,0,0,0,0,0,0,0,0,0,0,0,0,0,0,0,0,0,999298,0,0,0,0,0,0,0
1782295743.683,0,0,0,0,0,0,0,423382380,262404901376,270030938624,0,0,0,0,0,0,0,0,0,0,0,0,0,0,0,0,0,0,0,0,0,0,0,0,0,0,0,0,0,0,0,0,0,0,0,0,0,0,0,0,0,0,0,0,0,0,0,0,0,0,0,0,0,0,0,0,0,0,7,1674747,16052092,9603126,0,0,0,0,0,0,0,0,0,0,0,0,0,0,0,0,0,0,0,0,0,0,0,0,0,0,0,0,0,0,0,0,0,0,0,0,0,12859932672,4859248640,784908,296585,9540708,1427,0,97,786432,15210787,812136,4,2005293623,12884901888,19575,469918194,0,0,0,0,0,0,0,0,0,0,0,0,0,0,0,0,0,0,8390674,108280459,0,468,1202,7661,620,16781663,35,0,0,0,0,0,0,0,1,0,0,0,0,0,0,0,0,0,0,12600620,0,9540546,88978,0,0,0,0,0,0,0,0,16384,0,0,0,0,0,0,0,0,0,0,0,1487,407,0,0,0,0,0,25500620,0,151,0,4,406,1487,0,0,0,0,0,0,0,0,0,0,0,0,0,0,0,0,0,0,0,0,0,0,0,0,0,0,0,0,0,0,0,0,0,0,0,0,0,0,0,0,0,0,0,0,0,0,0,0,0,0,0,0,0,0,121420499,0,0,0,323271502,0,0,0,0,0,0,0,23268628,16328290,131449445,84773945344,21705717,1,0,0,0,0,0,0,0,0,0,0,0,0,0,0,0,0,0,0,0,0,0,0,0,0,0,0,0,0,0,0,978732,0,0,0,0,0,0,0
1782295744.752,0,0,0,0,0,0,0,423550322,263408355840,270368359936,0,0,0,0,0,0,0,0,0,0,0,0,0,0,0,0,0,0,0,0,0,0,0,0,0,0,0,0,0,0,0,0,0,0,0,0,0,0,0,0,0,0,0,0,0,0,0,0,0,0,0,0,0,0,0,0,0,0,7,1674898,16113489,9620910,0,0,0,0,0,0,0,0,0,0,0,0,0,0,0,0,0,0,0,0,0,0,0,0,0,0,0,0,0,0,0,0,0,0,0,0,0,12854427648,4844257280,784572,295670,9558492,1762,0,96,786432,15272066,812136,4,2006152623,12884901888,19575,470071992,0,0,0,0,0,0,0,0,0,0,0,0,0,0,0,0,0,0,8395008,108284792,0,468,1202,7661,620,16790330,35,0,0,0,0,0,0,0,1,0,0,0,0,0,0,0,0,0,0,12605493,0,9558330,89170,0,0,0,0,0,0,0,0,16384,0,0,0,0,0,0,0,0,0,0,0,1488,407,0,0,0,0,0,25513804,0,151,0,4,406,1488,0,0,0,0,0,0,0,0,0,0,0,0,0,0,0,0,0,0,0,0,0,0,0,0,0,0,0,0,0,0,0,0,0,0,0,0,0,0,0,0,0,0,0,0,0,0,0,0,0,0,0,0,0,0,121489339,0,0,0,323342596,0,0,0,0,0,0,0,23297126,16389475,131536190,84813296640,21731013,1,0,0,0,0,0,0,0,0,0,0,0,0,0,0,0,0,0,0,0,0,0,0,0,0,0,0,0,0,0,0,983065,0,0,0,0,0,0,0
1782295745.817,0,0,0,0,0,0,0,423719770,264429095424,270705588736,0,0,0,0,0,0,0,0,0,0,0,0,0,0,0,0,0,0,0,0,0,0,0,0,0,0,0,0,0,0,0,0,0,0,0,0,0,0,0,0,0,0,0,0,0,0,0,0,0,0,0,0,0,0,0,0,0,0,7,1675046,16175975,9638696,0,0,0,0,0,0,0,0,0,0,0,0,0,0,0,0,0,0,0,0,0,0,0,0,0,0,0,0,0,0,0,0,0,0,0,0,0,12866666496,4832509952,785319,294953,9576174,1008,0,105,786432,15334447,812136,4,2007020580,12884901888,19575,470226610,0,0,0,0,0,0,0,0,0,0,0,0,0,0,0,0,0,0,8399379,108289163,0,468,1202,7661,620,16799071,35,0,0,0,0,0,0,0,1,0,0,0,0,0,0,0,0,0,0,12610409,0,9576012,89357,0,0,0,0,0,0,0,0,16384,0,0,0,0,0,0,0,0,0,0,0,1489,407,0,0,0,0,0,25527085,0,151,0,4,406,1489,0,0,0,0,0,0,0,0,0,0,0,0,0,0,0,0,0,0,0,0,0,0,0,0,0,0,0,0,0,0,0,0,0,0,0,0,0,0,0,0,0,0,0,0,0,0,0,0,0,0,0,0,0,0,121557490,0,0,0,323414364,0,0,0,0,0,0,0,23326127,16451741,131622275,84852161536,21757001,1,1,0,0,0,0,0,0,0,0,0,0,0,0,0,0,0,0,0,0,0,0,0,0,0,0,0,0,0,0,0,987433,0,0,0,0,0,0,0
1782295746.884,0,0,0,0,0,0,0,423888419,265451948544,271053623808,0,0,0,0,0,0,0,0,0,0,0,0,0,0,0,0,0,0,0,0,0,0,0,0,0,0,0,0,0,0,0,0,0,0,0,0,0,0,0,0,0,0,0,0,0,0,0,0,0,0,0,0,0,0,0,0,0,0,7,1675200,16238588,9657158,0,0,0,0,0,0,0,0,0,0,0,0,0,0,0,0,0,0,0,0,0,0,0,0,0,0,0,0,0,0,0,0,0,0,0,0,0,12862078976,4812177408,785039,293712,9594740,1296,0,96,786432,15396943,812136,4,2007881453,12884901888,19575,470379692,0,0,0,0,0,0,0,0,0,0,0,0,0,0,0,0,0,0,8403751,108293532,0,468,1202,7661,620,16807814,35,0,0,0,0,0,0,0,1,0,0,0,0,0,0,0,0,0,0,12615325,0,9594578,89553,0,0,0,0,0,0,0,0,16384,0,0,0,0,0,0,0,0,0,0,0,1490,407,0,0,0,0,0,25540369,0,151,0,4,406,1490,0,0,0,0,0,0,0,0,0,0,0,0,0,0,0,0,0,0,0,0,0,0,0,0,0,0,0,0,0,0,0,0,0,0,0,0,0,0,0,0,0,0,0,0,0,0,0,0,0,0,0,0,0,0,121624682,0,0,0,323485889,0,0,0,0,0,0,0,23355114,16514151,131708064,84890799104,21782697,0,0,0,0,0,0,0,0,0,0,0,0,0,0,0,0,0,0,0,0,0,0,0,0,0,0,0,0,0,0,0,991805,0,0,0,0,0,0,0
1782295747.952,0,0,0,0,0,0,0,424056013,266475784704,271400626176,0,0,0,0,0,0,0,0,0,0,0,0,0,0,0,0,0,0,0,0,0,0,0,0,0,0,0,0,0,0,0,0,0,0,0,0,0,0,0,0,0,0,0,0,0,0,0,0,0,0,0,0,0,0,0,0,0,0,7,1675385,16301256,9675589,0,0,0,0,0,0,0,0,0,0,0,0,0,0,0,0,0,0,0,0,0,0,0,0,0,0,0,0,0,0,0,0,0,0,0,0,0,12855853056,4797382656,784660,292809,9613169,1676,0,97,786432,15459491,812144,4,2008736593,12884901888,19575,470527958,0,0,0,0,0,0,0,0,0,0,0,0,0,0,0,0,0,0,8408164,108297947,0,468,1202,7661,620,16816641,35,0,0,0,0,0,0,0,1,0,0,0,0,0,0,0,0,0,0,12620292,0,9613007,89754,0,0,0,0,0,0,0,0,16384,0,0,0,0,0,0,0,0,0,0,0,1491,407,0,0,0,0,0,25553788,0,151,0,4,406,1491,0,0,0,0,0,0,0,0,0,0,0,0,0,0,0,0,0,0,0,0,0,0,0,0,0,0,0,0,0,0,0,0,0,0,0,0,0,0,0,0,0,0,0,0,0,0,0,0,0,0,0,0,0,0,121692368,0,0,0,323557411,0,0,0,0,0,0,0,23384440,16576620,131794343,84929132032,21808547,1,0,0,0,0,0,0,0,0,0,0,0,0,0,0,0,0,0,0,0,0,0,0,0,0,0,0,0,0,0,0,996220,0,0,0,0,0,0,0
1782295749.020,0,0,0,0,0,0,0,424224245,267494672896,271752315392,0,0,0,0,0,0,0,0,0,0,0,0,0,0,0,0,0,0,0,0,0,0,0,0,0,0,0,0,0,0,0,0,0,0,0,0,0,0,0,0,0,0,0,0,0,0,0,0,0,0,0,0,0,0,0,0,0,0,7,1675576,16363610,9694227,0,0,0,0,0,0,0,0,0,0,0,0,0,0,0,0,0,0,0,0,0,0,0,0,0,0,0,0,0,0,0,0,0,0,0,0,0,12865716224,4778786816,785261,291674,9631782,1074,0,98,786432,15521726,812144,4,2009594502,12884901888,19575,470677933,0,0,0,0,0,0,0,0,0,0,0,0,0,0,0,0,0,0,8412572,108302356,0,468,1202,7661,620,16825459,35,0,0,0,0,0,0,0,1,0,0,0,0,0,0,0,0,0,0,12625251,0,9631620,89950,0,0,0,0,0,0,0,0,16384,0,0,0,0,0,0,0,0,0,0,0,1492,407,0,0,0,0,0,25567189,0,151,0,4,406,1492,0,0,0,0,0,0,0,0,0,0,0,0,0,0,0,0,0,0,0,0,0,0,0,0,0,0,0,0,0,0,0,0,0,0,0,0,0,0,0,0,0,0,0,0,0,0,0,0,0,0,0,0,0,0,121760700,0,0,0,323629050,0,0,0,0,0,0,0,23413053,16638770,131881460,84968207360,21833876,1,1,0,0,0,0,0,0,0,0,0,0,0,0,0,0,0,0,0,0,0,0,0,0,0,0,0,0,0,0,0,1000629,0,0,0,0,0,0,0
1782295750.089,0,0,0,0,0,0,0,424388772,268493195776,272122107904,0,0,0,0,0,0,0,0,0,0,0,0,0,0,0,0,0,0,0,0,0,0,0,0,0,0,0,0,0,0,0,0,0,0,0,0,0,0,0,0,0,0,0,0,0,0,0,0,0,0,0,0,0,0,0,0,0,0,7,1675895,16424707,9714004,0,0,0,0,0,0,0,0,0,0,0,0,0,0,0,0,0,0,0,0,0,0,0,0,0,0,0,0,0,0,0,0,0,0,0,0,0,12851707904,4743217152,784406,289503,9649706,1930,0,96,786432,15582736,812144,4,2010433635,12884901888,19575,470824348,0,0,0,0,0,0,0,0,0,0,0,0,0,0,0,0,0,0,8416893,108306677,0,468,1202,7661,620,16834099,35,0,0,0,0,0,0,0,1,0,0,0,0,0,0,0,0,0,0,12630112,0,9651336,90159,0,0,0,0,0,0,0,0,16384,0,0,0,0,0,0,0,0,0,0,0,1493,407,0,0,0,0,0,25580341,0,151,0,4,406,1493,0,0,0,0,0,0,0,0,0,0,0,0,0,0,0,0,0,0,0,0,0,0,0,0,0,0,0,0,0,0,0,0,0,0,0,0,0,0,0,0,0,0,0,0,0,0,0,0,0,0,0,0,0,0,121827637,0,0,0,323699127,0,0,0,0,0,0,0,23440656,16699696,131968310,85006804992,21858244,1,0,0,0,0,0,0,0,0,0,0,0,0,0,0,0,0,0,0,0,0,0,0,0,0,0,0,0,0,0,0,1004950,0,0,0,0,0,0,0
1782295751.153,0,0,0,0,0,0,0,424543609,269442599424,272475618304,0,0,0,0,0,0,0,0,0,0,0,0,0,0,0,0,0,0,0,0,0,0,0,0,0,0,0,0,0,0,0,0,0,0,0,0,0,0,0,0,0,0,0,0,0,0,0,0,0,0,0,0,0,0,0,0,0,0,7,1676252,16482815,9733001,0,0,0,0,0,0,0,0,0,0,0,0,0,0,0,0,0,0,0,0,0,0,0,0,0,0,0,0,0,0,0,0,0,0,0,0,0,12864651264,4703584256,785196,287084,9670583,1131,0,105,786432,15640728,812144,4,2011222261,12884901888,19575,470960629,0,0,0,0,0,0,0,0,0,0,0,0,0,0,0,0,0,0,8420985,108310768,0,468,1202,7661,620,16842287,35,0,0,0,0,0,0,0,1,0,0,0,0,0,0,0,0,0,0,12634713,0,9670421,90360,0,0,0,0,0,0,0,0,16384,0,0,0,0,0,0,0,0,0,0,0,1494,407,0,0,0,0,0,25592789,0,151,0,4,406,1494,0,0,0,0,0,0,0,0,0,0,0,0,0,0,0,0,0,0,0,0,0,0,0,0,0,0,0,0,0,0,0,0,0,0,0,0,0,0,0,0,0,0,0,0,0,0,0,0,0,0,0,0,0,0,121892348,0,0,0,323765272,0,0,0,0,0,0,0,23463489,16757620,132052138,85043638784,21878030,0,0,0,0,0,0,0,0,0,0,0,0,0,0,0,0,0,0,0,0,0,0,0,0,0,0,0,0,0,0,0,1009042,0,0,0,0,0,0,0
1782295752.221,0,0,0,0,0,0,0,424706963,270456687104,272827958784,0,0,0,0,0,0,0,0,0,0,0,0,0,0,0,0,0,0,0,0,0,0,0,0,0,0,0,0,0,0,0,0,0,0,0,0,0,0,0,0,0,0,0,0,0,0,0,0,0,0,0,0,0,0,0,0,0,0,7,1676479,16544848,9751024,0,0,0,0,0,0,0,0,0,0,0,0,0,0,0,0,0,0,0,0,0,0,0,0,0,0,0,0,0,0,0,0,0,0,0,0,0,12856459264,4729241600,784696,288650,9688606,1640,0,97,786432,15702670,812144,4,2012152978,12884901888,19575,471195166,0,0,0,0,0,0,0,0,0,0,0,0,0,0,0,0,0,0,8425408,108315192,0,468,1202,7661,620,16851132,35,0,0,0,0,0,0,0,1,0,0,0,0,0,0,0,0,0,0,12639690,0,9688444,90563,0,0,0,0,0,0,0,0,16384,0,0,0,0,0,0,0,0,0,0,0,1495,407,0,0,0,0,0,25606215,0,151,0,4,406,1495,0,0,0,0,0,0,0,0,0,0,0,0,0,0,0,0,0,0,0,0,0,0,0,0,0,0,0,0,0,0,0,0,0,0,0,0,0,0,0,0,0,0,0,0,0,0,0,0,0,0,0,0,0,0,121979542,0,0,0,323874053,0,0,0,0,0,0,0,23493999,16819442,132157486,85092000256,21905056,1,0,0,0,0,0,0,0,0,0,0,0,0,0,0,0,0,0,0,0,0,0,0,0,0,0,0,0,0,0,0,975066,0,0,0,0,0,0,0
1782295753.289,0,0,0,0,0,0,0,424872882,271470660096,273165835264,0,0,0,0,0,0,0,0,0,0,0,0,0,0,0,0,0,0,0,0,0,0,0,0,0,0,0,0,0,0,0,0,0,0,0,0,0,0,0,0,0,0,0,0,0,0,0,0,0,0,0,0,0,0,0,0,0,0,7,1676638,16606902,9768865,0,0,0,0,0,0,0,0,0,0,0,0,0,0,0,0,0,0,0,0,0,0,0,0,0,0,0,0,0,0,0,0,0,0,0,0,0,12856098816,4729683968,784674,288677,9706355,1653,0,104,786432,15764623,812144,4,2012999596,12884901888,19575,471342280,0,0,0,0,0,0,0,0,0,0,0,0,0,0,0,0,0,0,8429770,108319554,0,468,1202,7661,620,16859852,35,0,0,0,0,0,0,0,1,0,0,0,0,0,0,0,0,0,0,12644597,0,9706193,90754,0,0,0,0,0,0,0,0,16384,0,0,0,0,0,0,0,0,0,0,0,1496,407,0,0,0,0,0,25619482,0,151,0,4,406,1496,0,0,0,0,0,0,0,0,0,0,0,0,0,0,0,0,0,0,0,0,0,0,0,0,0,0,0,0,0,0,0,0,0,0,0,0,0,0,0,0,0,0,0,0,0,0,0,0,0,0,0,0,0,0,122046908,0,0,0,323944859,0,0,0,0,0,0,0,23523184,16881274,132242846,85130630144,21931050,1,0,0,0,0,0,0,0,0,0,0,0,0,0,0,0,0,0,0,0,0,0,0,0,0,0,0,0,0,0,0,979427,0,0,0,0,0,0,0
1782295754.355,0,0,0,0,0,0,0,425038321,272494561792,273506791936,0,0,0,0,0,0,0,0,0,0,0,0,0,0,0,0,0,0,0,0,0,0,0,0,0,0,0,0,0,0,0,0,0,0,0,0,0,0,0,0,0,0,0,0,0,0,0,0,0,0,0,0,0,0,0,0,0,0,7,1676782,16669579,9786947,0,0,0,0,0,0,0,0,0,0,0,0,0,0,0,0,0,0,0,0,0,0,0,0,0,0,0,0,0,0,0,0,0,0,0,0,0,12854263808,4728995840,784562,288635,9724529,1774,0,96,786432,15827195,812144,4,2013842564,12884901888,19575,471487621,0,0,0,0,0,0,0,0,0,0,0,0,0,0,0,0,0,0,8434150,108323932,0,468,1202,7661,620,16868613,35,0,0,0,0,0,0,0,1,0,0,0,0,0,0,0,0,0,0,12649522,0,9724367,90953,0,0,0,0,0,0,0,0,16384,0,0,0,0,0,0,0,0,0,0,0,1497,407,0,0,0,0,0,25632784,0,151,0,4,406,1497,0,0,0,0,0,0,0,0,0,0,0,0,0,0,0,0,0,0,0,0,0,0,0,0,0,0,0,0,0,0,0,0,0,0,0,0,0,0,0,0,0,0,0,0,0,0,0,0,0,0,0,0,0,0,122113469,0,0,0,324015591,0,0,0,0,0,0,0,23552622,16943750,132327609,85168656384,21957086,1,0,0,0,0,0,0,0,0,0,0,0,0,0,0,0,0,0,0,0,0,0,0,0,0,0,0,0,0,0,0,983806,0,0,0,0,0,0,0
1782295755.424,0,0,0,0,0,0,0,425202717,273506617856,273843778560,0,0,0,0,0,0,0,0,0,0,0,0,0,0,0,0,0,0,0,0,0,0,0,0,0,0,0,0,0,0,0,0,0,0,0,0,0,0,0,0,0,0,0,0,0,0,0,0,0,0,0,0,0,0,0,0,0,0,7,1676923,16731515,9804758,0,0,0,0,0,0,0,0,0,0,0,0,0,0,0,0,0,0,0,0,0,0,0,0,0,0,0,0,0,0,0,0,0,0,0,0,0,12863340544,4730011648,785116,288697,9742340,1219,0,97,786432,15889038,812144,4,2014681949,12884901888,19575,471631126,0,0,0,0,0,0,0,0,0,0,0,0,0,0,0,0,0,0,8438520,108328304,0,468,1202,7661,620,16877356,35,0,0,0,0,0,0,0,1,0,0,0,0,0,0,0,0,0,0,12654438,0,9742178,91142,0,0,0,0,0,0,0,0,16384,0,0,0,0,0,0,0,0,0,0,0,1498,407,0,0,0,0,0,25646083,0,151,0,4,406,1498,0,0,0,0,0,0,0,0,0,0,0,0,0,0,0,0,0,0,0,0,0,0,0,0,0,0,0,0,0,0,0,0,0,0,0,0,0,0,0,0,0,0,0,0,0,0,0,0,0,0,0,0,0,0,122180430,0,0,0,324086043,0,0,0,0,0,0,0,23581806,17005510,132412523,85206960128,21983205,1,1,0,0,0,0,0,0,0,0,0,0,0,0,0,0,0,0,0,0,0,0,0,0,0,0,0,0,0,0,0,988177,0,0,0,0,0,0,0
1782295756.489,0,0,0,0,0,0,0,425368365,274527275520,274189040128,0,0,0,0,0,0,0,0,0,0,0,0,0,0,0,0,0,0,0,0,0,0,0,0,0,0,0,0,0,0,0,0,0,0,0,0,0,0,0,0,0,0,0,0,0,0,0,0,0,0,0,0,0,0,0,0,0,0,7,1677084,16793996,9823030,0,0,0,0,0,0,0,0,0,0,0,0,0,0,0,0,0,0,0,0,0,0,0,0,0,0,0,0,0,0,0,0,0,0,0,0,0,12852346880,4724785152,784445,288378,9760612,1891,0,97,786432,15951399,812144,4,2015525496,12884901888,19575,471775617,0,0,0,0,0,0,0,0,0,0,0,0,0,0,0,0,0,0,8442930,108332713,0,468,1202,7661,620,16886174,35,0,0,0,0,0,0,0,1,0,0,0,0,0,0,0,0,0,0,12659398,0,9760450,91336,0,0,0,0,0,0,0,0,16384,0,0,0,0,0,0,0,0,0,0,0,1499,407,0,0,0,0,0,25659456,0,151,0,4,406,1499,0,0,0,0,0,0,0,0,0,0,0,0,0,0,0,0,0,0,0,0,0,0,0,0,0,0,0,0,0,0,0,0,0,0,0,0,0,0,0,0,0,0,0,0,0,0,0,0,0,0,0,0,0,0,122247351,0,0,0,324157040,0,0,0,0,0,0,0,23611121,17067798,132497839,85245697024,22009330,0,0,0,0,0,0,0,0,0,0,0,0,0,0,0,0,0,0,0,0,0,0,0,0,0,0,0,0,0,0,0,992586,0,0,0,0,0,0,0
1782295757.555,0,0,0,0,0,0,0,425537019,275556616704,274531522048,0,0,0,0,0,0,0,0,0,0,0,0,0,0,0,0,0,0,0,0,0,0,0,0,0,0,0,0,0,0,0,0,0,0,0,0,0,0,0,0,0,0,0,0,0,0,0,0,0,0,0,0,0,0,0,0,0,0,7,1677339,16857004,9841121,0,0,0,0,0,0,0,0,0,0,0,0,0,0,0,0,0,0,0,0,0,0,0,0,0,0,0,0,0,0,0,0,0,0,0,0,0,12858032128,4729929728,784792,288692,9778703,1543,0,96,786432,16014306,812144,4,2016384284,12884901888,19575,471925089,0,0,0,0,0,0,0,0,0,0,0,0,0,0,0,0,0,0,8447369,108337153,0,468,1202,7661,620,16895054,35,0,0,0,0,0,0,0,1,0,0,0,0,0,0,0,0,0,0,12664394,0,9778541,91534,0,0,0,0,0,0,0,0,16384,0,0,0,0,0,0,0,0,0,0,0,1500,407,0,0,0,0,0,25672968,0,151,0,4,406,1500,0,0,0,0,0,0,0,0,0,0,0,0,0,0,0,0,0,0,0,0,0,0,0,0,0,0,0,0,0,0,0,0,0,0,0,0,0,0,0,0,0,0,0,0,0,0,0,0,0,0,0,0,0,0,122316209,0,0,0,324229050,0,0,0,0,0,0,0,23641108,17130607,132584894,85285151744,22036097,0,0,0,0,0,0,0,0,0,0,0,0,0,0,0,0,0,0,0,0,0,0,0,0,0,0,0,0,0,0,0,997027,0,0,0,0,0,0,0
1782295758.624,0,0,0,0,0,0,0,425704412,276583959040,274877100032,0,0,0,0,0,0,0,0,0,0,0,0,0,0,0,0,0,0,0,0,0,0,0,0,0,0,0,0,0,0,0,0,0,0,0,0,0,0,0,0,0,0,0,0,0,0,0,0,0,0,0,0,0,0,0,0,0,0,7,1677737,16919876,9859357,0,0,0,0,0,0,0,0,0,0,0,0,0,0,0,0,0,0,0,0,0,0,0,0,0,0,0,0,0,0,0,0,0,0,0,0,0,12858998784,4733272064,784851,288896,9796939,1485,0,96,786432,16077070,812144,4,2017237729,12884901888,19575,472073913,0,0,0,0,0,0,0,0,0,0,0,0,0,0,0,0,0,0,8451769,108341552,0,468,1202,7661,620,16903849,35,0,0,0,0,0,0,0,1,0,0,0,0,0,0,0,0,0,0,12669339,0,9796777,91733,0,0,0,0,0,0,0,0,16384,0,0,0,0,0,0,0,0,0,0,0,1501,407,0,0,0,0,0,25686319,0,151,0,4,406,1501,0,0,0,0,0,0,0,0,0,0,0,0,0,0,0,0,0,0,0,0,0,0,0,0,0,0,0,0,0,0,0,0,0,0,0,0,0,0,0,0,0,0,0,0,0,0,0,0,0,0,0,0,0,0,122384840,0,0,0,324300467,0,0,0,0,0,0,0,23670629,17193263,132671893,85324784128,22062348,0,0,0,0,0,0,0,0,0,0,0,0,0,0,0,0,0,0,0,0,0,0,0,0,0,0,0,0,0,0,0,1001426,0,0,0,0,0,0,0
1782295759.692,0,0,0,0,0,0,0,425870822,277612186112,275221204992,0,0,0,0,0,0,0,0,0,0,0,0,0,0,0,0,0,0,0,0,0,0,0,0,0,0,0,0,0,0,0,0,0,0,0,0,0,0,0,0,0,0,0,0,0,0,0,0,0,0,0,0,0,0,0,0,0,0,7,1678112,16982805,9877531,0,0,0,0,0,0,0,0,0,0,0,0,0,0,0,0,0,0,0,0,0,0,0,0,0,0,0,0,0,0,0,0,0,0,0,0,0,12860112896,4736401408,784919,289087,9815113,1408,0,105,786432,16139892,812144,4,2018086662,12884901888,19575,472218621,0,0,0,0,0,0,0,0,0,0,0,0,0,0,0,0,0,0,8456207,108345990,0,468,1202,7661,620,16912726,35,0,0,0,0,0,0,0,1,0,0,0,0,0,0,0,0,0,0,12674331,0,9814951,91926,0,0,0,0,0,0,0,0,16384,0,0,0,0,0,0,0,0,0,0,0,1503,407,0,0,0,0,0,25699829,0,151,0,4,406,1503,0,0,0,0,0,0,0,0,0,0,0,0,0,0,0,0,0,0,0,0,0,0,0,0,0,0,0,0,0,0,0,0,0,0,0,0,0,0,0,0,0,0,0,0,0,0,0,0,0,0,0,0,0,0,122452993,0,0,0,324371882,0,0,0,0,0,0,0,23700731,17255996,132758338,85363950592,22089093,1,0,0,0,0,0,0,0,0,0,0,0,0,0,0,0,0,0,0,0,0,0,0,0,0,0,0,0,0,0,0,1005863,0,0,0,0,0,0,0
1782295760.760,0,0,0,0,0,0,0,426034263,278627731968,275573791232,0,0,0,0,0,0,0,0,0,0,0,0,0,0,0,0,0,0,0,0,0,0,0,0,0,0,0,0,0,0,0,0,0,0,0,0,0,0,0,0,0,0,0,0,0,0,0,0,0,0,0,0,0,0,0,0,0,0,7,1678399,17044967,9895626,0,0,0,0,0,0,0,0,0,0,0,0,0,0,0,0,0,0,0,0,0,0,0,0,0,0,0,0,0,0,0,0,0,0,0,0,0,12853510144,4766662656,784516,290934,9833208,1820,0,96,786432,16201951,812144,4,2019016065,12884901888,19575,472451761,0,0,0,0,0,0,0,0,0,0,0,0,0,0,0,0,0,0,8460621,108350404,0,468,1202,7661,620,16921551,35,0,0,0,0,0,0,0,1,0,0,0,0,0,0,0,0,0,0,12679296,0,9833046,92119,0,0,0,0,0,0,0,0,16384,0,0,0,0,0,0,0,0,0,0,0,1504,407,0,0,0,0,0,25713248,0,151,0,4,406,1504,0,0,0,0,0,0,0,0,0,0,0,0,0,0,0,0,0,0,0,0,0,0,0,0,0,0,0,0,0,0,0,0,0,0,0,0,0,0,0,0,0,0,0,0,0,0,0,0,0,0,0,0,0,0,122538040,0,0,0,324480632,0,0,0,0,0,0,0,23730324,17317960,132861602,85411493888,22115461,1,0,0,0,0,0,0,0,0,0,0,0,0,0,0,0,0,0,0,0,0,0,0,0,0,0,0,0,0,0,0,971877,0,0,0,0,0,0,0
1782295761.827,0,0,0,0,0,0,0,426200830,279651174912,275917634048,0,0,0,0,0,0,0,0,0,0,0,0,0,0,0,0,0,0,0,0,0,0,0,0,0,0,0,0,0,0,0,0,0,0,0,0,0,0,0,0,0,0,0,0,0,0,0,0,0,0,0,0,0,0,0,0,0,0,7,1678533,17107613,9913788,0,0,0,0,0,0,0,0,0,0,0,0,0,0,0,0,0,0,0,0,0,0,0,0,0,0,0,0,0,0,0,0,0,0,0,0,0,12856950784,4765368320,784726,290855,9851370,1609,0,96,786432,16264485,812144,4,2019864567,12884901888,19575,472598408,0,0,0,0,0,0,0,0,0,0,0,0,0,0,0,0,0,0,8465017,108354799,0,468,1202,7661,620,16930348,35,0,0,0,0,0,0,0,1,0,0,0,0,0,0,0,0,0,0,12684239,0,9851208,92318,0,0,0,0,0,0,0,0,16384,0,0,0,0,0,0,0,0,0,0,0,1505,407,0,0,0,0,0,25726607,0,151,0,4,406,1505,0,0,0,0,0,0,0,0,0,0,0,0,0,0,0,0,0,0,0,0,0,0,0,0,0,0,0,0,0,0,0,0,0,0,0,0,0,0,0,0,0,0,0,0,0,0,0,0,0,0,0,0,0,0,122606502,0,0,0,324551849,0,0,0,0,0,0,0,23759674,17380410,132948331,85450878976,22141502,0,0,0,0,0,0,0,0,0,0,0,0,0,0,0,0,0,0,0,0,0,0,0,0,0,0,0,0,0,0,0,976271,0,0,0,0,0,0,0
1782295762.896,0,0,0,0,0,0,0,426368045,280683088384,276259918848,0,0,0,0,0,0,0,0,0,0,0,0,0,0,0,0,0,0,0,0,0,0,0,0,0,0,0,0,0,0,0,0,0,0,0,0,0,0,0,0,0,0,0,0,0,0,0,0,0,0,0,0,0,0,0,0,0,0,7,1678706,17170782,9931869,0,0,0,0,0,0,0,0,0,0,0,0,0,0,0,0,0,0,0,0,0,0,0,0,0,0,0,0,0,0,0,0,0,0,0,0,0,12871155712,4765220864,785593,290846,9869451,743,0,96,786432,16327539,812144,4,2020718408,12884901888,19575,472746060,0,0,0,0,0,0,0,0,0,0,0,0,0,0,0,0,0,0,8469431,108359214,0,468,1202,7661,620,16939174,35,0,0,0,0,0,0,0,1,0,0,0,0,0,0,0,0,0,0,12689208,0,9869289,92510,0,0,0,0,0,0,0,0,16384,0,0,0,0,0,0,0,0,0,0,0,1506,407,0,0,0,0,0,25740041,0,151,0,4,406,1506,0,0,0,0,0,0,0,0,0,0,0,0,0,0,0,0,0,0,0,0,0,0,0,0,0,0,0,0,0,0,0,0,0,0,0,0,0,0,0,0,0,0,0,0,0,0,0,0,0,0,0,0,0,0,122674510,0,0,0,324623318,0,0,0,0,0,0,0,23789284,17443382,133034534,85489817600,22167750,1,0,0,0,0,0,0,0,0,0,0,0,0,0,0,0,0,0,0,0,0,0,0,0,0,0,0,0,0,0,0,980689,0,0,0,0,0,0,0
1782295763.967,0,0,0,0,0,0,0,426536527,281721063936,276607313408,0,0,0,0,0,0,0,0,0,0,0,0,0,0,0,0,0,0,0,0,0,0,0,0,0,0,0,0,0,0,0,0,0,0,0,0,0,0,0,0,0,0,0,0,0,0,0,0,0,0,0,0,0,0,0,0,0,0,7,1678855,17234301,9950190,0,0,0,0,0,0,0,0,0,0,0,0,0,0,0,0,0,0,0,0,0,0,0,0,0,0,0,0,0,0,0,0,0,0,0,0,0,12858458112,4765089792,784818,290838,9887772,1518,0,96,786432,16390963,812144,4,2021575897,12884901888,19575,472892787,0,0,0,0,0,0,0,0,0,0,0,0,0,0,0,0,0,0,8473914,108363696,0,468,1202,7661,620,16948146,35,0,0,0,0,0,0,0,1,0,0,0,0,0,0,0,0,0,0,12694248,0,9887610,92707,0,0,0,0,0,0,0,0,16384,0,0,0,0,0,0,0,0,0,0,0,1507,407,0,0,0,0,0,25753672,0,151,0,4,406,1507,0,0,0,0,0,0,0,0,0,0,0,0,0,0,0,0,0,0,0,0,0,0,0,0,0,0,0,0,0,0,0,0,0,0,0,0,0,0,0,0,0,0,0,0,0,0,0,0,0,0,0,0,0,0,122744299,0,0,0,324695608,0,0,0,0,0,0,0,23820310,17506689,133122765,85530007040,22195345,1,0,0,0,0,0,0,0,0,0,0,0,0,0,0,0,0,0,0,0,0,0,0,0,0,0,0,0,0,0,0,985169,0,0,0,0,0,0,0
1782295765.035,0,0,0,0,0,0,0,426703056,282744916480,276953094144,0,0,0,0,0,0,0,0,0,0,0,0,0,0,0,0,0,0,0,0,0,0,0,0,0,0,0,0,0,0,0,0,0,0,0,0,0,0,0,0,0,0,0,0,0,0,0,0,0,0,0,0,0,0,0,0,0,0,7,1679032,17296982,9968341,0,0,0,0,0,0,0,0,0,0,0,0,0,0,0,0,0,0,0,0,0,0,0,0,0,0,0,0,0,0,0,0,0,0,0,0,0,12860637184,4761288704,784951,290606,9905913,1384,0,98,786432,16453533,812144,4,2022425236,12884901888,19575,473038194,0,0,0,0,0,0,0,0,0,0,0,0,0,0,0,0,0,0,8478340,108368123,0,468,1202,7661,620,16956993,35,0,0,0,0,0,0,0,1,0,0,0,0,0,0,0,0,0,0,12699228,0,9905751,92901,0,0,0,0,0,0,0,0,16384,0,0,0,0,0,0,0,0,0,0,0,1508,407,0,0,0,0,0,25767124,0,151,0,4,406,1508,0,0,0,0,0,0,0,0,0,0,0,0,0,0,0,0,0,0,0,0,0,0,0,0,0,0,0,0,0,0,0,0,0,0,0,0,0,0,0,0,0,0,0,0,0,0,0,0,0,0,0,0,0,0,122815528,0,0,0,324766987,0,0,0,0,0,0,0,23851293,17569182,133212284,85570964480,22223053,1,0,0,0,0,0,0,0,0,0,0,0,0,0,0,0,0,0,0,0,0,0,0,0,0,0,0,0,0,0,0,989598,0,0,0,0,0,0,0
1782295766.101,0,0,0,0,0,0,0,426865853,283749435904,277332536832,0,0,0,0,0,0,0,0,0,0,0,0,0,0,0,0,0,0,0,0,0,0,0,0,0,0,0,0,0,0,0,0,0,0,0,0,0,0,0,0,0,0,0,0,0,0,0,0,0,0,0,0,0,0,0,0,0,0,7,1679195,17358429,9988686,0,0,0,0,0,0,0,0,0,0,0,0,0,0,0,0,0,0,0,0,0,0,0,0,0,0,0,0,0,0,0,0,0,0,0,0,0,12854132736,4718510080,784554,287995,9923621,1781,0,96,786432,16514870,812144,4,2023255108,12884901888,19575,473180940,0,0,0,0,0,0,0,0,0,0,0,0,0,0,0,0,0,0,8482654,108372437,0,468,1202,7661,620,16965621,35,0,0,0,0,0,0,0,1,0,0,0,0,0,0,0,0,0,0,12704080,0,9925891,93116,0,0,0,0,0,0,0,0,16384,0,0,0,0,0,0,0,0,0,0,0,1509,407,0,0,0,0,0,25780242,0,151,0,4,406,1509,0,0,0,0,0,0,0,0,0,0,0,0,0,0,0,0,0,0,0,0,0,0,0,0,0,0,0,0,0,0,0,0,0,0,0,0,0,0,0,0,0,0,0,0,0,0,0,0,0,0,0,0,0,0,122882707,0,0,0,324836696,0,0,0,0,0,0,0,23879812,17630427,133299988,85609747456,22248254,0,0,0,0,0,0,0,0,0,0,0,0,0,0,0,0,0,0,0,0,0,0,0,0,0,0,0,0,0,0,0,993912,0,0,0,0,0,0,0
1782295767.166,0,0,0,0,0,0,0,427020750,284712323584,277675789312,0,0,0,0,0,0,0,0,0,0,0,0,0,0,0,0,0,0,0,0,0,0,0,0,0,0,0,0,0,0,0,0,0,0,0,0,0,0,0,0,0,0,0,0,0,0,0,0,0,0,0,0,0,0,0,0,0,0,7,1679338,17417357,10006941,0,0,0,0,0,0,0,0,0,0,0,0,0,0,0,0,0,0,0,0,0,0,0,0,0,0,0,0,0,0,0,0,0,0,0,0,0,12857458688,4692590592,784757,286413,9944523,1569,0,106,786432,16573685,812144,4,2024042336,12884901888,19575,473314755,0,0,0,0,0,0,0,0,0,0,0,0,0,0,0,0,0,0,8486797,108376580,0,468,1202,7661,620,16973906,35,0,0,0,0,0,0,0,1,0,0,0,0,0,0,0,0,0,0,12708741,0,9944361,93309,0,0,0,0,0,0,0,0,16384,0,0,0,0,0,0,0,0,0,0,0,1510,407,0,0,0,0,0,25792831,0,151,0,4,406,1510,0,0,0,0,0,0,0,0,0,0,0,0,0,0,0,0,0,0,0,0,0,0,0,0,0,0,0,0,0,0,0,0,0,0,0,0,0,0,0,0,0,0,0,0,0,0,0,0,0,0,0,0,0,0,122948709,0,0,0,324903253,0,0,0,0,0,0,0,23903133,17689180,133384367,85647581184,22268395,1,0,0,0,0,0,0,0,0,0,0,0,0,0,0,0,0,0,0,0,0,0,0,0,0,0,0,0,0,0,0,998055,0,0,0,0,0,0,0
1782295768.234,0,0,0,0,0,0,0,427187660,285739665920,278018017792,0,0,0,0,0,0,0,0,0,0,0,0,0,0,0,0,0,0,0,0,0,0,0,0,0,0,0,0,0,0,0,0,0,0,0,0,0,0,0,0,0,0,0,0,0,0,0,0,0,0,0,0,0,0,0,0,0,0,7,1679500,17480235,10024928,0,0,0,0,0,0,0,0,0,0,0,0,0,0,0,0,0,0,0,0,0,0,0,0,0,0,0,0,0,0,0,0,0,0,0,0,0,12868075520,4696735744,785405,286666,9962382,931,0,96,786432,16636461,812144,4,2024894119,12884901888,19575,473461237,0,0,0,0,0,0,0,0,0,0,0,0,0,0,0,0,0,0,8491220,108381002,0,468,1202,7661,620,16982754,35,0,0,0,0,0,0,0,1,0,0,0,0,0,0,0,0,0,0,12713716,0,9962348,93502,0,0,0,0,0,0,0,0,16384,0,0,0,0,0,0,0,0,0,0,0,1511,407,0,0,0,0,0,25806292,0,151,0,4,406,1511,0,0,0,0,0,0,0,0,0,0,0,0,0,0,0,0,0,0,0,0,0,0,0,0,0,0,0,0,0,0,0,0,0,0,0,0,0,0,0,0,0,0,0,0,0,0,0,0,0,0,0,0,0,0,123017661,0,0,0,324974768,0,0,0,0,0,0,0,23932859,17751835,133471428,85687687680,22294788,1,0,0,0,0,0,0,0,0,0,0,0,0,0,0,0,0,0,0,0,0,0,0,0,0,0,0,0,0,0,0,1002477,0,0,0,0,0,0,0
1782295769.304,0,0,0,0,0,0,0,427351617,286754998784,278357426688,0,0,0,0,0,0,0,0,0,0,0,0,0,0,0,0,0,0,0,0,0,0,0,0,0,0,0,0,0,0,0,0,0,0,0,0,0,0,0,0,0,0,0,0,0,0,0,0,0,0,0,0,0,0,0,0,0,0,7,1679771,17542361,10042840,0,0,0,0,0,0,0,0,0,0,0,0,0,0,0,0,0,0,0,0,0,0,0,0,0,0,0,0,0,0,0,0,0,0,0,0,0,12855902208,4696948736,784662,286679,9980349,1674,0,96,786432,16698481,812144,4,2025730204,12884901888,19575,473604375,0,0,0,0,0,0,0,0,0,0,0,0,0,0,0,0,0,0,8495591,108385373,0,468,1202,7661,620,16991492,35,0,0,0,0,0,0,0,1,0,0,0,0,0,0,0,0,0,0,12718632,0,9980187,93703,0,0,0,0,0,0,0,0,16384,0,0,0,0,0,0,0,0,0,0,0,1512,407,0,0,0,0,0,25819562,0,151,0,4,406,1512,0,0,0,0,0,0,0,0,0,0,0,0,0,0,0,0,0,0,0,0,0,0,0,0,0,0,0,0,0,0,0,0,0,0,0,0,0,0,0,0,0,0,0,0,0,0,0,0,0,0,0,0,0,0,123084456,0,0,0,325045185,0,0,0,0,0,0,0,23961804,17813758,133556277,85726464000,22320472,1,0,0,0,0,0,0,0,0,0,0,0,0,0,0,0,0,0,0,0,0,0,0,0,0,0,0,0,0,0,0,1006845,0,0,0,0,0,0,0
1782295770.370,0,0,0,0,0,0,0,427512190,287762762240,278703195648,0,0,0,0,0,0,0,0,0,0,0,0,0,0,0,0,0,0,0,0,0,0,0,0,0,0,0,0,0,0,0,0,0,0,0,0,0,0,0,0,0,0,0,0,0,0,0,0,0,0,0,0,0,0,0,0,0,0,7,1679989,17604025,10060622,0,0,0,0,0,0,0,0,0,0,0,0,0,0,0,0,0,0,0,0,0,0,0,0,0,0,0,0,0,0,0,0,0,0,0,0,0,12860358656,4728979456,784934,288634,9998076,1393,0,105,786432,16760050,812144,4,2026643308,12884901888,19575,473832380,0,0,0,0,0,0,0,0,0,0,0,0,0,0,0,0,0,0,8499973,108389754,0,468,1202,7661,620,17000258,35,0,0,0,0,0,0,0,1,0,0,0,0,0,0,0,0,0,0,12723561,0,9998042,93889,0,0,0,0,0,0,0,0,16384,0,0,0,0,0,0,0,0,0,0,0,1513,407,0,0,0,0,0,25832896,0,151,0,4,406,1513,0,0,0,0,0,0,0,0,0,0,0,0,0,0,0,0,0,0,0,0,0,0,0,0,0,0,0,0,0,0,0,0,0,0,0,0,0,0,0,0,0,0,0,0,0,0,0,0,0,0,0,0,0,0,123167897,0,0,0,325153014,0,0,0,0,0,0,0,23991084,17875220,133657580,85772788736,22346619,1,0,0,0,0,0,0,0,0,0,0,0,0,0,0,0,0,0,0,0,0,0,0,0,0,0,0,0,0,0,0,972830,0,0,0,0,0,0,0
1782295771.435,0,0,0,0,0,0,0,427677683,288790432256,279043876864,0,0,0,0,0,0,0,0,0,0,0,0,0,0,0,0,0,0,0,0,0,0,0,0,0,0,0,0,0,0,0,0,0,0,0,0,0,0,0,0,0,0,0,0,0,0,0,0,0,0,0,0,0,0,0,0,0,0,7,1680147,17666890,10078599,0,0,0,0,0,0,0,0,0,0,0,0,0,0,0,0,0,0,0,0,0,0,0,0,0,0,0,0,0,0,0,0,0,0,0,0,0,12854755328,4726587392,784592,288488,10016177,1745,0,96,786432,16822807,812144,4,2027485732,12884901888,19575,473974637,0,0,0,0,0,0,0,0,0,0,0,0,0,0,0,0,0,0,8504401,108394183,0,468,1202,7661,620,17009117,35,0,0,0,0,0,0,0,1,0,0,0,0,0,0,0,0,0,0,12728541,0,10016015,94081,0,0,0,0,0,0,0,0,16384,0,0,0,0,0,0,0,0,0,0,0,1514,407,0,0,0,0,0,25846364,0,151,0,4,406,1514,0,0,0,0,0,0,0,0,0,0,0,0,0,0,0,0,0,0,0,0,0,0,0,0,0,0,0,0,0,0,0,0,0,0,0,0,0,0,0,0,0,0,0,0,0,0,0,0,0,0,0,0,0,0,123237254,0,0,0,325224190,0,0,0,0,0,0,0,24021107,17937891,133745049,85812088320,22373466,0,0,0,0,0,0,0,0,0,0,0,0,0,0,0,0,0,0,0,0,0,0,0,0,0,0,0,0,0,0,0,977259,0,0,0,0,0,0,0
1782295772.503,0,0,0,0,0,0,0,427844058,289820166656,279387598848,0,0,0,0,0,0,0,0,0,0,0,0,0,0,0,0,0,0,0,0,0,0,0,0,0,0,0,0,0,0,0,0,0,0,0,0,0,0,0,0,0,0,0,0,0,0,0,0,0,0,0,0,0,0,0,0,0,0,7,1680318,17729925,10096718,0,0,0,0,0,0,0,0,0,0,0,0,0,0,0,0,0,0,0,0,0,0,0,0,0,0,0,0,0,0,0,0,0,0,0,0,0,12851871744,4727390208,784416,288537,10034266,1919,0,96,786432,16885730,812144,4,2028333374,12884901888,19575,474119826,0,0,0,0,0,0,0,0,0,0,0,0,0,0,0,0,0,0,8508820,108398601,0,468,1202,7661,620,17017955,35,0,0,0,0,0,0,0,1,0,0,0,0,0,0,0,0,0,0,12733510,0,10034149,94275,0,0,0,0,0,0,0,0,16384,0,0,0,0,0,0,0,0,0,0,0,1515,407,0,0,0,0,0,25859803,0,151,0,4,406,1515,0,0,0,0,0,0,0,0,0,0,0,0,0,0,0,0,0,0,0,0,0,0,0,0,0,0,0,0,0,0,0,0,0,0,0,0,0,0,0,0,0,0,0,0,0,0,0,0,0,0,0,0,0,0,123306416,0,0,0,325295548,0,0,0,0,0,0,0,24050979,18000703,133832419,85851936256,22400085,1,0,0,0,0,0,0,0,0,0,0,0,0,0,0,0,0,0,0,0,0,0,0,0,0,0,0,0,0,0,0,981676,0,0,0,0,0,0,0
1782295773.571,0,0,0,0,0,0,0,427998502,290768439808,279708205568,0,0,0,0,0,0,0,0,0,0,0,0,0,0,0,0,0,0,0,0,0,0,0,0,0,0,0,0,0,0,0,0,0,0,0,0,0,0,0,0,0,0,0,0,0,0,0,0,0,0,0,0,0,0,0,0,0,0,7,1680457,17787963,10113691,0,0,0,0,0,0,0,0,0,0,0,0,0,0,0,0,0,0,0,0,0,0,0,0,0,0,0,0,0,0,0,0,0,0,0,0,0,12858671104,4724801536,784831,288379,10051273,1497,0,104,786432,16943675,812144,4,2029124257,12884901888,19575,474259728,0,0,0,0,0,0,0,0,0,0,0,0,0,0,0,0,0,0,8512808,108402590,0,468,1202,7661,620,17025933,35,0,0,0,0,0,0,0,1,0,0,0,0,0,0,0,0,0,0,12737996,0,10051111,94463,0,0,0,0,0,0,0,0,16384,0,0,0,0,0,0,0,0,0,0,0,1516,407,0,0,0,0,0,25871937,0,151,0,4,406,1516,0,0,0,0,0,0,0,0,0,0,0,0,0,0,0,0,0,0,0,0,0,0,0,0,0,0,0,0,0,0,0,0,0,0,0,0,0,0,0,0,0,0,0,0,0,0,0,0,0,0,0,0,0,0,123368901,0,0,0,325361157,0,0,0,0,0,0,0,24078058,18058543,133911986,85888284160,22424000,1,1,0,0,0,0,0,0,0,0,0,0,0,0,0,0,0,0,0,0,0,0,0,0,0,0,0,0,0,0,0,985665,0,0,0,0,0,0,0
1782295774.638,0,0,0,0,0,0,0,428163946,291793783296,280048317440,0,0,0,0,0,0,0,0,0,0,0,0,0,0,0,0,0,0,0,0,0,0,0,0,0,0,0,0,0,0,0,0,0,0,0,0,0,0,0,0,0,0,0,0,0,0,0,0,0,0,0,0,0,0,0,0,0,0,7,1680628,17850698,10131559,0,0,0,0,0,0,0,0,0,0,0,0,0,0,0,0,0,0,0,0,0,0,0,0,0,0,0,0,0,0,0,0,0,0,0,0,0,12854001664,4721819648,784546,288198,10069005,1791,0,96,786432,17006294,812144,4,2029968879,12884901888,19575,474403860,0,0,0,0,0,0,0,0,0,0,0,0,0,0,0,0,0,0,8517209,108406990,0,468,1202,7661,620,17034729,35,0,0,0,0,0,0,0,1,0,0,0,0,0,0,0,0,0,0,12742947,0,10068971,94654,0,0,0,0,0,0,0,0,16384,0,0,0,0,0,0,0,0,0,0,0,1517,407,0,0,0,0,0,25885314,0,151,0,4,406,1517,0,0,0,0,0,0,0,0,0,0,0,0,0,0,0,0,0,0,0,0,0,0,0,0,0,0,0,0,0,0,0,0,0,0,0,0,0,0,0,0,0,0,0,0,0,0,0,0,0,0,0,0,0,0,123438206,0,0,0,325432194,0,0,0,0,0,0,0,24108330,18121067,133999297,85928345600,22451210,1,0,0,0,0,0,0,0,0,0,0,0,0,0,0,0,0,0,0,0,0,0,0,0,0,0,0,0,0,0,0,990066,0,0,0,0,0,0,0
1782295775.702,0,0,0,0,0,0,0,428330389,292822616576,280390597120,0,0,0,0,0,0,0,0,0,0,0,0,0,0,0,0,0,0,0,0,0,0,0,0,0,0,0,0,0,0,0,0,0,0,0,0,0,0,0,0,0,0,0,0,0,0,0,0,0,0,0,0,0,0,0,0,0,0,7,1680788,17913652,10149580,0,0,0,0,0,0,0,0,0,0,0,0,0,0,0,0,0,0,0,0,0,0,0,0,0,0,0,0,0,0,0,0,0,0,0,0,0,12855476224,4720132096,784638,288094,10087034,1702,0,101,786432,17069125,812144,4,2030817054,12884901888,19575,474549143,0,0,0,0,0,0,0,0,0,0,0,0,0,0,0,0,0,0,8521628,108411410,0,468,1202,7661,620,17043576,35,0,0,0,0,0,0,0,1,0,0,0,0,0,0,0,0,0,0,12747917,0,10087000,94850,0,0,0,0,0,0,0,0,16384,0,0,0,0,0,0,0,0,0,0,0,1519,407,0,0,0,0,0,25898737,0,151,0,4,406,1519,0,0,0,0,0,0,0,0,0,0,0,0,0,0,0,0,0,0,0,0,0,0,0,0,0,0,0,0,0,0,0,0,0,0,0,0,0,0,0,0,0,0,0,0,0,0,0,0,0,0,0,0,0,0,123506904,0,0,0,325503561,0,0,0,0,0,0,0,24137957,18183800,134086111,85968263680,22477443,1,1,0,0,0,0,0,0,0,0,0,0,0,0,0,0,0,0,0,0,0,0,0,0,0,0,0,0,0,0,0,994485,0,0,0,0,0,0,0
1782295776.769,0,0,0,0,0,0,0,428496548,293846403584,280730299392,0,0,0,0,0,0,0,0,0,0,0,0,0,0,0,0,0,0,0,0,0,0,0,0,0,0,0,0,0,0,0,0,0,0,0,0,0,0,0,0,0,0,0,0,0,0,0,0,0,0,0,0,0,0,0,0,0,0,7,1680948,17976309,10167467,0,0,0,0,0,0,0,0,0,0,0,0,0,0,0,0,0,0,0,0,0,0,0,0,0,0,0,0,0,0,0,0,0,0,0,0,0,12865912832,4720885760,785273,288140,10105049,1063,0,96,786432,17131667,812144,4,2031662964,12884901888,19575,474693907,0,0,0,0,0,0,0,0,0,0,0,0,0,0,0,0,0,0,8526044,108415828,0,468,1202,7661,620,17052405,35,0,0,0,0,0,0,0,1,0,0,0,0,0,0,0,0,0,0,12752887,0,10104887,95037,0,0,0,0,0,0,0,0,16384,0,0,0,0,0,0,0,0,0,0,0,1520,407,0,0,0,0,0,25912168,0,151,0,4,406,1520,0,0,0,0,0,0,0,0,0,0,0,0,0,0,0,0,0,0,0,0,0,0,0,0,0,0,0,0,0,0,0,0,0,0,0,0,0,0,0,0,0,0,0,0,0,0,0,0,0,0,0,0,0,0,123575055,0,0,0,325574885,0,0,0,0,0,0,0,24167648,18246261,134172273,86007845888,22503883,0,1,0,0,0,0,0,0,0,0,0,0,0,0,0,0,0,0,0,0,0,0,0,0,0,0,0,0,0,0,0,998901,0,0,0,0,0,0,0
1782295777.837,0,0,0,0,0,0,0,428664534,294883740160,281077133312,0,0,0,0,0,0,0,0,0,0,0,0,0,0,0,0,0,0,0,0,0,0,0,0,0,0,0,0,0,0,0,0,0,0,0,0,0,0,0,0,0,0,0,0,0,0,0,0,0,0,0,0,0,0,0,0,0,0,7,1681131,18039789,10185689,0,0,0,0,0,0,0,0,0,0,0,0,0,0,0,0,0,0,0,0,0,0,0,0,0,0,0,0,0,0,0,0,0,0,0,0,0,12871090176,4721197056,785589,288159,10123271,747,0,96,786432,17195042,812144,4,2032520430,12884901888,19575,474841809,0,0,0,0,0,0,0,0,0,0,0,0,0,0,0,0,0,0,8530479,108420262,0,468,1202,7661,620,17061276,35,0,0,0,0,0,0,0,1,0,0,0,0,0,0,0,0,0,0,12757874,0,10123109,95234,0,0,0,0,0,0,0,0,16384,0,0,0,0,0,0,0,0,0,0,0,1521,407,0,0,0,0,0,25925651,0,151,0,4,406,1521,0,0,0,0,0,0,0,0,0,0,0,0,0,0,0,0,0,0,0,0,0,0,0,0,0,0,0,0,0,0,0,0,0,0,0,0,0,0,0,0,0,0,0,0,0,0,0,0,0,0,0,0,0,0,123646189,0,0,0,325646778,0,0,0,0,0,0,0,24199025,18309535,134261770,86048967680,22531936,1,0,0,0,0,0,0,0,0,0,0,0,0,0,0,0,0,0,0,0,0,0,0,0,0,0,0,0,0,0,0,1003337,0,0,0,0,0,0,0
1782295778.906,0,0,0,0,0,0,0,428830119,295907871232,281431135744,0,0,0,0,0,0,0,0,0,0,0,0,0,0,0,0,0,0,0,0,0,0,0,0,0,0,0,0,0,0,0,0,0,0,0,0,0,0,0,0,0,0,0,0,0,0,0,0,0,0,0,0,0,0,0,0,0,0,7,1681298,18102444,10203765,0,0,0,0,0,0,0,0,0,0,0,0,0,0,0,0,0,0,0,0,0,0,0,0,0,0,0,0,0,0,0,0,0,0,0,0,0,12857950208,4749869056,784788,289909,10141347,1535,0,105,786432,17257618,812144,4,2033460180,12884901888,19575,475076820,0,0,0,0,0,0,0,0,0,0,0,0,0,0,0,0,0,0,8534948,108424731,0,468,1202,7661,620,17070210,35,0,0,0,0,0,0,0,1,0,0,0,0,0,0,0,0,0,0,12762899,0,10141185,95428,0,0,0,0,0,0,0,0,16384,0,0,0,0,0,0,0,0,0,0,0,1522,407,0,0,0,0,0,25939247,0,151,0,4,406,1522,0,0,0,0,0,0,0,0,0,0,0,0,0,0,0,0,0,0,0,0,0,0,0,0,0,0,0,0,0,0,0,0,0,0,0,0,0,0,0,0,0,0,0,0,0,0,0,0,0,0,0,0,0,0,123733259,0,0,0,325756492,0,0,0,0,0,0,0,24229485,18372004,134367044,86097861632,22559120,0,0,0,0,0,0,0,0,0,0,0,0,0,0,0,0,0,0,0,0,0,0,0,0,0,0,0,0,0,0,0,969406,0,0,0,0,0,0,0
1782295779.976,0,0,0,0,0,0,0,428996437,296939997696,281776094208,0,0,0,0,0,0,0,0,0,0,0,0,0,0,0,0,0,0,0,0,0,0,0,0,0,0,0,0,0,0,0,0,0,0,0,0,0,0,0,0,0,0,0,0,0,0,0,0,0,0,0,0,0,0,0,0,0,0,7,1681482,18165590,10221920,0,0,0,0,0,0,0,0,0,0,0,0,0,0,0,0,0,0,0,0,0,0,0,0,0,0,0,0,0,0,0,0,0,0,0,0,0,12854624256,4749590528,784584,289892,10159502,1752,0,96,786432,17320653,812144,4,2034309534,12884901888,19575,475222289,0,0,0,0,0,0,0,0,0,0,0,0,0,0,0,0,0,0,8539359,108429143,0,468,1202,7661,620,17079032,35,0,0,0,0,0,0,0,1,0,0,0,0,0,0,0,0,0,0,12767859,0,10159340,95624,0,0,0,0,0,0,0,0,16384,0,0,0,0,0,0,0,0,0,0,0,1523,407,0,0,0,0,0,25952715,0,151,0,4,406,1523,0,0,0,0,0,0,0,0,0,0,0,0,0,0,0,0,0,0,0,0,0,0,0,0,0,0,0,0,0,0,0,0,0,0,0,0,0,0,0,0,0,0,0,0,0,0,0,0,0,0,0,0,0,0,123802114,0,0,0,325827828,0,0,0,0,0,0,0,24259438,18434963,134454160,86138023424,22585712,0,0,0,0,0,0,0,0,0,0,0,0,0,0,0,0,0,0,0,0,0,0,0,0,0,0,0,0,0,0,0,973817,0,0,0,0,0,0,0
1782295781.045,0,0,0,0,0,0,0,429163174,297968978432,282125222912,0,0,0,0,0,0,0,0,0,0,0,0,0,0,0,0,0,0,0,0,0,0,0,0,0,0,0,0,0,0,0,0,0,0,0,0,0,0,0,0,0,0,0,0,0,0,0,0,0,0,0,0,0,0,0,0,0,0,7,1681643,18228555,10240353,0,0,0,0,0,0,0,0,0,0,0,0,0,0,0,0,0,0,0,0,0,0,0,0,0,0,0,0,0,0,0,0,0,0,0,0,0,12859064320,4740825088,784856,289357,10177679,1480,0,96,786432,17383526,812144,4,2035158192,12884901888,19575,475367518,0,0,0,0,0,0,0,0,0,0,0,0,0,0,0,0,0,0,8543785,108433569,0,468,1202,7661,620,17087885,35,0,0,0,0,0,0,0,1,0,0,0,0,0,0,0,0,0,0,12772840,0,10177773,95821,0,0,0,0,0,0,0,0,16384,0,0,0,0,0,0,0,0,0,0,0,1524,407,0,0,0,0,0,25966177,0,151,0,4,406,1524,0,0,0,0,0,0,0,0,0,0,0,0,0,0,0,0,0,0,0,0,0,0,0,0,0,0,0,0,0,0,0,0,0,0,0,0,0,0,0,0,0,0,0,0,0,0,0,0,0,0,0,0,0,0,123871568,0,0,0,325899358,0,0,0,0,0,0,0,24289798,18497712,134542170,86178033152,22612648,0,0,0,0,0,0,0,0,0,0,0,0,0,0,0,0,0,0,0,0,0,0,0,0,0,0,0,0,0,0,0,978245,0,0,0,0,0,0,0
1782295782.113,0,0,0,0,0,0,0,429326739,298977233408,282514627584,0,0,0,0,0,0,0,0,0,0,0,0,0,0,0,0,0,0,0,0,0,0,0,0,0,0,0,0,0,0,0,0,0,0,0,0,0,0,0,0,0,0,0,0,0,0,0,0,0,0,0,0,0,0,0,0,0,0,7,1681801,18290237,10261270,0,0,0,0,0,0,0,0,0,0,0,0,0,0,0,0,0,0,0,0,0,0,0,0,0,0,0,0,0,0,0,0,0,0,0,0,0,12854607872,4687069184,784583,286076,10195478,1753,0,96,786432,17445109,812144,4,2035990837,12884901888,19575,475509414,0,0,0,0,0,0,0,0,0,0,0,0,0,0,0,0,0,0,8548140,108437924,0,468,1202,7661,620,17096596,35,0,0,0,0,0,0,0,1,0,0,0,0,0,0,0,0,0,0,12777738,0,10198644,96041,0,0,0,0,0,0,0,0,16384,0,0,0,0,0,0,0,0,0,0,0,1525,407,0,0,0,0,0,25979420,0,151,0,4,406,1525,0,0,0,0,0,0,0,0,0,0,0,0,0,0,0,0,0,0,0,0,0,0,0,0,0,0,0,0,0,0,0,0,0,0,0,0,0,0,0,0,0,0,0,0,0,0,0,0,0,0,0,0,0,0,123939148,0,0,0,325969667,0,0,0,0,0,0,0,24318843,18559166,134630829,86217245696,22638143,1,0,0,0,0,0,0,0,0,0,0,0,0,0,0,0,0,0,0,0,0,0,0,0,0,0,0,0,0,0,0,982599,0,0,0,0,0,0,0
1782295783.180,0,0,0,0,0,0,0,429482368,299939826176,282851911168,0,0,0,0,0,0,0,0,0,0,0,0,0,0,0,0,0,0,0,0,0,0,0,0,0,0,0,0,0,0,0,0,0,0,0,0,0,0,0,0,0,0,0,0,0,0,0,0,0,0,0,0,0,0,0,0,0,0,7,1681969,18349131,10279128,0,0,0,0,0,0,0,0,0,0,0,0,0,0,0,0,0,0,0,0,0,0,0,0,0,0,0,0,0,0,0,0,0,0,0,0,0,12850626560,4668850176,784340,284964,10216654,1995,0,97,786432,17503903,812144,4,2036782151,12884901888,19575,475642798,0,0,0,0,0,0,0,0,0,0,0,0,0,0,0,0,0,0,8552312,108442095,0,468,1202,7661,620,17104939,35,0,0,0,0,0,0,0,1,0,0,0,0,0,0,0,0,0,0,12782430,0,10216492,96230,0,0,0,0,0,0,0,0,16384,0,0,0,0,0,0,0,0,0,0,0,1526,407,0,0,0,0,0,25992109,0,151,0,4,406,1526,0,0,0,0,0,0,0,0,0,0,0,0,0,0,0,0,0,0,0,0,0,0,0,0,0,0,0,0,0,0,0,0,0,0,0,0,0,0,0,0,0,0,0,0,0,0,0,0,0,0,0,0,0,0,124005793,0,0,0,326036665,0,0,0,0,0,0,0,24342697,18617882,134715444,86255529984,22658987,1,0,0,0,0,0,0,0,0,0,0,0,0,0,0,0,0,0,0,0,0,0,0,0,0,0,0,0,0,0,0,986771,0,0,0,0,0,0,0
1782295784.246,0,0,0,0,0,0,0,429647986,300967283200,283195279360,0,0,0,0,0,0,0,0,0,0,0,0,0,0,0,0,0,0,0,0,0,0,0,0,0,0,0,0,0,0,0,0,0,0,0,0,0,0,0,0,0,0,0,0,0,0,0,0,0,0,0,0,0,0,0,0,0,0,7,1682131,18412005,10297210,0,0,0,0,0,0,0,0,0,0,0,0,0,0,0,0,0,0,0,0,0,0,0,0,0,0,0,0,0,0,0,0,0,0,0,0,0,12855214080,4666933248,784620,284847,10234792,1716,0,96,786432,17566673,812144,4,2037627587,12884901888,19575,475786305,0,0,0,0,0,0,0,0,0,0,0,0,0,0,0,0,0,0,8556723,108446506,0,468,1202,7661,620,17113765,35,0,0,0,0,0,0,0,1,0,0,0,0,0,0,0,0,0,0,12787390,0,10234630,96423,0,0,0,0,0,0,0,0,16384,0,0,0,0,0,0,0,0,0,0,0,1527,407,0,0,0,0,0,26005513,0,151,0,4,406,1527,0,0,0,0,0,0,0,0,0,0,0,0,0,0,0,0,0,0,0,0,0,0,0,0,0,0,0,0,0,0,0,0,0,0,0,0,0,0,0,0,0,0,0,0,0,0,0,0,0,0,0,0,0,0,124075349,0,0,0,326107843,0,0,0,0,0,0,0,24372782,18680547,134803187,86295718912,22685849,0,0,0,0,0,0,0,0,0,0,0,0,0,0,0,0,0,0,0,0,0,0,0,0,0,0,0,0,0,0,0,991181,0,0,0,0,0,0,0
1782295785.318,0,0,0,0,0,0,0,429815056,301999196672,283542967296,0,0,0,0,0,0,0,0,0,0,0,0,0,0,0,0,0,0,0,0,0,0,0,0,0,0,0,0,0,0,0,0,0,0,0,0,0,0,0,0,0,0,0,0,0,0,0,0,0,0,0,0,0,0,0,0,0,0,7,1682291,18475154,10315483,0,0,0,0,0,0,0,0,0,0,0,0,0,0,0,0,0,0,0,0,0,0,0,0,0,0,0,0,0,0,0,0,0,0,0,0,0,12861980672,4666884096,785033,284844,10253065,1302,0,96,786432,17629704,812144,4,2038477424,12884901888,19575,475930606,0,0,0,0,0,0,0,0,0,0,0,0,0,0,0,0,0,0,8561177,108450958,0,468,1202,7661,620,17122670,35,0,0,0,0,0,0,0,1,0,0,0,0,0,0,0,0,0,0,12792400,0,10252903,96620,0,0,0,0,0,0,0,0,16384,0,0,0,0,0,0,0,0,0,0,0,1528,407,0,0,0,0,0,26019044,0,151,0,4,406,1528,0,0,0,0,0,0,0,0,0,0,0,0,0,0,0,0,0,0,0,0,0,0,0,0,0,0,0,0,0,0,0,0,0,0,0,0,0,0,0,0,0,0,0,0,0,0,0,0,0,0,0,0,0,0,124146453,0,0,0,326179676,0,0,0,0,0,0,0,24403543,18743509,134892691,86336782336,22713207,1,0,0,0,0,0,0,0,0,0,0,0,0,0,0,0,0,0,0,0,0,0,0,0,0,0,0,0,0,0,0,995634,0,0,0,0,0,0,0
1782295786.386,0,0,0,0,0,0,0,429979971,303012301312,283886118912,0,0,0,0,0,0,0,0,0,0,0,0,0,0,0,0,0,0,0,0,0,0,0,0,0,0,0,0,0,0,0,0,0,0,0,0,0,0,0,0,0,0,0,0,0,0,0,0,0,0,0,0,0,0,0,0,0,0,7,1682490,18537149,10333618,0,0,0,0,0,0,0,0,0,0,0,0,0,0,0,0,0,0,0,0,0,0,0,0,0,0,0,0,0,0,0,0,0,0,0,0,0,12853936128,4664295424,784541,284686,10271200,1793,0,97,786432,17691598,812144,4,2039317911,12884901888,19575,476074994,0,0,0,0,0,0,0,0,0,0,0,0,0,0,0,0,0,0,8565541,108455325,0,468,1202,7661,620,17131399,35,0,0,0,0,0,0,0,1,0,0,0,0,0,0,0,0,0,0,12797311,0,10271038,96825,0,0,0,0,0,0,0,0,16384,0,0,0,0,0,0,0,0,0,0,0,1529,407,0,0,0,0,0,26032318,0,151,0,4,406,1529,0,0,0,0,0,0,0,0,0,0,0,0,0,0,0,0,0,0,0,0,0,0,0,0,0,0,0,0,0,0,0,0,0,0,0,0,0,0,0,0,0,0,0,0,0,0,0,0,0,0,0,0,0,0,124213751,0,0,0,326250406,0,0,0,0,0,0,0,24433000,18805297,134978261,86375832576,22739362,1,0,0,0,0,0,0,0,0,0,0,0,0,0,0,0,0,0,0,0,0,0,0,0,0,0,0,0,0,0,0,1000000,0,0,0,0,0,0,0
1782295787.454,0,0,0,0,0,0,0,430145955,304032401920,284231504896,0,0,0,0,0,0,0,0,0,0,0,0,0,0,0,0,0,0,0,0,0,0,0,0,0,0,0,0,0,0,0,0,0,0,0,0,0,0,0,0,0,0,0,0,0,0,0,0,0,0,0,0,0,0,0,0,0,0,7,1682800,18599578,10351630,0,0,0,0,0,0,0,0,0,0,0,0,0,0,0,0,0,0,0,0,0,0,0,0,0,0,0,0,0,0,0,0,0,0,0,0,0,12858703872,4678500352,784833,285553,10289101,1495,0,105,786432,17753928,812144,4,2040189019,12884901888,19575,476244398,0,0,0,0,0,0,0,0,0,0,0,0,0,0,0,0,0,0,8569987,108459770,0,468,1202,7661,620,17140290,35,0,0,0,0,0,0,0,1,0,0,0,0,0,0,0,0,0,0,12802311,0,10289067,97013,0,0,0,0,0,0,0,0,16384,0,0,0,0,0,0,0,0,0,0,0,1530,407,0,0,0,0,0,26045812,0,151,0,4,406,1530,0,0,0,0,0,0,0,0,0,0,0,0,0,0,0,0,0,0,0,0,0,0,0,0,0,0,0,0,0,0,0,0,0,0,0,0,0,0,0,0,0,0,0,0,0,0,0,0,0,0,0,0,0,0,124288165,0,0,0,326332651,0,0,0,0,0,0,0,24463741,18867517,135070809,86418315264,22766872,1,0,0,0,0,0,0,0,0,0,0,0,0,0,0,0,0,0,0,0,0,0,0,0,0,0,0,0,0,0,0,993687,0,0,0,0,0,0,0
1782295788.524,0,0,0,0,0,0,0,430310543,305058351616,284579927040,0,0,0,0,0,0,0,0,0,0,0,0,0,0,0,0,0,0,0,0,0,0,0,0,0,0,0,0,0,0,0,0,0,0,0,0,0,0,0,0,0,0,0,0,0,0,0,0,0,0,0,0,0,0,0,0,0,0,7,1683040,18662374,10369618,0,0,0,0,0,0,0,0,0,0,0,0,0,0,0,0,0,0,0,0,0,0,0,0,0,0,0,0,0,0,0,0,0,0,0,0,0,12864749568,4703797248,785202,287097,10307200,1130,0,100,786432,17816626,812144,4,2041098800,12884901888,19575,476452305,0,0,0,0,0,0,0,0,0,0,0,0,0,0,0,0,0,0,8574441,108464224,0,468,1202,7661,620,17149201,35,0,0,0,0,0,0,0,1,0,0,0,0,0,0,0,0,0,0,12807322,0,10307038,97203,0,0,0,0,0,0,0,0,16384,0,0,0,0,0,0,0,0,0,0,0,1531,407,0,0,0,0,0,26059343,0,151,0,4,406,1531,0,0,0,0,0,0,0,0,0,0,0,0,0,0,0,0,0,0,0,0,0,0,0,0,0,0,0,0,0,0,0,0,0,0,0,0,0,0,0,0,0,0,0,0,0,0,0,0,0,0,0,0,0,0,124369242,0,0,0,326431358,0,0,0,0,0,0,0,24493967,18930114,135169987,86463950848,22793870,1,0,0,0,0,0,0,0,0,0,0,0,0,0,0,0,0,0,0,0,0,0,0,0,0,0,0,0,0,0,0,970499,0,0,0,0,0,0,0
1782295789.593,0,0,0,0,0,0,0,430479020,306095540736,284929400832,0,0,0,0,0,0,0,0,0,0,0,0,0,0,0,0,0,0,0,0,0,0,0,0,0,0,0,0,0,0,0,0,0,0,0,0,0,0,0,0,0,0,0,0,0,0,0,0,0,0,0,0,0,0,0,0,0,0,7,1683200,18725841,10387983,0,0,0,0,0,0,0,0,0,0,0,0,0,0,0,0,0,0,0,0,0,0,0,0,0,0,0,0,0,0,0,0,0,0,0,0,0,12863094784,4703141888,785101,287057,10325565,1232,0,97,786432,17879991,812144,4,2041958046,12884901888,19575,476600235,0,0,0,0,0,0,0,0,0,0,0,0,0,0,0,0,0,0,8578876,108468659,0,468,1202,7661,620,17158073,35,0,0,0,0,0,0,0,1,0,0,0,0,0,0,0,0,0,0,12812309,0,10325403,97396,0,0,0,0,0,0,0,0,16384,0,0,0,0,0,0,0,0,0,0,0,1532,407,0,0,0,0,0,26072826,0,151,0,4,406,1532,0,0,0,0,0,0,0,0,0,0,0,0,0,0,0,0,0,0,0,0,0,0,0,0,0,0,0,0,0,0,0,0,0,0,0,0,0,0,0,0,0,0,0,0,0,0,0,0,0,0,0,0,0,0,124440557,0,0,0,326503515,0,0,0,0,0,0,0,24525610,18993386,135259795,86505122304,22822077,1,0,0,0,0,0,0,0,0,0,0,0,0,0,0,0,0,0,0,0,0,0,0,0,0,0,0,0,0,0,0,974933,0,0,0,0,0,0,0
1782295790.661,0,0,0,0,0,0,0,430646713,307135449600,285274723840,0,0,0,0,0,0,0,0,0,0,0,0,0,0,0,0,0,0,0,0,0,0,0,0,0,0,0,0,0,0,0,0,0,0,0,0,0,0,0,0,0,0,0,0,0,0,0,0,0,0,0,0,0,0,0,0,0,0,7,1683372,18789506,10406215,0,0,0,0,0,0,0,0,0,0,0,0,0,0,0,0,0,0,0,0,0,0,0,0,0,0,0,0,0,0,0,0,0,0,0,0,0,12861620224,4704927744,785011,287166,10343797,1324,0,97,786432,17943559,812144,4,2042813122,12884901888,19575,476745622,0,0,0,0,0,0,0,0,0,0,0,0,0,0,0,0,0,0,8583332,108473116,0,468,1202,7661,620,17166985,35,0,0,0,0,0,0,0,1,0,0,0,0,0,0,0,0,0,0,12817321,0,10343635,97597,0,0,0,0,0,0,0,0,16384,0,0,0,0,0,0,0,0,0,0,0,1534,407,0,0,0,0,0,26086398,0,151,0,4,406,1534,0,0,0,0,0,0,0,0,0,0,0,0,0,0,0,0,0,0,0,0,0,0,0,0,0,0,0,0,0,0,0,0,0,0,0,0,0,0,0,0,0,0,0,0,0,0,0,0,0,0,0,0,0,0,124508515,0,0,0,326575577,0,0,0,0,0,0,0,24556385,19056862,135346120,86544536576,22849391,1,0,0,0,0,0,0,0,0,0,0,0,0,0,0,0,0,0,0,0,0,0,0,0,0,0,0,0,0,0,0,979391,0,0,0,0,0,0,0
1782295791.729,0,0,0,0,0,0,0,430814271,308169034240,285623021568,0,0,0,0,0,0,0,0,0,0,0,0,0,0,0,0,0,0,0,0,0,0,0,0,0,0,0,0,0,0,0,0,0,0,0,0,0,0,0,0,0,0,0,0,0,0,0,0,0,0,0,0,0,0,0,0,0,0,7,1683529,18852766,10424585,0,0,0,0,0,0,0,0,0,0,0,0,0,0,0,0,0,0,0,0,0,0,0,0,0,0,0,0,0,0,0,0,0,0,0,0,0,12862652416,4703354880,785077,287070,10362040,1258,0,104,786432,18006727,812144,4,2043664963,12884901888,19575,476889638,0,0,0,0,0,0,0,0,0,0,0,0,0,0,0,0,0,0,8587818,108477602,0,468,1202,7661,620,17175952,35,0,0,0,0,0,0,0,1,0,0,0,0,0,0,0,0,0,0,12822367,0,10362008,97792,0,0,0,0,0,0,0,0,16384,0,0,0,0,0,0,0,0,0,0,0,1535,407,0,0,0,0,0,26100029,0,151,0,4,406,1535,0,0,0,0,0,0,0,0,0,0,0,0,0,0,0,0,0,0,0,0,0,0,0,0,0,0,0,0,0,0,0,0,0,0,0,0,0,0,0,0,0,0,0,0,0,0,0,0,0,0,0,0,0,0,124577492,0,0,0,326647827,0,0,0,0,0,0,0,24587344,19119900,135433603,86584627712,22877082,0,0,0,0,0,0,0,0,0,0,0,0,0,0,0,0,0,0,0,0,0,0,0,0,0,0,0,0,0,0,0,983876,0,0,0,0,0,0,0
1782295792.796,0,0,0,0,0,0,0,430982979,309211908608,285973965824,0,0,0,0,0,0,0,0,0,0,0,0,0,0,0,0,0,0,0,0,0,0,0,0,0,0,0,0,0,0,0,0,0,0,0,0,0,0,0,0,0,0,0,0,0,0,0,0,0,0,0,0,0,0,0,0,0,0,7,1683754,18916594,10442936,0,0,0,0,0,0,0,0,0,0,0,0,0,0,0,0,0,0,0,0,0,0,0,0,0,0,0,0,0,0,0,0,0,0,0,0,0,12860047360,4702830592,784915,287038,10380518,1420,0,97,786432,18070463,812144,4,2044525517,12884901888,19575,477036018,0,0,0,0,0,0,0,0,0,0,0,0,0,0,0,0,0,0,8592307,108482090,0,468,1202,7661,620,17184933,35,0,0,0,0,0,0,0,1,0,0,0,0,0,0,0,0,0,0,12827415,0,10380356,97993,0,0,0,0,0,0,0,0,16384,0,0,0,0,0,0,0,0,0,0,0,1536,407,0,0,0,0,0,26113649,0,151,0,4,406,1536,0,0,0,0,0,0,0,0,0,0,0,0,0,0,0,0,0,0,0,0,0,0,0,0,0,0,0,0,0,0,0,0,0,0,0,0,0,0,0,0,0,0,0,0,0,0,0,0,0,0,0,0,0,0,124650613,0,0,0,326720332,0,0,0,0,0,0,0,24619281,19183519,135525220,86627174400,22905782,0,0,0,0,0,0,0,0,0,0,0,0,0,0,0,0,0,0,0,0,0,0,0,0,0,0,0,0,0,0,0,988366,0,0,0,0,0,0,0
1782295793.864,0,0,0,0,0,0,0,431151286,310245607936,286325407744,0,0,0,0,0,0,0,0,0,0,0,0,0,0,0,0,0,0,0,0,0,0,0,0,0,0,0,0,0,0,0,0,0,0,0,0,0,0,0,0,0,0,0,0,0,0,0,0,0,0,0,0,0,0,0,0,0,0,7,1684158,18979856,10461410,0,0,0,0,0,0,0,0,0,0,0,0,0,0,0,0,0,0,0,0,0,0,0,0,0,0,0,0,0,0,0,0,0,0,0,0,0,12853297152,4701257728,784504,286942,10398828,1832,0,97,786432,18133628,812144,4,2045381122,12884901888,19575,477183092,0,0,0,0,0,0,0,0,0,0,0,0,0,0,0,0,0,0,8596762,108486545,0,468,1202,7661,620,17193840,35,0,0,0,0,0,0,0,1,0,0,0,0,0,0,0,0,0,0,12832427,0,10398794,98195,0,0,0,0,0,0,0,0,16384,0,0,0,0,0,0,0,0,0,0,0,1537,407,0,0,0,0,0,26127200,0,151,0,4,406,1537,0,0,0,0,0,0,0,0,0,0,0,0,0,0,0,0,0,0,0,0,0,0,0,0,0,0,0,0,0,0,0,0,0,0,0,0,0,0,0,0,0,0,0,0,0,0,0,0,0,0,0,0,0,0,124720738,0,0,0,326792603,0,0,0,0,0,0,0,24650032,19246559,135613973,86668302336,22933255,0,0,0,0,0,0,0,0,0,0,0,0,0,0,0,0,0,0,0,0,0,0,0,0,0,0,0,0,0,0,0,992821,0,0,0,0,0,0,0
1782295794.933,0,0,0,0,0,0,0,431318192,311279372800,286669276672,0,0,0,0,0,0,0,0,0,0,0,0,0,0,0,0,0,0,0,0,0,0,0,0,0,0,0,0,0,0,0,0,0,0,0,0,0,0,0,0,0,0,0,0,0,0,0,0,0,0,0,0,0,0,0,0,0,0,7,1684589,19043100,10479531,0,0,0,0,0,0,0,0,0,0,0,0,0,0,0,0,0,0,0,0,0,0,0,0,0,0,0,0,0,0,0,0,0,0,0,0,0,12866338816,4704894976,785299,287164,10417007,1029,0,105,786432,18196770,812144,4,2046232292,12884901888,19575,477326874,0,0,0,0,0,0,0,0,0,0,0,0,0,0,0,0,0,0,8601219,108491002,0,468,1202,7661,620,17202757,35,0,0,0,0,0,0,0,1,0,0,0,0,0,0,0,0,0,0,12837440,0,10416973,98392,0,0,0,0,0,0,0,0,16384,0,0,0,0,0,0,0,0,0,0,0,1538,407,0,0,0,0,0,26140768,0,151,0,4,406,1538,0,0,0,0,0,0,0,0,0,0,0,0,0,0,0,0,0,0,0,0,0,0,0,0,0,0,0,0,0,0,0,0,0,0,0,0,0,0,0,0,0,0,0,0,0,0,0,0,0,0,0,0,0,0,124789354,0,0,0,326864449,0,0,0,0,0,0,0,24680356,19309621,135700831,86708213760,22960298,0,0,0,0,0,0,0,0,0,0,0,0,0,0,0,0,0,0,0,0,0,0,0,0,0,0,0,0,0,0,0,997278,0,0,0,0,0,0,0
1782295796.002,0,0,0,0,0,0,0,431485087,312311941632,287011990016,0,0,0,0,0,0,0,0,0,0,0,0,0,0,0,0,0,0,0,0,0,0,0,0,0,0,0,0,0,0,0,0,0,0,0,0,0,0,0,0,0,0,0,0,0,0,0,0,0,0,0,0,0,0,0,0,0,0,7,1684987,19106299,10497633,0,0,0,0,0,0,0,0,0,0,0,0,0,0,0,0,0,0,0,0,0,0,0,0,0,0,0,0,0,0,0,0,0,0,0,0,0,12870991872,4709548032,785583,287448,10435215,752,0,97,786432,18259861,812144,4,2047080958,12884901888,19575,477469935,0,0,0,0,0,0,0,0,0,0,0,0,0,0,0,0,0,0,8605686,108495470,0,468,1202,7661,620,17211692,35,0,0,0,0,0,0,0,1,0,0,0,0,0,0,0,0,0,0,12842464,0,10435053,98583,0,0,0,0,0,0,0,0,16384,0,0,0,0,0,0,0,0,0,0,0,1539,407,0,0,0,0,0,26154359,0,151,0,4,406,1539,0,0,0,0,0,0,0,0,0,0,0,0,0,0,0,0,0,0,0,0,0,0,0,0,0,0,0,0,0,0,0,0,0,0,0,0,0,0,0,0,0,0,0,0,0,0,0,0,0,0,0,0,0,0,124857270,0,0,0,326936401,0,0,0,0,0,0,0,24710698,19372607,135786931,86747531776,22987215,1,1,0,0,0,0,0,0,0,0,0,0,0,0,0,0,0,0,0,0,0,0,0,0,0,0,0,0,0,0,0,1001744,0,0,0,0,0,0,0
1782295797.068,0,0,0,0,0,0,0,431647439,313325505024,287383580160,0,0,0,0,0,0,0,0,0,0,0,0,0,0,0,0,0,0,0,0,0,0,0,0,0,0,0,0,0,0,0,0,0,0,0,0,0,0,0,0,0,0,0,0,0,0,0,0,0,0,0,0,0,0,0,0,0,0,7,1685270,19168315,10516916,0,0,0,0,0,0,0,0,0,0,0,0,0,0,0,0,0,0,0,0,0,0,0,0,0,0,0,0,0,0,0,0,0,0,0,0,0,12853608448,4719411200,784522,288050,10453474,1814,0,96,786432,18321779,812144,4,2048004824,12884901888,19575,477700604,0,0,0,0,0,0,0,0,0,0,0,0,0,0,0,0,0,0,8610096,108499880,0,468,1202,7661,620,17220505,35,0,0,0,0,0,0,0,1,0,0,0,0,0,0,0,0,0,0,12847424,0,10454336,98787,0,0,0,0,0,0,0,0,16384,0,0,0,0,0,0,0,0,0,0,0,1540,407,0,0,0,0,0,26167759,0,151,0,4,406,1540,0,0,0,0,0,0,0,0,0,0,0,0,0,0,0,0,0,0,0,0,0,0,0,0,0,0,0,0,0,0,0,0,0,0,0,0,0,0,0,0,0,0,0,0,0,0,0,0,0,0,0,0,0,0,124940227,0,0,0,327045020,0,0,0,0,0,0,0,24741033,19434436,135889287,86794670592,23014101,1,0,0,0,0,0,0,0,0,0,0,0,0,0,0,0,0,0,0,0,0,0,0,0,0,0,0,0,0,0,0,967756,0,0,0,0,0,0,0
1782295798.133,0,0,0,0,0,0,0,431805983,314303908352,287759470080,0,0,0,0,0,0,0,0,0,0,0,0,0,0,0,0,0,0,0,0,0,0,0,0,0,0,0,0,0,0,0,0,0,0,0,0,0,0,0,0,0,0,0,0,0,0,0,0,0,0,0,0,0,0,0,0,0,0,7,1685425,19228185,10537107,0,0,0,0,0,0,0,0,0,0,0,0,0,0,0,0,0,0,0,0,0,0,0,0,0,0,0,0,0,0,0,0,0,0,0,0,0,12853166080,4669669376,784495,285014,10470845,1841,0,96,786432,18381518,812144,4,2048812357,12884901888,19575,477837700,0,0,0,0,0,0,0,0,0,0,0,0,0,0,0,0,0,0,8614303,108504087,0,468,1202,7661,620,17228922,35,0,0,0,0,0,0,0,1,0,0,0,0,0,0,0,0,0,0,12852155,0,10474523,99001,0,0,0,0,0,0,0,0,16384,0,0,0,0,0,0,0,0,0,0,0,1541,407,0,0,0,0,0,26180556,0,151,0,4,406,1541,0,0,0,0,0,0,0,0,0,0,0,0,0,0,0,0,0,0,0,0,0,0,0,0,0,0,0,0,0,0,0,0,0,0,0,0,0,0,0,0,0,0,0,0,0,0,0,0,0,0,0,0,0,0,125005982,0,0,0,327113167,0,0,0,0,0,0,0,24767264,19494120,135975366,86832914944,23037035,0,0,0,0,0,0,0,0,0,0,0,0,0,0,0,0,0,0,0,0,0,0,0,0,0,0,0,0,0,0,0,971963,0,0,0,0,0,0,0
1782295799.200,0,0,0,0,0,0,0,431969866,315314620928,288100145152,0,0,0,0,0,0,0,0,0,0,0,0,0,0,0,0,0,0,0,0,0,0,0,0,0,0,0,0,0,0,0,0,0,0,0,0,0,0,0,0,0,0,0,0,0,0,0,0,0,0,0,0,0,0,0,0,0,0,7,1685602,19290032,10555036,0,0,0,0,0,0,0,0,0,0,0,0,0,0,0,0,0,0,0,0,0,0,0,0,0,0,0,0,0,0,0,0,0,0,0,0,0,12865961984,4671127552,785276,285103,10492618,1058,0,96,786432,18443245,812144,4,2049646118,12884901888,19575,477980112,0,0,0,0,0,0,0,0,0,0,0,0,0,0,0,0,0,0,8618641,108508425,0,468,1202,7661,620,17237601,35,0,0,0,0,0,0,0,1,0,0,0,0,0,0,0,0,0,0,12857034,0,10492456,99196,0,0,0,0,0,0,0,0,16384,0,0,0,0,0,0,0,0,0,0,0,1542,407,0,0,0,0,0,26193747,0,151,0,4,406,1542,0,0,0,0,0,0,0,0,0,0,0,0,0,0,0,0,0,0,0,0,0,0,0,0,0,0,0,0,0,0,0,0,0,0,0,0,0,0,0,0,0,0,0,0,0,0,0,0,0,0,0,0,0,0,125075665,0,0,0,327183573,0,0,0,0,0,0,0,24796102,19555768,136063097,86873145856,23062484,0,0,0,0,0,0,0,0,0,0,0,0,0,0,0,0,0,0,0,0,0,0,0,0,0,0,0,0,0,0,0,976301,0,0,0,0,0,0,0
1782295800.269,0,0,0,0,0,0,0,432137428,316348942848,288459499520,0,0,0,0,0,0,0,0,0,0,0,0,0,0,0,0,0,0,0,0,0,0,0,0,0,0,0,0,0,0,0,0,0,0,0,0,0,0,0,0,0,0,0,0,0,0,0,0,0,0,0,0,0,0,0,0,0,0,7,1685778,19353357,10574041,0,0,0,0,0,0,0,0,0,0,0,0,0,0,0,0,0,0,0,0,0,0,0,0,0,0,0,0,0,0,0,0,0,0,0,0,0,12851331072,4656840704,784383,284231,10511623,1953,0,96,786432,18506461,812144,4,2050499280,12884901888,19575,478124314,0,0,0,0,0,0,0,0,0,0,0,0,0,0,0,0,0,0,8623101,108512885,0,468,1202,7661,620,17246516,35,0,0,0,0,0,0,0,1,0,0,0,0,0,0,0,0,0,0,12862050,0,10511461,99391,0,0,0,0,0,0,0,0,16384,0,0,0,0,0,0,0,0,0,0,0,1543,407,0,0,0,0,0,26207304,0,151,0,4,406,1543,0,0,0,0,0,0,0,0,0,0,0,0,0,0,0,0,0,0,0,0,0,0,0,0,0,0,0,0,0,0,0,0,0,0,0,0,0,0,0,0,0,0,0,0,0,0,0,0,0,0,0,0,0,0,125147041,0,0,0,327255719,0,0,0,0,0,0,0,24827624,19618894,136153593,86914238464,23090642,1,0,0,0,0,0,0,0,0,0,0,0,0,0,0,0,0,0,0,0,0,0,0,0,0,0,0,0,0,0,0,980760,0,0,0,0,0,0,0
1782295801.338,0,0,0,0,0,0,0,432304366,317376055808,288801254912,0,0,0,0,0,0,0,0,0,0,0,0,0,0,0,0,0,0,0,0,0,0,0,0,0,0,0,0,0,0,0,0,0,0,0,0,0,0,0,0,0,0,0,0,0,0,0,0,0,0,0,0,0,0,0,0,0,0,7,1685945,19416203,10592028,0,0,0,0,0,0,0,0,0,0,0,0,0,0,0,0,0,0,0,0,0,0,0,0,0,0,0,0,0,0,0,0,0,0,0,0,0,12852641792,4660641792,784464,284464,10529446,1872,0,98,786432,18569212,812144,4,2051350099,12884901888,19575,478269752,0,0,0,0,0,0,0,0,0,0,0,0,0,0,0,0,0,0,8627517,108517300,0,468,1202,7661,620,17255350,35,0,0,0,0,0,0,0,1,0,0,0,0,0,0,0,0,0,0,12867017,0,10529412,99587,0,0,0,0,0,0,0,0,16384,0,0,0,0,0,0,0,0,0,0,0,1544,407,0,0,0,0,0,26220716,0,151,0,4,406,1544,0,0,0,0,0,0,0,0,0,0,0,0,0,0,0,0,0,0,0,0,0,0,0,0,0,0,0,0,0,0,0,0,0,0,0,0,0,0,0,0,0,0,0,0,0,0,0,0,0,0,0,0,0,0,125215415,0,0,0,327327404,0,0,0,0,0,0,0,24857259,19681534,136240089,86954076160,23117072,1,1,0,0,0,0,0,0,0,0,0,0,0,0,0,0,0,0,0,0,0,0,0,0,0,0,0,0,0,0,0,985175,0,0,0,0,0,0,0
1782295802.404,0,0,0,0,0,0,0,432470740,318397434368,289142022144,0,0,0,0,0,0,0,0,0,0,0,0,0,0,0,0,0,0,0,0,0,0,0,0,0,0,0,0,0,0,0,0,0,0,0,0,0,0,0,0,0,0,0,0,0,0,0,0,0,0,0,0,0,0,0,0,0,0,7,1686128,19478709,10609986,0,0,0,0,0,0,0,0,0,0,0,0,0,0,0,0,0,0,0,0,0,0,0,0,0,0,0,0,0,0,0,0,0,0,0,0,0,12862554112,4662837248,785068,284597,10547568,1258,0,105,786432,18631624,812144,4,2052197598,12884901888,19575,478414324,0,0,0,0,0,0,0,0,0,0,0,0,0,0,0,0,0,0,8631925,108521707,0,468,1202,7661,620,17264166,35,0,0,0,0,0,0,0,1,0,0,0,0,0,0,0,0,0,0,12871975,0,10547406,99789,0,0,0,0,0,0,0,0,16384,0,0,0,0,0,0,0,0,0,0,0,1545,407,0,0,0,0,0,26234116,0,151,0,4,406,1545,0,0,0,0,0,0,0,0,0,0,0,0,0,0,0,0,0,0,0,0,0,0,0,0,0,0,0,0,0,0,0,0,0,0,0,0,0,0,0,0,0,0,0,0,0,0,0,0,0,0,0,0,0,0,125283449,0,0,0,327398881,0,0,0,0,0,0,0,24887248,19743807,136326197,86993574912,23143730,1,0,0,0,0,0,0,0,0,0,0,0,0,0,0,0,0,0,0,0,0,0,0,0,0,0,0,0,0,0,0,989583,0,0,0,0,0,0,0
1782295803.469,0,0,0,0,0,0,0,432637746,319425595904,289486305792,0,0,0,0,0,0,0,0,0,0,0,0,0,0,0,0,0,0,0,0,0,0,0,0,0,0,0,0,0,0,0,0,0,0,0,0,0,0,0,0,0,0,0,0,0,0,0,0,0,0,0,0,0,0,0,0,0,0,7,1686294,19541635,10628075,0,0,0,0,0,0,0,0,0,0,0,0,0,0,0,0,0,0,0,0,0,0,0,0,0,0,0,0,0,0,0,0,0,0,0,0,0,12864749568,4660953088,785202,284482,10565657,1130,0,99,786432,18694452,812144,4,2053048022,12884901888,19575,478558502,0,0,0,0,0,0,0,0,0,0,0,0,0,0,0,0,0,0,8636360,108526144,0,468,1202,7661,620,17273033,35,0,0,0,0,0,0,0,1,0,0,0,0,0,0,0,0,0,0,12876965,0,10565495,99980,0,0,0,0,0,0,0,0,16384,0,0,0,0,0,0,0,0,0,0,0,1546,407,0,0,0,0,0,26247603,0,151,0,4,406,1546,0,0,0,0,0,0,0,0,0,0,0,0,0,0,0,0,0,0,0,0,0,0,0,0,0,0,0,0,0,0,0,0,0,0,0,0,0,0,0,0,0,0,0,0,0,0,0,0,0,0,0,0,0,0,125353453,0,0,0,327470728,0,0,0,0,0,0,0,24918495,19806526,136414426,87034199040,23171751,1,0,0,0,0,0,0,0,0,0,0,0,0,0,0,0,0,0,0,0,0,0,0,0,0,0,0,0,0,0,0,994019,0,0,0,0,0,0,0
1782295804.539,0,0,0,0,0,0,0,432805002,320459229696,289833241600,0,0,0,0,0,0,0,0,0,0,0,0,0,0,0,0,0,0,0,0,0,0,0,0,0,0,0,0,0,0,0,0,0,0,0,0,0,0,0,0,0,0,0,0,0,0,0,0,0,0,0,0,0,0,0,0,0,0,7,1686636,19604914,10646389,0,0,0,0,0,0,0,0,0,0,0,0,0,0,0,0,0,0,0,0,0,0,0,0,0,0,0,0,0,0,0,0,0,0,0,0,0,12860604416,4659838976,784949,284414,10583971,1378,0,105,786432,18757634,812144,4,2053899984,12884901888,19575,478702518,0,0,0,0,0,0,0,0,0,0,0,0,0,0,0,0,0,0,8640806,108530590,0,468,1202,7661,620,17281931,35,0,0,0,0,0,0,0,1,0,0,0,0,0,0,0,0,0,0,12881967,0,10583809,100174,0,0,0,0,0,0,0,0,16384,0,0,0,0,0,0,0,0,0,0,0,1547,407,0,0,0,0,0,26261133,0,151,0,4,406,1547,0,0,0,0,0,0,0,0,0,0,0,0,0,0,0,0,0,0,0,0,0,0,0,0,0,0,0,0,0,0,0,0,0,0,0,0,0,0,0,0,0,0,0,0,0,0,0,0,0,0,0,0,0,0,125421076,0,0,0,327542702,0,0,0,0,0,0,0,24948497,19869609,136500507,87073675264,23198494,0,0,0,0,0,0,0,0,0,0,0,0,0,0,0,0,0,0,0,0,0,0,0,0,0,0,0,0,0,0,0,998466,0,0,0,0,0,0,0
1782295805.607,0,0,0,0,0,0,0,432968990,321476905472,290187606528,0,0,0,0,0,0,0,0,0,0,0,0,0,0,0,0,0,0,0,0,0,0,0,0,0,0,0,0,0,0,0,0,0,0,0,0,0,0,0,0,0,0,0,0,0,0,0,0,0,0,0,0,0,0,0,0,0,0,7,1686973,19667185,10664563,0,0,0,0,0,0,0,0,0,0,0,0,0,0,0,0,0,0,0,0,0,0,0,0,0,0,0,0,0,0,0,0,0,0,0,0,0,12850266112,4688068608,784318,286137,10602145,2016,0,98,786432,18819790,812144,4,2054832617,12884901888,19575,478936410,0,0,0,0,0,0,0,0,0,0,0,0,0,0,0,0,0,0,8645247,108535029,0,468,1202,7661,620,17290810,35,0,0,0,0,0,0,0,1,0,0,0,0,0,0,0,0,0,0,12886958,0,10601983,100373,0,0,0,0,0,0,0,0,16384,0,0,0,0,0,0,0,0,0,0,0,1548,407,0,0,0,0,0,26274639,0,151,0,4,406,1548,0,0,0,0,0,0,0,0,0,0,0,0,0,0,0,0,0,0,0,0,0,0,0,0,0,0,0,0,0,0,0,0,0,0,0,0,0,0,0,0,0,0,0,0,0,0,0,0,0,0,0,0,0,0,125505306,0,0,0,327652029,0,0,0,0,0,0,0,24978505,19931676,136603026,87121472000,23225182,1,0,0,0,0,0,0,0,0,0,0,0,0,0,0,0,0,0,0,0,0,0,0,0,0,0,0,0,0,0,0,964504,0,0,0,0,0,0,0
1782295806.674,0,0,0,0,0,0,0,433136567,322511260160,290529436672,0,0,0,0,0,0,0,0,0,0,0,0,0,0,0,0,0,0,0,0,0,0,0,0,0,0,0,0,0,0,0,0,0,0,0,0,0,0,0,0,0,0,0,0,0,0,0,0,0,0,0,0,0,0,0,0,0,0,7,1687161,19730469,10682489,0,0,0,0,0,0,0,0,0,0,0,0,0,0,0,0,0,0,0,0,0,0,0,0,0,0,0,0,0,0,0,0,0,0,0,0,0,12860882944,4690034688,784966,286257,10620060,1365,0,102,786432,18882965,812144,4,2055686159,12884901888,19575,479080478,0,0,0,0,0,0,0,0,0,0,0,0,0,0,0,0,0,0,8649712,108539495,0,468,1202,7661,620,17299744,35,0,0,0,0,0,0,0,1,0,0,0,0,0,0,0,0,0,0,12891983,0,10619898,100566,0,0,0,0,0,0,0,0,16384,0,0,0,0,0,0,0,0,0,0,0,1550,407,0,0,0,0,0,26288210,0,151,0,4,406,1550,0,0,0,0,0,0,0,0,0,0,0,0,0,0,0,0,0,0,0,0,0,0,0,0,0,0,0,0,0,0,0,0,0,0,0,0,0,0,0,0,0,0,0,0,0,0,0,0,0,0,0,0,0,0,125575643,0,0,0,327724174,0,0,0,0,0,0,0,25008963,19994779,136691430,87162281472,23252348,1,0,0,0,0,0,0,0,0,0,0,0,0,0,0,0,0,0,0,0,0,0,0,0,0,0,0,0,0,0,0,968970,0,0,0,0,0,0,0
1782295807.743,0,0,0,0,0,0,0,433304716,323543484928,290877767168,0,0,0,0,0,0,0,0,0,0,0,0,0,0,0,0,0,0,0,0,0,0,0,0,0,0,0,0,0,0,0,0,0,0,0,0,0,0,0,0,0,0,0,0,0,0,0,0,0,0,0,0,0,0,0,0,0,0,7,1687348,19793634,10700764,0,0,0,0,0,0,0,0,0,0,0,0,0,0,0,0,0,0,0,0,0,0,0,0,0,0,0,0,0,0,0,0,0,0,0,0,0,12861325312,4685594624,784993,285986,10638346,1343,0,97,786432,18946028,812144,4,2056540669,12884901888,19575,479224576,0,0,0,0,0,0,0,0,0,0,0,0,0,0,0,0,0,0,8654208,108543991,0,468,1202,7661,620,17308737,35,0,0,0,0,0,0,0,1,0,0,0,0,0,0,0,0,0,0,12897041,0,10638184,100760,0,0,0,0,0,0,0,0,16384,0,0,0,0,0,0,0,0,0,0,0,1551,407,0,0,0,0,0,26301877,0,151,0,4,406,1551,0,0,0,0,0,0,0,0,0,0,0,0,0,0,0,0,0,0,0,0,0,0,0,0,0,0,0,0,0,0,0,0,0,0,0,0,0,0,0,0,0,0,0,0,0,0,0,0,0,0,0,0,0,0,125646809,0,0,0,327796699,0,0,0,0,0,0,0,25039899,20057765,136780973,87203844608,23280027,0,0,0,0,0,0,0,0,0,0,0,0,0,0,0,0,0,0,0,0,0,0,0,0,0,0,0,0,0,0,0,973467,0,0,0,0,0,0,0
1782295808.811,0,0,0,0,0,0,0,433472806,324576283136,291218837504,0,0,0,0,0,0,0,0,0,0,0,0,0,0,0,0,0,0,0,0,0,0,0,0,0,0,0,0,0,0,0,0,0,0,0,0,0,0,0,0,0,0,0,0,0,0,0,0,0,0,0,0,0,0,0,0,0,0,7,1687521,19856834,10718657,0,0,0,0,0,0,0,0,0,0,0,0,0,0,0,0,0,0,0,0,0,0,0,0,0,0,0,0,0,0,0,0,0,0,0,0,0,12860702720,4689248256,784954,286209,10656239,1381,0,97,786432,19009130,812144,4,2057397199,12884901888,19575,479371563,0,0,0,0,0,0,0,0,0,0,0,0,0,0,0,0,0,0,8658637,108548421,0,468,1202,7661,620,17317595,35,0,0,0,0,0,0,0,1,0,0,0,0,0,0,0,0,0,0,12902022,0,10656077,100952,0,0,0,0,0,0,0,0,16384,0,0,0,0,0,0,0,0,0,0,0,1552,407,0,0,0,0,0,26315356,0,151,0,4,406,1552,0,0,0,0,0,0,0,0,0,0,0,0,0,0,0,0,0,0,0,0,0,0,0,0,0,0,0,0,0,0,0,0,0,0,0,0,0,0,0,0,0,0,0,0,0,0,0,0,0,0,0,0,0,0,125715226,0,0,0,327868894,0,0,0,0,0,0,0,25069638,20120731,136867401,87244505600,23306446,0,0,0,0,0,0,0,0,0,0,0,0,0,0,0,0,0,0,0,0,0,0,0,0,0,0,0,0,0,0,0,977896,0,0,0,0,0,0,0
1782295809.879,0,0,0,0,0,0,0,433639131,325601872384,291559432704,0,0,0,0,0,0,0,0,0,0,0,0,0,0,0,0,0,0,0,0,0,0,0,0,0,0,0,0,0,0,0,0,0,0,0,0,0,0,0,0,0,0,0,0,0,0,0,0,0,0,0,0,0,0,0,0,0,0,7,1687704,19919591,10736563,0,0,0,0,0,0,0,0,0,0,0,0,0,0,0,0,0,0,0,0,0,0,0,0,0,0,0,0,0,0,0,0,0,0,0,0,0,12854509568,4688445440,784577,286160,10674131,1753,0,101,786432,19071781,812144,4,2058244610,12884901888,19575,479515131,0,0,0,0,0,0,0,0,0,0,0,0,0,0,0,0,0,0,8663059,108552841,0,468,1202,7661,620,17326433,35,0,0,0,0,0,0,0,1,0,0,0,0,0,0,0,0,0,0,12906994,0,10673969,101152,0,0,0,0,0,0,0,0,16384,0,0,0,0,0,0,0,0,0,0,0,1553,407,0,0,0,0,0,26328780,0,151,0,4,406,1553,0,0,0,0,0,0,0,0,0,0,0,0,0,0,0,0,0,0,0,0,0,0,0,0,0,0,0,0,0,0,0,0,0,0,0,0,0,0,0,0,0,0,0,0,0,0,0,0,0,0,0,0,0,0,125783308,0,0,0,327940515,0,0,0,0,0,0,0,25099549,20183283,136953519,87284543488,23332964,1,1,0,0,0,0,0,0,0,0,0,0,0,0,0,0,0,0,0,0,0,0,0,0,0,0,0,0,0,0,0,982315,0,0,0,0,0,0,0
1782295810.944,0,0,0,0,0,0,0,433804920,326623201792,291896192000,0,0,0,0,0,0,0,0,0,0,0,0,0,0,0,0,0,0,0,0,0,0,0,0,0,0,0,0,0,0,0,0,0,0,0,0,0,0,0,0,0,0,0,0,0,0,0,0,0,0,0,0,0,0,0,0,0,0,7,1687870,19982073,10754266,0,0,0,0,0,0,0,0,0,0,0,0,0,0,0,0,0,0,0,0,0,0,0,0,0,0,0,0,0,0,0,0,0,0,0,0,0,12872073216,4689854464,785649,286246,10691848,685,0,97,786432,19134153,812144,4,2059089293,12884901888,19575,479658504,0,0,0,0,0,0,0,0,0,0,0,0,0,0,0,0,0,0,8667462,108557245,0,468,1202,7661,620,17335247,35,0,0,0,0,0,0,0,1,0,0,0,0,0,0,0,0,0,0,12911948,0,10691686,101335,0,0,0,0,0,0,0,0,16384,0,0,0,0,0,0,0,0,0,0,0,1554,407,0,0,0,0,0,26342155,0,151,0,4,406,1554,0,0,0,0,0,0,0,0,0,0,0,0,0,0,0,0,0,0,0,0,0,0,0,0,0,0,0,0,0,0,0,0,0,0,0,0,0,0,0,0,0,0,0,0,0,0,0,0,0,0,0,0,0,0,125850678,0,0,0,328011873,0,0,0,0,0,0,0,25128278,20245559,137038680,87324176896,23358764,1,0,0,0,0,0,0,0,0,0,0,0,0,0,0,0,0,0,0,0,0,0,0,0,0,0,0,0,0,0,0,986721,0,0,0,0,0,0,0
1782295812.010,0,0,0,0,0,0,0,433970175,327644482048,292242747904,0,0,0,0,0,0,0,0,0,0,0,0,0,0,0,0,0,0,0,0,0,0,0,0,0,0,0,0,0,0,0,0,0,0,0,0,0,0,0,0,0,0,0,0,0,0,0,0,0,0,0,0,0,0,0,0,0,0,7,1688117,20044574,10772578,0,0,0,0,0,0,0,0,0,0,0,0,0,0,0,0,0,0,0,0,0,0,0,0,0,0,0,0,0,0,0,0,0,0,0,0,0,12853739520,4683595776,784531,285863,10710032,1798,0,101,786432,19196558,812144,4,2059929802,12884901888,19575,479799675,0,0,0,0,0,0,0,0,0,0,0,0,0,0,0,0,0,0,8671886,108561667,0,468,1202,7661,620,17344091,35,0,0,0,0,0,0,0,1,0,0,0,0,0,0,0,0,0,0,12916922,0,10709998,101522,0,0,0,0,0,0,0,0,16384,0,0,0,0,0,0,0,0,0,0,0,1555,407,0,0,0,0,0,26355606,0,151,0,4,406,1555,0,0,0,0,0,0,0,0,0,0,0,0,0,0,0,0,0,0,0,0,0,0,0,0,0,0,0,0,0,0,0,0,0,0,0,0,0,0,0,0,0,0,0,0,0,0,0,0,0,0,0,0,0,0,125918387,0,0,0,328083142,0,0,0,0,0,0,0,25158040,20307856,137124832,87363476480,23385253,1,1,0,0,0,0,0,0,0,0,0,0,0,0,0,0,0,0,0,0,0,0,0,0,0,0,0,0,0,0,0,991143,0,0,0,0,0,0,0
1782295813.078,0,0,0,0,0,0,0,434134808,328660978176,292604634112,0,0,0,0,0,0,0,0,0,0,0,0,0,0,0,0,0,0,0,0,0,0,0,0,0,0,0,0,0,0,0,0,0,0,0,0,0,0,0,0,0,0,0,0,0,0,0,0,0,0,0,0,0,0,0,0,0,0,7,1688511,20106805,10791779,0,0,0,0,0,0,0,0,0,0,0,0,0,0,0,0,0,0,0,0,0,0,0,0,0,0,0,0,0,0,0,0,0,0,0,0,0,12858753024,4663738368,784836,284651,10728034,1500,0,96,786432,19258682,812144,4,2060767180,12884901888,19575,479941373,0,0,0,0,0,0,0,0,0,0,0,0,0,0,0,0,0,0,8676271,108566054,0,468,1202,7661,620,17352864,35,0,0,0,0,0,0,0,1,0,0,0,0,0,0,0,0,0,0,12921857,0,10729152,101726,0,0,0,0,0,0,0,0,16384,0,0,0,0,0,0,0,0,0,0,0,1556,407,0,0,0,0,0,26368946,0,151,0,4,406,1556,0,0,0,0,0,0,0,0,0,0,0,0,0,0,0,0,0,0,0,0,0,0,0,0,0,0,0,0,0,0,0,0,0,0,0,0,0,0,0,0,0,0,0,0,0,0,0,0,0,0,0,0,0,0,125985886,0,0,0,328154119,0,0,0,0,0,0,0,25187397,20369890,137211682,87403325440,23411269,0,0,0,0,0,0,0,0,0,0,0,0,0,0,0,0,0,0,0,0,0,0,0,0,0,0,0,0,0,0,0,995530,0,0,0,0,0,0,0
1782295814.142,0,0,0,0,0,0,0,434291486,329633958400,292988013568,0,0,0,0,0,0,0,0,0,0,0,0,0,0,0,0,0,0,0,0,0,0,0,0,0,0,0,0,0,0,0,0,0,0,0,0,0,0,0,0,0,0,0,0,0,0,0,0,0,0,0,0,0,0,0,0,0,0,7,1688915,20166346,10811671,0,0,0,0,0,0,0,0,0,0,0,0,0,0,0,0,0,0,0,0,0,0,0,0,0,0,0,0,0,0,0,0,0,0,0,0,0,12861997056,4651483136,785033,283904,10749253,1302,0,97,786432,19318100,812144,4,2061661599,12884901888,19575,480166910,0,0,0,0,0,0,0,0,0,0,0,0,0,0,0,0,0,0,8680510,108570294,0,468,1202,7661,620,17361338,35,0,0,0,0,0,0,0,1,0,0,0,0,0,0,0,0,0,0,12926624,0,10749091,101935,0,0,0,0,0,0,0,0,16384,0,0,0,0,0,0,0,0,0,0,0,1557,407,0,0,0,0,0,26381828,0,151,0,4,406,1557,0,0,0,0,0,0,0,0,0,0,0,0,0,0,0,0,0,0,0,0,0,0,0,0,0,0,0,0,0,0,0,0,0,0,0,0,0,0,0,0,0,0,0,0,0,0,0,0,0,0,0,0,0,0,126074014,0,0,0,328260342,0,0,0,0,0,0,0,25213630,20429270,137319754,87452628480,23434207,0,0,0,0,0,0,0,0,0,0,0,0,0,0,0,0,0,0,0,0,0,0,0,0,0,0,0,0,0,0,0,961368,0,0,0,0,0,0,0
1782295815.209,0,0,0,0,0,0,0,434453466,330640067072,293325783040,0,0,0,0,0,0,0,0,0,0,0,0,0,0,0,0,0,0,0,0,0,0,0,0,0,0,0,0,0,0,0,0,0,0,0,0,0,0,0,0,0,0,0,0,0,0,0,0,0,0,0,0,0,0,0,0,0,0,7,1689163,20227890,10829436,0,0,0,0,0,0,0,0,0,0,0,0,0,0,0,0,0,0,0,0,0,0,0,0,0,0,0,0,0,0,0,0,0,0,0,0,0,12862160896,4653203456,785046,284009,10767018,1289,0,105,786432,19379527,812144,4,2062485938,12884901888,19575,480305770,0,0,0,0,0,0,0,0,0,0,0,0,0,0,0,0,0,0,8684829,108574612,0,468,1202,7661,620,17369979,35,0,0,0,0,0,0,0,1,0,0,0,0,0,0,0,0,0,0,12931483,0,10766856,102130,0,0,0,0,0,0,0,0,16384,0,0,0,0,0,0,0,0,0,0,0,1558,407,0,0,0,0,0,26394940,0,151,0,4,406,1558,0,0,0,0,0,0,0,0,0,0,0,0,0,0,0,0,0,0,0,0,0,0,0,0,0,0,0,0,0,0,0,0,0,0,0,0,0,0,0,0,0,0,0,0,0,0,0,0,0,0,0,0,0,0,126141820,0,0,0,328330183,0,0,0,0,0,0,0,25240413,20490612,137405464,87492241920,23457720,1,0,0,0,0,0,0,0,0,0,0,0,0,0,0,0,0,0,0,0,0,0,0,0,0,0,0,0,0,0,0,965687,0,0,0,0,0,0,0
1782295816.275,0,0,0,0,0,0,0,434619654,331661969920,293670995968,0,0,0,0,0,0,0,0,0,0,0,0,0,0,0,0,0,0,0,0,0,0,0,0,0,0,0,0,0,0,0,0,0,0,0,0,0,0,0,0,0,0,0,0,0,0,0,0,0,0,0,0,0,0,0,0,0,0,7,1689331,20290437,10847618,0,0,0,0,0,0,0,0,0,0,0,0,0,0,0,0,0,0,0,0,0,0,0,0,0,0,0,0,0,0,0,0,0,0,0,0,0,12853870592,4648321024,784540,283711,10785200,1798,0,102,786432,19441955,812144,4,2063331645,12884901888,19575,480449683,0,0,0,0,0,0,0,0,0,0,0,0,0,0,0,0,0,0,8689229,108579013,0,468,1202,7661,620,17378774,35,0,0,0,0,0,0,0,1,0,0,0,0,0,0,0,0,0,0,12936434,0,10785038,102327,0,0,0,0,0,0,0,0,16384,0,0,0,0,0,0,0,0,0,0,0,1559,407,0,0,0,0,0,26408286,0,151,0,4,406,1559,0,0,0,0,0,0,0,0,0,0,0,0,0,0,0,0,0,0,0,0,0,0,0,0,0,0,0,0,0,0,0,0,0,0,0,0,0,0,0,0,0,0,0,0,0,0,0,0,0,0,0,0,0,0,126210113,0,0,0,328401701,0,0,0,0,0,0,0,25270059,20552945,137492060,87532351488,23484013,1,0,0,0,0,0,0,0,0,0,0,0,0,0,0,0,0,0,0,0,0,0,0,0,0,0,0,0,0,0,0,970089,0,0,0,0,0,0,0
1782295817.341,0,0,0,0,0,0,0,434785436,332680481280,294007634944,0,0,0,0,0,0,0,0,0,0,0,0,0,0,0,0,0,0,0,0,0,0,0,0,0,0,0,0,0,0,0,0,0,0,0,0,0,0,0,0,0,0,0,0,0,0,0,0,0,0,0,0,0,0,0,0,0,0,7,1689525,20352746,10865250,0,0,0,0,0,0,0,0,0,0,0,0,0,0,0,0,0,0,0,0,0,0,0,0,0,0,0,0,0,0,0,0,0,0,0,0,0,12856623104,4652793856,784708,283984,10802605,1626,0,97,786432,19504163,812144,4,2064175631,12884901888,19575,480591490,0,0,0,0,0,0,0,0,0,0,0,0,0,0,0,0,0,0,8693664,108583448,0,468,1202,7661,620,17387645,35,0,0,0,0,0,0,0,1,0,0,0,0,0,0,0,0,0,0,12941423,0,10802672,102520,0,0,0,0,0,0,0,0,16384,0,0,0,0,0,0,0,0,0,0,0,1560,407,0,0,0,0,0,26421776,0,151,0,4,406,1560,0,0,0,0,0,0,0,0,0,0,0,0,0,0,0,0,0,0,0,0,0,0,0,0,0,0,0,0,0,0,0,0,0,0,0,0,0,0,0,0,0,0,0,0,0,0,0,0,0,0,0,0,0,0,126279020,0,0,0,328473286,0,0,0,0,0,0,0,25299822,20615103,137578723,87572773376,23510554,1,0,0,0,0,0,0,0,0,0,0,0,0,0,0,0,0,0,0,0,0,0,0,0,0,0,0,0,0,0,0,974524,0,0,0,0,0,0,0
1782295818.408,0,0,0,0,0,0,0,434949305,333687802368,294351080448,0,0,0,0,0,0,0,0,0,0,0,0,0,0,0,0,0,0,0,0,0,0,0,0,0,0,0,0,0,0,0,0,0,0,0,0,0,0,0,0,0,0,0,0,0,0,0,0,0,0,0,0,0,0,0,0,0,0,7,1689720,20414407,10883355,0,0,0,0,0,0,0,0,0,0,0,0,0,0,0,0,0,0,0,0,0,0,0,0,0,0,0,0,0,0,0,0,0,0,0,0,0,12856590336,4650549248,784704,283847,10820937,1632,0,97,786432,19565707,812144,4,2065006798,12884901888,19575,480731096,0,0,0,0,0,0,0,0,0,0,0,0,0,0,0,0,0,0,8698063,108587846,0,468,1202,7661,620,17396441,35,0,0,0,0,0,0,0,1,0,0,0,0,0,0,0,0,0,0,12946371,0,10820775,102718,0,0,0,0,0,0,0,0,16384,0,0,0,0,0,0,0,0,0,0,0,1561,407,0,0,0,0,0,26435137,0,151,0,4,406,1561,0,0,0,0,0,0,0,0,0,0,0,0,0,0,0,0,0,0,0,0,0,0,0,0,0,0,0,0,0,0,0,0,0,0,0,0,0,0,0,0,0,0,0,0,0,0,0,0,0,0,0,0,0,0,126346848,0,0,0,328544117,0,0,0,0,0,0,0,25329172,20676567,137664771,87612564992,23536537,0,0,0,0,0,0,0,0,0,0,0,0,0,0,0,0,0,0,0,0,0,0,0,0,0,0,0,0,0,0,0,978922,0,0,0,0,0,0,0
1782295819.474,0,0,0,0,0,0,0,435114448,334706149888,294686875648,0,0,0,0,0,0,0,0,0,0,0,0,0,0,0,0,0,0,0,0,0,0,0,0,0,0,0,0,0,0,0,0,0,0,0,0,0,0,0,0,0,0,0,0,0,0,0,0,0,0,0,0,0,0,0,0,0,0,7,1689898,20476739,10900986,0,0,0,0,0,0,0,0,0,0,0,0,0,0,0,0,0,0,0,0,0,0,0,0,0,0,0,0,0,0,0,0,0,0,0,0,0,12857049088,4653383680,784732,284020,10838568,1604,0,96,786432,19627936,812144,4,2065848147,12884901888,19575,480872035,0,0,0,0,0,0,0,0,0,0,0,0,0,0,0,0,0,0,8702472,108592255,0,468,1202,7661,620,17405261,35,0,0,0,0,0,0,0,1,0,0,0,0,0,0,0,0,0,0,12951331,0,10838406,102909,0,0,0,0,0,0,0,0,16384,0,0,0,0,0,0,0,0,0,0,0,1562,407,0,0,0,0,0,26448565,0,151,0,4,406,1562,0,0,0,0,0,0,0,0,0,0,0,0,0,0,0,0,0,0,0,0,0,0,0,0,0,0,0,0,0,0,0,0,0,0,0,0,0,0,0,0,0,0,0,0,0,0,0,0,0,0,0,0,0,0,126414862,0,0,0,328615453,0,0,0,0,0,0,0,25358201,20738730,137750541,87652590592,23562579,1,1,0,0,0,0,0,0,0,0,0,0,0,0,0,0,0,0,0,0,0,0,0,0,0,0,0,0,0,0,0,983330,0,0,0,0,0,0,0
1782295820.543,0,0,0,0,0,0,0,435278437,335723252224,295026644992,0,0,0,0,0,0,0,0,0,0,0,0,0,0,0,0,0,0,0,0,0,0,0,0,0,0,0,0,0,0,0,0,0,0,0,0,0,0,0,0,0,0,0,0,0,0,0,0,0,0,0,0,0,0,0,0,0,0,7,1690081,20538995,10918926,0,0,0,0,0,0,0,0,0,0,0,0,0,0,0,0,0,0,0,0,0,0,0,0,0,0,0,0,0,0,0,0,0,0,0,0,0,12853870592,4653449216,784538,284024,10856508,1798,0,96,786432,19690087,812144,4,2066681714,12884901888,19575,481010661,0,0,0,0,0,0,0,0,0,0,0,0,0,0,0,0,0,0,8706880,108596661,0,468,1202,7661,620,17414075,35,0,0,0,0,0,0,0,1,0,0,0,0,0,0,0,0,0,0,12956286,0,10856346,103106,0,0,0,0,0,0,0,0,16384,0,0,0,0,0,0,0,0,0,0,0,1563,407,0,0,0,0,0,26461958,0,151,0,4,406,1563,0,0,0,0,0,0,0,0,0,0,0,0,0,0,0,0,0,0,0,0,0,0,0,0,0,0,0,0,0,0,0,0,0,0,0,0,0,0,0,0,0,0,0,0,0,0,0,0,0,0,0,0,0,0,126482252,0,0,0,328686361,0,0,0,0,0,0,0,25387747,20800779,137836008,87691862528,23588753,1,0,0,0,0,0,0,0,0,0,0,0,0,0,0,0,0,0,0,0,0,0,0,0,0,0,0,0,0,0,0,987737,0,0,0,0,0,0,0
1782295821.607,0,0,0,0,0,0,0,435446013,336756984320,295371860480,0,0,0,0,0,0,0,0,0,0,0,0,0,0,0,0,0,0,0,0,0,0,0,0,0,0,0,0,0,0,0,0,0,0,0,0,0,0,0,0,0,0,0,0,0,0,0,0,0,0,0,0,0,0,0,0,0,0,7,1690363,20602245,10937019,0,0,0,0,0,0,0,0,0,0,0,0,0,0,0,0,0,0,0,0,0,0,0,0,0,0,0,0,0,0,0,0,0,0,0,0,0,12856213504,4654120960,784681,284065,10874473,1650,0,100,786432,19753224,812144,4,2067534853,12884901888,19575,481155198,0,0,0,0,0,0,0,0,0,0,0,0,0,0,0,0,0,0,8711324,108601106,0,468,1202,7661,620,17422970,35,0,0,0,0,0,0,0,1,0,0,0,0,0,0,0,0,0,0,12961287,0,10874439,103300,0,0,0,0,0,0,0,0,16384,0,0,0,0,0,0,0,0,0,0,0,1564,407,0,0,0,0,0,26475477,0,151,0,4,406,1564,0,0,0,0,0,0,0,0,0,0,0,0,0,0,0,0,0,0,0,0,0,0,0,0,0,0,0,0,0,0,0,0,0,0,0,0,0,0,0,0,0,0,0,0,0,0,0,0,0,0,0,0,0,0,126553044,0,0,0,328758631,0,0,0,0,0,0,0,25418590,20863858,137925007,87733545984,23616289,1,0,0,0,0,0,0,0,0,0,0,0,0,0,0,0,0,0,0,0,0,0,0,0,0,0,0,0,0,0,0,992183,0,0,0,0,0,0,0
1782295822.675,0,0,0,0,0,0,0,435613102,337786391040,295717031424,0,0,0,0,0,0,0,0,0,0,0,0,0,0,0,0,0,0,0,0,0,0,0,0,0,0,0,0,0,0,0,0,0,0,0,0,0,0,0,0,0,0,0,0,0,0,0,0,0,0,0,0,0,0,0,0,0,0,7,1690765,20665258,10955086,0,0,0,0,0,0,0,0,0,0,0,0,0,0,0,0,0,0,0,0,0,0,0,0,0,0,0,0,0,0,0,0,0,0,0,0,0,12849184768,4656152576,784251,284189,10892510,2083,0,97,786432,19816134,812144,4,2068385819,12884901888,19575,481299637,0,0,0,0,0,0,0,0,0,0,0,0,0,0,0,0,0,0,8715763,108605545,0,468,1202,7661,620,17431842,35,0,0,0,0,0,0,0,1,0,0,0,0,0,0,0,0,0,0,12966278,0,10892476,103494,0,0,0,0,0,0,0,0,16384,0,0,0,0,0,0,0,0,0,0,0,1566,407,0,0,0,0,0,26488939,0,151,0,4,406,1566,0,0,0,0,0,0,0,0,0,0,0,0,0,0,0,0,0,0,0,0,0,0,0,0,0,0,0,0,0,0,0,0,0,0,0,0,0,0,0,0,0,0,0,0,0,0,0,0,0,0,0,0,0,0,126623982,0,0,0,328830629,0,0,0,0,0,0,0,25449415,20926678,138014149,87775434752,23643900,1,0,0,0,0,0,0,0,0,0,0,0,0,0,0,0,0,0,0,0,0,0,0,0,0,0,0,0,0,0,0,996621,0,0,0,0,0,0,0
1782295823.744,0,0,0,0,0,0,0,435778455,338812242432,296062048256,0,0,0,0,0,0,0,0,0,0,0,0,0,0,0,0,0,0,0,0,0,0,0,0,0,0,0,0,0,0,0,0,0,0,0,0,0,0,0,0,0,0,0,0,0,0,0,0,0,0,0,0,0,0,0,0,0,0,7,1691050,20728046,10972754,0,0,0,0,0,0,0,0,0,0,0,0,0,0,0,0,0,0,0,0,0,0,0,0,0,0,0,0,0,0,0,0,0,0,0,0,0,12861980672,4690771968,785033,286302,10910211,1299,0,100,786432,19878840,812144,4,2069321130,12884901888,19575,481529963,0,0,0,0,0,0,0,0,0,0,0,0,0,0,0,0,0,0,8720246,108610029,0,468,1202,7661,620,17440809,35,0,0,0,0,0,0,0,1,0,0,0,0,0,0,0,0,0,0,12971323,0,10910049,103677,0,0,0,0,0,0,0,0,16384,0,0,0,0,0,0,0,0,0,0,0,1567,407,0,0,0,0,0,26502568,0,151,0,4,406,1567,0,0,0,0,0,0,0,0,0,0,0,0,0,0,0,0,0,0,0,0,0,0,0,0,0,0,0,0,0,0,0,0,0,0,0,0,0,0,0,0,0,0,0,0,0,0,0,0,0,0,0,0,0,0,126706257,0,0,0,328940643,0,0,0,0,0,0,0,25480166,20989250,138114185,87822352896,23671433,1,1,0,0,0,0,0,0,0,0,0,0,0,0,0,0,0,0,0,0,0,0,0,0,0,0,0,0,0,0,0,962706,0,0,0,0,0,0,0
1782295824.813,0,0,0,0,0,0,0,435947248,339848612352,296405378048,0,0,0,0,0,0,0,0,0,0,0,0,0,0,0,0,0,0,0,0,0,0,0,0,0,0,0,0,0,0,0,0,0,0,0,0,0,0,0,0,0,0,0,0,0,0,0,0,0,0,0,0,0,0,0,0,0,0,7,1691252,20791457,10990803,0,0,0,0,0,0,0,0,0,0,0,0,0,0,0,0,0,0,0,0,0,0,0,0,0,0,0,0,0,0,0,0,0,0,0,0,0,12870615040,4692934656,785560,286434,10928385,775,0,96,786432,19942161,812144,4,2070179338,12884901888,19575,481674399,0,0,0,0,0,0,0,0,0,0,0,0,0,0,0,0,0,0,8724742,108614524,0,468,1202,7661,620,17449804,35,0,0,0,0,0,0,0,1,0,0,0,0,0,0,0,0,0,0,12976377,0,10928223,103871,0,0,0,0,0,0,0,0,16384,0,0,0,0,0,0,0,0,0,0,0,1568,407,0,0,0,0,0,26516236,0,151,0,4,406,1568,0,0,0,0,0,0,0,0,0,0,0,0,0,0,0,0,0,0,0,0,0,0,0,0,0,0,0,0,0,0,0,0,0,0,0,0,0,0,0,0,0,0,0,0,0,0,0,0,0,0,0,0,0,0,126775417,0,0,0,329013548,0,0,0,0,0,0,0,25511009,21052428,138201514,87862822400,23698960,1,0,0,0,0,0,0,0,0,0,0,0,0,0,0,0,0,0,0,0,0,0,0,0,0,0,0,0,0,0,0,967201,0,0,0,0,0,0,0
1782295825.881,0,0,0,0,0,0,0,436115211,340880378368,296753209344,0,0,0,0,0,0,0,0,0,0,0,0,0,0,0,0,0,0,0,0,0,0,0,0,0,0,0,0,0,0,0,0,0,0,0,0,0,0,0,0,0,0,0,0,0,0,0,0,0,0,0,0,0,0,0,0,0,0,7,1691444,20854609,11009110,0,0,0,0,0,0,0,0,0,0,0,0,0,0,0,0,0,0,0,0,0,0,0,0,0,0,0,0,0,0,0,0,0,0,0,0,0,12856803328,4690903040,784717,286310,10946692,1609,0,105,786432,20005207,812144,4,2071035317,12884901888,19575,481818453,0,0,0,0,0,0,0,0,0,0,0,0,0,0,0,0,0,0,8729202,108618985,0,468,1202,7661,620,17458717,35,0,0,0,0,0,0,0,1,0,0,0,0,0,0,0,0,0,0,12981394,0,10946530,104069,0,0,0,0,0,0,0,0,16384,0,0,0,0,0,0,0,0,0,0,0,1569,407,0,0,0,0,0,26529786,0,151,0,4,406,1569,0,0,0,0,0,0,0,0,0,0,0,0,0,0,0,0,0,0,0,0,0,0,0,0,0,0,0,0,0,0,0,0,0,0,0,0,0,0,0,0,0,0,0,0,0,0,0,0,0,0,0,0,0,0,126844502,0,0,0,329085987,0,0,0,0,0,0,0,25541523,21115398,138289022,87903358464,23726102,1,1,0,0,0,0,0,0,0,0,0,0,0,0,0,0,0,0,0,0,0,0,0,0,0,0,0,0,0,0,0,971661,0,0,0,0,0,0,0
1782295826.950,0,0,0,0,0,0,0,436282699,341910456832,297096085504,0,0,0,0,0,0,0,0,0,0,0,0,0,0,0,0,0,0,0,0,0,0,0,0,0,0,0,0,0,0,0,0,0,0,0,0,0,0,0,0,0,0,0,0,0,0,0,0,0,0,0,0,0,0,0,0,0,0,7,1691640,20917659,11027077,0,0,0,0,0,0,0,0,0,0,0,0,0,0,0,0,0,0,0,0,0,0,0,0,0,0,0,0,0,0,0,0,0,0,0,0,0,12862226432,4689297408,785047,286212,10964659,1283,0,101,786432,20068140,812144,4,2071887465,12884901888,19575,481961806,0,0,0,0,0,0,0,0,0,0,0,0,0,0,0,0,0,0,8733664,108623446,0,468,1202,7661,620,17467642,35,0,0,0,0,0,0,0,1,0,0,0,0,0,0,0,0,0,0,12986415,0,10964497,104266,0,0,0,0,0,0,0,0,16384,0,0,0,0,0,0,0,0,0,0,0,1570,407,0,0,0,0,0,26543374,0,151,0,4,406,1570,0,0,0,0,0,0,0,0,0,0,0,0,0,0,0,0,0,0,0,0,0,0,0,0,0,0,0,0,0,0,0,0,0,0,0,0,0,0,0,0,0,0,0,0,0,0,0,0,0,0,0,0,0,0,126913313,0,0,0,329158352,0,0,0,0,0,0,0,25572010,21178251,138375918,87944282112,23753290,0,0,0,0,0,0,0,0,0,0,0,0,0,0,0,0,0,0,0,0,0,0,0,0,0,0,0,0,0,0,0,976123,0,0,0,0,0,0,0
1782295828.019,0,0,0,0,0,0,0,436451094,342942878208,297439996928,0,0,0,0,0,0,0,0,0,0,0,0,0,0,0,0,0,0,0,0,0,0,0,0,0,0,0,0,0,0,0,0,0,0,0,0,0,0,0,0,0,0,0,0,0,0,0,0,0,0,0,0,0,0,0,0,0,0,7,1691836,20980843,11045133,0,0,0,0,0,0,0,0,0,0,0,0,0,0,0,0,0,0,0,0,0,0,0,0,0,0,0,0,0,0,0,0,0,0,0,0,0,12855279616,4687118336,784624,286079,10982715,1710,0,96,786432,20131199,812144,4,2072743929,12884901888,19575,482106497,0,0,0,0,0,0,0,0,0,0,0,0,0,0,0,0,0,0,8738130,108627913,0,468,1202,7661,620,17476580,35,0,0,0,0,0,0,0,1,0,0,0,0,0,0,0,0,0,0,12991439,0,10982553,104461,0,0,0,0,0,0,0,0,16384,0,0,0,0,0,0,0,0,0,0,0,1571,407,0,0,0,0,0,26556973,0,151,0,4,406,1571,0,0,0,0,0,0,0,0,0,0,0,0,0,0,0,0,0,0,0,0,0,0,0,0,0,0,0,0,0,0,0,0,0,0,0,0,0,0,0,0,0,0,0,0,0,0,0,0,0,0,0,0,0,0,126982298,0,0,0,329230963,0,0,0,0,0,0,0,25602455,21241237,138463103,87984917504,23780448,1,1,0,0,0,0,0,0,0,0,0,0,0,0,0,0,0,0,0,0,0,0,0,0,0,0,0,0,0,0,0,980589,0,0,0,0,0,0,0
1782295829.087,0,0,0,0,0,0,0,436617885,343972284928,297823768064,0,0,0,0,0,0,0,0,0,0,0,0,0,0,0,0,0,0,0,0,0,0,0,0,0,0,0,0,0,0,0,0,0,0,0,0,0,0,0,0,0,0,0,0,0,0,0,0,0,0,0,0,0,0,0,0,0,0,7,1692026,21043838,11065553,0,0,0,0,0,0,0,0,0,0,0,0,0,0,0,0,0,0,0,0,0,0,0,0,0,0,0,0,0,0,0,0,0,0,0,0,0,12851265536,4643651584,784379,283426,11000977,1957,0,96,786432,20194087,812144,4,2073591135,12884901888,19575,482248518,0,0,0,0,0,0,0,0,0,0,0,0,0,0,0,0,0,0,8742585,108632366,0,468,1202,7661,620,17485492,35,0,0,0,0,0,0,0,1,0,0,0,0,0,0,0,0,0,0,12996449,0,11002973,104678,0,0,0,0,0,0,0,0,16384,0,0,0,0,0,0,0,0,0,0,0,1572,407,0,0,0,0,0,26570515,0,151,0,4,406,1572,0,0,0,0,0,0,0,0,0,0,0,0,0,0,0,0,0,0,0,0,0,0,0,0,0,0,0,0,0,0,0,0,0,0,0,0,0,0,0,0,0,0,0,0,0,0,0,0,0,0,0,0,0,0,127054251,0,0,0,329303081,0,0,0,0,0,0,0,25633899,21304057,138555598,88026841088,23808318,1,0,0,0,0,0,0,0,0,0,0,0,0,0,0,0,0,0,0,0,0,0,0,0,0,0,0,0,0,0,0,985043,0,0,0,0,0,0,0
1782295830.155,0,0,0,0,0,0,0,436779238,344968628736,298189532160,0,0,0,0,0,0,0,0,0,0,0,0,0,0,0,0,0,0,0,0,0,0,0,0,0,0,0,0,0,0,0,0,0,0,0,0,0,0,0,0,0,0,0,0,0,0,0,0,0,0,0,0,0,0,0,0,0,0,7,1692217,21104813,11084992,0,0,0,0,0,0,0,0,0,0,0,0,0,0,0,0,0,0,0,0,0,0,0,0,0,0,0,0,0,0,0,0,0,0,0,0,0,12858130432,4610457600,784798,281400,11022574,1529,0,105,786432,20254947,812144,4,2074412477,12884901888,19575,482385838,0,0,0,0,0,0,0,0,0,0,0,0,0,0,0,0,0,0,8746904,108636686,0,468,1202,7661,620,17494126,35,0,0,0,0,0,0,0,1,0,0,0,0,0,0,0,0,0,0,13001306,0,11022412,104879,0,0,0,0,0,0,0,0,16384,0,0,0,0,0,0,0,0,0,0,0,1573,407,0,0,0,0,0,26583656,0,151,0,4,406,1573,0,0,0,0,0,0,0,0,0,0,0,0,0,0,0,0,0,0,0,0,0,0,0,0,0,0,0,0,0,0,0,0,0,0,0,0,0,0,0,0,0,0,0,0,0,0,0,0,0,0,0,0,0,0,127121779,0,0,0,329372920,0,0,0,0,0,0,0,25661912,21364801,138642674,88066995200,23833048,1,0,0,0,0,0,0,0,0,0,0,0,0,0,0,0,0,0,0,0,0,0,0,0,0,0,0,0,0,0,0,989362,0,0,0,0,0,0,0
1782295831.222,0,0,0,0,0,0,0,436942700,345974082048,298525386752,0,0,0,0,0,0,0,0,0,0,0,0,0,0,0,0,0,0,0,0,0,0,0,0,0,0,0,0,0,0,0,0,0,0,0,0,0,0,0,0,0,0,0,0,0,0,0,0,0,0,0,0,0,0,0,0,0,0,7,1692396,21166357,11102570,0,0,0,0,0,0,0,0,0,0,0,0,0,0,0,0,0,0,0,0,0,0,0,0,0,0,0,0,0,0,0,0,0,0,0,0,0,12868403200,4612276224,785424,281511,11040152,909,0,98,786432,20316379,812144,4,2075244078,12884901888,19575,482526706,0,0,0,0,0,0,0,0,0,0,0,0,0,0,0,0,0,0,8751244,108641026,0,468,1202,7661,620,17502802,35,0,0,0,0,0,0,0,1,0,0,0,0,0,0,0,0,0,0,13006188,0,11039990,105063,0,0,0,0,0,0,0,0,16384,0,0,0,0,0,0,0,0,0,0,0,1574,407,0,0,0,0,0,26596835,0,151,0,4,406,1574,0,0,0,0,0,0,0,0,0,0,0,0,0,0,0,0,0,0,0,0,0,0,0,0,0,0,0,0,0,0,0,0,0,0,0,0,0,0,0,0,0,0,0,0,0,0,0,0,0,0,0,0,0,0,127189756,0,0,0,329443458,0,0,0,0,0,0,0,25688707,21426152,138728345,88107424768,23856659,1,0,0,0,0,0,0,0,0,0,0,0,0,0,0,0,0,0,0,0,0,0,0,0,0,0,0,0,0,0,0,993702,0,0,0,0,0,0,0
1782295832.291,0,0,0,0,0,0,0,437107788,347000900096,298880011264,0,0,0,0,0,0,0,0,0,0,0,0,0,0,0,0,0,0,0,0,0,0,0,0,0,0,0,0,0,0,0,0,0,0,0,0,0,0,0,0,0,0,0,0,0,0,0,0,0,0,0,0,0,0,0,0,0,0,7,1692617,21229195,11120683,0,0,0,0,0,0,0,0,0,0,0,0,0,0,0,0,0,0,0,0,0,0,0,0,0,0,0,0,0,0,0,0,0,0,0,0,0,12858294272,4641882112,784808,283318,11058265,1527,0,96,786432,20379130,812144,4,2076184532,12884901888,19575,482760399,0,0,0,0,0,0,0,0,0,0,0,0,0,0,0,0,0,0,8755722,108645504,0,468,1202,7661,620,17511758,35,0,0,0,0,0,0,0,1,0,0,0,0,0,0,0,0,0,0,13011224,0,11058103,105271,0,0,0,0,0,0,0,0,16384,0,0,0,0,0,0,0,0,0,0,0,1575,407,0,0,0,0,0,26610468,0,151,0,4,406,1575,0,0,0,0,0,0,0,0,0,0,0,0,0,0,0,0,0,0,0,0,0,0,0,0,0,0,0,0,0,0,0,0,0,0,0,0,0,0,0,0,0,0,0,0,0,0,0,0,0,0,0,0,0,0,127274323,0,0,0,329553440,0,0,0,0,0,0,0,25720293,21488781,138831150,88155971584,23884776,1,0,0,0,0,0,0,0,0,0,0,0,0,0,0,0,0,0,0,0,0,0,0,0,0,0,0,0,0,0,0,959780,0,0,0,0,0,0,0
1782295833.361,0,0,0,0,0,0,0,437272178,348013578752,299214443520,0,0,0,0,0,0,0,0,0,0,0,0,0,0,0,0,0,0,0,0,0,0,0,0,0,0,0,0,0,0,0,0,0,0,0,0,0,0,0,0,0,0,0,0,0,0,0,0,0,0,0,0,0,0,0,0,0,0,7,1692819,21291166,11138096,0,0,0,0,0,0,0,0,0,0,0,0,0,0,0,0,0,0,0,0,0,0,0,0,0,0,0,0,0,0,0,0,0,0,0,0,0,12859326464,4648140800,784871,283700,11075672,1459,0,102,786432,20441002,812144,4,2077019982,12884901888,19575,482900412,0,0,0,0,0,0,0,0,0,0,0,0,0,0,0,0,0,0,8760127,108649909,0,468,1202,7661,620,17520572,35,0,0,0,0,0,0,0,1,0,0,0,0,0,0,0,0,0,0,13016179,0,11075510,105459,0,0,0,0,0,0,0,0,16384,0,0,0,0,0,0,0,0,0,0,0,1576,407,0,0,0,0,0,26623866,0,151,0,4,406,1576,0,0,0,0,0,0,0,0,0,0,0,0,0,0,0,0,0,0,0,0,0,0,0,0,0,0,0,0,0,0,0,0,0,0,0,0,0,0,0,0,0,0,0,0,0,0,0,0,0,0,0,0,0,0,127345053,0,0,0,329624571,0,0,0,0,0,0,0,25751243,21550556,138919435,88197403648,23912491,1,0,0,0,0,0,0,0,0,0,0,0,0,0,0,0,0,0,0,0,0,0,0,0,0,0,0,0,0,0,0,964186,0,0,0,0,0,0,0
1782295834.427,0,0,0,0,0,0,0,437437284,349032876544,299558519296,0,0,0,0,0,0,0,0,0,0,0,0,0,0,0,0,0,0,0,0,0,0,0,0,0,0,0,0,0,0,0,0,0,0,0,0,0,0,0,0,0,0,0,0,0,0,0,0,0,0,0,0,0,0,0,0,0,0,7,1693007,21353549,11156133,0,0,0,0,0,0,0,0,0,0,0,0,0,0,0,0,0,0,0,0,0,0,0,0,0,0,0,0,0,0,0,0,0,0,0,0,0,12857163776,4647583744,784738,283666,11093715,1596,0,97,786432,20503281,812144,4,2077860366,12884901888,19575,483042124,0,0,0,0,0,0,0,0,0,0,0,0,0,0,0,0,0,0,8764511,108654292,0,468,1202,7661,620,17529340,35,0,0,0,0,0,0,0,1,0,0,0,0,0,0,0,0,0,0,13021108,0,11093553,105656,0,0,0,0,0,0,0,0,16384,0,0,0,0,0,0,0,0,0,0,0,1577,407,0,0,0,0,0,26637210,0,151,0,4,406,1577,0,0,0,0,0,0,0,0,0,0,0,0,0,0,0,0,0,0,0,0,0,0,0,0,0,0,0,0,0,0,0,0,0,0,0,0,0,0,0,0,0,0,0,0,0,0,0,0,0,0,0,0,0,0,127414432,0,0,0,329695852,0,0,0,0,0,0,0,25781587,21612758,139006976,88238369792,23939481,1,0,0,0,0,0,0,0,0,0,0,0,0,0,0,0,0,0,0,0,0,0,0,0,0,0,0,0,0,0,0,968568,0,0,0,0,0,0,0
1782295835.495,0,0,0,0,0,0,0,437601251,350043064832,299896258560,0,0,0,0,0,0,0,0,0,0,0,0,0,0,0,0,0,0,0,0,0,0,0,0,0,0,0,0,0,0,0,0,0,0,0,0,0,0,0,0,0,0,0,0,0,0,0,0,0,0,0,0,0,0,0,0,0,0,7,1693237,21415361,11173863,0,0,0,0,0,0,0,0,0,0,0,0,0,0,0,0,0,0,0,0,0,0,0,0,0,0,0,0,0,0,0,0,0,0,0,0,0,12862963712,4647403520,785092,283655,11111206,1244,0,97,786432,20564981,812144,4,2078693131,12884901888,19575,483181903,0,0,0,0,0,0,0,0,0,0,0,0,0,0,0,0,0,0,8768891,108658673,0,468,1202,7661,620,17538097,35,0,0,0,0,0,0,0,1,0,0,0,0,0,0,0,0,0,0,13026034,0,11111290,105847,0,0,0,0,0,0,0,0,16384,0,0,0,0,0,0,0,0,0,0,0,1578,407,0,0,0,0,0,26650532,0,151,0,4,406,1578,0,0,0,0,0,0,0,0,0,0,0,0,0,0,0,0,0,0,0,0,0,0,0,0,0,0,0,0,0,0,0,0,0,0,0,0,0,0,0,0,0,0,0,0,0,0,0,0,0,0,0,0,0,0,127481563,0,0,0,329766757,0,0,0,0,0,0,0,25810950,21674376,139091969,88278138368,23965730,1,0,0,0,0,0,0,0,0,0,0,0,0,0,0,0,0,0,0,0,0,0,0,0,0,0,0,0,0,0,0,972949,0,0,0,0,0,0,0
1782295836.563,0,0,0,0,0,0,0,437768199,351067474432,300237252096,0,0,0,0,0,0,0,0,0,0,0,0,0,0,0,0,0,0,0,0,0,0,0,0,0,0,0,0,0,0,0,0,0,0,0,0,0,0,0,0,0,0,0,0,0,0,0,0,0,0,0,0,0,0,0,0,0,0,7,1693547,21478058,11191771,0,0,0,0,0,0,0,0,0,0,0,0,0,0,0,0,0,0,0,0,0,0,0,0,0,0,0,0,0,0,0,0,0,0,0,0,0,12858523648,4649648128,784823,283792,11129225,1513,0,106,786432,20627575,812144,4,2079542545,12884901888,19575,483323718,0,0,0,0,0,0,0,0,0,0,0,0,0,0,0,0,0,0,8773358,108663139,0,468,1202,7661,620,17547031,35,0,0,0,0,0,0,0,1,0,0,0,0,0,0,0,0,0,0,13031056,0,11129191,106042,0,0,0,0,0,0,0,0,16384,0,0,0,0,0,0,0,0,0,0,0,1579,407,0,0,0,0,0,26664107,0,151,0,4,406,1579,0,0,0,0,0,0,0,0,0,0,0,0,0,0,0,0,0,0,0,0,0,0,0,0,0,0,0,0,0,0,0,0,0,0,0,0,0,0,0,0,0,0,0,0,0,0,0,0,0,0,0,0,0,0,127549590,0,0,0,329838994,0,0,0,0,0,0,0,25840854,21736873,139178010,88318549504,23992422,1,0,0,0,0,0,0,0,0,0,0,0,0,0,0,0,0,0,0,0,0,0,0,0,0,0,0,0,0,0,0,977413,0,0,0,0,0,0,0
1782295837.631,0,0,0,0,0,0,0,437934244,352085641728,300573861376,0,0,0,0,0,0,0,0,0,0,0,0,0,0,0,0,0,0,0,0,0,0,0,0,0,0,0,0,0,0,0,0,0,0,0,0,0,0,0,0,0,0,0,0,0,0,0,0,0,0,0,0,0,0,0,0,0,0,7,1693974,21540356,11209424,0,0,0,0,0,0,0,0,0,0,0,0,0,0,0,0,0,0,0,0,0,0,0,0,0,0,0,0,0,0,0,0,0,0,0,0,0,12851462144,4656152576,784391,284190,11146713,1945,0,96,786432,20689777,812144,4,2080387372,12884901888,19575,483466157,0,0,0,0,0,0,0,0,0,0,0,0,0,0,0,0,0,0,8777770,108667553,0,468,1202,7661,620,17555857,35,0,0,0,0,0,0,0,1,0,0,0,0,0,0,0,0,0,0,13036023,0,11146807,106232,0,0,0,0,0,0,0,0,16384,0,0,0,0,0,0,0,0,0,0,0,1580,407,0,0,0,0,0,26677548,0,151,0,4,406,1580,0,0,0,0,0,0,0,0,0,0,0,0,0,0,0,0,0,0,0,0,0,0,0,0,0,0,0,0,0,0,0,0,0,0,0,0,0,0,0,0,0,0,0,0,0,0,0,0,0,0,0,0,0,0,127617099,0,0,0,329910686,0,0,0,0,0,0,0,25870379,21798956,139263310,88358287872,24018781,1,0,0,0,0,0,0,0,0,0,0,0,0,0,0,0,0,0,0,0,0,0,0,0,0,0,0,0,0,0,0,981830,0,0,0,0,0,0,0
1782295838.693,0,0,0,0,0,0,0,438100042,353103628800,300918532608,0,0,0,0,0,0,0,0,0,0,0,0,0,0,0,0,0,0,0,0,0,0,0,0,0,0,0,0,0,0,0,0,0,0,0,0,0,0,0,0,0,0,0,0,0,0,0,0,0,0,0,0,0,0,0,0,0,0,7,1694415,21602654,11227563,0,0,0,0,0,0,0,0,0,0,0,0,0,0,0,0,0,0,0,0,0,0,0,0,0,0,0,0,0,0,0,0,0,0,0,0,0,12855132160,4655267840,784615,284135,11165145,1719,0,97,786432,20751971,812144,4,2081230561,12884901888,19575,483607663,0,0,0,0,0,0,0,0,0,0,0,0,0,0,0,0,0,0,8782184,108671967,0,468,1202,7661,620,17564686,35,0,0,0,0,0,0,0,1,0,0,0,0,0,0,0,0,0,0,13040986,0,11164983,106430,0,0,0,0,0,0,0,0,16384,0,0,0,0,0,0,0,0,0,0,0,1582,407,0,0,0,0,0,26690941,0,151,0,4,406,1582,0,0,0,0,0,0,0,0,0,0,0,0,0,0,0,0,0,0,0,0,0,0,0,0,0,0,0,0,0,0,0,0,0,0,0,0,0,0,0,0,0,0,0,0,0,0,0,0,0,0,0,0,0,0,127684781,0,0,0,329982365,0,0,0,0,0,0,0,25900198,21861034,139349254,88398276096,24045367,1,0,0,0,0,0,0,0,0,0,0,0,0,0,0,0,0,0,0,0,0,0,0,0,0,0,0,0,0,0,0,986243,0,0,0,0,0,0,0
1782295839.758,0,0,0,0,0,0,0,438269419,354132429312,301258809344,0,0,0,0,0,0,0,0,0,0,0,0,0,0,0,0,0,0,0,0,0,0,0,0,0,0,0,0,0,0,0,0,0,0,0,0,0,0,0,0,0,0,0,0,0,0,0,0,0,0,0,0,0,0,0,0,0,0,7,1694861,21665629,11245299,0,0,0,0,0,0,0,0,0,0,0,0,0,0,0,0,0,0,0,0,0,0,0,0,0,0,0,0,0,0,0,0,0,0,0,0,0,12855050240,4664672256,784612,284709,11182746,1723,0,97,786432,20814833,812144,4,2082093286,12884901888,19575,483755518,0,0,0,0,0,0,0,0,0,0,0,0,0,0,0,0,0,0,8786632,108676415,0,468,1202,7661,620,17573578,35,0,0,0,0,0,0,0,1,0,0,0,0,0,0,0,0,0,0,13045990,0,11182584,106624,0,0,0,0,0,0,0,0,16384,0,0,0,0,0,0,0,0,0,0,0,1583,407,0,0,0,0,0,26704472,0,151,0,4,406,1583,0,0,0,0,0,0,0,0,0,0,0,0,0,0,0,0,0,0,0,0,0,0,0,0,0,0,0,0,0,0,0,0,0,0,0,0,0,0,0,0,0,0,0,0,0,0,0,0,0,0,0,0,0,0,127753778,0,0,0,330055320,0,0,0,0,0,0,0,25930189,21923809,139436116,88439804416,24072075,1,0,0,0,0,0,0,0,0,0,0,0,0,0,0,0,0,0,0,0,0,0,0,0,0,0,0,0,0,0,0,990690,0,0,0,0,0,0,0
1782295840.826,0,0,0,0,0,0,0,438433760,355152710144,301607212544,0,0,0,0,0,0,0,0,0,0,0,0,0,0,0,0,0,0,0,0,0,0,0,0,0,0,0,0,0,0,0,0,0,0,0,0,0,0,0,0,0,0,0,0,0,0,0,0,0,0,0,0,0,0,0,0,0,0,7,1695211,21728060,11262819,0,0,0,0,0,0,0,0,0,0,0,0,0,0,0,0,0,0,0,0,0,0,0,0,0,0,0,0,0,0,0,0,0,0,0,0,0,12865880064,4699373568,785271,286827,11200388,1058,0,103,786432,20877160,812144,4,2083025309,12884901888,19575,483984798,0,0,0,0,0,0,0,0,0,0,0,0,0,0,0,0,0,0,8791096,108680877,0,468,1202,7661,620,17582507,35,0,0,0,0,0,0,0,1,0,0,0,0,0,0,0,0,0,0,13051007,0,11200226,106815,0,0,0,0,0,0,0,0,16384,0,0,0,0,0,0,0,0,0,0,0,1584,407,0,0,0,0,0,26718033,0,151,0,4,406,1584,0,0,0,0,0,0,0,0,0,0,0,0,0,0,0,0,0,0,0,0,0,0,0,0,0,0,0,0,0,0,0,0,0,0,0,0,0,0,0,0,0,0,0,0,0,0,0,0,0,0,0,0,0,0,127845830,0,0,0,330165213,0,0,0,0,0,0,0,25961477,21986042,139545771,88492191232,24100149,1,0,0,0,0,0,0,0,0,0,0,0,0,0,0,0,0,0,0,0,0,0,0,0,0,0,0,0,0,0,0,956752,0,0,0,0,0,0,0
1782295841.895,0,0,0,0,0,0,0,438602342,356181068288,301954007040,0,0,0,0,0,0,0,0,0,0,0,0,0,0,0,0,0,0,0,0,0,0,0,0,0,0,0,0,0,0,0,0,0,0,0,0,0,0,0,0,0,0,0,0,0,0,0,0,0,0,0,0,0,0,0,0,0,0,7,1695427,21791015,11280998,0,0,0,0,0,0,0,0,0,0,0,0,0,0,0,0,0,0,0,0,0,0,0,0,0,0,0,0,0,0,0,0,0,0,0,0,0,12856623104,4697636864,784706,286721,11218580,1629,0,96,786432,20940016,812144,4,2083881931,12884901888,19575,484129698,0,0,0,0,0,0,0,0,0,0,0,0,0,0,0,0,0,0,8795559,108685341,0,468,1202,7661,620,17591433,35,0,0,0,0,0,0,0,1,0,0,0,0,0,0,0,0,0,0,13056028,0,11218418,107015,0,0,0,0,0,0,0,0,16384,0,0,0,0,0,0,0,0,0,0,0,1585,407,0,0,0,0,0,26731602,0,151,0,4,406,1585,0,0,0,0,0,0,0,0,0,0,0,0,0,0,0,0,0,0,0,0,0,0,0,0,0,0,0,0,0,0,0,0,0,0,0,0,0,0,0,0,0,0,0,0,0,0,0,0,0,0,0,0,0,0,127915449,0,0,0,330237963,0,0,0,0,0,0,0,25992575,22048773,139633700,88533532672,24127752,1,1,0,0,0,0,0,0,0,0,0,0,0,0,0,0,0,0,0,0,0,0,0,0,0,0,0,0,0,0,0,961217,0,0,0,0,0,0,0
1782295842.961,0,0,0,0,0,0,0,438771762,357219469824,302300188672,0,0,0,0,0,0,0,0,0,0,0,0,0,0,0,0,0,0,0,0,0,0,0,0,0,0,0,0,0,0,0,0,0,0,0,0,0,0,0,0,0,0,0,0,0,0,0,0,0,0,0,0,0,0,0,0,0,0,7,1695634,21854557,11299086,0,0,0,0,0,0,0,0,0,0,0,0,0,0,0,0,0,0,0,0,0,0,0,0,0,0,0,0,0,0,0,0,0,0,0,0,0,12855279616,4696457216,784624,286649,11236668,1712,0,96,786432,21003442,812144,4,2084744626,12884901888,19575,484274598,0,0,0,0,0,0,0,0,0,0,0,0,0,0,0,0,0,0,8800062,108689843,0,468,1202,7661,620,17600441,35,0,0,0,0,0,0,0,1,0,0,0,0,0,0,0,0,0,0,13061092,0,11236506,107212,0,0,0,0,0,0,0,0,16384,0,0,0,0,0,0,0,0,0,0,0,1586,407,0,0,0,0,0,26745268,0,151,0,4,406,1586,0,0,0,0,0,0,0,0,0,0,0,0,0,0,0,0,0,0,0,0,0,0,0,0,0,0,0,0,0,0,0,0,0,0,0,0,0,0,0,0,0,0,0,0,0,0,0,0,0,0,0,0,0,0,127986719,0,0,0,330311203,0,0,0,0,0,0,0,26024244,22112113,139723202,88575727616,24156051,1,0,0,0,0,0,0,0,0,0,0,0,0,0,0,0,0,0,0,0,0,0,0,0,0,0,0,0,0,0,0,965718,0,0,0,0,0,0,0
1782295844.032,0,0,0,0,0,0,0,438939600,358247664128,302639691776,0,0,0,0,0,0,0,0,0,0,0,0,0,0,0,0,0,0,0,0,0,0,0,0,0,0,0,0,0,0,0,0,0,0,0,0,0,0,0,0,0,0,0,0,0,0,0,0,0,0,0,0,0,0,0,0,0,0,7,1695838,21917485,11316871,0,0,0,0,0,0,0,0,0,0,0,0,0,0,0,0,0,0,0,0,0,0,0,0,0,0,0,0,0,0,0,0,0,0,0,0,0,12859342848,4696834048,784872,286672,11254453,1455,0,104,786432,21066286,812144,4,2085595849,12884901888,19575,484416905,0,0,0,0,0,0,0,0,0,0,0,0,0,0,0,0,0,0,8804547,108694330,0,468,1202,7661,620,17609409,35,0,0,0,0,0,0,0,1,0,0,0,0,0,0,0,0,0,0,13066139,0,11254291,107401,0,0,0,0,0,0,0,0,16384,0,0,0,0,0,0,0,0,0,0,0,1587,407,0,0,0,0,0,26758910,0,151,0,4,406,1587,0,0,0,0,0,0,0,0,0,0,0,0,0,0,0,0,0,0,0,0,0,0,0,0,0,0,0,0,0,0,0,0,0,0,0,0,0,0,0,0,0,0,0,0,0,0,0,0,0,0,0,0,0,0,128055412,0,0,0,330383898,0,0,0,0,0,0,0,26054717,22174825,139809812,88616305664,24183334,1,0,0,0,0,0,0,0,0,0,0,0,0,0,0,0,0,0,0,0,0,0,0,0,0,0,0,0,0,0,0,970207,0,0,0,0,0,0,0
1782295845.097,0,0,0,0,0,0,0,439104206,359258049024,303028011520,0,0,0,0,0,0,0,0,0,0,0,0,0,0,0,0,0,0,0,0,0,0,0,0,0,0,0,0,0,0,0,0,0,0,0,0,0,0,0,0,0,0,0,0,0,0,0,0,0,0,0,0,0,0,0,0,0,0,7,1696056,21979295,11337601,0,0,0,0,0,0,0,0,0,0,0,0,0,0,0,0,0,0,0,0,0,0,0,0,0,0,0,0,0,0,0,0,0,0,0,0,0,12857950208,4646043648,784787,283572,11272909,1549,0,96,786432,21128010,812144,4,2086433795,12884901888,19575,484557767,0,0,0,0,0,0,0,0,0,0,0,0,0,0,0,0,0,0,8808923,108698706,0,468,1202,7661,620,17618165,35,0,0,0,0,0,0,0,1,0,0,0,0,0,0,0,0,0,0,13071062,0,11274923,107609,0,0,0,0,0,0,0,0,16384,0,0,0,0,0,0,0,0,0,0,0,1588,407,0,0,0,0,0,26772217,0,151,0,4,406,1588,0,0,0,0,0,0,0,0,0,0,0,0,0,0,0,0,0,0,0,0,0,0,0,0,0,0,0,0,0,0,0,0,0,0,0,0,0,0,0,0,0,0,0,0,0,0,0,0,0,0,0,0,0,0,128123597,0,0,0,330455100,0,0,0,0,0,0,0,26084943,22236446,139898878,88656931840,24210109,1,0,0,0,0,0,0,0,0,0,0,0,0,0,0,0,0,0,0,0,0,0,0,0,0,0,0,0,0,0,0,974583,0,0,0,0,0,0,0
1782295846.162,0,0,0,0,0,0,0,439271130,360278804992,303388647424,0,0,0,0,0,0,0,0,0,0,0,0,0,0,0,0,0,0,0,0,0,0,0,0,0,0,0,0,0,0,0,0,0,0,0,0,0,0,0,0,0,0,0,0,0,0,0,0,0,0,0,0,0,0,0,0,0,0,7,1696270,22041765,11356715,0,0,0,0,0,0,0,0,0,0,0,0,0,0,0,0,0,0,0,0,0,0,0,0,0,0,0,0,0,0,0,0,0,0,0,0,0,12863963136,4623958016,785154,282224,11294199,1174,0,104,786432,21190370,812144,4,2087284151,12884901888,19575,484701465,0,0,0,0,0,0,0,0,0,0,0,0,0,0,0,0,0,0,8813334,108703116,0,468,1202,7661,620,17626985,35,0,0,0,0,0,0,0,1,0,0,0,0,0,0,0,0,0,0,13076022,0,11294037,107813,0,0,0,0,0,0,0,0,16384,0,0,0,0,0,0,0,0,0,0,0,1589,407,0,0,0,0,0,26785623,0,151,0,4,406,1589,0,0,0,0,0,0,0,0,0,0,0,0,0,0,0,0,0,0,0,0,0,0,0,0,0,0,0,0,0,0,0,0,0,0,0,0,0,0,0,0,0,0,0,0,0,0,0,0,0,0,0,0,0,0,128192416,0,0,0,330527142,0,0,0,0,0,0,0,26115282,22298704,139986952,88697466368,24237017,1,1,0,0,0,0,0,0,0,0,0,0,0,0,0,0,0,0,0,0,0,0,0,0,0,0,0,0,0,0,0,978991,0,0,0,0,0,0,0
1782295847.227,0,0,0,0,0,0,0,439429207,361248590336,303715439616,0,0,0,0,0,0,0,0,0,0,0,0,0,0,0,0,0,0,0,0,0,0,0,0,0,0,0,0,0,0,0,0,0,0,0,0,0,0,0,0,0,0,0,0,0,0,0,0,0,0,0,0,0,0,0,0,0,0,7,1696477,22101126,11373788,0,0,0,0,0,0,0,0,0,0,0,0,0,0,0,0,0,0,0,0,0,0,0,0,0,0,0,0,0,0,0,0,0,0,0,0,0,12867944448,4618960896,785397,281919,11311370,938,0,96,786432,21249602,812144,4,2088087334,12884901888,19575,484836180,0,0,0,0,0,0,0,0,0,0,0,0,0,0,0,0,0,0,8817540,108707323,0,468,1202,7661,620,17635394,35,0,0,0,0,0,0,0,1,0,0,0,0,0,0,0,0,0,0,13080754,0,11311208,107994,0,0,0,0,0,0,0,0,16384,0,0,0,0,0,0,0,0,0,0,0,1590,407,0,0,0,0,0,26798423,0,151,0,4,406,1590,0,0,0,0,0,0,0,0,0,0,0,0,0,0,0,0,0,0,0,0,0,0,0,0,0,0,0,0,0,0,0,0,0,0,0,0,0,0,0,0,0,0,0,0,0,0,0,0,0,0,0,0,0,0,128259501,0,0,0,330595504,0,0,0,0,0,0,0,26139320,22357894,140071237,88737274880,24258145,1,0,0,0,0,0,0,0,0,0,0,0,0,0,0,0,0,0,0,0,0,0,0,0,0,0,0,0,0,0,0,983198,0,0,0,0,0,0,0
1782295848.296,0,0,0,0,0,0,0,439596516,362272918016,304059526144,0,0,0,0,0,0,0,0,0,0,0,0,0,0,0,0,0,0,0,0,0,0,0,0,0,0,0,0,0,0,0,0,0,0,0,0,0,0,0,0,0,0,0,0,0,0,0,0,0,0,0,0,0,0,0,0,0,0,7,1696690,22163805,11391814,0,0,0,0,0,0,0,0,0,0,0,0,0,0,0,0,0,0,0,0,0,0,0,0,0,0,0,0,0,0,0,0,0,0,0,0,0,12861423616,4616519680,784999,281770,11329396,1336,0,96,786432,21312193,812144,4,2088937202,12884901888,19575,484976753,0,0,0,0,0,0,0,0,0,0,0,0,0,0,0,0,0,0,8822036,108711818,0,468,1202,7661,620,17644389,35,0,0,0,0,0,0,0,1,0,0,0,0,0,0,0,0,0,0,13085810,0,11329234,108194,0,0,0,0,0,0,0,0,16384,0,0,0,0,0,0,0,0,0,0,0,1591,407,0,0,0,0,0,26812106,0,151,0,4,406,1591,0,0,0,0,0,0,0,0,0,0,0,0,0,0,0,0,0,0,0,0,0,0,0,0,0,0,0,0,0,0,0,0,0,0,0,0,0,0,0,0,0,0,0,0,0,0,0,0,0,0,0,0,0,0,128328636,0,0,0,330668132,0,0,0,0,0,0,0,26169837,22420383,140158528,88778300928,24285425,1,0,0,0,0,0,0,0,0,0,0,0,0,0,0,0,0,0,0,0,0,0,0,0,0,0,0,0,0,0,0,987694,0,0,0,0,0,0,0
1782295849.359,0,0,0,0,0,0,0,439762898,363301259776,304411602944,0,0,0,0,0,0,0,0,0,0,0,0,0,0,0,0,0,0,0,0,0,0,0,0,0,0,0,0,0,0,0,0,0,0,0,0,0,0,0,0,0,0,0,0,0,0,0,0,0,0,0,0,0,0,0,0,0,0,7,1696888,22226737,11409648,0,0,0,0,0,0,0,0,0,0,0,0,0,0,0,0,0,0,0,0,0,0,0,0,0,0,0,0,0,0,0,0,0,0,0,0,0,12859015168,4650221568,784852,283827,11347230,1475,0,103,786432,21375037,812144,4,2089881809,12884901888,19575,485211033,0,0,0,0,0,0,0,0,0,0,0,0,0,0,0,0,0,0,8826530,108716313,0,468,1202,7661,620,17653374,35,0,0,0,0,0,0,0,1,0,0,0,0,0,0,0,0,0,0,13090866,0,11347068,108387,0,0,0,0,0,0,0,0,16384,0,0,0,0,0,0,0,0,0,0,0,1592,407,0,0,0,0,0,26825752,0,151,0,4,406,1592,0,0,0,0,0,0,0,0,0,0,0,0,0,0,0,0,0,0,0,0,0,0,0,0,0,0,0,0,0,0,0,0,0,0,0,0,0,0,0,0,0,0,0,0,0,0,0,0,0,0,0,0,0,0,128415767,0,0,0,330778831,0,0,0,0,0,0,0,26200903,22483114,140263634,88828681216,24313194,1,0,0,0,0,0,0,0,0,0,0,0,0,0,0,0,0,0,0,0,0,0,0,0,0,0,0,0,0,0,0,953789,0,0,0,0,0,0,0
1782295850.429,0,0,0,0,0,0,0,439931389,364331059712,304757721088,0,0,0,0,0,0,0,0,0,0,0,0,0,0,0,0,0,0,0,0,0,0,0,0,0,0,0,0,0,0,0,0,0,0,0,0,0,0,0,0,0,0,0,0,0,0,0,0,0,0,0,0,0,0,0,0,0,0,7,1697081,22289751,11427734,0,0,0,0,0,0,0,0,0,0,0,0,0,0,0,0,0,0,0,0,0,0,0,0,0,0,0,0,0,0,0,0,0,0,0,0,0,12854149120,4651532288,784554,283907,11365316,1780,0,97,786432,21437936,812144,4,2090738691,12884901888,19575,485354798,0,0,0,0,0,0,0,0,0,0,0,0,0,0,0,0,0,0,8831009,108720791,0,468,1202,7661,620,17662330,35,0,0,0,0,0,0,0,1,0,0,0,0,0,0,0,0,0,0,13095904,0,11365154,108586,0,0,0,0,0,0,0,0,16384,0,0,0,0,0,0,0,0,0,0,0,1593,407,0,0,0,0,0,26839383,0,151,0,4,406,1593,0,0,0,0,0,0,0,0,0,0,0,0,0,0,0,0,0,0,0,0,0,0,0,0,0,0,0,0,0,0,0,0,0,0,0,0,0,0,0,0,0,0,0,0,0,0,0,0,0,0,0,0,0,0,128485652,0,0,0,330851735,0,0,0,0,0,0,0,26231385,22545924,140351752,88870565888,24340372,1,0,0,0,0,0,0,0,0,0,0,0,0,0,0,0,0,0,0,0,0,0,0,0,0,0,0,0,0,0,0,958267,0,0,0,0,0,0,0
1782295851.494,0,0,0,0,0,0,0,440100209,365364840960,305099317248,0,0,0,0,0,0,0,0,0,0,0,0,0,0,0,0,0,0,0,0,0,0,0,0,0,0,0,0,0,0,0,0,0,0,0,0,0,0,0,0,0,0,0,0,0,0,0,0,0,0,0,0,0,0,0,0,0,0,7,1697284,22353013,11445612,0,0,0,0,0,0,0,0,0,0,0,0,0,0,0,0,0,0,0,0,0,0,0,0,0,0,0,0,0,0,0,0,0,0,0,0,0,12855640064,4653727744,784646,284041,11383194,1690,0,96,786432,21501083,812144,4,2091596402,12884901888,19575,485498088,0,0,0,0,0,0,0,0,0,0,0,0,0,0,0,0,0,0,8835496,108725276,0,468,1202,7661,620,17671309,35,0,0,0,0,0,0,0,1,0,0,0,0,0,0,0,0,0,0,13100949,0,11383032,108778,0,0,0,0,0,0,0,0,16384,0,0,0,0,0,0,0,0,0,0,0,1594,407,0,0,0,0,0,26853013,0,151,0,4,406,1594,0,0,0,0,0,0,0,0,0,0,0,0,0,0,0,0,0,0,0,0,0,0,0,0,0,0,0,0,0,0,0,0,0,0,0,0,0,0,0,0,0,0,0,0,0,0,0,0,0,0,0,0,0,0,128555536,0,0,0,330924786,0,0,0,0,0,0,0,26261739,22609003,140439650,88911651840,24367642,1,0,0,0,0,0,0,0,0,0,0,0,0,0,0,0,0,0,0,0,0,0,0,0,0,0,0,0,0,0,0,962751,0,0,0,0,0,0,0
1782295852.563,0,0,0,0,0,0,0,440267042,366385842688,305440654848,0,0,0,0,0,0,0,0,0,0,0,0,0,0,0,0,0,0,0,0,0,0,0,0,0,0,0,0,0,0,0,0,0,0,0,0,0,0,0,0,0,0,0,0,0,0,0,0,0,0,0,0,0,0,0,0,0,0,7,1697491,22415490,11463380,0,0,0,0,0,0,0,0,0,0,0,0,0,0,0,0,0,0,0,0,0,0,0,0,0,0,0,0,0,0,0,0,0,0,0,0,0,12858245120,4652777472,784805,283983,11400962,1530,0,96,786432,21563444,812144,4,2092444077,12884901888,19575,485640724,0,0,0,0,0,0,0,0,0,0,0,0,0,0,0,0,0,0,8839920,108729703,0,468,1202,7661,620,17680156,35,0,0,0,0,0,0,0,1,0,0,0,0,0,0,0,0,0,0,13105929,0,11400800,108969,0,0,0,0,0,0,0,0,16384,0,0,0,0,0,0,0,0,0,0,0,1595,407,0,0,0,0,0,26866463,0,151,0,4,406,1595,0,0,0,0,0,0,0,0,0,0,0,0,0,0,0,0,0,0,0,0,0,0,0,0,0,0,0,0,0,0,0,0,0,0,0,0,0,0,0,0,0,0,0,0,0,0,0,0,0,0,0,0,0,0,128627510,0,0,0,330996962,0,0,0,0,0,0,0,26293060,22671299,140529543,88954012672,24395811,0,0,0,0,0,0,0,0,0,0,0,0,0,0,0,0,0,0,0,0,0,0,0,0,0,0,0,0,0,0,0,967180,0,0,0,0,0,0,0
1782295853.627,0,0,0,0,0,0,0,440434647,367411907072,305783613440,0,0,0,0,0,0,0,0,0,0,0,0,0,0,0,0,0,0,0,0,0,0,0,0,0,0,0,0,0,0,0,0,0,0,0,0,0,0,0,0,0,0,0,0,0,0,0,0,0,0,0,0,0,0,0,0,0,0,7,1697685,22478273,11481341,0,0,0,0,0,0,0,0,0,0,0,0,0,0,0,0,0,0,0,0,0,0,0,0,0,0,0,0,0,0,0,0,0,0,0,0,0,12850626560,4650057728,784340,283816,11418923,1995,0,96,786432,21626125,812144,4,2093297605,12884901888,19575,485782915,0,0,0,0,0,0,0,0,0,0,0,0,0,0,0,0,0,0,8844391,108734174,0,468,1202,7661,620,17689097,35,0,0,0,0,0,0,0,1,0,0,0,0,0,0,0,0,0,0,13110959,0,11418761,109157,0,0,0,0,0,0,0,0,16384,0,0,0,0,0,0,0,0,0,0,0,1596,407,0,0,0,0,0,26880048,0,151,0,4,406,1596,0,0,0,0,0,0,0,0,0,0,0,0,0,0,0,0,0,0,0,0,0,0,0,0,0,0,0,0,0,0,0,0,0,0,0,0,0,0,0,0,0,0,0,0,0,0,0,0,0,0,0,0,0,0,128696448,0,0,0,331069572,0,0,0,0,0,0,0,26323755,22733889,140616576,88994997248,24423285,1,0,0,0,0,0,0,0,0,0,0,0,0,0,0,0,0,0,0,0,0,0,0,0,0,0,0,0,0,0,0,971649,0,0,0,0,0,0,0
1782295854.692,0,0,0,0,0,0,0,440604000,368446720512,306122163712,0,0,0,0,0,0,0,0,0,0,0,0,0,0,0,0,0,0,0,0,0,0,0,0,0,0,0,0,0,0,0,0,0,0,0,0,0,0,0,0,0,0,0,0,0,0,0,0,0,0,0,0,0,0,0,0,0,0,7,1697900,22541612,11498880,0,0,0,0,0,0,0,0,0,0,0,0,0,0,0,0,0,0,0,0,0,0,0,0,0,0,0,0,0,0,0,0,0,0,0,0,0,12865454080,4655759360,785245,284165,11436462,1082,0,106,786432,21689364,812144,4,2094158414,12884901888,19575,485927800,0,0,0,0,0,0,0,0,0,0,0,0,0,0,0,0,0,0,8848886,108738668,0,468,1202,7661,620,17698089,35,0,0,0,0,0,0,0,1,0,0,0,0,0,0,0,0,0,0,13116015,0,11436300,109342,0,0,0,0,0,0,0,0,16384,0,0,0,0,0,0,0,0,0,0,0,1598,407,0,0,0,0,0,26893688,0,151,0,4,406,1598,0,0,0,0,0,0,0,0,0,0,0,0,0,0,0,0,0,0,0,0,0,0,0,0,0,0,0,0,0,0,0,0,0,0,0,0,0,0,0,0,0,0,0,0,0,0,0,0,0,0,0,0,0,0,128769598,0,0,0,331142912,0,0,0,0,0,0,0,26355655,22797041,140707385,89038439424,24452218,1,0,0,0,0,0,0,0,0,0,0,0,0,0,0,0,0,0,0,0,0,0,0,0,0,0,0,0,0,0,0,976144,0,0,0,0,0,0,0
1782295855.759,0,0,0,0,0,0,0,440771997,369473161728,306468977152,0,0,0,0,0,0,0,0,0,0,0,0,0,0,0,0,0,0,0,0,0,0,0,0,0,0,0,0,0,0,0,0,0,0,0,0,0,0,0,0,0,0,0,0,0,0,0,0,0,0,0,0,0,0,0,0,0,0,7,1698227,22604419,11516950,0,0,0,0,0,0,0,0,0,0,0,0,0,0,0,0,0,0,0,0,0,0,0,0,0,0,0,0,0,0,0,0,0,0,0,0,0,12863225856,4648992768,785109,283752,11454532,1227,0,97,786432,21752079,812144,4,2095012774,12884901888,19575,486070882,0,0,0,0,0,0,0,0,0,0,0,0,0,0,0,0,0,0,8853339,108743121,0,468,1202,7661,620,17706994,35,0,0,0,0,0,0,0,1,0,0,0,0,0,0,0,0,0,0,13121024,0,11454370,109536,0,0,0,0,0,0,0,0,16384,0,0,0,0,0,0,0,0,0,0,0,1599,407,0,0,0,0,0,26907210,0,151,0,4,406,1599,0,0,0,0,0,0,0,0,0,0,0,0,0,0,0,0,0,0,0,0,0,0,0,0,0,0,0,0,0,0,0,0,0,0,0,0,0,0,0,0,0,0,0,0,0,0,0,0,0,0,0,0,0,0,128841896,0,0,0,331215602,0,0,0,0,0,0,0,26387046,22859652,140797878,89081373184,24480289,1,0,0,0,0,0,0,0,0,0,0,0,0,0,0,0,0,0,0,0,0,0,0,0,0,0,0,0,0,0,0,980598,0,0,0,0,0,0,0
1782295856.826,0,0,0,0,0,0,0,440939727,370501044736,306810181120,0,0,0,0,0,0,0,0,0,0,0,0,0,0,0,0,0,0,0,0,0,0,0,0,0,0,0,0,0,0,0,0,0,0,0,0,0,0,0,0,0,0,0,0,0,0,0,0,0,0,0,0,0,0,0,0,0,0,7,1698674,22667312,11534786,0,0,0,0,0,0,0,0,0,0,0,0,0,0,0,0,0,0,0,0,0,0,0,0,0,0,0,0,0,0,0,0,0,0,0,0,0,12854853632,4652400640,784599,283960,11472368,1733,0,98,786432,21814882,812144,4,2095864654,12884901888,19575,486214000,0,0,0,0,0,0,0,0,0,0,0,0,0,0,0,0,0,0,8857797,108747578,0,468,1202,7661,620,17715907,35,0,0,0,0,0,0,0,1,0,0,0,0,0,0,0,0,0,0,13126040,0,11472206,109731,0,0,0,0,0,0,0,0,16384,0,0,0,0,0,0,0,0,0,0,0,1600,407,0,0,0,0,0,26920750,0,151,0,4,406,1600,0,0,0,0,0,0,0,0,0,0,0,0,0,0,0,0,0,0,0,0,0,0,0,0,0,0,0,0,0,0,0,0,0,0,0,0,0,0,0,0,0,0,0,0,0,0,0,0,0,0,0,0,0,0,128911313,0,0,0,331288268,0,0,0,0,0,0,0,26417213,22922339,140885259,89122702336,24506976,0,0,0,0,0,0,0,0,0,0,0,0,0,0,0,0,0,0,0,0,0,0,0,0,0,0,0,0,0,0,0,985056,0,0,0,0,0,0,0
1782295857.890,0,0,0,0,0,0,0,441102868,371522832896,307158006784,0,0,0,0,0,0,0,0,0,0,0,0,0,0,0,0,0,0,0,0,0,0,0,0,0,0,0,0,0,0,0,0,0,0,0,0,0,0,0,0,0,0,0,0,0,0,0,0,0,0,0,0,0,0,0,0,0,0,7,1699132,22729834,11552462,0,0,0,0,0,0,0,0,0,0,0,0,0,0,0,0,0,0,0,0,0,0,0,0,0,0,0,0,0,0,0,0,0,0,0,0,0,12866027520,4685479936,785280,285979,11490044,1056,0,96,786432,21877300,812144,4,2096791366,12884901888,19575,486442226,0,0,0,0,0,0,0,0,0,0,0,0,0,0,0,0,0,0,8862269,108752049,0,468,1202,7661,620,17724853,35,0,0,0,0,0,0,0,1,0,0,0,0,0,0,0,0,0,0,13131067,0,11489882,109919,0,0,0,0,0,0,0,0,16384,0,0,0,0,0,0,0,0,0,0,0,1601,407,0,0,0,0,0,26934353,0,151,0,4,406,1601,0,0,0,0,0,0,0,0,0,0,0,0,0,0,0,0,0,0,0,0,0,0,0,0,0,0,0,0,0,0,0,0,0,0,0,0,0,0,0,0,0,0,0,0,0,0,0,0,0,0,0,0,0,0,128997922,0,0,0,331397850,0,0,0,0,0,0,0,26447610,22984667,140989642,89172062208,24534123,1,1,0,0,0,0,0,0,0,0,0,0,0,0,0,0,0,0,0,0,0,0,0,0,0,0,0,0,0,0,0,951127,0,0,0,0,0,0,0
1782295858.959,0,0,0,0,0,0,0,441269537,372540426752,307501604352,0,0,0,0,0,0,0,0,0,0,0,0,0,0,0,0,0,0,0,0,0,0,0,0,0,0,0,0,0,0,0,0,0,0,0,0,0,0,0,0,0,0,0,0,0,0,0,0,0,0,0,0,0,0,0,0,0,0,7,1699340,22792108,11570419,0,0,0,0,0,0,0,0,0,0,0,0,0,0,0,0,0,0,0,0,0,0,0,0,0,0,0,0,0,0,0,0,0,0,0,0,0,12858998784,4681433088,784850,285732,11508001,1485,0,97,786432,21939476,812144,4,2097638923,12884901888,19575,486582713,0,0,0,0,0,0,0,0,0,0,0,0,0,0,0,0,0,0,8866718,108756500,0,468,1202,7661,620,17733758,35,0,0,0,0,0,0,0,1,0,0,0,0,0,0,0,0,0,0,13136072,0,11507839,110117,0,0,0,0,0,0,0,0,16384,0,0,0,0,0,0,0,0,0,0,0,1602,407,0,0,0,0,0,26947871,0,151,0,4,406,1602,0,0,0,0,0,0,0,0,0,0,0,0,0,0,0,0,0,0,0,0,0,0,0,0,0,0,0,0,0,0,0,0,0,0,0,0,0,0,0,0,0,0,0,0,0,0,0,0,0,0,0,0,0,0,129068970,0,0,0,331470203,0,0,0,0,0,0,0,26477912,23046757,141078770,89214099968,24561104,1,0,0,0,0,0,0,0,0,0,0,0,0,0,0,0,0,0,0,0,0,0,0,0,0,0,0,0,0,0,0,955577,0,0,0,0,0,0,0
1782295860.023,0,0,0,0,0,0,0,441437164,373568178688,307839164416,0,0,0,0,0,0,0,0,0,0,0,0,0,0,0,0,0,0,0,0,0,0,0,0,0,0,0,0,0,0,0,0,0,0,0,0,0,0,0,0,0,0,0,0,0,0,0,0,0,0,0,0,0,0,0,0,0,0,7,1699553,22855001,11588021,0,0,0,0,0,0,0,0,0,0,0,0,0,0,0,0,0,0,0,0,0,0,0,0,0,0,0,0,0,0,0,0,0,0,0,0,0,12870549504,4682563584,785556,285801,11525603,780,0,97,786432,22002254,812144,4,2098490834,12884901888,19575,486726229,0,0,0,0,0,0,0,0,0,0,0,0,0,0,0,0,0,0,8871152,108760933,0,468,1202,7661,620,17742618,35,0,0,0,0,0,0,0,1,0,0,0,0,0,0,0,0,0,0,13141057,0,11525441,110303,0,0,0,0,0,0,0,0,16384,0,0,0,0,0,0,0,0,0,0,0,1603,407,0,0,0,0,0,26961374,0,151,0,4,406,1603,0,0,0,0,0,0,0,0,0,0,0,0,0,0,0,0,0,0,0,0,0,0,0,0,0,0,0,0,0,0,0,0,0,0,0,0,0,0,0,0,0,0,0,0,0,0,0,0,0,0,0,0,0,0,129138072,0,0,0,331542718,0,0,0,0,0,0,0,26508052,23109453,141165592,89255567360,24588087,1,0,0,0,0,0,0,0,0,0,0,0,0,0,0,0,0,0,0,0,0,0,0,0,0,0,0,0,0,0,0,960008,0,0,0,0,0,0,0
1782295861.091,0,0,0,0,0,0,0,441601406,374574352896,308213683200,0,0,0,0,0,0,0,0,0,0,0,0,0,0,0,0,0,0,0,0,0,0,0,0,0,0,0,0,0,0,0,0,0,0,0,0,0,0,0,0,0,0,0,0,0,0,0,0,0,0,0,0,0,0,0,0,0,0,7,1699783,22916580,11607940,0,0,0,0,0,0,0,0,0,0,0,0,0,0,0,0,0,0,0,0,0,0,0,0,0,0,0,0,0,0,0,0,0,0,0,0,0,12856770560,4642717696,784715,283368,11543474,1621,0,96,786432,22063738,812144,4,2099325843,12884901888,19575,486865484,0,0,0,0,0,0,0,0,0,0,0,0,0,0,0,0,0,0,8875525,108765308,0,468,1202,7661,620,17751366,35,0,0,0,0,0,0,0,1,0,0,0,0,0,0,0,0,0,0,13145980,0,11545360,110507,0,0,0,0,0,0,0,0,16384,0,0,0,0,0,0,0,0,0,0,0,1604,407,0,0,0,0,0,26974705,0,151,0,4,406,1604,0,0,0,0,0,0,0,0,0,0,0,0,0,0,0,0,0,0,0,0,0,0,0,0,0,0,0,0,0,0,0,0,0,0,0,0,0,0,0,0,0,0,0,0,0,0,0,0,0,0,0,0,0,0,129207497,0,0,0,331613952,0,0,0,0,0,0,0,26537896,23170829,141255071,89296715776,24614568,1,0,0,0,0,0,0,0,0,0,0,0,0,0,0,0,0,0,0,0,0,0,0,0,0,0,0,0,0,0,0,964386,0,0,0,0,0,0,0
1782295862.159,0,0,0,0,0,0,0,441765626,375578987008,308586610176,0,0,0,0,0,0,0,0,0,0,0,0,0,0,0,0,0,0,0,0,0,0,0,0,0,0,0,0,0,0,0,0,0,0,0,0,0,0,0,0,0,0,0,0,0,0,0,0,0,0,0,0,0,0,0,0,0,0,7,1700016,22978064,11627790,0,0,0,0,0,0,0,0,0,0,0,0,0,0,0,0,0,0,0,0,0,0,0,0,0,0,0,0,0,0,0,0,0,0,0,0,0,12861079552,4601135104,784978,280831,11565372,1356,0,96,786432,22125118,812144,4,2100160328,12884901888,19575,487004605,0,0,0,0,0,0,0,0,0,0,0,0,0,0,0,0,0,0,8879899,108769681,0,468,1202,7661,620,17760119,35,0,0,0,0,0,0,0,1,0,0,0,0,0,0,0,0,0,0,13150899,0,11565210,110722,0,0,0,0,0,0,0,0,16384,0,0,0,0,0,0,0,0,0,0,0,1605,407,0,0,0,0,0,26987966,0,151,0,4,406,1605,0,0,0,0,0,0,0,0,0,0,0,0,0,0,0,0,0,0,0,0,0,0,0,0,0,0,0,0,0,0,0,0,0,0,0,0,0,0,0,0,0,0,0,0,0,0,0,0,0,0,0,0,0,0,129275855,0,0,0,331685189,0,0,0,0,0,0,0,26567209,23232118,141343417,89337163776,24640320,1,1,0,0,0,0,0,0,0,0,0,0,0,0,0,0,0,0,0,0,0,0,0,0,0,0,0,0,0,0,0,968760,0,0,0,0,0,0,0
1782295863.227,0,0,0,0,0,0,0,441930902,376585275904,308919445504,0,0,0,0,0,0,0,0,0,0,0,0,0,0,0,0,0,0,0,0,0,0,0,0,0,0,0,0,0,0,0,0,0,0,0,0,0,0,0,0,0,0,0,0,0,0,0,0,0,0,0,0,0,0,0,0,0,0,7,1700231,23039670,11645142,0,0,0,0,0,0,0,0,0,0,0,0,0,0,0,0,0,0,0,0,0,0,0,0,0,0,0,0,0,0,0,0,0,0,0,0,0,12858507264,4603297792,784823,280963,11582596,1510,0,98,786432,22186626,812144,4,2101001175,12884901888,19575,487144404,0,0,0,0,0,0,0,0,0,0,0,0,0,0,0,0,0,0,8884301,108774084,0,468,1202,7661,620,17768921,35,0,0,0,0,0,0,0,1,0,0,0,0,0,0,0,0,0,0,13155851,0,11582562,110920,0,0,0,0,0,0,0,0,16384,0,0,0,0,0,0,0,0,0,0,0,1606,407,0,0,0,0,0,27001339,0,151,0,4,406,1606,0,0,0,0,0,0,0,0,0,0,0,0,0,0,0,0,0,0,0,0,0,0,0,0,0,0,0,0,0,0,0,0,0,0,0,0,0,0,0,0,0,0,0,0,0,0,0,0,0,0,0,0,0,0,129345135,0,0,0,331756846,0,0,0,0,0,0,0,26595567,23293542,141430182,89378213888,24665530,1,0,0,0,0,0,0,0,0,0,0,0,0,0,0,0,0,0,0,0,0,0,0,0,0,0,0,0,0,0,0,973162,0,0,0,0,0,0,0
1782295864.293,0,0,0,0,0,0,0,442092446,377573820928,309252909568,0,0,0,0,0,0,0,0,0,0,0,0,0,0,0,0,0,0,0,0,0,0,0,0,0,0,0,0,0,0,0,0,0,0,0,0,0,0,0,0,0,0,0,0,0,0,0,0,0,0,0,0,0,0,0,0,0,0,7,1700459,23100160,11662490,0,0,0,0,0,0,0,0,0,0,0,0,0,0,0,0,0,0,0,0,0,0,0,0,0,0,0,0,0,0,0,0,0,0,0,0,0,12854296576,4599545856,784565,280734,11600021,1764,0,105,786432,22247028,812144,4,2101823045,12884901888,19575,487282206,0,0,0,0,0,0,0,0,0,0,0,0,0,0,0,0,0,0,8888587,108778370,0,468,1202,7661,620,17777494,35,0,0,0,0,0,0,0,1,0,0,0,0,0,0,0,0,0,0,13160672,0,11599859,111095,0,0,0,0,0,0,0,0,16384,0,0,0,0,0,0,0,0,0,0,0,1607,407,0,0,0,0,0,27014370,0,151,0,4,406,1607,0,0,0,0,0,0,0,0,0,0,0,0,0,0,0,0,0,0,0,0,0,0,0,0,0,0,0,0,0,0,0,0,0,0,0,0,0,0,0,0,0,0,0,0,0,0,0,0,0,0,0,0,0,0,129414516,0,0,0,331826840,0,0,0,0,0,0,0,26621478,23353840,141517052,89419660288,24688399,1,0,0,0,0,0,0,0,0,0,0,0,0,0,0,0,0,0,0,0,0,0,0,0,0,0,0,0,0,0,0,977448,0,0,0,0,0,0,0
1782295865.357,0,0,0,0,0,0,0,442263594,378617809408,309601736704,0,0,0,0,0,0,0,0,0,0,0,0,0,0,0,0,0,0,0,0,0,0,0,0,0,0,0,0,0,0,0,0,0,0,0,0,0,0,0,0,0,0,0,0,0,0,0,0,0,0,0,0,0,0,0,0,0,0,7,1700874,23164052,11680761,0,0,0,0,0,0,0,0,0,0,0,0,0,0,0,0,0,0,0,0,0,0,0,0,0,0,0,0,0,0,0,0,0,0,0,0,0,12850954240,4600578048,784359,280797,11618343,1975,0,97,786432,22310820,812144,4,2102692140,12884901888,19575,487427422,0,0,0,0,0,0,0,0,0,0,0,0,0,0,0,0,0,0,8893126,108782909,0,468,1202,7661,620,17786570,35,0,0,0,0,0,0,0,1,0,0,0,0,0,0,0,0,0,0,13165777,0,11618181,111296,0,0,0,0,0,0,0,0,16384,0,0,0,0,0,0,0,0,0,0,0,1608,407,0,0,0,0,0,27028160,0,151,0,4,406,1608,0,0,0,0,0,0,0,0,0,0,0,0,0,0,0,0,0,0,0,0,0,0,0,0,0,0,0,0,0,0,0,0,0,0,0,0,0,0,0,0,0,0,0,0,0,0,0,0,0,0,0,0,0,0,129484424,0,0,0,331900992,0,0,0,0,0,0,0,26652870,23417519,141605332,89461594112,24716253,1,0,0,0,0,0,0,0,0,0,0,0,0,0,0,0,0,0,0,0,0,0,0,0,0,0,0,0,0,0,0,981986,0,0,0,0,0,0,0
1782295866.427,0,0,0,0,0,0,0,442429241,379636582912,309948547584,0,0,0,0,0,0,0,0,0,0,0,0,0,0,0,0,0,0,0,0,0,0,0,0,0,0,0,0,0,0,0,0,0,0,0,0,0,0,0,0,0,0,0,0,0,0,0,0,0,0,0,0,0,0,0,0,0,0,7,1701230,23226412,11698332,0,0,0,0,0,0,0,0,0,0,0,0,0,0,0,0,0,0,0,0,0,0,0,0,0,0,0,0,0,0,0,0,0,0,0,0,0,12859703296,4635934720,784895,282955,11635894,1442,0,99,786432,22373066,812144,4,2103630972,12884901888,19575,487659834,0,0,0,0,0,0,0,0,0,0,0,0,0,0,0,0,0,0,8897604,108787387,0,468,1202,7661,620,17795528,35,0,0,0,0,0,0,0,1,0,0,0,0,0,0,0,0,0,0,13170812,0,11635732,111479,0,0,0,0,0,0,0,0,16384,0,0,0,0,0,0,0,0,0,0,0,1609,407,0,0,0,0,0,27041784,0,151,0,4,406,1609,0,0,0,0,0,0,0,0,0,0,0,0,0,0,0,0,0,0,0,0,0,0,0,0,0,0,0,0,0,0,0,0,0,0,0,0,0,0,0,0,0,0,0,0,0,0,0,0,0,0,0,0,0,0,129570023,0,0,0,332011491,0,0,0,0,0,0,0,26684117,23479673,141708618,89511111168,24744195,0,0,0,0,0,0,0,0,0,0,0,0,0,0,0,0,0,0,0,0,0,0,0,0,0,0,0,0,0,0,0,948064,0,0,0,0,0,0,0
1782295867.492,0,0,0,0,0,0,0,442594523,380656699904,310290527232,0,0,0,0,0,0,0,0,0,0,0,0,0,0,0,0,0,0,0,0,0,0,0,0,0,0,0,0,0,0,0,0,0,0,0,0,0,0,0,0,0,0,0,0,0,0,0,0,0,0,0,0,0,0,0,0,0,0,7,1701447,23288824,11716230,0,0,0,0,0,0,0,0,0,0,0,0,0,0,0,0,0,0,0,0,0,0,0,0,0,0,0,0,0,0,0,0,0,0,0,0,0,12853641216,4629872640,784523,282585,11653812,1812,0,97,786432,22435395,812144,4,2104470673,12884901888,19575,487799312,0,0,0,0,0,0,0,0,0,0,0,0,0,0,0,0,0,0,8902014,108791797,0,468,1202,7661,620,17804345,35,0,0,0,0,0,0,0,1,0,0,0,0,0,0,0,0,0,0,13175773,0,11653650,111675,0,0,0,0,0,0,0,0,16384,0,0,0,0,0,0,0,0,0,0,0,1610,407,0,0,0,0,0,27055183,0,151,0,4,406,1610,0,0,0,0,0,0,0,0,0,0,0,0,0,0,0,0,0,0,0,0,0,0,0,0,0,0,0,0,0,0,0,0,0,0,0,0,0,0,0,0,0,0,0,0,0,0,0,0,0,0,0,0,0,0,129638541,0,0,0,332083295,0,0,0,0,0,0,0,26714955,23541884,141795140,89552335360,24771623,1,1,0,0,0,0,0,0,0,0,0,0,0,0,0,0,0,0,0,0,0,0,0,0,0,0,0,0,0,0,0,952472,0,0,0,0,0,0,0
1782295868.554,0,0,0,0,0,0,0,442763487,381686237696,310634301952,0,0,0,0,0,0,0,0,0,0,0,0,0,0,0,0,0,0,0,0,0,0,0,0,0,0,0,0,0,0,0,0,0,0,0,0,0,0,0,0,0,0,0,0,0,0,0,0,0,0,0,0,0,0,0,0,0,0,7,1701674,23351826,11734132,0,0,0,0,0,0,0,0,0,0,0,0,0,0,0,0,0,0,0,0,0,0,0,0,0,0,0,0,0,0,0,0,0,0,0,0,0,12852871168,4630151168,784477,282603,11671510,1860,0,96,786432,22498310,812144,4,2105329858,12884901888,19575,487944202,0,0,0,0,0,0,0,0,0,0,0,0,0,0,0,0,0,0,8906460,108796243,0,468,1202,7661,620,17813243,35,0,0,0,0,0,0,0,1,0,0,0,0,0,0,0,0,0,0,13180774,0,11671476,111872,0,0,0,0,0,0,0,0,16384,0,0,0,0,0,0,0,0,0,0,0,1611,407,0,0,0,0,0,27068717,0,151,0,4,406,1611,0,0,0,0,0,0,0,0,0,0,0,0,0,0,0,0,0,0,0,0,0,0,0,0,0,0,0,0,0,0,0,0,0,0,0,0,0,0,0,0,0,0,0,0,0,0,0,0,0,0,0,0,0,0,129710003,0,0,0,332156359,0,0,0,0,0,0,0,26746251,23604715,141884637,89595185152,24799584,1,1,0,0,0,0,0,0,0,0,0,0,0,0,0,0,0,0,0,0,0,0,0,0,0,0,0,0,0,0,0,956921,0,0,0,0,0,0,0
1782295869.622,0,0,0,0,0,0,0,442929167,382703077888,310972861952,0,0,0,0,0,0,0,0,0,0,0,0,0,0,0,0,0,0,0,0,0,0,0,0,0,0,0,0,0,0,0,0,0,0,0,0,0,0,0,0,0,0,0,0,0,0,0,0,0,0,0,0,0,0,0,0,0,0,7,1701903,23414030,11751848,0,0,0,0,0,0,0,0,0,0,0,0,0,0,0,0,0,0,0,0,0,0,0,0,0,0,0,0,0,0,0,0,0,0,0,0,0,12856524800,4627546112,784700,282443,11689430,1636,0,96,786432,22560408,812144,4,2106172444,12884901888,19575,488083611,0,0,0,0,0,0,0,0,0,0,0,0,0,0,0,0,0,0,8910883,108800666,0,468,1202,7661,620,17822084,35,0,0,0,0,0,0,0,1,0,0,0,0,0,0,0,0,0,0,13185749,0,11689268,112063,0,0,0,0,0,0,0,0,16384,0,0,0,0,0,0,0,0,0,0,0,1612,407,0,0,0,0,0,27082152,0,151,0,4,406,1612,0,0,0,0,0,0,0,0,0,0,0,0,0,0,0,0,0,0,0,0,0,0,0,0,0,0,0,0,0,0,0,0,0,0,0,0,0,0,0,0,0,0,0,0,0,0,0,0,0,0,0,0,0,0,129778817,0,0,0,332228367,0,0,0,0,0,0,0,26776345,23666744,141971270,89636118016,24826458,1,1,0,0,0,0,0,0,0,0,0,0,0,0,0,0,0,0,0,0,0,0,0,0,0,0,0,0,0,0,0,961343,0,0,0,0,0,0,0
1782295870.687,0,0,0,0,0,0,0,443096675,383726258688,311316532736,0,0,0,0,0,0,0,0,0,0,0,0,0,0,0,0,0,0,0,0,0,0,0,0,0,0,0,0,0,0,0,0,0,0,0,0,0,0,0,0,0,0,0,0,0,0,0,0,0,0,0,0,0,0,0,0,0,0,7,1702148,23476635,11769719,0,0,0,0,0,0,0,0,0,0,0,0,0,0,0,0,0,0,0,0,0,0,0,0,0,0,0,0,0,0,0,0,0,0,0,0,0,12856279040,4628185088,784685,282482,11707159,1650,0,96,786432,22622902,812144,4,2107023272,12884901888,19575,488225102,0,0,0,0,0,0,0,0,0,0,0,0,0,0,0,0,0,0,8915355,108805137,0,468,1202,7661,620,17831028,35,0,0,0,0,0,0,0,1,0,0,0,0,0,0,0,0,0,0,13190778,0,11707125,112257,0,0,0,0,0,0,0,0,16384,0,0,0,0,0,0,0,0,0,0,0,1614,407,0,0,0,0,0,27095744,0,151,0,4,406,1614,0,0,0,0,0,0,0,0,0,0,0,0,0,0,0,0,0,0,0,0,0,0,0,0,0,0,0,0,0,0,0,0,0,0,0,0,0,0,0,0,0,0,0,0,0,0,0,0,0,0,0,0,0,0,129850684,0,0,0,332301110,0,0,0,0,0,0,0,26808284,23729131,142061157,89678848000,24854986,1,0,0,0,0,0,0,0,0,0,0,0,0,0,0,0,0,0,0,0,0,0,0,0,0,0,0,0,0,0,0,965815,0,0,0,0,0,0,0
1782295871.751,0,0,0,0,0,0,0,443265957,384762677760,311659298304,0,0,0,0,0,0,0,0,0,0,0,0,0,0,0,0,0,0,0,0,0,0,0,0,0,0,0,0,0,0,0,0,0,0,0,0,0,0,0,0,0,0,0,0,0,0,0,0,0,0,0,0,0,0,0,0,0,0,7,1702378,23540078,11787514,0,0,0,0,0,0,0,0,0,0,0,0,0,0,0,0,0,0,0,0,0,0,0,0,0,0,0,0,0,0,0,0,0,0,0,0,0,12855017472,4629266432,784608,282548,11725096,1720,0,104,786432,22686242,812144,4,2107884208,12884901888,19575,488367936,0,0,0,0,0,0,0,0,0,0,0,0,0,0,0,0,0,0,8919869,108809652,0,468,1202,7661,620,17840057,35,0,0,0,0,0,0,0,1,0,0,0,0,0,0,0,0,0,0,13195858,0,11724934,112449,0,0,0,0,0,0,0,0,16384,0,0,0,0,0,0,0,0,0,0,0,1615,407,0,0,0,0,0,27109467,0,151,0,4,406,1615,0,0,0,0,0,0,0,0,0,0,0,0,0,0,0,0,0,0,0,0,0,0,0,0,0,0,0,0,0,0,0,0,0,0,0,0,0,0,0,0,0,0,0,0,0,0,0,0,0,0,0,0,0,0,129922465,0,0,0,332374709,0,0,0,0,0,0,0,26840014,23792338,142150847,89722082816,24883492,0,0,0,0,0,0,0,0,0,0,0,0,0,0,0,0,0,0,0,0,0,0,0,0,0,0,0,0,0,0,0,970330,0,0,0,0,0,0,0
1782295872.821,0,0,0,0,0,0,0,443436933,385804061184,312000903680,0,0,0,0,0,0,0,0,0,0,0,0,0,0,0,0,0,0,0,0,0,0,0,0,0,0,0,0,0,0,0,0,0,0,0,0,0,0,0,0,0,0,0,0,0,0,0,0,0,0,0,0,0,0,0,0,0,0,7,1702745,23603804,11805190,0,0,0,0,0,0,0,0,0,0,0,0,0,0,0,0,0,0,0,0,0,0,0,0,0,0,0,0,0,0,0,0,0,0,0,0,0,12862242816,4636344320,785049,282980,11742772,1286,0,96,786432,22749857,812144,4,2108752192,12884901888,19575,488511962,0,0,0,0,0,0,0,0,0,0,0,0,0,0,0,0,0,0,8924425,108814207,0,468,1202,7661,620,17849170,35,0,0,0,0,0,0,0,1,0,0,0,0,0,0,0,0,0,0,13200979,0,11742610,112641,0,0,0,0,0,0,0,0,16384,0,0,0,0,0,0,0,0,0,0,0,1616,407,0,0,0,0,0,27123327,0,151,0,4,406,1616,0,0,0,0,0,0,0,0,0,0,0,0,0,0,0,0,0,0,0,0,0,0,0,0,0,0,0,0,0,0,0,0,0,0,0,0,0,0,0,0,0,0,0,0,0,0,0,0,0,0,0,0,0,0,129995756,0,0,0,332449012,0,0,0,0,0,0,0,26872520,23855862,142241943,89765896704,24912727,0,0,0,0,0,0,0,0,0,0,0,0,0,0,0,0,0,0,0,0,0,0,0,0,0,0,0,0,0,0,0,974883,0,0,0,0,0,0,0
1782295873.890,0,0,0,0,0,0,0,443606977,386838858240,312343503872,0,0,0,0,0,0,0,0,0,0,0,0,0,0,0,0,0,0,0,0,0,0,0,0,0,0,0,0,0,0,0,0,0,0,0,0,0,0,0,0,0,0,0,0,0,0,0,0,0,0,0,0,0,0,0,0,0,0,7,1703199,23667129,11823101,0,0,0,0,0,0,0,0,0,0,0,0,0,0,0,0,0,0,0,0,0,0,0,0,0,0,0,0,0,0,0,0,0,0,0,0,0,12854804480,4638507008,784597,283112,11760392,1738,0,97,786432,22813075,812144,4,2109615305,12884901888,19575,488656032,0,0,0,0,0,0,0,0,0,0,0,0,0,0,0,0,0,0,8928929,108818712,0,468,1202,7661,620,17858177,35,0,0,0,0,0,0,0,1,0,0,0,0,0,0,0,0,0,0,13206047,0,11760486,112832,0,0,0,0,0,0,0,0,16384,0,0,0,0,0,0,0,0,0,0,0,1617,407,0,0,0,0,0,27137027,0,151,0,4,406,1617,0,0,0,0,0,0,0,0,0,0,0,0,0,0,0,0,0,0,0,0,0,0,0,0,0,0,0,0,0,0,0,0,0,0,0,0,0,0,0,0,0,0,0,0,0,0,0,0,0,0,0,0,0,0,130065568,0,0,0,332522751,0,0,0,0,0,0,0,26903498,23918986,142329801,89807192576,24940450,0,0,0,0,0,0,0,0,0,0,0,0,0,0,0,0,0,0,0,0,0,0,0,0,0,0,0,0,0,0,0,979391,0,0,0,0,0,0,0
1782295874.957,0,0,0,0,0,0,0,443772540,387861727744,312698043392,0,0,0,0,0,0,0,0,0,0,0,0,0,0,0,0,0,0,0,0,0,0,0,0,0,0,0,0,0,0,0,0,0,0,0,0,0,0,0,0,0,0,0,0,0,0,0,0,0,0,0,0,0,0,0,0,0,0,7,1703541,23729708,11840940,0,0,0,0,0,0,0,0,0,0,0,0,0,0,0,0,0,0,0,0,0,0,0,0,0,0,0,0,0,0,0,0,0,0,0,0,0,12860293120,4665344000,784930,284750,11778489,1406,0,96,786432,22875558,812144,4,2110553143,12884901888,19575,488885981,0,0,0,0,0,0,0,0,0,0,0,0,0,0,0,0,0,0,8933431,108823214,0,468,1202,7661,620,17867182,35,0,0,0,0,0,0,0,1,0,0,0,0,0,0,0,0,0,0,13211112,0,11778327,113028,0,0,0,0,0,0,0,0,16384,0,0,0,0,0,0,0,0,0,0,0,1618,407,0,0,0,0,0,27150715,0,151,0,4,406,1618,0,0,0,0,0,0,0,0,0,0,0,0,0,0,0,0,0,0,0,0,0,0,0,0,0,0,0,0,0,0,0,0,0,0,0,0,0,0,0,0,0,0,0,0,0,0,0,0,0,0,0,0,0,0,130158239,0,0,0,332633481,0,0,0,0,0,0,0,26935022,23981380,142440373,89860381184,24968519,1,1,0,0,0,0,0,0,0,0,0,0,0,0,0,0,0,0,0,0,0,0,0,0,0,0,0,0,0,0,0,945491,0,0,0,0,0,0,0
1782295876.026,0,0,0,0,0,0,0,443940905,388892789248,313040745984,0,0,0,0,0,0,0,0,0,0,0,0,0,0,0,0,0,0,0,0,0,0,0,0,0,0,0,0,0,0,0,0,0,0,0,0,0,0,0,0,0,0,0,0,0,0,0,0,0,0,0,0,0,0,0,0,0,0,7,1703758,23792796,11858825,0,0,0,0,0,0,0,0,0,0,0,0,0,0,0,0,0,0,0,0,0,0,0,0,0,0,0,0,0,0,0,0,0,0,0,0,0,12857147392,4663214080,784737,284620,11796407,1598,0,97,786432,22938534,812144,4,2111408671,12884901888,19575,489028464,0,0,0,0,0,0,0,0,0,0,0,0,0,0,0,0,0,0,8937895,108827678,0,468,1202,7661,620,17876114,35,0,0,0,0,0,0,0,1,0,0,0,0,0,0,0,0,0,0,13216131,0,11796245,113224,0,0,0,0,0,0,0,0,16384,0,0,0,0,0,0,0,0,0,0,0,1619,407,0,0,0,0,0,27164272,0,151,0,4,406,1619,0,0,0,0,0,0,0,0,0,0,0,0,0,0,0,0,0,0,0,0,0,0,0,0,0,0,0,0,0,0,0,0,0,0,0,0,0,0,0,0,0,0,0,0,0,0,0,0,0,0,0,0,0,0,130229006,0,0,0,332706482,0,0,0,0,0,0,0,26966435,24044280,142529121,89902358528,24996506,1,0,0,0,0,0,0,0,0,0,0,0,0,0,0,0,0,0,0,0,0,0,0,0,0,0,0,0,0,0,0,949957,0,0,0,0,0,0,0
1782295877.090,0,0,0,0,0,0,0,444107301,389906696704,313407862784,0,0,0,0,0,0,0,0,0,0,0,0,0,0,0,0,0,0,0,0,0,0,0,0,0,0,0,0,0,0,0,0,0,0,0,0,0,0,0,0,0,0,0,0,0,0,0,0,0,0,0,0,0,0,0,0,0,0,7,1703979,23854862,11878179,0,0,0,0,0,0,0,0,0,0,0,0,0,0,0,0,0,0,0,0,0,0,0,0,0,0,0,0,0,0,0,0,0,0,0,0,0,12849528832,4633051136,784273,282779,11813967,2063,0,96,786432,23000506,812144,4,2112253263,12884901888,19575,489168379,0,0,0,0,0,0,0,0,0,0,0,0,0,0,0,0,0,0,8942337,108832119,0,468,1202,7661,620,17884991,35,0,0,0,0,0,0,0,1,0,0,0,0,0,0,0,0,0,0,13221126,0,11815469,113425,0,0,0,0,0,0,0,0,16384,0,0,0,0,0,0,0,0,0,0,0,1620,407,0,0,0,0,0,27177766,0,151,0,4,406,1620,0,0,0,0,0,0,0,0,0,0,0,0,0,0,0,0,0,0,0,0,0,0,0,0,0,0,0,0,0,0,0,0,0,0,0,0,0,0,0,0,0,0,0,0,0,0,0,0,0,0,0,0,0,0,130299835,0,0,0,332778819,0,0,0,0,0,0,0,26997177,24106137,142619438,89944518144,25023913,1,0,0,0,0,0,0,0,0,0,0,0,0,0,0,0,0,0,0,0,0,0,0,0,0,0,0,0,0,0,0,954398,0,0,0,0,0,0,0
1782295878.157,0,0,0,0,0,0,0,444272940,390917655040,313779898368,0,0,0,0,0,0,0,0,0,0,0,0,0,0,0,0,0,0,0,0,0,0,0,0,0,0,0,0,0,0,0,0,0,0,0,0,0,0,0,0,0,0,0,0,0,0,0,0,0,0,0,0,0,0,0,0,0,0,7,1704212,23916719,11897864,0,0,0,0,0,0,0,0,0,0,0,0,0,0,0,0,0,0,0,0,0,0,0,0,0,0,0,0,0,0,0,0,0,0,0,0,0,12858949632,4595105792,784848,280463,11835423,1481,0,102,786432,23062251,812144,4,2113095120,12884901888,19575,489308224,0,0,0,0,0,0,0,0,0,0,0,0,0,0,0,0,0,0,8946740,108836523,0,468,1202,7661,620,17893800,35,0,0,0,0,0,0,0,1,0,0,0,0,0,0,0,0,0,0,13226079,0,11835261,113624,0,0,0,0,0,0,0,0,16384,0,0,0,0,0,0,0,0,0,0,0,1621,407,0,0,0,0,0,27191151,0,151,0,4,406,1621,0,0,0,0,0,0,0,0,0,0,0,0,0,0,0,0,0,0,0,0,0,0,0,0,0,0,0,0,0,0,0,0,0,0,0,0,0,0,0,0,0,0,0,0,0,0,0,0,0,0,0,0,0,0,130370061,0,0,0,332850755,0,0,0,0,0,0,0,27027376,24167804,142709504,89986301440,25050658,1,1,0,0,0,0,0,0,0,0,0,0,0,0,0,0,0,0,0,0,0,0,0,0,0,0,0,0,0,0,0,958801,0,0,0,0,0,0,0
1782295879.225,0,0,0,0,0,0,0,444433415,391896648192,314117720064,0,0,0,0,0,0,0,0,0,0,0,0,0,0,0,0,0,0,0,0,0,0,0,0,0,0,0,0,0,0,0,0,0,0,0,0,0,0,0,0,0,0,0,0,0,0,0,0,0,0,0,0,0,0,0,0,0,0,7,1704460,23976607,11915502,0,0,0,0,0,0,0,0,0,0,0,0,0,0,0,0,0,0,0,0,0,0,0,0,0,0,0,0,0,0,0,0,0,0,0,0,0,12858015744,4583292928,784791,279742,11853084,1541,0,99,786432,23122037,812144,4,2113908740,12884901888,19575,489443489,0,0,0,0,0,0,0,0,0,0,0,0,0,0,0,0,0,0,8951008,108840791,0,468,1202,7661,620,17902336,35,0,0,0,0,0,0,0,1,0,0,0,0,0,0,0,0,0,0,13230881,0,11852922,113810,0,0,0,0,0,0,0,0,16384,0,0,0,0,0,0,0,0,0,0,0,1622,407,0,0,0,0,0,27204127,0,151,0,4,406,1622,0,0,0,0,0,0,0,0,0,0,0,0,0,0,0,0,0,0,0,0,0,0,0,0,0,0,0,0,0,0,0,0,0,0,0,0,0,0,0,0,0,0,0,0,0,0,0,0,0,0,0,0,0,0,130438626,0,0,0,332920548,0,0,0,0,0,0,0,27051927,24227522,142795816,90027603456,25072080,0,0,0,0,0,0,0,0,0,0,0,0,0,0,0,0,0,0,0,0,0,0,0,0,0,0,0,0,0,0,0,963069,0,0,0,0,0,0,0
1782295880.294,0,0,0,0,0,0,0,444603283,392933706240,314459396608,0,0,0,0,0,0,0,0,0,0,0,0,0,0,0,0,0,0,0,0,0,0,0,0,0,0,0,0,0,0,0,0,0,0,0,0,0,0,0,0,0,0,0,0,0,0,0,0,0,0,0,0,0,0,0,0,0,0,7,1704730,24040083,11933271,0,0,0,0,0,0,0,0,0,0,0,0,0,0,0,0,0,0,0,0,0,0,0,0,0,0,0,0,0,0,0,0,0,0,0,0,0,12856377344,4587601920,784691,280005,11870853,1643,0,97,786432,23185405,812144,4,2114773336,12884901888,19575,489587922,0,0,0,0,0,0,0,0,0,0,0,0,0,0,0,0,0,0,8955507,108845290,0,468,1202,7661,620,17911333,35,0,0,0,0,0,0,0,1,0,0,0,0,0,0,0,0,0,0,13235942,0,11870691,114019,0,0,0,0,0,0,0,0,16384,0,0,0,0,0,0,0,0,0,0,0,1623,407,0,0,0,0,0,27217792,0,151,0,4,406,1623,0,0,0,0,0,0,0,0,0,0,0,0,0,0,0,0,0,0,0,0,0,0,0,0,0,0,0,0,0,0,0,0,0,0,0,0,0,0,0,0,0,0,0,0,0,0,0,0,0,0,0,0,0,0,130508325,0,0,0,332994266,0,0,0,0,0,0,0,27082650,24290809,142883431,90070104064,25099389,1,0,0,0,0,0,0,0,0,0,0,0,0,0,0,0,0,0,0,0,0,0,0,0,0,0,0,0,0,0,0,967566,0,0,0,0,0,0,0
1782295881.359,0,0,0,0,0,0,0,444773805,393973729792,314803866112,0,0,0,0,0,0,0,0,0,0,0,0,0,0,0,0,0,0,0,0,0,0,0,0,0,0,0,0,0,0,0,0,0,0,0,0,0,0,0,0,0,0,0,0,0,0,0,0,0,0,0,0,0,0,0,0,0,0,7,1705017,24103745,11951214,0,0,0,0,0,0,0,0,0,0,0,0,0,0,0,0,0,0,0,0,0,0,0,0,0,0,0,0,0,0,0,0,0,0,0,0,0,12860932096,4588503040,784968,280060,11888796,1359,0,105,786432,23248978,812144,4,2115639803,12884901888,19575,489733921,0,0,0,0,0,0,0,0,0,0,0,0,0,0,0,0,0,0,8959989,108849771,0,468,1202,7661,620,17920300,35,0,0,0,0,0,0,0,1,0,0,0,0,0,0,0,0,0,0,13240984,0,11888634,114204,0,0,0,0,0,0,0,0,16384,0,0,0,0,0,0,0,0,0,0,0,1624,407,0,0,0,0,0,27231421,0,151,0,4,406,1624,0,0,0,0,0,0,0,0,0,0,0,0,0,0,0,0,0,0,0,0,0,0,0,0,0,0,0,0,0,0,0,0,0,0,0,0,0,0,0,0,0,0,0,0,0,0,0,0,0,0,0,0,0,0,130578511,0,0,0,333068114,0,0,0,0,0,0,0,27113159,24354270,142971689,90112612864,25126665,1,0,0,0,0,0,0,0,0,0,0,0,0,0,0,0,0,0,0,0,0,0,0,0,0,0,0,0,0,0,0,972050,0,0,0,0,0,0,0
1782295882.427,0,0,0,0,0,0,0,444938628,394990553600,315146758656,0,0,0,0,0,0,0,0,0,0,0,0,0,0,0,0,0,0,0,0,0,0,0,0,0,0,0,0,0,0,0,0,0,0,0,0,0,0,0,0,0,0,0,0,0,0,0,0,0,0,0,0,0,0,0,0,0,0,7,1705400,24165975,11968980,0,0,0,0,0,0,0,0,0,0,0,0,0,0,0,0,0,0,0,0,0,0,0,0,0,0,0,0,0,0,0,0,0,0,0,0,0,12868337664,4596645888,785421,280556,11906562,915,0,96,786432,23311111,812144,4,2116510115,12884901888,19575,489902343,0,0,0,0,0,0,0,0,0,0,0,0,0,0,0,0,0,0,8964475,108854257,0,468,1202,7661,620,17929270,35,0,0,0,0,0,0,0,1,0,0,0,0,0,0,0,0,0,0,13246028,0,11906400,114389,0,0,0,0,0,0,0,0,16384,0,0,0,0,0,0,0,0,0,0,0,1625,407,0,0,0,0,0,27245067,0,151,0,4,406,1625,0,0,0,0,0,0,0,0,0,0,0,0,0,0,0,0,0,0,0,0,0,0,0,0,0,0,0,0,0,0,0,0,0,0,0,0,0,0,0,0,0,0,0,0,0,0,0,0,0,0,0,0,0,0,130653079,0,0,0,333154388,0,0,0,0,0,0,0,27143621,24416296,143064129,90156220416,25153855,1,0,0,0,0,0,0,0,0,0,0,0,0,0,0,0,0,0,0,0,0,0,0,0,0,0,0,0,0,0,0,962383,0,0,0,0,0,0,0
1782295883.494,0,0,0,0,0,0,0,445103687,396002609664,315492710400,0,0,0,0,0,0,0,0,0,0,0,0,0,0,0,0,0,0,0,0,0,0,0,0,0,0,0,0,0,0,0,0,0,0,0,0,0,0,0,0,0,0,0,0,0,0,0,0,0,0,0,0,0,0,0,0,0,0,7,1705667,24227919,11986688,0,0,0,0,0,0,0,0,0,0,0,0,0,0,0,0,0,0,0,0,0,0,0,0,0,0,0,0,0,0,0,0,0,0,0,0,0,12851789824,4616519680,784411,281770,11924270,1918,0,103,786432,23372983,812144,4,2117407401,12884901888,19575,490095636,0,0,0,0,0,0,0,0,0,0,0,0,0,0,0,0,0,0,8968972,108858755,0,468,1202,7661,620,17938263,35,0,0,0,0,0,0,0,1,0,0,0,0,0,0,0,0,0,0,13251088,0,11924108,114587,0,0,0,0,0,0,0,0,16384,0,0,0,0,0,0,0,0,0,0,0,1626,407,0,0,0,0,0,27258751,0,151,0,4,406,1626,0,0,0,0,0,0,0,0,0,0,0,0,0,0,0,0,0,0,0,0,0,0,0,0,0,0,0,0,0,0,0,0,0,0,0,0,0,0,0,0,0,0,0,0,0,0,0,0,0,0,0,0,0,0,130732894,0,0,0,333250929,0,0,0,0,0,0,0,27174636,24478039,143161786,90203216384,25181489,1,1,0,0,0,0,0,0,0,0,0,0,0,0,0,0,0,0,0,0,0,0,0,0,0,0,0,0,0,0,0,942634,0,0,0,0,0,0,0
1782295884.559,0,0,0,0,0,0,0,445270247,397016828416,315830048256,0,0,0,0,0,0,0,0,0,0,0,0,0,0,0,0,0,0,0,0,0,0,0,0,0,0,0,0,0,0,0,0,0,0,0,0,0,0,0,0,0,0,0,0,0,0,0,0,0,0,0,0,0,0,0,0,0,0,7,1705880,24289992,12004318,0,0,0,0,0,0,0,0,0,0,0,0,0,0,0,0,0,0,0,0,0,0,0,0,0,0,0,0,0,0,0,0,0,0,0,0,0,12857294848,4614291456,784747,281634,11941900,1589,0,96,786432,23434952,812144,4,2118254796,12884901888,19575,490235820,0,0,0,0,0,0,0,0,0,0,0,0,0,0,0,0,0,0,8973381,108863164,0,468,1202,7661,620,17947083,35,0,0,0,0,0,0,0,1,0,0,0,0,0,0,0,0,0,0,13256048,0,11941738,114781,0,0,0,0,0,0,0,0,16384,0,0,0,0,0,0,0,0,0,0,0,1627,407,0,0,0,0,0,27272146,0,151,0,4,406,1627,0,0,0,0,0,0,0,0,0,0,0,0,0,0,0,0,0,0,0,0,0,0,0,0,0,0,0,0,0,0,0,0,0,0,0,0,0,0,0,0,0,0,0,0,0,0,0,0,0,0,0,0,0,0,130801598,0,0,0,333323306,0,0,0,0,0,0,0,27203684,24539920,143248249,90244126720,25207351,1,0,0,0,0,0,0,0,0,0,0,0,0,0,0,0,0,0,0,0,0,0,0,0,0,0,0,0,0,0,0,947041,0,0,0,0,0,0,0
1782295885.627,0,0,0,0,0,0,0,445437938,398036666880,316166111744,0,0,0,0,0,0,0,0,0,0,0,0,0,0,0,0,0,0,0,0,0,0,0,0,0,0,0,0,0,0,0,0,0,0,0,0,0,0,0,0,0,0,0,0,0,0,0,0,0,0,0,0,0,0,0,0,0,0,7,1706120,24352408,12021754,0,0,0,0,0,0,0,0,0,0,0,0,0,0,0,0,0,0,0,0,0,0,0,0,0,0,0,0,0,0,0,0,0,0,0,0,0,12862095360,4618993664,785040,281921,11959163,1297,0,96,786432,23497280,812144,4,2119106841,12884901888,19575,490378421,0,0,0,0,0,0,0,0,0,0,0,0,0,0,0,0,0,0,8977808,108867591,0,468,1202,7661,620,17955940,35,0,0,0,0,0,0,0,1,0,0,0,0,0,0,0,0,0,0,13261028,0,11959129,114967,0,0,0,0,0,0,0,0,16384,0,0,0,0,0,0,0,0,0,0,0,1628,407,0,0,0,0,0,27285599,0,151,0,4,406,1628,0,0,0,0,0,0,0,0,0,0,0,0,0,0,0,0,0,0,0,0,0,0,0,0,0,0,0,0,0,0,0,0,0,0,0,0,0,0,0,0,0,0,0,0,0,0,0,0,0,0,0,0,0,0,130871785,0,0,0,333396056,0,0,0,0,0,0,0,27233560,24602136,143336012,90286485504,25234107,0,0,0,0,0,0,0,0,0,0,0,0,0,0,0,0,0,0,0,0,0,0,0,0,0,0,0,0,0,0,0,951470,0,0,0,0,0,0,0
1782295886.695,0,0,0,0,0,0,0,445607326,399066073600,316506707456,0,0,0,0,0,0,0,0,0,0,0,0,0,0,0,0,0,0,0,0,0,0,0,0,0,0,0,0,0,0,0,0,0,0,0,0,0,0,0,0,0,0,0,0,0,0,0,0,0,0,0,0,0,0,0,0,0,0,7,1706361,24415384,12039439,0,0,0,0,0,0,0,0,0,0,0,0,0,0,0,0,0,0,0,0,0,0,0,0,0,0,0,0,0,0,0,0,0,0,0,0,0,12863782912,4620107776,785143,281989,11976952,1192,0,97,786432,23560154,812144,4,2119967097,12884901888,19575,490522308,0,0,0,0,0,0,0,0,0,0,0,0,0,0,0,0,0,0,8982283,108872065,0,468,1202,7661,620,17964883,35,0,0,0,0,0,0,0,1,0,0,0,0,0,0,0,0,0,0,13266059,0,11976790,115153,0,0,0,0,0,0,0,0,16384,0,0,0,0,0,0,0,0,0,0,0,1630,407,0,0,0,0,0,27299205,0,151,0,4,406,1630,0,0,0,0,0,0,0,0,0,0,0,0,0,0,0,0,0,0,0,0,0,0,0,0,0,0,0,0,0,0,0,0,0,0,0,0,0,0,0,0,0,0,0,0,0,0,0,0,0,0,0,0,0,0,130942826,0,0,0,333469557,0,0,0,0,0,0,0,27264378,24664910,143424879,90329191424,25261751,1,1,0,0,0,0,0,0,0,0,0,0,0,0,0,0,0,0,0,0,0,0,0,0,0,0,0,0,0,0,0,955943,0,0,0,0,0,0,0
1782295887.761,0,0,0,0,0,0,0,445774702,400086419968,316848837120,0,0,0,0,0,0,0,0,0,0,0,0,0,0,0,0,0,0,0,0,0,0,0,0,0,0,0,0,0,0,0,0,0,0,0,0,0,0,0,0,0,0,0,0,0,0,0,0,0,0,0,0,0,0,0,0,0,0,7,1706630,24477841,12057260,0,0,0,0,0,0,0,0,0,0,0,0,0,0,0,0,0,0,0,0,0,0,0,0,0,0,0,0,0,0,0,0,0,0,0,0,0,12861407232,4615651328,784998,281717,11994842,1337,0,97,786432,23622506,812144,4,2120817918,12884901888,19575,490663320,0,0,0,0,0,0,0,0,0,0,0,0,0,0,0,0,0,0,8986743,108876525,0,468,1202,7661,620,17973808,35,0,0,0,0,0,0,0,1,0,0,0,0,0,0,0,0,0,0,13271075,0,11994680,115352,0,0,0,0,0,0,0,0,16384,0,0,0,0,0,0,0,0,0,0,0,1631,407,0,0,0,0,0,27312734,0,151,0,4,406,1631,0,0,0,0,0,0,0,0,0,0,0,0,0,0,0,0,0,0,0,0,0,0,0,0,0,0,0,0,0,0,0,0,0,0,0,0,0,0,0,0,0,0,0,0,0,0,0,0,0,0,0,0,0,0,131013421,0,0,0,333542361,0,0,0,0,0,0,0,27294734,24727170,143513405,90371684864,25288795,1,0,0,0,0,0,0,0,0,0,0,0,0,0,0,0,0,0,0,0,0,0,0,0,0,0,0,0,0,0,0,960403,0,0,0,0,0,0,0
1782295888.828,0,0,0,0,0,0,0,445943667,401109535232,317179591680,0,0,0,0,0,0,0,0,0,0,0,0,0,0,0,0,0,0,0,0,0,0,0,0,0,0,0,0,0,0,0,0,0,0,0,0,0,0,0,0,0,0,0,0,0,0,0,0,0,0,0,0,0,0,0,0,0,0,7,1706860,24540474,12074339,0,0,0,0,0,0,0,0,0,0,0,0,0,0,0,0,0,0,0,0,0,0,0,0,0,0,0,0,0,0,0,0,0,0,0,0,0,12870270976,4624613376,785539,282264,12011921,797,0,96,786432,23685035,812144,4,2121676368,12884901888,19575,490807219,0,0,0,0,0,0,0,0,0,0,0,0,0,0,0,0,0,0,8991199,108880981,0,468,1202,7661,620,17982721,35,0,0,0,0,0,0,0,1,0,0,0,0,0,0,0,0,0,0,13276088,0,12011759,115545,0,0,0,0,0,0,0,0,16384,0,0,0,0,0,0,0,0,0,0,0,1632,407,0,0,0,0,0,27326294,0,151,0,4,406,1632,0,0,0,0,0,0,0,0,0,0,0,0,0,0,0,0,0,0,0,0,0,0,0,0,0,0,0,0,0,0,0,0,0,0,0,0,0,0,0,0,0,0,0,0,0,0,0,0,0,0,0,0,0,0,131085598,0,0,0,333615657,0,0,0,0,0,0,0,27325838,24789587,143602757,90414810112,25316761,0,0,0,0,0,0,0,0,0,0,0,0,0,0,0,0,0,0,0,0,0,0,0,0,0,0,0,0,0,0,0,964861,0,0,0,0,0,0,0
1782295889.891,0,0,0,0,0,0,0,446111316,402135321088,317523141120,0,0,0,0,0,0,0,0,0,0,0,0,0,0,0,0,0,0,0,0,0,0,0,0,0,0,0,0,0,0,0,0,0,0,0,0,0,0,0,0,0,0,0,0,0,0,0,0,0,0,0,0,0,0,0,0,0,0,7,1707150,24603261,12092207,0,0,0,0,0,0,0,0,0,0,0,0,0,0,0,0,0,0,0,0,0,0,0,0,0,0,0,0,0,0,0,0,0,0,0,0,0,12855197696,4617224192,784619,281813,12029789,1717,0,96,786432,23747701,812144,4,2122527297,12884901888,19575,490947029,0,0,0,0,0,0,0,0,0,0,0,0,0,0,0,0,0,0,8995669,108885451,0,468,1202,7661,620,17991656,35,0,0,0,0,0,0,0,1,0,0,0,0,0,0,0,0,0,0,13281116,0,12029627,115739,0,0,0,0,0,0,0,0,16384,0,0,0,0,0,0,0,0,0,0,0,1633,407,0,0,0,0,0,27339888,0,151,0,4,406,1633,0,0,0,0,0,0,0,0,0,0,0,0,0,0,0,0,0,0,0,0,0,0,0,0,0,0,0,0,0,0,0,0,0,0,0,0,0,0,0,0,0,0,0,0,0,0,0,0,0,0,0,0,0,0,131158806,0,0,0,333688713,0,0,0,0,0,0,0,27358231,24852141,143693924,90458006016,25345774,1,0,0,0,0,0,0,0,0,0,0,0,0,0,0,0,0,0,0,0,0,0,0,0,0,0,0,0,0,0,0,969329,0,0,0,0,0,0,0
1782295890.960,0,0,0,0,0,0,0,446274859,403147229696,317873789440,0,0,0,0,0,0,0,0,0,0,0,0,0,0,0,0,0,0,0,0,0,0,0,0,0,0,0,0,0,0,0,0,0,0,0,0,0,0,0,0,0,0,0,0,0,0,0,0,0,0,0,0,0,0,0,0,0,0,7,1707520,24665199,12109794,0,0,0,0,0,0,0,0,0,0,0,0,0,0,0,0,0,0,0,0,0,0,0,0,0,0,0,0,0,0,0,0,0,0,0,0,0,12853706752,4643635200,784528,283425,12047376,1808,0,96,786432,23809537,812144,4,2123455045,12884901888,19575,491173632,0,0,0,0,0,0,0,0,0,0,0,0,0,0,0,0,0,0,9000162,108889944,0,468,1202,7661,620,18000647,35,0,0,0,0,0,0,0,1,0,0,0,0,0,0,0,0,0,0,13286166,0,12047214,115929,0,0,0,0,0,0,0,0,16384,0,0,0,0,0,0,0,0,0,0,0,1634,407,0,0,0,0,0,27353537,0,151,0,4,406,1634,0,0,0,0,0,0,0,0,0,0,0,0,0,0,0,0,0,0,0,0,0,0,0,0,0,0,0,0,0,0,0,0,0,0,0,0,0,0,0,0,0,0,0,0,0,0,0,0,0,0,0,0,0,0,131253086,0,0,0,333798860,0,0,0,0,0,0,0,27391142,24913870,143805871,90511269888,25375378,1,0,0,0,0,0,0,0,0,0,0,0,0,0,0,0,0,0,0,0,0,0,0,0,0,0,0,0,0,0,0,935419,0,0,0,0,0,0,0
1782295892.029,0,0,0,0,0,0,0,446443015,404168264192,318213682688,0,0,0,0,0,0,0,0,0,0,0,0,0,0,0,0,0,0,0,0,0,0,0,0,0,0,0,0,0,0,0,0,0,0,0,0,0,0,0,0,0,0,0,0,0,0,0,0,0,0,0,0,0,0,0,0,0,0,7,1707774,24727644,12127379,0,0,0,0,0,0,0,0,0,0,0,0,0,0,0,0,0,0,0,0,0,0,0,0,0,0,0,0,0,0,0,0,0,0,0,0,0,12859359232,4642881536,784873,283379,12064961,1463,0,96,786432,23871882,812144,4,2124308279,12884901888,19575,491315210,0,0,0,0,0,0,0,0,0,0,0,0,0,0,0,0,0,0,9004620,108894401,0,468,1202,7661,620,18009558,35,0,0,0,0,0,0,0,1,0,0,0,0,0,0,0,0,0,0,13291181,0,12064799,116117,0,0,0,0,0,0,0,0,16384,0,0,0,0,0,0,0,0,0,0,0,1635,407,0,0,0,0,0,27367094,0,151,0,4,406,1635,0,0,0,0,0,0,0,0,0,0,0,0,0,0,0,0,0,0,0,0,0,0,0,0,0,0,0,0,0,0,0,0,0,0,0,0,0,0,0,0,0,0,0,0,0,0,0,0,0,0,0,0,0,0,131325942,0,0,0,333872027,0,0,0,0,0,0,0,27422769,24976142,143896406,90555121152,25403765,1,0,0,0,0,0,0,0,0,0,0,0,0,0,0,0,0,0,0,0,0,0,0,0,0,0,0,0,0,0,0,939879,0,0,0,0,0,0,0
1782295893.097,0,0,0,0,0,0,0,446607590,405169785344,318584279040,0,0,0,0,0,0,0,0,0,0,0,0,0,0,0,0,0,0,0,0,0,0,0,0,0,0,0,0,0,0,0,0,0,0,0,0,0,0,0,0,0,0,0,0,0,0,0,0,0,0,0,0,0,0,0,0,0,0,7,1707994,24788917,12146993,0,0,0,0,0,0,0,0,0,0,0,0,0,0,0,0,0,0,0,0,0,0,0,0,0,0,0,0,0,0,0,0,0,0,0,0,0,12858195968,4604002304,784802,281006,12082373,1534,0,96,786432,23933063,812144,4,2125142339,12884901888,19575,491452500,0,0,0,0,0,0,0,0,0,0,0,0,0,0,0,0,0,0,9009007,108898789,0,468,1202,7661,620,18018330,35,0,0,0,0,0,0,0,1,0,0,0,0,0,0,0,0,0,0,13296119,0,12084259,116326,0,0,0,0,0,0,0,0,16384,0,0,0,0,0,0,0,0,0,0,0,1636,407,0,0,0,0,0,27380439,0,151,0,4,406,1636,0,0,0,0,0,0,0,0,0,0,0,0,0,0,0,0,0,0,0,0,0,0,0,0,0,0,0,0,0,0,0,0,0,0,0,0,0,0,0,0,0,0,0,0,0,0,0,0,0,0,0,0,0,0,131394913,0,0,0,333943743,0,0,0,0,0,0,0,27452085,25037234,143985137,90596423168,25429662,0,1,0,0,0,0,0,0,0,0,0,0,0,0,0,0,0,0,0,0,0,0,0,0,0,0,0,0,0,0,0,944268,0,0,0,0,0,0,0
1782295894.165,0,0,0,0,0,0,0,446773832,406186527232,318948814848,0,0,0,0,0,0,0,0,0,0,0,0,0,0,0,0,0,0,0,0,0,0,0,0,0,0,0,0,0,0,0,0,0,0,0,0,0,0,0,0,0,0,0,0,0,0,0,0,0,0,0,0,0,0,0,0,0,0,7,1708265,24851117,12166262,0,0,0,0,0,0,0,0,0,0,0,0,0,0,0,0,0,0,0,0,0,0,0,0,0,0,0,0,0,0,0,0,0,0,0,0,0,12857229312,4573462528,784743,279142,12103844,1593,0,96,786432,23995149,812144,4,2125986509,12884901888,19575,491590392,0,0,0,0,0,0,0,0,0,0,0,0,0,0,0,0,0,0,9013466,108903248,0,468,1202,7661,620,18027251,35,0,0,0,0,0,0,0,1,0,0,0,0,0,0,0,0,0,0,13301135,0,12103682,116531,0,0,0,0,0,0,0,0,16384,0,0,0,0,0,0,0,0,0,0,0,1637,407,0,0,0,0,0,27394006,0,151,0,4,406,1637,0,0,0,0,0,0,0,0,0,0,0,0,0,0,0,0,0,0,0,0,0,0,0,0,0,0,0,0,0,0,0,0,0,0,0,0,0,0,0,0,0,0,0,0,0,0,0,0,0,0,0,0,0,0,131464150,0,0,0,334016286,0,0,0,0,0,0,0,27481839,25099276,144073739,90638040064,25456012,0,0,0,0,0,0,0,0,0,0,0,0,0,0,0,0,0,0,0,0,0,0,0,0,0,0,0,0,0,0,0,948726,0,0,0,0,0,0,0
1782295895.233,0,0,0,0,0,0,0,446935902,407180085760,319281972224,0,0,0,0,0,0,0,0,0,0,0,0,0,0,0,0,0,0,0,0,0,0,0,0,0,0,0,0,0,0,0,0,0,0,0,0,0,0,0,0,0,0,0,0,0,0,0,0,0,0,0,0,0,0,0,0,0,0,7,1708552,24911925,12183647,0,0,0,0,0,0,0,0,0,0,0,0,0,0,0,0,0,0,0,0,0,0,0,0,0,0,0,0,0,0,0,0,0,0,0,0,0,12853575680,4567891968,784520,278802,12121229,1816,0,96,786432,24055844,812144,4,2126809183,12884901888,19575,491725035,0,0,0,0,0,0,0,0,0,0,0,0,0,0,0,0,0,0,9017804,108907586,0,468,1202,7661,620,18035928,35,0,0,0,0,0,0,0,1,0,0,0,0,0,0,0,0,0,0,13306013,0,12121067,116724,0,0,0,0,0,0,0,0,16384,0,0,0,0,0,0,0,0,0,0,0,1638,407,0,0,0,0,0,27407197,0,151,0,4,406,1638,0,0,0,0,0,0,0,0,0,0,0,0,0,0,0,0,0,0,0,0,0,0,0,0,0,0,0,0,0,0,0,0,0,0,0,0,0,0,0,0,0,0,0,0,0,0,0,0,0,0,0,0,0,0,131532427,0,0,0,334086931,0,0,0,0,0,0,0,27508789,25159886,144159509,90679075840,25479938,1,1,0,0,0,0,0,0,0,0,0,0,0,0,0,0,0,0,0,0,0,0,0,0,0,0,0,0,0,0,0,953064,0,0,0,0,0,0,0
1782295896.302,0,0,0,0,0,0,0,447096944,408160750080,319607837184,0,0,0,0,0,0,0,0,0,0,0,0,0,0,0,0,0,0,0,0,0,0,0,0,0,0,0,0,0,0,0,0,0,0,0,0,0,0,0,0,0,0,0,0,0,0,0,0,0,0,0,0,0,0,0,0,0,0,7,1708977,24971939,12200582,0,0,0,0,0,0,0,0,0,0,0,0,0,0,0,0,0,0,0,0,0,0,0,0,0,0,0,0,0,0,0,0,0,0,0,0,0,12865699840,4570955776,785259,278989,12138164,1074,0,98,786432,24115740,812144,4,2127626005,12884901888,19575,491859782,0,0,0,0,0,0,0,0,0,0,0,0,0,0,0,0,0,0,9022104,108911884,0,468,1202,7661,620,18044526,35,0,0,0,0,0,0,0,1,0,0,0,0,0,0,0,0,0,0,13310848,0,12138002,116909,0,0,0,0,0,0,0,0,16384,0,0,0,0,0,0,0,0,0,0,0,1639,407,0,0,0,0,0,27420282,0,151,0,4,406,1639,0,0,0,0,0,0,0,0,0,0,0,0,0,0,0,0,0,0,0,0,0,0,0,0,0,0,0,0,0,0,0,0,0,0,0,0,0,0,0,0,0,0,0,0,0,0,0,0,0,0,0,0,0,0,131600750,0,0,0,334157075,0,0,0,0,0,0,0,27534443,25219670,144244888,90719939584,25502655,0,0,0,0,0,0,0,0,0,0,0,0,0,0,0,0,0,0,0,0,0,0,0,0,0,0,0,0,0,0,0,957363,0,0,0,0,0,0,0
1782295897.370,0,0,0,0,0,0,0,447265621,409188272640,319946614272,0,0,0,0,0,0,0,0,0,0,0,0,0,0,0,0,0,0,0,0,0,0,0,0,0,0,0,0,0,0,0,0,0,0,0,0,0,0,0,0,0,0,0,0,0,0,0,0,0,0,0,0,0,0,0,0,0,0,7,1709422,25034827,12218184,0,0,0,0,0,0,0,0,0,0,0,0,0,0,0,0,0,0,0,0,0,0,0,0,0,0,0,0,0,0,0,0,0,0,0,0,0,12853936128,4576313344,784542,279316,12155766,1794,0,96,786432,24178507,812144,4,2128481803,12884901888,19575,492001221,0,0,0,0,0,0,0,0,0,0,0,0,0,0,0,0,0,0,9026579,108916360,0,468,1202,7661,620,18053474,35,0,0,0,0,0,0,0,1,0,0,0,0,0,0,0,0,0,0,13315882,0,12155604,117101,0,0,0,0,0,0,0,0,16384,0,0,0,0,0,0,0,0,0,0,0,1640,407,0,0,0,0,0,27433898,0,151,0,4,406,1640,0,0,0,0,0,0,0,0,0,0,0,0,0,0,0,0,0,0,0,0,0,0,0,0,0,0,0,0,0,0,0,0,0,0,0,0,0,0,0,0,0,0,0,0,0,0,0,0,0,0,0,0,0,0,131671381,0,0,0,334230511,0,0,0,0,0,0,0,27564340,25282356,144333247,90762491392,25529298,1,0,0,0,0,0,0,0,0,0,0,0,0,0,0,0,0,0,0,0,0,0,0,0,0,0,0,0,0,0,0,961840,0,0,0,0,0,0,0
1782295898.438,0,0,0,0,0,0,0,447432642,410210241024,320288818688,0,0,0,0,0,0,0,0,0,0,0,0,0,0,0,0,0,0,0,0,0,0,0,0,0,0,0,0,0,0,0,0,0,0,0,0,0,0,0,0,0,0,0,0,0,0,0,0,0,0,0,0,0,0,0,0,0,0,7,1709882,25097354,12235946,0,0,0,0,0,0,0,0,0,0,0,0,0,0,0,0,0,0,0,0,0,0,0,0,0,0,0,0,0,0,0,0,0,0,0,0,0,12849463296,4575019008,784269,279237,12173424,2065,0,97,786432,24240926,812144,4,2129329620,12884901888,19575,492140452,0,0,0,0,0,0,0,0,0,0,0,0,0,0,0,0,0,0,9031032,108920813,0,468,1202,7661,620,18062379,35,0,0,0,0,0,0,0,1,0,0,0,0,0,0,0,0,0,0,13320889,0,12173367,117295,0,0,0,0,0,0,0,0,16384,0,0,0,0,0,0,0,0,0,0,0,1641,407,0,0,0,0,0,27447437,0,151,0,4,406,1641,0,0,0,0,0,0,0,0,0,0,0,0,0,0,0,0,0,0,0,0,0,0,0,0,0,0,0,0,0,0,0,0,0,0,0,0,0,0,0,0,0,0,0,0,0,0,0,0,0,0,0,0,0,0,131742825,0,0,0,334303309,0,0,0,0,0,0,0,27594639,25344686,144422574,90805462016,25556254,1,0,0,0,0,0,0,0,0,0,0,0,0,0,0,0,0,0,0,0,0,0,0,0,0,0,0,0,0,0,0,966291,0,0,0,0,0,0,0
1782295899.506,0,0,0,0,0,0,0,447596801,411223198208,320631161344,0,0,0,0,0,0,0,0,0,0,0,0,0,0,0,0,0,0,0,0,0,0,0,0,0,0,0,0,0,0,0,0,0,0,0,0,0,0,0,0,0,0,0,0,0,0,0,0,0,0,0,0,0,0,0,0,0,0,7,1710319,25159351,12253114,0,0,0,0,0,0,0,0,0,0,0,0,0,0,0,0,0,0,0,0,0,0,0,0,0,0,0,0,0,0,0,0,0,0,0,0,0,12860276736,4613636096,784928,281594,12190696,1406,0,97,786432,24302810,812144,4,2130257647,12884901888,19575,492365846,0,0,0,0,0,0,0,0,0,0,0,0,0,0,0,0,0,0,9035503,108925283,0,468,1202,7661,620,18071326,35,0,0,0,0,0,0,0,1,0,0,0,0,0,0,0,0,0,0,13325918,0,12190534,117484,0,0,0,0,0,0,0,0,16384,0,0,0,0,0,0,0,0,0,0,0,1642,407,0,0,0,0,0,27461047,0,151,0,4,406,1642,0,0,0,0,0,0,0,0,0,0,0,0,0,0,0,0,0,0,0,0,0,0,0,0,0,0,0,0,0,0,0,0,0,0,0,0,0,0,0,0,0,0,0,0,0,0,0,0,0,0,0,0,0,0,131832081,0,0,0,334413586,0,0,0,0,0,0,0,27624690,25406463,144529107,90856859648,25583069,1,1,0,0,0,0,0,0,0,0,0,0,0,0,0,0,0,0,0,0,0,0,0,0,0,0,0,0,0,0,0,932363,0,0,0,0,0,0,0
1782295900.574,0,0,0,0,0,0,0,447762750,412235172352,320969729024,0,0,0,0,0,0,0,0,0,0,0,0,0,0,0,0,0,0,0,0,0,0,0,0,0,0,0,0,0,0,0,0,0,0,0,0,0,0,0,0,0,0,0,0,0,0,0,0,0,0,0,0,0,0,0,0,0,0,7,1710575,25221274,12270725,0,0,0,0,0,0,0,0,0,0,0,0,0,0,0,0,0,0,0,0,0,0,0,0,0,0,0,0,0,0,0,0,0,0,0,0,0,12854460416,4612046848,784574,281497,12208307,1753,0,105,786432,24364645,812144,4,2131098685,12884901888,19575,492505105,0,0,0,0,0,0,0,0,0,0,0,0,0,0,0,0,0,0,9039914,108929695,0,468,1202,7661,620,18080145,35,0,0,0,0,0,0,0,1,0,0,0,0,0,0,0,0,0,0,13330879,0,12208145,117673,0,0,0,0,0,0,0,0,16384,0,0,0,0,0,0,0,0,0,0,0,1643,407,0,0,0,0,0,27474472,0,151,0,4,406,1643,0,0,0,0,0,0,0,0,0,0,0,0,0,0,0,0,0,0,0,0,0,0,0,0,0,0,0,0,0,0,0,0,0,0,0,0,0,0,0,0,0,0,0,0,0,0,0,0,0,0,0,0,0,0,131902668,0,0,0,334485854,0,0,0,0,0,0,0,27654641,25468176,144617444,90898937344,25609812,1,0,0,0,0,0,0,0,0,0,0,0,0,0,0,0,0,0,0,0,0,0,0,0,0,0,0,0,0,0,0,936773,0,0,0,0,0,0,0
1782295901.639,0,0,0,0,0,0,0,447932333,413265955328,321305221632,0,0,0,0,0,0,0,0,0,0,0,0,0,0,0,0,0,0,0,0,0,0,0,0,0,0,0,0,0,0,0,0,0,0,0,0,0,0,0,0,0,0,0,0,0,0,0,0,0,0,0,0,0,0,0,0,0,0,7,1710827,25284343,12288124,0,0,0,0,0,0,0,0,0,0,0,0,0,0,0,0,0,0,0,0,0,0,0,0,0,0,0,0,0,0,0,0,0,0,0,0,0,12864831488,4616863744,785207,281791,12225706,1128,0,96,786432,24427615,812144,4,2131960450,12884901888,19575,492648515,0,0,0,0,0,0,0,0,0,0,0,0,0,0,0,0,0,0,9044370,108934151,0,468,1202,7661,620,18089062,35,0,0,0,0,0,0,0,1,0,0,0,0,0,0,0,0,0,0,13335892,0,12225544,117855,0,0,0,0,0,0,0,0,16384,0,0,0,0,0,0,0,0,0,0,0,1644,407,0,0,0,0,0,27488046,0,151,0,4,406,1644,0,0,0,0,0,0,0,0,0,0,0,0,0,0,0,0,0,0,0,0,0,0,0,0,0,0,0,0,0,0,0,0,0,0,0,0,0,0,0,0,0,0,0,0,0,0,0,0,0,0,0,0,0,0,131972994,0,0,0,334559469,0,0,0,0,0,0,0,27684161,25531064,144705306,90941396992,25636242,1,0,0,0,0,0,0,0,0,0,0,0,0,0,0,0,0,0,0,0,0,0,0,0,0,0,0,0,0,0,0,941231,0,0,0,0,0,0,0
1782295902.706,0,0,0,0,0,0,0,448097166,414269491712,321637263360,0,0,0,0,0,0,0,0,0,0,0,0,0,0,0,0,0,0,0,0,0,0,0,0,0,0,0,0,0,0,0,0,0,0,0,0,0,0,0,0,0,0,0,0,0,0,0,0,0,0,0,0,0,0,0,0,0,0,7,1711058,25345761,12305404,0,0,0,0,0,0,0,0,0,0,0,0,0,0,0,0,0,0,0,0,0,0,0,0,0,0,0,0,0,0,0,0,0,0,0,0,0,12858867712,4614766592,784843,281663,12242986,1492,0,97,786432,24488935,812144,4,2132797506,12884901888,19575,492786610,0,0,0,0,0,0,0,0,0,0,0,0,0,0,0,0,0,0,9048745,108938526,0,468,1202,7661,620,18097807,35,0,0,0,0,0,0,0,1,0,0,0,0,0,0,0,0,0,0,13340813,0,12242824,118046,0,0,0,0,0,0,0,0,16384,0,0,0,0,0,0,0,0,0,0,0,1646,407,0,0,0,0,0,27501367,0,151,0,4,406,1646,0,0,0,0,0,0,0,0,0,0,0,0,0,0,0,0,0,0,0,0,0,0,0,0,0,0,0,0,0,0,0,0,0,0,0,0,0,0,0,0,0,0,0,0,0,0,0,0,0,0,0,0,0,0,132040818,0,0,0,334631222,0,0,0,0,0,0,0,27712747,25592305,144790544,90982483968,25661600,0,0,0,0,0,0,0,0,0,0,0,0,0,0,0,0,0,0,0,0,0,0,0,0,0,0,0,0,0,0,0,945606,0,0,0,0,0,0,0
1782295903.774,0,0,0,0,0,0,0,448261258,415267572224,321980083712,0,0,0,0,0,0,0,0,0,0,0,0,0,0,0,0,0,0,0,0,0,0,0,0,0,0,0,0,0,0,0,0,0,0,0,0,0,0,0,0,0,0,0,0,0,0,0,0,0,0,0,0,0,0,0,0,0,0,7,1711285,25406842,12323298,0,0,0,0,0,0,0,0,0,0,0,0,0,0,0,0,0,0,0,0,0,0,0,0,0,0,0,0,0,0,0,0,0,0,0,0,0,12859932672,4600856576,784908,280814,12260880,1426,0,97,786432,24549911,812144,4,2133630834,12884901888,19575,492924251,0,0,0,0,0,0,0,0,0,0,0,0,0,0,0,0,0,0,9053096,108942877,0,468,1202,7661,620,18106508,35,0,0,0,0,0,0,0,1,0,0,0,0,0,0,0,0,0,0,13345706,0,12260718,118243,0,0,0,0,0,0,0,0,16384,0,0,0,0,0,0,0,0,0,0,0,1647,407,0,0,0,0,0,27514589,0,151,0,4,406,1647,0,0,0,0,0,0,0,0,0,0,0,0,0,0,0,0,0,0,0,0,0,0,0,0,0,0,0,0,0,0,0,0,0,0,0,0,0,0,0,0,0,0,0,0,0,0,0,0,0,0,0,0,0,0,132110148,0,0,0,334702676,0,0,0,0,0,0,0,27742218,25653184,144877915,91024233984,25687896,1,0,0,0,0,0,0,0,0,0,0,0,0,0,0,0,0,0,0,0,0,0,0,0,0,0,0,0,0,0,0,949957,0,0,0,0,0,0,0
1782295904.843,0,0,0,0,0,0,0,448429221,416285592064,322313437696,0,0,0,0,0,0,0,0,0,0,0,0,0,0,0,0,0,0,0,0,0,0,0,0,0,0,0,0,0,0,0,0,0,0,0,0,0,0,0,0,0,0,0,0,0,0,0,0,0,0,0,0,0,0,0,0,0,0,7,1711538,25469114,12340563,0,0,0,0,0,0,0,0,0,0,0,0,0,0,0,0,0,0,0,0,0,0,0,0,0,0,0,0,0,0,0,0,0,0,0,0,0,12860243968,4602462208,784927,280912,12278145,1408,0,96,786432,24612084,812144,4,2134482101,12884901888,19575,493063827,0,0,0,0,0,0,0,0,0,0,0,0,0,0,0,0,0,0,9057566,108947348,0,468,1202,7661,620,18115451,35,0,0,0,0,0,0,0,1,0,0,0,0,0,0,0,0,0,0,13350734,0,12277983,118426,0,0,0,0,0,0,0,0,16384,0,0,0,0,0,0,0,0,0,0,0,1648,407,0,0,0,0,0,27528177,0,151,0,4,406,1648,0,0,0,0,0,0,0,0,0,0,0,0,0,0,0,0,0,0,0,0,0,0,0,0,0,0,0,0,0,0,0,0,0,0,0,0,0,0,0,0,0,0,0,0,0,0,0,0,0,0,0,0,0,0,132180297,0,0,0,334775999,0,0,0,0,0,0,0,27772453,25715257,144965450,91066643456,25715065,1,0,0,0,0,0,0,0,0,0,0,0,0,0,0,0,0,0,0,0,0,0,0,0,0,0,0,0,0,0,0,954427,0,0,0,0,0,0,0
1782295905.911,0,0,0,0,0,0,0,448596524,417303595520,322649489408,0,0,0,0,0,0,0,0,0,0,0,0,0,0,0,0,0,0,0,0,0,0,0,0,0,0,0,0,0,0,0,0,0,0,0,0,0,0,0,0,0,0,0,0,0,0,0,0,0,0,0,0,0,0,0,0,0,0,7,1711803,25531404,12357983,0,0,0,0,0,0,0,0,0,0,0,0,0,0,0,0,0,0,0,0,0,0,0,0,0,0,0,0,0,0,0,0,0,0,0,0,0,12867747840,4602150912,785385,280893,12295484,941,0,106,786432,24674272,812144,4,2135332940,12884901888,19575,493203692,0,0,0,0,0,0,0,0,0,0,0,0,0,0,0,0,0,0,9062014,108951796,0,468,1202,7661,620,18124345,35,0,0,0,0,0,0,0,1,0,0,0,0,0,0,0,0,0,0,13355738,0,12295322,118613,0,0,0,0,0,0,0,0,16384,0,0,0,0,0,0,0,0,0,0,0,1649,407,0,0,0,0,0,27541723,0,151,0,4,406,1649,0,0,0,0,0,0,0,0,0,0,0,0,0,0,0,0,0,0,0,0,0,0,0,0,0,0,0,0,0,0,0,0,0,0,0,0,0,0,0,0,0,0,0,0,0,0,0,0,0,0,0,0,0,0,132250461,0,0,0,334848934,0,0,0,0,0,0,0,27802463,25777372,145053179,91108986880,25741960,0,1,0,0,0,0,0,0,0,0,0,0,0,0,0,0,0,0,0,0,0,0,0,0,0,0,0,0,0,0,0,958876,0,0,0,0,0,0,0
1782295906.980,0,0,0,0,0,0,0,448763077,418317224448,322988686336,0,0,0,0,0,0,0,0,0,0,0,0,0,0,0,0,0,0,0,0,0,0,0,0,0,0,0,0,0,0,0,0,0,0,0,0,0,0,0,0,0,0,0,0,0,0,0,0,0,0,0,0,0,0,0,0,0,0,7,1712068,25593421,12375666,0,0,0,0,0,0,0,0,0,0,0,0,0,0,0,0,0,0,0,0,0,0,0,0,0,0,0,0,0,0,0,0,0,0,0,0,0,12854362112,4597514240,784568,280610,12313248,1767,0,96,786432,24736180,812144,4,2136177819,12884901888,19575,493342156,0,0,0,0,0,0,0,0,0,0,0,0,0,0,0,0,0,0,9066452,108956234,0,468,1202,7661,620,18133227,35,0,0,0,0,0,0,0,1,0,0,0,0,0,0,0,0,0,0,13360729,0,12313086,118799,0,0,0,0,0,0,0,0,16384,0,0,0,0,0,0,0,0,0,0,0,1650,407,0,0,0,0,0,27555203,0,151,0,4,406,1650,0,0,0,0,0,0,0,0,0,0,0,0,0,0,0,0,0,0,0,0,0,0,0,0,0,0,0,0,0,0,0,0,0,0,0,0,0,0,0,0,0,0,0,0,0,0,0,0,0,0,0,0,0,0,132320163,0,0,0,334921624,0,0,0,0,0,0,0,27832449,25839183,145140677,91150709248,25768838,1,0,0,0,0,0,0,0,0,0,0,0,0,0,0,0,0,0,0,0,0,0,0,0,0,0,0,0,0,0,0,963313,0,0,0,0,0,0,0
1782295908.048,0,0,0,0,0,0,0,448926879,419332360704,323337049088,0,0,0,0,0,0,0,0,0,0,0,0,0,0,0,0,0,0,0,0,0,0,0,0,0,0,0,0,0,0,0,0,0,0,0,0,0,0,0,0,0,0,0,0,0,0,0,0,0,0,0,0,0,0,0,0,0,0,7,1712290,25655548,12393219,0,0,0,0,0,0,0,0,0,0,0,0,0,0,0,0,0,0,0,0,0,0,0,0,0,0,0,0,0,0,0,0,0,0,0,0,0,12852477952,4625940480,784452,282345,12330801,1883,0,98,786432,24798209,812144,4,2137103950,12884901888,19575,493567529,0,0,0,0,0,0,0,0,0,0,0,0,0,0,0,0,0,0,9070935,108960718,0,468,1202,7661,620,18142190,35,0,0,0,0,0,0,0,1,0,0,0,0,0,0,0,0,0,0,13365772,0,12330639,118992,0,0,0,0,0,0,0,0,16384,0,0,0,0,0,0,0,0,0,0,0,1651,407,0,0,0,0,0,27568818,0,151,0,4,406,1651,0,0,0,0,0,0,0,0,0,0,0,0,0,0,0,0,0,0,0,0,0,0,0,0,0,0,0,0,0,0,0,0,0,0,0,0,0,0,0,0,0,0,0,0,0,0,0,0,0,0,0,0,0,0,132409969,0,0,0,335031976,0,0,0,0,0,0,0,27863131,25901115,145248157,91202151936,25796171,1,0,0,0,0,0,0,0,0,0,0,0,0,0,0,0,0,0,0,0,0,0,0,0,0,0,0,0,0,0,0,929396,0,0,0,0,0,0,0
1782295909.116,0,0,0,0,0,0,0,449097091,420362324480,323727782400,0,0,0,0,0,0,0,0,0,0,0,0,0,0,0,0,0,0,0,0,0,0,0,0,0,0,0,0,0,0,0,0,0,0,0,0,0,0,0,0,0,0,0,0,0,0,0,0,0,0,0,0,0,0,0,0,0,0,7,1712530,25718575,12413980,0,0,0,0,0,0,0,0,0,0,0,0,0,0,0,0,0,0,0,0,0,0,0,0,0,0,0,0,0,0,0,0,0,0,0,0,0,12854689792,4576985088,784588,279357,12348333,1747,0,97,786432,24861134,812144,4,2137967493,12884901888,19575,493708562,0,0,0,0,0,0,0,0,0,0,0,0,0,0,0,0,0,0,9075474,108965257,0,468,1202,7661,620,18151266,35,0,0,0,0,0,0,0,1,0,0,0,0,0,0,0,0,0,0,13370877,0,12351371,119208,0,0,0,0,0,0,0,0,16384,0,0,0,0,0,0,0,0,0,0,0,1652,407,0,0,0,0,0,27582623,0,151,0,4,406,1652,0,0,0,0,0,0,0,0,0,0,0,0,0,0,0,0,0,0,0,0,0,0,0,0,0,0,0,0,0,0,0,0,0,0,0,0,0,0,0,0,0,0,0,0,0,0,0,0,0,0,0,0,0,0,132480884,0,0,0,335106296,0,0,0,0,0,0,0,27894401,25963935,145340000,91244689920,25823889,1,0,0,0,0,0,0,0,0,0,0,0,0,0,0,0,0,0,0,0,0,0,0,0,0,0,0,0,0,0,0,933935,0,0,0,0,0,0,0
1782295910.182,0,0,0,0,0,0,0,449269868,421406263808,324080296448,0,0,0,0,0,0,0,0,0,0,0,0,0,0,0,0,0,0,0,0,0,0,0,0,0,0,0,0,0,0,0,0,0,0,0,0,0,0,0,0,0,0,0,0,0,0,0,0,0,0,0,0,0,0,0,0,0,0,7,1712765,25782489,12432365,0,0,0,0,0,0,0,0,0,0,0,0,0,0,0,0,0,0,0,0,0,0,0,0,0,0,0,0,0,0,0,0,0,0,0,0,0,12864569344,4569432064,785190,278896,12369947,1143,0,97,786432,24924950,812144,4,2138844369,12884901888,19575,493853860,0,0,0,0,0,0,0,0,0,0,0,0,0,0,0,0,0,0,9080027,108969810,0,468,1202,7661,620,18160373,35,0,0,0,0,0,0,0,1,0,0,0,0,0,0,0,0,0,0,13376001,0,12369785,119410,0,0,0,0,0,0,0,0,16384,0,0,0,0,0,0,0,0,0,0,0,1653,407,0,0,0,0,0,27596481,0,151,0,4,406,1653,0,0,0,0,0,0,0,0,0,0,0,0,0,0,0,0,0,0,0,0,0,0,0,0,0,0,0,0,0,0,0,0,0,0,0,0,0,0,0,0,0,0,0,0,0,0,0,0,0,0,0,0,0,0,132552988,0,0,0,335181442,0,0,0,0,0,0,0,27926666,26027650,145430610,91288026112,25852750,1,0,0,0,0,0,0,0,0,0,0,0,0,0,0,0,0,0,0,0,0,0,0,0,0,0,0,0,0,0,0,938490,0,0,0,0,0,0,0
1782295911.249,0,0,0,0,0,0,0,449436205,422414092800,324417971200,0,0,0,0,0,0,0,0,0,0,0,0,0,0,0,0,0,0,0,0,0,0,0,0,0,0,0,0,0,0,0,0,0,0,0,0,0,0,0,0,0,0,0,0,0,0,0,0,0,0,0,0,0,0,0,0,0,0,7,1712988,25844171,12449964,0,0,0,0,0,0,0,0,0,0,0,0,0,0,0,0,0,0,0,0,0,0,0,0,0,0,0,0,0,0,0,0,0,0,0,0,0,12855558144,4562452480,784641,278470,12387546,1695,0,96,786432,24986526,812144,4,2139688725,12884901888,19575,493992550,0,0,0,0,0,0,0,0,0,0,0,0,0,0,0,0,0,0,9084432,108974214,0,468,1202,7661,620,18169179,35,0,0,0,0,0,0,0,1,0,0,0,0,0,0,0,0,0,0,13380954,0,12387384,119604,0,0,0,0,0,0,0,0,16384,0,0,0,0,0,0,0,0,0,0,0,1654,407,0,0,0,0,0,27609873,0,151,0,4,406,1654,0,0,0,0,0,0,0,0,0,0,0,0,0,0,0,0,0,0,0,0,0,0,0,0,0,0,0,0,0,0,0,0,0,0,0,0,0,0,0,0,0,0,0,0,0,0,0,0,0,0,0,0,0,0,132622140,0,0,0,335253928,0,0,0,0,0,0,0,27955447,26089117,145517499,91329447424,25878366,0,0,0,0,0,0,0,0,0,0,0,0,0,0,0,0,0,0,0,0,0,0,0,0,0,0,0,0,0,0,0,942894,0,0,0,0,0,0,0
1782295912.315,0,0,0,0,0,0,0,449601179,423414237696,324752240640,0,0,0,0,0,0,0,0,0,0,0,0,0,0,0,0,0,0,0,0,0,0,0,0,0,0,0,0,0,0,0,0,0,0,0,0,0,0,0,0,0,0,0,0,0,0,0,0,0,0,0,0,0,0,0,0,0,0,7,1713285,25905370,12467338,0,0,0,0,0,0,0,0,0,0,0,0,0,0,0,0,0,0,0,0,0,0,0,0,0,0,0,0,0,0,0,0,0,0,0,0,0,12858523648,4558422016,784822,278224,12404762,1512,0,98,786432,25047624,812144,4,2140523746,12884901888,19575,494129011,0,0,0,0,0,0,0,0,0,0,0,0,0,0,0,0,0,0,9088829,108978612,0,468,1202,7661,620,18177977,35,0,0,0,0,0,0,0,1,0,0,0,0,0,0,0,0,0,0,13385901,0,12404728,119786,0,0,0,0,0,0,0,0,16384,0,0,0,0,0,0,0,0,0,0,0,1655,407,0,0,0,0,0,27623227,0,151,0,4,406,1655,0,0,0,0,0,0,0,0,0,0,0,0,0,0,0,0,0,0,0,0,0,0,0,0,0,0,0,0,0,0,0,0,0,0,0,0,0,0,0,0,0,0,0,0,0,0,0,0,0,0,0,0,0,0,132691523,0,0,0,335325939,0,0,0,0,0,0,0,27982600,26150146,145604390,91370970112,25902449,0,0,0,0,0,0,0,0,0,0,0,0,0,0,0,0,0,0,0,0,0,0,0,0,0,0,0,0,0,0,0,947292,0,0,0,0,0,0,0
1782295913.383,0,0,0,0,0,0,0,449774141,424461797888,325090421248,0,0,0,0,0,0,0,0,0,0,0,0,0,0,0,0,0,0,0,0,0,0,0,0,0,0,0,0,0,0,0,0,0,0,0,0,0,0,0,0,0,0,0,0,0,0,0,0,0,0,0,0,0,0,0,0,0,0,7,1713543,25969474,12484859,0,0,0,0,0,0,0,0,0,0,0,0,0,0,0,0,0,0,0,0,0,0,0,0,0,0,0,0,0,0,0,0,0,0,0,0,0,12860522496,4566482944,784944,278716,12422441,1391,0,96,786432,25111618,812144,4,2141400854,12884901888,19575,494272460,0,0,0,0,0,0,0,0,0,0,0,0,0,0,0,0,0,0,9093427,108983210,0,468,1202,7661,620,18187170,35,0,0,0,0,0,0,0,1,0,0,0,0,0,0,0,0,0,0,13391073,0,12422279,119980,0,0,0,0,0,0,0,0,16384,0,0,0,0,0,0,0,0,0,0,0,1656,407,0,0,0,0,0,27637202,0,151,0,4,406,1656,0,0,0,0,0,0,0,0,0,0,0,0,0,0,0,0,0,0,0,0,0,0,0,0,0,0,0,0,0,0,0,0,0,0,0,0,0,0,0,0,0,0,0,0,0,0,0,0,0,0,0,0,0,0,132762662,0,0,0,335401435,0,0,0,0,0,0,0,28014604,26214028,145693178,91414076928,25931110,0,0,0,0,0,0,0,0,0,0,0,0,0,0,0,0,0,0,0,0,0,0,0,0,0,0,0,0,0,0,0,951890,0,0,0,0,0,0,0
1782295914.451,0,0,0,0,0,0,0,449946134,425506032128,325436653568,0,0,0,0,0,0,0,0,0,0,0,0,0,0,0,0,0,0,0,0,0,0,0,0,0,0,0,0,0,0,0,0,0,0,0,0,0,0,0,0,0,0,0,0,0,0,0,0,0,0,0,0,0,0,0,0,0,0,7,1713862,26033378,12502941,0,0,0,0,0,0,0,0,0,0,0,0,0,0,0,0,0,0,0,0,0,0,0,0,0,0,0,0,0,0,0,0,0,0,0,0,0,12850724864,4564402176,784346,278589,12440523,1990,0,96,786432,25175427,812144,4,2142273504,12884901888,19575,494414306,0,0,0,0,0,0,0,0,0,0,0,0,0,0,0,0,0,0,9098019,108987801,0,468,1202,7661,620,18196356,35,0,0,0,0,0,0,0,1,0,0,0,0,0,0,0,0,0,0,13396236,0,12440361,120181,0,0,0,0,0,0,0,0,16384,0,0,0,0,0,0,0,0,0,0,0,1657,407,0,0,0,0,0,27651155,0,151,0,4,406,1657,0,0,0,0,0,0,0,0,0,0,0,0,0,0,0,0,0,0,0,0,0,0,0,0,0,0,0,0,0,0,0,0,0,0,0,0,0,0,0,0,0,0,0,0,0,0,0,0,0,0,0,0,0,0,132832904,0,0,0,335476586,0,0,0,0,0,0,0,28046612,26277727,145781653,91456039936,25959707,1,1,0,0,0,0,0,0,0,0,0,0,0,0,0,0,0,0,0,0,0,0,0,0,0,0,0,0,0,0,0,956480,0,0,0,0,0,0,0
1782295915.519,0,0,0,0,0,0,0,450112428,426542975488,325784978432,0,0,0,0,0,0,0,0,0,0,0,0,0,0,0,0,0,0,0,0,0,0,0,0,0,0,0,0,0,0,0,0,0,0,0,0,0,0,0,0,0,0,0,0,0,0,0,0,0,0,0,0,0,0,0,0,0,0,7,1714299,26096838,12520557,0,0,0,0,0,0,0,0,0,0,0,0,0,0,0,0,0,0,0,0,0,0,0,0,0,0,0,0,0,0,0,0,0,0,0,0,0,12869451776,4597710848,785490,280622,12458139,843,0,99,786432,25238792,812144,4,2143209353,12884901888,19575,494637537,0,0,0,0,0,0,0,0,0,0,0,0,0,0,0,0,0,0,9102632,108992415,0,468,1202,7661,620,18205588,35,0,0,0,0,0,0,0,1,0,0,0,0,0,0,0,0,0,0,13401424,0,12457977,120373,0,0,0,0,0,0,0,0,16384,0,0,0,0,0,0,0,0,0,0,0,1658,407,0,0,0,0,0,27665182,0,151,0,4,406,1658,0,0,0,0,0,0,0,0,0,0,0,0,0,0,0,0,0,0,0,0,0,0,0,0,0,0,0,0,0,0,0,0,0,0,0,0,0,0,0,0,0,0,0,0,0,0,0,0,0,0,0,0,0,0,132921726,0,0,0,335588331,0,0,0,0,0,0,0,28078710,26340980,145888191,91506567168,25988522,1,1,0,0,0,0,0,0,0,0,0,0,0,0,0,0,0,0,0,0,0,0,0,0,0,0,0,0,0,0,0,922695,0,0,0,0,0,0,0
1782295916.588,0,0,0,0,0,0,0,450285138,427593157120,326132537856,0,0,0,0,0,0,0,0,0,0,0,0,0,0,0,0,0,0,0,0,0,0,0,0,0,0,0,0,0,0,0,0,0,0,0,0,0,0,0,0,0,0,0,0,0,0,0,0,0,0,0,0,0,0,0,0,0,0,7,1714519,26161092,12538643,0,0,0,0,0,0,0,0,0,0,0,0,0,0,0,0,0,0,0,0,0,0,0,0,0,0,0,0,0,0,0,0,0,0,0,0,0,12863111168,4596957184,785102,280576,12476225,1231,0,97,786432,25302949,812144,4,2144085261,12884901888,19575,494780696,0,0,0,0,0,0,0,0,0,0,0,0,0,0,0,0,0,0,9107217,108996999,0,468,1202,7661,620,18214756,35,0,0,0,0,0,0,0,1,0,0,0,0,0,0,0,0,0,0,13406580,0,12476063,120571,0,0,0,0,0,0,0,0,16384,0,0,0,0,0,0,0,0,0,0,0,1659,407,0,0,0,0,0,27679127,0,151,0,4,406,1659,0,0,0,0,0,0,0,0,0,0,0,0,0,0,0,0,0,0,0,0,0,0,0,0,0,0,0,0,0,0,0,0,0,0,0,0,0,0,0,0,0,0,0,0,0,0,0,0,0,0,0,0,0,0,132993440,0,0,0,335663718,0,0,0,0,0,0,0,28110493,26405028,145978129,91549628416,26016884,1,1,0,0,0,0,0,0,0,0,0,0,0,0,0,0,0,0,0,0,0,0,0,0,0,0,0,0,0,0,0,927278,0,0,0,0,0,0,0
1782295917.658,0,0,0,0,0,0,0,450456210,428635671040,326474743808,0,0,0,0,0,0,0,0,0,0,0,0,0,0,0,0,0,0,0,0,0,0,0,0,0,0,0,0,0,0,0,0,0,0,0,0,0,0,0,0,0,0,0,0,0,0,0,0,0,0,0,0,0,0,0,0,0,0,7,1714751,26224917,12556450,0,0,0,0,0,0,0,0,0,0,0,0,0,0,0,0,0,0,0,0,0,0,0,0,0,0,0,0,0,0,0,0,0,0,0,0,0,12858507264,4595253248,784821,280472,12494032,1515,0,96,786432,25366681,812144,4,2144951216,12884901888,19575,494920993,0,0,0,0,0,0,0,0,0,0,0,0,0,0,0,0,0,0,9111788,109001571,0,468,1202,7661,620,18223894,35,0,0,0,0,0,0,0,1,0,0,0,0,0,0,0,0,0,0,13411719,0,12493870,120770,0,0,0,0,0,0,0,0,16384,0,0,0,0,0,0,0,0,0,0,0,1660,407,0,0,0,0,0,27693029,0,151,0,4,406,1660,0,0,0,0,0,0,0,0,0,0,0,0,0,0,0,0,0,0,0,0,0,0,0,0,0,0,0,0,0,0,0,0,0,0,0,0,0,0,0,0,0,0,0,0,0,0,0,0,0,0,0,0,0,0,133064029,0,0,0,335738640,0,0,0,0,0,0,0,28142423,26468663,146066671,91592060416,26045381,0,0,0,0,0,0,0,0,0,0,0,0,0,0,0,0,0,0,0,0,0,0,0,0,0,0,0,0,0,0,0,931851,0,0,0,0,0,0,0
1782295918.724,0,0,0,0,0,0,0,450629146,429683165696,326820545536,0,0,0,0,0,0,0,0,0,0,0,0,0,0,0,0,0,0,0,0,0,0,0,0,0,0,0,0,0,0,0,0,0,0,0,0,0,0,0,0,0,0,0,0,0,0,0,0,0,0,0,0,0,0,0,0,0,0,7,1714997,26289001,12574420,0,0,0,0,0,0,0,0,0,0,0,0,0,0,0,0,0,0,0,0,0,0,0,0,0,0,0,0,0,0,0,0,0,0,0,0,0,12855279616,4594696192,784623,280438,12512002,1712,0,98,786432,25430668,812144,4,2145829495,12884901888,19575,495065076,0,0,0,0,0,0,0,0,0,0,0,0,0,0,0,0,0,0,9116352,109006134,0,468,1202,7661,620,18233025,35,0,0,0,0,0,0,0,1,0,0,0,0,0,0,0,0,0,0,13416853,0,12511840,120967,0,0,0,0,0,0,0,0,16384,0,0,0,0,0,0,0,0,0,0,0,1662,407,0,0,0,0,0,27706901,0,151,0,4,406,1662,0,0,0,0,0,0,0,0,0,0,0,0,0,0,0,0,0,0,0,0,0,0,0,0,0,0,0,0,0,0,0,0,0,0,0,0,0,0,0,0,0,0,0,0,0,0,0,0,0,0,0,0,0,0,133135355,0,0,0,335814075,0,0,0,0,0,0,0,28174607,26532566,146156093,91635193856,26074094,1,1,0,0,0,0,0,0,0,0,0,0,0,0,0,0,0,0,0,0,0,0,0,0,0,0,0,0,0,0,0,936415,0,0,0,0,0,0,0
1782295919.791,0,0,0,0,0,0,0,450801590,430723222016,327172923904,0,0,0,0,0,0,0,0,0,0,0,0,0,0,0,0,0,0,0,0,0,0,0,0,0,0,0,0,0,0,0,0,0,0,0,0,0,0,0,0,0,0,0,0,0,0,0,0,0,0,0,0,0,0,0,0,0,0,7,1715269,26352657,12592811,0,0,0,0,0,0,0,0,0,0,0,0,0,0,0,0,0,0,0,0,0,0,0,0,0,0,0,0,0,0,0,0,0,0,0,0,0,12853329920,4581818368,784505,279652,12530393,1827,0,99,786432,25494228,812144,4,2146705039,12884901888,19575,495209274,0,0,0,0,0,0,0,0,0,0,0,0,0,0,0,0,0,0,9120900,109010682,0,468,1202,7661,620,18242117,35,0,0,0,0,0,0,0,1,0,0,0,0,0,0,0,0,0,0,13421969,0,12530231,121168,0,0,0,0,0,0,0,0,16384,0,0,0,0,0,0,0,0,0,0,0,1663,407,0,0,0,0,0,27720719,0,151,0,4,406,1663,0,0,0,0,0,0,0,0,0,0,0,0,0,0,0,0,0,0,0,0,0,0,0,0,0,0,0,0,0,0,0,0,0,0,0,0,0,0,0,0,0,0,0,0,0,0,0,0,0,0,0,0,0,0,133206056,0,0,0,335889305,0,0,0,0,0,0,0,28206250,26596003,146245340,91678051840,26102325,1,0,0,0,0,0,0,0,0,0,0,0,0,0,0,0,0,0,0,0,0,0,0,0,0,0,0,0,0,0,0,940962,0,0,0,0,0,0,0
1782295920.859,0,0,0,0,0,0,0,450974829,431770061312,327511600128,0,0,0,0,0,0,0,0,0,0,0,0,0,0,0,0,0,0,0,0,0,0,0,0,0,0,0,0,0,0,0,0,0,0,0,0,0,0,0,0,0,0,0,0,0,0,0,0,0,0,0,0,0,0,0,0,0,0,7,1715562,26416723,12610332,0,0,0,0,0,0,0,0,0,0,0,0,0,0,0,0,0,0,0,0,0,0,0,0,0,0,0,0,0,0,0,0,0,0,0,0,0,12861095936,4588617728,784979,280067,12547914,1357,0,96,786432,25558183,812144,4,2147583563,12884901888,19575,495353711,0,0,0,0,0,0,0,0,0,0,0,0,0,0,0,0,0,0,9125483,109015265,0,468,1202,7661,620,18251286,35,0,0,0,0,0,0,0,1,0,0,0,0,0,0,0,0,0,0,13427122,0,12547752,121362,0,0,0,0,0,0,0,0,16384,0,0,0,0,0,0,0,0,0,0,0,1664,407,0,0,0,0,0,27734664,0,151,0,4,406,1664,0,0,0,0,0,0,0,0,0,0,0,0,0,0,0,0,0,0,0,0,0,0,0,0,0,0,0,0,0,0,0,0,0,0,0,0,0,0,0,0,0,0,0,0,0,0,0,0,0,0,0,0,0,0,133277700,0,0,0,335964897,0,0,0,0,0,0,0,28238196,26659870,146334652,91721397248,26130908,0,1,0,0,0,0,0,0,0,0,0,0,0,0,0,0,0,0,0,0,0,0,0,0,0,0,0,0,0,0,0,945546,0,0,0,0,0,0,0
1782295921.925,0,0,0,0,0,0,0,451148656,432811379200,327851693568,0,0,0,0,0,0,0,0,0,0,0,0,0,0,0,0,0,0,0,0,0,0,0,0,0,0,0,0,0,0,0,0,0,0,0,0,0,0,0,0,0,0,0,0,0,0,0,0,0,0,0,0,0,0,0,0,0,0,7,1715825,26480452,12627931,0,0,0,0,0,0,0,0,0,0,0,0,0,0,0,0,0,0,0,0,0,0,0,0,0,0,0,0,0,0,0,0,0,0,0,0,0,12860260352,4591910912,784928,280268,12565513,1407,0,97,786432,25621810,812144,4,2148464234,12884901888,19575,495498093,0,0,0,0,0,0,0,0,0,0,0,0,0,0,0,0,0,0,9130087,109019869,0,468,1202,7661,620,18260492,35,0,0,0,0,0,0,0,1,0,0,0,0,0,0,0,0,0,0,13432301,0,12565351,121548,0,0,0,0,0,0,0,0,16384,0,0,0,0,0,0,0,0,0,0,0,1665,407,0,0,0,0,0,27748694,0,151,0,4,406,1665,0,0,0,0,0,0,0,0,0,0,0,0,0,0,0,0,0,0,0,0,0,0,0,0,0,0,0,0,0,0,0,0,0,0,0,0,0,0,0,0,0,0,0,0,0,0,0,0,0,0,0,0,0,0,133349376,0,0,0,336040785,0,0,0,0,0,0,0,28270037,26723386,146424047,91764820992,26159491,1,0,0,0,0,0,0,0,0,0,0,0,0,0,0,0,0,0,0,0,0,0,0,0,0,0,0,0,0,0,0,950150,0,0,0,0,0,0,0
1782295922.990,0,0,0,0,0,0,0,451313462,433847421440,328196043264,0,0,0,0,0,0,0,0,0,0,0,0,0,0,0,0,0,0,0,0,0,0,0,0,0,0,0,0,0,0,0,0,0,0,0,0,0,0,0,0,0,0,0,0,0,0,0,0,0,0,0,0,0,0,0,0,0,0,7,1716256,26543854,12645443,0,0,0,0,0,0,0,0,0,0,0,0,0,0,0,0,0,0,0,0,0,0,0,0,0,0,0,0,0,0,0,0,0,0,0,0,0,12866600960,4621271040,785315,282060,12583025,1014,0,103,786432,25685133,812144,4,2149391192,12884901888,19575,495716346,0,0,0,0,0,0,0,0,0,0,0,0,0,0,0,0,0,0,9134714,109024496,0,468,1202,7661,620,18269747,35,0,0,0,0,0,0,0,1,0,0,0,0,0,0,0,0,0,0,13437507,0,12582863,121742,0,0,0,0,0,0,0,0,16384,0,0,0,0,0,0,0,0,0,0,0,1666,407,0,0,0,0,0,27762756,0,151,0,4,406,1666,0,0,0,0,0,0,0,0,0,0,0,0,0,0,0,0,0,0,0,0,0,0,0,0,0,0,0,0,0,0,0,0,0,0,0,0,0,0,0,0,0,0,0,0,0,0,0,0,0,0,0,0,0,0,133433590,0,0,0,336152197,0,0,0,0,0,0,0,28302013,26786577,146525904,91812847104,26188077,1,0,0,0,0,0,0,0,0,0,0,0,0,0,0,0,0,0,0,0,0,0,0,0,0,0,0,0,0,0,0,916376,0,0,0,0,0,0,0
1782295924.055,0,0,0,0,0,0,0,451485914,434891770368,328544899584,0,0,0,0,0,0,0,0,0,0,0,0,0,0,0,0,0,0,0,0,0,0,0,0,0,0,0,0,0,0,0,0,0,0,0,0,0,0,0,0,0,0,0,0,0,0,0,0,0,0,0,0,0,0,0,0,0,0,7,1716573,26607745,12663616,0,0,0,0,0,0,0,0,0,0,0,0,0,0,0,0,0,0,0,0,0,0,0,0,0,0,0,0,0,0,0,0,0,0,0,0,0,12857311232,4614995968,784748,281677,12600942,1588,0,96,786432,25748928,812144,4,2150265202,12884901888,19575,495858322,0,0,0,0,0,0,0,0,0,0,0,0,0,0,0,0,0,0,9139309,109029090,0,468,1202,7661,620,18278938,35,0,0,0,0,0,0,0,1,0,0,0,0,0,0,0,0,0,0,13442674,0,12601036,121936,0,0,0,0,0,0,0,0,16384,0,0,0,0,0,0,0,0,0,0,0,1667,407,0,0,0,0,0,27776718,0,151,0,4,406,1667,0,0,0,0,0,0,0,0,0,0,0,0,0,0,0,0,0,0,0,0,0,0,0,0,0,0,0,0,0,0,0,0,0,0,0,0,0,0,0,0,0,0,0,0,0,0,0,0,0,0,0,0,0,0,133504684,0,0,0,336227608,0,0,0,0,0,0,0,28333647,26850276,146615315,91855749120,26216330,1,0,0,0,0,0,0,0,0,0,0,0,0,0,0,0,0,0,0,0,0,0,0,0,0,0,0,0,0,0,0,920970,0,0,0,0,0,0,0
1782295925.123,0,0,0,0,0,0,0,451654339,435917392384,328940876800,0,0,0,0,0,0,0,0,0,0,0,0,0,0,0,0,0,0,0,0,0,0,0,0,0,0,0,0,0,0,0,0,0,0,0,0,0,0,0,0,0,0,0,0,0,0,0,0,0,0,0,0,0,0,0,0,0,0,7,1716825,26670521,12684716,0,0,0,0,0,0,0,0,0,0,0,0,0,0,0,0,0,0,0,0,0,0,0,0,0,0,0,0,0,0,0,0,0,0,0,0,0,12856967168,4557094912,784727,278143,12618586,1607,0,98,786432,25811602,812144,4,2151118180,12884901888,19575,495997823,0,0,0,0,0,0,0,0,0,0,0,0,0,0,0,0,0,0,9143774,109033556,0,468,1202,7661,620,18287869,35,0,0,0,0,0,0,0,1,0,0,0,0,0,0,0,0,0,0,13447698,0,12622136,122152,0,0,0,0,0,0,0,0,16384,0,0,0,0,0,0,0,0,0,0,0,1668,407,0,0,0,0,0,27790291,0,151,0,4,406,1668,0,0,0,0,0,0,0,0,0,0,0,0,0,0,0,0,0,0,0,0,0,0,0,0,0,0,0,0,0,0,0,0,0,0,0,0,0,0,0,0,0,0,0,0,0,0,0,0,0,0,0,0,0,0,133574919,0,0,0,336301186,0,0,0,0,0,0,0,28364436,26912858,146706790,91898158592,26243412,0,1,0,0,0,0,0,0,0,0,0,0,0,0,0,0,0,0,0,0,0,0,0,0,0,0,0,0,0,0,0,925436,0,0,0,0,0,0,0
1782295926.191,0,0,0,0,0,0,0,451823988,436949977600,329283309056,0,0,0,0,0,0,0,0,0,0,0,0,0,0,0,0,0,0,0,0,0,0,0,0,0,0,0,0,0,0,0,0,0,0,0,0,0,0,0,0,0,0,0,0,0,0,0,0,0,0,0,0,0,0,0,0,0,0,7,1717054,26733723,12702509,0,0,0,0,0,0,0,0,0,0,0,0,0,0,0,0,0,0,0,0,0,0,0,0,0,0,0,0,0,0,0,0,0,0,0,0,0,12867469312,4552146944,785368,277841,12640091,968,0,96,786432,25874722,812144,4,2151976706,12884901888,19575,496135676,0,0,0,0,0,0,0,0,0,0,0,0,0,0,0,0,0,0,9148333,109038115,0,468,1202,7661,620,18296988,35,0,0,0,0,0,0,0,1,0,0,0,0,0,0,0,0,0,0,13452826,0,12639929,122343,0,0,0,0,0,0,0,0,16384,0,0,0,0,0,0,0,0,0,0,0,1669,407,0,0,0,0,0,27804153,0,151,0,4,406,1669,0,0,0,0,0,0,0,0,0,0,0,0,0,0,0,0,0,0,0,0,0,0,0,0,0,0,0,0,0,0,0,0,0,0,0,0,0,0,0,0,0,0,0,0,0,0,0,0,0,0,0,0,0,0,133646132,0,0,0,336375672,0,0,0,0,0,0,0,28395322,26975863,146795925,91941080064,26271013,1,0,0,0,0,0,0,0,0,0,0,0,0,0,0,0,0,0,0,0,0,0,0,0,0,0,0,0,0,0,0,929996,0,0,0,0,0,0,0
1782295927.258,0,0,0,0,0,0,0,451987070,437940161024,329622034432,0,0,0,0,0,0,0,0,0,0,0,0,0,0,0,0,0,0,0,0,0,0,0,0,0,0,0,0,0,0,0,0,0,0,0,0,0,0,0,0,0,0,0,0,0,0,0,0,0,0,0,0,0,0,0,0,0,0,7,1717293,26794340,12720116,0,0,0,0,0,0,0,0,0,0,0,0,0,0,0,0,0,0,0,0,0,0,0,0,0,0,0,0,0,0,0,0,0,0,0,0,0,12851576832,4539711488,784398,277082,12657698,1938,0,96,786432,25935220,812144,4,2152803581,12884901888,19575,496270247,0,0,0,0,0,0,0,0,0,0,0,0,0,0,0,0,0,0,9152665,109042446,0,468,1202,7661,620,18305649,35,0,0,0,0,0,0,0,1,0,0,0,0,0,0,0,0,0,0,13457697,0,12657536,122542,0,0,0,0,0,0,0,0,16384,0,0,0,0,0,0,0,0,0,0,0,1670,407,0,0,0,0,0,27817309,0,151,0,4,406,1670,0,0,0,0,0,0,0,0,0,0,0,0,0,0,0,0,0,0,0,0,0,0,0,0,0,0,0,0,0,0,0,0,0,0,0,0,0,0,0,0,0,0,0,0,0,0,0,0,0,0,0,0,0,0,133716449,0,0,0,336446986,0,0,0,0,0,0,0,28420447,27036283,146883996,91983484416,26292750,0,0,0,0,0,0,0,0,0,0,0,0,0,0,0,0,0,0,0,0,0,0,0,0,0,0,0,0,0,0,0,934327,0,0,0,0,0,0,0
1782295928.324,0,0,0,0,0,0,0,452159769,438989703680,329968827904,0,0,0,0,0,0,0,0,0,0,0,0,0,0,0,0,0,0,0,0,0,0,0,0,0,0,0,0,0,0,0,0,0,0,0,0,0,0,0,0,0,0,0,0,0,0,0,0,0,0,0,0,0,0,0,0,0,0,7,1717616,26858559,12738127,0,0,0,0,0,0,0,0,0,0,0,0,0,0,0,0,0,0,0,0,0,0,0,0,0,0,0,0,0,0,0,0,0,0,0,0,0,12859555840,4538236928,784885,276992,12675709,1449,0,98,786432,25999344,812144,4,2153680373,12884901888,19575,496412506,0,0,0,0,0,0,0,0,0,0,0,0,0,0,0,0,0,0,9157256,109047036,0,468,1202,7661,620,18314831,35,0,0,0,0,0,0,0,1,0,0,0,0,0,0,0,0,0,0,13462859,0,12675547,122731,0,0,0,0,0,0,0,0,16384,0,0,0,0,0,0,0,0,0,0,0,1671,407,0,0,0,0,0,27831245,0,151,0,4,406,1671,0,0,0,0,0,0,0,0,0,0,0,0,0,0,0,0,0,0,0,0,0,0,0,0,0,0,0,0,0,0,0,0,0,0,0,0,0,0,0,0,0,0,0,0,0,0,0,0,0,0,0,0,0,0,133788687,0,0,0,336522581,0,0,0,0,0,0,0,28452398,27100324,146974361,92026935808,26321486,0,1,0,0,0,0,0,0,0,0,0,0,0,0,0,0,0,0,0,0,0,0,0,0,0,0,0,0,0,0,0,938916,0,0,0,0,0,0,0
1782295929.393,0,0,0,0,0,0,0,452334269,440038869504,330311696384,0,0,0,0,0,0,0,0,0,0,0,0,0,0,0,0,0,0,0,0,0,0,0,0,0,0,0,0,0,0,0,0,0,0,0,0,0,0,0,0,0,0,0,0,0,0,0,0,0,0,0,0,0,0,0,0,0,0,7,1717887,26922795,12755910,0,0,0,0,0,0,0,0,0,0,0,0,0,0,0,0,0,0,0,0,0,0,0,0,0,0,0,0,0,0,0,0,0,0,0,0,0,12854427648,4542693376,784571,277264,12693492,1762,0,97,786432,26063451,812144,4,2154563655,12884901888,19575,496556871,0,0,0,0,0,0,0,0,0,0,0,0,0,0,0,0,0,0,9161883,109051662,0,468,1202,7661,620,18324081,35,0,0,0,0,0,0,0,1,0,0,0,0,0,0,0,0,0,0,13468063,0,12693330,122923,0,0,0,0,0,0,0,0,16384,0,0,0,0,0,0,0,0,0,0,0,1672,407,0,0,0,0,0,27845308,0,151,0,4,406,1672,0,0,0,0,0,0,0,0,0,0,0,0,0,0,0,0,0,0,0,0,0,0,0,0,0,0,0,0,0,0,0,0,0,0,0,0,0,0,0,0,0,0,0,0,0,0,0,0,0,0,0,0,0,0,133860223,0,0,0,336598937,0,0,0,0,0,0,0,28484228,27164346,147063823,92070228480,26350003,0,0,0,0,0,0,0,0,0,0,0,0,0,0,0,0,0,0,0,0,0,0,0,0,0,0,0,0,0,0,0,943543,0,0,0,0,0,0,0
1782295930.461,0,0,0,0,0,0,0,452509172,441096784384,330659020800,0,0,0,0,0,0,0,0,0,0,0,0,0,0,0,0,0,0,0,0,0,0,0,0,0,0,0,0,0,0,0,0,0,0,0,0,0,0,0,0,0,0,0,0,0,0,0,0,0,0,0,0,0,0,0,0,0,0,7,1718222,26987537,12773920,0,0,0,0,0,0,0,0,0,0,0,0,0,0,0,0,0,0,0,0,0,0,0,0,0,0,0,0,0,0,0,0,0,0,0,0,0,12854362112,4543496192,784569,277313,12711502,1762,0,100,786432,26128087,812144,4,2155449585,12884901888,19575,496700655,0,0,0,0,0,0,0,0,0,0,0,0,0,0,0,0,0,0,9166538,109056320,0,468,1202,7661,620,18333394,35,0,0,0,0,0,0,0,1,0,0,0,0,0,0,0,0,0,0,13473303,0,12711340,123118,0,0,0,0,0,0,0,0,16384,0,0,0,0,0,0,0,0,0,0,0,1673,407,0,0,0,0,0,27859494,0,151,0,4,406,1673,0,0,0,0,0,0,0,0,0,0,0,0,0,0,0,0,0,0,0,0,0,0,0,0,0,0,0,0,0,0,0,0,0,0,0,0,0,0,0,0,0,0,0,0,0,0,0,0,0,0,0,0,0,0,133933175,0,0,0,336675427,0,0,0,0,0,0,0,28516413,27228870,147154927,92114138624,26378777,1,0,0,0,0,0,0,0,0,0,0,0,0,0,0,0,0,0,0,0,0,0,0,0,0,0,0,0,0,0,0,948200,0,0,0,0,0,0,0
1782295931.532,0,0,0,0,0,0,0,452676587,442136300032,331003103232,0,0,0,0,0,0,0,0,0,0,0,0,0,0,0,0,0,0,0,0,0,0,0,0,0,0,0,0,0,0,0,0,0,0,0,0,0,0,0,0,0,0,0,0,0,0,0,0,0,0,0,0,0,0,0,0,0,0,7,1718489,27051135,12791341,0,0,0,0,0,0,0,0,0,0,0,0,0,0,0,0,0,0,0,0,0,0,0,0,0,0,0,0,0,0,0,0,0,0,0,0,0,12862521344,4575838208,785066,279287,12728919,1264,0,101,786432,26191583,812144,4,2156393410,12884901888,19575,496925139,0,0,0,0,0,0,0,0,0,0,0,0,0,0,0,0,0,0,9171191,109060973,0,468,1202,7661,620,18342697,35,0,0,0,0,0,0,0,1,0,0,0,0,0,0,0,0,0,0,13478535,0,12728757,123309,0,0,0,0,0,0,0,0,16384,0,0,0,0,0,0,0,0,0,0,0,1674,407,0,0,0,0,0,27873643,0,151,0,4,406,1674,0,0,0,0,0,0,0,0,0,0,0,0,0,0,0,0,0,0,0,0,0,0,0,0,0,0,0,0,0,0,0,0,0,0,0,0,0,0,0,0,0,0,0,0,0,0,0,0,0,0,0,0,0,0,134017975,0,0,0,336787924,0,0,0,0,0,0,0,28548596,27292262,147257308,92162908160,26407626,1,0,0,0,0,0,0,0,0,0,0,0,0,0,0,0,0,0,0,0,0,0,0,0,0,0,0,0,0,0,0,914451,0,0,0,0,0,0,0
1782295932.601,0,0,0,0,0,0,0,452847089,443172358656,331344543232,0,0,0,0,0,0,0,0,0,0,0,0,0,0,0,0,0,0,0,0,0,0,0,0,0,0,0,0,0,0,0,0,0,0,0,0,0,0,0,0,0,0,0,0,0,0,0,0,0,0,0,0,0,0,0,0,0,0,7,1718742,27114548,12809142,0,0,0,0,0,0,0,0,0,0,0,0,0,0,0,0,0,0,0,0,0,0,0,0,0,0,0,0,0,0,0,0,0,0,0,0,0,12867256320,4572479488,785355,279082,12746724,981,0,96,786432,26254907,812144,4,2157257798,12884901888,19575,497065934,0,0,0,0,0,0,0,0,0,0,0,0,0,0,0,0,0,0,9175711,109065491,0,468,1202,7661,620,18351745,35,0,0,0,0,0,0,0,1,0,0,0,0,0,0,0,0,0,0,13483619,0,12746562,123497,0,0,0,0,0,0,0,0,16384,0,0,0,0,0,0,0,0,0,0,0,1675,407,0,0,0,0,0,27887384,0,151,0,4,406,1675,0,0,0,0,0,0,0,0,0,0,0,0,0,0,0,0,0,0,0,0,0,0,0,0,0,0,0,0,0,0,0,0,0,0,0,0,0,0,0,0,0,0,0,0,0,0,0,0,0,0,0,0,0,0,134087610,0,0,0,336862410,0,0,0,0,0,0,0,28579391,27355473,147344847,92204919296,26435267,1,1,0,0,0,0,0,0,0,0,0,0,0,0,0,0,0,0,0,0,0,0,0,0,0,0,0,0,0,0,0,918970,0,0,0,0,0,0,0
1782295933.667,0,0,0,0,0,0,0,453018588,444219066880,331689367040,0,0,0,0,0,0,0,0,0,0,0,0,0,0,0,0,0,0,0,0,0,0,0,0,0,0,0,0,0,0,0,0,0,0,0,0,0,0,0,0,0,0,0,0,0,0,0,0,0,0,0,0,0,0,0,0,0,0,7,1719007,27178615,12827084,0,0,0,0,0,0,0,0,0,0,0,0,0,0,0,0,0,0,0,0,0,0,0,0,0,0,0,0,0,0,0,0,0,0,0,0,0,12851970048,4569120768,784422,278877,12764666,1914,0,97,786432,26318877,812144,4,2158125281,12884901888,19575,497205384,0,0,0,0,0,0,0,0,0,0,0,0,0,0,0,0,0,0,9180309,109070090,0,468,1202,7661,620,18360935,35,0,0,0,0,0,0,0,1,0,0,0,0,0,0,0,0,0,0,13488792,0,12764504,123697,0,0,0,0,0,0,0,0,16384,0,0,0,0,0,0,0,0,0,0,0,1677,407,0,0,0,0,0,27901375,0,151,0,4,406,1677,0,0,0,0,0,0,0,0,0,0,0,0,0,0,0,0,0,0,0,0,0,0,0,0,0,0,0,0,0,0,0,0,0,0,0,0,0,0,0,0,0,0,0,0,0,0,0,0,0,0,0,0,0,0,134158520,0,0,0,336937639,0,0,0,0,0,0,0,28611586,27419317,147433853,92247711744,26463928,1,0,0,0,0,0,0,0,0,0,0,0,0,0,0,0,0,0,0,0,0,0,0,0,0,0,0,0,0,0,0,923570,0,0,0,0,0,0,0
1782295934.736,0,0,0,0,0,0,0,453190190,445260843520,332030808064,0,0,0,0,0,0,0,0,0,0,0,0,0,0,0,0,0,0,0,0,0,0,0,0,0,0,0,0,0,0,0,0,0,0,0,0,0,0,0,0,0,0,0,0,0,0,0,0,0,0,0,0,0,0,0,0,0,0,7,1719266,27242370,12844830,0,0,0,0,0,0,0,0,0,0,0,0,0,0,0,0,0,0,0,0,0,0,0,0,0,0,0,0,0,0,0,0,0,0,0,0,0,12856279040,4567957504,784685,278806,12782412,1651,0,96,786432,26382533,812144,4,2158995048,12884901888,19575,497346018,0,0,0,0,0,0,0,0,0,0,0,0,0,0,0,0,0,0,9184877,109074658,0,468,1202,7661,620,18370069,35,0,0,0,0,0,0,0,1,0,0,0,0,0,0,0,0,0,0,13493932,0,12782250,123892,0,0,0,0,0,0,0,0,16384,0,0,0,0,0,0,0,0,0,0,0,1678,407,0,0,0,0,0,27915262,0,151,0,4,406,1678,0,0,0,0,0,0,0,0,0,0,0,0,0,0,0,0,0,0,0,0,0,0,0,0,0,0,0,0,0,0,0,0,0,0,0,0,0,0,0,0,0,0,0,0,0,0,0,0,0,0,0,0,0,0,134229282,0,0,0,337012779,0,0,0,0,0,0,0,28642986,27482909,147522500,92290434048,26491864,0,0,0,0,0,0,0,0,0,0,0,0,0,0,0,0,0,0,0,0,0,0,0,0,0,0,0,0,0,0,0,928139,0,0,0,0,0,0,0
1782295935.804,0,0,0,0,0,0,0,453361017,446300572160,332375045120,0,0,0,0,0,0,0,0,0,0,0,0,0,0,0,0,0,0,0,0,0,0,0,0,0,0,0,0,0,0,0,0,0,0,0,0,0,0,0,0,0,0,0,0,0,0,0,0,0,0,0,0,0,0,0,0,0,0,7,1719586,27305986,12862725,0,0,0,0,0,0,0,0,0,0,0,0,0,0,0,0,0,0,0,0,0,0,0,0,0,0,0,0,0,0,0,0,0,0,0,0,0,12852674560,4566073344,784465,278691,12800307,1871,0,97,786432,26446022,812144,4,2159860504,12884901888,19575,497485433,0,0,0,0,0,0,0,0,0,0,0,0,0,0,0,0,0,0,9189440,109079221,0,468,1202,7661,620,18379198,35,0,0,0,0,0,0,0,1,0,0,0,0,0,0,0,0,0,0,13499062,0,12800145,124083,0,0,0,0,0,0,0,0,16384,0,0,0,0,0,0,0,0,0,0,0,1679,407,0,0,0,0,0,27929116,0,151,0,4,406,1679,0,0,0,0,0,0,0,0,0,0,0,0,0,0,0,0,0,0,0,0,0,0,0,0,0,0,0,0,0,0,0,0,0,0,0,0,0,0,0,0,0,0,0,0,0,0,0,0,0,0,0,0,0,0,134300667,0,0,0,337087709,0,0,0,0,0,0,0,28675212,27546335,147611905,92333251072,26520755,1,0,0,0,0,0,0,0,0,0,0,0,0,0,0,0,0,0,0,0,0,0,0,0,0,0,0,0,0,0,0,932699,0,0,0,0,0,0,0
1782295936.871,0,0,0,0,0,0,0,453533813,447344560640,332710514176,0,0,0,0,0,0,0,0,0,0,0,0,0,0,0,0,0,0,0,0,0,0,0,0,0,0,0,0,0,0,0,0,0,0,0,0,0,0,0,0,0,0,0,0,0,0,0,0,0,0,0,0,0,0,0,0,0,0,7,1719886,27369898,12880014,0,0,0,0,0,0,0,0,0,0,0,0,0,0,0,0,0,0,0,0,0,0,0,0,0,0,0,0,0,0,0,0,0,0,0,0,0,12855214080,4573282304,784620,279131,12817596,1709,0,101,786432,26509817,812144,4,2160737407,12884901888,19575,497628801,0,0,0,0,0,0,0,0,0,0,0,0,0,0,0,0,0,0,9193996,109083778,0,468,1202,7661,620,18388311,35,0,0,0,0,0,0,0,1,0,0,0,0,0,0,0,0,0,0,13504187,0,12817434,124281,0,0,0,0,0,0,0,0,16384,0,0,0,0,0,0,0,0,0,0,0,1680,407,0,0,0,0,0,27942972,0,151,0,4,406,1680,0,0,0,0,0,0,0,0,0,0,0,0,0,0,0,0,0,0,0,0,0,0,0,0,0,0,0,0,0,0,0,0,0,0,0,0,0,0,0,0,0,0,0,0,0,0,0,0,0,0,0,0,0,0,134373968,0,0,0,337163239,0,0,0,0,0,0,0,28708115,27610041,147702612,92377337344,26550195,1,0,0,0,0,0,0,0,0,0,0,0,0,0,0,0,0,0,0,0,0,0,0,0,0,0,0,0,0,0,0,937257,0,0,0,0,0,0,0
1782295937.934,0,0,0,0,0,0,0,453709369,448404244992,333057734144,0,0,0,0,0,0,0,0,0,0,0,0,0,0,0,0,0,0,0,0,0,0,0,0,0,0,0,0,0,0,0,0,0,0,0,0,0,0,0,0,0,0,0,0,0,0,0,0,0,0,0,0,0,0,0,0,0,0,7,1720190,27434753,12897896,0,0,0,0,0,0,0,0,0,0,0,0,0,0,0,0,0,0,0,0,0,0,0,0,0,0,0,0,0,0,0,0,0,0,0,0,0,12875284480,4574789632,785845,279223,12835478,490,0,96,786432,26574579,812144,4,2161626507,12884901888,19575,497772412,0,0,0,0,0,0,0,0,0,0,0,0,0,0,0,0,0,0,9198658,109088440,0,468,1202,7661,620,18397637,35,0,0,0,0,0,0,0,1,0,0,0,0,0,0,0,0,0,0,13509431,0,12835316,124473,0,0,0,0,0,0,0,0,16384,0,0,0,0,0,0,0,0,0,0,0,1681,407,0,0,0,0,0,27957143,0,151,0,4,406,1681,0,0,0,0,0,0,0,0,0,0,0,0,0,0,0,0,0,0,0,0,0,0,0,0,0,0,0,0,0,0,0,0,0,0,0,0,0,0,0,0,0,0,0,0,0,0,0,0,0,0,0,0,0,0,134450965,0,0,0,337240113,0,0,0,0,0,0,0,28742137,27674692,147797617,92423213056,26580807,1,0,0,0,0,0,0,0,0,0,0,0,0,0,0,0,0,0,0,0,0,0,0,0,0,0,0,0,0,0,0,941921,0,0,0,0,0,0,0
1782295939.005,0,0,0,0,0,0,0,453874447,449434077696,333407021568,0,0,0,0,0,0,0,0,0,0,0,0,0,0,0,0,0,0,0,0,0,0,0,0,0,0,0,0,0,0,0,0,0,0,0,0,0,0,0,0,0,0,0,0,0,0,0,0,0,0,0,0,0,0,0,0,0,0,7,1720540,27497783,12915605,0,0,0,0,0,0,0,0,0,0,0,0,0,0,0,0,0,0,0,0,0,0,0,0,0,0,0,0,0,0,0,0,0,0,0,0,0,12867256320,4597219328,785355,280592,12853187,980,0,96,786432,26637525,812144,4,2162557431,12884901888,19575,497993924,0,0,0,0,0,0,0,0,0,0,0,0,0,0,0,0,0,0,9203280,109093061,0,468,1202,7661,620,18406882,35,0,0,0,0,0,0,0,1,0,0,0,0,0,0,0,0,0,0,13514627,0,12852897,124666,0,0,0,0,0,0,0,0,16384,0,0,0,0,0,0,0,0,0,0,0,1682,407,0,0,0,0,0,27971178,0,151,0,4,406,1682,0,0,0,0,0,0,0,0,0,0,0,0,0,0,0,0,0,0,0,0,0,0,0,0,0,0,0,0,0,0,0,0,0,0,0,0,0,0,0,0,0,0,0,0,0,0,0,0,0,0,0,0,0,0,134536801,0,0,0,337351727,0,0,0,0,0,0,0,28774222,27737511,147901282,92472615936,26609505,0,1,0,0,0,0,0,0,0,0,0,0,0,0,0,0,0,0,0,0,0,0,0,0,0,0,0,0,0,0,0,908140,0,0,0,0,0,0,0
1782295940.072,0,0,0,0,0,0,0,454046882,450472921600,333767226880,0,0,0,0,0,0,0,0,0,0,0,0,0,0,0,0,0,0,0,0,0,0,0,0,0,0,0,0,0,0,0,0,0,0,0,0,0,0,0,0,0,0,0,0,0,0,0,0,0,0,0,0,0,0,0,0,0,0,7,1720794,27561363,12934463,0,0,0,0,0,0,0,0,0,0,0,0,0,0,0,0,0,0,0,0,0,0,0,0,0,0,0,0,0,0,0,0,0,0,0,0,0,12851019776,4579786752,784366,279529,12870909,1965,0,97,786432,26700982,812144,4,2163430764,12884901888,19575,498136597,0,0,0,0,0,0,0,0,0,0,0,0,0,0,0,0,0,0,9207835,109097617,0,468,1202,7661,620,18415987,35,0,0,0,0,0,0,0,1,0,0,0,0,0,0,0,0,0,0,13519751,0,12871645,124879,0,0,0,0,0,0,0,0,16384,0,0,0,0,0,0,0,0,0,0,0,1683,407,0,0,0,0,0,27985064,0,151,0,4,406,1683,0,0,0,0,0,0,0,0,0,0,0,0,0,0,0,0,0,0,0,0,0,0,0,0,0,0,0,0,0,0,0,0,0,0,0,0,0,0,0,0,0,0,0,0,0,0,0,0,0,0,0,0,0,0,134608532,0,0,0,337427150,0,0,0,0,0,0,0,28805980,27800875,147992007,92515803136,26637597,1,0,0,0,0,0,0,0,0,0,0,0,0,0,0,0,0,0,0,0,0,0,0,0,0,0,0,0,0,0,0,912696,0,0,0,0,0,0,0
1782295941.140,0,0,0,0,0,0,0,454216233,451500263936,334152756224,0,0,0,0,0,0,0,0,0,0,0,0,0,0,0,0,0,0,0,0,0,0,0,0,0,0,0,0,0,0,0,0,0,0,0,0,0,0,0,0,0,0,0,0,0,0,0,0,0,0,0,0,0,0,0,0,0,0,7,1721047,27624228,12954926,0,0,0,0,0,0,0,0,0,0,0,0,0,0,0,0,0,0,0,0,0,0,0,0,0,0,0,0,0,0,0,0,0,0,0,0,0,12852199424,4527521792,784436,276338,12892508,1898,0,96,786432,26763749,812144,4,2164288663,12884901888,19575,498274537,0,0,0,0,0,0,0,0,0,0,0,0,0,0,0,0,0,0,9212342,109102124,0,468,1202,7661,620,18425006,35,0,0,0,0,0,0,0,1,0,0,0,0,0,0,0,0,0,0,13524822,0,12892218,125091,0,0,0,0,0,0,0,0,16384,0,0,0,0,0,0,0,0,0,0,0,1684,407,0,0,0,0,0,27998734,0,151,0,4,406,1684,0,0,0,0,0,0,0,0,0,0,0,0,0,0,0,0,0,0,0,0,0,0,0,0,0,0,0,0,0,0,0,0,0,0,0,0,0,0,0,0,0,0,0,0,0,0,0,0,0,0,0,0,0,0,134679179,0,0,0,337501465,0,0,0,0,0,0,0,28837337,27863552,148083226,92558472192,26665276,1,1,0,0,0,0,0,0,0,0,0,0,0,0,0,0,0,0,0,0,0,0,0,0,0,0,0,0,0,0,0,917205,0,0,0,0,0,0,0
1782295942.206,0,0,0,0,0,0,0,454386416,452532832768,334488751616,0,0,0,0,0,0,0,0,0,0,0,0,0,0,0,0,0,0,0,0,0,0,0,0,0,0,0,0,0,0,0,0,0,0,0,0,0,0,0,0,0,0,0,0,0,0,0,0,0,0,0,0,0,0,0,0,0,0,7,1721314,27687404,12972316,0,0,0,0,0,0,0,0,0,0,0,0,0,0,0,0,0,0,0,0,0,0,0,0,0,0,0,0,0,0,0,0,0,0,0,0,0,12865454080,4530552832,785245,276523,12909898,1091,0,96,786432,26826808,812144,4,2165152173,12884901888,19575,498413132,0,0,0,0,0,0,0,0,0,0,0,0,0,0,0,0,0,0,9216874,109106656,0,468,1202,7661,620,18434069,35,0,0,0,0,0,0,0,1,0,0,0,0,0,0,0,0,0,0,13529919,0,12909608,125286,0,0,0,0,0,0,0,0,16384,0,0,0,0,0,0,0,0,0,0,0,1685,407,0,0,0,0,0,28012522,0,151,0,4,406,1685,0,0,0,0,0,0,0,0,0,0,0,0,0,0,0,0,0,0,0,0,0,0,0,0,0,0,0,0,0,0,0,0,0,0,0,0,0,0,0,0,0,0,0,0,0,0,0,0,0,0,0,0,0,0,134750050,0,0,0,337576174,0,0,0,0,0,0,0,28867884,27926551,148171621,92601366016,26692625,1,0,0,0,0,0,0,0,0,0,0,0,0,0,0,0,0,0,0,0,0,0,0,0,0,0,0,0,0,0,0,921735,0,0,0,0,0,0,0
1782295943.271,0,0,0,0,0,0,0,454549568,453524834816,334820731392,0,0,0,0,0,0,0,0,0,0,0,0,0,0,0,0,0,0,0,0,0,0,0,0,0,0,0,0,0,0,0,0,0,0,0,0,0,0,0,0,0,0,0,0,0,0,0,0,0,0,0,0,0,0,0,0,0,0,7,1721548,27748099,12989563,0,0,0,0,0,0,0,0,0,0,0,0,0,0,0,0,0,0,0,0,0,0,0,0,0,0,0,0,0,0,0,0,0,0,0,0,0,12851134464,4524867584,784371,276176,12927025,1965,0,96,786432,26887380,812144,4,2165975828,12884901888,19575,498544391,0,0,0,0,0,0,0,0,0,0,0,0,0,0,0,0,0,0,9221265,109111048,0,468,1202,7661,620,18442848,35,0,0,0,0,0,0,0,1,0,0,0,0,0,0,0,0,0,0,13534860,0,12926735,125475,0,0,0,0,0,0,0,0,16384,0,0,0,0,0,0,0,0,0,0,0,1686,407,0,0,0,0,0,28025900,0,151,0,4,406,1686,0,0,0,0,0,0,0,0,0,0,0,0,0,0,0,0,0,0,0,0,0,0,0,0,0,0,0,0,0,0,0,0,0,0,0,0,0,0,0,0,0,0,0,0,0,0,0,0,0,0,0,0,0,0,134819107,0,0,0,337647910,0,0,0,0,0,0,0,28894905,27987083,148258064,92642729984,26716417,1,0,0,0,0,0,0,0,0,0,0,0,0,0,0,0,0,0,0,0,0,0,0,0,0,0,0,0,0,0,0,926128,0,0,0,0,0,0,0
1782295944.339,0,0,0,0,0,0,0,454719488,454558108160,335161924608,0,0,0,0,0,0,0,0,0,0,0,0,0,0,0,0,0,0,0,0,0,0,0,0,0,0,0,0,0,0,0,0,0,0,0,0,0,0,0,0,0,0,0,0,0,0,0,0,0,0,0,0,0,0,0,0,0,0,7,1721843,27811312,13007261,0,0,0,0,0,0,0,0,0,0,0,0,0,0,0,0,0,0,0,0,0,0,0,0,0,0,0,0,0,0,0,0,0,0,0,0,0,12855869440,4523409408,784661,276087,12944671,1676,0,96,786432,26950500,812144,4,2166835735,12884901888,19575,498681687,0,0,0,0,0,0,0,0,0,0,0,0,0,0,0,0,0,0,9225816,109115597,0,468,1202,7661,620,18451956,35,0,0,0,0,0,0,0,1,0,0,0,0,0,0,0,0,0,0,13539978,0,12944409,125668,0,0,0,0,0,0,0,0,16384,0,0,0,0,0,0,0,0,0,0,0,1687,407,0,0,0,0,0,28039740,0,151,0,4,406,1687,0,0,0,0,0,0,0,0,0,0,0,0,0,0,0,0,0,0,0,0,0,0,0,0,0,0,0,0,0,0,0,0,0,0,0,0,0,0,0,0,0,0,0,0,0,0,0,0,0,0,0,0,0,0,134889750,0,0,0,337722586,0,0,0,0,0,0,0,28925851,28050098,148346535,92685793280,26743976,1,1,0,0,0,0,0,0,0,0,0,0,0,0,0,0,0,0,0,0,0,0,0,0,0,0,0,0,0,0,0,930678,0,0,0,0,0,0,0
1782295945.406,0,0,0,0,0,0,0,454895237,455618628096,335502848512,0,0,0,0,0,0,0,0,0,0,0,0,0,0,0,0,0,0,0,0,0,0,0,0,0,0,0,0,0,0,0,0,0,0,0,0,0,0,0,0,0,0,0,0,0,0,0,0,0,0,0,0,0,0,0,0,0,0,7,1722207,27876227,13024884,0,0,0,0,0,0,0,0,0,0,0,0,0,0,0,0,0,0,0,0,0,0,0,0,0,0,0,0,0,0,0,0,0,0,0,0,0,12864389120,4534206464,785180,276746,12962443,1156,0,97,786432,27015322,812144,4,2167723629,12884901888,19575,498824491,0,0,0,0,0,0,0,0,0,0,0,0,0,0,0,0,0,0,9230493,109120276,0,468,1202,7661,620,18461302,35,0,0,0,0,0,0,0,1,0,0,0,0,0,0,0,0,0,0,13545239,0,12962053,125862,0,0,0,0,0,0,0,0,16384,0,0,0,0,0,0,0,0,0,0,0,1688,407,0,0,0,0,0,28053945,0,151,0,4,406,1688,0,0,0,0,0,0,0,0,0,0,0,0,0,0,0,0,0,0,0,0,0,0,0,0,0,0,0,0,0,0,0,0,0,0,0,0,0,0,0,0,0,0,0,0,0,0,0,0,0,0,0,0,0,0,134962274,0,0,0,337799770,0,0,0,0,0,0,0,28957887,28114812,148436837,92729571840,26772614,0,1,0,0,0,0,0,0,0,0,0,0,0,0,0,0,0,0,0,0,0,0,0,0,0,0,0,0,0,0,0,935357,0,0,0,0,0,0,0
1782295946.480,0,0,0,0,0,0,0,455061223,456646150656,335852097024,0,0,0,0,0,0,0,0,0,0,0,0,0,0,0,0,0,0,0,0,0,0,0,0,0,0,0,0,0,0,0,0,0,0,0,0,0,0,0,0,0,0,0,0,0,0,0,0,0,0,0,0,0,0,0,0,0,0,7,1722706,27939107,13042708,0,0,0,0,0,0,0,0,0,0,0,0,0,0,0,0,0,0,0,0,0,0,0,0,0,0,0,0,0,0,0,0,0,0,0,0,0,12850069504,4558913536,784306,278254,12980290,2029,0,97,786432,27078117,812144,4,2168657004,12884901888,19575,499043388,0,0,0,0,0,0,0,0,0,0,0,0,0,0,0,0,0,0,9235140,109124923,0,468,1202,7661,620,18470601,35,0,0,0,0,0,0,0,1,0,0,0,0,0,0,0,0,0,0,13550467,0,12979900,126066,0,0,0,0,0,0,0,0,16384,0,0,0,0,0,0,0,0,0,0,0,1689,407,0,0,0,0,0,28068058,0,151,0,4,406,1689,0,0,0,0,0,0,0,0,0,0,0,0,0,0,0,0,0,0,0,0,0,0,0,0,0,0,0,0,0,0,0,0,0,0,0,0,0,0,0,0,0,0,0,0,0,0,0,0,0,0,0,0,0,0,135046443,0,0,0,337911913,0,0,0,0,0,0,0,28990405,28177514,148538938,92777690624,26801571,1,1,0,0,0,0,0,0,0,0,0,0,0,0,0,0,0,0,0,0,0,0,0,0,0,0,0,0,0,0,0,901603,0,0,0,0,0,0,0
1782295947.548,0,0,0,0,0,0,0,455234782,457692727808,336190820864,0,0,0,0,0,0,0,0,0,0,0,0,0,0,0,0,0,0,0,0,0,0,0,0,0,0,0,0,0,0,0,0,0,0,0,0,0,0,0,0,0,0,0,0,0,0,0,0,0,0,0,0,0,0,0,0,0,0,7,1723018,28003142,13060238,0,0,0,0,0,0,0,0,0,0,0,0,0,0,0,0,0,0,0,0,0,0,0,0,0,0,0,0,0,0,0,0,0,0,0,0,0,12869156864,4567302144,785471,278766,12997748,859,0,103,786432,27142039,812144,4,2169533386,12884901888,19575,499184692,0,0,0,0,0,0,0,0,0,0,0,0,0,0,0,0,0,0,9239748,109129529,0,468,1202,7661,620,18479816,35,0,0,0,0,0,0,0,1,0,0,0,0,0,0,0,0,0,0,13555646,0,12997358,126249,0,0,0,0,0,0,0,0,16384,0,0,0,0,0,0,0,0,0,0,0,1690,407,0,0,0,0,0,28082052,0,151,0,4,406,1690,0,0,0,0,0,0,0,0,0,0,0,0,0,0,0,0,0,0,0,0,0,0,0,0,0,0,0,0,0,0,0,0,0,0,0,0,0,0,0,0,0,0,0,0,0,0,0,0,0,0,0,0,0,0,135118566,0,0,0,337988060,0,0,0,0,0,0,0,29022561,28241346,148628726,92821149696,26830411,0,0,0,0,0,0,0,0,0,0,0,0,0,0,0,0,0,0,0,0,0,0,0,0,0,0,0,0,0,0,0,906208,0,0,0,0,0,0,0
1782295948.615,0,0,0,0,0,0,0,455406723,458733734400,336537977856,0,0,0,0,0,0,0,0,0,0,0,0,0,0,0,0,0,0,0,0,0,0,0,0,0,0,0,0,0,0,0,0,0,0,0,0,0,0,0,0,0,0,0,0,0,0,0,0,0,0,0,0,0,0,0,0,0,0,7,1723271,28066853,13078373,0,0,0,0,0,0,0,0,0,0,0,0,0,0,0,0,0,0,0,0,0,0,0,0,0,0,0,0,0,0,0,0,0,0,0,0,0,12853231616,4558700544,784499,278241,13015955,1836,0,96,786432,27205655,812144,4,2170404587,12884901888,19575,499323341,0,0,0,0,0,0,0,0,0,0,0,0,0,0,0,0,0,0,9244340,109134123,0,468,1202,7661,620,18488997,35,0,0,0,0,0,0,0,1,0,0,0,0,0,0,0,0,0,0,13560816,0,13015565,126451,0,0,0,0,0,0,0,0,16384,0,0,0,0,0,0,0,0,0,0,0,1691,407,0,0,0,0,0,28096038,0,151,0,4,406,1691,0,0,0,0,0,0,0,0,0,0,0,0,0,0,0,0,0,0,0,0,0,0,0,0,0,0,0,0,0,0,0,0,0,0,0,0,0,0,0,0,0,0,0,0,0,0,0,0,0,0,0,0,0,0,135189661,0,0,0,338063625,0,0,0,0,0,0,0,29054727,28304836,148718070,92863419392,26859068,0,0,0,0,0,0,0,0,0,0,0,0,0,0,0,0,0,0,0,0,0,0,0,0,0,0,0,0,0,0,0,910803,0,0,0,0,0,0,0
1782295949.684,0,0,0,0,0,0,0,455577606,459777460736,336877620736,0,0,0,0,0,0,0,0,0,0,0,0,0,0,0,0,0,0,0,0,0,0,0,0,0,0,0,0,0,0,0,0,0,0,0,0,0,0,0,0,0,0,0,0,0,0,0,0,0,0,0,0,0,0,0,0,0,0,7,1723515,28130731,13096000,0,0,0,0,0,0,0,0,0,0,0,0,0,0,0,0,0,0,0,0,0,0,0,0,0,0,0,0,0,0,0,0,0,0,0,0,0,12860506112,4556374016,784943,278100,13033451,1387,0,100,786432,27269452,812144,4,2171268015,12884901888,19575,499461183,0,0,0,0,0,0,0,0,0,0,0,0,0,0,0,0,0,0,9248909,109138690,0,468,1202,7661,620,18498139,35,0,0,0,0,0,0,0,1,0,0,0,0,0,0,0,0,0,0,13565954,0,13033195,126644,0,0,0,0,0,0,0,0,16384,0,0,0,0,0,0,0,0,0,0,0,1693,407,0,0,0,0,0,28109930,0,151,0,4,406,1693,0,0,0,0,0,0,0,0,0,0,0,0,0,0,0,0,0,0,0,0,0,0,0,0,0,0,0,0,0,0,0,0,0,0,0,0,0,0,0,0,0,0,0,0,0,0,0,0,0,0,0,0,0,0,135260738,0,0,0,338138699,0,0,0,0,0,0,0,29086121,28368502,148806909,92906082816,26887226,1,0,0,0,0,0,0,0,0,0,0,0,0,0,0,0,0,0,0,0,0,0,0,0,0,0,0,0,0,0,0,915372,0,0,0,0,0,0,0
1782295950.752,0,0,0,0,0,0,0,455748369,460809013760,337220123136,0,0,0,0,0,0,0,0,0,0,0,0,0,0,0,0,0,0,0,0,0,0,0,0,0,0,0,0,0,0,0,0,0,0,0,0,0,0,0,0,0,0,0,0,0,0,0,0,0,0,0,0,0,0,0,0,0,0,7,1723814,28193868,13113809,0,0,0,0,0,0,0,0,0,0,0,0,0,0,0,0,0,0,0,0,0,0,0,0,0,0,0,0,0,0,0,0,0,0,0,0,0,12852953088,4551720960,784483,277815,13051263,1855,0,103,786432,27332482,812144,4,2172133500,12884901888,19575,499599785,0,0,0,0,0,0,0,0,0,0,0,0,0,0,0,0,0,0,9253444,109143226,0,468,1202,7661,620,18507208,35,0,0,0,0,0,0,0,1,0,0,0,0,0,0,0,0,0,0,13571055,0,13051001,126843,0,0,0,0,0,0,0,0,16384,0,0,0,0,0,0,0,0,0,0,0,1694,407,0,0,0,0,0,28123711,0,151,0,4,406,1694,0,0,0,0,0,0,0,0,0,0,0,0,0,0,0,0,0,0,0,0,0,0,0,0,0,0,0,0,0,0,0,0,0,0,0,0,0,0,0,0,0,0,0,0,0,0,0,0,0,0,0,0,0,0,135332085,0,0,0,338213694,0,0,0,0,0,0,0,29117899,28431418,148896196,92948880384,26915516,1,0,0,0,0,0,0,0,0,0,0,0,0,0,0,0,0,0,0,0,0,0,0,0,0,0,0,0,0,0,0,919907,0,0,0,0,0,0,0
1782295951.818,0,0,0,0,0,0,0,455921157,461852133888,337565217280,0,0,0,0,0,0,0,0,0,0,0,0,0,0,0,0,0,0,0,0,0,0,0,0,0,0,0,0,0,0,0,0,0,0,0,0,0,0,0,0,0,0,0,0,0,0,0,0,0,0,0,0,0,0,0,0,0,0,7,1724115,28257705,13131742,0,0,0,0,0,0,0,0,0,0,0,0,0,0,0,0,0,0,0,0,0,0,0,0,0,0,0,0,0,0,0,0,0,0,0,0,0,12851544064,4548706304,784396,277631,13069278,1939,0,96,786432,27396198,812144,4,2173008004,12884901888,19575,499739719,0,0,0,0,0,0,0,0,0,0,0,0,0,0,0,0,0,0,9258045,109147825,0,468,1202,7661,620,18516408,35,0,0,0,0,0,0,0,1,0,0,0,0,0,0,0,0,0,0,13576228,0,13068954,127033,0,0,0,0,0,0,0,0,16384,0,0,0,0,0,0,0,0,0,0,0,1695,407,0,0,0,0,0,28137688,0,151,0,4,406,1695,0,0,0,0,0,0,0,0,0,0,0,0,0,0,0,0,0,0,0,0,0,0,0,0,0,0,0,0,0,0,0,0,0,0,0,0,0,0,0,0,0,0,0,0,0,0,0,0,0,0,0,0,0,0,135403664,0,0,0,338289620,0,0,0,0,0,0,0,29150020,28495055,148985857,92992024576,26944239,1,0,0,0,0,0,0,0,0,0,0,0,0,0,0,0,0,0,0,0,0,0,0,0,0,0,0,0,0,0,0,924505,0,0,0,0,0,0,0
1782295952.886,0,0,0,0,0,0,0,456094670,462903675392,337902523904,0,0,0,0,0,0,0,0,0,0,0,0,0,0,0,0,0,0,0,0,0,0,0,0,0,0,0,0,0,0,0,0,0,0,0,0,0,0,0,0,0,0,0,0,0,0,0,0,0,0,0,0,0,0,0,0,0,0,7,1724374,28322057,13149214,0,0,0,0,0,0,0,0,0,0,0,0,0,0,0,0,0,0,0,0,0,0,0,0,0,0,0,0,0,0,0,0,0,0,0,0,0,12863668224,4553572352,785136,277928,13086796,1193,0,102,786432,27460449,812144,4,2173884675,12884901888,19575,499879120,0,0,0,0,0,0,0,0,0,0,0,0,0,0,0,0,0,0,9262683,109152465,0,468,1202,7661,620,18525686,35,0,0,0,0,0,0,0,1,0,0,0,0,0,0,0,0,0,0,13581449,0,13086406,127224,0,0,0,0,0,0,0,0,16384,0,0,0,0,0,0,0,0,0,0,0,1696,407,0,0,0,0,0,28151807,0,151,0,4,406,1696,0,0,0,0,0,0,0,0,0,0,0,0,0,0,0,0,0,0,0,0,0,0,0,0,0,0,0,0,0,0,0,0,0,0,0,0,0,0,0,0,0,0,0,0,0,0,0,0,0,0,0,0,0,0,135475807,0,0,0,338365945,0,0,0,0,0,0,0,29182448,28559184,149075582,93035161600,26973385,1,0,0,0,0,0,0,0,0,0,0,0,0,0,0,0,0,0,0,0,0,0,0,0,0,0,0,0,0,0,0,929147,0,0,0,0,0,0,0
1782295953.955,0,0,0,0,0,0,0,456265713,463942158848,338247993856,0,0,0,0,0,0,0,0,0,0,0,0,0,0,0,0,0,0,0,0,0,0,0,0,0,0,0,0,0,0,0,0,0,0,0,0,0,0,0,0,0,0,0,0,0,0,0,0,0,0,0,0,0,0,0,0,0,0,7,1724667,28385612,13167042,0,0,0,0,0,0,0,0,0,0,0,0,0,0,0,0,0,0,0,0,0,0,0,0,0,0,0,0,0,0,0,0,0,0,0,0,0,12859801600,4556783616,784900,278124,13104624,1436,0,96,786432,27523881,812144,4,2174771739,12884901888,19575,500039352,0,0,0,0,0,0,0,0,0,0,0,0,0,0,0,0,0,0,9267284,109157065,0,468,1202,7661,620,18534887,35,0,0,0,0,0,0,0,1,0,0,0,0,0,0,0,0,0,0,13586623,0,13104234,127425,0,0,0,0,0,0,0,0,16384,0,0,0,0,0,0,0,0,0,0,0,1697,407,0,0,0,0,0,28165781,0,151,0,4,406,1697,0,0,0,0,0,0,0,0,0,0,0,0,0,0,0,0,0,0,0,0,0,0,0,0,0,0,0,0,0,0,0,0,0,0,0,0,0,0,0,0,0,0,0,0,0,0,0,0,0,0,0,0,0,0,135551045,0,0,0,338450674,0,0,0,0,0,0,0,29214610,28622525,149168778,93079983616,27002127,1,0,0,0,0,0,0,0,0,0,0,0,0,0,0,0,0,0,0,0,0,0,0,0,0,0,0,0,0,0,0,924370,0,0,0,0,0,0,0
1782295955.024,0,0,0,0,0,0,0,456431805,464969501184,338592414720,0,0,0,0,0,0,0,0,0,0,0,0,0,0,0,0,0,0,0,0,0,0,0,0,0,0,0,0,0,0,0,0,0,0,0,0,0,0,0,0,0,0,0,0,0,0,0,0,0,0,0,0,0,0,0,0,0,0,7,1724999,28448462,13184565,0,0,0,0,0,0,0,0,0,0,0,0,0,0,0,0,0,0,0,0,0,0,0,0,0,0,0,0,0,0,0,0,0,0,0,0,0,12848644096,4576706560,784218,279340,13122147,2117,0,97,786432,27586640,812144,4,2175685146,12884901888,19575,500239085,0,0,0,0,0,0,0,0,0,0,0,0,0,0,0,0,0,0,9271879,109161661,0,468,1202,7661,620,18544079,35,0,0,0,0,0,0,0,1,0,0,0,0,0,0,0,0,0,0,13591793,0,13121757,127613,0,0,0,0,0,0,0,0,16384,0,0,0,0,0,0,0,0,0,0,0,1698,407,0,0,0,0,0,28179753,0,151,0,4,406,1698,0,0,0,0,0,0,0,0,0,0,0,0,0,0,0,0,0,0,0,0,0,0,0,0,0,0,0,0,0,0,0,0,0,0,0,0,0,0,0,0,0,0,0,0,0,0,0,0,0,0,0,0,0,0,135634797,0,0,0,338553276,0,0,0,0,0,0,0,29246613,28685202,149270170,93128334848,27030829,0,0,0,0,0,0,0,0,0,0,0,0,0,0,0,0,0,0,0,0,0,0,0,0,0,0,0,0,0,0,0,899943,0,0,0,0,0,0,0
1782295956.089,0,0,0,0,0,0,0,456601285,466003905024,338956086272,0,0,0,0,0,0,0,0,0,0,0,0,0,0,0,0,0,0,0,0,0,0,0,0,0,0,0,0,0,0,0,0,0,0,0,0,0,0,0,0,0,0,0,0,0,0,0,0,0,0,0,0,0,0,0,0,0,0,7,1725217,28511771,13203696,0,0,0,0,0,0,0,0,0,0,0,0,0,0,0,0,0,0,0,0,0,0,0,0,0,0,0,0,0,0,0,0,0,0,0,0,0,12857491456,4547936256,784759,277584,13139724,1576,0,96,786432,27649849,812144,4,2176540604,12884901888,19575,500374606,0,0,0,0,0,0,0,0,0,0,0,0,0,0,0,0,0,0,9276410,109166192,0,468,1202,7661,620,18553141,35,0,0,0,0,0,0,0,1,0,0,0,0,0,0,0,0,0,0,13596890,0,13140870,127823,0,0,0,0,0,0,0,0,16384,0,0,0,0,0,0,0,0,0,0,0,1699,407,0,0,0,0,0,28193532,0,151,0,4,406,1699,0,0,0,0,0,0,0,0,0,0,0,0,0,0,0,0,0,0,0,0,0,0,0,0,0,0,0,0,0,0,0,0,0,0,0,0,0,0,0,0,0,0,0,0,0,0,0,0,0,0,0,0,0,0,135705818,0,0,0,338627884,0,0,0,0,0,0,0,29278322,28748307,149360489,93170726912,27058985,0,0,0,0,0,0,0,0,0,0,0,0,0,0,0,0,0,0,0,0,0,0,0,0,0,0,0,0,0,0,0,904473,0,0,0,0,0,0,0
1782295957.154,0,0,0,0,0,0,0,456772152,467033442816,339328879616,0,0,0,0,0,0,0,0,0,0,0,0,0,0,0,0,0,0,0,0,0,0,0,0,0,0,0,0,0,0,0,0,0,0,0,0,0,0,0,0,0,0,0,0,0,0,0,0,0,0,0,0,0,0,0,0,0,0,7,1725462,28574790,13223441,0,0,0,0,0,0,0,0,0,0,0,0,0,0,0,0,0,0,0,0,0,0,0,0,0,0,0,0,0,0,0,0,0,0,0,0,0,12861030400,4511956992,784975,275388,13161023,1361,0,96,786432,27712769,812144,4,2177405521,12884901888,19575,500513050,0,0,0,0,0,0,0,0,0,0,0,0,0,0,0,0,0,0,9280944,109170726,0,468,1202,7661,620,18562209,35,0,0,0,0,0,0,0,1,0,0,0,0,0,0,0,0,0,0,13601990,0,13160633,128029,0,0,0,0,0,0,0,0,16384,0,0,0,0,0,0,0,0,0,0,0,1700,407,0,0,0,0,0,28207328,0,151,0,4,406,1700,0,0,0,0,0,0,0,0,0,0,0,0,0,0,0,0,0,0,0,0,0,0,0,0,0,0,0,0,0,0,0,0,0,0,0,0,0,0,0,0,0,0,0,0,0,0,0,0,0,0,0,0,0,0,135775543,0,0,0,338702857,0,0,0,0,0,0,0,29309608,28811116,149450092,93212486656,27086712,1,0,0,0,0,0,0,0,0,0,0,0,0,0,0,0,0,0,0,0,0,0,0,0,0,0,0,0,0,0,0,909008,0,0,0,0,0,0,0
1782295958.222,0,0,0,0,0,0,0,456941230,468055034368,339665142784,0,0,0,0,0,0,0,0,0,0,0,0,0,0,0,0,0,0,0,0,0,0,0,0,0,0,0,0,0,0,0,0,0,0,0,0,0,0,0,0,0,0,0,0,0,0,0,0,0,0,0,0,0,0,0,0,0,0,7,1725685,28637325,13240922,0,0,0,0,0,0,0,0,0,0,0,0,0,0,0,0,0,0,0,0,0,0,0,0,0,0,0,0,0,0,0,0,0,0,0,0,0,12862062592,4508368896,785038,275169,13178504,1296,0,98,786432,27775189,812144,4,2178261740,12884901888,19575,500649502,0,0,0,0,0,0,0,0,0,0,0,0,0,0,0,0,0,0,9285426,109175207,0,468,1202,7661,620,18571172,35,0,0,0,0,0,0,0,1,0,0,0,0,0,0,0,0,0,0,13607030,0,13178114,128213,0,0,0,0,0,0,0,0,16384,0,0,0,0,0,0,0,0,0,0,0,1701,407,0,0,0,0,0,28220961,0,151,0,4,406,1701,0,0,0,0,0,0,0,0,0,0,0,0,0,0,0,0,0,0,0,0,0,0,0,0,0,0,0,0,0,0,0,0,0,0,0,0,0,0,0,0,0,0,0,0,0,0,0,0,0,0,0,0,0,0,135845423,0,0,0,338777126,0,0,0,0,0,0,0,29339124,28873474,149537589,93254452736,27113059,1,0,0,0,0,0,0,0,0,0,0,0,0,0,0,0,0,0,0,0,0,0,0,0,0,0,0,0,0,0,0,913488,0,0,0,0,0,0,0
1782295959.290,0,0,0,0,0,0,0,457108102,469061585408,340000499200,0,0,0,0,0,0,0,0,0,0,0,0,0,0,0,0,0,0,0,0,0,0,0,0,0,0,0,0,0,0,0,0,0,0,0,0,0,0,0,0,0,0,0,0,0,0,0,0,0,0,0,0,0,0,0,0,0,0,7,1725956,28698914,13258274,0,0,0,0,0,0,0,0,0,0,0,0,0,0,0,0,0,0,0,0,0,0,0,0,0,0,0,0,0,0,0,0,0,0,0,0,0,12860243968,4504027136,784927,274904,13195856,1409,0,96,786432,27836674,812144,4,2179105135,12884901888,19575,500784246,0,0,0,0,0,0,0,0,0,0,0,0,0,0,0,0,0,0,9289854,109179636,0,468,1202,7661,620,18580029,35,0,0,0,0,0,0,0,1,0,0,0,0,0,0,0,0,0,0,13612013,0,13195466,128415,0,0,0,0,0,0,0,0,16384,0,0,0,0,0,0,0,0,0,0,0,1702,407,0,0,0,0,0,28234409,0,151,0,4,406,1702,0,0,0,0,0,0,0,0,0,0,0,0,0,0,0,0,0,0,0,0,0,0,0,0,0,0,0,0,0,0,0,0,0,0,0,0,0,0,0,0,0,0,0,0,0,0,0,0,0,0,0,0,0,0,135917516,0,0,0,338850551,0,0,0,0,0,0,0,29367166,28934880,149627176,93297592320,27137925,1,1,0,0,0,0,0,0,0,0,0,0,0,0,0,0,0,0,0,0,0,0,0,0,0,0,0,0,0,0,0,917918,0,0,0,0,0,0,0
1782295960.357,0,0,0,0,0,0,0,457283435,470115715584,340337067008,0,0,0,0,0,0,0,0,0,0,0,0,0,0,0,0,0,0,0,0,0,0,0,0,0,0,0,0,0,0,0,0,0,0,0,0,0,0,0,0,0,0,0,0,0,0,0,0,0,0,0,0,0,0,0,0,0,0,7,1726265,28763413,13275666,0,0,0,0,0,0,0,0,0,0,0,0,0,0,0,0,0,0,0,0,0,0,0,0,0,0,0,0,0,0,0,0,0,0,0,0,0,12864733184,4511678464,785201,275371,13213248,1125,0,105,786432,27901069,812144,4,2179990892,12884901888,19575,500926129,0,0,0,0,0,0,0,0,0,0,0,0,0,0,0,0,0,0,9294493,109184274,0,468,1202,7661,620,18589306,35,0,0,0,0,0,0,0,1,0,0,0,0,0,0,0,0,0,0,13617228,0,13212858,128607,0,0,0,0,0,0,0,0,16384,0,0,0,0,0,0,0,0,0,0,0,1703,407,0,0,0,0,0,28248523,0,151,0,4,406,1703,0,0,0,0,0,0,0,0,0,0,0,0,0,0,0,0,0,0,0,0,0,0,0,0,0,0,0,0,0,0,0,0,0,0,0,0,0,0,0,0,0,0,0,0,0,0,0,0,0,0,0,0,0,0,135989774,0,0,0,338927567,0,0,0,0,0,0,0,29399557,28999185,149716944,93341003776,27166954,0,0,0,0,0,0,0,0,0,0,0,0,0,0,0,0,0,0,0,0,0,0,0,0,0,0,0,0,0,0,0,922554,0,0,0,0,0,0,0
1782295961.427,0,0,0,0,0,0,0,457456946,471160490496,340681078784,0,0,0,0,0,0,0,0,0,0,0,0,0,0,0,0,0,0,0,0,0,0,0,0,0,0,0,0,0,0,0,0,0,0,0,0,0,0,0,0,0,0,0,0,0,0,0,0,0,0,0,0,0,0,0,0,0,0,7,1726571,28827360,13293529,0,0,0,0,0,0,0,0,0,0,0,0,0,0,0,0,0,0,0,0,0,0,0,0,0,0,0,0,0,0,0,0,0,0,0,0,0,12861243392,4508450816,784988,275174,13231111,1347,0,96,786432,27964913,812144,4,2180869005,12884901888,19575,501065535,0,0,0,0,0,0,0,0,0,0,0,0,0,0,0,0,0,0,9299107,109188888,0,468,1202,7661,620,18598536,35,0,0,0,0,0,0,0,1,0,0,0,0,0,0,0,0,0,0,13622417,0,13230721,128800,0,0,0,0,0,0,0,0,16384,0,0,0,0,0,0,0,0,0,0,0,1704,407,0,0,0,0,0,28262534,0,151,0,4,406,1704,0,0,0,0,0,0,0,0,0,0,0,0,0,0,0,0,0,0,0,0,0,0,0,0,0,0,0,0,0,0,0,0,0,0,0,0,0,0,0,0,0,0,0,0,0,0,0,0,0,0,0,0,0,0,136061973,0,0,0,339003983,0,0,0,0,0,0,0,29431804,29062918,149807126,93384249344,27195809,0,0,0,0,0,0,0,0,0,0,0,0,0,0,0,0,0,0,0,0,0,0,0,0,0,0,0,0,0,0,0,927170,0,0,0,0,0,0,0
1782295962.495,0,0,0,0,0,0,0,457622029,472187013632,341024536576,0,0,0,0,0,0,0,0,0,0,0,0,0,0,0,0,0,0,0,0,0,0,0,0,0,0,0,0,0,0,0,0,0,0,0,0,0,0,0,0,0,0,0,0,0,0,0,0,0,0,0,0,0,0,0,0,0,0,7,1726900,28890150,13310892,0,0,0,0,0,0,0,0,0,0,0,0,0,0,0,0,0,0,0,0,0,0,0,0,0,0,0,0,0,0,0,0,0,0,0,0,0,12852920320,4536221696,784480,276869,13248267,1856,0,96,786432,28027609,812144,4,2181795446,12884901888,19575,501282960,0,0,0,0,0,0,0,0,0,0,0,0,0,0,0,0,0,0,9303746,109193528,0,468,1202,7661,620,18607810,35,0,0,0,0,0,0,0,1,0,0,0,0,0,0,0,0,0,0,13627636,0,13248099,129004,0,0,0,0,0,0,0,0,16384,0,0,0,0,0,0,0,0,0,0,0,1705,407,0,0,0,0,0,28276662,0,151,0,4,406,1705,0,0,0,0,0,0,0,0,0,0,0,0,0,0,0,0,0,0,0,0,0,0,0,0,0,0,0,0,0,0,0,0,0,0,0,0,0,0,0,0,0,0,0,0,0,0,0,0,0,0,0,0,0,0,136148700,0,0,0,339115822,0,0,0,0,0,0,0,29463975,29125527,149911385,93433488384,27224578,1,0,0,0,0,0,0,0,0,0,0,0,0,0,0,0,0,0,0,0,0,0,0,0,0,0,0,0,0,0,0,893410,0,0,0,0,0,0,0
1782295963.563,0,0,0,0,0,0,0,457795186,473231133184,341361822208,0,0,0,0,0,0,0,0,0,0,0,0,0,0,0,0,0,0,0,0,0,0,0,0,0,0,0,0,0,0,0,0,0,0,0,0,0,0,0,0,0,0,0,0,0,0,0,0,0,0,0,0,0,0,0,0,0,0,7,1727145,28954035,13328255,0,0,0,0,0,0,0,0,0,0,0,0,0,0,0,0,0,0,0,0,0,0,0,0,0,0,0,0,0,0,0,0,0,0,0,0,0,12857835520,4542201856,784780,277234,13265828,1544,0,108,786432,28091392,812144,4,2182673358,12884901888,19575,501423201,0,0,0,0,0,0,0,0,0,0,0,0,0,0,0,0,0,0,9308340,109198122,0,468,1202,7661,620,18616997,35,0,0,0,0,0,0,0,1,0,0,0,0,0,0,0,0,0,0,13632801,0,13265438,129195,0,0,0,0,0,0,0,0,16384,0,0,0,0,0,0,0,0,0,0,0,1706,407,0,0,0,0,0,28290607,0,151,0,4,406,1706,0,0,0,0,0,0,0,0,0,0,0,0,0,0,0,0,0,0,0,0,0,0,0,0,0,0,0,0,0,0,0,0,0,0,0,0,0,0,0,0,0,0,0,0,0,0,0,0,0,0,0,0,0,0,136220537,0,0,0,339192043,0,0,0,0,0,0,0,29495471,29189235,150000718,93477043200,27252686,1,1,0,0,0,0,0,0,0,0,0,0,0,0,0,0,0,0,0,0,0,0,0,0,0,0,0,0,0,0,0,898003,0,0,0,0,0,0,0
1782295964.631,0,0,0,0,0,0,0,457968950,474277267968,341704381440,0,0,0,0,0,0,0,0,0,0,0,0,0,0,0,0,0,0,0,0,0,0,0,0,0,0,0,0,0,0,0,0,0,0,0,0,0,0,0,0,0,0,0,0,0,0,0,0,0,0,0,0,0,0,0,0,0,0,7,1727408,29018079,13346096,0,0,0,0,0,0,0,0,0,0,0,0,0,0,0,0,0,0,0,0,0,0,0,0,0,0,0,0,0,0,0,0,0,0,0,0,0,12862210048,4538695680,785046,277020,13283678,1288,0,97,786432,28155334,812144,4,2183551921,12884901888,19575,501564044,0,0,0,0,0,0,0,0,0,0,0,0,0,0,0,0,0,0,9312923,109202704,0,468,1202,7661,620,18626179,35,0,0,0,0,0,0,0,1,0,0,0,0,0,0,0,0,0,0,13637958,0,13283288,129398,0,0,0,0,0,0,0,0,16384,0,0,0,0,0,0,0,0,0,0,0,1707,407,0,0,0,0,0,28304538,0,151,0,4,406,1707,0,0,0,0,0,0,0,0,0,0,0,0,0,0,0,0,0,0,0,0,0,0,0,0,0,0,0,0,0,0,0,0,0,0,0,0,0,0,0,0,0,0,0,0,0,0,0,0,0,0,0,0,0,0,136292245,0,0,0,339268344,0,0,0,0,0,0,0,29527365,29253049,150090396,93520196096,27281143,1,0,0,0,0,0,0,0,0,0,0,0,0,0,0,0,0,0,0,0,0,0,0,0,0,0,0,0,0,0,0,902586,0,0,0,0,0,0,0
1782295965.700,0,0,0,0,0,0,0,458141736,475318438400,342050073600,0,0,0,0,0,0,0,0,0,0,0,0,0,0,0,0,0,0,0,0,0,0,0,0,0,0,0,0,0,0,0,0,0,0,0,0,0,0,0,0,0,0,0,0,0,0,0,0,0,0,0,0,0,0,0,0,0,0,7,1727679,29081796,13364051,0,0,0,0,0,0,0,0,0,0,0,0,0,0,0,0,0,0,0,0,0,0,0,0,0,0,0,0,0,0,0,0,0,0,0,0,0,12860669952,4532060160,784953,276615,13301469,1383,0,96,786432,28218954,812144,4,2184426345,12884901888,19575,501703077,0,0,0,0,0,0,0,0,0,0,0,0,0,0,0,0,0,0,9317526,109207308,0,468,1202,7661,620,18635369,35,0,0,0,0,0,0,0,1,0,0,0,0,0,0,0,0,0,0,13643134,0,13301207,129593,0,0,0,0,0,0,0,0,16384,0,0,0,0,0,0,0,0,0,0,0,1709,407,0,0,0,0,0,28318545,0,151,0,4,406,1709,0,0,0,0,0,0,0,0,0,0,0,0,0,0,0,0,0,0,0,0,0,0,0,0,0,0,0,0,0,0,0,0,0,0,0,0,0,0,0,0,0,0,0,0,0,0,0,0,0,0,0,0,0,0,136363686,0,0,0,339344486,0,0,0,0,0,0,0,29559218,29316563,150179942,93563352064,27309599,0,0,0,0,0,0,0,0,0,0,0,0,0,0,0,0,0,0,0,0,0,0,0,0,0,0,0,0,0,0,0,907190,0,0,0,0,0,0,0
1782295966.765,0,0,0,0,0,0,0,458315301,476369275392,342396476416,0,0,0,0,0,0,0,0,0,0,0,0,0,0,0,0,0,0,0,0,0,0,0,0,0,0,0,0,0,0,0,0,0,0,0,0,0,0,0,0,0,0,0,0,0,0,0,0,0,0,0,0,0,0,0,0,0,0,7,1727941,29146101,13382057,0,0,0,0,0,0,0,0,0,0,0,0,0,0,0,0,0,0,0,0,0,0,0,0,0,0,0,0,0,0,0,0,0,0,0,0,0,12862750720,4526800896,785080,276294,13319592,1254,0,98,786432,28283171,812144,4,2185303952,12884901888,19575,501841416,0,0,0,0,0,0,0,0,0,0,0,0,0,0,0,0,0,0,9322172,109211953,0,468,1202,7661,620,18644668,35,0,0,0,0,0,0,0,1,0,0,0,0,0,0,0,0,0,0,13648359,0,13319202,129785,0,0,0,0,0,0,0,0,16384,0,0,0,0,0,0,0,0,0,0,0,1710,407,0,0,0,0,0,28332690,0,151,0,4,406,1710,0,0,0,0,0,0,0,0,0,0,0,0,0,0,0,0,0,0,0,0,0,0,0,0,0,0,0,0,0,0,0,0,0,0,0,0,0,0,0,0,0,0,0,0,0,0,0,0,0,0,0,0,0,0,136436076,0,0,0,339421040,0,0,0,0,0,0,0,29591238,29380660,150270457,93606532096,27338240,0,0,0,0,0,0,0,0,0,0,0,0,0,0,0,0,0,0,0,0,0,0,0,0,0,0,0,0,0,0,0,911835,0,0,0,0,0,0,0
1782295967.831,0,0,0,0,0,0,0,458477313,477332507136,342711369216,0,0,0,0,0,0,0,0,0,0,0,0,0,0,0,0,0,0,0,0,0,0,0,0,0,0,0,0,0,0,0,0,0,0,0,0,0,0,0,0,0,0,0,0,0,0,0,0,0,0,0,0,0,0,0,0,0,0,7,1728362,29205048,13398385,0,0,0,0,0,0,0,0,0,0,0,0,0,0,0,0,0,0,0,0,0,0,0,0,0,0,0,0,0,0,0,0,0,0,0,0,0,12865093632,4530159616,785223,276499,13335967,1113,0,96,786432,28342028,812144,4,2186124019,12884901888,19575,501976922,0,0,0,0,0,0,0,0,0,0,0,0,0,0,0,0,0,0,9326336,109216117,0,468,1202,7661,620,18652993,35,0,0,0,0,0,0,0,1,0,0,0,0,0,0,0,0,0,0,13653042,0,13335577,129966,0,0,0,0,0,0,0,0,16384,0,0,0,0,0,0,0,0,0,0,0,1711,407,0,0,0,0,0,28345333,0,151,0,4,406,1711,0,0,0,0,0,0,0,0,0,0,0,0,0,0,0,0,0,0,0,0,0,0,0,0,0,0,0,0,0,0,0,0,0,0,0,0,0,0,0,0,0,0,0,0,0,0,0,0,0,0,0,0,0,0,136501904,0,0,0,339491688,0,0,0,0,0,0,0,29620305,29439423,150352730,93646680064,27364111,1,1,0,0,0,0,0,0,0,0,0,0,0,0,0,0,0,0,0,0,0,0,0,0,0,0,0,0,0,0,0,915998,0,0,0,0,0,0,0
1782295968.897,0,0,0,0,0,0,0,458648892,478360553984,343047674368,0,0,0,0,0,0,0,0,0,0,0,0,0,0,0,0,0,0,0,0,0,0,0,0,0,0,0,0,0,0,0,0,0,0,0,0,0,0,0,0,0,0,0,0,0,0,0,0,0,0,0,0,0,0,0,0,0,0,7,1728854,29267958,13415760,0,0,0,0,0,0,0,0,0,0,0,0,0,0,0,0,0,0,0,0,0,0,0,0,0,0,0,0,0,0,0,0,0,0,0,0,0,12858687488,4532207616,784832,276624,13353342,1503,0,96,786432,28404853,812144,4,2186991040,12884901888,19575,502114984,0,0,0,0,0,0,0,0,0,0,0,0,0,0,0,0,0,0,9330888,109220670,0,468,1202,7661,620,18662099,35,0,0,0,0,0,0,0,1,0,0,0,0,0,0,0,0,0,0,13658159,0,13352952,130153,0,0,0,0,0,0,0,0,16384,0,0,0,0,0,0,0,0,0,0,0,1712,407,0,0,0,0,0,28359178,0,151,0,4,406,1712,0,0,0,0,0,0,0,0,0,0,0,0,0,0,0,0,0,0,0,0,0,0,0,0,0,0,0,0,0,0,0,0,0,0,0,0,0,0,0,0,0,0,0,0,0,0,0,0,0,0,0,0,0,0,136573599,0,0,0,339567324,0,0,0,0,0,0,0,29651963,29502145,150441948,93690018816,27392452,0,0,0,0,0,0,0,0,0,0,0,0,0,0,0,0,0,0,0,0,0,0,0,0,0,0,0,0,0,0,0,920511,0,0,0,0,0,0,0
1782295969.966,0,0,0,0,0,0,0,458812669,479378852352,343383440896,0,0,0,0,0,0,0,0,0,0,0,0,0,0,0,0,0,0,0,0,0,0,0,0,0,0,0,0,0,0,0,0,0,0,0,0,0,0,0,0,0,0,0,0,0,0,0,0,0,0,0,0,0,0,0,0,0,0,7,1729145,29330272,13432750,0,0,0,0,0,0,0,0,0,0,0,0,0,0,0,0,0,0,0,0,0,0,0,0,0,0,0,0,0,0,0,0,0,0,0,0,0,12870631424,4562780160,785563,278490,13370204,771,0,107,786432,28467076,812144,4,2187912057,12884901888,19575,502331005,0,0,0,0,0,0,0,0,0,0,0,0,0,0,0,0,0,0,9335499,109225281,0,468,1202,7661,620,18671319,35,0,0,0,0,0,0,0,1,0,0,0,0,0,0,0,0,0,0,13663342,0,13369942,130337,0,0,0,0,0,0,0,0,16384,0,0,0,0,0,0,0,0,0,0,0,1713,407,0,0,0,0,0,28373188,0,151,0,4,406,1713,0,0,0,0,0,0,0,0,0,0,0,0,0,0,0,0,0,0,0,0,0,0,0,0,0,0,0,0,0,0,0,0,0,0,0,0,0,0,0,0,0,0,0,0,0,0,0,0,0,0,0,0,0,0,136658101,0,0,0,339678794,0,0,0,0,0,0,0,29684053,29564294,150543546,93738127360,27421237,1,0,0,0,0,0,0,0,0,0,0,0,0,0,0,0,0,0,0,0,0,0,0,0,0,0,0,0,0,0,0,886761,0,0,0,0,0,0,0
1782295971.034,0,0,0,0,0,0,0,458985304,480419580416,343722034176,0,0,0,0,0,0,0,0,0,0,0,0,0,0,0,0,0,0,0,0,0,0,0,0,0,0,0,0,0,0,0,0,0,0,0,0,0,0,0,0,0,0,0,0,0,0,0,0,0,0,0,0,0,0,0,0,0,0,7,1729409,29393967,13450265,0,0,0,0,0,0,0,0,0,0,0,0,0,0,0,0,0,0,0,0,0,0,0,0,0,0,0,0,0,0,0,0,0,0,0,0,0,12864339968,4561747968,785177,278427,13387847,1156,0,97,786432,28530657,812144,4,2188784831,12884901888,19575,502468667,0,0,0,0,0,0,0,0,0,0,0,0,0,0,0,0,0,0,9340112,109229894,0,468,1202,7661,620,18680542,35,0,0,0,0,0,0,0,1,0,0,0,0,0,0,0,0,0,0,13668532,0,13387457,130531,0,0,0,0,0,0,0,0,16384,0,0,0,0,0,0,0,0,0,0,0,1714,407,0,0,0,0,0,28387219,0,151,0,4,406,1714,0,0,0,0,0,0,0,0,0,0,0,0,0,0,0,0,0,0,0,0,0,0,0,0,0,0,0,0,0,0,0,0,0,0,0,0,0,0,0,0,0,0,0,0,0,0,0,0,0,0,0,0,0,0,136729881,0,0,0,339755019,0,0,0,0,0,0,0,29716112,29627779,150632980,93781490176,27449881,1,0,0,0,0,0,0,0,0,0,0,0,0,0,0,0,0,0,0,0,0,0,0,0,0,0,0,0,0,0,0,891374,0,0,0,0,0,0,0
1782295972.103,0,0,0,0,0,0,0,459155266,481446447616,344096649216,0,0,0,0,0,0,0,0,0,0,0,0,0,0,0,0,0,0,0,0,0,0,0,0,0,0,0,0,0,0,0,0,0,0,0,0,0,0,0,0,0,0,0,0,0,0,0,0,0,0,0,0,0,0,0,0,0,0,7,1729661,29456790,13470086,0,0,0,0,0,0,0,0,0,0,0,0,0,0,0,0,0,0,0,0,0,0,0,0,0,0,0,0,0,0,0,0,0,0,0,0,0,12850642944,4519280640,784343,275835,13405369,1992,0,106,786432,28593381,812144,4,2189645708,12884901888,19575,502605160,0,0,0,0,0,0,0,0,0,0,0,0,0,0,0,0,0,0,9344634,109234416,0,468,1202,7661,620,18689588,35,0,0,0,0,0,0,0,1,0,0,0,0,0,0,0,0,0,0,13673615,0,13407239,130748,0,0,0,0,0,0,0,0,16384,0,0,0,0,0,0,0,0,0,0,0,1715,407,0,0,0,0,0,28400954,0,151,0,4,406,1715,0,0,0,0,0,0,0,0,0,0,0,0,0,0,0,0,0,0,0,0,0,0,0,0,0,0,0,0,0,0,0,0,0,0,0,0,0,0,0,0,0,0,0,0,0,0,0,0,0,0,0,0,0,0,136800414,0,0,0,339829814,0,0,0,0,0,0,0,29747642,29690387,150723479,93823578112,27477668,0,1,0,0,0,0,0,0,0,0,0,0,0,0,0,0,0,0,0,0,0,0,0,0,0,0,0,0,0,0,0,895895,0,0,0,0,0,0,0
1782295973.170,0,0,0,0,0,0,0,459326669,482480376320,344456699392,0,0,0,0,0,0,0,0,0,0,0,0,0,0,0,0,0,0,0,0,0,0,0,0,0,0,0,0,0,0,0,0,0,0,0,0,0,0,0,0,0,0,0,0,0,0,0,0,0,0,0,0,0,0,0,0,0,0,7,1729898,29520058,13489042,0,0,0,0,0,0,0,0,0,0,0,0,0,0,0,0,0,0,0,0,0,0,0,0,0,0,0,0,0,0,0,0,0,0,0,0,0,12870123520,4493508608,785530,274262,13426624,806,0,106,786432,28656529,812144,4,2190511038,12884901888,19575,502741069,0,0,0,0,0,0,0,0,0,0,0,0,0,0,0,0,0,0,9349207,109238988,0,468,1202,7661,620,18698731,35,0,0,0,0,0,0,0,1,0,0,0,0,0,0,0,0,0,0,13678757,0,13426234,130950,0,0,0,0,0,0,0,0,16384,0,0,0,0,0,0,0,0,0,0,0,1716,407,0,0,0,0,0,28414849,0,151,0,4,406,1716,0,0,0,0,0,0,0,0,0,0,0,0,0,0,0,0,0,0,0,0,0,0,0,0,0,0,0,0,0,0,0,0,0,0,0,0,0,0,0,0,0,0,0,0,0,0,0,0,0,0,0,0,0,0,136871158,0,0,0,339905454,0,0,0,0,0,0,0,29779638,29753478,150813296,93865500160,27506158,1,0,0,0,0,0,0,0,0,0,0,0,0,0,0,0,0,0,0,0,0,0,0,0,0,0,0,0,0,0,0,900468,0,0,0,0,0,0,0
1782295974.238,0,0,0,0,0,0,0,459499780,483525233152,344800128000,0,0,0,0,0,0,0,0,0,0,0,0,0,0,0,0,0,0,0,0,0,0,0,0,0,0,0,0,0,0,0,0,0,0,0,0,0,0,0,0,0,0,0,0,0,0,0,0,0,0,0,0,0,0,0,0,0,0,7,1730144,29584013,13506860,0,0,0,0,0,0,0,0,0,0,0,0,0,0,0,0,0,0,0,0,0,0,0,0,0,0,0,0,0,0,0,0,0,0,0,0,0,12864045056,4490313728,785159,274067,13444442,1177,0,96,786432,28720372,812144,4,2191385772,12884901888,19575,502879045,0,0,0,0,0,0,0,0,0,0,0,0,0,0,0,0,0,0,9353821,109243603,0,468,1202,7661,620,18707957,35,0,0,0,0,0,0,0,1,0,0,0,0,0,0,0,0,0,0,13683949,0,13444052,131142,0,0,0,0,0,0,0,0,16384,0,0,0,0,0,0,0,0,0,0,0,1717,407,0,0,0,0,0,28428899,0,151,0,4,406,1717,0,0,0,0,0,0,0,0,0,0,0,0,0,0,0,0,0,0,0,0,0,0,0,0,0,0,0,0,0,0,0,0,0,0,0,0,0,0,0,0,0,0,0,0,0,0,0,0,0,0,0,0,0,0,136943128,0,0,0,339981849,0,0,0,0,0,0,0,29811127,29817234,150903194,93908883456,27534297,1,1,0,0,0,0,0,0,0,0,0,0,0,0,0,0,0,0,0,0,0,0,0,0,0,0,0,0,0,0,0,905084,0,0,0,0,0,0,0
1782295975.307,0,0,0,0,0,0,0,459665213,484527573504,345128528384,0,0,0,0,0,0,0,0,0,0,0,0,0,0,0,0,0,0,0,0,0,0,0,0,0,0,0,0,0,0,0,0,0,0,0,0,0,0,0,0,0,0,0,0,0,0,0,0,0,0,0,0,0,0,0,0,0,0,7,1730419,29645351,13523923,0,0,0,0,0,0,0,0,0,0,0,0,0,0,0,0,0,0,0,0,0,0,0,0,0,0,0,0,0,0,0,0,0,0,0,0,0,12854788096,4488331264,784594,273946,13461505,1741,0,96,786432,28781610,812144,4,2192219746,12884901888,19575,503010072,0,0,0,0,0,0,0,0,0,0,0,0,0,0,0,0,0,0,9358241,109248023,0,468,1202,7661,620,18716800,35,0,0,0,0,0,0,0,1,0,0,0,0,0,0,0,0,0,0,13688920,0,13461115,131338,0,0,0,0,0,0,0,0,16384,0,0,0,0,0,0,0,0,0,0,0,1718,407,0,0,0,0,0,28442334,0,151,0,4,406,1718,0,0,0,0,0,0,0,0,0,0,0,0,0,0,0,0,0,0,0,0,0,0,0,0,0,0,0,0,0,0,0,0,0,0,0,0,0,0,0,0,0,0,0,0,0,0,0,0,0,0,0,0,0,0,137012935,0,0,0,340054882,0,0,0,0,0,0,0,29838411,29878385,150990202,93950053376,27558469,0,0,0,0,0,0,0,0,0,0,0,0,0,0,0,0,0,0,0,0,0,0,0,0,0,0,0,0,0,0,0,909504,0,0,0,0,0,0,0
1782295976.372,0,0,0,0,0,0,0,459836653,485558585856,345460897792,0,0,0,0,0,0,0,0,0,0,0,0,0,0,0,0,0,0,0,0,0,0,0,0,0,0,0,0,0,0,0,0,0,0,0,0,0,0,0,0,0,0,0,0,0,0,0,0,0,0,0,0,0,0,0,0,0,0,7,1730717,29708451,13541099,0,0,0,0,0,0,0,0,0,0,0,0,0,0,0,0,0,0,0,0,0,0,0,0,0,0,0,0,0,0,0,0,0,0,0,0,0,12864110592,4493033472,785165,274233,13478681,1166,0,98,786432,28844593,812144,4,2193086275,12884901888,19575,503146514,0,0,0,0,0,0,0,0,0,0,0,0,0,0,0,0,0,0,9362792,109252573,0,468,1202,7661,620,18725903,35,0,0,0,0,0,0,0,1,0,0,0,0,0,0,0,0,0,0,13694037,0,13478291,131528,0,0,0,0,0,0,0,0,16384,0,0,0,0,0,0,0,0,0,0,0,1719,407,0,0,0,0,0,28456179,0,151,0,4,406,1719,0,0,0,0,0,0,0,0,0,0,0,0,0,0,0,0,0,0,0,0,0,0,0,0,0,0,0,0,0,0,0,0,0,0,0,0,0,0,0,0,0,0,0,0,0,0,0,0,0,0,0,0,0,0,137084573,0,0,0,340130505,0,0,0,0,0,0,0,29869431,29941279,151079162,93993044992,27586327,1,0,0,0,0,0,0,0,0,0,0,0,0,0,0,0,0,0,0,0,0,0,0,0,0,0,0,0,0,0,0,914054,0,0,0,0,0,0,0
1782295977.439,0,0,0,0,0,0,0,460000955,486584732160,345804189696,0,0,0,0,0,0,0,0,0,0,0,0,0,0,0,0,0,0,0,0,0,0,0,0,0,0,0,0,0,0,0,0,0,0,0,0,0,0,0,0,0,0,0,0,0,0,0,0,0,0,0,0,0,0,0,0,0,0,7,1731097,29771255,13558613,0,0,0,0,0,0,0,0,0,0,0,0,0,0,0,0,0,0,0,0,0,0,0,0,0,0,0,0,0,0,0,0,0,0,0,0,0,12867944448,4520460288,785397,275907,13496195,939,0,96,786432,28907298,812144,4,2194008827,12884901888,19575,503361460,0,0,0,0,0,0,0,0,0,0,0,0,0,0,0,0,0,0,9367422,109257205,0,468,1202,7661,620,18735171,35,0,0,0,0,0,0,0,1,0,0,0,0,0,0,0,0,0,0,13699247,0,13495805,131709,0,0,0,0,0,0,0,0,16384,0,0,0,0,0,0,0,0,0,0,0,1720,407,0,0,0,0,0,28470268,0,151,0,4,406,1720,0,0,0,0,0,0,0,0,0,0,0,0,0,0,0,0,0,0,0,0,0,0,0,0,0,0,0,0,0,0,0,0,0,0,0,0,0,0,0,0,0,0,0,0,0,0,0,0,0,0,0,0,0,0,137167414,0,0,0,340242245,0,0,0,0,0,0,0,29901505,30003905,151179636,94040075776,27615149,1,1,0,0,0,0,0,0,0,0,0,0,0,0,0,0,0,0,0,0,0,0,0,0,0,0,0,0,0,0,0,880285,0,0,0,0,0,0,0
1782295978.508,0,0,0,0,0,0,0,460173635,487625984512,346149058048,0,0,0,0,0,0,0,0,0,0,0,0,0,0,0,0,0,0,0,0,0,0,0,0,0,0,0,0,0,0,0,0,0,0,0,0,0,0,0,0,0,0,0,0,0,0,0,0,0,0,0,0,0,0,0,0,0,0,7,1731338,29835002,13576551,0,0,0,0,0,0,0,0,0,0,0,0,0,0,0,0,0,0,0,0,0,0,0,0,0,0,0,0,0,0,0,0,0,0,0,0,0,12850954240,4514840576,784360,275564,13514133,1973,0,96,786432,28970947,812144,4,2194880726,12884901888,19575,503499347,0,0,0,0,0,0,0,0,0,0,0,0,0,0,0,0,0,0,9372003,109261785,0,468,1202,7661,620,18744325,35,0,0,0,0,0,0,0,1,0,0,0,0,0,0,0,0,0,0,13704400,0,13513743,131912,0,0,0,0,0,0,0,0,16384,0,0,0,0,0,0,0,0,0,0,0,1721,407,0,0,0,0,0,28484186,0,151,0,4,406,1721,0,0,0,0,0,0,0,0,0,0,0,0,0,0,0,0,0,0,0,0,0,0,0,0,0,0,0,0,0,0,0,0,0,0,0,0,0,0,0,0,0,0,0,0,0,0,0,0,0,0,0,0,0,0,137238388,0,0,0,340318382,0,0,0,0,0,0,0,29933303,30067434,151268704,94082920960,27643500,0,0,0,0,0,0,0,0,0,0,0,0,0,0,0,0,0,0,0,0,0,0,0,0,0,0,0,0,0,0,0,884866,0,0,0,0,0,0,0
1782295979.576,0,0,0,0,0,0,0,460347554,488670956032,346486019584,0,0,0,0,0,0,0,0,0,0,0,0,0,0,0,0,0,0,0,0,0,0,0,0,0,0,0,0,0,0,0,0,0,0,0,0,0,0,0,0,0,0,0,0,0,0,0,0,0,0,0,0,0,0,0,0,0,0,7,1731585,29898950,13593981,0,0,0,0,0,0,0,0,0,0,0,0,0,0,0,0,0,0,0,0,0,0,0,0,0,0,0,0,0,0,0,0,0,0,0,0,0,12866617344,4517511168,785316,275727,13531563,1020,0,97,786432,29034789,812144,4,2195758965,12884901888,19575,503638110,0,0,0,0,0,0,0,0,0,0,0,0,0,0,0,0,0,0,9376615,109266398,0,468,1202,7661,620,18753550,35,0,0,0,0,0,0,0,1,0,0,0,0,0,0,0,0,0,0,13709589,0,13531173,132104,0,0,0,0,0,0,0,0,16384,0,0,0,0,0,0,0,0,0,0,0,1722,407,0,0,0,0,0,28498217,0,151,0,4,406,1722,0,0,0,0,0,0,0,0,0,0,0,0,0,0,0,0,0,0,0,0,0,0,0,0,0,0,0,0,0,0,0,0,0,0,0,0,0,0,0,0,0,0,0,0,0,0,0,0,0,0,0,0,0,0,137310063,0,0,0,340395075,0,0,0,0,0,0,0,29965426,30131190,151357953,94125973504,27672284,1,0,0,0,0,0,0,0,0,0,0,0,0,0,0,0,0,0,0,0,0,0,0,0,0,0,0,0,0,0,0,889479,0,0,0,0,0,0,0
1782295980.646,0,0,0,0,0,0,0,460520680,489710488064,346827617792,0,0,0,0,0,0,0,0,0,0,0,0,0,0,0,0,0,0,0,0,0,0,0,0,0,0,0,0,0,0,0,0,0,0,0,0,0,0,0,0,0,0,0,0,0,0,0,0,0,0,0,0,0,0,0,0,0,0,7,1731817,29962553,13611717,0,0,0,0,0,0,0,0,0,0,0,0,0,0,0,0,0,0,0,0,0,0,0,0,0,0,0,0,0,0,0,0,0,0,0,0,0,12854394880,4511678464,784570,275371,13549242,1762,0,101,786432,29098295,812144,4,2196633569,12884901888,19575,503775960,0,0,0,0,0,0,0,0,0,0,0,0,0,0,0,0,0,0,9381207,109270989,0,468,1202,7661,620,18762733,35,0,0,0,0,0,0,0,1,0,0,0,0,0,0,0,0,0,0,13714751,0,13548852,132295,0,0,0,0,0,0,0,0,16384,0,0,0,0,0,0,0,0,0,0,0,1723,407,0,0,0,0,0,28512168,0,151,0,4,406,1723,0,0,0,0,0,0,0,0,0,0,0,0,0,0,0,0,0,0,0,0,0,0,0,0,0,0,0,0,0,0,0,0,0,0,0,0,0,0,0,0,0,0,0,0,0,0,0,0,0,0,0,0,0,0,137381760,0,0,0,340471454,0,0,0,0,0,0,0,29997547,30194600,151447523,94168823296,27701051,1,0,0,0,0,0,0,0,0,0,0,0,0,0,0,0,0,0,0,0,0,0,0,0,0,0,0,0,0,0,0,894068,0,0,0,0,0,0,0
1782295981.712,0,0,0,0,0,0,0,460697480,490770827776,347174387712,0,0,0,0,0,0,0,0,0,0,0,0,0,0,0,0,0,0,0,0,0,0,0,0,0,0,0,0,0,0,0,0,0,0,0,0,0,0,0,0,0,0,0,0,0,0,0,0,0,0,0,0,0,0,0,0,0,0,7,1732085,30027443,13629735,0,0,0,0,0,0,0,0,0,0,0,0,0,0,0,0,0,0,0,0,0,0,0,0,0,0,0,0,0,0,0,0,0,0,0,0,0,12858818560,4508745728,784840,275192,13567189,1494,0,97,786432,29163094,812144,4,2197526254,12884901888,19575,503917061,0,0,0,0,0,0,0,0,0,0,0,0,0,0,0,0,0,0,9385875,109275659,0,468,1202,7661,620,18772070,35,0,0,0,0,0,0,0,1,0,0,0,0,0,0,0,0,0,0,13720003,0,13566927,132492,0,0,0,0,0,0,0,0,16384,0,0,0,0,0,0,0,0,0,0,0,1725,407,0,0,0,0,0,28526372,0,151,0,4,406,1725,0,0,0,0,0,0,0,0,0,0,0,0,0,0,0,0,0,0,0,0,0,0,0,0,0,0,0,0,0,0,0,0,0,0,0,0,0,0,0,0,0,0,0,0,0,0,0,0,0,0,0,0,0,0,137454451,0,0,0,340549320,0,0,0,0,0,0,0,30030276,30259278,151538355,94212172800,27730287,0,0,0,0,0,0,0,0,0,0,0,0,0,0,0,0,0,0,0,0,0,0,0,0,0,0,0,0,0,0,0,898739,0,0,0,0,0,0,0
1782295982.780,0,0,0,0,0,0,0,460871886,491818682880,347513732096,0,0,0,0,0,0,0,0,0,0,0,0,0,0,0,0,0,0,0,0,0,0,0,0,0,0,0,0,0,0,0,0,0,0,0,0,0,0,0,0,0,0,0,0,0,0,0,0,0,0,0,0,0,0,0,0,0,0,7,1732388,30091584,13647326,0,0,0,0,0,0,0,0,0,0,0,0,0,0,0,0,0,0,0,0,0,0,0,0,0,0,0,0,0,0,0,0,0,0,0,0,0,12860129280,4507172864,784918,275096,13584908,1416,0,98,786432,29227128,812144,4,2198407615,12884901888,19575,504055194,0,0,0,0,0,0,0,0,0,0,0,0,0,0,0,0,0,0,9390514,109280299,0,468,1202,7661,620,18781357,35,0,0,0,0,0,0,0,1,0,0,0,0,0,0,0,0,0,0,13725224,0,13584518,132677,0,0,0,0,0,0,0,0,16384,0,0,0,0,0,0,0,0,0,0,0,1726,407,0,0,0,0,0,28540469,0,151,0,4,406,1726,0,0,0,0,0,0,0,0,0,0,0,0,0,0,0,0,0,0,0,0,0,0,0,0,0,0,0,0,0,0,0,0,0,0,0,0,0,0,0,0,0,0,0,0,0,0,0,0,0,0,0,0,0,0,137526459,0,0,0,340626418,0,0,0,0,0,0,0,30062441,30323209,151628071,94255147520,27759206,1,0,0,0,0,0,0,0,0,0,0,0,0,0,0,0,0,0,0,0,0,0,0,0,0,0,0,0,0,0,0,903380,0,0,0,0,0,0,0
1782295983.848,0,0,0,0,0,0,0,461042347,492859738624,347859045888,0,0,0,0,0,0,0,0,0,0,0,0,0,0,0,0,0,0,0,0,0,0,0,0,0,0,0,0,0,0,0,0,0,0,0,0,0,0,0,0,0,0,0,0,0,0,0,0,0,0,0,0,0,0,0,0,0,0,7,1732881,30155298,13664905,0,0,0,0,0,0,0,0,0,0,0,0,0,0,0,0,0,0,0,0,0,0,0,0,0,0,0,0,0,0,0,0,0,0,0,0,0,12861505536,4526456832,785004,276273,13602487,1332,0,96,786432,29290748,812144,4,2199330818,12884901888,19575,504249179,0,0,0,0,0,0,0,0,0,0,0,0,0,0,0,0,0,0,9395139,109284922,0,468,1202,7661,620,18790600,35,0,0,0,0,0,0,0,1,0,0,0,0,0,0,0,0,0,0,13730425,0,13602097,132858,0,0,0,0,0,0,0,0,16384,0,0,0,0,0,0,0,0,0,0,0,1727,407,0,0,0,0,0,28554526,0,151,0,4,406,1727,0,0,0,0,0,0,0,0,0,0,0,0,0,0,0,0,0,0,0,0,0,0,0,0,0,0,0,0,0,0,0,0,0,0,0,0,0,0,0,0,0,0,0,0,0,0,0,0,0,0,0,0,0,0,137609741,0,0,0,340727353,0,0,0,0,0,0,0,30094698,30386689,151729042,94303228416,27788211,1,0,0,0,0,0,0,0,0,0,0,0,0,0,0,0,0,0,0,0,0,0,0,0,0,0,0,0,0,0,0,882656,0,0,0,0,0,0,0
1782295984.916,0,0,0,0,0,0,0,461212605,493897239040,348204248576,0,0,0,0,0,0,0,0,0,0,0,0,0,0,0,0,0,0,0,0,0,0,0,0,0,0,0,0,0,0,0,0,0,0,0,0,0,0,0,0,0,0,0,0,0,0,0,0,0,0,0,0,0,0,0,0,0,0,7,1733177,30218780,13682680,0,0,0,0,0,0,0,0,0,0,0,0,0,0,0,0,0,0,0,0,0,0,0,0,0,0,0,0,0,0,0,0,0,0,0,0,0,12855361536,4530339840,784628,276511,13620059,1707,0,97,786432,29354146,812144,4,2200223174,12884901888,19575,504412767,0,0,0,0,0,0,0,0,0,0,0,0,0,0,0,0,0,0,9399759,109289544,0,468,1202,7661,620,18799841,35,0,0,0,0,0,0,0,1,0,0,0,0,0,0,0,0,0,0,13735623,0,13619797,133054,0,0,0,0,0,0,0,0,16384,0,0,0,0,0,0,0,0,0,0,0,1728,407,0,0,0,0,0,28568558,0,151,0,4,406,1728,0,0,0,0,0,0,0,0,0,0,0,0,0,0,0,0,0,0,0,0,0,0,0,0,0,0,0,0,0,0,0,0,0,0,0,0,0,0,0,0,0,0,0,0,0,0,0,0,0,0,0,0,0,0,137687218,0,0,0,340815956,0,0,0,0,0,0,0,30126912,30449953,151824444,94348505600,27816963,1,0,0,0,0,0,0,0,0,0,0,0,0,0,0,0,0,0,0,0,0,0,0,0,0,0,0,0,0,0,0,874226,0,0,0,0,0,0,0
1782295985.984,0,0,0,0,0,0,0,461385917,494939294208,348543734272,0,0,0,0,0,0,0,0,0,0,0,0,0,0,0,0,0,0,0,0,0,0,0,0,0,0,0,0,0,0,0,0,0,0,0,0,0,0,0,0,0,0,0,0,0,0,0,0,0,0,0,0,0,0,0,0,0,0,7,1733434,30282550,13700208,0,0,0,0,0,0,0,0,0,0,0,0,0,0,0,0,0,0,0,0,0,0,0,0,0,0,0,0,0,0,0,0,0,0,0,0,0,12849725440,4531060736,784286,276554,13637618,2051,0,97,786432,29417813,812144,4,2201099811,12884901888,19575,504551346,0,0,0,0,0,0,0,0,0,0,0,0,0,0,0,0,0,0,9404341,109294125,0,468,1202,7661,620,18809010,35,0,0,0,0,0,0,0,1,0,0,0,0,0,0,0,0,0,0,13740778,0,13637228,133240,0,0,0,0,0,0,0,0,16384,0,0,0,0,0,0,0,0,0,0,0,1729,407,0,0,0,0,0,28582484,0,151,0,4,406,1729,0,0,0,0,0,0,0,0,0,0,0,0,0,0,0,0,0,0,0,0,0,0,0,0,0,0,0,0,0,0,0,0,0,0,0,0,0,0,0,0,0,0,0,0,0,0,0,0,0,0,0,0,0,0,137759255,0,0,0,340892429,0,0,0,0,0,0,0,30158461,30513511,151914153,94391804416,27845291,0,0,0,0,0,0,0,0,0,0,0,0,0,0,0,0,0,0,0,0,0,0,0,0,0,0,0,0,0,0,0,878807,0,0,0,0,0,0,0
1782295987.052,0,0,0,0,0,0,0,461559258,495980268032,348875978752,0,0,0,0,0,0,0,0,0,0,0,0,0,0,0,0,0,0,0,0,0,0,0,0,0,0,0,0,0,0,0,0,0,0,0,0,0,0,0,0,0,0,0,0,0,0,0,0,0,0,0,0,0,0,0,0,0,0,7,1733691,30346265,13717409,0,0,0,0,0,0,0,0,0,0,0,0,0,0,0,0,0,0,0,0,0,0,0,0,0,0,0,0,0,0,0,0,0,0,0,0,0,12860162048,4535320576,784923,276814,13654863,1408,0,110,786432,29481422,812144,4,2201973976,12884901888,19575,504688110,0,0,0,0,0,0,0,0,0,0,0,0,0,0,0,0,0,0,9408963,109298748,0,468,1202,7661,620,18818252,35,0,0,0,0,0,0,0,1,0,0,0,0,0,0,0,0,0,0,13745978,0,13654601,133435,0,0,0,0,0,0,0,0,16384,0,0,0,0,0,0,0,0,0,0,0,1730,407,0,0,0,0,0,28596549,0,151,0,4,406,1730,0,0,0,0,0,0,0,0,0,0,0,0,0,0,0,0,0,0,0,0,0,0,0,0,0,0,0,0,0,0,0,0,0,0,0,0,0,0,0,0,0,0,0,0,0,0,0,0,0,0,0,0,0,0,137831357,0,0,0,340969083,0,0,0,0,0,0,0,30190639,30577016,152003552,94434731008,27874071,1,0,0,0,0,0,0,0,0,0,0,0,0,0,0,0,0,0,0,0,0,0,0,0,0,0,0,0,0,0,0,883428,0,0,0,0,0,0,0
1782295988.121,0,0,0,0,0,0,0,461730472,497007446528,349269722112,0,0,0,0,0,0,0,0,0,0,0,0,0,0,0,0,0,0,0,0,0,0,0,0,0,0,0,0,0,0,0,0,0,0,0,0,0,0,0,0,0,0,0,0,0,0,0,0,0,0,0,0,0,0,0,0,0,0,7,1733909,30409109,13738363,0,0,0,0,0,0,0,0,0,0,0,0,0,0,0,0,0,0,0,0,0,0,0,0,0,0,0,0,0,0,0,0,0,0,0,0,0,12851150848,4473323520,784373,273030,13672632,1965,0,96,786432,29544184,812144,4,2202838938,12884901888,19575,504823485,0,0,0,0,0,0,0,0,0,0,0,0,0,0,0,0,0,0,9413506,109303291,0,468,1202,7661,620,18827334,35,0,0,0,0,0,0,0,1,0,0,0,0,0,0,0,0,0,0,13751088,0,13675442,133648,0,0,0,0,0,0,0,0,16384,0,0,0,0,0,0,0,0,0,0,0,1731,407,0,0,0,0,0,28610355,0,151,0,4,406,1731,0,0,0,0,0,0,0,0,0,0,0,0,0,0,0,0,0,0,0,0,0,0,0,0,0,0,0,0,0,0,0,0,0,0,0,0,0,0,0,0,0,0,0,0,0,0,0,0,0,0,0,0,0,0,137902517,0,0,0,341044649,0,0,0,0,0,0,0,30222135,30639667,152095838,94477187584,27901948,1,0,0,0,0,0,0,0,0,0,0,0,0,0,0,0,0,0,0,0,0,0,0,0,0,0,0,0,0,0,0,887972,0,0,0,0,0,0,0
1782295989.190,0,0,0,0,0,0,0,461904579,498049780224,349617928704,0,0,0,0,0,0,0,0,0,0,0,0,0,0,0,0,0,0,0,0,0,0,0,0,0,0,0,0,0,0,0,0,0,0,0,0,0,0,0,0,0,0,0,0,0,0,0,0,0,0,0,0,0,0,0,0,0,0,7,1734180,30472903,13756532,0,0,0,0,0,0,0,0,0,0,0,0,0,0,0,0,0,0,0,0,0,0,0,0,0,0,0,0,0,0,0,0,0,0,0,0,0,12875497472,4462051328,785858,272342,13694114,476,0,96,786432,29607889,812144,4,2203715760,12884901888,19575,504960605,0,0,0,0,0,0,0,0,0,0,0,0,0,0,0,0,0,0,9418142,109307926,0,468,1202,7661,620,18836608,35,0,0,0,0,0,0,0,1,0,0,0,0,0,0,0,0,0,0,13756302,0,13693724,133844,0,0,0,0,0,0,0,0,16384,0,0,0,0,0,0,0,0,0,0,0,1732,407,0,0,0,0,0,28624473,0,151,0,4,406,1732,0,0,0,0,0,0,0,0,0,0,0,0,0,0,0,0,0,0,0,0,0,0,0,0,0,0,0,0,0,0,0,0,0,0,0,0,0,0,0,0,0,0,0,0,0,0,0,0,0,0,0,0,0,0,137974437,0,0,0,341121602,0,0,0,0,0,0,0,30254159,30703254,152186027,94520020480,27930577,1,0,0,0,0,0,0,0,0,0,0,0,0,0,0,0,0,0,0,0,0,0,0,0,0,0,0,0,0,0,0,892608,0,0,0,0,0,0,0
1782295990.258,0,0,0,0,0,0,0,462077482,499089705472,349958972416,0,0,0,0,0,0,0,0,0,0,0,0,0,0,0,0,0,0,0,0,0,0,0,0,0,0,0,0,0,0,0,0,0,0,0,0,0,0,0,0,0,0,0,0,0,0,0,0,0,0,0,0,0,0,0,0,0,0,7,1734472,30536515,13774155,0,0,0,0,0,0,0,0,0,0,0,0,0,0,0,0,0,0,0,0,0,0,0,0,0,0,0,0,0,0,0,0,0,0,0,0,0,12858540032,4457955328,784823,272092,13711610,1504,0,116,786432,29671405,812144,4,2204587512,12884901888,19575,505096099,0,0,0,0,0,0,0,0,0,0,0,0,0,0,0,0,0,0,9422774,109312558,0,468,1202,7661,620,18845872,35,0,0,0,0,0,0,0,1,0,0,0,0,0,0,0,0,0,0,13761513,0,13711348,134045,0,0,0,0,0,0,0,0,16384,0,0,0,0,0,0,0,0,0,0,0,1733,407,0,0,0,0,0,28638550,0,151,0,4,406,1733,0,0,0,0,0,0,0,0,0,0,0,0,0,0,0,0,0,0,0,0,0,0,0,0,0,0,0,0,0,0,0,0,0,0,0,0,0,0,0,0,0,0,0,0,0,0,0,0,0,0,0,0,0,0,138048345,0,0,0,341198200,0,0,0,0,0,0,0,30287432,30766675,152277703,94564083200,27960248,0,0,0,0,0,0,0,0,0,0,0,0,0,0,0,0,0,0,0,0,0,0,0,0,0,0,0,0,0,0,0,897239,0,0,0,0,0,0,0
1782295991.323,0,0,0,0,0,0,0,462235760,500071533056,350288625152,0,0,0,0,0,0,0,0,0,0,0,0,0,0,0,0,0,0,0,0,0,0,0,0,0,0,0,0,0,0,0,0,0,0,0,0,0,0,0,0,0,0,0,0,0,0,0,0,0,0,0,0,0,0,0,0,0,0,7,1734812,30596594,13790660,0,0,0,0,0,0,0,0,0,0,0,0,0,0,0,0,0,0,0,0,0,0,0,0,0,0,0,0,0,0,0,0,0,0,0,0,0,12862177280,4482908160,785044,273615,13728242,1290,0,97,786432,29731387,812144,4,2205472607,12884901888,19575,505301201,0,0,0,0,0,0,0,0,0,0,0,0,0,0,0,0,0,0,9427239,109317023,0,468,1202,7661,620,18854802,35,0,0,0,0,0,0,0,1,0,0,0,0,0,0,0,0,0,0,13766535,0,13727852,134228,0,0,0,0,0,0,0,0,16384,0,0,0,0,0,0,0,0,0,0,0,1734,407,0,0,0,0,0,28652126,0,151,0,4,406,1734,0,0,0,0,0,0,0,0,0,0,0,0,0,0,0,0,0,0,0,0,0,0,0,0,0,0,0,0,0,0,0,0,0,0,0,0,0,0,0,0,0,0,0,0,0,0,0,0,0,0,0,0,0,0,138137291,0,0,0,341305774,0,0,0,0,0,0,0,30314467,30826570,152383280,94614261248,27984361,0,0,0,0,0,0,0,0,0,0,0,0,0,0,0,0,0,0,0,0,0,0,0,0,0,0,0,0,0,0,0,864937,0,0,0,0,0,0,0
1782295992.392,0,0,0,0,0,0,0,462406123,501097286144,350624109056,0,0,0,0,0,0,0,0,0,0,0,0,0,0,0,0,0,0,0,0,0,0,0,0,0,0,0,0,0,0,0,0,0,0,0,0,0,0,0,0,0,0,0,0,0,0,0,0,0,0,0,0,0,0,0,0,0,0,7,1735094,30659385,13807997,0,0,0,0,0,0,0,0,0,0,0,0,0,0,0,0,0,0,0,0,0,0,0,0,0,0,0,0,0,0,0,0,0,0,0,0,0,12859867136,4487184384,784904,273876,13745579,1431,0,96,786432,29794062,812144,4,2206335823,12884901888,19575,505438874,0,0,0,0,0,0,0,0,0,0,0,0,0,0,0,0,0,0,9431783,109321568,0,468,1202,7661,620,18863896,35,0,0,0,0,0,0,0,1,0,0,0,0,0,0,0,0,0,0,13771648,0,13745189,134416,0,0,0,0,0,0,0,0,16384,0,0,0,0,0,0,0,0,0,0,0,1735,407,0,0,0,0,0,28665960,0,151,0,4,406,1735,0,0,0,0,0,0,0,0,0,0,0,0,0,0,0,0,0,0,0,0,0,0,0,0,0,0,0,0,0,0,0,0,0,0,0,0,0,0,0,0,0,0,0,0,0,0,0,0,0,0,0,0,0,0,138210410,0,0,0,341382808,0,0,0,0,0,0,0,30344700,30889167,152473877,94657729024,28011291,1,0,0,0,0,0,0,0,0,0,0,0,0,0,0,0,0,0,0,0,0,0,0,0,0,0,0,0,0,0,0,867851,0,0,0,0,0,0,0
1782295993.459,0,0,0,0,0,0,0,462580549,502143535616,350962732544,0,0,0,0,0,0,0,0,0,0,0,0,0,0,0,0,0,0,0,0,0,0,0,0,0,0,0,0,0,0,0,0,0,0,0,0,0,0,0,0,0,0,0,0,0,0,0,0,0,0,0,0,0,0,0,0,0,0,7,1735333,30723407,13825473,0,0,0,0,0,0,0,0,0,0,0,0,0,0,0,0,0,0,0,0,0,0,0,0,0,0,0,0,0,0,0,0,0,0,0,0,0,12854902784,4486086656,784601,273809,13763055,1735,0,96,786432,29857952,812144,4,2207216159,12884901888,19575,505576996,0,0,0,0,0,0,0,0,0,0,0,0,0,0,0,0,0,0,9436408,109326193,0,468,1202,7661,620,18873141,35,0,0,0,0,0,0,0,1,0,0,0,0,0,0,0,0,0,0,13776850,0,13762665,134612,0,0,0,0,0,0,0,0,16384,0,0,0,0,0,0,0,0,0,0,0,1736,407,0,0,0,0,0,28679997,0,151,0,4,406,1736,0,0,0,0,0,0,0,0,0,0,0,0,0,0,0,0,0,0,0,0,0,0,0,0,0,0,0,0,0,0,0,0,0,0,0,0,0,0,0,0,0,0,0,0,0,0,0,0,0,0,0,0,0,0,138283977,0,0,0,341459903,0,0,0,0,0,0,0,30377307,30952984,152565041,94701756416,28040352,1,0,0,0,0,0,0,0,0,0,0,0,0,0,0,0,0,0,0,0,0,0,0,0,0,0,0,0,0,0,0,872474,0,0,0,0,0,0,0
1782295994.524,0,0,0,0,0,0,0,462755119,503190915584,351295235072,0,0,0,0,0,0,0,0,0,0,0,0,0,0,0,0,0,0,0,0,0,0,0,0,0,0,0,0,0,0,0,0,0,0,0,0,0,0,0,0,0,0,0,0,0,0,0,0,0,0,0,0,0,0,0,0,0,0,7,1735540,30787523,13842640,0,0,0,0,0,0,0,0,0,0,0,0,0,0,0,0,0,0,0,0,0,0,0,0,0,0,0,0,0,0,0,0,0,0,0,0,0,12866060288,4492214272,785282,274183,13780222,1054,0,96,786432,29921976,812144,4,2208097444,12884901888,19575,505714596,0,0,0,0,0,0,0,0,0,0,0,0,0,0,0,0,0,0,9441033,109330818,0,468,1202,7661,620,18882394,35,0,0,0,0,0,0,0,1,0,0,0,0,0,0,0,0,0,0,13782051,0,13779832,134802,0,0,0,0,0,0,0,0,16384,0,0,0,0,0,0,0,0,0,0,0,1737,407,0,0,0,0,0,28694041,0,151,0,4,406,1737,0,0,0,0,0,0,0,0,0,0,0,0,0,0,0,0,0,0,0,0,0,0,0,0,0,0,0,0,0,0,0,0,0,0,0,0,0,0,0,0,0,0,0,0,0,0,0,0,0,0,0,0,0,0,138357681,0,0,0,341537050,0,0,0,0,0,0,0,30409498,31016904,152656053,94745124352,28069315,0,0,0,0,0,0,0,0,0,0,0,0,0,0,0,0,0,0,0,0,0,0,0,0,0,0,0,0,0,0,0,877099,0,0,0,0,0,0,0
1782295995.590,0,0,0,0,0,0,0,462928906,504238098944,351640999936,0,0,0,0,0,0,0,0,0,0,0,0,0,0,0,0,0,0,0,0,0,0,0,0,0,0,0,0,0,0,0,0,0,0,0,0,0,0,0,0,0,0,0,0,0,0,0,0,0,0,0,0,0,0,0,0,0,0,7,1735764,30851613,13860609,0,0,0,0,0,0,0,0,0,0,0,0,0,0,0,0,0,0,0,0,0,0,0,0,0,0,0,0,0,0,0,0,0,0,0,0,0,12851757056,4483874816,784409,273674,13798191,1925,0,96,786432,29985959,812144,4,2208974151,12884901888,19575,505850314,0,0,0,0,0,0,0,0,0,0,0,0,0,0,0,0,0,0,9445667,109335451,0,468,1202,7661,620,18891660,35,0,0,0,0,0,0,0,1,0,0,0,0,0,0,0,0,0,0,13787265,0,13797801,134996,0,0,0,0,0,0,0,0,16384,0,0,0,0,0,0,0,0,0,0,0,1738,407,0,0,0,0,0,28708140,0,151,0,4,406,1738,0,0,0,0,0,0,0,0,0,0,0,0,0,0,0,0,0,0,0,0,0,0,0,0,0,0,0,0,0,0,0,0,0,0,0,0,0,0,0,0,0,0,0,0,0,0,0,0,0,0,0,0,0,0,138430748,0,0,0,341613956,0,0,0,0,0,0,0,30441709,31080797,152747220,94788402176,28098139,1,0,0,0,0,0,0,0,0,0,0,0,0,0,0,0,0,0,0,0,0,0,0,0,0,0,0,0,0,0,0,881734,0,0,0,0,0,0,0
1782295996.656,0,0,0,0,0,0,0,463103442,505285986816,351979718144,0,0,0,0,0,0,0,0,0,0,0,0,0,0,0,0,0,0,0,0,0,0,0,0,0,0,0,0,0,0,0,0,0,0,0,0,0,0,0,0,0,0,0,0,0,0,0,0,0,0,0,0,0,0,0,0,0,0,7,1736052,30915747,13878079,0,0,0,0,0,0,0,0,0,0,0,0,0,0,0,0,0,0,0,0,0,0,0,0,0,0,0,0,0,0,0,0,0,0,0,0,0,12859179008,4482662400,784861,273600,13815661,1473,0,97,786432,30049986,812144,4,2209854818,12884901888,19575,505987622,0,0,0,0,0,0,0,0,0,0,0,0,0,0,0,0,0,0,9450303,109340087,0,468,1202,7661,620,18900930,35,0,0,0,0,0,0,0,1,0,0,0,0,0,0,0,0,0,0,13792477,0,13815271,135198,0,0,0,0,0,0,0,0,16384,0,0,0,0,0,0,0,0,0,0,0,1739,407,0,0,0,0,0,28722201,0,151,0,4,406,1739,0,0,0,0,0,0,0,0,0,0,0,0,0,0,0,0,0,0,0,0,0,0,0,0,0,0,0,0,0,0,0,0,0,0,0,0,0,0,0,0,0,0,0,0,0,0,0,0,0,0,0,0,0,0,138506407,0,0,0,341691137,0,0,0,0,0,0,0,30474583,31144710,152840462,94833013248,28127651,1,0,0,0,0,0,0,0,0,0,0,0,0,0,0,0,0,0,0,0,0,0,0,0,0,0,0,0,0,0,0,886367,0,0,0,0,0,0,0
1782295997.725,0,0,0,0,0,0,0,463278107,506331843072,352313347072,0,0,0,0,0,0,0,0,0,0,0,0,0,0,0,0,0,0,0,0,0,0,0,0,0,0,0,0,0,0,0,0,0,0,0,0,0,0,0,0,0,0,0,0,0,0,0,0,0,0,0,0,0,0,0,0,0,0,7,1736350,30979742,13895316,0,0,0,0,0,0,0,0,0,0,0,0,0,0,0,0,0,0,0,0,0,0,0,0,0,0,0,0,0,0,0,0,0,0,0,0,0,12870975488,4486578176,785581,273839,13832898,751,0,99,786432,30113893,812144,4,2210735910,12884901888,19575,506124677,0,0,0,0,0,0,0,0,0,0,0,0,0,0,0,0,0,0,9454949,109344734,0,468,1202,7661,620,18910222,35,0,0,0,0,0,0,0,1,0,0,0,0,0,0,0,0,0,0,13797707,0,13832508,135389,0,0,0,0,0,0,0,0,16384,0,0,0,0,0,0,0,0,0,0,0,1741,407,0,0,0,0,0,28736336,0,151,0,4,406,1741,0,0,0,0,0,0,0,0,0,0,0,0,0,0,0,0,0,0,0,0,0,0,0,0,0,0,0,0,0,0,0,0,0,0,0,0,0,0,0,0,0,0,0,0,0,0,0,0,0,0,0,0,0,0,138579139,0,0,0,341768451,0,0,0,0,0,0,0,30507130,31208481,152930530,94876295680,28156914,0,0,0,0,0,0,0,0,0,0,0,0,0,0,0,0,0,0,0,0,0,0,0,0,0,0,0,0,0,0,0,891017,0,0,0,0,0,0,0
1782295998.792,0,0,0,0,0,0,0,463444061,507355449856,352657040896,0,0,0,0,0,0,0,0,0,0,0,0,0,0,0,0,0,0,0,0,0,0,0,0,0,0,0,0,0,0,0,0,0,0,0,0,0,0,0,0,0,0,0,0,0,0,0,0,0,0,0,0,0,0,0,0,0,0,7,1736607,31042396,13912724,0,0,0,0,0,0,0,0,0,0,0,0,0,0,0,0,0,0,0,0,0,0,0,0,0,0,0,0,0,0,0,0,0,0,0,0,0,12858015744,4510236672,784790,275283,13850306,1545,0,97,786432,30176464,812144,4,2211665612,12884901888,19575,506341293,0,0,0,0,0,0,0,0,0,0,0,0,0,0,0,0,0,0,9459609,109349394,0,468,1202,7661,620,18919547,35,0,0,0,0,0,0,0,1,0,0,0,0,0,0,0,0,0,0,13802946,0,13849916,135585,0,0,0,0,0,0,0,0,16384,0,0,0,0,0,0,0,0,0,0,0,1742,407,0,0,0,0,0,28750492,0,151,0,4,406,1742,0,0,0,0,0,0,0,0,0,0,0,0,0,0,0,0,0,0,0,0,0,0,0,0,0,0,0,0,0,0,0,0,0,0,0,0,0,0,0,0,0,0,0,0,0,0,0,0,0,0,0,0,0,0,138666493,0,0,0,341881048,0,0,0,0,0,0,0,30539203,31270955,153035380,94925449728,28185524,1,0,0,0,0,0,0,0,0,0,0,0,0,0,0,0,0,0,0,0,0,0,0,0,0,0,0,0,0,0,0,857274,0,0,0,0,0,0,0
1782295999.858,0,0,0,0,0,0,0,463619599,508404140544,352992306176,0,0,0,0,0,0,0,0,0,0,0,0,0,0,0,0,0,0,0,0,0,0,0,0,0,0,0,0,0,0,0,0,0,0,0,0,0,0,0,0,0,0,0,0,0,0,0,0,0,0,0,0,0,0,0,0,0,0,7,1736923,31106572,13930063,0,0,0,0,0,0,0,0,0,0,0,0,0,0,0,0,0,0,0,0,0,0,0,0,0,0,0,0,0,0,0,0,0,0,0,0,0,12854231040,4517249024,784560,275711,13867645,1776,0,96,786432,30240536,812144,4,2212552120,12884901888,19575,506478956,0,0,0,0,0,0,0,0,0,0,0,0,0,0,0,0,0,0,9464265,109354048,0,468,1202,7661,620,18928856,35,0,0,0,0,0,0,0,1,0,0,0,0,0,0,0,0,0,0,13808180,0,13867255,135781,0,0,0,0,0,0,0,0,16384,0,0,0,0,0,0,0,0,0,0,0,1743,407,0,0,0,0,0,28764647,0,151,0,4,406,1743,0,0,0,0,0,0,0,0,0,0,0,0,0,0,0,0,0,0,0,0,0,0,0,0,0,0,0,0,0,0,0,0,0,0,0,0,0,0,0,0,0,0,0,0,0,0,0,0,0,0,0,0,0,0,138740110,0,0,0,341958756,0,0,0,0,0,0,0,30571674,31334928,153126468,94968939520,28214653,0,0,0,0,0,0,0,0,0,0,0,0,0,0,0,0,0,0,0,0,0,0,0,0,0,0,0,0,0,0,0,861931,0,0,0,0,0,0,0
1782296000.927,0,0,0,0,0,0,0,463793983,509452274176,353324685312,0,0,0,0,0,0,0,0,0,0,0,0,0,0,0,0,0,0,0,0,0,0,0,0,0,0,0,0,0,0,0,0,0,0,0,0,0,0,0,0,0,0,0,0,0,0,0,0,0,0,0,0,0,0,0,0,0,0,7,1737151,31170704,13947229,0,0,0,0,0,0,0,0,0,0,0,0,0,0,0,0,0,0,0,0,0,0,0,0,0,0,0,0,0,0,0,0,0,0,0,0,0,12865798144,4522196992,785266,276013,13884739,1069,0,99,786432,30304550,812144,4,2213430095,12884901888,19575,506614996,0,0,0,0,0,0,0,0,0,0,0,0,0,0,0,0,0,0,9468912,109358697,0,468,1202,7661,620,18938150,35,0,0,0,0,0,0,0,1,0,0,0,0,0,0,0,0,0,0,13813409,0,13884349,135964,0,0,0,0,0,0,0,0,16384,0,0,0,0,0,0,0,0,0,0,0,1744,407,0,0,0,0,0,28778793,0,151,0,4,406,1744,0,0,0,0,0,0,0,0,0,0,0,0,0,0,0,0,0,0,0,0,0,0,0,0,0,0,0,0,0,0,0,0,0,0,0,0,0,0,0,0,0,0,0,0,0,0,0,0,0,0,0,0,0,0,138812651,0,0,0,342036013,0,0,0,0,0,0,0,30603632,31398848,153216276,95012153856,28243336,1,1,0,0,0,0,0,0,0,0,0,0,0,0,0,0,0,0,0,0,0,0,0,0,0,0,0,0,0,0,0,866580,0,0,0,0,0,0,0
1782296001.993,0,0,0,0,0,0,0,463967679,510502373888,353663073280,0,0,0,0,0,0,0,0,0,0,0,0,0,0,0,0,0,0,0,0,0,0,0,0,0,0,0,0,0,0,0,0,0,0,0,0,0,0,0,0,0,0,0,0,0,0,0,0,0,0,0,0,0,0,0,0,0,0,7,1737366,31234970,13964810,0,0,0,0,0,0,0,0,0,0,0,0,0,0,0,0,0,0,0,0,0,0,0,0,0,0,0,0,0,0,0,0,0,0,0,0,0,12860801024,4516855808,784961,275687,13902264,1368,0,103,786432,30368719,812144,4,2214306803,12884901888,19575,506750411,0,0,0,0,0,0,0,0,0,0,0,0,0,0,0,0,0,0,9473539,109363324,0,468,1202,7661,620,18947401,35,0,0,0,0,0,0,0,1,0,0,0,0,0,0,0,0,0,0,13818613,0,13902002,136165,0,0,0,0,0,0,0,0,16384,0,0,0,0,0,0,0,0,0,0,0,1745,407,0,0,0,0,0,28792837,0,151,0,4,406,1745,0,0,0,0,0,0,0,0,0,0,0,0,0,0,0,0,0,0,0,0,0,0,0,0,0,0,0,0,0,0,0,0,0,0,0,0,0,0,0,0,0,0,0,0,0,0,0,0,0,0,0,0,0,0,138885246,0,0,0,342112991,0,0,0,0,0,0,0,30635831,31462902,153306555,95054942720,28272030,1,0,0,0,0,0,0,0,0,0,0,0,0,0,0,0,0,0,0,0,0,0,0,0,0,0,0,0,0,0,0,871207,0,0,0,0,0,0,0
1782296003.063,0,0,0,0,0,0,0,464141167,511544248832,354010852864,0,0,0,0,0,0,0,0,0,0,0,0,0,0,0,0,0,0,0,0,0,0,0,0,0,0,0,0,0,0,0,0,0,0,0,0,0,0,0,0,0,0,0,0,0,0,0,0,0,0,0,0,0,0,0,0,0,0,7,1737631,31298721,13982804,0,0,0,0,0,0,0,0,0,0,0,0,0,0,0,0,0,0,0,0,0,0,0,0,0,0,0,0,0,0,0,0,0,0,0,0,0,12853018624,4507942912,784486,275143,13920171,1850,0,96,786432,30432348,812144,4,2215181937,12884901888,19575,506884764,0,0,0,0,0,0,0,0,0,0,0,0,0,0,0,0,0,0,9478184,109367969,0,468,1202,7661,620,18956689,35,0,0,0,0,0,0,0,1,0,0,0,0,0,0,0,0,0,0,13823837,0,13919781,136365,0,0,0,0,0,0,0,0,16384,0,0,0,0,0,0,0,0,0,0,0,1746,407,0,0,0,0,0,28806960,0,151,0,4,406,1746,0,0,0,0,0,0,0,0,0,0,0,0,0,0,0,0,0,0,0,0,0,0,0,0,0,0,0,0,0,0,0,0,0,0,0,0,0,0,0,0,0,0,0,0,0,0,0,0,0,0,0,0,0,0,138957938,0,0,0,342189953,0,0,0,0,0,0,0,30668035,31526454,153397374,95097930240,28300790,1,1,0,0,0,0,0,0,0,0,0,0,0,0,0,0,0,0,0,0,0,0,0,0,0,0,0,0,0,0,0,875850,0,0,0,0,0,0,0
1782296004.127,0,0,0,0,0,0,0,464312365,512570001920,354392698368,0,0,0,0,0,0,0,0,0,0,0,0,0,0,0,0,0,0,0,0,0,0,0,0,0,0,0,0,0,0,0,0,0,0,0,0,0,0,0,0,0,0,0,0,0,0,0,0,0,0,0,0,0,0,0,0,0,0,7,1737905,31361478,14003181,0,0,0,0,0,0,0,0,0,0,0,0,0,0,0,0,0,0,0,0,0,0,0,0,0,0,0,0,0,0,0,0,0,0,0,0,0,12861407232,4456087552,784998,271978,13937361,1336,0,96,786432,30494994,812144,4,2216043794,12884901888,19575,507018486,0,0,0,0,0,0,0,0,0,0,0,0,0,0,0,0,0,0,9482736,109372521,0,468,1202,7661,620,18965794,35,0,0,0,0,0,0,0,1,0,0,0,0,0,0,0,0,0,0,13828957,0,13940299,136574,0,0,0,0,0,0,0,0,16384,0,0,0,0,0,0,0,0,0,0,0,1747,407,0,0,0,0,0,28820813,0,151,0,4,406,1747,0,0,0,0,0,0,0,0,0,0,0,0,0,0,0,0,0,0,0,0,0,0,0,0,0,0,0,0,0,0,0,0,0,0,0,0,0,0,0,0,0,0,0,0,0,0,0,0,0,0,0,0,0,0,139030167,0,0,0,342265827,0,0,0,0,0,0,0,30699298,31589027,153490090,95140769280,28328553,1,0,0,0,0,0,0,0,0,0,0,0,0,0,0,0,0,0,0,0,0,0,0,0,0,0,0,0,0,0,0,880403,0,0,0,0,0,0,0
1782296005.194,0,0,0,0,0,0,0,464484817,513611090432,354736345600,0,0,0,0,0,0,0,0,0,0,0,0,0,0,0,0,0,0,0,0,0,0,0,0,0,0,0,0,0,0,0,0,0,0,0,0,0,0,0,0,0,0,0,0,0,0,0,0,0,0,0,0,0,0,0,0,0,0,7,1738215,31425212,14021122,0,0,0,0,0,0,0,0,0,0,0,0,0,0,0,0,0,0,0,0,0,0,0,0,0,0,0,0,0,0,0,0,0,0,0,0,0,12859293696,4446552064,784869,271396,13958576,1462,0,100,786432,30558634,812144,4,2216914126,12884901888,19575,507152446,0,0,0,0,0,0,0,0,0,0,0,0,0,0,0,0,0,0,9487344,109377129,0,468,1202,7661,620,18975012,35,0,0,0,0,0,0,0,1,0,0,0,0,0,0,0,0,0,0,13834140,0,13958314,136766,0,0,0,0,0,0,0,0,16384,0,0,0,0,0,0,0,0,0,0,0,1748,407,0,0,0,0,0,28834824,0,151,0,4,406,1748,0,0,0,0,0,0,0,0,0,0,0,0,0,0,0,0,0,0,0,0,0,0,0,0,0,0,0,0,0,0,0,0,0,0,0,0,0,0,0,0,0,0,0,0,0,0,0,0,0,0,0,0,0,0,139101912,0,0,0,342342235,0,0,0,0,0,0,0,30731464,31652552,153579861,95183008256,28357288,1,0,0,0,0,0,0,0,0,0,0,0,0,0,0,0,0,0,0,0,0,0,0,0,0,0,0,0,0,0,0,885012,0,0,0,0,0,0,0
1782296006.262,0,0,0,0,0,0,0,464651111,514642823680,355081109504,0,0,0,0,0,0,0,0,0,0,0,0,0,0,0,0,0,0,0,0,0,0,0,0,0,0,0,0,0,0,0,0,0,0,0,0,0,0,0,0,0,0,0,0,0,0,0,0,0,0,0,0,0,0,0,0,0,0,7,1738560,31488327,14038651,0,0,0,0,0,0,0,0,0,0,0,0,0,0,0,0,0,0,0,0,0,0,0,0,0,0,0,0,0,0,0,0,0,0,0,0,0,12850429952,4470587392,784328,272863,13976233,2008,0,96,786432,30621664,812144,4,2217844032,12884901888,19575,507367467,0,0,0,0,0,0,0,0,0,0,0,0,0,0,0,0,0,0,9492014,109381798,0,468,1202,7661,620,18984351,35,0,0,0,0,0,0,0,1,0,0,0,0,0,0,0,0,0,0,13839390,0,13975843,136974,0,0,0,0,0,0,0,0,16384,0,0,0,0,0,0,0,0,0,0,0,1749,407,0,0,0,0,0,28849019,0,151,0,4,406,1749,0,0,0,0,0,0,0,0,0,0,0,0,0,0,0,0,0,0,0,0,0,0,0,0,0,0,0,0,0,0,0,0,0,0,0,0,0,0,0,0,0,0,0,0,0,0,0,0,0,0,0,0,0,0,139187379,0,0,0,342455080,0,0,0,0,0,0,0,30763917,31715487,153682964,95231447552,28386157,1,0,0,0,0,0,0,0,0,0,0,0,0,0,0,0,0,0,0,0,0,0,0,0,0,0,0,0,0,0,0,851280,0,0,0,0,0,0,0
1782296007.330,0,0,0,0,0,0,0,464817551,515645557248,355402334208,0,0,0,0,0,0,0,0,0,0,0,0,0,0,0,0,0,0,0,0,0,0,0,0,0,0,0,0,0,0,0,0,0,0,0,0,0,0,0,0,0,0,0,0,0,0,0,0,0,0,0,0,0,0,0,0,0,0,7,1738744,31549692,14055278,0,0,0,0,0,0,0,0,0,0,0,0,0,0,0,0,0,0,0,0,0,0,0,0,0,0,0,0,0,0,0,0,0,0,0,0,0,12863488000,4473323520,785124,273030,13992860,1210,0,98,786432,30682937,812144,4,2218682009,12884901888,19575,507494861,0,0,0,0,0,0,0,0,0,0,0,0,0,0,0,0,0,0,9496468,109386253,0,468,1202,7661,620,18993258,35,0,0,0,0,0,0,0,1,0,0,0,0,0,0,0,0,0,0,13844402,0,13992470,137149,0,0,0,0,0,0,0,0,16384,0,0,0,0,0,0,0,0,0,0,0,1750,407,0,0,0,0,0,28862566,0,151,0,4,406,1750,0,0,0,0,0,0,0,0,0,0,0,0,0,0,0,0,0,0,0,0,0,0,0,0,0,0,0,0,0,0,0,0,0,0,0,0,0,0,0,0,0,0,0,0,0,0,0,0,0,0,0,0,0,0,139257761,0,0,0,342529039,0,0,0,0,0,0,0,30791532,31776652,153770090,95272738816,28410789,1,0,0,0,0,0,0,0,0,0,0,0,0,0,0,0,0,0,0,0,0,0,0,0,0,0,0,0,0,0,0,855735,0,0,0,0,0,0,0
1782296008.399,0,0,0,0,0,0,0,464988816,516674275840,355737063424,0,0,0,0,0,0,0,0,0,0,0,0,0,0,0,0,0,0,0,0,0,0,0,0,0,0,0,0,0,0,0,0,0,0,0,0,0,0,0,0,0,0,0,0,0,0,0,0,0,0,0,0,0,0,0,0,0,0,7,1738980,31612640,14072637,0,0,0,0,0,0,0,0,0,0,0,0,0,0,0,0,0,0,0,0,0,0,0,0,0,0,0,0,0,0,0,0,0,0,0,0,0,12850921472,4472504320,784358,272980,14010164,1971,0,104,786432,30745767,812144,4,2219545800,12884901888,19575,507628104,0,0,0,0,0,0,0,0,0,0,0,0,0,0,0,0,0,0,9501021,109390805,0,468,1202,7661,620,19002364,35,0,0,0,0,0,0,0,1,0,0,0,0,0,0,0,0,0,0,13849521,0,14009774,137345,0,0,0,0,0,0,0,0,16384,0,0,0,0,0,0,0,0,0,0,0,1751,407,0,0,0,0,0,28876393,0,151,0,4,406,1751,0,0,0,0,0,0,0,0,0,0,0,0,0,0,0,0,0,0,0,0,0,0,0,0,0,0,0,0,0,0,0,0,0,0,0,0,0,0,0,0,0,0,0,0,0,0,0,0,0,0,0,0,0,0,139329687,0,0,0,342604963,0,0,0,0,0,0,0,30821557,31839403,153859512,95315308032,28437369,1,0,0,0,0,0,0,0,0,0,0,0,0,0,0,0,0,0,0,0,0,0,0,0,0,0,0,0,0,0,0,860288,0,0,0,0,0,0,0
1782296009.468,0,0,0,0,0,0,0,465164196,517724867072,356074537472,0,0,0,0,0,0,0,0,0,0,0,0,0,0,0,0,0,0,0,0,0,0,0,0,0,0,0,0,0,0,0,0,0,0,0,0,0,0,0,0,0,0,0,0,0,0,0,0,0,0,0,0,0,0,0,0,0,0,7,1739196,31676935,14090146,0,0,0,0,0,0,0,0,0,0,0,0,0,0,0,0,0,0,0,0,0,0,0,0,0,0,0,0,0,0,0,0,0,0,0,0,0,12860063744,4475437056,784916,273159,14027728,1420,0,96,786432,30809960,812144,4,2220428905,12884901888,19575,507764934,0,0,0,0,0,0,0,0,0,0,0,0,0,0,0,0,0,0,9505667,109395448,0,468,1202,7661,620,19011659,35,0,0,0,0,0,0,0,1,0,0,0,0,0,0,0,0,0,0,13854743,0,14027338,137536,0,0,0,0,0,0,0,0,16384,0,0,0,0,0,0,0,0,0,0,0,1752,407,0,0,0,0,0,28890464,0,151,0,4,406,1752,0,0,0,0,0,0,0,0,0,0,0,0,0,0,0,0,0,0,0,0,0,0,0,0,0,0,0,0,0,0,0,0,0,0,0,0,0,0,0,0,0,0,0,0,0,0,0,0,0,0,0,0,0,0,139402613,0,0,0,342682640,0,0,0,0,0,0,0,30854042,31903476,153950038,95358423040,28466486,1,1,0,0,0,0,0,0,0,0,0,0,0,0,0,0,0,0,0,0,0,0,0,0,0,0,0,0,0,0,0,864928,0,0,0,0,0,0,0
1782296010.536,0,0,0,0,0,0,0,465341976,518787025408,356420296192,0,0,0,0,0,0,0,0,0,0,0,0,0,0,0,0,0,0,0,0,0,0,0,0,0,0,0,0,0,0,0,0,0,0,0,0,0,0,0,0,0,0,0,0,0,0,0,0,0,0,0,0,0,0,0,0,0,0,7,1739498,31741917,14108034,0,0,0,0,0,0,0,0,0,0,0,0,0,0,0,0,0,0,0,0,0,0,0,0,0,0,0,0,0,0,0,0,0,0,0,0,0,12865372160,4472422400,785240,272975,14045616,1096,0,96,786432,30874847,812144,4,2221326896,12884901888,19575,507904151,0,0,0,0,0,0,0,0,0,0,0,0,0,0,0,0,0,0,9510366,109400151,0,468,1202,7661,620,19021055,35,0,0,0,0,0,0,0,1,0,0,0,0,0,0,0,0,0,0,13860032,0,14045226,137732,0,0,0,0,0,0,0,0,16384,0,0,0,0,0,0,0,0,0,0,0,1753,407,0,0,0,0,0,28904778,0,151,0,4,406,1753,0,0,0,0,0,0,0,0,0,0,0,0,0,0,0,0,0,0,0,0,0,0,0,0,0,0,0,0,0,0,0,0,0,0,0,0,0,0,0,0,0,0,0,0,0,0,0,0,0,0,0,0,0,0,139478090,0,0,0,342761396,0,0,0,0,0,0,0,30887817,31968251,154043511,95403133440,28496702,0,0,0,0,0,0,0,0,0,0,0,0,0,0,0,0,0,0,0,0,0,0,0,0,0,0,0,0,0,0,0,869633,0,0,0,0,0,0,0
1782296011.606,0,0,0,0,0,0,0,465514174,519824493056,356765974016,0,0,0,0,0,0,0,0,0,0,0,0,0,0,0,0,0,0,0,0,0,0,0,0,0,0,0,0,0,0,0,0,0,0,0,0,0,0,0,0,0,0,0,0,0,0,0,0,0,0,0,0,0,0,0,0,0,0,7,1739798,31805389,14126055,0,0,0,0,0,0,0,0,0,0,0,0,0,0,0,0,0,0,0,0,0,0,0,0,0,0,0,0,0,0,0,0,0,0,0,0,0,12851625984,4459823104,784400,272206,14063637,1935,0,97,786432,30938234,812144,4,2222193425,12884901888,19575,508036490,0,0,0,0,0,0,0,0,0,0,0,0,0,0,0,0,0,0,9514980,109404764,0,468,1202,7661,620,19030284,35,0,0,0,0,0,0,0,1,0,0,0,0,0,0,0,0,0,0,13865219,0,14063247,137923,0,0,0,0,0,0,0,0,16384,0,0,0,0,0,0,0,0,0,0,0,1754,407,0,0,0,0,0,28918774,0,151,0,4,406,1754,0,0,0,0,0,0,0,0,0,0,0,0,0,0,0,0,0,0,0,0,0,0,0,0,0,0,0,0,0,0,0,0,0,0,0,0,0,0,0,0,0,0,0,0,0,0,0,0,0,0,0,0,0,0,139550758,0,0,0,342837876,0,0,0,0,0,0,0,30919999,32031536,154134310,95445889536,28525519,1,0,0,0,0,0,0,0,0,0,0,0,0,0,0,0,0,0,0,0,0,0,0,0,0,0,0,0,0,0,0,874244,0,0,0,0,0,0,0
1782296012.676,0,0,0,0,0,0,0,465686388,520865090048,357099505664,0,0,0,0,0,0,0,0,0,0,0,0,0,0,0,0,0,0,0,0,0,0,0,0,0,0,0,0,0,0,0,0,0,0,0,0,0,0,0,0,0,0,0,0,0,0,0,0,0,0,0,0,0,0,0,0,0,0,7,1740058,31869072,14143262,0,0,0,0,0,0,0,0,0,0,0,0,0,0,0,0,0,0,0,0,0,0,0,0,0,0,0,0,0,0,0,0,0,0,0,0,0,12859113472,4469587968,784858,272802,14080844,1476,0,97,786432,31001809,812144,4,2223084078,12884901888,19575,508192024,0,0,0,0,0,0,0,0,0,0,0,0,0,0,0,0,0,0,9519629,109409414,0,468,1202,7661,620,19039585,35,0,0,0,0,0,0,0,1,0,0,0,0,0,0,0,0,0,0,13870453,0,14080454,138121,0,0,0,0,0,0,0,0,16384,0,0,0,0,0,0,0,0,0,0,0,1756,407,0,0,0,0,0,28932930,0,151,0,4,406,1756,0,0,0,0,0,0,0,0,0,0,0,0,0,0,0,0,0,0,0,0,0,0,0,0,0,0,0,0,0,0,0,0,0,0,0,0,0,0,0,0,0,0,0,0,0,0,0,0,0,0,0,0,0,0,139626550,0,0,0,342924330,0,0,0,0,0,0,0,30952802,32095013,154227397,95489765376,28554921,1,1,0,0,0,0,0,0,0,0,0,0,0,0,0,0,0,0,0,0,0,0,0,0,0,0,0,0,0,0,0,869094,0,0,0,0,0,0,0
1782296013.744,0,0,0,0,0,0,0,465855050,521894365696,357432402944,0,0,0,0,0,0,0,0,0,0,0,0,0,0,0,0,0,0,0,0,0,0,0,0,0,0,0,0,0,0,0,0,0,0,0,0,0,0,0,0,0,0,0,0,0,0,0,0,0,0,0,0,0,0,0,0,0,0,7,1740401,31932066,14160222,0,0,0,0,0,0,0,0,0,0,0,0,0,0,0,0,0,0,0,0,0,0,0,0,0,0,0,0,0,0,0,0,0,0,0,0,0,12869484544,4494852096,785492,274343,14097804,838,0,101,786432,31064706,812144,4,2224005173,12884901888,19575,508387421,0,0,0,0,0,0,0,0,0,0,0,0,0,0,0,0,0,0,9524304,109414086,0,468,1202,7661,620,19048932,35,0,0,0,0,0,0,0,1,0,0,0,0,0,0,0,0,0,0,13875709,0,14097414,138304,0,0,0,0,0,0,0,0,16384,0,0,0,0,0,0,0,0,0,0,0,1758,408,0,0,0,0,0,28947139,0,152,0,4,407,1758,0,0,0,0,0,0,0,0,0,0,0,0,0,0,0,0,0,0,0,0,0,0,0,0,0,0,0,0,0,0,0,0,0,0,0,0,0,0,0,0,0,0,0,0,0,0,0,0,0,0,0,0,0,0,139708665,0,0,0,343028354,0,0,0,0,0,0,0,30984817,32157821,154326588,95536384000,28583766,0,1,0,0,0,0,0,0,0,0,0,0,0,0,0,0,0,0,0,0,0,0,0,0,0,0,0,0,0,0,0,845169,0,0,0,0,0,0,0
1782296014.814,0,0,0,0,0,0,0,466030116,522943875584,357772414464,0,0,0,0,0,0,0,0,0,0,0,0,0,0,0,0,0,0,0,0,0,0,0,0,0,0,0,0,0,0,0,0,0,0,0,0,0,0,0,0,0,0,0,0,0,0,0,0,0,0,0,0,0,0,0,0,0,0,7,1740603,31996289,14177840,0,0,0,0,0,0,0,0,0,0,0,0,0,0,0,0,0,0,0,0,0,0,0,0,0,0,0,0,0,0,0,0,0,0,0,0,0,12860669952,4492066816,784953,274174,14115422,1381,0,98,786432,31128826,812144,4,2224885914,12884901888,19575,508522391,0,0,0,0,0,0,0,0,0,0,0,0,0,0,0,0,0,0,9528965,109418749,0,468,1202,7661,620,19058256,35,0,0,0,0,0,0,0,1,0,0,0,0,0,0,0,0,0,0,13880950,0,14115032,138494,0,0,0,0,0,0,0,0,16384,0,0,0,0,0,0,0,0,0,0,0,1759,408,0,0,0,0,0,28961294,0,152,0,4,407,1759,0,0,0,0,0,0,0,0,0,0,0,0,0,0,0,0,0,0,0,0,0,0,0,0,0,0,0,0,0,0,0,0,0,0,0,0,0,0,0,0,0,0,0,0,0,0,0,0,0,0,0,0,0,0,139782353,0,0,0,343106146,0,0,0,0,0,0,0,31017650,32221858,154418019,95579827200,28613143,1,0,0,0,0,0,0,0,0,0,0,0,0,0,0,0,0,0,0,0,0,0,0,0,0,0,0,0,0,0,0,849828,0,0,0,0,0,0,0
1782296015.883,0,0,0,0,0,0,0,466204757,523989682688,358110251520,0,0,0,0,0,0,0,0,0,0,0,0,0,0,0,0,0,0,0,0,0,0,0,0,0,0,0,0,0,0,0,0,0,0,0,0,0,0,0,0,0,0,0,0,0,0,0,0,0,0,0,0,0,0,0,0,0,0,7,1740824,32060275,14195317,0,0,0,0,0,0,0,0,0,0,0,0,0,0,0,0,0,0,0,0,0,0,0,0,0,0,0,0,0,0,0,0,0,0,0,0,0,12854689792,4493230080,784589,274245,14132730,1744,0,99,786432,31192697,812144,4,2225765895,12884901888,19575,508658079,0,0,0,0,0,0,0,0,0,0,0,0,0,0,0,0,0,0,9533605,109423390,0,468,1202,7661,620,19067535,35,0,0,0,0,0,0,0,1,0,0,0,0,0,0,0,0,0,0,13886168,0,14132468,138689,0,0,0,0,0,0,0,0,16384,0,0,0,0,0,0,0,0,0,0,0,1760,408,0,0,0,0,0,28975405,0,152,0,4,407,1760,0,0,0,0,0,0,0,0,0,0,0,0,0,0,0,0,0,0,0,0,0,0,0,0,0,0,0,0,0,0,0,0,0,0,0,0,0,0,0,0,0,0,0,0,0,0,0,0,0,0,0,0,0,0,139855509,0,0,0,343183652,0,0,0,0,0,0,0,31050338,32285632,154508797,95623521280,28642370,0,0,0,0,0,0,0,0,0,0,0,0,0,0,0,0,0,0,0,0,0,0,0,0,0,0,0,0,0,0,0,854471,0,0,0,0,0,0,0
1782296016.949,0,0,0,0,0,0,0,466380485,525041486336,358452107264,0,0,0,0,0,0,0,0,0,0,0,0,0,0,0,0,0,0,0,0,0,0,0,0,0,0,0,0,0,0,0,0,0,0,0,0,0,0,0,0,0,0,0,0,0,0,0,0,0,0,0,0,0,0,0,0,0,0,7,1741070,32124651,14213089,0,0,0,0,0,0,0,0,0,0,0,0,0,0,0,0,0,0,0,0,0,0,0,0,0,0,0,0,0,0,0,0,0,0,0,0,0,12862455808,4488003584,785062,273926,14150671,1271,0,96,786432,31256977,812144,4,2226651609,12884901888,19575,508794525,0,0,0,0,0,0,0,0,0,0,0,0,0,0,0,0,0,0,9538255,109428040,0,468,1202,7661,620,19076836,35,0,0,0,0,0,0,0,1,0,0,0,0,0,0,0,0,0,0,13891399,0,14150281,138870,0,0,0,0,0,0,0,0,16384,0,0,0,0,0,0,0,0,0,0,0,1761,408,0,0,0,0,0,28989564,0,152,0,4,407,1761,0,0,0,0,0,0,0,0,0,0,0,0,0,0,0,0,0,0,0,0,0,0,0,0,0,0,0,0,0,0,0,0,0,0,0,0,0,0,0,0,0,0,0,0,0,0,0,0,0,0,0,0,0,0,139929230,0,0,0,343261594,0,0,0,0,0,0,0,31082816,32349832,154600381,95666910208,28671658,0,0,0,0,0,0,0,0,0,0,0,0,0,0,0,0,0,0,0,0,0,0,0,0,0,0,0,0,0,0,0,859122,0,0,0,0,0,0,0
1782296018.018,0,0,0,0,0,0,0,466557150,526096976384,358796002304,0,0,0,0,0,0,0,0,0,0,0,0,0,0,0,0,0,0,0,0,0,0,0,0,0,0,0,0,0,0,0,0,0,0,0,0,0,0,0,0,0,0,0,0,0,0,0,0,0,0,0,0,0,0,0,0,0,0,7,1741379,32189256,14230954,0,0,0,0,0,0,0,0,0,0,0,0,0,0,0,0,0,0,0,0,0,0,0,0,0,0,0,0,0,0,0,0,0,0,0,0,0,12853264384,4485283840,784501,273760,14168536,1835,0,96,786432,31321480,812144,4,2227541271,12884901888,19575,508931403,0,0,0,0,0,0,0,0,0,0,0,0,0,0,0,0,0,0,9542932,109432717,0,468,1202,7661,620,19086191,35,0,0,0,0,0,0,0,1,0,0,0,0,0,0,0,0,0,0,13896661,0,14168146,139061,0,0,0,0,0,0,0,0,16384,0,0,0,0,0,0,0,0,0,0,0,1762,408,0,0,0,0,0,29003783,0,152,0,4,407,1762,0,0,0,0,0,0,0,0,0,0,0,0,0,0,0,0,0,0,0,0,0,0,0,0,0,0,0,0,0,0,0,0,0,0,0,0,0,0,0,0,0,0,0,0,0,0,0,0,0,0,0,0,0,0,140003051,0,0,0,343339930,0,0,0,0,0,0,0,31115611,32414206,154692174,95710424064,28701084,0,1,0,0,0,0,0,0,0,0,0,0,0,0,0,0,0,0,0,0,0,0,0,0,0,0,0,0,0,0,0,863800,0,0,0,0,0,0,0
1782296019.083,0,0,0,0,0,0,0,466730471,527139031552,359150500352,0,0,0,0,0,0,0,0,0,0,0,0,0,0,0,0,0,0,0,0,0,0,0,0,0,0,0,0,0,0,0,0,0,0,0,0,0,0,0,0,0,0,0,0,0,0,0,0,0,0,0,0,0,0,0,0,0,0,7,1741641,32253037,14249483,0,0,0,0,0,0,0,0,0,0,0,0,0,0,0,0,0,0,0,0,0,0,0,0,0,0,0,0,0,0,0,0,0,0,0,0,0,12866682880,4463919104,785320,272456,14185741,1016,0,96,786432,31385153,812144,4,2228413985,12884901888,19575,509064601,0,0,0,0,0,0,0,0,0,0,0,0,0,0,0,0,0,0,9547554,109437339,0,468,1202,7661,620,19095433,35,0,0,0,0,0,0,0,1,0,0,0,0,0,0,0,0,0,0,13901860,0,14186503,139259,0,0,0,0,0,0,0,0,16384,0,0,0,0,0,0,0,0,0,0,0,1763,408,0,0,0,0,0,29017843,0,152,0,4,407,1763,0,0,0,0,0,0,0,0,0,0,0,0,0,0,0,0,0,0,0,0,0,0,0,0,0,0,0,0,0,0,0,0,0,0,0,0,0,0,0,0,0,0,0,0,0,0,0,0,0,0,0,0,0,0,140075369,0,0,0,343416919,0,0,0,0,0,0,0,31147854,32477808,154783181,95752761344,28729924,1,0,0,0,0,0,0,0,0,0,0,0,0,0,0,0,0,0,0,0,0,0,0,0,0,0,0,0,0,0,0,868421,0,0,0,0,0,0,0
1782296020.151,0,0,0,0,0,0,0,466893696,528145943040,359525949952,0,0,0,0,0,0,0,0,0,0,0,0,0,0,0,0,0,0,0,0,0,0,0,0,0,0,0,0,0,0,0,0,0,0,0,0,0,0,0,0,0,0,0,0,0,0,0,0,0,0,0,0,0,0,0,0,0,0,7,1741889,32314648,14268820,0,0,0,0,0,0,0,0,0,0,0,0,0,0,0,0,0,0,0,0,0,0,0,0,0,0,0,0,0,0,0,0,0,0,0,0,0,12854607872,4450697216,784583,271649,14206305,1747,0,103,786432,31446679,812144,4,2229330443,12884901888,19575,509277074,0,0,0,0,0,0,0,0,0,0,0,0,0,0,0,0,0,0,9552127,109441911,0,468,1202,7661,620,19104582,35,0,0,0,0,0,0,0,1,0,0,0,0,0,0,0,0,0,0,13907003,0,14205915,139470,0,0,0,0,0,0,0,0,16384,0,0,0,0,0,0,0,0,0,0,0,1764,408,0,0,0,0,0,29031758,0,152,0,4,407,1764,0,0,0,0,0,0,0,0,0,0,0,0,0,0,0,0,0,0,0,0,0,0,0,0,0,0,0,0,0,0,0,0,0,0,0,0,0,0,0,0,0,0,0,0,0,0,0,0,0,0,0,0,0,0,140163414,0,0,0,343528532,0,0,0,0,0,0,0,31179209,32539226,154890724,95802384384,28757848,1,1,0,0,0,0,0,0,0,0,0,0,0,0,0,0,0,0,0,0,0,0,0,0,0,0,0,0,0,0,0,834593,0,0,0,0,0,0,0
1782296021.219,0,0,0,0,0,0,0,467069429,529195305472,359861068288,0,0,0,0,0,0,0,0,0,0,0,0,0,0,0,0,0,0,0,0,0,0,0,0,0,0,0,0,0,0,0,0,0,0,0,0,0,0,0,0,0,0,0,0,0,0,0,0,0,0,0,0,0,0,0,0,0,0,7,1742129,32378852,14286184,0,0,0,0,0,0,0,0,0,0,0,0,0,0,0,0,0,0,0,0,0,0,0,0,0,0,0,0,0,0,0,0,0,0,0,0,0,12873105408,4454449152,785711,271878,14223766,624,0,97,786432,31510769,812144,4,2230215844,12884901888,19575,509413103,0,0,0,0,0,0,0,0,0,0,0,0,0,0,0,0,0,0,9556768,109446553,0,468,1202,7661,620,19113862,35,0,0,0,0,0,0,0,1,0,0,0,0,0,0,0,0,0,0,13912225,0,14223376,139647,0,0,0,0,0,0,0,0,16384,0,0,0,0,0,0,0,0,0,0,0,1765,408,0,0,0,0,0,29045885,0,152,0,4,407,1765,0,0,0,0,0,0,0,0,0,0,0,0,0,0,0,0,0,0,0,0,0,0,0,0,0,0,0,0,0,0,0,0,0,0,0,0,0,0,0,0,0,0,0,0,0,0,0,0,0,0,0,0,0,0,140237684,0,0,0,343606454,0,0,0,0,0,0,0,31211754,32603246,154982459,95845704704,28787310,1,0,0,0,0,0,0,0,0,0,0,0,0,0,0,0,0,0,0,0,0,0,0,0,0,0,0,0,0,0,0,839236,0,0,0,0,0,0,0
1782296022.288,0,0,0,0,0,0,0,467244571,530242685440,360200145920,0,0,0,0,0,0,0,0,0,0,0,0,0,0,0,0,0,0,0,0,0,0,0,0,0,0,0,0,0,0,0,0,0,0,0,0,0,0,0,0,0,0,0,0,0,0,0,0,0,0,0,0,0,0,0,0,0,0,7,1742354,32442972,14303808,0,0,0,0,0,0,0,0,0,0,0,0,0,0,0,0,0,0,0,0,0,0,0,0,0,0,0,0,0,0,0,0,0,0,0,0,0,12857491456,4450156544,784759,271616,14241390,1575,0,96,786432,31574789,812144,4,2231096961,12884901888,19575,509548172,0,0,0,0,0,0,0,0,0,0,0,0,0,0,0,0,0,0,9561432,109451216,0,468,1202,7661,620,19123188,35,0,0,0,0,0,0,0,1,0,0,0,0,0,0,0,0,0,0,13917470,0,14241000,139853,0,0,0,0,0,0,0,0,16384,0,0,0,0,0,0,0,0,0,0,0,1766,408,0,0,0,0,0,29060044,0,152,0,4,407,1766,0,0,0,0,0,0,0,0,0,0,0,0,0,0,0,0,0,0,0,0,0,0,0,0,0,0,0,0,0,0,0,0,0,0,0,0,0,0,0,0,0,0,0,0,0,0,0,0,0,0,0,0,0,0,140310599,0,0,0,343684218,0,0,0,0,0,0,0,31244626,32667133,155073123,95888227328,28816696,1,0,0,0,0,0,0,0,0,0,0,0,0,0,0,0,0,0,0,0,0,0,0,0,0,0,0,0,0,0,0,843897,0,0,0,0,0,0,0
1782296023.356,0,0,0,0,0,0,0,467408178,531226675712,360520427008,0,0,0,0,0,0,0,0,0,0,0,0,0,0,0,0,0,0,0,0,0,0,0,0,0,0,0,0,0,0,0,0,0,0,0,0,0,0,0,0,0,0,0,0,0,0,0,0,0,0,0,0,0,0,0,0,0,0,7,1742563,32503195,14320411,0,0,0,0,0,0,0,0,0,0,0,0,0,0,0,0,0,0,0,0,0,0,0,0,0,0,0,0,0,0,0,0,0,0,0,0,0,12861751296,4445372416,785019,271323,14257993,1317,0,96,786432,31634909,812144,4,2231920903,12884901888,19575,509673281,0,0,0,0,0,0,0,0,0,0,0,0,0,0,0,0,0,0,9565810,109455594,0,468,1202,7661,620,19131944,35,0,0,0,0,0,0,0,1,0,0,0,0,0,0,0,0,0,0,13922395,0,14257603,140033,0,0,0,0,0,0,0,0,16384,0,0,0,0,0,0,0,0,0,0,0,1767,408,0,0,0,0,0,29073383,0,152,0,4,407,1767,0,0,0,0,0,0,0,0,0,0,0,0,0,0,0,0,0,0,0,0,0,0,0,0,0,0,0,0,0,0,0,0,0,0,0,0,0,0,0,0,0,0,0,0,0,0,0,0,0,0,0,0,0,0,140380347,0,0,0,343756971,0,0,0,0,0,0,0,31270869,32727154,155159594,95929197568,28839987,1,1,0,0,0,0,0,0,0,0,0,0,0,0,0,0,0,0,0,0,0,0,0,0,0,0,0,0,0,0,0,848275,0,0,0,0,0,0,0
1782296024.422,0,0,0,0,0,0,0,467580667,532260014592,360855837184,0,0,0,0,0,0,0,0,0,0,0,0,0,0,0,0,0,0,0,0,0,0,0,0,0,0,0,0,0,0,0,0,0,0,0,0,0,0,0,0,0,0,0,0,0,0,0,0,0,0,0,0,0,0,0,0,0,0,7,1742814,32566446,14337797,0,0,0,0,0,0,0,0,0,0,0,0,0,0,0,0,0,0,0,0,0,0,0,0,0,0,0,0,0,0,0,0,0,0,0,0,0,12860702720,4442062848,784954,271121,14275379,1381,0,98,786432,31698063,812144,4,2232789261,12884901888,19575,509804860,0,0,0,0,0,0,0,0,0,0,0,0,0,0,0,0,0,0,9570437,109460221,0,468,1202,7661,620,19141200,35,0,0,0,0,0,0,0,1,0,0,0,0,0,0,0,0,0,0,13927599,0,14274989,140223,0,0,0,0,0,0,0,0,16384,0,0,0,0,0,0,0,0,0,0,0,1768,408,0,0,0,0,0,29087464,0,152,0,4,407,1768,0,0,0,0,0,0,0,0,0,0,0,0,0,0,0,0,0,0,0,0,0,0,0,0,0,0,0,0,0,0,0,0,0,0,0,0,0,0,0,0,0,0,0,0,0,0,0,0,0,0,0,0,0,0,140453091,0,0,0,343833824,0,0,0,0,0,0,0,31301990,32790246,155249853,95971965440,28867817,0,1,0,0,0,0,0,0,0,0,0,0,0,0,0,0,0,0,0,0,0,0,0,0,0,0,0,0,0,0,0,852904,0,0,0,0,0,0,0
1782296025.491,0,0,0,0,0,0,0,467757238,533319354880,361195052544,0,0,0,0,0,0,0,0,0,0,0,0,0,0,0,0,0,0,0,0,0,0,0,0,0,0,0,0,0,0,0,0,0,0,0,0,0,0,0,0,0,0,0,0,0,0,0,0,0,0,0,0,0,0,0,0,0,0,7,1743101,32631267,14355335,0,0,0,0,0,0,0,0,0,0,0,0,0,0,0,0,0,0,0,0,0,0,0,0,0,0,0,0,0,0,0,0,0,0,0,0,0,12869550080,4443963392,785495,271238,14292917,841,0,96,786432,31762772,812144,4,2233677231,12884901888,19575,509940621,0,0,0,0,0,0,0,0,0,0,0,0,0,0,0,0,0,0,9575128,109464912,0,468,1202,7661,620,19150583,35,0,0,0,0,0,0,0,1,0,0,0,0,0,0,0,0,0,0,13932876,0,14292527,140416,0,0,0,0,0,0,0,0,16384,0,0,0,0,0,0,0,0,0,0,0,1769,408,0,0,0,0,0,29101718,0,152,0,4,407,1769,0,0,0,0,0,0,0,0,0,0,0,0,0,0,0,0,0,0,0,0,0,0,0,0,0,0,0,0,0,0,0,0,0,0,0,0,0,0,0,0,0,0,0,0,0,0,0,0,0,0,0,0,0,0,140526933,0,0,0,343912297,0,0,0,0,0,0,0,31334967,32854851,155341358,96015712256,28897337,1,0,0,0,0,0,0,0,0,0,0,0,0,0,0,0,0,0,0,0,0,0,0,0,0,0,0,0,0,0,0,857595,0,0,0,0,0,0,0
1782296026.557,0,0,0,0,0,0,0,467932917,534368455168,361528903680,0,0,0,0,0,0,0,0,0,0,0,0,0,0,0,0,0,0,0,0,0,0,0,0,0,0,0,0,0,0,0,0,0,0,0,0,0,0,0,0,0,0,0,0,0,0,0,0,0,0,0,0,0,0,0,0,0,0,7,1743320,32695490,14372638,0,0,0,0,0,0,0,0,0,0,0,0,0,0,0,0,0,0,0,0,0,0,0,0,0,0,0,0,0,0,0,0,0,0,0,0,0,12857180160,4443783168,784740,271227,14310220,1589,0,102,786432,31826892,812144,4,2234561572,12884901888,19575,510075443,0,0,0,0,0,0,0,0,0,0,0,0,0,0,0,0,0,0,9579796,109469580,0,468,1202,7661,620,19159915,35,0,0,0,0,0,0,0,1,0,0,0,0,0,0,0,0,0,0,13938125,0,14309830,140608,0,0,0,0,0,0,0,0,16384,0,0,0,0,0,0,0,0,0,0,0,1770,408,0,0,0,0,0,29115878,0,152,0,4,407,1770,0,0,0,0,0,0,0,0,0,0,0,0,0,0,0,0,0,0,0,0,0,0,0,0,0,0,0,0,0,0,0,0,0,0,0,0,0,0,0,0,0,0,0,0,0,0,0,0,0,0,0,0,0,0,140599480,0,0,0,343990394,0,0,0,0,0,0,0,31367266,32918888,155431346,96058204672,28926293,1,0,0,0,0,0,0,0,0,0,0,0,0,0,0,0,0,0,0,0,0,0,0,0,0,0,0,0,0,0,0,862259,0,0,0,0,0,0,0
1782296027.626,0,0,0,0,0,0,0,468099668,535392864768,361873452544,0,0,0,0,0,0,0,0,0,0,0,0,0,0,0,0,0,0,0,0,0,0,0,0,0,0,0,0,0,0,0,0,0,0,0,0,0,0,0,0,0,0,0,0,0,0,0,0,0,0,0,0,0,0,0,0,0,0,7,1743640,32758203,14390074,0,0,0,0,0,0,0,0,0,0,0,0,0,0,0,0,0,0,0,0,0,0,0,0,0,0,0,0,0,0,0,0,0,0,0,0,0,12864978944,4467310592,785216,272663,14327656,1120,0,96,786432,31889514,812144,4,2235493966,12884901888,19575,510288662,0,0,0,0,0,0,0,0,0,0,0,0,0,0,0,0,0,0,9584461,109474245,0,468,1202,7661,620,19169250,35,0,0,0,0,0,0,0,1,0,0,0,0,0,0,0,0,0,0,13943373,0,14327266,140800,0,0,0,0,0,0,0,0,16384,0,0,0,0,0,0,0,0,0,0,0,1771,408,0,0,0,0,0,29130044,0,152,0,4,407,1771,0,0,0,0,0,0,0,0,0,0,0,0,0,0,0,0,0,0,0,0,0,0,0,0,0,0,0,0,0,0,0,0,0,0,0,0,0,0,0,0,0,0,0,0,0,0,0,0,0,0,0,0,0,0,140686875,0,0,0,344103628,0,0,0,0,0,0,0,31399686,32981401,155536299,96107682816,28955301,1,0,0,0,0,0,0,0,0,0,0,0,0,0,0,0,0,0,0,0,0,0,0,0,0,0,0,0,0,0,0,828525,0,0,0,0,0,0,0
1782296028.695,0,0,0,0,0,0,0,468274887,536442472960,362208373760,0,0,0,0,0,0,0,0,0,0,0,0,0,0,0,0,0,0,0,0,0,0,0,0,0,0,0,0,0,0,0,0,0,0,0,0,0,0,0,0,0,0,0,0,0,0,0,0,0,0,0,0,0,0,0,0,0,0,7,1743899,32822436,14407408,0,0,0,0,0,0,0,0,0,0,0,0,0,0,0,0,0,0,0,0,0,0,0,0,0,0,0,0,0,0,0,0,0,0,0,0,0,12859506688,4470325248,784882,272847,14344990,1453,0,96,786432,31953662,812144,4,2236375472,12884901888,19575,510423200,0,0,0,0,0,0,0,0,0,0,0,0,0,0,0,0,0,0,9589118,109478901,0,468,1202,7661,620,19178558,35,0,0,0,0,0,0,0,1,0,0,0,0,0,0,0,0,0,0,13948608,0,14344600,140995,0,0,0,0,0,0,0,0,16384,0,0,0,0,0,0,0,0,0,0,0,1772,408,0,0,0,0,0,29144204,0,152,0,4,407,1772,0,0,0,0,0,0,0,0,0,0,0,0,0,0,0,0,0,0,0,0,0,0,0,0,0,0,0,0,0,0,0,0,0,0,0,0,0,0,0,0,0,0,0,0,0,0,0,0,0,0,0,0,0,0,140759963,0,0,0,344181583,0,0,0,0,0,0,0,31432113,33045392,155626873,96150724096,28984326,0,0,0,0,0,0,0,0,0,0,0,0,0,0,0,0,0,0,0,0,0,0,0,0,0,0,0,0,0,0,0,833183,0,0,0,0,0,0,0
1782296029.764,0,0,0,0,0,0,0,468447568,537477155328,362543779840,0,0,0,0,0,0,0,0,0,0,0,0,0,0,0,0,0,0,0,0,0,0,0,0,0,0,0,0,0,0,0,0,0,0,0,0,0,0,0,0,0,0,0,0,0,0,0,0,0,0,0,0,0,0,0,0,0,0,7,1744121,32885759,14424844,0,0,0,0,0,0,0,0,0,0,0,0,0,0,0,0,0,0,0,0,0,0,0,0,0,0,0,0,0,0,0,0,0,0,0,0,0,12856016896,4465885184,784669,272576,14362426,1666,0,98,786432,32016890,812144,4,2237244721,12884901888,19575,510554566,0,0,0,0,0,0,0,0,0,0,0,0,0,0,0,0,0,0,9593753,109483536,0,468,1202,7661,620,19187832,35,0,0,0,0,0,0,0,1,0,0,0,0,0,0,0,0,0,0,13953823,0,14362036,141191,0,0,0,0,0,0,0,0,16384,0,0,0,0,0,0,0,0,0,0,0,1774,408,0,0,0,0,0,29158288,0,152,0,4,407,1774,0,0,0,0,0,0,0,0,0,0,0,0,0,0,0,0,0,0,0,0,0,0,0,0,0,0,0,0,0,0,0,0,0,0,0,0,0,0,0,0,0,0,0,0,0,0,0,0,0,0,0,0,0,0,140831856,0,0,0,344258574,0,0,0,0,0,0,0,31463952,33108531,155716333,96192920064,29012892,0,0,0,0,0,0,0,0,0,0,0,0,0,0,0,0,0,0,0,0,0,0,0,0,0,0,0,0,0,0,0,837818,0,0,0,0,0,0,0
1782296030.829,0,0,0,0,0,0,0,468621200,538519144960,362879054848,0,0,0,0,0,0,0,0,0,0,0,0,0,0,0,0,0,0,0,0,0,0,0,0,0,0,0,0,0,0,0,0,0,0,0,0,0,0,0,0,0,0,0,0,0,0,0,0,0,0,0,0,0,0,0,0,0,0,7,1744359,32949517,14442261,0,0,0,0,0,0,0,0,0,0,0,0,0,0,0,0,0,0,0,0,0,0,0,0,0,0,0,0,0,0,0,0,0,0,0,0,0,12862832640,4464033792,785085,272463,14379843,1244,0,103,786432,32080565,812144,4,2238117849,12884901888,19575,510686582,0,0,0,0,0,0,0,0,0,0,0,0,0,0,0,0,0,0,9598400,109488184,0,468,1202,7661,620,19197122,35,0,0,0,0,0,0,0,1,0,0,0,0,0,0,0,0,0,0,13959051,0,14379453,141384,0,0,0,0,0,0,0,0,16384,0,0,0,0,0,0,0,0,0,0,0,1775,408,0,0,0,0,0,29172410,0,152,0,4,407,1775,0,0,0,0,0,0,0,0,0,0,0,0,0,0,0,0,0,0,0,0,0,0,0,0,0,0,0,0,0,0,0,0,0,0,0,0,0,0,0,0,0,0,0,0,0,0,0,0,0,0,0,0,0,0,140904371,0,0,0,344335862,0,0,0,0,0,0,0,31496301,33172096,155806381,96235254272,29041864,0,0,0,0,0,0,0,0,0,0,0,0,0,0,0,0,0,0,0,0,0,0,0,0,0,0,0,0,0,0,0,842467,0,0,0,0,0,0,0
1782296031.896,0,0,0,0,0,0,0,468795811,539566377472,363221597184,0,0,0,0,0,0,0,0,0,0,0,0,0,0,0,0,0,0,0,0,0,0,0,0,0,0,0,0,0,0,0,0,0,0,0,0,0,0,0,0,0,0,0,0,0,0,0,0,0,0,0,0,0,0,0,0,0,0,7,1744622,33013602,14460128,0,0,0,0,0,0,0,0,0,0,0,0,0,0,0,0,0,0,0,0,0,0,0,0,0,0,0,0,0,0,0,0,0,0,0,0,0,12853755904,4456316928,784531,271992,14397582,1802,0,98,786432,32144554,812144,4,2238994957,12884901888,19575,510819056,0,0,0,0,0,0,0,0,0,0,0,0,0,0,0,0,0,0,9603063,109492847,0,468,1202,7661,620,19206449,35,0,0,0,0,0,0,0,1,0,0,0,0,0,0,0,0,0,0,13964293,0,14397320,141579,0,0,0,0,0,0,0,0,16384,0,0,0,0,0,0,0,0,0,0,0,1776,408,0,0,0,0,0,29186576,0,152,0,4,407,1776,0,0,0,0,0,0,0,0,0,0,0,0,0,0,0,0,0,0,0,0,0,0,0,0,0,0,0,0,0,0,0,0,0,0,0,0,0,0,0,0,0,0,0,0,0,0,0,0,0,0,0,0,0,0,140976692,0,0,0,344413591,0,0,0,0,0,0,0,31528598,33236001,155896696,96277377024,29070831,1,1,0,0,0,0,0,0,0,0,0,0,0,0,0,0,0,0,0,0,0,0,0,0,0,0,0,0,0,0,0,847130,0,0,0,0,0,0,0
1782296032.963,0,0,0,0,0,0,0,468972567,540625160704,363561834496,0,0,0,0,0,0,0,0,0,0,0,0,0,0,0,0,0,0,0,0,0,0,0,0,0,0,0,0,0,0,0,0,0,0,0,0,0,0,0,0,0,0,0,0,0,0,0,0,0,0,0,0,0,0,0,0,0,0,7,1744904,33078406,14477779,0,0,0,0,0,0,0,0,0,0,0,0,0,0,0,0,0,0,0,0,0,0,0,0,0,0,0,0,0,0,0,0,0,0,0,0,0,12864094208,4455530496,785162,271944,14415361,1172,0,96,786432,32209254,812144,4,2239884484,12884901888,19575,510954668,0,0,0,0,0,0,0,0,0,0,0,0,0,0,0,0,0,0,9607752,109497537,0,468,1202,7661,620,19215831,35,0,0,0,0,0,0,0,1,0,0,0,0,0,0,0,0,0,0,13969569,0,14414971,141779,0,0,0,0,0,0,0,0,16384,0,0,0,0,0,0,0,0,0,0,0,1777,408,0,0,0,0,0,29200824,0,152,0,4,407,1777,0,0,0,0,0,0,0,0,0,0,0,0,0,0,0,0,0,0,0,0,0,0,0,0,0,0,0,0,0,0,0,0,0,0,0,0,0,0,0,0,0,0,0,0,0,0,0,0,0,0,0,0,0,0,141050515,0,0,0,344492177,0,0,0,0,0,0,0,31561494,33300599,155988284,96320677888,29100270,1,1,0,0,0,0,0,0,0,0,0,0,0,0,0,0,0,0,0,0,0,0,0,0,0,0,0,0,0,0,0,851820,0,0,0,0,0,0,0
1782296034.033,0,0,0,0,0,0,0,469140827,541659154944,363906328576,0,0,0,0,0,0,0,0,0,0,0,0,0,0,0,0,0,0,0,0,0,0,0,0,0,0,0,0,0,0,0,0,0,0,0,0,0,0,0,0,0,0,0,0,0,0,0,0,0,0,0,0,0,0,0,0,0,0,7,1745158,33141693,14495014,0,0,0,0,0,0,0,0,0,0,0,0,0,0,0,0,0,0,0,0,0,0,0,0,0,0,0,0,0,0,0,0,0,0,0,0,0,12860686336,4483284992,784954,273638,14432596,1382,0,97,786432,32272448,812144,4,2240826351,12884901888,19575,511171886,0,0,0,0,0,0,0,0,0,0,0,0,0,0,0,0,0,0,9612430,109502213,0,468,1202,7661,620,19225188,35,0,0,0,0,0,0,0,1,0,0,0,0,0,0,0,0,0,0,13974829,0,14432206,141959,0,0,0,0,0,0,0,0,16384,0,0,0,0,0,0,0,0,0,0,0,1778,408,0,0,0,0,0,29215032,0,152,0,4,407,1778,0,0,0,0,0,0,0,0,0,0,0,0,0,0,0,0,0,0,0,0,0,0,0,0,0,0,0,0,0,0,0,0,0,0,0,0,0,0,0,0,0,0,0,0,0,0,0,0,0,0,0,0,0,0,141145826,0,0,0,344606085,0,0,0,0,0,0,0,31595664,33363701,156100916,96373849600,29131215,1,1,0,0,0,0,0,0,0,0,0,0,0,0,0,0,0,0,0,0,0,0,0,0,0,0,0,0,0,0,0,818096,0,0,0,0,0,0,0
1782296035.102,0,0,0,0,0,0,0,469311603,542683089408,364277488128,0,0,0,0,0,0,0,0,0,0,0,0,0,0,0,0,0,0,0,0,0,0,0,0,0,0,0,0,0,0,0,0,0,0,0,0,0,0,0,0,0,0,0,0,0,0,0,0,0,0,0,0,0,0,0,0,0,0,7,1745419,33204348,14514548,0,0,0,0,0,0,0,0,0,0,0,0,0,0,0,0,0,0,0,0,0,0,0,0,0,0,0,0,0,0,0,0,0,0,0,0,0,12851003392,4442537984,784363,271151,14449951,1972,0,96,786432,32335018,812144,4,2241685490,12884901888,19575,511301825,0,0,0,0,0,0,0,0,0,0,0,0,0,0,0,0,0,0,9616983,109506768,0,468,1202,7661,620,19234290,35,0,0,0,0,0,0,0,1,0,0,0,0,0,0,0,0,0,0,13979954,0,14451609,142174,0,0,0,0,0,0,0,0,16384,0,0,0,0,0,0,0,0,0,0,0,1779,408,0,0,0,0,0,29228886,0,152,0,4,407,1779,0,0,0,0,0,0,0,0,0,0,0,0,0,0,0,0,0,0,0,0,0,0,0,0,0,0,0,0,0,0,0,0,0,0,0,0,0,0,0,0,0,0,0,0,0,0,0,0,0,0,0,0,0,0,141218739,0,0,0,344682268,0,0,0,0,0,0,0,31627884,33426141,156193529,96416496128,29159774,1,0,0,0,0,0,0,0,0,0,0,0,0,0,0,0,0,0,0,0,0,0,0,0,0,0,0,0,0,0,0,822651,0,0,0,0,0,0,0
1782296036.168,0,0,0,0,0,0,0,469482124,543709743616,364631708160,0,0,0,0,0,0,0,0,0,0,0,0,0,0,0,0,0,0,0,0,0,0,0,0,0,0,0,0,0,0,0,0,0,0,0,0,0,0,0,0,0,0,0,0,0,0,0,0,0,0,0,0,0,0,0,0,0,0,7,1745636,33267195,14533212,0,0,0,0,0,0,0,0,0,0,0,0,0,0,0,0,0,0,0,0,0,0,0,0,0,0,0,0,0,0,0,0,0,0,0,0,0,12858376192,4416389120,784813,269555,14470794,1523,0,96,786432,32397780,812144,4,2242543488,12884901888,19575,511429933,0,0,0,0,0,0,0,0,0,0,0,0,0,0,0,0,0,0,9621566,109511351,0,468,1202,7661,620,19243465,35,0,0,0,0,0,0,0,1,0,0,0,0,0,0,0,0,0,0,13985108,0,14470404,142376,0,0,0,0,0,0,0,0,16384,0,0,0,0,0,0,0,0,0,0,0,1780,408,0,0,0,0,0,29242818,0,152,0,4,407,1780,0,0,0,0,0,0,0,0,0,0,0,0,0,0,0,0,0,0,0,0,0,0,0,0,0,0,0,0,0,0,0,0,0,0,0,0,0,0,0,0,0,0,0,0,0,0,0,0,0,0,0,0,0,0,141290025,0,0,0,344758314,0,0,0,0,0,0,0,31659308,33488790,156283600,96458221056,29187782,1,0,0,0,0,0,0,0,0,0,0,0,0,0,0,0,0,0,0,0,0,0,0,0,0,0,0,0,0,0,0,827235,0,0,0,0,0,0,0
1782296037.235,0,0,0,0,0,0,0,469654786,544746228224,364969972224,0,0,0,0,0,0,0,0,0,0,0,0,0,0,0,0,0,0,0,0,0,0,0,0,0,0,0,0,0,0,0,0,0,0,0,0,0,0,0,0,0,0,0,0,0,0,0,0,0,0,0,0,0,0,0,0,0,0,7,1745849,33330632,14550796,0,0,0,0,0,0,0,0,0,0,0,0,0,0,0,0,0,0,0,0,0,0,0,0,0,0,0,0,0,0,0,0,0,0,0,0,0,12857786368,4411064320,784777,269230,14488307,1554,0,103,786432,32461124,812144,4,2243411699,12884901888,19575,511560612,0,0,0,0,0,0,0,0,0,0,0,0,0,0,0,0,0,0,9626198,109515982,0,468,1202,7661,620,19252720,35,0,0,0,0,0,0,0,1,0,0,0,0,0,0,0,0,0,0,13990316,0,14487917,142564,0,0,0,0,0,0,0,0,16384,0,0,0,0,0,0,0,0,0,0,0,1781,408,0,0,0,0,0,29256887,0,152,0,4,407,1781,0,0,0,0,0,0,0,0,0,0,0,0,0,0,0,0,0,0,0,0,0,0,0,0,0,0,0,0,0,0,0,0,0,0,0,0,0,0,0,0,0,0,0,0,0,0,0,0,0,0,0,0,0,0,141362237,0,0,0,344835421,0,0,0,0,0,0,0,31691198,33552027,156373532,96500542976,29216359,1,0,0,0,0,0,0,0,0,0,0,0,0,0,0,0,0,0,0,0,0,0,0,0,0,0,0,0,0,0,0,831866,0,0,0,0,0,0,0
1782296038.301,0,0,0,0,0,0,0,469829703,545793640960,365313744384,0,0,0,0,0,0,0,0,0,0,0,0,0,0,0,0,0,0,0,0,0,0,0,0,0,0,0,0,0,0,0,0,0,0,0,0,0,0,0,0,0,0,0,0,0,0,0,0,0,0,0,0,0,0,0,0,0,0,7,1746122,33394739,14568679,0,0,0,0,0,0,0,0,0,0,0,0,0,0,0,0,0,0,0,0,0,0,0,0,0,0,0,0,0,0,0,0,0,0,0,0,0,12854149120,4405198848,784555,268871,14506177,1783,0,96,786432,32525139,812144,4,2244291336,12884901888,19575,511693778,0,0,0,0,0,0,0,0,0,0,0,0,0,0,0,0,0,0,9630837,109520622,0,468,1202,7661,620,19261997,35,0,0,0,0,0,0,0,1,0,0,0,0,0,0,0,0,0,0,13995535,0,14505872,142764,0,0,0,0,0,0,0,0,16384,0,0,0,0,0,0,0,0,0,0,0,1782,408,0,0,0,0,0,29271020,0,152,0,4,407,1782,0,0,0,0,0,0,0,0,0,0,0,0,0,0,0,0,0,0,0,0,0,0,0,0,0,0,0,0,0,0,0,0,0,0,0,0,0,0,0,0,0,0,0,0,0,0,0,0,0,0,0,0,0,0,141436261,0,0,0,344913224,0,0,0,0,0,0,0,31723798,33615939,156465545,96543708160,29245427,0,0,0,0,0,0,0,0,0,0,0,0,0,0,0,0,0,0,0,0,0,0,0,0,0,0,0,0,0,0,0,836507,0,0,0,0,0,0,0
1782296039.371,0,0,0,0,0,0,0,470001985,546825882112,365649189888,0,0,0,0,0,0,0,0,0,0,0,0,0,0,0,0,0,0,0,0,0,0,0,0,0,0,0,0,0,0,0,0,0,0,0,0,0,0,0,0,0,0,0,0,0,0,0,0,0,0,0,0,0,0,0,0,0,0,7,1746447,33457924,14586075,0,0,0,0,0,0,0,0,0,0,0,0,0,0,0,0,0,0,0,0,0,0,0,0,0,0,0,0,0,0,0,0,0,0,0,0,0,12855410688,4404609024,784632,268836,14523657,1703,0,98,786432,32588218,812144,4,2245156730,12884901888,19575,511825263,0,0,0,0,0,0,0,0,0,0,0,0,0,0,0,0,0,0,9635407,109525190,0,468,1202,7661,620,19271140,35,0,0,0,0,0,0,0,1,0,0,0,0,0,0,0,0,0,0,14000673,0,14523267,142953,0,0,0,0,0,0,0,0,16384,0,0,0,0,0,0,0,0,0,0,0,1783,408,0,0,0,0,0,29284909,0,152,0,4,407,1783,0,0,0,0,0,0,0,0,0,0,0,0,0,0,0,0,0,0,0,0,0,0,0,0,0,0,0,0,0,0,0,0,0,0,0,0,0,0,0,0,0,0,0,0,0,0,0,0,0,0,0,0,0,0,141510251,0,0,0,344989849,0,0,0,0,0,0,0,31753926,33678934,156557054,96586528768,29272351,1,1,0,0,0,0,0,0,0,0,0,0,0,0,0,0,0,0,0,0,0,0,0,0,0,0,0,0,0,0,0,841073,0,0,0,0,0,0,0
1782296040.440,0,0,0,0,0,0,0,470171229,547839183360,365975766528,0,0,0,0,0,0,0,0,0,0,0,0,0,0,0,0,0,0,0,0,0,0,0,0,0,0,0,0,0,0,0,0,0,0,0,0,0,0,0,0,0,0,0,0,0,0,0,0,0,0,0,0,0,0,0,0,0,0,7,1746750,33519956,14602888,0,0,0,0,0,0,0,0,0,0,0,0,0,0,0,0,0,0,0,0,0,0,0,0,0,0,0,0,0,0,0,0,0,0,0,0,0,12870123520,4407607296,785529,269018,14540470,806,0,97,786432,32650142,812144,4,2246007322,12884901888,19575,511954271,0,0,0,0,0,0,0,0,0,0,0,0,0,0,0,0,0,0,9639899,109529684,0,468,1202,7661,620,19280123,35,0,0,0,0,0,0,0,1,0,0,0,0,0,0,0,0,0,0,14005730,0,14540080,143130,0,0,0,0,0,0,0,0,16384,0,0,0,0,0,0,0,0,0,0,0,1784,408,0,0,0,0,0,29298580,0,152,0,4,407,1784,0,0,0,0,0,0,0,0,0,0,0,0,0,0,0,0,0,0,0,0,0,0,0,0,0,0,0,0,0,0,0,0,0,0,0,0,0,0,0,0,0,0,0,0,0,0,0,0,0,0,0,0,0,0,141584575,0,0,0,345065228,0,0,0,0,0,0,0,31782147,33740771,156648282,96630035456,29297596,0,0,0,0,0,0,0,0,0,0,0,0,0,0,0,0,0,0,0,0,0,0,0,0,0,0,0,0,0,0,0,845567,0,0,0,0,0,0,0
1782296041.509,0,0,0,0,0,0,0,470337534,548865542656,366318130688,0,0,0,0,0,0,0,0,0,0,0,0,0,0,0,0,0,0,0,0,0,0,0,0,0,0,0,0,0,0,0,0,0,0,0,0,0,0,0,0,0,0,0,0,0,0,0,0,0,0,0,0,0,0,0,0,0,0,7,1747033,33582759,14620156,0,0,0,0,0,0,0,0,0,0,0,0,0,0,0,0,0,0,0,0,0,0,0,0,0,0,0,0,0,0,0,0,0,0,0,0,0,12862390272,4433461248,785058,270597,14557738,1269,0,105,786432,32712868,812144,4,2246935727,12884901888,19575,512165306,0,0,0,0,0,0,0,0,0,0,0,0,0,0,0,0,0,0,9644585,109534369,0,468,1202,7661,620,19289492,35,0,0,0,0,0,0,0,1,0,0,0,0,0,0,0,0,0,0,14010997,0,14557348,143319,0,0,0,0,0,0,0,0,16384,0,0,0,0,0,0,0,0,0,0,0,1785,408,0,0,0,0,0,29312835,0,152,0,4,407,1785,0,0,0,0,0,0,0,0,0,0,0,0,0,0,0,0,0,0,0,0,0,0,0,0,0,0,0,0,0,0,0,0,0,0,0,0,0,0,0,0,0,0,0,0,0,0,0,0,0,0,0,0,0,0,141674713,0,0,0,345178472,0,0,0,0,0,0,0,31815554,33803396,156755810,96680343040,29327618,1,1,0,0,0,0,0,0,0,0,0,0,0,0,0,0,0,0,0,0,0,0,0,0,0,0,0,0,0,0,0,811853,0,0,0,0,0,0,0
1782296042.578,0,0,0,0,0,0,0,470512266,549913266688,366653621760,0,0,0,0,0,0,0,0,0,0,0,0,0,0,0,0,0,0,0,0,0,0,0,0,0,0,0,0,0,0,0,0,0,0,0,0,0,0,0,0,0,0,0,0,0,0,0,0,0,0,0,0,0,0,0,0,0,0,7,1747267,33646866,14637534,0,0,0,0,0,0,0,0,0,0,0,0,0,0,0,0,0,0,0,0,0,0,0,0,0,0,0,0,0,0,0,0,0,0,0,0,0,12874776576,4435099648,785814,270697,14575116,521,0,96,786432,32776874,812144,4,2247815524,12884901888,19575,512297815,0,0,0,0,0,0,0,0,0,0,0,0,0,0,0,0,0,0,9649250,109539034,0,468,1202,7661,620,19298827,35,0,0,0,0,0,0,0,1,0,0,0,0,0,0,0,0,0,0,14016245,0,14574726,143506,0,0,0,0,0,0,0,0,16384,0,0,0,0,0,0,0,0,0,0,0,1786,408,0,0,0,0,0,29327021,0,152,0,4,407,1786,0,0,0,0,0,0,0,0,0,0,0,0,0,0,0,0,0,0,0,0,0,0,0,0,0,0,0,0,0,0,0,0,0,0,0,0,0,0,0,0,0,0,0,0,0,0,0,0,0,0,0,0,0,0,141748540,0,0,0,345256323,0,0,0,0,0,0,0,31847721,33867294,156847132,96723366400,29356572,0,0,0,0,0,0,0,0,0,0,0,0,0,0,0,0,0,0,0,0,0,0,0,0,0,0,0,0,0,0,0,816519,0,0,0,0,0,0,0
1782296043.646,0,0,0,0,0,0,0,470685972,550956894720,366990214144,0,0,0,0,0,0,0,0,0,0,0,0,0,0,0,0,0,0,0,0,0,0,0,0,0,0,0,0,0,0,0,0,0,0,0,0,0,0,0,0,0,0,0,0,0,0,0,0,0,0,0,0,0,0,0,0,0,0,7,1747484,33710740,14654979,0,0,0,0,0,0,0,0,0,0,0,0,0,0,0,0,0,0,0,0,0,0,0,0,0,0,0,0,0,0,0,0,0,0,0,0,0,12859949056,4430839808,784909,270437,14592561,1425,0,97,786432,32840652,812144,4,2248688360,12884901888,19575,512428743,0,0,0,0,0,0,0,0,0,0,0,0,0,0,0,0,0,0,9653903,109543688,0,468,1202,7661,620,19308129,35,0,0,0,0,0,0,0,1,0,0,0,0,0,0,0,0,0,0,14021479,0,14592171,143695,0,0,0,0,0,0,0,0,16384,0,0,0,0,0,0,0,0,0,0,0,1787,408,0,0,0,0,0,29341160,0,152,0,4,407,1787,0,0,0,0,0,0,0,0,0,0,0,0,0,0,0,0,0,0,0,0,0,0,0,0,0,0,0,0,0,0,0,0,0,0,0,0,0,0,0,0,0,0,0,0,0,0,0,0,0,0,0,0,0,0,141821769,0,0,0,345333888,0,0,0,0,0,0,0,31879888,33930965,156937931,96766192640,29385313,1,0,0,0,0,0,0,0,0,0,0,0,0,0,0,0,0,0,0,0,0,0,0,0,0,0,0,0,0,0,0,821172,0,0,0,0,0,0,0
1782296044.713,0,0,0,0,0,0,0,470860070,552000473600,367323325952,0,0,0,0,0,0,0,0,0,0,0,0,0,0,0,0,0,0,0,0,0,0,0,0,0,0,0,0,0,0,0,0,0,0,0,0,0,0,0,0,0,0,0,0,0,0,0,0,0,0,0,0,0,0,0,0,0,0,7,1747700,33774640,14672270,0,0,0,0,0,0,0,0,0,0,0,0,0,0,0,0,0,0,0,0,0,0,0,0,0,0,0,0,0,0,0,0,0,0,0,0,0,12866273280,4430462976,785295,270414,14609852,1039,0,96,786432,32904423,812144,4,2249564052,12884901888,19575,512559505,0,0,0,0,0,0,0,0,0,0,0,0,0,0,0,0,0,0,9658555,109548338,0,468,1202,7661,620,19317437,35,0,0,0,0,0,0,0,1,0,0,0,0,0,0,0,0,0,0,14026708,0,14609462,143884,0,0,0,0,0,0,0,0,16384,0,0,0,0,0,0,0,0,0,0,0,1789,408,0,0,0,0,0,29355326,0,152,0,4,407,1789,0,0,0,0,0,0,0,0,0,0,0,0,0,0,0,0,0,0,0,0,0,0,0,0,0,0,0,0,0,0,0,0,0,0,0,0,0,0,0,0,0,0,0,0,0,0,0,0,0,0,0,0,0,0,141894200,0,0,0,345411620,0,0,0,0,0,0,0,31912240,33994671,157027790,96808352256,29414308,1,0,0,0,0,0,0,0,0,0,0,0,0,0,0,0,0,0,0,0,0,0,0,0,0,0,0,0,0,0,0,825821,0,0,0,0,0,0,0
1782296045.781,0,0,0,0,0,0,0,471033127,553038875136,367655882752,0,0,0,0,0,0,0,0,0,0,0,0,0,0,0,0,0,0,0,0,0,0,0,0,0,0,0,0,0,0,0,0,0,0,0,0,0,0,0,0,0,0,0,0,0,0,0,0,0,0,0,0,0,0,0,0,0,0,7,1747929,33838179,14689500,0,0,0,0,0,0,0,0,0,0,0,0,0,0,0,0,0,0,0,0,0,0,0,0,0,0,0,0,0,0,0,0,0,0,0,0,0,12868632576,4431298560,785440,270465,14627020,890,0,104,786432,32967897,812144,4,2250433054,12884901888,19575,512690407,0,0,0,0,0,0,0,0,0,0,0,0,0,0,0,0,0,0,9663163,109552947,0,468,1202,7661,620,19326647,35,0,0,0,0,0,0,0,1,0,0,0,0,0,0,0,0,0,0,14031893,0,14626630,144072,0,0,0,0,0,0,0,0,16384,0,0,0,0,0,0,0,0,0,0,0,1790,408,0,0,0,0,0,29369317,0,152,0,4,407,1790,0,0,0,0,0,0,0,0,0,0,0,0,0,0,0,0,0,0,0,0,0,0,0,0,0,0,0,0,0,0,0,0,0,0,0,0,0,0,0,0,0,0,0,0,0,0,0,0,0,0,0,0,0,0,141966744,0,0,0,345488746,0,0,0,0,0,0,0,31944008,34058004,157117709,96850849792,29442947,1,1,0,0,0,0,0,0,0,0,0,0,0,0,0,0,0,0,0,0,0,0,0,0,0,0,0,0,0,0,0,830428,0,0,0,0,0,0,0
1782296046.849,0,0,0,0,0,0,0,471208592,554088974848,367999165440,0,0,0,0,0,0,0,0,0,0,0,0,0,0,0,0,0,0,0,0,0,0,0,0,0,0,0,0,0,0,0,0,0,0,0,0,0,0,0,0,0,0,0,0,0,0,0,0,0,0,0,0,0,0,0,0,0,0,7,1748155,33902447,14707382,0,0,0,0,0,0,0,0,0,0,0,0,0,0,0,0,0,0,0,0,0,0,0,0,0,0,0,0,0,0,0,0,0,0,0,0,0,12864733184,4422172672,785201,269908,14644964,1133,0,98,786432,33032069,812144,4,2251315418,12884901888,19575,512822823,0,0,0,0,0,0,0,0,0,0,0,0,0,0,0,0,0,0,9667820,109557604,0,468,1202,7661,620,19335963,35,0,0,0,0,0,0,0,1,0,0,0,0,0,0,0,0,0,0,14037132,0,14644574,144266,0,0,0,0,0,0,0,0,16384,0,0,0,0,0,0,0,0,0,0,0,1791,408,0,0,0,0,0,29383501,0,152,0,4,407,1791,0,0,0,0,0,0,0,0,0,0,0,0,0,0,0,0,0,0,0,0,0,0,0,0,0,0,0,0,0,0,0,0,0,0,0,0,0,0,0,0,0,0,0,0,0,0,0,0,0,0,0,0,0,0,142039990,0,0,0,345567031,0,0,0,0,0,0,0,31976300,34122070,157208939,96893590528,29471684,0,0,0,0,0,0,0,0,0,0,0,0,0,0,0,0,0,0,0,0,0,0,0,0,0,0,0,0,0,0,0,835089,0,0,0,0,0,0,0
1782296047.915,0,0,0,0,0,0,0,471376214,555125115392,368336827904,0,0,0,0,0,0,0,0,0,0,0,0,0,0,0,0,0,0,0,0,0,0,0,0,0,0,0,0,0,0,0,0,0,0,0,0,0,0,0,0,0,0,0,0,0,0,0,0,0,0,0,0,0,0,0,0,0,0,7,1748440,33965876,14724523,0,0,0,0,0,0,0,0,0,0,0,0,0,0,0,0,0,0,0,0,0,0,0,0,0,0,0,0,0,0,0,0,0,0,0,0,0,12854640640,4449796096,784585,271594,14662105,1750,0,96,786432,33095396,812144,4,2252253675,12884901888,19575,513036723,0,0,0,0,0,0,0,0,0,0,0,0,0,0,0,0,0,0,9672506,109562290,0,468,1202,7661,620,19345338,35,0,0,0,0,0,0,0,1,0,0,0,0,0,0,0,0,0,0,14042405,0,14661715,144459,0,0,0,0,0,0,0,0,16384,0,0,0,0,0,0,0,0,0,0,0,1792,408,0,0,0,0,0,29397742,0,152,0,4,407,1792,0,0,0,0,0,0,0,0,0,0,0,0,0,0,0,0,0,0,0,0,0,0,0,0,0,0,0,0,0,0,0,0,0,0,0,0,0,0,0,0,0,0,0,0,0,0,0,0,0,0,0,0,0,0,142125631,0,0,0,345680981,0,0,0,0,0,0,0,32008946,34185305,157311829,96941551104,29501025,0,0,0,0,0,0,0,0,0,0,0,0,0,0,0,0,0,0,0,0,0,0,0,0,0,0,0,0,0,0,0,801375,0,0,0,0,0,0,0
1782296048.983,0,0,0,0,0,0,0,471552831,556179278336,368670800896,0,0,0,0,0,0,0,0,0,0,0,0,0,0,0,0,0,0,0,0,0,0,0,0,0,0,0,0,0,0,0,0,0,0,0,0,0,0,0,0,0,0,0,0,0,0,0,0,0,0,0,0,0,0,0,0,0,0,7,1748649,34030392,14741845,0,0,0,0,0,0,0,0,0,0,0,0,0,0,0,0,0,0,0,0,0,0,0,0,0,0,0,0,0,0,0,0,0,0,0,0,0,12862750720,4454432768,785080,271877,14679427,1254,0,97,786432,33159813,812144,4,2253140484,12884901888,19575,513170247,0,0,0,0,0,0,0,0,0,0,0,0,0,0,0,0,0,0,9677186,109566971,0,468,1202,7661,620,19354698,35,0,0,0,0,0,0,0,1,0,0,0,0,0,0,0,0,0,0,14047668,0,14679037,144648,0,0,0,0,0,0,0,0,16384,0,0,0,0,0,0,0,0,0,0,0,1793,408,0,0,0,0,0,29411954,0,152,0,4,407,1793,0,0,0,0,0,0,0,0,0,0,0,0,0,0,0,0,0,0,0,0,0,0,0,0,0,0,0,0,0,0,0,0,0,0,0,0,0,0,0,0,0,0,0,0,0,0,0,0,0,0,0,0,0,0,142198700,0,0,0,345759794,0,0,0,0,0,0,0,32041600,34249607,157402330,96984126464,29530322,1,0,0,0,0,0,0,0,0,0,0,0,0,0,0,0,0,0,0,0,0,0,0,0,0,0,0,0,0,0,0,806054,0,0,0,0,0,0,0
1782296050.052,0,0,0,0,0,0,0,471728639,557232212480,369009575936,0,0,0,0,0,0,0,0,0,0,0,0,0,0,0,0,0,0,0,0,0,0,0,0,0,0,0,0,0,0,0,0,0,0,0,0,0,0,0,0,0,0,0,0,0,0,0,0,0,0,0,0,0,0,0,0,0,0,7,1748827,34094817,14759426,0,0,0,0,0,0,0,0,0,0,0,0,0,0,0,0,0,0,0,0,0,0,0,0,0,0,0,0,0,0,0,0,0,0,0,0,0,12850348032,4450369536,784323,271629,14696752,2012,0,97,786432,33224133,812144,4,2254024047,12884901888,19575,513302856,0,0,0,0,0,0,0,0,0,0,0,0,0,0,0,0,0,0,9681855,109571641,0,468,1202,7661,620,19364040,35,0,0,0,0,0,0,0,1,0,0,0,0,0,0,0,0,0,0,14052925,0,14696618,144850,0,0,0,0,0,0,0,0,16384,0,0,0,0,0,0,0,0,0,0,0,1794,408,0,0,0,0,0,29426154,0,152,0,4,407,1794,0,0,0,0,0,0,0,0,0,0,0,0,0,0,0,0,0,0,0,0,0,0,0,0,0,0,0,0,0,0,0,0,0,0,0,0,0,0,0,0,0,0,0,0,0,0,0,0,0,0,0,0,0,0,142272202,0,0,0,345838170,0,0,0,0,0,0,0,32074111,34313817,157493562,97026907136,29559311,0,0,0,0,0,0,0,0,0,0,0,0,0,0,0,0,0,0,0,0,0,0,0,0,0,0,0,0,0,0,0,810728,0,0,0,0,0,0,0
1782296051.122,0,0,0,0,0,0,0,471901277,558266583552,369392192512,0,0,0,0,0,0,0,0,0,0,0,0,0,0,0,0,0,0,0,0,0,0,0,0,0,0,0,0,0,0,0,0,0,0,0,0,0,0,0,0,0,0,0,0,0,0,0,0,0,0,0,0,0,0,0,0,0,0,7,1749033,34158121,14779763,0,0,0,0,0,0,0,0,0,0,0,0,0,0,0,0,0,0,0,0,0,0,0,0,0,0,0,0,0,0,0,0,0,0,0,0,0,12851445760,4394729472,784390,268233,14714087,1946,0,96,786432,33287352,812144,4,2254893111,12884901888,19575,513433152,0,0,0,0,0,0,0,0,0,0,0,0,0,0,0,0,0,0,9686439,109576224,0,468,1202,7661,620,19373200,35,0,0,0,0,0,0,0,1,0,0,0,0,0,0,0,0,0,0,14058082,0,14716964,145069,0,0,0,0,0,0,0,0,16384,0,0,0,0,0,0,0,0,0,0,0,1795,408,0,0,0,0,0,29440095,0,152,0,4,407,1795,0,0,0,0,0,0,0,0,0,0,0,0,0,0,0,0,0,0,0,0,0,0,0,0,0,0,0,0,0,0,0,0,0,0,0,0,0,0,0,0,0,0,0,0,0,0,0,0,0,0,0,0,0,0,142344688,0,0,0,345915251,0,0,0,0,0,0,0,32106143,34376920,157586515,97069177856,29587511,1,0,0,0,0,0,0,0,0,0,0,0,0,0,0,0,0,0,0,0,0,0,0,0,0,0,0,0,0,0,0,815312,0,0,0,0,0,0,0
1782296052.189,0,0,0,0,0,0,0,472076340,559306443264,369737951744,0,0,0,0,0,0,0,0,0,0,0,0,0,0,0,0,0,0,0,0,0,0,0,0,0,0,0,0,0,0,0,0,0,0,0,0,0,0,0,0,0,0,0,0,0,0,0,0,0,0,0,0,0,0,0,0,0,0,7,1749294,34221776,14797728,0,0,0,0,0,0,0,0,0,0,0,0,0,0,0,0,0,0,0,0,0,0,0,0,0,0,0,0,0,0,0,0,0,0,0,0,0,12863635456,4382867456,785133,267509,14735310,1202,0,97,786432,33350909,812144,4,2255772161,12884901888,19575,513566028,0,0,0,0,0,0,0,0,0,0,0,0,0,0,0,0,0,0,9691054,109580839,0,468,1202,7661,620,19382433,35,0,0,0,0,0,0,0,1,0,0,0,0,0,0,0,0,0,0,14063271,0,14734920,145272,0,0,0,0,0,0,0,0,16384,0,0,0,0,0,0,0,0,0,0,0,1796,408,0,0,0,0,0,29454108,0,152,0,4,407,1796,0,0,0,0,0,0,0,0,0,0,0,0,0,0,0,0,0,0,0,0,0,0,0,0,0,0,0,0,0,0,0,0,0,0,0,0,0,0,0,0,0,0,0,0,0,0,0,0,0,0,0,0,0,0,142420636,0,0,0,345993181,0,0,0,0,0,0,0,32139689,34440377,157680543,97112972800,29617613,1,0,0,0,0,0,0,0,0,0,0,0,0,0,0,0,0,0,0,0,0,0,0,0,0,0,0,0,0,0,0,819924,0,0,0,0,0,0,0
1782296053.255,0,0,0,0,0,0,0,472251946,560350300672,370074680832,0,0,0,0,0,0,0,0,0,0,0,0,0,0,0,0,0,0,0,0,0,0,0,0,0,0,0,0,0,0,0,0,0,0,0,0,0,0,0,0,0,0,0,0,0,0,0,0,0,0,0,0,0,0,0,0,0,0,7,1749573,34285634,14815190,0,0,0,0,0,0,0,0,0,0,0,0,0,0,0,0,0,0,0,0,0,0,0,0,0,0,0,0,0,0,0,0,0,0,0,0,0,12853362688,4381179904,784507,267406,14752772,1828,0,96,786432,33414685,812144,4,2256653428,12884901888,19575,513698132,0,0,0,0,0,0,0,0,0,0,0,0,0,0,0,0,0,0,9695719,109585505,0,468,1202,7661,620,19391764,35,0,0,0,0,0,0,0,1,0,0,0,0,0,0,0,0,0,0,14068520,0,14752382,145463,0,0,0,0,0,0,0,0,16384,0,0,0,0,0,0,0,0,0,0,0,1797,408,0,0,0,0,0,29468294,0,152,0,4,407,1797,0,0,0,0,0,0,0,0,0,0,0,0,0,0,0,0,0,0,0,0,0,0,0,0,0,0,0,0,0,0,0,0,0,0,0,0,0,0,0,0,0,0,0,0,0,0,0,0,0,0,0,0,0,0,142494500,0,0,0,346071513,0,0,0,0,0,0,0,32172395,34504029,157772004,97155871744,29646938,1,0,0,0,0,0,0,0,0,0,0,0,0,0,0,0,0,0,0,0,0,0,0,0,0,0,0,0,0,0,0,824592,0,0,0,0,0,0,0
1782296054.324,0,0,0,0,0,0,0,472424218,561395943936,370410099200,0,0,0,0,0,0,0,0,0,0,0,0,0,0,0,0,0,0,0,0,0,0,0,0,0,0,0,0,0,0,0,0,0,0,0,0,0,0,0,0,0,0,0,0,0,0,0,0,0,0,0,0,0,0,0,0,0,0,7,1749846,34349611,14832265,0,0,0,0,0,0,0,0,0,0,0,0,0,0,0,0,0,0,0,0,0,0,0,0,0,0,0,0,0,0,0,0,0,0,0,0,0,12866748416,4404133888,785324,268807,14769847,1011,0,96,786432,33478572,812144,4,2257585500,12884901888,19575,513889576,0,0,0,0,0,0,0,0,0,0,0,0,0,0,0,0,0,0,9700465,109590248,0,468,1202,7661,620,19401257,35,0,0,0,0,0,0,0,1,0,0,0,0,0,0,0,0,0,0,14073857,0,14769457,145646,0,0,0,0,0,0,0,0,16384,0,0,0,0,0,0,0,0,0,0,0,1798,408,0,0,0,0,0,29482704,0,152,0,4,407,1798,0,0,0,0,0,0,0,0,0,0,0,0,0,0,0,0,0,0,0,0,0,0,0,0,0,0,0,0,0,0,0,0,0,0,0,0,0,0,0,0,0,0,0,0,0,0,0,0,0,0,0,0,0,0,142578243,0,0,0,346176231,0,0,0,0,0,0,0,32204864,34567820,157872928,97203147776,29676144,1,1,0,0,0,0,0,0,0,0,0,0,0,0,0,0,0,0,0,0,0,0,0,0,0,0,0,0,0,0,0,802034,0,0,0,0,0,0,0
1782296055.393,0,0,0,0,0,0,0,472594264,562421828096,370741879296,0,0,0,0,0,0,0,0,0,0,0,0,0,0,0,0,0,0,0,0,0,0,0,0,0,0,0,0,0,0,0,0,0,0,0,0,0,0,0,0,0,0,0,0,0,0,0,0,0,0,0,0,0,0,0,0,0,0,7,1750116,34412394,14849337,0,0,0,0,0,0,0,0,0,0,0,0,0,0,0,0,0,0,0,0,0,0,0,0,0,0,0,0,0,0,0,0,0,0,0,0,0,12852969472,4409229312,784483,269118,14786919,1851,0,96,786432,33541267,812144,4,2258468289,12884901888,19575,514042106,0,0,0,0,0,0,0,0,0,0,0,0,0,0,0,0,0,0,9705071,109594857,0,468,1202,7661,620,19410464,35,0,0,0,0,0,0,0,1,0,0,0,0,0,0,0,0,0,0,14079039,0,14786529,145844,0,0,0,0,0,0,0,0,16384,0,0,0,0,0,0,0,0,0,0,0,1799,408,0,0,0,0,0,29496715,0,152,0,4,407,1799,0,0,0,0,0,0,0,0,0,0,0,0,0,0,0,0,0,0,0,0,0,0,0,0,0,0,0,0,0,0,0,0,0,0,0,0,0,0,0,0,0,0,0,0,0,0,0,0,0,0,0,0,0,0,142655701,0,0,0,346263493,0,0,0,0,0,0,0,32235328,34630399,157967602,97247378944,29703181,1,0,0,0,0,0,0,0,0,0,0,0,0,0,0,0,0,0,0,0,0,0,0,0,0,0,0,0,0,0,0,795542,0,0,0,0,0,0,0
1782296056.462,0,0,0,0,0,0,0,472761316,563426822656,371062417920,0,0,0,0,0,0,0,0,0,0,0,0,0,0,0,0,0,0,0,0,0,0,0,0,0,0,0,0,0,0,0,0,0,0,0,0,0,0,0,0,0,0,0,0,0,0,0,0,0,0,0,0,0,0,0,0,0,0,7,1750336,34473901,14865915,0,0,0,0,0,0,0,0,0,0,0,0,0,0,0,0,0,0,0,0,0,0,0,0,0,0,0,0,0,0,0,0,0,0,0,0,0,12852658176,4410195968,784466,269177,14803369,1859,0,107,786432,33602679,812144,4,2259305830,12884901888,19575,514166578,0,0,0,0,0,0,0,0,0,0,0,0,0,0,0,0,0,0,9709535,109599321,0,468,1202,7661,620,19419395,35,0,0,0,0,0,0,0,1,0,0,0,0,0,0,0,0,0,0,14084063,0,14803107,146028,0,0,0,0,0,0,0,0,16384,0,0,0,0,0,0,0,0,0,0,0,1800,408,0,0,0,0,0,29510286,0,152,0,4,407,1800,0,0,0,0,0,0,0,0,0,0,0,0,0,0,0,0,0,0,0,0,0,0,0,0,0,0,0,0,0,0,0,0,0,0,0,0,0,0,0,0,0,0,0,0,0,0,0,0,0,0,0,0,0,0,142727869,0,0,0,346338158,0,0,0,0,0,0,0,32262820,34691721,158056467,97289027584,29727523,1,0,0,0,0,0,0,0,0,0,0,0,0,0,0,0,0,0,0,0,0,0,0,0,0,0,0,0,0,0,0,800009,0,0,0,0,0,0,0
1782296057.529,0,0,0,0,0,0,0,472938076,564476103168,371396601856,0,0,0,0,0,0,0,0,0,0,0,0,0,0,0,0,0,0,0,0,0,0,0,0,0,0,0,0,0,0,0,0,0,0,0,0,0,0,0,0,0,0,0,0,0,0,0,0,0,0,0,0,0,0,0,0,0,0,7,1750544,34538144,14883246,0,0,0,0,0,0,0,0,0,0,0,0,0,0,0,0,0,0,0,0,0,0,0,0,0,0,0,0,0,0,0,0,0,0,0,0,0,12867862528,4409016320,785391,269105,14820700,932,0,107,786432,33666828,812144,4,2260193501,12884901888,19575,514299216,0,0,0,0,0,0,0,0,0,0,0,0,0,0,0,0,0,0,9714211,109603995,0,468,1202,7661,620,19428749,35,0,0,0,0,0,0,0,1,0,0,0,0,0,0,0,0,0,0,14089320,0,14820438,146216,0,0,0,0,0,0,0,0,16384,0,0,0,0,0,0,0,0,0,0,0,1801,408,0,0,0,0,0,29524517,0,152,0,4,407,1801,0,0,0,0,0,0,0,0,0,0,0,0,0,0,0,0,0,0,0,0,0,0,0,0,0,0,0,0,0,0,0,0,0,0,0,0,0,0,0,0,0,0,0,0,0,0,0,0,0,0,0,0,0,0,142801780,0,0,0,346417049,0,0,0,0,0,0,0,32295509,34755761,158147815,97331742208,29756879,0,0,0,0,0,0,0,0,0,0,0,0,0,0,0,0,0,0,0,0,0,0,0,0,0,0,0,0,0,0,0,804683,0,0,0,0,0,0,0
1782296058.594,0,0,0,0,0,0,0,473113357,565524269568,371735944704,0,0,0,0,0,0,0,0,0,0,0,0,0,0,0,0,0,0,0,0,0,0,0,0,0,0,0,0,0,0,0,0,0,0,0,0,0,0,0,0,0,0,0,0,0,0,0,0,0,0,0,0,0,0,0,0,0,0,7,1750789,34602282,14900953,0,0,0,0,0,0,0,0,0,0,0,0,0,0,0,0,0,0,0,0,0,0,0,0,0,0,0,0,0,0,0,0,0,0,0,0,0,12856410112,4401479680,784692,268645,14838535,1643,0,97,786432,33730874,812144,4,2261073262,12884901888,19575,514430795,0,0,0,0,0,0,0,0,0,0,0,0,0,0,0,0,0,0,9718879,109608664,0,468,1202,7661,620,19438084,35,0,0,0,0,0,0,0,1,0,0,0,0,0,0,0,0,0,0,14094568,0,14838145,146409,0,0,0,0,0,0,0,0,16384,0,0,0,0,0,0,0,0,0,0,0,1802,408,0,0,0,0,0,29538697,0,152,0,4,407,1802,0,0,0,0,0,0,0,0,0,0,0,0,0,0,0,0,0,0,0,0,0,0,0,0,0,0,0,0,0,0,0,0,0,0,0,0,0,0,0,0,0,0,0,0,0,0,0,0,0,0,0,0,0,0,142874314,0,0,0,346495327,0,0,0,0,0,0,0,32327714,34819696,158238178,97373560320,29785643,1,1,0,0,0,0,0,0,0,0,0,0,0,0,0,0,0,0,0,0,0,0,0,0,0,0,0,0,0,0,0,809349,0,0,0,0,0,0,0
1782296059.663,0,0,0,0,0,0,0,473288449,566575843840,372068918272,0,0,0,0,0,0,0,0,0,0,0,0,0,0,0,0,0,0,0,0,0,0,0,0,0,0,0,0,0,0,0,0,0,0,0,0,0,0,0,0,0,0,0,0,0,0,0,0,0,0,0,0,0,0,0,0,0,0,7,1751081,34666623,14918221,0,0,0,0,0,0,0,0,0,0,0,0,0,0,0,0,0,0,0,0,0,0,0,0,0,0,0,0,0,0,0,0,0,0,0,0,0,12859441152,4401479680,784878,268645,14855803,1457,0,96,786432,33795124,812144,4,2261951749,12884901888,19575,514560596,0,0,0,0,0,0,0,0,0,0,0,0,0,0,0,0,0,0,9723555,109613341,0,468,1202,7661,620,19447436,35,0,0,0,0,0,0,0,1,0,0,0,0,0,0,0,0,0,0,14099829,0,14855413,146608,0,0,0,0,0,0,0,0,16384,0,0,0,0,0,0,0,0,0,0,0,1803,408,0,0,0,0,0,29552977,0,152,0,4,407,1803,0,0,0,0,0,0,0,0,0,0,0,0,0,0,0,0,0,0,0,0,0,0,0,0,0,0,0,0,0,0,0,0,0,0,0,0,0,0,0,0,0,0,0,0,0,0,0,0,0,0,0,0,0,0,142948347,0,0,0,346573681,0,0,0,0,0,0,0,32360274,34883844,158329619,97416209920,29814775,0,0,0,0,0,0,0,0,0,0,0,0,0,0,0,0,0,0,0,0,0,0,0,0,0,0,0,0,0,0,0,814029,0,0,0,0,0,0,0
1782296060.732,0,0,0,0,0,0,0,473464392,567618996736,372408240128,0,0,0,0,0,0,0,0,0,0,0,0,0,0,0,0,0,0,0,0,0,0,0,0,0,0,0,0,0,0,0,0,0,0,0,0,0,0,0,0,0,0,0,0,0,0,0,0,0,0,0,0,0,0,0,0,0,0,7,1751392,34730496,14935833,0,0,0,0,0,0,0,0,0,0,0,0,0,0,0,0,0,0,0,0,0,0,0,0,0,0,0,0,0,0,0,0,0,0,0,0,0,12861947904,4397547520,785031,268405,14873415,1299,0,101,786432,33858902,812144,4,2262835329,12884901888,19575,514692565,0,0,0,0,0,0,0,0,0,0,0,0,0,0,0,0,0,0,9728210,109617996,0,468,1202,7661,620,19456751,35,0,0,0,0,0,0,0,1,0,0,0,0,0,0,0,0,0,0,14105064,0,14873025,146800,0,0,0,0,0,0,0,0,16384,0,0,0,0,0,0,0,0,0,0,0,1805,408,0,0,0,0,0,29567135,0,152,0,4,407,1805,0,0,0,0,0,0,0,0,0,0,0,0,0,0,0,0,0,0,0,0,0,0,0,0,0,0,0,0,0,0,0,0,0,0,0,0,0,0,0,0,0,0,0,0,0,0,0,0,0,0,0,0,0,0,143022612,0,0,0,346652305,0,0,0,0,0,0,0,32392699,34947518,158421614,97459514368,29843888,1,0,0,0,0,0,0,0,0,0,0,0,0,0,0,0,0,0,0,0,0,0,0,0,0,0,0,0,0,0,0,818685,0,0,0,0,0,0,0
1782296061.799,0,0,0,0,0,0,0,473633286,568656759296,372748231680,0,0,0,0,0,0,0,0,0,0,0,0,0,0,0,0,0,0,0,0,0,0,0,0,0,0,0,0,0,0,0,0,0,0,0,0,0,0,0,0,0,0,0,0,0,0,0,0,0,0,0,0,0,0,0,0,0,0,7,1751638,34793986,14952954,0,0,0,0,0,0,0,0,0,0,0,0,0,0,0,0,0,0,0,0,0,0,0,0,0,0,0,0,0,0,0,0,0,0,0,0,0,12862636032,4427612160,785072,270240,14890412,1254,0,106,786432,33922317,812144,4,2263779740,12884901888,19575,514906312,0,0,0,0,0,0,0,0,0,0,0,0,0,0,0,0,0,0,9732938,109622723,0,468,1202,7661,620,19466203,35,0,0,0,0,0,0,0,1,0,0,0,0,0,0,0,0,0,0,14110382,0,14890150,146982,0,0,0,0,0,0,0,0,16384,0,0,0,0,0,0,0,0,0,0,0,1806,408,0,0,0,0,0,29581520,0,152,0,4,407,1806,0,0,0,0,0,0,0,0,0,0,0,0,0,0,0,0,0,0,0,0,0,0,0,0,0,0,0,0,0,0,0,0,0,0,0,0,0,0,0,0,0,0,0,0,0,0,0,0,0,0,0,0,0,0,143113245,0,0,0,346766849,0,0,0,0,0,0,0,32425079,35010796,158529474,97509817856,29873004,1,1,0,0,0,0,0,0,0,0,0,0,0,0,0,0,0,0,0,0,0,0,0,0,0,0,0,0,0,0,0,785013,0,0,0,0,0,0,0
1782296062.868,0,0,0,0,0,0,0,473808078,569704090112,373080651264,0,0,0,0,0,0,0,0,0,0,0,0,0,0,0,0,0,0,0,0,0,0,0,0,0,0,0,0,0,0,0,0,0,0,0,0,0,0,0,0,0,0,0,0,0,0,0,0,0,0,0,0,0,0,0,0,0,0,7,1751817,34858076,14970205,0,0,0,0,0,0,0,0,0,0,0,0,0,0,0,0,0,0,0,0,0,0,0,0,0,0,0,0,0,0,0,0,0,0,0,0,0,12848267264,4426874880,784195,270195,14907787,2140,0,97,786432,33986308,812144,4,2264657546,12884901888,19575,515036666,0,0,0,0,0,0,0,0,0,0,0,0,0,0,0,0,0,0,9737598,109627384,0,468,1202,7661,620,19475518,35,0,0,0,0,0,0,0,1,0,0,0,0,0,0,0,0,0,0,14115628,0,14907397,147182,0,0,0,0,0,0,0,0,16384,0,0,0,0,0,0,0,0,0,0,0,1807,408,0,0,0,0,0,29595683,0,152,0,4,407,1807,0,0,0,0,0,0,0,0,0,0,0,0,0,0,0,0,0,0,0,0,0,0,0,0,0,0,0,0,0,0,0,0,0,0,0,0,0,0,0,0,0,0,0,0,0,0,0,0,0,0,0,0,0,0,143186769,0,0,0,346844975,0,0,0,0,0,0,0,32457578,35074675,158620386,97552180224,29902002,1,0,0,0,0,0,0,0,0,0,0,0,0,0,0,0,0,0,0,0,0,0,0,0,0,0,0,0,0,0,0,789675,0,0,0,0,0,0,0
1782296063.937,0,0,0,0,0,0,0,473983849,570754861568,373412559360,0,0,0,0,0,0,0,0,0,0,0,0,0,0,0,0,0,0,0,0,0,0,0,0,0,0,0,0,0,0,0,0,0,0,0,0,0,0,0,0,0,0,0,0,0,0,0,0,0,0,0,0,0,0,0,0,0,0,7,1752009,34922383,14987399,0,0,0,0,0,0,0,0,0,0,0,0,0,0,0,0,0,0,0,0,0,0,0,0,0,0,0,0,0,0,0,0,0,0,0,0,0,12854001664,4428218368,784544,270277,14924763,1785,0,101,786432,34050521,812144,4,2265539333,12884901888,19575,515167407,0,0,0,0,0,0,0,0,0,0,0,0,0,0,0,0,0,0,9742274,109632057,0,468,1202,7661,620,19484873,35,0,0,0,0,0,0,0,1,0,0,0,0,0,0,0,0,0,0,14120883,0,14924592,147373,0,0,0,0,0,0,0,0,16384,0,0,0,0,0,0,0,0,0,0,0,1808,408,0,0,0,0,0,29609903,0,152,0,4,407,1808,0,0,0,0,0,0,0,0,0,0,0,0,0,0,0,0,0,0,0,0,0,0,0,0,0,0,0,0,0,0,0,0,0,0,0,0,0,0,0,0,0,0,0,0,0,0,0,0,0,0,0,0,0,0,143261144,0,0,0,346923532,0,0,0,0,0,0,0,32489822,35138769,158712088,97594699264,29931035,1,0,0,0,0,0,0,0,0,0,0,0,0,0,0,0,0,0,0,0,0,0,0,0,0,0,0,0,0,0,0,794347,0,0,0,0,0,0,0
1782296065.006,0,0,0,0,0,0,0,474157234,571796539904,373746279424,0,0,0,0,0,0,0,0,0,0,0,0,0,0,0,0,0,0,0,0,0,0,0,0,0,0,0,0,0,0,0,0,0,0,0,0,0,0,0,0,0,0,0,0,0,0,0,0,0,0,0,0,0,0,0,0,0,0,7,1752206,34986133,15004763,0,0,0,0,0,0,0,0,0,0,0,0,0,0,0,0,0,0,0,0,0,0,0,0,0,0,0,0,0,0,0,0,0,0,0,0,0,12851625984,4426645504,784401,270181,14942345,1935,0,96,786432,34114175,812144,4,2266408260,12884901888,19575,515294868,0,0,0,0,0,0,0,0,0,0,0,0,0,0,0,0,0,0,9746933,109636719,0,468,1202,7661,620,19494190,35,0,0,0,0,0,0,0,1,0,0,0,0,0,0,0,0,0,0,14126128,0,14941955,147559,0,0,0,0,0,0,0,0,16384,0,0,0,0,0,0,0,0,0,0,0,1809,408,0,0,0,0,0,29624098,0,152,0,4,407,1809,0,0,0,0,0,0,0,0,0,0,0,0,0,0,0,0,0,0,0,0,0,0,0,0,0,0,0,0,0,0,0,0,0,0,0,0,0,0,0,0,0,0,0,0,0,0,0,0,0,0,0,0,0,0,143334164,0,0,0,347001223,0,0,0,0,0,0,0,32522027,35202303,158802590,97636504064,29959954,0,0,0,0,0,0,0,0,0,0,0,0,0,0,0,0,0,0,0,0,0,0,0,0,0,0,0,0,0,0,0,799009,0,0,0,0,0,0,0
1782296066.071,0,0,0,0,0,0,0,474331691,572844182016,374093749760,0,0,0,0,0,0,0,0,0,0,0,0,0,0,0,0,0,0,0,0,0,0,0,0,0,0,0,0,0,0,0,0,0,0,0,0,0,0,0,0,0,0,0,0,0,0,0,0,0,0,0,0,0,0,0,0,0,0,7,1752412,35050237,15022798,0,0,0,0,0,0,0,0,0,0,0,0,0,0,0,0,0,0,0,0,0,0,0,0,0,0,0,0,0,0,0,0,0,0,0,0,0,12852101120,4410949632,784430,269223,14959568,1906,0,96,786432,34178181,812144,4,2267286161,12884901888,19575,515424982,0,0,0,0,0,0,0,0,0,0,0,0,0,0,0,0,0,0,9751571,109641358,0,468,1202,7661,620,19503465,35,0,0,0,0,0,0,0,1,0,0,0,0,0,0,0,0,0,0,14131349,0,14959818,147756,0,0,0,0,0,0,0,0,16384,0,0,0,0,0,0,0,0,0,0,0,1810,408,0,0,0,0,0,29638214,0,152,0,4,407,1810,0,0,0,0,0,0,0,0,0,0,0,0,0,0,0,0,0,0,0,0,0,0,0,0,0,0,0,0,0,0,0,0,0,0,0,0,0,0,0,0,0,0,0,0,0,0,0,0,0,0,0,0,0,0,143407837,0,0,0,347079371,0,0,0,0,0,0,0,32554260,35266207,158894435,97679041536,29988748,1,0,0,0,0,0,0,0,0,0,0,0,0,0,0,0,0,0,0,0,0,0,0,0,0,0,0,0,0,0,0,803650,0,0,0,0,0,0,0
1782296067.139,0,0,0,0,0,0,0,474503502,573869967872,374477072896,0,0,0,0,0,0,0,0,0,0,0,0,0,0,0,0,0,0,0,0,0,0,0,0,0,0,0,0,0,0,0,0,0,0,0,0,0,0,0,0,0,0,0,0,0,0,0,0,0,0,0,0,0,0,0,0,0,0,7,1752694,35113022,15043361,0,0,0,0,0,0,0,0,0,0,0,0,0,0,0,0,0,0,0,0,0,0,0,0,0,0,0,0,0,0,0,0,0,0,0,0,0,12861308928,4353769472,784992,265733,14977034,1344,0,96,786432,34240859,812144,4,2268148046,12884901888,19575,515552341,0,0,0,0,0,0,0,0,0,0,0,0,0,0,0,0,0,0,9756139,109645925,0,468,1202,7661,620,19512605,35,0,0,0,0,0,0,0,1,0,0,0,0,0,0,0,0,0,0,14136488,0,14980538,147976,0,0,0,0,0,0,0,0,16384,0,0,0,0,0,0,0,0,0,0,0,1811,408,0,0,0,0,0,29652122,0,152,0,4,407,1811,0,0,0,0,0,0,0,0,0,0,0,0,0,0,0,0,0,0,0,0,0,0,0,0,0,0,0,0,0,0,0,0,0,0,0,0,0,0,0,0,0,0,0,0,0,0,0,0,0,0,0,0,0,0,143480745,0,0,0,347156195,0,0,0,0,0,0,0,32586258,35328794,158988032,97720574464,30017000,1,0,0,0,0,0,0,0,0,0,0,0,0,0,0,0,0,0,0,0,0,0,0,0,0,0,0,0,0,0,0,808219,0,0,0,0,0,0,0
1782296068.204,0,0,0,0,0,0,0,474672778,574907468288,374816411136,0,0,0,0,0,0,0,0,0,0,0,0,0,0,0,0,0,0,0,0,0,0,0,0,0,0,0,0,0,0,0,0,0,0,0,0,0,0,0,0,0,0,0,0,0,0,0,0,0,0,0,0,0,0,0,0,0,0,7,1752923,35176518,15060587,0,0,0,0,0,0,0,0,0,0,0,0,0,0,0,0,0,0,0,0,0,0,0,0,0,0,0,0,0,0,0,0,0,0,0,0,0,12859392000,4381507584,784875,267426,14998169,1461,0,96,786432,34304254,812144,4,2269091618,12884901888,19575,515764907,0,0,0,0,0,0,0,0,0,0,0,0,0,0,0,0,0,0,9760865,109650652,0,468,1202,7661,620,19522060,35,0,0,0,0,0,0,0,1,0,0,0,0,0,0,0,0,0,0,14141804,0,14997779,148164,0,0,0,0,0,0,0,0,16384,0,0,0,0,0,0,0,0,0,0,0,1812,408,0,0,0,0,0,29666508,0,152,0,4,407,1812,0,0,0,0,0,0,0,0,0,0,0,0,0,0,0,0,0,0,0,0,0,0,0,0,0,0,0,0,0,0,0,0,0,0,0,0,0,0,0,0,0,0,0,0,0,0,0,0,0,0,0,0,0,0,143567635,0,0,0,347270953,0,0,0,0,0,0,0,32619067,35392095,159092258,97768779264,30046670,1,1,0,0,0,0,0,0,0,0,0,0,0,0,0,0,0,0,0,0,0,0,0,0,0,0,0,0,0,0,0,774546,0,0,0,0,0,0,0
1782296069.272,0,0,0,0,0,0,0,474848627,575957862912,375150456832,0,0,0,0,0,0,0,0,0,0,0,0,0,0,0,0,0,0,0,0,0,0,0,0,0,0,0,0,0,0,0,0,0,0,0,0,0,0,0,0,0,0,0,0,0,0,0,0,0,0,0,0,0,0,0,0,0,0,7,1753143,35240812,15077909,0,0,0,0,0,0,0,0,0,0,0,0,0,0,0,0,0,0,0,0,0,0,0,0,0,0,0,0,0,0,0,0,0,0,0,0,0,12869959680,4382883840,785519,267510,15015491,816,0,97,786432,34368456,812144,4,2269973819,12884901888,19575,515894778,0,0,0,0,0,0,0,0,0,0,0,0,0,0,0,0,0,0,9765579,109655367,0,468,1202,7661,620,19531485,35,0,0,0,0,0,0,0,1,0,0,0,0,0,0,0,0,0,0,14147107,0,15015101,148354,0,0,0,0,0,0,0,0,16384,0,0,0,0,0,0,0,0,0,0,0,1813,408,0,0,0,0,0,29680874,0,152,0,4,407,1813,0,0,0,0,0,0,0,0,0,0,0,0,0,0,0,0,0,0,0,0,0,0,0,0,0,0,0,0,0,0,0,0,0,0,0,0,0,0,0,0,0,0,0,0,0,0,0,0,0,0,0,0,0,0,143641234,0,0,0,347349671,0,0,0,0,0,0,0,32651667,35456180,159183307,97811288064,30076067,1,0,0,0,0,0,0,0,0,0,0,0,0,0,0,0,0,0,0,0,0,0,0,0,0,0,0,0,0,0,0,779261,0,0,0,0,0,0,0
1782296070.339,0,0,0,0,0,0,0,475022511,576996428288,375486104576,0,0,0,0,0,0,0,0,0,0,0,0,0,0,0,0,0,0,0,0,0,0,0,0,0,0,0,0,0,0,0,0,0,0,0,0,0,0,0,0,0,0,0,0,0,0,0,0,0,0,0,0,0,0,0,0,0,0,7,1753321,35304384,15095412,0,0,0,0,0,0,0,0,0,0,0,0,0,0,0,0,0,0,0,0,0,0,0,0,0,0,0,0,0,0,0,0,0,0,0,0,0,12853215232,4379934720,784498,267330,15032994,1836,0,97,786432,34431928,812144,4,2270845539,12884901888,19575,516022827,0,0,0,0,0,0,0,0,0,0,0,0,0,0,0,0,0,0,9770216,109660002,0,468,1202,7661,620,19540762,35,0,0,0,0,0,0,0,1,0,0,0,0,0,0,0,0,0,0,14152320,0,15032604,148552,0,0,0,0,0,0,0,0,16384,0,0,0,0,0,0,0,0,0,0,0,1814,408,0,0,0,0,0,29694951,0,152,0,4,407,1814,0,0,0,0,0,0,0,0,0,0,0,0,0,0,0,0,0,0,0,0,0,0,0,0,0,0,0,0,0,0,0,0,0,0,0,0,0,0,0,0,0,0,0,0,0,0,0,0,0,0,0,0,0,0,143714529,0,0,0,347427507,0,0,0,0,0,0,0,32683808,35519557,159274231,97852942336,30104806,1,0,0,0,0,0,0,0,0,0,0,0,0,0,0,0,0,0,0,0,0,0,0,0,0,0,0,0,0,0,0,783896,0,0,0,0,0,0,0
1782296071.409,0,0,0,0,0,0,0,475195956,578035812864,375814834688,0,0,0,0,0,0,0,0,0,0,0,0,0,0,0,0,0,0,0,0,0,0,0,0,0,0,0,0,0,0,0,0,0,0,0,0,0,0,0,0,0,0,0,0,0,0,0,0,0,0,0,0,0,0,0,0,0,0,7,1753517,35368010,15112468,0,0,0,0,0,0,0,0,0,0,0,0,0,0,0,0,0,0,0,0,0,0,0,0,0,0,0,0,0,0,0,0,0,0,0,0,0,12854886400,4381016064,784599,267396,15050050,1736,0,97,786432,34495444,812144,4,2271714499,12884901888,19575,516150614,0,0,0,0,0,0,0,0,0,0,0,0,0,0,0,0,0,0,9774863,109664650,0,468,1202,7661,620,19550055,35,0,0,0,0,0,0,0,1,0,0,0,0,0,0,0,0,0,0,14157547,0,15049660,148738,0,0,0,0,0,0,0,0,16384,0,0,0,0,0,0,0,0,0,0,0,1815,408,0,0,0,0,0,29709109,0,152,0,4,407,1815,0,0,0,0,0,0,0,0,0,0,0,0,0,0,0,0,0,0,0,0,0,0,0,0,0,0,0,0,0,0,0,0,0,0,0,0,0,0,0,0,0,0,0,0,0,0,0,0,0,0,0,0,0,0,143786925,0,0,0,347505225,0,0,0,0,0,0,0,32715717,35582991,159363823,97894753280,30133527,1,1,0,0,0,0,0,0,0,0,0,0,0,0,0,0,0,0,0,0,0,0,0,0,0,0,0,0,0,0,0,788543,0,0,0,0,0,0,0
1782296072.473,0,0,0,0,0,0,0,475364532,579037760000,376142159360,0,0,0,0,0,0,0,0,0,0,0,0,0,0,0,0,0,0,0,0,0,0,0,0,0,0,0,0,0,0,0,0,0,0,0,0,0,0,0,0,0,0,0,0,0,0,0,0,0,0,0,0,0,0,0,0,0,0,7,1753740,35429326,15129429,0,0,0,0,0,0,0,0,0,0,0,0,0,0,0,0,0,0,0,0,0,0,0,0,0,0,0,0,0,0,0,0,0,0,0,0,0,12851101696,4375773184,784369,267076,15066858,1967,0,98,786432,34556667,812144,4,2272560109,12884901888,19575,516274451,0,0,0,0,0,0,0,0,0,0,0,0,0,0,0,0,0,0,9779372,109669160,0,468,1202,7661,620,19559073,35,0,0,0,0,0,0,0,1,0,0,0,0,0,0,0,0,0,0,14162620,0,15066596,148927,0,0,0,0,0,0,0,0,16384,0,0,0,0,0,0,0,0,0,0,0,1816,408,0,0,0,0,0,29722784,0,152,0,4,407,1816,0,0,0,0,0,0,0,0,0,0,0,0,0,0,0,0,0,0,0,0,0,0,0,0,0,0,0,0,0,0,0,0,0,0,0,0,0,0,0,0,0,0,0,0,0,0,0,0,0,0,0,0,0,0,143860622,0,0,0,347580738,0,0,0,0,0,0,0,32744873,35644122,159454626,97936734720,30159548,1,1,0,0,0,0,0,0,0,0,0,0,0,0,0,0,0,0,0,0,0,0,0,0,0,0,0,0,0,0,0,793054,0,0,0,0,0,0,0
1782296073.540,0,0,0,0,0,0,0,475533070,580045687296,376465093632,0,0,0,0,0,0,0,0,0,0,0,0,0,0,0,0,0,0,0,0,0,0,0,0,0,0,0,0,0,0,0,0,0,0,0,0,0,0,0,0,0,0,0,0,0,0,0,0,0,0,0,0,0,0,0,0,0,0,7,1753995,35491023,15146198,0,0,0,0,0,0,0,0,0,0,0,0,0,0,0,0,0,0,0,0,0,0,0,0,0,0,0,0,0,0,0,0,0,0,0,0,0,12862832640,4371988480,785085,266845,15083780,1247,0,96,786432,34618252,812144,4,2273403740,12884901888,19575,516397563,0,0,0,0,0,0,0,0,0,0,0,0,0,0,0,0,0,0,9783894,109673682,0,468,1202,7661,620,19568115,35,0,0,0,0,0,0,0,1,0,0,0,0,0,0,0,0,0,0,14167704,0,15083390,149110,0,0,0,0,0,0,0,0,16384,0,0,0,0,0,0,0,0,0,0,0,1817,408,0,0,0,0,0,29736522,0,152,0,4,407,1817,0,0,0,0,0,0,0,0,0,0,0,0,0,0,0,0,0,0,0,0,0,0,0,0,0,0,0,0,0,0,0,0,0,0,0,0,0,0,0,0,0,0,0,0,0,0,0,0,0,0,0,0,0,0,143932259,0,0,0,347656340,0,0,0,0,0,0,0,32773608,35705636,159543134,97977826304,30185066,1,1,0,0,0,0,0,0,0,0,0,0,0,0,0,0,0,0,0,0,0,0,0,0,0,0,0,0,0,0,0,797575,0,0,0,0,0,0,0
1782296074.603,0,0,0,0,0,0,0,475703710,581079894528,376798891008,0,0,0,0,0,0,0,0,0,0,0,0,0,0,0,0,0,0,0,0,0,0,0,0,0,0,0,0,0,0,0,0,0,0,0,0,0,0,0,0,0,0,0,0,0,0,0,0,0,0,0,0,0,0,0,0,0,0,7,1754211,35554327,15163145,0,0,0,0,0,0,0,0,0,0,0,0,0,0,0,0,0,0,0,0,0,0,0,0,0,0,0,0,0,0,0,0,0,0,0,0,0,12859097088,4400939008,784857,268612,15100727,1479,0,96,786432,34681455,812144,4,2274344383,12884901888,19575,516604574,0,0,0,0,0,0,0,0,0,0,0,0,0,0,0,0,0,0,9788616,109678401,0,468,1202,7661,620,19577559,35,0,0,0,0,0,0,0,1,0,0,0,0,0,0,0,0,0,0,14173013,0,15100337,149294,0,0,0,0,0,0,0,0,16384,0,0,0,0,0,0,0,0,0,0,0,1818,408,0,0,0,0,0,29750879,0,152,0,4,407,1818,0,0,0,0,0,0,0,0,0,0,0,0,0,0,0,0,0,0,0,0,0,0,0,0,0,0,0,0,0,0,0,0,0,0,0,0,0,0,0,0,0,0,0,0,0,0,0,0,0,0,0,0,0,0,144017508,0,0,0,347768272,0,0,0,0,0,0,0,32806091,35768745,159645449,98025306624,30214315,1,0,0,0,0,0,0,0,0,0,0,0,0,0,0,0,0,0,0,0,0,0,0,0,0,0,0,0,0,0,0,767183,0,0,0,0,0,0,0
1782296075.673,0,0,0,0,0,0,0,475875801,582112152064,377131067392,0,0,0,0,0,0,0,0,0,0,0,0,0,0,0,0,0,0,0,0,0,0,0,0,0,0,0,0,0,0,0,0,0,0,0,0,0,0,0,0,0,0,0,0,0,0,0,0,0,0,0,0,0,0,0,0,0,0,7,1754460,35617506,15180312,0,0,0,0,0,0,0,0,0,0,0,0,0,0,0,0,0,0,0,0,0,0,0,0,0,0,0,0,0,0,0,0,0,0,0,0,0,12851183616,4403281920,784374,268755,15117545,1962,0,96,786432,34744519,812144,4,2275217359,12884901888,19575,516739553,0,0,0,0,0,0,0,0,0,0,0,0,0,0,0,0,0,0,9793223,109683011,0,468,1202,7661,620,19586775,35,0,0,0,0,0,0,0,1,0,0,0,0,0,0,0,0,0,0,14178199,0,15117411,149477,0,0,0,0,0,0,0,0,16384,0,0,0,0,0,0,0,0,0,0,0,1819,408,0,0,0,0,0,29764909,0,152,0,4,407,1819,0,0,0,0,0,0,0,0,0,0,0,0,0,0,0,0,0,0,0,0,0,0,0,0,0,0,0,0,0,0,0,0,0,0,0,0,0,0,0,0,0,0,0,0,0,0,0,0,0,0,0,0,0,0,144092902,0,0,0,347848668,0,0,0,0,0,0,0,32836055,35831721,159738149,98068304896,30241284,0,0,0,0,0,0,0,0,0,0,0,0,0,0,0,0,0,0,0,0,0,0,0,0,0,0,0,0,0,0,0,768506,0,0,0,0,0,0,0
1782296076.742,0,0,0,0,0,0,0,476047529,583130221056,377457265152,0,0,0,0,0,0,0,0,0,0,0,0,0,0,0,0,0,0,0,0,0,0,0,0,0,0,0,0,0,0,0,0,0,0,0,0,0,0,0,0,0,0,0,0,0,0,0,0,0,0,0,0,0,0,0,0,0,0,7,1754647,35679789,15197204,0,0,0,0,0,0,0,0,0,0,0,0,0,0,0,0,0,0,0,0,0,0,0,0,0,0,0,0,0,0,0,0,0,0,0,0,0,12851101696,4403593216,784369,268773,15134786,1967,0,96,786432,34806693,812144,4,2276077814,12884901888,19575,516866206,0,0,0,0,0,0,0,0,0,0,0,0,0,0,0,0,0,0,9797796,109687585,0,468,1202,7661,620,19595925,35,0,0,0,0,0,0,0,1,0,0,0,0,0,0,0,0,0,0,14183344,0,15134396,149669,0,0,0,0,0,0,0,0,16384,0,0,0,0,0,0,0,0,0,0,0,1821,408,0,0,0,0,0,29778800,0,152,0,4,407,1821,0,0,0,0,0,0,0,0,0,0,0,0,0,0,0,0,0,0,0,0,0,0,0,0,0,0,0,0,0,0,0,0,0,0,0,0,0,0,0,0,0,0,0,0,0,0,0,0,0,0,0,0,0,0,144166748,0,0,0,347925590,0,0,0,0,0,0,0,32865245,35893820,159829012,98110577664,30267163,1,1,0,0,0,0,0,0,0,0,0,0,0,0,0,0,0,0,0,0,0,0,0,0,0,0,0,0,0,0,0,773077,0,0,0,0,0,0,0
1782296077.806,0,0,0,0,0,0,0,476223059,584179190272,377788729344,0,0,0,0,0,0,0,0,0,0,0,0,0,0,0,0,0,0,0,0,0,0,0,0,0,0,0,0,0,0,0,0,0,0,0,0,0,0,0,0,0,0,0,0,0,0,0,0,0,0,0,0,0,0,0,0,0,0,7,1754832,35743978,15214405,0,0,0,0,0,0,0,0,0,0,0,0,0,0,0,0,0,0,0,0,0,0,0,0,0,0,0,0,0,0,0,0,0,0,0,0,0,12861325312,4404658176,784993,268839,15151987,1343,0,96,786432,34870785,812144,4,2276959305,12884901888,19575,516995257,0,0,0,0,0,0,0,0,0,0,0,0,0,0,0,0,0,0,9802475,109692264,0,468,1202,7661,620,19605281,35,0,0,0,0,0,0,0,1,0,0,0,0,0,0,0,0,0,0,14188606,0,15151597,149865,0,0,0,0,0,0,0,0,16384,0,0,0,0,0,0,0,0,0,0,0,1822,408,0,0,0,0,0,29793042,0,152,0,4,407,1822,0,0,0,0,0,0,0,0,0,0,0,0,0,0,0,0,0,0,0,0,0,0,0,0,0,0,0,0,0,0,0,0,0,0,0,0,0,0,0,0,0,0,0,0,0,0,0,0,0,0,0,0,0,0,144239931,0,0,0,348004297,0,0,0,0,0,0,0,32897482,35957824,159919546,98152637952,30296163,1,1,0,0,0,0,0,0,0,0,0,0,0,0,0,0,0,0,0,0,0,0,0,0,0,0,0,0,0,0,0,777760,0,0,0,0,0,0,0
1782296078.874,0,0,0,0,0,0,0,476397593,585219000832,378120943616,0,0,0,0,0,0,0,0,0,0,0,0,0,0,0,0,0,0,0,0,0,0,0,0,0,0,0,0,0,0,0,0,0,0,0,0,0,0,0,0,0,0,0,0,0,0,0,0,0,0,0,0,0,0,0,0,0,0,7,1755030,35807618,15231706,0,0,0,0,0,0,0,0,0,0,0,0,0,0,0,0,0,0,0,0,0,0,0,0,0,0,0,0,0,0,0,0,0,0,0,0,0,12857294848,4400267264,784747,268571,15169288,1587,0,97,786432,34934340,812144,4,2277833844,12884901888,19575,517123985,0,0,0,0,0,0,0,0,0,0,0,0,0,0,0,0,0,0,9807127,109696915,0,468,1202,7661,620,19614589,35,0,0,0,0,0,0,0,1,0,0,0,0,0,0,0,0,0,0,14193838,0,15168898,150053,0,0,0,0,0,0,0,0,16384,0,0,0,0,0,0,0,0,0,0,0,1823,408,0,0,0,0,0,29807182,0,152,0,4,407,1823,0,0,0,0,0,0,0,0,0,0,0,0,0,0,0,0,0,0,0,0,0,0,0,0,0,0,0,0,0,0,0,0,0,0,0,0,0,0,0,0,0,0,0,0,0,0,0,0,0,0,0,0,0,0,144312529,0,0,0,348082492,0,0,0,0,0,0,0,32929361,36021287,160009590,98194140672,30324893,0,0,0,0,0,0,0,0,0,0,0,0,0,0,0,0,0,0,0,0,0,0,0,0,0,0,0,0,0,0,0,782410,0,0,0,0,0,0,0
1782296079.943,0,0,0,0,0,0,0,476573200,586264873472,378454282752,0,0,0,0,0,0,0,0,0,0,0,0,0,0,0,0,0,0,0,0,0,0,0,0,0,0,0,0,0,0,0,0,0,0,0,0,0,0,0,0,0,0,0,0,0,0,0,0,0,0,0,0,0,0,0,0,0,0,7,1755250,35871642,15248986,0,0,0,0,0,0,0,0,0,0,0,0,0,0,0,0,0,0,0,0,0,0,0,0,0,0,0,0,0,0,0,0,0,0,0,0,0,12860702720,4398415872,784955,268458,15186568,1380,0,97,786432,34998262,812144,4,2278714516,12884901888,19575,517252854,0,0,0,0,0,0,0,0,0,0,0,0,0,0,0,0,0,0,9811805,109701594,0,468,1202,7661,620,19623939,35,0,0,0,0,0,0,0,1,0,0,0,0,0,0,0,0,0,0,14199100,0,15186178,150243,0,0,0,0,0,0,0,0,16384,0,0,0,0,0,0,0,0,0,0,0,1824,408,0,0,0,0,0,29821396,0,152,0,4,407,1824,0,0,0,0,0,0,0,0,0,0,0,0,0,0,0,0,0,0,0,0,0,0,0,0,0,0,0,0,0,0,0,0,0,0,0,0,0,0,0,0,0,0,0,0,0,0,0,0,0,0,0,0,0,0,144387186,0,0,0,348161227,0,0,0,0,0,0,0,32962037,36085105,160101657,98236798464,30354227,0,0,0,0,0,0,0,0,0,0,0,0,0,0,0,0,0,0,0,0,0,0,0,0,0,0,0,0,0,0,0,787090,0,0,0,0,0,0,0
1782296081.013,0,0,0,0,0,0,0,476749083,587315218944,378787416576,0,0,0,0,0,0,0,0,0,0,0,0,0,0,0,0,0,0,0,0,0,0,0,0,0,0,0,0,0,0,0,0,0,0,0,0,0,0,0,0,0,0,0,0,0,0,0,0,0,0,0,0,0,0,0,0,0,0,7,1755429,35935940,15266249,0,0,0,0,0,0,0,0,0,0,0,0,0,0,0,0,0,0,0,0,0,0,0,0,0,0,0,0,0,0,0,0,0,0,0,0,0,12859359232,4400463872,784873,268583,15203831,1460,0,97,786432,35062467,812144,4,2279603998,12884901888,19575,517390284,0,0,0,0,0,0,0,0,0,0,0,0,0,0,0,0,0,0,9816490,109706279,0,468,1202,7661,620,19633310,35,0,0,0,0,0,0,0,1,0,0,0,0,0,0,0,0,0,0,14204371,0,15203441,150435,0,0,0,0,0,0,0,0,16384,0,0,0,0,0,0,0,0,0,0,0,1825,408,0,0,0,0,0,29835643,0,152,0,4,407,1825,0,0,0,0,0,0,0,0,0,0,0,0,0,0,0,0,0,0,0,0,0,0,0,0,0,0,0,0,0,0,0,0,0,0,0,0,0,0,0,0,0,0,0,0,0,0,0,0,0,0,0,0,0,0,144462305,0,0,0,348243545,0,0,0,0,0,0,0,32994393,36149187,160194137,98279661056,30383420,1,0,0,0,0,0,0,0,0,0,0,0,0,0,0,0,0,0,0,0,0,0,0,0,0,0,0,0,0,0,0,788328,0,0,0,0,0,0,0
1782296082.082,0,0,0,0,0,0,0,476917753,588344740352,379145369600,0,0,0,0,0,0,0,0,0,0,0,0,0,0,0,0,0,0,0,0,0,0,0,0,0,0,0,0,0,0,0,0,0,0,0,0,0,0,0,0,0,0,0,0,0,0,0,0,0,0,0,0,0,0,0,0,0,0,7,1755643,35998936,15284527,0,0,0,0,0,0,0,0,0,0,0,0,0,0,0,0,0,0,0,0,0,0,0,0,0,0,0,0,0,0,0,0,0,0,0,0,0,12851429376,4402413568,784389,268702,15221126,1946,0,96,786432,35125384,812144,4,2280536828,12884901888,19575,517594024,0,0,0,0,0,0,0,0,0,0,0,0,0,0,0,0,0,0,9821166,109710955,0,468,1202,7661,620,19642666,35,0,0,0,0,0,0,0,1,0,0,0,0,0,0,0,0,0,0,14209630,0,15221632,150628,0,0,0,0,0,0,0,0,16384,0,0,0,0,0,0,0,0,0,0,0,1826,408,0,0,0,0,0,29849876,0,152,0,4,407,1826,0,0,0,0,0,0,0,0,0,0,0,0,0,0,0,0,0,0,0,0,0,0,0,0,0,0,0,0,0,0,0,0,0,0,0,0,0,0,0,0,0,0,0,0,0,0,0,0,0,0,0,0,0,0,144551268,0,0,0,348354530,0,0,0,0,0,0,0,33028003,36211988,160301521,98328711680,30413661,0,0,0,0,0,0,0,0,0,0,0,0,0,0,0,0,0,0,0,0,0,0,0,0,0,0,0,0,0,0,0,758052,0,0,0,0,0,0,0
1782296083.151,0,0,0,0,0,0,0,477092794,589388941824,379520228352,0,0,0,0,0,0,0,0,0,0,0,0,0,0,0,0,0,0,0,0,0,0,0,0,0,0,0,0,0,0,0,0,0,0,0,0,0,0,0,0,0,0,0,0,0,0,0,0,0,0,0,0,0,0,0,0,0,0,7,1755830,36062844,15304471,0,0,0,0,0,0,0,0,0,0,0,0,0,0,0,0,0,0,0,0,0,0,0,0,0,0,0,0,0,0,0,0,0,0,0,0,0,12855984128,4358275072,784667,266008,15242053,1669,0,96,786432,35189177,812144,4,2281413062,12884901888,19575,517721616,0,0,0,0,0,0,0,0,0,0,0,0,0,0,0,0,0,0,9825851,109715639,0,468,1202,7661,620,19652032,35,0,0,0,0,0,0,0,1,0,0,0,0,0,0,0,0,0,0,14214898,0,15241663,150842,0,0,0,0,0,0,0,0,16384,0,0,0,0,0,0,0,0,0,0,0,1827,408,0,0,0,0,0,29864101,0,152,0,4,407,1827,0,0,0,0,0,0,0,0,0,0,0,0,0,0,0,0,0,0,0,0,0,0,0,0,0,0,0,0,0,0,0,0,0,0,0,0,0,0,0,0,0,0,0,0,0,0,0,0,0,0,0,0,0,0,144624148,0,0,0,348433099,0,0,0,0,0,0,0,33060480,36275699,160394479,98370206208,30442395,1,1,0,0,0,0,0,0,0,0,0,0,0,0,0,0,0,0,0,0,0,0,0,0,0,0,0,0,0,0,0,762735,0,0,0,0,0,0,0
1782296084.219,0,0,0,0,0,0,0,477269947,590442400256,379848339456,0,0,0,0,0,0,0,0,0,0,0,0,0,0,0,0,0,0,0,0,0,0,0,0,0,0,0,0,0,0,0,0,0,0,0,0,0,0,0,0,0,0,0,0,0,0,0,0,0,0,0,0,0,0,0,0,0,0,7,1756020,36127356,15321523,0,0,0,0,0,0,0,0,0,0,0,0,0,0,0,0,0,0,0,0,0,0,0,0,0,0,0,0,0,0,0,0,0,0,0,0,0,12859555840,4364533760,784885,266390,15259105,1451,0,96,786432,35253599,812144,4,2282302247,12884901888,19575,517851233,0,0,0,0,0,0,0,0,0,0,0,0,0,0,0,0,0,0,9830555,109720344,0,468,1202,7661,620,19661443,35,0,0,0,0,0,0,0,1,0,0,0,0,0,0,0,0,0,0,14220190,0,15258715,151031,0,0,0,0,0,0,0,0,16384,0,0,0,0,0,0,0,0,0,0,0,1828,408,0,0,0,0,0,29878407,0,152,0,4,407,1828,0,0,0,0,0,0,0,0,0,0,0,0,0,0,0,0,0,0,0,0,0,0,0,0,0,0,0,0,0,0,0,0,0,0,0,0,0,0,0,0,0,0,0,0,0,0,0,0,0,0,0,0,0,0,144697104,0,0,0,348512494,0,0,0,0,0,0,0,33092964,36339987,160484629,98411729408,30471593,1,0,0,0,0,0,0,0,0,0,0,0,0,0,0,0,0,0,0,0,0,0,0,0,0,0,0,0,0,0,0,767440,0,0,0,0,0,0,0
1782296085.287,0,0,0,0,0,0,0,477445372,591494646272,380184729600,0,0,0,0,0,0,0,0,0,0,0,0,0,0,0,0,0,0,0,0,0,0,0,0,0,0,0,0,0,0,0,0,0,0,0,0,0,0,0,0,0,0,0,0,0,0,0,0,0,0,0,0,0,0,0,0,0,0,7,1756189,36191736,15339041,0,0,0,0,0,0,0,0,0,0,0,0,0,0,0,0,0,0,0,0,0,0,0,0,0,0,0,0,0,0,0,0,0,0,0,0,0,12867633152,4358979584,785378,266051,15276623,958,0,96,786432,35317898,812144,4,2283179575,12884901888,19575,517979178,0,0,0,0,0,0,0,0,0,0,0,0,0,0,0,0,0,0,9835225,109725013,0,468,1202,7661,620,19670783,35,0,0,0,0,0,0,0,1,0,0,0,0,0,0,0,0,0,0,14225443,0,15276233,151227,0,0,0,0,0,0,0,0,16384,0,0,0,0,0,0,0,0,0,0,0,1829,408,0,0,0,0,0,29892604,0,152,0,4,407,1829,0,0,0,0,0,0,0,0,0,0,0,0,0,0,0,0,0,0,0,0,0,0,0,0,0,0,0,0,0,0,0,0,0,0,0,0,0,0,0,0,0,0,0,0,0,0,0,0,0,0,0,0,0,0,144770755,0,0,0,348591257,0,0,0,0,0,0,0,33125446,36404146,160575934,98453686784,30500744,0,0,0,0,0,0,0,0,0,0,0,0,0,0,0,0,0,0,0,0,0,0,0,0,0,0,0,0,0,0,0,772110,0,0,0,0,0,0,0
1782296086.356,0,0,0,0,0,0,0,477621263,592543599104,380517903360,0,0,0,0,0,0,0,0,0,0,0,0,0,0,0,0,0,0,0,0,0,0,0,0,0,0,0,0,0,0,0,0,0,0,0,0,0,0,0,0,0,0,0,0,0,0,0,0,0,0,0,0,0,0,0,0,0,0,7,1756386,36255933,15356334,0,0,0,0,0,0,0,0,0,0,0,0,0,0,0,0,0,0,0,0,0,0,0,0,0,0,0,0,0,0,0,0,0,0,0,0,0,12853592064,4355293184,784521,265826,15293916,1806,0,105,786432,35382012,812144,4,2284061229,12884901888,19575,518107536,0,0,0,0,0,0,0,0,0,0,0,0,0,0,0,0,0,0,9839901,109729690,0,468,1202,7661,620,19680131,35,0,0,0,0,0,0,0,1,0,0,0,0,0,0,0,0,0,0,14230701,0,15293526,151422,0,0,0,0,0,0,0,0,16384,0,0,0,0,0,0,0,0,0,0,0,1830,408,0,0,0,0,0,29906836,0,152,0,4,407,1830,0,0,0,0,0,0,0,0,0,0,0,0,0,0,0,0,0,0,0,0,0,0,0,0,0,0,0,0,0,0,0,0,0,0,0,0,0,0,0,0,0,0,0,0,0,0,0,0,0,0,0,0,0,0,144844810,0,0,0,348670138,0,0,0,0,0,0,0,33157869,36468135,160667426,98495840256,30529792,1,0,0,0,0,0,0,0,0,0,0,0,0,0,0,0,0,0,0,0,0,0,0,0,0,0,0,0,0,0,0,776786,0,0,0,0,0,0,0
1782296087.424,0,0,0,0,0,0,0,477797301,593590733312,380852493312,0,0,0,0,0,0,0,0,0,0,0,0,0,0,0,0,0,0,0,0,0,0,0,0,0,0,0,0,0,0,0,0,0,0,0,0,0,0,0,0,0,0,0,0,0,0,0,0,0,0,0,0,0,0,0,0,0,0,7,1756578,36320030,15373712,0,0,0,0,0,0,0,0,0,0,0,0,0,0,0,0,0,0,0,0,0,0,0,0,0,0,0,0,0,0,0,0,0,0,0,0,0,12855820288,4348461056,784657,265409,15311190,1674,0,101,786432,35446006,812144,4,2284944652,12884901888,19575,518237310,0,0,0,0,0,0,0,0,0,0,0,0,0,0,0,0,0,0,9844556,109734344,0,468,1202,7661,620,19689442,35,0,0,0,0,0,0,0,1,0,0,0,0,0,0,0,0,0,0,14235935,0,15310800,151618,0,0,0,0,0,0,0,0,16384,0,0,0,0,0,0,0,0,0,0,0,1831,408,0,0,0,0,0,29920989,0,152,0,4,407,1831,0,0,0,0,0,0,0,0,0,0,0,0,0,0,0,0,0,0,0,0,0,0,0,0,0,0,0,0,0,0,0,0,0,0,0,0,0,0,0,0,0,0,0,0,0,0,0,0,0,0,0,0,0,0,144919546,0,0,0,348749013,0,0,0,0,0,0,0,33190229,36532035,160759671,98538496512,30558817,1,0,0,0,0,0,0,0,0,0,0,0,0,0,0,0,0,0,0,0,0,0,0,0,0,0,0,0,0,0,0,781441,0,0,0,0,0,0,0
1782296088.490,0,0,0,0,0,0,0,477964103,594620025344,381186376704,0,0,0,0,0,0,0,0,0,0,0,0,0,0,0,0,0,0,0,0,0,0,0,0,0,0,0,0,0,0,0,0,0,0,0,0,0,0,0,0,0,0,0,0,0,0,0,0,0,0,0,0,0,0,0,0,0,0,7,1756759,36383005,15390646,0,0,0,0,0,0,0,0,0,0,0,0,0,0,0,0,0,0,0,0,0,0,0,0,0,0,0,0,0,0,0,0,0,0,0,0,0,12866895872,4376969216,785333,267149,15328100,1001,0,97,786432,35508902,812144,4,2285873082,12884901888,19575,518445257,0,0,0,0,0,0,0,0,0,0,0,0,0,0,0,0,0,0,9849230,109739019,0,468,1202,7661,620,19698790,35,0,0,0,0,0,0,0,1,0,0,0,0,0,0,0,0,0,0,14241191,0,15327838,151800,0,0,0,0,0,0,0,0,16384,0,0,0,0,0,0,0,0,0,0,0,1832,408,0,0,0,0,0,29935192,0,152,0,4,407,1832,0,0,0,0,0,0,0,0,0,0,0,0,0,0,0,0,0,0,0,0,0,0,0,0,0,0,0,0,0,0,0,0,0,0,0,0,0,0,0,0,0,0,0,0,0,0,0,0,0,0,0,0,0,0,145006913,0,0,0,348862792,0,0,0,0,0,0,0,33222129,36594822,160864086,98586281984,30587610,1,1,0,0,0,0,0,0,0,0,0,0,0,0,0,0,0,0,0,0,0,0,0,0,0,0,0,0,0,0,0,747715,0,0,0,0,0,0,0
1782296089.557,0,0,0,0,0,0,0,478135580,595643337216,381514092032,0,0,0,0,0,0,0,0,0,0,0,0,0,0,0,0,0,0,0,0,0,0,0,0,0,0,0,0,0,0,0,0,0,0,0,0,0,0,0,0,0,0,0,0,0,0,0,0,0,0,0,0,0,0,0,0,0,0,7,1756913,36445629,15407685,0,0,0,0,0,0,0,0,0,0,0,0,0,0,0,0,0,0,0,0,0,0,0,0,0,0,0,0,0,0,0,0,0,0,0,0,0,12868599808,4375920640,785437,267085,15345267,898,0,96,786432,35571443,812144,4,2286732521,12884901888,19575,518570571,0,0,0,0,0,0,0,0,0,0,0,0,0,0,0,0,0,0,9853808,109743596,0,468,1202,7661,620,19707945,35,0,0,0,0,0,0,0,1,0,0,0,0,0,0,0,0,0,0,14246338,0,15344877,151982,0,0,0,0,0,0,0,0,16384,0,0,0,0,0,0,0,0,0,0,0,1833,408,0,0,0,0,0,29949110,0,152,0,4,407,1833,0,0,0,0,0,0,0,0,0,0,0,0,0,0,0,0,0,0,0,0,0,0,0,0,0,0,0,0,0,0,0,0,0,0,0,0,0,0,0,0,0,0,0,0,0,0,0,0,0,0,0,0,0,0,145079749,0,0,0,348939695,0,0,0,0,0,0,0,33252550,36657246,160954088,98627631616,30614834,0,0,0,0,0,0,0,0,0,0,0,0,0,0,0,0,0,0,0,0,0,0,0,0,0,0,0,0,0,0,0,752292,0,0,0,0,0,0,0
1782296090.624,0,0,0,0,0,0,0,478309065,596680755712,381839755264,0,0,0,0,0,0,0,0,0,0,0,0,0,0,0,0,0,0,0,0,0,0,0,0,0,0,0,0,0,0,0,0,0,0,0,0,0,0,0,0,0,0,0,0,0,0,0,0,0,0,0,0,0,0,0,0,0,0,7,1757064,36509113,15424569,0,0,0,0,0,0,0,0,0,0,0,0,0,0,0,0,0,0,0,0,0,0,0,0,0,0,0,0,0,0,0,0,0,0,0,0,0,12868026368,4378968064,785402,267271,15362151,934,0,96,786432,35634818,812144,4,2287601605,12884901888,19575,518696243,0,0,0,0,0,0,0,0,0,0,0,0,0,0,0,0,0,0,9858440,109748229,0,468,1202,7661,620,19717210,35,0,0,0,0,0,0,0,1,0,0,0,0,0,0,0,0,0,0,14251550,0,15361761,152164,0,0,0,0,0,0,0,0,16384,0,0,0,0,0,0,0,0,0,0,0,1834,408,0,0,0,0,0,29963197,0,152,0,4,407,1834,0,0,0,0,0,0,0,0,0,0,0,0,0,0,0,0,0,0,0,0,0,0,0,0,0,0,0,0,0,0,0,0,0,0,0,0,0,0,0,0,0,0,0,0,0,0,0,0,0,0,0,0,0,0,145153424,0,0,0,349017621,0,0,0,0,0,0,0,33283163,36720528,161044755,98669508608,30642207,1,0,0,0,0,0,0,0,0,0,0,0,0,0,0,0,0,0,0,0,0,0,0,0,0,0,0,0,0,0,0,756924,0,0,0,0,0,0,0
1782296091.693,0,0,0,0,0,0,0,478482578,597711882752,382169824256,0,0,0,0,0,0,0,0,0,0,0,0,0,0,0,0,0,0,0,0,0,0,0,0,0,0,0,0,0,0,0,0,0,0,0,0,0,0,0,0,0,0,0,0,0,0,0,0,0,0,0,0,0,0,0,0,0,0,7,1757188,36572205,15441694,0,0,0,0,0,0,0,0,0,0,0,0,0,0,0,0,0,0,0,0,0,0,0,0,0,0,0,0,0,0,0,0,0,0,0,0,0,12867764224,4374675456,785385,267009,15379276,945,0,102,786432,35697801,812144,4,2288470280,12884901888,19575,518822764,0,0,0,0,0,0,0,0,0,0,0,0,0,0,0,0,0,0,9863027,109752816,0,468,1202,7661,620,19726388,35,0,0,0,0,0,0,0,1,0,0,0,0,0,0,0,0,0,0,14256709,0,15378886,152346,0,0,0,0,0,0,0,0,16384,0,0,0,0,0,0,0,0,0,0,0,1835,408,0,0,0,0,0,29977123,0,152,0,4,407,1835,0,0,0,0,0,0,0,0,0,0,0,0,0,0,0,0,0,0,0,0,0,0,0,0,0,0,0,0,0,0,0,0,0,0,0,0,0,0,0,0,0,0,0,0,0,0,0,0,0,0,0,0,0,0,145228442,0,0,0,349095394,0,0,0,0,0,0,0,33313810,36783451,161137023,98711795712,30669517,0,0,0,0,0,0,0,0,0,0,0,0,0,0,0,0,0,0,0,0,0,0,0,0,0,0,0,0,0,0,0,761511,0,0,0,0,0,0,0
1782296092.761,0,0,0,0,0,0,0,478659069,598765603328,382507942400,0,0,0,0,0,0,0,0,0,0,0,0,0,0,0,0,0,0,0,0,0,0,0,0,0,0,0,0,0,0,0,0,0,0,0,0,0,0,0,0,0,0,0,0,0,0,0,0,0,0,0,0,0,0,0,0,0,0,7,1757429,36636688,15459357,0,0,0,0,0,0,0,0,0,0,0,0,0,0,0,0,0,0,0,0,0,0,0,0,0,0,0,0,0,0,0,0,0,0,0,0,0,12850020352,4369465344,784303,266691,15396939,2033,0,96,786432,35762161,812144,4,2289354149,12884901888,19575,518951201,0,0,0,0,0,0,0,0,0,0,0,0,0,0,0,0,0,0,9867718,109757508,0,468,1202,7661,620,19735769,35,0,0,0,0,0,0,0,1,0,0,0,0,0,0,0,0,0,0,14261986,0,15396549,152545,0,0,0,0,0,0,0,0,16384,0,0,0,0,0,0,0,0,0,0,0,1837,408,0,0,0,0,0,29991390,0,152,0,4,407,1837,0,0,0,0,0,0,0,0,0,0,0,0,0,0,0,0,0,0,0,0,0,0,0,0,0,0,0,0,0,0,0,0,0,0,0,0,0,0,0,0,0,0,0,0,0,0,0,0,0,0,0,0,0,0,145302082,0,0,0,349174580,0,0,0,0,0,0,0,33346763,36847743,161228485,98753202688,30698906,1,0,0,0,0,0,0,0,0,0,0,0,0,0,0,0,0,0,0,0,0,0,0,0,0,0,0,0,0,0,0,766204,0,0,0,0,0,0,0
1782296093.829,0,0,0,0,0,0,0,478825153,599754590720,382827556864,0,0,0,0,0,0,0,0,0,0,0,0,0,0,0,0,0,0,0,0,0,0,0,0,0,0,0,0,0,0,0,0,0,0,0,0,0,0,0,0,0,0,0,0,0,0,0,0,0,0,0,0,0,0,0,0,0,0,7,1757644,36697214,15475965,0,0,0,0,0,0,0,0,0,0,0,0,0,0,0,0,0,0,0,0,0,0,0,0,0,0,0,0,0,0,0,0,0,0,0,0,0,12856377344,4364795904,784691,266407,15413532,1627,0,112,786432,35822607,812144,4,2290186358,12884901888,19575,519071444,0,0,0,0,0,0,0,0,0,0,0,0,0,0,0,0,0,0,9872146,109761934,0,468,1202,7661,620,19744624,35,0,0,0,0,0,0,0,1,0,0,0,0,0,0,0,0,0,0,14266964,0,15413142,152735,0,0,0,0,0,0,0,0,16384,0,0,0,0,0,0,0,0,0,0,0,1838,408,0,0,0,0,0,30004844,0,152,0,4,407,1838,0,0,0,0,0,0,0,0,0,0,0,0,0,0,0,0,0,0,0,0,0,0,0,0,0,0,0,0,0,0,0,0,0,0,0,0,0,0,0,0,0,0,0,0,0,0,0,0,0,0,0,0,0,0,145374220,0,0,0,349249237,0,0,0,0,0,0,0,33373104,36908088,161317394,98793728512,30722482,1,0,0,0,0,0,0,0,0,0,0,0,0,0,0,0,0,0,0,0,0,0,0,0,0,0,0,0,0,0,0,770630,0,0,0,0,0,0,0
1782296094.899,0,0,0,0,0,0,0,478994150,600790551040,383164422144,0,0,0,0,0,0,0,0,0,0,0,0,0,0,0,0,0,0,0,0,0,0,0,0,0,0,0,0,0,0,0,0,0,0,0,0,0,0,0,0,0,0,0,0,0,0,0,0,0,0,0,0,0,0,0,0,0,0,7,1757862,36760619,15493033,0,0,0,0,0,0,0,0,0,0,0,0,0,0,0,0,0,0,0,0,0,0,0,0,0,0,0,0,0,0,0,0,0,0,0,0,0,12868059136,4393156608,785404,268137,15430615,923,0,105,786432,35885908,812144,4,2291128281,12884901888,19575,519281991,0,0,0,0,0,0,0,0,0,0,0,0,0,0,0,0,0,0,9876848,109766638,0,468,1202,7661,620,19754028,35,0,0,0,0,0,0,0,1,0,0,0,0,0,0,0,0,0,0,14272256,0,15430225,152922,0,0,0,0,0,0,0,0,16384,0,0,0,0,0,0,0,0,0,0,0,1839,408,0,0,0,0,0,30019154,0,152,0,4,407,1839,0,0,0,0,0,0,0,0,0,0,0,0,0,0,0,0,0,0,0,0,0,0,0,0,0,0,0,0,0,0,0,0,0,0,0,0,0,0,0,0,0,0,0,0,0,0,0,0,0,0,0,0,0,0,145463002,0,0,0,349363950,0,0,0,0,0,0,0,33406022,36971297,161423352,98842404352,30752146,1,0,0,0,0,0,0,0,0,0,0,0,0,0,0,0,0,0,0,0,0,0,0,0,0,0,0,0,0,0,0,736936,0,0,0,0,0,0,0
1782296095.967,0,0,0,0,0,0,0,479168268,601825053184,383493484032,0,0,0,0,0,0,0,0,0,0,0,0,0,0,0,0,0,0,0,0,0,0,0,0,0,0,0,0,0,0,0,0,0,0,0,0,0,0,0,0,0,0,0,0,0,0,0,0,0,0,0,0,0,0,0,0,0,0,7,1758062,36823930,15510119,0,0,0,0,0,0,0,0,0,0,0,0,0,0,0,0,0,0,0,0,0,0,0,0,0,0,0,0,0,0,0,0,0,0,0,0,0,12860030976,4391452672,784914,268033,15447662,1422,0,96,786432,35949125,812144,4,2291998925,12884901888,19575,519409820,0,0,0,0,0,0,0,0,0,0,0,0,0,0,0,0,0,0,9881465,109771255,0,468,1202,7661,620,19763259,35,0,0,0,0,0,0,0,1,0,0,0,0,0,0,0,0,0,0,14277447,0,15447329,153106,0,0,0,0,0,0,0,0,16384,0,0,0,0,0,0,0,0,0,0,0,1840,408,0,0,0,0,0,30033184,0,152,0,4,407,1840,0,0,0,0,0,0,0,0,0,0,0,0,0,0,0,0,0,0,0,0,0,0,0,0,0,0,0,0,0,0,0,0,0,0,0,0,0,0,0,0,0,0,0,0,0,0,0,0,0,0,0,0,0,0,145536229,0,0,0,349441970,0,0,0,0,0,0,0,33438087,37034408,161513800,98884098048,30781041,0,1,0,0,0,0,0,0,0,0,0,0,0,0,0,0,0,0,0,0,0,0,0,0,0,0,0,0,0,0,0,741552,0,0,0,0,0,0,0
1782296097.033,0,0,0,0,0,0,0,479343192,602871253504,383822504960,0,0,0,0,0,0,0,0,0,0,0,0,0,0,0,0,0,0,0,0,0,0,0,0,0,0,0,0,0,0,0,0,0,0,0,0,0,0,0,0,0,0,0,0,0,0,0,0,0,0,0,0,0,0,0,0,0,0,7,1758236,36887957,15527240,0,0,0,0,0,0,0,0,0,0,0,0,0,0,0,0,0,0,0,0,0,0,0,0,0,0,0,0,0,0,0,0,0,0,0,0,0,12866109440,4392943616,785285,268124,15464822,1048,0,97,786432,36013054,812144,4,2292875392,12884901888,19575,519536554,0,0,0,0,0,0,0,0,0,0,0,0,0,0,0,0,0,0,9886134,109775924,0,468,1202,7661,620,19772598,35,0,0,0,0,0,0,0,1,0,0,0,0,0,0,0,0,0,0,14282700,0,15464432,153297,0,0,0,0,0,0,0,0,16384,0,0,0,0,0,0,0,0,0,0,0,1841,408,0,0,0,0,0,30047343,0,152,0,4,407,1841,0,0,0,0,0,0,0,0,0,0,0,0,0,0,0,0,0,0,0,0,0,0,0,0,0,0,0,0,0,0,0,0,0,0,0,0,0,0,0,0,0,0,0,0,0,0,0,0,0,0,0,0,0,0,145609324,0,0,0,349520567,0,0,0,0,0,0,0,33469908,37098227,161604144,98925478912,30809579,0,0,0,0,0,0,0,0,0,0,0,0,0,0,0,0,0,0,0,0,0,0,0,0,0,0,0,0,0,0,0,746220,0,0,0,0,0,0,0
1782296098.100,0,0,0,0,0,0,0,479518774,603922434560,384191764480,0,0,0,0,0,0,0,0,0,0,0,0,0,0,0,0,0,0,0,0,0,0,0,0,0,0,0,0,0,0,0,0,0,0,0,0,0,0,0,0,0,0,0,0,0,0,0,0,0,0,0,0,0,0,0,0,0,0,7,1758424,36952312,15546801,0,0,0,0,0,0,0,0,0,0,0,0,0,0,0,0,0,0,0,0,0,0,0,0,0,0,0,0,0,0,0,0,0,0,0,0,0,12858916864,4354408448,784846,265772,15482165,1489,0,97,786432,36077328,812144,4,2293754333,12884901888,19575,519662416,0,0,0,0,0,0,0,0,0,0,0,0,0,0,0,0,0,0,9890814,109780603,0,468,1202,7661,620,19781965,35,0,0,0,0,0,0,0,1,0,0,0,0,0,0,0,0,0,0,14287965,0,15483951,153514,0,0,0,0,0,0,0,0,16384,0,0,0,0,0,0,0,0,0,0,0,1842,408,0,0,0,0,0,30061591,0,152,0,4,407,1842,0,0,0,0,0,0,0,0,0,0,0,0,0,0,0,0,0,0,0,0,0,0,0,0,0,0,0,0,0,0,0,0,0,0,0,0,0,0,0,0,0,0,0,0,0,0,0,0,0,0,0,0,0,0,145683333,0,0,0,349599562,0,0,0,0,0,0,0,33502428,37162349,161697869,98966949376,30838287,1,1,0,0,0,0,0,0,0,0,0,0,0,0,0,0,0,0,0,0,0,0,0,0,0,0,0,0,0,0,0,750901,0,0,0,0,0,0,0
1782296099.174,0,0,0,0,0,0,0,479693408,604962966016,384552607744,0,0,0,0,0,0,0,0,0,0,0,0,0,0,0,0,0,0,0,0,0,0,0,0,0,0,0,0,0,0,0,0,0,0,0,0,0,0,0,0,0,0,0,0,0,0,0,0,0,0,0,0,0,0,0,0,0,0,7,1758662,37015979,15565851,0,0,0,0,0,0,0,0,0,0,0,0,0,0,0,0,0,0,0,0,0,0,0,0,0,0,0,0,0,0,0,0,0,0,0,0,0,12867289088,4322705408,785357,263837,15503433,979,0,96,786432,36140917,812144,4,2294628760,12884901888,19575,519789230,0,0,0,0,0,0,0,0,0,0,0,0,0,0,0,0,0,0,9895452,109785243,0,468,1202,7661,620,19791238,35,0,0,0,0,0,0,0,1,0,0,0,0,0,0,0,0,0,0,14293181,0,15503043,153712,0,0,0,0,0,0,0,0,16384,0,0,0,0,0,0,0,0,0,0,0,1843,408,0,0,0,0,0,30075674,0,152,0,4,407,1843,0,0,0,0,0,0,0,0,0,0,0,0,0,0,0,0,0,0,0,0,0,0,0,0,0,0,0,0,0,0,0,0,0,0,0,0,0,0,0,0,0,0,0,0,0,0,0,0,0,0,0,0,0,0,145757229,0,0,0,349677911,0,0,0,0,0,0,0,33535144,37225816,161790927,99008676864,30867408,1,0,0,0,0,0,0,0,0,0,0,0,0,0,0,0,0,0,0,0,0,0,0,0,0,0,0,0,0,0,0,755539,0,0,0,0,0,0,0
1782296100.241,0,0,0,0,0,0,0,479869977,606015769088,384881561088,0,0,0,0,0,0,0,0,0,0,0,0,0,0,0,0,0,0,0,0,0,0,0,0,0,0,0,0,0,0,0,0,0,0,0,0,0,0,0,0,0,0,0,0,0,0,0,0,0,0,0,0,0,0,0,0,0,0,7,1758825,37080410,15582929,0,0,0,0,0,0,0,0,0,0,0,0,0,0,0,0,0,0,0,0,0,0,0,0,0,0,0,0,0,0,0,0,0,0,0,0,0,12865503232,4327997440,785248,264160,15520511,1088,0,97,786432,36205267,812144,4,2295512575,12884901888,19575,519916585,0,0,0,0,0,0,0,0,0,0,0,0,0,0,0,0,0,0,9900166,109789957,0,468,1202,7661,620,19800670,35,0,0,0,0,0,0,0,1,0,0,0,0,0,0,0,0,0,0,14298484,0,15520121,153913,0,0,0,0,0,0,0,0,16384,0,0,0,0,0,0,0,0,0,0,0,1844,408,0,0,0,0,0,30089987,0,152,0,4,407,1844,0,0,0,0,0,0,0,0,0,0,0,0,0,0,0,0,0,0,0,0,0,0,0,0,0,0,0,0,0,0,0,0,0,0,0,0,0,0,0,0,0,0,0,0,0,0,0,0,0,0,0,0,0,0,145831559,0,0,0,349757331,0,0,0,0,0,0,0,33568096,37290027,161882463,99050550272,30896894,1,0,0,0,0,0,0,0,0,0,0,0,0,0,0,0,0,0,0,0,0,0,0,0,0,0,0,0,0,0,0,760254,0,0,0,0,0,0,0
1782296101.309,0,0,0,0,0,0,0,480038994,607053548032,385218243584,0,0,0,0,0,0,0,0,0,0,0,0,0,0,0,0,0,0,0,0,0,0,0,0,0,0,0,0,0,0,0,0,0,0,0,0,0,0,0,0,0,0,0,0,0,0,0,0,0,0,0,0,0,0,0,0,0,0,7,1759077,37143904,15599979,0,0,0,0,0,0,0,0,0,0,0,0,0,0,0,0,0,0,0,0,0,0,0,0,0,0,0,0,0,0,0,0,0,0,0,0,0,12871974912,4358422528,785643,266017,15537561,693,0,96,786432,36268670,812144,4,2296453287,12884901888,19575,520125110,0,0,0,0,0,0,0,0,0,0,0,0,0,0,0,0,0,0,9904887,109794678,0,468,1202,7661,620,19810110,35,0,0,0,0,0,0,0,1,0,0,0,0,0,0,0,0,0,0,14303795,0,15537171,154094,0,0,0,0,0,0,0,0,16384,0,0,0,0,0,0,0,0,0,0,0,1845,408,0,0,0,0,0,30104352,0,152,0,4,407,1845,0,0,0,0,0,0,0,0,0,0,0,0,0,0,0,0,0,0,0,0,0,0,0,0,0,0,0,0,0,0,0,0,0,0,0,0,0,0,0,0,0,0,0,0,0,0,0,0,0,0,0,0,0,0,145920188,0,0,0,349872223,0,0,0,0,0,0,0,33600035,37353358,161988237,99099046912,30925635,0,0,0,0,0,0,0,0,0,0,0,0,0,0,0,0,0,0,0,0,0,0,0,0,0,0,0,0,0,0,0,726575,0,0,0,0,0,0,0
1782296102.379,0,0,0,0,0,0,0,480215308,608108464640,385553360384,0,0,0,0,0,0,0,0,0,0,0,0,0,0,0,0,0,0,0,0,0,0,0,0,0,0,0,0,0,0,0,0,0,0,0,0,0,0,0,0,0,0,0,0,0,0,0,0,0,0,0,0,0,0,0,0,0,0,7,1759287,37208455,15617434,0,0,0,0,0,0,0,0,0,0,0,0,0,0,0,0,0,0,0,0,0,0,0,0,0,0,0,0,0,0,0,0,0,0,0,0,0,12853067776,4355735552,784489,265853,15555016,1845,0,97,786432,36333128,812144,4,2297335559,12884901888,19575,520252459,0,0,0,0,0,0,0,0,0,0,0,0,0,0,0,0,0,0,9909557,109799349,0,468,1202,7661,620,19819455,35,0,0,0,0,0,0,0,1,0,0,0,0,0,0,0,0,0,0,14309049,0,15554626,154297,0,0,0,0,0,0,0,0,16384,0,0,0,0,0,0,0,0,0,0,0,1846,408,0,0,0,0,0,30118556,0,152,0,4,407,1846,0,0,0,0,0,0,0,0,0,0,0,0,0,0,0,0,0,0,0,0,0,0,0,0,0,0,0,0,0,0,0,0,0,0,0,0,0,0,0,0,0,0,0,0,0,0,0,0,0,0,0,0,0,0,145994367,0,0,0,349951432,0,0,0,0,0,0,0,33632775,37417707,162080016,99140870144,30954927,1,0,0,0,0,0,0,0,0,0,0,0,0,0,0,0,0,0,0,0,0,0,0,0,0,0,0,0,0,0,0,731247,0,0,0,0,0,0,0
1782296103.447,0,0,0,0,0,0,0,480391536,609158728192,385882468352,0,0,0,0,0,0,0,0,0,0,0,0,0,0,0,0,0,0,0,0,0,0,0,0,0,0,0,0,0,0,0,0,0,0,0,0,0,0,0,0,0,0,0,0,0,0,0,0,0,0,0,0,0,0,0,0,0,0,7,1759434,37272706,15634548,0,0,0,0,0,0,0,0,0,0,0,0,0,0,0,0,0,0,0,0,0,0,0,0,0,0,0,0,0,0,0,0,0,0,0,0,0,12850397184,4358766592,784326,266038,15572130,2010,0,96,786432,36397262,812144,4,2298218442,12884901888,19575,520379979,0,0,0,0,0,0,0,0,0,0,0,0,0,0,0,0,0,0,9914250,109804042,0,468,1202,7661,620,19828840,35,0,0,0,0,0,0,0,1,0,0,0,0,0,0,0,0,0,0,14314329,0,15571740,154483,0,0,0,0,0,0,0,0,16384,0,0,0,0,0,0,0,0,0,0,0,1847,408,0,0,0,0,0,30132838,0,152,0,4,407,1847,0,0,0,0,0,0,0,0,0,0,0,0,0,0,0,0,0,0,0,0,0,0,0,0,0,0,0,0,0,0,0,0,0,0,0,0,0,0,0,0,0,0,0,0,0,0,0,0,0,0,0,0,0,0,146068048,0,0,0,350030551,0,0,0,0,0,0,0,33665533,37481793,162170943,99182330368,30984343,0,0,0,0,0,0,0,0,0,0,0,0,0,0,0,0,0,0,0,0,0,0,0,0,0,0,0,0,0,0,0,735940,0,0,0,0,0,0,0
1782296104.516,0,0,0,0,0,0,0,480569054,610215201280,386211600896,0,0,0,0,0,0,0,0,0,0,0,0,0,0,0,0,0,0,0,0,0,0,0,0,0,0,0,0,0,0,0,0,0,0,0,0,0,0,0,0,0,0,0,0,0,0,0,0,0,0,0,0,0,0,0,0,0,0,7,1759585,37337343,15651643,0,0,0,0,0,0,0,0,0,0,0,0,0,0,0,0,0,0,0,0,0,0,0,0,0,0,0,0,0,0,0,0,0,0,0,0,0,12857556992,4360601600,784763,266150,15589225,1572,0,97,786432,36461787,812144,4,2299107284,12884901888,19575,520508551,0,0,0,0,0,0,0,0,0,0,0,0,0,0,0,0,0,0,9918968,109808760,0,468,1202,7661,620,19838275,35,0,0,0,0,0,0,0,1,0,0,0,0,0,0,0,0,0,0,14319636,0,15588835,154673,0,0,0,0,0,0,0,0,16384,0,0,0,0,0,0,0,0,0,0,0,1848,408,0,0,0,0,0,30147157,0,152,0,4,407,1848,0,0,0,0,0,0,0,0,0,0,0,0,0,0,0,0,0,0,0,0,0,0,0,0,0,0,0,0,0,0,0,0,0,0,0,0,0,0,0,0,0,0,0,0,0,0,0,0,0,0,0,0,0,0,146141444,0,0,0,350110332,0,0,0,0,0,0,0,33698267,37546250,162261564,99223969280,31013718,1,0,0,0,0,0,0,0,0,0,0,0,0,0,0,0,0,0,0,0,0,0,0,0,0,0,0,0,0,0,0,740657,0,0,0,0,0,0,0
1782296105.584,0,0,0,0,0,0,0,480741795,611251423744,386539566592,0,0,0,0,0,0,0,0,0,0,0,0,0,0,0,0,0,0,0,0,0,0,0,0,0,0,0,0,0,0,0,0,0,0,0,0,0,0,0,0,0,0,0,0,0,0,0,0,0,0,0,0,0,0,0,0,0,0,7,1759758,37400759,15668781,0,0,0,0,0,0,0,0,0,0,0,0,0,0,0,0,0,0,0,0,0,0,0,0,0,0,0,0,0,0,0,0,0,0,0,0,0,12865732608,4356030464,785262,265871,15606235,1072,0,96,786432,36525119,812144,4,2299970798,12884901888,19575,520631594,0,0,0,0,0,0,0,0,0,0,0,0,0,0,0,0,0,0,9923597,109813390,0,468,1202,7661,620,19847531,35,0,0,0,0,0,0,0,1,0,0,0,0,0,0,0,0,0,0,14324843,0,15605973,154856,0,0,0,0,0,0,0,0,16384,0,0,0,0,0,0,0,0,0,0,0,1849,408,0,0,0,0,0,30161233,0,152,0,4,407,1849,0,0,0,0,0,0,0,0,0,0,0,0,0,0,0,0,0,0,0,0,0,0,0,0,0,0,0,0,0,0,0,0,0,0,0,0,0,0,0,0,0,0,0,0,0,0,0,0,0,0,0,0,0,0,146213636,0,0,0,350188099,0,0,0,0,0,0,0,33729761,37609473,162351013,99264165888,31042076,1,0,0,0,0,0,0,0,0,0,0,0,0,0,0,0,0,0,0,0,0,0,0,0,0,0,0,0,0,0,0,745287,0,0,0,0,0,0,0
1782296106.652,0,0,0,0,0,0,0,480912687,612268296704,386871299584,0,0,0,0,0,0,0,0,0,0,0,0,0,0,0,0,0,0,0,0,0,0,0,0,0,0,0,0,0,0,0,0,0,0,0,0,0,0,0,0,0,0,0,0,0,0,0,0,0,0,0,0,0,0,0,0,0,0,7,1759918,37462988,15686137,0,0,0,0,0,0,0,0,0,0,0,0,0,0,0,0,0,0,0,0,0,0,0,0,0,0,0,0,0,0,0,0,0,0,0,0,0,12850724864,4343808000,784348,265125,15623719,1990,0,102,786432,36587239,812144,4,2300824372,12884901888,19575,520752827,0,0,0,0,0,0,0,0,0,0,0,0,0,0,0,0,0,0,9928184,109817977,0,468,1202,7661,620,19856708,35,0,0,0,0,0,0,0,1,0,0,0,0,0,0,0,0,0,0,14330003,0,15623329,155045,0,0,0,0,0,0,0,0,16384,0,0,0,0,0,0,0,0,0,0,0,1850,408,0,0,0,0,0,30175204,0,152,0,4,407,1850,0,0,0,0,0,0,0,0,0,0,0,0,0,0,0,0,0,0,0,0,0,0,0,0,0,0,0,0,0,0,0,0,0,0,0,0,0,0,0,0,0,0,0,0,0,0,0,0,0,0,0,0,0,0,146285584,0,0,0,350265080,0,0,0,0,0,0,0,33759732,37671523,162440445,99304494080,31068812,1,0,0,0,0,0,0,0,0,0,0,0,0,0,0,0,0,0,0,0,0,0,0,0,0,0,0,0,0,0,0,749873,0,0,0,0,0,0,0
1782296107.719,0,0,0,0,0,0,0,481075555,613266016768,387196125696,0,0,0,0,0,0,0,0,0,0,0,0,0,0,0,0,0,0,0,0,0,0,0,0,0,0,0,0,0,0,0,0,0,0,0,0,0,0,0,0,0,0,0,0,0,0,0,0,0,0,0,0,0,0,0,0,0,0,7,1760138,37524045,15702519,0,0,0,0,0,0,0,0,0,0,0,0,0,0,0,0,0,0,0,0,0,0,0,0,0,0,0,0,0,0,0,0,0,0,0,0,0,12858736640,4371218432,784835,266798,15640101,1501,0,96,786432,36648196,812144,4,2301735516,12884901888,19575,520958554,0,0,0,0,0,0,0,0,0,0,0,0,0,0,0,0,0,0,9932752,109822544,0,468,1202,7661,620,19865839,35,0,0,0,0,0,0,0,1,0,0,0,0,0,0,0,0,0,0,14335140,0,15639711,155236,0,0,0,0,0,0,0,0,16384,0,0,0,0,0,0,0,0,0,0,0,1852,408,0,0,0,0,0,30189113,0,152,0,4,407,1852,0,0,0,0,0,0,0,0,0,0,0,0,0,0,0,0,0,0,0,0,0,0,0,0,0,0,0,0,0,0,0,0,0,0,0,0,0,0,0,0,0,0,0,0,0,0,0,0,0,0,0,0,0,0,146373308,0,0,0,350377241,0,0,0,0,0,0,0,33788412,37732385,162544682,99352296960,31094227,0,0,0,0,0,0,0,0,0,0,0,0,0,0,0,0,0,0,0,0,0,0,0,0,0,0,0,0,0,0,0,716041,0,0,0,0,0,0,0
1782296108.787,0,0,0,0,0,0,0,481252718,614317083136,387525363712,0,0,0,0,0,0,0,0,0,0,0,0,0,0,0,0,0,0,0,0,0,0,0,0,0,0,0,0,0,0,0,0,0,0,0,0,0,0,0,0,0,0,0,0,0,0,0,0,0,0,0,0,0,0,0,0,0,0,7,1760361,37588353,15719625,0,0,0,0,0,0,0,0,0,0,0,0,0,0,0,0,0,0,0,0,0,0,0,0,0,0,0,0,0,0,0,0,0,0,0,0,0,12862111744,4375494656,785041,267059,15657207,1294,0,97,786432,36712408,812144,4,2302620586,12884901888,19575,521085972,0,0,0,0,0,0,0,0,0,0,0,0,0,0,0,0,0,0,9937463,109827255,0,468,1202,7661,620,19875259,35,0,0,0,0,0,0,0,1,0,0,0,0,0,0,0,0,0,0,14340439,0,15656817,155427,0,0,0,0,0,0,0,0,16384,0,0,0,0,0,0,0,0,0,0,0,1853,408,0,0,0,0,0,30203439,0,152,0,4,407,1853,0,0,0,0,0,0,0,0,0,0,0,0,0,0,0,0,0,0,0,0,0,0,0,0,0,0,0,0,0,0,0,0,0,0,0,0,0,0,0,0,0,0,0,0,0,0,0,0,0,0,0,0,0,0,146447466,0,0,0,350456915,0,0,0,0,0,0,0,33821041,37796501,162636092,99393936384,31123609,0,0,0,0,0,0,0,0,0,0,0,0,0,0,0,0,0,0,0,0,0,0,0,0,0,0,0,0,0,0,0,720753,0,0,0,0,0,0,0
1782296109.855,0,0,0,0,0,0,0,481430124,615372687872,387858672640,0,0,0,0,0,0,0,0,0,0,0,0,0,0,0,0,0,0,0,0,0,0,0,0,0,0,0,0,0,0,0,0,0,0,0,0,0,0,0,0,0,0,0,0,0,0,0,0,0,0,0,0,0,0,0,0,0,0,7,1760588,37652943,15736992,0,0,0,0,0,0,0,0,0,0,0,0,0,0,0,0,0,0,0,0,0,0,0,0,0,0,0,0,0,0,0,0,0,0,0,0,0,12850937856,4376805376,784358,267139,15674574,1977,0,97,786432,36776898,812144,4,2303509107,12884901888,19575,521213958,0,0,0,0,0,0,0,0,0,0,0,0,0,0,0,0,0,0,9942168,109831961,0,468,1202,7661,620,19884669,35,0,0,0,0,0,0,0,1,0,0,0,0,0,0,0,0,0,0,14345733,0,15674184,155619,0,0,0,0,0,0,0,0,16384,0,0,0,0,0,0,0,0,0,0,0,1854,408,0,0,0,0,0,30217719,0,152,0,4,407,1854,0,0,0,0,0,0,0,0,0,0,0,0,0,0,0,0,0,0,0,0,0,0,0,0,0,0,0,0,0,0,0,0,0,0,0,0,0,0,0,0,0,0,0,0,0,0,0,0,0,0,0,0,0,0,146521120,0,0,0,350536684,0,0,0,0,0,0,0,33853932,37860876,162727252,99435475968,31153040,0,0,0,0,0,0,0,0,0,0,0,0,0,0,0,0,0,0,0,0,0,0,0,0,0,0,0,0,0,0,0,725458,0,0,0,0,0,0,0
1782296110.923,0,0,0,0,0,0,0,481595188,616366656000,388168668672,0,0,0,0,0,0,0,0,0,0,0,0,0,0,0,0,0,0,0,0,0,0,0,0,0,0,0,0,0,0,0,0,0,0,0,0,0,0,0,0,0,0,0,0,0,0,0,0,0,0,0,0,0,0,0,0,0,0,7,1760763,37713755,15753133,0,0,0,0,0,0,0,0,0,0,0,0,0,0,0,0,0,0,0,0,0,0,0,0,0,0,0,0,0,0,0,0,0,0,0,0,0,12864913408,4378230784,785213,267226,15690715,1108,0,110,786432,36837605,812144,4,2304335693,12884901888,19575,521331740,0,0,0,0,0,0,0,0,0,0,0,0,0,0,0,0,0,0,9946589,109836382,0,468,1202,7661,620,19893516,35,0,0,0,0,0,0,0,1,0,0,0,0,0,0,0,0,0,0,14350706,0,15690325,155790,0,0,0,0,0,0,0,0,16384,0,0,0,0,0,0,0,0,0,0,0,1855,408,0,0,0,0,0,30231187,0,152,0,4,407,1855,0,0,0,0,0,0,0,0,0,0,0,0,0,0,0,0,0,0,0,0,0,0,0,0,0,0,0,0,0,0,0,0,0,0,0,0,0,0,0,0,0,0,0,0,0,0,0,0,0,0,0,0,0,0,146591269,0,0,0,350610951,0,0,0,0,0,0,0,33880062,37921527,162813683,99474415104,31176133,1,0,0,0,0,0,0,0,0,0,0,0,0,0,0,0,0,0,0,0,0,0,0,0,0,0,0,0,0,0,0,729880,0,0,0,0,0,0,0
1782296111.991,0,0,0,0,0,0,0,481769638,617409858048,388505029632,0,0,0,0,0,0,0,0,0,0,0,0,0,0,0,0,0,0,0,0,0,0,0,0,0,0,0,0,0,0,0,0,0,0,0,0,0,0,0,0,0,0,0,0,0,0,0,0,0,0,0,0,0,0,0,0,0,0,7,1760923,37777615,15770714,0,0,0,0,0,0,0,0,0,0,0,0,0,0,0,0,0,0,0,0,0,0,0,0,0,0,0,0,0,0,0,0,0,0,0,0,0,12855132160,4371283968,784615,266802,15708296,1719,0,97,786432,36901363,812144,4,2305207772,12884901888,19575,521457072,0,0,0,0,0,0,0,0,0,0,0,0,0,0,0,0,0,0,9951244,109841034,0,468,1202,7661,620,19902825,35,0,0,0,0,0,0,0,1,0,0,0,0,0,0,0,0,0,0,14355940,0,15707906,155989,0,0,0,0,0,0,0,0,16384,0,0,0,0,0,0,0,0,0,0,0,1856,408,0,0,0,0,0,30245351,0,152,0,4,407,1856,0,0,0,0,0,0,0,0,0,0,0,0,0,0,0,0,0,0,0,0,0,0,0,0,0,0,0,0,0,0,0,0,0,0,0,0,0,0,0,0,0,0,0,0,0,0,0,0,0,0,0,0,0,0,146664653,0,0,0,350689471,0,0,0,0,0,0,0,33912585,37985162,162904790,99515606528,31205371,1,1,0,0,0,0,0,0,0,0,0,0,0,0,0,0,0,0,0,0,0,0,0,0,0,0,0,0,0,0,0,734531,0,0,0,0,0,0,0
1782296113.058,0,0,0,0,0,0,0,481943029,618438101504,388832305152,0,0,0,0,0,0,0,0,0,0,0,0,0,0,0,0,0,0,0,0,0,0,0,0,0,0,0,0,0,0,0,0,0,0,0,0,0,0,0,0,0,0,0,0,0,0,0,0,0,0,0,0,0,0,0,0,0,0,7,1761194,37840523,15787811,0,0,0,0,0,0,0,0,0,0,0,0,0,0,0,0,0,0,0,0,0,0,0,0,0,0,0,0,0,0,0,0,0,0,0,0,0,12857589760,4369121280,784764,266670,15725393,1571,0,97,786432,36964171,812144,4,2306074570,12884901888,19575,521581396,0,0,0,0,0,0,0,0,0,0,0,0,0,0,0,0,0,0,9955860,109845653,0,468,1202,7661,620,19912058,35,0,0,0,0,0,0,0,1,0,0,0,0,0,0,0,0,0,0,14361130,0,15725003,156179,0,0,0,0,0,0,0,0,16384,0,0,0,0,0,0,0,0,0,0,0,1857,408,0,0,0,0,0,30259376,0,152,0,4,407,1857,0,0,0,0,0,0,0,0,0,0,0,0,0,0,0,0,0,0,0,0,0,0,0,0,0,0,0,0,0,0,0,0,0,0,0,0,0,0,0,0,0,0,0,0,0,0,0,0,0,0,0,0,0,0,146736916,0,0,0,350767439,0,0,0,0,0,0,0,33943891,38047880,162994270,99555881984,31233460,1,0,0,0,0,0,0,0,0,0,0,0,0,0,0,0,0,0,0,0,0,0,0,0,0,0,0,0,0,0,0,739148,0,0,0,0,0,0,0
1782296114.123,0,0,0,0,0,0,0,482105033,619430185472,389208034816,0,0,0,0,0,0,0,0,0,0,0,0,0,0,0,0,0,0,0,0,0,0,0,0,0,0,0,0,0,0,0,0,0,0,0,0,0,0,0,0,0,0,0,0,0,0,0,0,0,0,0,0,0,0,0,0,0,0,7,1761349,37901224,15807381,0,0,0,0,0,0,0,0,0,0,0,0,0,0,0,0,0,0,0,0,0,0,0,0,0,0,0,0,0,0,0,0,0,0,0,0,0,12849184768,4342317056,784252,265034,15741851,2084,0,96,786432,37024785,812144,4,2306980377,12884901888,19575,521785018,0,0,0,0,0,0,0,0,0,0,0,0,0,0,0,0,0,0,9960426,109850218,0,468,1202,7661,620,19921188,35,0,0,0,0,0,0,0,1,0,0,0,0,0,0,0,0,0,0,14366267,0,15744352,156393,0,0,0,0,0,0,0,0,16384,0,0,0,0,0,0,0,0,0,0,0,1858,408,0,0,0,0,0,30273276,0,152,0,4,407,1858,0,0,0,0,0,0,0,0,0,0,0,0,0,0,0,0,0,0,0,0,0,0,0,0,0,0,0,0,0,0,0,0,0,0,0,0,0,0,0,0,0,0,0,0,0,0,0,0,0,0,0,0,0,0,146822436,0,0,0,350879361,0,0,0,0,0,0,0,33975666,38108414,163099527,99602131456,31261618,1,1,0,0,0,0,0,0,0,0,0,0,0,0,0,0,0,0,0,0,0,0,0,0,0,0,0,0,0,0,0,705315,0,0,0,0,0,0,0
1782296115.190,0,0,0,0,0,0,0,482277674,620460624384,389548281344,0,0,0,0,0,0,0,0,0,0,0,0,0,0,0,0,0,0,0,0,0,0,0,0,0,0,0,0,0,0,0,0,0,0,0,0,0,0,0,0,0,0,0,0,0,0,0,0,0,0,0,0,0,0,0,0,0,0,7,1761515,37964306,15825268,0,0,0,0,0,0,0,0,0,0,0,0,0,0,0,0,0,0,0,0,0,0,0,0,0,0,0,0,0,0,0,0,0,0,0,0,0,12861046784,4327555072,784976,264133,15762850,1360,0,96,786432,37087769,812144,4,2307843738,12884901888,19575,521908760,0,0,0,0,0,0,0,0,0,0,0,0,0,0,0,0,0,0,9965003,109854795,0,468,1202,7661,620,19930339,35,0,0,0,0,0,0,0,1,0,0,0,0,0,0,0,0,0,0,14371416,0,15762460,156587,0,0,0,0,0,0,0,0,16384,0,0,0,0,0,0,0,0,0,0,0,1859,408,0,0,0,0,0,30287208,0,152,0,4,407,1859,0,0,0,0,0,0,0,0,0,0,0,0,0,0,0,0,0,0,0,0,0,0,0,0,0,0,0,0,0,0,0,0,0,0,0,0,0,0,0,0,0,0,0,0,0,0,0,0,0,0,0,0,0,0,146895607,0,0,0,350957019,0,0,0,0,0,0,0,34007897,38171313,163190678,99642836480,31290389,1,0,0,0,0,0,0,0,0,0,0,0,0,0,0,0,0,0,0,0,0,0,0,0,0,0,0,0,0,0,0,709891,0,0,0,0,0,0,0
1782296116.258,0,0,0,0,0,0,0,482453063,621504465408,389873460736,0,0,0,0,0,0,0,0,0,0,0,0,0,0,0,0,0,0,0,0,0,0,0,0,0,0,0,0,0,0,0,0,0,0,0,0,0,0,0,0,0,0,0,0,0,0,0,0,0,0,0,0,0,0,0,0,0,0,7,1761692,38028166,15842121,0,0,0,0,0,0,0,0,0,0,0,0,0,0,0,0,0,0,0,0,0,0,0,0,0,0,0,0,0,0,0,0,0,0,0,0,0,12862078976,4331749376,785039,264389,15779576,1290,0,102,786432,37151534,812144,4,2308722244,12884901888,19575,522035320,0,0,0,0,0,0,0,0,0,0,0,0,0,0,0,0,0,0,9969644,109859436,0,468,1202,7661,620,19939623,35,0,0,0,0,0,0,0,1,0,0,0,0,0,0,0,0,0,0,14376638,0,15779314,156772,0,0,0,0,0,0,0,0,16384,0,0,0,0,0,0,0,0,0,0,0,1860,408,0,0,0,0,0,30301318,0,152,0,4,407,1860,0,0,0,0,0,0,0,0,0,0,0,0,0,0,0,0,0,0,0,0,0,0,0,0,0,0,0,0,0,0,0,0,0,0,0,0,0,0,0,0,0,0,0,0,0,0,0,0,0,0,0,0,0,0,146970017,0,0,0,351035923,0,0,0,0,0,0,0,34040438,38234974,163282086,99684648448,31319680,1,1,0,0,0,0,0,0,0,0,0,0,0,0,0,0,0,0,0,0,0,0,0,0,0,0,0,0,0,0,0,714533,0,0,0,0,0,0,0
1782296117.327,0,0,0,0,0,0,0,482625656,622533757440,390199263744,0,0,0,0,0,0,0,0,0,0,0,0,0,0,0,0,0,0,0,0,0,0,0,0,0,0,0,0,0,0,0,0,0,0,0,0,0,0,0,0,0,0,0,0,0,0,0,0,0,0,0,0,0,0,0,0,0,0,7,1761908,38091166,15859097,0,0,0,0,0,0,0,0,0,0,0,0,0,0,0,0,0,0,0,0,0,0,0,0,0,0,0,0,0,0,0,0,0,0,0,0,0,12859113472,4332306432,784858,264423,15796679,1473,0,101,786432,37214435,812144,4,2309584443,12884901888,19575,522157926,0,0,0,0,0,0,0,0,0,0,0,0,0,0,0,0,0,0,9974255,109864048,0,468,1202,7661,620,19948851,35,0,0,0,0,0,0,0,1,0,0,0,0,0,0,0,0,0,0,14381825,0,15796289,156975,0,0,0,0,0,0,0,0,16384,0,0,0,0,0,0,0,0,0,0,0,1861,408,0,0,0,0,0,30315333,0,152,0,4,407,1861,0,0,0,0,0,0,0,0,0,0,0,0,0,0,0,0,0,0,0,0,0,0,0,0,0,0,0,0,0,0,0,0,0,0,0,0,0,0,0,0,0,0,0,0,0,0,0,0,0,0,0,0,0,0,147042890,0,0,0,351113681,0,0,0,0,0,0,0,34072643,38297780,163372096,99725358080,31348333,0,1,0,0,0,0,0,0,0,0,0,0,0,0,0,0,0,0,0,0,0,0,0,0,0,0,0,0,0,0,0,719146,0,0,0,0,0,0,0
1782296118.395,0,0,0,0,0,0,0,482800910,623577385472,390531482624,0,0,0,0,0,0,0,0,0,0,0,0,0,0,0,0,0,0,0,0,0,0,0,0,0,0,0,0,0,0,0,0,0,0,0,0,0,0,0,0,0,0,0,0,0,0,0,0,0,0,0,0,0,0,0,0,0,0,7,1762093,38155030,15876416,0,0,0,0,0,0,0,0,0,0,0,0,0,0,0,0,0,0,0,0,0,0,0,0,0,0,0,0,0,0,0,0,0,0,0,0,0,12864192512,4327014400,785168,264100,15813998,1162,0,101,786432,37278220,812144,4,2310462827,12884901888,19575,522284074,0,0,0,0,0,0,0,0,0,0,0,0,0,0,0,0,0,0,9978885,109868678,0,468,1202,7661,620,19958109,35,0,0,0,0,0,0,0,1,0,0,0,0,0,0,0,0,0,0,14387031,0,15813608,157165,0,0,0,0,0,0,0,0,16384,0,0,0,0,0,0,0,0,0,0,0,1862,408,0,0,0,0,0,30329405,0,152,0,4,407,1862,0,0,0,0,0,0,0,0,0,0,0,0,0,0,0,0,0,0,0,0,0,0,0,0,0,0,0,0,0,0,0,0,0,0,0,0,0,0,0,0,0,0,0,0,0,0,0,0,0,0,0,0,0,0,147116433,0,0,0,351192481,0,0,0,0,0,0,0,34105146,38361463,163463093,99766612480,31377522,1,1,0,0,0,0,0,0,0,0,0,0,0,0,0,0,0,0,0,0,0,0,0,0,0,0,0,0,0,0,0,723775,0,0,0,0,0,0,0
1782296119.465,0,0,0,0,0,0,0,482973975,624607562240,390859379712,0,0,0,0,0,0,0,0,0,0,0,0,0,0,0,0,0,0,0,0,0,0,0,0,0,0,0,0,0,0,0,0,0,0,0,0,0,0,0,0,0,0,0,0,0,0,0,0,0,0,0,0,0,0,0,0,0,0,7,1762311,38218062,15893557,0,0,0,0,0,0,0,0,0,0,0,0,0,0,0,0,0,0,0,0,0,0,0,0,0,0,0,0,0,0,0,0,0,0,0,0,0,12849168384,4323868672,784251,263908,15831140,2084,0,96,786432,37341160,812144,4,2311326115,12884901888,19575,522407189,0,0,0,0,0,0,0,0,0,0,0,0,0,0,0,0,0,0,9983519,109873312,0,468,1202,7661,620,19967377,35,0,0,0,0,0,0,0,1,0,0,0,0,0,0,0,0,0,0,14392246,0,15830750,157361,0,0,0,0,0,0,0,0,16384,0,0,0,0,0,0,0,0,0,0,0,1863,408,0,0,0,0,0,30343481,0,152,0,4,407,1863,0,0,0,0,0,0,0,0,0,0,0,0,0,0,0,0,0,0,0,0,0,0,0,0,0,0,0,0,0,0,0,0,0,0,0,0,0,0,0,0,0,0,0,0,0,0,0,0,0,0,0,0,0,0,147189117,0,0,0,351270467,0,0,0,0,0,0,0,34137233,38424310,163553060,99806819328,31406181,0,0,0,0,0,0,0,0,0,0,0,0,0,0,0,0,0,0,0,0,0,0,0,0,0,0,0,0,0,0,0,728410,0,0,0,0,0,0,0
1782296120.532,0,0,0,0,0,0,0,483139478,625616243200,391188556800,0,0,0,0,0,0,0,0,0,0,0,0,0,0,0,0,0,0,0,0,0,0,0,0,0,0,0,0,0,0,0,0,0,0,0,0,0,0,0,0,0,0,0,0,0,0,0,0,0,0,0,0,0,0,0,0,0,0,7,1762494,38279817,15910265,0,0,0,0,0,0,0,0,0,0,0,0,0,0,0,0,0,0,0,0,0,0,0,0,0,0,0,0,0,0,0,0,0,0,0,0,0,12854034432,4349673472,784548,265483,15847847,1788,0,96,786432,37402827,812144,4,2312248060,12884901888,19575,522613399,0,0,0,0,0,0,0,0,0,0,0,0,0,0,0,0,0,0,9988139,109877932,0,468,1202,7661,620,19976615,35,0,0,0,0,0,0,0,1,0,0,0,0,0,0,0,0,0,0,14397442,0,15847457,157548,0,0,0,0,0,0,0,0,16384,0,0,0,0,0,0,0,0,0,0,0,1864,408,0,0,0,0,0,30357516,0,152,0,4,407,1864,0,0,0,0,0,0,0,0,0,0,0,0,0,0,0,0,0,0,0,0,0,0,0,0,0,0,0,0,0,0,0,0,0,0,0,0,0,0,0,0,0,0,0,0,0,0,0,0,0,0,0,0,0,0,147275873,0,0,0,351383846,0,0,0,0,0,0,0,34169182,38485837,163656631,99853957632,31434805,1,1,0,0,0,0,0,0,0,0,0,0,0,0,0,0,0,0,0,0,0,0,0,0,0,0,0,0,0,0,0,694630,0,0,0,0,0,0,0
1782296121.597,0,0,0,0,0,0,0,483312355,626649172480,391506658304,0,0,0,0,0,0,0,0,0,0,0,0,0,0,0,0,0,0,0,0,0,0,0,0,0,0,0,0,0,0,0,0,0,0,0,0,0,0,0,0,0,0,0,0,0,0,0,0,0,0,0,0,0,0,0,0,0,0,7,1762671,38343047,15926789,0,0,0,0,0,0,0,0,0,0,0,0,0,0,0,0,0,0,0,0,0,0,0,0,0,0,0,0,0,0,0,0,0,0,0,0,0,12870434816,4356603904,785549,265906,15864371,784,0,97,786432,37465930,812144,4,2313113460,12884901888,19575,522735894,0,0,0,0,0,0,0,0,0,0,0,0,0,0,0,0,0,0,9992774,109882567,0,468,1202,7661,620,19985883,35,0,0,0,0,0,0,0,1,0,0,0,0,0,0,0,0,0,0,14402654,0,15863981,157731,0,0,0,0,0,0,0,0,16384,0,0,0,0,0,0,0,0,0,0,0,1865,408,0,0,0,0,0,30371592,0,152,0,4,407,1865,0,0,0,0,0,0,0,0,0,0,0,0,0,0,0,0,0,0,0,0,0,0,0,0,0,0,0,0,0,0,0,0,0,0,0,0,0,0,0,0,0,0,0,0,0,0,0,0,0,0,0,0,0,0,147349360,0,0,0,351461774,0,0,0,0,0,0,0,34201584,38548870,163746748,99894527488,31463975,1,0,0,0,0,0,0,0,0,0,0,0,0,0,0,0,0,0,0,0,0,0,0,0,0,0,0,0,0,0,0,699263,0,0,0,0,0,0,0
1782296122.667,0,0,0,0,0,0,0,483482784,627664062976,391829640192,0,0,0,0,0,0,0,0,0,0,0,0,0,0,0,0,0,0,0,0,0,0,0,0,0,0,0,0,0,0,0,0,0,0,0,0,0,0,0,0,0,0,0,0,0,0,0,0,0,0,0,0,0,0,0,0,0,0,7,1762875,38405140,15943624,0,0,0,0,0,0,0,0,0,0,0,0,0,0,0,0,0,0,0,0,0,0,0,0,0,0,0,0,0,0,0,0,0,0,0,0,0,12853936128,4355457024,784542,265836,15881207,1793,0,96,786432,37527922,812144,4,2313966229,12884901888,19575,522857644,0,0,0,0,0,0,0,0,0,0,0,0,0,0,0,0,0,0,9997308,109887101,0,468,1202,7661,620,19994951,35,0,0,0,0,0,0,0,1,0,0,0,0,0,0,0,0,0,0,14407755,0,15880817,157911,0,0,0,0,0,0,0,0,16384,0,0,0,0,0,0,0,0,0,0,0,1866,408,0,0,0,0,0,30385366,0,152,0,4,407,1866,0,0,0,0,0,0,0,0,0,0,0,0,0,0,0,0,0,0,0,0,0,0,0,0,0,0,0,0,0,0,0,0,0,0,0,0,0,0,0,0,0,0,0,0,0,0,0,0,0,0,0,0,0,0,147421646,0,0,0,351538540,0,0,0,0,0,0,0,34232066,38610778,163835971,99934806528,31491326,0,0,0,0,0,0,0,0,0,0,0,0,0,0,0,0,0,0,0,0,0,0,0,0,0,0,0,0,0,0,0,703798,0,0,0,0,0,0,0
1782296123.733,0,0,0,0,0,0,0,483651754,628670499328,392142876160,0,0,0,0,0,0,0,0,0,0,0,0,0,0,0,0,0,0,0,0,0,0,0,0,0,0,0,0,0,0,0,0,0,0,0,0,0,0,0,0,0,0,0,0,0,0,0,0,0,0,0,0,0,0,0,0,0,0,7,1763056,38466723,15959863,0,0,0,0,0,0,0,0,0,0,0,0,0,0,0,0,0,0,0,0,0,0,0,0,0,0,0,0,0,0,0,0,0,0,0,0,0,12870991872,4359864320,785583,266105,15897421,749,0,99,786432,37589402,812144,4,2314809743,12884901888,19575,522977081,0,0,0,0,0,0,0,0,0,0,0,0,0,0,0,0,0,0,10001844,109891636,0,468,1202,7661,620,20004022,35,0,0,0,0,0,0,0,1,0,0,0,0,0,0,0,0,0,0,14412855,0,15897031,158079,0,0,0,0,0,0,0,0,16384,0,0,0,0,0,0,0,0,0,0,0,1868,408,0,0,0,0,0,30399162,0,152,0,4,407,1868,0,0,0,0,0,0,0,0,0,0,0,0,0,0,0,0,0,0,0,0,0,0,0,0,0,0,0,0,0,0,0,0,0,0,0,0,0,0,0,0,0,0,0,0,0,0,0,0,0,0,0,0,0,0,147494614,0,0,0,351614701,0,0,0,0,0,0,0,34260582,38672179,163925280,99975260160,31516779,1,0,0,0,0,0,0,0,0,0,0,0,0,0,0,0,0,0,0,0,0,0,0,0,0,0,0,0,0,0,0,708333,0,0,0,0,0,0,0
1782296124.802,0,0,0,0,0,0,0,483823659,629697415680,392467864064,0,0,0,0,0,0,0,0,0,0,0,0,0,0,0,0,0,0,0,0,0,0,0,0,0,0,0,0,0,0,0,0,0,0,0,0,0,0,0,0,0,0,0,0,0,0,0,0,0,0,0,0,0,0,0,0,0,0,7,1763199,38529558,15976868,0,0,0,0,0,0,0,0,0,0,0,0,0,0,0,0,0,0,0,0,0,0,0,0,0,0,0,0,0,0,0,0,0,0,0,0,0,12863946752,4356063232,785153,265873,15914450,1182,0,96,786432,37652144,812144,4,2315667681,12884901888,19575,523099133,0,0,0,0,0,0,0,0,0,0,0,0,0,0,0,0,0,0,10006430,109896222,0,468,1202,7661,620,20013196,35,0,0,0,0,0,0,0,1,0,0,0,0,0,0,0,0,0,0,14418016,0,15914060,158269,0,0,0,0,0,0,0,0,16384,0,0,0,0,0,0,0,0,0,0,0,1869,408,0,0,0,0,0,30413125,0,152,0,4,407,1869,0,0,0,0,0,0,0,0,0,0,0,0,0,0,0,0,0,0,0,0,0,0,0,0,0,0,0,0,0,0,0,0,0,0,0,0,0,0,0,0,0,0,0,0,0,0,0,0,0,0,0,0,0,0,147566696,0,0,0,351692184,0,0,0,0,0,0,0,34291803,38734819,164014488,100015247872,31544709,0,0,0,0,0,0,0,0,0,0,0,0,0,0,0,0,0,0,0,0,0,0,0,0,0,0,0,0,0,0,0,712921,0,0,0,0,0,0,0
1782296125.870,0,0,0,0,0,0,0,483999868,630745500160,392792528384,0,0,0,0,0,0,0,0,0,0,0,0,0,0,0,0,0,0,0,0,0,0,0,0,0,0,0,0,0,0,0,0,0,0,0,0,0,0,0,0,0,0,0,0,0,0,0,0,0,0,0,0,0,0,0,0,0,0,7,1763407,38593710,15993772,0,0,0,0,0,0,0,0,0,0,0,0,0,0,0,0,0,0,0,0,0,0,0,0,0,0,0,0,0,0,0,0,0,0,0,0,0,12861259776,4358291456,784989,266009,15931354,1347,0,96,786432,37716202,812144,4,2316548857,12884901888,19575,523223774,0,0,0,0,0,0,0,0,0,0,0,0,0,0,0,0,0,0,10011131,109900923,0,468,1202,7661,620,20022599,35,0,0,0,0,0,0,0,1,0,0,0,0,0,0,0,0,0,0,14423305,0,15930964,158463,0,0,0,0,0,0,0,0,16384,0,0,0,0,0,0,0,0,0,0,0,1870,408,0,0,0,0,0,30427394,0,152,0,4,407,1870,0,0,0,0,0,0,0,0,0,0,0,0,0,0,0,0,0,0,0,0,0,0,0,0,0,0,0,0,0,0,0,0,0,0,0,0,0,0,0,0,0,0,0,0,0,0,0,0,0,0,0,0,0,0,147640388,0,0,0,351771667,0,0,0,0,0,0,0,34324857,38798780,164105223,100056121344,31574304,1,0,0,0,0,0,0,0,0,0,0,0,0,0,0,0,0,0,0,0,0,0,0,0,0,0,0,0,0,0,0,717621,0,0,0,0,0,0,0
1782296126.939,0,0,0,0,0,0,0,484169233,631782705664,393131593728,0,0,0,0,0,0,0,0,0,0,0,0,0,0,0,0,0,0,0,0,0,0,0,0,0,0,0,0,0,0,0,0,0,0,0,0,0,0,0,0,0,0,0,0,0,0,0,0,0,0,0,0,0,0,0,0,0,0,7,1763637,38657189,16011097,0,0,0,0,0,0,0,0,0,0,0,0,0,0,0,0,0,0,0,0,0,0,0,0,0,0,0,0,0,0,0,0,0,0,0,0,0,12853559296,4379492352,784519,267303,15948679,1814,0,96,786432,37779577,812144,4,2317490250,12884901888,19575,523431129,0,0,0,0,0,0,0,0,0,0,0,0,0,0,0,0,0,0,10015874,109905666,0,468,1202,7661,620,20032083,35,0,0,0,0,0,0,0,1,0,0,0,0,0,0,0,0,0,0,14428638,0,15948289,158660,0,0,0,0,0,0,0,0,16384,0,0,0,0,0,0,0,0,0,0,0,1871,408,0,0,0,0,0,30441787,0,152,0,4,407,1871,0,0,0,0,0,0,0,0,0,0,0,0,0,0,0,0,0,0,0,0,0,0,0,0,0,0,0,0,0,0,0,0,0,0,0,0,0,0,0,0,0,0,0,0,0,0,0,0,0,0,0,0,0,0,147727062,0,0,0,351886941,0,0,0,0,0,0,0,34357931,38862072,164209332,100102940672,31603895,1,0,0,0,0,0,0,0,0,0,0,0,0,0,0,0,0,0,0,0,0,0,0,0,0,0,0,0,0,0,0,683964,0,0,0,0,0,0,0
1782296128.008,0,0,0,0,0,0,0,484335293,632773773824,393446507520,0,0,0,0,0,0,0,0,0,0,0,0,0,0,0,0,0,0,0,0,0,0,0,0,0,0,0,0,0,0,0,0,0,0,0,0,0,0,0,0,0,0,0,0,0,0,0,0,0,0,0,0,0,0,0,0,0,0,7,1763782,38717834,16027485,0,0,0,0,0,0,0,0,0,0,0,0,0,0,0,0,0,0,0,0,0,0,0,0,0,0,0,0,0,0,0,0,0,0,0,0,0,12862095360,4379688960,785040,267315,15965067,1295,0,96,786432,37840107,812144,4,2318318810,12884901888,19575,523548817,0,0,0,0,0,0,0,0,0,0,0,0,0,0,0,0,0,0,10020318,109910111,0,468,1202,7661,620,20040975,35,0,0,0,0,0,0,0,1,0,0,0,0,0,0,0,0,0,0,14433638,0,15964677,158845,0,0,0,0,0,0,0,0,16384,0,0,0,0,0,0,0,0,0,0,0,1872,408,0,0,0,0,0,30455301,0,152,0,4,407,1872,0,0,0,0,0,0,0,0,0,0,0,0,0,0,0,0,0,0,0,0,0,0,0,0,0,0,0,0,0,0,0,0,0,0,0,0,0,0,0,0,0,0,0,0,0,0,0,0,0,0,0,0,0,0,147797987,0,0,0,351961757,0,0,0,0,0,0,0,34384082,38922548,164296754,100142645760,31627020,1,1,0,0,0,0,0,0,0,0,0,0,0,0,0,0,0,0,0,0,0,0,0,0,0,0,0,0,0,0,0,688409,0,0,0,0,0,0,0
1782296129.072,0,0,0,0,0,0,0,484509765,633814682112,393779906560,0,0,0,0,0,0,0,0,0,0,0,0,0,0,0,0,0,0,0,0,0,0,0,0,0,0,0,0,0,0,0,0,0,0,0,0,0,0,0,0,0,0,0,0,0,0,0,0,0,0,0,0,0,0,0,0,0,0,7,1763962,38781545,16044915,0,0,0,0,0,0,0,0,0,0,0,0,0,0,0,0,0,0,0,0,0,0,0,0,0,0,0,0,0,0,0,0,0,0,0,0,0,12853936128,4374069248,784542,266972,15982091,1794,0,96,786432,37903710,812144,4,2319190947,12884901888,19575,523672359,0,0,0,0,0,0,0,0,0,0,0,0,0,0,0,0,0,0,10024985,109914778,0,468,1202,7661,620,20050307,35,0,0,0,0,0,0,0,1,0,0,0,0,0,0,0,0,0,0,14438887,0,15981957,159040,0,0,0,0,0,0,0,0,16384,0,0,0,0,0,0,0,0,0,0,0,1873,408,0,0,0,0,0,30469505,0,152,0,4,407,1873,0,0,0,0,0,0,0,0,0,0,0,0,0,0,0,0,0,0,0,0,0,0,0,0,0,0,0,0,0,0,0,0,0,0,0,0,0,0,0,0,0,0,0,0,0,0,0,0,0,0,0,0,0,0,147870513,0,0,0,352040471,0,0,0,0,0,0,0,34416790,38986072,164386864,100183069184,31656262,1,0,0,0,0,0,0,0,0,0,0,0,0,0,0,0,0,0,0,0,0,0,0,0,0,0,0,0,0,0,0,693076,0,0,0,0,0,0,0
1782296130.141,0,0,0,0,0,0,0,484682068,634839452160,394161961984,0,0,0,0,0,0,0,0,0,0,0,0,0,0,0,0,0,0,0,0,0,0,0,0,0,0,0,0,0,0,0,0,0,0,0,0,0,0,0,0,0,0,0,0,0,0,0,0,0,0,0,0,0,0,0,0,0,0,7,1764105,38844251,16065342,0,0,0,0,0,0,0,0,0,0,0,0,0,0,0,0,0,0,0,0,0,0,0,0,0,0,0,0,0,0,0,0,0,0,0,0,0,12849741824,4316250112,784286,263443,15998889,2049,0,96,786432,37966321,812144,4,2320051482,12884901888,19575,523794592,0,0,0,0,0,0,0,0,0,0,0,0,0,0,0,0,0,0,10029570,109919363,0,468,1202,7661,620,20059474,35,0,0,0,0,0,0,0,1,0,0,0,0,0,0,0,0,0,0,14444044,0,16002546,159254,0,0,0,0,0,0,0,0,16384,0,0,0,0,0,0,0,0,0,0,0,1874,408,0,0,0,0,0,30483439,0,152,0,4,407,1874,0,0,0,0,0,0,0,0,0,0,0,0,0,0,0,0,0,0,0,0,0,0,0,0,0,0,0,0,0,0,0,0,0,0,0,0,0,0,0,0,0,0,0,0,0,0,0,0,0,0,0,0,0,0,147944772,0,0,0,352118115,0,0,0,0,0,0,0,34449330,39048592,164481678,100224199680,31685116,1,0,0,0,0,0,0,0,0,0,0,0,0,0,0,0,0,0,0,0,0,0,0,0,0,0,0,0,0,0,0,697661,0,0,0,0,0,0,0
1782296131.210,0,0,0,0,0,0,0,484858333,635883948544,394493479936,0,0,0,0,0,0,0,0,0,0,0,0,0,0,0,0,0,0,0,0,0,0,0,0,0,0,0,0,0,0,0,0,0,0,0,0,0,0,0,0,0,0,0,0,0,0,0,0,0,0,0,0,0,0,0,0,0,0,7,1764281,38908195,16082674,0,0,0,0,0,0,0,0,0,0,0,0,0,0,0,0,0,0,0,0,0,0,0,0,0,0,0,0,0,0,0,0,0,0,0,0,0,12859604992,4314349568,784888,263327,16020256,1448,0,96,786432,38030161,812144,4,2320932496,12884901888,19575,523919473,0,0,0,0,0,0,0,0,0,0,0,0,0,0,0,0,0,0,10034255,109924047,0,468,1202,7661,620,20068848,35,0,0,0,0,0,0,0,1,0,0,0,0,0,0,0,0,0,0,14449315,0,16019866,159447,0,0,0,0,0,0,0,0,16384,0,0,0,0,0,0,0,0,0,0,0,1875,408,0,0,0,0,0,30497682,0,152,0,4,407,1875,0,0,0,0,0,0,0,0,0,0,0,0,0,0,0,0,0,0,0,0,0,0,0,0,0,0,0,0,0,0,0,0,0,0,0,0,0,0,0,0,0,0,0,0,0,0,0,0,0,0,0,0,0,0,148018530,0,0,0,352197566,0,0,0,0,0,0,0,34482264,39112322,164572870,100265131008,31714596,1,1,0,0,0,0,0,0,0,0,0,0,0,0,0,0,0,0,0,0,0,0,0,0,0,0,0,0,0,0,0,702344,0,0,0,0,0,0,0
1782296132.277,0,0,0,0,0,0,0,485034589,636936587776,394821598208,0,0,0,0,0,0,0,0,0,0,0,0,0,0,0,0,0,0,0,0,0,0,0,0,0,0,0,0,0,0,0,0,0,0,0,0,0,0,0,0,0,0,0,0,0,0,0,0,0,0,0,0,0,0,0,0,0,0,7,1764452,38972613,16099789,0,0,0,0,0,0,0,0,0,0,0,0,0,0,0,0,0,0,0,0,0,0,0,0,0,0,0,0,0,0,0,0,0,0,0,0,0,12856033280,4316102656,784670,263434,16037371,1666,0,96,786432,38094475,812144,4,2321814402,12884901888,19575,524044095,0,0,0,0,0,0,0,0,0,0,0,0,0,0,0,0,0,0,10038954,109928746,0,468,1202,7661,620,20078244,35,0,0,0,0,0,0,0,1,0,0,0,0,0,0,0,0,0,0,14454599,0,16036981,159639,0,0,0,0,0,0,0,0,16384,0,0,0,0,0,0,0,0,0,0,0,1876,408,0,0,0,0,0,30511981,0,152,0,4,407,1876,0,0,0,0,0,0,0,0,0,0,0,0,0,0,0,0,0,0,0,0,0,0,0,0,0,0,0,0,0,0,0,0,0,0,0,0,0,0,0,0,0,0,0,0,0,0,0,0,0,0,0,0,0,0,148092131,0,0,0,352277036,0,0,0,0,0,0,0,34515179,39176530,164663696,100306184192,31744188,0,1,0,0,0,0,0,0,0,0,0,0,0,0,0,0,0,0,0,0,0,0,0,0,0,0,0,0,0,0,0,707044,0,0,0,0,0,0,0
1782296133.346,0,0,0,0,0,0,0,485204056,637969746432,395158015488,0,0,0,0,0,0,0,0,0,0,0,0,0,0,0,0,0,0,0,0,0,0,0,0,0,0,0,0,0,0,0,0,0,0,0,0,0,0,0,0,0,0,0,0,0,0,0,0,0,0,0,0,0,0,0,0,0,0,7,1764684,39035851,16116921,0,0,0,0,0,0,0,0,0,0,0,0,0,0,0,0,0,0,0,0,0,0,0,0,0,0,0,0,0,0,0,0,0,0,0,0,0,12851347456,4342923264,784384,265071,16054503,1952,0,97,786432,38157623,812144,4,2322756005,12884901888,19575,524253403,0,0,0,0,0,0,0,0,0,0,0,0,0,0,0,0,0,0,10043704,109933494,0,468,1202,7661,620,20087742,35,0,0,0,0,0,0,0,1,0,0,0,0,0,0,0,0,0,0,14459941,0,16054113,159840,0,0,0,0,0,0,0,0,16384,0,0,0,0,0,0,0,0,0,0,0,1877,408,0,0,0,0,0,30526416,0,152,0,4,407,1877,0,0,0,0,0,0,0,0,0,0,0,0,0,0,0,0,0,0,0,0,0,0,0,0,0,0,0,0,0,0,0,0,0,0,0,0,0,0,0,0,0,0,0,0,0,0,0,0,0,0,0,0,0,0,148179734,0,0,0,352392379,0,0,0,0,0,0,0,34548224,39239571,164768548,100353584640,31773734,1,0,0,0,0,0,0,0,0,0,0,0,0,0,0,0,0,0,0,0,0,0,0,0,0,0,0,0,0,0,0,673392,0,0,0,0,0,0,0
1782296134.416,0,0,0,0,0,0,0,485383288,639036852736,395486040576,0,0,0,0,0,0,0,0,0,0,0,0,0,0,0,0,0,0,0,0,0,0,0,0,0,0,0,0,0,0,0,0,0,0,0,0,0,0,0,0,0,0,0,0,0,0,0,0,0,0,0,0,0,0,0,0,0,0,7,1764857,39101161,16134021,0,0,0,0,0,0,0,0,0,0,0,0,0,0,0,0,0,0,0,0,0,0,0,0,0,0,0,0,0,0,0,0,0,0,0,0,0,12868681728,4346675200,785442,265300,16071603,891,0,97,786432,38222838,812144,4,2323651120,12884901888,19575,524379435,0,0,0,0,0,0,0,0,0,0,0,0,0,0,0,0,0,0,10048482,109938275,0,468,1202,7661,620,20097302,35,0,0,0,0,0,0,0,1,0,0,0,0,0,0,0,0,0,0,14465319,0,16071213,160031,0,0,0,0,0,0,0,0,16384,0,0,0,0,0,0,0,0,0,0,0,1878,408,0,0,0,0,0,30540972,0,152,0,4,407,1878,0,0,0,0,0,0,0,0,0,0,0,0,0,0,0,0,0,0,0,0,0,0,0,0,0,0,0,0,0,0,0,0,0,0,0,0,0,0,0,0,0,0,0,0,0,0,0,0,0,0,0,0,0,0,148253915,0,0,0,352473203,0,0,0,0,0,0,0,34581785,39304711,164859969,100394506240,31803964,1,0,0,0,0,0,0,0,0,0,0,0,0,0,0,0,0,0,0,0,0,0,0,0,0,0,0,0,0,0,0,678174,0,0,0,0,0,0,0
1782296135.486,0,0,0,0,0,0,0,485559968,640092637696,395816369664,0,0,0,0,0,0,0,0,0,0,0,0,0,0,0,0,0,0,0,0,0,0,0,0,0,0,0,0,0,0,0,0,0,0,0,0,0,0,0,0,0,0,0,0,0,0,0,0,0,0,0,0,0,0,0,0,0,0,7,1765010,39165788,16151265,0,0,0,0,0,0,0,0,0,0,0,0,0,0,0,0,0,0,0,0,0,0,0,0,0,0,0,0,0,0,0,0,0,0,0,0,0,12857720832,4343496704,784773,265106,16088847,1555,0,104,786432,38287351,812144,4,2324534345,12884901888,19575,524504015,0,0,0,0,0,0,0,0,0,0,0,0,0,0,0,0,0,0,10053186,109942979,0,468,1202,7661,620,20106709,35,0,0,0,0,0,0,0,1,0,0,0,0,0,0,0,0,0,0,14470609,0,16088457,160231,0,0,0,0,0,0,0,0,16384,0,0,0,0,0,0,0,0,0,0,0,1879,408,0,0,0,0,0,30555277,0,152,0,4,407,1879,0,0,0,0,0,0,0,0,0,0,0,0,0,0,0,0,0,0,0,0,0,0,0,0,0,0,0,0,0,0,0,0,0,0,0,0,0,0,0,0,0,0,0,0,0,0,0,0,0,0,0,0,0,0,148328150,0,0,0,352552997,0,0,0,0,0,0,0,34614721,39369127,164951576,100435691520,31833381,1,0,0,0,0,0,0,0,0,0,0,0,0,0,0,0,0,0,0,0,0,0,0,0,0,0,0,0,0,0,0,682878,0,0,0,0,0,0,0
1782296136.554,0,0,0,0,0,0,0,485737108,641145702912,396142395392,0,0,0,0,0,0,0,0,0,0,0,0,0,0,0,0,0,0,0,0,0,0,0,0,0,0,0,0,0,0,0,0,0,0,0,0,0,0,0,0,0,0,0,0,0,0,0,0,0,0,0,0,0,0,0,0,0,0,7,1765181,39230245,16168232,0,0,0,0,0,0,0,0,0,0,0,0,0,0,0,0,0,0,0,0,0,0,0,0,0,0,0,0,0,0,0,0,0,0,0,0,0,12856639488,4346331136,784707,265279,16105774,1627,0,99,786432,38351695,812144,4,2325418893,12884901888,19575,524629002,0,0,0,0,0,0,0,0,0,0,0,0,0,0,0,0,0,0,10057900,109947693,0,468,1202,7661,620,20116136,35,0,0,0,0,0,0,0,1,0,0,0,0,0,0,0,0,0,0,14475912,0,16105384,160419,0,0,0,0,0,0,0,0,16384,0,0,0,0,0,0,0,0,0,0,0,1880,408,0,0,0,0,0,30569605,0,152,0,4,407,1880,0,0,0,0,0,0,0,0,0,0,0,0,0,0,0,0,0,0,0,0,0,0,0,0,0,0,0,0,0,0,0,0,0,0,0,0,0,0,0,0,0,0,0,0,0,0,0,0,0,0,0,0,0,0,148402350,0,0,0,352632893,0,0,0,0,0,0,0,34647548,39433390,165042881,100476785152,31862949,1,0,0,0,0,0,0,0,0,0,0,0,0,0,0,0,0,0,0,0,0,0,0,0,0,0,0,0,0,0,0,687591,0,0,0,0,0,0,0
1782296137.623,0,0,0,0,0,0,0,485913157,642191624704,396478431232,0,0,0,0,0,0,0,0,0,0,0,0,0,0,0,0,0,0,0,0,0,0,0,0,0,0,0,0,0,0,0,0,0,0,0,0,0,0,0,0,0,0,0,0,0,0,0,0,0,0,0,0,0,0,0,0,0,0,7,1765358,39294255,16185849,0,0,0,0,0,0,0,0,0,0,0,0,0,0,0,0,0,0,0,0,0,0,0,0,0,0,0,0,0,0,0,0,0,0,0,0,0,12852822016,4333273088,784474,264482,16123431,1861,0,96,786432,38415617,812144,4,2326298979,12884901888,19575,524752623,0,0,0,0,0,0,0,0,0,0,0,0,0,0,0,0,0,0,10062614,109952407,0,468,1202,7661,620,20125560,35,0,0,0,0,0,0,0,1,0,0,0,0,0,0,0,0,0,0,14481215,0,16123041,160606,0,0,0,0,0,0,0,0,16384,0,0,0,0,0,0,0,0,0,0,0,1881,408,0,0,0,0,0,30583925,0,152,0,4,407,1881,0,0,0,0,0,0,0,0,0,0,0,0,0,0,0,0,0,0,0,0,0,0,0,0,0,0,0,0,0,0,0,0,0,0,0,0,0,0,0,0,0,0,0,0,0,0,0,0,0,0,0,0,0,0,148476188,0,0,0,352712371,0,0,0,0,0,0,0,34680371,39497186,165134448,100517393408,31892393,1,0,0,0,0,0,0,0,0,0,0,0,0,0,0,0,0,0,0,0,0,0,0,0,0,0,0,0,0,0,0,692305,0,0,0,0,0,0,0
1782296138.691,0,0,0,0,0,0,0,486089092,643238234624,396805019136,0,0,0,0,0,0,0,0,0,0,0,0,0,0,0,0,0,0,0,0,0,0,0,0,0,0,0,0,0,0,0,0,0,0,0,0,0,0,0,0,0,0,0,0,0,0,0,0,0,0,0,0,0,0,0,0,0,0,7,1765513,39358314,16202933,0,0,0,0,0,0,0,0,0,0,0,0,0,0,0,0,0,0,0,0,0,0,0,0,0,0,0,0,0,0,0,0,0,0,0,0,0,12850823168,4331634688,784352,264382,16140515,1983,0,96,786432,38479583,812144,4,2327176698,12884901888,19575,524876792,0,0,0,0,0,0,0,0,0,0,0,0,0,0,0,0,0,0,10067290,109957083,0,468,1202,7661,620,20134913,35,0,0,0,0,0,0,0,1,0,0,0,0,0,0,0,0,0,0,14486473,0,16140125,160790,0,0,0,0,0,0,0,0,16384,0,0,0,0,0,0,0,0,0,0,0,1882,408,0,0,0,0,0,30598149,0,152,0,4,407,1882,0,0,0,0,0,0,0,0,0,0,0,0,0,0,0,0,0,0,0,0,0,0,0,0,0,0,0,0,0,0,0,0,0,0,0,0,0,0,0,0,0,0,0,0,0,0,0,0,0,0,0,0,0,0,148548914,0,0,0,352791705,0,0,0,0,0,0,0,34712792,39561048,165224385,100557593088,31921508,0,0,0,0,0,0,0,0,0,0,0,0,0,0,0,0,0,0,0,0,0,0,0,0,0,0,0,0,0,0,0,696982,0,0,0,0,0,0,0
1782296139.757,0,0,0,0,0,0,0,486251852,644231252480,397129416704,0,0,0,0,0,0,0,0,0,0,0,0,0,0,0,0,0,0,0,0,0,0,0,0,0,0,0,0,0,0,0,0,0,0,0,0,0,0,0,0,0,0,0,0,0,0,0,0,0,0,0,0,0,0,0,0,0,0,7,1765773,39419078,16219409,0,0,0,0,0,0,0,0,0,0,0,0,0,0,0,0,0,0,0,0,0,0,0,0,0,0,0,0,0,0,0,0,0,0,0,0,0,12853362688,4359503872,784507,266083,16156991,1829,0,96,786432,38540234,812144,4,2328084358,12884901888,19575,525080071,0,0,0,0,0,0,0,0,0,0,0,0,0,0,0,0,0,0,10071844,109961636,0,468,1202,7661,620,20144027,35,0,0,0,0,0,0,0,1,0,0,0,0,0,0,0,0,0,0,14491593,0,16156601,160975,0,0,0,0,0,0,0,0,16384,0,0,0,0,0,0,0,0,0,0,0,1884,408,0,0,0,0,0,30611984,0,152,0,4,407,1884,0,0,0,0,0,0,0,0,0,0,0,0,0,0,0,0,0,0,0,0,0,0,0,0,0,0,0,0,0,0,0,0,0,0,0,0,0,0,0,0,0,0,0,0,0,0,0,0,0,0,0,0,0,0,148634531,0,0,0,352903979,0,0,0,0,0,0,0,34741644,39621645,165326607,100603939840,31947142,1,0,0,0,0,0,0,0,0,0,0,0,0,0,0,0,0,0,0,0,0,0,0,0,0,0,0,0,0,0,0,663134,0,0,0,0,0,0,0
1782296140.826,0,0,0,0,0,0,0,486422528,645245258240,397448655360,0,0,0,0,0,0,0,0,0,0,0,0,0,0,0,0,0,0,0,0,0,0,0,0,0,0,0,0,0,0,0,0,0,0,0,0,0,0,0,0,0,0,0,0,0,0,0,0,0,0,0,0,0,0,0,0,0,0,7,1765968,39481149,16236046,0,0,0,0,0,0,0,0,0,0,0,0,0,0,0,0,0,0,0,0,0,0,0,0,0,0,0,0,0,0,0,0,0,0,0,0,0,12868337664,4359897088,785421,266107,16173628,914,0,97,786432,38602219,812144,4,2328936199,12884901888,19575,525199997,0,0,0,0,0,0,0,0,0,0,0,0,0,0,0,0,0,0,10076392,109966185,0,468,1202,7661,620,20153121,35,0,0,0,0,0,0,0,1,0,0,0,0,0,0,0,0,0,0,14496710,0,16173238,161154,0,0,0,0,0,0,0,0,16384,0,0,0,0,0,0,0,0,0,0,0,1885,408,0,0,0,0,0,30625812,0,152,0,4,407,1885,0,0,0,0,0,0,0,0,0,0,0,0,0,0,0,0,0,0,0,0,0,0,0,0,0,0,0,0,0,0,0,0,0,0,0,0,0,0,0,0,0,0,0,0,0,0,0,0,0,0,0,0,0,0,148706690,0,0,0,352981033,0,0,0,0,0,0,0,34771375,39683541,165415531,100643842560,31973918,1,0,0,0,0,0,0,0,0,0,0,0,0,0,0,0,0,0,0,0,0,0,0,0,0,0,0,0,0,0,0,667684,0,0,0,0,0,0,0
1782296141.893,0,0,0,0,0,0,0,486599354,646304123392,397778831872,0,0,0,0,0,0,0,0,0,0,0,0,0,0,0,0,0,0,0,0,0,0,0,0,0,0,0,0,0,0,0,0,0,0,0,0,0,0,0,0,0,0,0,0,0,0,0,0,0,0,0,0,0,0,0,0,0,0,7,1766181,39545946,16253286,0,0,0,0,0,0,0,0,0,0,0,0,0,0,0,0,0,0,0,0,0,0,0,0,0,0,0,0,0,0,0,0,0,0,0,0,0,12866437120,4361043968,785305,266177,16190868,1029,0,98,786432,38666912,812144,4,2329819338,12884901888,19575,525323663,0,0,0,0,0,0,0,0,0,0,0,0,0,0,0,0,0,0,10081107,109970900,0,468,1202,7661,620,20162550,35,0,0,0,0,0,0,0,1,0,0,0,0,0,0,0,0,0,0,14502014,0,16190478,161346,0,0,0,0,0,0,0,0,16384,0,0,0,0,0,0,0,0,0,0,0,1886,408,0,0,0,0,0,30640157,0,152,0,4,407,1886,0,0,0,0,0,0,0,0,0,0,0,0,0,0,0,0,0,0,0,0,0,0,0,0,0,0,0,0,0,0,0,0,0,0,0,0,0,0,0,0,0,0,0,0,0,0,0,0,0,0,0,0,0,0,148780712,0,0,0,353060915,0,0,0,0,0,0,0,34804336,39748151,165506931,100684549120,32003470,0,0,0,0,0,0,0,0,0,0,0,0,0,0,0,0,0,0,0,0,0,0,0,0,0,0,0,0,0,0,0,672399,0,0,0,0,0,0,0
1782296142.962,0,0,0,0,0,0,0,486777087,647356516864,398108550656,0,0,0,0,0,0,0,0,0,0,0,0,0,0,0,0,0,0,0,0,0,0,0,0,0,0,0,0,0,0,0,0,0,0,0,0,0,0,0,0,0,0,0,0,0,0,0,0,0,0,0,0,0,0,0,0,0,0,7,1766310,39610360,16270480,0,0,0,0,0,0,0,0,0,0,0,0,0,0,0,0,0,0,0,0,0,0,0,0,0,0,0,0,0,0,0,0,0,0,0,0,0,12853968896,4360044544,784544,266116,16207978,1792,0,96,786432,38731222,812144,4,2330707699,12884901888,19575,525448520,0,0,0,0,0,0,0,0,0,0,0,0,0,0,0,0,0,0,10085829,109975620,0,468,1202,7661,620,20171992,35,0,0,0,0,0,0,0,1,0,0,0,0,0,0,0,0,0,0,14507321,0,16207588,161546,0,0,0,0,0,0,0,0,16384,0,0,0,0,0,0,0,0,0,0,0,1887,408,0,0,0,0,0,30654494,0,152,0,4,407,1887,0,0,0,0,0,0,0,0,0,0,0,0,0,0,0,0,0,0,0,0,0,0,0,0,0,0,0,0,0,0,0,0,0,0,0,0,0,0,0,0,0,0,0,0,0,0,0,0,0,0,0,0,0,0,148855137,0,0,0,353141142,0,0,0,0,0,0,0,34837215,39812372,165598714,100725530624,32033027,1,0,0,0,0,0,0,0,0,0,0,0,0,0,0,0,0,0,0,0,0,0,0,0,0,0,0,0,0,0,0,677119,0,0,0,0,0,0,0
1782296144.031,0,0,0,0,0,0,0,486953392,648404453888,398441519104,0,0,0,0,0,0,0,0,0,0,0,0,0,0,0,0,0,0,0,0,0,0,0,0,0,0,0,0,0,0,0,0,0,0,0,0,0,0,0,0,0,0,0,0,0,0,0,0,0,0,0,0,0,0,0,0,0,0,7,1766509,39674505,16287902,0,0,0,0,0,0,0,0,0,0,0,0,0,0,0,0,0,0,0,0,0,0,0,0,0,0,0,0,0,0,0,0,0,0,0,0,0,12850692096,4354310144,784345,265766,16225484,1985,0,99,786432,38795271,812144,4,2331587255,12884901888,19575,525572473,0,0,0,0,0,0,0,0,0,0,0,0,0,0,0,0,0,0,10090528,109980321,0,468,1202,7661,620,20181396,35,0,0,0,0,0,0,0,1,0,0,0,0,0,0,0,0,0,0,14512604,0,16225094,161740,0,0,0,0,0,0,0,0,16384,0,0,0,0,0,0,0,0,0,0,0,1888,408,0,0,0,0,0,30668779,0,152,0,4,407,1888,0,0,0,0,0,0,0,0,0,0,0,0,0,0,0,0,0,0,0,0,0,0,0,0,0,0,0,0,0,0,0,0,0,0,0,0,0,0,0,0,0,0,0,0,0,0,0,0,0,0,0,0,0,0,148928741,0,0,0,353220722,0,0,0,0,0,0,0,34870219,39876306,165689875,100766125568,32062632,1,0,0,0,0,0,0,0,0,0,0,0,0,0,0,0,0,0,0,0,0,0,0,0,0,0,0,0,0,0,0,681817,0,0,0,0,0,0,0
1782296145.100,0,0,0,0,0,0,0,487116973,649384151552,398781205504,0,0,0,0,0,0,0,0,0,0,0,0,0,0,0,0,0,0,0,0,0,0,0,0,0,0,0,0,0,0,0,0,0,0,0,0,0,0,0,0,0,0,0,0,0,0,0,0,0,0,0,0,0,0,0,0,0,0,7,1766654,39734437,16305870,0,0,0,0,0,0,0,0,0,0,0,0,0,0,0,0,0,0,0,0,0,0,0,0,0,0,0,0,0,0,0,0,0,0,0,0,0,12851150848,4319510528,784373,263641,16241476,1964,0,96,786432,38855112,812144,4,2332404385,12884901888,19575,525686127,0,0,0,0,0,0,0,0,0,0,0,0,0,0,0,0,0,0,10094940,109984733,0,468,1202,7661,620,20190219,35,0,0,0,0,0,0,0,1,0,0,0,0,0,0,0,0,0,0,14517570,0,16243083,161945,0,0,0,0,0,0,0,0,16384,0,0,0,0,0,0,0,0,0,0,0,1889,408,0,0,0,0,0,30682198,0,152,0,4,407,1889,0,0,0,0,0,0,0,0,0,0,0,0,0,0,0,0,0,0,0,0,0,0,0,0,0,0,0,0,0,0,0,0,0,0,0,0,0,0,0,0,0,0,0,0,0,0,0,0,0,0,0,0,0,0,148999474,0,0,0,353294654,0,0,0,0,0,0,0,34896162,39936069,165778756,100804718592,32085123,0,0,0,0,0,0,0,0,0,0,0,0,0,0,0,0,0,0,0,0,0,0,0,0,0,0,0,0,0,0,0,686232,0,0,0,0,0,0,0
1782296146.168,0,0,0,0,0,0,0,487281234,650390587904,399147993600,0,0,0,0,0,0,0,0,0,0,0,0,0,0,0,0,0,0,0,0,0,0,0,0,0,0,0,0,0,0,0,0,0,0,0,0,0,0,0,0,0,0,0,0,0,0,0,0,0,0,0,0,0,0,0,0,0,0,7,1766848,39796038,16324952,0,0,0,0,0,0,0,0,0,0,0,0,0,0,0,0,0,0,0,0,0,0,0,0,0,0,0,0,0,0,0,0,0,0,0,0,0,12859637760,4306157568,784890,262827,16262534,1445,0,96,786432,38916635,812144,4,2333317315,12884901888,19575,525888359,0,0,0,0,0,0,0,0,0,0,0,0,0,0,0,0,0,0,10099555,109989349,0,468,1202,7661,620,20199450,35,0,0,0,0,0,0,0,1,0,0,0,0,0,0,0,0,0,0,14522763,0,16262144,162148,0,0,0,0,0,0,0,0,16384,0,0,0,0,0,0,0,0,0,0,0,1890,408,0,0,0,0,0,30696226,0,152,0,4,407,1890,0,0,0,0,0,0,0,0,0,0,0,0,0,0,0,0,0,0,0,0,0,0,0,0,0,0,0,0,0,0,0,0,0,0,0,0,0,0,0,0,0,0,0,0,0,0,0,0,0,0,0,0,0,0,149085860,0,0,0,353407771,0,0,0,0,0,0,0,34928396,39997483,165884335,100851086848,32113792,1,0,0,0,0,0,0,0,0,0,0,0,0,0,0,0,0,0,0,0,0,0,0,0,0,0,0,0,0,0,0,652447,0,0,0,0,0,0,0
1782296147.234,0,0,0,0,0,0,0,487457211,651442653696,399477355008,0,0,0,0,0,0,0,0,0,0,0,0,0,0,0,0,0,0,0,0,0,0,0,0,0,0,0,0,0,0,0,0,0,0,0,0,0,0,0,0,0,0,0,0,0,0,0,0,0,0,0,0,0,0,0,0,0,0,7,1767035,39860417,16342119,0,0,0,0,0,0,0,0,0,0,0,0,0,0,0,0,0,0,0,0,0,0,0,0,0,0,0,0,0,0,0,0,0,0,0,0,0,12859473920,4310908928,784880,263117,16279701,1456,0,97,786432,38980901,812144,4,2334196467,12884901888,19575,526011656,0,0,0,0,0,0,0,0,0,0,0,0,0,0,0,0,0,0,10104242,109994035,0,468,1202,7661,620,20208818,35,0,0,0,0,0,0,0,1,0,0,0,0,0,0,0,0,0,0,14528034,0,16279311,162334,0,0,0,0,0,0,0,0,16384,0,0,0,0,0,0,0,0,0,0,0,1891,408,0,0,0,0,0,30710473,0,152,0,4,407,1891,0,0,0,0,0,0,0,0,0,0,0,0,0,0,0,0,0,0,0,0,0,0,0,0,0,0,0,0,0,0,0,0,0,0,0,0,0,0,0,0,0,0,0,0,0,0,0,0,0,0,0,0,0,0,149160549,0,0,0,353487276,0,0,0,0,0,0,0,34961317,40061687,165976322,100892265472,32143426,0,0,0,0,0,0,0,0,0,0,0,0,0,0,0,0,0,0,0,0,0,0,0,0,0,0,0,0,0,0,0,657134,0,0,0,0,0,0,0
1782296148.300,0,0,0,0,0,0,0,487633179,652491835904,399807614976,0,0,0,0,0,0,0,0,0,0,0,0,0,0,0,0,0,0,0,0,0,0,0,0,0,0,0,0,0,0,0,0,0,0,0,0,0,0,0,0,0,0,0,0,0,0,0,0,0,0,0,0,0,0,0,0,0,0,7,1767217,39924636,16359321,0,0,0,0,0,0,0,0,0,0,0,0,0,0,0,0,0,0,0,0,0,0,0,0,0,0,0,0,0,0,0,0,0,0,0,0,0,12855656448,4312023040,784647,263185,16296903,1689,0,96,786432,39045018,812144,4,2335076292,12884901888,19575,526134405,0,0,0,0,0,0,0,0,0,0,0,0,0,0,0,0,0,0,10108967,109998761,0,468,1202,7661,620,20218273,35,0,0,0,0,0,0,0,1,0,0,0,0,0,0,0,0,0,0,14533351,0,16296513,162531,0,0,0,0,0,0,0,0,16384,0,0,0,0,0,0,0,0,0,0,0,1892,408,0,0,0,0,0,30724822,0,152,0,4,407,1892,0,0,0,0,0,0,0,0,0,0,0,0,0,0,0,0,0,0,0,0,0,0,0,0,0,0,0,0,0,0,0,0,0,0,0,0,0,0,0,0,0,0,0,0,0,0,0,0,0,0,0,0,0,0,149235114,0,0,0,353566862,0,0,0,0,0,0,0,34994314,40125717,166068230,100933624832,32172994,1,0,0,0,0,0,0,0,0,0,0,0,0,0,0,0,0,0,0,0,0,0,0,0,0,0,0,0,0,0,0,661861,0,0,0,0,0,0,0
1782296149.370,0,0,0,0,0,0,0,487810451,653550176768,400140463616,0,0,0,0,0,0,0,0,0,0,0,0,0,0,0,0,0,0,0,0,0,0,0,0,0,0,0,0,0,0,0,0,0,0,0,0,0,0,0,0,0,0,0,0,0,0,0,0,0,0,0,0,0,0,0,0,0,0,7,1767364,39989394,16376610,0,0,0,0,0,0,0,0,0,0,0,0,0,0,0,0,0,0,0,0,0,0,0,0,0,0,0,0,0,0,0,0,0,0,0,0,0,12854870016,4309401600,784599,263025,16314192,1735,0,96,786432,39109677,812144,4,2335960122,12884901888,19575,526258111,0,0,0,0,0,0,0,0,0,0,0,0,0,0,0,0,0,0,10113708,110003502,0,468,1202,7661,620,20227751,35,0,0,0,0,0,0,0,1,0,0,0,0,0,0,0,0,0,0,14538684,0,16313802,162720,0,0,0,0,0,0,0,0,16384,0,0,0,0,0,0,0,0,0,0,0,1893,408,0,0,0,0,0,30739240,0,152,0,4,407,1893,0,0,0,0,0,0,0,0,0,0,0,0,0,0,0,0,0,0,0,0,0,0,0,0,0,0,0,0,0,0,0,0,0,0,0,0,0,0,0,0,0,0,0,0,0,0,0,0,0,0,0,0,0,0,149313029,0,0,0,353646973,0,0,0,0,0,0,0,35028859,40190286,166163558,100976227840,32204167,1,1,0,0,0,0,0,0,0,0,0,0,0,0,0,0,0,0,0,0,0,0,0,0,0,0,0,0,0,0,0,666601,0,0,0,0,0,0,0
1782296150.438,0,0,0,0,0,0,0,487985776,654596114944,400467684864,0,0,0,0,0,0,0,0,0,0,0,0,0,0,0,0,0,0,0,0,0,0,0,0,0,0,0,0,0,0,0,0,0,0,0,0,0,0,0,0,0,0,0,0,0,0,0,0,0,0,0,0,0,0,0,0,0,0,7,1767524,40053417,16393684,0,0,0,0,0,0,0,0,0,0,0,0,0,0,0,0,0,0,0,0,0,0,0,0,0,0,0,0,0,0,0,0,0,0,0,0,0,12871024640,4307730432,785585,262923,16331266,750,0,96,786432,39173607,812144,4,2336835731,12884901888,19575,526379933,0,0,0,0,0,0,0,0,0,0,0,0,0,0,0,0,0,0,10118402,110008195,0,468,1202,7661,620,20237142,35,0,0,0,0,0,0,0,1,0,0,0,0,0,0,0,0,0,0,14543962,0,16330876,162906,0,0,0,0,0,0,0,0,16384,0,0,0,0,0,0,0,0,0,0,0,1894,408,0,0,0,0,0,30753501,0,152,0,4,407,1894,0,0,0,0,0,0,0,0,0,0,0,0,0,0,0,0,0,0,0,0,0,0,0,0,0,0,0,0,0,0,0,0,0,0,0,0,0,0,0,0,0,0,0,0,0,0,0,0,0,0,0,0,0,0,149387292,0,0,0,353726214,0,0,0,0,0,0,0,35062090,40254119,166255040,101016981504,32234081,1,1,0,0,0,0,0,0,0,0,0,0,0,0,0,0,0,0,0,0,0,0,0,0,0,0,0,0,0,0,0,671294,0,0,0,0,0,0,0
1782296151.502,0,0,0,0,0,0,0,488162924,655648786944,400797402624,0,0,0,0,0,0,0,0,0,0,0,0,0,0,0,0,0,0,0,0,0,0,0,0,0,0,0,0,0,0,0,0,0,0,0,0,0,0,0,0,0,0,0,0,0,0,0,0,0,0,0,0,0,0,0,0,0,0,7,1767728,40117868,16410903,0,0,0,0,0,0,0,0,0,0,0,0,0,0,0,0,0,0,0,0,0,0,0,0,0,0,0,0,0,0,0,0,0,0,0,0,0,12871319552,4308058112,785603,262943,16348485,732,0,96,786432,39237964,812144,4,2337720542,12884901888,19575,526504050,0,0,0,0,0,0,0,0,0,0,0,0,0,0,0,0,0,0,10123128,110012922,0,468,1202,7661,620,20246593,35,0,0,0,0,0,0,0,1,0,0,0,0,0,0,0,0,0,0,14549278,0,16348095,163090,0,0,0,0,0,0,0,0,16384,0,0,0,0,0,0,0,0,0,0,0,1895,408,0,0,0,0,0,30767885,0,152,0,4,407,1895,0,0,0,0,0,0,0,0,0,0,0,0,0,0,0,0,0,0,0,0,0,0,0,0,0,0,0,0,0,0,0,0,0,0,0,0,0,0,0,0,0,0,0,0,0,0,0,0,0,0,0,0,0,0,149461432,0,0,0,353806275,0,0,0,0,0,0,0,35095414,40318354,166346527,101057806336,32264029,1,1,0,0,0,0,0,0,0,0,0,0,0,0,0,0,0,0,0,0,0,0,0,0,0,0,0,0,0,0,0,676020,0,0,0,0,0,0,0
1782296152.571,0,0,0,0,0,0,0,488331883,656683780608,401138297344,0,0,0,0,0,0,0,0,0,0,0,0,0,0,0,0,0,0,0,0,0,0,0,0,0,0,0,0,0,0,0,0,0,0,0,0,0,0,0,0,0,0,0,0,0,0,0,0,0,0,0,0,0,0,0,0,0,0,7,1767873,40181229,16428322,0,0,0,0,0,0,0,0,0,0,0,0,0,0,0,0,0,0,0,0,0,0,0,0,0,0,0,0,0,0,0,0,0,0,0,0,0,12849381376,4329275392,784264,264238,16365904,2071,0,97,786432,39301249,812144,4,2338657612,12884901888,19575,526710238,0,0,0,0,0,0,0,0,0,0,0,0,0,0,0,0,0,0,10127858,110017650,0,468,1202,7661,620,20256049,35,0,0,0,0,0,0,0,1,0,0,0,0,0,0,0,0,0,0,14554598,0,16365514,163288,0,0,0,0,0,0,0,0,16384,0,0,0,0,0,0,0,0,0,0,0,1896,408,0,0,0,0,0,30782273,0,152,0,4,407,1896,0,0,0,0,0,0,0,0,0,0,0,0,0,0,0,0,0,0,0,0,0,0,0,0,0,0,0,0,0,0,0,0,0,0,0,0,0,0,0,0,0,0,0,0,0,0,0,0,0,0,0,0,0,0,149548715,0,0,0,353921523,0,0,0,0,0,0,0,35128932,40381515,166451383,101104758272,32294131,0,1,0,0,0,0,0,0,0,0,0,0,0,0,0,0,0,0,0,0,0,0,0,0,0,0,0,0,0,0,0,642350,0,0,0,0,0,0,0
1782296153.643,0,0,0,0,0,0,0,488508773,657735436800,401462579200,0,0,0,0,0,0,0,0,0,0,0,0,0,0,0,0,0,0,0,0,0,0,0,0,0,0,0,0,0,0,0,0,0,0,0,0,0,0,0,0,0,0,0,0,0,0,0,0,0,0,0,0,0,0,0,0,0,0,7,1768039,40245595,16445144,0,0,0,0,0,0,0,0,0,0,0,0,0,0,0,0,0,0,0,0,0,0,0,0,0,0,0,0,0,0,0,0,0,0,0,0,0,12865961984,4336992256,785276,264709,16382726,1053,0,103,786432,39365524,812144,4,2339541723,12884901888,19575,526833863,0,0,0,0,0,0,0,0,0,0,0,0,0,0,0,0,0,0,10132598,110022392,0,468,1202,7661,620,20265534,35,0,0,0,0,0,0,0,1,0,0,0,0,0,0,0,0,0,0,14559932,0,16382336,163479,0,0,0,0,0,0,0,0,16384,0,0,0,0,0,0,0,0,0,0,0,1897,408,0,0,0,0,0,30796698,0,152,0,4,407,1897,0,0,0,0,0,0,0,0,0,0,0,0,0,0,0,0,0,0,0,0,0,0,0,0,0,0,0,0,0,0,0,0,0,0,0,0,0,0,0,0,0,0,0,0,0,0,0,0,0,0,0,0,0,0,149625030,0,0,0,354001466,0,0,0,0,0,0,0,35162874,40445705,166544665,101146582528,32324875,1,0,0,0,0,0,0,0,0,0,0,0,0,0,0,0,0,0,0,0,0,0,0,0,0,0,0,0,0,0,0,647091,0,0,0,0,0,0,0
1782296154.711,0,0,0,0,0,0,0,488683392,658777885184,401790329856,0,0,0,0,0,0,0,0,0,0,0,0,0,0,0,0,0,0,0,0,0,0,0,0,0,0,0,0,0,0,0,0,0,0,0,0,0,0,0,0,0,0,0,0,0,0,0,0,0,0,0,0,0,0,0,0,0,0,7,1768156,40309415,16462244,0,0,0,0,0,0,0,0,0,0,0,0,0,0,0,0,0,0,0,0,0,0,0,0,0,0,0,0,0,0,0,0,0,0,0,0,0,12866158592,4334977024,785288,264586,16399712,1046,0,97,786432,39429241,812144,4,2340412541,12884901888,19575,526955081,0,0,0,0,0,0,0,0,0,0,0,0,0,0,0,0,0,0,10137273,110027067,0,468,1202,7661,620,20274879,35,0,0,0,0,0,0,0,1,0,0,0,0,0,0,0,0,0,0,14565191,0,16399450,163660,0,0,0,0,0,0,0,0,16384,0,0,0,0,0,0,0,0,0,0,0,1898,408,0,0,0,0,0,30810886,0,152,0,4,407,1898,0,0,0,0,0,0,0,0,0,0,0,0,0,0,0,0,0,0,0,0,0,0,0,0,0,0,0,0,0,0,0,0,0,0,0,0,0,0,0,0,0,0,0,0,0,0,0,0,0,0,0,0,0,0,149699740,0,0,0,354080503,0,0,0,0,0,0,0,35195373,40509336,166636618,101187369984,32354165,1,0,0,0,0,0,0,0,0,0,0,0,0,0,0,0,0,0,0,0,0,0,0,0,0,0,0,0,0,0,0,651766,0,0,0,0,0,0,0
1782296155.779,0,0,0,0,0,0,0,488854081,659798952448,402115794432,0,0,0,0,0,0,0,0,0,0,0,0,0,0,0,0,0,0,0,0,0,0,0,0,0,0,0,0,0,0,0,0,0,0,0,0,0,0,0,0,0,0,0,0,0,0,0,0,0,0,0,0,0,0,0,0,0,0,7,1768347,40371890,16479255,0,0,0,0,0,0,0,0,0,0,0,0,0,0,0,0,0,0,0,0,0,0,0,0,0,0,0,0,0,0,0,0,0,0,0,0,0,12858359808,4328177664,784812,264171,16416760,1520,0,99,786432,39491640,812144,4,2341265085,12884901888,19575,527073954,0,0,0,0,0,0,0,0,0,0,0,0,0,0,0,0,0,0,10141839,110031632,0,468,1202,7661,620,20284013,35,0,0,0,0,0,0,0,1,0,0,0,0,0,0,0,0,0,0,14570326,0,16416370,163842,0,0,0,0,0,0,0,0,16384,0,0,0,0,0,0,0,0,0,0,0,1900,408,0,0,0,0,0,30824776,0,152,0,4,407,1900,0,0,0,0,0,0,0,0,0,0,0,0,0,0,0,0,0,0,0,0,0,0,0,0,0,0,0,0,0,0,0,0,0,0,0,0,0,0,0,0,0,0,0,0,0,0,0,0,0,0,0,0,0,0,149773928,0,0,0,354157640,0,0,0,0,0,0,0,35224661,40571639,166727917,101227752448,32380289,0,0,0,0,0,0,0,0,0,0,0,0,0,0,0,0,0,0,0,0,0,0,0,0,0,0,0,0,0,0,0,656331,0,0,0,0,0,0,0
1782296156.846,0,0,0,0,0,0,0,489025459,660822624768,402441582080,0,0,0,0,0,0,0,0,0,0,0,0,0,0,0,0,0,0,0,0,0,0,0,0,0,0,0,0,0,0,0,0,0,0,0,0,0,0,0,0,0,0,0,0,0,0,0,0,0,0,0,0,0,0,0,0,0,0,7,1768485,40434525,16496226,0,0,0,0,0,0,0,0,0,0,0,0,0,0,0,0,0,0,0,0,0,0,0,0,0,0,0,0,0,0,0,0,0,0,0,0,0,12870434816,4321361920,785549,263755,16433808,786,0,96,786432,39554160,812144,4,2342120030,12884901888,19575,527192626,0,0,0,0,0,0,0,0,0,0,0,0,0,0,0,0,0,0,10146434,110036226,0,468,1202,7661,620,20293205,35,0,0,0,0,0,0,0,1,0,0,0,0,0,0,0,0,0,0,14575495,0,16433418,164028,0,0,0,0,0,0,0,0,16384,0,0,0,0,0,0,0,0,0,0,0,1901,408,0,0,0,0,0,30838737,0,152,0,4,407,1901,0,0,0,0,0,0,0,0,0,0,0,0,0,0,0,0,0,0,0,0,0,0,0,0,0,0,0,0,0,0,0,0,0,0,0,0,0,0,0,0,0,0,0,0,0,0,0,0,0,0,0,0,0,0,149848960,0,0,0,354235211,0,0,0,0,0,0,0,35256091,40634102,166820049,101268861952,32408617,1,1,0,0,0,0,0,0,0,0,0,0,0,0,0,0,0,0,0,0,0,0,0,0,0,0,0,0,0,0,0,660926,0,0,0,0,0,0,0
1782296157.915,0,0,0,0,0,0,0,489198318,661859912192,402769264128,0,0,0,0,0,0,0,0,0,0,0,0,0,0,0,0,0,0,0,0,0,0,0,0,0,0,0,0,0,0,0,0,0,0,0,0,0,0,0,0,0,0,0,0,0,0,0,0,0,0,0,0,0,0,0,0,0,0,7,1768639,40498018,16513385,0,0,0,0,0,0,0,0,0,0,0,0,0,0,0,0,0,0,0,0,0,0,0,0,0,0,0,0,0,0,0,0,0,0,0,0,0,12865372160,4315152384,785240,263377,16450906,1093,0,99,786432,39617550,812144,4,2342981980,12884901888,19575,527312470,0,0,0,0,0,0,0,0,0,0,0,0,0,0,0,0,0,0,10151058,110040851,0,468,1202,7661,620,20302451,35,0,0,0,0,0,0,0,1,0,0,0,0,0,0,0,0,0,0,14580698,0,16450516,164210,0,0,0,0,0,0,0,0,16384,0,0,0,0,0,0,0,0,0,0,0,1902,408,0,0,0,0,0,30852799,0,152,0,4,407,1902,0,0,0,0,0,0,0,0,0,0,0,0,0,0,0,0,0,0,0,0,0,0,0,0,0,0,0,0,0,0,0,0,0,0,0,0,0,0,0,0,0,0,0,0,0,0,0,0,0,0,0,0,0,0,149921717,0,0,0,354313420,0,0,0,0,0,0,0,35287814,40697403,166910087,101308828160,32437106,1,0,0,0,0,0,0,0,0,0,0,0,0,0,0,0,0,0,0,0,0,0,0,0,0,0,0,0,0,0,0,665551,0,0,0,0,0,0,0
1782296158.984,0,0,0,0,0,0,0,489364448,662878669312,403099238912,0,0,0,0,0,0,0,0,0,0,0,0,0,0,0,0,0,0,0,0,0,0,0,0,0,0,0,0,0,0,0,0,0,0,0,0,0,0,0,0,0,0,0,0,0,0,0,0,0,0,0,0,0,0,0,0,0,0,7,1768830,40560376,16530205,0,0,0,0,0,0,0,0,0,0,0,0,0,0,0,0,0,0,0,0,0,0,0,0,0,0,0,0,0,0,0,0,0,0,0,0,0,12863422464,4343906304,785121,265131,16467787,1215,0,105,786432,39679802,812144,4,2343907127,12884901888,19575,527515975,0,0,0,0,0,0,0,0,0,0,0,0,0,0,0,0,0,0,10155721,110045515,0,468,1202,7661,620,20311781,35,0,0,0,0,0,0,0,1,0,0,0,0,0,0,0,0,0,0,14585942,0,16467397,164402,0,0,0,0,0,0,0,0,16384,0,0,0,0,0,0,0,0,0,0,0,1903,408,0,0,0,0,0,30866952,0,152,0,4,407,1903,0,0,0,0,0,0,0,0,0,0,0,0,0,0,0,0,0,0,0,0,0,0,0,0,0,0,0,0,0,0,0,0,0,0,0,0,0,0,0,0,0,0,0,0,0,0,0,0,0,0,0,0,0,0,150008346,0,0,0,354427399,0,0,0,0,0,0,0,35319733,40759592,167013643,101355230720,32465687,1,1,0,0,0,0,0,0,0,0,0,0,0,0,0,0,0,0,0,0,0,0,0,0,0,0,0,0,0,0,0,631812,0,0,0,0,0,0,0
1782296160.052,0,0,0,0,0,0,0,489539584,663919643136,403428340736,0,0,0,0,0,0,0,0,0,0,0,0,0,0,0,0,0,0,0,0,0,0,0,0,0,0,0,0,0,0,0,0,0,0,0,0,0,0,0,0,0,0,0,0,0,0,0,0,0,0,0,0,0,0,0,0,0,0,7,1769008,40624088,16547398,0,0,0,0,0,0,0,0,0,0,0,0,0,0,0,0,0,0,0,0,0,0,0,0,0,0,0,0,0,0,0,0,0,0,0,0,0,12858638336,4343906304,784828,265131,16484980,1507,0,97,786432,39743428,812144,4,2344781283,12884901888,19575,527638105,0,0,0,0,0,0,0,0,0,0,0,0,0,0,0,0,0,0,10160387,110050180,0,468,1202,7661,620,20321110,35,0,0,0,0,0,0,0,1,0,0,0,0,0,0,0,0,0,0,14591188,0,16484590,164593,0,0,0,0,0,0,0,0,16384,0,0,0,0,0,0,0,0,0,0,0,1904,408,0,0,0,0,0,30881164,0,152,0,4,407,1904,0,0,0,0,0,0,0,0,0,0,0,0,0,0,0,0,0,0,0,0,0,0,0,0,0,0,0,0,0,0,0,0,0,0,0,0,0,0,0,0,0,0,0,0,0,0,0,0,0,0,0,0,0,0,150082581,0,0,0,354506598,0,0,0,0,0,0,0,35352269,40823099,167105186,101396003328,32494947,1,0,0,0,0,0,0,0,0,0,0,0,0,0,0,0,0,0,0,0,0,0,0,0,0,0,0,0,0,0,0,636477,0,0,0,0,0,0,0
1782296161.121,0,0,0,0,0,0,0,489711169,664941120000,403789183488,0,0,0,0,0,0,0,0,0,0,0,0,0,0,0,0,0,0,0,0,0,0,0,0,0,0,0,0,0,0,0,0,0,0,0,0,0,0,0,0,0,0,0,0,0,0,0,0,0,0,0,0,0,0,0,0,0,0,7,1769173,40686596,16566600,0,0,0,0,0,0,0,0,0,0,0,0,0,0,0,0,0,0,0,0,0,0,0,0,0,0,0,0,0,0,0,0,0,0,0,0,0,12851806208,4307386368,784412,262902,16501625,1924,0,96,786432,39805841,812144,4,2345635747,12884901888,19575,527756851,0,0,0,0,0,0,0,0,0,0,0,0,0,0,0,0,0,0,10164989,110054783,0,468,1202,7661,620,20330314,35,0,0,0,0,0,0,0,1,0,0,0,0,0,0,0,0,0,0,14596368,0,16503539,164808,0,0,0,0,0,0,0,0,16384,0,0,0,0,0,0,0,0,0,0,0,1905,408,0,0,0,0,0,30895161,0,152,0,4,407,1905,0,0,0,0,0,0,0,0,0,0,0,0,0,0,0,0,0,0,0,0,0,0,0,0,0,0,0,0,0,0,0,0,0,0,0,0,0,0,0,0,0,0,0,0,0,0,0,0,0,0,0,0,0,0,150155257,0,0,0,354584236,0,0,0,0,0,0,0,35384538,40885393,167197218,101435764736,32523651,1,0,0,0,0,0,0,0,0,0,0,0,0,0,0,0,0,0,0,0,0,0,0,0,0,0,0,0,0,0,0,641083,0,0,0,0,0,0,0
1782296162.188,0,0,0,0,0,0,0,489874922,665918704128,404118717440,0,0,0,0,0,0,0,0,0,0,0,0,0,0,0,0,0,0,0,0,0,0,0,0,0,0,0,0,0,0,0,0,0,0,0,0,0,0,0,0,0,0,0,0,0,0,0,0,0,0,0,0,0,0,0,0,0,0,7,1769342,40746421,16583946,0,0,0,0,0,0,0,0,0,0,0,0,0,0,0,0,0,0,0,0,0,0,0,0,0,0,0,0,0,0,0,0,0,0,0,0,0,12866093056,4284841984,785283,261526,16521528,1049,0,99,786432,39865562,812144,4,2346452368,12884901888,19575,527870012,0,0,0,0,0,0,0,0,0,0,0,0,0,0,0,0,0,0,10169381,110059176,0,468,1202,7661,620,20339101,35,0,0,0,0,0,0,0,1,0,0,0,0,0,0,0,0,0,0,14601307,0,16521138,164987,0,0,0,0,0,0,0,0,16384,0,0,0,0,0,0,0,0,0,0,0,1906,408,0,0,0,0,0,30908521,0,152,0,4,407,1906,0,0,0,0,0,0,0,0,0,0,0,0,0,0,0,0,0,0,0,0,0,0,0,0,0,0,0,0,0,0,0,0,0,0,0,0,0,0,0,0,0,0,0,0,0,0,0,0,0,0,0,0,0,0,150226660,0,0,0,354658377,0,0,0,0,0,0,0,35410073,40945023,167286082,101474824192,32546231,1,1,0,0,0,0,0,0,0,0,0,0,0,0,0,0,0,0,0,0,0,0,0,0,0,0,0,0,0,0,0,645475,0,0,0,0,0,0,0
1782296163.254,0,0,0,0,0,0,0,490050742,666962479616,404451747328,0,0,0,0,0,0,0,0,0,0,0,0,0,0,0,0,0,0,0,0,0,0,0,0,0,0,0,0,0,0,0,0,0,0,0,0,0,0,0,0,0,0,0,0,0,0,0,0,0,0,0,0,0,0,0,0,0,0,7,1769501,40810305,16601361,0,0,0,0,0,0,0,0,0,0,0,0,0,0,0,0,0,0,0,0,0,0,0,0,0,0,0,0,0,0,0,0,0,0,0,0,0,12855459840,4278419456,784636,261134,16538815,1690,0,104,786432,39929369,812144,4,2347329760,12884901888,19575,527992305,0,0,0,0,0,0,0,0,0,0,0,0,0,0,0,0,0,0,10174079,110063874,0,468,1202,7661,620,20348500,35,0,0,0,0,0,0,0,1,0,0,0,0,0,0,0,0,0,0,14606591,0,16538553,165188,0,0,0,0,0,0,0,0,16384,0,0,0,0,0,0,0,0,0,0,0,1907,408,0,0,0,0,0,30922804,0,152,0,4,407,1907,0,0,0,0,0,0,0,0,0,0,0,0,0,0,0,0,0,0,0,0,0,0,0,0,0,0,0,0,0,0,0,0,0,0,0,0,0,0,0,0,0,0,0,0,0,0,0,0,0,0,0,0,0,0,150300812,0,0,0,354737800,0,0,0,0,0,0,0,35442551,41008707,167377783,101515657216,32575250,0,0,0,0,0,0,0,0,0,0,0,0,0,0,0,0,0,0,0,0,0,0,0,0,0,0,0,0,0,0,0,650172,0,0,0,0,0,0,0
1782296164.324,0,0,0,0,0,0,0,490227138,668014856704,404777602560,0,0,0,0,0,0,0,0,0,0,0,0,0,0,0,0,0,0,0,0,0,0,0,0,0,0,0,0,0,0,0,0,0,0,0,0,0,0,0,0,0,0,0,0,0,0,0,0,0,0,0,0,0,0,0,0,0,0,7,1769655,40874739,16618317,0,0,0,0,0,0,0,0,0,0,0,0,0,0,0,0,0,0,0,0,0,0,0,0,0,0,0,0,0,0,0,0,0,0,0,0,0,12859490304,4280909824,784880,261286,16555899,1455,0,98,786432,39993702,812144,4,2348210147,12884901888,19575,528114743,0,0,0,0,0,0,0,0,0,0,0,0,0,0,0,0,0,0,10178787,110068581,0,468,1202,7661,620,20357909,35,0,0,0,0,0,0,0,1,0,0,0,0,0,0,0,0,0,0,14611887,0,16555509,165379,0,0,0,0,0,0,0,0,16384,0,0,0,0,0,0,0,0,0,0,0,1908,408,0,0,0,0,0,30937105,0,152,0,4,407,1908,0,0,0,0,0,0,0,0,0,0,0,0,0,0,0,0,0,0,0,0,0,0,0,0,0,0,0,0,0,0,0,0,0,0,0,0,0,0,0,0,0,0,0,0,0,0,0,0,0,0,0,0,0,0,150375336,0,0,0,354817700,0,0,0,0,0,0,0,35475536,41072921,167469380,101556799488,32604843,1,0,0,0,0,0,0,0,0,0,0,0,0,0,0,0,0,0,0,0,0,0,0,0,0,0,0,0,0,0,0,654880,0,0,0,0,0,0,0
1782296165.391,0,0,0,0,0,0,0,490396390,669045312000,405108390400,0,0,0,0,0,0,0,0,0,0,0,0,0,0,0,0,0,0,0,0,0,0,0,0,0,0,0,0,0,0,0,0,0,0,0,0,0,0,0,0,0,0,0,0,0,0,0,0,0,0,0,0,0,0,0,0,0,0,7,1769857,40937808,16635069,0,0,0,0,0,0,0,0,0,0,0,0,0,0,0,0,0,0,0,0,0,0,0,0,0,0,0,0,0,0,0,0,0,0,0,0,0,12856475648,4314185728,784697,263317,16572651,1634,0,101,786432,40056695,812144,4,2349152139,12884901888,19575,528323852,0,0,0,0,0,0,0,0,0,0,0,0,0,0,0,0,0,0,10183504,110073299,0,468,1202,7661,620,20367347,35,0,0,0,0,0,0,0,1,0,0,0,0,0,0,0,0,0,0,14617193,0,16572261,165564,0,0,0,0,0,0,0,0,16384,0,0,0,0,0,0,0,0,0,0,0,1909,408,0,0,0,0,0,30951464,0,152,0,4,407,1909,0,0,0,0,0,0,0,0,0,0,0,0,0,0,0,0,0,0,0,0,0,0,0,0,0,0,0,0,0,0,0,0,0,0,0,0,0,0,0,0,0,0,0,0,0,0,0,0,0,0,0,0,0,0,150464260,0,0,0,354933048,0,0,0,0,0,0,0,35508066,41135816,167575167,101604682240,32634231,1,0,0,0,0,0,0,0,0,0,0,0,0,0,0,0,0,0,0,0,0,0,0,0,0,0,0,0,0,0,0,621200,0,0,0,0,0,0,0
1782296166.458,0,0,0,0,0,0,0,490574008,670094887424,405433310208,0,0,0,0,0,0,0,0,0,0,0,0,0,0,0,0,0,0,0,0,0,0,0,0,0,0,0,0,0,0,0,0,0,0,0,0,0,0,0,0,0,0,0,0,0,0,0,0,0,0,0,0,0,0,0,0,0,0,7,1769972,41002048,16651983,0,0,0,0,0,0,0,0,0,0,0,0,0,0,0,0,0,0,0,0,0,0,0,0,0,0,0,0,0,0,0,0,0,0,0,0,0,12851707904,4320034816,784405,263674,16589565,1928,0,97,786432,40120828,812144,4,2350038869,12884901888,19575,528447437,0,0,0,0,0,0,0,0,0,0,0,0,0,0,0,0,0,0,10188229,110078023,0,468,1202,7661,620,20376795,35,0,0,0,0,0,0,0,1,0,0,0,0,0,0,0,0,0,0,14622506,0,16589175,165757,0,0,0,0,0,0,0,0,16384,0,0,0,0,0,0,0,0,0,0,0,1910,408,0,0,0,0,0,30965822,0,152,0,4,407,1910,0,0,0,0,0,0,0,0,0,0,0,0,0,0,0,0,0,0,0,0,0,0,0,0,0,0,0,0,0,0,0,0,0,0,0,0,0,0,0,0,0,0,0,0,0,0,0,0,0,0,0,0,0,0,150538974,0,0,0,355013385,0,0,0,0,0,0,0,35541276,41199862,167666919,101645561856,32664097,1,0,0,0,0,0,0,0,0,0,0,0,0,0,0,0,0,0,0,0,0,0,0,0,0,0,0,0,0,0,0,625923,0,0,0,0,0,0,0
1782296167.527,0,0,0,0,0,0,0,490752101,671150639616,405756641280,0,0,0,0,0,0,0,0,0,0,0,0,0,0,0,0,0,0,0,0,0,0,0,0,0,0,0,0,0,0,0,0,0,0,0,0,0,0,0,0,0,0,0,0,0,0,0,0,0,0,0,0,0,0,0,0,0,0,7,1770122,41066703,16668812,0,0,0,0,0,0,0,0,0,0,0,0,0,0,0,0,0,0,0,0,0,0,0,0,0,0,0,0,0,0,0,0,0,0,0,0,0,12856803328,4324818944,784718,263966,16606280,1619,0,97,786432,40185387,812144,4,2350926430,12884901888,19575,528571529,0,0,0,0,0,0,0,0,0,0,0,0,0,0,0,0,0,0,10192955,110082750,0,468,1202,7661,620,20386249,35,0,0,0,0,0,0,0,1,0,0,0,0,0,0,0,0,0,0,14627824,0,16606018,165947,0,0,0,0,0,0,0,0,16384,0,0,0,0,0,0,0,0,0,0,0,1911,408,0,0,0,0,0,30980200,0,152,0,4,407,1911,0,0,0,0,0,0,0,0,0,0,0,0,0,0,0,0,0,0,0,0,0,0,0,0,0,0,0,0,0,0,0,0,0,0,0,0,0,0,0,0,0,0,0,0,0,0,0,0,0,0,0,0,0,0,150614421,0,0,0,355093847,0,0,0,0,0,0,0,35574594,41264286,167759319,101686624256,32694101,1,1,0,0,0,0,0,0,0,0,0,0,0,0,0,0,0,0,0,0,0,0,0,0,0,0,0,0,0,0,0,630649,0,0,0,0,0,0,0
1782296168.596,0,0,0,0,0,0,0,490927772,672196856320,406083872768,0,0,0,0,0,0,0,0,0,0,0,0,0,0,0,0,0,0,0,0,0,0,0,0,0,0,0,0,0,0,0,0,0,0,0,0,0,0,0,0,0,0,0,0,0,0,0,0,0,0,0,0,0,0,0,0,0,0,7,1770263,41130751,16685859,0,0,0,0,0,0,0,0,0,0,0,0,0,0,0,0,0,0,0,0,0,0,0,0,0,0,0,0,0,0,0,0,0,0,0,0,0,12871286784,4322902016,785601,263849,16623441,728,0,103,786432,40249343,812144,4,2351802034,12884901888,19575,528692583,0,0,0,0,0,0,0,0,0,0,0,0,0,0,0,0,0,0,10197654,110087449,0,468,1202,7661,620,20395648,35,0,0,0,0,0,0,0,1,0,0,0,0,0,0,0,0,0,0,14633109,0,16623051,166130,0,0,0,0,0,0,0,0,16384,0,0,0,0,0,0,0,0,0,0,0,1912,408,0,0,0,0,0,30994477,0,152,0,4,407,1912,0,0,0,0,0,0,0,0,0,0,0,0,0,0,0,0,0,0,0,0,0,0,0,0,0,0,0,0,0,0,0,0,0,0,0,0,0,0,0,0,0,0,0,0,0,0,0,0,0,0,0,0,0,0,150690741,0,0,0,355173389,0,0,0,0,0,0,0,35608370,41328131,167852780,101728001536,32724519,1,0,0,0,0,0,0,0,0,0,0,0,0,0,0,0,0,0,0,0,0,0,0,0,0,0,0,0,0,0,0,635350,0,0,0,0,0,0,0
1782296169.662,0,0,0,0,0,0,0,491102082,673238518272,406412539904,0,0,0,0,0,0,0,0,0,0,0,0,0,0,0,0,0,0,0,0,0,0,0,0,0,0,0,0,0,0,0,0,0,0,0,0,0,0,0,0,0,0,0,0,0,0,0,0,0,0,0,0,0,0,0,0,0,0,7,1770442,41194476,16703041,0,0,0,0,0,0,0,0,0,0,0,0,0,0,0,0,0,0,0,0,0,0,0,0,0,0,0,0,0,0,0,0,0,0,0,0,0,12856819712,4316479488,784718,263457,16640481,1618,0,97,786432,40312971,812144,4,2352670223,12884901888,19575,528812245,0,0,0,0,0,0,0,0,0,0,0,0,0,0,0,0,0,0,10202343,110092137,0,468,1202,7661,620,20405021,35,0,0,0,0,0,0,0,1,0,0,0,0,0,0,0,0,0,0,14638381,0,16640219,166316,0,0,0,0,0,0,0,0,16384,0,0,0,0,0,0,0,0,0,0,0,1913,408,0,0,0,0,0,31008721,0,152,0,4,407,1913,0,0,0,0,0,0,0,0,0,0,0,0,0,0,0,0,0,0,0,0,0,0,0,0,0,0,0,0,0,0,0,0,0,0,0,0,0,0,0,0,0,0,0,0,0,0,0,0,0,0,0,0,0,0,150764748,0,0,0,355252419,0,0,0,0,0,0,0,35640573,41391646,167944069,101768548864,32753469,1,0,0,0,0,0,0,0,0,0,0,0,0,0,0,0,0,0,0,0,0,0,0,0,0,0,0,0,0,0,0,640036,0,0,0,0,0,0,0
1782296170.729,0,0,0,0,0,0,0,491276006,674290158080,406744878080,0,0,0,0,0,0,0,0,0,0,0,0,0,0,0,0,0,0,0,0,0,0,0,0,0,0,0,0,0,0,0,0,0,0,0,0,0,0,0,0,0,0,0,0,0,0,0,0,0,0,0,0,0,0,0,0,0,0,7,1770634,41258856,16720237,0,0,0,0,0,0,0,0,0,0,0,0,0,0,0,0,0,0,0,0,0,0,0,0,0,0,0,0,0,0,0,0,0,0,0,0,0,12862537728,4325703680,785067,264020,16657819,1269,0,96,786432,40377268,812144,4,2353572395,12884901888,19575,528964135,0,0,0,0,0,0,0,0,0,0,0,0,0,0,0,0,0,0,10207076,110096871,0,468,1202,7661,620,20414496,35,0,0,0,0,0,0,0,1,0,0,0,0,0,0,0,0,0,0,14643707,0,16657429,166509,0,0,0,0,0,0,0,0,16384,0,0,0,0,0,0,0,0,0,0,0,1915,408,0,0,0,0,0,31023118,0,152,0,4,407,1915,0,0,0,0,0,0,0,0,0,0,0,0,0,0,0,0,0,0,0,0,0,0,0,0,0,0,0,0,0,0,0,0,0,0,0,0,0,0,0,0,0,0,0,0,0,0,0,0,0,0,0,0,0,0,150845481,0,0,0,355345724,0,0,0,0,0,0,0,35673558,41455849,168042096,101812115968,32782979,1,0,0,0,0,0,0,0,0,0,0,0,0,0,0,0,0,0,0,0,0,0,0,0,0,0,0,0,0,0,0,630479,0,0,0,0,0,0,0
1782296171.793,0,0,0,0,0,0,0,491445438,675321678336,407075402240,0,0,0,0,0,0,0,0,0,0,0,0,0,0,0,0,0,0,0,0,0,0,0,0,0,0,0,0,0,0,0,0,0,0,0,0,0,0,0,0,0,0,0,0,0,0,0,0,0,0,0,0,0,0,0,0,0,0,7,1770836,41321998,16737226,0,0,0,0,0,0,0,0,0,0,0,0,0,0,0,0,0,0,0,0,0,0,0,0,0,0,0,0,0,0,0,0,0,0,0,0,0,12866322432,4342972416,785298,265074,16674808,1036,0,96,786432,40440313,812144,4,2354477424,12884901888,19575,529135929,0,0,0,0,0,0,0,0,0,0,0,0,0,0,0,0,0,0,10211748,110101543,0,468,1202,7661,620,20423834,35,0,0,0,0,0,0,0,1,0,0,0,0,0,0,0,0,0,0,14648965,0,16674418,166696,0,0,0,0,0,0,0,0,16384,0,0,0,0,0,0,0,0,0,0,0,1916,408,0,0,0,0,0,31037328,0,152,0,4,407,1916,0,0,0,0,0,0,0,0,0,0,0,0,0,0,0,0,0,0,0,0,0,0,0,0,0,0,0,0,0,0,0,0,0,0,0,0,0,0,0,0,0,0,0,0,0,0,0,0,0,0,0,0,0,0,150929442,0,0,0,355446791,0,0,0,0,0,0,0,35705135,41518832,168143147,101857076736,32811235,1,1,0,0,0,0,0,0,0,0,0,0,0,0,0,0,0,0,0,0,0,0,0,0,0,0,0,0,0,0,0,611043,0,0,0,0,0,0,0
1782296172.860,0,0,0,0,0,0,0,491618624,676352100864,407397682176,0,0,0,0,0,0,0,0,0,0,0,0,0,0,0,0,0,0,0,0,0,0,0,0,0,0,0,0,0,0,0,0,0,0,0,0,0,0,0,0,0,0,0,0,0,0,0,0,0,0,0,0,0,0,0,0,0,0,7,1770983,41385043,16754039,0,0,0,0,0,0,0,0,0,0,0,0,0,0,0,0,0,0,0,0,0,0,0,0,0,0,0,0,0,0,0,0,0,0,0,0,0,12858769408,4343627776,784837,265114,16691621,1498,0,96,786432,40503256,812144,4,2355339701,12884901888,19575,529255299,0,0,0,0,0,0,0,0,0,0,0,0,0,0,0,0,0,0,10216367,110106164,0,468,1202,7661,620,20433077,35,0,0,0,0,0,0,0,1,0,0,0,0,0,0,0,0,0,0,14654162,0,16691231,166889,0,0,0,0,0,0,0,0,16384,0,0,0,0,0,0,0,0,0,0,0,1917,408,0,0,0,0,0,31051385,0,152,0,4,407,1917,0,0,0,0,0,0,0,0,0,0,0,0,0,0,0,0,0,0,0,0,0,0,0,0,0,0,0,0,0,0,0,0,0,0,0,0,0,0,0,0,0,0,0,0,0,0,0,0,0,0,0,0,0,0,151003678,0,0,0,355525202,0,0,0,0,0,0,0,35735805,41581678,168234332,101897363456,32838602,1,0,0,0,0,0,0,0,0,0,0,0,0,0,0,0,0,0,0,0,0,0,0,0,0,0,0,0,0,0,0,615665,0,0,0,0,0,0,0
1782296173.933,0,0,0,0,0,0,0,491790336,677377886720,407720029184,0,0,0,0,0,0,0,0,0,0,0,0,0,0,0,0,0,0,0,0,0,0,0,0,0,0,0,0,0,0,0,0,0,0,0,0,0,0,0,0,0,0,0,0,0,0,0,0,0,0,0,0,0,0,0,0,0,0,7,1771088,41447817,16770900,0,0,0,0,0,0,0,0,0,0,0,0,0,0,0,0,0,0,0,0,0,0,0,0,0,0,0,0,0,0,0,0,0,0,0,0,0,12858621952,4338958336,784828,264829,16708482,1508,0,96,786432,40565945,812144,4,2356196821,12884901888,19575,529373232,0,0,0,0,0,0,0,0,0,0,0,0,0,0,0,0,0,0,10220965,110110758,0,468,1202,7661,620,20442271,35,0,0,0,0,0,0,0,1,0,0,0,0,0,0,0,0,0,0,14659330,0,16708092,167078,0,0,0,0,0,0,0,0,16384,0,0,0,0,0,0,0,0,0,0,0,1918,408,0,0,0,0,0,31065377,0,152,0,4,407,1918,0,0,0,0,0,0,0,0,0,0,0,0,0,0,0,0,0,0,0,0,0,0,0,0,0,0,0,0,0,0,0,0,0,0,0,0,0,0,0,0,0,0,0,0,0,0,0,0,0,0,0,0,0,0,151077133,0,0,0,355602926,0,0,0,0,0,0,0,35766191,41644252,168324762,101937035264,32865861,1,0,0,0,0,0,0,0,0,0,0,0,0,0,0,0,0,0,0,0,0,0,0,0,0,0,0,0,0,0,0,620259,0,0,0,0,0,0,0
1782296175.002,0,0,0,0,0,0,0,491963779,678408522240,408049810432,0,0,0,0,0,0,0,0,0,0,0,0,0,0,0,0,0,0,0,0,0,0,0,0,0,0,0,0,0,0,0,0,0,0,0,0,0,0,0,0,0,0,0,0,0,0,0,0,0,0,0,0,0,0,0,0,0,0,7,1771200,41510872,16788190,0,0,0,0,0,0,0,0,0,0,0,0,0,0,0,0,0,0,0,0,0,0,0,0,0,0,0,0,0,0,0,0,0,0,0,0,0,12863078400,4332077056,785100,264409,16725772,1234,0,105,786432,40628904,812144,4,2357061847,12884901888,19575,529493532,0,0,0,0,0,0,0,0,0,0,0,0,0,0,0,0,0,0,10225577,110115374,0,468,1202,7661,620,20451505,35,0,0,0,0,0,0,0,1,0,0,0,0,0,0,0,0,0,0,14664520,0,16725382,167265,0,0,0,0,0,0,0,0,16384,0,0,0,0,0,0,0,0,0,0,0,1919,408,0,0,0,0,0,31079397,0,152,0,4,407,1919,0,0,0,0,0,0,0,0,0,0,0,0,0,0,0,0,0,0,0,0,0,0,0,0,0,0,0,0,0,0,0,0,0,0,0,0,0,0,0,0,0,0,0,0,0,0,0,0,0,0,0,0,0,0,151150812,0,0,0,355681470,0,0,0,0,0,0,0,35797363,41707123,168415855,101977114624,32893883,1,0,0,0,0,0,0,0,0,0,0,0,0,0,0,0,0,0,0,0,0,0,0,0,0,0,0,0,0,0,0,624873,0,0,0,0,0,0,0
1782296176.071,0,0,0,0,0,0,0,492140209,679460178432,408382862336,0,0,0,0,0,0,0,0,0,0,0,0,0,0,0,0,0,0,0,0,0,0,0,0,0,0,0,0,0,0,0,0,0,0,0,0,0,0,0,0,0,0,0,0,0,0,0,0,0,0,0,0,0,0,0,0,0,0,7,1771360,41575211,16805569,0,0,0,0,0,0,0,0,0,0,0,0,0,0,0,0,0,0,0,0,0,0,0,0,0,0,0,0,0,0,0,0,0,0,0,0,0,12857556992,4323590144,784763,263892,16742759,1573,0,96,786432,40693147,812144,4,2357942092,12884901888,19575,529615824,0,0,0,0,0,0,0,0,0,0,0,0,0,0,0,0,0,0,10230279,110120077,0,468,1202,7661,620,20460906,35,0,0,0,0,0,0,0,1,0,0,0,0,0,0,0,0,0,0,14669811,0,16742753,167455,0,0,0,0,0,0,0,0,16384,0,0,0,0,0,0,0,0,0,0,0,1920,408,0,0,0,0,0,31093707,0,152,0,4,407,1920,0,0,0,0,0,0,0,0,0,0,0,0,0,0,0,0,0,0,0,0,0,0,0,0,0,0,0,0,0,0,0,0,0,0,0,0,0,0,0,0,0,0,0,0,0,0,0,0,0,0,0,0,0,0,151225519,0,0,0,355761262,0,0,0,0,0,0,0,35830210,41771272,168508105,102017675264,32923402,1,0,0,0,0,0,0,0,0,0,0,0,0,0,0,0,0,0,0,0,0,0,0,0,0,0,0,0,0,0,0,629577,0,0,0,0,0,0,0
1782296177.140,0,0,0,0,0,0,0,492305323,680469367296,408771724288,0,0,0,0,0,0,0,0,0,0,0,0,0,0,0,0,0,0,0,0,0,0,0,0,0,0,0,0,0,0,0,0,0,0,0,0,0,0,0,0,0,0,0,0,0,0,0,0,0,0,0,0,0,0,0,0,0,0,7,1771486,41636982,16825950,0,0,0,0,0,0,0,0,0,0,0,0,0,0,0,0,0,0,0,0,0,0,0,0,0,0,0,0,0,0,0,0,0,0,0,0,0,12850151424,4288610304,784311,261756,16759967,2025,0,96,786432,40754819,812144,4,2358858230,12884901888,19575,529817754,0,0,0,0,0,0,0,0,0,0,0,0,0,0,0,0,0,0,10234894,110124690,0,468,1202,7661,620,20470137,35,0,0,0,0,0,0,0,1,0,0,0,0,0,0,0,0,0,0,14675000,0,16763161,167663,0,0,0,0,0,0,0,0,16384,0,0,0,0,0,0,0,0,0,0,0,1921,408,0,0,0,0,0,31107725,0,152,0,4,407,1921,0,0,0,0,0,0,0,0,0,0,0,0,0,0,0,0,0,0,0,0,0,0,0,0,0,0,0,0,0,0,0,0,0,0,0,0,0,0,0,0,0,0,0,0,0,0,0,0,0,0,0,0,0,0,151314957,0,0,0,355874571,0,0,0,0,0,0,0,35862957,41832878,168618034,102065497600,32952406,0,1,0,0,0,0,0,0,0,0,0,0,0,0,0,0,0,0,0,0,0,0,0,0,0,0,0,0,0,0,0,596069,0,0,0,0,0,0,0
1782296178.204,0,0,0,0,0,0,0,492482593,681526626816,409104962560,0,0,0,0,0,0,0,0,0,0,0,0,0,0,0,0,0,0,0,0,0,0,0,0,0,0,0,0,0,0,0,0,0,0,0,0,0,0,0,0,0,0,0,0,0,0,0,0,0,0,0,0,0,0,0,0,0,0,7,1771684,41701679,16843404,0,0,0,0,0,0,0,0,0,0,0,0,0,0,0,0,0,0,0,0,0,0,0,0,0,0,0,0,0,0,0,0,0,0,0,0,0,12860243968,4287856640,784926,261710,16780885,1400,0,106,786432,40819433,812144,4,2359744255,12884901888,19575,529940666,0,0,0,0,0,0,0,0,0,0,0,0,0,0,0,0,0,0,10239630,110129427,0,468,1202,7661,620,20479605,35,0,0,0,0,0,0,0,1,0,0,0,0,0,0,0,0,0,0,14680326,0,16780623,167859,0,0,0,0,0,0,0,0,16384,0,0,0,0,0,0,0,0,0,0,0,1922,408,0,0,0,0,0,31122111,0,152,0,4,407,1922,0,0,0,0,0,0,0,0,0,0,0,0,0,0,0,0,0,0,0,0,0,0,0,0,0,0,0,0,0,0,0,0,0,0,0,0,0,0,0,0,0,0,0,0,0,0,0,0,0,0,0,0,0,0,151389342,0,0,0,355955154,0,0,0,0,0,0,0,35895933,41897383,168710031,102105971712,32981951,1,0,0,0,0,0,0,0,0,0,0,0,0,0,0,0,0,0,0,0,0,0,0,0,0,0,0,0,0,0,0,600528,0,0,0,0,0,0,0
1782296179.273,0,0,0,0,0,0,0,492655928,682554509824,409425501696,0,0,0,0,0,0,0,0,0,0,0,0,0,0,0,0,0,0,0,0,0,0,0,0,0,0,0,0,0,0,0,0,0,0,0,0,0,0,0,0,0,0,0,0,0,0,0,0,0,0,0,0,0,0,0,0,0,0,7,1771800,41764579,16860178,0,0,0,0,0,0,0,0,0,0,0,0,0,0,0,0,0,0,0,0,0,0,0,0,0,0,0,0,0,0,0,0,0,0,0,0,0,12854312960,4287528960,784565,261690,16797760,1770,0,96,786432,40882238,812144,4,2360608631,12884901888,19575,530059895,0,0,0,0,0,0,0,0,0,0,0,0,0,0,0,0,0,0,10244254,110134052,0,468,1202,7661,620,20488850,35,0,0,0,0,0,0,0,1,0,0,0,0,0,0,0,0,0,0,14685527,0,16797370,168044,0,0,0,0,0,0,0,0,16384,0,0,0,0,0,0,0,0,0,0,0,1923,408,0,0,0,0,0,31136162,0,152,0,4,407,1923,0,0,0,0,0,0,0,0,0,0,0,0,0,0,0,0,0,0,0,0,0,0,0,0,0,0,0,0,0,0,0,0,0,0,0,0,0,0,0,0,0,0,0,0,0,0,0,0,0,0,0,0,0,0,151462113,0,0,0,356033633,0,0,0,0,0,0,0,35927159,41960119,168799704,102145336320,33010025,1,1,0,0,0,0,0,0,0,0,0,0,0,0,0,0,0,0,0,0,0,0,0,0,0,0,0,0,0,0,0,605152,0,0,0,0,0,0,0
1782296180.339,0,0,0,0,0,0,0,492825993,683566090752,409742219776,0,0,0,0,0,0,0,0,0,0,0,0,0,0,0,0,0,0,0,0,0,0,0,0,0,0,0,0,0,0,0,0,0,0,0,0,0,0,0,0,0,0,0,0,0,0,0,0,0,0,0,0,0,0,0,0,0,0,7,1771940,41826497,16876683,0,0,0,0,0,0,0,0,0,0,0,0,0,0,0,0,0,0,0,0,0,0,0,0,0,0,0,0,0,0,0,0,0,0,0,0,0,12852658176,4286087168,784464,261602,16814265,1870,0,98,786432,40944057,812144,4,2361456287,12884901888,19575,530176848,0,0,0,0,0,0,0,0,0,0,0,0,0,0,0,0,0,0,10248794,110138591,0,468,1202,7661,620,20497934,35,0,0,0,0,0,0,0,1,0,0,0,0,0,0,0,0,0,0,14690633,0,16813875,168232,0,0,0,0,0,0,0,0,16384,0,0,0,0,0,0,0,0,0,0,0,1924,408,0,0,0,0,0,31149961,0,152,0,4,407,1924,0,0,0,0,0,0,0,0,0,0,0,0,0,0,0,0,0,0,0,0,0,0,0,0,0,0,0,0,0,0,0,0,0,0,0,0,0,0,0,0,0,0,0,0,0,0,0,0,0,0,0,0,0,0,151535414,0,0,0,356110771,0,0,0,0,0,0,0,35955449,42021824,168889626,102185199104,33035051,1,1,0,0,0,0,0,0,0,0,0,0,0,0,0,0,0,0,0,0,0,0,0,0,0,0,0,0,0,0,0,609689,0,0,0,0,0,0,0
1782296181.406,0,0,0,0,0,0,0,493001885,684615764480,410073480704,0,0,0,0,0,0,0,0,0,0,0,0,0,0,0,0,0,0,0,0,0,0,0,0,0,0,0,0,0,0,0,0,0,0,0,0,0,0,0,0,0,0,0,0,0,0,0,0,0,0,0,0,0,0,0,0,0,0,7,1772090,41890748,16894035,0,0,0,0,0,0,0,0,0,0,0,0,0,0,0,0,0,0,0,0,0,0,0,0,0,0,0,0,0,0,0,0,0,0,0,0,0,12855541760,4279238656,784640,261184,16831617,1694,0,98,786432,41008211,812144,4,2362333071,12884901888,19575,530297205,0,0,0,0,0,0,0,0,0,0,0,0,0,0,0,0,0,0,10253501,110143299,0,468,1202,7661,620,20507345,35,0,0,0,0,0,0,0,1,0,0,0,0,0,0,0,0,0,0,14695925,0,16831227,168424,0,0,0,0,0,0,0,0,16384,0,0,0,0,0,0,0,0,0,0,0,1925,408,0,0,0,0,0,31164304,0,152,0,4,407,1925,0,0,0,0,0,0,0,0,0,0,0,0,0,0,0,0,0,0,0,0,0,0,0,0,0,0,0,0,0,0,0,0,0,0,0,0,0,0,0,0,0,0,0,0,0,0,0,0,0,0,0,0,0,0,151610387,0,0,0,356190524,0,0,0,0,0,0,0,35988003,42085883,168982094,102225577984,33064298,1,1,0,0,0,0,0,0,0,0,0,0,0,0,0,0,0,0,0,0,0,0,0,0,0,0,0,0,0,0,0,614396,0,0,0,0,0,0,0
1782296182.473,0,0,0,0,0,0,0,493179363,685671696896,410396788736,0,0,0,0,0,0,0,0,0,0,0,0,0,0,0,0,0,0,0,0,0,0,0,0,0,0,0,0,0,0,0,0,0,0,0,0,0,0,0,0,0,0,0,0,0,0,0,0,0,0,0,0,0,0,0,0,0,0,7,1772227,41955378,16910860,0,0,0,0,0,0,0,0,0,0,0,0,0,0,0,0,0,0,0,0,0,0,0,0,0,0,0,0,0,0,0,0,0,0,0,0,0,12866863104,4284956672,785331,261533,16848442,1004,0,96,786432,41072740,812144,4,2363217746,12884901888,19575,530420195,0,0,0,0,0,0,0,0,0,0,0,0,0,0,0,0,0,0,10258229,110148026,0,468,1202,7661,620,20516801,35,0,0,0,0,0,0,0,1,0,0,0,0,0,0,0,0,0,0,14701240,0,16848052,168615,0,0,0,0,0,0,0,0,16384,0,0,0,0,0,0,0,0,0,0,0,1926,408,0,0,0,0,0,31178665,0,152,0,4,407,1926,0,0,0,0,0,0,0,0,0,0,0,0,0,0,0,0,0,0,0,0,0,0,0,0,0,0,0,0,0,0,0,0,0,0,0,0,0,0,0,0,0,0,0,0,0,0,0,0,0,0,0,0,0,0,151684962,0,0,0,356270885,0,0,0,0,0,0,0,36020975,42150310,169073630,102266283520,33093971,1,1,0,0,0,0,0,0,0,0,0,0,0,0,0,0,0,0,0,0,0,0,0,0,0,0,0,0,0,0,0,619123,0,0,0,0,0,0,0
1782296183.543,0,0,0,0,0,0,0,493348742,686705216000,410730570240,0,0,0,0,0,0,0,0,0,0,0,0,0,0,0,0,0,0,0,0,0,0,0,0,0,0,0,0,0,0,0,0,0,0,0,0,0,0,0,0,0,0,0,0,0,0,0,0,0,0,0,0,0,0,0,0,0,0,7,1772415,42018608,16927893,0,0,0,0,0,0,0,0,0,0,0,0,0,0,0,0,0,0,0,0,0,0,0,0,0,0,0,0,0,0,0,0,0,0,0,0,0,12863848448,4312973312,785147,263243,16865475,1189,0,96,786432,41135874,812144,4,2364156802,12884901888,19575,530624891,0,0,0,0,0,0,0,0,0,0,0,0,0,0,0,0,0,0,10262976,110152772,0,468,1202,7661,620,20526296,35,0,0,0,0,0,0,0,1,0,0,0,0,0,0,0,0,0,0,14706578,0,16865085,168811,0,0,0,0,0,0,0,0,16384,0,0,0,0,0,0,0,0,0,0,0,1927,408,0,0,0,0,0,31193109,0,152,0,4,407,1927,0,0,0,0,0,0,0,0,0,0,0,0,0,0,0,0,0,0,0,0,0,0,0,0,0,0,0,0,0,0,0,0,0,0,0,0,0,0,0,0,0,0,0,0,0,0,0,0,0,0,0,0,0,0,151771885,0,0,0,356386455,0,0,0,0,0,0,0,36053781,42213358,169177721,102312715776,33123402,1,1,0,0,0,0,0,0,0,0,0,0,0,0,0,0,0,0,0,0,0,0,0,0,0,0,0,0,0,0,0,585472,0,0,0,0,0,0,0
1782296184.611,0,0,0,0,0,0,0,493526509,687761033728,411060363776,0,0,0,0,0,0,0,0,0,0,0,0,0,0,0,0,0,0,0,0,0,0,0,0,0,0,0,0,0,0,0,0,0,0,0,0,0,0,0,0,0,0,0,0,0,0,0,0,0,0,0,0,0,0,0,0,0,0,7,1772584,42083215,16945137,0,0,0,0,0,0,0,0,0,0,0,0,0,0,0,0,0,0,0,0,0,0,0,0,0,0,0,0,0,0,0,0,0,0,0,0,0,12851953664,4312514560,784421,263215,16882695,1915,0,96,786432,41200387,812144,4,2365044020,12884901888,19575,530747369,0,0,0,0,0,0,0,0,0,0,0,0,0,0,0,0,0,0,10267722,110157519,0,468,1202,7661,620,20535791,35,0,0,0,0,0,0,0,1,0,0,0,0,0,0,0,0,0,0,14711918,0,16882305,169008,0,0,0,0,0,0,0,0,16384,0,0,0,0,0,0,0,0,0,0,0,1928,408,0,0,0,0,0,31207565,0,152,0,4,407,1928,0,0,0,0,0,0,0,0,0,0,0,0,0,0,0,0,0,0,0,0,0,0,0,0,0,0,0,0,0,0,0,0,0,0,0,0,0,0,0,0,0,0,0,0,0,0,0,0,0,0,0,0,0,0,151847059,0,0,0,356466929,0,0,0,0,0,0,0,36087488,42277796,169270291,102353364480,33153697,0,1,0,0,0,0,0,0,0,0,0,0,0,0,0,0,0,0,0,0,0,0,0,0,0,0,0,0,0,0,0,590220,0,0,0,0,0,0,0
1782296185.680,0,0,0,0,0,0,0,493705398,688825764352,411390514176,0,0,0,0,0,0,0,0,0,0,0,0,0,0,0,0,0,0,0,0,0,0,0,0,0,0,0,0,0,0,0,0,0,0,0,0,0,0,0,0,0,0,0,0,0,0,0,0,0,0,0,0,0,0,0,0,0,0,7,1772759,42148361,16962416,0,0,0,0,0,0,0,0,0,0,0,0,0,0,0,0,0,0,0,0,0,0,0,0,0,0,0,0,0,0,0,0,0,0,0,0,0,12856311808,4312662016,784687,263224,16899998,1640,0,105,786432,41265439,812144,4,2365934733,12884901888,19575,530870052,0,0,0,0,0,0,0,0,0,0,0,0,0,0,0,0,0,0,10272491,110162289,0,468,1202,7661,620,20545329,35,0,0,0,0,0,0,0,1,0,0,0,0,0,0,0,0,0,0,14717280,0,16899608,169202,0,0,0,0,0,0,0,0,16384,0,0,0,0,0,0,0,0,0,0,0,1929,408,0,0,0,0,0,31222063,0,152,0,4,407,1929,0,0,0,0,0,0,0,0,0,0,0,0,0,0,0,0,0,0,0,0,0,0,0,0,0,0,0,0,0,0,0,0,0,0,0,0,0,0,0,0,0,0,0,0,0,0,0,0,0,0,0,0,0,0,151922301,0,0,0,356548009,0,0,0,0,0,0,0,36120433,42342759,169362939,102394088960,33183227,1,0,0,0,0,0,0,0,0,0,0,0,0,0,0,0,0,0,0,0,0,0,0,0,0,0,0,0,0,0,0,594989,0,0,0,0,0,0,0
1782296186.750,0,0,0,0,0,0,0,493881998,689880582656,411719869440,0,0,0,0,0,0,0,0,0,0,0,0,0,0,0,0,0,0,0,0,0,0,0,0,0,0,0,0,0,0,0,0,0,0,0,0,0,0,0,0,0,0,0,0,0,0,0,0,0,0,0,0,0,0,0,0,0,0,7,1772887,42212895,16979643,0,0,0,0,0,0,0,0,0,0,0,0,0,0,0,0,0,0,0,0,0,0,0,0,0,0,0,0,0,0,0,0,0,0,0,0,0,12861276160,4311875584,784990,263176,16917225,1345,0,97,786432,41329882,812144,4,2366814245,12884901888,19575,530990555,0,0,0,0,0,0,0,0,0,0,0,0,0,0,0,0,0,0,10277216,110167014,0,468,1202,7661,620,20554774,35,0,0,0,0,0,0,0,1,0,0,0,0,0,0,0,0,0,0,14722594,0,16916835,169387,0,0,0,0,0,0,0,0,16384,0,0,0,0,0,0,0,0,0,0,0,1931,408,0,0,0,0,0,31236423,0,152,0,4,407,1931,0,0,0,0,0,0,0,0,0,0,0,0,0,0,0,0,0,0,0,0,0,0,0,0,0,0,0,0,0,0,0,0,0,0,0,0,0,0,0,0,0,0,0,0,0,0,0,0,0,0,0,0,0,0,151997068,0,0,0,356628118,0,0,0,0,0,0,0,36153483,42407092,169455050,102434564096,33212939,0,0,0,0,0,0,0,0,0,0,0,0,0,0,0,0,0,0,0,0,0,0,0,0,0,0,0,0,0,0,0,599714,0,0,0,0,0,0,0
1782296187.818,0,0,0,0,0,0,0,494058552,690930698752,412053339136,0,0,0,0,0,0,0,0,0,0,0,0,0,0,0,0,0,0,0,0,0,0,0,0,0,0,0,0,0,0,0,0,0,0,0,0,0,0,0,0,0,0,0,0,0,0,0,0,0,0,0,0,0,0,0,0,0,0,7,1772984,42277157,16997117,0,0,0,0,0,0,0,0,0,0,0,0,0,0,0,0,0,0,0,0,0,0,0,0,0,0,0,0,0,0,0,0,0,0,0,0,0,12850855936,4303847424,784354,262686,16934699,1982,0,96,786432,41394037,812144,4,2367694382,12884901888,19575,531111975,0,0,0,0,0,0,0,0,0,0,0,0,0,0,0,0,0,0,10281896,110171694,0,468,1202,7661,620,20564137,35,0,0,0,0,0,0,0,1,0,0,0,0,0,0,0,0,0,0,14727856,0,16934309,169585,0,0,0,0,0,0,0,0,16384,0,0,0,0,0,0,0,0,0,0,0,1932,408,0,0,0,0,0,31250656,0,152,0,4,407,1932,0,0,0,0,0,0,0,0,0,0,0,0,0,0,0,0,0,0,0,0,0,0,0,0,0,0,0,0,0,0,0,0,0,0,0,0,0,0,0,0,0,0,0,0,0,0,0,0,0,0,0,0,0,0,152071430,0,0,0,356708154,0,0,0,0,0,0,0,36185966,42471164,169547020,102474961408,33241951,0,1,0,0,0,0,0,0,0,0,0,0,0,0,0,0,0,0,0,0,0,0,0,0,0,0,0,0,0,0,0,604392,0,0,0,0,0,0,0
1782296188.882,0,0,0,0,0,0,0,494234376,691971394048,412370739712,0,0,0,0,0,0,0,0,0,0,0,0,0,0,0,0,0,0,0,0,0,0,0,0,0,0,0,0,0,0,0,0,0,0,0,0,0,0,0,0,0,0,0,0,0,0,0,0,0,0,0,0,0,0,0,0,0,0,7,1773113,42340890,17013626,0,0,0,0,0,0,0,0,0,0,0,0,0,0,0,0,0,0,0,0,0,0,0,0,0,0,0,0,0,0,0,0,0,0,0,0,0,12864700416,4310024192,785198,263063,16951208,1136,0,97,786432,41457671,812144,4,2368571282,12884901888,19575,531232740,0,0,0,0,0,0,0,0,0,0,0,0,0,0,0,0,0,0,10286570,110176366,0,468,1202,7661,620,20573488,35,0,0,0,0,0,0,0,1,0,0,0,0,0,0,0,0,0,0,14733115,0,16950818,169771,0,0,0,0,0,0,0,0,16384,0,0,0,0,0,0,0,0,0,0,0,1933,408,0,0,0,0,0,31264881,0,152,0,4,407,1933,0,0,0,0,0,0,0,0,0,0,0,0,0,0,0,0,0,0,0,0,0,0,0,0,0,0,0,0,0,0,0,0,0,0,0,0,0,0,0,0,0,0,0,0,0,0,0,0,0,0,0,0,0,0,152146169,0,0,0,356787816,0,0,0,0,0,0,0,36217970,42534679,169638397,102515293696,33270743,1,0,0,0,0,0,0,0,0,0,0,0,0,0,0,0,0,0,0,0,0,0,0,0,0,0,0,0,0,0,0,609068,0,0,0,0,0,0,0
1782296189.948,0,0,0,0,0,0,0,494396696,692964821504,412698611200,0,0,0,0,0,0,0,0,0,0,0,0,0,0,0,0,0,0,0,0,0,0,0,0,0,0,0,0,0,0,0,0,0,0,0,0,0,0,0,0,0,0,0,0,0,0,0,0,0,0,0,0,0,0,0,0,0,0,7,1773364,42401678,17030373,0,0,0,0,0,0,0,0,0,0,0,0,0,0,0,0,0,0,0,0,0,0,0,0,0,0,0,0,0,0,0,0,0,0,0,0,0,12863258624,4332699648,785111,264447,16967955,1223,0,97,786432,41518359,812144,4,2369475062,12884901888,19575,531433056,0,0,0,0,0,0,0,0,0,0,0,0,0,0,0,0,0,0,10291128,110180924,0,468,1202,7661,620,20582603,35,0,0,0,0,0,0,0,1,0,0,0,0,0,0,0,0,0,0,14738240,0,16967565,169955,0,0,0,0,0,0,0,0,16384,0,0,0,0,0,0,0,0,0,0,0,1934,408,0,0,0,0,0,31278735,0,152,0,4,407,1934,0,0,0,0,0,0,0,0,0,0,0,0,0,0,0,0,0,0,0,0,0,0,0,0,0,0,0,0,0,0,0,0,0,0,0,0,0,0,0,0,0,0,0,0,0,0,0,0,0,0,0,0,0,0,152232349,0,0,0,356900255,0,0,0,0,0,0,0,36247021,42595324,169741453,102560849408,33296643,0,0,0,0,0,0,0,0,0,0,0,0,0,0,0,0,0,0,0,0,0,0,0,0,0,0,0,0,0,0,0,575225,0,0,0,0,0,0,0
1782296191.017,0,0,0,0,0,0,0,494569917,693989460480,413019510784,0,0,0,0,0,0,0,0,0,0,0,0,0,0,0,0,0,0,0,0,0,0,0,0,0,0,0,0,0,0,0,0,0,0,0,0,0,0,0,0,0,0,0,0,0,0,0,0,0,0,0,0,0,0,0,0,0,0,7,1773582,42464379,17047096,0,0,0,0,0,0,0,0,0,0,0,0,0,0,0,0,0,0,0,0,0,0,0,0,0,0,0,0,0,0,0,0,0,0,0,0,0,12853428224,4337926144,784511,264766,16984550,1824,0,96,786432,41580961,812144,4,2370337827,12884901888,19575,531552278,0,0,0,0,0,0,0,0,0,0,0,0,0,0,0,0,0,0,10295727,110185523,0,468,1202,7661,620,20591801,35,0,0,0,0,0,0,0,1,0,0,0,0,0,0,0,0,0,0,14743413,0,16984288,170142,0,0,0,0,0,0,0,0,16384,0,0,0,0,0,0,0,0,0,0,0,1935,408,0,0,0,0,0,31292729,0,152,0,4,407,1935,0,0,0,0,0,0,0,0,0,0,0,0,0,0,0,0,0,0,0,0,0,0,0,0,0,0,0,0,0,0,0,0,0,0,0,0,0,0,0,0,0,0,0,0,0,0,0,0,0,0,0,0,0,0,152306091,0,0,0,356978728,0,0,0,0,0,0,0,36277767,42657811,169832077,102600943616,33324233,1,0,0,0,0,0,0,0,0,0,0,0,0,0,0,0,0,0,0,0,0,0,0,0,0,0,0,0,0,0,0,579825,0,0,0,0,0,0,0
1782296192.085,0,0,0,0,0,0,0,494744481,695033317888,413363035136,0,0,0,0,0,0,0,0,0,0,0,0,0,0,0,0,0,0,0,0,0,0,0,0,0,0,0,0,0,0,0,0,0,0,0,0,0,0,0,0,0,0,0,0,0,0,0,0,0,0,0,0,0,0,0,0,0,0,7,1773823,42528241,17065228,0,0,0,0,0,0,0,0,0,0,0,0,0,0,0,0,0,0,0,0,0,0,0,0,0,0,0,0,0,0,0,0,0,0,0,0,0,12853116928,4321738752,784492,263778,17002039,1844,0,96,786432,41644733,812144,4,2371208326,12884901888,19575,531671991,0,0,0,0,0,0,0,0,0,0,0,0,0,0,0,0,0,0,10300394,110190190,0,468,1202,7661,620,20601134,35,0,0,0,0,0,0,0,1,0,0,0,0,0,0,0,0,0,0,14748663,0,17002417,170343,0,0,0,0,0,0,0,0,16384,0,0,0,0,0,0,0,0,0,0,0,1936,408,0,0,0,0,0,31306903,0,152,0,4,407,1936,0,0,0,0,0,0,0,0,0,0,0,0,0,0,0,0,0,0,0,0,0,0,0,0,0,0,0,0,0,0,0,0,0,0,0,0,0,0,0,0,0,0,0,0,0,0,0,0,0,0,0,0,0,0,152380124,0,0,0,357057881,0,0,0,0,0,0,0,36310206,42721471,169924381,102640903168,33353313,1,0,0,0,0,0,0,0,0,0,0,0,0,0,0,0,0,0,0,0,0,0,0,0,0,0,0,0,0,0,0,584492,0,0,0,0,0,0,0
1782296193.152,0,0,0,0,0,0,0,494918997,696074684928,413735646720,0,0,0,0,0,0,0,0,0,0,0,0,0,0,0,0,0,0,0,0,0,0,0,0,0,0,0,0,0,0,0,0,0,0,0,0,0,0,0,0,0,0,0,0,0,0,0,0,0,0,0,0,0,0,0,0,0,0,7,1773955,42591968,17085130,0,0,0,0,0,0,0,0,0,0,0,0,0,0,0,0,0,0,0,0,0,0,0,0,0,0,0,0,0,0,0,0,0,0,0,0,0,12856410112,4274044928,784693,260867,17022712,1642,0,96,786432,41708368,812144,4,2372078298,12884901888,19575,531791642,0,0,0,0,0,0,0,0,0,0,0,0,0,0,0,0,0,0,10305053,110194850,0,468,1202,7661,620,20610450,35,0,0,0,0,0,0,0,1,0,0,0,0,0,0,0,0,0,0,14753903,0,17022322,170546,0,0,0,0,0,0,0,0,16384,0,0,0,0,0,0,0,0,0,0,0,1937,408,0,0,0,0,0,31321076,0,152,0,4,407,1937,0,0,0,0,0,0,0,0,0,0,0,0,0,0,0,0,0,0,0,0,0,0,0,0,0,0,0,0,0,0,0,0,0,0,0,0,0,0,0,0,0,0,0,0,0,0,0,0,0,0,0,0,0,0,152454239,0,0,0,357137013,0,0,0,0,0,0,0,36342827,42785006,170018515,102681028096,33382361,0,0,0,0,0,0,0,0,0,0,0,0,0,0,0,0,0,0,0,0,0,0,0,0,0,0,0,0,0,0,0,589152,0,0,0,0,0,0,0
1782296194.219,0,0,0,0,0,0,0,495096011,697128847872,414067433984,0,0,0,0,0,0,0,0,0,0,0,0,0,0,0,0,0,0,0,0,0,0,0,0,0,0,0,0,0,0,0,0,0,0,0,0,0,0,0,0,0,0,0,0,0,0,0,0,0,0,0,0,0,0,0,0,0,0,7,1774106,42656500,17102501,0,0,0,0,0,0,0,0,0,0,0,0,0,0,0,0,0,0,0,0,0,0,0,0,0,0,0,0,0,0,0,0,0,0,0,0,0,12856295424,4270800896,784687,260669,17040063,1648,0,98,786432,41772792,812144,4,2372962047,12884901888,19575,531913110,0,0,0,0,0,0,0,0,0,0,0,0,0,0,0,0,0,0,10309778,110199575,0,468,1202,7661,620,20619906,35,0,0,0,0,0,0,0,1,0,0,0,0,0,0,0,0,0,0,14759218,0,17039702,170745,0,0,0,0,0,0,0,0,16384,0,0,0,0,0,0,0,0,0,0,0,1938,408,0,0,0,0,0,31335448,0,152,0,4,407,1938,0,0,0,0,0,0,0,0,0,0,0,0,0,0,0,0,0,0,0,0,0,0,0,0,0,0,0,0,0,0,0,0,0,0,0,0,0,0,0,0,0,0,0,0,0,0,0,0,0,0,0,0,0,0,152528604,0,0,0,357217281,0,0,0,0,0,0,0,36375843,42849343,170110404,102721350144,33412058,1,0,0,0,0,0,0,0,0,0,0,0,0,0,0,0,0,0,0,0,0,0,0,0,0,0,0,0,0,0,0,593876,0,0,0,0,0,0,0
1782296195.288,0,0,0,0,0,0,0,495273161,698191890944,414391779328,0,0,0,0,0,0,0,0,0,0,0,0,0,0,0,0,0,0,0,0,0,0,0,0,0,0,0,0,0,0,0,0,0,0,0,0,0,0,0,0,0,0,0,0,0,0,0,0,0,0,0,0,0,0,0,0,0,0,7,1774260,42721546,17119357,0,0,0,0,0,0,0,0,0,0,0,0,0,0,0,0,0,0,0,0,0,0,0,0,0,0,0,0,0,0,0,0,0,0,0,0,0,12857163776,4279631872,784737,261208,17056939,1594,0,98,786432,41837727,812144,4,2373860211,12884901888,19575,532050353,0,0,0,0,0,0,0,0,0,0,0,0,0,0,0,0,0,0,10314490,110204285,0,468,1202,7661,620,20629328,35,0,0,0,0,0,0,0,1,0,0,0,0,0,0,0,0,0,0,14764517,0,17056549,170934,0,0,0,0,0,0,0,0,16384,0,0,0,0,0,0,0,0,0,0,0,1939,408,0,0,0,0,0,31349779,0,152,0,4,407,1939,0,0,0,0,0,0,0,0,0,0,0,0,0,0,0,0,0,0,0,0,0,0,0,0,0,0,0,0,0,0,0,0,0,0,0,0,0,0,0,0,0,0,0,0,0,0,0,0,0,0,0,0,0,0,152605551,0,0,0,357303849,0,0,0,0,0,0,0,36409088,42914201,170204321,102762741248,33442042,1,1,0,0,0,0,0,0,0,0,0,0,0,0,0,0,0,0,0,0,0,0,0,0,0,0,0,0,0,0,0,592256,0,0,0,0,0,0,0
1782296196.355,0,0,0,0,0,0,0,495439009,699199244800,414724693504,0,0,0,0,0,0,0,0,0,0,0,0,0,0,0,0,0,0,0,0,0,0,0,0,0,0,0,0,0,0,0,0,0,0,0,0,0,0,0,0,0,0,0,0,0,0,0,0,0,0,0,0,0,0,0,0,0,0,7,1774500,42783186,17136391,0,0,0,0,0,0,0,0,0,0,0,0,0,0,0,0,0,0,0,0,0,0,0,0,0,0,0,0,0,0,0,0,0,0,0,0,0,12860325888,4295081984,784932,262151,17073781,1403,0,97,786432,41899263,812144,4,2374768126,12884901888,19575,532240142,0,0,0,0,0,0,0,0,0,0,0,0,0,0,0,0,0,0,10319077,110208874,0,468,1202,7661,620,20638499,35,0,0,0,0,0,0,0,1,0,0,0,0,0,0,0,0,0,0,14769678,0,17073519,171119,0,0,0,0,0,0,0,0,16384,0,0,0,0,0,0,0,0,0,0,0,1940,408,0,0,0,0,0,31363770,0,152,0,4,407,1940,0,0,0,0,0,0,0,0,0,0,0,0,0,0,0,0,0,0,0,0,0,0,0,0,0,0,0,0,0,0,0,0,0,0,0,0,0,0,0,0,0,0,0,0,0,0,0,0,0,0,0,0,0,0,152690059,0,0,0,357411457,0,0,0,0,0,0,0,36438776,42975656,170306039,102808340992,33468782,1,0,0,0,0,0,0,0,0,0,0,0,0,0,0,0,0,0,0,0,0,0,0,0,0,0,0,0,0,0,0,564775,0,0,0,0,0,0,0
1782296197.424,0,0,0,0,0,0,0,495610497,700221868544,415041490432,0,0,0,0,0,0,0,0,0,0,0,0,0,0,0,0,0,0,0,0,0,0,0,0,0,0,0,0,0,0,0,0,0,0,0,0,0,0,0,0,0,0,0,0,0,0,0,0,0,0,0,0,0,0,0,0,0,0,7,1774711,42845756,17152895,0,0,0,0,0,0,0,0,0,0,0,0,0,0,0,0,0,0,0,0,0,0,0,0,0,0,0,0,0,0,0,0,0,0,0,0,0,12860866560,4297424896,784965,262294,17090349,1371,0,97,786432,41961748,812144,4,2375624229,12884901888,19575,532357571,0,0,0,0,0,0,0,0,0,0,0,0,0,0,0,0,0,0,10323674,110213471,0,468,1202,7661,620,20647692,35,0,0,0,0,0,0,0,1,0,0,0,0,0,0,0,0,0,0,14774849,0,17090087,171300,0,0,0,0,0,0,0,0,16384,0,0,0,0,0,0,0,0,0,0,0,1941,408,0,0,0,0,0,31377743,0,152,0,4,407,1941,0,0,0,0,0,0,0,0,0,0,0,0,0,0,0,0,0,0,0,0,0,0,0,0,0,0,0,0,0,0,0,0,0,0,0,0,0,0,0,0,0,0,0,0,0,0,0,0,0,0,0,0,0,0,152763460,0,0,0,357489251,0,0,0,0,0,0,0,36468215,43038053,170396066,102848321024,33494919,1,1,0,0,0,0,0,0,0,0,0,0,0,0,0,0,0,0,0,0,0,0,0,0,0,0,0,0,0,0,0,569372,0,0,0,0,0,0,0
1782296198.491,0,0,0,0,0,0,0,495786385,701273360896,415366952960,0,0,0,0,0,0,0,0,0,0,0,0,0,0,0,0,0,0,0,0,0,0,0,0,0,0,0,0,0,0,0,0,0,0,0,0,0,0,0,0,0,0,0,0,0,0,0,0,0,0,0,0,0,0,0,0,0,0,7,1774863,42910104,17169924,0,0,0,0,0,0,0,0,0,0,0,0,0,0,0,0,0,0,0,0,0,0,0,0,0,0,0,0,0,0,0,0,0,0,0,0,0,12865716224,4297080832,785261,262273,17107506,1074,0,97,786432,42026003,812144,4,2376499577,12884901888,19575,532476652,0,0,0,0,0,0,0,0,0,0,0,0,0,0,0,0,0,0,10328396,110218192,0,468,1202,7661,620,20657136,35,0,0,0,0,0,0,0,1,0,0,0,0,0,0,0,0,0,0,14780160,0,17107116,171490,0,0,0,0,0,0,0,0,16384,0,0,0,0,0,0,0,0,0,0,0,1942,408,0,0,0,0,0,31392109,0,152,0,4,407,1942,0,0,0,0,0,0,0,0,0,0,0,0,0,0,0,0,0,0,0,0,0,0,0,0,0,0,0,0,0,0,0,0,0,0,0,0,0,0,0,0,0,0,0,0,0,0,0,0,0,0,0,0,0,0,152837310,0,0,0,357569179,0,0,0,0,0,0,0,36501159,43102183,170487103,102888173568,33524503,0,0,0,0,0,0,0,0,0,0,0,0,0,0,0,0,0,0,0,0,0,0,0,0,0,0,0,0,0,0,0,574095,0,0,0,0,0,0,0
1782296199.558,0,0,0,0,0,0,0,495964643,702336027136,415701757440,0,0,0,0,0,0,0,0,0,0,0,0,0,0,0,0,0,0,0,0,0,0,0,0,0,0,0,0,0,0,0,0,0,0,0,0,0,0,0,0,0,0,0,0,0,0,0,0,0,0,0,0,0,0,0,0,0,0,7,1774980,42975130,17187445,0,0,0,0,0,0,0,0,0,0,0,0,0,0,0,0,0,0,0,0,0,0,0,0,0,0,0,0,0,0,0,0,0,0,0,0,0,12859293696,4291870720,784869,261955,17124998,1461,0,103,786432,42090916,812144,4,2377389630,12884901888,19575,532599548,0,0,0,0,0,0,0,0,0,0,0,0,0,0,0,0,0,0,10333121,110222918,0,468,1202,7661,620,20666587,35,0,0,0,0,0,0,0,1,0,0,0,0,0,0,0,0,0,0,14785475,0,17124608,171687,0,0,0,0,0,0,0,0,16384,0,0,0,0,0,0,0,0,0,0,0,1943,408,0,0,0,0,0,31406486,0,152,0,4,407,1943,0,0,0,0,0,0,0,0,0,0,0,0,0,0,0,0,0,0,0,0,0,0,0,0,0,0,0,0,0,0,0,0,0,0,0,0,0,0,0,0,0,0,0,0,0,0,0,0,0,0,0,0,0,0,152912691,0,0,0,357649979,0,0,0,0,0,0,0,36534155,43167030,170580146,102929156608,33554041,1,0,0,0,0,0,0,0,0,0,0,0,0,0,0,0,0,0,0,0,0,0,0,0,0,0,0,0,0,0,0,578819,0,0,0,0,0,0,0
1782296200.624,0,0,0,0,0,0,0,496142844,703392614912,416027675136,0,0,0,0,0,0,0,0,0,0,0,0,0,0,0,0,0,0,0,0,0,0,0,0,0,0,0,0,0,0,0,0,0,0,0,0,0,0,0,0,0,0,0,0,0,0,0,0,0,0,0,0,0,0,0,0,0,0,7,1775127,43039823,17204490,0,0,0,0,0,0,0,0,0,0,0,0,0,0,0,0,0,0,0,0,0,0,0,0,0,0,0,0,0,0,0,0,0,0,0,0,0,12852805632,4292116480,784473,261970,17142072,1862,0,96,786432,42155505,812144,4,2378276349,12884901888,19575,532720987,0,0,0,0,0,0,0,0,0,0,0,0,0,0,0,0,0,0,10337873,110227669,0,468,1202,7661,620,20676089,35,0,0,0,0,0,0,0,1,0,0,0,0,0,0,0,0,0,0,14790819,0,17141682,171884,0,0,0,0,0,0,0,0,16384,0,0,0,0,0,0,0,0,0,0,0,1944,408,0,0,0,0,0,31420931,0,152,0,4,407,1944,0,0,0,0,0,0,0,0,0,0,0,0,0,0,0,0,0,0,0,0,0,0,0,0,0,0,0,0,0,0,0,0,0,0,0,0,0,0,0,0,0,0,0,0,0,0,0,0,0,0,0,0,0,0,152987333,0,0,0,357730800,0,0,0,0,0,0,0,36567286,43231513,170671948,102969349120,33583818,0,0,0,0,0,0,0,0,0,0,0,0,0,0,0,0,0,0,0,0,0,0,0,0,0,0,0,0,0,0,0,583572,0,0,0,0,0,0,0
1782296201.690,0,0,0,0,0,0,0,496311572,704426985984,416356729344,0,0,0,0,0,0,0,0,0,0,0,0,0,0,0,0,0,0,0,0,0,0,0,0,0,0,0,0,0,0,0,0,0,0,0,0,0,0,0,0,0,0,0,0,0,0,0,0,0,0,0,0,0,0,0,0,0,0,7,1775289,43103122,17221323,0,0,0,0,0,0,0,0,0,0,0,0,0,0,0,0,0,0,0,0,0,0,0,0,0,0,0,0,0,0,0,0,0,0,0,0,0,12856541184,4322459648,784702,263822,17158713,1634,0,96,786432,42218701,812144,4,2379210739,12884901888,19575,532923608,0,0,0,0,0,0,0,0,0,0,0,0,0,0,0,0,0,0,10342610,110232407,0,468,1202,7661,620,20685565,35,0,0,0,0,0,0,0,1,0,0,0,0,0,0,0,0,0,0,14796149,0,17158451,172070,0,0,0,0,0,0,0,0,16384,0,0,0,0,0,0,0,0,0,0,0,1945,408,0,0,0,0,0,31435330,0,152,0,4,407,1945,0,0,0,0,0,0,0,0,0,0,0,0,0,0,0,0,0,0,0,0,0,0,0,0,0,0,0,0,0,0,0,0,0,0,0,0,0,0,0,0,0,0,0,0,0,0,0,0,0,0,0,0,0,0,153072167,0,0,0,357846245,0,0,0,0,0,0,0,36599694,43294625,170773756,103014455808,33613002,1,0,0,0,0,0,0,0,0,0,0,0,0,0,0,0,0,0,0,0,0,0,0,0,0,0,0,0,0,0,0,549910,0,0,0,0,0,0,0
1782296202.758,0,0,0,0,0,0,0,496487963,705477495296,416686397952,0,0,0,0,0,0,0,0,0,0,0,0,0,0,0,0,0,0,0,0,0,0,0,0,0,0,0,0,0,0,0,0,0,0,0,0,0,0,0,0,0,0,0,0,0,0,0,0,0,0,0,0,0,0,0,0,0,0,7,1775439,43167436,17238620,0,0,0,0,0,0,0,0,0,0,0,0,0,0,0,0,0,0,0,0,0,0,0,0,0,0,0,0,0,0,0,0,0,0,0,0,0,12861046784,4317315072,784977,263508,17176202,1351,0,101,786432,42282921,812144,4,2380091169,12884901888,19575,533044017,0,0,0,0,0,0,0,0,0,0,0,0,0,0,0,0,0,0,10347324,110237118,0,468,1202,7661,620,20694997,35,0,0,0,0,0,0,0,1,0,0,0,0,0,0,0,0,0,0,14801449,0,17175812,172263,0,0,0,0,0,0,0,0,16384,0,0,0,0,0,0,0,0,0,0,0,1947,408,0,0,0,0,0,31449654,0,152,0,4,407,1947,0,0,0,0,0,0,0,0,0,0,0,0,0,0,0,0,0,0,0,0,0,0,0,0,0,0,0,0,0,0,0,0,0,0,0,0,0,0,0,0,0,0,0,0,0,0,0,0,0,0,0,0,0,0,153146208,0,0,0,357926215,0,0,0,0,0,0,0,36632482,43358741,170865205,103054339584,33642383,1,1,0,0,0,0,0,0,0,0,0,0,0,0,0,0,0,0,0,0,0,0,0,0,0,0,0,0,0,0,0,554621,0,0,0,0,0,0,0
1782296203.823,0,0,0,0,0,0,0,496665057,706534935040,417014956032,0,0,0,0,0,0,0,0,0,0,0,0,0,0,0,0,0,0,0,0,0,0,0,0,0,0,0,0,0,0,0,0,0,0,0,0,0,0,0,0,0,0,0,0,0,0,0,0,0,0,0,0,0,0,0,0,0,0,7,1775542,43232150,17255816,0,0,0,0,0,0,0,0,0,0,0,0,0,0,0,0,0,0,0,0,0,0,0,0,0,0,0,0,0,0,0,0,0,0,0,0,0,12853231616,4316004352,784499,263428,17193398,1836,0,96,786432,42347545,812144,4,2380972997,12884901888,19575,533165181,0,0,0,0,0,0,0,0,0,0,0,0,0,0,0,0,0,0,10352045,110241842,0,468,1202,7661,620,20704434,35,0,0,0,0,0,0,0,1,0,0,0,0,0,0,0,0,0,0,14806763,0,17193008,172462,0,0,0,0,0,0,0,0,16384,0,0,0,0,0,0,0,0,0,0,0,1948,408,0,0,0,0,0,31464003,0,152,0,4,407,1948,0,0,0,0,0,0,0,0,0,0,0,0,0,0,0,0,0,0,0,0,0,0,0,0,0,0,0,0,0,0,0,0,0,0,0,0,0,0,0,0,0,0,0,0,0,0,0,0,0,0,0,0,0,0,153221166,0,0,0,358006617,0,0,0,0,0,0,0,36665302,43423258,170957500,103094886400,33671776,1,0,0,0,0,0,0,0,0,0,0,0,0,0,0,0,0,0,0,0,0,0,0,0,0,0,0,0,0,0,0,559345,0,0,0,0,0,0,0
1782296204.891,0,0,0,0,0,0,0,496842077,707584428544,417339067392,0,0,0,0,0,0,0,0,0,0,0,0,0,0,0,0,0,0,0,0,0,0,0,0,0,0,0,0,0,0,0,0,0,0,0,0,0,0,0,0,0,0,0,0,0,0,0,0,0,0,0,0,0,0,0,0,0,0,7,1775698,43296399,17272754,0,0,0,0,0,0,0,0,0,0,0,0,0,0,0,0,0,0,0,0,0,0,0,0,0,0,0,0,0,0,0,0,0,0,0,0,0,12859686912,4319887360,784893,263665,17210230,1434,0,107,786432,42411704,812144,4,2381854209,12884901888,19575,533285703,0,0,0,0,0,0,0,0,0,0,0,0,0,0,0,0,0,0,10356796,110246593,0,468,1202,7661,620,20713933,35,0,0,0,0,0,0,0,1,0,0,0,0,0,0,0,0,0,0,14812107,0,17209968,172646,0,0,0,0,0,0,0,0,16384,0,0,0,0,0,0,0,0,0,0,0,1949,408,0,0,0,0,0,31478436,0,152,0,4,407,1949,0,0,0,0,0,0,0,0,0,0,0,0,0,0,0,0,0,0,0,0,0,0,0,0,0,0,0,0,0,0,0,0,0,0,0,0,0,0,0,0,0,0,0,0,0,0,0,0,0,0,0,0,0,0,153296326,0,0,0,358086953,0,0,0,0,0,0,0,36698466,43487311,171049719,103135354880,33701777,0,0,0,0,0,0,0,0,0,0,0,0,0,0,0,0,0,0,0,0,0,0,0,0,0,0,0,0,0,0,0,564096,0,0,0,0,0,0,0
1782296205.961,0,0,0,0,0,0,0,497015143,708618258944,417667302912,0,0,0,0,0,0,0,0,0,0,0,0,0,0,0,0,0,0,0,0,0,0,0,0,0,0,0,0,0,0,0,0,0,0,0,0,0,0,0,0,0,0,0,0,0,0,0,0,0,0,0,0,0,0,0,0,0,0,7,1775786,43359653,17289988,0,0,0,0,0,0,0,0,0,0,0,0,0,0,0,0,0,0,0,0,0,0,0,0,0,0,0,0,0,0,0,0,0,0,0,0,0,12863029248,4310138880,785097,263070,17227570,1238,0,96,786432,42474872,812144,4,2382717072,12884901888,19575,533403306,0,0,0,0,0,0,0,0,0,0,0,0,0,0,0,0,0,0,10361430,110251226,0,468,1202,7661,620,20723205,35,0,0,0,0,0,0,0,1,0,0,0,0,0,0,0,0,0,0,14817318,0,17227180,172845,0,0,0,0,0,0,0,0,16384,0,0,0,0,0,0,0,0,0,0,0,1950,408,0,0,0,0,0,31492489,0,152,0,4,407,1950,0,0,0,0,0,0,0,0,0,0,0,0,0,0,0,0,0,0,0,0,0,0,0,0,0,0,0,0,0,0,0,0,0,0,0,0,0,0,0,0,0,0,0,0,0,0,0,0,0,0,0,0,0,0,153370009,0,0,0,358165586,0,0,0,0,0,0,0,36729333,43550361,171140736,103175077376,33729141,1,0,0,0,0,0,0,0,0,0,0,0,0,0,0,0,0,0,0,0,0,0,0,0,0,0,0,0,0,0,0,568728,0,0,0,0,0,0,0
1782296207.031,0,0,0,0,0,0,0,497188334,709650795008,417986176000,0,0,0,0,0,0,0,0,0,0,0,0,0,0,0,0,0,0,0,0,0,0,0,0,0,0,0,0,0,0,0,0,0,0,0,0,0,0,0,0,0,0,0,0,0,0,0,0,0,0,0,0,0,0,0,0,0,0,7,1775945,43422844,17306650,0,0,0,0,0,0,0,0,0,0,0,0,0,0,0,0,0,0,0,0,0,0,0,0,0,0,0,0,0,0,0,0,0,0,0,0,0,12856672256,4311924736,784709,263179,17244232,1626,0,96,786432,42537985,812144,4,2383580068,12884901888,19575,533521754,0,0,0,0,0,0,0,0,0,0,0,0,0,0,0,0,0,0,10366046,110255841,0,468,1202,7661,620,20732435,35,0,0,0,0,0,0,0,1,0,0,0,0,0,0,0,0,0,0,14822506,0,17243842,173037,0,0,0,0,0,0,0,0,16384,0,0,0,0,0,0,0,0,0,0,0,1951,408,0,0,0,0,0,31506517,0,152,0,4,407,1951,0,0,0,0,0,0,0,0,0,0,0,0,0,0,0,0,0,0,0,0,0,0,0,0,0,0,0,0,0,0,0,0,0,0,0,0,0,0,0,0,0,0,0,0,0,0,0,0,0,0,0,0,0,0,153443747,0,0,0,358244094,0,0,0,0,0,0,0,36759384,43613365,171231266,103214617600,33756066,0,1,0,0,0,0,0,0,0,0,0,0,0,0,0,0,0,0,0,0,0,0,0,0,0,0,0,0,0,0,0,573343,0,0,0,0,0,0,0
1782296208.099,0,0,0,0,0,0,0,497351652,710647826944,418338741248,0,0,0,0,0,0,0,0,0,0,0,0,0,0,0,0,0,0,0,0,0,0,0,0,0,0,0,0,0,0,0,0,0,0,0,0,0,0,0,0,0,0,0,0,0,0,0,0,0,0,0,0,0,0,0,0,0,0,7,1776140,43483860,17324947,0,0,0,0,0,0,0,0,0,0,0,0,0,0,0,0,0,0,0,0,0,0,0,0,0,0,0,0,0,0,0,0,0,0,0,0,0,12852494336,4311695360,784454,263165,17261044,1881,0,96,786432,42598921,812144,4,2384487961,12884901888,19575,533721685,0,0,0,0,0,0,0,0,0,0,0,0,0,0,0,0,0,0,10370637,110260434,0,468,1202,7661,620,20741614,35,0,0,0,0,0,0,0,1,0,0,0,0,0,0,0,0,0,0,14827671,0,17262062,173223,0,0,0,0,0,0,0,0,16384,0,0,0,0,0,0,0,0,0,0,0,1952,408,0,0,0,0,0,31520490,0,152,0,4,407,1952,0,0,0,0,0,0,0,0,0,0,0,0,0,0,0,0,0,0,0,0,0,0,0,0,0,0,0,0,0,0,0,0,0,0,0,0,0,0,0,0,0,0,0,0,0,0,0,0,0,0,0,0,0,0,153527909,0,0,0,358356975,0,0,0,0,0,0,0,36789211,43674217,171333865,103259309056,33782787,1,0,0,0,0,0,0,0,0,0,0,0,0,0,0,0,0,0,0,0,0,0,0,0,0,0,0,0,0,0,0,539535,0,0,0,0,0,0,0
1782296209.166,0,0,0,0,0,0,0,497526000,711685261824,418700022272,0,0,0,0,0,0,0,0,0,0,0,0,0,0,0,0,0,0,0,0,0,0,0,0,0,0,0,0,0,0,0,0,0,0,0,0,0,0,0,0,0,0,0,0,0,0,0,0,0,0,0,0,0,0,0,0,0,0,7,1776325,43547358,17344198,0,0,0,0,0,0,0,0,0,0,0,0,0,0,0,0,0,0,0,0,0,0,0,0,0,0,0,0,0,0,0,0,0,0,0,0,0,12860882944,4274241536,784966,260879,17281780,1370,0,96,786432,42662329,812144,4,2385356415,12884901888,19575,533840557,0,0,0,0,0,0,0,0,0,0,0,0,0,0,0,0,0,0,10375288,110265083,0,468,1202,7661,620,20750918,35,0,0,0,0,0,0,0,1,0,0,0,0,0,0,0,0,0,0,14832902,0,17281390,173431,0,0,0,0,0,0,0,0,16384,0,0,0,0,0,0,0,0,0,0,0,1953,408,0,0,0,0,0,31534608,0,152,0,4,407,1953,0,0,0,0,0,0,0,0,0,0,0,0,0,0,0,0,0,0,0,0,0,0,0,0,0,0,0,0,0,0,0,0,0,0,0,0,0,0,0,0,0,0,0,0,0,0,0,0,0,0,0,0,0,0,153601280,0,0,0,358436128,0,0,0,0,0,0,0,36821809,43737494,171426600,103298869248,33811825,1,0,0,0,0,0,0,0,0,0,0,0,0,0,0,0,0,0,0,0,0,0,0,0,0,0,0,0,0,0,0,544182,0,0,0,0,0,0,0
1782296210.233,0,0,0,0,0,0,0,497701915,712735050240,419026591744,0,0,0,0,0,0,0,0,0,0,0,0,0,0,0,0,0,0,0,0,0,0,0,0,0,0,0,0,0,0,0,0,0,0,0,0,0,0,0,0,0,0,0,0,0,0,0,0,0,0,0,0,0,0,0,0,0,0,7,1776428,43611571,17361271,0,0,0,0,0,0,0,0,0,0,0,0,0,0,0,0,0,0,0,0,0,0,0,0,0,0,0,0,0,0,0,0,0,0,0,0,0,12851478528,4274520064,784392,260896,17298853,1935,0,105,786432,42726443,812144,4,2386233864,12884901888,19575,533960533,0,0,0,0,0,0,0,0,0,0,0,0,0,0,0,0,0,0,10379981,110269778,0,468,1202,7661,620,20760307,35,0,0,0,0,0,0,0,1,0,0,0,0,0,0,0,0,0,0,14838184,0,17298463,173627,0,0,0,0,0,0,0,0,16384,0,0,0,0,0,0,0,0,0,0,0,1954,408,0,0,0,0,0,31548887,0,152,0,4,407,1954,0,0,0,0,0,0,0,0,0,0,0,0,0,0,0,0,0,0,0,0,0,0,0,0,0,0,0,0,0,0,0,0,0,0,0,0,0,0,0,0,0,0,0,0,0,0,0,0,0,0,0,0,0,0,153675653,0,0,0,358516039,0,0,0,0,0,0,0,36854796,43801520,171518199,103339042816,33841335,1,0,0,0,0,0,0,0,0,0,0,0,0,0,0,0,0,0,0,0,0,0,0,0,0,0,0,0,0,0,0,548881,0,0,0,0,0,0,0
1782296211.296,0,0,0,0,0,0,0,497879426,713791097344,419349588992,0,0,0,0,0,0,0,0,0,0,0,0,0,0,0,0,0,0,0,0,0,0,0,0,0,0,0,0,0,0,0,0,0,0,0,0,0,0,0,0,0,0,0,0,0,0,0,0,0,0,0,0,0,0,0,0,0,0,7,1776533,43676216,17378052,0,0,0,0,0,0,0,0,0,0,0,0,0,0,0,0,0,0,0,0,0,0,0,0,0,0,0,0,0,0,0,0,0,0,0,0,0,12856885248,4279304192,784722,261189,17315562,1602,0,108,786432,42790988,812144,4,2387118779,12884901888,19575,534081962,0,0,0,0,0,0,0,0,0,0,0,0,0,0,0,0,0,0,10384704,110274501,0,468,1202,7661,620,20769751,35,0,0,0,0,0,0,0,1,0,0,0,0,0,0,0,0,0,0,14843494,0,17315172,173812,0,0,0,0,0,0,0,0,16384,0,0,0,0,0,0,0,0,0,0,0,1955,408,0,0,0,0,0,31563239,0,152,0,4,407,1955,0,0,0,0,0,0,0,0,0,0,0,0,0,0,0,0,0,0,0,0,0,0,0,0,0,0,0,0,0,0,0,0,0,0,0,0,0,0,0,0,0,0,0,0,0,0,0,0,0,0,0,0,0,0,153752359,0,0,0,358596515,0,0,0,0,0,0,0,36888709,43865972,171611841,103380255744,33871959,0,0,0,0,0,0,0,0,0,0,0,0,0,0,0,0,0,0,0,0,0,0,0,0,0,0,0,0,0,0,0,553604,0,0,0,0,0,0,0
1782296212.363,0,0,0,0,0,0,0,498057573,714841377280,419684202496,0,0,0,0,0,0,0,0,0,0,0,0,0,0,0,0,0,0,0,0,0,0,0,0,0,0,0,0,0,0,0,0,0,0,0,0,0,0,0,0,0,0,0,0,0,0,0,0,0,0,0,0,0,0,0,0,0,0,7,1776627,43740506,17395628,0,0,0,0,0,0,0,0,0,0,0,0,0,0,0,0,0,0,0,0,0,0,0,0,0,0,0,0,0,0,0,0,0,0,0,0,0,12864094208,4270538752,785162,260653,17333210,1172,0,97,786432,42855172,812144,4,2388006405,12884901888,19575,534204557,0,0,0,0,0,0,0,0,0,0,0,0,0,0,0,0,0,0,10389437,110279234,0,468,1202,7661,620,20779220,35,0,0,0,0,0,0,0,1,0,0,0,0,0,0,0,0,0,0,14848820,0,17332820,174009,0,0,0,0,0,0,0,0,16384,0,0,0,0,0,0,0,0,0,0,0,1956,408,0,0,0,0,0,31577630,0,152,0,4,407,1956,0,0,0,0,0,0,0,0,0,0,0,0,0,0,0,0,0,0,0,0,0,0,0,0,0,0,0,0,0,0,0,0,0,0,0,0,0,0,0,0,0,0,0,0,0,0,0,0,0,0,0,0,0,0,153827541,0,0,0,358677274,0,0,0,0,0,0,0,36922188,43930087,171704697,103420877824,33901862,1,1,0,0,0,0,0,0,0,0,0,0,0,0,0,0,0,0,0,0,0,0,0,0,0,0,0,0,0,0,0,558337,0,0,0,0,0,0,0
1782296213.433,0,0,0,0,0,0,0,498228944,715857152512,420002980864,0,0,0,0,0,0,0,0,0,0,0,0,0,0,0,0,0,0,0,0,0,0,0,0,0,0,0,0,0,0,0,0,0,0,0,0,0,0,0,0,0,0,0,0,0,0,0,0,0,0,0,0,0,0,0,0,0,0,7,1776790,43802665,17412294,0,0,0,0,0,0,0,0,0,0,0,0,0,0,0,0,0,0,0,0,0,0,0,0,0,0,0,0,0,0,0,0,0,0,0,0,0,12859719680,4267655168,784895,260477,17349876,1441,0,96,786432,42917218,812144,4,2388860624,12884901888,19575,534321804,0,0,0,0,0,0,0,0,0,0,0,0,0,0,0,0,0,0,10394008,110283804,0,468,1202,7661,620,20788361,35,0,0,0,0,0,0,0,1,0,0,0,0,0,0,0,0,0,0,14853958,0,17349486,174189,0,0,0,0,0,0,0,0,16384,0,0,0,0,0,0,0,0,0,0,0,1957,408,0,0,0,0,0,31591532,0,152,0,4,407,1957,0,0,0,0,0,0,0,0,0,0,0,0,0,0,0,0,0,0,0,0,0,0,0,0,0,0,0,0,0,0,0,0,0,0,0,0,0,0,0,0,0,0,0,0,0,0,0,0,0,0,0,0,0,0,153900623,0,0,0,358755023,0,0,0,0,0,0,0,36951568,43992053,171794568,103460339712,33928171,1,1,0,0,0,0,0,0,0,0,0,0,0,0,0,0,0,0,0,0,0,0,0,0,0,0,0,0,0,0,0,562908,0,0,0,0,0,0,0
1782296214.502,0,0,0,0,0,0,0,498395873,716876630528,420335448064,0,0,0,0,0,0,0,0,0,0,0,0,0,0,0,0,0,0,0,0,0,0,0,0,0,0,0,0,0,0,0,0,0,0,0,0,0,0,0,0,0,0,0,0,0,0,0,0,0,0,0,0,0,0,0,0,0,0,7,1776981,43865057,17429181,0,0,0,0,0,0,0,0,0,0,0,0,0,0,0,0,0,0,0,0,0,0,0,0,0,0,0,0,0,0,0,0,0,0,0,0,0,12857425920,4293509120,784755,262055,17366635,1584,0,103,786432,42979517,812144,4,2389785193,12884901888,19575,534523900,0,0,0,0,0,0,0,0,0,0,0,0,0,0,0,0,0,0,10398682,110288478,0,468,1202,7661,620,20797708,35,0,0,0,0,0,0,0,1,0,0,0,0,0,0,0,0,0,0,14859215,0,17366373,174383,0,0,0,0,0,0,0,0,16384,0,0,0,0,0,0,0,0,0,0,0,1958,408,0,0,0,0,0,31605726,0,152,0,4,407,1958,0,0,0,0,0,0,0,0,0,0,0,0,0,0,0,0,0,0,0,0,0,0,0,0,0,0,0,0,0,0,0,0,0,0,0,0,0,0,0,0,0,0,0,0,0,0,0,0,0,0,0,0,0,0,153991212,0,0,0,358869557,0,0,0,0,0,0,0,36981520,44054281,171902174,103508361728,33954869,1,0,0,0,0,0,0,0,0,0,0,0,0,0,0,0,0,0,0,0,0,0,0,0,0,0,0,0,0,0,0,529182,0,0,0,0,0,0,0
1782296215.571,0,0,0,0,0,0,0,498573085,717935413760,420664894464,0,0,0,0,0,0,0,0,0,0,0,0,0,0,0,0,0,0,0,0,0,0,0,0,0,0,0,0,0,0,0,0,0,0,0,0,0,0,0,0,0,0,0,0,0,0,0,0,0,0,0,0,0,0,0,0,0,0,7,1777130,43929879,17446387,0,0,0,0,0,0,0,0,0,0,0,0,0,0,0,0,0,0,0,0,0,0,0,0,0,0,0,0,0,0,0,0,0,0,0,0,0,12863766528,4292362240,785142,261985,17383969,1194,0,96,786432,43044231,812144,4,2390669568,12884901888,19575,534644009,0,0,0,0,0,0,0,0,0,0,0,0,0,0,0,0,0,0,10403420,110293213,0,468,1202,7661,620,20807187,35,0,0,0,0,0,0,0,1,0,0,0,0,0,0,0,0,0,0,14864542,0,17383579,174577,0,0,0,0,0,0,0,0,16384,0,0,0,0,0,0,0,0,0,0,0,1959,408,0,0,0,0,0,31620118,0,152,0,4,407,1959,0,0,0,0,0,0,0,0,0,0,0,0,0,0,0,0,0,0,0,0,0,0,0,0,0,0,0,0,0,0,0,0,0,0,0,0,0,0,0,0,0,0,0,0,0,0,0,0,0,0,0,0,0,0,154068535,0,0,0,358950091,0,0,0,0,0,0,0,37015521,44118884,171996816,103549748736,33985491,0,0,0,0,0,0,0,0,0,0,0,0,0,0,0,0,0,0,0,0,0,0,0,0,0,0,0,0,0,0,0,533916,0,0,0,0,0,0,0
1782296216.641,0,0,0,0,0,0,0,498750648,718989609472,420990019584,0,0,0,0,0,0,0,0,0,0,0,0,0,0,0,0,0,0,0,0,0,0,0,0,0,0,0,0,0,0,0,0,0,0,0,0,0,0,0,0,0,0,0,0,0,0,0,0,0,0,0,0,0,0,0,0,0,0,7,1777256,43994398,17463377,0,0,0,0,0,0,0,0,0,0,0,0,0,0,0,0,0,0,0,0,0,0,0,0,0,0,0,0,0,0,0,0,0,0,0,0,0,12855689216,4294033408,784650,262087,17400959,1684,0,105,786432,43108649,812144,4,2391554127,12884901888,19575,534764942,0,0,0,0,0,0,0,0,0,0,0,0,0,0,0,0,0,0,10408146,110297942,0,468,1202,7661,620,20816640,35,0,0,0,0,0,0,0,1,0,0,0,0,0,0,0,0,0,0,14869862,0,17400569,174772,0,0,0,0,0,0,0,0,16384,0,0,0,0,0,0,0,0,0,0,0,1960,408,0,0,0,0,0,31634478,0,152,0,4,407,1960,0,0,0,0,0,0,0,0,0,0,0,0,0,0,0,0,0,0,0,0,0,0,0,0,0,0,0,0,0,0,0,0,0,0,0,0,0,0,0,0,0,0,0,0,0,0,0,0,0,0,0,0,0,0,154143863,0,0,0,359030688,0,0,0,0,0,0,0,37048251,44183227,172089254,103590307840,34014931,0,0,0,0,0,0,0,0,0,0,0,0,0,0,0,0,0,0,0,0,0,0,0,0,0,0,0,0,0,0,0,538646,0,0,0,0,0,0,0
1782296217.708,0,0,0,0,0,0,0,498927671,720039512576,421313281536,0,0,0,0,0,0,0,0,0,0,0,0,0,0,0,0,0,0,0,0,0,0,0,0,0,0,0,0,0,0,0,0,0,0,0,0,0,0,0,0,0,0,0,0,0,0,0,0,0,0,0,0,0,0,0,0,0,0,7,1777367,44058654,17480254,0,0,0,0,0,0,0,0,0,0,0,0,0,0,0,0,0,0,0,0,0,0,0,0,0,0,0,0,0,0,0,0,0,0,0,0,0,12870074368,4297998336,785527,262329,17417836,809,0,97,786432,43172828,812144,4,2392435137,12884901888,19575,534885196,0,0,0,0,0,0,0,0,0,0,0,0,0,0,0,0,0,0,10412880,110302674,0,468,1202,7661,620,20826102,35,0,0,0,0,0,0,0,1,0,0,0,0,0,0,0,0,0,0,14875183,0,17417446,174963,0,0,0,0,0,0,0,0,16384,0,0,0,0,0,0,0,0,0,0,0,1961,408,0,0,0,0,0,31648885,0,152,0,4,407,1961,0,0,0,0,0,0,0,0,0,0,0,0,0,0,0,0,0,0,0,0,0,0,0,0,0,0,0,0,0,0,0,0,0,0,0,0,0,0,0,0,0,0,0,0,0,0,0,0,0,0,0,0,0,0,154218843,0,0,0,359111100,0,0,0,0,0,0,0,37081114,44247297,172181231,103630744576,34044483,0,0,0,0,0,0,0,0,0,0,0,0,0,0,0,0,0,0,0,0,0,0,0,0,0,0,0,0,0,0,0,543375,0,0,0,0,0,0,0
1782296218.775,0,0,0,0,0,0,0,499103006,721085630976,421643879936,0,0,0,0,0,0,0,0,0,0,0,0,0,0,0,0,0,0,0,0,0,0,0,0,0,0,0,0,0,0,0,0,0,0,0,0,0,0,0,0,0,0,0,0,0,0,0,0,0,0,0,0,0,0,0,0,0,0,7,1777533,44122689,17497635,0,0,0,0,0,0,0,0,0,0,0,0,0,0,0,0,0,0,0,0,0,0,0,0,0,0,0,0,0,0,0,0,0,0,0,0,0,12861865984,4292984832,785026,262023,17435217,1309,0,96,786432,43236760,812144,4,2393308018,12884901888,19575,535003793,0,0,0,0,0,0,0,0,0,0,0,0,0,0,0,0,0,0,10417572,110307367,0,468,1202,7661,620,20835487,35,0,0,0,0,0,0,0,1,0,0,0,0,0,0,0,0,0,0,14880464,0,17434827,175157,0,0,0,0,0,0,0,0,16384,0,0,0,0,0,0,0,0,0,0,0,1963,408,0,0,0,0,0,31663177,0,152,0,4,407,1963,0,0,0,0,0,0,0,0,0,0,0,0,0,0,0,0,0,0,0,0,0,0,0,0,0,0,0,0,0,0,0,0,0,0,0,0,0,0,0,0,0,0,0,0,0,0,0,0,0,0,0,0,0,0,154292483,0,0,0,359190708,0,0,0,0,0,0,0,37114097,44311134,172272395,103670299648,34074054,1,1,0,0,0,0,0,0,0,0,0,0,0,0,0,0,0,0,0,0,0,0,0,0,0,0,0,0,0,0,0,548069,0,0,0,0,0,0,0
1782296219.839,0,0,0,0,0,0,0,499275839,722133518848,421970740736,0,0,0,0,0,0,0,0,0,0,0,0,0,0,0,0,0,0,0,0,0,0,0,0,0,0,0,0,0,0,0,0,0,0,0,0,0,0,0,0,0,0,0,0,0,0,0,0,0,0,0,0,0,0,0,0,0,0,7,1777647,44186800,17514275,0,0,0,0,0,0,0,0,0,0,0,0,0,0,0,0,0,0,0,0,0,0,0,0,0,0,0,0,0,0,0,0,0,0,0,0,0,12860899328,4323786752,784966,263903,17451857,1367,0,98,786432,43300803,812144,4,2394247172,12884901888,19575,535194223,0,0,0,0,0,0,0,0,0,0,0,0,0,0,0,0,0,0,10422345,110312140,0,468,1202,7661,620,20845040,35,0,0,0,0,0,0,0,1,0,0,0,0,0,0,0,0,0,0,14885829,0,17451467,175345,0,0,0,0,0,0,0,0,16384,0,0,0,0,0,0,0,0,0,0,0,1964,408,0,0,0,0,0,31677665,0,152,0,4,407,1964,0,0,0,0,0,0,0,0,0,0,0,0,0,0,0,0,0,0,0,0,0,0,0,0,0,0,0,0,0,0,0,0,0,0,0,0,0,0,0,0,0,0,0,0,0,0,0,0,0,0,0,0,0,0,154379536,0,0,0,359301384,0,0,0,0,0,0,0,37147087,44375038,172376213,103716553728,34103719,1,0,0,0,0,0,0,0,0,0,0,0,0,0,0,0,0,0,0,0,0,0,0,0,0,0,0,0,0,0,0,521034,0,0,0,0,0,0,0
1782296220.908,0,0,0,0,0,0,0,499451413,723182242304,422303325184,0,0,0,0,0,0,0,0,0,0,0,0,0,0,0,0,0,0,0,0,0,0,0,0,0,0,0,0,0,0,0,0,0,0,0,0,0,0,0,0,0,0,0,0,0,0,0,0,0,0,0,0,0,0,0,0,0,0,7,1777881,44250977,17531653,0,0,0,0,0,0,0,0,0,0,0,0,0,0,0,0,0,0,0,0,0,0,0,0,0,0,0,0,0,0,0,0,0,0,0,0,0,12862029824,4325130240,785036,263985,17469235,1299,0,96,786432,43364886,812144,4,2395138912,12884901888,19575,535329143,0,0,0,0,0,0,0,0,0,0,0,0,0,0,0,0,0,0,10427059,110316855,0,468,1202,7661,620,20854464,35,0,0,0,0,0,0,0,1,0,0,0,0,0,0,0,0,0,0,14891137,0,17468845,175537,0,0,0,0,0,0,0,0,16384,0,0,0,0,0,0,0,0,0,0,0,1965,408,0,0,0,0,0,31692009,0,152,0,4,407,1965,0,0,0,0,0,0,0,0,0,0,0,0,0,0,0,0,0,0,0,0,0,0,0,0,0,0,0,0,0,0,0,0,0,0,0,0,0,0,0,0,0,0,0,0,0,0,0,0,0,0,0,0,0,0,154456633,0,0,0,359387775,0,0,0,0,0,0,0,37179745,44439033,172470816,103757863936,34132987,1,0,0,0,0,0,0,0,0,0,0,0,0,0,0,0,0,0,0,0,0,0,0,0,0,0,0,0,0,0,0,519159,0,0,0,0,0,0,0
1782296221.975,0,0,0,0,0,0,0,499628544,724235749888,422633222144,0,0,0,0,0,0,0,0,0,0,0,0,0,0,0,0,0,0,0,0,0,0,0,0,0,0,0,0,0,0,0,0,0,0,0,0,0,0,0,0,0,0,0,0,0,0,0,0,0,0,0,0,0,0,0,0,0,0,7,1778064,44315427,17548900,0,0,0,0,0,0,0,0,0,0,0,0,0,0,0,0,0,0,0,0,0,0,0,0,0,0,0,0,0,0,0,0,0,0,0,0,0,12856262656,4325261312,784684,263993,17486482,1652,0,96,786432,43429237,812144,4,2396021776,12884901888,19575,535449152,0,0,0,0,0,0,0,0,0,0,0,0,0,0,0,0,0,0,10431809,110321605,0,468,1202,7661,620,20863965,35,0,0,0,0,0,0,0,1,0,0,0,0,0,0,0,0,0,0,14896478,0,17486092,175734,0,0,0,0,0,0,0,0,16384,0,0,0,0,0,0,0,0,0,0,0,1966,408,0,0,0,0,0,31706433,0,152,0,4,407,1966,0,0,0,0,0,0,0,0,0,0,0,0,0,0,0,0,0,0,0,0,0,0,0,0,0,0,0,0,0,0,0,0,0,0,0,0,0,0,0,0,0,0,0,0,0,0,0,0,0,0,0,0,0,0,154531770,0,0,0,359468212,0,0,0,0,0,0,0,37212222,44503296,172563329,103798492672,34162073,0,1,0,0,0,0,0,0,0,0,0,0,0,0,0,0,0,0,0,0,0,0,0,0,0,0,0,0,0,0,0,523907,0,0,0,0,0,0,0
1782296223.043,0,0,0,0,0,0,0,499799024,725249886720,422949050880,0,0,0,0,0,0,0,0,0,0,0,0,0,0,0,0,0,0,0,0,0,0,0,0,0,0,0,0,0,0,0,0,0,0,0,0,0,0,0,0,0,0,0,0,0,0,0,0,0,0,0,0,0,0,0,0,0,0,7,1778252,44377483,17565383,0,0,0,0,0,0,0,0,0,0,0,0,0,0,0,0,0,0,0,0,0,0,0,0,0,0,0,0,0,0,0,0,0,0,0,0,0,12868304896,4326309888,785420,264057,17502843,907,0,106,786432,43491183,812144,4,2396869580,12884901888,19575,535564617,0,0,0,0,0,0,0,0,0,0,0,0,0,0,0,0,0,0,10436377,110326173,0,468,1202,7661,620,20873099,35,0,0,0,0,0,0,0,1,0,0,0,0,0,0,0,0,0,0,14901619,0,17502581,175915,0,0,0,0,0,0,0,0,16384,0,0,0,0,0,0,0,0,0,0,0,1967,408,0,0,0,0,0,31720331,0,152,0,4,407,1967,0,0,0,0,0,0,0,0,0,0,0,0,0,0,0,0,0,0,0,0,0,0,0,0,0,0,0,0,0,0,0,0,0,0,0,0,0,0,0,0,0,0,0,0,0,0,0,0,0,0,0,0,0,0,154605153,0,0,0,359545688,0,0,0,0,0,0,0,37241293,44565154,172653332,103837842432,34188163,1,0,0,0,0,0,0,0,0,0,0,0,0,0,0,0,0,0,0,0,0,0,0,0,0,0,0,0,0,0,0,528478,0,0,0,0,0,0,0
1782296224.112,0,0,0,0,0,0,0,499968617,726261238272,423309334016,0,0,0,0,0,0,0,0,0,0,0,0,0,0,0,0,0,0,0,0,0,0,0,0,0,0,0,0,0,0,0,0,0,0,0,0,0,0,0,0,0,0,0,0,0,0,0,0,0,0,0,0,0,0,0,0,0,0,7,1778359,44439373,17584598,0,0,0,0,0,0,0,0,0,0,0,0,0,0,0,0,0,0,0,0,0,0,0,0,0,0,0,0,0,0,0,0,0,0,0,0,0,12852445184,4280107008,784451,261237,17520292,1885,0,96,786432,43552985,812144,4,2397713368,12884901888,19575,535679480,0,0,0,0,0,0,0,0,0,0,0,0,0,0,0,0,0,0,10440921,110330717,0,468,1202,7661,620,20882190,35,0,0,0,0,0,0,0,1,0,0,0,0,0,0,0,0,0,0,14906729,0,17521694,176130,0,0,0,0,0,0,0,0,16384,0,0,0,0,0,0,0,0,0,0,0,1968,408,0,0,0,0,0,31734122,0,152,0,4,407,1968,0,0,0,0,0,0,0,0,0,0,0,0,0,0,0,0,0,0,0,0,0,0,0,0,0,0,0,0,0,0,0,0,0,0,0,0,0,0,0,0,0,0,0,0,0,0,0,0,0,0,0,0,0,0,154677848,0,0,0,359622812,0,0,0,0,0,0,0,37270877,44626880,172745412,103876888064,34214072,1,0,0,0,0,0,0,0,0,0,0,0,0,0,0,0,0,0,0,0,0,0,0,0,0,0,0,0,0,0,0,533021,0,0,0,0,0,0,0
1782296225.175,0,0,0,0,0,0,0,500141292,727292987904,423656630272,0,0,0,0,0,0,0,0,0,0,0,0,0,0,0,0,0,0,0,0,0,0,0,0,0,0,0,0,0,0,0,0,0,0,0,0,0,0,0,0,0,0,0,0,0,0,0,0,0,0,0,0,0,0,0,0,0,0,7,1778481,44502515,17603052,0,0,0,0,0,0,0,0,0,0,0,0,0,0,0,0,0,0,0,0,0,0,0,0,0,0,0,0,0,0,0,0,0,0,0,0,0,12864847872,4249698304,785207,259381,17540634,1127,0,99,786432,43616021,812144,4,2398573933,12884901888,19575,535796269,0,0,0,0,0,0,0,0,0,0,0,0,0,0,0,0,0,0,10445550,110335344,0,468,1202,7661,620,20891444,35,0,0,0,0,0,0,0,1,0,0,0,0,0,0,0,0,0,0,14911932,0,17540244,176335,0,0,0,0,0,0,0,0,16384,0,0,0,0,0,0,0,0,0,0,0,1969,408,0,0,0,0,0,31748174,0,152,0,4,407,1969,0,0,0,0,0,0,0,0,0,0,0,0,0,0,0,0,0,0,0,0,0,0,0,0,0,0,0,0,0,0,0,0,0,0,0,0,0,0,0,0,0,0,0,0,0,0,0,0,0,0,0,0,0,0,154750534,0,0,0,359701278,0,0,0,0,0,0,0,37302325,44689830,172836676,103915869184,34242081,1,0,0,0,0,0,0,0,0,0,0,0,0,0,0,0,0,0,0,0,0,0,0,0,0,0,0,0,0,0,0,537647,0,0,0,0,0,0,0
1782296226.242,0,0,0,0,0,0,0,500308135,728318364160,423992736768,0,0,0,0,0,0,0,0,0,0,0,0,0,0,0,0,0,0,0,0,0,0,0,0,0,0,0,0,0,0,0,0,0,0,0,0,0,0,0,0,0,0,0,0,0,0,0,0,0,0,0,0,0,0,0,0,0,0,7,1778656,44565271,17620306,0,0,0,0,0,0,0,0,0,0,0,0,0,0,0,0,0,0,0,0,0,0,0,0,0,0,0,0,0,0,0,0,0,0,0,0,0,12858130432,4273209344,784798,260816,17557836,1538,0,96,786432,43678675,812144,4,2399498149,12884901888,19575,535996857,0,0,0,0,0,0,0,0,0,0,0,0,0,0,0,0,0,0,10450255,110340049,0,468,1202,7661,620,20900855,35,0,0,0,0,0,0,0,1,0,0,0,0,0,0,0,0,0,0,14917223,0,17557446,176522,0,0,0,0,0,0,0,0,16384,0,0,0,0,0,0,0,0,0,0,0,1970,408,0,0,0,0,0,31762501,0,152,0,4,407,1970,0,0,0,0,0,0,0,0,0,0,0,0,0,0,0,0,0,0,0,0,0,0,0,0,0,0,0,0,0,0,0,0,0,0,0,0,0,0,0,0,0,0,0,0,0,0,0,0,0,0,0,0,0,0,154836559,0,0,0,359815910,0,0,0,0,0,0,0,37334619,44752387,172940059,103961571328,34271131,1,1,0,0,0,0,0,0,0,0,0,0,0,0,0,0,0,0,0,0,0,0,0,0,0,0,0,0,0,0,0,503953,0,0,0,0,0,0,0
1782296227.307,0,0,0,0,0,0,0,500484199,729370692096,424318414336,0,0,0,0,0,0,0,0,0,0,0,0,0,0,0,0,0,0,0,0,0,0,0,0,0,0,0,0,0,0,0,0,0,0,0,0,0,0,0,0,0,0,0,0,0,0,0,0,0,0,0,0,0,0,0,0,0,0,7,1778977,44629680,17637366,0,0,0,0,0,0,0,0,0,0,0,0,0,0,0,0,0,0,0,0,0,0,0,0,0,0,0,0,0,0,0,0,0,0,0,0,0,12849348608,4275732480,784262,260970,17574731,2074,0,96,786432,43742966,812144,4,2400376226,12884901888,19575,536116061,0,0,0,0,0,0,0,0,0,0,0,0,0,0,0,0,0,0,10454959,110344755,0,468,1202,7661,620,20910266,35,0,0,0,0,0,0,0,1,0,0,0,0,0,0,0,0,0,0,14922517,0,17574551,176713,0,0,0,0,0,0,0,0,16384,0,0,0,0,0,0,0,0,0,0,0,1971,408,0,0,0,0,0,31776812,0,152,0,4,407,1971,0,0,0,0,0,0,0,0,0,0,0,0,0,0,0,0,0,0,0,0,0,0,0,0,0,0,0,0,0,0,0,0,0,0,0,0,0,0,0,0,0,0,0,0,0,0,0,0,0,0,0,0,0,0,154910161,0,0,0,359895920,0,0,0,0,0,0,0,37367708,44816576,173030843,104001273344,34300868,0,1,0,0,0,0,0,0,0,0,0,0,0,0,0,0,0,0,0,0,0,0,0,0,0,0,0,0,0,0,0,508659,0,0,0,0,0,0,0
1782296228.376,0,0,0,0,0,0,0,500662851,730430605824,424639172608,0,0,0,0,0,0,0,0,0,0,0,0,0,0,0,0,0,0,0,0,0,0,0,0,0,0,0,0,0,0,0,0,0,0,0,0,0,0,0,0,0,0,0,0,0,0,0,0,0,0,0,0,0,0,0,0,0,0,7,1779209,44694546,17654115,0,0,0,0,0,0,0,0,0,0,0,0,0,0,0,0,0,0,0,0,0,0,0,0,0,0,0,0,0,0,0,0,0,0,0,0,0,12856147968,4284219392,784677,261488,17591697,1657,0,97,786432,43807741,812144,4,2401265617,12884901888,19575,536237509,0,0,0,0,0,0,0,0,0,0,0,0,0,0,0,0,0,0,10459722,110349518,0,468,1202,7661,620,20919791,35,0,0,0,0,0,0,0,1,0,0,0,0,0,0,0,0,0,0,14927874,0,17591307,176898,0,0,0,0,0,0,0,0,16384,0,0,0,0,0,0,0,0,0,0,0,1972,408,0,0,0,0,0,31791279,0,152,0,4,407,1972,0,0,0,0,0,0,0,0,0,0,0,0,0,0,0,0,0,0,0,0,0,0,0,0,0,0,0,0,0,0,0,0,0,0,0,0,0,0,0,0,0,0,0,0,0,0,0,0,0,0,0,0,0,0,154984783,0,0,0,359977089,0,0,0,0,0,0,0,37401239,44881253,173122309,104041521664,34331066,1,0,0,0,0,0,0,0,0,0,0,0,0,0,0,0,0,0,0,0,0,0,0,0,0,0,0,0,0,0,0,513422,0,0,0,0,0,0,0
1782296229.444,0,0,0,0,0,0,0,500842568,731493927424,424969811968,0,0,0,0,0,0,0,0,0,0,0,0,0,0,0,0,0,0,0,0,0,0,0,0,0,0,0,0,0,0,0,0,0,0,0,0,0,0,0,0,0,0,0,0,0,0,0,0,0,0,0,0,0,0,0,0,0,0,7,1779312,44759634,17671457,0,0,0,0,0,0,0,0,0,0,0,0,0,0,0,0,0,0,0,0,0,0,0,0,0,0,0,0,0,0,0,0,0,0,0,0,0,12856836096,4285644800,784719,261575,17608911,1617,0,96,786432,43872725,812144,4,2402159624,12884901888,19575,536359783,0,0,0,0,0,0,0,0,0,0,0,0,0,0,0,0,0,0,10464491,110354286,0,468,1202,7661,620,20929326,35,0,0,0,0,0,0,0,1,0,0,0,0,0,0,0,0,0,0,14933236,0,17608649,177085,0,0,0,0,0,0,0,0,16384,0,0,0,0,0,0,0,0,0,0,0,1973,408,0,0,0,0,0,31805784,0,152,0,4,407,1973,0,0,0,0,0,0,0,0,0,0,0,0,0,0,0,0,0,0,0,0,0,0,0,0,0,0,0,0,0,0,0,0,0,0,0,0,0,0,0,0,0,0,0,0,0,0,0,0,0,0,0,0,0,0,155059568,0,0,0,360058713,0,0,0,0,0,0,0,37434538,44946141,173214568,104081666048,34361029,1,0,0,0,0,0,0,0,0,0,0,0,0,0,0,0,0,0,0,0,0,0,0,0,0,0,0,0,0,0,0,518189,0,0,0,0,0,0,0
1782296230.513,0,0,0,0,0,0,0,501014288,732522138112,425298573312,0,0,0,0,0,0,0,0,0,0,0,0,0,0,0,0,0,0,0,0,0,0,0,0,0,0,0,0,0,0,0,0,0,0,0,0,0,0,0,0,0,0,0,0,0,0,0,0,0,0,0,0,0,0,0,0,0,0,7,1779454,44822579,17688750,0,0,0,0,0,0,0,0,0,0,0,0,0,0,0,0,0,0,0,0,0,0,0,0,0,0,0,0,0,0,0,0,0,0,0,0,0,12850921472,4275093504,784358,260931,17626332,1977,0,96,786432,43935566,812144,4,2403015019,12884901888,19575,536475730,0,0,0,0,0,0,0,0,0,0,0,0,0,0,0,0,0,0,10469081,110358876,0,468,1202,7661,620,20938510,35,0,0,0,0,0,0,0,1,0,0,0,0,0,0,0,0,0,0,14938399,0,17625942,177281,0,0,0,0,0,0,0,0,16384,0,0,0,0,0,0,0,0,0,0,0,1974,408,0,0,0,0,0,31819745,0,152,0,4,407,1974,0,0,0,0,0,0,0,0,0,0,0,0,0,0,0,0,0,0,0,0,0,0,0,0,0,0,0,0,0,0,0,0,0,0,0,0,0,0,0,0,0,0,0,0,0,0,0,0,0,0,0,0,0,0,155132774,0,0,0,360136771,0,0,0,0,0,0,0,37465280,45008869,173305199,104120837120,34388337,1,0,0,0,0,0,0,0,0,0,0,0,0,0,0,0,0,0,0,0,0,0,0,0,0,0,0,0,0,0,0,522780,0,0,0,0,0,0,0
1782296231.581,0,0,0,0,0,0,0,501184762,733539322368,425610649088,0,0,0,0,0,0,0,0,0,0,0,0,0,0,0,0,0,0,0,0,0,0,0,0,0,0,0,0,0,0,0,0,0,0,0,0,0,0,0,0,0,0,0,0,0,0,0,0,0,0,0,0,0,0,0,0,0,0,7,1779562,44884834,17705032,0,0,0,0,0,0,0,0,0,0,0,0,0,0,0,0,0,0,0,0,0,0,0,0,0,0,0,0,0,0,0,0,0,0,0,0,0,12856360960,4276682752,784690,261028,17642614,1646,0,96,786432,43997729,812144,4,2403863173,12884901888,19575,536590999,0,0,0,0,0,0,0,0,0,0,0,0,0,0,0,0,0,0,10473656,110363452,0,468,1202,7661,620,20947662,35,0,0,0,0,0,0,0,1,0,0,0,0,0,0,0,0,0,0,14943546,0,17642224,177463,0,0,0,0,0,0,0,0,16384,0,0,0,0,0,0,0,0,0,0,0,1975,408,0,0,0,0,0,31833646,0,152,0,4,407,1975,0,0,0,0,0,0,0,0,0,0,0,0,0,0,0,0,0,0,0,0,0,0,0,0,0,0,0,0,0,0,0,0,0,0,0,0,0,0,0,0,0,0,0,0,0,0,0,0,0,0,0,0,0,0,155205657,0,0,0,360214227,0,0,0,0,0,0,0,37493575,45070959,173394495,104159890944,34413517,1,0,0,0,0,0,0,0,0,0,0,0,0,0,0,0,0,0,0,0,0,0,0,0,0,0,0,0,0,0,0,527357,0,0,0,0,0,0,0
1782296232.653,0,0,0,0,0,0,0,501354906,734573496832,425947558400,0,0,0,0,0,0,0,0,0,0,0,0,0,0,0,0,0,0,0,0,0,0,0,0,0,0,0,0,0,0,0,0,0,0,0,0,0,0,0,0,0,0,0,0,0,0,0,0,0,0,0,0,0,0,0,0,0,0,7,1779780,44948140,17722255,0,0,0,0,0,0,0,0,0,0,0,0,0,0,0,0,0,0,0,0,0,0,0,0,0,0,0,0,0,0,0,0,0,0,0,0,0,12855869440,4302241792,784659,262588,17659837,1675,0,98,786432,44060929,812144,4,2404807130,12884901888,19575,536796905,0,0,0,0,0,0,0,0,0,0,0,0,0,0,0,0,0,0,10478393,110368188,0,468,1202,7661,620,20957134,35,0,0,0,0,0,0,0,1,0,0,0,0,0,0,0,0,0,0,14948873,0,17659447,177658,0,0,0,0,0,0,0,0,16384,0,0,0,0,0,0,0,0,0,0,0,1976,408,0,0,0,0,0,31848029,0,152,0,4,407,1976,0,0,0,0,0,0,0,0,0,0,0,0,0,0,0,0,0,0,0,0,0,0,0,0,0,0,0,0,0,0,0,0,0,0,0,0,0,0,0,0,0,0,0,0,0,0,0,0,0,0,0,0,0,0,155293339,0,0,0,360330231,0,0,0,0,0,0,0,37526800,45134070,173499515,104206575104,34443346,1,1,0,0,0,0,0,0,0,0,0,0,0,0,0,0,0,0,0,0,0,0,0,0,0,0,0,0,0,0,0,493691,0,0,0,0,0,0,0
1782296233.722,0,0,0,0,0,0,0,501531854,735622203904,426270940672,0,0,0,0,0,0,0,0,0,0,0,0,0,0,0,0,0,0,0,0,0,0,0,0,0,0,0,0,0,0,0,0,0,0,0,0,0,0,0,0,0,0,0,0,0,0,0,0,0,0,0,0,0,0,0,0,0,0,7,1780042,45012338,17739156,0,0,0,0,0,0,0,0,0,0,0,0,0,0,0,0,0,0,0,0,0,0,0,0,0,0,0,0,0,0,0,0,0,0,0,0,0,12870156288,4306239488,785532,262832,17676738,802,0,97,786432,44125042,812144,4,2405688521,12884901888,19575,536916770,0,0,0,0,0,0,0,0,0,0,0,0,0,0,0,0,0,0,10483123,110372919,0,468,1202,7661,620,20966592,35,0,0,0,0,0,0,0,1,0,0,0,0,0,0,0,0,0,0,14954192,0,17676348,177844,0,0,0,0,0,0,0,0,16384,0,0,0,0,0,0,0,0,0,0,0,1978,408,0,0,0,0,0,31862404,0,152,0,4,407,1978,0,0,0,0,0,0,0,0,0,0,0,0,0,0,0,0,0,0,0,0,0,0,0,0,0,0,0,0,0,0,0,0,0,0,0,0,0,0,0,0,0,0,0,0,0,0,0,0,0,0,0,0,0,0,155368122,0,0,0,360410629,0,0,0,0,0,0,0,37559563,45198078,173591322,104246658560,34472845,1,0,0,0,0,0,0,0,0,0,0,0,0,0,0,0,0,0,0,0,0,0,0,0,0,0,0,0,0,0,0,498422,0,0,0,0,0,0,0
1782296234.789,0,0,0,0,0,0,0,501708757,736675777024,426595822592,0,0,0,0,0,0,0,0,0,0,0,0,0,0,0,0,0,0,0,0,0,0,0,0,0,0,0,0,0,0,0,0,0,0,0,0,0,0,0,0,0,0,0,0,0,0,0,0,0,0,0,0,0,0,0,0,0,0,7,1780240,45076815,17756159,0,0,0,0,0,0,0,0,0,0,0,0,0,0,0,0,0,0,0,0,0,0,0,0,0,0,0,0,0,0,0,0,0,0,0,0,0,12864176128,4309680128,785167,263042,17693741,1165,0,99,786432,44189428,812144,4,2406569839,12884901888,19575,537036512,0,0,0,0,0,0,0,0,0,0,0,0,0,0,0,0,0,0,10487838,110377633,0,468,1202,7661,620,20976024,35,0,0,0,0,0,0,0,1,0,0,0,0,0,0,0,0,0,0,14959496,0,17693351,178025,0,0,0,0,0,0,0,0,16384,0,0,0,0,0,0,0,0,0,0,0,1979,408,0,0,0,0,0,31876729,0,152,0,4,407,1979,0,0,0,0,0,0,0,0,0,0,0,0,0,0,0,0,0,0,0,0,0,0,0,0,0,0,0,0,0,0,0,0,0,0,0,0,0,0,0,0,0,0,0,0,0,0,0,0,0,0,0,0,0,0,155442643,0,0,0,360491039,0,0,0,0,0,0,0,37592802,45262346,173682961,104286759424,34502843,1,0,0,0,0,0,0,0,0,0,0,0,0,0,0,0,0,0,0,0,0,0,0,0,0,0,0,0,0,0,0,503139,0,0,0,0,0,0,0
1782296235.859,0,0,0,0,0,0,0,501885574,737732168192,426926231040,0,0,0,0,0,0,0,0,0,0,0,0,0,0,0,0,0,0,0,0,0,0,0,0,0,0,0,0,0,0,0,0,0,0,0,0,0,0,0,0,0,0,0,0,0,0,0,0,0,0,0,0,0,0,0,0,0,0,7,1780463,45141458,17773506,0,0,0,0,0,0,0,0,0,0,0,0,0,0,0,0,0,0,0,0,0,0,0,0,0,0,0,0,0,0,0,0,0,0,0,0,0,12867436544,4305846272,785366,262808,17711088,968,0,96,786432,44253972,812144,4,2407450288,12884901888,19575,537156638,0,0,0,0,0,0,0,0,0,0,0,0,0,0,0,0,0,0,10492572,110382365,0,468,1202,7661,620,20985498,35,0,0,0,0,0,0,0,1,0,0,0,0,0,0,0,0,0,0,14964817,0,17710698,178219,0,0,0,0,0,0,0,0,16384,0,0,0,0,0,0,0,0,0,0,0,1980,408,0,0,0,0,0,31891070,0,152,0,4,407,1980,0,0,0,0,0,0,0,0,0,0,0,0,0,0,0,0,0,0,0,0,0,0,0,0,0,0,0,0,0,0,0,0,0,0,0,0,0,0,0,0,0,0,0,0,0,0,0,0,0,0,0,0,0,0,155517092,0,0,0,360571342,0,0,0,0,0,0,0,37625792,45326791,173774860,104326756864,34532415,1,0,0,0,0,0,0,0,0,0,0,0,0,0,0,0,0,0,0,0,0,0,0,0,0,0,0,0,0,0,0,507870,0,0,0,0,0,0,0
1782296236.923,0,0,0,0,0,0,0,502064527,738792966656,427259979264,0,0,0,0,0,0,0,0,0,0,0,0,0,0,0,0,0,0,0,0,0,0,0,0,0,0,0,0,0,0,0,0,0,0,0,0,0,0,0,0,0,0,0,0,0,0,0,0,0,0,0,0,0,0,0,0,0,0,7,1780618,45206362,17791010,0,0,0,0,0,0,0,0,0,0,0,0,0,0,0,0,0,0,0,0,0,0,0,0,0,0,0,0,0,0,0,0,0,0,0,0,0,12862455808,4297097216,785062,262274,17728592,1273,0,96,786432,44318782,812144,4,2408341260,12884901888,19575,537278636,0,0,0,0,0,0,0,0,0,0,0,0,0,0,0,0,0,0,10497328,110387122,0,468,1202,7661,620,20995003,35,0,0,0,0,0,0,0,1,0,0,0,0,0,0,0,0,0,0,14970167,0,17728202,178416,0,0,0,0,0,0,0,0,16384,0,0,0,0,0,0,0,0,0,0,0,1981,408,0,0,0,0,0,31905530,0,152,0,4,407,1981,0,0,0,0,0,0,0,0,0,0,0,0,0,0,0,0,0,0,0,0,0,0,0,0,0,0,0,0,0,0,0,0,0,0,0,0,0,0,0,0,0,0,0,0,0,0,0,0,0,0,0,0,0,0,155591869,0,0,0,360652630,0,0,0,0,0,0,0,37659245,45391499,173867288,104367026688,34562435,0,0,0,0,0,0,0,0,0,0,0,0,0,0,0,0,0,0,0,0,0,0,0,0,0,0,0,0,0,0,0,512627,0,0,0,0,0,0,0
1782296237.992,0,0,0,0,0,0,0,502239612,739845130752,427582288384,0,0,0,0,0,0,0,0,0,0,0,0,0,0,0,0,0,0,0,0,0,0,0,0,0,0,0,0,0,0,0,0,0,0,0,0,0,0,0,0,0,0,0,0,0,0,0,0,0,0,0,0,0,0,0,0,0,0,7,1780724,45270775,17807755,0,0,0,0,0,0,0,0,0,0,0,0,0,0,0,0,0,0,0,0,0,0,0,0,0,0,0,0,0,0,0,0,0,0,0,0,0,12856950784,4308434944,784725,262966,17745337,1605,0,102,786432,44383099,812144,4,2409239493,12884901888,19575,537421924,0,0,0,0,0,0,0,0,0,0,0,0,0,0,0,0,0,0,10502070,110391864,0,468,1202,7661,620,21004485,35,0,0,0,0,0,0,0,1,0,0,0,0,0,0,0,0,0,0,14975502,0,17744947,178605,0,0,0,0,0,0,0,0,16384,0,0,0,0,0,0,0,0,0,0,0,1982,408,0,0,0,0,0,31919954,0,152,0,4,407,1982,0,0,0,0,0,0,0,0,0,0,0,0,0,0,0,0,0,0,0,0,0,0,0,0,0,0,0,0,0,0,0,0,0,0,0,0,0,0,0,0,0,0,0,0,0,0,0,0,0,0,0,0,0,0,155668742,0,0,0,360743210,0,0,0,0,0,0,0,37692175,45455687,173961037,104408131072,34591948,0,0,0,0,0,0,0,0,0,0,0,0,0,0,0,0,0,0,0,0,0,0,0,0,0,0,0,0,0,0,0,506562,0,0,0,0,0,0,0
1782296239.060,0,0,0,0,0,0,0,502408397,740872292864,427918329856,0,0,0,0,0,0,0,0,0,0,0,0,0,0,0,0,0,0,0,0,0,0,0,0,0,0,0,0,0,0,0,0,0,0,0,0,0,0,0,0,0,0,0,0,0,0,0,0,0,0,0,0,0,0,0,0,0,0,7,1780925,45333632,17825132,0,0,0,0,0,0,0,0,0,0,0,0,0,0,0,0,0,0,0,0,0,0,0,0,0,0,0,0,0,0,0,0,0,0,0,0,0,12860522496,4321525760,784944,263765,17762586,1386,0,101,786432,44445870,812144,4,2410147847,12884901888,19575,537599366,0,0,0,0,0,0,0,0,0,0,0,0,0,0,0,0,0,0,10506761,110396556,0,468,1202,7661,620,21013870,35,0,0,0,0,0,0,0,1,0,0,0,0,0,0,0,0,0,0,14980782,0,17762324,178796,0,0,0,0,0,0,0,0,16384,0,0,0,0,0,0,0,0,0,0,0,1983,408,0,0,0,0,0,31934218,0,152,0,4,407,1983,0,0,0,0,0,0,0,0,0,0,0,0,0,0,0,0,0,0,0,0,0,0,0,0,0,0,0,0,0,0,0,0,0,0,0,0,0,0,0,0,0,0,0,0,0,0,0,0,0,0,0,0,0,0,155752024,0,0,0,360847907,0,0,0,0,0,0,0,37723442,45518322,174061822,104452177408,34619915,1,0,0,0,0,0,0,0,0,0,0,0,0,0,0,0,0,0,0,0,0,0,0,0,0,0,0,0,0,0,0,483662,0,0,0,0,0,0,0
1782296240.130,0,0,0,0,0,0,0,502575927,741867145728,428276066816,0,0,0,0,0,0,0,0,0,0,0,0,0,0,0,0,0,0,0,0,0,0,0,0,0,0,0,0,0,0,0,0,0,0,0,0,0,0,0,0,0,0,0,0,0,0,0,0,0,0,0,0,0,0,0,0,0,0,7,1781125,45394510,17844235,0,0,0,0,0,0,0,0,0,0,0,0,0,0,0,0,0,0,0,0,0,0,0,0,0,0,0,0,0,0,0,0,0,0,0,0,0,12859801600,4274077696,784900,260869,17779075,1436,0,96,786432,44506625,812144,4,2410982719,12884901888,19575,537711786,0,0,0,0,0,0,0,0,0,0,0,0,0,0,0,0,0,0,10511254,110401047,0,468,1202,7661,620,21022856,35,0,0,0,0,0,0,0,1,0,0,0,0,0,0,0,0,0,0,14985833,0,17781245,178996,0,0,0,0,0,0,0,0,16384,0,0,0,0,0,0,0,0,0,0,0,1984,408,0,0,0,0,0,31947893,0,152,0,4,407,1984,0,0,0,0,0,0,0,0,0,0,0,0,0,0,0,0,0,0,0,0,0,0,0,0,0,0,0,0,0,0,0,0,0,0,0,0,0,0,0,0,0,0,0,0,0,0,0,0,0,0,0,0,0,0,155823512,0,0,0,360924136,0,0,0,0,0,0,0,37752310,45579014,174152559,104490473472,34645517,1,0,0,0,0,0,0,0,0,0,0,0,0,0,0,0,0,0,0,0,0,0,0,0,0,0,0,0,0,0,0,488154,0,0,0,0,0,0,0
1782296241.199,0,0,0,0,0,0,0,502747315,742883969536,428611080704,0,0,0,0,0,0,0,0,0,0,0,0,0,0,0,0,0,0,0,0,0,0,0,0,0,0,0,0,0,0,0,0,0,0,0,0,0,0,0,0,0,0,0,0,0,0,0,0,0,0,0,0,0,0,0,0,0,0,7,1781324,45456750,17861976,0,0,0,0,0,0,0,0,0,0,0,0,0,0,0,0,0,0,0,0,0,0,0,0,0,0,0,0,0,0,0,0,0,0,0,0,0,12862013440,4256694272,785034,259808,17799558,1300,0,98,786432,44568769,812144,4,2411835949,12884901888,19575,537828504,0,0,0,0,0,0,0,0,0,0,0,0,0,0,0,0,0,0,10515817,110405612,0,468,1202,7661,620,21031981,35,0,0,0,0,0,0,0,1,0,0,0,0,0,0,0,0,0,0,14990967,0,17799168,179197,0,0,0,0,0,0,0,0,16384,0,0,0,0,0,0,0,0,0,0,0,1985,408,0,0,0,0,0,31961766,0,152,0,4,407,1985,0,0,0,0,0,0,0,0,0,0,0,0,0,0,0,0,0,0,0,0,0,0,0,0,0,0,0,0,0,0,0,0,0,0,0,0,0,0,0,0,0,0,0,0,0,0,0,0,0,0,0,0,0,0,155896212,0,0,0,361002027,0,0,0,0,0,0,0,37781907,45641063,174243104,104529468928,34671657,1,0,0,0,0,0,0,0,0,0,0,0,0,0,0,0,0,0,0,0,0,0,0,0,0,0,0,0,0,0,0,492718,0,0,0,0,0,0,0
1782296242.265,0,0,0,0,0,0,0,502923394,743936117248,428940921344,0,0,0,0,0,0,0,0,0,0,0,0,0,0,0,0,0,0,0,0,0,0,0,0,0,0,0,0,0,0,0,0,0,0,0,0,0,0,0,0,0,0,0,0,0,0,0,0,0,0,0,0,0,0,0,0,0,0,7,1781474,45521150,17879302,0,0,0,0,0,0,0,0,0,0,0,0,0,0,0,0,0,0,0,0,0,0,0,0,0,0,0,0,0,0,0,0,0,0,0,0,0,12862554112,4252434432,785068,259548,17816884,1268,0,97,786432,44633070,812144,4,2412713047,12884901888,19575,537946977,0,0,0,0,0,0,0,0,0,0,0,0,0,0,0,0,0,0,10520509,110410304,0,468,1202,7661,620,21041367,35,0,0,0,0,0,0,0,1,0,0,0,0,0,0,0,0,0,0,14996241,0,17816494,179385,0,0,0,0,0,0,0,0,16384,0,0,0,0,0,0,0,0,0,0,0,1986,408,0,0,0,0,0,31976035,0,152,0,4,407,1986,0,0,0,0,0,0,0,0,0,0,0,0,0,0,0,0,0,0,0,0,0,0,0,0,0,0,0,0,0,0,0,0,0,0,0,0,0,0,0,0,0,0,0,0,0,0,0,0,0,0,0,0,0,0,155969593,0,0,0,361082206,0,0,0,0,0,0,0,37814578,45705265,174333937,104568893952,34700948,1,0,0,0,0,0,0,0,0,0,0,0,0,0,0,0,0,0,0,0,0,0,0,0,0,0,0,0,0,0,0,497409,0,0,0,0,0,0,0
1782296243.334,0,0,0,0,0,0,0,503101776,744999897600,429265605120,0,0,0,0,0,0,0,0,0,0,0,0,0,0,0,0,0,0,0,0,0,0,0,0,0,0,0,0,0,0,0,0,0,0,0,0,0,0,0,0,0,0,0,0,0,0,0,0,0,0,0,0,0,0,0,0,0,0,7,1781577,45586243,17896272,0,0,0,0,0,0,0,0,0,0,0,0,0,0,0,0,0,0,0,0,0,0,0,0,0,0,0,0,0,0,0,0,0,0,0,0,0,12862357504,4253974528,785056,259642,17833854,1280,0,96,786432,44698085,812144,4,2413600653,12884901888,19575,538067174,0,0,0,0,0,0,0,0,0,0,0,0,0,0,0,0,0,0,10525260,110415054,0,468,1202,7661,620,21050862,35,0,0,0,0,0,0,0,1,0,0,0,0,0,0,0,0,0,0,15001584,0,17833464,179578,0,0,0,0,0,0,0,0,16384,0,0,0,0,0,0,0,0,0,0,0,1987,408,0,0,0,0,0,31990475,0,152,0,4,407,1987,0,0,0,0,0,0,0,0,0,0,0,0,0,0,0,0,0,0,0,0,0,0,0,0,0,0,0,0,0,0,0,0,0,0,0,0,0,0,0,0,0,0,0,0,0,0,0,0,0,0,0,0,0,0,156044069,0,0,0,361163405,0,0,0,0,0,0,0,37847849,45770156,174425524,104608964608,34730822,1,0,0,0,0,0,0,0,0,0,0,0,0,0,0,0,0,0,0,0,0,0,0,0,0,0,0,0,0,0,0,502158,0,0,0,0,0,0,0
1782296244.402,0,0,0,0,0,0,0,503271155,746033695232,429600373760,0,0,0,0,0,0,0,0,0,0,0,0,0,0,0,0,0,0,0,0,0,0,0,0,0,0,0,0,0,0,0,0,0,0,0,0,0,0,0,0,0,0,0,0,0,0,0,0,0,0,0,0,0,0,0,0,0,0,7,1781690,45649518,17913401,0,0,0,0,0,0,0,0,0,0,0,0,0,0,0,0,0,0,0,0,0,0,0,0,0,0,0,0,0,0,0,0,0,0,0,0,0,12850151424,4277714944,784311,261091,17850686,2023,0,96,786432,44761284,812144,4,2414537612,12884901888,19575,538270123,0,0,0,0,0,0,0,0,0,0,0,0,0,0,0,0,0,0,10529998,110419792,0,468,1202,7661,620,21060340,35,0,0,0,0,0,0,0,1,0,0,0,0,0,0,0,0,0,0,15006915,0,17850601,179763,0,0,0,0,0,0,0,0,16384,0,0,0,0,0,0,0,0,0,0,0,1988,408,0,0,0,0,0,32004884,0,152,0,4,407,1988,0,0,0,0,0,0,0,0,0,0,0,0,0,0,0,0,0,0,0,0,0,0,0,0,0,0,0,0,0,0,0,0,0,0,0,0,0,0,0,0,0,0,0,0,0,0,0,0,0,0,0,0,0,0,156131143,0,0,0,361279110,0,0,0,0,0,0,0,37880825,45833235,174529862,104655115264,34760401,0,0,0,0,0,0,0,0,0,0,0,0,0,0,0,0,0,0,0,0,0,0,0,0,0,0,0,0,0,0,0,468498,0,0,0,0,0,0,0
1782296245.469,0,0,0,0,0,0,0,503448283,747086498304,429928126464,0,0,0,0,0,0,0,0,0,0,0,0,0,0,0,0,0,0,0,0,0,0,0,0,0,0,0,0,0,0,0,0,0,0,0,0,0,0,0,0,0,0,0,0,0,0,0,0,0,0,0,0,0,0,0,0,0,0,7,1781961,45713947,17930567,0,0,0,0,0,0,0,0,0,0,0,0,0,0,0,0,0,0,0,0,0,0,0,0,0,0,0,0,0,0,0,0,0,0,0,0,0,12850593792,4279042048,784338,261172,17868114,1997,0,96,786432,44825611,812144,4,2415419664,12884901888,19575,538389882,0,0,0,0,0,0,0,0,0,0,0,0,0,0,0,0,0,0,10534723,110424516,0,468,1202,7661,620,21069789,35,0,0,0,0,0,0,0,1,0,0,0,0,0,0,0,0,0,0,15012228,0,17867724,179956,0,0,0,0,0,0,0,0,16384,0,0,0,0,0,0,0,0,0,0,0,1989,408,0,0,0,0,0,32019238,0,152,0,4,407,1989,0,0,0,0,0,0,0,0,0,0,0,0,0,0,0,0,0,0,0,0,0,0,0,0,0,0,0,0,0,0,0,0,0,0,0,0,0,0,0,0,0,0,0,0,0,0,0,0,0,0,0,0,0,0,156205905,0,0,0,361359739,0,0,0,0,0,0,0,37913766,45897480,174621919,104695350784,34789972,0,0,0,0,0,0,0,0,0,0,0,0,0,0,0,0,0,0,0,0,0,0,0,0,0,0,0,0,0,0,0,473221,0,0,0,0,0,0,0
1782296246.537,0,0,0,0,0,0,0,503624255,748139072000,430251646464,0,0,0,0,0,0,0,0,0,0,0,0,0,0,0,0,0,0,0,0,0,0,0,0,0,0,0,0,0,0,0,0,0,0,0,0,0,0,0,0,0,0,0,0,0,0,0,0,0,0,0,0,0,0,0,0,0,0,7,1782164,45778352,17947545,0,0,0,0,0,0,0,0,0,0,0,0,0,0,0,0,0,0,0,0,0,0,0,0,0,0,0,0,0,0,0,0,0,0,0,0,0,12857114624,4280270848,784737,261247,17884999,1597,0,107,786432,44889925,812144,4,2416296183,12884901888,19575,538508124,0,0,0,0,0,0,0,0,0,0,0,0,0,0,0,0,0,0,10539425,110429220,0,468,1202,7661,620,21079192,35,0,0,0,0,0,0,0,1,0,0,0,0,0,0,0,0,0,0,15017520,0,17884737,180148,0,0,0,0,0,0,0,0,16384,0,0,0,0,0,0,0,0,0,0,0,1990,408,0,0,0,0,0,32033553,0,152,0,4,407,1990,0,0,0,0,0,0,0,0,0,0,0,0,0,0,0,0,0,0,0,0,0,0,0,0,0,0,0,0,0,0,0,0,0,0,0,0,0,0,0,0,0,0,0,0,0,0,0,0,0,0,0,0,0,0,156279378,0,0,0,361439739,0,0,0,0,0,0,0,37946342,45961702,174712487,104734671872,34819226,0,0,0,0,0,0,0,0,0,0,0,0,0,0,0,0,0,0,0,0,0,0,0,0,0,0,0,0,0,0,0,477927,0,0,0,0,0,0,0
1782296247.601,0,0,0,0,0,0,0,503796262,749166676480,430569454592,0,0,0,0,0,0,0,0,0,0,0,0,0,0,0,0,0,0,0,0,0,0,0,0,0,0,0,0,0,0,0,0,0,0,0,0,0,0,0,0,0,0,0,0,0,0,0,0,0,0,0,0,0,0,0,0,0,0,7,1782333,45841272,17964179,0,0,0,0,0,0,0,0,0,0,0,0,0,0,0,0,0,0,0,0,0,0,0,0,0,0,0,0,0,0,0,0,0,0,0,0,0,12861652992,4283088896,785014,261419,17901633,1322,0,96,786432,44952751,812144,4,2417153958,12884901888,19575,538623948,0,0,0,0,0,0,0,0,0,0,0,0,0,0,0,0,0,0,10544003,110433797,0,468,1202,7661,620,21088353,35,0,0,0,0,0,0,0,1,0,0,0,0,0,0,0,0,0,0,15022670,0,17901371,180334,0,0,0,0,0,0,0,0,16384,0,0,0,0,0,0,0,0,0,0,0,1991,408,0,0,0,0,0,32047477,0,152,0,4,407,1991,0,0,0,0,0,0,0,0,0,0,0,0,0,0,0,0,0,0,0,0,0,0,0,0,0,0,0,0,0,0,0,0,0,0,0,0,0,0,0,0,0,0,0,0,0,0,0,0,0,0,0,0,0,0,156352951,0,0,0,361518076,0,0,0,0,0,0,0,37975970,46024406,174802819,104773939712,34845589,1,0,0,0,0,0,0,0,0,0,0,0,0,0,0,0,0,0,0,0,0,0,0,0,0,0,0,0,0,0,0,482504,0,0,0,0,0,0,0
1782296248.671,0,0,0,0,0,0,0,503967957,750189726208,430894831616,0,0,0,0,0,0,0,0,0,0,0,0,0,0,0,0,0,0,0,0,0,0,0,0,0,0,0,0,0,0,0,0,0,0,0,0,0,0,0,0,0,0,0,0,0,0,0,0,0,0,0,0,0,0,0,0,0,0,7,1782506,45903902,17981269,0,0,0,0,0,0,0,0,0,0,0,0,0,0,0,0,0,0,0,0,0,0,0,0,0,0,0,0,0,0,0,0,0,0,0,0,0,12867584000,4276666368,785375,261027,17918851,961,0,96,786432,45015279,812144,4,2418006994,12884901888,19575,538739839,0,0,0,0,0,0,0,0,0,0,0,0,0,0,0,0,0,0,10548596,110438390,0,468,1202,7661,620,21097539,35,0,0,0,0,0,0,0,1,0,0,0,0,0,0,0,0,0,0,15027837,0,17918461,180532,0,0,0,0,0,0,0,0,16384,0,0,0,0,0,0,0,0,0,0,0,1992,408,0,0,0,0,0,32061431,0,152,0,4,407,1992,0,0,0,0,0,0,0,0,0,0,0,0,0,0,0,0,0,0,0,0,0,0,0,0,0,0,0,0,0,0,0,0,0,0,0,0,0,0,0,0,0,0,0,0,0,0,0,0,0,0,0,0,0,0,156425872,0,0,0,361596070,0,0,0,0,0,0,0,38005948,46086833,174892952,104813033984,34872254,0,0,0,0,0,0,0,0,0,0,0,0,0,0,0,0,0,0,0,0,0,0,0,0,0,0,0,0,0,0,0,487097,0,0,0,0,0,0,0
1782296249.739,0,0,0,0,0,0,0,504144053,751242643968,431220125696,0,0,0,0,0,0,0,0,0,0,0,0,0,0,0,0,0,0,0,0,0,0,0,0,0,0,0,0,0,0,0,0,0,0,0,0,0,0,0,0,0,0,0,0,0,0,0,0,0,0,0,0,0,0,0,0,0,0,7,1782596,45968341,17998332,0,0,0,0,0,0,0,0,0,0,0,0,0,0,0,0,0,0,0,0,0,0,0,0,0,0,0,0,0,0,0,0,0,0,0,0,0,12855083008,4276191232,784612,260998,17935914,1724,0,96,786432,45079624,812144,4,2418883097,12884901888,19575,538858196,0,0,0,0,0,0,0,0,0,0,0,0,0,0,0,0,0,0,10553324,110443119,0,468,1202,7661,620,21106990,35,0,0,0,0,0,0,0,1,0,0,0,0,0,0,0,0,0,0,15033156,0,17935524,180731,0,0,0,0,0,0,0,0,16384,0,0,0,0,0,0,0,0,0,0,0,1994,408,0,0,0,0,0,32075803,0,152,0,4,407,1994,0,0,0,0,0,0,0,0,0,0,0,0,0,0,0,0,0,0,0,0,0,0,0,0,0,0,0,0,0,0,0,0,0,0,0,0,0,0,0,0,0,0,0,0,0,0,0,0,0,0,0,0,0,0,156499514,0,0,0,361676279,0,0,0,0,0,0,0,38038784,46151050,174983810,104852287488,34901611,1,0,0,0,0,0,0,0,0,0,0,0,0,0,0,0,0,0,0,0,0,0,0,0,0,0,0,0,0,0,0,491825,0,0,0,0,0,0,0
1782296250.808,0,0,0,0,0,0,0,504314333,752282749440,431560017408,0,0,0,0,0,0,0,0,0,0,0,0,0,0,0,0,0,0,0,0,0,0,0,0,0,0,0,0,0,0,0,0,0,0,0,0,0,0,0,0,0,0,0,0,0,0,0,0,0,0,0,0,0,0,0,0,0,0,7,1782837,46031980,18015748,0,0,0,0,0,0,0,0,0,0,0,0,0,0,0,0,0,0,0,0,0,0,0,0,0,0,0,0,0,0,0,0,0,0,0,0,0,12856770560,4303552512,784715,262668,17953330,1619,0,96,786432,45143162,812144,4,2419827251,12884901888,19575,539062070,0,0,0,0,0,0,0,0,0,0,0,0,0,0,0,0,0,0,10558110,110447904,0,468,1202,7661,620,21116564,35,0,0,0,0,0,0,0,1,0,0,0,0,0,0,0,0,0,0,15038538,0,17952940,180928,0,0,0,0,0,0,0,0,16384,0,0,0,0,0,0,0,0,0,0,0,1995,408,0,0,0,0,0,32090356,0,152,0,4,407,1995,0,0,0,0,0,0,0,0,0,0,0,0,0,0,0,0,0,0,0,0,0,0,0,0,0,0,0,0,0,0,0,0,0,0,0,0,0,0,0,0,0,0,0,0,0,0,0,0,0,0,0,0,0,0,156587492,0,0,0,361792500,0,0,0,0,0,0,0,38072093,46214506,175089315,104898784768,34931571,1,1,0,0,0,0,0,0,0,0,0,0,0,0,0,0,0,0,0,0,0,0,0,0,0,0,0,0,0,0,0,458210,0,0,0,0,0,0,0
1782296251.874,0,0,0,0,0,0,0,504492632,753333291520,431887975424,0,0,0,0,0,0,0,0,0,0,0,0,0,0,0,0,0,0,0,0,0,0,0,0,0,0,0,0,0,0,0,0,0,0,0,0,0,0,0,0,0,0,0,0,0,0,0,0,0,0,0,0,0,0,0,0,0,0,7,1783060,46096261,18032938,0,0,0,0,0,0,0,0,0,0,0,0,0,0,0,0,0,0,0,0,0,0,0,0,0,0,0,0,0,0,0,0,0,0,0,0,0,12854624256,4302290944,784584,262591,17970520,1750,0,98,786432,45207340,812144,4,2420713919,12884901888,19575,539182786,0,0,0,0,0,0,0,0,0,0,0,0,0,0,0,0,0,0,10562846,110452640,0,468,1202,7661,620,21126033,35,0,0,0,0,0,0,0,1,0,0,0,0,0,0,0,0,0,0,15043867,0,17970130,181115,0,0,0,0,0,0,0,0,16384,0,0,0,0,0,0,0,0,0,0,0,1996,408,0,0,0,0,0,32104761,0,152,0,4,407,1996,0,0,0,0,0,0,0,0,0,0,0,0,0,0,0,0,0,0,0,0,0,0,0,0,0,0,0,0,0,0,0,0,0,0,0,0,0,0,0,0,0,0,0,0,0,0,0,0,0,0,0,0,0,0,156661738,0,0,0,361873567,0,0,0,0,0,0,0,38104961,46278593,175180877,104938736128,34961055,0,0,0,0,0,0,0,0,0,0,0,0,0,0,0,0,0,0,0,0,0,0,0,0,0,0,0,0,0,0,0,462947,0,0,0,0,0,0,0
1782296252.942,0,0,0,0,0,0,0,504668979,754390321664,432215508480,0,0,0,0,0,0,0,0,0,0,0,0,0,0,0,0,0,0,0,0,0,0,0,0,0,0,0,0,0,0,0,0,0,0,0,0,0,0,0,0,0,0,0,0,0,0,0,0,0,0,0,0,0,0,0,0,0,0,7,1783156,46160951,18050088,0,0,0,0,0,0,0,0,0,0,0,0,0,0,0,0,0,0,0,0,0,0,0,0,0,0,0,0,0,0,0,0,0,0,0,0,0,12852019200,4299997184,784425,262451,17987670,1910,0,96,786432,45271930,812144,4,2421592339,12884901888,19575,539301368,0,0,0,0,0,0,0,0,0,0,0,0,0,0,0,0,0,0,10567569,110457363,0,468,1202,7661,620,21135482,35,0,0,0,0,0,0,0,1,0,0,0,0,0,0,0,0,0,0,15049179,0,17987280,181313,0,0,0,0,0,0,0,0,16384,0,0,0,0,0,0,0,0,0,0,0,1997,408,0,0,0,0,0,32119135,0,152,0,4,407,1997,0,0,0,0,0,0,0,0,0,0,0,0,0,0,0,0,0,0,0,0,0,0,0,0,0,0,0,0,0,0,0,0,0,0,0,0,0,0,0,0,0,0,0,0,0,0,0,0,0,0,0,0,0,0,156736431,0,0,0,361953859,0,0,0,0,0,0,0,38138080,46343076,175272849,104978804224,34990706,0,1,0,0,0,0,0,0,0,0,0,0,0,0,0,0,0,0,0,0,0,0,0,0,0,0,0,0,0,0,0,467670,0,0,0,0,0,0,0
1782296254.010,0,0,0,0,0,0,0,504847035,755446467072,432541795840,0,0,0,0,0,0,0,0,0,0,0,0,0,0,0,0,0,0,0,0,0,0,0,0,0,0,0,0,0,0,0,0,0,0,0,0,0,0,0,0,0,0,0,0,0,0,0,0,0,0,0,0,0,0,0,0,0,0,7,1783274,46225575,18067181,0,0,0,0,0,0,0,0,0,0,0,0,0,0,0,0,0,0,0,0,0,0,0,0,0,0,0,0,0,0,0,0,0,0,0,0,0,12854788096,4299472896,784594,262419,18004763,1740,0,98,786432,45336456,812144,4,2422479641,12884901888,19575,539422027,0,0,0,0,0,0,0,0,0,0,0,0,0,0,0,0,0,0,10572311,110462106,0,468,1202,7661,620,21144966,35,0,0,0,0,0,0,0,1,0,0,0,0,0,0,0,0,0,0,15054514,0,18004373,181505,0,0,0,0,0,0,0,0,16384,0,0,0,0,0,0,0,0,0,0,0,1998,408,0,0,0,0,0,32133533,0,152,0,4,407,1998,0,0,0,0,0,0,0,0,0,0,0,0,0,0,0,0,0,0,0,0,0,0,0,0,0,0,0,0,0,0,0,0,0,0,0,0,0,0,0,0,0,0,0,0,0,0,0,0,0,0,0,0,0,0,156811282,0,0,0,362034805,0,0,0,0,0,0,0,38171244,46407488,175364899,105018823168,35020493,0,0,0,0,0,0,0,0,0,0,0,0,0,0,0,0,0,0,0,0,0,0,0,0,0,0,0,0,0,0,0,472413,0,0,0,0,0,0,0
1782296255.079,0,0,0,0,0,0,0,505023504,756495059456,432874326016,0,0,0,0,0,0,0,0,0,0,0,0,0,0,0,0,0,0,0,0,0,0,0,0,0,0,0,0,0,0,0,0,0,0,0,0,0,0,0,0,0,0,0,0,0,0,0,0,0,0,0,0,0,0,0,0,0,0,7,1783356,46289745,18084662,0,0,0,0,0,0,0,0,0,0,0,0,0,0,0,0,0,0,0,0,0,0,0,0,0,0,0,0,0,0,0,0,0,0,0,0,0,12854624256,4287381504,784584,261681,18021969,1752,0,96,786432,45400516,812144,4,2423358216,12884901888,19575,539541304,0,0,0,0,0,0,0,0,0,0,0,0,0,0,0,0,0,0,10577011,110466805,0,468,1202,7661,620,21154366,35,0,0,0,0,0,0,0,1,0,0,0,0,0,0,0,0,0,0,15059800,0,18021835,181693,0,0,0,0,0,0,0,0,16384,0,0,0,0,0,0,0,0,0,0,0,1999,408,0,0,0,0,0,32147838,0,152,0,4,407,1999,0,0,0,0,0,0,0,0,0,0,0,0,0,0,0,0,0,0,0,0,0,0,0,0,0,0,0,0,0,0,0,0,0,0,0,0,0,0,0,0,0,0,0,0,0,0,0,0,0,0,0,0,0,0,156885727,0,0,0,362115038,0,0,0,0,0,0,0,38204035,46471446,175456954,105058660352,35049895,1,0,0,0,0,0,0,0,0,0,0,0,0,0,0,0,0,0,0,0,0,0,0,0,0,0,0,0,0,0,0,477112,0,0,0,0,0,0,0
1782296256.144,0,0,0,0,0,0,0,505189193,757482932736,433227662336,0,0,0,0,0,0,0,0,0,0,0,0,0,0,0,0,0,0,0,0,0,0,0,0,0,0,0,0,0,0,0,0,0,0,0,0,0,0,0,0,0,0,0,0,0,0,0,0,0,0,0,0,0,0,0,0,0,0,7,1783506,46350223,18103484,0,0,0,0,0,0,0,0,0,0,0,0,0,0,0,0,0,0,0,0,0,0,0,0,0,0,0,0,0,0,0,0,0,0,0,0,0,12854001664,4243357696,784546,258994,18037761,1790,0,96,786432,45460886,812144,4,2424187733,12884901888,19575,539658607,0,0,0,0,0,0,0,0,0,0,0,0,0,0,0,0,0,0,10581457,110471252,0,468,1202,7661,620,21163260,35,0,0,0,0,0,0,0,1,0,0,0,0,0,0,0,0,0,0,15064801,0,18040571,181898,0,0,0,0,0,0,0,0,16384,0,0,0,0,0,0,0,0,0,0,0,2000,408,0,0,0,0,0,32161353,0,152,0,4,407,2000,0,0,0,0,0,0,0,0,0,0,0,0,0,0,0,0,0,0,0,0,0,0,0,0,0,0,0,0,0,0,0,0,0,0,0,0,0,0,0,0,0,0,0,0,0,0,0,0,0,0,0,0,0,0,156959385,0,0,0,362193270,0,0,0,0,0,0,0,38231578,46531759,175549586,105097871360,35074206,1,0,0,0,0,0,0,0,0,0,0,0,0,0,0,0,0,0,0,0,0,0,0,0,0,0,0,0,0,0,0,478852,0,0,0,0,0,0,0
1782296257.211,0,0,0,0,0,0,0,505352278,758481537536,433561119744,0,0,0,0,0,0,0,0,0,0,0,0,0,0,0,0,0,0,0,0,0,0,0,0,0,0,0,0,0,0,0,0,0,0,0,0,0,0,0,0,0,0,0,0,0,0,0,0,0,0,0,0,0,0,0,0,0,0,7,1783713,46411335,18120558,0,0,0,0,0,0,0,0,0,0,0,0,0,0,0,0,0,0,0,0,0,0,0,0,0,0,0,0,0,0,0,0,0,0,0,0,0,12852658176,4257529856,784464,259859,18058140,1871,0,96,786432,45521920,812144,4,2425085882,12884901888,19575,539848881,0,0,0,0,0,0,0,0,0,0,0,0,0,0,0,0,0,0,10586061,110475855,0,468,1202,7661,620,21172473,35,0,0,0,0,0,0,0,1,0,0,0,0,0,0,0,0,0,0,15069980,0,18057750,182090,0,0,0,0,0,0,0,0,16384,0,0,0,0,0,0,0,0,0,0,0,2001,408,0,0,0,0,0,32175347,0,152,0,4,407,2001,0,0,0,0,0,0,0,0,0,0,0,0,0,0,0,0,0,0,0,0,0,0,0,0,0,0,0,0,0,0,0,0,0,0,0,0,0,0,0,0,0,0,0,0,0,0,0,0,0,0,0,0,0,0,157047754,0,0,0,362303540,0,0,0,0,0,0,0,38261325,46592694,175655117,105144551424,35100679,1,1,0,0,0,0,0,0,0,0,0,0,0,0,0,0,0,0,0,0,0,0,0,0,0,0,0,0,0,0,0,447762,0,0,0,0,0,0,0
1782296258.276,0,0,0,0,0,0,0,505530958,759548971520,433887043072,0,0,0,0,0,0,0,0,0,0,0,0,0,0,0,0,0,0,0,0,0,0,0,0,0,0,0,0,0,0,0,0,0,0,0,0,0,0,0,0,0,0,0,0,0,0,0,0,0,0,0,0,0,0,0,0,0,0,7,1783905,46476676,18137587,0,0,0,0,0,0,0,0,0,0,0,0,0,0,0,0,0,0,0,0,0,0,0,0,0,0,0,0,0,0,0,0,0,0,0,0,0,12857475072,4263165952,784758,260203,18075169,1575,0,98,786432,45587153,812144,4,2425975309,12884901888,19575,539969031,0,0,0,0,0,0,0,0,0,0,0,0,0,0,0,0,0,0,10590836,110480630,0,468,1202,7661,620,21182015,35,0,0,0,0,0,0,0,1,0,0,0,0,0,0,0,0,0,0,15075351,0,18074779,182284,0,0,0,0,0,0,0,0,16384,0,0,0,0,0,0,0,0,0,0,0,2002,408,0,0,0,0,0,32189862,0,152,0,4,407,2002,0,0,0,0,0,0,0,0,0,0,0,0,0,0,0,0,0,0,0,0,0,0,0,0,0,0,0,0,0,0,0,0,0,0,0,0,0,0,0,0,0,0,0,0,0,0,0,0,0,0,0,0,0,0,157123532,0,0,0,362384904,0,0,0,0,0,0,0,38294700,46657848,175748050,105185172480,35130669,1,1,0,0,0,0,0,0,0,0,0,0,0,0,0,0,0,0,0,0,0,0,0,0,0,0,0,0,0,0,0,452535,0,0,0,0,0,0,0
1782296259.343,0,0,0,0,0,0,0,505708586,760603494912,434212609536,0,0,0,0,0,0,0,0,0,0,0,0,0,0,0,0,0,0,0,0,0,0,0,0,0,0,0,0,0,0,0,0,0,0,0,0,0,0,0,0,0,0,0,0,0,0,0,0,0,0,0,0,0,0,0,0,0,0,7,1784062,46541203,18154523,0,0,0,0,0,0,0,0,0,0,0,0,0,0,0,0,0,0,0,0,0,0,0,0,0,0,0,0,0,0,0,0,0,0,0,0,0,12854886400,4268310528,784600,260517,18092105,1736,0,96,786432,45651585,812144,4,2426859510,12884901888,19575,540088521,0,0,0,0,0,0,0,0,0,0,0,0,0,0,0,0,0,0,10595582,110485377,0,468,1202,7661,620,21191507,35,0,0,0,0,0,0,0,1,0,0,0,0,0,0,0,0,0,0,15080690,0,18091715,182477,0,0,0,0,0,0,0,0,16384,0,0,0,0,0,0,0,0,0,0,0,2003,408,0,0,0,0,0,32204303,0,152,0,4,407,2003,0,0,0,0,0,0,0,0,0,0,0,0,0,0,0,0,0,0,0,0,0,0,0,0,0,0,0,0,0,0,0,0,0,0,0,0,0,0,0,0,0,0,0,0,0,0,0,0,0,0,0,0,0,0,157201479,0,0,0,362465843,0,0,0,0,0,0,0,38329173,46722192,175843067,105226807808,35161743,1,0,0,0,0,0,0,0,0,0,0,0,0,0,0,0,0,0,0,0,0,0,0,0,0,0,0,0,0,0,0,457284,0,0,0,0,0,0,0
1782296260.411,0,0,0,0,0,0,0,505886342,761656510976,434542998528,0,0,0,0,0,0,0,0,0,0,0,0,0,0,0,0,0,0,0,0,0,0,0,0,0,0,0,0,0,0,0,0,0,0,0,0,0,0,0,0,0,0,0,0,0,0,0,0,0,0,0,0,0,0,0,0,0,0,7,1784190,46605642,18171828,0,0,0,0,0,0,0,0,0,0,0,0,0,0,0,0,0,0,0,0,0,0,0,0,0,0,0,0,0,0,0,0,0,0,0,0,0,12854607872,4262756352,784583,260179,18109385,1754,0,96,786432,45715918,812144,4,2427743784,12884901888,19575,540207697,0,0,0,0,0,0,0,0,0,0,0,0,0,0,0,0,0,0,10600331,110490126,0,468,1202,7661,620,21201005,35,0,0,0,0,0,0,0,1,0,0,0,0,0,0,0,0,0,0,15086033,0,18109033,182668,0,0,0,0,0,0,0,0,16384,0,0,0,0,0,0,0,0,0,0,0,2004,408,0,0,0,0,0,32218740,0,152,0,4,407,2004,0,0,0,0,0,0,0,0,0,0,0,0,0,0,0,0,0,0,0,0,0,0,0,0,0,0,0,0,0,0,0,0,0,0,0,0,0,0,0,0,0,0,0,0,0,0,0,0,0,0,0,0,0,0,157277061,0,0,0,362546851,0,0,0,0,0,0,0,38362107,46786452,175936072,105267213312,35191300,1,0,0,0,0,0,0,0,0,0,0,0,0,0,0,0,0,0,0,0,0,0,0,0,0,0,0,0,0,0,0,462032,0,0,0,0,0,0,0
1782296261.480,0,0,0,0,0,0,0,506062437,762704710144,434862865408,0,0,0,0,0,0,0,0,0,0,0,0,0,0,0,0,0,0,0,0,0,0,0,0,0,0,0,0,0,0,0,0,0,0,0,0,0,0,0,0,0,0,0,0,0,0,0,0,0,0,0,0,0,0,0,0,0,0,7,1784319,46669813,18188523,0,0,0,0,0,0,0,0,0,0,0,0,0,0,0,0,0,0,0,0,0,0,0,0,0,0,0,0,0,0,0,0,0,0,0,0,0,12857491456,4266639360,784759,260415,18126105,1576,0,96,786432,45779991,812144,4,2428621484,12884901888,19575,540325654,0,0,0,0,0,0,0,0,0,0,0,0,0,0,0,0,0,0,10605062,110494856,0,468,1202,7661,620,21210471,35,0,0,0,0,0,0,0,1,0,0,0,0,0,0,0,0,0,0,15091353,0,18125715,182859,0,0,0,0,0,0,0,0,16384,0,0,0,0,0,0,0,0,0,0,0,2005,408,0,0,0,0,0,32233159,0,152,0,4,407,2005,0,0,0,0,0,0,0,0,0,0,0,0,0,0,0,0,0,0,0,0,0,0,0,0,0,0,0,0,0,0,0,0,0,0,0,0,0,0,0,0,0,0,0,0,0,0,0,0,0,0,0,0,0,0,157351465,0,0,0,362627111,0,0,0,0,0,0,0,38395225,46850422,176027274,105307203584,35221014,1,1,0,0,0,0,0,0,0,0,0,0,0,0,0,0,0,0,0,0,0,0,0,0,0,0,0,0,0,0,0,466763,0,0,0,0,0,0,0
1782296262.548,0,0,0,0,0,0,0,506232237,763735525888,435188660224,0,0,0,0,0,0,0,0,0,0,0,0,0,0,0,0,0,0,0,0,0,0,0,0,0,0,0,0,0,0,0,0,0,0,0,0,0,0,0,0,0,0,0,0,0,0,0,0,0,0,0,0,0,0,0,0,0,0,7,1784476,46732906,18205039,0,0,0,0,0,0,0,0,0,0,0,0,0,0,0,0,0,0,0,0,0,0,0,0,0,0,0,0,0,0,0,0,0,0,0,0,0,12862078976,4299407360,785039,262415,18142480,1290,0,103,786432,45842972,812144,4,2429562558,12884901888,19575,540529685,0,0,0,0,0,0,0,0,0,0,0,0,0,0,0,0,0,0,10609791,110499585,0,468,1202,7661,620,21219931,35,0,0,0,0,0,0,0,1,0,0,0,0,0,0,0,0,0,0,15096672,0,18142218,183048,0,0,0,0,0,0,0,0,16384,0,0,0,0,0,0,0,0,0,0,0,2006,408,0,0,0,0,0,32247549,0,152,0,4,407,2006,0,0,0,0,0,0,0,0,0,0,0,0,0,0,0,0,0,0,0,0,0,0,0,0,0,0,0,0,0,0,0,0,0,0,0,0,0,0,0,0,0,0,0,0,0,0,0,0,0,0,0,0,0,0,157440837,0,0,0,362743067,0,0,0,0,0,0,0,38428047,46913316,176133259,105354520064,35250628,1,0,0,0,0,0,0,0,0,0,0,0,0,0,0,0,0,0,0,0,0,0,0,0,0,0,0,0,0,0,0,433092,0,0,0,0,0,0,0
1782296263.612,0,0,0,0,0,0,0,506408766,764790163968,435518263296,0,0,0,0,0,0,0,0,0,0,0,0,0,0,0,0,0,0,0,0,0,0,0,0,0,0,0,0,0,0,0,0,0,0,0,0,0,0,0,0,0,0,0,0,0,0,0,0,0,0,0,0,0,0,0,0,0,0,7,1784713,46797442,18222360,0,0,0,0,0,0,0,0,0,0,0,0,0,0,0,0,0,0,0,0,0,0,0,0,0,0,0,0,0,0,0,0,0,0,0,0,0,12858818560,4296835072,784840,262258,18159942,1496,0,97,786432,45907433,812144,4,2430439817,12884901888,19575,540648214,0,0,0,0,0,0,0,0,0,0,0,0,0,0,0,0,0,0,10614514,110504308,0,468,1202,7661,620,21229368,35,0,0,0,0,0,0,0,1,0,0,0,0,0,0,0,0,0,0,15101981,0,18159552,183240,0,0,0,0,0,0,0,0,16384,0,0,0,0,0,0,0,0,0,0,0,2007,408,0,0,0,0,0,32261896,0,152,0,4,407,2007,0,0,0,0,0,0,0,0,0,0,0,0,0,0,0,0,0,0,0,0,0,0,0,0,0,0,0,0,0,0,0,0,0,0,0,0,0,0,0,0,0,0,0,0,0,0,0,0,0,0,0,0,0,0,157515559,0,0,0,362823437,0,0,0,0,0,0,0,38460999,46977663,176225405,105394370560,35280113,1,0,0,0,0,0,0,0,0,0,0,0,0,0,0,0,0,0,0,0,0,0,0,0,0,0,0,0,0,0,0,437811,0,0,0,0,0,0,0
1782296264.682,0,0,0,0,0,0,0,506580333,765812083200,435835904000,0,0,0,0,0,0,0,0,0,0,0,0,0,0,0,0,0,0,0,0,0,0,0,0,0,0,0,0,0,0,0,0,0,0,0,0,0,0,0,0,0,0,0,0,0,0,0,0,0,0,0,0,0,0,0,0,0,0,7,1784894,46859979,18238962,0,0,0,0,0,0,0,0,0,0,0,0,0,0,0,0,0,0,0,0,0,0,0,0,0,0,0,0,0,0,0,0,0,0,0,0,0,12857458688,4297392128,784757,262292,18176544,1579,0,96,786432,45969880,812144,4,2431293909,12884901888,19575,540763733,0,0,0,0,0,0,0,0,0,0,0,0,0,0,0,0,0,0,10619087,110508880,0,468,1202,7661,620,21238519,35,0,0,0,0,0,0,0,1,0,0,0,0,0,0,0,0,0,0,15107125,0,18176154,183421,0,0,0,0,0,0,0,0,16384,0,0,0,0,0,0,0,0,0,0,0,2008,408,0,0,0,0,0,32275797,0,152,0,4,407,2008,0,0,0,0,0,0,0,0,0,0,0,0,0,0,0,0,0,0,0,0,0,0,0,0,0,0,0,0,0,0,0,0,0,0,0,0,0,0,0,0,0,0,0,0,0,0,0,0,0,0,0,0,0,0,157589479,0,0,0,362901487,0,0,0,0,0,0,0,38491264,47039994,176316021,105433986560,35307292,1,0,0,0,0,0,0,0,0,0,0,0,0,0,0,0,0,0,0,0,0,0,0,0,0,0,0,0,0,0,0,442388,0,0,0,0,0,0,0
1782296265.749,0,0,0,0,0,0,0,506756055,766853515776,436158075904,0,0,0,0,0,0,0,0,0,0,0,0,0,0,0,0,0,0,0,0,0,0,0,0,0,0,0,0,0,0,0,0,0,0,0,0,0,0,0,0,0,0,0,0,0,0,0,0,0,0,0,0,0,0,0,0,0,0,7,1785025,46923708,18255752,0,0,0,0,0,0,0,0,0,0,0,0,0,0,0,0,0,0,0,0,0,0,0,0,0,0,0,0,0,0,0,0,0,0,0,0,0,12857114624,4297687040,784737,262310,18193334,1591,0,102,786432,46033510,812144,4,2432169639,12884901888,19575,540881954,0,0,0,0,0,0,0,0,0,0,0,0,0,0,0,0,0,0,10623759,110513553,0,468,1202,7661,620,21247861,35,0,0,0,0,0,0,0,1,0,0,0,0,0,0,0,0,0,0,15112381,0,18192944,183617,0,0,0,0,0,0,0,0,16384,0,0,0,0,0,0,0,0,0,0,0,2010,408,0,0,0,0,0,32289987,0,152,0,4,407,2010,0,0,0,0,0,0,0,0,0,0,0,0,0,0,0,0,0,0,0,0,0,0,0,0,0,0,0,0,0,0,0,0,0,0,0,0,0,0,0,0,0,0,0,0,0,0,0,0,0,0,0,0,0,0,157665255,0,0,0,362981478,0,0,0,0,0,0,0,38522502,47103555,176408728,105474594304,35335268,1,0,0,0,0,0,0,0,0,0,0,0,0,0,0,0,0,0,0,0,0,0,0,0,0,0,0,0,0,0,0,447060,0,0,0,0,0,0,0
1782296266.821,0,0,0,0,0,0,0,506932760,767906892288,436488818176,0,0,0,0,0,0,0,0,0,0,0,0,0,0,0,0,0,0,0,0,0,0,0,0,0,0,0,0,0,0,0,0,0,0,0,0,0,0,0,0,0,0,0,0,0,0,0,0,0,0,0,0,0,0,0,0,0,0,7,1785183,46988162,18273090,0,0,0,0,0,0,0,0,0,0,0,0,0,0,0,0,0,0,0,0,0,0,0,0,0,0,0,0,0,0,0,0,0,0,0,0,0,12852363264,4292345856,784447,261984,18210544,1889,0,104,786432,46097877,812144,4,2433049554,12884901888,19575,541000403,0,0,0,0,0,0,0,0,0,0,0,0,0,0,0,0,0,0,10628488,110518281,0,468,1202,7661,620,21257320,35,0,0,0,0,0,0,0,1,0,0,0,0,0,0,0,0,0,0,15117695,0,18210282,183813,0,0,0,0,0,0,0,0,16384,0,0,0,0,0,0,0,0,0,0,0,2011,408,0,0,0,0,0,32304360,0,152,0,4,407,2011,0,0,0,0,0,0,0,0,0,0,0,0,0,0,0,0,0,0,0,0,0,0,0,0,0,0,0,0,0,0,0,0,0,0,0,0,0,0,0,0,0,0,0,0,0,0,0,0,0,0,0,0,0,0,157740365,0,0,0,363062089,0,0,0,0,0,0,0,38555546,47167803,176501296,105514751488,35364768,1,0,0,0,0,0,0,0,0,0,0,0,0,0,0,0,0,0,0,0,0,0,0,0,0,0,0,0,0,0,0,451787,0,0,0,0,0,0,0
1782296267.889,0,0,0,0,0,0,0,507111726,768965691904,436807613440,0,0,0,0,0,0,0,0,0,0,0,0,0,0,0,0,0,0,0,0,0,0,0,0,0,0,0,0,0,0,0,0,0,0,0,0,0,0,0,0,0,0,0,0,0,0,0,0,0,0,0,0,0,0,0,0,0,0,7,1785317,47052938,18289675,0,0,0,0,0,0,0,0,0,0,0,0,0,0,0,0,0,0,0,0,0,0,0,0,0,0,0,0,0,0,0,0,0,0,0,0,0,12865667072,4301127680,785258,262520,18227129,1075,0,99,786432,46162559,812144,4,2433939347,12884901888,19575,541121403,0,0,0,0,0,0,0,0,0,0,0,0,0,0,0,0,0,0,10633234,110523027,0,468,1202,7661,620,21266812,35,0,0,0,0,0,0,0,1,0,0,0,0,0,0,0,0,0,0,15123035,0,18226867,183997,0,0,0,0,0,0,0,0,16384,0,0,0,0,0,0,0,0,0,0,0,2012,408,0,0,0,0,0,32318806,0,152,0,4,407,2012,0,0,0,0,0,0,0,0,0,0,0,0,0,0,0,0,0,0,0,0,0,0,0,0,0,0,0,0,0,0,0,0,0,0,0,0,0,0,0,0,0,0,0,0,0,0,0,0,0,0,0,0,0,0,157816179,0,0,0,363143493,0,0,0,0,0,0,0,38588847,47232380,176593796,105555406336,35394923,1,0,0,0,0,0,0,0,0,0,0,0,0,0,0,0,0,0,0,0,0,0,0,0,0,0,0,0,0,0,0,456534,0,0,0,0,0,0,0
1782296268.957,0,0,0,0,0,0,0,507280495,769996196352,437142499328,0,0,0,0,0,0,0,0,0,0,0,0,0,0,0,0,0,0,0,0,0,0,0,0,0,0,0,0,0,0,0,0,0,0,0,0,0,0,0,0,0,0,0,0,0,0,0,0,0,0,0,0,0,0,0,0,0,0,7,1785477,47116009,18306819,0,0,0,0,0,0,0,0,0,0,0,0,0,0,0,0,0,0,0,0,0,0,0,0,0,0,0,0,0,0,0,0,0,0,0,0,0,12855377920,4327161856,784630,264109,18244401,1706,0,97,786432,46225534,812144,4,2434873976,12884901888,19575,541323892,0,0,0,0,0,0,0,0,0,0,0,0,0,0,0,0,0,0,10637969,110527761,0,468,1202,7661,620,21276282,35,0,0,0,0,0,0,0,1,0,0,0,0,0,0,0,0,0,0,15128360,0,18244011,184192,0,0,0,0,0,0,0,0,16384,0,0,0,0,0,0,0,0,0,0,0,2013,408,0,0,0,0,0,32333206,0,152,0,4,407,2013,0,0,0,0,0,0,0,0,0,0,0,0,0,0,0,0,0,0,0,0,0,0,0,0,0,0,0,0,0,0,0,0,0,0,0,0,0,0,0,0,0,0,0,0,0,0,0,0,0,0,0,0,0,0,157903115,0,0,0,363259129,0,0,0,0,0,0,0,38621179,47295269,176697986,105601546240,35423865,1,1,0,0,0,0,0,0,0,0,0,0,0,0,0,0,0,0,0,0,0,0,0,0,0,0,0,0,0,0,0,422870,0,0,0,0,0,0,0
1782296270.026,0,0,0,0,0,0,0,507457045,771045149184,437466333184,0,0,0,0,0,0,0,0,0,0,0,0,0,0,0,0,0,0,0,0,0,0,0,0,0,0,0,0,0,0,0,0,0,0,0,0,0,0,0,0,0,0,0,0,0,0,0,0,0,0,0,0,0,0,0,0,0,0,7,1785697,47180226,18323800,0,0,0,0,0,0,0,0,0,0,0,0,0,0,0,0,0,0,0,0,0,0,0,0,0,0,0,0,0,0,0,0,0,0,0,0,0,12863406080,4329259008,785120,264237,18261382,1215,0,97,786432,46289675,812144,4,2435752484,12884901888,19575,541442395,0,0,0,0,0,0,0,0,0,0,0,0,0,0,0,0,0,0,10642681,110532472,0,468,1202,7661,620,21285706,35,0,0,0,0,0,0,0,1,0,0,0,0,0,0,0,0,0,0,15133660,0,18260992,184383,0,0,0,0,0,0,0,0,16384,0,0,0,0,0,0,0,0,0,0,0,2014,408,0,0,0,0,0,32347516,0,152,0,4,407,2014,0,0,0,0,0,0,0,0,0,0,0,0,0,0,0,0,0,0,0,0,0,0,0,0,0,0,0,0,0,0,0,0,0,0,0,0,0,0,0,0,0,0,0,0,0,0,0,0,0,0,0,0,0,0,157976775,0,0,0,363339547,0,0,0,0,0,0,0,38654434,47359277,176788759,105640886784,35453742,0,0,0,0,0,0,0,0,0,0,0,0,0,0,0,0,0,0,0,0,0,0,0,0,0,0,0,0,0,0,0,427581,0,0,0,0,0,0,0
1782296271.091,0,0,0,0,0,0,0,507633211,772092316160,437806097408,0,0,0,0,0,0,0,0,0,0,0,0,0,0,0,0,0,0,0,0,0,0,0,0,0,0,0,0,0,0,0,0,0,0,0,0,0,0,0,0,0,0,0,0,0,0,0,0,0,0,0,0,0,0,0,0,0,0,7,1785896,47244329,18341697,0,0,0,0,0,0,0,0,0,0,0,0,0,0,0,0,0,0,0,0,0,0,0,0,0,0,0,0,0,0,0,0,0,0,0,0,0,12856868864,4314923008,784721,263362,18278387,1615,0,96,786432,46353688,812144,4,2436629537,12884901888,19575,541560430,0,0,0,0,0,0,0,0,0,0,0,0,0,0,0,0,0,0,10647397,110537189,0,468,1202,7661,620,21295142,35,0,0,0,0,0,0,0,1,0,0,0,0,0,0,0,0,0,0,15138966,0,18278765,184583,0,0,0,0,0,0,0,0,16384,0,0,0,0,0,0,0,0,0,0,0,2015,408,0,0,0,0,0,32361873,0,152,0,4,407,2015,0,0,0,0,0,0,0,0,0,0,0,0,0,0,0,0,0,0,0,0,0,0,0,0,0,0,0,0,0,0,0,0,0,0,0,0,0,0,0,0,0,0,0,0,0,0,0,0,0,0,0,0,0,0,158050616,0,0,0,363419876,0,0,0,0,0,0,0,38687194,47423184,176880648,105680568320,35483184,1,0,0,0,0,0,0,0,0,0,0,0,0,0,0,0,0,0,0,0,0,0,0,0,0,0,0,0,0,0,0,432298,0,0,0,0,0,0,0
1782296272.160,0,0,0,0,0,0,0,507808564,773134846464,438176108544,0,0,0,0,0,0,0,0,0,0,0,0,0,0,0,0,0,0,0,0,0,0,0,0,0,0,0,0,0,0,0,0,0,0,0,0,0,0,0,0,0,0,0,0,0,0,0,0,0,0,0,0,0,0,0,0,0,0,7,1786061,47308126,18361544,0,0,0,0,0,0,0,0,0,0,0,0,0,0,0,0,0,0,0,0,0,0,0,0,0,0,0,0,0,0,0,0,0,0,0,0,0,12860850176,4265263104,784964,260331,18299126,1372,0,96,786432,46417394,812144,4,2437501526,12884901888,19575,541678173,0,0,0,0,0,0,0,0,0,0,0,0,0,0,0,0,0,0,10652059,110541851,0,468,1202,7661,620,21304463,35,0,0,0,0,0,0,0,1,0,0,0,0,0,0,0,0,0,0,15144209,0,18298736,184805,0,0,0,0,0,0,0,0,16384,0,0,0,0,0,0,0,0,0,0,0,2016,408,0,0,0,0,0,32376043,0,152,0,4,407,2016,0,0,0,0,0,0,0,0,0,0,0,0,0,0,0,0,0,0,0,0,0,0,0,0,0,0,0,0,0,0,0,0,0,0,0,0,0,0,0,0,0,0,0,0,0,0,0,0,0,0,0,0,0,0,158124914,0,0,0,363499635,0,0,0,0,0,0,0,38719973,47486756,176974927,105720045056,35512154,0,0,0,0,0,0,0,0,0,0,0,0,0,0,0,0,0,0,0,0,0,0,0,0,0,0,0,0,0,0,0,436960,0,0,0,0,0,0,0
1782296273.228,0,0,0,0,0,0,0,507979562,774151883264,438493847040,0,0,0,0,0,0,0,0,0,0,0,0,0,0,0,0,0,0,0,0,0,0,0,0,0,0,0,0,0,0,0,0,0,0,0,0,0,0,0,0,0,0,0,0,0,0,0,0,0,0,0,0,0,0,0,0,0,0,7,1786211,47370344,18378174,0,0,0,0,0,0,0,0,0,0,0,0,0,0,0,0,0,0,0,0,0,0,0,0,0,0,0,0,0,0,0,0,0,0,0,0,0,12880707584,4261445632,786176,260098,18315756,159,0,97,786432,46479512,812144,4,2438352104,12884901888,19575,541792040,0,0,0,0,0,0,0,0,0,0,0,0,0,0,0,0,0,0,10656655,110546446,0,468,1202,7661,620,21313659,35,0,0,0,0,0,0,0,1,0,0,0,0,0,0,0,0,0,0,15149376,0,18315366,184977,0,0,0,0,0,0,0,0,16384,0,0,0,0,0,0,0,0,0,0,0,2017,408,0,0,0,0,0,32390005,0,152,0,4,407,2017,0,0,0,0,0,0,0,0,0,0,0,0,0,0,0,0,0,0,0,0,0,0,0,0,0,0,0,0,0,0,0,0,0,0,0,0,0,0,0,0,0,0,0,0,0,0,0,0,0,0,0,0,0,0,158198507,0,0,0,363577657,0,0,0,0,0,0,0,38748830,47548794,177065250,105759375360,35538093,1,1,0,0,0,0,0,0,0,0,0,0,0,0,0,0,0,0,0,0,0,0,0,0,0,0,0,0,0,0,0,441553,0,0,0,0,0,0,0
1782296274.295,0,0,0,0,0,0,0,508147293,775163267584,438814302208,0,0,0,0,0,0,0,0,0,0,0,0,0,0,0,0,0,0,0,0,0,0,0,0,0,0,0,0,0,0,0,0,0,0,0,0,0,0,0,0,0,0,0,0,0,0,0,0,0,0,0,0,0,0,0,0,0,0,7,1786300,47432243,18394902,0,0,0,0,0,0,0,0,0,0,0,0,0,0,0,0,0,0,0,0,0,0,0,0,0,0,0,0,0,0,0,0,0,0,0,0,0,12852789248,4261117952,784472,260077,18332484,1864,0,96,786432,46541317,812144,4,2439205938,12884901888,19575,541923296,0,0,0,0,0,0,0,0,0,0,0,0,0,0,0,0,0,0,10661221,110551013,0,468,1202,7661,620,21322784,35,0,0,0,0,0,0,0,1,0,0,0,0,0,0,0,0,0,0,15154512,0,18332094,185169,0,0,0,0,0,0,0,0,16384,0,0,0,0,0,0,0,0,0,0,0,2018,408,0,0,0,0,0,32403882,0,152,0,4,407,2018,0,0,0,0,0,0,0,0,0,0,0,0,0,0,0,0,0,0,0,0,0,0,0,0,0,0,0,0,0,0,0,0,0,0,0,0,0,0,0,0,0,0,0,0,0,0,0,0,0,0,0,0,0,0,158273837,0,0,0,363662232,0,0,0,0,0,0,0,38778137,47610479,177157447,105799379456,35564050,1,0,0,0,0,0,0,0,0,0,0,0,0,0,0,0,0,0,0,0,0,0,0,0,0,0,0,0,0,0,0,437972,0,0,0,0,0,0,0
1782296275.363,0,0,0,0,0,0,0,508316583,776195951104,439153155584,0,0,0,0,0,0,0,0,0,0,0,0,0,0,0,0,0,0,0,0,0,0,0,0,0,0,0,0,0,0,0,0,0,0,0,0,0,0,0,0,0,0,0,0,0,0,0,0,0,0,0,0,0,0,0,0,0,0,7,1786543,47495471,18412412,0,0,0,0,0,0,0,0,0,0,0,0,0,0,0,0,0,0,0,0,0,0,0,0,0,0,0,0,0,0,0,0,0,0,0,0,0,12855689216,4276715520,784649,261030,18349994,1687,0,96,786432,46604449,812144,4,2440124512,12884901888,19575,542106680,0,0,0,0,0,0,0,0,0,0,0,0,0,0,0,0,0,0,10665932,110555725,0,468,1202,7661,620,21332206,35,0,0,0,0,0,0,0,1,0,0,0,0,0,0,0,0,0,0,15159810,0,18349604,185362,0,0,0,0,0,0,0,0,16384,0,0,0,0,0,0,0,0,0,0,0,2019,408,0,0,0,0,0,32418225,0,152,0,4,407,2019,0,0,0,0,0,0,0,0,0,0,0,0,0,0,0,0,0,0,0,0,0,0,0,0,0,0,0,0,0,0,0,0,0,0,0,0,0,0,0,0,0,0,0,0,0,0,0,0,0,0,0,0,0,0,158358255,0,0,0,363769979,0,0,0,0,0,0,0,38810735,47673508,177259485,105843916800,35593225,0,1,0,0,0,0,0,0,0,0,0,0,0,0,0,0,0,0,0,0,0,0,0,0,0,0,0,0,0,0,0,412433,0,0,0,0,0,0,0
1782296276.432,0,0,0,0,0,0,0,508493944,777247869440,439475681792,0,0,0,0,0,0,0,0,0,0,0,0,0,0,0,0,0,0,0,0,0,0,0,0,0,0,0,0,0,0,0,0,0,0,0,0,0,0,0,0,0,0,0,0,0,0,0,0,0,0,0,0,0,0,0,0,0,0,7,1786709,47559859,18429307,0,0,0,0,0,0,0,0,0,0,0,0,0,0,0,0,0,0,0,0,0,0,0,0,0,0,0,0,0,0,0,0,0,0,0,0,0,12861980672,4281548800,785032,261324,18366889,1293,0,106,786432,46668738,812144,4,2441006520,12884901888,19575,542225296,0,0,0,0,0,0,0,0,0,0,0,0,0,0,0,0,0,0,10670682,110560473,0,468,1202,7661,620,21341710,35,0,0,0,0,0,0,0,1,0,0,0,0,0,0,0,0,0,0,15165152,0,18366499,185547,0,0,0,0,0,0,0,0,16384,0,0,0,0,0,0,0,0,0,0,0,2020,408,0,0,0,0,0,32432643,0,152,0,4,407,2020,0,0,0,0,0,0,0,0,0,0,0,0,0,0,0,0,0,0,0,0,0,0,0,0,0,0,0,0,0,0,0,0,0,0,0,0,0,0,0,0,0,0,0,0,0,0,0,0,0,0,0,0,0,0,158432787,0,0,0,363850863,0,0,0,0,0,0,0,38843899,47737694,177351028,105883493888,35623074,0,0,0,0,0,0,0,0,0,0,0,0,0,0,0,0,0,0,0,0,0,0,0,0,0,0,0,0,0,0,0,417181,0,0,0,0,0,0,0
1782296277.499,0,0,0,0,0,0,0,508671971,778306669056,439802557440,0,0,0,0,0,0,0,0,0,0,0,0,0,0,0,0,0,0,0,0,0,0,0,0,0,0,0,0,0,0,0,0,0,0,0,0,0,0,0,0,0,0,0,0,0,0,0,0,0,0,0,0,0,0,0,0,0,0,7,1786834,47624668,18446405,0,0,0,0,0,0,0,0,0,0,0,0,0,0,0,0,0,0,0,0,0,0,0,0,0,0,0,0,0,0,0,0,0,0,0,0,0,12863913984,4285988864,785151,261596,18383987,1180,0,98,786432,46733442,812144,4,2441892684,12884901888,19575,542345490,0,0,0,0,0,0,0,0,0,0,0,0,0,0,0,0,0,0,10675403,110565196,0,468,1202,7661,620,21351148,35,0,0,0,0,0,0,0,1,0,0,0,0,0,0,0,0,0,0,15170463,0,18383597,185730,0,0,0,0,0,0,0,0,16384,0,0,0,0,0,0,0,0,0,0,0,2021,408,0,0,0,0,0,32447007,0,152,0,4,407,2021,0,0,0,0,0,0,0,0,0,0,0,0,0,0,0,0,0,0,0,0,0,0,0,0,0,0,0,0,0,0,0,0,0,0,0,0,0,0,0,0,0,0,0,0,0,0,0,0,0,0,0,0,0,0,158508125,0,0,0,363931893,0,0,0,0,0,0,0,38876995,47802322,177443546,105923981312,35652828,0,1,0,0,0,0,0,0,0,0,0,0,0,0,0,0,0,0,0,0,0,0,0,0,0,0,0,0,0,0,0,421905,0,0,0,0,0,0,0
1782296278.568,0,0,0,0,0,0,0,508847450,779354573312,440137046016,0,0,0,0,0,0,0,0,0,0,0,0,0,0,0,0,0,0,0,0,0,0,0,0,0,0,0,0,0,0,0,0,0,0,0,0,0,0,0,0,0,0,0,0,0,0,0,0,0,0,0,0,0,0,0,0,0,0,7,1786973,47688803,18463946,0,0,0,0,0,0,0,0,0,0,0,0,0,0,0,0,0,0,0,0,0,0,0,0,0,0,0,0,0,0,0,0,0,0,0,0,0,12860211200,4275208192,784925,260938,18401528,1409,0,96,786432,46797451,812144,4,2442767221,12884901888,19575,542464138,0,0,0,0,0,0,0,0,0,0,0,0,0,0,0,0,0,0,10680068,110569861,0,468,1202,7661,620,21360478,35,0,0,0,0,0,0,0,1,0,0,0,0,0,0,0,0,0,0,15175708,0,18401138,185942,0,0,0,0,0,0,0,0,16384,0,0,0,0,0,0,0,0,0,0,0,2022,408,0,0,0,0,0,32461201,0,152,0,4,407,2022,0,0,0,0,0,0,0,0,0,0,0,0,0,0,0,0,0,0,0,0,0,0,0,0,0,0,0,0,0,0,0,0,0,0,0,0,0,0,0,0,0,0,0,0,0,0,0,0,0,0,0,0,0,0,158584319,0,0,0,364011709,0,0,0,0,0,0,0,38910658,47866260,177537406,105964717056,35682997,0,0,0,0,0,0,0,0,0,0,0,0,0,0,0,0,0,0,0,0,0,0,0,0,0,0,0,0,0,0,0,426567,0,0,0,0,0,0,0
1782296279.636,0,0,0,0,0,0,0,509025200,780413438464,440462450176,0,0,0,0,0,0,0,0,0,0,0,0,0,0,0,0,0,0,0,0,0,0,0,0,0,0,0,0,0,0,0,0,0,0,0,0,0,0,0,0,0,0,0,0,0,0,0,0,0,0,0,0,0,0,0,0,0,0,7,1787093,47753614,18480963,0,0,0,0,0,0,0,0,0,0,0,0,0,0,0,0,0,0,0,0,0,0,0,0,0,0,0,0,0,0,0,0,0,0,0,0,0,12860637184,4277485568,784950,261077,18418545,1385,0,97,786432,46862164,812144,4,2443651637,12884901888,19575,542583409,0,0,0,0,0,0,0,0,0,0,0,0,0,0,0,0,0,0,10684808,110574601,0,468,1202,7661,620,21369962,35,0,0,0,0,0,0,0,1,0,0,0,0,0,0,0,0,0,0,15181041,0,18418155,186129,0,0,0,0,0,0,0,0,16384,0,0,0,0,0,0,0,0,0,0,0,2023,408,0,0,0,0,0,32475632,0,152,0,4,407,2023,0,0,0,0,0,0,0,0,0,0,0,0,0,0,0,0,0,0,0,0,0,0,0,0,0,0,0,0,0,0,0,0,0,0,0,0,0,0,0,0,0,0,0,0,0,0,0,0,0,0,0,0,0,0,158659402,0,0,0,364092737,0,0,0,0,0,0,0,38944070,47930869,177629631,106004938752,35713181,1,1,0,0,0,0,0,0,0,0,0,0,0,0,0,0,0,0,0,0,0,0,0,0,0,0,0,0,0,0,0,431310,0,0,0,0,0,0,0
1782296280.706,0,0,0,0,0,0,0,509193936,781444516352,440794697216,0,0,0,0,0,0,0,0,0,0,0,0,0,0,0,0,0,0,0,0,0,0,0,0,0,0,0,0,0,0,0,0,0,0,0,0,0,0,0,0,0,0,0,0,0,0,0,0,0,0,0,0,0,0,0,0,0,0,7,1787208,47816756,18497866,0,0,0,0,0,0,0,0,0,0,0,0,0,0,0,0,0,0,0,0,0,0,0,0,0,0,0,0,0,0,0,0,0,0,0,0,0,12855001088,4303994880,784606,262695,18435320,1728,0,97,786432,46925211,812144,4,2444586615,12884901888,19575,542784274,0,0,0,0,0,0,0,0,0,0,0,0,0,0,0,0,0,0,10689557,110579350,0,468,1202,7661,620,21379457,35,0,0,0,0,0,0,0,1,0,0,0,0,0,0,0,0,0,0,15186383,0,18435058,186308,0,0,0,0,0,0,0,0,16384,0,0,0,0,0,0,0,0,0,0,0,2024,408,0,0,0,0,0,32490091,0,152,0,4,407,2024,0,0,0,0,0,0,0,0,0,0,0,0,0,0,0,0,0,0,0,0,0,0,0,0,0,0,0,0,0,0,0,0,0,0,0,0,0,0,0,0,0,0,0,0,0,0,0,0,0,0,0,0,0,0,158749303,0,0,0,364208421,0,0,0,0,0,0,0,38976268,47993806,177736546,106052290048,35742222,1,0,0,0,0,0,0,0,0,0,0,0,0,0,0,0,0,0,0,0,0,0,0,0,0,0,0,0,0,0,0,397659,0,0,0,0,0,0,0
1782296281.774,0,0,0,0,0,0,0,509366565,782474217984,441115246592,0,0,0,0,0,0,0,0,0,0,0,0,0,0,0,0,0,0,0,0,0,0,0,0,0,0,0,0,0,0,0,0,0,0,0,0,0,0,0,0,0,0,0,0,0,0,0,0,0,0,0,0,0,0,0,0,0,0,7,1787448,47879749,18514684,0,0,0,0,0,0,0,0,0,0,0,0,0,0,0,0,0,0,0,0,0,0,0,0,0,0,0,0,0,0,0,0,0,0,0,0,0,12859719680,4303339520,784895,262655,18452235,1433,0,105,786432,46988100,812144,4,2445445695,12884901888,19575,542900045,0,0,0,0,0,0,0,0,0,0,0,0,0,0,0,0,0,0,10694172,110583965,0,468,1202,7661,620,21388687,35,0,0,0,0,0,0,0,1,0,0,0,0,0,0,0,0,0,0,15191572,0,18451845,186494,0,0,0,0,0,0,0,0,16384,0,0,0,0,0,0,0,0,0,0,0,2026,408,0,0,0,0,0,32504125,0,152,0,4,407,2026,0,0,0,0,0,0,0,0,0,0,0,0,0,0,0,0,0,0,0,0,0,0,0,0,0,0,0,0,0,0,0,0,0,0,0,0,0,0,0,0,0,0,0,0,0,0,0,0,0,0,0,0,0,0,158822641,0,0,0,364287063,0,0,0,0,0,0,0,39006452,48056641,177826829,106091272192,35769196,1,0,0,0,0,0,0,0,0,0,0,0,0,0,0,0,0,0,0,0,0,0,0,0,0,0,0,0,0,0,0,402274,0,0,0,0,0,0,0
1782296282.842,0,0,0,0,0,0,0,509541670,783517125120,441436463104,0,0,0,0,0,0,0,0,0,0,0,0,0,0,0,0,0,0,0,0,0,0,0,0,0,0,0,0,0,0,0,0,0,0,0,0,0,0,0,0,0,0,0,0,0,0,0,0,0,0,0,0,0,0,0,0,0,0,7,1787642,47943570,18531493,0,0,0,0,0,0,0,0,0,0,0,0,0,0,0,0,0,0,0,0,0,0,0,0,0,0,0,0,0,0,0,0,0,0,0,0,0,12871729152,4305289216,785629,262774,18469075,699,0,102,786432,47051820,812144,4,2446317382,12884901888,19575,543017762,0,0,0,0,0,0,0,0,0,0,0,0,0,0,0,0,0,0,10698828,110588620,0,468,1202,7661,620,21398000,35,0,0,0,0,0,0,0,1,0,0,0,0,0,0,0,0,0,0,15196806,0,18468685,186682,0,0,0,0,0,0,0,0,16384,0,0,0,0,0,0,0,0,0,0,0,2027,408,0,0,0,0,0,32518253,0,152,0,4,407,2027,0,0,0,0,0,0,0,0,0,0,0,0,0,0,0,0,0,0,0,0,0,0,0,0,0,0,0,0,0,0,0,0,0,0,0,0,0,0,0,0,0,0,0,0,0,0,0,0,0,0,0,0,0,0,158897347,0,0,0,364366778,0,0,0,0,0,0,0,39037680,48120254,177918440,106131120640,35797214,0,0,0,0,0,0,0,0,0,0,0,0,0,0,0,0,0,0,0,0,0,0,0,0,0,0,0,0,0,0,0,406928,0,0,0,0,0,0,0
1782296283.910,0,0,0,0,0,0,0,509715624,784554953216,441760016896,0,0,0,0,0,0,0,0,0,0,0,0,0,0,0,0,0,0,0,0,0,0,0,0,0,0,0,0,0,0,0,0,0,0,0,0,0,0,0,0,0,0,0,0,0,0,0,0,0,0,0,0,0,0,0,0,0,0,7,1787739,48007082,18548453,0,0,0,0,0,0,0,0,0,0,0,0,0,0,0,0,0,0,0,0,0,0,0,0,0,0,0,0,0,0,0,0,0,0,0,0,0,12866666496,4300636160,785319,262490,18486035,1016,0,96,786432,47115224,812144,4,2447184148,12884901888,19575,543134977,0,0,0,0,0,0,0,0,0,0,0,0,0,0,0,0,0,0,10703460,110593253,0,468,1202,7661,620,21407265,35,0,0,0,0,0,0,0,1,0,0,0,0,0,0,0,0,0,0,15202018,0,18485645,186866,0,0,0,0,0,0,0,0,16384,0,0,0,0,0,0,0,0,0,0,0,2028,408,0,0,0,0,0,32532358,0,152,0,4,407,2028,0,0,0,0,0,0,0,0,0,0,0,0,0,0,0,0,0,0,0,0,0,0,0,0,0,0,0,0,0,0,0,0,0,0,0,0,0,0,0,0,0,0,0,0,0,0,0,0,0,0,0,0,0,0,158971054,0,0,0,364446000,0,0,0,0,0,0,0,39068345,48183568,178009235,106170586624,35824534,0,0,0,0,0,0,0,0,0,0,0,0,0,0,0,0,0,0,0,0,0,0,0,0,0,0,0,0,0,0,0,411561,0,0,0,0,0,0,0
1782296284.980,0,0,0,0,0,0,0,509893782,785610148352,442093647872,0,0,0,0,0,0,0,0,0,0,0,0,0,0,0,0,0,0,0,0,0,0,0,0,0,0,0,0,0,0,0,0,0,0,0,0,0,0,0,0,0,0,0,0,0,0,0,0,0,0,0,0,0,0,0,0,0,0,7,1787879,48071649,18565972,0,0,0,0,0,0,0,0,0,0,0,0,0,0,0,0,0,0,0,0,0,0,0,0,0,0,0,0,0,0,0,0,0,0,0,0,0,12853395456,4290904064,784509,261896,18503554,1826,0,96,786432,47179695,812144,4,2448069416,12884901888,19575,543254964,0,0,0,0,0,0,0,0,0,0,0,0,0,0,0,0,0,0,10708184,110597975,0,468,1202,7661,620,21416717,35,0,0,0,0,0,0,0,1,0,0,0,0,0,0,0,0,0,0,15207330,0,18503164,187069,0,0,0,0,0,0,0,0,16384,0,0,0,0,0,0,0,0,0,0,0,2029,408,0,0,0,0,0,32546679,0,152,0,4,407,2029,0,0,0,0,0,0,0,0,0,0,0,0,0,0,0,0,0,0,0,0,0,0,0,0,0,0,0,0,0,0,0,0,0,0,0,0,0,0,0,0,0,0,0,0,0,0,0,0,0,0,0,0,0,0,159046392,0,0,0,364527167,0,0,0,0,0,0,0,39101585,48247921,178102214,106211130368,35854357,0,0,0,0,0,0,0,0,0,0,0,0,0,0,0,0,0,0,0,0,0,0,0,0,0,0,0,0,0,0,0,416284,0,0,0,0,0,0,0
1782296286.046,0,0,0,0,0,0,0,510070920,786664049152,442415470592,0,0,0,0,0,0,0,0,0,0,0,0,0,0,0,0,0,0,0,0,0,0,0,0,0,0,0,0,0,0,0,0,0,0,0,0,0,0,0,0,0,0,0,0,0,0,0,0,0,0,0,0,0,0,0,0,0,0,7,1788030,48136168,18582792,0,0,0,0,0,0,0,0,0,0,0,0,0,0,0,0,0,0,0,0,0,0,0,0,0,0,0,0,0,0,0,0,0,0,0,0,0,12863193088,4292820992,785107,262013,18520374,1228,0,96,786432,47244128,812144,4,2448951027,12884901888,19575,543374262,0,0,0,0,0,0,0,0,0,0,0,0,0,0,0,0,0,0,10712905,110602696,0,468,1202,7661,620,21426158,35,0,0,0,0,0,0,0,1,0,0,0,0,0,0,0,0,0,0,15212639,0,18519984,187260,0,0,0,0,0,0,0,0,16384,0,0,0,0,0,0,0,0,0,0,0,2030,408,0,0,0,0,0,32561056,0,152,0,4,407,2030,0,0,0,0,0,0,0,0,0,0,0,0,0,0,0,0,0,0,0,0,0,0,0,0,0,0,0,0,0,0,0,0,0,0,0,0,0,0,0,0,0,0,0,0,0,0,0,0,0,0,0,0,0,0,159120563,0,0,0,364607804,0,0,0,0,0,0,0,39134378,48312223,178193313,106251058688,35883813,1,0,0,0,0,0,0,0,0,0,0,0,0,0,0,0,0,0,0,0,0,0,0,0,0,0,0,0,0,0,0,421005,0,0,0,0,0,0,0
1782296287.115,0,0,0,0,0,0,0,510238646,787692669440,442780654080,0,0,0,0,0,0,0,0,0,0,0,0,0,0,0,0,0,0,0,0,0,0,0,0,0,0,0,0,0,0,0,0,0,0,0,0,0,0,0,0,0,0,0,0,0,0,0,0,0,0,0,0,0,0,0,0,0,0,7,1788200,48199108,18601645,0,0,0,0,0,0,0,0,0,0,0,0,0,0,0,0,0,0,0,0,0,0,0,0,0,0,0,0,0,0,0,0,0,0,0,0,0,12854247424,4287299584,784561,261677,18537182,1774,0,97,786432,47306982,812144,4,2449879922,12884901888,19575,543574750,0,0,0,0,0,0,0,0,0,0,0,0,0,0,0,0,0,0,10717628,110607420,0,468,1202,7661,620,21435601,35,0,0,0,0,0,0,0,1,0,0,0,0,0,0,0,0,0,0,15217952,0,18538584,187461,0,0,0,0,0,0,0,0,16384,0,0,0,0,0,0,0,0,0,0,0,2031,408,0,0,0,0,0,32575406,0,152,0,4,407,2031,0,0,0,0,0,0,0,0,0,0,0,0,0,0,0,0,0,0,0,0,0,0,0,0,0,0,0,0,0,0,0,0,0,0,0,0,0,0,0,0,0,0,0,0,0,0,0,0,0,0,0,0,0,0,159209099,0,0,0,364723005,0,0,0,0,0,0,0,39166800,48374991,178300819,106297817088,35912691,1,0,0,0,0,0,0,0,0,0,0,0,0,0,0,0,0,0,0,0,0,0,0,0,0,0,0,0,0,0,0,387329,0,0,0,0,0,0,0
1782296288.180,0,0,0,0,0,0,0,510414924,788736674304,443133815296,0,0,0,0,0,0,0,0,0,0,0,0,0,0,0,0,0,0,0,0,0,0,0,0,0,0,0,0,0,0,0,0,0,0,0,0,0,0,0,0,0,0,0,0,0,0,0,0,0,0,0,0,0,0,0,0,0,0,7,1788385,48263018,18620527,0,0,0,0,0,0,0,0,0,0,0,0,0,0,0,0,0,0,0,0,0,0,0,0,0,0,0,0,0,0,0,0,0,0,0,0,0,12857589760,4253958144,784765,259641,18558109,1571,0,96,786432,47370796,812144,4,2450756188,12884901888,19575,543692863,0,0,0,0,0,0,0,0,0,0,0,0,0,0,0,0,0,0,10722322,110612115,0,468,1202,7661,620,21444984,35,0,0,0,0,0,0,0,1,0,0,0,0,0,0,0,0,0,0,15223230,0,18557719,187669,0,0,0,0,0,0,0,0,16384,0,0,0,0,0,0,0,0,0,0,0,2032,408,0,0,0,0,0,32589686,0,152,0,4,407,2032,0,0,0,0,0,0,0,0,0,0,0,0,0,0,0,0,0,0,0,0,0,0,0,0,0,0,0,0,0,0,0,0,0,0,0,0,0,0,0,0,0,0,0,0,0,0,0,0,0,0,0,0,0,0,159283386,0,0,0,364803315,0,0,0,0,0,0,0,39199557,48438658,178394075,106337445888,35941751,0,1,0,0,0,0,0,0,0,0,0,0,0,0,0,0,0,0,0,0,0,0,0,0,0,0,0,0,0,0,0,392022,0,0,0,0,0,0,0
1782296289.247,0,0,0,0,0,0,0,510592147,789790607872,443456778240,0,0,0,0,0,0,0,0,0,0,0,0,0,0,0,0,0,0,0,0,0,0,0,0,0,0,0,0,0,0,0,0,0,0,0,0,0,0,0,0,0,0,0,0,0,0,0,0,0,0,0,0,0,0,0,0,0,0,7,1788492,48327507,18637424,0,0,0,0,0,0,0,0,0,0,0,0,0,0,0,0,0,0,0,0,0,0,0,0,0,0,0,0,0,0,0,0,0,0,0,0,0,12852805632,4255383552,784473,259728,18575006,1861,0,96,786432,47435191,812144,4,2451639618,12884901888,19575,543811425,0,0,0,0,0,0,0,0,0,0,0,0,0,0,0,0,0,0,10727057,110616850,0,468,1202,7661,620,21454458,35,0,0,0,0,0,0,0,1,0,0,0,0,0,0,0,0,0,0,15228554,0,18574616,187853,0,0,0,0,0,0,0,0,16384,0,0,0,0,0,0,0,0,0,0,0,2033,408,0,0,0,0,0,32604061,0,152,0,4,407,2033,0,0,0,0,0,0,0,0,0,0,0,0,0,0,0,0,0,0,0,0,0,0,0,0,0,0,0,0,0,0,0,0,0,0,0,0,0,0,0,0,0,0,0,0,0,0,0,0,0,0,0,0,0,0,159357979,0,0,0,364884188,0,0,0,0,0,0,0,39232291,48502954,178485680,106377342976,35971192,1,0,0,0,0,0,0,0,0,0,0,0,0,0,0,0,0,0,0,0,0,0,0,0,0,0,0,0,0,0,0,396756,0,0,0,0,0,0,0
1782296290.315,0,0,0,0,0,0,0,510763199,790808349184,443775078912,0,0,0,0,0,0,0,0,0,0,0,0,0,0,0,0,0,0,0,0,0,0,0,0,0,0,0,0,0,0,0,0,0,0,0,0,0,0,0,0,0,0,0,0,0,0,0,0,0,0,0,0,0,0,0,0,0,0,7,1788601,48389802,18654017,0,0,0,0,0,0,0,0,0,0,0,0,0,0,0,0,0,0,0,0,0,0,0,0,0,0,0,0,0,0,0,0,0,0,0,0,0,12856098816,4255023104,784674,259706,18591599,1658,0,99,786432,47497391,812144,4,2452489474,12884901888,19575,543925876,0,0,0,0,0,0,0,0,0,0,0,0,0,0,0,0,0,0,10731651,110621443,0,468,1202,7661,620,21463647,35,0,0,0,0,0,0,0,1,0,0,0,0,0,0,0,0,0,0,15233722,0,18591209,188045,0,0,0,0,0,0,0,0,16384,0,0,0,0,0,0,0,0,0,0,0,2034,408,0,0,0,0,0,32618053,0,152,0,4,407,2034,0,0,0,0,0,0,0,0,0,0,0,0,0,0,0,0,0,0,0,0,0,0,0,0,0,0,0,0,0,0,0,0,0,0,0,0,0,0,0,0,0,0,0,0,0,0,0,0,0,0,0,0,0,0,159433569,0,0,0,364962131,0,0,0,0,0,0,0,39262908,48565037,178577962,106417693696,35998488,0,0,0,0,0,0,0,0,0,0,0,0,0,0,0,0,0,0,0,0,0,0,0,0,0,0,0,0,0,0,0,401352,0,0,0,0,0,0,0
1782296291.382,0,0,0,0,0,0,0,510932281,791819291136,444092386816,0,0,0,0,0,0,0,0,0,0,0,0,0,0,0,0,0,0,0,0,0,0,0,0,0,0,0,0,0,0,0,0,0,0,0,0,0,0,0,0,0,0,0,0,0,0,0,0,0,0,0,0,0,0,0,0,0,0,7,1788726,48451671,18670597,0,0,0,0,0,0,0,0,0,0,0,0,0,0,0,0,0,0,0,0,0,0,0,0,0,0,0,0,0,0,0,0,0,0,0,0,0,12857638912,4250812416,784768,259449,18608179,1568,0,96,786432,47559167,812144,4,2453329917,12884901888,19575,544038105,0,0,0,0,0,0,0,0,0,0,0,0,0,0,0,0,0,0,10736209,110626002,0,468,1202,7661,620,21472762,35,0,0,0,0,0,0,0,1,0,0,0,0,0,0,0,0,0,0,15238846,0,18607789,188239,0,0,0,0,0,0,0,0,16384,0,0,0,0,0,0,0,0,0,0,0,2035,408,0,0,0,0,0,32631886,0,152,0,4,407,2035,0,0,0,0,0,0,0,0,0,0,0,0,0,0,0,0,0,0,0,0,0,0,0,0,0,0,0,0,0,0,0,0,0,0,0,0,0,0,0,0,0,0,0,0,0,0,0,0,0,0,0,0,0,0,159507493,0,0,0,365039330,0,0,0,0,0,0,0,39292054,48626725,178668578,106457277952,36024508,1,0,0,0,0,0,0,0,0,0,0,0,0,0,0,0,0,0,0,0,0,0,0,0,0,0,0,0,0,0,0,405910,0,0,0,0,0,0,0
1782296292.451,0,0,0,0,0,0,0,511103776,792859986432,444418356736,0,0,0,0,0,0,0,0,0,0,0,0,0,0,0,0,0,0,0,0,0,0,0,0,0,0,0,0,0,0,0,0,0,0,0,0,0,0,0,0,0,0,0,0,0,0,0,0,0,0,0,0,0,0,0,0,0,0,7,1788858,48515373,18687196,0,0,0,0,0,0,0,0,0,0,0,0,0,0,0,0,0,0,0,0,0,0,0,0,0,0,0,0,0,0,0,0,0,0,0,0,0,12858359808,4283006976,784812,261414,18624778,1524,0,97,786432,47622779,812144,4,2454262751,12884901888,19575,544228117,0,0,0,0,0,0,0,0,0,0,0,0,0,0,0,0,0,0,10740992,110630783,0,468,1202,7661,620,21482329,35,0,0,0,0,0,0,0,1,0,0,0,0,0,0,0,0,0,0,15244224,0,18624388,188430,0,0,0,0,0,0,0,0,16384,0,0,0,0,0,0,0,0,0,0,0,2036,408,0,0,0,0,0,32646407,0,152,0,4,407,2036,0,0,0,0,0,0,0,0,0,0,0,0,0,0,0,0,0,0,0,0,0,0,0,0,0,0,0,0,0,0,0,0,0,0,0,0,0,0,0,0,0,0,0,0,0,0,0,0,0,0,0,0,0,0,159595185,0,0,0,365150357,0,0,0,0,0,0,0,39324630,48690227,178772959,106503607296,36053760,1,1,0,0,0,0,0,0,0,0,0,0,0,0,0,0,0,0,0,0,0,0,0,0,0,0,0,0,0,0,0,378278,0,0,0,0,0,0,0
1782296293.521,0,0,0,0,0,0,0,511279150,793904974336,444747916288,0,0,0,0,0,0,0,0,0,0,0,0,0,0,0,0,0,0,0,0,0,0,0,0,0,0,0,0,0,0,0,0,0,0,0,0,0,0,0,0,0,0,0,0,0,0,0,0,0,0,0,0,0,0,0,0,0,0,7,1789119,48579321,18704410,0,0,0,0,0,0,0,0,0,0,0,0,0,0,0,0,0,0,0,0,0,0,0,0,0,0,0,0,0,0,0,0,0,0,0,0,0,12863438848,4286545920,785122,261630,18641992,1208,0,101,786432,47686641,812144,4,2455149921,12884901888,19575,544359152,0,0,0,0,0,0,0,0,0,0,0,0,0,0,0,0,0,0,10745720,110635511,0,468,1202,7661,620,21491780,35,0,0,0,0,0,0,0,1,0,0,0,0,0,0,0,0,0,0,15249536,0,18641602,188626,0,0,0,0,0,0,0,0,16384,0,0,0,0,0,0,0,0,0,0,0,2037,408,0,0,0,0,0,32660766,0,152,0,4,407,2037,0,0,0,0,0,0,0,0,0,0,0,0,0,0,0,0,0,0,0,0,0,0,0,0,0,0,0,0,0,0,0,0,0,0,0,0,0,0,0,0,0,0,0,0,0,0,0,0,0,0,0,0,0,0,159671617,0,0,0,365236250,0,0,0,0,0,0,0,39357478,48753972,178866758,106544408064,36083241,0,0,0,0,0,0,0,0,0,0,0,0,0,0,0,0,0,0,0,0,0,0,0,0,0,0,0,0,0,0,0,377017,0,0,0,0,0,0,0
1782296294.587,0,0,0,0,0,0,0,511457959,794965740032,445073994240,0,0,0,0,0,0,0,0,0,0,0,0,0,0,0,0,0,0,0,0,0,0,0,0,0,0,0,0,0,0,0,0,0,0,0,0,0,0,0,0,0,0,0,0,0,0,0,0,0,0,0,0,0,0,0,0,0,0,7,1789353,48644225,18721472,0,0,0,0,0,0,0,0,0,0,0,0,0,0,0,0,0,0,0,0,0,0,0,0,0,0,0,0,0,0,0,0,0,0,0,0,0,12865552384,4291428352,785251,261928,18659054,1085,0,96,786432,47751468,812144,4,2456038942,12884901888,19575,544478697,0,0,0,0,0,0,0,0,0,0,0,0,0,0,0,0,0,0,10750498,110640291,0,468,1202,7661,620,21501343,35,0,0,0,0,0,0,0,1,0,0,0,0,0,0,0,0,0,0,15254914,0,18658664,188824,0,0,0,0,0,0,0,0,16384,0,0,0,0,0,0,0,0,0,0,0,2038,408,0,0,0,0,0,32675294,0,152,0,4,407,2038,0,0,0,0,0,0,0,0,0,0,0,0,0,0,0,0,0,0,0,0,0,0,0,0,0,0,0,0,0,0,0,0,0,0,0,0,0,0,0,0,0,0,0,0,0,0,0,0,0,0,0,0,0,0,159746443,0,0,0,365317798,0,0,0,0,0,0,0,39390925,48818664,178958784,106584469504,36113328,1,1,0,0,0,0,0,0,0,0,0,0,0,0,0,0,0,0,0,0,0,0,0,0,0,0,0,0,0,0,0,381797,0,0,0,0,0,0,0
1782296295.654,0,0,0,0,0,0,0,511635377,796015774208,445400380928,0,0,0,0,0,0,0,0,0,0,0,0,0,0,0,0,0,0,0,0,0,0,0,0,0,0,0,0,0,0,0,0,0,0,0,0,0,0,0,0,0,0,0,0,0,0,0,0,0,0,0,0,0,0,0,0,0,0,7,1789502,48708502,18738557,0,0,0,0,0,0,0,0,0,0,0,0,0,0,0,0,0,0,0,0,0,0,0,0,0,0,0,0,0,0,0,0,0,0,0,0,0,12856442880,4289888256,784695,261835,18676031,1641,0,98,786432,47815642,812144,4,2456922318,12884901888,19575,544597984,0,0,0,0,0,0,0,0,0,0,0,0,0,0,0,0,0,0,10755194,110644987,0,468,1202,7661,620,21510730,35,0,0,0,0,0,0,0,1,0,0,0,0,0,0,0,0,0,0,15260199,0,18675769,189017,0,0,0,0,0,0,0,0,16384,0,0,0,0,0,0,0,0,0,0,0,2039,408,0,0,0,0,0,32689555,0,152,0,4,407,2039,0,0,0,0,0,0,0,0,0,0,0,0,0,0,0,0,0,0,0,0,0,0,0,0,0,0,0,0,0,0,0,0,0,0,0,0,0,0,0,0,0,0,0,0,0,0,0,0,0,0,0,0,0,0,159822008,0,0,0,365398626,0,0,0,0,0,0,0,39423854,48882739,179051563,106624746496,36142921,0,0,0,0,0,0,0,0,0,0,0,0,0,0,0,0,0,0,0,0,0,0,0,0,0,0,0,0,0,0,0,386494,0,0,0,0,0,0,0
1782296296.722,0,0,0,0,0,0,0,511811710,797060155904,445728717312,0,0,0,0,0,0,0,0,0,0,0,0,0,0,0,0,0,0,0,0,0,0,0,0,0,0,0,0,0,0,0,0,0,0,0,0,0,0,0,0,0,0,0,0,0,0,0,0,0,0,0,0,0,0,0,0,0,0,7,1789636,48772405,18755769,0,0,0,0,0,0,0,0,0,0,0,0,0,0,0,0,0,0,0,0,0,0,0,0,0,0,0,0,0,0,0,0,0,0,0,0,0,12857704448,4283072512,784772,261418,18693290,1565,0,96,786432,47879449,812144,4,2457801084,12884901888,19575,544716033,0,0,0,0,0,0,0,0,0,0,0,0,0,0,0,0,0,0,10759893,110649685,0,468,1202,7661,620,21520132,35,0,0,0,0,0,0,0,1,0,0,0,0,0,0,0,0,0,0,15265482,0,18692900,189206,0,0,0,0,0,0,0,0,16384,0,0,0,0,0,0,0,0,0,0,0,2040,408,0,0,0,0,0,32703847,0,152,0,4,407,2040,0,0,0,0,0,0,0,0,0,0,0,0,0,0,0,0,0,0,0,0,0,0,0,0,0,0,0,0,0,0,0,0,0,0,0,0,0,0,0,0,0,0,0,0,0,0,0,0,0,0,0,0,0,0,159897244,0,0,0,365479011,0,0,0,0,0,0,0,39456756,48946433,179144141,106664845312,36172447,1,1,0,0,0,0,0,0,0,0,0,0,0,0,0,0,0,0,0,0,0,0,0,0,0,0,0,0,0,0,0,391194,0,0,0,0,0,0,0
1782296297.788,0,0,0,0,0,0,0,511989017,798112238080,446052381184,0,0,0,0,0,0,0,0,0,0,0,0,0,0,0,0,0,0,0,0,0,0,0,0,0,0,0,0,0,0,0,0,0,0,0,0,0,0,0,0,0,0,0,0,0,0,0,0,0,0,0,0,0,0,0,0,0,0,7,1789745,48836800,18772701,0,0,0,0,0,0,0,0,0,0,0,0,0,0,0,0,0,0,0,0,0,0,0,0,0,0,0,0,0,0,0,0,0,0,0,0,0,12856983552,4282695680,784728,261395,18710155,1598,0,106,786432,47943757,812144,4,2458682293,12884901888,19575,544835458,0,0,0,0,0,0,0,0,0,0,0,0,0,0,0,0,0,0,10764592,110654384,0,468,1202,7661,620,21529525,35,0,0,0,0,0,0,0,1,0,0,0,0,0,0,0,0,0,0,15270766,0,18709893,189389,0,0,0,0,0,0,0,0,16384,0,0,0,0,0,0,0,0,0,0,0,2042,408,0,0,0,0,0,32718140,0,152,0,4,407,2042,0,0,0,0,0,0,0,0,0,0,0,0,0,0,0,0,0,0,0,0,0,0,0,0,0,0,0,0,0,0,0,0,0,0,0,0,0,0,0,0,0,0,0,0,0,0,0,0,0,0,0,0,0,0,159972618,0,0,0,365559800,0,0,0,0,0,0,0,39489374,49010633,179236542,106705012736,36201849,1,1,0,0,0,0,0,0,0,0,0,0,0,0,0,0,0,0,0,0,0,0,0,0,0,0,0,0,0,0,0,395891,0,0,0,0,0,0,0
1782296298.851,0,0,0,0,0,0,0,512157404,799138007552,446383108608,0,0,0,0,0,0,0,0,0,0,0,0,0,0,0,0,0,0,0,0,0,0,0,0,0,0,0,0,0,0,0,0,0,0,0,0,0,0,0,0,0,0,0,0,0,0,0,0,0,0,0,0,0,0,0,0,0,0,7,1789939,48899573,18789607,0,0,0,0,0,0,0,0,0,0,0,0,0,0,0,0,0,0,0,0,0,0,0,0,0,0,0,0,0,0,0,0,0,0,0,0,0,12859932672,4310302720,784907,263080,18727189,1428,0,97,786432,48006448,812144,4,2459615283,12884901888,19575,545036591,0,0,0,0,0,0,0,0,0,0,0,0,0,0,0,0,0,0,10769302,110659095,0,468,1202,7661,620,21538947,35,0,0,0,0,0,0,0,1,0,0,0,0,0,0,0,0,0,0,15276062,0,18726799,189568,0,0,0,0,0,0,0,0,16384,0,0,0,0,0,0,0,0,0,0,0,2043,408,0,0,0,0,0,32732493,0,152,0,4,407,2043,0,0,0,0,0,0,0,0,0,0,0,0,0,0,0,0,0,0,0,0,0,0,0,0,0,0,0,0,0,0,0,0,0,0,0,0,0,0,0,0,0,0,0,0,0,0,0,0,0,0,0,0,0,0,160060447,0,0,0,365675177,0,0,0,0,0,0,0,39521540,49073202,179341376,106751297536,36230877,1,0,0,0,0,0,0,0,0,0,0,0,0,0,0,0,0,0,0,0,0,0,0,0,0,0,0,0,0,0,0,362203,0,0,0,0,0,0,0
1782296299.916,0,0,0,0,0,0,0,512328237,800152144384,446699743744,0,0,0,0,0,0,0,0,0,0,0,0,0,0,0,0,0,0,0,0,0,0,0,0,0,0,0,0,0,0,0,0,0,0,0,0,0,0,0,0,0,0,0,0,0,0,0,0,0,0,0,0,0,0,0,0,0,0,7,1790234,48961614,18806150,0,0,0,0,0,0,0,0,0,0,0,0,0,0,0,0,0,0,0,0,0,0,0,0,0,0,0,0,0,0,0,0,0,0,0,0,0,12851625984,4309909504,784401,263056,18743604,1935,0,96,786432,48068402,812144,4,2460464572,12884901888,19575,545151335,0,0,0,0,0,0,0,0,0,0,0,0,0,0,0,0,0,0,10773844,110663637,0,468,1202,7661,620,21548031,35,0,0,0,0,0,0,0,1,0,0,0,0,0,0,0,0,0,0,15281171,0,18743342,189751,0,0,0,0,0,0,0,0,16384,0,0,0,0,0,0,0,0,0,0,0,2044,408,0,0,0,0,0,32746278,0,152,0,4,407,2044,0,0,0,0,0,0,0,0,0,0,0,0,0,0,0,0,0,0,0,0,0,0,0,0,0,0,0,0,0,0,0,0,0,0,0,0,0,0,0,0,0,0,0,0,0,0,0,0,0,0,0,0,0,0,160134735,0,0,0,365753049,0,0,0,0,0,0,0,39549669,49135054,179432316,106791001600,36255869,1,0,0,0,0,0,0,0,0,0,0,0,0,0,0,0,0,0,0,0,0,0,0,0,0,0,0,0,0,0,0,366746,0,0,0,0,0,0,0
1782296300.985,0,0,0,0,0,0,0,512502934,801187924480,447016296448,0,0,0,0,0,0,0,0,0,0,0,0,0,0,0,0,0,0,0,0,0,0,0,0,0,0,0,0,0,0,0,0,0,0,0,0,0,0,0,0,0,0,0,0,0,0,0,0,0,0,0,0,0,0,0,0,0,0,7,1790541,49025020,18822672,0,0,0,0,0,0,0,0,0,0,0,0,0,0,0,0,0,0,0,0,0,0,0,0,0,0,0,0,0,0,0,0,0,0,0,0,0,12864618496,4316135424,785194,263436,18760254,1133,0,104,786432,48131718,812144,4,2461333618,12884901888,19575,545268710,0,0,0,0,0,0,0,0,0,0,0,0,0,0,0,0,0,0,10778489,110668282,0,468,1202,7661,620,21557324,35,0,0,0,0,0,0,0,1,0,0,0,0,0,0,0,0,0,0,15286392,0,18759864,189939,0,0,0,0,0,0,0,0,16384,0,0,0,0,0,0,0,0,0,0,0,2045,408,0,0,0,0,0,32760422,0,152,0,4,407,2045,0,0,0,0,0,0,0,0,0,0,0,0,0,0,0,0,0,0,0,0,0,0,0,0,0,0,0,0,0,0,0,0,0,0,0,0,0,0,0,0,0,0,0,0,0,0,0,0,0,0,0,0,0,0,160209848,0,0,0,365832576,0,0,0,0,0,0,0,39580712,49198276,179524084,106830995456,36283692,1,0,0,0,0,0,0,0,0,0,0,0,0,0,0,0,0,0,0,0,0,0,0,0,0,0,0,0,0,0,0,371389,0,0,0,0,0,0,0
1782296302.055,0,0,0,0,0,0,0,512682023,802251491840,447348495872,0,0,0,0,0,0,0,0,0,0,0,0,0,0,0,0,0,0,0,0,0,0,0,0,0,0,0,0,0,0,0,0,0,0,0,0,0,0,0,0,0,0,0,0,0,0,0,0,0,0,0,0,0,0,0,0,0,0,7,1790783,49090120,18840087,0,0,0,0,0,0,0,0,0,0,0,0,0,0,0,0,0,0,0,0,0,0,0,0,0,0,0,0,0,0,0,0,0,0,0,0,0,12858834944,4314775552,784842,263353,18777669,1492,0,99,786432,48196720,812144,4,2462225740,12884901888,19575,545388881,0,0,0,0,0,0,0,0,0,0,0,0,0,0,0,0,0,0,10783273,110673065,0,468,1202,7661,620,21566887,35,0,0,0,0,0,0,0,1,0,0,0,0,0,0,0,0,0,0,15291772,0,18777279,190128,0,0,0,0,0,0,0,0,16384,0,0,0,0,0,0,0,0,0,0,0,2046,408,0,0,0,0,0,32774962,0,152,0,4,407,2046,0,0,0,0,0,0,0,0,0,0,0,0,0,0,0,0,0,0,0,0,0,0,0,0,0,0,0,0,0,0,0,0,0,0,0,0,0,0,0,0,0,0,0,0,0,0,0,0,0,0,0,0,0,0,160286556,0,0,0,365914122,0,0,0,0,0,0,0,39613905,49263163,179618321,106871851520,36313615,1,0,0,0,0,0,0,0,0,0,0,0,0,0,0,0,0,0,0,0,0,0,0,0,0,0,0,0,0,0,0,376173,0,0,0,0,0,0,0
1782296303.125,0,0,0,0,0,0,0,512856116,803284224512,447719856128,0,0,0,0,0,0,0,0,0,0,0,0,0,0,0,0,0,0,0,0,0,0,0,0,0,0,0,0,0,0,0,0,0,0,0,0,0,0,0,0,0,0,0,0,0,0,0,0,0,0,0,0,0,0,0,0,0,0,7,1790909,49153334,18859959,0,0,0,0,0,0,0,0,0,0,0,0,0,0,0,0,0,0,0,0,0,0,0,0,0,0,0,0,0,0,0,0,0,0,0,0,0,12855705600,4259807232,784651,259998,18795031,1686,0,96,786432,48259841,812144,4,2463092699,12884901888,19575,545506382,0,0,0,0,0,0,0,0,0,0,0,0,0,0,0,0,0,0,10787894,110677686,0,468,1202,7661,620,21576132,35,0,0,0,0,0,0,0,1,0,0,0,0,0,0,0,0,0,0,15296970,0,18797073,190339,0,0,0,0,0,0,0,0,16384,0,0,0,0,0,0,0,0,0,0,0,2047,408,0,0,0,0,0,32789010,0,152,0,4,407,2047,0,0,0,0,0,0,0,0,0,0,0,0,0,0,0,0,0,0,0,0,0,0,0,0,0,0,0,0,0,0,0,0,0,0,0,0,0,0,0,0,0,0,0,0,0,0,0,0,0,0,0,0,0,0,160359912,0,0,0,365993413,0,0,0,0,0,0,0,39645669,49326198,179711698,106911227904,36341808,1,0,0,0,0,0,0,0,0,0,0,0,0,0,0,0,0,0,0,0,0,0,0,0,0,0,0,0,0,0,0,380794,0,0,0,0,0,0,0
1782296304.191,0,0,0,0,0,0,0,513027564,804319480320,448066445312,0,0,0,0,0,0,0,0,0,0,0,0,0,0,0,0,0,0,0,0,0,0,0,0,0,0,0,0,0,0,0,0,0,0,0,0,0,0,0,0,0,0,0,0,0,0,0,0,0,0,0,0,0,0,0,0,0,0,7,1790994,49216700,18878018,0,0,0,0,0,0,0,0,0,0,0,0,0,0,0,0,0,0,0,0,0,0,0,0,0,0,0,0,0,0,0,0,0,0,0,0,0,12857573376,4254810112,784764,259693,18815600,1571,0,96,786432,48323120,812144,4,2463995363,12884901888,19575,545668325,0,0,0,0,0,0,0,0,0,0,0,0,0,0,0,0,0,0,10792604,110682397,0,468,1202,7661,620,21585552,35,0,0,0,0,0,0,0,1,0,0,0,0,0,0,0,0,0,0,15302269,0,18815210,190539,0,0,0,0,0,0,0,0,16384,0,0,0,0,0,0,0,0,0,0,0,2048,408,0,0,0,0,0,32803313,0,152,0,4,407,2048,0,0,0,0,0,0,0,0,0,0,0,0,0,0,0,0,0,0,0,0,0,0,0,0,0,0,0,0,0,0,0,0,0,0,0,0,0,0,0,0,0,0,0,0,0,0,0,0,0,0,0,0,0,0,160443298,0,0,0,366092779,0,0,0,0,0,0,0,39678144,49389378,179813209,106955459072,36370666,0,0,0,0,0,0,0,0,0,0,0,0,0,0,0,0,0,0,0,0,0,0,0,0,0,0,0,0,0,0,0,364538,0,0,0,0,0,0,0
1782296305.261,0,0,0,0,0,0,0,513200460,805361125888,448404145664,0,0,0,0,0,0,0,0,0,0,0,0,0,0,0,0,0,0,0,0,0,0,0,0,0,0,0,0,0,0,0,0,0,0,0,0,0,0,0,0,0,0,0,0,0,0,0,0,0,0,0,0,0,0,0,0,0,0,7,1791213,49280422,18895531,0,0,0,0,0,0,0,0,0,0,0,0,0,0,0,0,0,0,0,0,0,0,0,0,0,0,0,0,0,0,0,0,0,0,0,0,0,12854493184,4257218560,784576,259840,18833113,1760,0,96,786432,48386751,812144,4,2464900497,12884901888,19575,545824546,0,0,0,0,0,0,0,0,0,0,0,0,0,0,0,0,0,0,10797337,110687128,0,468,1202,7661,620,21595017,35,0,0,0,0,0,0,0,1,0,0,0,0,0,0,0,0,0,0,15307589,0,18832723,190727,0,0,0,0,0,0,0,0,16384,0,0,0,0,0,0,0,0,0,0,0,2049,408,0,0,0,0,0,32817690,0,152,0,4,407,2049,0,0,0,0,0,0,0,0,0,0,0,0,0,0,0,0,0,0,0,0,0,0,0,0,0,0,0,0,0,0,0,0,0,0,0,0,0,0,0,0,0,0,0,0,0,0,0,0,0,0,0,0,0,0,160525798,0,0,0,366189210,0,0,0,0,0,0,0,39711655,49452931,179913321,106999366144,36400789,1,0,0,0,0,0,0,0,0,0,0,0,0,0,0,0,0,0,0,0,0,0,0,0,0,0,0,0,0,0,0,351836,0,0,0,0,0,0,0
1782296306.328,0,0,0,0,0,0,0,513376232,806402738688,448729639424,0,0,0,0,0,0,0,0,0,0,0,0,0,0,0,0,0,0,0,0,0,0,0,0,0,0,0,0,0,0,0,0,0,0,0,0,0,0,0,0,0,0,0,0,0,0,0,0,0,0,0,0,0,0,0,0,0,0,7,1791512,49344174,18912517,0,0,0,0,0,0,0,0,0,0,0,0,0,0,0,0,0,0,0,0,0,0,0,0,0,0,0,0,0,0,0,0,0,0,0,0,0,12851036160,4255662080,784365,259746,18849824,1970,0,96,786432,48450391,812144,4,2465774384,12884901888,19575,545942325,0,0,0,0,0,0,0,0,0,0,0,0,0,0,0,0,0,0,10802012,110691804,0,468,1202,7661,620,21604366,35,0,0,0,0,0,0,0,1,0,0,0,0,0,0,0,0,0,0,15312849,0,18849692,190919,0,0,0,0,0,0,0,0,16384,0,0,0,0,0,0,0,0,0,0,0,2050,408,0,0,0,0,0,32831900,0,152,0,4,407,2050,0,0,0,0,0,0,0,0,0,0,0,0,0,0,0,0,0,0,0,0,0,0,0,0,0,0,0,0,0,0,0,0,0,0,0,0,0,0,0,0,0,0,0,0,0,0,0,0,0,0,0,0,0,0,160603117,0,0,0,366269410,0,0,0,0,0,0,0,39744304,49516515,180007745,107040495104,36430205,0,0,0,0,0,0,0,0,0,0,0,0,0,0,0,0,0,0,0,0,0,0,0,0,0,0,0,0,0,0,0,356513,0,0,0,0,0,0,0
1782296307.395,0,0,0,0,0,0,0,513545452,807416236544,449044908544,0,0,0,0,0,0,0,0,0,0,0,0,0,0,0,0,0,0,0,0,0,0,0,0,0,0,0,0,0,0,0,0,0,0,0,0,0,0,0,0,0,0,0,0,0,0,0,0,0,0,0,0,0,0,0,0,0,0,7,1791826,49406208,18928987,0,0,0,0,0,0,0,0,0,0,0,0,0,0,0,0,0,0,0,0,0,0,0,0,0,0,0,0,0,0,0,0,0,0,0,0,0,12852740096,4257284096,784469,259844,18866397,1866,0,96,786432,48512309,812144,4,2466616230,12884901888,19575,546055006,0,0,0,0,0,0,0,0,0,0,0,0,0,0,0,0,0,0,10806553,110696346,0,468,1202,7661,620,21613452,35,0,0,0,0,0,0,0,1,0,0,0,0,0,0,0,0,0,0,15317958,0,18866135,191106,0,0,0,0,0,0,0,0,16384,0,0,0,0,0,0,0,0,0,0,0,2051,408,0,0,0,0,0,32845689,0,152,0,4,407,2051,0,0,0,0,0,0,0,0,0,0,0,0,0,0,0,0,0,0,0,0,0,0,0,0,0,0,0,0,0,0,0,0,0,0,0,0,0,0,0,0,0,0,0,0,0,0,0,0,0,0,0,0,0,0,160676600,0,0,0,366346573,0,0,0,0,0,0,0,39773096,49578352,180097831,107079787520,36455930,0,0,0,0,0,0,0,0,0,0,0,0,0,0,0,0,0,0,0,0,0,0,0,0,0,0,0,0,0,0,0,361054,0,0,0,0,0,0,0
1782296308.462,0,0,0,0,0,0,0,513719053,808448952832,449370007552,0,0,0,0,0,0,0,0,0,0,0,0,0,0,0,0,0,0,0,0,0,0,0,0,0,0,0,0,0,0,0,0,0,0,0,0,0,0,0,0,0,0,0,0,0,0,0,0,0,0,0,0,0,0,0,0,0,0,7,1791992,49469414,18946006,0,0,0,0,0,0,0,0,0,0,0,0,0,0,0,0,0,0,0,0,0,0,0,0,0,0,0,0,0,0,0,0,0,0,0,0,0,12866322432,4253843456,785298,259634,18883588,1038,0,98,786432,48575404,812144,4,2467479745,12884901888,19575,546171057,0,0,0,0,0,0,0,0,0,0,0,0,0,0,0,0,0,0,10811193,110700986,0,468,1202,7661,620,21622732,35,0,0,0,0,0,0,0,1,0,0,0,0,0,0,0,0,0,0,15323176,0,18883198,191291,0,0,0,0,0,0,0,0,16384,0,0,0,0,0,0,0,0,0,0,0,2052,408,0,0,0,0,0,32859798,0,152,0,4,407,2052,0,0,0,0,0,0,0,0,0,0,0,0,0,0,0,0,0,0,0,0,0,0,0,0,0,0,0,0,0,0,0,0,0,0,0,0,0,0,0,0,0,0,0,0,0,0,0,0,0,0,0,0,0,0,160752395,0,0,0,366425673,0,0,0,0,0,0,0,39803666,49641356,180190728,107120266240,36483207,1,1,0,0,0,0,0,0,0,0,0,0,0,0,0,0,0,0,0,0,0,0,0,0,0,0,0,0,0,0,0,365694,0,0,0,0,0,0,0
1782296309.530,0,0,0,0,0,0,0,513897480,809506982400,449694319616,0,0,0,0,0,0,0,0,0,0,0,0,0,0,0,0,0,0,0,0,0,0,0,0,0,0,0,0,0,0,0,0,0,0,0,0,0,0,0,0,0,0,0,0,0,0,0,0,0,0,0,0,0,0,0,0,0,0,7,1792085,49534176,18962910,0,0,0,0,0,0,0,0,0,0,0,0,0,0,0,0,0,0,0,0,0,0,0,0,0,0,0,0,0,0,0,0,0,0,0,0,0,12857131008,4256694272,784737,259808,18900492,1599,0,96,786432,48640064,812144,4,2468366825,12884901888,19575,546290939,0,0,0,0,0,0,0,0,0,0,0,0,0,0,0,0,0,0,10815939,110705732,0,468,1202,7661,620,21632217,35,0,0,0,0,0,0,0,1,0,0,0,0,0,0,0,0,0,0,15328514,0,18900102,191483,0,0,0,0,0,0,0,0,16384,0,0,0,0,0,0,0,0,0,0,0,2053,408,0,0,0,0,0,32874235,0,152,0,4,407,2053,0,0,0,0,0,0,0,0,0,0,0,0,0,0,0,0,0,0,0,0,0,0,0,0,0,0,0,0,0,0,0,0,0,0,0,0,0,0,0,0,0,0,0,0,0,0,0,0,0,0,0,0,0,0,160829392,0,0,0,366506929,0,0,0,0,0,0,0,39837164,49705878,180284750,107161362432,36513262,0,0,0,0,0,0,0,0,0,0,0,0,0,0,0,0,0,0,0,0,0,0,0,0,0,0,0,0,0,0,0,370440,0,0,0,0,0,0,0
1782296310.593,0,0,0,0,0,0,0,514066387,810539076096,450029394944,0,0,0,0,0,0,0,0,0,0,0,0,0,0,0,0,0,0,0,0,0,0,0,0,0,0,0,0,0,0,0,0,0,0,0,0,0,0,0,0,0,0,0,0,0,0,0,0,0,0,0,0,0,0,0,0,0,0,7,1792192,49597338,18980007,0,0,0,0,0,0,0,0,0,0,0,0,0,0,0,0,0,0,0,0,0,0,0,0,0,0,0,0,0,0,0,0,0,0,0,0,0,12853346304,4282531840,784506,261385,18917589,1830,0,96,786432,48703148,812144,4,2469301220,12884901888,19575,546491915,0,0,0,0,0,0,0,0,0,0,0,0,0,0,0,0,0,0,10820695,110710487,0,468,1202,7661,620,21641733,35,0,0,0,0,0,0,0,1,0,0,0,0,0,0,0,0,0,0,15333863,0,18917199,191673,0,0,0,0,0,0,0,0,16384,0,0,0,0,0,0,0,0,0,0,0,2054,408,0,0,0,0,0,32888662,0,152,0,4,407,2054,0,0,0,0,0,0,0,0,0,0,0,0,0,0,0,0,0,0,0,0,0,0,0,0,0,0,0,0,0,0,0,0,0,0,0,0,0,0,0,0,0,0,0,0,0,0,0,0,0,0,0,0,0,0,160919121,0,0,0,366622758,0,0,0,0,0,0,0,39870110,49768869,180391665,107208804352,36542815,1,1,0,0,0,0,0,0,0,0,0,0,0,0,0,0,0,0,0,0,0,0,0,0,0,0,0,0,0,0,0,336795,0,0,0,0,0,0,0
1782296311.663,0,0,0,0,0,0,0,514244635,811590961664,450359752192,0,0,0,0,0,0,0,0,0,0,0,0,0,0,0,0,0,0,0,0,0,0,0,0,0,0,0,0,0,0,0,0,0,0,0,0,0,0,0,0,0,0,0,0,0,0,0,0,0,0,0,0,0,0,0,0,0,0,7,1792499,49661705,18997315,0,0,0,0,0,0,0,0,0,0,0,0,0,0,0,0,0,0,0,0,0,0,0,0,0,0,0,0,0,0,0,0,0,0,0,0,0,12850692096,4282220544,784344,261366,18934897,1989,0,97,786432,48767407,812144,4,2470188234,12884901888,19575,546611183,0,0,0,0,0,0,0,0,0,0,0,0,0,0,0,0,0,0,10825443,110715236,0,468,1202,7661,620,21651225,35,0,0,0,0,0,0,0,1,0,0,0,0,0,0,0,0,0,0,15339206,0,18934507,191868,0,0,0,0,0,0,0,0,16384,0,0,0,0,0,0,0,0,0,0,0,2055,408,0,0,0,0,0,32903101,0,152,0,4,407,2055,0,0,0,0,0,0,0,0,0,0,0,0,0,0,0,0,0,0,0,0,0,0,0,0,0,0,0,0,0,0,0,0,0,0,0,0,0,0,0,0,0,0,0,0,0,0,0,0,0,0,0,0,0,0,160995188,0,0,0,366704064,0,0,0,0,0,0,0,39902995,49833046,180485164,107249470976,36572293,1,0,0,0,0,0,0,0,0,0,0,0,0,0,0,0,0,0,0,0,0,0,0,0,0,0,0,0,0,0,0,341543,0,0,0,0,0,0,0
1782296312.732,0,0,0,0,0,0,0,514420932,812638652928,450680902656,0,0,0,0,0,0,0,0,0,0,0,0,0,0,0,0,0,0,0,0,0,0,0,0,0,0,0,0,0,0,0,0,0,0,0,0,0,0,0,0,0,0,0,0,0,0,0,0,0,0,0,0,0,0,0,0,0,0,7,1792798,49725795,19014113,0,0,0,0,0,0,0,0,0,0,0,0,0,0,0,0,0,0,0,0,0,0,0,0,0,0,0,0,0,0,0,0,0,0,0,0,0,12861095936,4286447616,784979,261624,18951695,1357,0,96,786432,48831403,812144,4,2471064646,12884901888,19575,546729072,0,0,0,0,0,0,0,0,0,0,0,0,0,0,0,0,0,0,10830130,110719923,0,468,1202,7661,620,21660598,35,0,0,0,0,0,0,0,1,0,0,0,0,0,0,0,0,0,0,15344478,0,18951305,192055,0,0,0,0,0,0,0,0,16384,0,0,0,0,0,0,0,0,0,0,0,2057,408,0,0,0,0,0,32917367,0,152,0,4,407,2057,0,0,0,0,0,0,0,0,0,0,0,0,0,0,0,0,0,0,0,0,0,0,0,0,0,0,0,0,0,0,0,0,0,0,0,0,0,0,0,0,0,0,0,0,0,0,0,0,0,0,0,0,0,0,161069916,0,0,0,366784457,0,0,0,0,0,0,0,39935438,49896985,180576808,107289448960,36601476,1,0,0,0,0,0,0,0,0,0,0,0,0,0,0,0,0,0,0,0,0,0,0,0,0,0,0,0,0,0,0,346232,0,0,0,0,0,0,0
1782296313.796,0,0,0,0,0,0,0,514598550,813692226048,451004900352,0,0,0,0,0,0,0,0,0,0,0,0,0,0,0,0,0,0,0,0,0,0,0,0,0,0,0,0,0,0,0,0,0,0,0,0,0,0,0,0,0,0,0,0,0,0,0,0,0,0,0,0,0,0,0,0,0,0,7,1793081,49790304,19030986,0,0,0,0,0,0,0,0,0,0,0,0,0,0,0,0,0,0,0,0,0,0,0,0,0,0,0,0,0,0,0,0,0,0,0,0,0,12870762496,4289593344,785569,261816,18968568,767,0,96,786432,48895838,812144,4,2471948422,12884901888,19575,546847823,0,0,0,0,0,0,0,0,0,0,0,0,0,0,0,0,0,0,10834857,110724649,0,468,1202,7661,620,21670052,35,0,0,0,0,0,0,0,1,0,0,0,0,0,0,0,0,0,0,15349794,0,18968178,192244,0,0,0,0,0,0,0,0,16384,0,0,0,0,0,0,0,0,0,0,0,2058,408,0,0,0,0,0,32931735,0,152,0,4,407,2058,0,0,0,0,0,0,0,0,0,0,0,0,0,0,0,0,0,0,0,0,0,0,0,0,0,0,0,0,0,0,0,0,0,0,0,0,0,0,0,0,0,0,0,0,0,0,0,0,0,0,0,0,0,0,161147806,0,0,0,366865361,0,0,0,0,0,0,0,39969758,49961300,180671703,107330965504,36632480,0,0,0,0,0,0,0,0,0,0,0,0,0,0,0,0,0,0,0,0,0,0,0,0,0,0,0,0,0,0,0,350958,0,0,0,0,0,0,0
1782296314.866,0,0,0,0,0,0,0,514774330,814742768128,451334109696,0,0,0,0,0,0,0,0,0,0,0,0,0,0,0,0,0,0,0,0,0,0,0,0,0,0,0,0,0,0,0,0,0,0,0,0,0,0,0,0,0,0,0,0,0,0,0,0,0,0,0,0,0,0,0,0,0,0,7,1793266,49854585,19048260,0,0,0,0,0,0,0,0,0,0,0,0,0,0,0,0,0,0,0,0,0,0,0,0,0,0,0,0,0,0,0,0,0,0,0,0,0,12862373888,4280729600,785057,261275,18985842,1274,0,102,786432,48960013,812144,4,2472823681,12884901888,19575,546964698,0,0,0,0,0,0,0,0,0,0,0,0,0,0,0,0,0,0,10839564,110729357,0,468,1202,7661,620,21679470,35,0,0,0,0,0,0,0,1,0,0,0,0,0,0,0,0,0,0,15355089,0,18985452,192442,0,0,0,0,0,0,0,0,16384,0,0,0,0,0,0,0,0,0,0,0,2059,408,0,0,0,0,0,32946030,0,152,0,4,407,2059,0,0,0,0,0,0,0,0,0,0,0,0,0,0,0,0,0,0,0,0,0,0,0,0,0,0,0,0,0,0,0,0,0,0,0,0,0,0,0,0,0,0,0,0,0,0,0,0,0,0,0,0,0,0,161222993,0,0,0,366945622,0,0,0,0,0,0,0,40002154,50025387,180764286,107370937344,36661480,1,0,0,0,0,0,0,0,0,0,0,0,0,0,0,0,0,0,0,0,0,0,0,0,0,0,0,0,0,0,0,355665,0,0,0,0,0,0,0
1782296315.934,0,0,0,0,0,0,0,514952528,815805843968,451656271360,0,0,0,0,0,0,0,0,0,0,0,0,0,0,0,0,0,0,0,0,0,0,0,0,0,0,0,0,0,0,0,0,0,0,0,0,0,0,0,0,0,0,0,0,0,0,0,0,0,0,0,0,0,0,0,0,0,0,7,1793413,49919662,19065087,0,0,0,0,0,0,0,0,0,0,0,0,0,0,0,0,0,0,0,0,0,0,0,0,0,0,0,0,0,0,0,0,0,0,0,0,0,12867682304,4281253888,785381,261307,19002669,955,0,96,786432,49025002,812144,4,2473710055,12884901888,19575,547084869,0,0,0,0,0,0,0,0,0,0,0,0,0,0,0,0,0,0,10844292,110734085,0,468,1202,7661,620,21688924,35,0,0,0,0,0,0,0,1,0,0,0,0,0,0,0,0,0,0,15360407,0,19002279,192627,0,0,0,0,0,0,0,0,16384,0,0,0,0,0,0,0,0,0,0,0,2060,408,0,0,0,0,0,32960406,0,152,0,4,407,2060,0,0,0,0,0,0,0,0,0,0,0,0,0,0,0,0,0,0,0,0,0,0,0,0,0,0,0,0,0,0,0,0,0,0,0,0,0,0,0,0,0,0,0,0,0,0,0,0,0,0,0,0,0,0,161298935,0,0,0,367027017,0,0,0,0,0,0,0,40034685,50090238,180857171,107411378176,36690897,0,0,0,0,0,0,0,0,0,0,0,0,0,0,0,0,0,0,0,0,0,0,0,0,0,0,0,0,0,0,0,360166,0,0,0,0,0,0,0
1782296317.000,0,0,0,0,0,0,0,515113769,816793192960,451985721856,0,0,0,0,0,0,0,0,0,0,0,0,0,0,0,0,0,0,0,0,0,0,0,0,0,0,0,0,0,0,0,0,0,0,0,0,0,0,0,0,0,0,0,0,0,0,0,0,0,0,0,0,0,0,0,0,0,0,7,1793639,49980043,19081900,0,0,0,0,0,0,0,0,0,0,0,0,0,0,0,0,0,0,0,0,0,0,0,0,0,0,0,0,0,0,0,0,0,0,0,0,0,12862226432,4300210176,785048,262464,19019482,1288,0,96,786432,49085279,812144,4,2474606203,12884901888,19575,547279777,0,0,0,0,0,0,0,0,0,0,0,0,0,0,0,0,0,0,10848844,110738634,0,468,1202,7661,620,21698031,35,0,0,0,0,0,0,0,1,0,0,0,0,0,0,0,0,0,0,15365524,0,19019092,192810,0,0,0,0,0,0,0,0,16384,0,0,0,0,0,0,0,0,0,0,0,2061,408,0,0,0,0,0,32974214,0,152,0,4,407,2061,0,0,0,0,0,0,0,0,0,0,0,0,0,0,0,0,0,0,0,0,0,0,0,0,0,0,0,0,0,0,0,0,0,0,0,0,0,0,0,0,0,0,0,0,0,0,0,0,0,0,0,0,0,0,161387114,0,0,0,367139086,0,0,0,0,0,0,0,40062312,50150460,180962260,107457900032,36715314,1,0,0,0,0,0,0,0,0,0,0,0,0,0,0,0,0,0,0,0,0,0,0,0,0,0,0,0,0,0,0,326542,0,0,0,0,0,0,0
1782296318.063,0,0,0,0,0,0,0,515285495,817820043776,452303901184,0,0,0,0,0,0,0,0,0,0,0,0,0,0,0,0,0,0,0,0,0,0,0,0,0,0,0,0,0,0,0,0,0,0,0,0,0,0,0,0,0,0,0,0,0,0,0,0,0,0,0,0,0,0,0,0,0,0,7,1793893,50042894,19098563,0,0,0,0,0,0,0,0,0,0,0,0,0,0,0,0,0,0,0,0,0,0,0,0,0,0,0,0,0,0,0,0,0,0,0,0,0,12859490304,4297424896,784881,262294,19036112,1449,0,101,786432,49148042,812144,4,2475461515,12884901888,19575,547393941,0,0,0,0,0,0,0,0,0,0,0,0,0,0,0,0,0,0,10853448,110743239,0,468,1202,7661,620,21707239,35,0,0,0,0,0,0,0,1,0,0,0,0,0,0,0,0,0,0,15370704,0,19035722,192999,0,0,0,0,0,0,0,0,16384,0,0,0,0,0,0,0,0,0,0,0,2062,408,0,0,0,0,0,32988188,0,152,0,4,407,2062,0,0,0,0,0,0,0,0,0,0,0,0,0,0,0,0,0,0,0,0,0,0,0,0,0,0,0,0,0,0,0,0,0,0,0,0,0,0,0,0,0,0,0,0,0,0,0,0,0,0,0,0,0,0,161460609,0,0,0,367217485,0,0,0,0,0,0,0,40092248,50213121,181052535,107497024512,36742027,0,0,0,0,0,0,0,0,0,0,0,0,0,0,0,0,0,0,0,0,0,0,0,0,0,0,0,0,0,0,0,331148,0,0,0,0,0,0,0
1782296319.128,0,0,0,0,0,0,0,515459663,818855266816,452669817856,0,0,0,0,0,0,0,0,0,0,0,0,0,0,0,0,0,0,0,0,0,0,0,0,0,0,0,0,0,0,0,0,0,0,0,0,0,0,0,0,0,0,0,0,0,0,0,0,0,0,0,0,0,0,0,0,0,0,7,1794195,50106251,19118070,0,0,0,0,0,0,0,0,0,0,0,0,0,0,0,0,0,0,0,0,0,0,0,0,0,0,0,0,0,0,0,0,0,0,0,0,0,12854034432,4253663232,784548,259623,19052960,1788,0,96,786432,49211324,812144,4,2476327314,12884901888,19575,547509848,0,0,0,0,0,0,0,0,0,0,0,0,0,0,0,0,0,0,10858130,110747923,0,468,1202,7661,620,21716600,35,0,0,0,0,0,0,0,1,0,0,0,0,0,0,0,0,0,0,15375971,0,19055130,193215,0,0,0,0,0,0,0,0,16384,0,0,0,0,0,0,0,0,0,0,0,2063,408,0,0,0,0,0,33002428,0,152,0,4,407,2063,0,0,0,0,0,0,0,0,0,0,0,0,0,0,0,0,0,0,0,0,0,0,0,0,0,0,0,0,0,0,0,0,0,0,0,0,0,0,0,0,0,0,0,0,0,0,0,0,0,0,0,0,0,0,161534803,0,0,0,367296920,0,0,0,0,0,0,0,40124605,50276292,181146375,107536649216,36770588,1,0,0,0,0,0,0,0,0,0,0,0,0,0,0,0,0,0,0,0,0,0,0,0,0,0,0,0,0,0,0,335830,0,0,0,0,0,0,0
1782296320.196,0,0,0,0,0,0,0,515635865,819902614016,453010650624,0,0,0,0,0,0,0,0,0,0,0,0,0,0,0,0,0,0,0,0,0,0,0,0,0,0,0,0,0,0,0,0,0,0,0,0,0,0,0,0,0,0,0,0,0,0,0,0,0,0,0,0,0,0,0,0,0,0,7,1794488,50170341,19136173,0,0,0,0,0,0,0,0,0,0,0,0,0,0,0,0,0,0,0,0,0,0,0,0,0,0,0,0,0,0,0,0,0,0,0,0,0,12856590336,4236591104,784703,258580,19073627,1622,0,105,786432,49275333,812144,4,2477202527,12884901888,19575,547626619,0,0,0,0,0,0,0,0,0,0,0,0,0,0,0,0,0,0,10862833,110752625,0,468,1202,7661,620,21726009,35,0,0,0,0,0,0,0,1,0,0,0,0,0,0,0,0,0,0,15381260,0,19073365,193416,0,0,0,0,0,0,0,0,16384,0,0,0,0,0,0,0,0,0,0,0,2064,408,0,0,0,0,0,33016727,0,152,0,4,407,2064,0,0,0,0,0,0,0,0,0,0,0,0,0,0,0,0,0,0,0,0,0,0,0,0,0,0,0,0,0,0,0,0,0,0,0,0,0,0,0,0,0,0,0,0,0,0,0,0,0,0,0,0,0,0,161608480,0,0,0,367377313,0,0,0,0,0,0,0,40156895,50340183,181238250,107575728128,36799414,1,1,0,0,0,0,0,0,0,0,0,0,0,0,0,0,0,0,0,0,0,0,0,0,0,0,0,0,0,0,0,340533,0,0,0,0,0,0,0
1782296321.264,0,0,0,0,0,0,0,515813287,820953909760,453335422976,0,0,0,0,0,0,0,0,0,0,0,0,0,0,0,0,0,0,0,0,0,0,0,0,0,0,0,0,0,0,0,0,0,0,0,0,0,0,0,0,0,0,0,0,0,0,0,0,0,0,0,0,0,0,0,0,0,0,7,1794743,50234678,19153134,0,0,0,0,0,0,0,0,0,0,0,0,0,0,0,0,0,0,0,0,0,0,0,0,0,0,0,0,0,0,0,0,0,0,0,0,0,12852215808,4237131776,784437,258614,19090716,1899,0,96,786432,49339570,812144,4,2478084131,12884901888,19575,547744871,0,0,0,0,0,0,0,0,0,0,0,0,0,0,0,0,0,0,10867562,110757355,0,468,1202,7661,620,21735462,35,0,0,0,0,0,0,0,1,0,0,0,0,0,0,0,0,0,0,15386580,0,19090198,193606,0,0,0,0,0,0,0,0,16384,0,0,0,0,0,0,0,0,0,0,0,2065,408,0,0,0,0,0,33031128,0,152,0,4,407,2065,0,0,0,0,0,0,0,0,0,0,0,0,0,0,0,0,0,0,0,0,0,0,0,0,0,0,0,0,0,0,0,0,0,0,0,0,0,0,0,0,0,0,0,0,0,0,0,0,0,0,0,0,0,0,161684594,0,0,0,367458220,0,0,0,0,0,0,0,40189739,50404296,181331449,107616283136,36828839,0,0,0,0,0,0,0,0,0,0,0,0,0,0,0,0,0,0,0,0,0,0,0,0,0,0,0,0,0,0,0,345264,0,0,0,0,0,0,0
1782296322.328,0,0,0,0,0,0,0,515982730,821994588672,453661411328,0,0,0,0,0,0,0,0,0,0,0,0,0,0,0,0,0,0,0,0,0,0,0,0,0,0,0,0,0,0,0,0,0,0,0,0,0,0,0,0,0,0,0,0,0,0,0,0,0,0,0,0,0,0,0,0,0,0,7,1794951,50298342,19169661,0,0,0,0,0,0,0,0,0,0,0,0,0,0,0,0,0,0,0,0,0,0,0,0,0,0,0,0,0,0,0,0,0,0,0,0,0,12851576832,4273012736,784398,260804,19107243,1926,0,108,786432,49403161,812144,4,2479021639,12884901888,19575,547946628,0,0,0,0,0,0,0,0,0,0,0,0,0,0,0,0,0,0,10872321,110762113,0,468,1202,7661,620,21744989,35,0,0,0,0,0,0,0,1,0,0,0,0,0,0,0,0,0,0,15391929,0,19106725,193792,0,0,0,0,0,0,0,0,16384,0,0,0,0,0,0,0,0,0,0,0,2066,408,0,0,0,0,0,33045590,0,152,0,4,407,2066,0,0,0,0,0,0,0,0,0,0,0,0,0,0,0,0,0,0,0,0,0,0,0,0,0,0,0,0,0,0,0,0,0,0,0,0,0,0,0,0,0,0,0,0,0,0,0,0,0,0,0,0,0,0,161774152,0,0,0,367574336,0,0,0,0,0,0,0,40222433,50467762,181437641,107663553024,36858137,1,1,0,0,0,0,0,0,0,0,0,0,0,0,0,0,0,0,0,0,0,0,0,0,0,0,0,0,0,0,0,311622,0,0,0,0,0,0,0
1782296323.396,0,0,0,0,0,0,0,516153752,823017785856,453992721408,0,0,0,0,0,0,0,0,0,0,0,0,0,0,0,0,0,0,0,0,0,0,0,0,0,0,0,0,0,0,0,0,0,0,0,0,0,0,0,0,0,0,0,0,0,0,0,0,0,0,0,0,0,0,0,0,0,0,7,1795210,50360975,19187112,0,0,0,0,0,0,0,0,0,0,0,0,0,0,0,0,0,0,0,0,0,0,0,0,0,0,0,0,0,0,0,0,0,0,0,0,0,12856885248,4256874496,784722,259819,19124694,1614,0,96,786432,49465699,812144,4,2479872651,12884901888,19575,548059694,0,0,0,0,0,0,0,0,0,0,0,0,0,0,0,0,0,0,10876928,110766719,0,468,1202,7661,620,21754196,35,0,0,0,0,0,0,0,1,0,0,0,0,0,0,0,0,0,0,15397110,0,19124176,193987,0,0,0,0,0,0,0,0,16384,0,0,0,0,0,0,0,0,0,0,0,2067,408,0,0,0,0,0,33059588,0,152,0,4,407,2067,0,0,0,0,0,0,0,0,0,0,0,0,0,0,0,0,0,0,0,0,0,0,0,0,0,0,0,0,0,0,0,0,0,0,0,0,0,0,0,0,0,0,0,0,0,0,0,0,0,0,0,0,0,0,161847673,0,0,0,367652416,0,0,0,0,0,0,0,40252059,50530194,181528738,107702811136,36884665,1,0,0,0,0,0,0,0,0,0,0,0,0,0,0,0,0,0,0,0,0,0,0,0,0,0,0,0,0,0,0,316227,0,0,0,0,0,0,0
1782296324.464,0,0,0,0,0,0,0,516326281,824043964928,454308817920,0,0,0,0,0,0,0,0,0,0,0,0,0,0,0,0,0,0,0,0,0,0,0,0,0,0,0,0,0,0,0,0,0,0,0,0,0,0,0,0,0,0,0,0,0,0,0,0,0,0,0,0,0,0,0,0,0,0,7,1795525,50423789,19203621,0,0,0,0,0,0,0,0,0,0,0,0,0,0,0,0,0,0,0,0,0,0,0,0,0,0,0,0,0,0,0,0,0,0,0,0,0,12864667648,4261019648,785197,260072,19141203,1133,0,100,786432,49528425,812144,4,2480728737,12884901888,19575,548173944,0,0,0,0,0,0,0,0,0,0,0,0,0,0,0,0,0,0,10881541,110771333,0,468,1202,7661,620,21763420,35,0,0,0,0,0,0,0,1,0,0,0,0,0,0,0,0,0,0,15402302,0,19140685,194171,0,0,0,0,0,0,0,0,16384,0,0,0,0,0,0,0,0,0,0,0,2068,408,0,0,0,0,0,33073621,0,152,0,4,407,2068,0,0,0,0,0,0,0,0,0,0,0,0,0,0,0,0,0,0,0,0,0,0,0,0,0,0,0,0,0,0,0,0,0,0,0,0,0,0,0,0,0,0,0,0,0,0,0,0,0,0,0,0,0,0,161922656,0,0,0,367731240,0,0,0,0,0,0,0,40282142,50592799,181620345,107742546944,36911559,0,0,0,0,0,0,0,0,0,0,0,0,0,0,0,0,0,0,0,0,0,0,0,0,0,0,0,0,0,0,0,320842,0,0,0,0,0,0,0
1782296325.532,0,0,0,0,0,0,0,516502365,825092688384,454633217536,0,0,0,0,0,0,0,0,0,0,0,0,0,0,0,0,0,0,0,0,0,0,0,0,0,0,0,0,0,0,0,0,0,0,0,0,0,0,0,0,0,0,0,0,0,0,0,0,0,0,0,0,0,0,0,0,0,0,7,1795806,50487977,19220570,0,0,0,0,0,0,0,0,0,0,0,0,0,0,0,0,0,0,0,0,0,0,0,0,0,0,0,0,0,0,0,0,0,0,0,0,0,12861767680,4261806080,785022,260120,19158042,1300,0,112,786432,49592522,812144,4,2481604996,12884901888,19575,548291093,0,0,0,0,0,0,0,0,0,0,0,0,0,0,0,0,0,0,10886217,110776010,0,468,1202,7661,620,21772776,35,0,0,0,0,0,0,0,1,0,0,0,0,0,0,0,0,0,0,15407562,0,19157524,194353,0,0,0,0,0,0,0,0,16384,0,0,0,0,0,0,0,0,0,0,0,2069,408,0,0,0,0,0,33087819,0,152,0,4,407,2069,0,0,0,0,0,0,0,0,0,0,0,0,0,0,0,0,0,0,0,0,0,0,0,0,0,0,0,0,0,0,0,0,0,0,0,0,0,0,0,0,0,0,0,0,0,0,0,0,0,0,0,0,0,0,161998102,0,0,0,367811606,0,0,0,0,0,0,0,40313942,50656789,181712878,107782581248,36940086,1,0,0,0,0,0,0,0,0,0,0,0,0,0,0,0,0,0,0,0,0,0,0,0,0,0,0,0,0,0,0,325518,0,0,0,0,0,0,0
1782296326.600,0,0,0,0,0,0,0,516681143,826151733760,454964090368,0,0,0,0,0,0,0,0,0,0,0,0,0,0,0,0,0,0,0,0,0,0,0,0,0,0,0,0,0,0,0,0,0,0,0,0,0,0,0,0,0,0,0,0,0,0,0,0,0,0,0,0,0,0,0,0,0,0,7,1796036,50552788,19237935,0,0,0,0,0,0,0,0,0,0,0,0,0,0,0,0,0,0,0,0,0,0,0,0,0,0,0,0,0,0,0,0,0,0,0,0,0,12859883520,4260413440,784905,260034,19175517,1429,0,98,786432,49657246,812144,4,2482494015,12884901888,19575,548411062,0,0,0,0,0,0,0,0,0,0,0,0,0,0,0,0,0,0,10890947,110780738,0,468,1202,7661,620,21782238,35,0,0,0,0,0,0,0,1,0,0,0,0,0,0,0,0,0,0,15412878,0,19174999,194547,0,0,0,0,0,0,0,0,16384,0,0,0,0,0,0,0,0,0,0,0,2070,408,0,0,0,0,0,33102194,0,152,0,4,407,2070,0,0,0,0,0,0,0,0,0,0,0,0,0,0,0,0,0,0,0,0,0,0,0,0,0,0,0,0,0,0,0,0,0,0,0,0,0,0,0,0,0,0,0,0,0,0,0,0,0,0,0,0,0,0,162073982,0,0,0,367893027,0,0,0,0,0,0,0,40346897,50721395,181806230,107823111168,36969613,1,0,0,0,0,0,0,0,0,0,0,0,0,0,0,0,0,0,0,0,0,0,0,0,0,0,0,0,0,0,0,330245,0,0,0,0,0,0,0
1782296327.669,0,0,0,0,0,0,0,516859912,827212057088,455285795840,0,0,0,0,0,0,0,0,0,0,0,0,0,0,0,0,0,0,0,0,0,0,0,0,0,0,0,0,0,0,0,0,0,0,0,0,0,0,0,0,0,0,0,0,0,0,0,0,0,0,0,0,0,0,0,0,0,0,7,1796219,50617697,19254690,0,0,0,0,0,0,0,0,0,0,0,0,0,0,0,0,0,0,0,0,0,0,0,0,0,0,0,0,0,0,0,0,0,0,0,0,0,12861964288,4265082880,785032,260320,19192272,1303,0,97,786432,49722052,812144,4,2483383052,12884901888,19575,548530488,0,0,0,0,0,0,0,0,0,0,0,0,0,0,0,0,0,0,10895687,110785479,0,468,1202,7661,620,21791713,35,0,0,0,0,0,0,0,1,0,0,0,0,0,0,0,0,0,0,15418211,0,19191754,194743,0,0,0,0,0,0,0,0,16384,0,0,0,0,0,0,0,0,0,0,0,2071,408,0,0,0,0,0,33116621,0,152,0,4,407,2071,0,0,0,0,0,0,0,0,0,0,0,0,0,0,0,0,0,0,0,0,0,0,0,0,0,0,0,0,0,0,0,0,0,0,0,0,0,0,0,0,0,0,0,0,0,0,0,0,0,0,0,0,0,0,162151155,0,0,0,367974540,0,0,0,0,0,0,0,40380494,50786081,181900281,107864135168,36999970,1,0,0,0,0,0,0,0,0,0,0,0,0,0,0,0,0,0,0,0,0,0,0,0,0,0,0,0,0,0,0,334987,0,0,0,0,0,0,0
1782296328.737,0,0,0,0,0,0,0,517028383,828239972864,455623814656,0,0,0,0,0,0,0,0,0,0,0,0,0,0,0,0,0,0,0,0,0,0,0,0,0,0,0,0,0,0,0,0,0,0,0,0,0,0,0,0,0,0,0,0,0,0,0,0,0,0,0,0,0,0,0,0,0,0,7,1796435,50680606,19271977,0,0,0,0,0,0,0,0,0,0,0,0,0,0,0,0,0,0,0,0,0,0,0,0,0,0,0,0,0,0,0,0,0,0,0,0,0,12864880640,4287578112,785210,261693,19209559,1123,0,97,786432,49784874,812144,4,2484315966,12884901888,19575,548731173,0,0,0,0,0,0,0,0,0,0,0,0,0,0,0,0,0,0,10900405,110790197,0,468,1202,7661,620,21801148,35,0,0,0,0,0,0,0,1,0,0,0,0,0,0,0,0,0,0,15423516,0,19209041,194931,0,0,0,0,0,0,0,0,16384,0,0,0,0,0,0,0,0,0,0,0,2073,408,0,0,0,0,0,33130959,0,152,0,4,407,2073,0,0,0,0,0,0,0,0,0,0,0,0,0,0,0,0,0,0,0,0,0,0,0,0,0,0,0,0,0,0,0,0,0,0,0,0,0,0,0,0,0,0,0,0,0,0,0,0,0,0,0,0,0,0,162240237,0,0,0,368090160,0,0,0,0,0,0,0,40412959,50848783,182006765,107911149568,37029043,1,1,0,0,0,0,0,0,0,0,0,0,0,0,0,0,0,0,0,0,0,0,0,0,0,0,0,0,0,0,0,301305,0,0,0,0,0,0,0
1782296329.803,0,0,0,0,0,0,0,517206368,829289581056,455949775360,0,0,0,0,0,0,0,0,0,0,0,0,0,0,0,0,0,0,0,0,0,0,0,0,0,0,0,0,0,0,0,0,0,0,0,0,0,0,0,0,0,0,0,0,0,0,0,0,0,0,0,0,0,0,0,0,0,0,7,1796683,50744856,19289028,0,0,0,0,0,0,0,0,0,0,0,0,0,0,0,0,0,0,0,0,0,0,0,0,0,0,0,0,0,0,0,0,0,0,0,0,0,12850937856,4288315392,784359,261738,19226610,1977,0,96,786432,49849037,812144,4,2485199595,12884901888,19575,548849419,0,0,0,0,0,0,0,0,0,0,0,0,0,0,0,0,0,0,10905151,110794944,0,468,1202,7661,620,21810643,35,0,0,0,0,0,0,0,1,0,0,0,0,0,0,0,0,0,0,15428854,0,19226092,195126,0,0,0,0,0,0,0,0,16384,0,0,0,0,0,0,0,0,0,0,0,2074,408,0,0,0,0,0,33145393,0,152,0,4,407,2074,0,0,0,0,0,0,0,0,0,0,0,0,0,0,0,0,0,0,0,0,0,0,0,0,0,0,0,0,0,0,0,0,0,0,0,0,0,0,0,0,0,0,0,0,0,0,0,0,0,0,0,0,0,0,162315494,0,0,0,368171373,0,0,0,0,0,0,0,40446046,50912814,182099198,107951369728,37058738,0,0,0,0,0,0,0,0,0,0,0,0,0,0,0,0,0,0,0,0,0,0,0,0,0,0,0,0,0,0,0,306052,0,0,0,0,0,0,0
1782296330.872,0,0,0,0,0,0,0,517384675,830349101568,456275262464,0,0,0,0,0,0,0,0,0,0,0,0,0,0,0,0,0,0,0,0,0,0,0,0,0,0,0,0,0,0,0,0,0,0,0,0,0,0,0,0,0,0,0,0,0,0,0,0,0,0,0,0,0,0,0,0,0,0,7,1796906,50809721,19305928,0,0,0,0,0,0,0,0,0,0,0,0,0,0,0,0,0,0,0,0,0,0,0,0,0,0,0,0,0,0,0,0,0,0,0,0,0,12857524224,4294279168,784762,262102,19243323,1574,0,96,786432,49913830,812144,4,2486086984,12884901888,19575,548967577,0,0,0,0,0,0,0,0,0,0,0,0,0,0,0,0,0,0,10909916,110799709,0,468,1202,7661,620,21820173,35,0,0,0,0,0,0,0,1,0,0,0,0,0,0,0,0,0,0,15434215,0,19242999,195317,0,0,0,0,0,0,0,0,16384,0,0,0,0,0,0,0,0,0,0,0,2075,408,0,0,0,0,0,33159907,0,152,0,4,407,2075,0,0,0,0,0,0,0,0,0,0,0,0,0,0,0,0,0,0,0,0,0,0,0,0,0,0,0,0,0,0,0,0,0,0,0,0,0,0,0,0,0,0,0,0,0,0,0,0,0,0,0,0,0,0,162394340,0,0,0,368252784,0,0,0,0,0,0,0,40480822,50977486,182195083,107993273344,37090284,0,0,0,0,0,0,0,0,0,0,0,0,0,0,0,0,0,0,0,0,0,0,0,0,0,0,0,0,0,0,0,310817,0,0,0,0,0,0,0
1782296331.939,0,0,0,0,0,0,0,517561679,831404001792,456602166272,0,0,0,0,0,0,0,0,0,0,0,0,0,0,0,0,0,0,0,0,0,0,0,0,0,0,0,0,0,0,0,0,0,0,0,0,0,0,0,0,0,0,0,0,0,0,0,0,0,0,0,0,0,0,0,0,0,0,7,1797089,50874295,19323064,0,0,0,0,0,0,0,0,0,0,0,0,0,0,0,0,0,0,0,0,0,0,0,0,0,0,0,0,0,0,0,0,0,0,0,0,0,12860178432,4292263936,784923,261979,19260646,1412,0,96,786432,49978321,812144,4,2486966820,12884901888,19575,549084994,0,0,0,0,0,0,0,0,0,0,0,0,0,0,0,0,0,0,10914646,110804439,0,468,1202,7661,620,21829631,35,0,0,0,0,0,0,0,1,0,0,0,0,0,0,0,0,0,0,15439535,0,19260128,195503,0,0,0,0,0,0,0,0,16384,0,0,0,0,0,0,0,0,0,0,0,2076,408,0,0,0,0,0,33174274,0,152,0,4,407,2076,0,0,0,0,0,0,0,0,0,0,0,0,0,0,0,0,0,0,0,0,0,0,0,0,0,0,0,0,0,0,0,0,0,0,0,0,0,0,0,0,0,0,0,0,0,0,0,0,0,0,0,0,0,0,162469516,0,0,0,368333531,0,0,0,0,0,0,0,40513815,51041873,182287496,108033366016,37119841,1,0,0,0,0,0,0,0,0,0,0,0,0,0,0,0,0,0,0,0,0,0,0,0,0,0,0,0,0,0,0,315548,0,0,0,0,0,0,0
1782296333.007,0,0,0,0,0,0,0,517738440,832452807168,456932015616,0,0,0,0,0,0,0,0,0,0,0,0,0,0,0,0,0,0,0,0,0,0,0,0,0,0,0,0,0,0,0,0,0,0,0,0,0,0,0,0,0,0,0,0,0,0,0,0,0,0,0,0,0,0,0,0,0,0,7,1797291,50938479,19340351,0,0,0,0,0,0,0,0,0,0,0,0,0,0,0,0,0,0,0,0,0,0,0,0,0,0,0,0,0,0,0,0,0,0,0,0,0,12851298304,4287938560,784381,261715,19277933,1953,0,98,786432,50042412,812144,4,2487845420,12884901888,19575,549202609,0,0,0,0,0,0,0,0,0,0,0,0,0,0,0,0,0,0,10919359,110809151,0,468,1202,7661,620,21839063,35,0,0,0,0,0,0,0,1,0,0,0,0,0,0,0,0,0,0,15444833,0,19277415,195699,0,0,0,0,0,0,0,0,16384,0,0,0,0,0,0,0,0,0,0,0,2077,408,0,0,0,0,0,33188614,0,152,0,4,407,2077,0,0,0,0,0,0,0,0,0,0,0,0,0,0,0,0,0,0,0,0,0,0,0,0,0,0,0,0,0,0,0,0,0,0,0,0,0,0,0,0,0,0,0,0,0,0,0,0,0,0,0,0,0,0,162544915,0,0,0,368414188,0,0,0,0,0,0,0,40546518,51105875,182380308,108073504768,37149122,1,0,0,0,0,0,0,0,0,0,0,0,0,0,0,0,0,0,0,0,0,0,0,0,0,0,0,0,0,0,0,320258,0,0,0,0,0,0,0
1782296334.076,0,0,0,0,0,0,0,517905991,833480362496,457258232832,0,0,0,0,0,0,0,0,0,0,0,0,0,0,0,0,0,0,0,0,0,0,0,0,0,0,0,0,0,0,0,0,0,0,0,0,0,0,0,0,0,0,0,0,0,0,0,0,0,0,0,0,0,0,0,0,0,0,7,1797401,51001365,19356780,0,0,0,0,0,0,0,0,0,0,0,0,0,0,0,0,0,0,0,0,0,0,0,0,0,0,0,0,0,0,0,0,0,0,0,0,0,12859588608,4322443264,784887,263821,19294327,1449,0,97,786432,50105203,812144,4,2488773101,12884901888,19575,549403160,0,0,0,0,0,0,0,0,0,0,0,0,0,0,0,0,0,0,10924063,110813856,0,468,1202,7661,620,21848468,35,0,0,0,0,0,0,0,1,0,0,0,0,0,0,0,0,0,0,15450124,0,19293809,195882,0,0,0,0,0,0,0,0,16384,0,0,0,0,0,0,0,0,0,0,0,2078,408,0,0,0,0,0,33202961,0,152,0,4,407,2078,0,0,0,0,0,0,0,0,0,0,0,0,0,0,0,0,0,0,0,0,0,0,0,0,0,0,0,0,0,0,0,0,0,0,0,0,0,0,0,0,0,0,0,0,0,0,0,0,0,0,0,0,0,0,162637430,0,0,0,368529434,0,0,0,0,0,0,0,40577984,51168566,182489401,108122000384,37177324,1,1,0,0,0,0,0,0,0,0,0,0,0,0,0,0,0,0,0,0,0,0,0,0,0,0,0,0,0,0,0,286564,0,0,0,0,0,0,0
1782296335.144,0,0,0,0,0,0,0,518068770,834451294720,457627180032,0,0,0,0,0,0,0,0,0,0,0,0,0,0,0,0,0,0,0,0,0,0,0,0,0,0,0,0,0,0,0,0,0,0,0,0,0,0,0,0,0,0,0,0,0,0,0,0,0,0,0,0,0,0,0,0,0,0,7,1797616,51060791,19376581,0,0,0,0,0,0,0,0,0,0,0,0,0,0,0,0,0,0,0,0,0,0,0,0,0,0,0,0,0,0,0,0,0,0,0,0,0,12858064896,4259594240,784794,259986,19310907,1540,0,96,786432,50164529,812144,4,2489581170,12884901888,19575,549509283,0,0,0,0,0,0,0,0,0,0,0,0,0,0,0,0,0,0,10928502,110818295,0,468,1202,7661,620,21857341,35,0,0,0,0,0,0,0,1,0,0,0,0,0,0,0,0,0,0,15455119,0,19313461,196089,0,0,0,0,0,0,0,0,16384,0,0,0,0,0,0,0,0,0,0,0,2079,408,0,0,0,0,0,33216464,0,152,0,4,407,2079,0,0,0,0,0,0,0,0,0,0,0,0,0,0,0,0,0,0,0,0,0,0,0,0,0,0,0,0,0,0,0,0,0,0,0,0,0,0,0,0,0,0,0,0,0,0,0,0,0,0,0,0,0,0,162708956,0,0,0,368603884,0,0,0,0,0,0,0,40604546,51227808,182580883,108160104448,37200642,1,0,0,0,0,0,0,0,0,0,0,0,0,0,0,0,0,0,0,0,0,0,0,0,0,0,0,0,0,0,0,291004,0,0,0,0,0,0,0
1782296336.217,0,0,0,0,0,0,0,518244442,835491269120,457956177920,0,0,0,0,0,0,0,0,0,0,0,0,0,0,0,0,0,0,0,0,0,0,0,0,0,0,0,0,0,0,0,0,0,0,0,0,0,0,0,0,0,0,0,0,0,0,0,0,0,0,0,0,0,0,0,0,0,0,7,1797869,51124446,19393923,0,0,0,0,0,0,0,0,0,0,0,0,0,0,0,0,0,0,0,0,0,0,0,0,0,0,0,0,0,0,0,0,0,0,0,0,0,12857819136,4254875648,784779,259697,19331505,1557,0,96,786432,50228081,812144,4,2490452309,12884901888,19575,549625401,0,0,0,0,0,0,0,0,0,0,0,0,0,0,0,0,0,0,10933207,110823000,0,468,1202,7661,620,21866755,35,0,0,0,0,0,0,0,1,0,0,0,0,0,0,0,0,0,0,15460409,0,19330987,196295,0,0,0,0,0,0,0,0,16384,0,0,0,0,0,0,0,0,0,0,0,2080,408,0,0,0,0,0,33230761,0,152,0,4,407,2080,0,0,0,0,0,0,0,0,0,0,0,0,0,0,0,0,0,0,0,0,0,0,0,0,0,0,0,0,0,0,0,0,0,0,0,0,0,0,0,0,0,0,0,0,0,0,0,0,0,0,0,0,0,0,162783637,0,0,0,368684146,0,0,0,0,0,0,0,40637126,51291262,182673020,108199673344,37229769,1,0,0,0,0,0,0,0,0,0,0,0,0,0,0,0,0,0,0,0,0,0,0,0,0,0,0,0,0,0,0,295707,0,0,0,0,0,0,0
1782296337.280,0,0,0,0,0,0,0,518423468,836555115008,458276039680,0,0,0,0,0,0,0,0,0,0,0,0,0,0,0,0,0,0,0,0,0,0,0,0,0,0,0,0,0,0,0,0,0,0,0,0,0,0,0,0,0,0,0,0,0,0,0,0,0,0,0,0,0,0,0,0,0,0,7,1798040,51189547,19410607,0,0,0,0,0,0,0,0,0,0,0,0,0,0,0,0,0,0,0,0,0,0,0,0,0,0,0,0,0,0,0,0,0,0,0,0,0,12874219520,4266000384,785780,260376,19348189,554,0,98,786432,50293099,812144,4,2491342894,12884901888,19575,549744479,0,0,0,0,0,0,0,0,0,0,0,0,0,0,0,0,0,0,10937967,110827760,0,468,1202,7661,620,21876273,35,0,0,0,0,0,0,0,1,0,0,0,0,0,0,0,0,0,0,15465763,0,19347671,196483,0,0,0,0,0,0,0,0,16384,0,0,0,0,0,0,0,0,0,0,0,2081,408,0,0,0,0,0,33245259,0,152,0,4,407,2081,0,0,0,0,0,0,0,0,0,0,0,0,0,0,0,0,0,0,0,0,0,0,0,0,0,0,0,0,0,0,0,0,0,0,0,0,0,0,0,0,0,0,0,0,0,0,0,0,0,0,0,0,0,0,162858795,0,0,0,368765855,0,0,0,0,0,0,0,40670084,51356165,182764975,108239871488,37259409,0,0,0,0,0,0,0,0,0,0,0,0,0,0,0,0,0,0,0,0,0,0,0,0,0,0,0,0,0,0,0,300468,0,0,0,0,0,0,0
1782296338.349,0,0,0,0,0,0,0,518601406,837615421952,458608801280,0,0,0,0,0,0,0,0,0,0,0,0,0,0,0,0,0,0,0,0,0,0,0,0,0,0,0,0,0,0,0,0,0,0,0,0,0,0,0,0,0,0,0,0,0,0,0,0,0,0,0,0,0,0,0,0,0,0,7,1798144,51254426,19428088,0,0,0,0,0,0,0,0,0,0,0,0,0,0,0,0,0,0,0,0,0,0,0,0,0,0,0,0,0,0,0,0,0,0,0,0,0,12858195968,4261511168,784804,260102,19365542,1534,0,103,786432,50357900,812144,4,2492227658,12884901888,19575,549862294,0,0,0,0,0,0,0,0,0,0,0,0,0,0,0,0,0,0,10942747,110832540,0,468,1202,7661,620,21885835,35,0,0,0,0,0,0,0,1,0,0,0,0,0,0,0,0,0,0,15471140,0,19365152,196674,0,0,0,0,0,0,0,0,16384,0,0,0,0,0,0,0,0,0,0,0,2082,408,0,0,0,0,0,33259792,0,152,0,4,407,2082,0,0,0,0,0,0,0,0,0,0,0,0,0,0,0,0,0,0,0,0,0,0,0,0,0,0,0,0,0,0,0,0,0,0,0,0,0,0,0,0,0,0,0,0,0,0,0,0,0,0,0,0,0,0,162934035,0,0,0,368847138,0,0,0,0,0,0,0,40703668,51420838,182857822,108280000512,37289468,1,1,0,0,0,0,0,0,0,0,0,0,0,0,0,0,0,0,0,0,0,0,0,0,0,0,0,0,0,0,0,305248,0,0,0,0,0,0,0
1782296339.418,0,0,0,0,0,0,0,518778850,838672779776,458933758976,0,0,0,0,0,0,0,0,0,0,0,0,0,0,0,0,0,0,0,0,0,0,0,0,0,0,0,0,0,0,0,0,0,0,0,0,0,0,0,0,0,0,0,0,0,0,0,0,0,0,0,0,0,0,0,0,0,0,7,1798278,51319145,19445088,0,0,0,0,0,0,0,0,0,0,0,0,0,0,0,0,0,0,0,0,0,0,0,0,0,0,0,0,0,0,0,0,0,0,0,0,0,12855377920,4263854080,784630,260245,19382670,1704,0,96,786432,50422543,812144,4,2493111167,12884901888,19575,549980449,0,0,0,0,0,0,0,0,0,0,0,0,0,0,0,0,0,0,10947460,110837253,0,468,1202,7661,620,21895261,35,0,0,0,0,0,0,0,1,0,0,0,0,0,0,0,0,0,0,15476440,0,19382152,196861,0,0,0,0,0,0,0,0,16384,0,0,0,0,0,0,0,0,0,0,0,2083,408,0,0,0,0,0,33274119,0,152,0,4,407,2083,0,0,0,0,0,0,0,0,0,0,0,0,0,0,0,0,0,0,0,0,0,0,0,0,0,0,0,0,0,0,0,0,0,0,0,0,0,0,0,0,0,0,0,0,0,0,0,0,0,0,0,0,0,0,163009554,0,0,0,368928049,0,0,0,0,0,0,0,40736814,51485354,182950464,108320215040,37319303,1,1,0,0,0,0,0,0,0,0,0,0,0,0,0,0,0,0,0,0,0,0,0,0,0,0,0,0,0,0,0,309961,0,0,0,0,0,0,0
1782296340.484,0,0,0,0,0,0,0,518942778,839675283968,459261860864,0,0,0,0,0,0,0,0,0,0,0,0,0,0,0,0,0,0,0,0,0,0,0,0,0,0,0,0,0,0,0,0,0,0,0,0,0,0,0,0,0,0,0,0,0,0,0,0,0,0,0,0,0,0,0,0,0,0,7,1798438,51380483,19461760,0,0,0,0,0,0,0,0,0,0,0,0,0,0,0,0,0,0,0,0,0,0,0,0,0,0,0,0,0,0,0,0,0,0,0,0,0,12859637760,4289822720,784890,261830,19399342,1446,0,96,786432,50483788,812144,4,2494020283,12884901888,19575,550178418,0,0,0,0,0,0,0,0,0,0,0,0,0,0,0,0,0,0,10952035,110841828,0,468,1202,7661,620,21904407,35,0,0,0,0,0,0,0,1,0,0,0,0,0,0,0,0,0,0,15481585,0,19398824,197047,0,0,0,0,0,0,0,0,16384,0,0,0,0,0,0,0,0,0,0,0,2084,408,0,0,0,0,0,33288047,0,152,0,4,407,2084,0,0,0,0,0,0,0,0,0,0,0,0,0,0,0,0,0,0,0,0,0,0,0,0,0,0,0,0,0,0,0,0,0,0,0,0,0,0,0,0,0,0,0,0,0,0,0,0,0,0,0,0,0,0,163099448,0,0,0,369041563,0,0,0,0,0,0,0,40766540,51546515,183057136,108367612416,37346022,0,0,0,0,0,0,0,0,0,0,0,0,0,0,0,0,0,0,0,0,0,0,0,0,0,0,0,0,0,0,0,276137,0,0,0,0,0,0,0
1782296341.550,0,0,0,0,0,0,0,519111892,840685898240,459577909248,0,0,0,0,0,0,0,0,0,0,0,0,0,0,0,0,0,0,0,0,0,0,0,0,0,0,0,0,0,0,0,0,0,0,0,0,0,0,0,0,0,0,0,0,0,0,0,0,0,0,0,0,0,0,0,0,0,0,7,1798721,51442352,19478269,0,0,0,0,0,0,0,0,0,0,0,0,0,0,0,0,0,0,0,0,0,0,0,0,0,0,0,0,0,0,0,0,0,0,0,0,0,12853821440,4288299008,784535,261737,19415851,1801,0,96,786432,50545579,812144,4,2494862181,12884901888,19575,550290096,0,0,0,0,0,0,0,0,0,0,0,0,0,0,0,0,0,0,10956587,110846380,0,468,1202,7661,620,21913512,35,0,0,0,0,0,0,0,1,0,0,0,0,0,0,0,0,0,0,15486706,0,19415333,197249,0,0,0,0,0,0,0,0,16384,0,0,0,0,0,0,0,0,0,0,0,2085,408,0,0,0,0,0,33301901,0,152,0,4,407,2085,0,0,0,0,0,0,0,0,0,0,0,0,0,0,0,0,0,0,0,0,0,0,0,0,0,0,0,0,0,0,0,0,0,0,0,0,0,0,0,0,0,0,0,0,0,0,0,0,0,0,0,0,0,0,163173332,0,0,0,369118726,0,0,0,0,0,0,0,40795652,51608179,183147676,108406992896,37371753,0,0,0,0,0,0,0,0,0,0,0,0,0,0,0,0,0,0,0,0,0,0,0,0,0,0,0,0,0,0,0,280689,0,0,0,0,0,0,0
1782296342.617,0,0,0,0,0,0,0,519288086,841739995648,459900678656,0,0,0,0,0,0,0,0,0,0,0,0,0,0,0,0,0,0,0,0,0,0,0,0,0,0,0,0,0,0,0,0,0,0,0,0,0,0,0,0,0,0,0,0,0,0,0,0,0,0,0,0,0,0,0,0,0,0,7,1798914,51506828,19495116,0,0,0,0,0,0,0,0,0,0,0,0,0,0,0,0,0,0,0,0,0,0,0,0,0,0,0,0,0,0,0,0,0,0,0,0,0,12864192512,4291264512,785168,261918,19432651,1162,0,102,786432,50609966,812144,4,2495738798,12884901888,19575,550407123,0,0,0,0,0,0,0,0,0,0,0,0,0,0,0,0,0,0,10961294,110851087,0,468,1202,7661,620,21922928,35,0,0,0,0,0,0,0,1,0,0,0,0,0,0,0,0,0,0,15491998,0,19432133,197430,0,0,0,0,0,0,0,0,16384,0,0,0,0,0,0,0,0,0,0,0,2086,408,0,0,0,0,0,33316202,0,152,0,4,407,2086,0,0,0,0,0,0,0,0,0,0,0,0,0,0,0,0,0,0,0,0,0,0,0,0,0,0,0,0,0,0,0,0,0,0,0,0,0,0,0,0,0,0,0,0,0,0,0,0,0,0,0,0,0,0,163248665,0,0,0,369199249,0,0,0,0,0,0,0,40828052,51672461,183239978,108447232512,37400821,0,0,0,0,0,0,0,0,0,0,0,0,0,0,0,0,0,0,0,0,0,0,0,0,0,0,0,0,0,0,0,285393,0,0,0,0,0,0,0
1782296343.685,0,0,0,0,0,0,0,519463774,842791504384,460224956416,0,0,0,0,0,0,0,0,0,0,0,0,0,0,0,0,0,0,0,0,0,0,0,0,0,0,0,0,0,0,0,0,0,0,0,0,0,0,0,0,0,0,0,0,0,0,0,0,0,0,0,0,0,0,0,0,0,0,7,1799035,51571172,19512130,0,0,0,0,0,0,0,0,0,0,0,0,0,0,0,0,0,0,0,0,0,0,0,0,0,0,0,0,0,0,0,0,0,0,0,0,0,12860915712,4290215936,784968,261854,19449712,1368,0,96,786432,50674219,812144,4,2496610944,12884901888,19575,550522325,0,0,0,0,0,0,0,0,0,0,0,0,0,0,0,0,0,0,10966033,110855826,0,468,1202,7661,620,21932403,35,0,0,0,0,0,0,0,1,0,0,0,0,0,0,0,0,0,0,15497330,0,19449194,197620,0,0,0,0,0,0,0,0,16384,0,0,0,0,0,0,0,0,0,0,0,2087,408,0,0,0,0,0,33330613,0,152,0,4,407,2087,0,0,0,0,0,0,0,0,0,0,0,0,0,0,0,0,0,0,0,0,0,0,0,0,0,0,0,0,0,0,0,0,0,0,0,0,0,0,0,0,0,0,0,0,0,0,0,0,0,0,0,0,0,0,163322795,0,0,0,369279546,0,0,0,0,0,0,0,40861059,51736599,183331241,108486622208,37430437,0,0,0,0,0,0,0,0,0,0,0,0,0,0,0,0,0,0,0,0,0,0,0,0,0,0,0,0,0,0,0,290135,0,0,0,0,0,0,0
1782296344.752,0,0,0,0,0,0,0,519642549,843854875136,460559181824,0,0,0,0,0,0,0,0,0,0,0,0,0,0,0,0,0,0,0,0,0,0,0,0,0,0,0,0,0,0,0,0,0,0,0,0,0,0,0,0,0,0,0,0,0,0,0,0,0,0,0,0,0,0,0,0,0,0,7,1799138,51636232,19529627,0,0,0,0,0,0,0,0,0,0,0,0,0,0,0,0,0,0,0,0,0,0,0,0,0,0,0,0,0,0,0,0,0,0,0,0,0,12850757632,4281663488,784348,261332,19467005,1987,0,96,786432,50739166,812144,4,2497500717,12884901888,19575,550641639,0,0,0,0,0,0,0,0,0,0,0,0,0,0,0,0,0,0,10970785,110860578,0,468,1202,7661,620,21941910,35,0,0,0,0,0,0,0,1,0,0,0,0,0,0,0,0,0,0,15502674,0,19466618,197812,0,0,0,0,0,0,0,0,16384,0,0,0,0,0,0,0,0,0,0,0,2089,408,0,0,0,0,0,33345062,0,152,0,4,407,2089,0,0,0,0,0,0,0,0,0,0,0,0,0,0,0,0,0,0,0,0,0,0,0,0,0,0,0,0,0,0,0,0,0,0,0,0,0,0,0,0,0,0,0,0,0,0,0,0,0,0,0,0,0,0,163400023,0,0,0,369361107,0,0,0,0,0,0,0,40894776,51801470,183426093,108527790592,37460816,1,0,0,0,0,0,0,0,0,0,0,0,0,0,0,0,0,0,0,0,0,0,0,0,0,0,0,0,0,0,0,294885,0,0,0,0,0,0,0
1782296345.820,0,0,0,0,0,0,0,519821140,844916328960,460882190336,0,0,0,0,0,0,0,0,0,0,0,0,0,0,0,0,0,0,0,0,0,0,0,0,0,0,0,0,0,0,0,0,0,0,0,0,0,0,0,0,0,0,0,0,0,0,0,0,0,0,0,0,0,0,0,0,0,0,7,1799298,51701193,19546373,0,0,0,0,0,0,0,0,0,0,0,0,0,0,0,0,0,0,0,0,0,0,0,0,0,0,0,0,0,0,0,0,0,0,0,0,0,12861210624,4283760640,784986,261460,19483955,1347,0,97,786432,50804020,812144,4,2498387909,12884901888,19575,550759601,0,0,0,0,0,0,0,0,0,0,0,0,0,0,0,0,0,0,10975571,110865362,0,468,1202,7661,620,21951483,35,0,0,0,0,0,0,0,1,0,0,0,0,0,0,0,0,0,0,15508057,0,19483341,197996,0,0,0,0,0,0,0,0,16384,0,0,0,0,0,0,0,0,0,0,0,2090,408,0,0,0,0,0,33359626,0,152,0,4,407,2090,0,0,0,0,0,0,0,0,0,0,0,0,0,0,0,0,0,0,0,0,0,0,0,0,0,0,0,0,0,0,0,0,0,0,0,0,0,0,0,0,0,0,0,0,0,0,0,0,0,0,0,0,0,0,163479232,0,0,0,369442724,0,0,0,0,0,0,0,40929698,51866218,183522156,108569925120,37492413,0,1,0,0,0,0,0,0,0,0,0,0,0,0,0,0,0,0,0,0,0,0,0,0,0,0,0,0,0,0,0,299670,0,0,0,0,0,0,0
1782296346.889,0,0,0,0,0,0,0,519990089,845948635648,461219121152,0,0,0,0,0,0,0,0,0,0,0,0,0,0,0,0,0,0,0,0,0,0,0,0,0,0,0,0,0,0,0,0,0,0,0,0,0,0,0,0,0,0,0,0,0,0,0,0,0,0,0,0,0,0,0,0,0,0,7,1799537,51764351,19563569,0,0,0,0,0,0,0,0,0,0,0,0,0,0,0,0,0,0,0,0,0,0,0,0,0,0,0,0,0,0,0,0,0,0,0,0,0,12855181312,4309057536,784618,263004,19501151,1716,0,97,786432,50867094,812144,4,2499323097,12884901888,19575,550961414,0,0,0,0,0,0,0,0,0,0,0,0,0,0,0,0,0,0,10980320,110870113,0,468,1202,7661,620,21960982,35,0,0,0,0,0,0,0,1,0,0,0,0,0,0,0,0,0,0,15513400,0,19500537,198185,0,0,0,0,0,0,0,0,16384,0,0,0,0,0,0,0,0,0,0,0,2091,408,0,0,0,0,0,33374069,0,152,0,4,407,2091,0,0,0,0,0,0,0,0,0,0,0,0,0,0,0,0,0,0,0,0,0,0,0,0,0,0,0,0,0,0,0,0,0,0,0,0,0,0,0,0,0,0,0,0,0,0,0,0,0,0,0,0,0,0,163568977,0,0,0,369558629,0,0,0,0,0,0,0,40962575,51929205,183629214,108617191936,37522065,0,0,0,0,0,0,0,0,0,0,0,0,0,0,0,0,0,0,0,0,0,0,0,0,0,0,0,0,0,0,0,266021,0,0,0,0,0,0,0
1782296347.958,0,0,0,0,0,0,0,520166719,846998784512,461538210816,0,0,0,0,0,0,0,0,0,0,0,0,0,0,0,0,0,0,0,0,0,0,0,0,0,0,0,0,0,0,0,0,0,0,0,0,0,0,0,0,0,0,0,0,0,0,0,0,0,0,0,0,0,0,0,0,0,0,7,1799812,51828592,19580231,0,0,0,0,0,0,0,0,0,0,0,0,0,0,0,0,0,0,0,0,0,0,0,0,0,0,0,0,0,0,0,0,0,0,0,0,0,12873089024,4314923008,785711,263362,19517780,621,0,99,786432,50931247,812144,4,2500200494,12884901888,19575,551078038,0,0,0,0,0,0,0,0,0,0,0,0,0,0,0,0,0,0,10985044,110874837,0,468,1202,7661,620,21970434,35,0,0,0,0,0,0,0,1,0,0,0,0,0,0,0,0,0,0,15518713,0,19517166,198369,0,0,0,0,0,0,0,0,16384,0,0,0,0,0,0,0,0,0,0,0,2092,408,0,0,0,0,0,33388428,0,152,0,4,407,2092,0,0,0,0,0,0,0,0,0,0,0,0,0,0,0,0,0,0,0,0,0,0,0,0,0,0,0,0,0,0,0,0,0,0,0,0,0,0,0,0,0,0,0,0,0,0,0,0,0,0,0,0,0,0,163643474,0,0,0,369639297,0,0,0,0,0,0,0,40995728,51993269,183720528,108656687104,37552040,1,0,0,0,0,0,0,0,0,0,0,0,0,0,0,0,0,0,0,0,0,0,0,0,0,0,0,0,0,0,0,270746,0,0,0,0,0,0,0
1782296349.027,0,0,0,0,0,0,0,520343612,848055159296,461865923072,0,0,0,0,0,0,0,0,0,0,0,0,0,0,0,0,0,0,0,0,0,0,0,0,0,0,0,0,0,0,0,0,0,0,0,0,0,0,0,0,0,0,0,0,0,0,0,0,0,0,0,0,0,0,0,0,0,0,7,1799986,51893257,19597425,0,0,0,0,0,0,0,0,0,0,0,0,0,0,0,0,0,0,0,0,0,0,0,0,0,0,0,0,0,0,0,0,0,0,0,0,0,12862586880,4310974464,785070,263121,19535007,1265,0,96,786432,50995818,812144,4,2501080970,12884901888,19575,551195308,0,0,0,0,0,0,0,0,0,0,0,0,0,0,0,0,0,0,10989771,110879563,0,468,1202,7661,620,21979885,35,0,0,0,0,0,0,0,1,0,0,0,0,0,0,0,0,0,0,15524029,0,19534393,198567,0,0,0,0,0,0,0,0,16384,0,0,0,0,0,0,0,0,0,0,0,2093,408,0,0,0,0,0,33402803,0,152,0,4,407,2093,0,0,0,0,0,0,0,0,0,0,0,0,0,0,0,0,0,0,0,0,0,0,0,0,0,0,0,0,0,0,0,0,0,0,0,0,0,0,0,0,0,0,0,0,0,0,0,0,0,0,0,0,0,0,163717942,0,0,0,369720052,0,0,0,0,0,0,0,41028982,52057739,183812302,108696370688,37581827,1,0,0,0,0,0,0,0,0,0,0,0,0,0,0,0,0,0,0,0,0,0,0,0,0,0,0,0,0,0,0,275472,0,0,0,0,0,0,0
1782296350.096,0,0,0,0,0,0,0,520516899,849088662016,462210926080,0,0,0,0,0,0,0,0,0,0,0,0,0,0,0,0,0,0,0,0,0,0,0,0,0,0,0,0,0,0,0,0,0,0,0,0,0,0,0,0,0,0,0,0,0,0,0,0,0,0,0,0,0,0,0,0,0,0,7,1800090,51956500,19615657,0,0,0,0,0,0,0,0,0,0,0,0,0,0,0,0,0,0,0,0,0,0,0,0,0,0,0,0,0,0,0,0,0,0,0,0,0,12850069504,4285562880,784306,261570,19552032,2030,0,96,786432,51058967,812144,4,2501940626,12884901888,19575,551308935,0,0,0,0,0,0,0,0,0,0,0,0,0,0,0,0,0,0,10994458,110884250,0,468,1202,7661,620,21989259,35,0,0,0,0,0,0,0,1,0,0,0,0,0,0,0,0,0,0,15529301,0,19552314,198770,0,0,0,0,0,0,0,0,16384,0,0,0,0,0,0,0,0,0,0,0,2094,408,0,0,0,0,0,33417039,0,152,0,4,407,2094,0,0,0,0,0,0,0,0,0,0,0,0,0,0,0,0,0,0,0,0,0,0,0,0,0,0,0,0,0,0,0,0,0,0,0,0,0,0,0,0,0,0,0,0,0,0,0,0,0,0,0,0,0,0,163791203,0,0,0,369799379,0,0,0,0,0,0,0,41061480,52120809,183903925,108735693312,37610876,1,0,0,0,0,0,0,0,0,0,0,0,0,0,0,0,0,0,0,0,0,0,0,0,0,0,0,0,0,0,0,280159,0,0,0,0,0,0,0
1782296351.165,0,0,0,0,0,0,0,520691138,850125277696,462573156864,0,0,0,0,0,0,0,0,0,0,0,0,0,0,0,0,0,0,0,0,0,0,0,0,0,0,0,0,0,0,0,0,0,0,0,0,0,0,0,0,0,0,0,0,0,0,0,0,0,0,0,0,0,0,0,0,0,0,7,1800203,52019904,19635042,0,0,0,0,0,0,0,0,0,0,0,0,0,0,0,0,0,0,0,0,0,0,0,0,0,0,0,0,0,0,0,0,0,0,0,0,0,12851445760,4240408576,784390,258814,19572496,1944,0,98,786432,51122251,812144,4,2502807288,12884901888,19575,551424630,0,0,0,0,0,0,0,0,0,0,0,0,0,0,0,0,0,0,10999110,110888902,0,468,1202,7661,620,21998563,35,0,0,0,0,0,0,0,1,0,0,0,0,0,0,0,0,0,0,15534534,0,19572010,198976,0,0,0,0,0,0,0,0,16384,0,0,0,0,0,0,0,0,0,0,0,2095,408,0,0,0,0,0,33431206,0,152,0,4,407,2095,0,0,0,0,0,0,0,0,0,0,0,0,0,0,0,0,0,0,0,0,0,0,0,0,0,0,0,0,0,0,0,0,0,0,0,0,0,0,0,0,0,0,0,0,0,0,0,0,0,0,0,0,0,0,163864790,0,0,0,369878909,0,0,0,0,0,0,0,41094310,52184027,183996985,108774964736,37639986,1,1,0,0,0,0,0,0,0,0,0,0,0,0,0,0,0,0,0,0,0,0,0,0,0,0,0,0,0,0,0,284812,0,0,0,0,0,0,0
1782296352.231,0,0,0,0,0,0,0,520852726,851118033408,462891242496,0,0,0,0,0,0,0,0,0,0,0,0,0,0,0,0,0,0,0,0,0,0,0,0,0,0,0,0,0,0,0,0,0,0,0,0,0,0,0,0,0,0,0,0,0,0,0,0,0,0,0,0,0,0,0,0,0,0,7,1800332,52080630,19651128,0,0,0,0,0,0,0,0,0,0,0,0,0,0,0,0,0,0,0,0,0,0,0,0,0,0,0,0,0,0,0,0,0,0,0,0,0,12855246848,4271636480,784622,260720,19588327,1714,0,97,786432,51182890,812144,4,2503703661,12884901888,19575,551619122,0,0,0,0,0,0,0,0,0,0,0,0,0,0,0,0,0,0,11003672,110893465,0,468,1202,7661,620,22007687,35,0,0,0,0,0,0,0,1,0,0,0,0,0,0,0,0,0,0,15539667,0,19588098,199154,0,0,0,0,0,0,0,0,16384,0,0,0,0,0,0,0,0,0,0,0,2096,408,0,0,0,0,0,33445082,0,152,0,4,407,2096,0,0,0,0,0,0,0,0,0,0,0,0,0,0,0,0,0,0,0,0,0,0,0,0,0,0,0,0,0,0,0,0,0,0,0,0,0,0,0,0,0,0,0,0,0,0,0,0,0,0,0,0,0,0,163953887,0,0,0,369991502,0,0,0,0,0,0,0,41122664,52244598,184102299,108821775872,37665452,1,0,0,0,0,0,0,0,0,0,0,0,0,0,0,0,0,0,0,0,0,0,0,0,0,0,0,0,0,0,0,250975,0,0,0,0,0,0,0
1782296353.300,0,0,0,0,0,0,0,521028975,852163643904,463223034880,0,0,0,0,0,0,0,0,0,0,0,0,0,0,0,0,0,0,0,0,0,0,0,0,0,0,0,0,0,0,0,0,0,0,0,0,0,0,0,0,0,0,0,0,0,0,0,0,0,0,0,0,0,0,0,0,0,0,7,1800499,52144633,19668493,0,0,0,0,0,0,0,0,0,0,0,0,0,0,0,0,0,0,0,0,0,0,0,0,0,0,0,0,0,0,0,0,0,0,0,0,0,12856197120,4265820160,784680,260365,19606075,1648,0,102,786432,51246797,812144,4,2504580393,12884901888,19575,551736234,0,0,0,0,0,0,0,0,0,0,0,0,0,0,0,0,0,0,11008361,110898153,0,468,1202,7661,620,22017062,35,0,0,0,0,0,0,0,1,0,0,0,0,0,0,0,0,0,0,15544939,0,19605461,199357,0,0,0,0,0,0,0,0,16384,0,0,0,0,0,0,0,0,0,0,0,2097,408,0,0,0,0,0,33459345,0,152,0,4,407,2097,0,0,0,0,0,0,0,0,0,0,0,0,0,0,0,0,0,0,0,0,0,0,0,0,0,0,0,0,0,0,0,0,0,0,0,0,0,0,0,0,0,0,0,0,0,0,0,0,0,0,0,0,0,0,164031683,0,0,0,370071917,0,0,0,0,0,0,0,41155772,52308390,184197568,108863017984,37695033,1,0,0,0,0,0,0,0,0,0,0,0,0,0,0,0,0,0,0,0,0,0,0,0,0,0,0,0,0,0,0,255663,0,0,0,0,0,0,0
1782296354.370,0,0,0,0,0,0,0,521205755,853221001728,463548687872,0,0,0,0,0,0,0,0,0,0,0,0,0,0,0,0,0,0,0,0,0,0,0,0,0,0,0,0,0,0,0,0,0,0,0,0,0,0,0,0,0,0,0,0,0,0,0,0,0,0,0,0,0,0,0,0,0,0,7,1800637,52209351,19685557,0,0,0,0,0,0,0,0,0,0,0,0,0,0,0,0,0,0,0,0,0,0,0,0,0,0,0,0,0,0,0,0,0,0,0,0,0,12860719104,4266754048,784956,260422,19623139,1377,0,97,786432,51311400,812144,4,2505459844,12884901888,19575,551852854,0,0,0,0,0,0,0,0,0,0,0,0,0,0,0,0,0,0,11013096,110902889,0,468,1202,7661,620,22026535,35,0,0,0,0,0,0,0,1,0,0,0,0,0,0,0,0,0,0,15550266,0,19622525,199546,0,0,0,0,0,0,0,0,16384,0,0,0,0,0,0,0,0,0,0,0,2098,408,0,0,0,0,0,33473726,0,152,0,4,407,2098,0,0,0,0,0,0,0,0,0,0,0,0,0,0,0,0,0,0,0,0,0,0,0,0,0,0,0,0,0,0,0,0,0,0,0,0,0,0,0,0,0,0,0,0,0,0,0,0,0,0,0,0,0,0,164106863,0,0,0,370152745,0,0,0,0,0,0,0,41189590,52372907,184289926,108902964224,37725425,1,0,0,0,0,0,0,0,0,0,0,0,0,0,0,0,0,0,0,0,0,0,0,0,0,0,0,0,0,0,0,260398,0,0,0,0,0,0,0
1782296355.438,0,0,0,0,0,0,0,521383723,854278867456,463874418688,0,0,0,0,0,0,0,0,0,0,0,0,0,0,0,0,0,0,0,0,0,0,0,0,0,0,0,0,0,0,0,0,0,0,0,0,0,0,0,0,0,0,0,0,0,0,0,0,0,0,0,0,0,0,0,0,0,0,7,1800744,52274101,19702618,0,0,0,0,0,0,0,0,0,0,0,0,0,0,0,0,0,0,0,0,0,0,0,0,0,0,0,0,0,0,0,0,0,0,0,0,0,12853149696,4266737664,784495,260421,19640072,1843,0,101,786432,51376068,812144,4,2506345236,12884901888,19575,551971547,0,0,0,0,0,0,0,0,0,0,0,0,0,0,0,0,0,0,11017808,110907601,0,468,1202,7661,620,22035958,35,0,0,0,0,0,0,0,1,0,0,0,0,0,0,0,0,0,0,15555566,0,19639586,199739,0,0,0,0,0,0,0,0,16384,0,0,0,0,0,0,0,0,0,0,0,2099,408,0,0,0,0,0,33488068,0,152,0,4,407,2099,0,0,0,0,0,0,0,0,0,0,0,0,0,0,0,0,0,0,0,0,0,0,0,0,0,0,0,0,0,0,0,0,0,0,0,0,0,0,0,0,0,0,0,0,0,0,0,0,0,0,0,0,0,0,164181370,0,0,0,370233992,0,0,0,0,0,0,0,41222569,52437428,184381611,108942942208,37755044,1,0,0,0,0,0,0,0,0,0,0,0,0,0,0,0,0,0,0,0,0,0,0,0,0,0,0,0,0,0,0,265110,0,0,0,0,0,0,0
1782296356.506,0,0,0,0,0,0,0,521559979,855325755904,464201970688,0,0,0,0,0,0,0,0,0,0,0,0,0,0,0,0,0,0,0,0,0,0,0,0,0,0,0,0,0,0,0,0,0,0,0,0,0,0,0,0,0,0,0,0,0,0,0,0,0,0,0,0,0,0,0,0,0,0,7,1800854,52338197,19719778,0,0,0,0,0,0,0,0,0,0,0,0,0,0,0,0,0,0,0,0,0,0,0,0,0,0,0,0,0,0,0,0,0,0,0,0,0,12859588608,4263608320,784887,260230,19657360,1448,0,96,786432,51440054,812144,4,2507221715,12884901888,19575,552088560,0,0,0,0,0,0,0,0,0,0,0,0,0,0,0,0,0,0,11022514,110912308,0,468,1202,7661,620,22045372,35,0,0,0,0,0,0,0,1,0,0,0,0,0,0,0,0,0,0,15560859,0,19656746,199929,0,0,0,0,0,0,0,0,16384,0,0,0,0,0,0,0,0,0,0,0,2100,408,0,0,0,0,0,33502373,0,152,0,4,407,2100,0,0,0,0,0,0,0,0,0,0,0,0,0,0,0,0,0,0,0,0,0,0,0,0,0,0,0,0,0,0,0,0,0,0,0,0,0,0,0,0,0,0,0,0,0,0,0,0,0,0,0,0,0,0,164256487,0,0,0,370314560,0,0,0,0,0,0,0,41255503,52501330,184474020,108982952448,37784709,0,0,0,0,0,0,0,0,0,0,0,0,0,0,0,0,0,0,0,0,0,0,0,0,0,0,0,0,0,0,0,269817,0,0,0,0,0,0,0
1782296357.572,0,0,0,0,0,0,0,521734529,856367467008,464523459072,0,0,0,0,0,0,0,0,0,0,0,0,0,0,0,0,0,0,0,0,0,0,0,0,0,0,0,0,0,0,0,0,0,0,0,0,0,0,0,0,0,0,0,0,0,0,0,0,0,0,0,0,0,0,0,0,0,0,7,1800974,52401958,19736551,0,0,0,0,0,0,0,0,0,0,0,0,0,0,0,0,0,0,0,0,0,0,0,0,0,0,0,0,0,0,0,0,0,0,0,0,0,12856672256,4263051264,784708,260196,19673993,1626,0,97,786432,51503694,812144,4,2508090202,12884901888,19575,552204096,0,0,0,0,0,0,0,0,0,0,0,0,0,0,0,0,0,0,11027171,110916965,0,468,1202,7661,620,22054685,35,0,0,0,0,0,0,0,1,0,0,0,0,0,0,0,0,0,0,15566096,0,19673507,200125,0,0,0,0,0,0,0,0,16384,0,0,0,0,0,0,0,0,0,0,0,2101,408,0,0,0,0,0,33516518,0,152,0,4,407,2101,0,0,0,0,0,0,0,0,0,0,0,0,0,0,0,0,0,0,0,0,0,0,0,0,0,0,0,0,0,0,0,0,0,0,0,0,0,0,0,0,0,0,0,0,0,0,0,0,0,0,0,0,0,0,164331313,0,0,0,370394385,0,0,0,0,0,0,0,41287651,52564881,184565756,109023044096,37813518,1,0,0,0,0,0,0,0,0,0,0,0,0,0,0,0,0,0,0,0,0,0,0,0,0,0,0,0,0,0,0,274473,0,0,0,0,0,0,0
1782296358.636,0,0,0,0,0,0,0,521897121,857358633472,464847060480,0,0,0,0,0,0,0,0,0,0,0,0,0,0,0,0,0,0,0,0,0,0,0,0,0,0,0,0,0,0,0,0,0,0,0,0,0,0,0,0,0,0,0,0,0,0,0,0,0,0,0,0,0,0,0,0,0,0,7,1801149,52462621,19752969,0,0,0,0,0,0,0,0,0,0,0,0,0,0,0,0,0,0,0,0,0,0,0,0,0,0,0,0,0,0,0,0,0,0,0,0,0,12866846720,4290887680,785330,261895,19690551,1005,0,96,786432,51564245,812144,4,2508993298,12884901888,19575,552400898,0,0,0,0,0,0,0,0,0,0,0,0,0,0,0,0,0,0,11031727,110921521,0,468,1202,7661,620,22063795,35,0,0,0,0,0,0,0,1,0,0,0,0,0,0,0,0,0,0,15571221,0,19689937,200312,0,0,0,0,0,0,0,0,16384,0,0,0,0,0,0,0,0,0,0,0,2102,408,0,0,0,0,0,33530353,0,152,0,4,407,2102,0,0,0,0,0,0,0,0,0,0,0,0,0,0,0,0,0,0,0,0,0,0,0,0,0,0,0,0,0,0,0,0,0,0,0,0,0,0,0,0,0,0,0,0,0,0,0,0,0,0,0,0,0,0,164420633,0,0,0,370507284,0,0,0,0,0,0,0,41316649,52625376,184671614,109070076928,37839301,1,0,0,0,0,0,0,0,0,0,0,0,0,0,0,0,0,0,0,0,0,0,0,0,0,0,0,0,0,0,0,240630,0,0,0,0,0,0,0
1782296359.701,0,0,0,0,0,0,0,522074398,858409372160,465172055552,0,0,0,0,0,0,0,0,0,0,0,0,0,0,0,0,0,0,0,0,0,0,0,0,0,0,0,0,0,0,0,0,0,0,0,0,0,0,0,0,0,0,0,0,0,0,0,0,0,0,0,0,0,0,0,0,0,0,7,1801409,52526936,19769962,0,0,0,0,0,0,0,0,0,0,0,0,0,0,0,0,0,0,0,0,0,0,0,0,0,0,0,0,0,0,0,0,0,0,0,0,0,12856819712,4292460544,784718,261991,19707544,1618,0,96,786432,51628448,812144,4,2509875132,12884901888,19575,552518045,0,0,0,0,0,0,0,0,0,0,0,0,0,0,0,0,0,0,11036447,110926241,0,468,1202,7661,620,22073237,35,0,0,0,0,0,0,0,1,0,0,0,0,0,0,0,0,0,0,15576532,0,19706930,200502,0,0,0,0,0,0,0,0,16384,0,0,0,0,0,0,0,0,0,0,0,2103,408,0,0,0,0,0,33544721,0,152,0,4,407,2103,0,0,0,0,0,0,0,0,0,0,0,0,0,0,0,0,0,0,0,0,0,0,0,0,0,0,0,0,0,0,0,0,0,0,0,0,0,0,0,0,0,0,0,0,0,0,0,0,0,0,0,0,0,0,164495817,0,0,0,370588287,0,0,0,0,0,0,0,41348435,52689517,184763925,109110168576,37867757,0,1,0,0,0,0,0,0,0,0,0,0,0,0,0,0,0,0,0,0,0,0,0,0,0,0,0,0,0,0,0,245351,0,0,0,0,0,0,0
1782296360.770,0,0,0,0,0,0,0,522252189,859467352576,465496881664,0,0,0,0,0,0,0,0,0,0,0,0,0,0,0,0,0,0,0,0,0,0,0,0,0,0,0,0,0,0,0,0,0,0,0,0,0,0,0,0,0,0,0,0,0,0,0,0,0,0,0,0,0,0,0,0,0,0,7,1801622,52591690,19786912,0,0,0,0,0,0,0,0,0,0,0,0,0,0,0,0,0,0,0,0,0,0,0,0,0,0,0,0,0,0,0,0,0,0,0,0,0,12859703296,4293509120,784894,262055,19724494,1440,0,97,786432,51693110,812144,4,2510758216,12884901888,19575,552635073,0,0,0,0,0,0,0,0,0,0,0,0,0,0,0,0,0,0,11041203,110930993,0,468,1202,7661,620,22082751,35,0,0,0,0,0,0,0,1,0,0,0,0,0,0,0,0,0,0,15581877,0,19723880,200691,0,0,0,0,0,0,0,0,16384,0,0,0,0,0,0,0,0,0,0,0,2105,408,0,0,0,0,0,33559160,0,152,0,4,407,2105,0,0,0,0,0,0,0,0,0,0,0,0,0,0,0,0,0,0,0,0,0,0,0,0,0,0,0,0,0,0,0,0,0,0,0,0,0,0,0,0,0,0,0,0,0,0,0,0,0,0,0,0,0,0,164572099,0,0,0,370669642,0,0,0,0,0,0,0,41382054,52754048,184857259,109150848512,37897921,0,0,0,0,0,0,0,0,0,0,0,0,0,0,0,0,0,0,0,0,0,0,0,0,0,0,0,0,0,0,0,250103,0,0,0,0,0,0,0
1782296361.835,0,0,0,0,0,0,0,522429051,860523940352,465824335360,0,0,0,0,0,0,0,0,0,0,0,0,0,0,0,0,0,0,0,0,0,0,0,0,0,0,0,0,0,0,0,0,0,0,0,0,0,0,0,0,0,0,0,0,0,0,0,0,0,0,0,0,0,0,0,0,0,0,7,1801727,52656350,19804067,0,0,0,0,0,0,0,0,0,0,0,0,0,0,0,0,0,0,0,0,0,0,0,0,0,0,0,0,0,0,0,0,0,0,0,0,0,12855902208,4290150400,784664,261850,19741604,1669,0,98,786432,51757663,812144,4,2511639575,12884901888,19575,552752419,0,0,0,0,0,0,0,0,0,0,0,0,0,0,0,0,0,0,11045930,110935724,0,468,1202,7661,620,22092209,35,0,0,0,0,0,0,0,1,0,0,0,0,0,0,0,0,0,0,15587194,0,19740990,200888,0,0,0,0,0,0,0,0,16384,0,0,0,0,0,0,0,0,0,0,0,2106,408,0,0,0,0,0,33573544,0,152,0,4,407,2106,0,0,0,0,0,0,0,0,0,0,0,0,0,0,0,0,0,0,0,0,0,0,0,0,0,0,0,0,0,0,0,0,0,0,0,0,0,0,0,0,0,0,0,0,0,0,0,0,0,0,0,0,0,0,164646804,0,0,0,370750381,0,0,0,0,0,0,0,41415280,52818503,184949255,109190848512,37927657,1,0,0,0,0,0,0,0,0,0,0,0,0,0,0,0,0,0,0,0,0,0,0,0,0,0,0,0,0,0,0,254833,0,0,0,0,0,0,0
1782296362.904,0,0,0,0,0,0,0,522606194,861576448512,466154690048,0,0,0,0,0,0,0,0,0,0,0,0,0,0,0,0,0,0,0,0,0,0,0,0,0,0,0,0,0,0,0,0,0,0,0,0,0,0,0,0,0,0,0,0,0,0,0,0,0,0,0,0,0,0,0,0,0,0,7,1801787,52720776,19821441,0,0,0,0,0,0,0,0,0,0,0,0,0,0,0,0,0,0,0,0,0,0,0,0,0,0,0,0,0,0,0,0,0,0,0,0,0,12860899328,4282056704,784967,261356,19759023,1367,0,96,786432,51821983,812144,4,2512519235,12884901888,19575,552869740,0,0,0,0,0,0,0,0,0,0,0,0,0,0,0,0,0,0,11050648,110940443,0,468,1202,7661,620,22101639,35,0,0,0,0,0,0,0,1,0,0,0,0,0,0,0,0,0,0,15592502,0,19758409,201077,0,0,0,0,0,0,0,0,16384,0,0,0,0,0,0,0,0,0,0,0,2107,408,0,0,0,0,0,33587885,0,152,0,4,407,2107,0,0,0,0,0,0,0,0,0,0,0,0,0,0,0,0,0,0,0,0,0,0,0,0,0,0,0,0,0,0,0,0,0,0,0,0,0,0,0,0,0,0,0,0,0,0,0,0,0,0,0,0,0,0,164720921,0,0,0,370831337,0,0,0,0,0,0,0,41448350,52882727,185040857,109230273024,37957344,1,1,0,0,0,0,0,0,0,0,0,0,0,0,0,0,0,0,0,0,0,0,0,0,0,0,0,0,0,0,0,259551,0,0,0,0,0,0,0
1782296363.968,0,0,0,0,0,0,0,522775943,862606903808,466480455168,0,0,0,0,0,0,0,0,0,0,0,0,0,0,0,0,0,0,0,0,0,0,0,0,0,0,0,0,0,0,0,0,0,0,0,0,0,0,0,0,0,0,0,0,0,0,0,0,0,0,0,0,0,0,0,0,0,0,7,1801919,52783834,19838059,0,0,0,0,0,0,0,0,0,0,0,0,0,0,0,0,0,0,0,0,0,0,0,0,0,0,0,0,0,0,0,0,0,0,0,0,0,12858589184,4314218496,784826,263319,19775641,1510,0,96,786432,51884964,812144,4,2513457873,12884901888,19575,553070810,0,0,0,0,0,0,0,0,0,0,0,0,0,0,0,0,0,0,11055398,110945192,0,468,1202,7661,620,22111145,35,0,0,0,0,0,0,0,1,0,0,0,0,0,0,0,0,0,0,15597844,0,19775027,201261,0,0,0,0,0,0,0,0,16384,0,0,0,0,0,0,0,0,0,0,0,2108,408,0,0,0,0,0,33602333,0,152,0,4,407,2108,0,0,0,0,0,0,0,0,0,0,0,0,0,0,0,0,0,0,0,0,0,0,0,0,0,0,0,0,0,0,0,0,0,0,0,0,0,0,0,0,0,0,0,0,0,0,0,0,0,0,0,0,0,0,164807208,0,0,0,370947526,0,0,0,0,0,0,0,41481511,52945591,185143895,109275732480,37987252,0,0,0,0,0,0,0,0,0,0,0,0,0,0,0,0,0,0,0,0,0,0,0,0,0,0,0,0,0,0,0,225902,0,0,0,0,0,0,0
1782296365.035,0,0,0,0,0,0,0,522952594,863652858368,466806206464,0,0,0,0,0,0,0,0,0,0,0,0,0,0,0,0,0,0,0,0,0,0,0,0,0,0,0,0,0,0,0,0,0,0,0,0,0,0,0,0,0,0,0,0,0,0,0,0,0,0,0,0,0,0,0,0,0,0,7,1802176,52847840,19855129,0,0,0,0,0,0,0,0,0,0,0,0,0,0,0,0,0,0,0,0,0,0,0,0,0,0,0,0,0,0,0,0,0,0,0,0,0,12863438848,4311842816,785122,263174,19792711,1214,0,96,786432,51948853,812144,4,2514334925,12884901888,19575,553187324,0,0,0,0,0,0,0,0,0,0,0,0,0,0,0,0,0,0,11060119,110949912,0,468,1202,7661,620,22120583,35,0,0,0,0,0,0,0,1,0,0,0,0,0,0,0,0,0,0,15603152,0,19792097,201454,0,0,0,0,0,0,0,0,16384,0,0,0,0,0,0,0,0,0,0,0,2109,408,0,0,0,0,0,33616683,0,152,0,4,407,2109,0,0,0,0,0,0,0,0,0,0,0,0,0,0,0,0,0,0,0,0,0,0,0,0,0,0,0,0,0,0,0,0,0,0,0,0,0,0,0,0,0,0,0,0,0,0,0,0,0,0,0,0,0,0,164881690,0,0,0,371028291,0,0,0,0,0,0,0,41514365,53009436,185235590,109315343872,38016668,1,0,0,0,0,0,0,0,0,0,0,0,0,0,0,0,0,0,0,0,0,0,0,0,0,0,0,0,0,0,0,230621,0,0,0,0,0,0,0
1782296366.099,0,0,0,0,0,0,0,523127869,864693684736,467140453888,0,0,0,0,0,0,0,0,0,0,0,0,0,0,0,0,0,0,0,0,0,0,0,0,0,0,0,0,0,0,0,0,0,0,0,0,0,0,0,0,0,0,0,0,0,0,0,0,0,0,0,0,0,0,0,0,0,0,7,1802407,52911541,19872543,0,0,0,0,0,0,0,0,0,0,0,0,0,0,0,0,0,0,0,0,0,0,0,0,0,0,0,0,0,0,0,0,0,0,0,0,0,12861390848,4301111296,784997,262519,19809328,1336,0,99,786432,52012473,812144,4,2515205486,12884901888,19575,553303030,0,0,0,0,0,0,0,0,0,0,0,0,0,0,0,0,0,0,11064803,110954597,0,468,1202,7661,620,22129951,35,0,0,0,0,0,0,0,1,0,0,0,0,0,0,0,0,0,0,15608424,0,19809482,201646,0,0,0,0,0,0,0,0,16384,0,0,0,0,0,0,0,0,0,0,0,2110,408,0,0,0,0,0,33630904,0,152,0,4,407,2110,0,0,0,0,0,0,0,0,0,0,0,0,0,0,0,0,0,0,0,0,0,0,0,0,0,0,0,0,0,0,0,0,0,0,0,0,0,0,0,0,0,0,0,0,0,0,0,0,0,0,0,0,0,0,164955992,0,0,0,371108479,0,0,0,0,0,0,0,41546745,53072977,185327453,109355106304,38045790,1,0,0,0,0,0,0,0,0,0,0,0,0,0,0,0,0,0,0,0,0,0,0,0,0,0,0,0,0,0,0,235308,0,0,0,0,0,0,0
1782296367.165,0,0,0,0,0,0,0,523301718,865733233152,467510998528,0,0,0,0,0,0,0,0,0,0,0,0,0,0,0,0,0,0,0,0,0,0,0,0,0,0,0,0,0,0,0,0,0,0,0,0,0,0,0,0,0,0,0,0,0,0,0,0,0,0,0,0,0,0,0,0,0,0,7,1802526,52975142,19892430,0,0,0,0,0,0,0,0,0,0,0,0,0,0,0,0,0,0,0,0,0,0,0,0,0,0,0,0,0,0,0,0,0,0,0,0,0,12852166656,4248322048,784434,259297,19826232,1901,0,97,786432,52075957,812144,4,2516070366,12884901888,19575,553417683,0,0,0,0,0,0,0,0,0,0,0,0,0,0,0,0,0,0,11069445,110959238,0,468,1202,7661,620,22139233,35,0,0,0,0,0,0,0,1,0,0,0,0,0,0,0,0,0,0,15613645,0,19829202,201858,0,0,0,0,0,0,0,0,16384,0,0,0,0,0,0,0,0,0,0,0,2111,408,0,0,0,0,0,33644998,0,152,0,4,407,2111,0,0,0,0,0,0,0,0,0,0,0,0,0,0,0,0,0,0,0,0,0,0,0,0,0,0,0,0,0,0,0,0,0,0,0,0,0,0,0,0,0,0,0,0,0,0,0,0,0,0,0,0,0,0,165029276,0,0,0,371187926,0,0,0,0,0,0,0,41578916,53136393,185420779,109394159616,38074492,1,0,0,0,0,0,0,0,0,0,0,0,0,0,0,0,0,0,0,0,0,0,0,0,0,0,0,0,0,0,0,239949,0,0,0,0,0,0,0
1782296368.231,0,0,0,0,0,0,0,523477928,866783021568,467842529792,0,0,0,0,0,0,0,0,0,0,0,0,0,0,0,0,0,0,0,0,0,0,0,0,0,0,0,0,0,0,0,0,0,0,0,0,0,0,0,0,0,0,0,0,0,0,0,0,0,0,0,0,0,0,0,0,0,0,7,1802652,53039391,19910017,0,0,0,0,0,0,0,0,0,0,0,0,0,0,0,0,0,0,0,0,0,0,0,0,0,0,0,0,0,0,0,0,0,0,0,0,0,12850675712,4239130624,784342,258736,19847599,1993,0,98,786432,52140123,812144,4,2516946694,12884901888,19575,553533942,0,0,0,0,0,0,0,0,0,0,0,0,0,0,0,0,0,0,11074176,110963970,0,468,1202,7661,620,22148701,35,0,0,0,0,0,0,0,1,0,0,0,0,0,0,0,0,0,0,15618966,0,19846985,202059,0,0,0,0,0,0,0,0,16384,0,0,0,0,0,0,0,0,0,0,0,2112,408,0,0,0,0,0,33659367,0,152,0,4,407,2112,0,0,0,0,0,0,0,0,0,0,0,0,0,0,0,0,0,0,0,0,0,0,0,0,0,0,0,0,0,0,0,0,0,0,0,0,0,0,0,0,0,0,0,0,0,0,0,0,0,0,0,0,0,0,165103643,0,0,0,371268470,0,0,0,0,0,0,0,41612013,53200489,185512833,109433799680,38104076,1,1,0,0,0,0,0,0,0,0,0,0,0,0,0,0,0,0,0,0,0,0,0,0,0,0,0,0,0,0,0,244679,0,0,0,0,0,0,0
1782296369.297,0,0,0,0,0,0,0,523651849,867815262720,468159225344,0,0,0,0,0,0,0,0,0,0,0,0,0,0,0,0,0,0,0,0,0,0,0,0,0,0,0,0,0,0,0,0,0,0,0,0,0,0,0,0,0,0,0,0,0,0,0,0,0,0,0,0,0,0,0,0,0,0,7,1802791,53102561,19926571,0,0,0,0,0,0,0,0,0,0,0,0,0,0,0,0,0,0,0,0,0,0,0,0,0,0,0,0,0,0,0,0,0,0,0,0,0,12859506688,4241866752,784882,258903,19864153,1452,0,96,786432,52203207,812144,4,2517811331,12884901888,19575,553649640,0,0,0,0,0,0,0,0,0,0,0,0,0,0,0,0,0,0,11078807,110968601,0,468,1202,7661,620,22157959,35,0,0,0,0,0,0,0,1,0,0,0,0,0,0,0,0,0,0,15624176,0,19863539,202242,0,0,0,0,0,0,0,0,16384,0,0,0,0,0,0,0,0,0,0,0,2113,408,0,0,0,0,0,33673475,0,152,0,4,407,2113,0,0,0,0,0,0,0,0,0,0,0,0,0,0,0,0,0,0,0,0,0,0,0,0,0,0,0,0,0,0,0,0,0,0,0,0,0,0,0,0,0,0,0,0,0,0,0,0,0,0,0,0,0,0,165177694,0,0,0,371347842,0,0,0,0,0,0,0,41642451,53263474,185603565,109473023488,38131544,1,0,0,0,0,0,0,0,0,0,0,0,0,0,0,0,0,0,0,0,0,0,0,0,0,0,0,0,0,0,0,249311,0,0,0,0,0,0,0
1782296370.363,0,0,0,0,0,0,0,523812204,868799384064,468480258048,0,0,0,0,0,0,0,0,0,0,0,0,0,0,0,0,0,0,0,0,0,0,0,0,0,0,0,0,0,0,0,0,0,0,0,0,0,0,0,0,0,0,0,0,0,0,0,0,0,0,0,0,0,0,0,0,0,0,7,1802914,53162783,19942949,0,0,0,0,0,0,0,0,0,0,0,0,0,0,0,0,0,0,0,0,0,0,0,0,0,0,0,0,0,0,0,0,0,0,0,0,0,12862423040,4269129728,785060,260567,19880531,1275,0,97,786432,52263345,812144,4,2518701385,12884901888,19575,553842698,0,0,0,0,0,0,0,0,0,0,0,0,0,0,0,0,0,0,11083347,110973139,0,468,1202,7661,620,22167044,35,0,0,0,0,0,0,0,1,0,0,0,0,0,0,0,0,0,0,15629282,0,19879917,202431,0,0,0,0,0,0,0,0,16384,0,0,0,0,0,0,0,0,0,0,0,2114,408,0,0,0,0,0,33687279,0,152,0,4,407,2114,0,0,0,0,0,0,0,0,0,0,0,0,0,0,0,0,0,0,0,0,0,0,0,0,0,0,0,0,0,0,0,0,0,0,0,0,0,0,0,0,0,0,0,0,0,0,0,0,0,0,0,0,0,0,165263536,0,0,0,371459844,0,0,0,0,0,0,0,41670887,53323519,185705892,109518096896,38156744,1,0,0,0,0,0,0,0,0,0,0,0,0,0,0,0,0,0,0,0,0,0,0,0,0,0,0,0,0,0,0,215448,0,0,0,0,0,0,0
1782296371.428,0,0,0,0,0,0,0,523987851,869845207552,468802648576,0,0,0,0,0,0,0,0,0,0,0,0,0,0,0,0,0,0,0,0,0,0,0,0,0,0,0,0,0,0,0,0,0,0,0,0,0,0,0,0,0,0,0,0,0,0,0,0,0,0,0,0,0,0,0,0,0,0,7,1803214,53226795,19959800,0,0,0,0,0,0,0,0,0,0,0,0,0,0,0,0,0,0,0,0,0,0,0,0,0,0,0,0,0,0,0,0,0,0,0,0,0,12855590912,4273356800,784643,260825,19897382,1693,0,98,786432,52327248,812144,4,2519574063,12884901888,19575,553957442,0,0,0,0,0,0,0,0,0,0,0,0,0,0,0,0,0,0,11088076,110977870,0,468,1202,7661,620,22176502,35,0,0,0,0,0,0,0,1,0,0,0,0,0,0,0,0,0,0,15634601,0,19896768,202627,0,0,0,0,0,0,0,0,16384,0,0,0,0,0,0,0,0,0,0,0,2115,408,0,0,0,0,0,33701665,0,152,0,4,407,2115,0,0,0,0,0,0,0,0,0,0,0,0,0,0,0,0,0,0,0,0,0,0,0,0,0,0,0,0,0,0,0,0,0,0,0,0,0,0,0,0,0,0,0,0,0,0,0,0,0,0,0,0,0,0,165338147,0,0,0,371540314,0,0,0,0,0,0,0,41703519,53387322,185797508,109557890048,38185978,0,0,0,0,0,0,0,0,0,0,0,0,0,0,0,0,0,0,0,0,0,0,0,0,0,0,0,0,0,0,0,220180,0,0,0,0,0,0,0
1782296372.494,0,0,0,0,0,0,0,524154304,870825822720,469109552640,0,0,0,0,0,0,0,0,0,0,0,0,0,0,0,0,0,0,0,0,0,0,0,0,0,0,0,0,0,0,0,0,0,0,0,0,0,0,0,0,0,0,0,0,0,0,0,0,0,0,0,0,0,0,0,0,0,0,7,1803438,53286823,19975908,0,0,0,0,0,0,0,0,0,0,0,0,0,0,0,0,0,0,0,0,0,0,0,0,0,0,0,0,0,0,0,0,0,0,0,0,0,12859916288,4270768128,784907,260667,19913490,1429,0,96,786432,52387185,812144,4,2520402485,12884901888,19575,554069434,0,0,0,0,0,0,0,0,0,0,0,0,0,0,0,0,0,0,11092398,110982191,0,468,1202,7661,620,22185141,35,0,0,0,0,0,0,0,1,0,0,0,0,0,0,0,0,0,0,15639460,0,19912876,202814,0,0,0,0,0,0,0,0,16384,0,0,0,0,0,0,0,0,0,0,0,2116,408,0,0,0,0,0,33714792,0,152,0,4,407,2116,0,0,0,0,0,0,0,0,0,0,0,0,0,0,0,0,0,0,0,0,0,0,0,0,0,0,0,0,0,0,0,0,0,0,0,0,0,0,0,0,0,0,0,0,0,0,0,0,0,0,0,0,0,0,165408382,0,0,0,371616274,0,0,0,0,0,0,0,41734894,53447187,185883957,109595448320,38214244,1,0,0,0,0,0,0,0,0,0,0,0,0,0,0,0,0,0,0,0,0,0,0,0,0,0,0,0,0,0,0,224501,0,0,0,0,0,0,0
1782296373.562,0,0,0,0,0,0,0,524331527,871881902592,469434077696,0,0,0,0,0,0,0,0,0,0,0,0,0,0,0,0,0,0,0,0,0,0,0,0,0,0,0,0,0,0,0,0,0,0,0,0,0,0,0,0,0,0,0,0,0,0,0,0,0,0,0,0,0,0,0,0,0,0,7,1803638,53351451,19992761,0,0,0,0,0,0,0,0,0,0,0,0,0,0,0,0,0,0,0,0,0,0,0,0,0,0,0,0,0,0,0,0,0,0,0,0,0,12868648960,4273782784,785440,260851,19930343,895,0,96,786432,52451703,812144,4,2521283812,12884901888,19575,554185662,0,0,0,0,0,0,0,0,0,0,0,0,0,0,0,0,0,0,11097133,110986927,0,468,1202,7661,620,22194609,35,0,0,0,0,0,0,0,1,0,0,0,0,0,0,0,0,0,0,15644787,0,19929729,203013,0,0,0,0,0,0,0,0,16384,0,0,0,0,0,0,0,0,0,0,0,2117,408,0,0,0,0,0,33729208,0,152,0,4,407,2117,0,0,0,0,0,0,0,0,0,0,0,0,0,0,0,0,0,0,0,0,0,0,0,0,0,0,0,0,0,0,0,0,0,0,0,0,0,0,0,0,0,0,0,0,0,0,0,0,0,0,0,0,0,0,165487925,0,0,0,371697359,0,0,0,0,0,0,0,41769900,53511623,185980442,109637579776,38245747,1,0,0,0,0,0,0,0,0,0,0,0,0,0,0,0,0,0,0,0,0,0,0,0,0,0,0,0,0,0,0,229237,0,0,0,0,0,0,0
1782296374.631,0,0,0,0,0,0,0,524501933,872893762048,469755713536,0,0,0,0,0,0,0,0,0,0,0,0,0,0,0,0,0,0,0,0,0,0,0,0,0,0,0,0,0,0,0,0,0,0,0,0,0,0,0,0,0,0,0,0,0,0,0,0,0,0,0,0,0,0,0,0,0,0,7,1803814,53413362,20009525,0,0,0,0,0,0,0,0,0,0,0,0,0,0,0,0,0,0,0,0,0,0,0,0,0,0,0,0,0,0,0,0,0,0,0,0,0,12874317824,4265787392,785786,260363,19947107,548,0,96,786432,52513518,812144,4,2522127936,12884901888,19575,554297413,0,0,0,0,0,0,0,0,0,0,0,0,0,0,0,0,0,0,11101708,110991502,0,468,1202,7661,620,22203763,35,0,0,0,0,0,0,0,1,0,0,0,0,0,0,0,0,0,0,15649934,0,19946493,203197,0,0,0,0,0,0,0,0,16384,0,0,0,0,0,0,0,0,0,0,0,2118,408,0,0,0,0,0,33743118,0,152,0,4,407,2118,0,0,0,0,0,0,0,0,0,0,0,0,0,0,0,0,0,0,0,0,0,0,0,0,0,0,0,0,0,0,0,0,0,0,0,0,0,0,0,0,0,0,0,0,0,0,0,0,0,0,0,0,0,0,165565489,0,0,0,371775183,0,0,0,0,0,0,0,41800747,53573343,186074891,109678656512,38273551,1,0,0,0,0,0,0,0,0,0,0,0,0,0,0,0,0,0,0,0,0,0,0,0,0,0,0,0,0,0,0,233813,0,0,0,0,0,0,0
1782296375.696,0,0,0,0,0,0,0,524669091,873903278592,470081057280,0,0,0,0,0,0,0,0,0,0,0,0,0,0,0,0,0,0,0,0,0,0,0,0,0,0,0,0,0,0,0,0,0,0,0,0,0,0,0,0,0,0,0,0,0,0,0,0,0,0,0,0,0,0,0,0,0,0,7,1803937,53475170,20025987,0,0,0,0,0,0,0,0,0,0,0,0,0,0,0,0,0,0,0,0,0,0,0,0,0,0,0,0,0,0,0,0,0,0,0,0,0,12864733184,4282384384,785200,261376,19963569,1135,0,97,786432,52575239,812144,4,2523026691,12884901888,19575,554471897,0,0,0,0,0,0,0,0,0,0,0,0,0,0,0,0,0,0,11106323,110996116,0,468,1202,7661,620,22212990,35,0,0,0,0,0,0,0,1,0,0,0,0,0,0,0,0,0,0,15655124,0,19962955,203376,0,0,0,0,0,0,0,0,16384,0,0,0,0,0,0,0,0,0,0,0,2119,408,0,0,0,0,0,33757123,0,152,0,4,407,2119,0,0,0,0,0,0,0,0,0,0,0,0,0,0,0,0,0,0,0,0,0,0,0,0,0,0,0,0,0,0,0,0,0,0,0,0,0,0,0,0,0,0,0,0,0,0,0,0,0,0,0,0,0,0,165657781,0,0,0,371879938,0,0,0,0,0,0,0,41832881,53634953,186183739,109727230976,38302706,1,0,0,0,0,0,0,0,0,0,0,0,0,0,0,0,0,0,0,0,0,0,0,0,0,0,0,0,0,0,0,210357,0,0,0,0,0,0,0
1782296376.765,0,0,0,0,0,0,0,524844082,874950461952,470418716672,0,0,0,0,0,0,0,0,0,0,0,0,0,0,0,0,0,0,0,0,0,0,0,0,0,0,0,0,0,0,0,0,0,0,0,0,0,0,0,0,0,0,0,0,0,0,0,0,0,0,0,0,0,0,0,0,0,0,7,1804158,53539233,20043460,0,0,0,0,0,0,0,0,0,0,0,0,0,0,0,0,0,0,0,0,0,0,0,0,0,0,0,0,0,0,0,0,0,0,0,0,0,12850266112,4281794560,784317,261340,19981042,2017,0,97,786432,52639197,812144,4,2523922258,12884901888,19575,554611390,0,0,0,0,0,0,0,0,0,0,0,0,0,0,0,0,0,0,11111058,111000851,0,468,1202,7661,620,22222463,35,0,0,0,0,0,0,0,1,0,0,0,0,0,0,0,0,0,0,15660451,0,19980428,203574,0,0,0,0,0,0,0,0,16384,0,0,0,0,0,0,0,0,0,0,0,2121,408,0,0,0,0,0,33771535,0,152,0,4,407,2121,0,0,0,0,0,0,0,0,0,0,0,0,0,0,0,0,0,0,0,0,0,0,0,0,0,0,0,0,0,0,0,0,0,0,0,0,0,0,0,0,0,0,0,0,0,0,0,0,0,0,0,0,0,0,165741761,0,0,0,371970253,0,0,0,0,0,0,0,41868853,53698805,186285285,109771849728,38335089,1,0,0,0,0,0,0,0,0,0,0,0,0,0,0,0,0,0,0,0,0,0,0,0,0,0,0,0,0,0,0,204761,0,0,0,0,0,0,0
1782296377.832,0,0,0,0,0,0,0,525021150,876007115264,470743283712,0,0,0,0,0,0,0,0,0,0,0,0,0,0,0,0,0,0,0,0,0,0,0,0,0,0,0,0,0,0,0,0,0,0,0,0,0,0,0,0,0,0,0,0,0,0,0,0,0,0,0,0,0,0,0,0,0,0,7,1804470,53603916,20060295,0,0,0,0,0,0,0,0,0,0,0,0,0,0,0,0,0,0,0,0,0,0,0,0,0,0,0,0,0,0,0,0,0,0,0,0,0,12855345152,4286447616,784630,261624,19997749,1707,0,103,786432,52703785,812144,4,2524801934,12884901888,19575,554727164,0,0,0,0,0,0,0,0,0,0,0,0,0,0,0,0,0,0,11115817,111005611,0,468,1202,7661,620,22231978,35,0,0,0,0,0,0,0,1,0,0,0,0,0,0,0,0,0,0,15665804,0,19997263,203771,0,0,0,0,0,0,0,0,16384,0,0,0,0,0,0,0,0,0,0,0,2122,408,0,0,0,0,0,33786012,0,152,0,4,407,2122,0,0,0,0,0,0,0,0,0,0,0,0,0,0,0,0,0,0,0,0,0,0,0,0,0,0,0,0,0,0,0,0,0,0,0,0,0,0,0,0,0,0,0,0,0,0,0,0,0,0,0,0,0,0,165821809,0,0,0,372051293,0,0,0,0,0,0,0,41904674,53763291,186382271,109814297088,38367427,1,0,0,0,0,0,0,0,0,0,0,0,0,0,0,0,0,0,0,0,0,0,0,0,0,0,0,0,0,0,0,209520,0,0,0,0,0,0,0
1782296378.901,0,0,0,0,0,0,0,525200317,877070486016,471067935232,0,0,0,0,0,0,0,0,0,0,0,0,0,0,0,0,0,0,0,0,0,0,0,0,0,0,0,0,0,0,0,0,0,0,0,0,0,0,0,0,0,0,0,0,0,0,0,0,0,0,0,0,0,0,0,0,0,0,7,1804786,53668987,20077142,0,0,0,0,0,0,0,0,0,0,0,0,0,0,0,0,0,0,0,0,0,0,0,0,0,0,0,0,0,0,0,0,0,0,0,0,0,12863963136,4291411968,785154,261927,20014724,1173,0,104,786432,52768735,812144,4,2525692830,12884901888,19575,554846331,0,0,0,0,0,0,0,0,0,0,0,0,0,0,0,0,0,0,11120577,111010371,0,468,1202,7661,620,22241501,35,0,0,0,0,0,0,0,1,0,0,0,0,0,0,0,0,0,0,15671160,0,20014110,203959,0,0,0,0,0,0,0,0,16384,0,0,0,0,0,0,0,0,0,0,0,2123,408,0,0,0,0,0,33800487,0,152,0,4,407,2123,0,0,0,0,0,0,0,0,0,0,0,0,0,0,0,0,0,0,0,0,0,0,0,0,0,0,0,0,0,0,0,0,0,0,0,0,0,0,0,0,0,0,0,0,0,0,0,0,0,0,0,0,0,0,165901032,0,0,0,372133110,0,0,0,0,0,0,0,41939632,53828154,186478441,109856728064,38399005,1,0,0,0,0,0,0,0,0,0,0,0,0,0,0,0,0,0,0,0,0,0,0,0,0,0,0,0,0,0,0,214281,0,0,0,0,0,0,0
1782296379.971,0,0,0,0,0,0,0,525377450,878124583424,471403651584,0,0,0,0,0,0,0,0,0,0,0,0,0,0,0,0,0,0,0,0,0,0,0,0,0,0,0,0,0,0,0,0,0,0,0,0,0,0,0,0,0,0,0,0,0,0,0,0,0,0,0,0,0,0,0,0,0,0,7,1805051,53733512,20094660,0,0,0,0,0,0,0,0,0,0,0,0,0,0,0,0,0,0,0,0,0,0,0,0,0,0,0,0,0,0,0,0,0,0,0,0,0,12860194816,4282712064,784925,261396,20032242,1406,0,100,786432,52833174,812144,4,2526572799,12884901888,19575,554962424,0,0,0,0,0,0,0,0,0,0,0,0,0,0,0,0,0,0,11125336,111015128,0,468,1202,7661,620,22251014,35,0,0,0,0,0,0,0,1,0,0,0,0,0,0,0,0,0,0,15676510,0,20031628,204154,0,0,0,0,0,0,0,0,16384,0,0,0,0,0,0,0,0,0,0,0,2124,408,0,0,0,0,0,33814943,0,152,0,4,407,2124,0,0,0,0,0,0,0,0,0,0,0,0,0,0,0,0,0,0,0,0,0,0,0,0,0,0,0,0,0,0,0,0,0,0,0,0,0,0,0,0,0,0,0,0,0,0,0,0,0,0,0,0,0,0,165980988,0,0,0,372214175,0,0,0,0,0,0,0,41975585,53892447,186576015,109899181056,38431375,1,1,0,0,0,0,0,0,0,0,0,0,0,0,0,0,0,0,0,0,0,0,0,0,0,0,0,0,0,0,0,219038,0,0,0,0,0,0,0
1782296381.040,0,0,0,0,0,0,0,525554541,879183350272,471725850624,0,0,0,0,0,0,0,0,0,0,0,0,0,0,0,0,0,0,0,0,0,0,0,0,0,0,0,0,0,0,0,0,0,0,0,0,0,0,0,0,0,0,0,0,0,0,0,0,0,0,0,0,0,0,0,0,0,0,7,1805218,53798301,20111369,0,0,0,0,0,0,0,0,0,0,0,0,0,0,0,0,0,0,0,0,0,0,0,0,0,0,0,0,0,0,0,0,0,0,0,0,0,12853362688,4287021056,784505,261659,20048951,1828,0,98,786432,52897889,812144,4,2527453334,12884901888,19575,555078698,0,0,0,0,0,0,0,0,0,0,0,0,0,0,0,0,0,0,11130096,111019889,0,468,1202,7661,620,22260536,35,0,0,0,0,0,0,0,1,0,0,0,0,0,0,0,0,0,0,15681868,0,20048337,204345,0,0,0,0,0,0,0,0,16384,0,0,0,0,0,0,0,0,0,0,0,2125,408,0,0,0,0,0,33829447,0,152,0,4,407,2125,0,0,0,0,0,0,0,0,0,0,0,0,0,0,0,0,0,0,0,0,0,0,0,0,0,0,0,0,0,0,0,0,0,0,0,0,0,0,0,0,0,0,0,0,0,0,0,0,0,0,0,0,0,0,166060191,0,0,0,372295182,0,0,0,0,0,0,0,42011098,53957026,186672023,109941294080,38463451,1,0,0,0,0,0,0,0,0,0,0,0,0,0,0,0,0,0,0,0,0,0,0,0,0,0,0,0,0,0,0,223800,0,0,0,0,0,0,0
1782296382.107,0,0,0,0,0,0,0,525722199,880215738880,472091185664,0,0,0,0,0,0,0,0,0,0,0,0,0,0,0,0,0,0,0,0,0,0,0,0,0,0,0,0,0,0,0,0,0,0,0,0,0,0,0,0,0,0,0,0,0,0,0,0,0,0,0,0,0,0,0,0,0,0,7,1805333,53861493,20129993,0,0,0,0,0,0,0,0,0,0,0,0,0,0,0,0,0,0,0,0,0,0,0,0,0,0,0,0,0,0,0,0,0,0,0,0,0,12853673984,4282679296,784526,261394,20066174,1809,0,96,786432,52960984,812144,4,2528381491,12884901888,19575,555277066,0,0,0,0,0,0,0,0,0,0,0,0,0,0,0,0,0,0,11134831,111024625,0,468,1202,7661,620,22270005,35,0,0,0,0,0,0,0,1,0,0,0,0,0,0,0,0,0,0,15687194,0,20066840,204543,0,0,0,0,0,0,0,0,16384,0,0,0,0,0,0,0,0,0,0,0,2126,408,0,0,0,0,0,33843833,0,152,0,4,407,2126,0,0,0,0,0,0,0,0,0,0,0,0,0,0,0,0,0,0,0,0,0,0,0,0,0,0,0,0,0,0,0,0,0,0,0,0,0,0,0,0,0,0,0,0,0,0,0,0,0,0,0,0,0,0,166157148,0,0,0,372410586,0,0,0,0,0,0,0,42046682,54020032,186787701,109992098304,38495545,1,0,0,0,0,0,0,0,0,0,0,0,0,0,0,0,0,0,0,0,0,0,0,0,0,0,0,0,0,0,0,190135,0,0,0,0,0,0,0
1782296383.177,0,0,0,0,0,0,0,525896847,881251011072,472450678784,0,0,0,0,0,0,0,0,0,0,0,0,0,0,0,0,0,0,0,0,0,0,0,0,0,0,0,0,0,0,0,0,0,0,0,0,0,0,0,0,0,0,0,0,0,0,0,0,0,0,0,0,0,0,0,0,0,0,7,1805629,53924852,20149133,0,0,0,0,0,0,0,0,0,0,0,0,0,0,0,0,0,0,0,0,0,0,0,0,0,0,0,0,0,0,0,0,0,0,0,0,0,12855345152,4243144704,784628,258981,20086715,1708,0,96,786432,53024253,812144,4,2529248841,12884901888,19575,555392547,0,0,0,0,0,0,0,0,0,0,0,0,0,0,0,0,0,0,11139487,111029281,0,468,1202,7661,620,22279324,35,0,0,0,0,0,0,0,1,0,0,0,0,0,0,0,0,0,0,15692434,0,20086101,204746,0,0,0,0,0,0,0,0,16384,0,0,0,0,0,0,0,0,0,0,0,2127,408,0,0,0,0,0,33857985,0,152,0,4,407,2127,0,0,0,0,0,0,0,0,0,0,0,0,0,0,0,0,0,0,0,0,0,0,0,0,0,0,0,0,0,0,0,0,0,0,0,0,0,0,0,0,0,0,0,0,0,0,0,0,0,0,0,0,0,0,166235848,0,0,0,372490437,0,0,0,0,0,0,0,42081852,54083166,186885619,110033857024,38527170,1,0,0,0,0,0,0,0,0,0,0,0,0,0,0,0,0,0,0,0,0,0,0,0,0,0,0,0,0,0,0,194792,0,0,0,0,0,0,0
1782296384.246,0,0,0,0,0,0,0,526072512,882299324928,472770405888,0,0,0,0,0,0,0,0,0,0,0,0,0,0,0,0,0,0,0,0,0,0,0,0,0,0,0,0,0,0,0,0,0,0,0,0,0,0,0,0,0,0,0,0,0,0,0,0,0,0,0,0,0,0,0,0,0,0,7,1805902,53988997,20165712,0,0,0,0,0,0,0,0,0,0,0,0,0,0,0,0,0,0,0,0,0,0,0,0,0,0,0,0,0,0,0,0,0,0,0,0,0,12861833216,4246732800,785024,259200,20103294,1312,0,96,786432,53088310,812144,4,2530121877,12884901888,19575,555508234,0,0,0,0,0,0,0,0,0,0,0,0,0,0,0,0,0,0,11144178,111033973,0,468,1202,7661,620,22288703,35,0,0,0,0,0,0,0,1,0,0,0,0,0,0,0,0,0,0,15697712,0,20102680,204942,0,0,0,0,0,0,0,0,16384,0,0,0,0,0,0,0,0,0,0,0,2128,408,0,0,0,0,0,33872201,0,152,0,4,407,2128,0,0,0,0,0,0,0,0,0,0,0,0,0,0,0,0,0,0,0,0,0,0,0,0,0,0,0,0,0,0,0,0,0,0,0,0,0,0,0,0,0,0,0,0,0,0,0,0,0,0,0,0,0,0,166314651,0,0,0,372570675,0,0,0,0,0,0,0,42117054,54147123,186981099,110075666944,38559101,1,0,0,0,0,0,0,0,0,0,0,0,0,0,0,0,0,0,0,0,0,0,0,0,0,0,0,0,0,0,0,199483,0,0,0,0,0,0,0
1782296385.315,0,0,0,0,0,0,0,526250246,883351718400,473102204928,0,0,0,0,0,0,0,0,0,0,0,0,0,0,0,0,0,0,0,0,0,0,0,0,0,0,0,0,0,0,0,0,0,0,0,0,0,0,0,0,0,0,0,0,0,0,0,0,0,0,0,0,0,0,0,0,0,0,7,1806217,54053408,20183005,0,0,0,0,0,0,0,0,0,0,0,0,0,0,0,0,0,0,0,0,0,0,0,0,0,0,0,0,0,0,0,0,0,0,0,0,0,12854329344,4244733952,784566,259078,20120520,1769,0,97,786432,53152616,812144,4,2531005305,12884901888,19575,555625776,0,0,0,0,0,0,0,0,0,0,0,0,0,0,0,0,0,0,11148913,111038708,0,468,1202,7661,620,22298171,35,0,0,0,0,0,0,0,1,0,0,0,0,0,0,0,0,0,0,15703038,0,20119906,205133,0,0,0,0,0,0,0,0,16384,0,0,0,0,0,0,0,0,0,0,0,2129,408,0,0,0,0,0,33886597,0,152,0,4,407,2129,0,0,0,0,0,0,0,0,0,0,0,0,0,0,0,0,0,0,0,0,0,0,0,0,0,0,0,0,0,0,0,0,0,0,0,0,0,0,0,0,0,0,0,0,0,0,0,0,0,0,0,0,0,0,166394295,0,0,0,372651927,0,0,0,0,0,0,0,42152698,54211342,187078155,110117929984,38591390,1,0,0,0,0,0,0,0,0,0,0,0,0,0,0,0,0,0,0,0,0,0,0,0,0,0,0,0,0,0,0,204218,0,0,0,0,0,0,0
1782296386.383,0,0,0,0,0,0,0,526427510,884410599936,473434554368,0,0,0,0,0,0,0,0,0,0,0,0,0,0,0,0,0,0,0,0,0,0,0,0,0,0,0,0,0,0,0,0,0,0,0,0,0,0,0,0,0,0,0,0,0,0,0,0,0,0,0,0,0,0,0,0,0,0,7,1806449,54118201,20200303,0,0,0,0,0,0,0,0,0,0,0,0,0,0,0,0,0,0,0,0,0,0,0,0,0,0,0,0,0,0,0,0,0,0,0,0,0,12860784640,4238114816,784960,258674,20137885,1376,0,97,786432,53217302,812144,4,2531886435,12884901888,19575,555742962,0,0,0,0,0,0,0,0,0,0,0,0,0,0,0,0,0,0,11153641,111043436,0,468,1202,7661,620,22307628,35,0,0,0,0,0,0,0,1,0,0,0,0,0,0,0,0,0,0,15708355,0,20137271,205329,0,0,0,0,0,0,0,0,16384,0,0,0,0,0,0,0,0,0,0,0,2130,408,0,0,0,0,0,33900979,0,152,0,4,407,2130,0,0,0,0,0,0,0,0,0,0,0,0,0,0,0,0,0,0,0,0,0,0,0,0,0,0,0,0,0,0,0,0,0,0,0,0,0,0,0,0,0,0,0,0,0,0,0,0,0,0,0,0,0,0,166474012,0,0,0,372732997,0,0,0,0,0,0,0,42188435,54275921,187175262,110160631808,38623803,0,0,0,0,0,0,0,0,0,0,0,0,0,0,0,0,0,0,0,0,0,0,0,0,0,0,0,0,0,0,0,208947,0,0,0,0,0,0,0
1782296387.452,0,0,0,0,0,0,0,526593534,885413513728,473749275648,0,0,0,0,0,0,0,0,0,0,0,0,0,0,0,0,0,0,0,0,0,0,0,0,0,0,0,0,0,0,0,0,0,0,0,0,0,0,0,0,0,0,0,0,0,0,0,0,0,0,0,0,0,0,0,0,0,0,7,1806570,54179592,20216454,0,0,0,0,0,0,0,0,0,0,0,0,0,0,0,0,0,0,0,0,0,0,0,0,0,0,0,0,0,0,0,0,0,0,0,0,0,12856819712,4245536768,784718,259127,20154036,1617,0,97,786432,53278607,812144,4,2532738139,12884901888,19575,555876921,0,0,0,0,0,0,0,0,0,0,0,0,0,0,0,0,0,0,11158170,111047965,0,468,1202,7661,620,22316686,35,0,0,0,0,0,0,0,1,0,0,0,0,0,0,0,0,0,0,15713449,0,20153422,205510,0,0,0,0,0,0,0,0,16384,0,0,0,0,0,0,0,0,0,0,0,2131,408,0,0,0,0,0,33914740,0,152,0,4,407,2131,0,0,0,0,0,0,0,0,0,0,0,0,0,0,0,0,0,0,0,0,0,0,0,0,0,0,0,0,0,0,0,0,0,0,0,0,0,0,0,0,0,0,0,0,0,0,0,0,0,0,0,0,0,0,166556644,0,0,0,372820076,0,0,0,0,0,0,0,42218802,54337115,187274149,110204485120,38651220,1,0,0,0,0,0,0,0,0,0,0,0,0,0,0,0,0,0,0,0,0,0,0,0,0,0,0,0,0,0,0,202514,0,0,0,0,0,0,0
1782296388.515,0,0,0,0,0,0,0,526761475,886432827904,474089667072,0,0,0,0,0,0,0,0,0,0,0,0,0,0,0,0,0,0,0,0,0,0,0,0,0,0,0,0,0,0,0,0,0,0,0,0,0,0,0,0,0,0,0,0,0,0,0,0,0,0,0,0,0,0,0,0,0,0,7,1806760,54241971,20233823,0,0,0,0,0,0,0,0,0,0,0,0,0,0,0,0,0,0,0,0,0,0,0,0,0,0,0,0,0,0,0,0,0,0,0,0,0,12851380224,4253368320,784386,259605,20171405,1949,0,96,786432,53340893,812144,4,2533639507,12884901888,19575,556049649,0,0,0,0,0,0,0,0,0,0,0,0,0,0,0,0,0,0,11162831,111052624,0,468,1202,7661,620,22326008,35,0,0,0,0,0,0,0,1,0,0,0,0,0,0,0,0,0,0,15718688,0,20170791,205703,0,0,0,0,0,0,0,0,16384,0,0,0,0,0,0,0,0,0,0,0,2132,408,0,0,0,0,0,33928878,0,152,0,4,407,2132,0,0,0,0,0,0,0,0,0,0,0,0,0,0,0,0,0,0,0,0,0,0,0,0,0,0,0,0,0,0,0,0,0,0,0,0,0,0,0,0,0,0,0,0,0,0,0,0,0,0,0,0,0,0,166649446,0,0,0,372924582,0,0,0,0,0,0,0,42251721,54399308,187384414,110253086720,38680726,1,1,0,0,0,0,0,0,0,0,0,0,0,0,0,0,0,0,0,0,0,0,0,0,0,0,0,0,0,0,0,179733,0,0,0,0,0,0,0
1782296389.582,0,0,0,0,0,0,0,526939307,887494052352,474416739840,0,0,0,0,0,0,0,0,0,0,0,0,0,0,0,0,0,0,0,0,0,0,0,0,0,0,0,0,0,0,0,0,0,0,0,0,0,0,0,0,0,0,0,0,0,0,0,0,0,0,0,0,0,0,0,0,0,0,7,1807079,54306897,20250826,0,0,0,0,0,0,0,0,0,0,0,0,0,0,0,0,0,0,0,0,0,0,0,0,0,0,0,0,0,0,0,0,0,0,0,0,0,12861571072,4254646272,785007,259683,20188408,1326,0,97,786432,53405724,812144,4,2534522348,12884901888,19575,556166495,0,0,0,0,0,0,0,0,0,0,0,0,0,0,0,0,0,0,11167594,111057389,0,468,1202,7661,620,22335533,35,0,0,0,0,0,0,0,1,0,0,0,0,0,0,0,0,0,0,15724049,0,20187794,205906,0,0,0,0,0,0,0,0,16384,0,0,0,0,0,0,0,0,0,0,0,2133,408,0,0,0,0,0,33943353,0,152,0,4,407,2133,0,0,0,0,0,0,0,0,0,0,0,0,0,0,0,0,0,0,0,0,0,0,0,0,0,0,0,0,0,0,0,0,0,0,0,0,0,0,0,0,0,0,0,0,0,0,0,0,0,0,0,0,0,0,166728505,0,0,0,373005924,0,0,0,0,0,0,0,42287799,54464049,187480606,110295173120,38713319,0,0,0,0,0,0,0,0,0,0,0,0,0,0,0,0,0,0,0,0,0,0,0,0,0,0,0,0,0,0,0,184498,0,0,0,0,0,0,0
1782296390.651,0,0,0,0,0,0,0,527115780,888546052608,474741690880,0,0,0,0,0,0,0,0,0,0,0,0,0,0,0,0,0,0,0,0,0,0,0,0,0,0,0,0,0,0,0,0,0,0,0,0,0,0,0,0,0,0,0,0,0,0,0,0,0,0,0,0,0,0,0,0,0,0,7,1807380,54371280,20267711,0,0,0,0,0,0,0,0,0,0,0,0,0,0,0,0,0,0,0,0,0,0,0,0,0,0,0,0,0,0,0,0,0,0,0,0,0,12862111744,4257857536,785041,259879,20205293,1293,0,96,786432,53470009,812144,4,2535399235,12884901888,19575,556282117,0,0,0,0,0,0,0,0,0,0,0,0,0,0,0,0,0,0,11172334,111062128,0,468,1202,7661,620,22345016,35,0,0,0,0,0,0,0,1,0,0,0,0,0,0,0,0,0,0,15729380,0,20204679,206092,0,0,0,0,0,0,0,0,16384,0,0,0,0,0,0,0,0,0,0,0,2134,408,0,0,0,0,0,33957753,0,152,0,4,407,2134,0,0,0,0,0,0,0,0,0,0,0,0,0,0,0,0,0,0,0,0,0,0,0,0,0,0,0,0,0,0,0,0,0,0,0,0,0,0,0,0,0,0,0,0,0,0,0,0,0,0,0,0,0,0,166807482,0,0,0,373086623,0,0,0,0,0,0,0,42323301,54528233,187576549,110337114112,38745582,1,0,0,0,0,0,0,0,0,0,0,0,0,0,0,0,0,0,0,0,0,0,0,0,0,0,0,0,0,0,0,189239,0,0,0,0,0,0,0
1782296391.720,0,0,0,0,0,0,0,527285574,889558895104,475064573952,0,0,0,0,0,0,0,0,0,0,0,0,0,0,0,0,0,0,0,0,0,0,0,0,0,0,0,0,0,0,0,0,0,0,0,0,0,0,0,0,0,0,0,0,0,0,0,0,0,0,0,0,0,0,0,0,0,0,7,1807668,54433257,20284569,0,0,0,0,0,0,0,0,0,0,0,0,0,0,0,0,0,0,0,0,0,0,0,0,0,0,0,0,0,0,0,0,0,0,0,0,0,12859277312,4253319168,784868,259602,20222151,1463,0,101,786432,53531903,812144,4,2536243362,12884901888,19575,556392921,0,0,0,0,0,0,0,0,0,0,0,0,0,0,0,0,0,0,11176923,111066718,0,468,1202,7661,620,22354196,35,0,0,0,0,0,0,0,1,0,0,0,0,0,0,0,0,0,0,15734543,0,20221537,206278,0,0,0,0,0,0,0,0,16384,0,0,0,0,0,0,0,0,0,0,0,2135,408,0,0,0,0,0,33971700,0,152,0,4,407,2135,0,0,0,0,0,0,0,0,0,0,0,0,0,0,0,0,0,0,0,0,0,0,0,0,0,0,0,0,0,0,0,0,0,0,0,0,0,0,0,0,0,0,0,0,0,0,0,0,0,0,0,0,0,0,166884367,0,0,0,373164434,0,0,0,0,0,0,0,42355195,54590015,187670379,110378020864,38774202,1,1,0,0,0,0,0,0,0,0,0,0,0,0,0,0,0,0,0,0,0,0,0,0,0,0,0,0,0,0,0,193828,0,0,0,0,0,0,0
1782296392.788,0,0,0,0,0,0,0,527456797,890578799104,475378086400,0,0,0,0,0,0,0,0,0,0,0,0,0,0,0,0,0,0,0,0,0,0,0,0,0,0,0,0,0,0,0,0,0,0,0,0,0,0,0,0,0,0,0,0,0,0,0,0,0,0,0,0,0,0,0,0,0,0,7,1807815,54495667,20300817,0,0,0,0,0,0,0,0,0,0,0,0,0,0,0,0,0,0,0,0,0,0,0,0,0,0,0,0,0,0,0,0,0,0,0,0,0,12875169792,4257546240,785838,259860,20238399,497,0,96,786432,53594206,812144,4,2537092041,12884901888,19575,556505257,0,0,0,0,0,0,0,0,0,0,0,0,0,0,0,0,0,0,11181533,111071326,0,468,1202,7661,620,22363409,35,0,0,0,0,0,0,0,1,0,0,0,0,0,0,0,0,0,0,15739726,0,20237785,206454,0,0,0,0,0,0,0,0,16384,0,0,0,0,0,0,0,0,0,0,0,2138,409,0,0,0,0,0,33985705,0,153,0,4,408,2138,0,0,0,0,1,0,0,0,0,0,0,0,0,0,0,0,0,0,0,0,0,0,0,0,0,0,0,0,0,0,0,0,0,0,0,0,0,0,0,0,0,0,0,0,0,0,0,0,0,0,0,0,0,0,166961876,0,0,0,373242775,0,0,0,0,0,0,0,42386529,54652235,187764232,110419058176,38802404,1,0,0,0,0,0,0,0,0,0,0,0,0,0,0,0,0,0,0,0,0,0,0,0,0,0,0,0,0,0,0,198436,0,0,0,0,0,0,0
1782296393.856,0,0,0,0,0,0,0,527626540,891614661120,475715983360,0,0,0,0,0,0,0,0,0,0,0,0,0,0,0,0,0,0,0,0,0,0,0,0,0,0,0,0,0,0,0,0,0,0,0,0,0,0,0,0,0,0,0,0,0,0,0,0,0,0,0,0,0,0,0,0,0,0,7,1807936,54559045,20317807,0,0,0,0,0,0,0,0,0,0,0,0,0,0,0,0,0,0,0,0,0,0,0,0,0,0,0,0,0,0,0,0,0,0,0,0,0,12851052544,4282630144,784366,261391,20255389,1969,0,96,786432,53657492,812144,4,2538030636,12884901888,19575,556706400,0,0,0,0,0,0,0,0,0,0,0,0,0,0,0,0,0,0,11186275,111076070,0,468,1202,7661,620,22372898,35,0,0,0,0,0,0,0,1,0,0,0,0,0,0,0,0,0,0,15745062,0,20254775,206646,0,0,0,0,0,0,0,0,16384,0,0,0,0,0,0,0,0,0,0,0,2139,409,0,0,0,0,0,34000149,0,153,0,4,408,2139,0,0,0,0,0,0,0,0,0,0,0,0,0,0,0,0,0,0,0,0,0,0,0,0,0,0,0,0,0,0,0,0,0,0,0,0,0,0,0,0,0,0,0,0,0,0,0,0,0,0,0,0,0,0,167059847,0,0,0,373358998,0,0,0,0,0,0,0,42422367,54715427,187879283,110470664704,38834707,0,0,0,0,0,0,0,0,0,0,0,0,0,0,0,0,0,0,0,0,0,0,0,0,0,0,0,0,0,0,0,164781,0,0,0,0,0,0,0
1782296394.921,0,0,0,0,0,0,0,527805024,892674345472,476049024000,0,0,0,0,0,0,0,0,0,0,0,0,0,0,0,0,0,0,0,0,0,0,0,0,0,0,0,0,0,0,0,0,0,0,0,0,0,0,0,0,0,0,0,0,0,0,0,0,0,0,0,0,0,0,0,0,0,0,7,1808212,54623910,20335204,0,0,0,0,0,0,0,0,0,0,0,0,0,0,0,0,0,0,0,0,0,0,0,0,0,0,0,0,0,0,0,0,0,0,0,0,0,12862423040,4281499648,785060,261322,20272786,1276,0,96,786432,53722260,812144,4,2538918846,12884901888,19575,556824077,0,0,0,0,0,0,0,0,0,0,0,0,0,0,0,0,0,0,11191024,111080819,0,468,1202,7661,620,22382396,35,0,0,0,0,0,0,0,1,0,0,0,0,0,0,0,0,0,0,15750404,0,20272172,206834,0,0,0,0,0,0,0,0,16384,0,0,0,0,0,0,0,0,0,0,0,2140,409,0,0,0,0,0,34014589,0,153,0,4,408,2140,0,0,0,0,0,0,0,0,0,0,0,0,0,0,0,0,0,0,0,0,0,0,0,0,0,0,0,0,0,0,0,0,0,0,0,0,0,0,0,0,0,0,0,0,0,0,0,0,0,0,0,0,0,0,167138958,0,0,0,373440583,0,0,0,0,0,0,0,42457785,54780079,187975872,110512452608,38866620,0,0,0,0,0,0,0,0,0,0,0,0,0,0,0,0,0,0,0,0,0,0,0,0,0,0,0,0,0,0,0,169527,0,0,0,0,0,0,0
1782296395.988,0,0,0,0,0,0,0,527984732,893743057408,476384250880,0,0,0,0,0,0,0,0,0,0,0,0,0,0,0,0,0,0,0,0,0,0,0,0,0,0,0,0,0,0,0,0,0,0,0,0,0,0,0,0,0,0,0,0,0,0,0,0,0,0,0,0,0,0,0,0,0,0,7,1808512,54689316,20352675,0,0,0,0,0,0,0,0,0,0,0,0,0,0,0,0,0,0,0,0,0,0,0,0,0,0,0,0,0,0,0,0,0,0,0,0,0,12859408384,4281024512,784876,261293,20290257,1460,0,96,786432,53787562,812144,4,2539812496,12884901888,19575,556942566,0,0,0,0,0,0,0,0,0,0,0,0,0,0,0,0,0,0,11195813,111085607,0,468,1202,7661,620,22391975,35,0,0,0,0,0,0,0,1,0,0,0,0,0,0,0,0,0,0,15755790,0,20289643,207024,0,0,0,0,0,0,0,0,16384,0,0,0,0,0,0,0,0,0,0,0,2141,409,0,0,0,0,0,34029153,0,153,0,4,408,2141,0,0,0,0,0,0,0,0,0,0,0,0,0,0,0,0,0,0,0,0,0,0,0,0,0,0,0,0,0,0,0,0,0,0,0,0,0,0,0,0,0,0,0,0,0,0,0,0,0,0,0,0,0,0,167219329,0,0,0,373522726,0,0,0,0,0,0,0,42493689,54845283,188073801,110555255808,38899117,1,0,0,0,0,0,0,0,0,0,0,0,0,0,0,0,0,0,0,0,0,0,0,0,0,0,0,0,0,0,0,174316,0,0,0,0,0,0,0
1782296397.057,0,0,0,0,0,0,0,528164093,894815488512,476713920000,0,0,0,0,0,0,0,0,0,0,0,0,0,0,0,0,0,0,0,0,0,0,0,0,0,0,0,0,0,0,0,0,0,0,0,0,0,0,0,0,0,0,0,0,0,0,0,0,0,0,0,0,0,0,0,0,0,0,7,1808655,54754947,20369850,0,0,0,0,0,0,0,0,0,0,0,0,0,0,0,0,0,0,0,0,0,0,0,0,0,0,0,0,0,0,0,0,0,0,0,0,0,12868108288,4280123392,785407,261238,20307432,928,0,96,786432,53853104,812144,4,2540704303,12884901888,19575,557061764,0,0,0,0,0,0,0,0,0,0,0,0,0,0,0,0,0,0,11200549,111090341,0,468,1202,7661,620,22401444,35,0,0,0,0,0,0,0,1,0,0,0,0,0,0,0,0,0,0,15761114,0,20306818,207222,0,0,0,0,0,0,0,0,16384,0,0,0,0,0,0,0,0,0,0,0,2142,409,0,0,0,0,0,34043564,0,153,0,4,408,2142,0,0,0,0,0,0,0,0,0,0,0,0,0,0,0,0,0,0,0,0,0,0,0,0,0,0,0,0,0,0,0,0,0,0,0,0,0,0,0,0,0,0,0,0,0,0,0,0,0,0,0,0,0,0,167298290,0,0,0,373604654,0,0,0,0,0,0,0,42528898,54910718,188170064,110597417984,38930826,1,1,0,0,0,0,0,0,0,0,0,0,0,0,0,0,0,0,0,0,0,0,0,0,0,0,0,0,0,0,0,179051,0,0,0,0,0,0,0
1782296398.125,0,0,0,0,0,0,0,528340364,895852907008,477087463936,0,0,0,0,0,0,0,0,0,0,0,0,0,0,0,0,0,0,0,0,0,0,0,0,0,0,0,0,0,0,0,0,0,0,0,0,0,0,0,0,0,0,0,0,0,0,0,0,0,0,0,0,0,0,0,0,0,0,7,1808738,54818436,20389699,0,0,0,0,0,0,0,0,0,0,0,0,0,0,0,0,0,0,0,0,0,0,0,0,0,0,0,0,0,0,0,0,0,0,0,0,0,12850905088,4232314880,784357,258320,20324986,1979,0,96,786432,53916487,812144,4,2541580149,12884901888,19575,557178505,0,0,0,0,0,0,0,0,0,0,0,0,0,0,0,0,0,0,11205223,111095018,0,468,1202,7661,620,22410790,35,0,0,0,0,0,0,0,1,0,0,0,0,0,0,0,0,0,0,15766376,0,20326548,207434,0,0,0,0,0,0,0,0,16384,0,0,0,0,0,0,0,0,0,0,0,2143,409,0,0,0,0,0,34057771,0,153,0,4,408,2143,0,0,0,0,0,0,0,0,0,0,0,0,0,0,0,0,0,0,0,0,0,0,0,0,0,0,0,0,0,0,0,0,0,0,0,0,0,0,0,0,0,0,0,0,0,0,0,0,0,0,0,0,0,0,167377772,0,0,0,373685231,0,0,0,0,0,0,0,42563790,54974013,188269532,110639712768,38962133,1,0,0,0,0,0,0,0,0,0,0,0,0,0,0,0,0,0,0,0,0,0,0,0,0,0,0,0,0,0,0,183729,0,0,0,0,0,0,0
1782296399.191,0,0,0,0,0,0,0,528514785,896890653184,477433975296,0,0,0,0,0,0,0,0,0,0,0,0,0,0,0,0,0,0,0,0,0,0,0,0,0,0,0,0,0,0,0,0,0,0,0,0,0,0,0,0,0,0,0,0,0,0,0,0,0,0,0,0,0,0,0,0,0,0,7,1808900,54881953,20407627,0,0,0,0,0,0,0,0,0,0,0,0,0,0,0,0,0,0,0,0,0,0,0,0,0,0,0,0,0,0,0,0,0,0,0,0,0,12857622528,4226105344,784767,257941,20345082,1562,0,103,786432,53979908,812144,4,2542482585,12884901888,19575,557327463,0,0,0,0,0,0,0,0,0,0,0,0,0,0,0,0,0,0,11209939,111099733,0,468,1202,7661,620,22420226,35,0,0,0,0,0,0,0,1,0,0,0,0,0,0,0,0,0,0,15771677,0,20344596,207626,0,0,0,0,0,0,0,0,16384,0,0,0,0,0,0,0,0,0,0,0,2144,409,0,0,0,0,0,34072135,0,153,0,4,408,2144,0,0,0,0,0,0,0,0,0,0,0,0,0,0,0,0,0,0,0,0,0,0,0,0,0,0,0,0,0,0,0,0,0,0,0,0,0,0,0,0,0,0,0,0,0,0,0,0,0,0,0,0,0,0,167465065,0,0,0,373779701,0,0,0,0,0,0,0,42599278,55037301,188374809,110685933056,38994266,1,0,0,0,0,0,0,0,0,0,0,0,0,0,0,0,0,0,0,0,0,0,0,0,0,0,0,0,0,0,0,173892,0,0,0,0,0,0,0
1782296400.258,0,0,0,0,0,0,0,528686998,897930103296,477768735232,0,0,0,0,0,0,0,0,0,0,0,0,0,0,0,0,0,0,0,0,0,0,0,0,0,0,0,0,0,0,0,0,0,0,0,0,0,0,0,0,0,0,0,0,0,0,0,0,0,0,0,0,0,0,0,0,0,0,7,1809112,54945588,20424666,0,0,0,0,0,0,0,0,0,0,0,0,0,0,0,0,0,0,0,0,0,0,0,0,0,0,0,0,0,0,0,0,0,0,0,0,0,12867731456,4246634496,785386,259194,20362248,946,0,107,786432,54043445,812144,4,2543398843,12884901888,19575,557496616,0,0,0,0,0,0,0,0,0,0,0,0,0,0,0,0,0,0,11214662,111104456,0,468,1202,7661,620,22429671,35,0,0,0,0,0,0,0,1,0,0,0,0,0,0,0,0,0,0,15776992,0,20361634,207813,0,0,0,0,0,0,0,0,16384,0,0,0,0,0,0,0,0,0,0,0,2145,409,0,0,0,0,0,34086475,0,153,0,4,408,2145,0,0,0,0,0,0,0,0,0,0,0,0,0,0,0,0,0,0,0,0,0,0,0,0,0,0,0,0,0,0,0,0,0,0,0,0,0,0,0,0,0,0,0,0,0,0,0,0,0,0,0,0,0,0,167556322,0,0,0,373882490,0,0,0,0,0,0,0,42634657,55100725,188483188,110734244864,39026424,1,0,0,0,0,0,0,0,0,0,0,0,0,0,0,0,0,0,0,0,0,0,0,0,0,0,0,0,0,0,0,154768,0,0,0,0,0,0,0
1782296401.328,0,0,0,0,0,0,0,528863219,898976483840,478099377152,0,0,0,0,0,0,0,0,0,0,0,0,0,0,0,0,0,0,0,0,0,0,0,0,0,0,0,0,0,0,0,0,0,0,0,0,0,0,0,0,0,0,0,0,0,0,0,0,0,0,0,0,0,0,0,0,0,0,7,1809381,55009617,20441906,0,0,0,0,0,0,0,0,0,0,0,0,0,0,0,0,0,0,0,0,0,0,0,0,0,0,0,0,0,0,0,0,0,0,0,0,0,12853624832,4248043520,784523,259280,20379488,1813,0,96,786432,54107385,812144,4,2544273685,12884901888,19575,557612494,0,0,0,0,0,0,0,0,0,0,0,0,0,0,0,0,0,0,11219372,111109165,0,468,1202,7661,620,22439088,35,0,0,0,0,0,0,0,1,0,0,0,0,0,0,0,0,0,0,15782289,0,20378874,208014,0,0,0,0,0,0,0,0,16384,0,0,0,0,0,0,0,0,0,0,0,2146,409,0,0,0,0,0,34100795,0,153,0,4,408,2146,0,0,0,0,0,0,0,0,0,0,0,0,0,0,0,0,0,0,0,0,0,0,0,0,0,0,0,0,0,0,0,0,0,0,0,0,0,0,0,0,0,0,0,0,0,0,0,0,0,0,0,0,0,0,167635518,0,0,0,373963138,0,0,0,0,0,0,0,42669538,55164567,188579718,110776178688,39057913,0,0,0,0,0,0,0,0,0,0,0,0,0,0,0,0,0,0,0,0,0,0,0,0,0,0,0,0,0,0,0,159476,0,0,0,0,0,0,0
