timestamp,adaptive_hash_pages_added,adaptive_hash_pages_removed,adaptive_hash_rows_added,adaptive_hash_rows_deleted_no_hash_entry,adaptive_hash_rows_removed,adaptive_hash_rows_updated,adaptive_hash_searches,adaptive_hash_searches_btree,buffer_data_reads,buffer_data_written,buffer_flush_adaptive,buffer_flush_adaptive_avg_pass,buffer_flush_adaptive_avg_time_est,buffer_flush_adaptive_avg_time_slot,buffer_flush_adaptive_avg_time_thread,buffer_flush_adaptive_pages,buffer_flush_adaptive_total_pages,buffer_flush_avg_page_rate,buffer_flush_avg_pass,buffer_flush_avg_time,buffer_flush_background,buffer_flush_background_pages,buffer_flush_background_total_pages,buffer_flush_batches,buffer_flush_batch_num_scan,buffer_flush_batch_pages,buffer_flush_batch_scanned,buffer_flush_batch_scanned_per_call,buffer_flush_batch_total_pages,buffer_flush_lsn_avg_rate,buffer_flush_neighbor,buffer_flush_neighbor_pages,buffer_flush_neighbor_total_pages,buffer_flush_n_to_flush_by_age,buffer_flush_n_to_flush_by_dirty_page,buffer_flush_n_to_flush_requested,buffer_flush_pct_for_dirty,buffer_flush_pct_for_lsn,buffer_flush_sync,buffer_flush_sync_pages,buffer_flush_sync_total_pages,buffer_flush_sync_waits,buffer_LRU_batches_evict,buffer_LRU_batches_flush,buffer_LRU_batch_evict_pages,buffer_LRU_batch_evict_total_pages,buffer_LRU_batch_flush_avg_pass,buffer_LRU_batch_flush_avg_time_est,buffer_LRU_batch_flush_avg_time_slot,buffer_LRU_batch_flush_avg_time_thread,buffer_LRU_batch_flush_pages,buffer_LRU_batch_flush_total_pages,buffer_LRU_batch_num_scan,buffer_LRU_batch_scanned,buffer_LRU_batch_scanned_per_call,buffer_LRU_get_free_loops,buffer_LRU_get_free_search,buffer_LRU_get_free_waits,buffer_LRU_search_num_scan,buffer_LRU_search_scanned,buffer_LRU_search_scanned_per_call,buffer_LRU_single_flush_failure_count,buffer_LRU_single_flush_num_scan,buffer_LRU_single_flush_scanned,buffer_LRU_single_flush_scanned_per_call,buffer_LRU_unzip_search_num_scan,buffer_LRU_unzip_search_scanned,buffer_LRU_unzip_search_scanned_per_call,buffer_pages0_read,buffer_pages_created,buffer_pages_read,buffer_pages_written,buffer_page_read_blob,buffer_page_read_fsp_hdr,buffer_page_read_ibuf_bitmap,buffer_page_read_ibuf_free_list,buffer_page_read_index_ibuf_leaf,buffer_page_read_index_ibuf_non_leaf,buffer_page_read_index_inode,buffer_page_read_index_leaf,buffer_page_read_index_non_leaf,buffer_page_read_other,buffer_page_read_rseg_array,buffer_page_read_system_page,buffer_page_read_trx_system,buffer_page_read_undo_log,buffer_page_read_xdes,buffer_page_read_zblob,buffer_page_read_zblob2,buffer_page_written_blob,buffer_page_written_fsp_hdr,buffer_page_written_ibuf_bitmap,buffer_page_written_ibuf_free_list,buffer_page_written_index_ibuf_leaf,buffer_page_written_index_ibuf_non_leaf,buffer_page_written_index_inode,buffer_page_written_index_leaf,buffer_page_written_index_non_leaf,buffer_page_written_on_log_no_waits,buffer_page_written_on_log_waits,buffer_page_written_on_log_wait_loops,buffer_page_written_other,buffer_page_written_rseg_array,buffer_page_written_system_page,buffer_page_written_trx_system,buffer_page_written_undo_log,buffer_page_written_xdes,buffer_page_written_zblob,buffer_page_written_zblob2,buffer_pool_bytes_data,buffer_pool_bytes_dirty,buffer_pool_pages_data,buffer_pool_pages_dirty,buffer_pool_pages_flushed,buffer_pool_pages_free,buffer_pool_pages_lru_flushed,buffer_pool_pages_misc,buffer_pool_pages_total,buffer_pool_reads,buffer_pool_read_ahead,buffer_pool_read_ahead_evicted,buffer_pool_read_requests,buffer_pool_size,buffer_pool_wait_free,buffer_pool_write_requests,compression_pad_decrements,compression_pad_increments,compress_pages_compressed,compress_pages_decompressed,cpu_n,cpu_stime_abs,cpu_stime_pct,cpu_utime_abs,cpu_utime_pct,dblwr_async_requests,dblwr_flush_requests,dblwr_flush_wait_events,dblwr_sync_requests,ddl_background_drop_tables,ddl_log_file_alter_table,ddl_online_create_index,ddl_pending_alter_table,ddl_sort_file_alter_table,dml_deletes,dml_inserts,dml_reads,dml_system_deletes,dml_system_inserts,dml_system_reads,dml_system_updates,dml_updates,file_num_open_files,ibuf_merges,ibuf_merges_delete,ibuf_merges_delete_mark,ibuf_merges_discard_delete,ibuf_merges_discard_delete_mark,ibuf_merges_discard_insert,ibuf_merges_insert,ibuf_size,icp_attempts,icp_match,icp_no_match,icp_out_of_range,index_page_discards,index_page_merge_attempts,index_page_merge_successful,index_page_reorg_attempts,index_page_reorg_successful,index_page_splits,innodb_activity_count,innodb_background_drop_table_usec,innodb_dblwr_pages_written,innodb_dblwr_writes,innodb_dict_lru_count,innodb_dict_lru_usec,innodb_ibuf_merge_usec,innodb_master_active_loops,innodb_master_idle_loops,innodb_master_purge_usec,innodb_master_thread_sleeps,innodb_mem_validate_usec,innodb_page_size,innodb_rwlock_sx_os_waits,innodb_rwlock_sx_spin_rounds,innodb_rwlock_sx_spin_waits,innodb_rwlock_s_os_waits,innodb_rwlock_s_spin_rounds,innodb_rwlock_s_spin_waits,innodb_rwlock_x_os_waits,innodb_rwlock_x_spin_rounds,innodb_rwlock_x_spin_waits,lock_deadlocks,lock_deadlock_false_positives,lock_deadlock_rounds,lock_rec_grant_attempts,lock_rec_locks,lock_rec_lock_created,lock_rec_lock_removed,lock_rec_lock_requests,lock_rec_lock_waits,lock_rec_release_attempts,lock_row_lock_current_waits,lock_row_lock_time,lock_row_lock_time_avg,lock_row_lock_time_max,lock_row_lock_waits,lock_schedule_refreshes,lock_table_locks,lock_table_lock_created,lock_table_lock_removed,lock_table_lock_waits,lock_threads_waiting,lock_timeouts,log_checkpoints,log_concurrency_margin,log_flusher_no_waits,log_flusher_waits,log_flusher_wait_loops,log_flush_avg_time,log_flush_lsn_avg_rate,log_flush_max_time,log_flush_notifier_no_waits,log_flush_notifier_waits,log_flush_notifier_wait_loops,log_flush_total_time,log_free_space,log_full_block_writes,log_lsn_archived,log_lsn_buf_dirty_pages_added,log_lsn_buf_pool_oldest_approx,log_lsn_buf_pool_oldest_lwm,log_lsn_checkpoint_age,log_lsn_current,log_lsn_last_checkpoint,log_lsn_last_flush,log_max_modified_age_async,log_max_modified_age_sync,log_next_file,log_on_buffer_space_no_waits,log_on_buffer_space_waits,log_on_buffer_space_wait_loops,log_on_file_space_no_waits,log_on_file_space_waits,log_on_file_space_wait_loops,log_on_flush_no_waits,log_on_flush_waits,log_on_flush_wait_loops,log_on_recent_closed_wait_loops,log_on_recent_written_wait_loops,log_on_write_no_waits,log_on_write_waits,log_on_write_wait_loops,log_padded,log_partial_block_writes,log_waits,log_writer_no_waits,log_writer_on_archiver_waits,log_writer_on_file_space_waits,log_writer_on_tracker_waits,log_writer_waits,log_writer_wait_loops,log_writes,log_write_notifier_no_waits,log_write_notifier_waits,log_write_notifier_wait_loops,log_write_requests,log_write_to_file_requests_interval,metadata_table_handles_closed,metadata_table_handles_opened,metadata_table_reference_count,module_cpu,module_dblwr,module_page_track,os_data_fsyncs,os_data_reads,os_data_writes,os_log_bytes_written,os_log_fsyncs,os_log_pending_fsyncs,os_log_pending_writes,os_pending_reads,os_pending_writes,page_track_checkpoint_partial_flush_request,page_track_full_block_writes,page_track_partial_block_writes,page_track_resets,purge_del_mark_records,purge_dml_delay_usec,purge_invoked,purge_resume_count,purge_stop_count,purge_truncate_history_count,purge_truncate_history_usec,purge_undo_log_pages,purge_upd_exist_or_extern_records,sampled_pages_read,sampled_pages_skipped,trx_active_transactions,trx_allocations,trx_commits_insert_update,trx_nl_ro_commits,trx_on_log_no_waits,trx_on_log_waits,trx_on_log_wait_loops,trx_rollbacks,trx_rollbacks_savepoint,trx_rollback_active,trx_ro_commits,trx_rseg_current_size,trx_rseg_history_len,trx_rw_commits,trx_undo_slots_cached,trx_undo_slots_used,undo_truncate_count,undo_truncate_done_logging_count,undo_truncate_start_logging_count,undo_truncate_usec
1782980066.129,0,0,0,0,0,0,0,1724953245,7598542096896,2703372045312,0,0,0,0,0,0,0,0,0,0,0,0,0,0,0,0,0,0,0,0,0,0,0,0,0,0,0,0,0,0,0,0,0,0,0,0,0,0,0,0,0,0,0,0,0,0,0,0,0,0,0,0,0,0,0,0,0,0,7,1940400,465797846,136665865,0,0,0,0,0,0,0,0,0,0,0,0,0,0,0,0,0,0,0,0,0,0,0,0,0,0,0,0,0,0,0,0,0,0,0,0,0,12872810496,3804790784,785694,232226,133838586,642,0,96,786432,463934363,811153,6,8488831827,12884901888,6699171,1346234459,0,0,0,0,0,0,0,0,0,0,0,0,0,0,0,0,0,0,46099017,145995562,0,468,1202,7661,620,92198835,35,0,0,0,0,0,0,0,1,0,0,0,0,0,0,0,0,0,0,55645809,0,133834082,2267529,0,0,0,0,0,0,0,0,16384,0,0,0,0,0,0,0,0,0,0,0,7658,443,0,0,0,0,0,140140816,0,166,0,2,443,7658,0,0,0,0,0,0,0,0,0,0,0,0,0,0,0,0,0,0,0,0,0,0,0,0,0,0,0,0,0,0,0,0,0,0,0,0,0,0,0,0,0,0,0,0,0,0,0,0,0,0,0,0,0,0,705672925,0,0,0,966228984,0,0,0,0,0,0,0,189947018,463923612,846713015,390136216064,153880137,0,0,0,0,0,0,0,0,0,0,0,0,0,0,0,0,0,0,0,0,0,0,0,0,0,0,0,0,0,0,0,1606,0,0,0,0,0,0,0
1782980067.195,0,0,0,0,0,0,0,1724953245,7598542096896,2703550861312,0,0,0,0,0,0,0,0,0,0,0,0,0,0,0,0,0,0,0,0,0,0,0,0,0,0,0,0,0,0,0,0,0,0,0,0,0,0,0,0,0,0,0,0,0,0,0,0,0,0,0,0,0,0,0,0,0,0,7,1940400,465797846,136676778,0,0,0,0,0,0,0,0,0,0,0,0,0,0,0,0,0,0,0,0,0,0,0,0,0,0,0,0,0,0,0,0,0,0,0,0,0,12872810496,3625992192,785694,221313,133848586,642,0,96,786432,463934363,811153,6,8488831827,12884901888,6699171,1346234459,0,0,0,0,0,0,0,0,0,0,0,0,0,0,0,0,0,0,46099017,145995562,0,468,1202,7661,620,92198835,35,0,0,0,0,0,0,0,1,0,0,0,0,0,0,0,0,0,0,55645809,0,133844978,2267616,0,0,0,0,0,0,0,0,16384,0,0,0,0,0,0,0,0,0,0,0,7660,443,0,0,0,0,0,140140816,0,166,0,2,443,7660,0,0,0,0,0,0,0,0,0,0,0,0,0,0,0,0,0,0,0,0,0,0,0,0,0,0,0,0,0,0,0,0,0,0,0,0,0,0,0,0,0,0,0,0,0,0,0,0,0,0,0,0,0,0,705672925,0,0,0,966228984,0,0,0,0,0,0,0,189948736,463923612,846724014,390136216064,153880141,0,0,0,0,0,0,0,0,0,0,0,0,0,0,0,0,0,0,0,0,0,0,0,0,0,0,0,0,0,0,0,1606,0,0,0,0,0,0,0
1782980069.061,0,0,0,0,0,0,0,1724953245,7598542096896,2703747699200,0,0,0,0,0,0,0,0,0,0,0,0,0,0,0,0,0,0,0,0,0,0,0,0,0,0,0,0,0,0,0,0,0,0,0,0,0,0,0,0,0,0,0,0,0,0,0,0,0,0,0,0,0,0,0,0,0,0,7,1940400,465797846,136688757,0,0,0,0,0,0,0,0,0,0,0,0,0,0,0,0,0,0,0,0,0,0,0,0,0,0,0,0,0,0,0,0,0,0,0,0,0,12872810496,3429744640,785694,209335,133858586,642,0,96,786432,463934363,811153,6,8488831827,12884901888,6699171,1346234459,0,0,0,0,0,0,0,0,0,0,0,0,0,0,0,0,0,0,46099017,145995562,0,468,1202,7661,620,92198835,35,0,0,0,0,0,0,0,1,0,0,0,0,0,0,0,0,0,0,55645809,0,133856898,2267711,0,0,0,0,0,0,0,0,16384,0,0,0,0,0,0,0,0,0,0,0,7661,443,0,0,0,0,0,140140816,0,166,0,2,443,7661,0,0,0,0,0,0,0,0,0,0,0,0,0,0,0,0,0,0,0,0,0,0,0,0,0,0,0,0,0,0,0,0,0,0,0,0,0,0,0,0,0,0,0,0,0,0,0,0,0,0,0,0,0,0,705672925,0,0,0,966228984,0,0,0,0,0,0,0,189950620,463923612,846736096,390136216064,153880143,0,0,0,0,0,0,0,0,0,0,0,0,0,0,0,0,0,0,0,0,0,0,0,0,0,0,0,0,0,0,0,1606,0,0,0,0,0,0,0
1782980070.607,0,0,0,0,0,0,0,1724953245,7598542096896,2703965475840,0,0,0,0,0,0,0,0,0,0,0,0,0,0,0,0,0,0,0,0,0,0,0,0,0,0,0,0,0,0,0,0,0,0,0,0,0,0,0,0,0,0,0,0,0,0,0,0,0,0,0,0,0,0,0,0,0,0,7,1940400,465797846,136702083,0,0,0,0,0,0,0,0,0,0,0,0,0,0,0,0,0,0,0,0,0,0,0,0,0,0,0,0,0,0,0,0,0,0,0,0,0,12872810496,3211395072,785694,196008,133868586,642,0,96,786432,463934363,811153,6,8488831827,12884901888,6699171,1346234459,0,0,0,0,0,0,0,0,0,0,0,0,0,0,0,0,0,0,46099017,145995562,0,468,1202,7661,620,92198835,35,0,0,0,0,0,0,0,1,0,0,0,0,0,0,0,0,0,0,55645809,0,133870234,2267818,0,0,0,0,0,0,0,0,16384,0,0,0,0,0,0,0,0,0,0,0,7663,443,0,0,0,0,0,140140816,0,166,0,2,443,7663,0,0,0,0,0,0,0,0,0,0,0,0,0,0,0,0,0,0,0,0,0,0,0,0,0,0,0,0,0,0,0,0,0,0,0,0,0,0,0,0,0,0,0,0,0,0,0,0,0,0,0,0,0,0,705672925,0,0,0,966228984,0,0,0,0,0,0,0,189952748,463923612,846749523,390136216064,153880145,0,0,0,0,0,0,0,0,0,0,0,0,0,0,0,0,0,0,0,0,0,0,0,0,0,0,0,0,0,0,0,1606,0,0,0,0,0,0,0
1782980072.205,0,0,0,0,0,0,0,1724953245,7598542096896,2704191248384,0,0,0,0,0,0,0,0,0,0,0,0,0,0,0,0,0,0,0,0,0,0,0,0,0,0,0,0,0,0,0,0,0,0,0,0,0,0,0,0,0,0,0,0,0,0,0,0,0,0,0,0,0,0,0,0,0,0,7,1940400,465797846,136715865,0,0,0,0,0,0,0,0,0,0,0,0,0,0,0,0,0,0,0,0,0,0,0,0,0,0,0,0,0,0,0,0,0,0,0,0,0,12872810496,2985590784,785694,182226,133888586,642,0,96,786432,463934363,811153,6,8488831827,12884901888,6699171,1346234459,0,0,0,0,0,0,0,0,0,0,0,0,0,0,0,0,0,0,46099017,145995562,0,468,1202,7661,620,92198835,35,0,0,0,0,0,0,0,1,0,0,0,0,0,0,0,0,0,0,55645809,0,133884082,2267929,0,0,0,0,0,0,0,0,16384,0,0,0,0,0,0,0,0,0,0,0,7664,443,0,0,0,0,0,140140816,0,166,0,2,443,7664,0,0,0,0,0,0,0,0,0,0,0,0,0,0,0,0,0,0,0,0,0,0,0,0,0,0,0,0,0,0,0,0,0,0,0,0,0,0,0,0,0,0,0,0,0,0,0,0,0,0,0,0,0,0,705672925,0,0,0,966228984,0,0,0,0,0,0,0,189954943,463923612,846763405,390136216064,153880149,0,0,0,0,0,0,0,0,0,0,0,0,0,0,0,0,0,0,0,0,0,0,0,0,0,0,0,0,0,0,0,1606,0,0,0,0,0,0,0
1782980073.449,0,0,0,0,0,0,0,1725288762,7600480193024,2704704572928,0,0,0,0,0,0,0,0,0,0,0,0,0,0,0,0,0,0,0,0,0,0,0,0,0,0,0,0,0,0,0,0,0,0,0,0,0,0,0,0,0,0,0,0,0,0,0,0,0,0,0,0,0,0,0,0,0,0,7,1940453,465916925,136742703,0,0,0,0,0,0,0,0,0,0,0,0,0,0,0,0,0,0,0,0,0,0,0,0,0,0,0,0,0,0,0,0,0,0,0,0,0,12879773696,3326197760,786121,203015,133909818,218,0,96,786432,464053036,811153,6,8490514042,12884901888,6728532,1346453114,0,0,0,0,0,0,0,0,0,0,0,0,0,0,0,0,0,0,46108906,146005448,0,468,1202,7661,620,92218633,35,0,0,0,0,0,0,0,1,0,0,0,0,0,0,0,0,0,0,55657015,0,133905314,2268321,0,0,0,0,0,0,0,0,16384,0,0,0,0,0,0,0,0,0,0,0,7665,443,0,0,0,0,0,140170849,0,166,0,2,443,7665,0,0,0,0,0,0,0,0,0,0,0,0,0,0,0,0,0,0,0,0,0,0,0,0,0,0,0,0,0,0,0,0,0,0,0,0,0,0,0,0,0,0,0,0,0,0,0,0,0,0,0,0,0,0,705787272,0,0,0,966397054,0,0,0,0,0,0,0,189976673,464041964,846910286,390198100992,153891033,1,1,0,0,0,0,0,0,0,0,0,0,0,0,0,0,0,0,0,0,0,0,0,0,0,0,0,0,0,0,0,563,0,0,0,0,0,0,0
1782980074.529,0,0,0,0,0,0,0,1725647255,7602539989504,2705262382080,0,0,0,0,0,0,0,0,0,0,0,0,0,0,0,0,0,0,0,0,0,0,0,0,0,0,0,0,0,0,0,0,0,0,0,0,0,0,0,0,0,0,0,0,0,0,0,0,0,0,0,0,0,0,0,0,0,0,7,1940506,466043482,136770985,0,0,0,0,0,0,0,0,0,0,0,0,0,0,0,0,0,0,0,0,0,0,0,0,0,0,0,0,0,0,0,0,0,0,0,0,0,12879052800,3607576576,786075,220189,133937029,261,0,96,786432,464179166,811153,6,8492308156,12884901888,6731359,1346683479,0,0,0,0,0,0,0,0,0,0,0,0,0,0,0,0,0,0,46119481,146016026,0,468,1202,7661,620,92239791,35,0,0,0,0,0,0,0,1,0,0,0,0,0,0,0,0,0,0,55669012,0,133932781,2268813,0,0,0,0,0,0,0,0,16384,0,0,0,0,0,0,0,0,0,0,0,7667,443,0,0,0,0,0,140202991,0,166,0,2,443,7667,0,0,0,0,0,0,0,0,0,0,0,0,0,0,0,0,0,0,0,0,0,0,0,0,0,0,0,0,0,0,0,0,0,0,0,0,0,0,0,0,0,0,0,0,0,0,0,0,0,0,0,0,0,0,705939106,0,0,0,966575357,0,0,0,0,0,0,0,189996147,464167603,847091428,390277521920,153903245,1,0,0,0,0,0,0,0,0,0,0,0,0,0,0,0,0,0,0,0,0,0,0,0,0,0,0,0,0,0,0,1638,0,0,0,0,0,0,0
1782980075.609,0,0,0,0,0,0,0,1725997710,7604555205120,2705853607936,0,0,0,0,0,0,0,0,0,0,0,0,0,0,0,0,0,0,0,0,0,0,0,0,0,0,0,0,0,0,0,0,0,0,0,0,0,0,0,0,0,0,0,0,0,0,0,0,0,0,0,0,0,0,0,0,0,0,7,1940548,466167397,136801604,0,0,0,0,0,0,0,0,0,0,0,0,0,0,0,0,0,0,0,0,0,0,0,0,0,0,0,0,0,0,0,0,0,0,0,0,0,12882919424,3782361088,786311,230857,133964108,25,0,97,786432,464302648,811153,6,8494064979,12884901888,6735507,1346911207,0,0,0,0,0,0,0,0,0,0,0,0,0,0,0,0,0,0,46129854,146026397,0,468,1202,7661,620,92260525,35,0,0,0,0,0,0,0,1,0,0,0,0,0,0,0,0,0,0,55680767,0,133961652,2269274,0,0,0,0,0,0,0,0,16384,0,0,0,0,0,0,0,0,0,0,0,7668,443,0,0,0,0,0,140234537,0,166,0,2,443,7668,0,0,0,0,0,0,0,0,0,0,0,0,0,0,0,0,0,0,0,0,0,0,0,0,0,0,0,0,0,0,0,0,0,0,0,0,0,0,0,0,0,0,0,0,0,0,0,0,0,0,0,0,0,0,706088971,0,0,0,966751174,0,0,0,0,0,0,0,190015861,464290540,847273584,390355866112,153915141,1,0,0,0,0,0,0,0,0,0,0,0,0,0,0,0,0,0,0,0,0,0,0,0,0,0,0,0,0,0,0,1372,0,0,0,0,0,0,0
1782980076.686,0,0,0,0,0,0,0,1726351507,7606592686592,2706459758592,0,0,0,0,0,0,0,0,0,0,0,0,0,0,0,0,0,0,0,0,0,0,0,0,0,0,0,0,0,0,0,0,0,0,0,0,0,0,0,0,0,0,0,0,0,0,0,0,0,0,0,0,0,0,0,0,0,0,7,1940585,466292788,136833093,0,0,0,0,0,0,0,0,0,0,0,0,0,0,0,0,0,0,0,0,0,0,0,0,0,0,0,0,0,0,0,0,0,0,0,0,0,12881412096,3917381632,786219,239099,133992192,103,0,109,786432,464427568,811153,6,8495838621,12884901888,6738977,1347140542,0,0,0,0,0,0,0,0,0,0,0,0,0,0,0,0,0,0,46140313,146036854,0,468,1202,7661,620,92281462,35,0,0,0,0,0,0,0,1,0,0,0,0,0,0,0,0,0,0,55692634,0,133991656,2269733,0,0,0,0,0,0,0,0,16384,0,0,0,0,0,0,0,0,0,0,0,7669,443,0,0,0,0,0,140266304,0,166,0,2,443,7669,0,0,0,0,0,0,0,0,0,0,0,0,0,0,0,0,0,0,0,0,0,0,0,0,0,0,0,0,0,0,0,0,0,0,0,0,0,0,0,0,0,0,0,0,0,0,0,0,0,0,0,0,0,0,706240337,0,0,0,966928196,0,0,0,0,0,0,0,190035342,464414902,847458134,390434936320,153926905,1,1,0,0,0,0,0,0,0,0,0,0,0,0,0,0,0,0,0,0,0,0,0,0,0,0,0,0,0,0,0,1423,0,0,0,0,0,0,0
1782980077.762,0,0,0,0,0,0,0,1726698901,7608600922624,2707040434688,0,0,0,0,0,0,0,0,0,0,0,0,0,0,0,0,0,0,0,0,0,0,0,0,0,0,0,0,0,0,0,0,0,0,0,0,0,0,0,0,0,0,0,0,0,0,0,0,0,0,0,0,0,0,0,0,0,0,7,1940636,466416250,136863120,0,0,0,0,0,0,0,0,0,0,0,0,0,0,0,0,0,0,0,0,0,0,0,0,0,0,0,0,0,0,0,0,0,0,0,0,0,12883214336,4046290944,786328,246966,134020378,0,0,106,786432,464550568,811153,6,8497582385,12884901888,6742069,1347367456,0,0,0,0,0,0,0,0,0,0,0,0,0,0,0,0,0,0,46150588,146047136,0,468,1202,7661,620,92302013,35,0,0,0,0,0,0,0,1,0,0,0,0,0,0,0,0,0,0,55704287,0,134020610,2270184,0,0,0,0,0,0,0,0,16384,0,0,0,0,0,0,0,0,0,0,0,7670,443,0,0,0,0,0,140297565,0,166,0,2,443,7670,0,0,0,0,0,0,0,0,0,0,0,0,0,0,0,0,0,0,0,0,0,0,0,0,0,0,0,0,0,0,0,0,0,0,0,0,0,0,0,0,0,0,0,0,0,0,0,0,0,0,0,0,0,0,706388732,0,0,0,967102605,0,0,0,0,0,0,0,190054655,464537412,847637913,390512594432,153939079,1,1,0,0,0,0,0,0,0,0,0,0,0,0,0,0,0,0,0,0,0,0,0,0,0,0,0,0,0,0,0,838,0,0,0,0,0,0,0
1782980078.837,0,0,0,0,0,0,0,1727037592,7610545064448,2707619720704,0,0,0,0,0,0,0,0,0,0,0,0,0,0,0,0,0,0,0,0,0,0,0,0,0,0,0,0,0,0,0,0,0,0,0,0,0,0,0,0,0,0,0,0,0,0,0,0,0,0,0,0,0,0,0,0,0,0,7,1940681,466535719,136893116,0,0,0,0,0,0,0,0,0,0,0,0,0,0,0,0,0,0,0,0,0,0,0,0,0,0,0,0,0,0,0,0,0,0,0,0,0,12876267520,4140302336,785907,252704,134053131,431,0,98,786432,464669640,811153,6,8499274402,12884901888,6746967,1347583611,0,0,0,0,0,0,0,0,0,0,0,0,0,0,0,0,0,0,46160586,146057131,0,468,1202,7661,620,92321995,35,0,0,0,0,0,0,0,1,0,0,0,0,0,0,0,0,0,0,55715612,0,134048627,2270609,0,0,0,0,0,0,0,0,16384,0,0,0,0,0,0,0,0,0,0,0,7671,443,0,0,0,0,0,140327907,0,166,0,2,443,7671,0,0,0,0,0,0,0,0,0,0,0,0,0,0,0,0,0,0,0,0,0,0,0,0,0,0,0,0,0,0,0,0,0,0,0,0,0,0,0,0,0,0,0,0,0,0,0,0,0,0,0,0,0,0,706535030,0,0,0,967270444,0,0,0,0,0,0,0,190073067,464656049,847816329,390589117440,153950195,1,0,0,0,0,0,0,0,0,0,0,0,0,0,0,0,0,0,0,0,0,0,0,0,0,0,0,0,0,0,0,2338,0,0,0,0,0,0,0
1782980079.913,0,0,0,0,0,0,0,1727368715,7612452604416,2708174056960,0,0,0,0,0,0,0,0,0,0,0,0,0,0,0,0,0,0,0,0,0,0,0,0,0,0,0,0,0,0,0,0,0,0,0,0,0,0,0,0,0,0,0,0,0,0,0,0,0,0,0,0,0,0,0,0,0,0,7,1940720,466652934,136921619,0,0,0,0,0,0,0,0,0,0,0,0,0,0,0,0,0,0,0,0,0,0,0,0,0,0,0,0,0,0,0,0,0,0,0,0,0,12880543744,4234559488,786166,258457,134078436,169,0,96,786432,464786482,811153,6,8500935676,12884901888,6757222,1347800021,0,0,0,0,0,0,0,0,0,0,0,0,0,0,0,0,0,0,46170364,146066911,0,468,1202,7661,620,92341562,35,0,0,0,0,0,0,0,1,0,0,0,0,0,0,0,0,0,0,55726695,0,134073932,2270998,0,0,0,0,0,0,0,0,16384,0,0,0,0,0,0,0,0,0,0,0,7672,443,0,0,0,0,0,140357644,0,166,0,2,443,7672,0,0,0,0,0,0,0,0,0,0,0,0,0,0,0,0,0,0,0,0,0,0,0,0,0,0,0,0,0,0,0,0,0,0,0,0,0,0,0,0,0,0,0,0,0,0,0,0,0,0,0,0,0,0,706679828,0,0,0,967436902,0,0,0,0,0,0,0,190092509,464772479,847992782,390664651264,153961669,1,1,0,0,0,0,0,0,0,0,0,0,0,0,0,0,0,0,0,0,0,0,0,0,0,0,0,0,0,0,0,1534,0,0,0,0,0,0,0
1782980080.990,0,0,0,0,0,0,0,1727713472,7614438885888,2708746351104,0,0,0,0,0,0,0,0,0,0,0,0,0,0,0,0,0,0,0,0,0,0,0,0,0,0,0,0,0,0,0,0,0,0,0,0,0,0,0,0,0,0,0,0,0,0,0,0,0,0,0,0,0,0,0,0,0,0,7,1940770,466775008,136951111,0,0,0,0,0,0,0,0,0,0,0,0,0,0,0,0,0,0,0,0,0,0,0,0,0,0,0,0,0,0,0,0,0,0,0,0,0,12879560704,4329259008,786107,264237,134106335,229,0,98,786432,464908157,811153,6,8502666912,12884901888,6761484,1348026217,0,0,0,0,0,0,0,0,0,0,0,0,0,0,0,0,0,0,46180534,146077082,0,468,1202,7661,620,92361898,35,0,0,0,0,0,0,0,1,0,0,0,0,0,0,0,0,0,0,55738215,0,134101831,2271427,0,0,0,0,0,0,0,0,16384,0,0,0,0,0,0,0,0,0,0,0,7673,444,0,0,0,0,0,140388556,0,166,0,2,444,7673,0,0,0,0,0,0,0,0,0,0,0,0,0,0,0,0,0,0,0,0,0,0,0,0,0,0,0,0,0,0,0,0,0,0,0,0,0,0,0,0,0,0,0,0,0,0,0,0,0,0,0,0,0,0,706829068,0,0,0,967610489,0,0,0,0,0,0,0,190110790,464893585,848173367,390742550528,153972833,1,0,0,0,0,0,0,0,0,0,0,0,0,0,0,0,0,0,0,0,0,0,0,0,0,0,0,0,0,0,0,371,0,0,0,0,0,0,0
1782980082.072,0,0,0,0,0,0,0,1728061184,7616446614016,2709325910528,0,0,0,0,0,0,0,0,0,0,0,0,0,0,0,0,0,0,0,0,0,0,0,0,0,0,0,0,0,0,0,0,0,0,0,0,0,0,0,0,0,0,0,0,0,0,0,0,0,0,0,0,0,0,0,0,0,0,7,1940813,466898517,136980979,0,0,0,0,0,0,0,0,0,0,0,0,0,0,0,0,0,0,0,0,0,0,0,0,0,0,0,0,0,0,0,0,0,0,0,0,0,12880543744,4420042752,786168,269778,134134212,168,0,99,786432,465031232,811153,6,8504410786,12884901888,6767209,1348251744,0,0,0,0,0,0,0,0,0,0,0,0,0,0,0,0,0,0,46190840,146087385,0,468,1202,7661,620,92382507,35,0,0,0,0,0,0,0,1,0,0,0,0,0,0,0,0,0,0,55749899,0,134129773,2271865,0,0,0,0,0,0,0,0,16384,0,0,0,0,0,0,0,0,0,0,0,7674,444,0,0,0,0,0,140419878,0,166,0,2,444,7674,0,0,0,0,0,0,0,0,0,0,0,0,0,0,0,0,0,0,0,0,0,0,0,0,0,0,0,0,0,0,0,0,0,0,0,0,0,0,0,0,0,0,0,0,0,0,0,0,0,0,0,0,0,0,706979509,0,0,0,967784809,0,0,0,0,0,0,0,190130434,465016176,848355734,390820944384,153984667,1,0,0,0,0,0,0,0,0,0,0,0,0,0,0,0,0,0,0,0,0,0,0,0,0,0,0,0,0,0,0,274,0,0,0,0,0,0,0
1782980083.153,0,0,0,0,0,0,0,1728411579,7618464172544,2709931078656,0,0,0,0,0,0,0,0,0,0,0,0,0,0,0,0,0,0,0,0,0,0,0,0,0,0,0,0,0,0,0,0,0,0,0,0,0,0,0,0,0,0,0,0,0,0,0,0,0,0,0,0,0,0,0,0,0,0,7,1940858,467022575,137012508,0,0,0,0,0,0,0,0,0,0,0,0,0,0,0,0,0,0,0,0,0,0,0,0,0,0,0,0,0,0,0,0,0,0,0,0,0,12877578240,4482809856,785985,273609,134164140,353,0,96,786432,465154788,811153,6,8506167821,12884901888,6771289,1348478492,0,0,0,0,0,0,0,0,0,0,0,0,0,0,0,0,0,0,46201203,146097750,0,468,1202,7661,620,92403239,35,0,0,0,0,0,0,0,1,0,0,0,0,0,0,0,0,0,0,55761653,0,134159636,2272301,0,0,0,0,0,0,0,0,16384,0,0,0,0,0,0,0,0,0,0,0,7676,444,0,0,0,0,0,140451387,0,166,0,2,444,7676,0,0,0,0,0,0,0,0,0,0,0,0,0,0,0,0,0,0,0,0,0,0,0,0,0,0,0,0,0,0,0,0,0,0,0,0,0,0,0,0,0,0,0,0,0,0,0,0,0,0,0,0,0,0,707126348,0,0,0,967960228,0,0,0,0,0,0,0,190150423,465139256,848535834,390897881088,153996819,1,0,0,0,0,0,0,0,0,0,0,0,0,0,0,0,0,0,0,0,0,0,0,0,0,0,0,0,0,0,0,256,0,0,0,0,0,0,0
1782980084.246,0,0,0,0,0,0,0,1728753415,7620428155392,2710520986112,0,0,0,0,0,0,0,0,0,0,0,0,0,0,0,0,0,0,0,0,0,0,0,0,0,0,0,0,0,0,0,0,0,0,0,0,0,0,0,0,0,0,0,0,0,0,0,0,0,0,0,0,0,0,0,0,0,0,7,1940902,467143350,137043303,0,0,0,0,0,0,0,0,0,0,0,0,0,0,0,0,0,0,0,0,0,0,0,0,0,0,0,0,0,0,0,0,0,0,0,0,0,12877742080,4542382080,785995,277245,134192799,339,0,96,786432,465275128,811153,6,8507878915,12884901888,6775980,1348698433,0,0,0,0,0,0,0,0,0,0,0,0,0,0,0,0,0,0,46211317,146107863,0,468,1202,7661,620,92423455,35,0,0,0,0,0,0,0,1,0,0,0,0,0,0,0,0,0,0,55773096,0,134188295,2272719,0,0,0,0,0,0,0,0,16384,0,0,0,0,0,0,0,0,0,0,0,7677,444,0,0,0,0,0,140482166,0,166,0,2,444,7677,0,0,0,0,0,0,0,0,0,0,0,0,0,0,0,0,0,0,0,0,0,0,0,0,0,0,0,0,0,0,0,0,0,0,0,0,0,0,0,0,0,0,0,0,0,0,0,0,0,0,0,0,0,0,707268615,0,0,0,968130749,0,0,0,0,0,0,0,190170610,465259029,848711091,390972176896,154008997,1,0,0,0,0,0,0,0,0,0,0,0,0,0,0,0,0,0,0,0,0,0,0,0,0,0,0,0,0,0,0,765,0,0,0,0,0,0,0
1782980085.329,0,0,0,0,0,0,0,1729091919,7622378015232,2711108460032,0,0,0,0,0,0,0,0,0,0,0,0,0,0,0,0,0,0,0,0,0,0,0,0,0,0,0,0,0,0,0,0,0,0,0,0,0,0,0,0,0,0,0,0,0,0,0,0,0,0,0,0,0,0,0,0,0,0,7,1940948,467263239,137073910,0,0,0,0,0,0,0,0,0,0,0,0,0,0,0,0,0,0,0,0,0,0,0,0,0,0,0,0,0,0,0,0,0,0,0,0,0,12875808768,4598939648,785878,280697,134221188,453,0,99,786432,465394608,811153,6,8509577669,12884901888,6781952,1348919223,0,0,0,0,0,0,0,0,0,0,0,0,0,0,0,0,0,0,46221313,146117862,0,468,1202,7661,620,92443446,35,0,0,0,0,0,0,0,1,0,0,0,0,0,0,0,0,0,0,55784444,0,134216684,2273132,0,0,0,0,0,0,0,0,16384,0,0,0,0,0,0,0,0,0,0,0,7678,444,0,0,0,0,0,140512582,0,166,0,2,444,7678,0,0,0,0,0,0,0,0,0,0,0,0,0,0,0,0,0,0,0,0,0,0,0,0,0,0,0,0,0,0,0,0,0,0,0,0,0,0,0,0,0,0,0,0,0,0,0,0,0,0,0,0,0,0,707411502,0,0,0,968300430,0,0,0,0,0,0,0,190191694,465378020,848886856,391046964224,154022082,1,0,0,0,0,0,0,0,0,0,0,0,0,0,0,0,0,0,0,0,0,0,0,0,0,0,0,0,0,0,0,357,0,0,0,0,0,0,0
1782980086.419,0,0,0,0,0,0,0,1729419171,7624257161728,2711681221632,0,0,0,0,0,0,0,0,0,0,0,0,0,0,0,0,0,0,0,0,0,0,0,0,0,0,0,0,0,0,0,0,0,0,0,0,0,0,0,0,0,0,0,0,0,0,0,0,0,0,0,0,0,0,0,0,0,0,7,1940981,467378804,137103816,0,0,0,0,0,0,0,0,0,0,0,0,0,0,0,0,0,0,0,0,0,0,0,0,0,0,0,0,0,0,0,0,0,0,0,0,0,12879642624,4646830080,786111,283620,134247974,226,0,98,786432,465509716,811153,6,8511214999,12884901888,6791355,1349130234,0,0,0,0,0,0,0,0,0,0,0,0,0,0,0,0,0,0,46230987,146127533,0,468,1202,7661,620,92462800,35,0,0,0,0,0,0,0,1,0,0,0,0,0,0,0,0,0,0,55795373,0,134243470,2273530,0,0,0,0,0,0,0,0,16384,0,0,0,0,0,0,0,0,0,0,0,7679,444,0,0,0,0,0,140541951,0,166,0,2,444,7679,0,0,0,0,0,0,0,0,0,0,0,0,0,0,0,0,0,0,0,0,0,0,0,0,0,0,0,0,0,0,0,0,0,0,0,0,0,0,0,0,0,0,0,0,0,0,0,0,0,0,0,0,0,0,707548434,0,0,0,968464152,0,0,0,0,0,0,0,190213956,465492666,849056818,391118506496,154035365,1,1,0,0,0,0,0,0,0,0,0,0,0,0,0,0,0,0,0,0,0,0,0,0,0,0,0,0,0,0,0,495,0,0,0,0,0,0,0
1782980087.508,0,0,0,0,0,0,0,1729755044,7626193537536,2712285292544,0,0,0,0,0,0,0,0,0,0,0,0,0,0,0,0,0,0,0,0,0,0,0,0,0,0,0,0,0,0,0,0,0,0,0,0,0,0,0,0,0,0,0,0,0,0,0,0,0,0,0,0,0,0,0,0,0,0,7,1941025,467497873,137135517,0,0,0,0,0,0,0,0,0,0,0,0,0,0,0,0,0,0,0,0,0,0,0,0,0,0,0,0,0,0,0,0,0,0,0,0,0,12880150528,4680810496,786142,285694,134277936,186,0,104,786432,465628345,811153,6,8512896991,12884901888,6794734,1349345889,0,0,0,0,0,0,0,0,0,0,0,0,0,0,0,0,0,0,46240914,146137459,0,468,1202,7661,620,92482660,35,0,0,0,0,0,0,0,1,0,0,0,0,0,0,0,0,0,0,55806629,0,134273432,2273948,0,0,0,0,0,0,0,0,16384,0,0,0,0,0,0,0,0,0,0,0,7680,444,0,0,0,0,0,140572175,0,166,0,2,444,7680,0,0,0,0,0,0,0,0,0,0,0,0,0,0,0,0,0,0,0,0,0,0,0,0,0,0,0,0,0,0,0,0,0,0,0,0,0,0,0,0,0,0,0,0,0,0,0,0,0,0,0,0,0,0,707689506,0,0,0,968631319,0,0,0,0,0,0,0,190231995,465610794,849231451,391192412160,154045881,1,1,0,0,0,0,0,0,0,0,0,0,0,0,0,0,0,0,0,0,0,0,0,0,0,0,0,0,0,0,0,1514,0,0,0,0,0,0,0
1782980088.601,0,0,0,0,0,0,0,1730077912,7628043127296,2712887010816,0,0,0,0,0,0,0,0,0,0,0,0,0,0,0,0,0,0,0,0,0,0,0,0,0,0,0,0,0,0,0,0,0,0,0,0,0,0,0,0,0,0,0,0,0,0,0,0,0,0,0,0,0,0,0,0,0,0,7,1941066,467611557,137166973,0,0,0,0,0,0,0,0,0,0,0,0,0,0,0,0,0,0,0,0,0,0,0,0,0,0,0,0,0,0,0,0,0,0,0,0,0,12883148800,4694720512,786325,286543,134305163,9,0,97,786432,465741571,811153,6,8514514703,12884901888,6800366,1349555850,0,0,0,0,0,0,0,0,0,0,0,0,0,0,0,0,0,0,46250434,146146983,0,468,1202,7661,620,92501705,35,0,0,0,0,0,0,0,1,0,0,0,0,0,0,0,0,0,0,55817411,0,134302195,2274350,0,0,0,0,0,0,0,0,16384,0,0,0,0,0,0,0,0,0,0,0,7681,444,0,0,0,0,0,140601091,0,166,0,2,444,7681,0,0,0,0,0,0,0,0,0,0,0,0,0,0,0,0,0,0,0,0,0,0,0,0,0,0,0,0,0,0,0,0,0,0,0,0,0,0,0,0,0,0,0,0,0,0,0,0,0,0,0,0,0,0,707829330,0,0,0,968792739,0,0,0,0,0,0,0,190250242,465723666,849405197,391265634816,154056522,1,0,0,0,0,0,0,0,0,0,0,0,0,0,0,0,0,0,0,0,0,0,0,0,0,0,0,0,0,0,0,1404,0,0,0,0,0,0,0
1782980089.680,0,0,0,0,0,0,0,1730389937,7629851576832,2713479173632,0,0,0,0,0,0,0,0,0,0,0,0,0,0,0,0,0,0,0,0,0,0,0,0,0,0,0,0,0,0,0,0,0,0,0,0,0,0,0,0,0,0,0,0,0,0,0,0,0,0,0,0,0,0,0,0,0,0,7,1941099,467722755,137198188,0,0,0,0,0,0,0,0,0,0,0,0,0,0,0,0,0,0,0,0,0,0,0,0,0,0,0,0,0,0,0,0,0,0,0,0,0,12878643200,4705910784,786049,287226,134332760,286,0,97,786432,465852396,811153,6,8516080533,12884901888,6806564,1349757896,0,0,0,0,0,0,0,0,0,0,0,0,0,0,0,0,0,0,46259747,146156288,0,468,1202,7661,620,92520332,35,0,0,0,0,0,0,0,1,0,0,0,0,0,0,0,0,0,0,55827955,0,134330926,2274731,0,0,0,0,0,0,0,0,16384,0,0,0,0,0,0,0,0,0,0,0,7682,444,0,0,0,0,0,140629394,0,166,0,2,444,7682,0,0,0,0,0,0,0,0,0,0,0,0,0,0,0,0,0,0,0,0,0,0,0,0,0,0,0,0,0,0,0,0,0,0,0,0,0,0,0,0,0,0,0,0,0,0,0,0,0,0,0,0,0,0,707964540,0,0,0,968949420,0,0,0,0,0,0,0,190268152,465834094,849574441,391336100352,154066926,1,0,0,0,0,0,0,0,0,0,0,0,0,0,0,0,0,0,0,0,0,0,0,0,0,0,0,0,0,0,0,985,0,0,0,0,0,0,0
1782980090.760,0,0,0,0,0,0,0,1730704834,7631642282496,2714093539840,0,0,0,0,0,0,0,0,0,0,0,0,0,0,0,0,0,0,0,0,0,0,0,0,0,0,0,0,0,0,0,0,0,0,0,0,0,0,0,0,0,0,0,0,0,0,0,0,0,0,0,0,0,0,0,0,0,0,7,1941128,467832902,137230893,0,0,0,0,0,0,0,0,0,0,0,0,0,0,0,0,0,0,0,0,0,0,0,0,0,0,0,0,0,0,0,0,0,0,0,0,0,12883181568,4700487680,786327,286895,134360267,2,0,101,786432,465962139,811153,6,8517655382,12884901888,6814012,1349959219,0,0,0,0,0,0,0,0,0,0,0,0,0,0,0,0,0,0,46268982,146165526,0,468,1202,7661,620,92538792,35,0,0,0,0,0,0,0,1,0,0,0,0,0,0,0,0,0,0,55838421,0,134360233,2275111,0,0,0,0,0,0,0,0,16384,0,0,0,0,0,0,0,0,0,0,0,7683,444,0,0,0,0,0,140657473,0,166,0,2,444,7683,0,0,0,0,0,0,0,0,0,0,0,0,0,0,0,0,0,0,0,0,0,0,0,0,0,0,0,0,0,0,0,0,0,0,0,0,0,0,0,0,0,0,0,0,0,0,0,0,0,0,0,0,0,0,708099528,0,0,0,969105690,0,0,0,0,0,0,0,190286414,465943364,849745141,391406626816,154077313,1,1,0,0,0,0,0,0,0,0,0,0,0,0,0,0,0,0,0,0,0,0,0,0,0,0,0,0,0,0,0,2118,0,0,0,0,0,0,0
1782980091.839,0,0,0,0,0,0,0,1731022161,7633458776576,2714699070976,0,0,0,0,0,0,0,0,0,0,0,0,0,0,0,0,0,0,0,0,0,0,0,0,0,0,0,0,0,0,0,0,0,0,0,0,0,0,0,0,0,0,0,0,0,0,0,0,0,0,0,0,0,0,0,0,0,0,7,1941170,467944647,137262837,0,0,0,0,0,0,0,0,0,0,0,0,0,0,0,0,0,0,0,0,0,0,0,0,0,0,0,0,0,0,0,0,0,0,0,0,0,12876136448,4719001600,785897,288025,134393722,436,0,96,786432,466073500,811153,6,8519249077,12884901888,6822171,1350169660,0,0,0,0,0,0,0,0,0,0,0,0,0,0,0,0,0,0,46278338,146174886,0,468,1202,7661,620,92557504,35,0,0,0,0,0,0,0,1,0,0,0,0,0,0,0,0,0,0,55849018,0,134389218,2275493,0,0,0,0,0,0,0,0,16384,0,0,0,0,0,0,0,0,0,0,0,7684,444,0,0,0,0,0,140685913,0,166,0,2,444,7684,0,0,0,0,0,0,0,0,0,0,0,0,0,0,0,0,0,0,0,0,0,0,0,0,0,0,0,0,0,0,0,0,0,0,0,0,0,0,0,0,0,0,0,0,0,0,0,0,0,0,0,0,0,0,708236195,0,0,0,969266430,0,0,0,0,0,0,0,190306542,466054241,849917048,391478111232,154089065,1,0,0,0,0,0,0,0,0,0,0,0,0,0,0,0,0,0,0,0,0,0,0,0,0,0,0,0,0,0,0,285,0,0,0,0,0,0,0
1782980092.927,0,0,0,0,0,0,0,1731359382,7635392776704,2715305408000,0,0,0,0,0,0,0,0,0,0,0,0,0,0,0,0,0,0,0,0,0,0,0,0,0,0,0,0,0,0,0,0,0,0,0,0,0,0,0,0,0,0,0,0,0,0,0,0,0,0,0,0,0,0,0,0,0,0,7,1941214,468063576,137294627,0,0,0,0,0,0,0,0,0,0,0,0,0,0,0,0,0,0,0,0,0,0,0,0,0,0,0,0,0,0,0,0,0,0,0,0,0,12880084992,4776640512,786138,291543,134423301,199,0,98,786432,466191973,811153,6,8520937204,12884901888,6827008,1350387667,0,0,0,0,0,0,0,0,0,0,0,0,0,0,0,0,0,0,46288295,146184844,0,468,1202,7661,620,92577438,35,0,0,0,0,0,0,0,1,0,0,0,0,0,0,0,0,0,0,55860300,0,134418797,2275911,0,0,0,0,0,0,0,0,16384,0,0,0,0,0,0,0,0,0,0,0,7685,444,0,0,0,0,0,140716178,0,166,0,2,444,7685,0,0,0,0,0,0,0,0,0,0,0,0,0,0,0,0,0,0,0,0,0,0,0,0,0,0,0,0,0,0,0,0,0,0,0,0,0,0,0,0,0,0,0,0,0,0,0,0,0,0,0,0,0,0,708378215,0,0,0,969434722,0,0,0,0,0,0,0,190326662,466172212,850093075,391552592896,154100820,0,0,0,0,0,0,0,0,0,0,0,0,0,0,0,0,0,0,0,0,0,0,0,0,0,0,0,0,0,0,0,715,0,0,0,0,0,0,0
1782980094.018,0,0,0,0,0,0,0,1731679100,7637230275072,2715886561792,0,0,0,0,0,0,0,0,0,0,0,0,0,0,0,0,0,0,0,0,0,0,0,0,0,0,0,0,0,0,0,0,0,0,0,0,0,0,0,0,0,0,0,0,0,0,0,0,0,0,0,0,0,0,0,0,0,0,7,1941246,468176599,137325106,0,0,0,0,0,0,0,0,0,0,0,0,0,0,0,0,0,0,0,0,0,0,0,0,0,0,0,0,0,0,0,0,0,0,0,0,0,12880805888,4827348992,786182,294638,134450733,134,0,115,786432,466304576,811153,6,8522539087,12884901888,6834509,1350594760,0,0,0,0,0,0,0,0,0,0,0,0,0,0,0,0,0,0,46297751,146194300,0,468,1202,7661,620,92596334,35,0,0,0,0,0,0,0,1,0,0,0,0,0,0,0,0,0,0,55871014,0,134446229,2276285,0,0,0,0,0,0,0,0,16384,0,0,0,0,0,0,0,0,0,0,0,7686,444,0,0,0,0,0,140744944,0,166,0,2,444,7686,0,0,0,0,0,0,0,0,0,0,0,0,0,0,0,0,0,0,0,0,0,0,0,0,0,0,0,0,0,0,0,0,0,0,0,0,0,0,0,0,0,0,0,0,0,0,0,0,0,0,0,0,0,0,708514123,0,0,0,969594683,0,0,0,0,0,0,0,190347315,466284313,850262551,391623556096,154113042,1,0,0,0,0,0,0,0,0,0,0,0,0,0,0,0,0,0,0,0,0,0,0,0,0,0,0,0,0,0,0,761,0,0,0,0,0,0,0
1782980095.104,0,0,0,0,0,0,0,1732017266,7639173057024,2716497495040,0,0,0,0,0,0,0,0,0,0,0,0,0,0,0,0,0,0,0,0,0,0,0,0,0,0,0,0,0,0,0,0,0,0,0,0,0,0,0,0,0,0,0,0,0,0,0,0,0,0,0,0,0,0,0,0,0,0,7,1941283,468296061,137357139,0,0,0,0,0,0,0,0,0,0,0,0,0,0,0,0,0,0,0,0,0,0,0,0,0,0,0,0,0,0,0,0,0,0,0,0,0,12878954496,4879286272,786069,297807,134480396,265,0,97,786432,466423554,811153,6,8524231950,12884901888,6839355,1350811822,0,0,0,0,0,0,0,0,0,0,0,0,0,0,0,0,0,0,46307744,146204292,0,468,1202,7661,620,92616315,35,0,0,0,0,0,0,0,1,0,0,0,0,0,0,0,0,0,0,55882336,0,134475892,2276690,0,0,0,0,0,0,0,0,16384,0,0,0,0,0,0,0,0,0,0,0,7687,444,0,0,0,0,0,140775294,0,166,0,2,444,7687,0,0,0,0,0,0,0,0,0,0,0,0,0,0,0,0,0,0,0,0,0,0,0,0,0,0,0,0,0,0,0,0,0,0,0,0,0,0,0,0,0,0,0,0,0,0,0,0,0,0,0,0,0,0,708656550,0,0,0,969763393,0,0,0,0,0,0,0,190367560,466402822,850439376,391698108416,154125001,1,0,0,0,0,0,0,0,0,0,0,0,0,0,0,0,0,0,0,0,0,0,0,0,0,0,0,0,0,0,0,1290,0,0,0,0,0,0,0
1782980096.193,0,0,0,0,0,0,0,1732348559,7641073912320,2717091268096,0,0,0,0,0,0,0,0,0,0,0,0,0,0,0,0,0,0,0,0,0,0,0,0,0,0,0,0,0,0,0,0,0,0,0,0,0,0,0,0,0,0,0,0,0,0,0,0,0,0,0,0,0,0,0,0,0,0,7,1941324,468412997,137388233,0,0,0,0,0,0,0,0,0,0,0,0,0,0,0,0,0,0,0,0,0,0,0,0,0,0,0,0,0,0,0,0,0,0,0,0,0,12881575936,4928765952,786228,300828,134509039,98,0,107,786432,466540046,811153,6,8525893593,12884901888,6845635,1351026878,0,0,0,0,0,0,0,0,0,0,0,0,0,0,0,0,0,0,46317538,146214086,0,468,1202,7661,620,92635905,35,0,0,0,0,0,0,0,1,0,0,0,0,0,0,0,0,0,0,55893437,0,134504535,2277092,0,0,0,0,0,0,0,0,16384,0,0,0,0,0,0,0,0,0,0,0,7689,444,0,0,0,0,0,140805026,0,166,0,2,444,7689,0,0,0,0,0,0,0,0,0,0,0,0,0,0,0,0,0,0,0,0,0,0,0,0,0,0,0,0,0,0,0,0,0,0,0,0,0,0,0,0,0,0,0,0,0,0,0,0,0,0,0,0,0,0,708797140,0,0,0,969929625,0,0,0,0,0,0,0,190388540,466518807,850613537,391771409920,154137621,1,0,0,0,0,0,0,0,0,0,0,0,0,0,0,0,0,0,0,0,0,0,0,0,0,0,0,0,0,0,0,861,0,0,0,0,0,0,0
1782980097.283,0,0,0,0,0,0,0,1732665225,7642902612480,2717665809408,0,0,0,0,0,0,0,0,0,0,0,0,0,0,0,0,0,0,0,0,0,0,0,0,0,0,0,0,0,0,0,0,0,0,0,0,0,0,0,0,0,0,0,0,0,0,0,0,0,0,0,0,0,0,0,0,0,0,7,1941375,468525370,137418241,0,0,0,0,0,0,0,0,0,0,0,0,0,0,0,0,0,0,0,0,0,0,0,0,0,0,0,0,0,0,0,0,0,0,0,0,0,12880773120,4971102208,786181,303412,134535858,156,0,97,786432,466651982,811153,6,8527479470,12884901888,6853316,1351230968,0,0,0,0,0,0,0,0,0,0,0,0,0,0,0,0,0,0,46326898,146223448,0,468,1202,7661,620,92654624,35,0,0,0,0,0,0,0,1,0,0,0,0,0,0,0,0,0,0,55904048,0,134531354,2277465,0,0,0,0,0,0,0,0,16384,0,0,0,0,0,0,0,0,0,0,0,7690,444,0,0,0,0,0,140833474,0,166,0,2,444,7690,0,0,0,0,0,0,0,0,0,0,0,0,0,0,0,0,0,0,0,0,0,0,0,0,0,0,0,0,0,0,0,0,0,0,0,0,0,0,0,0,0,0,0,0,0,0,0,0,0,0,0,0,0,0,708933090,0,0,0,970087552,0,0,0,0,0,0,0,190408189,466630349,850782683,391842520064,154149175,1,0,0,0,0,0,0,0,0,0,0,0,0,0,0,0,0,0,0,0,0,0,0,0,0,0,0,0,0,0,0,1431,0,0,0,0,0,0,0
1782980098.372,0,0,0,0,0,0,0,1732991348,7644778924544,2718253300736,0,0,0,0,0,0,0,0,0,0,0,0,0,0,0,0,0,0,0,0,0,0,0,0,0,0,0,0,0,0,0,0,0,0,0,0,0,0,0,0,0,0,0,0,0,0,0,0,0,0,0,0,0,0,0,0,0,0,7,1941413,468640708,137449086,0,0,0,0,0,0,0,0,0,0,0,0,0,0,0,0,0,0,0,0,0,0,0,0,0,0,0,0,0,0,0,0,0,0,0,0,0,12877889536,5010997248,786003,305847,134564107,332,0,98,786432,466766844,811153,6,8529112535,12884901888,6858321,1351441552,0,0,0,0,0,0,0,0,0,0,0,0,0,0,0,0,0,0,46336527,146233076,0,468,1202,7661,620,92673881,35,0,0,0,0,0,0,0,1,0,0,0,0,0,0,0,0,0,0,55914966,0,134559603,2277855,0,0,0,0,0,0,0,0,16384,0,0,0,0,0,0,0,0,0,0,0,7691,444,0,0,0,0,0,140862723,0,166,0,2,444,7691,0,0,0,0,0,0,0,0,0,0,0,0,0,0,0,0,0,0,0,0,0,0,0,0,0,0,0,0,0,0,0,0,0,0,0,0,0,0,0,0,0,0,0,0,0,0,0,0,0,0,0,0,0,0,709071349,0,0,0,970250145,0,0,0,0,0,0,0,190426798,466744827,850954496,391914777600,154159882,1,0,0,0,0,0,0,0,0,0,0,0,0,0,0,0,0,0,0,0,0,0,0,0,0,0,0,0,0,0,0,1823,0,0,0,0,0,0,0
1782980099.458,0,0,0,0,0,0,0,1733302011,7646565009920,2718815180800,0,0,0,0,0,0,0,0,0,0,0,0,0,0,0,0,0,0,0,0,0,0,0,0,0,0,0,0,0,0,0,0,0,0,0,0,0,0,0,0,0,0,0,0,0,0,0,0,0,0,0,0,0,0,0,0,0,0,7,1941454,468750572,137478437,0,0,0,0,0,0,0,0,0,0,0,0,0,0,0,0,0,0,0,0,0,0,0,0,0,0,0,0,0,0,0,0,0,0,0,0,0,12879364096,5046714368,786094,308027,134589660,215,0,123,786432,466876311,811153,6,8530671150,12884901888,6868068,1351644388,0,0,0,0,0,0,0,0,0,0,0,0,0,0,0,0,0,0,46345720,146242270,0,468,1202,7661,620,92692273,35,0,0,0,0,0,0,0,1,0,0,0,0,0,0,0,0,0,0,55925370,0,134585156,2278201,0,0,0,0,0,0,0,0,16384,0,0,0,0,0,0,0,0,0,0,0,7692,444,0,0,0,0,0,140890695,0,166,0,2,444,7692,0,0,0,0,0,0,0,0,0,0,0,0,0,0,0,0,0,0,0,0,0,0,0,0,0,0,0,0,0,0,0,0,0,0,0,0,0,0,0,0,0,0,0,0,0,0,0,0,0,0,0,0,0,0,709207214,0,0,0,970406221,0,0,0,0,0,0,0,190446512,466853832,851123547,391985722880,154171164,0,1,0,0,0,0,0,0,0,0,0,0,0,0,0,0,0,0,0,0,0,0,0,0,0,0,0,0,0,0,0,1288,0,0,0,0,0,0,0
1782980100.545,0,0,0,0,0,0,0,1733626076,7648422676992,2719417023488,0,0,0,0,0,0,0,0,0,0,0,0,0,0,0,0,0,0,0,0,0,0,0,0,0,0,0,0,0,0,0,0,0,0,0,0,0,0,0,0,0,0,0,0,0,0,0,0,0,0,0,0,0,0,0,0,0,0,7,1941498,468864741,137510010,0,0,0,0,0,0,0,0,0,0,0,0,0,0,0,0,0,0,0,0,0,0,0,0,0,0,0,0,0,0,0,0,0,0,0,0,0,12879822848,5060919296,786121,308894,134617275,211,0,98,786432,466990046,811153,6,8532295164,12884901888,6874491,1351855388,0,0,0,0,0,0,0,0,0,0,0,0,0,0,0,0,0,0,46355294,146251844,0,468,1202,7661,620,92711405,35,0,0,0,0,0,0,0,1,0,0,0,0,0,0,0,0,0,0,55936224,0,134613667,2278576,0,0,0,0,0,0,0,0,16384,0,0,0,0,0,0,0,0,0,0,0,7693,444,0,0,0,0,0,140919786,0,166,0,2,444,7693,0,0,0,0,0,0,0,0,0,0,0,0,0,0,0,0,0,0,0,0,0,0,0,0,0,0,0,0,0,0,0,0,0,0,0,0,0,0,0,0,0,0,0,0,0,0,0,0,0,0,0,0,0,0,709345875,0,0,0,970568547,0,0,0,0,0,0,0,190466199,466967192,851296765,392058225152,154182633,1,0,0,0,0,0,0,0,0,0,0,0,0,0,0,0,0,0,0,0,0,0,0,0,0,0,0,0,0,0,0,1054,0,0,0,0,0,0,0
1782980101.634,0,0,0,0,0,0,0,1733953580,7650310916608,2720041584128,0,0,0,0,0,0,0,0,0,0,0,0,0,0,0,0,0,0,0,0,0,0,0,0,0,0,0,0,0,0,0,0,0,0,0,0,0,0,0,0,0,0,0,0,0,0,0,0,0,0,0,0,0,0,0,0,0,0,7,1941543,468980922,137542927,0,0,0,0,0,0,0,0,0,0,0,0,0,0,0,0,0,0,0,0,0,0,0,0,0,0,0,0,0,0,0,0,0,0,0,0,0,12882313216,5058609152,786274,308753,134645499,54,0,104,786432,467105773,811153,6,8533938120,12884901888,6879999,1352068111,0,0,0,0,0,0,0,0,0,0,0,0,0,0,0,0,0,0,46364977,146261527,0,468,1202,7661,620,92730791,35,0,0,0,0,0,0,0,1,0,0,0,0,0,0,0,0,0,0,55947196,0,134643555,2278975,0,0,0,0,0,0,0,0,16384,0,0,0,0,0,0,0,0,0,0,0,7694,444,0,0,0,0,0,140949200,0,166,0,2,444,7694,0,0,0,0,0,0,0,0,0,0,0,0,0,0,0,0,0,0,0,0,0,0,0,0,0,0,0,0,0,0,0,0,0,0,0,0,0,0,0,0,0,0,0,0,0,0,0,0,0,0,0,0,0,0,709484915,0,0,0,970732523,0,0,0,0,0,0,0,190486150,467082388,851471704,392130943488,154194065,1,0,0,0,0,0,0,0,0,0,0,0,0,0,0,0,0,0,0,0,0,0,0,0,0,0,0,0,0,0,0,1084,0,0,0,0,0,0,0
1782980102.717,0,0,0,0,0,0,0,1734261168,7652080798208,2720623691776,0,0,0,0,0,0,0,0,0,0,0,0,0,0,0,0,0,0,0,0,0,0,0,0,0,0,0,0,0,0,0,0,0,0,0,0,0,0,0,0,0,0,0,0,0,0,0,0,0,0,0,0,0,0,0,0,0,0,7,1941580,469089715,137573872,0,0,0,0,0,0,0,0,0,0,0,0,0,0,0,0,0,0,0,0,0,0,0,0,0,0,0,0,0,0,0,0,0,0,0,0,0,12880297984,5051990016,786151,308349,134675168,183,0,96,786432,467214178,811153,6,8535475121,12884901888,6890171,1352265116,0,0,0,0,0,0,0,0,0,0,0,0,0,0,0,0,0,0,46374056,146270604,0,468,1202,7661,620,92748941,35,0,0,0,0,0,0,0,1,0,0,0,0,0,0,0,0,0,0,55957465,0,134670664,2279338,0,0,0,0,0,0,0,0,16384,0,0,0,0,0,0,0,0,0,0,0,7695,444,0,0,0,0,0,140976774,0,166,0,2,444,7695,0,0,0,0,0,0,0,0,0,0,0,0,0,0,0,0,0,0,0,0,0,0,0,0,0,0,0,0,0,0,0,0,0,0,0,0,0,0,0,0,0,0,0,0,0,0,0,0,0,0,0,0,0,0,709614825,0,0,0,970885556,0,0,0,0,0,0,0,190508423,467190308,851636393,392198868992,154207304,1,0,0,0,0,0,0,0,0,0,0,0,0,0,0,0,0,0,0,0,0,0,0,0,0,0,0,0,0,0,0,1910,0,0,0,0,0,0,0
1782980103.803,0,0,0,0,0,0,0,1734590637,7653974444544,2721211700736,0,0,0,0,0,0,0,0,0,0,0,0,0,0,0,0,0,0,0,0,0,0,0,0,0,0,0,0,0,0,0,0,0,0,0,0,0,0,0,0,0,0,0,0,0,0,0,0,0,0,0,0,0,0,0,0,0,0,7,1941615,469206181,137604630,0,0,0,0,0,0,0,0,0,0,0,0,0,0,0,0,0,0,0,0,0,0,0,0,0,0,0,0,0,0,0,0,0,0,0,0,0,12879429632,5083463680,786097,310270,134703497,232,0,97,786432,467330157,811153,6,8537126226,12884901888,6896354,1352479153,0,0,0,0,0,0,0,0,0,0,0,0,0,0,0,0,0,0,46383798,146280349,0,468,1202,7661,620,92768418,35,0,0,0,0,0,0,0,1,0,0,0,0,0,0,0,0,0,0,55968507,0,134699066,2279732,0,0,0,0,0,0,0,0,16384,0,0,0,0,0,0,0,0,0,0,0,7696,444,0,0,0,0,0,141006411,0,166,0,2,444,7696,0,0,0,0,0,0,0,0,0,0,0,0,0,0,0,0,0,0,0,0,0,0,0,0,0,0,0,0,0,0,0,0,0,0,0,0,0,0,0,0,0,0,0,0,0,0,0,0,0,0,0,0,0,0,709755784,0,0,0,971050636,0,0,0,0,0,0,0,190528873,467305848,851810612,392272345088,154219339,1,1,0,0,0,0,0,0,0,0,0,0,0,0,0,0,0,0,0,0,0,0,0,0,0,0,0,0,0,0,0,1730,0,0,0,0,0,0,0
1782980104.893,0,0,0,0,0,0,0,1734901983,7655764281856,2721778284032,0,0,0,0,0,0,0,0,0,0,0,0,0,0,0,0,0,0,0,0,0,0,0,0,0,0,0,0,0,0,0,0,0,0,0,0,0,0,0,0,0,0,0,0,0,0,0,0,0,0,0,0,0,0,0,0,0,0,7,1941674,469316290,137634287,0,0,0,0,0,0,0,0,0,0,0,0,0,0,0,0,0,0,0,0,0,0,0,0,0,0,0,0,0,0,0,0,0,0,0,0,0,12879298560,5100240896,786089,311294,134729707,244,0,97,786432,467439822,811153,6,8538689764,12884901888,6906949,1352684535,0,0,0,0,0,0,0,0,0,0,0,0,0,0,0,0,0,0,46392997,146289543,0,468,1202,7661,620,92786837,35,0,0,0,0,0,0,0,1,0,0,0,0,0,0,0,0,0,0,55978896,0,134725203,2280097,0,0,0,0,0,0,0,0,16384,0,0,0,0,0,0,0,0,0,0,0,7697,444,0,0,0,0,0,141034361,0,166,0,2,444,7697,0,0,0,0,0,0,0,0,0,0,0,0,0,0,0,0,0,0,0,0,0,0,0,0,0,0,0,0,0,0,0,0,0,0,0,0,0,0,0,0,0,0,0,0,0,0,0,0,0,0,0,0,0,0,709889387,0,0,0,971207720,0,0,0,0,0,0,0,190551481,467415076,851977359,392342374912,154233098,1,0,0,0,0,0,0,0,0,0,0,0,0,0,0,0,0,0,0,0,0,0,0,0,0,0,0,0,0,0,0,298,0,0,0,0,0,0,0
1782980105.981,0,0,0,0,0,0,0,1735238619,7657700231680,2722380429824,0,0,0,0,0,0,0,0,0,0,0,0,0,0,0,0,0,0,0,0,0,0,0,0,0,0,0,0,0,0,0,0,0,0,0,0,0,0,0,0,0,0,0,0,0,0,0,0,0,0,0,0,0,0,0,0,0,0,7,1941712,469435299,137665833,0,0,0,0,0,0,0,0,0,0,0,0,0,0,0,0,0,0,0,0,0,0,0,0,0,0,0,0,0,0,0,0,0,0,0,0,0,12880592896,5124489216,786172,312773,134759125,168,0,97,786432,467558362,811153,6,8540375693,12884901888,6911317,1352901769,0,0,0,0,0,0,0,0,0,0,0,0,0,0,0,0,0,0,46402960,146299510,0,468,1202,7661,620,92806738,35,0,0,0,0,0,0,0,1,0,0,0,0,0,0,0,0,0,0,55990181,0,134754621,2280501,0,0,0,0,0,0,0,0,16384,0,0,0,0,0,0,0,0,0,0,0,7698,444,0,0,0,0,0,141064636,0,166,0,2,444,7698,0,0,0,0,0,0,0,0,0,0,0,0,0,0,0,0,0,0,0,0,0,0,0,0,0,0,0,0,0,0,0,0,0,0,0,0,0,0,0,0,0,0,0,0,0,0,0,0,0,0,0,0,0,0,710031973,0,0,0,971376094,0,0,0,0,0,0,0,190571021,467533211,852153639,392416781824,154244414,1,1,0,0,0,0,0,0,0,0,0,0,0,0,0,0,0,0,0,0,0,0,0,0,0,0,0,0,0,0,0,532,0,0,0,0,0,0,0
1782980107.069,0,0,0,0,0,0,0,1735558191,7659535419904,2722959296000,0,0,0,0,0,0,0,0,0,0,0,0,0,0,0,0,0,0,0,0,0,0,0,0,0,0,0,0,0,0,0,0,0,0,0,0,0,0,0,0,0,0,0,0,0,0,0,0,0,0,0,0,0,0,0,0,0,0,7,1941751,469548161,137696139,0,0,0,0,0,0,0,0,0,0,0,0,0,0,0,0,0,0,0,0,0,0,0,0,0,0,0,0,0,0,0,0,0,0,0,0,0,12879151104,5142069248,786081,313847,134786048,254,0,97,786432,467670872,811153,6,8541975730,12884901888,6920116,1353107744,0,0,0,0,0,0,0,0,0,0,0,0,0,0,0,0,0,0,46412402,146308949,0,468,1202,7661,620,92825637,35,0,0,0,0,0,0,0,1,0,0,0,0,0,0,0,0,0,0,56000872,0,134781667,2280864,0,0,0,0,0,0,0,0,16384,0,0,0,0,0,0,0,0,0,0,0,7699,444,0,0,0,0,0,141093296,0,166,0,2,444,7699,0,0,0,0,0,0,0,0,0,0,0,0,0,0,0,0,0,0,0,0,0,0,0,0,0,0,0,0,0,0,0,0,0,0,0,0,0,0,0,0,0,0,0,0,0,0,0,0,0,0,0,0,0,0,710169876,0,0,0,971535826,0,0,0,0,0,0,0,190591000,467645236,852325189,392488637952,154256179,1,1,0,0,0,0,0,0,0,0,0,0,0,0,0,0,0,0,0,0,0,0,0,0,0,0,0,0,0,0,0,708,0,0,0,0,0,0,0
1782980108.158,0,0,0,0,0,0,0,1735888405,7661430917632,2723554675712,0,0,0,0,0,0,0,0,0,0,0,0,0,0,0,0,0,0,0,0,0,0,0,0,0,0,0,0,0,0,0,0,0,0,0,0,0,0,0,0,0,0,0,0,0,0,0,0,0,0,0,0,0,0,0,0,0,0,7,1941804,469664702,137727282,0,0,0,0,0,0,0,0,0,0,0,0,0,0,0,0,0,0,0,0,0,0,0,0,0,0,0,0,0,0,0,0,0,0,0,0,0,12879872000,5163696128,786125,315168,134815175,211,0,96,786432,467786970,811153,6,8543627527,12884901888,6924091,1353319205,0,0,0,0,0,0,0,0,0,0,0,0,0,0,0,0,0,0,46422151,146318703,0,468,1202,7661,620,92845134,35,0,0,0,0,0,0,0,1,0,0,0,0,0,0,0,0,0,0,56011933,0,134810671,2281255,0,0,0,0,0,0,0,0,16384,0,0,0,0,0,0,0,0,0,0,0,7701,444,0,0,0,0,0,141122957,0,166,0,2,444,7701,0,0,0,0,0,0,0,0,0,0,0,0,0,0,0,0,0,0,0,0,0,0,0,0,0,0,0,0,0,0,0,0,0,0,0,0,0,0,0,0,0,0,0,0,0,0,0,0,0,0,0,0,0,0,710309784,0,0,0,971699846,0,0,0,0,0,0,0,190609228,467760839,852498431,392561955328,154266864,1,1,0,0,0,0,0,0,0,0,0,0,0,0,0,0,0,0,0,0,0,0,0,0,0,0,0,0,0,0,0,1898,0,0,0,0,0,0,0
1782980109.248,0,0,0,0,0,0,0,1736203104,7663238564352,2724121790976,0,0,0,0,0,0,0,0,0,0,0,0,0,0,0,0,0,0,0,0,0,0,0,0,0,0,0,0,0,0,0,0,0,0,0,0,0,0,0,0,0,0,0,0,0,0,0,0,0,0,0,0,0,0,0,0,0,0,7,1941848,469775876,137756871,0,0,0,0,0,0,0,0,0,0,0,0,0,0,0,0,0,0,0,0,0,0,0,0,0,0,0,0,0,0,0,0,0,0,0,0,0,12881297408,5183078400,786212,316350,134841030,113,0,107,786432,467897754,811153,6,8545209229,12884901888,6934416,1353527404,0,0,0,0,0,0,0,0,0,0,0,0,0,0,0,0,0,0,46431453,146328004,0,468,1202,7661,620,92863748,35,0,0,0,0,0,0,0,1,0,0,0,0,0,0,0,0,0,0,56022469,0,134836526,2281608,0,0,0,0,0,0,0,0,16384,0,0,0,0,0,0,0,0,0,0,0,7702,444,0,0,0,0,0,141151243,0,166,0,2,444,7702,0,0,0,0,0,0,0,0,0,0,0,0,0,0,0,0,0,0,0,0,0,0,0,0,0,0,0,0,0,0,0,0,0,0,0,0,0,0,0,0,0,0,0,0,0,0,0,0,0,0,0,0,0,0,710447971,0,0,0,971859023,0,0,0,0,0,0,0,190629062,467871051,852669943,392634188288,154278353,1,1,0,0,0,0,0,0,0,0,0,0,0,0,0,0,0,0,0,0,0,0,0,0,0,0,0,0,0,0,0,274,0,0,0,0,0,0,0
1782980110.338,0,0,0,0,0,0,0,1736522992,7665080371712,2724703352320,0,0,0,0,0,0,0,0,0,0,0,0,0,0,0,0,0,0,0,0,0,0,0,0,0,0,0,0,0,0,0,0,0,0,0,0,0,0,0,0,0,0,0,0,0,0,0,0,0,0,0,0,0,0,0,0,0,0,7,1941886,469889046,137787311,0,0,0,0,0,0,0,0,0,0,0,0,0,0,0,0,0,0,0,0,0,0,0,0,0,0,0,0,0,0,0,0,0,0,0,0,0,12876759040,5193285632,785935,316973,134867929,399,0,97,786432,468010500,811153,6,8546811323,12884901888,6943380,1353733693,0,0,0,0,0,0,0,0,0,0,0,0,0,0,0,0,0,0,46440920,146337471,0,468,1202,7661,620,92882667,35,0,0,0,0,0,0,0,1,0,0,0,0,0,0,0,0,0,0,56033187,0,134863425,2281969,0,0,0,0,0,0,0,0,16384,0,0,0,0,0,0,0,0,0,0,0,7703,444,0,0,0,0,0,141180010,0,166,0,2,444,7703,0,0,0,0,0,0,0,0,0,0,0,0,0,0,0,0,0,0,0,0,0,0,0,0,0,0,0,0,0,0,0,0,0,0,0,0,0,0,0,0,0,0,0,0,0,0,0,0,0,0,0,0,0,0,710584991,0,0,0,972018928,0,0,0,0,0,0,0,190650544,467983374,852840944,392705787392,154291235,1,1,0,0,0,0,0,0,0,0,0,0,0,0,0,0,0,0,0,0,0,0,0,0,0,0,0,0,0,0,0,539,0,0,0,0,0,0,0
1782980111.430,0,0,0,0,0,0,0,1736848424,7666949196288,2725291459584,0,0,0,0,0,0,0,0,0,0,0,0,0,0,0,0,0,0,0,0,0,0,0,0,0,0,0,0,0,0,0,0,0,0,0,0,0,0,0,0,0,0,0,0,0,0,0,0,0,0,0,0,0,0,0,0,0,0,7,1941935,470003997,137818204,0,0,0,0,0,0,0,0,0,0,0,0,0,0,0,0,0,0,0,0,0,0,0,0,0,0,0,0,0,0,0,0,0,0,0,0,0,12880986112,5207949312,786192,317868,134895442,142,0,96,786432,468125023,811153,6,8548438354,12884901888,6951864,1353940939,0,0,0,0,0,0,0,0,0,0,0,0,0,0,0,0,0,0,46450534,146347084,0,468,1202,7661,620,92901898,35,0,0,0,0,0,0,0,1,0,0,0,0,0,0,0,0,0,0,56044079,0,134891004,2282341,0,0,0,0,0,0,0,0,16384,0,0,0,0,0,0,0,0,0,0,0,7704,444,0,0,0,0,0,141209228,0,166,0,2,444,7704,0,0,0,0,0,0,0,0,0,0,0,0,0,0,0,0,0,0,0,0,0,0,0,0,0,0,0,0,0,0,0,0,0,0,0,0,0,0,0,0,0,0,0,0,0,0,0,0,0,0,0,0,0,0,710721848,0,0,0,972180546,0,0,0,0,0,0,0,190672287,468097346,853011948,392777405952,154303998,1,0,0,0,0,0,0,0,0,0,0,0,0,0,0,0,0,0,0,0,0,0,0,0,0,0,0,0,0,0,0,1868,0,0,0,0,0,0,0
1782980112.515,0,0,0,0,0,0,0,1737180851,7668851575296,2725890530304,0,0,0,0,0,0,0,0,0,0,0,0,0,0,0,0,0,0,0,0,0,0,0,0,0,0,0,0,0,0,0,0,0,0,0,0,0,0,0,0,0,0,0,0,0,0,0,0,0,0,0,0,0,0,0,0,0,0,7,1941985,470120928,137849576,0,0,0,0,0,0,0,0,0,0,0,0,0,0,0,0,0,0,0,0,0,0,0,0,0,0,0,0,0,0,0,0,0,0,0,0,0,12879380480,5222907904,786095,318781,134924389,226,0,111,786432,468241503,811153,6,8550106655,12884901888,6957868,1354158585,0,0,0,0,0,0,0,0,0,0,0,0,0,0,0,0,0,0,46460365,146356915,0,468,1202,7661,620,92921562,35,0,0,0,0,0,0,0,1,0,0,0,0,0,0,0,0,0,0,56055217,0,134919885,2282740,0,0,0,0,0,0,0,0,16384,0,0,0,0,0,0,0,0,0,0,0,7705,444,0,0,0,0,0,141239082,0,166,0,2,444,7705,0,0,0,0,0,0,0,0,0,0,0,0,0,0,0,0,0,0,0,0,0,0,0,0,0,0,0,0,0,0,0,0,0,0,0,0,0,0,0,0,0,0,0,0,0,0,0,0,0,0,0,0,0,0,710862324,0,0,0,972347783,0,0,0,0,0,0,0,190692969,468213424,853186344,392851066880,154316191,1,0,0,0,0,0,0,0,0,0,0,0,0,0,0,0,0,0,0,0,0,0,0,0,0,0,0,0,0,0,0,978,0,0,0,0,0,0,0
1782980113.600,0,0,0,0,0,0,0,1737499185,7670676785664,2726491724288,0,0,0,0,0,0,0,0,0,0,0,0,0,0,0,0,0,0,0,0,0,0,0,0,0,0,0,0,0,0,0,0,0,0,0,0,0,0,0,0,0,0,0,0,0,0,0,0,0,0,0,0,0,0,0,0,0,0,7,1942033,470233194,137881286,0,0,0,0,0,0,0,0,0,0,0,0,0,0,0,0,0,0,0,0,0,0,0,0,0,0,0,0,0,0,0,0,0,0,0,0,0,12879020032,5208653824,786074,317911,134951368,265,0,96,786432,468353326,811153,6,8551703691,12884901888,6966400,1354366192,0,0,0,0,0,0,0,0,0,0,0,0,0,0,0,0,0,0,46469788,146366335,0,468,1202,7661,620,92940413,35,0,0,0,0,0,0,0,1,0,0,0,0,0,0,0,0,0,0,56065899,0,134948400,2283116,0,0,0,0,0,0,0,0,16384,0,0,0,0,0,0,0,0,0,0,0,7706,444,0,0,0,0,0,141267733,0,166,0,2,444,7706,0,0,0,0,0,0,0,0,0,0,0,0,0,0,0,0,0,0,0,0,0,0,0,0,0,0,0,0,0,0,0,0,0,0,0,0,0,0,0,0,0,0,0,0,0,0,0,0,0,0,0,0,0,0,710999053,0,0,0,972507663,0,0,0,0,0,0,0,190712852,468324833,853357949,392922877440,154327889,1,0,0,0,0,0,0,0,0,0,0,0,0,0,0,0,0,0,0,0,0,0,0,0,0,0,0,0,0,0,0,665,0,0,0,0,0,0,0
1782980114.679,0,0,0,0,0,0,0,1737823190,7672543005184,2727116777472,0,0,0,0,0,0,0,0,0,0,0,0,0,0,0,0,0,0,0,0,0,0,0,0,0,0,0,0,0,0,0,0,0,0,0,0,0,0,0,0,0,0,0,0,0,0,0,0,0,0,0,0,0,0,0,0,0,0,7,1942068,470347977,137914421,0,0,0,0,0,0,0,0,0,0,0,0,0,0,0,0,0,0,0,0,0,0,0,0,0,0,0,0,0,0,0,0,0,0,0,0,0,12883050496,5183078400,786319,316350,134978493,0,0,114,786432,468467657,811153,6,8553325378,12884901888,6975723,1354573882,0,0,0,0,0,0,0,0,0,0,0,0,0,0,0,0,0,0,46479357,146375906,0,468,1202,7661,620,92959536,35,0,0,0,0,0,0,0,1,0,0,0,0,0,0,0,0,0,0,56076748,0,134977573,2283495,0,0,0,0,0,0,0,0,16384,0,0,0,0,0,0,0,0,0,0,0,7707,444,0,0,0,0,0,141296794,0,166,0,2,444,7707,0,0,0,0,0,0,0,0,0,0,0,0,0,0,0,0,0,0,0,0,0,0,0,0,0,0,0,0,0,0,0,0,0,0,0,0,0,0,0,0,0,0,0,0,0,0,0,0,0,0,0,0,0,0,711135874,0,0,0,972668840,0,0,0,0,0,0,0,190733904,468438622,853531649,392994456576,154339965,1,0,0,0,0,0,0,0,0,0,0,0,0,0,0,0,0,0,0,0,0,0,0,0,0,0,0,0,0,0,0,1479,0,0,0,0,0,0,0
1782980115.763,0,0,0,0,0,0,0,1738148509,7674413566464,2727713870336,0,0,0,0,0,0,0,0,0,0,0,0,0,0,0,0,0,0,0,0,0,0,0,0,0,0,0,0,0,0,0,0,0,0,0,0,0,0,0,0,0,0,0,0,0,0,0,0,0,0,0,0,0,0,0,0,0,0,7,1942121,470462930,137945791,0,0,0,0,0,0,0,0,0,0,0,0,0,0,0,0,0,0,0,0,0,0,0,0,0,0,0,0,0,0,0,0,0,0,0,0,0,12878626816,5185896448,786049,316522,135011029,285,0,96,786432,468582152,811153,6,8554954367,12884901888,6981808,1354783865,0,0,0,0,0,0,0,0,0,0,0,0,0,0,0,0,0,0,46488961,146385510,0,468,1202,7661,620,92978751,35,0,0,0,0,0,0,0,1,0,0,0,0,0,0,0,0,0,0,56087637,0,135006525,2283880,0,0,0,0,0,0,0,0,16384,0,0,0,0,0,0,0,0,0,0,0,7708,444,0,0,0,0,0,141325969,0,166,0,2,444,7708,0,0,0,0,0,0,0,0,0,0,0,0,0,0,0,0,0,0,0,0,0,0,0,0,0,0,0,0,0,0,0,0,0,0,0,0,0,0,0,0,0,0,0,0,0,0,0,0,0,0,0,0,0,0,711274285,0,0,0,972831373,0,0,0,0,0,0,0,190752797,468552726,853704047,393067081216,154350828,1,0,0,0,0,0,0,0,0,0,0,0,0,0,0,0,0,0,0,0,0,0,0,0,0,0,0,0,0,0,0,1730,0,0,0,0,0,0,0
1782980116.847,0,0,0,0,0,0,0,1738465579,7676237941248,2728294287360,0,0,0,0,0,0,0,0,0,0,0,0,0,0,0,0,0,0,0,0,0,0,0,0,0,0,0,0,0,0,0,0,0,0,0,0,0,0,0,0,0,0,0,0,0,0,0,0,0,0,0,0,0,0,0,0,0,0,7,1942157,470575104,137976145,0,0,0,0,0,0,0,0,0,0,0,0,0,0,0,0,0,0,0,0,0,0,0,0,0,0,0,0,0,0,0,0,0,0,0,0,0,12880723968,5191204864,786177,316846,135038027,155,0,98,786432,468693901,811153,6,8556543331,12884901888,6989454,1354989845,0,0,0,0,0,0,0,0,0,0,0,0,0,0,0,0,0,0,46498336,146394884,0,468,1202,7661,620,92997502,35,0,0,0,0,0,0,0,1,0,0,0,0,0,0,0,0,0,0,56098271,0,135033651,2284244,0,0,0,0,0,0,0,0,16384,0,0,0,0,0,0,0,0,0,0,0,7709,444,0,0,0,0,0,141354445,0,166,0,2,444,7709,0,0,0,0,0,0,0,0,0,0,0,0,0,0,0,0,0,0,0,0,0,0,0,0,0,0,0,0,0,0,0,0,0,0,0,0,0,0,0,0,0,0,0,0,0,0,0,0,0,0,0,0,0,0,711412997,0,0,0,972990340,0,0,0,0,0,0,0,190770078,468664073,853876359,393139591680,154360462,1,0,0,0,0,0,0,0,0,0,0,0,0,0,0,0,0,0,0,0,0,0,0,0,0,0,0,0,0,0,0,1517,0,0,0,0,0,0,0
1782980117.929,0,0,0,0,0,0,0,1738769568,7677986015744,2728859527168,0,0,0,0,0,0,0,0,0,0,0,0,0,0,0,0,0,0,0,0,0,0,0,0,0,0,0,0,0,0,0,0,0,0,0,0,0,0,0,0,0,0,0,0,0,0,0,0,0,0,0,0,0,0,0,0,0,0,7,1942202,470682528,138005692,0,0,0,0,0,0,0,0,0,0,0,0,0,0,0,0,0,0,0,0,0,0,0,0,0,0,0,0,0,0,0,0,0,0,0,0,0,12875841536,5198774272,785879,317309,135064299,457,0,96,786432,468800922,811153,6,8558064530,12884901888,6997194,1355185405,0,0,0,0,0,0,0,0,0,0,0,0,0,0,0,0,0,0,46507304,146403855,0,468,1202,7661,620,93015442,35,0,0,0,0,0,0,0,1,0,0,0,0,0,0,0,0,0,0,56108437,0,135059795,2284591,0,0,0,0,0,0,0,0,16384,0,0,0,0,0,0,0,0,0,0,0,7710,444,0,0,0,0,0,141381737,0,166,0,2,444,7710,0,0,0,0,0,0,0,0,0,0,0,0,0,0,0,0,0,0,0,0,0,0,0,0,0,0,0,0,0,0,0,0,0,0,0,0,0,0,0,0,0,0,0,0,0,0,0,0,0,0,0,0,0,0,711546010,0,0,0,973141752,0,0,0,0,0,0,0,190786612,468770731,854042404,393209040384,154369383,1,0,0,0,0,0,0,0,0,0,0,0,0,0,0,0,0,0,0,0,0,0,0,0,0,0,0,0,0,0,0,2060,0,0,0,0,0,0,0
1782980119.016,0,0,0,0,0,0,0,1739079871,7679771445760,2729433945600,0,0,0,0,0,0,0,0,0,0,0,0,0,0,0,0,0,0,0,0,0,0,0,0,0,0,0,0,0,0,0,0,0,0,0,0,0,0,0,0,0,0,0,0,0,0,0,0,0,0,0,0,0,0,0,0,0,0,7,1942252,470792242,138035781,0,0,0,0,0,0,0,0,0,0,0,0,0,0,0,0,0,0,0,0,0,0,0,0,0,0,0,0,0,0,0,0,0,0,0,0,0,12880068608,5212241920,786137,318130,135091436,197,0,98,786432,468910205,811153,6,8559623260,12884901888,7003375,1355389500,0,0,0,0,0,0,0,0,0,0,0,0,0,0,0,0,0,0,46516473,146413023,0,468,1202,7661,620,93033801,35,0,0,0,0,0,0,0,1,0,0,0,0,0,0,0,0,0,0,56118834,0,135086932,2284939,0,0,0,0,0,0,0,0,16384,0,0,0,0,0,0,0,0,0,0,0,7711,444,0,0,0,0,0,141409606,0,166,0,2,444,7711,0,0,0,0,0,0,0,0,0,0,0,0,0,0,0,0,0,0,0,0,0,0,0,0,0,0,0,0,0,0,0,0,0,0,0,0,0,0,0,0,0,0,0,0,0,0,0,0,0,0,0,0,0,0,711683243,0,0,0,973298362,0,0,0,0,0,0,0,190802874,468879654,854212625,393280755712,154378566,1,0,0,0,0,0,0,0,0,0,0,0,0,0,0,0,0,0,0,0,0,0,0,0,0,0,0,0,0,0,0,665,0,0,0,0,0,0,0
1782980120.101,0,0,0,0,0,0,0,1739385138,7681532234240,2730004356096,0,0,0,0,0,0,0,0,0,0,0,0,0,0,0,0,0,0,0,0,0,0,0,0,0,0,0,0,0,0,0,0,0,0,0,0,0,0,0,0,0,0,0,0,0,0,0,0,0,0,0,0,0,0,0,0,0,0,7,1942294,470900464,138065781,0,0,0,0,0,0,0,0,0,0,0,0,0,0,0,0,0,0,0,0,0,0,0,0,0,0,0,0,0,0,0,0,0,0,0,0,0,12881002496,5214355456,786195,318259,135117278,137,0,97,786432,469018037,811153,6,8561150850,12884901888,7015304,1355585349,0,0,0,0,0,0,0,0,0,0,0,0,0,0,0,0,0,0,46525489,146422041,0,468,1202,7661,620,93051817,35,0,0,0,0,0,0,0,1,0,0,0,0,0,0,0,0,0,0,56129049,0,135112774,2285273,0,0,0,0,0,0,0,0,16384,0,0,0,0,0,0,0,0,0,0,0,7712,444,0,0,0,0,0,141437042,0,166,0,2,444,7712,0,0,0,0,0,0,0,0,0,0,0,0,0,0,0,0,0,0,0,0,0,0,0,0,0,0,0,0,0,0,0,0,0,0,0,0,0,0,0,0,0,0,0,0,0,0,0,0,0,0,0,0,0,0,711814640,0,0,0,973450182,0,0,0,0,0,0,0,190822623,468987083,854378242,393349494784,154389886,1,0,0,0,0,0,0,0,0,0,0,0,0,0,0,0,0,0,0,0,0,0,0,0,0,0,0,0,0,0,0,1454,0,0,0,0,0,0,0
1782980121.180,0,0,0,0,0,0,0,1739703112,7683359541760,2730596928000,0,0,0,0,0,0,0,0,0,0,0,0,0,0,0,0,0,0,0,0,0,0,0,0,0,0,0,0,0,0,0,0,0,0,0,0,0,0,0,0,0,0,0,0,0,0,0,0,0,0,0,0,0,0,0,0,0,0,7,1942337,471012858,138096882,0,0,0,0,0,0,0,0,0,0,0,0,0,0,0,0,0,0,0,0,0,0,0,0,0,0,0,0,0,0,0,0,0,0,0,0,0,12877004800,5218222080,785951,318495,135145259,385,0,97,786432,469130032,811153,6,8562743865,12884901888,7022180,1355791145,0,0,0,0,0,0,0,0,0,0,0,0,0,0,0,0,0,0,46534884,146431437,0,468,1202,7661,620,93070601,35,0,0,0,0,0,0,0,1,0,0,0,0,0,0,0,0,0,0,56139702,0,135140755,2285637,0,0,0,0,0,0,0,0,16384,0,0,0,0,0,0,0,0,0,0,0,7714,444,0,0,0,0,0,141465613,0,166,0,2,444,7714,0,0,0,0,0,0,0,0,0,0,0,0,0,0,0,0,0,0,0,0,0,0,0,0,0,0,0,0,0,0,0,0,0,0,0,0,0,0,0,0,0,0,0,0,0,0,0,0,0,0,0,0,0,0,711953259,0,0,0,973609432,0,0,0,0,0,0,0,190840991,469098573,854551140,393421966336,154400509,1,0,0,0,0,0,0,0,0,0,0,0,0,0,0,0,0,0,0,0,0,0,0,0,0,0,0,0,0,0,0,1462,0,0,0,0,0,0,0
1782980122.268,0,0,0,0,0,0,0,1740014525,7685146413568,2731175808000,0,0,0,0,0,0,0,0,0,0,0,0,0,0,0,0,0,0,0,0,0,0,0,0,0,0,0,0,0,0,0,0,0,0,0,0,0,0,0,0,0,0,0,0,0,0,0,0,0,0,0,0,0,0,0,0,0,0,7,1942372,471122741,138127313,0,0,0,0,0,0,0,0,0,0,0,0,0,0,0,0,0,0,0,0,0,0,0,0,0,0,0,0,0,0,0,0,0,0,0,0,0,12879183872,5223268352,786083,318803,135172210,253,0,96,786432,469239531,811153,6,8564305697,12884901888,7031504,1355994826,0,0,0,0,0,0,0,0,0,0,0,0,0,0,0,0,0,0,46544093,146440647,0,468,1202,7661,620,93089018,35,0,0,0,0,0,0,0,1,0,0,0,0,0,0,0,0,0,0,56150140,0,135167706,2285985,0,0,0,0,0,0,0,0,16384,0,0,0,0,0,0,0,0,0,0,0,7715,444,0,0,0,0,0,141493610,0,166,0,2,444,7715,0,0,0,0,0,0,0,0,0,0,0,0,0,0,0,0,0,0,0,0,0,0,0,0,0,0,0,0,0,0,0,0,0,0,0,0,0,0,0,0,0,0,0,0,0,0,0,0,0,0,0,0,0,0,712087317,0,0,0,973766186,0,0,0,0,0,0,0,190860054,469207693,854719082,393492023296,154411720,1,0,0,0,0,0,0,0,0,0,0,0,0,0,0,0,0,0,0,0,0,0,0,0,0,0,0,0,0,0,0,500,0,0,0,0,0,0,0
1782980123.353,0,0,0,0,0,0,0,1740315354,7686873614848,2731741205504,0,0,0,0,0,0,0,0,0,0,0,0,0,0,0,0,0,0,0,0,0,0,0,0,0,0,0,0,0,0,0,0,0,0,0,0,0,0,0,0,0,0,0,0,0,0,0,0,0,0,0,0,0,0,0,0,0,0,7,1942429,471228956,138156999,0,0,0,0,0,0,0,0,0,0,0,0,0,0,0,0,0,0,0,0,0,0,0,0,0,0,0,0,0,0,0,0,0,0,0,0,0,12879609856,5231640576,786111,319314,135197633,226,0,98,786432,469345386,811153,6,8565812110,12884901888,7043304,1356190171,0,0,0,0,0,0,0,0,0,0,0,0,0,0,0,0,0,0,46552964,146449515,0,468,1202,7661,620,93106761,35,0,0,0,0,0,0,0,1,0,0,0,0,0,0,0,0,0,0,56160192,0,135193129,2286327,0,0,0,0,0,0,0,0,16384,0,0,0,0,0,0,0,0,0,0,0,7716,444,0,0,0,0,0,141520564,0,166,0,2,444,7716,0,0,0,0,0,0,0,0,0,0,0,0,0,0,0,0,0,0,0,0,0,0,0,0,0,0,0,0,0,0,0,0,0,0,0,0,0,0,0,0,0,0,0,0,0,0,0,0,0,0,0,0,0,0,712217987,0,0,0,973916675,0,0,0,0,0,0,0,190880923,469313101,854883793,393560339968,154423877,1,1,0,0,0,0,0,0,0,0,0,0,0,0,0,0,0,0,0,0,0,0,0,0,0,0,0,0,0,0,0,362,0,0,0,0,0,0,0
1782980124.440,0,0,0,0,0,0,0,1740618510,7688616151552,2732310724096,0,0,0,0,0,0,0,0,0,0,0,0,0,0,0,0,0,0,0,0,0,0,0,0,0,0,0,0,0,0,0,0,0,0,0,0,0,0,0,0,0,0,0,0,0,0,0,0,0,0,0,0,0,0,0,0,0,0,7,1942473,471336107,138186951,0,0,0,0,0,0,0,0,0,0,0,0,0,0,0,0,0,0,0,0,0,0,0,0,0,0,0,0,0,0,0,0,0,0,0,0,0,12879511552,5237620736,786102,319679,135223317,229,0,97,786432,469452168,811153,6,8567325890,12884901888,7055573,1356383295,0,0,0,0,0,0,0,0,0,0,0,0,0,0,0,0,0,0,46561913,146458466,0,468,1202,7661,620,93124670,35,0,0,0,0,0,0,0,1,0,0,0,0,0,0,0,0,0,0,56170327,0,135218813,2286657,0,0,0,0,0,0,0,0,16384,0,0,0,0,0,0,0,0,0,0,0,7717,444,0,0,0,0,0,141547771,0,166,0,2,444,7717,0,0,0,0,0,0,0,0,0,0,0,0,0,0,0,0,0,0,0,0,0,0,0,0,0,0,0,0,0,0,0,0,0,0,0,0,0,0,0,0,0,0,0,0,0,0,0,0,0,0,0,0,0,0,712348992,0,0,0,974066784,0,0,0,0,0,0,0,190900211,469419439,855048927,393628806144,154435024,1,1,0,0,0,0,0,0,0,0,0,0,0,0,0,0,0,0,0,0,0,0,0,0,0,0,0,0,0,0,0,1869,0,0,0,0,0,0,0
1782980125.527,0,0,0,0,0,0,0,1740915453,7690320955904,2732874310656,0,0,0,0,0,0,0,0,0,0,0,0,0,0,0,0,0,0,0,0,0,0,0,0,0,0,0,0,0,0,0,0,0,0,0,0,0,0,0,0,0,0,0,0,0,0,0,0,0,0,0,0,0,0,0,0,0,0,7,1942517,471440963,138216534,0,0,0,0,0,0,0,0,0,0,0,0,0,0,0,0,0,0,0,0,0,0,0,0,0,0,0,0,0,0,0,0,0,0,0,0,0,12882149376,5236654080,786264,319620,135249558,71,0,97,786432,469556656,811153,6,8568813146,12884901888,7063863,1356575714,0,0,0,0,0,0,0,0,0,0,0,0,0,0,0,0,0,0,46570679,146467229,0,468,1202,7661,620,93142209,35,0,0,0,0,0,0,0,1,0,0,0,0,0,0,0,0,0,0,56180262,0,135245310,2286995,0,0,0,0,0,0,0,0,16384,0,0,0,0,0,0,0,0,0,0,0,7718,444,0,0,0,0,0,141574434,0,166,0,2,444,7718,0,0,0,0,0,0,0,0,0,0,0,0,0,0,0,0,0,0,0,0,0,0,0,0,0,0,0,0,0,0,0,0,0,0,0,0,0,0,0,0,0,0,0,0,0,0,0,0,0,0,0,0,0,0,712480343,0,0,0,974215334,0,0,0,0,0,0,0,190916696,469523481,855213006,393697449472,154444400,1,0,0,0,0,0,0,0,0,0,0,0,0,0,0,0,0,0,0,0,0,0,0,0,0,0,0,0,0,0,0,1834,0,0,0,0,0,0,0
1782980126.614,0,0,0,0,0,0,0,1741212752,7692028086784,2733457413120,0,0,0,0,0,0,0,0,0,0,0,0,0,0,0,0,0,0,0,0,0,0,0,0,0,0,0,0,0,0,0,0,0,0,0,0,0,0,0,0,0,0,0,0,0,0,0,0,0,0,0,0,0,0,0,0,0,0,7,1942553,471545945,138247203,0,0,0,0,0,0,0,0,0,0,0,0,0,0,0,0,0,0,0,0,0,0,0,0,0,0,0,0,0,0,0,0,0,0,0,0,0,12883099648,5220597760,786322,318640,135275011,0,0,111,786432,469661247,811153,6,8570300791,12884901888,7073601,1356767263,0,0,0,0,0,0,0,0,0,0,0,0,0,0,0,0,0,0,46579464,146476012,0,468,1202,7661,620,93159770,35,0,0,0,0,0,0,0,1,0,0,0,0,0,0,0,0,0,0,56190202,0,135272043,2287329,0,0,0,0,0,0,0,0,16384,0,0,0,0,0,0,0,0,0,0,0,7719,444,0,0,0,0,0,141601084,0,166,0,2,444,7719,0,0,0,0,0,0,0,0,0,0,0,0,0,0,0,0,0,0,0,0,0,0,0,0,0,0,0,0,0,0,0,0,0,0,0,0,0,0,0,0,0,0,0,0,0,0,0,0,0,0,0,0,0,0,712612006,0,0,0,974363983,0,0,0,0,0,0,0,190933451,469627652,855379124,393766047232,154453526,1,1,0,0,0,0,0,0,0,0,0,0,0,0,0,0,0,0,0,0,0,0,0,0,0,0,0,0,0,0,0,1819,0,0,0,0,0,0,0
1782980127.695,0,0,0,0,0,0,0,1741517584,7693780830720,2734040786432,0,0,0,0,0,0,0,0,0,0,0,0,0,0,0,0,0,0,0,0,0,0,0,0,0,0,0,0,0,0,0,0,0,0,0,0,0,0,0,0,0,0,0,0,0,0,0,0,0,0,0,0,0,0,0,0,0,0,7,1942596,471653659,138277950,0,0,0,0,0,0,0,0,0,0,0,0,0,0,0,0,0,0,0,0,0,0,0,0,0,0,0,0,0,0,0,0,0,0,0,0,0,12880986112,5218697216,786193,318524,135301617,142,0,96,786432,469768580,811153,6,8571827260,12884901888,7081823,1356964840,0,0,0,0,0,0,0,0,0,0,0,0,0,0,0,0,0,0,46588468,146485023,0,468,1202,7661,620,93177770,35,0,0,0,0,0,0,0,1,0,0,0,0,0,0,0,0,0,0,56200416,0,135299545,2287670,0,0,0,0,0,0,0,0,16384,0,0,0,0,0,0,0,0,0,0,0,7720,444,0,0,0,0,0,141628463,0,166,0,2,444,7720,0,0,0,0,0,0,0,0,0,0,0,0,0,0,0,0,0,0,0,0,0,0,0,0,0,0,0,0,0,0,0,0,0,0,0,0,0,0,0,0,0,0,0,0,0,0,0,0,0,0,0,0,0,0,712747791,0,0,0,974516712,0,0,0,0,0,0,0,190949061,469734672,855549118,393837058048,154461727,0,0,0,0,0,0,0,0,0,0,0,0,0,0,0,0,0,0,0,0,0,0,0,0,0,0,0,0,0,0,0,1699,0,0,0,0,0,0,0
1782980128.772,0,0,0,0,0,0,0,1741832676,7695592901120,2734654498304,0,0,0,0,0,0,0,0,0,0,0,0,0,0,0,0,0,0,0,0,0,0,0,0,0,0,0,0,0,0,0,0,0,0,0,0,0,0,0,0,0,0,0,0,0,0,0,0,0,0,0,0,0,0,0,0,0,0,7,1942641,471765157,138310577,0,0,0,0,0,0,0,0,0,0,0,0,0,0,0,0,0,0,0,0,0,0,0,0,0,0,0,0,0,0,0,0,0,0,0,0,0,12879233024,5200887808,786086,317437,135333356,249,0,97,786432,469879640,811153,6,8573403258,12884901888,7089126,1357167403,0,0,0,0,0,0,0,0,0,0,0,0,0,0,0,0,0,0,46597766,146494319,0,468,1202,7661,620,93196373,35,0,0,0,0,0,0,0,1,0,0,0,0,0,0,0,0,0,0,56210937,0,135328852,2288045,0,0,0,0,0,0,0,0,16384,0,0,0,0,0,0,0,0,0,0,0,7721,444,0,0,0,0,0,141656694,0,166,0,2,444,7721,0,0,0,0,0,0,0,0,0,0,0,0,0,0,0,0,0,0,0,0,0,0,0,0,0,0,0,0,0,0,0,0,0,0,0,0,0,0,0,0,0,0,0,0,0,0,0,0,0,0,0,0,0,0,712882755,0,0,0,974673603,0,0,0,0,0,0,0,190966826,469845260,855720024,393907750912,154471573,1,0,0,0,0,0,0,0,0,0,0,0,0,0,0,0,0,0,0,0,0,0,0,0,0,0,0,0,0,0,0,2392,0,0,0,0,0,0,0
1782980129.862,0,0,0,0,0,0,0,1742158620,7697466329600,2735255766016,0,0,0,0,0,0,0,0,0,0,0,0,0,0,0,0,0,0,0,0,0,0,0,0,0,0,0,0,0,0,0,0,0,0,0,0,0,0,0,0,0,0,0,0,0,0,0,0,0,0,0,0,0,0,0,0,0,0,7,1942687,471880290,138342061,0,0,0,0,0,0,0,0,0,0,0,0,0,0,0,0,0,0,0,0,0,0,0,0,0,0,0,0,0,0,0,0,0,0,0,0,0,12879413248,5217632256,786098,318459,135362043,239,0,97,786432,469994321,811153,6,8575040509,12884901888,7095249,1357381100,0,0,0,0,0,0,0,0,0,0,0,0,0,0,0,0,0,0,46607411,146503964,0,468,1202,7661,620,93215662,35,0,0,0,0,0,0,0,1,0,0,0,0,0,0,0,0,0,0,56221884,0,135357539,2288428,0,0,0,0,0,0,0,0,16384,0,0,0,0,0,0,0,0,0,0,0,7722,444,0,0,0,0,0,141685985,0,166,0,2,444,7722,0,0,0,0,0,0,0,0,0,0,0,0,0,0,0,0,0,0,0,0,0,0,0,0,0,0,0,0,0,0,0,0,0,0,0,0,0,0,0,0,0,0,0,0,0,0,0,0,0,0,0,0,0,0,713024345,0,0,0,974837985,0,0,0,0,0,0,0,190985463,469959480,855895848,393981789184,154482270,1,0,0,0,0,0,0,0,0,0,0,0,0,0,0,0,0,0,0,0,0,0,0,0,0,0,0,0,0,0,0,1327,0,0,0,0,0,0,0
1782980130.948,0,0,0,0,0,0,0,1742482272,7699324553728,2735851016704,0,0,0,0,0,0,0,0,0,0,0,0,0,0,0,0,0,0,0,0,0,0,0,0,0,0,0,0,0,0,0,0,0,0,0,0,0,0,0,0,0,0,0,0,0,0,0,0,0,0,0,0,0,0,0,0,0,0,7,1942735,471994574,138373296,0,0,0,0,0,0,0,0,0,0,0,0,0,0,0,0,0,0,0,0,0,0,0,0,0,0,0,0,0,0,0,0,0,0,0,0,0,12878397440,5232771072,786035,319383,135390276,298,0,96,786432,470108141,811153,6,8576658971,12884901888,7102297,1357588830,0,0,0,0,0,0,0,0,0,0,0,0,0,0,0,0,0,0,46616967,146513523,0,468,1202,7661,620,93234783,35,0,0,0,0,0,0,0,1,0,0,0,0,0,0,0,0,0,0,56232721,0,135385772,2288797,0,0,0,0,0,0,0,0,16384,0,0,0,0,0,0,0,0,0,0,0,7723,444,0,0,0,0,0,141715051,0,166,0,2,444,7723,0,0,0,0,0,0,0,0,0,0,0,0,0,0,0,0,0,0,0,0,0,0,0,0,0,0,0,0,0,0,0,0,0,0,0,0,0,0,0,0,0,0,0,0,0,0,0,0,0,0,0,0,0,0,713163125,0,0,0,974999476,0,0,0,0,0,0,0,191004584,470072844,856068917,394054489088,154493209,1,0,0,0,0,0,0,0,0,0,0,0,0,0,0,0,0,0,0,0,0,0,0,0,0,0,0,0,0,0,0,1786,0,0,0,0,0,0,0
1782980132.041,0,0,0,0,0,0,0,1742802136,7701171915264,2736441761280,0,0,0,0,0,0,0,0,0,0,0,0,0,0,0,0,0,0,0,0,0,0,0,0,0,0,0,0,0,0,0,0,0,0,0,0,0,0,0,0,0,0,0,0,0,0,0,0,0,0,0,0,0,0,0,0,0,0,7,1942783,472108224,138404273,0,0,0,0,0,0,0,0,0,0,0,0,0,0,0,0,0,0,0,0,0,0,0,0,0,0,0,0,0,0,0,0,0,0,0,0,0,12880084992,5246156800,786138,320200,135418143,196,0,98,786432,470221340,811153,6,8578266144,12884901888,7110071,1357798778,0,0,0,0,0,0,0,0,0,0,0,0,0,0,0,0,0,0,46626458,146523009,0,468,1202,7661,620,93253748,35,0,0,0,0,0,0,0,1,0,0,0,0,0,0,0,0,0,0,56243470,0,135413639,2289169,0,0,0,0,0,0,0,0,16384,0,0,0,0,0,0,0,0,0,0,0,7724,444,0,0,0,0,0,141743881,0,166,0,2,444,7724,0,0,0,0,0,0,0,0,0,0,0,0,0,0,0,0,0,0,0,0,0,0,0,0,0,0,0,0,0,0,0,0,0,0,0,0,0,0,0,0,0,0,0,0,0,0,0,0,0,0,0,0,0,0,713301558,0,0,0,975160922,0,0,0,0,0,0,0,191024240,470185585,856241458,394126941696,154504704,0,1,0,0,0,0,0,0,0,0,0,0,0,0,0,0,0,0,0,0,0,0,0,0,0,0,0,0,0,0,0,612,0,0,0,0,0,0,0
1782980133.131,0,0,0,0,0,0,0,1743129817,7703055288832,2737041630208,0,0,0,0,0,0,0,0,0,0,0,0,0,0,0,0,0,0,0,0,0,0,0,0,0,0,0,0,0,0,0,0,0,0,0,0,0,0,0,0,0,0,0,0,0,0,0,0,0,0,0,0,0,0,0,0,0,0,7,1942832,472224009,138435744,0,0,0,0,0,0,0,0,0,0,0,0,0,0,0,0,0,0,0,0,0,0,0,0,0,0,0,0,0,0,0,0,0,0,0,0,0,12881231872,5259460608,786208,321012,135447014,125,0,100,786432,470336697,811153,6,8579905380,12884901888,7114504,1358007721,0,0,0,0,0,0,0,0,0,0,0,0,0,0,0,0,0,0,46636126,146532678,0,468,1202,7661,620,93273086,35,0,0,0,0,0,0,0,1,0,0,0,0,0,0,0,0,0,0,56254439,0,135442510,2289550,0,0,0,0,0,0,0,0,16384,0,0,0,0,0,0,0,0,0,0,0,7726,445,0,0,0,0,0,141773263,0,167,0,2,445,7726,0,0,0,0,1,0,0,0,0,0,0,0,0,0,0,0,0,0,0,0,0,0,0,0,0,0,0,0,0,0,0,0,0,0,0,0,0,0,0,0,0,0,0,0,0,0,0,0,0,0,0,0,0,0,713441343,0,0,0,975323762,0,0,0,0,0,0,0,191043048,470300421,856415286,394200109568,154515704,1,1,0,0,0,0,0,0,0,0,0,0,0,0,0,0,0,0,0,0,0,0,0,0,0,0,0,0,0,0,0,1731,0,0,0,0,0,0,0
1782980134.221,0,0,0,0,0,0,0,1743448472,7704890214912,2737633039360,0,0,0,0,0,0,0,0,0,0,0,0,0,0,0,0,0,0,0,0,0,0,0,0,0,0,0,0,0,0,0,0,0,0,0,0,0,0,0,0,0,0,0,0,0,0,0,0,0,0,0,0,0,0,0,0,0,0,7,1942884,472336842,138466713,0,0,0,0,0,0,0,0,0,0,0,0,0,0,0,0,0,0,0,0,0,0,0,0,0,0,0,0,0,0,0,0,0,0,0,0,0,12875988992,5266784256,785888,321459,135475120,447,0,98,786432,470449102,811153,6,8581502153,12884901888,7120469,1358214909,0,0,0,0,0,0,0,0,0,0,0,0,0,0,0,0,0,0,46645537,146542091,0,468,1202,7661,620,93291909,35,0,0,0,0,0,0,0,1,0,0,0,0,0,0,0,0,0,0,56265110,0,135470616,2289914,0,0,0,0,0,0,0,0,16384,0,0,0,0,0,0,0,0,0,0,0,7727,445,0,0,0,0,0,141801918,0,167,0,2,445,7727,0,0,0,0,0,0,0,0,0,0,0,0,0,0,0,0,0,0,0,0,0,0,0,0,0,0,0,0,0,0,0,0,0,0,0,0,0,0,0,0,0,0,0,0,0,0,0,0,0,0,0,0,0,0,713579806,0,0,0,975483483,0,0,0,0,0,0,0,191060992,470412388,856587534,394272519168,154526033,1,0,0,0,0,0,0,0,0,0,0,0,0,0,0,0,0,0,0,0,0,0,0,0,0,0,0,0,0,0,0,1421,0,0,0,0,0,0,0
1782980135.308,0,0,0,0,0,0,0,1743767040,7706723404288,2738218857984,0,0,0,0,0,0,0,0,0,0,0,0,0,0,0,0,0,0,0,0,0,0,0,0,0,0,0,0,0,0,0,0,0,0,0,0,0,0,0,0,0,0,0,0,0,0,0,0,0,0,0,0,0,0,0,0,0,0,7,1942929,472449537,138497399,0,0,0,0,0,0,0,0,0,0,0,0,0,0,0,0,0,0,0,0,0,0,0,0,0,0,0,0,0,0,0,0,0,0,0,0,0,12879020032,5276303360,786074,322039,135503140,264,0,96,786432,470561360,811153,6,8583100397,12884901888,7125776,1358422849,0,0,0,0,0,0,0,0,0,0,0,0,0,0,0,0,0,0,46654952,146551505,0,468,1202,7661,620,93310746,35,0,0,0,0,0,0,0,1,0,0,0,0,0,0,0,0,0,0,56275777,0,135498636,2290284,0,0,0,0,0,0,0,0,16384,0,0,0,0,0,0,0,0,0,0,0,7728,445,0,0,0,0,0,141830558,0,167,0,2,445,7728,0,0,0,0,0,0,0,0,0,0,0,0,0,0,0,0,0,0,0,0,0,0,0,0,0,0,0,0,0,0,0,0,0,0,0,0,0,0,0,0,0,0,0,0,0,0,0,0,0,0,0,0,0,0,713718448,0,0,0,975643697,0,0,0,0,0,0,0,191078555,470524197,856759553,394345019904,154536112,1,0,0,0,0,0,0,0,0,0,0,0,0,0,0,0,0,0,0,0,0,0,0,0,0,0,0,0,0,0,0,560,0,0,0,0,0,0,0
1782980136.397,0,0,0,0,0,0,0,1744085921,7708563229184,2738806418944,0,0,0,0,0,0,0,0,0,0,0,0,0,0,0,0,0,0,0,0,0,0,0,0,0,0,0,0,0,0,0,0,0,0,0,0,0,0,0,0,0,0,0,0,0,0,0,0,0,0,0,0,0,0,0,0,0,0,7,1942973,472562649,138528149,0,0,0,0,0,0,0,0,0,0,0,0,0,0,0,0,0,0,0,0,0,0,0,0,0,0,0,0,0,0,0,0,0,0,0,0,0,12878987264,5286838272,786073,322683,135531575,267,0,96,786432,470674050,811153,6,8584697279,12884901888,7130666,1358628353,0,0,0,0,0,0,0,0,0,0,0,0,0,0,0,0,0,0,46664398,146560953,0,468,1202,7661,620,93329627,35,0,0,0,0,0,0,0,1,0,0,0,0,0,0,0,0,0,0,56286489,0,135527071,2290660,0,0,0,0,0,0,0,0,16384,0,0,0,0,0,0,0,0,0,0,0,7729,445,0,0,0,0,0,141859266,0,167,0,2,445,7729,0,0,0,0,0,0,0,0,0,0,0,0,0,0,0,0,0,0,0,0,0,0,0,0,0,0,0,0,0,0,0,0,0,0,0,0,0,0,0,0,0,0,0,0,0,0,0,0,0,0,0,0,0,0,713858680,0,0,0,975803101,0,0,0,0,0,0,0,191095032,470636499,856932877,394418195456,154545284,1,0,0,0,0,0,0,0,0,0,0,0,0,0,0,0,0,0,0,0,0,0,0,0,0,0,0,0,0,0,0,937,0,0,0,0,0,0,0
1782980137.485,0,0,0,0,0,0,0,1744394891,7710335191552,2739373506560,0,0,0,0,0,0,0,0,0,0,0,0,0,0,0,0,0,0,0,0,0,0,0,0,0,0,0,0,0,0,0,0,0,0,0,0,0,0,0,0,0,0,0,0,0,0,0,0,0,0,0,0,0,0,0,0,0,0,7,1943011,472671607,138557778,0,0,0,0,0,0,0,0,0,0,0,0,0,0,0,0,0,0,0,0,0,0,0,0,0,0,0,0,0,0,0,0,0,0,0,0,0,12878397440,5294702592,786036,323163,135558434,289,0,107,786432,470782604,811153,6,8586243983,12884901888,7136823,1358827955,0,0,0,0,0,0,0,0,0,0,0,0,0,0,0,0,0,0,46673523,146570077,0,468,1202,7661,620,93347883,35,0,0,0,0,0,0,0,1,0,0,0,0,0,0,0,0,0,0,56296835,0,135553947,2291010,0,0,0,0,0,0,0,0,16384,0,0,0,0,0,0,0,0,0,0,0,7731,445,0,0,0,0,0,141887007,0,167,0,2,445,7731,0,0,0,0,0,0,0,0,0,0,0,0,0,0,0,0,0,0,0,0,0,0,0,0,0,0,0,0,0,0,0,0,0,0,0,0,0,0,0,0,0,0,0,0,0,0,0,0,0,0,0,0,0,0,713995295,0,0,0,975957684,0,0,0,0,0,0,0,191111952,470744618,857101903,394489398784,154555085,1,1,0,0,0,0,0,0,0,0,0,0,0,0,0,0,0,0,0,0,0,0,0,0,0,0,0,0,0,0,0,980,0,0,0,0,0,0,0
1782980138.571,0,0,0,0,0,0,0,1744699124,7712082217472,2739956822016,0,0,0,0,0,0,0,0,0,0,0,0,0,0,0,0,0,0,0,0,0,0,0,0,0,0,0,0,0,0,0,0,0,0,0,0,0,0,0,0,0,0,0,0,0,0,0,0,0,0,0,0,0,0,0,0,0,0,7,1943042,472779058,138588485,0,0,0,0,0,0,0,0,0,0,0,0,0,0,0,0,0,0,0,0,0,0,0,0,0,0,0,0,0,0,0,0,0,0,0,0,0,12881723392,5276647424,786238,322061,135583579,78,0,115,786432,470889655,811153,6,8587767873,12884901888,7148215,1359024259,0,0,0,0,0,0,0,0,0,0,0,0,0,0,0,0,0,0,46682498,146579050,0,468,1202,7661,620,93365832,35,0,0,0,0,0,0,0,1,0,0,0,0,0,0,0,0,0,0,56307001,0,135580099,2291351,0,0,0,0,0,0,0,0,16384,0,0,0,0,0,0,0,0,0,0,0,7732,445,0,0,0,0,0,141914297,0,167,0,2,445,7732,0,0,0,0,0,0,0,0,0,0,0,0,0,0,0,0,0,0,0,0,0,0,0,0,0,0,0,0,0,0,0,0,0,0,0,0,0,0,0,0,0,0,0,0,0,0,0,0,0,0,0,0,0,0,714127526,0,0,0,976109669,0,0,0,0,0,0,0,191131457,470851157,857269242,394558555136,154565981,1,1,0,0,0,0,0,0,0,0,0,0,0,0,0,0,0,0,0,0,0,0,0,0,0,0,0,0,0,0,0,1089,0,0,0,0,0,0,0
1782980139.652,0,0,0,0,0,0,0,1745007262,7713857964544,2740551196672,0,0,0,0,0,0,0,0,0,0,0,0,0,0,0,0,0,0,0,0,0,0,0,0,0,0,0,0,0,0,0,0,0,0,0,0,0,0,0,0,0,0,0,0,0,0,0,0,0,0,0,0,0,0,0,0,0,0,7,1943084,472888211,138619718,0,0,0,0,0,0,0,0,0,0,0,0,0,0,0,0,0,0,0,0,0,0,0,0,0,0,0,0,0,0,0,0,0,0,0,0,0,12882821120,5259411456,786305,321009,135609458,27,0,102,786432,470998431,811153,6,8589311033,12884901888,7157379,1359223573,0,0,0,0,0,0,0,0,0,0,0,0,0,0,0,0,0,0,46691616,146588168,0,468,1202,7661,620,93384067,35,0,0,0,0,0,0,0,1,0,0,0,0,0,0,0,0,0,0,56317324,0,135607386,2291706,0,0,0,0,0,0,0,0,16384,0,0,0,0,0,0,0,0,0,0,0,7733,445,0,0,0,0,0,141941992,0,167,0,2,445,7733,0,0,0,0,0,0,0,0,0,0,0,0,0,0,0,0,0,0,0,0,0,0,0,0,0,0,0,0,0,0,0,0,0,0,0,0,0,0,0,0,0,0,0,0,0,0,0,0,0,0,0,0,0,0,714260919,0,0,0,976263849,0,0,0,0,0,0,0,191151258,470959465,857437753,394628332544,154577415,1,0,0,0,0,0,0,0,0,0,0,0,0,0,0,0,0,0,0,0,0,0,0,0,0,0,0,0,0,0,0,1276,0,0,0,0,0,0,0
1782980140.732,0,0,0,0,0,0,0,1745325398,7715694742016,2741163975680,0,0,0,0,0,0,0,0,0,0,0,0,0,0,0,0,0,0,0,0,0,0,0,0,0,0,0,0,0,0,0,0,0,0,0,0,0,0,0,0,0,0,0,0,0,0,0,0,0,0,0,0,0,0,0,0,0,0,7,1943127,473001172,138652305,0,0,0,0,0,0,0,0,0,0,0,0,0,0,0,0,0,0,0,0,0,0,0,0,0,0,0,0,0,0,0,0,0,0,0,0,0,12880166912,5234786304,786142,319506,135641378,191,0,99,786432,471110949,811153,6,8590903704,12884901888,7164830,1359428386,0,0,0,0,0,0,0,0,0,0,0,0,0,0,0,0,0,0,46701024,146597575,0,468,1202,7661,620,93402877,35,0,0,0,0,0,0,0,1,0,0,0,0,0,0,0,0,0,0,56327980,0,135636874,2292079,0,0,0,0,0,0,0,0,16384,0,0,0,0,0,0,0,0,0,0,0,7734,445,0,0,0,0,0,141970558,0,167,0,2,445,7734,0,0,0,0,0,0,0,0,0,0,0,0,0,0,0,0,0,0,0,0,0,0,0,0,0,0,0,0,0,0,0,0,0,0,0,0,0,0,0,0,0,0,0,0,0,0,0,0,0,0,0,0,0,0,714397801,0,0,0,976422821,0,0,0,0,0,0,0,191170278,471071491,857610434,394700006400,154588302,0,1,0,0,0,0,0,0,0,0,0,0,0,0,0,0,0,0,0,0,0,0,0,0,0,0,0,0,0,0,0,1596,0,0,0,0,0,0,0
1782980141.815,0,0,0,0,0,0,0,1745653586,7717581769216,2741772126720,0,0,0,0,0,0,0,0,0,0,0,0,0,0,0,0,0,0,0,0,0,0,0,0,0,0,0,0,0,0,0,0,0,0,0,0,0,0,0,0,0,0,0,0,0,0,0,0,0,0,0,0,0,0,0,0,0,0,7,1943176,473117264,138684232,0,0,0,0,0,0,0,0,0,0,0,0,0,0,0,0,0,0,0,0,0,0,0,0,0,0,0,0,0,0,0,0,0,0,0,0,0,12880117760,5236310016,786140,319599,135670673,196,0,97,786432,471226632,811153,6,8592551147,12884901888,7170958,1359644315,0,0,0,0,0,0,0,0,0,0,0,0,0,0,0,0,0,0,46710732,146607285,0,468,1202,7661,620,93422292,35,0,0,0,0,0,0,0,1,0,0,0,0,0,0,0,0,0,0,56338986,0,135666169,2292457,0,0,0,0,0,0,0,0,16384,0,0,0,0,0,0,0,0,0,0,0,7735,445,0,0,0,0,0,142000104,0,167,0,2,445,7735,0,0,0,0,0,0,0,0,0,0,0,0,0,0,0,0,0,0,0,0,0,0,0,0,0,0,0,0,0,0,0,0,0,0,0,0,0,0,0,0,0,0,0,0,0,0,0,0,0,0,0,0,0,0,714538918,0,0,0,976588077,0,0,0,0,0,0,0,191188877,471186708,857786136,394774044160,154599082,1,0,0,0,0,0,0,0,0,0,0,0,0,0,0,0,0,0,0,0,0,0,0,0,0,0,0,0,0,0,0,535,0,0,0,0,0,0,0
1782980142.901,0,0,0,0,0,0,0,1745981236,7719459211776,2742368902656,0,0,0,0,0,0,0,0,0,0,0,0,0,0,0,0,0,0,0,0,0,0,0,0,0,0,0,0,0,0,0,0,0,0,0,0,0,0,0,0,0,0,0,0,0,0,0,0,0,0,0,0,0,0,0,0,0,0,7,1943227,473232797,138715475,0,0,0,0,0,0,0,0,0,0,0,0,0,0,0,0,0,0,0,0,0,0,0,0,0,0,0,0,0,0,0,0,0,0,0,0,0,12879298560,5247647744,786090,320291,135699111,243,0,96,786432,471341730,811153,6,8594193713,12884901888,7176411,1359856264,0,0,0,0,0,0,0,0,0,0,0,0,0,0,0,0,0,0,46720403,146616956,0,468,1202,7661,620,93441653,35,0,0,0,0,0,0,0,1,0,0,0,0,0,0,0,0,0,0,56349948,0,135694607,2292843,0,0,0,0,0,0,0,0,16384,0,0,0,0,0,0,0,0,0,0,0,7736,445,0,0,0,0,0,142029500,0,167,0,2,445,7736,0,0,0,0,0,0,0,0,0,0,0,0,0,0,0,0,0,0,0,0,0,0,0,0,0,0,0,0,0,0,0,0,0,0,0,0,0,0,0,0,0,0,0,0,0,0,0,0,0,0,0,0,0,0,714679248,0,0,0,976752074,0,0,0,0,0,0,0,191208824,471301352,857960541,394847489024,154610860,1,1,0,0,0,0,0,0,0,0,0,0,0,0,0,0,0,0,0,0,0,0,0,0,0,0,0,0,0,0,0,481,0,0,0,0,0,0,0
1782980143.987,0,0,0,0,0,0,0,1746287527,7721222687232,2742936267264,0,0,0,0,0,0,0,0,0,0,0,0,0,0,0,0,0,0,0,0,0,0,0,0,0,0,0,0,0,0,0,0,0,0,0,0,0,0,0,0,0,0,0,0,0,0,0,0,0,0,0,0,0,0,0,0,0,0,7,1943294,473341275,138745194,0,0,0,0,0,0,0,0,0,0,0,0,0,0,0,0,0,0,0,0,0,0,0,0,0,0,0,0,0,0,0,0,0,0,0,0,0,12878266368,5249515520,786027,320405,135725148,291,0,114,786432,471449815,811153,6,8595727166,12884901888,7185980,1360053361,0,0,0,0,0,0,0,0,0,0,0,0,0,0,0,0,0,0,46729465,146626021,0,468,1202,7661,620,93459773,35,0,0,0,0,0,0,0,1,0,0,0,0,0,0,0,0,0,0,56360217,0,135720644,2293180,0,0,0,0,0,0,0,0,16384,0,0,0,0,0,0,0,0,0,0,0,7737,445,0,0,0,0,0,142057016,0,167,0,2,445,7737,0,0,0,0,0,0,0,0,0,0,0,0,0,0,0,0,0,0,0,0,0,0,0,0,0,0,0,0,0,0,0,0,0,0,0,0,0,0,0,0,0,0,0,0,0,0,0,0,0,0,0,0,0,0,714812276,0,0,0,976904923,0,0,0,0,0,0,0,191228155,471408993,858126996,394917380096,154622376,1,1,0,0,0,0,0,0,0,0,0,0,0,0,0,0,0,0,0,0,0,0,0,0,0,0,0,0,0,0,0,1013,0,0,0,0,0,0,0
1782980145.077,0,0,0,0,0,0,0,1746605242,7723050191360,2743520300032,0,0,0,0,0,0,0,0,0,0,0,0,0,0,0,0,0,0,0,0,0,0,0,0,0,0,0,0,0,0,0,0,0,0,0,0,0,0,0,0,0,0,0,0,0,0,0,0,0,0,0,0,0,0,0,0,0,0,7,1943348,473453641,138775810,0,0,0,0,0,0,0,0,0,0,0,0,0,0,0,0,0,0,0,0,0,0,0,0,0,0,0,0,0,0,0,0,0,0,0,0,0,12880986112,5254905856,786193,320734,135752169,140,0,96,786432,471561752,811153,6,8597317266,12884901888,7194410,1360257712,0,0,0,0,0,0,0,0,0,0,0,0,0,0,0,0,0,0,46738862,146635411,0,468,1202,7661,620,93478562,35,0,0,0,0,0,0,0,1,0,0,0,0,0,0,0,0,0,0,56370863,0,135747665,2293529,0,0,0,0,0,0,0,0,16384,0,0,0,0,0,0,0,0,0,0,0,7738,445,0,0,0,0,0,142085566,0,167,0,2,445,7738,0,0,0,0,0,0,0,0,0,0,0,0,0,0,0,0,0,0,0,0,0,0,0,0,0,0,0,0,0,0,0,0,0,0,0,0,0,0,0,0,0,0,0,0,0,0,0,0,0,0,0,0,0,0,714949529,0,0,0,977063472,0,0,0,0,0,0,0,191247430,471520511,858298409,394989316608,154633398,1,0,0,0,0,0,0,0,0,0,0,0,0,0,0,0,0,0,0,0,0,0,0,0,0,0,0,0,0,0,0,1599,0,0,0,0,0,0,0
1782980146.160,0,0,0,0,0,0,0,1746911173,7724809210368,2744081772544,0,0,0,0,0,0,0,0,0,0,0,0,0,0,0,0,0,0,0,0,0,0,0,0,0,0,0,0,0,0,0,0,0,0,0,0,0,0,0,0,0,0,0,0,0,0,0,0,0,0,0,0,0,0,0,0,0,0,7,1943397,473561759,138805182,0,0,0,0,0,0,0,0,0,0,0,0,0,0,0,0,0,0,0,0,0,0,0,0,0,0,0,0,0,0,0,0,0,0,0,0,0,12881788928,5262475264,786242,321196,135777578,93,0,96,786432,471669515,811153,6,8598849836,12884901888,7204866,1360455666,0,0,0,0,0,0,0,0,0,0,0,0,0,0,0,0,0,0,46747904,146644456,0,468,1202,7661,620,93496645,35,0,0,0,0,0,0,0,1,0,0,0,0,0,0,0,0,0,0,56381108,0,135773199,2293870,0,0,0,0,0,0,0,0,16384,0,0,0,0,0,0,0,0,0,0,0,7739,445,0,0,0,0,0,142113034,0,167,0,2,445,7739,0,0,0,0,0,0,0,0,0,0,0,0,0,0,0,0,0,0,0,0,0,0,0,0,0,0,0,0,0,0,0,0,0,0,0,0,0,0,0,0,0,0,0,0,0,0,0,0,0,0,0,0,0,0,715082661,0,0,0,977216671,0,0,0,0,0,0,0,191267877,471627747,858464729,395059036160,154645553,1,0,0,0,0,0,0,0,0,0,0,0,0,0,0,0,0,0,0,0,0,0,0,0,0,0,0,0,0,0,0,1474,0,0,0,0,0,0,0
1782980147.247,0,0,0,0,0,0,0,1747229863,7726647822848,2744670742528,0,0,0,0,0,0,0,0,0,0,0,0,0,0,0,0,0,0,0,0,0,0,0,0,0,0,0,0,0,0,0,0,0,0,0,0,0,0,0,0,0,0,0,0,0,0,0,0,0,0,0,0,0,0,0,0,0,0,7,1943441,473674882,138836083,0,0,0,0,0,0,0,0,0,0,0,0,0,0,0,0,0,0,0,0,0,0,0,0,0,0,0,0,0,0,0,0,0,0,0,0,0,12878200832,5263736832,786023,321273,135804836,285,0,123,786432,471782242,811153,6,8600449822,12884901888,7213841,1360664153,0,0,0,0,0,0,0,0,0,0,0,0,0,0,0,0,0,0,46757313,146653865,0,468,1202,7661,620,93515482,35,0,0,0,0,0,0,0,1,0,0,0,0,0,0,0,0,0,0,56391775,0,135800332,2294221,0,0,0,0,0,0,0,0,16384,0,0,0,0,0,0,0,0,0,0,0,7740,445,0,0,0,0,0,142141676,0,167,0,2,445,7740,0,0,0,0,0,0,0,0,0,0,0,0,0,0,0,0,0,0,0,0,0,0,0,0,0,0,0,0,0,0,0,0,0,0,0,0,0,0,0,0,0,0,0,0,0,0,0,0,0,0,0,0,0,0,715220280,0,0,0,977377049,0,0,0,0,0,0,0,191287974,471739938,858637008,395131170304,154657160,1,0,0,0,0,0,0,0,0,0,0,0,0,0,0,0,0,0,0,0,0,0,0,0,0,0,0,0,0,0,0,588,0,0,0,0,0,0,0
1782980148.337,0,0,0,0,0,0,0,1747564172,7728571730432,2745284961792,0,0,0,0,0,0,0,0,0,0,0,0,0,0,0,0,0,0,0,0,0,0,0,0,0,0,0,0,0,0,0,0,0,0,0,0,0,0,0,0,0,0,0,0,0,0,0,0,0,0,0,0,0,0,0,0,0,0,7,1943503,473793153,138868324,0,0,0,0,0,0,0,0,0,0,0,0,0,0,0,0,0,0,0,0,0,0,0,0,0,0,0,0,0,0,0,0,0,0,0,0,0,12879380480,5266800640,786095,321460,135834438,239,0,99,786432,471900031,811153,6,8602126329,12884901888,7218421,1360881912,0,0,0,0,0,0,0,0,0,0,0,0,0,0,0,0,0,0,46767197,146663753,0,468,1202,7661,620,93535231,35,0,0,0,0,0,0,0,1,0,0,0,0,0,0,0,0,0,0,56402972,0,135829934,2294622,0,0,0,0,0,0,0,0,16384,0,0,0,0,0,0,0,0,0,0,0,7741,445,0,0,0,0,0,142171713,0,167,0,2,445,7741,0,0,0,0,0,0,0,0,0,0,0,0,0,0,0,0,0,0,0,0,0,0,0,0,0,0,0,0,0,0,0,0,0,0,0,0,0,0,0,0,0,0,0,0,0,0,0,0,0,0,0,0,0,0,715361261,0,0,0,977544695,0,0,0,0,0,0,0,191308582,471857308,858812881,395205380096,154669192,1,0,0,0,0,0,0,0,0,0,0,0,0,0,0,0,0,0,0,0,0,0,0,0,0,0,0,0,0,0,0,252,0,0,0,0,0,0,0
1782980149.428,0,0,0,0,0,0,0,1747897002,7730487118336,2745893723648,0,0,0,0,0,0,0,0,0,0,0,0,0,0,0,0,0,0,0,0,0,0,0,0,0,0,0,0,0,0,0,0,0,0,0,0,0,0,0,0,0,0,0,0,0,0,0,0,0,0,0,0,0,0,0,0,0,0,7,1943552,473910902,138900328,0,0,0,0,0,0,0,0,0,0,0,0,0,0,0,0,0,0,0,0,0,0,0,0,0,0,0,0,0,0,0,0,0,0,0,0,0,12878151680,5277712384,786019,322126,135863867,314,0,99,786432,472017324,811153,6,8603791694,12884901888,7223162,1361094696,0,0,0,0,0,0,0,0,0,0,0,0,0,0,0,0,0,0,46777036,146673590,0,468,1202,7661,620,93554916,35,0,0,0,0,0,0,0,1,0,0,0,0,0,0,0,0,0,0,56414117,0,135859363,2295019,0,0,0,0,0,0,0,0,16384,0,0,0,0,0,0,0,0,0,0,0,7742,445,0,0,0,0,0,142201615,0,167,0,2,445,7742,0,0,0,0,0,0,0,0,0,0,0,0,0,0,0,0,0,0,0,0,0,0,0,0,0,0,0,0,0,0,0,0,0,0,0,0,0,0,0,0,0,0,0,0,0,0,0,0,0,0,0,0,0,0,715500559,0,0,0,977710366,0,0,0,0,0,0,0,191329260,471974156,858986763,395278561792,154681439,1,1,0,0,0,0,0,0,0,0,0,0,0,0,0,0,0,0,0,0,0,0,0,0,0,0,0,0,0,0,0,1267,0,0,0,0,0,0,0
1782980150.514,0,0,0,0,0,0,0,1748228859,7732395805184,2746501996032,0,0,0,0,0,0,0,0,0,0,0,0,0,0,0,0,0,0,0,0,0,0,0,0,0,0,0,0,0,0,0,0,0,0,0,0,0,0,0,0,0,0,0,0,0,0,0,0,0,0,0,0,0,0,0,0,0,0,7,1943618,474028288,138932249,0,0,0,0,0,0,0,0,0,0,0,0,0,0,0,0,0,0,0,0,0,0,0,0,0,0,0,0,0,0,0,0,0,0,0,0,0,12881920000,5290606592,786250,322913,135892872,86,0,96,786432,472134312,811153,6,8605455865,12884901888,7228971,1361309264,0,0,0,0,0,0,0,0,0,0,0,0,0,0,0,0,0,0,46786859,146683411,0,468,1202,7661,620,93574560,35,0,0,0,0,0,0,0,1,0,0,0,0,0,0,0,0,0,0,56425240,0,135888368,2295413,0,0,0,0,0,0,0,0,16384,0,0,0,0,0,0,0,0,0,0,0,7744,445,0,0,0,0,0,142231474,0,167,0,2,445,7744,0,0,0,0,0,0,0,0,0,0,0,0,0,0,0,0,0,0,0,0,0,0,0,0,0,0,0,0,0,0,0,0,0,0,0,0,0,0,0,0,0,0,0,0,0,0,0,0,0,0,0,0,0,0,715640820,0,0,0,977876436,0,0,0,0,0,0,0,191349924,472090585,859161820,395352405504,154693416,1,0,0,0,0,0,0,0,0,0,0,0,0,0,0,0,0,0,0,0,0,0,0,0,0,0,0,0,0,0,0,1322,0,0,0,0,0,0,0
1782980151.601,0,0,0,0,0,0,0,1748548640,7734236187136,2747123694592,0,0,0,0,0,0,0,0,0,0,0,0,0,0,0,0,0,0,0,0,0,0,0,0,0,0,0,0,0,0,0,0,0,0,0,0,0,0,0,0,0,0,0,0,0,0,0,0,0,0,0,0,0,0,0,0,0,0,7,1943694,474141446,138965056,0,0,0,0,0,0,0,0,0,0,0,0,0,0,0,0,0,0,0,0,0,0,0,0,0,0,0,0,0,0,0,0,0,0,0,0,0,12882132992,5268045824,786262,321536,135920375,70,0,98,786432,472247068,811153,6,8607058165,12884901888,7236981,1361516022,0,0,0,0,0,0,0,0,0,0,0,0,0,0,0,0,0,0,46796312,146692868,0,468,1202,7661,620,93593462,35,0,0,0,0,0,0,0,1,0,0,0,0,0,0,0,0,0,0,56435950,0,135917791,2295788,0,0,0,0,0,0,0,0,16384,0,0,0,0,0,0,0,0,0,0,0,7745,445,0,0,0,0,0,142260203,0,167,0,2,445,7745,0,0,0,0,0,0,0,0,0,0,0,0,0,0,0,0,0,0,0,0,0,0,0,0,0,0,0,0,0,0,0,0,0,0,0,0,0,0,0,0,0,0,0,0,0,0,0,0,0,0,0,0,0,0,715777109,0,0,0,978036655,0,0,0,0,0,0,0,191371321,472202945,859334259,395424076288,154706112,1,0,0,0,0,0,0,0,0,0,0,0,0,0,0,0,0,0,0,0,0,0,0,0,0,0,0,0,0,0,0,1344,0,0,0,0,0,0,0
1782980152.686,0,0,0,0,0,0,0,1748868097,7736069573120,2747735292416,0,0,0,0,0,0,0,0,0,0,0,0,0,0,0,0,0,0,0,0,0,0,0,0,0,0,0,0,0,0,0,0,0,0,0,0,0,0,0,0,0,0,0,0,0,0,0,0,0,0,0,0,0,0,0,0,0,0,7,1943737,474254229,138997470,0,0,0,0,0,0,0,0,0,0,0,0,0,0,0,0,0,0,0,0,0,0,0,0,0,0,0,0,0,0,0,0,0,0,0,0,0,12883312640,5249449984,786335,320401,135948320,1,0,96,786432,472359418,811153,6,8608657572,12884901888,7243624,1361721234,0,0,0,0,0,0,0,0,0,0,0,0,0,0,0,0,0,0,46805768,146702326,0,468,1202,7661,620,93612384,35,0,0,0,0,0,0,0,1,0,0,0,0,0,0,0,0,0,0,56446665,0,135946888,2296165,0,0,0,0,0,0,0,0,16384,0,0,0,0,0,0,0,0,0,0,0,7746,445,0,0,0,0,0,142288966,0,167,0,2,445,7746,0,0,0,0,0,0,0,0,0,0,0,0,0,0,0,0,0,0,0,0,0,0,0,0,0,0,0,0,0,0,0,0,0,0,0,0,0,0,0,0,0,0,0,0,0,0,0,0,0,0,0,0,0,0,715913738,0,0,0,978196001,0,0,0,0,0,0,0,191390884,472314879,859506446,395495706112,154717343,1,0,0,0,0,0,0,0,0,0,0,0,0,0,0,0,0,0,0,0,0,0,0,0,0,0,0,0,0,0,0,1963,0,0,0,0,0,0,0
1782980153.767,0,0,0,0,0,0,0,1749187178,7737899944448,2748337834496,0,0,0,0,0,0,0,0,0,0,0,0,0,0,0,0,0,0,0,0,0,0,0,0,0,0,0,0,0,0,0,0,0,0,0,0,0,0,0,0,0,0,0,0,0,0,0,0,0,0,0,0,0,0,0,0,0,0,7,1943801,474366734,139029254,0,0,0,0,0,0,0,0,0,0,0,0,0,0,0,0,0,0,0,0,0,0,0,0,0,0,0,0,0,0,0,0,0,0,0,0,0,12880003072,5242093568,786133,319952,135980374,202,0,98,786432,472471546,811153,6,8610256603,12884901888,7250188,1361929198,0,0,0,0,0,0,0,0,0,0,0,0,0,0,0,0,0,0,46815203,146711759,0,468,1202,7661,620,93631254,35,0,0,0,0,0,0,0,1,0,0,0,0,0,0,0,0,0,0,56457357,0,135975870,2296533,0,0,0,0,0,0,0,0,16384,0,0,0,0,0,0,0,0,0,0,0,7747,445,0,0,0,0,0,142317622,0,167,0,2,445,7747,0,0,0,0,0,0,0,0,0,0,0,0,0,0,0,0,0,0,0,0,0,0,0,0,0,0,0,0,0,0,0,0,0,0,0,0,0,0,0,0,0,0,0,0,0,0,0,0,0,0,0,0,0,0,716052121,0,0,0,978356092,0,0,0,0,0,0,0,191409550,472426531,859679778,395568359936,154727962,1,0,0,0,0,0,0,0,0,0,0,0,0,0,0,0,0,0,0,0,0,0,0,0,0,0,0,0,0,0,0,1594,0,0,0,0,0,0,0
1782980154.851,0,0,0,0,0,0,0,1749509848,7739757496832,2748940920320,0,0,0,0,0,0,0,0,0,0,0,0,0,0,0,0,0,0,0,0,0,0,0,0,0,0,0,0,0,0,0,0,0,0,0,0,0,0,0,0,0,0,0,0,0,0,0,0,0,0,0,0,0,0,0,0,0,0,7,1943839,474480946,139060941,0,0,0,0,0,0,0,0,0,0,0,0,0,0,0,0,0,0,0,0,0,0,0,0,0,0,0,0,0,0,0,0,0,0,0,0,0,12875939840,5243568128,785885,320042,136009405,450,0,96,786432,472585300,811153,6,8611876098,12884901888,7255812,1362140082,0,0,0,0,0,0,0,0,0,0,0,0,0,0,0,0,0,0,46824732,146721289,0,468,1202,7661,620,93650311,35,0,0,0,0,0,0,0,1,0,0,0,0,0,0,0,0,0,0,56468153,0,136004947,2296910,0,0,0,0,0,0,0,0,16384,0,0,0,0,0,0,0,0,0,0,0,7748,445,0,0,0,0,0,142346573,0,167,0,2,445,7748,0,0,0,0,0,0,0,0,0,0,0,0,0,0,0,0,0,0,0,0,0,0,0,0,0,0,0,0,0,0,0,0,0,0,0,0,0,0,0,0,0,0,0,0,0,0,0,0,0,0,0,0,0,0,716191895,0,0,0,978518462,0,0,0,0,0,0,0,191427899,472539873,859853824,395641457152,154738716,1,0,0,0,0,0,0,0,0,0,0,0,0,0,0,0,0,0,0,0,0,0,0,0,0,0,0,0,0,0,0,730,0,0,0,0,0,0,0
1782980155.937,0,0,0,0,0,0,0,1749820428,7741539666432,2749518451712,0,0,0,0,0,0,0,0,0,0,0,0,0,0,0,0,0,0,0,0,0,0,0,0,0,0,0,0,0,0,0,0,0,0,0,0,0,0,0,0,0,0,0,0,0,0,0,0,0,0,0,0,0,0,0,0,0,0,7,1943888,474590577,139091263,0,0,0,0,0,0,0,0,0,0,0,0,0,0,0,0,0,0,0,0,0,0,0,0,0,0,0,0,0,0,0,0,0,0,0,0,0,12878643200,5247352832,786050,320273,136035986,282,0,98,786432,472694538,811153,6,8613430583,12884901888,7264699,1362340017,0,0,0,0,0,0,0,0,0,0,0,0,0,0,0,0,0,0,46833916,146730473,0,468,1202,7661,620,93668678,35,0,0,0,0,0,0,0,1,0,0,0,0,0,0,0,0,0,0,56478564,0,136031482,2297255,0,0,0,0,0,0,0,0,16384,0,0,0,0,0,0,0,0,0,0,0,7749,445,0,0,0,0,0,142374487,0,167,0,2,445,7749,0,0,0,0,0,0,0,0,0,0,0,0,0,0,0,0,0,0,0,0,0,0,0,0,0,0,0,0,0,0,0,0,0,0,0,0,0,0,0,0,0,0,0,0,0,0,0,0,0,0,0,0,0,0,716327417,0,0,0,978673867,0,0,0,0,0,0,0,191447427,472648699,860023426,395712283648,154749987,1,0,0,0,0,0,0,0,0,0,0,0,0,0,0,0,0,0,0,0,0,0,0,0,0,0,0,0,0,0,0,885,0,0,0,0,0,0,0
1782980157.020,0,0,0,0,0,0,0,1750124554,7743283579392,2750085378560,0,0,0,0,0,0,0,0,0,0,0,0,0,0,0,0,0,0,0,0,0,0,0,0,0,0,0,0,0,0,0,0,0,0,0,0,0,0,0,0,0,0,0,0,0,0,0,0,0,0,0,0,0,0,0,0,0,0,7,1943942,474697805,139120982,0,0,0,0,0,0,0,0,0,0,0,0,0,0,0,0,0,0,0,0,0,0,0,0,0,0,0,0,0,0,0,0,0,0,0,0,0,12877021184,5254676480,785951,320720,136061236,385,0,96,786432,472801420,811153,6,8614954024,12884901888,7276297,1362538663,0,0,0,0,0,0,0,0,0,0,0,0,0,0,0,0,0,0,46842893,146739451,0,468,1202,7661,620,93686626,35,0,0,0,0,0,0,0,1,0,0,0,0,0,0,0,0,0,0,56488732,0,136056732,2297587,0,0,0,0,0,0,0,0,16384,0,0,0,0,0,0,0,0,0,0,0,7750,445,0,0,0,0,0,142401775,0,167,0,2,445,7750,0,0,0,0,0,0,0,0,0,0,0,0,0,0,0,0,0,0,0,0,0,0,0,0,0,0,0,0,0,0,0,0,0,0,0,0,0,0,0,0,0,0,0,0,0,0,0,0,0,0,0,0,0,0,716459440,0,0,0,978826445,0,0,0,0,0,0,0,191468260,472755106,860189640,395781736448,154762121,1,0,0,0,0,0,0,0,0,0,0,0,0,0,0,0,0,0,0,0,0,0,0,0,0,0,0,0,0,0,0,371,0,0,0,0,0,0,0
1782980158.107,0,0,0,0,0,0,0,1750434670,7745062357504,2750661393408,0,0,0,0,0,0,0,0,0,0,0,0,0,0,0,0,0,0,0,0,0,0,0,0,0,0,0,0,0,0,0,0,0,0,0,0,0,0,0,0,0,0,0,0,0,0,0,0,0,0,0,0,0,0,0,0,0,0,7,1943992,474807243,139151207,0,0,0,0,0,0,0,0,0,0,0,0,0,0,0,0,0,0,0,0,0,0,0,0,0,0,0,0,0,0,0,0,0,0,0,0,0,12879888384,5261017088,786126,321107,136087327,203,0,104,786432,472910467,811153,6,8616505902,12884901888,7286031,1362738876,0,0,0,0,0,0,0,0,0,0,0,0,0,0,0,0,0,0,46852056,146748609,0,468,1202,7661,620,93704957,35,0,0,0,0,0,0,0,1,0,0,0,0,0,0,0,0,0,0,56499107,0,136082823,2297927,0,0,0,0,0,0,0,0,16384,0,0,0,0,0,0,0,0,0,0,0,7751,445,0,0,0,0,0,142429587,0,167,0,2,445,7751,0,0,0,0,0,0,0,0,0,0,0,0,0,0,0,0,0,0,0,0,0,0,0,0,0,0,0,0,0,0,0,0,0,0,0,0,0,0,0,0,0,0,0,0,0,0,0,0,0,0,0,0,0,0,716594285,0,0,0,978981435,0,0,0,0,0,0,0,191487504,472863649,860358837,395852463616,154772931,1,0,0,0,0,0,0,0,0,0,0,0,0,0,0,0,0,0,0,0,0,0,0,0,0,0,0,0,0,0,0,527,0,0,0,0,0,0,0
1782980159.190,0,0,0,0,0,0,0,1750745023,7746840562176,2751238431232,0,0,0,0,0,0,0,0,0,0,0,0,0,0,0,0,0,0,0,0,0,0,0,0,0,0,0,0,0,0,0,0,0,0,0,0,0,0,0,0,0,0,0,0,0,0,0,0,0,0,0,0,0,0,0,0,0,0,7,1944028,474916571,139181514,0,0,0,0,0,0,0,0,0,0,0,0,0,0,0,0,0,0,0,0,0,0,0,0,0,0,0,0,0,0,0,0,0,0,0,0,0,12877660160,5268881408,785990,321587,136113697,345,0,97,786432,473019362,811153,6,8618059046,12884901888,7293992,1362938700,0,0,0,0,0,0,0,0,0,0,0,0,0,0,0,0,0,0,46861228,146757786,0,468,1202,7661,620,93723307,35,0,0,0,0,0,0,0,1,0,0,0,0,0,0,0,0,0,0,56509514,0,136109193,2298269,0,0,0,0,0,0,0,0,16384,0,0,0,0,0,0,0,0,0,0,0,7752,445,0,0,0,0,0,142457439,0,167,0,2,445,7752,0,0,0,0,0,0,0,0,0,0,0,0,0,0,0,0,0,0,0,0,0,0,0,0,0,0,0,0,0,0,0,0,0,0,0,0,0,0,0,0,0,0,0,0,0,0,0,0,0,0,0,0,0,0,716727850,0,0,0,979136659,0,0,0,0,0,0,0,191506663,472972180,860526583,395922364416,154783812,1,0,0,0,0,0,0,0,0,0,0,0,0,0,0,0,0,0,0,0,0,0,0,0,0,0,0,0,0,0,0,710,0,0,0,0,0,0,0
1782980160.272,0,0,0,0,0,0,0,1751059164,7748648503808,2751822308352,0,0,0,0,0,0,0,0,0,0,0,0,0,0,0,0,0,0,0,0,0,0,0,0,0,0,0,0,0,0,0,0,0,0,0,0,0,0,0,0,0,0,0,0,0,0,0,0,0,0,0,0,0,0,0,0,0,0,7,1944076,475027800,139212107,0,0,0,0,0,0,0,0,0,0,0,0,0,0,0,0,0,0,0,0,0,0,0,0,0,0,0,0,0,0,0,0,0,0,0,0,0,12880314368,5275549696,786152,321995,136140724,184,0,97,786432,473130187,811153,6,8619630443,12884901888,7301784,1363140628,0,0,0,0,0,0,0,0,0,0,0,0,0,0,0,0,0,0,46870504,146767061,0,468,1202,7661,620,93741860,35,0,0,0,0,0,0,0,1,0,0,0,0,0,0,0,0,0,0,56520022,0,136136220,2298625,0,0,0,0,0,0,0,0,16384,0,0,0,0,0,0,0,0,0,0,0,7753,445,0,0,0,0,0,142485610,0,167,0,2,445,7753,0,0,0,0,0,0,0,0,0,0,0,0,0,0,0,0,0,0,0,0,0,0,0,0,0,0,0,0,0,0,0,0,0,0,0,0,0,0,0,0,0,0,0,0,0,0,0,0,0,0,0,0,0,0,716864437,0,0,0,979293064,0,0,0,0,0,0,0,191525379,473082503,860697303,395993872896,154794540,1,0,0,0,0,0,0,0,0,0,0,0,0,0,0,0,0,0,0,0,0,0,0,0,0,0,0,0,0,0,0,1438,0,0,0,0,0,0,0
1782980161.359,0,0,0,0,0,0,0,1751368048,7750426642944,2752401445888,0,0,0,0,0,0,0,0,0,0,0,0,0,0,0,0,0,0,0,0,0,0,0,0,0,0,0,0,0,0,0,0,0,0,0,0,0,0,0,0,0,0,0,0,0,0,0,0,0,0,0,0,0,0,0,0,0,0,7,1944124,475137089,139242562,0,0,0,0,0,0,0,0,0,0,0,0,0,0,0,0,0,0,0,0,0,0,0,0,0,0,0,0,0,0,0,0,0,0,0,0,0,12879282176,5279793152,786089,322253,136166851,246,0,97,786432,473239069,811153,6,8621179979,12884901888,7312268,1363342416,0,0,0,0,0,0,0,0,0,0,0,0,0,0,0,0,0,0,46879628,146776183,0,468,1202,7661,620,93760112,35,0,0,0,0,0,0,0,1,0,0,0,0,0,0,0,0,0,0,56530371,0,136162347,2298955,0,0,0,0,0,0,0,0,16384,0,0,0,0,0,0,0,0,0,0,0,7754,445,0,0,0,0,0,142513308,0,167,0,2,445,7754,0,0,0,0,0,0,0,0,0,0,0,0,0,0,0,0,0,0,0,0,0,0,0,0,0,0,0,0,0,0,0,0,0,0,0,0,0,0,0,0,0,0,0,0,0,0,0,0,0,0,0,0,0,0,716999844,0,0,0,979448487,0,0,0,0,0,0,0,191544681,473190922,860867464,396064672256,154805267,1,0,0,0,0,0,0,0,0,0,0,0,0,0,0,0,0,0,0,0,0,0,0,0,0,0,0,0,0,0,0,487,0,0,0,0,0,0,0
1782980162.445,0,0,0,0,0,0,0,1751684200,7752247101952,2752986184704,0,0,0,0,0,0,0,0,0,0,0,0,0,0,0,0,0,0,0,0,0,0,0,0,0,0,0,0,0,0,0,0,0,0,0,0,0,0,0,0,0,0,0,0,0,0,0,0,0,0,0,0,0,0,0,0,0,0,7,1944170,475249046,139273257,0,0,0,0,0,0,0,0,0,0,0,0,0,0,0,0,0,0,0,0,0,0,0,0,0,0,0,0,0,0,0,0,0,0,0,0,0,12881936384,5289574400,786251,322850,136194089,84,0,97,786432,473350559,811153,6,8622761756,12884901888,7318957,1363545818,0,0,0,0,0,0,0,0,0,0,0,0,0,0,0,0,0,0,46888982,146785538,0,468,1202,7661,620,93778801,35,0,0,0,0,0,0,0,1,0,0,0,0,0,0,0,0,0,0,56540967,0,136189585,2299307,0,0,0,0,0,0,0,0,16384,0,0,0,0,0,0,0,0,0,0,0,7755,445,0,0,0,0,0,142541728,0,167,0,2,445,7755,0,0,0,0,0,0,0,0,0,0,0,0,0,0,0,0,0,0,0,0,0,0,0,0,0,0,0,0,0,0,0,0,0,0,0,0,0,0,0,0,0,0,0,0,0,0,0,0,0,0,0,0,0,0,717136062,0,0,0,979606246,0,0,0,0,0,0,0,191563362,473302040,861037713,396135946752,154816231,1,0,0,0,0,0,0,0,0,0,0,0,0,0,0,0,0,0,0,0,0,0,0,0,0,0,0,0,0,0,0,962,0,0,0,0,0,0,0
1782980163.532,0,0,0,0,0,0,0,1751999196,7754056894976,2753577946624,0,0,0,0,0,0,0,0,0,0,0,0,0,0,0,0,0,0,0,0,0,0,0,0,0,0,0,0,0,0,0,0,0,0,0,0,0,0,0,0,0,0,0,0,0,0,0,0,0,0,0,0,0,0,0,0,0,0,7,1944241,475360323,139304140,0,0,0,0,0,0,0,0,0,0,0,0,0,0,0,0,0,0,0,0,0,0,0,0,0,0,0,0,0,0,0,0,0,0,0,0,0,12880068608,5295603712,786136,323218,136221418,198,0,97,786432,473461399,811153,6,8624338592,12884901888,7327311,1363749117,0,0,0,0,0,0,0,0,0,0,0,0,0,0,0,0,0,0,46898287,146794841,0,468,1202,7661,620,93797415,35,0,0,0,0,0,0,0,1,0,0,0,0,0,0,0,0,0,0,56551520,0,136217170,2299664,0,0,0,0,0,0,0,0,16384,0,0,0,0,0,0,0,0,0,0,0,7757,445,0,0,0,0,0,142570014,0,167,0,2,445,7757,0,0,0,0,0,0,0,0,0,0,0,0,0,0,0,0,0,0,0,0,0,0,0,0,0,0,0,0,0,0,0,0,0,0,0,0,0,0,0,0,0,0,0,0,0,0,0,0,0,0,0,0,0,0,717273423,0,0,0,979763487,0,0,0,0,0,0,0,191581852,473412507,861209358,396208126464,154826743,1,0,0,0,0,0,0,0,0,0,0,0,0,0,0,0,0,0,0,0,0,0,0,0,0,0,0,0,0,0,0,1389,0,0,0,0,0,0,0
1782980164.619,0,0,0,0,0,0,0,1752298923,7755784718848,2754159711744,0,0,0,0,0,0,0,0,0,0,0,0,0,0,0,0,0,0,0,0,0,0,0,0,0,0,0,0,0,0,0,0,0,0,0,0,0,0,0,0,0,0,0,0,0,0,0,0,0,0,0,0,0,0,0,0,0,0,7,1944289,475466591,139334716,0,0,0,0,0,0,0,0,0,0,0,0,0,0,0,0,0,0,0,0,0,0,0,0,0,0,0,0,0,0,0,0,0,0,0,0,0,12883329024,5277663232,786336,322123,136246272,0,0,96,786432,473567279,811153,6,8625842305,12884901888,7337871,1363943982,0,0,0,0,0,0,0,0,0,0,0,0,0,0,0,0,0,0,46907193,146803751,0,468,1202,7661,620,93815225,35,0,0,0,0,0,0,0,1,0,0,0,0,0,0,0,0,0,0,56561627,0,136243048,2299993,0,0,0,0,0,0,0,0,16384,0,0,0,0,0,0,0,0,0,0,0,7758,445,0,0,0,0,0,142597106,0,167,0,2,445,7758,0,0,0,0,0,0,0,0,0,0,0,0,0,0,0,0,0,0,0,0,0,0,0,0,0,0,0,0,0,0,0,0,0,0,0,0,0,0,0,0,0,0,0,0,0,0,0,0,0,0,0,0,0,0,717405680,0,0,0,979914434,0,0,0,0,0,0,0,191601517,473517959,861376872,396277117952,154837673,1,1,0,0,0,0,0,0,0,0,0,0,0,0,0,0,0,0,0,0,0,0,0,0,0,0,0,0,0,0,0,697,0,0,0,0,0,0,0
1782980165.701,0,0,0,0,0,0,0,1752590822,7757454199296,2754727725056,0,0,0,0,0,0,0,0,0,0,0,0,0,0,0,0,0,0,0,0,0,0,0,0,0,0,0,0,0,0,0,0,0,0,0,0,0,0,0,0,0,0,0,0,0,0,0,0,0,0,0,0,0,0,0,0,0,0,7,1944337,475569234,139364750,0,0,0,0,0,0,0,0,0,0,0,0,0,0,0,0,0,0,0,0,0,0,0,0,0,0,0,0,0,0,0,0,0,0,0,0,0,12882771968,5253070848,786302,320622,136269836,33,0,96,786432,473669558,811153,6,8627302650,12884901888,7352516,1364131861,0,0,0,0,0,0,0,0,0,0,0,0,0,0,0,0,0,0,46915770,146812324,0,468,1202,7661,620,93832385,35,0,0,0,0,0,0,0,1,0,0,0,0,0,0,0,0,0,0,56571330,0,136267892,2300305,0,0,0,0,0,0,0,0,16384,0,0,0,0,0,0,0,0,0,0,0,7759,445,0,0,0,0,0,142623160,0,167,0,2,445,7759,0,0,0,0,0,0,0,0,0,0,0,0,0,0,0,0,0,0,0,0,0,0,0,0,0,0,0,0,0,0,0,0,0,0,0,0,0,0,0,0,0,0,0,0,0,0,0,0,0,0,0,0,0,0,717532994,0,0,0,980059890,0,0,0,0,0,0,0,191623087,473619823,861539334,396343916032,154850209,1,1,0,0,0,0,0,0,0,0,0,0,0,0,0,0,0,0,0,0,0,0,0,0,0,0,0,0,0,0,0,1286,0,0,0,0,0,0,0
1782980166.782,0,0,0,0,0,0,0,1752889617,7759172323840,2755310806528,0,0,0,0,0,0,0,0,0,0,0,0,0,0,0,0,0,0,0,0,0,0,0,0,0,0,0,0,0,0,0,0,0,0,0,0,0,0,0,0,0,0,0,0,0,0,0,0,0,0,0,0,0,0,0,0,0,0,7,1944380,475674860,139395845,0,0,0,0,0,0,0,0,0,0,0,0,0,0,0,0,0,0,0,0,0,0,0,0,0,0,0,0,0,0,0,0,0,0,0,0,0,12880281600,5225693184,786151,318951,136299285,183,0,100,786432,473774779,811153,6,8628799500,12884901888,7363920,1364325296,0,0,0,0,0,0,0,0,0,0,0,0,0,0,0,0,0,0,46924608,146821162,0,468,1202,7661,620,93850050,35,0,0,0,0,0,0,0,1,0,0,0,0,0,0,0,0,0,0,56581333,0,136294781,2300632,0,0,0,0,0,0,0,0,16384,0,0,0,0,0,0,0,0,0,0,0,7760,446,0,0,0,0,0,142650020,0,171,0,3,446,7760,0,0,0,0,1,0,0,0,0,0,0,0,0,0,0,0,0,0,0,0,0,0,0,0,0,0,0,0,0,0,0,0,0,0,0,0,0,0,0,0,0,0,0,0,0,0,0,0,0,0,0,0,0,0,717664561,0,0,0,980209565,0,0,0,0,0,0,0,191641945,473724663,861706209,396412583424,154860830,1,0,0,0,0,0,0,0,0,0,0,0,0,0,0,0,0,0,0,0,0,0,0,0,0,0,0,0,0,0,0,1022,0,0,0,0,0,0,0
1782980167.861,0,0,0,0,0,0,0,1753209164,7761002842624,2755899177984,0,0,0,0,0,0,0,0,0,0,0,0,0,0,0,0,0,0,0,0,0,0,0,0,0,0,0,0,0,0,0,0,0,0,0,0,0,0,0,0,0,0,0,0,0,0,0,0,0,0,0,0,0,0,0,0,0,0,7,1944427,475787397,139426676,0,0,0,0,0,0,0,0,0,0,0,0,0,0,0,0,0,0,0,0,0,0,0,0,0,0,0,0,0,0,0,0,0,0,0,0,0,12880314368,5233426432,786152,319423,136326905,183,0,96,786432,473886906,811153,6,8630400785,12884901888,7370944,1364533288,0,0,0,0,0,0,0,0,0,0,0,0,0,0,0,0,0,0,46934042,146830599,0,468,1202,7661,620,93868927,35,0,0,0,0,0,0,0,1,0,0,0,0,0,0,0,0,0,0,56592025,0,136322475,2300991,0,0,0,0,0,0,0,0,16384,0,0,0,0,0,0,0,0,0,0,0,7761,446,0,0,0,0,0,142678698,0,171,0,3,446,7761,0,0,0,0,0,0,0,0,0,0,0,0,0,0,0,0,0,0,0,0,0,0,0,0,0,0,0,0,0,0,0,0,0,0,0,0,0,0,0,0,0,0,0,0,0,0,0,0,0,0,0,0,0,0,717802721,0,0,0,980369875,0,0,0,0,0,0,0,191660758,473836366,861878388,396484965888,154871840,0,1,0,0,0,0,0,0,0,0,0,0,0,0,0,0,0,0,0,0,0,0,0,0,0,0,0,0,0,0,0,524,0,0,0,0,0,0,0
1782980168.951,0,0,0,0,0,0,0,1753527214,7762825726464,2756485441536,0,0,0,0,0,0,0,0,0,0,0,0,0,0,0,0,0,0,0,0,0,0,0,0,0,0,0,0,0,0,0,0,0,0,0,0,0,0,0,0,0,0,0,0,0,0,0,0,0,0,0,0,0,0,0,0,0,0,7,1944472,475899535,139457449,0,0,0,0,0,0,0,0,0,0,0,0,0,0,0,0,0,0,0,0,0,0,0,0,0,0,0,0,0,0,0,0,0,0,0,0,0,12878725120,5239799808,786054,319812,136354054,278,0,100,786432,473998579,811153,6,8631991349,12884901888,7378998,1364736134,0,0,0,0,0,0,0,0,0,0,0,0,0,0,0,0,0,0,46943438,146839995,0,468,1202,7661,620,93887720,35,0,0,0,0,0,0,0,1,0,0,0,0,0,0,0,0,0,0,56602683,0,136349550,2301339,0,0,0,0,0,0,0,0,16384,0,0,0,0,0,0,0,0,0,0,0,7762,446,0,0,0,0,0,142707255,0,171,0,3,446,7762,0,0,0,0,0,0,0,0,0,0,0,0,0,0,0,0,0,0,0,0,0,0,0,0,0,0,0,0,0,0,0,0,0,0,0,0,0,0,0,0,0,0,0,0,0,0,0,0,0,0,0,0,0,0,717939869,0,0,0,980528261,0,0,0,0,0,0,0,191679897,473947634,862049961,396556754432,154882930,1,0,0,0,0,0,0,0,0,0,0,0,0,0,0,0,0,0,0,0,0,0,0,0,0,0,0,0,0,0,0,1459,0,0,0,0,0,0,0
1782980170.036,0,0,0,0,0,0,0,1753841465,7764629375488,2757067046912,0,0,0,0,0,0,0,0,0,0,0,0,0,0,0,0,0,0,0,0,0,0,0,0,0,0,0,0,0,0,0,0,0,0,0,0,0,0,0,0,0,0,0,0,0,0,0,0,0,0,0,0,0,0,0,0,0,0,7,1944527,476010492,139487972,0,0,0,0,0,0,0,0,0,0,0,0,0,0,0,0,0,0,0,0,0,0,0,0,0,0,0,0,0,0,0,0,0,0,0,0,0,12879495168,5244354560,786101,320090,136380708,219,0,112,786432,474109132,811153,6,8633567529,12884901888,7385527,1364941092,0,0,0,0,0,0,0,0,0,0,0,0,0,0,0,0,0,0,46952732,146849288,0,468,1202,7661,620,93906320,35,0,0,0,0,0,0,0,1,0,0,0,0,0,0,0,0,0,0,56613218,0,136376204,2301689,0,0,0,0,0,0,0,0,16384,0,0,0,0,0,0,0,0,0,0,0,7764,446,0,0,0,0,0,142735469,0,171,0,3,446,7764,0,0,0,0,0,0,0,0,0,0,0,0,0,0,0,0,0,0,0,0,0,0,0,0,0,0,0,0,0,0,0,0,0,0,0,0,0,0,0,0,0,0,0,0,0,0,0,0,0,0,0,0,0,0,718074991,0,0,0,980686319,0,0,0,0,0,0,0,191699501,474057713,862219506,396627845632,154894032,1,0,0,0,0,0,0,0,0,0,0,0,0,0,0,0,0,0,0,0,0,0,0,0,0,0,0,0,0,0,0,733,0,0,0,0,0,0,0
1782980171.122,0,0,0,0,0,0,0,1754146330,7766379186688,2757632230400,0,0,0,0,0,0,0,0,0,0,0,0,0,0,0,0,0,0,0,0,0,0,0,0,0,0,0,0,0,0,0,0,0,0,0,0,0,0,0,0,0,0,0,0,0,0,0,0,0,0,0,0,0,0,0,0,0,0,7,1944581,476118052,139517599,0,0,0,0,0,0,0,0,0,0,0,0,0,0,0,0,0,0,0,0,0,0,0,0,0,0,0,0,0,0,0,0,0,0,0,0,0,12876496896,5249728512,785918,320418,136406277,413,0,98,786432,474216321,811153,6,8635091825,12884901888,7394961,1365136642,0,0,0,0,0,0,0,0,0,0,0,0,0,0,0,0,0,0,46961728,146858280,0,468,1202,7661,620,93924306,35,0,0,0,0,0,0,0,1,0,0,0,0,0,0,0,0,0,0,56623408,0,136401773,2302020,0,0,0,0,0,0,0,0,16384,0,0,0,0,0,0,0,0,0,0,0,7765,446,0,0,0,0,0,142762819,0,171,0,3,446,7765,0,0,0,0,0,0,0,0,0,0,0,0,0,0,0,0,0,0,0,0,0,0,0,0,0,0,0,0,0,0,0,0,0,0,0,0,0,0,0,0,0,0,0,0,0,0,0,0,0,0,0,0,0,0,718208060,0,0,0,980838069,0,0,0,0,0,0,0,191719505,474164484,862386157,396697613312,154905752,1,1,0,0,0,0,0,0,0,0,0,0,0,0,0,0,0,0,0,0,0,0,0,0,0,0,0,0,0,0,0,1426,0,0,0,0,0,0,0
1782980172.210,0,0,0,0,0,0,0,1754468104,7768227482112,2758225960448,0,0,0,0,0,0,0,0,0,0,0,0,0,0,0,0,0,0,0,0,0,0,0,0,0,0,0,0,0,0,0,0,0,0,0,0,0,0,0,0,0,0,0,0,0,0,0,0,0,0,0,0,0,0,0,0,0,0,7,1944630,476231719,139548679,0,0,0,0,0,0,0,0,0,0,0,0,0,0,0,0,0,0,0,0,0,0,0,0,0,0,0,0,0,0,0,0,0,0,0,0,0,12877053952,5257117696,785952,320869,136434292,382,0,97,786432,474329522,811153,6,8636708586,12884901888,7400980,1365347550,0,0,0,0,0,0,0,0,0,0,0,0,0,0,0,0,0,0,46971258,146867816,0,468,1202,7661,620,93943375,35,0,0,0,0,0,0,0,1,0,0,0,0,0,0,0,0,0,0,56634225,0,136429788,2302386,0,0,0,0,0,0,0,0,16384,0,0,0,0,0,0,0,0,0,0,0,7766,446,0,0,0,0,0,142791845,0,171,0,3,446,7766,0,0,0,0,0,0,0,0,0,0,0,0,0,0,0,0,0,0,0,0,0,0,0,0,0,0,0,0,0,0,0,0,0,0,0,0,0,0,0,0,0,0,0,0,0,0,0,0,0,0,0,0,0,0,718348825,0,0,0,981000126,0,0,0,0,0,0,0,191737658,474277275,862561061,396771389440,154916053,1,0,0,0,0,0,0,0,0,0,0,0,0,0,0,0,0,0,0,0,0,0,0,0,0,0,0,0,0,0,0,548,0,0,0,0,0,0,0
1782980173.302,0,0,0,0,0,0,0,1754792035,7770084690432,2758820303360,0,0,0,0,0,0,0,0,0,0,0,0,0,0,0,0,0,0,0,0,0,0,0,0,0,0,0,0,0,0,0,0,0,0,0,0,0,0,0,0,0,0,0,0,0,0,0,0,0,0,0,0,0,0,0,0,0,0,7,1944672,476345875,139579822,0,0,0,0,0,0,0,0,0,0,0,0,0,0,0,0,0,0,0,0,0,0,0,0,0,0,0,0,0,0,0,0,0,0,0,0,0,12881592320,5268799488,786230,321582,136462319,106,0,97,786432,474443216,811153,6,8638326974,12884901888,7407876,1365554420,0,0,0,0,0,0,0,0,0,0,0,0,0,0,0,0,0,0,46980820,146877375,0,468,1202,7661,620,93962487,35,0,0,0,0,0,0,0,1,0,0,0,0,0,0,0,0,0,0,56645060,0,136457815,2302754,0,0,0,0,0,0,0,0,16384,0,0,0,0,0,0,0,0,0,0,0,7767,446,0,0,0,0,0,142820888,0,171,0,3,446,7767,0,0,0,0,0,0,0,0,0,0,0,0,0,0,0,0,0,0,0,0,0,0,0,0,0,0,0,0,0,0,0,0,0,0,0,0,0,0,0,0,0,0,0,0,0,0,0,0,0,0,0,0,0,0,718488280,0,0,0,981161066,0,0,0,0,0,0,0,191755982,474390562,862734667,396844511232,154926565,1,1,0,0,0,0,0,0,0,0,0,0,0,0,0,0,0,0,0,0,0,0,0,0,0,0,0,0,0,0,0,1727,0,0,0,0,0,0,0
1782980174.392,0,0,0,0,0,0,0,1755100636,7771854768640,2759393842176,0,0,0,0,0,0,0,0,0,0,0,0,0,0,0,0,0,0,0,0,0,0,0,0,0,0,0,0,0,0,0,0,0,0,0,0,0,0,0,0,0,0,0,0,0,0,0,0,0,0,0,0,0,0,0,0,0,0,7,1944721,476454751,139609923,0,0,0,0,0,0,0,0,0,0,0,0,0,0,0,0,0,0,0,0,0,0,0,0,0,0,0,0,0,0,0,0,0,0,0,0,0,12876988416,5269536768,785948,321627,136488446,387,0,97,786432,474551700,811153,6,8639874972,12884901888,7417213,1365756100,0,0,0,0,0,0,0,0,0,0,0,0,0,0,0,0,0,0,46989952,146886509,0,468,1202,7661,620,93980754,35,0,0,0,0,0,0,0,1,0,0,0,0,0,0,0,0,0,0,56655397,0,136483942,2303084,0,0,0,0,0,0,0,0,16384,0,0,0,0,0,0,0,0,0,0,0,7768,446,0,0,0,0,0,142848635,0,171,0,3,446,7768,0,0,0,0,0,0,0,0,0,0,0,0,0,0,0,0,0,0,0,0,0,0,0,0,0,0,0,0,0,0,0,0,0,0,0,0,0,0,0,0,0,0,0,0,0,0,0,0,0,0,0,0,0,0,718622929,0,0,0,981316626,0,0,0,0,0,0,0,191775383,474498583,862903459,396915120128,154937820,0,1,0,0,0,0,0,0,0,0,0,0,0,0,0,0,0,0,0,0,0,0,0,0,0,0,0,0,0,0,0,808,0,0,0,0,0,0,0
1782980175.480,0,0,0,0,0,0,0,1755413391,7773649226240,2759968902144,0,0,0,0,0,0,0,0,0,0,0,0,0,0,0,0,0,0,0,0,0,0,0,0,0,0,0,0,0,0,0,0,0,0,0,0,0,0,0,0,0,0,0,0,0,0,0,0,0,0,0,0,0,0,0,0,0,0,7,1944759,476565110,139640024,0,0,0,0,0,0,0,0,0,0,0,0,0,0,0,0,0,0,0,0,0,0,0,0,0,0,0,0,0,0,0,0,0,0,0,0,0,12878856192,5276614656,786062,322059,136514758,269,0,99,786432,474661640,811153,6,8641441808,12884901888,7424471,1365958526,0,0,0,0,0,0,0,0,0,0,0,0,0,0,0,0,0,0,46999198,146895753,0,468,1202,7661,620,93999244,35,0,0,0,0,0,0,0,1,0,0,0,0,0,0,0,0,0,0,56665909,0,136510254,2303436,0,0,0,0,0,0,0,0,16384,0,0,0,0,0,0,0,0,0,0,0,7769,446,0,0,0,0,0,142876721,0,171,0,3,446,7769,0,0,0,0,0,0,0,0,0,0,0,0,0,0,0,0,0,0,0,0,0,0,0,0,0,0,0,0,0,0,0,0,0,0,0,0,0,0,0,0,0,0,0,0,0,0,0,0,0,0,0,0,0,0,718759111,0,0,0,981473675,0,0,0,0,0,0,0,191794709,474608104,863073556,396986343936,154948817,1,1,0,0,0,0,0,0,0,0,0,0,0,0,0,0,0,0,0,0,0,0,0,0,0,0,0,0,0,0,0,534,0,0,0,0,0,0,0
1782980176.565,0,0,0,0,0,0,0,1755713102,7775369333248,2760542999040,0,0,0,0,0,0,0,0,0,0,0,0,0,0,0,0,0,0,0,0,0,0,0,0,0,0,0,0,0,0,0,0,0,0,0,0,0,0,0,0,0,0,0,0,0,0,0,0,0,0,0,0,0,0,0,0,0,0,7,1944811,476670890,139670114,0,0,0,0,0,0,0,0,0,0,0,0,0,0,0,0,0,0,0,0,0,0,0,0,0,0,0,0,0,0,0,0,0,0,0,0,0,12882788352,5263245312,786303,321243,136539385,26,0,102,786432,474767017,811153,6,8642942552,12884901888,7435951,1366151948,0,0,0,0,0,0,0,0,0,0,0,0,0,0,0,0,0,0,47008047,146904604,0,468,1202,7661,620,94016957,35,0,0,0,0,0,0,0,1,0,0,0,0,0,0,0,0,0,0,56675937,0,136535649,2303770,0,0,0,0,0,0,0,0,16384,0,0,0,0,0,0,0,0,0,0,0,7770,446,0,0,0,0,0,142903627,0,171,0,3,446,7770,0,0,0,0,0,0,0,0,0,0,0,0,0,0,0,0,0,0,0,0,0,0,0,0,0,0,0,0,0,0,0,0,0,0,0,0,0,0,0,0,0,0,0,0,0,0,0,0,0,0,0,0,0,0,718890622,0,0,0,981623171,0,0,0,0,0,0,0,191814972,474713066,863239581,397055360512,154960441,1,1,0,0,0,0,0,0,0,0,0,0,0,0,0,0,0,0,0,0,0,0,0,0,0,0,0,0,0,0,0,864,0,0,0,0,0,0,0
1782980177.645,0,0,0,0,0,0,0,1756019503,7777128368640,2761134159360,0,0,0,0,0,0,0,0,0,0,0,0,0,0,0,0,0,0,0,0,0,0,0,0,0,0,0,0,0,0,0,0,0,0,0,0,0,0,0,0,0,0,0,0,0,0,0,0,0,0,0,0,0,0,0,0,0,0,7,1944869,476779081,139701397,0,0,0,0,0,0,0,0,0,0,0,0,0,0,0,0,0,0,0,0,0,0,0,0,0,0,0,0,0,0,0,0,0,0,0,0,0,12883312640,5240782848,786335,319872,136564715,0,0,97,786432,474874781,811153,6,8644472250,12884901888,7445881,1366347395,0,0,0,0,0,0,0,0,0,0,0,0,0,0,0,0,0,0,47017091,146913651,0,468,1202,7661,620,94035038,35,0,0,0,0,0,0,0,1,0,0,0,0,0,0,0,0,0,0,56686179,0,136562259,2304104,0,0,0,0,0,0,0,0,16384,0,0,0,0,0,0,0,0,0,0,0,7771,446,0,0,0,0,0,142931171,0,171,0,3,446,7771,0,0,0,0,0,0,0,0,0,0,0,0,0,0,0,0,0,0,0,0,0,0,0,0,0,0,0,0,0,0,0,0,0,0,0,0,0,0,0,0,0,0,0,0,0,0,0,0,0,0,0,0,0,0,719023822,0,0,0,981775460,0,0,0,0,0,0,0,191834460,474820383,863408510,397125208064,154971253,1,0,0,0,0,0,0,0,0,0,0,0,0,0,0,0,0,0,0,0,0,0,0,0,0,0,0,0,0,0,0,1984,0,0,0,0,0,0,0
1782980178.725,0,0,0,0,0,0,0,1756337516,7778951825920,2761747393536,0,0,0,0,0,0,0,0,0,0,0,0,0,0,0,0,0,0,0,0,0,0,0,0,0,0,0,0,0,0,0,0,0,0,0,0,0,0,0,0,0,0,0,0,0,0,0,0,0,0,0,0,0,0,0,0,0,0,7,1944926,476891178,139733731,0,0,0,0,0,0,0,0,0,0,0,0,0,0,0,0,0,0,0,0,0,0,0,0,0,0,0,0,0,0,0,0,0,0,0,0,0,12882214912,5218320384,786270,318501,136592541,69,0,100,786432,474986425,811153,6,8646068423,12884901888,7453050,1366555733,0,0,0,0,0,0,0,0,0,0,0,0,0,0,0,0,0,0,47026507,146923062,0,468,1202,7661,620,94053867,35,0,0,0,0,0,0,0,1,0,0,0,0,0,0,0,0,0,0,56696859,0,136591877,2304462,0,0,0,0,0,0,0,0,16384,0,0,0,0,0,0,0,0,0,0,0,7772,446,0,0,0,0,0,142959746,0,171,0,3,446,7772,0,0,0,0,0,0,0,0,0,0,0,0,0,0,0,0,0,0,0,0,0,0,0,0,0,0,0,0,0,0,0,0,0,0,0,0,0,0,0,0,0,0,0,0,0,0,0,0,0,0,0,0,0,0,719163016,0,0,0,981936136,0,0,0,0,0,0,0,191852099,474931619,863583147,397198141952,154981188,1,1,0,0,0,0,0,0,0,0,0,0,0,0,0,0,0,0,0,0,0,0,0,0,0,0,0,0,0,0,0,683,0,0,0,0,0,0,0
1782980179.804,0,0,0,0,0,0,0,1756641117,7780701080064,2762317692928,0,0,0,0,0,0,0,0,0,0,0,0,0,0,0,0,0,0,0,0,0,0,0,0,0,0,0,0,0,0,0,0,0,0,0,0,0,0,0,0,0,0,0,0,0,0,0,0,0,0,0,0,0,0,0,0,0,0,7,1944979,476998713,139763744,0,0,0,0,0,0,0,0,0,0,0,0,0,0,0,0,0,0,0,0,0,0,0,0,0,0,0,0,0,0,0,0,0,0,0,0,0,12881838080,5217665024,786245,318461,136622681,89,0,98,786432,475093593,811153,6,8647584676,12884901888,7462331,1366747643,0,0,0,0,0,0,0,0,0,0,0,0,0,0,0,0,0,0,47035472,146932030,0,468,1202,7661,620,94071794,35,0,0,0,0,0,0,0,1,0,0,0,0,0,0,0,0,0,0,56707012,0,136618263,2304803,0,0,0,0,0,0,0,0,16384,0,0,0,0,0,0,0,0,0,0,0,7773,446,0,0,0,0,0,142987022,0,171,0,3,446,7773,0,0,0,0,0,0,0,0,0,0,0,0,0,0,0,0,0,0,0,0,0,0,0,0,0,0,0,0,0,0,0,0,0,0,0,0,0,0,0,0,0,0,0,0,0,0,0,0,0,0,0,0,0,0,719292668,0,0,0,982086206,0,0,0,0,0,0,0,191871331,475038419,863746450,397266269184,154992690,1,0,0,0,0,0,0,0,0,0,0,0,0,0,0,0,0,0,0,0,0,0,0,0,0,0,0,0,0,0,0,2551,0,0,0,0,0,0,0
1782980180.890,0,0,0,0,0,0,0,1756941507,7782427986432,2762876156928,0,0,0,0,0,0,0,0,0,0,0,0,0,0,0,0,0,0,0,0,0,0,0,0,0,0,0,0,0,0,0,0,0,0,0,0,0,0,0,0,0,0,0,0,0,0,0,0,0,0,0,0,0,0,0,0,0,0,7,1945025,477104904,139792961,0,0,0,0,0,0,0,0,0,0,0,0,0,0,0,0,0,0,0,0,0,0,0,0,0,0,0,0,0,0,0,0,0,0,0,0,0,12879921152,5226315776,786128,318989,136647027,208,0,96,786432,475199430,811153,6,8649093295,12884901888,7474268,1366945735,0,0,0,0,0,0,0,0,0,0,0,0,0,0,0,0,0,0,47044355,146940916,0,468,1202,7661,620,94089557,35,0,0,0,0,0,0,0,1,0,0,0,0,0,0,0,0,0,0,56717078,0,136642523,2305128,0,0,0,0,0,0,0,0,16384,0,0,0,0,0,0,0,0,0,0,0,7774,446,0,0,0,0,0,143014002,0,171,0,3,446,7774,0,0,0,0,0,0,0,0,0,0,0,0,0,0,0,0,0,0,0,0,0,0,0,0,0,0,0,0,0,0,0,0,0,0,0,0,0,0,0,0,0,0,0,0,0,0,0,0,0,0,0,0,0,0,719425051,0,0,0,982238308,0,0,0,0,0,0,0,191892833,475143725,863912918,397335519232,155005132,1,1,0,0,0,0,0,0,0,0,0,0,0,0,0,0,0,0,0,0,0,0,0,0,0,0,0,0,0,0,0,870,0,0,0,0,0,0,0
1782980181.977,0,0,0,0,0,0,0,1757243627,7784154106368,2763432358912,0,0,0,0,0,0,0,0,0,0,0,0,0,0,0,0,0,0,0,0,0,0,0,0,0,0,0,0,0,0,0,0,0,0,0,0,0,0,0,0,0,0,0,0,0,0,0,0,0,0,0,0,0,0,0,0,0,0,7,1945065,477211055,139822070,0,0,0,0,0,0,0,0,0,0,0,0,0,0,0,0,0,0,0,0,0,0,0,0,0,0,0,0,0,0,0,0,0,0,0,0,0,12878479360,5233754112,786040,319443,136672117,296,0,96,786432,475305209,811153,6,8650602445,12884901888,7484699,1367138315,0,0,0,0,0,0,0,0,0,0,0,0,0,0,0,0,0,0,47053290,146949845,0,468,1202,7661,620,94107429,35,0,0,0,0,0,0,0,1,0,0,0,0,0,0,0,0,0,0,56727199,0,136667613,2305458,0,0,0,0,0,0,0,0,16384,0,0,0,0,0,0,0,0,0,0,0,7776,446,0,0,0,0,0,143041129,0,171,0,3,446,7776,0,0,0,0,0,0,0,0,0,0,0,0,0,0,0,0,0,0,0,0,0,0,0,0,0,0,0,0,0,0,0,0,0,0,0,0,0,0,0,0,0,0,0,0,0,0,0,0,0,0,0,0,0,0,719555287,0,0,0,982388798,0,0,0,0,0,0,0,191912645,475249043,864076286,397403768832,155016739,1,0,0,0,0,0,0,0,0,0,0,0,0,0,0,0,0,0,0,0,0,0,0,0,0,0,0,0,0,0,0,1651,0,0,0,0,0,0,0
1782980183.061,0,0,0,0,0,0,0,1757544400,7785877064192,2763986531328,0,0,0,0,0,0,0,0,0,0,0,0,0,0,0,0,0,0,0,0,0,0,0,0,0,0,0,0,0,0,0,0,0,0,0,0,0,0,0,0,0,0,0,0,0,0,0,0,0,0,0,0,0,0,0,0,0,0,7,1945123,477317002,139851201,0,0,0,0,0,0,0,0,0,0,0,0,0,0,0,0,0,0,0,0,0,0,0,0,0,0,0,0,0,0,0,0,0,0,0,0,0,12880642048,5239521280,786172,319795,136697212,162,0,97,786432,475410780,811153,6,8652109443,12884901888,7495515,1367333155,0,0,0,0,0,0,0,0,0,0,0,0,0,0,0,0,0,0,47062172,146958733,0,468,1202,7661,620,94125194,35,0,0,0,0,0,0,0,1,0,0,0,0,0,0,0,0,0,0,56737258,0,136692708,2305783,0,0,0,0,0,0,0,0,16384,0,0,0,0,0,0,0,0,0,0,0,7777,446,0,0,0,0,0,143068133,0,171,0,3,446,7777,0,0,0,0,0,0,0,0,0,0,0,0,0,0,0,0,0,0,0,0,0,0,0,0,0,0,0,0,0,0,0,0,0,0,0,0,0,0,0,0,0,0,0,0,0,0,0,0,0,0,0,0,0,0,719684368,0,0,0,982539421,0,0,0,0,0,0,0,191933040,475354159,864238568,397471552512,155028807,0,0,0,0,0,0,0,0,0,0,0,0,0,0,0,0,0,0,0,0,0,0,0,0,0,0,0,0,0,0,0,1581,0,0,0,0,0,0,0
1782980184.149,0,0,0,0,0,0,0,1757863900,7787708795392,2764574645760,0,0,0,0,0,0,0,0,0,0,0,0,0,0,0,0,0,0,0,0,0,0,0,0,0,0,0,0,0,0,0,0,0,0,0,0,0,0,0,0,0,0,0,0,0,0,0,0,0,0,0,0,0,0,0,0,0,0,7,1945169,477429622,139881981,0,0,0,0,0,0,0,0,0,0,0,0,0,0,0,0,0,0,0,0,0,0,0,0,0,0,0,0,0,0,0,0,0,0,0,0,0,12880199680,5247434752,786145,320278,136724751,190,0,96,786432,475522973,811153,6,8653709281,12884901888,7503201,1367539283,0,0,0,0,0,0,0,0,0,0,0,0,0,0,0,0,0,0,47071618,146968177,0,468,1202,7661,620,94144100,35,0,0,0,0,0,0,0,1,0,0,0,0,0,0,0,0,0,0,56747970,0,136720247,2306144,0,0,0,0,0,0,0,0,16384,0,0,0,0,0,0,0,0,0,0,0,7778,446,0,0,0,0,0,143096796,0,171,0,3,446,7778,0,0,0,0,0,0,0,0,0,0,0,0,0,0,0,0,0,0,0,0,0,0,0,0,0,0,0,0,0,0,0,0,0,0,0,0,0,0,0,0,0,0,0,0,0,0,0,0,0,0,0,0,0,0,719822631,0,0,0,982699503,0,0,0,0,0,0,0,191951636,475465884,864410842,397544131072,155039603,1,0,0,0,0,0,0,0,0,0,0,0,0,0,0,0,0,0,0,0,0,0,0,0,0,0,0,0,0,0,0,1399,0,0,0,0,0,0,0
1782980185.240,0,0,0,0,0,0,0,1758162396,7789416253952,2765131557888,0,0,0,0,0,0,0,0,0,0,0,0,0,0,0,0,0,0,0,0,0,0,0,0,0,0,0,0,0,0,0,0,0,0,0,0,0,0,0,0,0,0,0,0,0,0,0,0,0,0,0,0,0,0,0,0,0,0,7,1945222,477534599,139911124,0,0,0,0,0,0,0,0,0,0,0,0,0,0,0,0,0,0,0,0,0,0,0,0,0,0,0,0,0,0,0,0,0,0,0,0,0,12877774848,5250187264,785997,320446,136749686,338,0,96,786432,475627601,811153,6,8655201975,12884901888,7514119,1367732025,0,0,0,0,0,0,0,0,0,0,0,0,0,0,0,0,0,0,47080426,146976986,0,468,1202,7661,620,94161699,35,0,0,0,0,0,0,0,1,0,0,0,0,0,0,0,0,0,0,56757943,0,136745182,2306463,0,0,0,0,0,0,0,0,16384,0,0,0,0,0,0,0,0,0,0,0,7779,446,0,0,0,0,0,143123596,0,171,0,3,446,7779,0,0,0,0,0,0,0,0,0,0,0,0,0,0,0,0,0,0,0,0,0,0,0,0,0,0,0,0,0,0,0,0,0,0,0,0,0,0,0,0,0,0,0,0,0,0,0,0,0,0,0,0,0,0,719954537,0,0,0,982848426,0,0,0,0,0,0,0,191969379,475570152,864576114,397613291520,155049132,1,0,0,0,0,0,0,0,0,0,0,0,0,0,0,0,0,0,0,0,0,0,0,0,0,0,0,0,0,0,0,1742,0,0,0,0,0,0,0
1782980186.329,0,0,0,0,0,0,0,1758472792,7791194884608,2765709519872,0,0,0,0,0,0,0,0,0,0,0,0,0,0,0,0,0,0,0,0,0,0,0,0,0,0,0,0,0,0,0,0,0,0,0,0,0,0,0,0,0,0,0,0,0,0,0,0,0,0,0,0,0,0,0,0,0,0,7,1945276,477643920,139941253,0,0,0,0,0,0,0,0,0,0,0,0,0,0,0,0,0,0,0,0,0,0,0,0,0,0,0,0,0,0,0,0,0,0,0,0,0,12878790656,5257216000,786058,320876,136777091,275,0,98,786432,475736499,811153,6,8656760516,12884901888,7519657,1367936370,0,0,0,0,0,0,0,0,0,0,0,0,0,0,0,0,0,0,47089592,146986152,0,468,1202,7661,620,94180048,35,0,0,0,0,0,0,0,1,0,0,0,0,0,0,0,0,0,0,56768348,0,136772587,2306813,0,0,0,0,0,0,0,0,16384,0,0,0,0,0,0,0,0,0,0,0,7780,446,0,0,0,0,0,143151489,0,171,0,3,446,7780,0,0,0,0,0,0,0,0,0,0,0,0,0,0,0,0,0,0,0,0,0,0,0,0,0,0,0,0,0,0,0,0,0,0,0,0,0,0,0,0,0,0,0,0,0,0,0,0,0,0,0,0,0,0,720093409,0,0,0,983004947,0,0,0,0,0,0,0,191984615,475678689,864747866,397686184960,155057563,1,0,0,0,0,0,0,0,0,0,0,0,0,0,0,0,0,0,0,0,0,0,0,0,0,0,0,0,0,0,0,489,0,0,0,0,0,0,0
1782980187.417,0,0,0,0,0,0,0,1758772859,7792919022080,2766273036800,0,0,0,0,0,0,0,0,0,0,0,0,0,0,0,0,0,0,0,0,0,0,0,0,0,0,0,0,0,0,0,0,0,0,0,0,0,0,0,0,0,0,0,0,0,0,0,0,0,0,0,0,0,0,0,0,0,0,7,1945331,477749956,139970821,0,0,0,0,0,0,0,0,0,0,0,0,0,0,0,0,0,0,0,0,0,0,0,0,0,0,0,0,0,0,0,0,0,0,0,0,0,12881166336,5255921664,786205,320796,136802722,122,0,104,786432,475842133,811153,6,8658261811,12884901888,7530071,1368129460,0,0,0,0,0,0,0,0,0,0,0,0,0,0,0,0,0,0,47098465,146995028,0,468,1202,7661,620,94197783,35,0,0,0,0,0,0,0,1,0,0,0,0,0,0,0,0,0,0,56778400,0,136798218,2307144,0,0,0,0,0,0,0,0,16384,0,0,0,0,0,0,0,0,0,0,0,7781,446,0,0,0,0,0,143178471,0,171,0,3,446,7781,0,0,0,0,0,0,0,0,0,0,0,0,0,0,0,0,0,0,0,0,0,0,0,0,0,0,0,0,0,0,0,0,0,0,0,0,0,0,0,0,0,0,0,0,0,0,0,0,0,0,0,0,0,0,720225937,0,0,0,983155017,0,0,0,0,0,0,0,192001818,475783842,864913918,397755657728,155066912,1,0,0,0,0,0,0,0,0,0,0,0,0,0,0,0,0,0,0,0,0,0,0,0,0,0,0,0,0,0,0,682,0,0,0,0,0,0,0
1782980188.504,0,0,0,0,0,0,0,1759062034,7794573593088,2766818029568,0,0,0,0,0,0,0,0,0,0,0,0,0,0,0,0,0,0,0,0,0,0,0,0,0,0,0,0,0,0,0,0,0,0,0,0,0,0,0,0,0,0,0,0,0,0,0,0,0,0,0,0,0,0,0,0,0,0,7,1945382,477851615,139999291,0,0,0,0,0,0,0,0,0,0,0,0,0,0,0,0,0,0,0,0,0,0,0,0,0,0,0,0,0,0,0,0,0,0,0,0,0,12878151680,5253382144,786020,320641,136826795,316,0,96,786432,475943414,811153,6,8659710684,12884901888,7541988,1368316905,0,0,0,0,0,0,0,0,0,0,0,0,0,0,0,0,0,0,47106995,147003555,0,468,1202,7661,620,94214856,35,0,0,0,0,0,0,0,1,0,0,0,0,0,0,0,0,0,0,56788052,0,136822291,2307458,0,0,0,0,0,0,0,0,16384,0,0,0,0,0,0,0,0,0,0,0,7782,446,0,0,0,0,0,143204408,0,171,0,3,446,7782,0,0,0,0,0,0,0,0,0,0,0,0,0,0,0,0,0,0,0,0,0,0,0,0,0,0,0,0,0,0,0,0,0,0,0,0,0,0,0,0,0,0,0,0,0,0,0,0,0,0,0,0,0,0,720355223,0,0,0,983299896,0,0,0,0,0,0,0,192019820,475884715,865076110,397823364096,155076829,0,0,0,0,0,0,0,0,0,0,0,0,0,0,0,0,0,0,0,0,0,0,0,0,0,0,0,0,0,0,0,429,0,0,0,0,0,0,0
1782980189.593,0,0,0,0,0,0,0,1759362127,7796292160000,2767398913024,0,0,0,0,0,0,0,0,0,0,0,0,0,0,0,0,0,0,0,0,0,0,0,0,0,0,0,0,0,0,0,0,0,0,0,0,0,0,0,0,0,0,0,0,0,0,0,0,0,0,0,0,0,0,0,0,0,0,7,1945426,477957267,140029774,0,0,0,0,0,0,0,0,0,0,0,0,0,0,0,0,0,0,0,0,0,0,0,0,0,0,0,0,0,0,0,0,0,0,0,0,0,12883247104,5237686272,786331,319683,136852137,0,0,100,786432,476048683,811153,6,8661209167,12884901888,7552427,1368508925,0,0,0,0,0,0,0,0,0,0,0,0,0,0,0,0,0,0,47115867,147012429,0,468,1202,7661,620,94232583,35,0,0,0,0,0,0,0,1,0,0,0,0,0,0,0,0,0,0,56798095,0,136848657,2307793,0,0,0,0,0,0,0,0,16384,0,0,0,0,0,0,0,0,0,0,0,7783,446,0,0,0,0,0,143231373,0,171,0,3,446,7783,0,0,0,0,0,0,0,0,0,0,0,0,0,0,0,0,0,0,0,0,0,0,0,0,0,0,0,0,0,0,0,0,0,0,0,0,0,0,0,0,0,0,0,0,0,0,0,0,0,0,0,0,0,0,720487821,0,0,0,983449340,0,0,0,0,0,0,0,192036279,475989564,865243121,397892786176,155085475,1,0,0,0,0,0,0,0,0,0,0,0,0,0,0,0,0,0,0,0,0,0,0,0,0,0,0,0,0,0,0,1249,0,0,0,0,0,0,0
1782980190.674,0,0,0,0,0,0,0,1759665066,7798027569664,2767987154944,0,0,0,0,0,0,0,0,0,0,0,0,0,0,0,0,0,0,0,0,0,0,0,0,0,0,0,0,0,0,0,0,0,0,0,0,0,0,0,0,0,0,0,0,0,0,0,0,0,0,0,0,0,0,0,0,0,0,7,1945484,478063972,140060800,0,0,0,0,0,0,0,0,0,0,0,0,0,0,0,0,0,0,0,0,0,0,0,0,0,0,0,0,0,0,0,0,0,0,0,0,0,12883312640,5220253696,786336,318619,136878578,1,0,96,786432,476155019,811153,6,8662726712,12884901888,7558792,1368706026,0,0,0,0,0,0,0,0,0,0,0,0,0,0,0,0,0,0,47124828,147021389,0,468,1202,7661,620,94250508,35,0,0,0,0,0,0,0,1,0,0,0,0,0,0,0,0,0,0,56808258,0,136876634,2308147,0,0,0,0,0,0,0,0,16384,0,0,0,0,0,0,0,0,0,0,0,7784,446,0,0,0,0,0,143258548,0,171,0,3,446,7784,0,0,0,0,0,0,0,0,0,0,0,0,0,0,0,0,0,0,0,0,0,0,0,0,0,0,0,0,0,0,0,0,0,0,0,0,0,0,0,0,0,0,0,0,0,0,0,0,0,0,0,0,0,0,720620933,0,0,0,983601380,0,0,0,0,0,0,0,192051693,476095411,865410189,397962822656,155093860,1,1,0,0,0,0,0,0,0,0,0,0,0,0,0,0,0,0,0,0,0,0,0,0,0,0,0,0,0,0,0,801,0,0,0,0,0,0,0
1782980191.752,0,0,0,0,0,0,0,1759968845,7799772973568,2768574391296,0,0,0,0,0,0,0,0,0,0,0,0,0,0,0,0,0,0,0,0,0,0,0,0,0,0,0,0,0,0,0,0,0,0,0,0,0,0,0,0,0,0,0,0,0,0,0,0,0,0,0,0,0,0,0,0,0,0,7,1945543,478171270,140091757,0,0,0,0,0,0,0,0,0,0,0,0,0,0,0,0,0,0,0,0,0,0,0,0,0,0,0,0,0,0,0,0,0,0,0,0,0,12883279872,5206573056,786333,317784,136905417,0,0,99,786432,476261890,811153,6,8664249387,12884901888,7565972,1368903592,0,0,0,0,0,0,0,0,0,0,0,0,0,0,0,0,0,0,47133803,147030366,0,468,1202,7661,620,94268467,35,0,0,0,0,0,0,0,1,0,0,0,0,0,0,0,0,0,0,56818442,0,136904625,2308496,0,0,0,0,0,0,0,0,16384,0,0,0,0,0,0,0,0,0,0,0,7785,446,0,0,0,0,0,143285885,0,171,0,3,446,7785,0,0,0,0,0,0,0,0,0,0,0,0,0,0,0,0,0,0,0,0,0,0,0,0,0,0,0,0,0,0,0,0,0,0,0,0,0,0,0,0,0,0,0,0,0,0,0,0,0,0,0,0,0,0,720755838,0,0,0,983753637,0,0,0,0,0,0,0,192067362,476201904,865579021,398033673728,155102479,1,0,0,0,0,0,0,0,0,0,0,0,0,0,0,0,0,0,0,0,0,0,0,0,0,0,0,0,0,0,0,492,0,0,0,0,0,0,0
1782980192.832,0,0,0,0,0,0,0,1760280326,7801550473728,2769158307840,0,0,0,0,0,0,0,0,0,0,0,0,0,0,0,0,0,0,0,0,0,0,0,0,0,0,0,0,0,0,0,0,0,0,0,0,0,0,0,0,0,0,0,0,0,0,0,0,0,0,0,0,0,0,0,0,0,0,7,1945587,478280606,140122461,0,0,0,0,0,0,0,0,0,0,0,0,0,0,0,0,0,0,0,0,0,0,0,0,0,0,0,0,0,0,0,0,0,0,0,0,0,12878151680,5204475904,786021,317656,136937332,313,0,97,786432,476370842,811153,6,8665806600,12884901888,7572886,1369102580,0,0,0,0,0,0,0,0,0,0,0,0,0,0,0,0,0,0,47143004,147039566,0,468,1202,7661,620,94286857,35,0,0,0,0,0,0,0,1,0,0,0,0,0,0,0,0,0,0,56828879,0,136932828,2308860,0,0,0,0,0,0,0,0,16384,0,0,0,0,0,0,0,0,0,0,0,7786,446,0,0,0,0,0,143313859,0,171,0,3,446,7786,0,0,0,0,0,0,0,0,0,0,0,0,0,0,0,0,0,0,0,0,0,0,0,0,0,0,0,0,0,0,0,0,0,0,0,0,0,0,0,0,0,0,0,0,0,0,0,0,0,0,0,0,0,0,720892738,0,0,0,983908589,0,0,0,0,0,0,0,192083588,476310422,865749534,398105228800,155111322,1,1,0,0,0,0,0,0,0,0,0,0,0,0,0,0,0,0,0,0,0,0,0,0,0,0,0,0,0,0,0,1639,0,0,0,0,0,0,0
1782980193.911,0,0,0,0,0,0,0,1760592749,7803342408192,2769737052160,0,0,0,0,0,0,0,0,0,0,0,0,0,0,0,0,0,0,0,0,0,0,0,0,0,0,0,0,0,0,0,0,0,0,0,0,0,0,0,0,0,0,0,0,0,0,0,0,0,0,0,0,0,0,0,0,0,0,7,1945623,478390828,140152723,0,0,0,0,0,0,0,0,0,0,0,0,0,0,0,0,0,0,0,0,0,0,0,0,0,0,0,0,0,0,0,0,0,0,0,0,0,12878577664,5212717056,786048,318159,136964659,272,0,117,786432,476480692,811153,6,8667372911,12884901888,7579144,1369305398,0,0,0,0,0,0,0,0,0,0,0,0,0,0,0,0,0,0,47152249,147048809,0,468,1202,7661,620,94305350,35,0,0,0,0,0,0,0,1,0,0,0,0,0,0,0,0,0,0,56839363,0,136960155,2309222,0,0,0,0,0,0,0,0,16384,0,0,0,0,0,0,0,0,0,0,0,7787,446,0,0,0,0,0,143341971,0,171,0,3,446,7787,0,0,0,0,0,0,0,0,0,0,0,0,0,0,0,0,0,0,0,0,0,0,0,0,0,0,0,0,0,0,0,0,0,0,0,0,0,0,0,0,0,0,0,0,0,0,0,0,0,0,0,0,0,0,721031061,0,0,0,984065678,0,0,0,0,0,0,0,192099926,476419786,865921103,398177468928,155120338,1,1,0,0,0,0,0,0,0,0,0,0,0,0,0,0,0,0,0,0,0,0,0,0,0,0,0,0,0,0,0,986,0,0,0,0,0,0,0
1782980194.995,0,0,0,0,0,0,0,1760895684,7805084060160,2770304079872,0,0,0,0,0,0,0,0,0,0,0,0,0,0,0,0,0,0,0,0,0,0,0,0,0,0,0,0,0,0,0,0,0,0,0,0,0,0,0,0,0,0,0,0,0,0,0,0,0,0,0,0,0,0,0,0,0,0,7,1945682,478497836,140182462,0,0,0,0,0,0,0,0,0,0,0,0,0,0,0,0,0,0,0,0,0,0,0,0,0,0,0,0,0,0,0,0,0,0,0,0,0,12878577664,5216092160,786046,318365,136990514,287,0,97,786432,476587308,811153,6,8668886736,12884901888,7589890,1369499467,0,0,0,0,0,0,0,0,0,0,0,0,0,0,0,0,0,0,47161180,147057740,0,468,1202,7661,620,94323222,35,0,0,0,0,0,0,0,1,0,0,0,0,0,0,0,0,0,0,56849468,0,136986010,2309561,0,0,0,0,0,0,0,0,16384,0,0,0,0,0,0,0,0,0,0,0,7789,446,0,0,0,0,0,143369103,0,171,0,3,446,7789,0,0,0,0,0,0,0,0,0,0,0,0,0,0,0,0,0,0,0,0,0,0,0,0,0,0,0,0,0,0,0,0,0,0,0,0,0,0,0,0,0,0,0,0,0,0,0,0,0,0,0,0,0,0,721164115,0,0,0,984216735,0,0,0,0,0,0,0,192117713,476526018,866087731,398247142912,155130127,1,0,0,0,0,0,0,0,0,0,0,0,0,0,0,0,0,0,0,0,0,0,0,0,0,0,0,0,0,0,0,1463,0,0,0,0,0,0,0
1782980196.084,0,0,0,0,0,0,0,1761204750,7806853384704,2770878853632,0,0,0,0,0,0,0,0,0,0,0,0,0,0,0,0,0,0,0,0,0,0,0,0,0,0,0,0,0,0,0,0,0,0,0,0,0,0,0,0,0,0,0,0,0,0,0,0,0,0,0,0,0,0,0,0,0,0,7,1945738,478606609,140212534,0,0,0,0,0,0,0,0,0,0,0,0,0,0,0,0,0,0,0,0,0,0,0,0,0,0,0,0,0,0,0,0,0,0,0,0,0,12875841536,5223809024,785879,318836,137017215,455,0,96,786432,476695699,811153,6,8670433535,12884901888,7596904,1369699340,0,0,0,0,0,0,0,0,0,0,0,0,0,0,0,0,0,0,47170316,147066877,0,468,1202,7661,620,94341491,35,0,0,0,0,0,0,0,1,0,0,0,0,0,0,0,0,0,0,56859823,0,137012711,2309913,0,0,0,0,0,0,0,0,16384,0,0,0,0,0,0,0,0,0,0,0,7790,446,0,0,0,0,0,143396870,0,171,0,3,446,7790,0,0,0,0,0,0,0,0,0,0,0,0,0,0,0,0,0,0,0,0,0,0,0,0,0,0,0,0,0,0,0,0,0,0,0,0,0,0,0,0,0,0,0,0,0,0,0,0,0,0,0,0,0,0,721299679,0,0,0,984371477,0,0,0,0,0,0,0,192134758,476633988,866256767,398318375424,155139395,1,0,0,0,0,0,0,0,0,0,0,0,0,0,0,0,0,0,0,0,0,0,0,0,0,0,0,0,0,0,0,1497,0,0,0,0,0,0,0
1782980197.173,0,0,0,0,0,0,0,1761522359,7808677136896,2771463221248,0,0,0,0,0,0,0,0,0,0,0,0,0,0,0,0,0,0,0,0,0,0,0,0,0,0,0,0,0,0,0,0,0,0,0,0,0,0,0,0,0,0,0,0,0,0,0,0,0,0,0,0,0,0,0,0,0,0,7,1945792,478718780,140243104,0,0,0,0,0,0,0,0,0,0,0,0,0,0,0,0,0,0,0,0,0,0,0,0,0,0,0,0,0,0,0,0,0,0,0,0,0,12875694080,5234180096,785876,319468,137045287,470,0,96,786432,476807447,811153,6,8672027278,12884901888,7602094,1369906509,0,0,0,0,0,0,0,0,0,0,0,0,0,0,0,0,0,0,47179722,147076284,0,468,1202,7661,620,94360295,35,0,0,0,0,0,0,0,1,0,0,0,0,0,0,0,0,0,0,56870487,0,137040783,2310280,0,0,0,0,0,0,0,0,16384,0,0,0,0,0,0,0,0,0,0,0,7791,446,0,0,0,0,0,143425425,0,171,0,3,446,7791,0,0,0,0,0,0,0,0,0,0,0,0,0,0,0,0,0,0,0,0,0,0,0,0,0,0,0,0,0,0,0,0,0,0,0,0,0,0,0,0,0,0,0,0,0,0,0,0,0,0,0,0,0,0,721439727,0,0,0,984531673,0,0,0,0,0,0,0,192151500,476745253,866429930,398391622656,155148876,1,1,0,0,0,0,0,0,0,0,0,0,0,0,0,0,0,0,0,0,0,0,0,0,0,0,0,0,0,0,0,459,0,0,0,0,0,0,0
1782980198.258,0,0,0,0,0,0,0,1761848776,7810542782976,2772059033088,0,0,0,0,0,0,0,0,0,0,0,0,0,0,0,0,0,0,0,0,0,0,0,0,0,0,0,0,0,0,0,0,0,0,0,0,0,0,0,0,0,0,0,0,0,0,0,0,0,0,0,0,0,0,0,0,0,0,7,1945838,478833449,140274284,0,0,0,0,0,0,0,0,0,0,0,0,0,0,0,0,0,0,0,0,0,0,0,0,0,0,0,0,0,0,0,0,0,0,0,0,0,12878020608,5248761856,786012,320359,137074529,323,0,96,786432,476921679,811153,6,8673659422,12884901888,7605505,1370115834,0,0,0,0,0,0,0,0,0,0,0,0,0,0,0,0,0,0,47189385,147085947,0,468,1202,7661,620,94379625,35,0,0,0,0,0,0,0,1,0,0,0,0,0,0,0,0,0,0,56881432,0,137070025,2310665,0,0,0,0,0,0,0,0,16384,0,0,0,0,0,0,0,0,0,0,0,7792,446,0,0,0,0,0,143454809,0,171,0,3,446,7792,0,0,0,0,0,0,0,0,0,0,0,0,0,0,0,0,0,0,0,0,0,0,0,0,0,0,0,0,0,0,0,0,0,0,0,0,0,0,0,0,0,0,0,0,0,0,0,0,0,0,0,0,0,0,721581150,0,0,0,984694793,0,0,0,0,0,0,0,192167332,476859071,866604518,398465568256,155157908,1,0,0,0,0,0,0,0,0,0,0,0,0,0,0,0,0,0,0,0,0,0,0,0,0,0,0,0,0,0,0,884,0,0,0,0,0,0,0
1782980199.347,0,0,0,0,0,0,0,1762173305,7812410640896,2772658723328,0,0,0,0,0,0,0,0,0,0,0,0,0,0,0,0,0,0,0,0,0,0,0,0,0,0,0,0,0,0,0,0,0,0,0,0,0,0,0,0,0,0,0,0,0,0,0,0,0,0,0,0,0,0,0,0,0,0,7,1945898,478948343,140305685,0,0,0,0,0,0,0,0,0,0,0,0,0,0,0,0,0,0,0,0,0,0,0,0,0,0,0,0,0,0,0,0,0,0,0,0,0,12878692352,5258821632,786053,320973,137103333,281,0,98,786432,477036129,811153,6,8675287167,12884901888,7611428,1370326809,0,0,0,0,0,0,0,0,0,0,0,0,0,0,0,0,0,0,47198981,147095540,0,468,1202,7661,620,94398816,35,0,0,0,0,0,0,0,1,0,0,0,0,0,0,0,0,0,0,56892328,0,137098865,2311041,0,0,0,0,0,0,0,0,16384,0,0,0,0,0,0,0,0,0,0,0,7793,446,0,0,0,0,0,143483973,0,171,0,3,446,7793,0,0,0,0,0,0,0,0,0,0,0,0,0,0,0,0,0,0,0,0,0,0,0,0,0,0,0,0,0,0,0,0,0,0,0,0,0,0,0,0,0,0,0,0,0,0,0,0,0,0,0,0,0,0,721722396,0,0,0,984857751,0,0,0,0,0,0,0,192184162,476973058,866779702,398539777536,155167369,1,1,0,0,0,0,0,0,0,0,0,0,0,0,0,0,0,0,0,0,0,0,0,0,0,0,0,0,0,0,0,390,0,0,0,0,0,0,0
1782980200.435,0,0,0,0,0,0,0,1762483697,7814189156864,2773231664128,0,0,0,0,0,0,0,0,0,0,0,0,0,0,0,0,0,0,0,0,0,0,0,0,0,0,0,0,0,0,0,0,0,0,0,0,0,0,0,0,0,0,0,0,0,0,0,0,0,0,0,0,0,0,0,0,0,0,7,1945943,479057755,140335793,0,0,0,0,0,0,0,0,0,0,0,0,0,0,0,0,0,0,0,0,0,0,0,0,0,0,0,0,0,0,0,0,0,0,0,0,0,12878020608,5268275200,786013,321551,137130319,319,0,97,786432,477145159,811153,6,8676837778,12884901888,7619261,1370524772,0,0,0,0,0,0,0,0,0,0,0,0,0,0,0,0,0,0,47208140,147104704,0,468,1202,7661,620,94417138,35,0,0,0,0,0,0,0,1,0,0,0,0,0,0,0,0,0,0,56902708,0,137125815,2311391,0,0,0,0,0,0,0,0,16384,0,0,0,0,0,0,0,0,0,0,0,7794,446,0,0,0,0,0,143511814,0,171,0,3,446,7794,0,0,0,0,0,0,0,0,0,0,0,0,0,0,0,0,0,0,0,0,0,0,0,0,0,0,0,0,0,0,0,0,0,0,0,0,0,0,0,0,0,0,0,0,0,0,0,0,0,0,0,0,0,0,721855371,0,0,0,985011901,0,0,0,0,0,0,0,192202114,477081643,866945993,398609353728,155177595,1,0,0,0,0,0,0,0,0,0,0,0,0,0,0,0,0,0,0,0,0,0,0,0,0,0,0,0,0,0,0,1597,0,0,0,0,0,0,0
1782980201.520,0,0,0,0,0,0,0,1762812793,7816079297024,2773836003840,0,0,0,0,0,0,0,0,0,0,0,0,0,0,0,0,0,0,0,0,0,0,0,0,0,0,0,0,0,0,0,0,0,0,0,0,0,0,0,0,0,0,0,0,0,0,0,0,0,0,0,0,0,0,0,0,0,0,7,1945998,479173976,140367380,0,0,0,0,0,0,0,0,0,0,0,0,0,0,0,0,0,0,0,0,0,0,0,0,0,0,0,0,0,0,0,0,0,0,0,0,0,12876431360,5276860416,785915,322074,137159927,420,0,97,786432,477260938,811153,6,8678486110,12884901888,7623699,1370737368,0,0,0,0,0,0,0,0,0,0,0,0,0,0,0,0,0,0,47217877,147114440,0,468,1202,7661,620,94436624,35,0,0,0,0,0,0,0,1,0,0,0,0,0,0,0,0,0,0,56913740,0,137155423,2311780,0,0,0,0,0,0,0,0,16384,0,0,0,0,0,0,0,0,0,0,0,7795,446,0,0,0,0,0,143541431,0,171,0,3,446,7795,0,0,0,0,0,0,0,0,0,0,0,0,0,0,0,0,0,0,0,0,0,0,0,0,0,0,0,0,0,0,0,0,0,0,0,0,0,0,0,0,0,0,0,0,0,0,0,0,0,0,0,0,0,0,721997391,0,0,0,985176716,0,0,0,0,0,0,0,192219102,477196956,867121653,398683926528,155187388,1,1,0,0,0,0,0,0,0,0,0,0,0,0,0,0,0,0,0,0,0,0,0,0,0,0,0,0,0,0,0,1665,0,0,0,0,0,0,0
1782980202.609,0,0,0,0,0,0,0,1763124889,7817869756928,2774443613184,0,0,0,0,0,0,0,0,0,0,0,0,0,0,0,0,0,0,0,0,0,0,0,0,0,0,0,0,0,0,0,0,0,0,0,0,0,0,0,0,0,0,0,0,0,0,0,0,0,0,0,0,0,0,0,0,0,0,7,1946053,479284120,140399234,0,0,0,0,0,0,0,0,0,0,0,0,0,0,0,0,0,0,0,0,0,0,0,0,0,0,0,0,0,0,0,0,0,0,0,0,0,12883083264,5253922816,786321,320674,137186613,2,0,110,786432,477370674,811153,6,8680050232,12884901888,7631411,1370940025,0,0,0,0,0,0,0,0,0,0,0,0,0,0,0,0,0,0,47227119,147123683,0,468,1202,7661,620,94455089,35,0,0,0,0,0,0,0,1,0,0,0,0,0,0,0,0,0,0,56924220,0,137183645,2312144,0,0,0,0,0,0,0,0,16384,0,0,0,0,0,0,0,0,0,0,0,7796,446,0,0,0,0,0,143569557,0,171,0,3,446,7796,0,0,0,0,0,0,0,0,0,0,0,0,0,0,0,0,0,0,0,0,0,0,0,0,0,0,0,0,0,0,0,0,0,0,0,0,0,0,0,0,0,0,0,0,0,0,0,0,0,0,0,0,0,0,722133483,0,0,0,985333712,0,0,0,0,0,0,0,192238297,477306219,867293138,398755442176,155198313,1,1,0,0,0,0,0,0,0,0,0,0,0,0,0,0,0,0,0,0,0,0,0,0,0,0,0,0,0,0,0,1072,0,0,0,0,0,0,0
1782980203.693,0,0,0,0,0,0,0,1763434859,7819646749184,2775040738304,0,0,0,0,0,0,0,0,0,0,0,0,0,0,0,0,0,0,0,0,0,0,0,0,0,0,0,0,0,0,0,0,0,0,0,0,0,0,0,0,0,0,0,0,0,0,0,0,0,0,0,0,0,0,0,0,0,0,7,1946103,479393408,140431034,0,0,0,0,0,0,0,0,0,0,0,0,0,0,0,0,0,0,0,0,0,0,0,0,0,0,0,0,0,0,0,0,0,0,0,0,0,12882214912,5229674496,786269,319194,137212799,65,0,98,786432,477479589,811153,6,8681599666,12884901888,7640359,1371137680,0,0,0,0,0,0,0,0,0,0,0,0,0,0,0,0,0,0,47236274,147132837,0,468,1202,7661,620,94473415,35,0,0,0,0,0,0,0,1,0,0,0,0,0,0,0,0,0,0,56934601,0,137211495,2312504,0,0,0,0,0,0,0,0,16384,0,0,0,0,0,0,0,0,0,0,0,7797,446,0,0,0,0,0,143597359,0,171,0,3,446,7797,0,0,0,0,0,0,0,0,0,0,0,0,0,0,0,0,0,0,0,0,0,0,0,0,0,0,0,0,0,0,0,0,0,0,0,0,0,0,0,0,0,0,0,0,0,0,0,0,0,0,0,0,0,0,722266661,0,0,0,985487882,0,0,0,0,0,0,0,192257590,477414595,867461906,398825211904,155209310,1,1,0,0,0,0,0,0,0,0,0,0,0,0,0,0,0,0,0,0,0,0,0,0,0,0,0,0,0,0,0,2038,0,0,0,0,0,0,0
1782980204.777,0,0,0,0,0,0,0,1763739616,7821390760448,2775613458432,0,0,0,0,0,0,0,0,0,0,0,0,0,0,0,0,0,0,0,0,0,0,0,0,0,0,0,0,0,0,0,0,0,0,0,0,0,0,0,0,0,0,0,0,0,0,0,0,0,0,0,0,0,0,0,0,0,0,7,1946156,479500643,140460960,0,0,0,0,0,0,0,0,0,0,0,0,0,0,0,0,0,0,0,0,0,0,0,0,0,0,0,0,0,0,0,0,0,0,0,0,0,12882001920,5230624768,786255,319252,137238215,80,0,96,786432,477586417,811153,6,8683125531,12884901888,7650324,1371334026,0,0,0,0,0,0,0,0,0,0,0,0,0,0,0,0,0,0,47245282,147141846,0,468,1202,7661,620,94491425,35,0,0,0,0,0,0,0,1,0,0,0,0,0,0,0,0,0,0,56944807,0,137237807,2312846,0,0,0,0,0,0,0,0,16384,0,0,0,0,0,0,0,0,0,0,0,7798,446,0,0,0,0,0,143624738,0,171,0,3,446,7798,0,0,0,0,0,0,0,0,0,0,0,0,0,0,0,0,0,0,0,0,0,0,0,0,0,0,0,0,0,0,0,0,0,0,0,0,0,0,0,0,0,0,0,0,0,0,0,0,0,0,0,0,0,0,722398846,0,0,0,985640350,0,0,0,0,0,0,0,192277922,477521009,867627844,398894571520,155221155,1,0,0,0,0,0,0,0,0,0,0,0,0,0,0,0,0,0,0,0,0,0,0,0,0,0,0,0,0,0,0,2206,0,0,0,0,0,0,0
1782980205.856,0,0,0,0,0,0,0,1764059891,7823234304512,2776207838208,0,0,0,0,0,0,0,0,0,0,0,0,0,0,0,0,0,0,0,0,0,0,0,0,0,0,0,0,0,0,0,0,0,0,0,0,0,0,0,0,0,0,0,0,0,0,0,0,0,0,0,0,0,0,0,0,0,0,7,1946217,479614061,140492356,0,0,0,0,0,0,0,0,0,0,0,0,0,0,0,0,0,0,0,0,0,0,0,0,0,0,0,0,0,0,0,0,0,0,0,0,0,12878331904,5230247936,786031,319229,137270192,297,0,104,786432,477699420,811153,6,8684732077,12884901888,7658043,1371543064,0,0,0,0,0,0,0,0,0,0,0,0,0,0,0,0,0,0,47254754,147151315,0,468,1202,7661,620,94510367,35,0,0,0,0,0,0,0,1,0,0,0,0,0,0,0,0,0,0,56955528,0,137265688,2313216,0,0,0,0,0,0,0,0,16384,0,0,0,0,0,0,0,0,0,0,0,7799,446,0,0,0,0,0,143653520,0,171,0,3,446,7799,0,0,0,0,0,0,0,0,0,0,0,0,0,0,0,0,0,0,0,0,0,0,0,0,0,0,0,0,0,0,0,0,0,0,0,0,0,0,0,0,0,0,0,0,0,0,0,0,0,0,0,0,0,0,722536629,0,0,0,985801629,0,0,0,0,0,0,0,192297826,477633531,867800590,398966920192,155232543,1,0,0,0,0,0,0,0,0,0,0,0,0,0,0,0,0,0,0,0,0,0,0,0,0,0,0,0,0,0,0,1312,0,0,0,0,0,0,0
1782980206.940,0,0,0,0,0,0,0,1764386206,7825109010944,2776810252288,0,0,0,0,0,0,0,0,0,0,0,0,0,0,0,0,0,0,0,0,0,0,0,0,0,0,0,0,0,0,0,0,0,0,0,0,0,0,0,0,0,0,0,0,0,0,0,0,0,0,0,0,0,0,0,0,0,0,7,1946274,479729327,140524018,0,0,0,0,0,0,0,0,0,0,0,0,0,0,0,0,0,0,0,0,0,0,0,0,0,0,0,0,0,0,0,0,0,0,0,0,0,12879839232,5234393088,786122,319482,137298480,210,0,98,786432,477814278,811153,6,8686367121,12884901888,7665568,1371753761,0,0,0,0,0,0,0,0,0,0,0,0,0,0,0,0,0,0,47264407,147160969,0,468,1202,7661,620,94529668,35,0,0,0,0,0,0,0,1,0,0,0,0,0,0,0,0,0,0,56966475,0,137293976,2313589,0,0,0,0,0,0,0,0,16384,0,0,0,0,0,0,0,0,0,0,0,7800,446,0,0,0,0,0,143682877,0,171,0,3,446,7800,0,0,0,0,0,0,0,0,0,0,0,0,0,0,0,0,0,0,0,0,0,0,0,0,0,0,0,0,0,0,0,0,0,0,0,0,0,0,0,0,0,0,0,0,0,0,0,0,0,0,0,0,0,0,722676085,0,0,0,985965162,0,0,0,0,0,0,0,192318019,477747860,867975026,399039990272,155244250,1,0,0,0,0,0,0,0,0,0,0,0,0,0,0,0,0,0,0,0,0,0,0,0,0,0,0,0,0,0,0,1169,0,0,0,0,0,0,0
1782980208.028,0,0,0,0,0,0,0,1764705465,7826938939904,2777403712000,0,0,0,0,0,0,0,0,0,0,0,0,0,0,0,0,0,0,0,0,0,0,0,0,0,0,0,0,0,0,0,0,0,0,0,0,0,0,0,0,0,0,0,0,0,0,0,0,0,0,0,0,0,0,0,0,0,0,7,1946341,479841791,140555163,0,0,0,0,0,0,0,0,0,0,0,0,0,0,0,0,0,0,0,0,0,0,0,0,0,0,0,0,0,0,0,0,0,0,0,0,0,12877922304,5236686848,786006,319623,137325677,329,0,96,786432,477926350,811153,6,8687969665,12884901888,7675224,1371961878,0,0,0,0,0,0,0,0,0,0,0,0,0,0,0,0,0,0,47273853,147170413,0,468,1202,7661,620,94548560,35,0,0,0,0,0,0,0,1,0,0,0,0,0,0,0,0,0,0,56977180,0,137321244,2313951,0,0,0,0,0,0,0,0,16384,0,0,0,0,0,0,0,0,0,0,0,7802,446,0,0,0,0,0,143711587,0,171,0,3,446,7802,0,0,0,0,0,0,0,0,0,0,0,0,0,0,0,0,0,0,0,0,0,0,0,0,0,0,0,0,0,0,0,0,0,0,0,0,0,0,0,0,0,0,0,0,0,0,0,0,0,0,0,0,0,0,722812957,0,0,0,986125880,0,0,0,0,0,0,0,192338758,477859447,868146898,399112067584,155256252,1,1,0,0,0,0,0,0,0,0,0,0,0,0,0,0,0,0,0,0,0,0,0,0,0,0,0,0,0,0,0,403,0,0,0,0,0,0,0
1782980209.118,0,0,0,0,0,0,0,1765033566,7828816103936,2778003236352,0,0,0,0,0,0,0,0,0,0,0,0,0,0,0,0,0,0,0,0,0,0,0,0,0,0,0,0,0,0,0,0,0,0,0,0,0,0,0,0,0,0,0,0,0,0,0,0,0,0,0,0,0,0,0,0,0,0,7,1946400,479957201,140586534,0,0,0,0,0,0,0,0,0,0,0,0,0,0,0,0,0,0,0,0,0,0,0,0,0,0,0,0,0,0,0,0,0,0,0,0,0,12882444288,5245681664,786283,320171,137354723,54,0,98,786432,478041312,811153,6,8689613002,12884901888,7681663,1372173214,0,0,0,0,0,0,0,0,0,0,0,0,0,0,0,0,0,0,47283582,147180141,0,468,1202,7661,620,94568023,35,0,0,0,0,0,0,0,1,0,0,0,0,0,0,0,0,0,0,56988215,0,137350219,2314331,0,0,0,0,0,0,0,0,16384,0,0,0,0,0,0,0,0,0,0,0,7803,446,0,0,0,0,0,143741119,0,171,0,3,446,7803,0,0,0,0,0,0,0,0,0,0,0,0,0,0,0,0,0,0,0,0,0,0,0,0,0,0,0,0,0,0,0,0,0,0,0,0,0,0,0,0,0,0,0,0,0,0,0,0,0,0,0,0,0,0,722954916,0,0,0,986290618,0,0,0,0,0,0,0,192357555,477973971,868322690,399186557440,155267542,1,1,0,0,0,0,0,0,0,0,0,0,0,0,0,0,0,0,0,0,0,0,0,0,0,0,0,0,0,0,0,315,0,0,0,0,0,0,0
1782980210.209,0,0,0,0,0,0,0,1765338470,7830576843264,2778569129984,0,0,0,0,0,0,0,0,0,0,0,0,0,0,0,0,0,0,0,0,0,0,0,0,0,0,0,0,0,0,0,0,0,0,0,0,0,0,0,0,0,0,0,0,0,0,0,0,0,0,0,0,0,0,0,0,0,0,7,1946445,480065472,140616274,0,0,0,0,0,0,0,0,0,0,0,0,0,0,0,0,0,0,0,0,0,0,0,0,0,0,0,0,0,0,0,0,0,0,0,0,0,12880920576,5247467520,786190,320280,137380194,141,0,99,786432,478149205,811153,6,8691138284,12884901888,7692411,1372368138,0,0,0,0,0,0,0,0,0,0,0,0,0,0,0,0,0,0,47292578,147189142,0,468,1202,7661,620,94586026,35,0,0,0,0,0,0,0,1,0,0,0,0,0,0,0,0,0,0,56998395,0,137375690,2314672,0,0,0,0,0,0,0,0,16384,0,0,0,0,0,0,0,0,0,0,0,7804,446,0,0,0,0,0,143768462,0,171,0,3,446,7804,0,0,0,0,0,0,0,0,0,0,0,0,0,0,0,0,0,0,0,0,0,0,0,0,0,0,0,0,0,0,0,0,0,0,0,0,0,0,0,0,0,0,0,0,0,0,0,0,0,0,0,0,0,0,723085320,0,0,0,986442458,0,0,0,0,0,0,0,192378064,478081379,868487105,399255042048,155279533,1,0,0,0,0,0,0,0,0,0,0,0,0,0,0,0,0,0,0,0,0,0,0,0,0,0,0,0,0,0,0,1044,0,0,0,0,0,0,0
1782980211.295,0,0,0,0,0,0,0,1765650466,7832372513280,2779149636096,0,0,0,0,0,0,0,0,0,0,0,0,0,0,0,0,0,0,0,0,0,0,0,0,0,0,0,0,0,0,0,0,0,0,0,0,0,0,0,0,0,0,0,0,0,0,0,0,0,0,0,0,0,0,0,0,0,0,7,1946487,480175881,140646763,0,0,0,0,0,0,0,0,0,0,0,0,0,0,0,0,0,0,0,0,0,0,0,0,0,0,0,0,0,0,0,0,0,0,0,0,0,12878413824,5254283264,786036,320696,137407079,273,0,122,786432,478259228,811153,6,8692700218,12884901888,7701738,1372569170,0,0,0,0,0,0,0,0,0,0,0,0,0,0,0,0,0,0,47301806,147198372,0,468,1202,7661,620,94604486,35,0,0,0,0,0,0,0,1,0,0,0,0,0,0,0,0,0,0,57008858,0,137402575,2315026,0,0,0,0,0,0,0,0,16384,0,0,0,0,0,0,0,0,0,0,0,7805,446,0,0,0,0,0,143796489,0,171,0,3,446,7805,0,0,0,0,0,0,0,0,0,0,0,0,0,0,0,0,0,0,0,0,0,0,0,0,0,0,0,0,0,0,0,0,0,0,0,0,0,0,0,0,0,0,0,0,0,0,0,0,0,0,0,0,0,0,723219698,0,0,0,986598609,0,0,0,0,0,0,0,192398308,478190926,868655603,399325541376,155291564,1,1,0,0,0,0,0,0,0,0,0,0,0,0,0,0,0,0,0,0,0,0,0,0,0,0,0,0,0,0,0,1043,0,0,0,0,0,0,0
1782980212.380,0,0,0,0,0,0,0,1765959197,7834145294848,2779721511424,0,0,0,0,0,0,0,0,0,0,0,0,0,0,0,0,0,0,0,0,0,0,0,0,0,0,0,0,0,0,0,0,0,0,0,0,0,0,0,0,0,0,0,0,0,0,0,0,0,0,0,0,0,0,0,0,0,0,7,1946547,480284857,140676726,0,0,0,0,0,0,0,0,0,0,0,0,0,0,0,0,0,0,0,0,0,0,0,0,0,0,0,0,0,0,0,0,0,0,0,0,0,12880363520,5261901824,786155,321160,137433223,182,0,97,786432,478367797,811153,6,8694248643,12884901888,7711145,1372769490,0,0,0,0,0,0,0,0,0,0,0,0,0,0,0,0,0,0,47310926,147207487,0,468,1202,7661,620,94622733,35,0,0,0,0,0,0,0,1,0,0,0,0,0,0,0,0,0,0,57019186,0,137428719,2315370,0,0,0,0,0,0,0,0,16384,0,0,0,0,0,0,0,0,0,0,0,7806,446,0,0,0,0,0,143824226,0,171,0,3,446,7806,0,0,0,0,0,0,0,0,0,0,0,0,0,0,0,0,0,0,0,0,0,0,0,0,0,0,0,0,0,0,0,0,0,0,0,0,0,0,0,0,0,0,0,0,0,0,0,0,0,0,0,0,0,0,723353872,0,0,0,986753644,0,0,0,0,0,0,0,192418167,478299115,868823546,399395937280,155303261,1,0,0,0,0,0,0,0,0,0,0,0,0,0,0,0,0,0,0,0,0,0,0,0,0,0,0,0,0,0,0,594,0,0,0,0,0,0,0
1782980213.470,0,0,0,0,0,0,0,1766278724,7835983677952,2780311051264,0,0,0,0,0,0,0,0,0,0,0,0,0,0,0,0,0,0,0,0,0,0,0,0,0,0,0,0,0,0,0,0,0,0,0,0,0,0,0,0,0,0,0,0,0,0,0,0,0,0,0,0,0,0,0,0,0,0,7,1946606,480397871,140707593,0,0,0,0,0,0,0,0,0,0,0,0,0,0,0,0,0,0,0,0,0,0,0,0,0,0,0,0,0,0,0,0,0,0,0,0,0,12880412672,5272240128,786158,321792,137461236,177,0,97,786432,478480385,811153,6,8695851009,12884901888,7717797,1372976495,0,0,0,0,0,0,0,0,0,0,0,0,0,0,0,0,0,0,47320386,147216949,0,468,1202,7661,620,94641636,35,0,0,0,0,0,0,0,1,0,0,0,0,0,0,0,0,0,0,57029911,0,137456732,2315742,0,0,0,0,0,0,0,0,16384,0,0,0,0,0,0,0,0,0,0,0,7807,446,0,0,0,0,0,143853000,0,171,0,3,446,7807,0,0,0,0,0,0,0,0,0,0,0,0,0,0,0,0,0,0,0,0,0,0,0,0,0,0,0,0,0,0,0,0,0,0,0,0,0,0,0,0,0,0,0,0,0,0,0,0,0,0,0,0,0,0,723492849,0,0,0,986913806,0,0,0,0,0,0,0,192437391,478411240,868996265,399468746752,155314659,1,1,0,0,0,0,0,0,0,0,0,0,0,0,0,0,0,0,0,0,0,0,0,0,0,0,0,0,0,0,0,569,0,0,0,0,0,0,0
1782980214.555,0,0,0,0,0,0,0,1766581923,7837724428800,2780885549056,0,0,0,0,0,0,0,0,0,0,0,0,0,0,0,0,0,0,0,0,0,0,0,0,0,0,0,0,0,0,0,0,0,0,0,0,0,0,0,0,0,0,0,0,0,0,0,0,0,0,0,0,0,0,0,0,0,0,7,1946657,480504965,140737629,0,0,0,0,0,0,0,0,0,0,0,0,0,0,0,0,0,0,0,0,0,0,0,0,0,0,0,0,0,0,0,0,0,0,0,0,0,12880609280,5270650880,786170,321695,137486912,165,0,96,786432,478587091,811153,6,8697369316,12884901888,7727546,1373172556,0,0,0,0,0,0,0,0,0,0,0,0,0,0,0,0,0,0,47329355,147225921,0,468,1202,7661,620,94659573,35,0,0,0,0,0,0,0,1,0,0,0,0,0,0,0,0,0,0,57040072,0,137482920,2316082,0,0,0,0,0,0,0,0,16384,0,0,0,0,0,0,0,0,0,0,0,7808,446,0,0,0,0,0,143880233,0,171,0,3,446,7808,0,0,0,0,0,0,0,0,0,0,0,0,0,0,0,0,0,0,0,0,0,0,0,0,0,0,0,0,0,0,0,0,0,0,0,0,0,0,0,0,0,0,0,0,0,0,0,0,0,0,0,0,0,0,723624602,0,0,0,987066001,0,0,0,0,0,0,0,192457046,478517429,869161799,399537873920,155326188,1,1,0,0,0,0,0,0,0,0,0,0,0,0,0,0,0,0,0,0,0,0,0,0,0,0,0,0,0,0,0,307,0,0,0,0,0,0,0
1782980215.640,0,0,0,0,0,0,0,1766887878,7839479663104,2781479981056,0,0,0,0,0,0,0,0,0,0,0,0,0,0,0,0,0,0,0,0,0,0,0,0,0,0,0,0,0,0,0,0,0,0,0,0,0,0,0,0,0,0,0,0,0,0,0,0,0,0,0,0,0,0,0,0,0,0,7,1946712,480612931,140769002,0,0,0,0,0,0,0,0,0,0,0,0,0,0,0,0,0,0,0,0,0,0,0,0,0,0,0,0,0,0,0,0,0,0,0,0,0,12882821120,5244878848,786304,320122,137512283,26,0,101,786432,478694660,811153,6,8698899726,12884901888,7739054,1373368428,0,0,0,0,0,0,0,0,0,0,0,0,0,0,0,0,0,0,47338401,147234963,0,468,1202,7661,620,94677670,35,0,0,0,0,0,0,0,1,0,0,0,0,0,0,0,0,0,0,57050307,0,137509571,2316418,0,0,0,0,0,0,0,0,16384,0,0,0,0,0,0,0,0,0,0,0,7809,446,0,0,0,0,0,143907733,0,171,0,3,446,7809,0,0,0,0,0,0,0,0,0,0,0,0,0,0,0,0,0,0,0,0,0,0,0,0,0,0,0,0,0,0,0,0,0,0,0,0,0,0,0,0,0,0,0,0,0,0,0,0,0,0,0,0,0,0,723757225,0,0,0,987218678,0,0,0,0,0,0,0,192476345,478624602,869330299,399607462400,155336853,1,1,0,0,0,0,0,0,0,0,0,0,0,0,0,0,0,0,0,0,0,0,0,0,0,0,0,0,0,0,0,684,0,0,0,0,0,0,0
1782980216.721,0,0,0,0,0,0,0,1767204188,7841287539200,2782088673792,0,0,0,0,0,0,0,0,0,0,0,0,0,0,0,0,0,0,0,0,0,0,0,0,0,0,0,0,0,0,0,0,0,0,0,0,0,0,0,0,0,0,0,0,0,0,0,0,0,0,0,0,0,0,0,0,0,0,7,1946760,480724098,140801079,0,0,0,0,0,0,0,0,0,0,0,0,0,0,0,0,0,0,0,0,0,0,0,0,0,0,0,0,0,0,0,0,0,0,0,0,0,12882804736,5224333312,786304,318868,137538796,32,0,96,786432,478805426,811153,6,8700480677,12884901888,7748407,1373570448,0,0,0,0,0,0,0,0,0,0,0,0,0,0,0,0,0,0,47347752,147244318,0,468,1202,7661,620,94696361,35,0,0,0,0,0,0,0,1,0,0,0,0,0,0,0,0,0,0,57060909,0,137537876,2316771,0,0,0,0,0,0,0,0,16384,0,0,0,0,0,0,0,0,0,0,0,7810,446,0,0,0,0,0,143936109,0,171,0,3,446,7810,0,0,0,0,0,0,0,0,0,0,0,0,0,0,0,0,0,0,0,0,0,0,0,0,0,0,0,0,0,0,0,0,0,0,0,0,0,0,0,0,0,0,0,0,0,0,0,0,0,0,0,0,0,0,723894415,0,0,0,987376535,0,0,0,0,0,0,0,192495669,478734893,869503525,399679279616,155347728,1,0,0,0,0,0,0,0,0,0,0,0,0,0,0,0,0,0,0,0,0,0,0,0,0,0,0,0,0,0,0,1338,0,0,0,0,0,0,0
1782980217.806,0,0,0,0,0,0,0,1767525383,7843129756160,2782691462144,0,0,0,0,0,0,0,0,0,0,0,0,0,0,0,0,0,0,0,0,0,0,0,0,0,0,0,0,0,0,0,0,0,0,0,0,0,0,0,0,0,0,0,0,0,0,0,0,0,0,0,0,0,0,0,0,0,0,7,1946816,480837426,140832962,0,0,0,0,0,0,0,0,0,0,0,0,0,0,0,0,0,0,0,0,0,0,0,0,0,0,0,0,0,0,0,0,0,0,0,0,0,12881412096,5215207424,786219,318311,137571565,118,0,96,786432,478918323,811153,6,8702091564,12884901888,7753543,1373780117,0,0,0,0,0,0,0,0,0,0,0,0,0,0,0,0,0,0,47357254,147253819,0,468,1202,7661,620,94715367,35,0,0,0,0,0,0,0,1,0,0,0,0,0,0,0,0,0,0,57071689,0,137566972,2317140,0,0,0,0,0,0,0,0,16384,0,0,0,0,0,0,0,0,0,0,0,7811,446,0,0,0,0,0,143964997,0,171,0,3,446,7811,0,0,0,0,0,0,0,0,0,0,0,0,0,0,0,0,0,0,0,0,0,0,0,0,0,0,0,0,0,0,0,0,0,0,0,0,0,0,0,0,0,0,0,0,0,0,0,0,0,0,0,0,0,0,724035142,0,0,0,987538381,0,0,0,0,0,0,0,192513550,478847311,869678883,399753012224,155358150,1,1,0,0,0,0,0,0,0,0,0,0,0,0,0,0,0,0,0,0,0,0,0,0,0,0,0,0,0,0,0,344,0,0,0,0,0,0,0
1782980218.892,0,0,0,0,0,0,0,1767847395,7844967959040,2783279927296,0,0,0,0,0,0,0,0,0,0,0,0,0,0,0,0,0,0,0,0,0,0,0,0,0,0,0,0,0,0,0,0,0,0,0,0,0,0,0,0,0,0,0,0,0,0,0,0,0,0,0,0,0,0,0,0,0,0,7,1946877,480950491,140863861,0,0,0,0,0,0,0,0,0,0,0,0,0,0,0,0,0,0,0,0,0,0,0,0,0,0,0,0,0,0,0,0,0,0,0,0,0,12880314368,5226020864,786152,318971,137599017,184,0,97,786432,479030975,811153,6,8703699665,12884901888,7761878,1373984402,0,0,0,0,0,0,0,0,0,0,0,0,0,0,0,0,0,0,47366776,147263339,0,468,1202,7661,620,94734406,35,0,0,0,0,0,0,0,1,0,0,0,0,0,0,0,0,0,0,57082475,0,137594493,2317510,0,0,0,0,0,0,0,0,16384,0,0,0,0,0,0,0,0,0,0,0,7812,446,0,0,0,0,0,143993969,0,171,0,3,446,7812,0,0,0,0,0,0,0,0,0,0,0,0,0,0,0,0,0,0,0,0,0,0,0,0,0,0,0,0,0,0,0,0,0,0,0,0,0,0,0,0,0,0,0,0,0,0,0,0,0,0,0,0,0,0,724171500,0,0,0,987698515,0,0,0,0,0,0,0,192534052,478959510,869849574,399824665600,155370195,1,0,0,0,0,0,0,0,0,0,0,0,0,0,0,0,0,0,0,0,0,0,0,0,0,0,0,0,0,0,0,1624,0,0,0,0,0,0,0
1782980219.978,0,0,0,0,0,0,0,1768157234,7846751373824,2783854091776,0,0,0,0,0,0,0,0,0,0,0,0,0,0,0,0,0,0,0,0,0,0,0,0,0,0,0,0,0,0,0,0,0,0,0,0,0,0,0,0,0,0,0,0,0,0,0,0,0,0,0,0,0,0,0,0,0,0,7,1946927,481060142,140894008,0,0,0,0,0,0,0,0,0,0,0,0,0,0,0,0,0,0,0,0,0,0,0,0,0,0,0,0,0,0,0,0,0,0,0,0,0,12877692928,5231837184,785992,319326,137625128,342,0,99,786432,479140192,811153,6,8705253430,12884901888,7772858,1374186457,0,0,0,0,0,0,0,0,0,0,0,0,0,0,0,0,0,0,47375943,147272507,0,468,1202,7661,620,94752747,35,0,0,0,0,0,0,0,1,0,0,0,0,0,0,0,0,0,0,57092864,0,137620535,2317864,0,0,0,0,0,0,0,0,16384,0,0,0,0,0,0,0,0,0,0,0,7814,446,0,0,0,0,0,144021822,0,171,0,3,446,7814,0,0,0,0,0,0,0,0,0,0,0,0,0,0,0,0,0,0,0,0,0,0,0,0,0,0,0,0,0,0,0,0,0,0,0,0,0,0,0,0,0,0,0,0,0,0,0,0,0,0,0,0,0,0,724304764,0,0,0,987854517,0,0,0,0,0,0,0,192556151,479068322,870017058,399894571008,155383188,1,0,0,0,0,0,0,0,0,0,0,0,0,0,0,0,0,0,0,0,0,0,0,0,0,0,0,0,0,0,0,860,0,0,0,0,0,0,0
1782980221.063,0,0,0,0,0,0,0,1768478777,7848599685632,2784444732928,0,0,0,0,0,0,0,0,0,0,0,0,0,0,0,0,0,0,0,0,0,0,0,0,0,0,0,0,0,0,0,0,0,0,0,0,0,0,0,0,0,0,0,0,0,0,0,0,0,0,0,0,0,0,0,0,0,0,7,1946997,481173784,140925029,0,0,0,0,0,0,0,0,0,0,0,0,0,0,0,0,0,0,0,0,0,0,0,0,0,0,0,0,0,0,0,0,0,0,0,0,0,12883181568,5238554624,786327,319736,137652526,6,0,98,786432,479253432,811153,6,8706864058,12884901888,7781014,1374393387,0,0,0,0,0,0,0,0,0,0,0,0,0,0,0,0,0,0,47385467,147282031,0,468,1202,7661,620,94771786,35,0,0,0,0,0,0,0,1,0,0,0,0,0,0,0,0,0,0,57103672,0,137648100,2318226,0,0,0,0,0,0,0,0,16384,0,0,0,0,0,0,0,0,0,0,0,7815,446,0,0,0,0,0,144050775,0,171,0,3,446,7815,0,0,0,0,0,0,0,0,0,0,0,0,0,0,0,0,0,0,0,0,0,0,0,0,0,0,0,0,0,0,0,0,0,0,0,0,0,0,0,0,0,0,0,0,0,0,0,0,0,0,0,0,0,0,724440372,0,0,0,988015382,0,0,0,0,0,0,0,192576818,479181098,870187171,399965918720,155395390,1,1,0,0,0,0,0,0,0,0,0,0,0,0,0,0,0,0,0,0,0,0,0,0,0,0,0,0,0,0,0,1186,0,0,0,0,0,0,0
1782980222.152,0,0,0,0,0,0,0,1768808054,7850486237696,2785052476416,0,0,0,0,0,0,0,0,0,0,0,0,0,0,0,0,0,0,0,0,0,0,0,0,0,0,0,0,0,0,0,0,0,0,0,0,0,0,0,0,0,0,0,0,0,0,0,0,0,0,0,0,0,0,0,0,0,0,7,1947046,481289823,140956958,0,0,0,0,0,0,0,0,0,0,0,0,0,0,0,0,0,0,0,0,0,0,0,0,0,0,0,0,0,0,0,0,0,0,0,0,0,12878233600,5245288448,786026,320147,137682020,299,0,107,786432,479369051,811153,6,8708515967,12884901888,7787806,1374607928,0,0,0,0,0,0,0,0,0,0,0,0,0,0,0,0,0,0,47395199,147291764,0,468,1202,7661,620,94791263,35,0,0,0,0,0,0,0,1,0,0,0,0,0,0,0,0,0,0,57114709,0,137677427,2318605,0,0,0,0,0,0,0,0,16384,0,0,0,0,0,0,0,0,0,0,0,7816,446,0,0,0,0,0,144080373,0,171,0,3,446,7816,0,0,0,0,0,0,0,0,0,0,0,0,0,0,0,0,0,0,0,0,0,0,0,0,0,0,0,0,0,0,0,0,0,0,0,0,0,0,0,0,0,0,0,0,0,0,0,0,0,0,0,0,0,0,724581360,0,0,0,988181145,0,0,0,0,0,0,0,192596105,479296211,870362713,400039945216,155406617,1,0,0,0,0,0,0,0,0,0,0,0,0,0,0,0,0,0,0,0,0,0,0,0,0,0,0,0,0,0,0,265,0,0,0,0,0,0,0
1782980223.241,0,0,0,0,0,0,0,1769135427,7852366416384,2785653920256,0,0,0,0,0,0,0,0,0,0,0,0,0,0,0,0,0,0,0,0,0,0,0,0,0,0,0,0,0,0,0,0,0,0,0,0,0,0,0,0,0,0,0,0,0,0,0,0,0,0,0,0,0,0,0,0,0,0,7,1947110,481405389,140988550,0,0,0,0,0,0,0,0,0,0,0,0,0,0,0,0,0,0,0,0,0,0,0,0,0,0,0,0,0,0,0,0,0,0,0,0,0,12879233024,5254955008,786085,320737,137710696,250,0,97,786432,479484219,811153,6,8710151370,12884901888,7793701,1374816009,0,0,0,0,0,0,0,0,0,0,0,0,0,0,0,0,0,0,47404892,147301455,0,468,1202,7661,620,94810635,35,0,0,0,0,0,0,0,1,0,0,0,0,0,0,0,0,0,0,57125699,0,137706103,2318987,0,0,0,0,0,0,0,0,16384,0,0,0,0,0,0,0,0,0,0,0,7817,446,0,0,0,0,0,144109805,0,171,0,3,446,7817,0,0,0,0,0,0,0,0,0,0,0,0,0,0,0,0,0,0,0,0,0,0,0,0,0,0,0,0,0,0,0,0,0,0,0,0,0,0,0,0,0,0,0,0,0,0,0,0,0,0,0,0,0,0,724720684,0,0,0,988343973,0,0,0,0,0,0,0,192615302,479410971,870536538,400113066496,155417580,1,1,0,0,0,0,0,0,0,0,0,0,0,0,0,0,0,0,0,0,0,0,0,0,0,0,0,0,0,0,0,1480,0,0,0,0,0,0,0
1782980224.331,0,0,0,0,0,0,0,1769442770,7854126582272,2786224567296,0,0,0,0,0,0,0,0,0,0,0,0,0,0,0,0,0,0,0,0,0,0,0,0,0,0,0,0,0,0,0,0,0,0,0,0,0,0,0,0,0,0,0,0,0,0,0,0,0,0,0,0,0,0,0,0,0,0,7,1947159,481513618,141018545,0,0,0,0,0,0,0,0,0,0,0,0,0,0,0,0,0,0,0,0,0,0,0,0,0,0,0,0,0,0,0,0,0,0,0,0,0,12878118912,5258002432,786018,320923,137736431,299,0,115,786432,479592074,811153,6,8711689222,12884901888,7805193,1375013186,0,0,0,0,0,0,0,0,0,0,0,0,0,0,0,0,0,0,47413971,147310534,0,468,1202,7661,620,94828816,35,0,0,0,0,0,0,0,1,0,0,0,0,0,0,0,0,0,0,57135970,0,137731838,2319324,0,0,0,0,0,0,0,0,16384,0,0,0,0,0,0,0,0,0,0,0,7818,446,0,0,0,0,0,144137429,0,171,0,3,446,7818,0,0,0,0,0,0,0,0,0,0,0,0,0,0,0,0,0,0,0,0,0,0,0,0,0,0,0,0,0,0,0,0,0,0,0,0,0,0,0,0,0,0,0,0,0,0,0,0,0,0,0,0,0,0,724852114,0,0,0,988497427,0,0,0,0,0,0,0,192636404,479518321,870702232,400182040576,155429817,1,1,0,0,0,0,0,0,0,0,0,0,0,0,0,0,0,0,0,0,0,0,0,0,0,0,0,0,0,0,0,1990,0,0,0,0,0,0,0
1782980225.417,0,0,0,0,0,0,0,1769760210,7855953136128,2786814312448,0,0,0,0,0,0,0,0,0,0,0,0,0,0,0,0,0,0,0,0,0,0,0,0,0,0,0,0,0,0,0,0,0,0,0,0,0,0,0,0,0,0,0,0,0,0,0,0,0,0,0,0,0,0,0,0,0,0,7,1947214,481625904,141049411,0,0,0,0,0,0,0,0,0,0,0,0,0,0,0,0,0,0,0,0,0,0,0,0,0,0,0,0,0,0,0,0,0,0,0,0,0,12881887232,5264932864,786248,321346,137763212,72,0,112,786432,479703970,811153,6,8713282626,12884901888,7816618,1375221510,0,0,0,0,0,0,0,0,0,0,0,0,0,0,0,0,0,0,47423369,147319933,0,468,1202,7661,620,94847612,35,0,0,0,0,0,0,0,1,0,0,0,0,0,0,0,0,0,0,57146628,0,137758619,2319675,0,0,0,0,0,0,0,0,16384,0,0,0,0,0,0,0,0,0,0,0,7819,446,0,0,0,0,0,144166012,0,171,0,3,446,7819,0,0,0,0,0,0,0,0,0,0,0,0,0,0,0,0,0,0,0,0,0,0,0,0,0,0,0,0,0,0,0,0,0,0,0,0,0,0,0,0,0,0,0,0,0,0,0,0,0,0,0,0,0,0,724990502,0,0,0,988658076,0,0,0,0,0,0,0,192656825,479629700,870875461,400254760960,155441484,1,0,0,0,0,0,0,0,0,0,0,0,0,0,0,0,0,0,0,0,0,0,0,0,0,0,0,0,0,0,0,353,0,0,0,0,0,0,0
1782980226.508,0,0,0,0,0,0,0,1770084227,7857815063040,2787410359296,0,0,0,0,0,0,0,0,0,0,0,0,0,0,0,0,0,0,0,0,0,0,0,0,0,0,0,0,0,0,0,0,0,0,0,0,0,0,0,0,0,0,0,0,0,0,0,0,0,0,0,0,0,0,0,0,0,0,7,1947268,481740349,141080672,0,0,0,0,0,0,0,0,0,0,0,0,0,0,0,0,0,0,0,0,0,0,0,0,0,0,0,0,0,0,0,0,0,0,0,0,0,12880953344,5274664960,786191,321941,137791134,143,0,97,786432,479817994,811153,6,8714902797,12884901888,7824501,1375427539,0,0,0,0,0,0,0,0,0,0,0,0,0,0,0,0,0,0,47432948,147329511,0,468,1202,7661,620,94866754,35,0,0,0,0,0,0,0,1,0,0,0,0,0,0,0,0,0,0,57157465,0,137786610,2320048,0,0,0,0,0,0,0,0,16384,0,0,0,0,0,0,0,0,0,0,0,7820,446,0,0,0,0,0,144195098,0,171,0,3,446,7820,0,0,0,0,0,0,0,0,0,0,0,0,0,0,0,0,0,0,0,0,0,0,0,0,0,0,0,0,0,0,0,0,0,0,0,0,0,0,0,0,0,0,0,0,0,0,0,0,0,0,0,0,0,0,725129032,0,0,0,988819203,0,0,0,0,0,0,0,192676502,479743267,871048569,400327515648,155452894,1,0,0,0,0,0,0,0,0,0,0,0,0,0,0,0,0,0,0,0,0,0,0,0,0,0,0,0,0,0,0,1598,0,0,0,0,0,0,0
1782980227.593,0,0,0,0,0,0,0,1770397593,7859605867008,2788012365312,0,0,0,0,0,0,0,0,0,0,0,0,0,0,0,0,0,0,0,0,0,0,0,0,0,0,0,0,0,0,0,0,0,0,0,0,0,0,0,0,0,0,0,0,0,0,0,0,0,0,0,0,0,0,0,0,0,0,7,1947311,481850462,141112319,0,0,0,0,0,0,0,0,0,0,0,0,0,0,0,0,0,0,0,0,0,0,0,0,0,0,0,0,0,0,0,0,0,0,0,0,0,12883329024,5258477568,786335,320952,137817884,0,0,97,786432,479927708,811153,6,8716474486,12884901888,7831779,1375631107,0,0,0,0,0,0,0,0,0,0,0,0,0,0,0,0,0,0,47442235,147338800,0,468,1202,7661,620,94885346,35,0,0,0,0,0,0,0,1,0,0,0,0,0,0,0,0,0,0,57167990,0,137814315,2320403,0,0,0,0,0,0,0,0,16384,0,0,0,0,0,0,0,0,0,0,0,7821,446,0,0,0,0,0,144223326,0,171,0,3,446,7821,0,0,0,0,0,0,0,0,0,0,0,0,0,0,0,0,0,0,0,0,0,0,0,0,0,0,0,0,0,0,0,0,0,0,0,0,0,0,0,0,0,0,0,0,0,0,0,0,0,0,0,0,0,0,725265523,0,0,0,988977353,0,0,0,0,0,0,0,192694672,479852570,871220299,400398993920,155463177,1,0,0,0,0,0,0,0,0,0,0,0,0,0,0,0,0,0,0,0,0,0,0,0,0,0,0,0,0,0,0,710,0,0,0,0,0,0,0
1782980228.673,0,0,0,0,0,0,0,1770702116,7861343422976,2788601069056,0,0,0,0,0,0,0,0,0,0,0,0,0,0,0,0,0,0,0,0,0,0,0,0,0,0,0,0,0,0,0,0,0,0,0,0,0,0,0,0,0,0,0,0,0,0,0,0,0,0,0,0,0,0,0,0,0,0,7,1947365,481957385,141143189,0,0,0,0,0,0,0,0,0,0,0,0,0,0,0,0,0,0,0,0,0,0,0,0,0,0,0,0,0,0,0,0,0,0,0,0,0,12882886656,5241159680,786309,319895,137843167,15,0,108,786432,480034255,811153,6,8717994330,12884901888,7842174,1375824033,0,0,0,0,0,0,0,0,0,0,0,0,0,0,0,0,0,0,47451240,147347804,0,468,1202,7661,620,94903341,35,0,0,0,0,0,0,0,1,0,0,0,0,0,0,0,0,0,0,57178185,0,137841006,2320731,0,0,0,0,0,0,0,0,16384,0,0,0,0,0,0,0,0,0,0,0,7822,446,0,0,0,0,0,144250731,0,171,0,3,446,7822,0,0,0,0,0,0,0,0,0,0,0,0,0,0,0,0,0,0,0,0,0,0,0,0,0,0,0,0,0,0,0,0,0,0,0,0,0,0,0,0,0,0,0,0,0,0,0,0,0,0,0,0,0,0,725396945,0,0,0,989128289,0,0,0,0,0,0,0,192713741,479958631,871386991,400468126208,155474003,1,1,0,0,0,0,0,0,0,0,0,0,0,0,0,0,0,0,0,0,0,0,0,0,0,0,0,0,0,0,0,2224,0,0,0,0,0,0,0
1782980229.752,0,0,0,0,0,0,0,1771011380,7863112829440,2789188133888,0,0,0,0,0,0,0,0,0,0,0,0,0,0,0,0,0,0,0,0,0,0,0,0,0,0,0,0,0,0,0,0,0,0,0,0,0,0,0,0,0,0,0,0,0,0,0,0,0,0,0,0,0,0,0,0,0,0,7,1947427,482066257,141174359,0,0,0,0,0,0,0,0,0,0,0,0,0,0,0,0,0,0,0,0,0,0,0,0,0,0,0,0,0,0,0,0,0,0,0,0,0,12882968576,5228675072,786314,319133,137868744,0,0,118,786432,480142729,811153,6,8719545257,12884901888,7852377,1376026679,0,0,0,0,0,0,0,0,0,0,0,0,0,0,0,0,0,0,47460384,147356949,0,468,1202,7661,620,94921623,35,0,0,0,0,0,0,0,1,0,0,0,0,0,0,0,0,0,0,57188542,0,137867863,2321075,0,0,0,0,0,0,0,0,16384,0,0,0,0,0,0,0,0,0,0,0,7823,446,0,0,0,0,0,144278509,0,171,0,3,446,7823,0,0,0,0,0,0,0,0,0,0,0,0,0,0,0,0,0,0,0,0,0,0,0,0,0,0,0,0,0,0,0,0,0,0,0,0,0,0,0,0,0,0,0,0,0,0,0,0,0,0,0,0,0,0,725531966,0,0,0,989284306,0,0,0,0,0,0,0,192733059,480066662,871557389,400539163648,155484728,1,0,0,0,0,0,0,0,0,0,0,0,0,0,0,0,0,0,0,0,0,0,0,0,0,0,0,0,0,0,0,1094,0,0,0,0,0,0,0
1782980230.831,0,0,0,0,0,0,0,1771318134,7864873912832,2789765218816,0,0,0,0,0,0,0,0,0,0,0,0,0,0,0,0,0,0,0,0,0,0,0,0,0,0,0,0,0,0,0,0,0,0,0,0,0,0,0,0,0,0,0,0,0,0,0,0,0,0,0,0,0,0,0,0,0,0,7,1947466,482174559,141204771,0,0,0,0,0,0,0,0,0,0,0,0,0,0,0,0,0,0,0,0,0,0,0,0,0,0,0,0,0,0,0,0,0,0,0,0,0,12880183296,5220417536,786144,318629,137899571,188,0,101,786432,480250631,811153,6,8721081968,12884901888,7859614,1376225361,0,0,0,0,0,0,0,0,0,0,0,0,0,0,0,0,0,0,47469458,147366023,0,468,1202,7661,620,94939782,35,0,0,0,0,0,0,0,1,0,0,0,0,0,0,0,0,0,0,57198816,0,137895127,2321428,0,0,0,0,0,0,0,0,16384,0,0,0,0,0,0,0,0,0,0,0,7824,446,0,0,0,0,0,144306033,0,171,0,3,446,7824,0,0,0,0,0,0,0,0,0,0,0,0,0,0,0,0,0,0,0,0,0,0,0,0,0,0,0,0,0,0,0,0,0,0,0,0,0,0,0,0,0,0,0,0,0,0,0,0,0,0,0,0,0,0,725663528,0,0,0,989438612,0,0,0,0,0,0,0,192752066,480174168,871722678,400608220672,155495956,1,1,0,0,0,0,0,0,0,0,0,0,0,0,0,0,0,0,0,0,0,0,0,0,0,0,0,0,0,0,0,488,0,0,0,0,0,0,0
1782980231.914,0,0,0,0,0,0,0,1771632161,7866673023488,2790346130432,0,0,0,0,0,0,0,0,0,0,0,0,0,0,0,0,0,0,0,0,0,0,0,0,0,0,0,0,0,0,0,0,0,0,0,0,0,0,0,0,0,0,0,0,0,0,0,0,0,0,0,0,0,0,0,0,0,0,7,1947518,482285168,141235256,0,0,0,0,0,0,0,0,0,0,0,0,0,0,0,0,0,0,0,0,0,0,0,0,0,0,0,0,0,0,0,0,0,0,0,0,0,12882165760,5227577344,786265,319066,137926220,70,0,96,786432,480360839,811153,6,8722651359,12884901888,7868188,1376424660,0,0,0,0,0,0,0,0,0,0,0,0,0,0,0,0,0,0,47478737,147375302,0,468,1202,7661,620,94958334,35,0,0,0,0,0,0,0,1,0,0,0,0,0,0,0,0,0,0,57209325,0,137921627,2321770,0,0,0,0,0,0,0,0,16384,0,0,0,0,0,0,0,0,0,0,0,7825,446,0,0,0,0,0,144334243,0,171,0,3,446,7825,0,0,0,0,0,0,0,0,0,0,0,0,0,0,0,0,0,0,0,0,0,0,0,0,0,0,0,0,0,0,0,0,0,0,0,0,0,0,0,0,0,0,0,0,0,0,0,0,0,0,0,0,0,0,725798474,0,0,0,989594550,0,0,0,0,0,0,0,192771514,480283930,871891997,400678970368,155507110,1,0,0,0,0,0,0,0,0,0,0,0,0,0,0,0,0,0,0,0,0,0,0,0,0,0,0,0,0,0,0,1800,0,0,0,0,0,0,0
1782980233.002,0,0,0,0,0,0,0,1771935382,7868419099136,2790912948224,0,0,0,0,0,0,0,0,0,0,0,0,0,0,0,0,0,0,0,0,0,0,0,0,0,0,0,0,0,0,0,0,0,0,0,0,0,0,0,0,0,0,0,0,0,0,0,0,0,0,0,0,0,0,0,0,0,0,7,1947560,482392536,141264924,0,0,0,0,0,0,0,0,0,0,0,0,0,0,0,0,0,0,0,0,0,0,0,0,0,0,0,0,0,0,0,0,0,0,0,0,0,12879921152,5227446272,786129,319058,137951739,203,0,101,786432,480467824,811153,6,8724173648,12884901888,7877156,1376623919,0,0,0,0,0,0,0,0,0,0,0,0,0,0,0,0,0,0,47487708,147384275,0,468,1202,7661,620,94976284,35,0,0,0,0,0,0,0,1,0,0,0,0,0,0,0,0,0,0,57219493,0,137947146,2322089,0,0,0,0,0,0,0,0,16384,0,0,0,0,0,0,0,0,0,0,0,7827,446,0,0,0,0,0,144361492,0,171,0,3,446,7827,0,0,0,0,0,0,0,0,0,0,0,0,0,0,0,0,0,0,0,0,0,0,0,0,0,0,0,0,0,0,0,0,0,0,0,0,0,0,0,0,0,0,0,0,0,0,0,0,0,0,0,0,0,0,725932869,0,0,0,989747955,0,0,0,0,0,0,0,192791723,480390471,872060253,400749444096,155519054,1,0,0,0,0,0,0,0,0,0,0,0,0,0,0,0,0,0,0,0,0,0,0,0,0,0,0,0,0,0,0,346,0,0,0,0,0,0,0
1782980234.088,0,0,0,0,0,0,0,1772230666,7870109665792,2791462952960,0,0,0,0,0,0,0,0,0,0,0,0,0,0,0,0,0,0,0,0,0,0,0,0,0,0,0,0,0,0,0,0,0,0,0,0,0,0,0,0,0,0,0,0,0,0,0,0,0,0,0,0,0,0,0,0,0,0,7,1947604,482496470,141293731,0,0,0,0,0,0,0,0,0,0,0,0,0,0,0,0,0,0,0,0,0,0,0,0,0,0,0,0,0,0,0,0,0,0,0,0,0,12879872000,5226889216,786125,319024,137976166,212,0,97,786432,480571391,811153,6,8725648566,12884901888,7887940,1376812287,0,0,0,0,0,0,0,0,0,0,0,0,0,0,0,0,0,0,47496419,147392983,0,468,1202,7661,620,94993700,35,0,0,0,0,0,0,0,1,0,0,0,0,0,0,0,0,0,0,57229357,0,137971635,2322410,0,0,0,0,0,0,0,0,16384,0,0,0,0,0,0,0,0,0,0,0,7828,446,0,0,0,0,0,144387992,0,171,0,3,446,7828,0,0,0,0,0,0,0,0,0,0,0,0,0,0,0,0,0,0,0,0,0,0,0,0,0,0,0,0,0,0,0,0,0,0,0,0,0,0,0,0,0,0,0,0,0,0,0,0,0,0,0,0,0,0,726062667,0,0,0,989895216,0,0,0,0,0,0,0,192809659,480493659,872223172,400817263104,155528838,1,0,0,0,0,0,0,0,0,0,0,0,0,0,0,0,0,0,0,0,0,0,0,0,0,0,0,0,0,0,0,709,0,0,0,0,0,0,0
1782980235.176,0,0,0,0,0,0,0,1772541208,7871881415168,2792035421696,0,0,0,0,0,0,0,0,0,0,0,0,0,0,0,0,0,0,0,0,0,0,0,0,0,0,0,0,0,0,0,0,0,0,0,0,0,0,0,0,0,0,0,0,0,0,0,0,0,0,0,0,0,0,0,0,0,0,7,1947671,482605443,141323624,0,0,0,0,0,0,0,0,0,0,0,0,0,0,0,0,0,0,0,0,0,0,0,0,0,0,0,0,0,0,0,0,0,0,0,0,0,12879134720,5235998720,786080,319580,138003000,256,0,96,786432,480679965,811153,6,8727201280,12884901888,7895544,1377011359,0,0,0,0,0,0,0,0,0,0,0,0,0,0,0,0,0,0,47505609,147402173,0,468,1202,7661,620,95012075,35,0,0,0,0,0,0,0,1,0,0,0,0,0,0,0,0,0,0,57239772,0,137998407,2322758,0,0,0,0,0,0,0,0,16384,0,0,0,0,0,0,0,0,0,0,0,7829,446,0,0,0,0,0,144415911,0,171,0,3,446,7829,0,0,0,0,0,0,0,0,0,0,0,0,0,0,0,0,0,0,0,0,0,0,0,0,0,0,0,0,0,0,0,0,0,0,0,0,0,0,0,0,0,0,0,0,0,0,0,0,0,0,0,0,0,0,726199791,0,0,0,990050330,0,0,0,0,0,0,0,192826452,480601710,872393361,400889253888,155538116,1,1,0,0,0,0,0,0,0,0,0,0,0,0,0,0,0,0,0,0,0,0,0,0,0,0,0,0,0,0,0,1270,0,0,0,0,0,0,0
1782980236.261,0,0,0,0,0,0,0,1772843623,7873614268928,2792593814528,0,0,0,0,0,0,0,0,0,0,0,0,0,0,0,0,0,0,0,0,0,0,0,0,0,0,0,0,0,0,0,0,0,0,0,0,0,0,0,0,0,0,0,0,0,0,0,0,0,0,0,0,0,0,0,0,0,0,7,1947714,482712010,141352792,0,0,0,0,0,0,0,0,0,0,0,0,0,0,0,0,0,0,0,0,0,0,0,0,0,0,0,0,0,0,0,0,0,0,0,0,0,12878872576,5246582784,786064,320226,138028495,253,0,116,786432,480786139,811153,6,8728713779,12884901888,7904709,1377205439,0,0,0,0,0,0,0,0,0,0,0,0,0,0,0,0,0,0,47514554,147411115,0,468,1202,7661,620,95029972,35,0,0,0,0,0,0,0,1,0,0,0,0,0,0,0,0,0,0,57249915,0,138023902,2323091,0,0,0,0,0,0,0,0,16384,0,0,0,0,0,0,0,0,0,0,0,7830,446,0,0,0,0,0,144443100,0,171,0,3,446,7830,0,0,0,0,0,0,0,0,0,0,0,0,0,0,0,0,0,0,0,0,0,0,0,0,0,0,0,0,0,0,0,0,0,0,0,0,0,0,0,0,0,0,0,0,0,0,0,0,0,0,0,0,0,0,726333924,0,0,0,990201583,0,0,0,0,0,0,0,192843683,480707441,872560342,400959534080,155547538,0,1,0,0,0,0,0,0,0,0,0,0,0,0,0,0,0,0,0,0,0,0,0,0,0,0,0,0,0,0,0,1504,0,0,0,0,0,0,0
1782980237.345,0,0,0,0,0,0,0,1773149819,7875366341120,2793164421632,0,0,0,0,0,0,0,0,0,0,0,0,0,0,0,0,0,0,0,0,0,0,0,0,0,0,0,0,0,0,0,0,0,0,0,0,0,0,0,0,0,0,0,0,0,0,0,0,0,0,0,0,0,0,0,0,0,0,7,1947770,482819686,141382632,0,0,0,0,0,0,0,0,0,0,0,0,0,0,0,0,0,0,0,0,0,0,0,0,0,0,0,0,0,0,0,0,0,0,0,0,0,12879740928,5244469248,786118,320097,138054887,217,0,96,786432,480893425,811153,6,8730246151,12884901888,7912187,1377402517,0,0,0,0,0,0,0,0,0,0,0,0,0,0,0,0,0,0,47523601,147420167,0,468,1202,7661,620,95048071,35,0,0,0,0,0,0,0,1,0,0,0,0,0,0,0,0,0,0,57260177,0,138050294,2323430,0,0,0,0,0,0,0,0,16384,0,0,0,0,0,0,0,0,0,0,0,7831,446,0,0,0,0,0,144470608,0,171,0,3,446,7831,0,0,0,0,0,0,0,0,0,0,0,0,0,0,0,0,0,0,0,0,0,0,0,0,0,0,0,0,0,0,0,0,0,0,0,0,0,0,0,0,0,0,0,0,0,0,0,0,0,0,0,0,0,0,726469920,0,0,0,990354874,0,0,0,0,0,0,0,192860621,480814362,872729629,401030866944,155556877,0,0,0,0,0,0,0,0,0,0,0,0,0,0,0,0,0,0,0,0,0,0,0,0,0,0,0,0,0,0,0,1598,0,0,0,0,0,0,0
1782980238.433,0,0,0,0,0,0,0,1773461774,7877147920896,2793737679360,0,0,0,0,0,0,0,0,0,0,0,0,0,0,0,0,0,0,0,0,0,0,0,0,0,0,0,0,0,0,0,0,0,0,0,0,0,0,0,0,0,0,0,0,0,0,0,0,0,0,0,0,0,0,0,0,0,0,7,1947836,482929219,141412544,0,0,0,0,0,0,0,0,0,0,0,0,0,0,0,0,0,0,0,0,0,0,0,0,0,0,0,0,0,0,0,0,0,0,0,0,0,12881854464,5252890624,786246,320611,138081450,89,0,97,786432,481002532,811153,6,8731809343,12884901888,7920470,1377605340,0,0,0,0,0,0,0,0,0,0,0,0,0,0,0,0,0,0,47532826,147429390,0,468,1202,7661,620,95066512,35,0,0,0,0,0,0,0,1,0,0,0,0,0,0,0,0,0,0,57270635,0,138076943,2323778,0,0,0,0,0,0,0,0,16384,0,0,0,0,0,0,0,0,0,0,0,7832,446,0,0,0,0,0,144498617,0,171,0,3,446,7832,0,0,0,0,0,0,0,0,0,0,0,0,0,0,0,0,0,0,0,0,0,0,0,0,0,0,0,0,0,0,0,0,0,0,0,0,0,0,0,0,0,0,0,0,0,0,0,0,0,0,0,0,0,0,726607808,0,0,0,990511694,0,0,0,0,0,0,0,192876787,480923093,872900679,401103162368,155565828,1,1,0,0,0,0,0,0,0,0,0,0,0,0,0,0,0,0,0,0,0,0,0,0,0,0,0,0,0,0,0,1006,0,0,0,0,0,0,0
1782980239.519,0,0,0,0,0,0,0,1773777691,7878959991296,2794317842432,0,0,0,0,0,0,0,0,0,0,0,0,0,0,0,0,0,0,0,0,0,0,0,0,0,0,0,0,0,0,0,0,0,0,0,0,0,0,0,0,0,0,0,0,0,0,0,0,0,0,0,0,0,0,0,0,0,0,7,1947897,483040633,141442850,0,0,0,0,0,0,0,0,0,0,0,0,0,0,0,0,0,0,0,0,0,0,0,0,0,0,0,0,0,0,0,0,0,0,0,0,0,12877201408,5264932864,785965,321346,138109314,373,0,100,786432,481113534,811153,6,8733392456,12884901888,7925434,1377809972,0,0,0,0,0,0,0,0,0,0,0,0,0,0,0,0,0,0,47542180,147438747,0,468,1202,7661,620,95085224,35,0,0,0,0,0,0,0,1,0,0,0,0,0,0,0,0,0,0,57281255,0,138104721,2324137,0,0,0,0,0,0,0,0,16384,0,0,0,0,0,0,0,0,0,0,0,7833,446,0,0,0,0,0,144527081,0,171,0,3,446,7833,0,0,0,0,0,0,0,0,0,0,0,0,0,0,0,0,0,0,0,0,0,0,0,0,0,0,0,0,0,0,0,0,0,0,0,0,0,0,0,0,0,0,0,0,0,0,0,0,0,0,0,0,0,0,726746478,0,0,0,990670215,0,0,0,0,0,0,0,192892423,481033678,873072236,401175864320,155574705,1,0,0,0,0,0,0,0,0,0,0,0,0,0,0,0,0,0,0,0,0,0,0,0,0,0,0,0,0,0,0,673,0,0,0,0,0,0,0
1782980240.607,0,0,0,0,0,0,0,1774076826,7880670366208,2794898186240,0,0,0,0,0,0,0,0,0,0,0,0,0,0,0,0,0,0,0,0,0,0,0,0,0,0,0,0,0,0,0,0,0,0,0,0,0,0,0,0,0,0,0,0,0,0,0,0,0,0,0,0,0,0,0,0,0,0,7,1947961,483145845,141473276,0,0,0,0,0,0,0,0,0,0,0,0,0,0,0,0,0,0,0,0,0,0,0,0,0,0,0,0,0,0,0,0,0,0,0,0,0,12883296256,5245157376,786333,320139,138134319,0,0,98,786432,481218385,811153,6,8734885155,12884901888,7934339,1377999592,0,0,0,0,0,0,0,0,0,0,0,0,0,0,0,0,0,0,47551015,147447581,0,468,1202,7661,620,95102894,35,0,0,0,0,0,0,0,1,0,0,0,0,0,0,0,0,0,0,57291257,0,138131006,2324465,0,0,0,0,0,0,0,0,16384,0,0,0,0,0,0,0,0,0,0,0,7834,446,0,0,0,0,0,144553952,0,171,0,3,446,7834,0,0,0,0,0,0,0,0,0,0,0,0,0,0,0,0,0,0,0,0,0,0,0,0,0,0,0,0,0,0,0,0,0,0,0,0,0,0,0,0,0,0,0,0,0,0,0,0,0,0,0,0,0,0,726877847,0,0,0,990818757,0,0,0,0,0,0,0,192909653,481138024,873237888,401244906496,155584303,1,0,0,0,0,0,0,0,0,0,0,0,0,0,0,0,0,0,0,0,0,0,0,0,0,0,0,0,0,0,0,1950,0,0,0,0,0,0,0
1782980241.686,0,0,0,0,0,0,0,1774385491,7882447374848,2795493962240,0,0,0,0,0,0,0,0,0,0,0,0,0,0,0,0,0,0,0,0,0,0,0,0,0,0,0,0,0,0,0,0,0,0,0,0,0,0,0,0,0,0,0,0,0,0,0,0,0,0,0,0,0,0,0,0,0,0,7,1948017,483255115,141504795,0,0,0,0,0,0,0,0,0,0,0,0,0,0,0,0,0,0,0,0,0,0,0,0,0,0,0,0,0,0,0,0,0,0,0,0,0,12883165184,5229330432,786327,319173,138160631,1,0,105,786432,481327229,811153,6,8736434595,12884901888,7943604,1378201118,0,0,0,0,0,0,0,0,0,0,0,0,0,0,0,0,0,0,47560178,147456744,0,468,1202,7661,620,95121226,35,0,0,0,0,0,0,0,1,0,0,0,0,0,0,0,0,0,0,57301644,0,138158793,2324818,0,0,0,0,0,0,0,0,16384,0,0,0,0,0,0,0,0,0,0,0,7836,447,0,0,0,0,0,144581802,0,172,0,3,447,7836,0,0,0,0,0,0,0,0,0,0,0,0,0,0,0,0,0,0,0,0,0,0,0,0,0,0,0,0,0,0,0,0,0,0,0,0,0,0,0,0,0,0,0,0,0,0,0,0,0,0,0,0,0,0,727013281,0,0,0,990974525,0,0,0,0,0,0,0,192926553,481246533,873408449,401315956224,155593423,1,1,0,0,0,0,0,0,0,0,0,0,0,0,0,0,0,0,0,0,0,0,0,0,0,0,0,0,0,0,0,765,0,0,0,0,0,0,0
1782980242.784,0,0,0,0,0,0,0,1774689778,7884196416000,2796082250752,0,0,0,0,0,0,0,0,0,0,0,0,0,0,0,0,0,0,0,0,0,0,0,0,0,0,0,0,0,0,0,0,0,0,0,0,0,0,0,0,0,0,0,0,0,0,0,0,0,0,0,0,0,0,0,0,0,0,7,1948069,483362586,141535423,0,0,0,0,0,0,0,0,0,0,0,0,0,0,0,0,0,0,0,0,0,0,0,0,0,0,0,0,0,0,0,0,0,0,0,0,0,12883181568,5218828288,786327,318532,138187502,2,0,104,786432,481434352,811153,6,8737957523,12884901888,7949958,1378395888,0,0,0,0,0,0,0,0,0,0,0,0,0,0,0,0,0,0,47569174,147465739,0,468,1202,7661,620,95139207,35,0,0,0,0,0,0,0,1,0,0,0,0,0,0,0,0,0,0,57311851,0,138186749,2325174,0,0,0,0,0,0,0,0,16384,0,0,0,0,0,0,0,0,0,0,0,7837,447,0,0,0,0,0,144609143,0,172,0,3,447,7837,0,0,0,0,0,0,0,0,0,0,0,0,0,0,0,0,0,0,0,0,0,0,0,0,0,0,0,0,0,0,0,0,0,0,0,0,0,0,0,0,0,0,0,0,0,0,0,0,0,0,0,0,0,0,727148337,0,0,0,991126332,0,0,0,0,0,0,0,192943251,481353248,873577134,401386886656,155602659,1,0,0,0,0,0,0,0,0,0,0,0,0,0,0,0,0,0,0,0,0,0,0,0,0,0,0,0,0,0,0,1387,0,0,0,0,0,0,0
1782980243.861,0,0,0,0,0,0,0,1774985337,7885885245952,2796635527680,0,0,0,0,0,0,0,0,0,0,0,0,0,0,0,0,0,0,0,0,0,0,0,0,0,0,0,0,0,0,0,0,0,0,0,0,0,0,0,0,0,0,0,0,0,0,0,0,0,0,0,0,0,0,0,0,0,0,7,1948132,483466445,141564747,0,0,0,0,0,0,0,0,0,0,0,0,0,0,0,0,0,0,0,0,0,0,0,0,0,0,0,0,0,0,0,0,0,0,0,0,0,12875300864,5211111424,785846,318061,138216675,489,0,96,786432,481537784,811153,6,8739433713,12884901888,7961246,1378583912,0,0,0,0,0,0,0,0,0,0,0,0,0,0,0,0,0,0,47577877,147474442,0,468,1202,7661,620,95156610,35,0,0,0,0,0,0,0,1,0,0,0,0,0,0,0,0,0,0,57321698,0,138212082,2325503,0,0,0,0,0,0,0,0,16384,0,0,0,0,0,0,0,0,0,0,0,7838,447,0,0,0,0,0,144635616,0,172,0,3,447,7838,0,0,0,0,0,0,0,0,0,0,0,0,0,0,0,0,0,0,0,0,0,0,0,0,0,0,0,0,0,0,0,0,0,0,0,0,0,0,0,0,0,0,0,0,0,0,0,0,0,0,0,0,0,0,727278514,0,0,0,991273192,0,0,0,0,0,0,0,192961751,481456334,873740738,401455152128,155612861,1,1,0,0,0,0,0,0,0,0,0,0,0,0,0,0,0,0,0,0,0,0,0,0,0,0,0,0,0,0,0,2521,0,0,0,0,0,0,0
1782980244.944,0,0,0,0,0,0,0,1775299422,7887690795520,2797217347072,0,0,0,0,0,0,0,0,0,0,0,0,0,0,0,0,0,0,0,0,0,0,0,0,0,0,0,0,0,0,0,0,0,0,0,0,0,0,0,0,0,0,0,0,0,0,0,0,0,0,0,0,0,0,0,0,0,0,7,1948190,483577427,141595141,0,0,0,0,0,0,0,0,0,0,0,0,0,0,0,0,0,0,0,0,0,0,0,0,0,0,0,0,0,0,0,0,0,0,0,0,0,12882444288,5219942400,786282,318600,138244295,14,0,136,786432,481648344,811153,6,8741008406,12884901888,7968373,1378788945,0,0,0,0,0,0,0,0,0,0,0,0,0,0,0,0,0,0,47587172,147483742,0,468,1202,7661,620,95175209,35,0,0,0,0,0,0,0,1,0,0,0,0,0,0,0,0,0,0,57332256,0,138239702,2325872,0,0,0,0,0,0,0,0,16384,0,0,0,0,0,0,0,0,0,0,0,7839,447,0,0,0,0,0,144663906,0,172,0,3,447,7839,0,0,0,0,0,0,0,0,0,0,0,0,0,0,0,0,0,0,0,0,0,0,0,0,0,0,0,0,0,0,0,0,0,0,0,0,0,0,0,0,0,0,0,0,0,0,0,0,0,0,0,0,0,0,727416882,0,0,0,991431807,0,0,0,0,0,0,0,192979285,481566424,873912336,401527756800,155622563,1,0,0,0,0,0,0,0,0,0,0,0,0,0,0,0,0,0,0,0,0,0,0,0,0,0,0,0,0,0,0,1193,0,0,0,0,0,0,0
1782980246.022,0,0,0,0,0,0,0,1775595020,7889380395520,2797770453504,0,0,0,0,0,0,0,0,0,0,0,0,0,0,0,0,0,0,0,0,0,0,0,0,0,0,0,0,0,0,0,0,0,0,0,0,0,0,0,0,0,0,0,0,0,0,0,0,0,0,0,0,0,0,0,0,0,0,7,1948255,483681276,141624117,0,0,0,0,0,0,0,0,0,0,0,0,0,0,0,0,0,0,0,0,0,0,0,0,0,0,0,0,0,0,0,0,0,0,0,0,0,12880052224,5217157120,786136,318430,138269405,199,0,97,786432,481751773,811153,6,8742489058,12884901888,7978580,1378980580,0,0,0,0,0,0,0,0,0,0,0,0,0,0,0,0,0,0,47595897,147492467,0,468,1202,7661,620,95192668,35,0,0,0,0,0,0,0,1,0,0,0,0,0,0,0,0,0,0,57342137,0,138264812,2326207,0,0,0,0,0,0,0,0,16384,0,0,0,0,0,0,0,0,0,0,0,7840,447,0,0,0,0,0,144690404,0,172,0,3,447,7840,0,0,0,0,0,0,0,0,0,0,0,0,0,0,0,0,0,0,0,0,0,0,0,0,0,0,0,0,0,0,0,0,0,0,0,0,0,0,0,0,0,0,0,0,0,0,0,0,0,0,0,0,0,0,727547047,0,0,0,991580220,0,0,0,0,0,0,0,192998749,481669522,874075308,401595984896,155633720,1,1,0,0,0,0,0,0,0,0,0,0,0,0,0,0,0,0,0,0,0,0,0,0,0,0,0,0,0,0,0,710,0,0,0,0,0,0,0
1782980247.110,0,0,0,0,0,0,0,1775917628,7891223759360,2798364733952,0,0,0,0,0,0,0,0,0,0,0,0,0,0,0,0,0,0,0,0,0,0,0,0,0,0,0,0,0,0,0,0,0,0,0,0,0,0,0,0,0,0,0,0,0,0,0,0,0,0,0,0,0,0,0,0,0,0,7,1948319,483794632,141655208,0,0,0,0,0,0,0,0,0,0,0,0,0,0,0,0,0,0,0,0,0,0,0,0,0,0,0,0,0,0,0,0,0,0,0,0,0,12879806464,5225447424,786121,318936,138298454,214,0,97,786432,481864713,811153,6,8744102061,12884901888,7983345,1379188471,0,0,0,0,0,0,0,0,0,0,0,0,0,0,0,0,0,0,47605436,147502005,0,468,1202,7661,620,95211757,35,0,0,0,0,0,0,0,1,0,0,0,0,0,0,0,0,0,0,57352941,0,138293929,2326587,0,0,0,0,0,0,0,0,16384,0,0,0,0,0,0,0,0,0,0,0,7841,447,0,0,0,0,0,144719364,0,172,0,3,447,7841,0,0,0,0,0,0,0,0,0,0,0,0,0,0,0,0,0,0,0,0,0,0,0,0,0,0,0,0,0,0,0,0,0,0,0,0,0,0,0,0,0,0,0,0,0,0,0,0,0,0,0,0,0,0,727687144,0,0,0,991741672,0,0,0,0,0,0,0,193014648,481782022,874248542,401669748224,155642872,1,0,0,0,0,0,0,0,0,0,0,0,0,0,0,0,0,0,0,0,0,0,0,0,0,0,0,0,0,0,0,999,0,0,0,0,0,0,0
1782980248.194,0,0,0,0,0,0,0,1776230647,7893019773440,2798942268416,0,0,0,0,0,0,0,0,0,0,0,0,0,0,0,0,0,0,0,0,0,0,0,0,0,0,0,0,0,0,0,0,0,0,0,0,0,0,0,0,0,0,0,0,0,0,0,0,0,0,0,0,0,0,0,0,0,0,7,1948376,483905070,141685442,0,0,0,0,0,0,0,0,0,0,0,0,0,0,0,0,0,0,0,0,0,0,0,0,0,0,0,0,0,0,0,0,0,0,0,0,0,12879659008,5230592000,786111,319250,138325635,223,0,98,786432,481974758,811153,6,8745668572,12884901888,7991577,1379390291,0,0,0,0,0,0,0,0,0,0,0,0,0,0,0,0,0,0,47614687,147511257,0,468,1202,7661,620,95230240,35,0,0,0,0,0,0,0,1,0,0,0,0,0,0,0,0,0,0,57363429,0,138321042,2326937,0,0,0,0,0,0,0,0,16384,0,0,0,0,0,0,0,0,0,0,0,7842,447,0,0,0,0,0,144747498,0,172,0,3,447,7842,0,0,0,0,0,0,0,0,0,0,0,0,0,0,0,0,0,0,0,0,0,0,0,0,0,0,0,0,0,0,0,0,0,0,0,0,0,0,0,0,0,0,0,0,0,0,0,0,0,0,0,0,0,0,727823376,0,0,0,991898427,0,0,0,0,0,0,0,193031384,481891610,874418167,401741181440,155652211,1,0,0,0,0,0,0,0,0,0,0,0,0,0,0,0,0,0,0,0,0,0,0,0,0,0,0,0,0,0,0,955,0,0,0,0,0,0,0
1782980249.279,0,0,0,0,0,0,0,1776548001,7894840445440,2799529877504,0,0,0,0,0,0,0,0,0,0,0,0,0,0,0,0,0,0,0,0,0,0,0,0,0,0,0,0,0,0,0,0,0,0,0,0,0,0,0,0,0,0,0,0,0,0,0,0,0,0,0,0,0,0,0,0,0,0,7,1948439,484017067,141716208,0,0,0,0,0,0,0,0,0,0,0,0,0,0,0,0,0,0,0,0,0,0,0,0,0,0,0,0,0,0,0,0,0,0,0,0,0,12880281600,5235245056,786149,319534,138353534,184,0,97,786432,482086339,811153,6,8747258740,12884901888,7997204,1379594812,0,0,0,0,0,0,0,0,0,0,0,0,0,0,0,0,0,0,47624089,147520660,0,468,1202,7661,620,95249049,35,0,0,0,0,0,0,0,1,0,0,0,0,0,0,0,0,0,0,57374098,0,138349011,2327305,0,0,0,0,0,0,0,0,16384,0,0,0,0,0,0,0,0,0,0,0,7843,447,0,0,0,0,0,144776096,0,172,0,3,447,7843,0,0,0,0,0,0,0,0,0,0,0,0,0,0,0,0,0,0,0,0,0,0,0,0,0,0,0,0,0,0,0,0,0,0,0,0,0,0,0,0,0,0,0,0,0,0,0,0,0,0,0,0,0,0,727962585,0,0,0,992057644,0,0,0,0,0,0,0,193048067,482002734,874590961,401814060032,155661366,1,0,0,0,0,0,0,0,0,0,0,0,0,0,0,0,0,0,0,0,0,0,0,0,0,0,0,0,0,0,0,839,0,0,0,0,0,0,0
1782980250.368,0,0,0,0,0,0,0,1776869810,7896681449984,2800120344064,0,0,0,0,0,0,0,0,0,0,0,0,0,0,0,0,0,0,0,0,0,0,0,0,0,0,0,0,0,0,0,0,0,0,0,0,0,0,0,0,0,0,0,0,0,0,0,0,0,0,0,0,0,0,0,0,0,0,7,1948511,484130217,141746992,0,0,0,0,0,0,0,0,0,0,0,0,0,0,0,0,0,0,0,0,0,0,0,0,0,0,0,0,0,0,0,0,0,0,0,0,0,12880969728,5247418368,786192,320277,138381888,141,0,96,786432,482199060,811153,6,8748870174,12884901888,8002675,1379802886,0,0,0,0,0,0,0,0,0,0,0,0,0,0,0,0,0,0,47633600,147530168,0,468,1202,7661,620,95268065,35,0,0,0,0,0,0,0,1,0,0,0,0,0,0,0,0,0,0,57384869,0,138377295,2327678,0,0,0,0,0,0,0,0,16384,0,0,0,0,0,0,0,0,0,0,0,7844,447,0,0,0,0,0,144805033,0,172,0,3,447,7844,0,0,0,0,0,0,0,0,0,0,0,0,0,0,0,0,0,0,0,0,0,0,0,0,0,0,0,0,0,0,0,0,0,0,0,0,0,0,0,0,0,0,0,0,0,0,0,0,0,0,0,0,0,0,728102777,0,0,0,992219050,0,0,0,0,0,0,0,193064520,482115006,874764450,401887826944,155670760,1,0,0,0,0,0,0,0,0,0,0,0,0,0,0,0,0,0,0,0,0,0,0,0,0,0,0,0,0,0,0,623,0,0,0,0,0,0,0
1782980251.454,0,0,0,0,0,0,0,1777184889,7898485524992,2800701189120,0,0,0,0,0,0,0,0,0,0,0,0,0,0,0,0,0,0,0,0,0,0,0,0,0,0,0,0,0,0,0,0,0,0,0,0,0,0,0,0,0,0,0,0,0,0,0,0,0,0,0,0,0,0,0,0,0,0,7,1948570,484241293,141777475,0,0,0,0,0,0,0,0,0,0,0,0,0,0,0,0,0,0,0,0,0,0,0,0,0,0,0,0,0,0,0,0,0,0,0,0,0,12880101376,5252857856,786139,320609,138409720,175,0,118,786432,482309735,811153,6,8750448499,12884901888,8008246,1380005980,0,0,0,0,0,0,0,0,0,0,0,0,0,0,0,0,0,0,47642935,147539506,0,468,1202,7661,620,95286746,35,0,0,0,0,0,0,0,1,0,0,0,0,0,0,0,0,0,0,57395470,0,138405127,2328037,0,0,0,0,0,0,0,0,16384,0,0,0,0,0,0,0,0,0,0,0,7845,447,0,0,0,0,0,144833406,0,172,0,3,447,7845,0,0,0,0,0,0,0,0,0,0,0,0,0,0,0,0,0,0,0,0,0,0,0,0,0,0,0,0,0,0,0,0,0,0,0,0,0,0,0,0,0,0,0,0,0,0,0,0,0,0,0,0,0,0,728240209,0,0,0,992377249,0,0,0,0,0,0,0,193081428,482225187,874935024,401959961600,155680316,1,0,0,0,0,0,0,0,0,0,0,0,0,0,0,0,0,0,0,0,0,0,0,0,0,0,0,0,0,0,0,344,0,0,0,0,0,0,0
1782980252.545,0,0,0,0,0,0,0,1777499616,7900286487040,2801290809856,0,0,0,0,0,0,0,0,0,0,0,0,0,0,0,0,0,0,0,0,0,0,0,0,0,0,0,0,0,0,0,0,0,0,0,0,0,0,0,0,0,0,0,0,0,0,0,0,0,0,0,0,0,0,0,0,0,0,7,1948632,484352007,141808187,0,0,0,0,0,0,0,0,0,0,0,0,0,0,0,0,0,0,0,0,0,0,0,0,0,0,0,0,0,0,0,0,0,0,0,0,0,12880658432,5251153920,786173,320505,138437391,163,0,96,786432,482420049,811153,6,8752023999,12884901888,8013608,1380209285,0,0,0,0,0,0,0,0,0,0,0,0,0,0,0,0,0,0,47652233,147548805,0,468,1202,7661,620,95305344,35,0,0,0,0,0,0,0,1,0,0,0,0,0,0,0,0,0,0,57406002,0,138433054,2328406,0,0,0,0,0,0,0,0,16384,0,0,0,0,0,0,0,0,0,0,0,7846,447,0,0,0,0,0,144861643,0,172,0,3,447,7846,0,0,0,0,0,0,0,0,0,0,0,0,0,0,0,0,0,0,0,0,0,0,0,0,0,0,0,0,0,0,0,0,0,0,0,0,0,0,0,0,0,0,0,0,0,0,0,0,0,0,0,0,0,0,728377939,0,0,0,992535012,0,0,0,0,0,0,0,193098000,482335130,875106288,402032142336,155689342,1,1,0,0,0,0,0,0,0,0,0,0,0,0,0,0,0,0,0,0,0,0,0,0,0,0,0,0,0,0,0,219,0,0,0,0,0,0,0
1782980253.627,0,0,0,0,0,0,0,1777797813,7901994076672,2801864913408,0,0,0,0,0,0,0,0,0,0,0,0,0,0,0,0,0,0,0,0,0,0,0,0,0,0,0,0,0,0,0,0,0,0,0,0,0,0,0,0,0,0,0,0,0,0,0,0,0,0,0,0,0,0,0,0,0,0,7,1948685,484456931,141838398,0,0,0,0,0,0,0,0,0,0,0,0,0,0,0,0,0,0,0,0,0,0,0,0,0,0,0,0,0,0,0,0,0,0,0,0,0,12881281024,5234950144,786211,319516,138462130,126,0,97,786432,482524605,811153,6,8753511540,12884901888,8025796,1380397431,0,0,0,0,0,0,0,0,0,0,0,0,0,0,0,0,0,0,47661050,147557622,0,468,1202,7661,620,95322964,35,0,0,0,0,0,0,0,1,0,0,0,0,0,0,0,0,0,0,57415985,0,138459073,2328736,0,0,0,0,0,0,0,0,16384,0,0,0,0,0,0,0,0,0,0,0,7847,447,0,0,0,0,0,144888414,0,172,0,3,447,7847,0,0,0,0,0,0,0,0,0,0,0,0,0,0,0,0,0,0,0,0,0,0,0,0,0,0,0,0,0,0,0,0,0,0,0,0,0,0,0,0,0,0,0,0,0,0,0,0,0,0,0,0,0,0,728509156,0,0,0,992682687,0,0,0,0,0,0,0,193115291,482439283,875271920,402101090816,155698597,1,0,0,0,0,0,0,0,0,0,0,0,0,0,0,0,0,0,0,0,0,0,0,0,0,0,0,0,0,0,0,1908,0,0,0,0,0,0,0
1782980254.707,0,0,0,0,0,0,0,1778105146,7903755225600,2802456054784,0,0,0,0,0,0,0,0,0,0,0,0,0,0,0,0,0,0,0,0,0,0,0,0,0,0,0,0,0,0,0,0,0,0,0,0,0,0,0,0,0,0,0,0,0,0,0,0,0,0,0,0,0,0,0,0,0,0,7,1948743,484565235,141869636,0,0,0,0,0,0,0,0,0,0,0,0,0,0,0,0,0,0,0,0,0,0,0,0,0,0,0,0,0,0,0,0,0,0,0,0,0,12883148800,5216518144,786325,318391,138488336,11,0,97,786432,482632534,811153,6,8755048594,12884901888,8032883,1380593850,0,0,0,0,0,0,0,0,0,0,0,0,0,0,0,0,0,0,47670142,147566712,0,468,1202,7661,620,95341156,35,0,0,0,0,0,0,0,1,0,0,0,0,0,0,0,0,0,0,57426279,0,138486770,2329095,0,0,0,0,0,0,0,0,16384,0,0,0,0,0,0,0,0,0,0,0,7849,447,0,0,0,0,0,144916036,0,172,0,3,447,7849,0,0,0,0,0,0,0,0,0,0,0,0,0,0,0,0,0,0,0,0,0,0,0,0,0,0,0,0,0,0,0,0,0,0,0,0,0,0,0,0,0,0,0,0,0,0,0,0,0,0,0,0,0,0,728643772,0,0,0,992836150,0,0,0,0,0,0,0,193132775,482546774,875441055,402171681280,155708317,1,0,0,0,0,0,0,0,0,0,0,0,0,0,0,0,0,0,0,0,0,0,0,0,0,0,0,0,0,0,0,2453,0,0,0,0,0,0,0
1782980255.786,0,0,0,0,0,0,0,1778427939,7905606273536,2803068793344,0,0,0,0,0,0,0,0,0,0,0,0,0,0,0,0,0,0,0,0,0,0,0,0,0,0,0,0,0,0,0,0,0,0,0,0,0,0,0,0,0,0,0,0,0,0,0,0,0,0,0,0,0,0,0,0,0,0,7,1948794,484679146,141901939,0,0,0,0,0,0,0,0,0,0,0,0,0,0,0,0,0,0,0,0,0,0,0,0,0,0,0,0,0,0,0,0,0,0,0,0,0,12878675968,5208145920,786053,317880,138521431,282,0,97,786432,482745999,811153,6,8756666357,12884901888,8038406,1380803097,0,0,0,0,0,0,0,0,0,0,0,0,0,0,0,0,0,0,47679689,147576257,0,468,1202,7661,620,95360246,35,0,0,0,0,0,0,0,1,0,0,0,0,0,0,0,0,0,0,57437112,0,138516838,2329479,0,0,0,0,0,0,0,0,16384,0,0,0,0,0,0,0,0,0,0,0,7850,447,0,0,0,0,0,144945076,0,172,0,3,447,7850,0,0,0,0,0,0,0,0,0,0,0,0,0,0,0,0,0,0,0,0,0,0,0,0,0,0,0,0,0,0,0,0,0,0,0,0,0,0,0,0,0,0,0,0,0,0,0,0,0,0,0,0,0,0,728784227,0,0,0,992998435,0,0,0,0,0,0,0,193150331,482659764,875616336,402245377024,155718403,1,1,0,0,0,0,0,0,0,0,0,0,0,0,0,0,0,0,0,0,0,0,0,0,0,0,0,0,0,0,0,1832,0,0,0,0,0,0,0
1782980256.872,0,0,0,0,0,0,0,1778752018,7907458550272,2803662305280,0,0,0,0,0,0,0,0,0,0,0,0,0,0,0,0,0,0,0,0,0,0,0,0,0,0,0,0,0,0,0,0,0,0,0,0,0,0,0,0,0,0,0,0,0,0,0,0,0,0,0,0,0,0,0,0,0,0,7,1948845,484793110,141932982,0,0,0,0,0,0,0,0,0,0,0,0,0,0,0,0,0,0,0,0,0,0,0,0,0,0,0,0,0,0,0,0,0,0,0,0,0,12879560704,5217730560,786106,318465,138549669,228,0,97,786432,482859575,811153,6,8758291582,12884901888,8045085,1381013732,0,0,0,0,0,0,0,0,0,0,0,0,0,0,0,0,0,0,47689288,147585860,0,468,1202,7661,620,95379453,35,0,0,0,0,0,0,0,1,0,0,0,0,0,0,0,0,0,0,57447994,0,138545076,2329861,0,0,0,0,0,0,0,0,16384,0,0,0,0,0,0,0,0,0,0,0,7851,447,0,0,0,0,0,144974263,0,172,0,3,447,7851,0,0,0,0,0,0,0,0,0,0,0,0,0,0,0,0,0,0,0,0,0,0,0,0,0,0,0,0,0,0,0,0,0,0,0,0,0,0,0,0,0,0,0,0,0,0,0,0,0,0,0,0,0,0,728924652,0,0,0,993162065,0,0,0,0,0,0,0,193170212,482772863,875790594,402318930432,155730047,1,1,0,0,0,0,0,0,0,0,0,0,0,0,0,0,0,0,0,0,0,0,0,0,0,0,0,0,0,0,0,722,0,0,0,0,0,0,0
1782980257.960,0,0,0,0,0,0,0,1779078438,7909323540992,2804261080064,0,0,0,0,0,0,0,0,0,0,0,0,0,0,0,0,0,0,0,0,0,0,0,0,0,0,0,0,0,0,0,0,0,0,0,0,0,0,0,0,0,0,0,0,0,0,0,0,0,0,0,0,0,0,0,0,0,0,7,1948913,484907864,141964359,0,0,0,0,0,0,0,0,0,0,0,0,0,0,0,0,0,0,0,0,0,0,0,0,0,0,0,0,0,0,0,0,0,0,0,0,0,12877545472,5226856448,785982,319022,138578391,352,0,97,786432,482973893,811153,6,8759923165,12884901888,8050383,1381222356,0,0,0,0,0,0,0,0,0,0,0,0,0,0,0,0,0,0,47698941,147595513,0,468,1202,7661,620,95398760,35,0,0,0,0,0,0,0,1,0,0,0,0,0,0,0,0,0,0,57458928,0,138573798,2330245,0,0,0,0,0,0,0,0,16384,0,0,0,0,0,0,0,0,0,0,0,7852,447,0,0,0,0,0,145003602,0,172,0,3,447,7852,0,0,0,0,0,0,0,0,0,0,0,0,0,0,0,0,0,0,0,0,0,0,0,0,0,0,0,0,0,0,0,0,0,0,0,0,0,0,0,0,0,0,0,0,0,0,0,0,0,0,0,0,0,0,729064282,0,0,0,993324979,0,0,0,0,0,0,0,193188865,482886711,875964292,402392313856,155740963,1,1,0,0,0,0,0,0,0,0,0,0,0,0,0,0,0,0,0,0,0,0,0,0,0,0,0,0,0,0,0,1474,0,0,0,0,0,0,0
1782980259.050,0,0,0,0,0,0,0,1779409431,7911232604672,2804866985984,0,0,0,0,0,0,0,0,0,0,0,0,0,0,0,0,0,0,0,0,0,0,0,0,0,0,0,0,0,0,0,0,0,0,0,0,0,0,0,0,0,0,0,0,0,0,0,0,0,0,0,0,0,0,0,0,0,0,7,1948970,485025249,141996141,0,0,0,0,0,0,0,0,0,0,0,0,0,0,0,0,0,0,0,0,0,0,0,0,0,0,0,0,0,0,0,0,0,0,0,0,0,12877004800,5238161408,785953,319712,138607732,389,0,98,786432,483090794,811153,6,8761583102,12884901888,8055031,1381436877,0,0,0,0,0,0,0,0,0,0,0,0,0,0,0,0,0,0,47708744,147605316,0,468,1202,7661,620,95418362,35,0,0,0,0,0,0,0,1,0,0,0,0,0,0,0,0,0,0,57470045,0,138603139,2330640,0,0,0,0,0,0,0,0,16384,0,0,0,0,0,0,0,0,0,0,0,7853,447,0,0,0,0,0,145033381,0,172,0,3,447,7853,0,0,0,0,0,0,0,0,0,0,0,0,0,0,0,0,0,0,0,0,0,0,0,0,0,0,0,0,0,0,0,0,0,0,0,0,0,0,0,0,0,0,0,0,0,0,0,0,0,0,0,0,0,0,729204783,0,0,0,993491357,0,0,0,0,0,0,0,193208124,483003204,876139074,402466250240,155751921,1,0,0,0,0,0,0,0,0,0,0,0,0,0,0,0,0,0,0,0,0,0,0,0,0,0,0,0,0,0,0,1068,0,0,0,0,0,0,0
1782980260.137,0,0,0,0,0,0,0,1779744147,7913160788480,2805480027648,0,0,0,0,0,0,0,0,0,0,0,0,0,0,0,0,0,0,0,0,0,0,0,0,0,0,0,0,0,0,0,0,0,0,0,0,0,0,0,0,0,0,0,0,0,0,0,0,0,0,0,0,0,0,0,0,0,0,7,1949009,485143807,142028343,0,0,0,0,0,0,0,0,0,0,0,0,0,0,0,0,0,0,0,0,0,0,0,0,0,0,0,0,0,0,0,0,0,0,0,0,0,12878725120,5248040960,786055,320315,138637794,269,0,110,786432,483208928,811153,6,8763260358,12884901888,8059265,1381651237,0,0,0,0,0,0,0,0,0,0,0,0,0,0,0,0,0,0,47718651,147615224,0,468,1202,7661,620,95438185,35,0,0,0,0,0,0,0,1,0,0,0,0,0,0,0,0,0,0,57481280,0,138633226,2331043,0,0,0,0,0,0,0,0,16384,0,0,0,0,0,0,0,0,0,0,0,7854,447,0,0,0,0,0,145063519,0,172,0,3,447,7854,0,0,0,0,0,0,0,0,0,0,0,0,0,0,0,0,0,0,0,0,0,0,0,0,0,0,0,0,0,0,0,0,0,0,0,0,0,0,0,0,0,0,0,0,0,0,0,0,0,0,0,0,0,0,729345873,0,0,0,993658897,0,0,0,0,0,0,0,193226716,483120818,876314526,402540253184,155762832,1,0,0,0,0,0,0,0,0,0,0,0,0,0,0,0,0,0,0,0,0,0,0,0,0,0,0,0,0,0,0,1384,0,0,0,0,0,0,0
1782980261.223,0,0,0,0,0,0,0,1780076979,7915066198528,2806088024576,0,0,0,0,0,0,0,0,0,0,0,0,0,0,0,0,0,0,0,0,0,0,0,0,0,0,0,0,0,0,0,0,0,0,0,0,0,0,0,0,0,0,0,0,0,0,0,0,0,0,0,0,0,0,0,0,0,0,7,1949070,485260993,142060185,0,0,0,0,0,0,0,0,0,0,0,0,0,0,0,0,0,0,0,0,0,0,0,0,0,0,0,0,0,0,0,0,0,0,0,0,0,12877299712,5256626176,785967,320839,138666906,367,0,97,786432,483325632,811153,6,8764930825,12884901888,8065531,1381868447,0,0,0,0,0,0,0,0,0,0,0,0,0,0,0,0,0,0,47728505,147625081,0,468,1202,7661,620,95457896,35,0,0,0,0,0,0,0,1,0,0,0,0,0,0,0,0,0,0,57492458,0,138662313,2331429,0,0,0,0,0,0,0,0,16384,0,0,0,0,0,0,0,0,0,0,0,7855,447,0,0,0,0,0,145093473,0,172,0,3,447,7855,0,0,0,0,0,0,0,0,0,0,0,0,0,0,0,0,0,0,0,0,0,0,0,0,0,0,0,0,0,0,0,0,0,0,0,0,0,0,0,0,0,0,0,0,0,0,0,0,0,0,0,0,0,0,729486708,0,0,0,993826819,0,0,0,0,0,0,0,193245219,483237141,876489992,402614540288,155773517,1,0,0,0,0,0,0,0,0,0,0,0,0,0,0,0,0,0,0,0,0,0,0,0,0,0,0,0,0,0,0,305,0,0,0,0,0,0,0
1782980262.313,0,0,0,0,0,0,0,1780382399,7916813781504,2806651148800,0,0,0,0,0,0,0,0,0,0,0,0,0,0,0,0,0,0,0,0,0,0,0,0,0,0,0,0,0,0,0,0,0,0,0,0,0,0,0,0,0,0,0,0,0,0,0,0,0,0,0,0,0,0,0,0,0,0,7,1949130,485368458,142089757,0,0,0,0,0,0,0,0,0,0,0,0,0,0,0,0,0,0,0,0,0,0,0,0,0,0,0,0,0,0,0,0,0,0,0,0,0,12882542592,5258805248,786288,320972,138692188,47,0,97,786432,483432726,811153,6,8766455325,12884901888,8078291,1382062168,0,0,0,0,0,0,0,0,0,0,0,0,0,0,0,0,0,0,47737531,147634104,0,468,1202,7661,620,95475943,35,0,0,0,0,0,0,0,1,0,0,0,0,0,0,0,0,0,0,57502685,0,138687595,2331765,0,0,0,0,0,0,0,0,16384,0,0,0,0,0,0,0,0,0,0,0,7856,447,0,0,0,0,0,145120895,0,172,0,3,447,7856,0,0,0,0,0,0,0,0,0,0,0,0,0,0,0,0,0,0,0,0,0,0,0,0,0,0,0,0,0,0,0,0,0,0,0,0,0,0,0,0,0,0,0,0,0,0,0,0,0,0,0,0,0,0,729617309,0,0,0,993978516,0,0,0,0,0,0,0,193266662,483343803,876654376,402683232768,155786465,1,0,0,0,0,0,0,0,0,0,0,0,0,0,0,0,0,0,0,0,0,0,0,0,0,0,0,0,0,0,0,1499,0,0,0,0,0,0,0
1782980263.402,0,0,0,0,0,0,0,1780706155,7918670531072,2807246057472,0,0,0,0,0,0,0,0,0,0,0,0,0,0,0,0,0,0,0,0,0,0,0,0,0,0,0,0,0,0,0,0,0,0,0,0,0,0,0,0,0,0,0,0,0,0,0,0,0,0,0,0,0,0,0,0,0,0,7,1949172,485482623,142120974,0,0,0,0,0,0,0,0,0,0,0,0,0,0,0,0,0,0,0,0,0,0,0,0,0,0,0,0,0,0,0,0,0,0,0,0,0,12879233024,5265424384,786087,321376,138720499,250,0,97,786432,483546457,811153,6,8768076483,12884901888,8085340,1382270623,0,0,0,0,0,0,0,0,0,0,0,0,0,0,0,0,0,0,47747127,147643700,0,468,1202,7661,620,95495127,35,0,0,0,0,0,0,0,1,0,0,0,0,0,0,0,0,0,0,57513566,0,138715906,2332136,0,0,0,0,0,0,0,0,16384,0,0,0,0,0,0,0,0,0,0,0,7857,447,0,0,0,0,0,145149996,0,172,0,3,447,7857,0,0,0,0,0,0,0,0,0,0,0,0,0,0,0,0,0,0,0,0,0,0,0,0,0,0,0,0,0,0,0,0,0,0,0,0,0,0,0,0,0,0,0,0,0,0,0,0,0,0,0,0,0,0,729756636,0,0,0,994141078,0,0,0,0,0,0,0,193285533,483457095,876827946,402756275712,155797440,1,1,0,0,0,0,0,0,0,0,0,0,0,0,0,0,0,0,0,0,0,0,0,0,0,0,0,0,0,0,0,1354,0,0,0,0,0,0,0
1782980264.492,0,0,0,0,0,0,0,1781034239,7920545024512,2807845580800,0,0,0,0,0,0,0,0,0,0,0,0,0,0,0,0,0,0,0,0,0,0,0,0,0,0,0,0,0,0,0,0,0,0,0,0,0,0,0,0,0,0,0,0,0,0,0,0,0,0,0,0,0,0,0,0,0,0,7,1949230,485597916,142152392,0,0,0,0,0,0,0,0,0,0,0,0,0,0,0,0,0,0,0,0,0,0,0,0,0,0,0,0,0,0,0,0,0,0,0,0,0,12879167488,5278973952,786081,322203,138749057,251,0,97,786432,483661311,811153,6,8769719719,12884901888,8091797,1382482559,0,0,0,0,0,0,0,0,0,0,0,0,0,0,0,0,0,0,47756834,147653409,0,468,1202,7661,620,95514544,35,0,0,0,0,0,0,0,1,0,0,0,0,0,0,0,0,0,0,57524576,0,138744336,2332515,0,0,0,0,0,0,0,0,16384,0,0,0,0,0,0,0,0,0,0,0,7858,447,0,0,0,0,0,145179553,0,172,0,3,447,7858,0,0,0,0,0,0,0,0,0,0,0,0,0,0,0,0,0,0,0,0,0,0,0,0,0,0,0,0,0,0,0,0,0,0,0,0,0,0,0,0,0,0,0,0,0,0,0,0,0,0,0,0,0,0,729896481,0,0,0,994305722,0,0,0,0,0,0,0,193304354,483571458,877002089,402830198272,155808311,1,1,0,0,0,0,0,0,0,0,0,0,0,0,0,0,0,0,0,0,0,0,0,0,0,0,0,0,0,0,0,1231,0,0,0,0,0,0,0
1782980265.579,0,0,0,0,0,0,0,1781347779,7922340170240,2808441825792,0,0,0,0,0,0,0,0,0,0,0,0,0,0,0,0,0,0,0,0,0,0,0,0,0,0,0,0,0,0,0,0,0,0,0,0,0,0,0,0,0,0,0,0,0,0,0,0,0,0,0,0,0,0,0,0,0,0,7,1949299,485708371,142183799,0,0,0,0,0,0,0,0,0,0,0,0,0,0,0,0,0,0,0,0,0,0,0,0,0,0,0,0,0,0,0,0,0,0,0,0,0,12883181568,5267390464,786327,321496,138775411,0,0,105,786432,483771383,811153,6,8771291944,12884901888,8101232,1382686982,0,0,0,0,0,0,0,0,0,0,0,0,0,0,0,0,0,0,47766123,147662698,0,468,1202,7661,620,95533127,35,0,0,0,0,0,0,0,1,0,0,0,0,0,0,0,0,0,0,57535125,0,138771669,2332883,0,0,0,0,0,0,0,0,16384,0,0,0,0,0,0,0,0,0,0,0,7859,447,0,0,0,0,0,145207782,0,172,0,3,447,7859,0,0,0,0,0,0,0,0,0,0,0,0,0,0,0,0,0,0,0,0,0,0,0,0,0,0,0,0,0,0,0,0,0,0,0,0,0,0,0,0,0,0,0,0,0,0,0,0,0,0,0,0,0,0,730031010,0,0,0,994463885,0,0,0,0,0,0,0,193325204,483681074,877171848,402901146112,155820386,1,0,0,0,0,0,0,0,0,0,0,0,0,0,0,0,0,0,0,0,0,0,0,0,0,0,0,0,0,0,0,333,0,0,0,0,0,0,0
1782980266.666,0,0,0,0,0,0,0,1781660965,7924141951488,2809057568256,0,0,0,0,0,0,0,0,0,0,0,0,0,0,0,0,0,0,0,0,0,0,0,0,0,0,0,0,0,0,0,0,0,0,0,0,0,0,0,0,0,0,0,0,0,0,0,0,0,0,0,0,0,0,0,0,0,0,7,1949351,485819151,142216421,0,0,0,0,0,0,0,0,0,0,0,0,0,0,0,0,0,0,0,0,0,0,0,0,0,0,0,0,0,0,0,0,0,0,0,0,0,12883296256,5232705536,786332,319379,138802315,1,0,98,786432,483881777,811153,6,8772855887,12884901888,8110351,1382884647,0,0,0,0,0,0,0,0,0,0,0,0,0,0,0,0,0,0,47775390,147671963,0,468,1202,7661,620,95551666,35,0,0,0,0,0,0,0,1,0,0,0,0,0,0,0,0,0,0,57545635,0,138800410,2333261,0,0,0,0,0,0,0,0,16384,0,0,0,0,0,0,0,0,0,0,0,7861,447,0,0,0,0,0,145235938,0,172,0,3,447,7861,0,0,0,0,0,0,0,0,0,0,0,0,0,0,0,0,0,0,0,0,0,0,0,0,0,0,0,0,0,0,0,0,0,0,0,0,0,0,0,0,0,0,0,0,0,0,0,0,0,0,0,0,0,0,730164736,0,0,0,994619582,0,0,0,0,0,0,0,193345489,483791023,877341905,402971236864,155831965,1,1,0,0,0,0,0,0,0,0,0,0,0,0,0,0,0,0,0,0,0,0,0,0,0,0,0,0,0,0,0,1529,0,0,0,0,0,0,0
1782980267.748,0,0,0,0,0,0,0,1781984196,7925997177344,2809674944512,0,0,0,0,0,0,0,0,0,0,0,0,0,0,0,0,0,0,0,0,0,0,0,0,0,0,0,0,0,0,0,0,0,0,0,0,0,0,0,0,0,0,0,0,0,0,0,0,0,0,0,0,0,0,0,0,0,0,7,1949395,485933190,142249043,0,0,0,0,0,0,0,0,0,0,0,0,0,0,0,0,0,0,0,0,0,0,0,0,0,0,0,0,0,0,0,0,0,0,0,0,0,12879790080,5214322688,786122,318257,138830721,217,0,97,786432,483995410,811153,6,8774476662,12884901888,8117750,1383094311,0,0,0,0,0,0,0,0,0,0,0,0,0,0,0,0,0,0,47784978,147681549,0,468,1202,7661,620,95570829,35,0,0,0,0,0,0,0,1,0,0,0,0,0,0,0,0,0,0,57556510,0,138830352,2333634,0,0,0,0,0,0,0,0,16384,0,0,0,0,0,0,0,0,0,0,0,7862,447,0,0,0,0,0,145265084,0,172,0,3,447,7862,0,0,0,0,0,0,0,0,0,0,0,0,0,0,0,0,0,0,0,0,0,0,0,0,0,0,0,0,0,0,0,0,0,0,0,0,0,0,0,0,0,0,0,0,0,0,0,0,0,0,0,0,0,0,730303673,0,0,0,994782394,0,0,0,0,0,0,0,193363953,483904186,877516548,403044030464,155842580,1,0,0,0,0,0,0,0,0,0,0,0,0,0,0,0,0,0,0,0,0,0,0,0,0,0,0,0,0,0,0,761,0,0,0,0,0,0,0
1782980268.833,0,0,0,0,0,0,0,1782309607,7927862168064,2810275457024,0,0,0,0,0,0,0,0,0,0,0,0,0,0,0,0,0,0,0,0,0,0,0,0,0,0,0,0,0,0,0,0,0,0,0,0,0,0,0,0,0,0,0,0,0,0,0,0,0,0,0,0,0,0,0,0,0,0,7,1949470,486047849,142280495,0,0,0,0,0,0,0,0,0,0,0,0,0,0,0,0,0,0,0,0,0,0,0,0,0,0,0,0,0,0,0,0,0,0,0,0,0,12879200256,5219647488,786084,318582,138863147,252,0,96,786432,484109633,811153,6,8776105148,12884901888,8125141,1383302952,0,0,0,0,0,0,0,0,0,0,0,0,0,0,0,0,0,0,47794593,147691167,0,468,1202,7661,620,95590071,35,0,0,0,0,0,0,0,1,0,0,0,0,0,0,0,0,0,0,57567410,0,138858357,2334011,0,0,0,0,0,0,0,0,16384,0,0,0,0,0,0,0,0,0,0,0,7863,447,0,0,0,0,0,145294302,0,172,0,3,447,7863,0,0,0,0,0,0,0,0,0,0,0,0,0,0,0,0,0,0,0,0,0,0,0,0,0,0,0,0,0,0,0,0,0,0,0,0,0,0,0,0,0,0,0,0,0,0,0,0,0,0,0,0,0,0,730443701,0,0,0,994945080,0,0,0,0,0,0,0,193384345,484017941,877691433,403117774848,155854368,1,0,0,0,0,0,0,0,0,0,0,0,0,0,0,0,0,0,0,0,0,0,0,0,0,0,0,0,0,0,0,1104,0,0,0,0,0,0,0
1782980269.922,0,0,0,0,0,0,0,1782638288,7929745967616,2810878072320,0,0,0,0,0,0,0,0,0,0,0,0,0,0,0,0,0,0,0,0,0,0,0,0,0,0,0,0,0,0,0,0,0,0,0,0,0,0,0,0,0,0,0,0,0,0,0,0,0,0,0,0,0,0,0,0,0,0,7,1949537,486163727,142312068,0,0,0,0,0,0,0,0,0,0,0,0,0,0,0,0,0,0,0,0,0,0,0,0,0,0,0,0,0,0,0,0,0,0,0,0,0,12876808192,5229215744,785939,319166,138892034,397,0,96,786432,484225083,811153,6,8777752346,12884901888,8131154,1383514593,0,0,0,0,0,0,0,0,0,0,0,0,0,0,0,0,0,0,47804323,147700898,0,468,1202,7661,620,95609533,35,0,0,0,0,0,0,0,1,0,0,0,0,0,0,0,0,0,0,57578446,0,138887244,2334392,0,0,0,0,0,0,0,0,16384,0,0,0,0,0,0,0,0,0,0,0,7864,447,0,0,0,0,0,145323837,0,172,0,3,447,7864,0,0,0,0,0,0,0,0,0,0,0,0,0,0,0,0,0,0,0,0,0,0,0,0,0,0,0,0,0,0,0,0,0,0,0,0,0,0,0,0,0,0,0,0,0,0,0,0,0,0,0,0,0,0,730583739,0,0,0,995109956,0,0,0,0,0,0,0,193403123,484132959,877865740,403191461376,155865191,1,1,0,0,0,0,0,0,0,0,0,0,0,0,0,0,0,0,0,0,0,0,0,0,0,0,0,0,0,0,0,987,0,0,0,0,0,0,0
1782980271.010,0,0,0,0,0,0,0,1782960111,7931594263040,2811471616000,0,0,0,0,0,0,0,0,0,0,0,0,0,0,0,0,0,0,0,0,0,0,0,0,0,0,0,0,0,0,0,0,0,0,0,0,0,0,0,0,0,0,0,0,0,0,0,0,0,0,0,0,0,0,0,0,0,0,7,1949598,486277351,142343215,0,0,0,0,0,0,0,0,0,0,0,0,0,0,0,0,0,0,0,0,0,0,0,0,0,0,0,0,0,0,0,0,0,0,0,0,0,12879429632,5233737728,786097,319442,138920163,236,0,97,786432,484338257,811153,6,8779365373,12884901888,8137488,1383722932,0,0,0,0,0,0,0,0,0,0,0,0,0,0,0,0,0,0,47813842,147710418,0,468,1202,7661,620,95628571,35,0,0,0,0,0,0,0,1,0,0,0,0,0,0,0,0,0,0,57589241,0,138915373,2334761,0,0,0,0,0,0,0,0,16384,0,0,0,0,0,0,0,0,0,0,0,7865,447,0,0,0,0,0,145352782,0,172,0,3,447,7865,0,0,0,0,0,0,0,0,0,0,0,0,0,0,0,0,0,0,0,0,0,0,0,0,0,0,0,0,0,0,0,0,0,0,0,0,0,0,0,0,0,0,0,0,0,0,0,0,0,0,0,0,0,0,730720900,0,0,0,995271745,0,0,0,0,0,0,0,193422208,484245685,878037103,403263687168,155876374,1,0,0,0,0,0,0,0,0,0,0,0,0,0,0,0,0,0,0,0,0,0,0,0,0,0,0,0,0,0,0,468,0,0,0,0,0,0,0
1782980272.096,0,0,0,0,0,0,0,1783261899,7933320399360,2812030814720,0,0,0,0,0,0,0,0,0,0,0,0,0,0,0,0,0,0,0,0,0,0,0,0,0,0,0,0,0,0,0,0,0,0,0,0,0,0,0,0,0,0,0,0,0,0,0,0,0,0,0,0,0,0,0,0,0,0,7,1949660,486383451,142372554,0,0,0,0,0,0,0,0,0,0,0,0,0,0,0,0,0,0,0,0,0,0,0,0,0,0,0,0,0,0,0,0,0,0,0,0,0,12878954496,5234999296,786069,319519,138944869,266,0,97,786432,484443958,811153,6,8780871205,12884901888,8151354,1383914173,0,0,0,0,0,0,0,0,0,0,0,0,0,0,0,0,0,0,47822763,147719340,0,468,1202,7661,620,95646405,35,0,0,0,0,0,0,0,1,0,0,0,0,0,0,0,0,0,0,57599337,0,138940079,2335083,0,0,0,0,0,0,0,0,16384,0,0,0,0,0,0,0,0,0,0,0,7866,447,0,0,0,0,0,145379930,0,172,0,3,447,7866,0,0,0,0,0,0,0,0,0,0,0,0,0,0,0,0,0,0,0,0,0,0,0,0,0,0,0,0,0,0,0,0,0,0,0,0,0,0,0,0,0,0,0,0,0,0,0,0,0,0,0,0,0,0,730851089,0,0,0,995421648,0,0,0,0,0,0,0,193443011,484351003,878201233,403332238848,155888398,1,0,0,0,0,0,0,0,0,0,0,0,0,0,0,0,0,0,0,0,0,0,0,0,0,0,0,0,0,0,0,1738,0,0,0,0,0,0,0
1782980273.180,0,0,0,0,0,0,0,1783582083,7935157963264,2812620421120,0,0,0,0,0,0,0,0,0,0,0,0,0,0,0,0,0,0,0,0,0,0,0,0,0,0,0,0,0,0,0,0,0,0,0,0,0,0,0,0,0,0,0,0,0,0,0,0,0,0,0,0,0,0,0,0,0,0,7,1949708,486496415,142403475,0,0,0,0,0,0,0,0,0,0,0,0,0,0,0,0,0,0,0,0,0,0,0,0,0,0,0,0,0,0,0,0,0,0,0,0,0,12881068032,5246894080,786198,320245,138973423,135,0,99,786432,484556488,811153,6,8782475291,12884901888,8155900,1384120473,0,0,0,0,0,0,0,0,0,0,0,0,0,0,0,0,0,0,47832242,147728816,0,468,1202,7661,620,95665361,35,0,0,0,0,0,0,0,1,0,0,0,0,0,0,0,0,0,0,57610070,0,138968633,2335449,0,0,0,0,0,0,0,0,16384,0,0,0,0,0,0,0,0,0,0,0,7867,447,0,0,0,0,0,145408715,0,172,0,3,447,7867,0,0,0,0,0,0,0,0,0,0,0,0,0,0,0,0,0,0,0,0,0,0,0,0,0,0,0,0,0,0,0,0,0,0,0,0,0,0,0,0,0,0,0,0,0,0,0,0,0,0,0,0,0,0,730988775,0,0,0,995582421,0,0,0,0,0,0,0,193460763,484463136,878372245,403404553728,155899124,1,0,0,0,0,0,0,0,0,0,0,0,0,0,0,0,0,0,0,0,0,0,0,0,0,0,0,0,0,0,0,1517,0,0,0,0,0,0,0
1782980274.265,0,0,0,0,0,0,0,1783900406,7936985188864,2813204352000,0,0,0,0,0,0,0,0,0,0,0,0,0,0,0,0,0,0,0,0,0,0,0,0,0,0,0,0,0,0,0,0,0,0,0,0,0,0,0,0,0,0,0,0,0,0,0,0,0,0,0,0,0,0,0,0,0,0,7,1949769,486608782,142434040,0,0,0,0,0,0,0,0,0,0,0,0,0,0,0,0,0,0,0,0,0,0,0,0,0,0,0,0,0,0,0,0,0,0,0,0,0,12880838656,5258690560,786183,320965,139000930,146,0,102,786432,484668443,811153,6,8784072009,12884901888,8163333,1384326382,0,0,0,0,0,0,0,0,0,0,0,0,0,0,0,0,0,0,47841673,147738247,0,468,1202,7661,620,95684228,35,0,0,0,0,0,0,0,1,0,0,0,0,0,0,0,0,0,0,57620743,0,138996140,2335807,0,0,0,0,0,0,0,0,16384,0,0,0,0,0,0,0,0,0,0,0,7868,447,0,0,0,0,0,145437363,0,172,0,3,447,7868,0,0,0,0,0,0,0,0,0,0,0,0,0,0,0,0,0,0,0,0,0,0,0,0,0,0,0,0,0,0,0,0,0,0,0,0,0,0,0,0,0,0,0,0,0,0,0,0,0,0,0,0,0,0,731126234,0,0,0,995742667,0,0,0,0,0,0,0,193479688,484574670,878543283,403476824064,155910446,1,1,0,0,0,0,0,0,0,0,0,0,0,0,0,0,0,0,0,0,0,0,0,0,0,0,0,0,0,0,0,936,0,0,0,0,0,0,0
1782980275.353,0,0,0,0,0,0,0,1784220277,7938822179328,2813798024704,0,0,0,0,0,0,0,0,0,0,0,0,0,0,0,0,0,0,0,0,0,0,0,0,0,0,0,0,0,0,0,0,0,0,0,0,0,0,0,0,0,0,0,0,0,0,0,0,0,0,0,0,0,0,0,0,0,0,7,1949824,486721720,142465202,0,0,0,0,0,0,0,0,0,0,0,0,0,0,0,0,0,0,0,0,0,0,0,0,0,0,0,0,0,0,0,0,0,0,0,0,0,12878872576,5261213696,786064,321119,139028865,271,0,96,786432,484780946,811153,6,8785672818,12884901888,8169730,1384531135,0,0,0,0,0,0,0,0,0,0,0,0,0,0,0,0,0,0,47851136,147747713,0,468,1202,7661,620,95703154,35,0,0,0,0,0,0,0,1,0,0,0,0,0,0,0,0,0,0,57631480,0,139024075,2336171,0,0,0,0,0,0,0,0,16384,0,0,0,0,0,0,0,0,0,0,0,7869,447,0,0,0,0,0,145466166,0,172,0,3,447,7869,0,0,0,0,0,0,0,0,0,0,0,0,0,0,0,0,0,0,0,0,0,0,0,0,0,0,0,0,0,0,0,0,0,0,0,0,0,0,0,0,0,0,0,0,0,0,0,0,0,0,0,0,0,0,731263521,0,0,0,995902451,0,0,0,0,0,0,0,193499220,484686710,878715024,403548908544,155921848,1,1,0,0,0,0,0,0,0,0,0,0,0,0,0,0,0,0,0,0,0,0,0,0,0,0,0,0,0,0,0,1502,0,0,0,0,0,0,0
1782980276.441,0,0,0,0,0,0,0,1784540371,7940658317824,2814385821696,0,0,0,0,0,0,0,0,0,0,0,0,0,0,0,0,0,0,0,0,0,0,0,0,0,0,0,0,0,0,0,0,0,0,0,0,0,0,0,0,0,0,0,0,0,0,0,0,0,0,0,0,0,0,0,0,0,0,7,1949880,486834599,142495949,0,0,0,0,0,0,0,0,0,0,0,0,0,0,0,0,0,0,0,0,0,0,0,0,0,0,0,0,0,0,0,0,0,0,0,0,0,12879609856,5268209664,786109,321547,139056376,226,0,97,786432,484893410,811153,6,8787278551,12884901888,8177032,1384738672,0,0,0,0,0,0,0,0,0,0,0,0,0,0,0,0,0,0,47860606,147757184,0,468,1202,7661,620,95722098,35,0,0,0,0,0,0,0,1,0,0,0,0,0,0,0,0,0,0,57642207,0,139051666,2336536,0,0,0,0,0,0,0,0,16384,0,0,0,0,0,0,0,0,0,0,0,7870,447,0,0,0,0,0,145495007,0,172,0,3,447,7870,0,0,0,0,0,0,0,0,0,0,0,0,0,0,0,0,0,0,0,0,0,0,0,0,0,0,0,0,0,0,0,0,0,0,0,0,0,0,0,0,0,0,0,0,0,0,0,0,0,0,0,0,0,0,731402692,0,0,0,996063653,0,0,0,0,0,0,0,193517816,484798733,878888081,403622059520,155932789,1,1,0,0,0,0,0,0,0,0,0,0,0,0,0,0,0,0,0,0,0,0,0,0,0,0,0,0,0,0,0,767,0,0,0,0,0,0,0
1782980277.527,0,0,0,0,0,0,0,1784850146,7942440782336,2814955619328,0,0,0,0,0,0,0,0,0,0,0,0,0,0,0,0,0,0,0,0,0,0,0,0,0,0,0,0,0,0,0,0,0,0,0,0,0,0,0,0,0,0,0,0,0,0,0,0,0,0,0,0,0,0,0,0,0,0,7,1949938,486944244,142525698,0,0,0,0,0,0,0,0,0,0,0,0,0,0,0,0,0,0,0,0,0,0,0,0,0,0,0,0,0,0,0,0,0,0,0,0,0,12879527936,5273255936,786104,321854,139082778,230,0,96,786432,485002635,811153,6,8788828778,12884901888,8185555,1384936396,0,0,0,0,0,0,0,0,0,0,0,0,0,0,0,0,0,0,47869776,147766353,0,468,1202,7661,620,95740441,35,0,0,0,0,0,0,0,1,0,0,0,0,0,0,0,0,0,0,57652595,0,139077988,2336885,0,0,0,0,0,0,0,0,16384,0,0,0,0,0,0,0,0,0,0,0,7871,447,0,0,0,0,0,145522852,0,172,0,3,447,7871,0,0,0,0,0,0,0,0,0,0,0,0,0,0,0,0,0,0,0,0,0,0,0,0,0,0,0,0,0,0,0,0,0,0,0,0,0,0,0,0,0,0,0,0,0,0,0,0,0,0,0,0,0,0,731535236,0,0,0,996218352,0,0,0,0,0,0,0,193537609,484907524,879053824,403691688448,155944586,1,0,0,0,0,0,0,0,0,0,0,0,0,0,0,0,0,0,0,0,0,0,0,0,0,0,0,0,0,0,0,1422,0,0,0,0,0,0,0
1782980278.619,0,0,0,0,0,0,0,1785162802,7944235928064,2815552056832,0,0,0,0,0,0,0,0,0,0,0,0,0,0,0,0,0,0,0,0,0,0,0,0,0,0,0,0,0,0,0,0,0,0,0,0,0,0,0,0,0,0,0,0,0,0,0,0,0,0,0,0,0,0,0,0,0,0,7,1949981,487054642,142557209,0,0,0,0,0,0,0,0,0,0,0,0,0,0,0,0,0,0,0,0,0,0,0,0,0,0,0,0,0,0,0,0,0,0,0,0,0,12883279872,5257478144,786334,320891,139109291,1,0,97,786432,485112598,811153,6,8790391730,12884901888,8194071,1385135486,0,0,0,0,0,0,0,0,0,0,0,0,0,0,0,0,0,0,47879034,147775612,0,468,1202,7661,620,95758944,35,0,0,0,0,0,0,0,1,0,0,0,0,0,0,0,0,0,0,57663097,0,139105781,2337246,0,0,0,0,0,0,0,0,16384,0,0,0,0,0,0,0,0,0,0,0,7872,447,0,0,0,0,0,145551024,0,172,0,3,447,7872,0,0,0,0,0,0,0,0,0,0,0,0,0,0,0,0,0,0,0,0,0,0,0,0,0,0,0,0,0,0,0,0,0,0,0,0,0,0,0,0,0,0,0,0,0,0,0,0,0,0,0,0,0,0,731670382,0,0,0,996374436,0,0,0,0,0,0,0,193556465,485017058,879223835,403762440704,155955444,1,0,0,0,0,0,0,0,0,0,0,0,0,0,0,0,0,0,0,0,0,0,0,0,0,0,0,0,0,0,0,2074,0,0,0,0,0,0,0
1782980279.701,0,0,0,0,0,0,0,1785474630,7946017884672,2816149142016,0,0,0,0,0,0,0,0,0,0,0,0,0,0,0,0,0,0,0,0,0,0,0,0,0,0,0,0,0,0,0,0,0,0,0,0,0,0,0,0,0,0,0,0,0,0,0,0,0,0,0,0,0,0,0,0,0,0,7,1950043,487164284,142588598,0,0,0,0,0,0,0,0,0,0,0,0,0,0,0,0,0,0,0,0,0,0,0,0,0,0,0,0,0,0,0,0,0,0,0,0,0,12882477056,5242290176,786284,319964,139135415,47,0,101,786432,485221845,811153,6,8791954316,12884901888,8203561,1385337751,0,0,0,0,0,0,0,0,0,0,0,0,0,0,0,0,0,0,47888268,147784847,0,468,1202,7661,620,95777412,35,0,0,0,0,0,0,0,1,0,0,0,0,0,0,0,0,0,0,57673566,0,139133313,2337596,0,0,0,0,0,0,0,0,16384,0,0,0,0,0,0,0,0,0,0,0,7874,447,0,0,0,0,0,145579154,0,172,0,3,447,7874,0,0,0,0,0,0,0,0,0,0,0,0,0,0,0,0,0,0,0,0,0,0,0,0,0,0,0,0,0,0,0,0,0,0,0,0,0,0,0,0,0,0,0,0,0,0,0,0,0,0,0,0,0,0,731806505,0,0,0,996531704,0,0,0,0,0,0,0,193575780,485125850,879395228,403833857536,155966407,1,1,0,0,0,0,0,0,0,0,0,0,0,0,0,0,0,0,0,0,0,0,0,0,0,0,0,0,0,0,0,1202,0,0,0,0,0,0,0
1782980280.783,0,0,0,0,0,0,0,1785795076,7947856071168,2816765280768,0,0,0,0,0,0,0,0,0,0,0,0,0,0,0,0,0,0,0,0,0,0,0,0,0,0,0,0,0,0,0,0,0,0,0,0,0,0,0,0,0,0,0,0,0,0,0,0,0,0,0,0,0,0,0,0,0,0,7,1950097,487277331,142621231,0,0,0,0,0,0,0,0,0,0,0,0,0,0,0,0,0,0,0,0,0,0,0,0,0,0,0,0,0,0,0,0,0,0,0,0,0,12877447168,5219303424,785977,318561,139167641,359,0,96,786432,485334455,811153,6,8793559400,12884901888,8210301,1385545363,0,0,0,0,0,0,0,0,0,0,0,0,0,0,0,0,0,0,47897758,147794337,0,468,1202,7661,620,95796386,35,0,0,0,0,0,0,0,1,0,0,0,0,0,0,0,0,0,0,57684344,0,139162893,2337964,0,0,0,0,0,0,0,0,16384,0,0,0,0,0,0,0,0,0,0,0,7875,447,0,0,0,0,0,145608030,0,172,0,3,447,7875,0,0,0,0,0,0,0,0,0,0,0,0,0,0,0,0,0,0,0,0,0,0,0,0,0,0,0,0,0,0,0,0,0,0,0,0,0,0,0,0,0,0,0,0,0,0,0,0,0,0,0,0,0,0,731944296,0,0,0,996693107,0,0,0,0,0,0,0,193594852,485238029,879568988,403906263552,155977453,1,0,0,0,0,0,0,0,0,0,0,0,0,0,0,0,0,0,0,0,0,0,0,0,0,0,0,0,0,0,0,577,0,0,0,0,0,0,0
1782980281.869,0,0,0,0,0,0,0,1786090100,7949553011200,2817315107328,0,0,0,0,0,0,0,0,0,0,0,0,0,0,0,0,0,0,0,0,0,0,0,0,0,0,0,0,0,0,0,0,0,0,0,0,0,0,0,0,0,0,0,0,0,0,0,0,0,0,0,0,0,0,0,0,0,0,7,1950149,487381726,142650078,0,0,0,0,0,0,0,0,0,0,0,0,0,0,0,0,0,0,0,0,0,0,0,0,0,0,0,0,0,0,0,0,0,0,0,0,0,12878233600,5218779136,786025,318529,139191515,287,0,120,786432,485438507,811153,6,8795036109,12884901888,8224854,1385734447,0,0,0,0,0,0,0,0,0,0,0,0,0,0,0,0,0,0,47906469,147803050,0,468,1202,7661,620,95813832,35,0,0,0,0,0,0,0,1,0,0,0,0,0,0,0,0,0,0,57694210,0,139186725,2338283,0,0,0,0,0,0,0,0,16384,0,0,0,0,0,0,0,0,0,0,0,7876,447,0,0,0,0,0,145634534,0,172,0,3,447,7876,0,0,0,0,0,0,0,0,0,0,0,0,0,0,0,0,0,0,0,0,0,0,0,0,0,0,0,0,0,0,0,0,0,0,0,0,0,0,0,0,0,0,0,0,0,0,0,0,0,0,0,0,0,0,732071349,0,0,0,996840477,0,0,0,0,0,0,0,193616961,485341536,879729918,403973086208,155990538,1,0,0,0,0,0,0,0,0,0,0,0,0,0,0,0,0,0,0,0,0,0,0,0,0,0,0,0,0,0,0,704,0,0,0,0,0,0,0
1782980282.956,0,0,0,0,0,0,0,1786414509,7951409875456,2817910508544,0,0,0,0,0,0,0,0,0,0,0,0,0,0,0,0,0,0,0,0,0,0,0,0,0,0,0,0,0,0,0,0,0,0,0,0,0,0,0,0,0,0,0,0,0,0,0,0,0,0,0,0,0,0,0,0,0,0,7,1950190,487495856,142681307,0,0,0,0,0,0,0,0,0,0,0,0,0,0,0,0,0,0,0,0,0,0,0,0,0,0,0,0,0,0,0,0,0,0,0,0,0,12878249984,5225136128,786025,318917,139219649,306,0,97,786432,485552252,811153,6,8796656091,12884901888,8232436,1385940668,0,0,0,0,0,0,0,0,0,0,0,0,0,0,0,0,0,0,47916058,147812635,0,468,1202,7661,620,95833001,35,0,0,0,0,0,0,0,1,0,0,0,0,0,0,0,0,0,0,57705064,0,139214859,2338652,0,0,0,0,0,0,0,0,16384,0,0,0,0,0,0,0,0,0,0,0,7877,447,0,0,0,0,0,145663652,0,172,0,3,447,7877,0,0,0,0,0,0,0,0,0,0,0,0,0,0,0,0,0,0,0,0,0,0,0,0,0,0,0,0,0,0,0,0,0,0,0,0,0,0,0,0,0,0,0,0,0,0,0,0,0,0,0,0,0,0,732209891,0,0,0,997002359,0,0,0,0,0,0,0,193636274,485454878,879902771,404045793280,156001823,1,1,0,0,0,0,0,0,0,0,0,0,0,0,0,0,0,0,0,0,0,0,0,0,0,0,0,0,0,0,0,1396,0,0,0,0,0,0,0
1782980284.045,0,0,0,0,0,0,0,1786728935,7953212869120,2818491205120,0,0,0,0,0,0,0,0,0,0,0,0,0,0,0,0,0,0,0,0,0,0,0,0,0,0,0,0,0,0,0,0,0,0,0,0,0,0,0,0,0,0,0,0,0,0,0,0,0,0,0,0,0,0,0,0,0,0,7,1950242,487606727,142711745,0,0,0,0,0,0,0,0,0,0,0,0,0,0,0,0,0,0,0,0,0,0,0,0,0,0,0,0,0,0,0,0,0,0,0,0,0,12878659584,5229625344,786052,319191,139246777,284,0,96,786432,485662734,811153,6,8798230552,12884901888,8240963,1386143141,0,0,0,0,0,0,0,0,0,0,0,0,0,0,0,0,0,0,47925377,147821954,0,468,1202,7661,620,95851632,35,0,0,0,0,0,0,0,1,0,0,0,0,0,0,0,0,0,0,57715633,0,139241987,2339022,0,0,0,0,0,0,0,0,16384,0,0,0,0,0,0,0,0,0,0,0,7878,447,0,0,0,0,0,145691967,0,172,0,3,447,7878,0,0,0,0,0,0,0,0,0,0,0,0,0,0,0,0,0,0,0,0,0,0,0,0,0,0,0,0,0,0,0,0,0,0,0,0,0,0,0,0,0,0,0,0,0,0,0,0,0,0,0,0,0,0,732344849,0,0,0,997160196,0,0,0,0,0,0,0,193656876,485564907,880071379,404116619776,156014044,1,0,0,0,0,0,0,0,0,0,0,0,0,0,0,0,0,0,0,0,0,0,0,0,0,0,0,0,0,0,0,1254,0,0,0,0,0,0,0
1782980285.132,0,0,0,0,0,0,0,1787057867,7955103697408,2819094325248,0,0,0,0,0,0,0,0,0,0,0,0,0,0,0,0,0,0,0,0,0,0,0,0,0,0,0,0,0,0,0,0,0,0,0,0,0,0,0,0,0,0,0,0,0,0,0,0,0,0,0,0,0,0,0,0,0,0,7,1950301,487723011,142743406,0,0,0,0,0,0,0,0,0,0,0,0,0,0,0,0,0,0,0,0,0,0,0,0,0,0,0,0,0,0,0,0,0,0,0,0,0,12876742656,5235310592,785933,319538,139275737,400,0,97,786432,485778573,811153,6,8799878628,12884901888,8246965,1386354896,0,0,0,0,0,0,0,0,0,0,0,0,0,0,0,0,0,0,47935128,147831706,0,468,1202,7661,620,95871139,35,0,0,0,0,0,0,0,1,0,0,0,0,0,0,0,0,0,0,57726708,0,139270947,2339404,0,0,0,0,0,0,0,0,16384,0,0,0,0,0,0,0,0,0,0,0,7879,447,0,0,0,0,0,145721589,0,172,0,3,447,7879,0,0,0,0,0,0,0,0,0,0,0,0,0,0,0,0,0,0,0,0,0,0,0,0,0,0,0,0,0,0,0,0,0,0,0,0,0,0,0,0,0,0,0,0,0,0,0,0,0,0,0,0,0,0,732484731,0,0,0,997325238,0,0,0,0,0,0,0,193676253,485680306,880245743,404190254080,156025392,1,0,0,0,0,0,0,0,0,0,0,0,0,0,0,0,0,0,0,0,0,0,0,0,0,0,0,0,0,0,0,1185,0,0,0,0,0,0,0
1782980286.219,0,0,0,0,0,0,0,1787382780,7956967098880,2819690904576,0,0,0,0,0,0,0,0,0,0,0,0,0,0,0,0,0,0,0,0,0,0,0,0,0,0,0,0,0,0,0,0,0,0,0,0,0,0,0,0,0,0,0,0,0,0,0,0,0,0,0,0,0,0,0,0,0,0,7,1950360,487837622,142774674,0,0,0,0,0,0,0,0,0,0,0,0,0,0,0,0,0,0,0,0,0,0,0,0,0,0,0,0,0,0,0,0,0,0,0,0,0,12879364096,5246091264,786094,320196,139304108,241,0,98,786432,485892735,811153,6,8801508572,12884901888,8253530,1386565450,0,0,0,0,0,0,0,0,0,0,0,0,0,0,0,0,0,0,47944738,147841313,0,468,1202,7661,620,95890366,35,0,0,0,0,0,0,0,1,0,0,0,0,0,0,0,0,0,0,57737601,0,139299318,2339780,0,0,0,0,0,0,0,0,16384,0,0,0,0,0,0,0,0,0,0,0,7880,447,0,0,0,0,0,145750762,0,172,0,3,447,7880,0,0,0,0,0,0,0,0,0,0,0,0,0,0,0,0,0,0,0,0,0,0,0,0,0,0,0,0,0,0,0,0,0,0,0,0,0,0,0,0,0,0,0,0,0,0,0,0,0,0,0,0,0,0,732623791,0,0,0,997488971,0,0,0,0,0,0,0,193695404,485794014,880418960,404263246848,156036752,1,1,0,0,0,0,0,0,0,0,0,0,0,0,0,0,0,0,0,0,0,0,0,0,0,0,0,0,0,0,0,346,0,0,0,0,0,0,0
1782980287.305,0,0,0,0,0,0,0,1787713000,7958851439104,2820293748736,0,0,0,0,0,0,0,0,0,0,0,0,0,0,0,0,0,0,0,0,0,0,0,0,0,0,0,0,0,0,0,0,0,0,0,0,0,0,0,0,0,0,0,0,0,0,0,0,0,0,0,0,0,0,0,0,0,0,7,1950420,487953603,142806357,0,0,0,0,0,0,0,0,0,0,0,0,0,0,0,0,0,0,0,0,0,0,0,0,0,0,0,0,0,0,0,0,0,0,0,0,0,12877365248,5253742592,785971,320663,139332867,361,0,97,786432,486008254,811153,6,8803158375,12884901888,8259643,1386774911,0,0,0,0,0,0,0,0,0,0,0,0,0,0,0,0,0,0,47954517,147851094,0,468,1202,7661,620,95909925,35,0,0,0,0,0,0,0,1,0,0,0,0,0,0,0,0,0,0,57748685,0,139328077,2340159,0,0,0,0,0,0,0,0,16384,0,0,0,0,0,0,0,0,0,0,0,7881,447,0,0,0,0,0,145780445,0,172,0,3,447,7881,0,0,0,0,0,0,0,0,0,0,0,0,0,0,0,0,0,0,0,0,0,0,0,0,0,0,0,0,0,0,0,0,0,0,0,0,0,0,0,0,0,0,0,0,0,0,0,0,0,0,0,0,0,0,732762845,0,0,0,997653626,0,0,0,0,0,0,0,193714908,485909035,880592638,404336383488,156048107,1,0,0,0,0,0,0,0,0,0,0,0,0,0,0,0,0,0,0,0,0,0,0,0,0,0,0,0,0,0,0,1320,0,0,0,0,0,0,0
1782980288.396,0,0,0,0,0,0,0,1788046384,7960766237184,2820906674176,0,0,0,0,0,0,0,0,0,0,0,0,0,0,0,0,0,0,0,0,0,0,0,0,0,0,0,0,0,0,0,0,0,0,0,0,0,0,0,0,0,0,0,0,0,0,0,0,0,0,0,0,0,0,0,0,0,0,7,1950482,488071336,142838512,0,0,0,0,0,0,0,0,0,0,0,0,0,0,0,0,0,0,0,0,0,0,0,0,0,0,0,0,0,0,0,0,0,0,0,0,0,12879609856,5258641408,786109,320962,139362779,223,0,97,786432,486125525,811153,6,8804830831,12884901888,8263355,1386990378,0,0,0,0,0,0,0,0,0,0,0,0,0,0,0,0,0,0,47964411,147860986,0,468,1202,7661,620,95929713,35,0,0,0,0,0,0,0,1,0,0,0,0,0,0,0,0,0,0,57759918,0,139357989,2340550,0,0,0,0,0,0,0,0,16384,0,0,0,0,0,0,0,0,0,0,0,7882,447,0,0,0,0,0,145810508,0,172,0,3,447,7882,0,0,0,0,0,0,0,0,0,0,0,0,0,0,0,0,0,0,0,0,0,0,0,0,0,0,0,0,0,0,0,0,0,0,0,0,0,0,0,0,0,0,0,0,0,0,0,0,0,0,0,0,0,0,732905687,0,0,0,997821611,0,0,0,0,0,0,0,193732921,486025902,880769890,404411399680,156058553,1,0,0,0,0,0,0,0,0,0,0,0,0,0,0,0,0,0,0,0,0,0,0,0,0,0,0,0,0,0,0,682,0,0,0,0,0,0,0
1782980289.486,0,0,0,0,0,0,0,1788380607,7962694076928,2821520704512,0,0,0,0,0,0,0,0,0,0,0,0,0,0,0,0,0,0,0,0,0,0,0,0,0,0,0,0,0,0,0,0,0,0,0,0,0,0,0,0,0,0,0,0,0,0,0,0,0,0,0,0,0,0,0,0,0,0,7,1950539,488189872,142870721,0,0,0,0,0,0,0,0,0,0,0,0,0,0,0,0,0,0,0,0,0,0,0,0,0,0,0,0,0,0,0,0,0,0,0,0,0,12878364672,5264211968,786033,321302,139392872,302,0,97,786432,486243598,811153,6,8806506509,12884901888,8267090,1387206264,0,0,0,0,0,0,0,0,0,0,0,0,0,0,0,0,0,0,47974298,147870876,0,468,1202,7661,620,95949482,35,0,0,0,0,0,0,0,1,0,0,0,0,0,0,0,0,0,0,57771137,0,139388082,2340949,0,0,0,0,0,0,0,0,16384,0,0,0,0,0,0,0,0,0,0,0,7883,447,0,0,0,0,0,145840592,0,172,0,3,447,7883,0,0,0,0,0,0,0,0,0,0,0,0,0,0,0,0,0,0,0,0,0,0,0,0,0,0,0,0,0,0,0,0,0,0,0,0,0,0,0,0,0,0,0,0,0,0,0,0,0,0,0,0,0,0,733048635,0,0,0,997989491,0,0,0,0,0,0,0,193751459,486143562,880947163,404486295552,156069379,0,0,0,0,0,0,0,0,0,0,0,0,0,0,0,0,0,0,0,0,0,0,0,0,0,0,0,0,0,0,0,256,0,0,0,0,0,0,0
1782980290.577,0,0,0,0,0,0,0,1788704344,7964554283520,2822123959296,0,0,0,0,0,0,0,0,0,0,0,0,0,0,0,0,0,0,0,0,0,0,0,0,0,0,0,0,0,0,0,0,0,0,0,0,0,0,0,0,0,0,0,0,0,0,0,0,0,0,0,0,0,0,0,0,0,0,7,1950614,488304220,142902425,0,0,0,0,0,0,0,0,0,0,0,0,0,0,0,0,0,0,0,0,0,0,0,0,0,0,0,0,0,0,0,0,0,0,0,0,0,12881543168,5265899520,786227,321405,139420767,110,0,96,786432,486357529,811153,6,8808124926,12884901888,8273688,1387411877,0,0,0,0,0,0,0,0,0,0,0,0,0,0,0,0,0,0,47983871,147880451,0,468,1202,7661,620,95968630,35,0,0,0,0,0,0,0,1,0,0,0,0,0,0,0,0,0,0,57781995,0,139416489,2341320,0,0,0,0,0,0,0,0,16384,0,0,0,0,0,0,0,0,0,0,0,7884,447,0,0,0,0,0,145869743,0,172,0,3,447,7884,0,0,0,0,0,0,0,0,0,0,0,0,0,0,0,0,0,0,0,0,0,0,0,0,0,0,0,0,0,0,0,0,0,0,0,0,0,0,0,0,0,0,0,0,0,0,0,0,0,0,0,0,0,0,733186943,0,0,0,998150622,0,0,0,0,0,0,0,193770219,486256988,881120315,404559121920,156080237,1,0,0,0,0,0,0,0,0,0,0,0,0,0,0,0,0,0,0,0,0,0,0,0,0,0,0,0,0,0,0,1395,0,0,0,0,0,0,0
1782980291.660,0,0,0,0,0,0,0,1789020432,7966366747136,2822733343232,0,0,0,0,0,0,0,0,0,0,0,0,0,0,0,0,0,0,0,0,0,0,0,0,0,0,0,0,0,0,0,0,0,0,0,0,0,0,0,0,0,0,0,0,0,0,0,0,0,0,0,0,0,0,0,0,0,0,7,1950686,488415704,142934560,0,0,0,0,0,0,0,0,0,0,0,0,0,0,0,0,0,0,0,0,0,0,0,0,0,0,0,0,0,0,0,0,0,0,0,0,0,12883279872,5244125184,786333,320076,139447068,1,0,98,786432,486468606,811153,6,8809709810,12884901888,8283176,1387616985,0,0,0,0,0,0,0,0,0,0,0,0,0,0,0,0,0,0,47993244,147889821,0,468,1202,7661,620,95987377,35,0,0,0,0,0,0,0,1,0,0,0,0,0,0,0,0,0,0,57792616,0,139444612,2341679,0,0,0,0,0,0,0,0,16384,0,0,0,0,0,0,0,0,0,0,0,7886,447,0,0,0,0,0,145898214,0,172,0,3,447,7886,0,0,0,0,0,0,0,0,0,0,0,0,0,0,0,0,0,0,0,0,0,0,0,0,0,0,0,0,0,0,0,0,0,0,0,0,0,0,0,0,0,0,0,0,0,0,0,0,0,0,0,0,0,0,733323240,0,0,0,998309741,0,0,0,0,0,0,0,193789122,486367590,881292566,404630978048,156091014,1,1,0,0,0,0,0,0,0,0,0,0,0,0,0,0,0,0,0,0,0,0,0,0,0,0,0,0,0,0,0,932,0,0,0,0,0,0,0
1782980292.744,0,0,0,0,0,0,0,1789329941,7968139921920,2823318467072,0,0,0,0,0,0,0,0,0,0,0,0,0,0,0,0,0,0,0,0,0,0,0,0,0,0,0,0,0,0,0,0,0,0,0,0,0,0,0,0,0,0,0,0,0,0,0,0,0,0,0,0,0,0,0,0,0,0,7,1950733,488524791,142965230,0,0,0,0,0,0,0,0,0,0,0,0,0,0,0,0,0,0,0,0,0,0,0,0,0,0,0,0,0,0,0,0,0,0,0,0,0,12877807616,5237620736,785999,319679,139473531,337,0,96,786432,486577286,811153,6,8811259549,12884901888,8292724,1387816037,0,0,0,0,0,0,0,0,0,0,0,0,0,0,0,0,0,0,48002394,147898976,0,468,1202,7661,620,96005678,35,0,0,0,0,0,0,0,1,0,0,0,0,0,0,0,0,0,0,57802984,0,139471876,2342036,0,0,0,0,0,0,0,0,16384,0,0,0,0,0,0,0,0,0,0,0,7887,447,0,0,0,0,0,145926060,0,172,0,3,447,7887,0,0,0,0,0,0,0,0,0,0,0,0,0,0,0,0,0,0,0,0,0,0,0,0,0,0,0,0,0,0,0,0,0,0,0,0,0,0,0,0,0,0,0,0,0,0,0,0,0,0,0,0,0,0,733455138,0,0,0,998465125,0,0,0,0,0,0,0,193808328,486475826,881458958,404700340736,156101783,1,0,0,0,0,0,0,0,0,0,0,0,0,0,0,0,0,0,0,0,0,0,0,0,0,0,0,0,0,0,0,542,0,0,0,0,0,0,0
1782980293.824,0,0,0,0,0,0,0,1789630678,7969855851008,2823891831296,0,0,0,0,0,0,0,0,0,0,0,0,0,0,0,0,0,0,0,0,0,0,0,0,0,0,0,0,0,0,0,0,0,0,0,0,0,0,0,0,0,0,0,0,0,0,0,0,0,0,0,0,0,0,0,0,0,0,7,1950785,488630256,142995561,0,0,0,0,0,0,0,0,0,0,0,0,0,0,0,0,0,0,0,0,0,0,0,0,0,0,0,0,0,0,0,0,0,0,0,0,0,12879003648,5218238464,786074,318496,139503308,264,0,98,786432,486682390,811153,6,8812760544,12884901888,8302499,1388007885,0,0,0,0,0,0,0,0,0,0,0,0,0,0,0,0,0,0,48011281,147907861,0,468,1202,7661,620,96023452,35,0,0,0,0,0,0,0,1,0,0,0,0,0,0,0,0,0,0,57813052,0,139498453,2342372,0,0,0,0,0,0,0,0,16384,0,0,0,0,0,0,0,0,0,0,0,7888,447,0,0,0,0,0,145953032,0,172,0,3,447,7888,0,0,0,0,0,0,0,0,0,0,0,0,0,0,0,0,0,0,0,0,0,0,0,0,0,0,0,0,0,0,0,0,0,0,0,0,0,0,0,0,0,0,0,0,0,0,0,0,0,0,0,0,0,0,733587759,0,0,0,998615369,0,0,0,0,0,0,0,193825393,486580542,881625561,404769947136,156111101,1,1,0,0,0,0,0,0,0,0,0,0,0,0,0,0,0,0,0,0,0,0,0,0,0,0,0,0,0,0,0,938,0,0,0,0,0,0,0
1782980294.908,0,0,0,0,0,0,0,1789935839,7971602401792,2824457044992,0,0,0,0,0,0,0,0,0,0,0,0,0,0,0,0,0,0,0,0,0,0,0,0,0,0,0,0,0,0,0,0,0,0,0,0,0,0,0,0,0,0,0,0,0,0,0,0,0,0,0,0,0,0,0,0,0,0,7,1950845,488737667,143025037,0,0,0,0,0,0,0,0,0,0,0,0,0,0,0,0,0,0,0,0,0,0,0,0,0,0,0,0,0,0,0,0,0,0,0,0,0,12880265216,5223350272,786149,318808,139529264,187,0,96,786432,486789379,811153,6,8814287189,12884901888,8310099,1388204129,0,0,0,0,0,0,0,0,0,0,0,0,0,0,0,0,0,0,48020315,147916894,0,468,1202,7661,620,96041517,35,0,0,0,0,0,0,0,1,0,0,0,0,0,0,0,0,0,0,57823302,0,139524486,2342712,0,0,0,0,0,0,0,0,16384,0,0,0,0,0,0,0,0,0,0,0,7889,447,0,0,0,0,0,145980516,0,172,0,3,447,7889,0,0,0,0,0,0,0,0,0,0,0,0,0,0,0,0,0,0,0,0,0,0,0,0,0,0,0,0,0,0,0,0,0,0,0,0,0,0,0,0,0,0,0,0,0,0,0,0,0,0,0,0,0,0,733724513,0,0,0,998768423,0,0,0,0,0,0,0,193841147,486687179,881795229,404841671680,156119345,1,0,0,0,0,0,0,0,0,0,0,0,0,0,0,0,0,0,0,0,0,0,0,0,0,0,0,0,0,0,0,845,0,0,0,0,0,0,0
1782980295.993,0,0,0,0,0,0,0,1790247236,7973380475392,2825030369280,0,0,0,0,0,0,0,0,0,0,0,0,0,0,0,0,0,0,0,0,0,0,0,0,0,0,0,0,0,0,0,0,0,0,0,0,0,0,0,0,0,0,0,0,0,0,0,0,0,0,0,0,0,0,0,0,0,0,7,1950909,488846997,143054998,0,0,0,0,0,0,0,0,0,0,0,0,0,0,0,0,0,0,0,0,0,0,0,0,0,0,0,0,0,0,0,0,0,0,0,0,0,12880314368,5232197632,786151,319349,139556242,182,0,99,786432,486898288,811153,6,8815843275,12884901888,8315912,1388402986,0,0,0,0,0,0,0,0,0,0,0,0,0,0,0,0,0,0,48029539,147926116,0,468,1202,7661,620,96059963,35,0,0,0,0,0,0,0,1,0,0,0,0,0,0,0,0,0,0,57833764,0,139551387,2343065,0,0,0,0,0,0,0,0,16384,0,0,0,0,0,0,0,0,0,0,0,7890,447,0,0,0,0,0,146008530,0,172,0,3,447,7890,0,0,0,0,0,0,0,0,0,0,0,0,0,0,0,0,0,0,0,0,0,0,0,0,0,0,0,0,0,0,0,0,0,0,0,0,0,0,0,0,0,0,0,0,0,0,0,0,0,0,0,0,0,0,733861448,0,0,0,998924030,0,0,0,0,0,0,0,193857761,486795638,881965208,404913656320,156128334,1,1,0,0,0,0,0,0,0,0,0,0,0,0,0,0,0,0,0,0,0,0,0,0,0,0,0,0,0,0,0,1440,0,0,0,0,0,0,0
1782980297.079,0,0,0,0,0,0,0,1790556589,7975153699328,2825606554624,0,0,0,0,0,0,0,0,0,0,0,0,0,0,0,0,0,0,0,0,0,0,0,0,0,0,0,0,0,0,0,0,0,0,0,0,0,0,0,0,0,0,0,0,0,0,0,0,0,0,0,0,0,0,0,0,0,0,7,1950975,488956043,143085145,0,0,0,0,0,0,0,0,0,0,0,0,0,0,0,0,0,0,0,0,0,0,0,0,0,0,0,0,0,0,0,0,0,0,0,0,0,12878184448,5236146176,786022,319589,139582976,315,0,96,786432,487006937,811153,6,8817392365,12884901888,8323209,1388602315,0,0,0,0,0,0,0,0,0,0,0,0,0,0,0,0,0,0,48038684,147935263,0,468,1202,7661,620,96078259,35,0,0,0,0,0,0,0,1,0,0,0,0,0,0,0,0,0,0,57844141,0,139578121,2343411,0,0,0,0,0,0,0,0,16384,0,0,0,0,0,0,0,0,0,0,0,7891,447,0,0,0,0,0,146036331,0,172,0,3,447,7891,0,0,0,0,0,0,0,0,0,0,0,0,0,0,0,0,0,0,0,0,0,0,0,0,0,0,0,0,0,0,0,0,0,0,0,0,0,0,0,0,0,0,0,0,0,0,0,0,0,0,0,0,0,0,733997327,0,0,0,999079390,0,0,0,0,0,0,0,193874140,486903859,882134712,404985111040,156137149,1,0,0,0,0,0,0,0,0,0,0,0,0,0,0,0,0,0,0,0,0,0,0,0,0,0,0,0,0,0,0,1076,0,0,0,0,0,0,0
1782980298.169,0,0,0,0,0,0,0,1790851790,7976849803776,2826159077888,0,0,0,0,0,0,0,0,0,0,0,0,0,0,0,0,0,0,0,0,0,0,0,0,0,0,0,0,0,0,0,0,0,0,0,0,0,0,0,0,0,0,0,0,0,0,0,0,0,0,0,0,0,0,0,0,0,0,7,1951015,489060322,143114043,0,0,0,0,0,0,0,0,0,0,0,0,0,0,0,0,0,0,0,0,0,0,0,0,0,0,0,0,0,0,0,0,0,0,0,0,0,12880150528,5234425856,786142,319484,139607609,192,0,96,786432,487110844,811153,6,8818869393,12884901888,8335256,1388792262,0,0,0,0,0,0,0,0,0,0,0,0,0,0,0,0,0,0,48047414,147943994,0,468,1202,7661,620,96095719,35,0,0,0,0,0,0,0,1,0,0,0,0,0,0,0,0,0,0,57854040,0,139602754,2343733,0,0,0,0,0,0,0,0,16384,0,0,0,0,0,0,0,0,0,0,0,7892,447,0,0,0,0,0,146062861,0,172,0,3,447,7892,0,0,0,0,0,0,0,0,0,0,0,0,0,0,0,0,0,0,0,0,0,0,0,0,0,0,0,0,0,0,0,0,0,0,0,0,0,0,0,0,0,0,0,0,0,0,0,0,0,0,0,0,0,0,734128194,0,0,0,999227922,0,0,0,0,0,0,0,193892324,487007366,882298725,405053534720,156147202,1,0,0,0,0,0,0,0,0,0,0,0,0,0,0,0,0,0,0,0,0,0,0,0,0,0,0,0,0,0,0,508,0,0,0,0,0,0,0
1782980299.258,0,0,0,0,0,0,0,1791170622,7978681584128,2826747110912,0,0,0,0,0,0,0,0,0,0,0,0,0,0,0,0,0,0,0,0,0,0,0,0,0,0,0,0,0,0,0,0,0,0,0,0,0,0,0,0,0,0,0,0,0,0,0,0,0,0,0,0,0,0,0,0,0,0,7,1951074,489172887,143144829,0,0,0,0,0,0,0,0,0,0,0,0,0,0,0,0,0,0,0,0,0,0,0,0,0,0,0,0,0,0,0,0,0,0,0,0,0,12880576512,5240930304,786168,319881,139636119,167,0,97,786432,487222976,811153,6,8820465624,12884901888,8340584,1388995845,0,0,0,0,0,0,0,0,0,0,0,0,0,0,0,0,0,0,48056871,147953449,0,468,1202,7661,620,96114633,35,0,0,0,0,0,0,0,1,0,0,0,0,0,0,0,0,0,0,57864755,0,139631264,2344103,0,0,0,0,0,0,0,0,16384,0,0,0,0,0,0,0,0,0,0,0,7893,447,0,0,0,0,0,146091607,0,172,0,3,447,7893,0,0,0,0,0,0,0,0,0,0,0,0,0,0,0,0,0,0,0,0,0,0,0,0,0,0,0,0,0,0,0,0,0,0,0,0,0,0,0,0,0,0,0,0,0,0,0,0,0,0,0,0,0,0,734269062,0,0,0,999387575,0,0,0,0,0,0,0,193907723,487119058,882472689,405127511552,156155899,1,0,0,0,0,0,0,0,0,0,0,0,0,0,0,0,0,0,0,0,0,0,0,0,0,0,0,0,0,0,0,859,0,0,0,0,0,0,0
1782980300.347,0,0,0,0,0,0,0,1791469260,7980382063104,2827302050816,0,0,0,0,0,0,0,0,0,0,0,0,0,0,0,0,0,0,0,0,0,0,0,0,0,0,0,0,0,0,0,0,0,0,0,0,0,0,0,0,0,0,0,0,0,0,0,0,0,0,0,0,0,0,0,0,0,0,7,1951135,489277463,143173826,0,0,0,0,0,0,0,0,0,0,0,0,0,0,0,0,0,0,0,0,0,0,0,0,0,0,0,0,0,0,0,0,0,0,0,0,0,12880494592,5243174912,786163,320018,139661359,172,0,97,786432,487327201,811153,6,8821959290,12884901888,8350510,1389188133,0,0,0,0,0,0,0,0,0,0,0,0,0,0,0,0,0,0,48065691,147962271,0,468,1202,7661,620,96132275,35,0,0,0,0,0,0,0,1,0,0,0,0,0,0,0,0,0,0,57874757,0,139656504,2344432,0,0,0,0,0,0,0,0,16384,0,0,0,0,0,0,0,0,0,0,0,7894,447,0,0,0,0,0,146118436,0,172,0,3,447,7894,0,0,0,0,0,0,0,0,0,0,0,0,0,0,0,0,0,0,0,0,0,0,0,0,0,0,0,0,0,0,0,0,0,0,0,0,0,0,0,0,0,0,0,0,0,0,0,0,0,0,0,0,0,0,734401004,0,0,0,999537541,0,0,0,0,0,0,0,193925775,487222859,882637436,405196898304,156166177,1,0,0,0,0,0,0,0,0,0,0,0,0,0,0,0,0,0,0,0,0,0,0,0,0,0,0,0,0,0,0,603,0,0,0,0,0,0,0
1782980301.433,0,0,0,0,0,0,0,1791784399,7982186187264,2827880253440,0,0,0,0,0,0,0,0,0,0,0,0,0,0,0,0,0,0,0,0,0,0,0,0,0,0,0,0,0,0,0,0,0,0,0,0,0,0,0,0,0,0,0,0,0,0,0,0,0,0,0,0,0,0,0,0,0,0,7,1951196,489388388,143204058,0,0,0,0,0,0,0,0,0,0,0,0,0,0,0,0,0,0,0,0,0,0,0,0,0,0,0,0,0,0,0,0,0,0,0,0,0,12880019456,5255299072,786136,320758,139688790,202,0,96,786432,487437711,811153,6,8823536327,12884901888,8357034,1389390416,0,0,0,0,0,0,0,0,0,0,0,0,0,0,0,0,0,0,48075032,147971611,0,468,1202,7661,620,96150957,35,0,0,0,0,0,0,0,1,0,0,0,0,0,0,0,0,0,0,57885360,0,139683935,2344794,0,0,0,0,0,0,0,0,16384,0,0,0,0,0,0,0,0,0,0,0,7895,447,0,0,0,0,0,146146814,0,172,0,3,447,7895,0,0,0,0,0,0,0,0,0,0,0,0,0,0,0,0,0,0,0,0,0,0,0,0,0,0,0,0,0,0,0,0,0,0,0,0,0,0,0,0,0,0,0,0,0,0,0,0,0,0,0,0,0,0,734538562,0,0,0,999695457,0,0,0,0,0,0,0,193942608,487332960,882808118,405269256192,156175326,1,0,0,0,0,0,0,0,0,0,0,0,0,0,0,0,0,0,0,0,0,0,0,0,0,0,0,0,0,0,0,765,0,0,0,0,0,0,0
1782980302.519,0,0,0,0,0,0,0,1792102808,7984001681920,2828466843136,0,0,0,0,0,0,0,0,0,0,0,0,0,0,0,0,0,0,0,0,0,0,0,0,0,0,0,0,0,0,0,0,0,0,0,0,0,0,0,0,0,0,0,0,0,0,0,0,0,0,0,0,0,0,0,0,0,0,7,1951251,489499986,143234674,0,0,0,0,0,0,0,0,0,0,0,0,0,0,0,0,0,0,0,0,0,0,0,0,0,0,0,0,0,0,0,0,0,0,0,0,0,12880052224,5261410304,786136,321130,139717133,198,0,97,786432,487548925,811153,6,8825130969,12884901888,8361580,1389595356,0,0,0,0,0,0,0,0,0,0,0,0,0,0,0,0,0,0,48084444,147981024,0,468,1202,7661,620,96169784,35,0,0,0,0,0,0,0,1,0,0,0,0,0,0,0,0,0,0,57896042,0,139712278,2345165,0,0,0,0,0,0,0,0,16384,0,0,0,0,0,0,0,0,0,0,0,7896,447,0,0,0,0,0,146175421,0,172,0,3,447,7896,0,0,0,0,0,0,0,0,0,0,0,0,0,0,0,0,0,0,0,0,0,0,0,0,0,0,0,0,0,0,0,0,0,0,0,0,0,0,0,0,0,0,0,0,0,0,0,0,0,0,0,0,0,0,734678233,0,0,0,999855460,0,0,0,0,0,0,0,193959179,487443732,882980681,405342689280,156184725,1,0,0,0,0,0,0,0,0,0,0,0,0,0,0,0,0,0,0,0,0,0,0,0,0,0,0,0,0,0,0,298,0,0,0,0,0,0,0
1782980303.605,0,0,0,0,0,0,0,1792403601,7985731783168,2829054017024,0,0,0,0,0,0,0,0,0,0,0,0,0,0,0,0,0,0,0,0,0,0,0,0,0,0,0,0,0,0,0,0,0,0,0,0,0,0,0,0,0,0,0,0,0,0,0,0,0,0,0,0,0,0,0,0,0,0,7,1951300,489606375,143265543,0,0,0,0,0,0,0,0,0,0,0,0,0,0,0,0,0,0,0,0,0,0,0,0,0,0,0,0,0,0,0,0,0,0,0,0,0,12881821696,5238636544,786245,319742,139743159,90,0,97,786432,487654908,811153,6,8826633886,12884901888,8370241,1389786337,0,0,0,0,0,0,0,0,0,0,0,0,0,0,0,0,0,0,48093362,147989944,0,468,1202,7661,620,96187618,35,0,0,0,0,0,0,0,1,0,0,0,0,0,0,0,0,0,0,57906159,0,139739456,2345512,0,0,0,0,0,0,0,0,16384,0,0,0,0,0,0,0,0,0,0,0,7897,447,0,0,0,0,0,146202500,0,172,0,3,447,7897,0,0,0,0,0,0,0,0,0,0,0,0,0,0,0,0,0,0,0,0,0,0,0,0,0,0,0,0,0,0,0,0,0,0,0,0,0,0,0,0,0,0,0,0,0,0,0,0,0,0,0,0,0,0,734810876,0,0,0,1000005670,0,0,0,0,0,0,0,193976221,487549282,883147696,405412266496,156194233,1,0,0,0,0,0,0,0,0,0,0,0,0,0,0,0,0,0,0,0,0,0,0,0,0,0,0,0,0,0,0,987,0,0,0,0,0,0,0
1782980304.684,0,0,0,0,0,0,0,1792715301,7987530729984,2829660665856,0,0,0,0,0,0,0,0,0,0,0,0,0,0,0,0,0,0,0,0,0,0,0,0,0,0,0,0,0,0,0,0,0,0,0,0,0,0,0,0,0,0,0,0,0,0,0,0,0,0,0,0,0,0,0,0,0,0,7,1951365,489716922,143297541,0,0,0,0,0,0,0,0,0,0,0,0,0,0,0,0,0,0,0,0,0,0,0,0,0,0,0,0,0,0,0,0,0,0,0,0,0,12882821120,5220564992,786304,318638,139771238,30,0,98,786432,487765045,811153,6,8828195165,12884901888,8376588,1389985782,0,0,0,0,0,0,0,0,0,0,0,0,0,0,0,0,0,0,48102620,147999200,0,468,1202,7661,620,96206140,35,0,0,0,0,0,0,0,1,0,0,0,0,0,0,0,0,0,0,57916656,0,139768781,2345888,0,0,0,0,0,0,0,0,16384,0,0,0,0,0,0,0,0,0,0,0,7899,447,0,0,0,0,0,146230646,0,172,0,3,447,7899,0,0,0,0,0,0,0,0,0,0,0,0,0,0,0,0,0,0,0,0,0,0,0,0,0,0,0,0,0,0,0,0,0,0,0,0,0,0,0,0,0,0,0,0,0,0,0,0,0,0,0,0,0,0,734947016,0,0,0,1000162031,0,0,0,0,0,0,0,193992809,487659093,883318487,405483923456,156203583,1,0,0,0,0,0,0,0,0,0,0,0,0,0,0,0,0,0,0,0,0,0,0,0,0,0,0,0,0,0,0,1139,0,0,0,0,0,0,0
1782980305.767,0,0,0,0,0,0,0,1793023122,7989299415552,2830254786048,0,0,0,0,0,0,0,0,0,0,0,0,0,0,0,0,0,0,0,0,0,0,0,0,0,0,0,0,0,0,0,0,0,0,0,0,0,0,0,0,0,0,0,0,0,0,0,0,0,0,0,0,0,0,0,0,0,0,7,1951419,489825738,143329069,0,0,0,0,0,0,0,0,0,0,0,0,0,0,0,0,0,0,0,0,0,0,0,0,0,0,0,0,0,0,0,0,0,0,0,0,0,12883116032,5199609856,786324,317358,139797907,0,0,107,786432,487873464,811153,6,8829729878,12884901888,8385071,1390177987,0,0,0,0,0,0,0,0,0,0,0,0,0,0,0,0,0,0,48111743,148008324,0,468,1202,7661,620,96224387,35,0,0,0,0,0,0,0,1,0,0,0,0,0,0,0,0,0,0,57927000,0,139797148,2346261,0,0,0,0,0,0,0,0,16384,0,0,0,0,0,0,0,0,0,0,0,7900,447,0,0,0,0,0,146258350,0,172,0,3,447,7900,0,0,0,0,0,0,0,0,0,0,0,0,0,0,0,0,0,0,0,0,0,0,0,0,0,0,0,0,0,0,0,0,0,0,0,0,0,0,0,0,0,0,0,0,0,0,0,0,0,0,0,0,0,0,735079706,0,0,0,1000314612,0,0,0,0,0,0,0,194011722,487767051,883485968,405553562112,156214333,1,1,0,0,0,0,0,0,0,0,0,0,0,0,0,0,0,0,0,0,0,0,0,0,0,0,0,0,0,0,0,2932,0,0,0,0,0,0,0
1782980306.849,0,0,0,0,0,0,0,1793325706,7991026436608,2830822669824,0,0,0,0,0,0,0,0,0,0,0,0,0,0,0,0,0,0,0,0,0,0,0,0,0,0,0,0,0,0,0,0,0,0,0,0,0,0,0,0,0,0,0,0,0,0,0,0,0,0,0,0,0,0,0,0,0,0,7,1951481,489931887,143358747,0,0,0,0,0,0,0,0,0,0,0,0,0,0,0,0,0,0,0,0,0,0,0,0,0,0,0,0,0,0,0,0,0,0,0,0,0,12879347712,5199249408,786094,317337,139828109,242,0,96,786432,487979226,811153,6,8831251201,12884901888,8394890,1390379244,0,0,0,0,0,0,0,0,0,0,0,0,0,0,0,0,0,0,48120650,148017232,0,468,1202,7661,620,96242197,35,0,0,0,0,0,0,0,1,0,0,0,0,0,0,0,0,0,0,57937087,0,139823254,2346607,0,0,0,0,0,0,0,0,16384,0,0,0,0,0,0,0,0,0,0,0,7901,447,0,0,0,0,0,146285444,0,172,0,3,447,7901,0,0,0,0,0,0,0,0,0,0,0,0,0,0,0,0,0,0,0,0,0,0,0,0,0,0,0,0,0,0,0,0,0,0,0,0,0,0,0,0,0,0,0,0,0,0,0,0,0,0,0,0,0,0,735213161,0,0,0,1000468739,0,0,0,0,0,0,0,194032969,487872341,883652815,405623902208,156227208,1,1,0,0,0,0,0,0,0,0,0,0,0,0,0,0,0,0,0,0,0,0,0,0,0,0,0,0,0,0,0,378,0,0,0,0,0,0,0
1782980307.934,0,0,0,0,0,0,0,1793646259,7992866048512,2831408756736,0,0,0,0,0,0,0,0,0,0,0,0,0,0,0,0,0,0,0,0,0,0,0,0,0,0,0,0,0,0,0,0,0,0,0,0,0,0,0,0,0,0,0,0,0,0,0,0,0,0,0,0,0,0,0,0,0,0,7,1951532,490045046,143389457,0,0,0,0,0,0,0,0,0,0,0,0,0,0,0,0,0,0,0,0,0,0,0,0,0,0,0,0,0,0,0,0,0,0,0,0,0,12879495168,5206605824,786102,317786,139855963,231,0,98,786432,488091952,811153,6,8832854326,12884901888,8400751,1390582575,0,0,0,0,0,0,0,0,0,0,0,0,0,0,0,0,0,0,48130155,148026735,0,468,1202,7661,620,96261204,35,0,0,0,0,0,0,0,1,0,0,0,0,0,0,0,0,0,0,57947869,0,139851108,2346977,0,0,0,0,0,0,0,0,16384,0,0,0,0,0,0,0,0,0,0,0,7902,447,0,0,0,0,0,146314361,0,172,0,3,447,7902,0,0,0,0,0,0,0,0,0,0,0,0,0,0,0,0,0,0,0,0,0,0,0,0,0,0,0,0,0,0,0,0,0,0,0,0,0,0,0,0,0,0,0,0,0,0,0,0,0,0,0,0,0,0,735351201,0,0,0,1000628762,0,0,0,0,0,0,0,194051782,487984650,883824505,405696317952,156238281,1,0,0,0,0,0,0,0,0,0,0,0,0,0,0,0,0,0,0,0,0,0,0,0,0,0,0,0,0,0,0,1185,0,0,0,0,0,0,0
1782980309.018,0,0,0,0,0,0,0,1793967881,7994710116864,2832001820160,0,0,0,0,0,0,0,0,0,0,0,0,0,0,0,0,0,0,0,0,0,0,0,0,0,0,0,0,0,0,0,0,0,0,0,0,0,0,0,0,0,0,0,0,0,0,0,0,0,0,0,0,0,0,0,0,0,0,7,1951596,490158424,143420552,0,0,0,0,0,0,0,0,0,0,0,0,0,0,0,0,0,0,0,0,0,0,0,0,0,0,0,0,0,0,0,0,0,0,0,0,0,12879413248,5212061696,786097,318119,139884309,229,0,106,786432,488204894,811153,6,8834467448,12884901888,8406723,1390790741,0,0,0,0,0,0,0,0,0,0,0,0,0,0,0,0,0,0,48139688,148036269,0,468,1202,7661,620,96280274,35,0,0,0,0,0,0,0,1,0,0,0,0,0,0,0,0,0,0,57958684,0,139879454,2347353,0,0,0,0,0,0,0,0,16384,0,0,0,0,0,0,0,0,0,0,0,7903,447,0,0,0,0,0,146343330,0,172,0,3,447,7903,0,0,0,0,0,0,0,0,0,0,0,0,0,0,0,0,0,0,0,0,0,0,0,0,0,0,0,0,0,0,0,0,0,0,0,0,0,0,0,0,0,0,0,0,0,0,0,0,0,0,0,0,0,0,735489564,0,0,0,1000790841,0,0,0,0,0,0,0,194070550,488097150,883996755,405769071104,156249306,1,0,0,0,0,0,0,0,0,0,0,0,0,0,0,0,0,0,0,0,0,0,0,0,0,0,0,0,0,0,0,538,0,0,0,0,0,0,0
1782980310.107,0,0,0,0,0,0,0,1794285795,7996530035200,2832583246848,0,0,0,0,0,0,0,0,0,0,0,0,0,0,0,0,0,0,0,0,0,0,0,0,0,0,0,0,0,0,0,0,0,0,0,0,0,0,0,0,0,0,0,0,0,0,0,0,0,0,0,0,0,0,0,0,0,0,7,1951657,490270354,143450907,0,0,0,0,0,0,0,0,0,0,0,0,0,0,0,0,0,0,0,0,0,0,0,0,0,0,0,0,0,0,0,0,0,0,0,0,0,12878659584,5222645760,786051,318765,139910842,284,0,96,786432,488316433,811153,6,8836055157,12884901888,8417383,1390992186,0,0,0,0,0,0,0,0,0,0,0,0,0,0,0,0,0,0,48149091,148045670,0,468,1202,7661,620,96299073,35,0,0,0,0,0,0,0,1,0,0,0,0,0,0,0,0,0,0,57969342,0,139905987,2347705,0,0,0,0,0,0,0,0,16384,0,0,0,0,0,0,0,0,0,0,0,7904,447,0,0,0,0,0,146371938,0,172,0,3,447,7904,0,0,0,0,0,0,0,0,0,0,0,0,0,0,0,0,0,0,0,0,0,0,0,0,0,0,0,0,0,0,0,0,0,0,0,0,0,0,0,0,0,0,0,0,0,0,0,0,0,0,0,0,0,0,735627299,0,0,0,1000949405,0,0,0,0,0,0,0,194090270,488208206,884168626,405841534464,156260892,1,0,0,0,0,0,0,0,0,0,0,0,0,0,0,0,0,0,0,0,0,0,0,0,0,0,0,0,0,0,0,1344,0,0,0,0,0,0,0
1782980311.194,0,0,0,0,0,0,0,1794606211,7998371006976,2833170880000,0,0,0,0,0,0,0,0,0,0,0,0,0,0,0,0,0,0,0,0,0,0,0,0,0,0,0,0,0,0,0,0,0,0,0,0,0,0,0,0,0,0,0,0,0,0,0,0,0,0,0,0,0,0,0,0,0,0,7,1951727,490383594,143481764,0,0,0,0,0,0,0,0,0,0,0,0,0,0,0,0,0,0,0,0,0,0,0,0,0,0,0,0,0,0,0,0,0,0,0,0,0,12879921152,5230346240,786128,319235,139938811,206,0,97,786432,488429252,811153,6,8837661577,12884901888,8423829,1391199085,0,0,0,0,0,0,0,0,0,0,0,0,0,0,0,0,0,0,48158591,148055172,0,468,1202,7661,620,96318079,35,0,0,0,0,0,0,0,1,0,0,0,0,0,0,0,0,0,0,57980119,0,139933956,2348080,0,0,0,0,0,0,0,0,16384,0,0,0,0,0,0,0,0,0,0,0,7905,447,0,0,0,0,0,146400812,0,172,0,3,447,7905,0,0,0,0,0,0,0,0,0,0,0,0,0,0,0,0,0,0,0,0,0,0,0,0,0,0,0,0,0,0,0,0,0,0,0,0,0,0,0,0,0,0,0,0,0,0,0,0,0,0,0,0,0,0,735764437,0,0,0,1001110706,0,0,0,0,0,0,0,194109080,488320556,884339563,405913901568,156271979,1,0,0,0,0,0,0,0,0,0,0,0,0,0,0,0,0,0,0,0,0,0,0,0,0,0,0,0,0,0,0,819,0,0,0,0,0,0,0
1782980312.284,0,0,0,0,0,0,0,1794933707,8000249252352,2833775526400,0,0,0,0,0,0,0,0,0,0,0,0,0,0,0,0,0,0,0,0,0,0,0,0,0,0,0,0,0,0,0,0,0,0,0,0,0,0,0,0,0,0,0,0,0,0,0,0,0,0,0,0,0,0,0,0,0,0,7,1951791,490499089,143513396,0,0,0,0,0,0,0,0,0,0,0,0,0,0,0,0,0,0,0,0,0,0,0,0,0,0,0,0,0,0,0,0,0,0,0,0,0,12874956800,5236785152,785824,319628,139967834,509,0,97,786432,488544323,811153,6,8839300690,12884901888,8429493,1391408166,0,0,0,0,0,0,0,0,0,0,0,0,0,0,0,0,0,0,48168291,148064870,0,468,1202,7661,620,96337483,35,0,0,0,0,0,0,0,1,0,0,0,0,0,0,0,0,0,0,57991111,0,139962979,2348457,0,0,0,0,0,0,0,0,16384,0,0,0,0,0,0,0,0,0,0,0,7906,447,0,0,0,0,0,146430269,0,172,0,3,447,7906,0,0,0,0,0,0,0,0,0,0,0,0,0,0,0,0,0,0,0,0,0,0,0,0,0,0,0,0,0,0,0,0,0,0,0,0,0,0,0,0,0,0,0,0,0,0,0,0,0,0,0,0,0,0,735906126,0,0,0,1001274762,0,0,0,0,0,0,0,194127075,488435173,884515515,405988564480,156282403,1,1,0,0,0,0,0,0,0,0,0,0,0,0,0,0,0,0,0,0,0,0,0,0,0,0,0,0,0,0,0,1121,0,0,0,0,0,0,0
1782980313.371,0,0,0,0,0,0,0,1795242123,8002016856576,2834344560128,0,0,0,0,0,0,0,0,0,0,0,0,0,0,0,0,0,0,0,0,0,0,0,0,0,0,0,0,0,0,0,0,0,0,0,0,0,0,0,0,0,0,0,0,0,0,0,0,0,0,0,0,0,0,0,0,0,0,7,1951859,490607779,143543199,0,0,0,0,0,0,0,0,0,0,0,0,0,0,0,0,0,0,0,0,0,0,0,0,0,0,0,0,0,0,0,0,0,0,0,0,0,12881772544,5240258560,786241,319840,139994434,91,0,96,786432,488652655,811153,6,8840843392,12884901888,8438855,1391604726,0,0,0,0,0,0,0,0,0,0,0,0,0,0,0,0,0,0,48177430,148074011,0,468,1202,7661,620,96355759,35,0,0,0,0,0,0,0,1,0,0,0,0,0,0,0,0,0,0,58001478,0,139989579,2348817,0,0,0,0,0,0,0,0,16384,0,0,0,0,0,0,0,0,0,0,0,7907,447,0,0,0,0,0,146458034,0,172,0,3,447,7907,0,0,0,0,0,0,0,0,0,0,0,0,0,0,0,0,0,0,0,0,0,0,0,0,0,0,0,0,0,0,0,0,0,0,0,0,0,0,0,0,0,0,0,0,0,0,0,0,0,0,0,0,0,0,736040084,0,0,0,1001429215,0,0,0,0,0,0,0,194147214,488543069,884682521,406058966528,156294292,1,0,0,0,0,0,0,0,0,0,0,0,0,0,0,0,0,0,0,0,0,0,0,0,0,0,0,0,0,0,0,1435,0,0,0,0,0,0,0
1782980314.450,0,0,0,0,0,0,0,1795557663,8003826665984,2834925982208,0,0,0,0,0,0,0,0,0,0,0,0,0,0,0,0,0,0,0,0,0,0,0,0,0,0,0,0,0,0,0,0,0,0,0,0,0,0,0,0,0,0,0,0,0,0,0,0,0,0,0,0,0,0,0,0,0,0,7,1951911,490719075,143573631,0,0,0,0,0,0,0,0,0,0,0,0,0,0,0,0,0,0,0,0,0,0,0,0,0,0,0,0,0,0,0,0,0,0,0,0,0,12878495744,5245140992,786041,320138,140021442,293,0,96,786432,488763562,811153,6,8842426390,12884901888,8447902,1391809099,0,0,0,0,0,0,0,0,0,0,0,0,0,0,0,0,0,0,48186781,148083365,0,468,1202,7661,620,96374461,35,0,0,0,0,0,0,0,1,0,0,0,0,0,0,0,0,0,0,58012081,0,140016587,2349174,0,0,0,0,0,0,0,0,16384,0,0,0,0,0,0,0,0,0,0,0,7908,447,0,0,0,0,0,146486450,0,172,0,3,447,7908,0,0,0,0,0,0,0,0,0,0,0,0,0,0,0,0,0,0,0,0,0,0,0,0,0,0,0,0,0,0,0,0,0,0,0,0,0,0,0,0,0,0,0,0,0,0,0,0,0,0,0,0,0,0,736177326,0,0,0,1001588703,0,0,0,0,0,0,0,194167163,488653517,884853631,406130695680,156306118,1,1,0,0,0,0,0,0,0,0,0,0,0,0,0,0,0,0,0,0,0,0,0,0,0,0,0,0,0,0,0,372,0,0,0,0,0,0,0
1782980315.535,0,0,0,0,0,0,0,1795884638,8005703043584,2835527119360,0,0,0,0,0,0,0,0,0,0,0,0,0,0,0,0,0,0,0,0,0,0,0,0,0,0,0,0,0,0,0,0,0,0,0,0,0,0,0,0,0,0,0,0,0,0,0,0,0,0,0,0,0,0,0,0,0,0,7,1951976,490834408,143604960,0,0,0,0,0,0,0,0,0,0,0,0,0,0,0,0,0,0,0,0,0,0,0,0,0,0,0,0,0,0,0,0,0,0,0,0,0,12880330752,5252661248,786153,320597,140049739,184,0,99,786432,488878455,811153,6,8844061315,12884901888,8454236,1392017010,0,0,0,0,0,0,0,0,0,0,0,0,0,0,0,0,0,0,48196470,148093053,0,468,1202,7661,620,96393835,35,0,0,0,0,0,0,0,1,0,0,0,0,0,0,0,0,0,0,58023065,0,140044884,2349559,0,0,0,0,0,0,0,0,16384,0,0,0,0,0,0,0,0,0,0,0,7909,447,0,0,0,0,0,146515908,0,172,0,3,447,7909,0,0,0,0,0,0,0,0,0,0,0,0,0,0,0,0,0,0,0,0,0,0,0,0,0,0,0,0,0,0,0,0,0,0,0,0,0,0,0,0,0,0,0,0,0,0,0,0,0,0,0,0,0,0,736317086,0,0,0,1001752241,0,0,0,0,0,0,0,194186383,488767924,885027624,406204083200,156317193,1,1,0,0,0,0,0,0,0,0,0,0,0,0,0,0,0,0,0,0,0,0,0,0,0,0,0,0,0,0,0,872,0,0,0,0,0,0,0
1782980316.624,0,0,0,0,0,0,0,1796198402,8007509559808,2836135764480,0,0,0,0,0,0,0,0,0,0,0,0,0,0,0,0,0,0,0,0,0,0,0,0,0,0,0,0,0,0,0,0,0,0,0,0,0,0,0,0,0,0,0,0,0,0,0,0,0,0,0,0,0,0,0,0,0,0,7,1952022,490945517,143637256,0,0,0,0,0,0,0,0,0,0,0,0,0,0,0,0,0,0,0,0,0,0,0,0,0,0,0,0,0,0,0,0,0,0,0,0,0,12883165184,5225709568,786326,318951,140076442,0,0,106,786432,488989160,811153,6,8845634519,12884901888,8462820,1392218716,0,0,0,0,0,0,0,0,0,0,0,0,0,0,0,0,0,0,48205785,148102366,0,468,1202,7661,620,96412468,35,0,0,0,0,0,0,0,1,0,0,0,0,0,0,0,0,0,0,58033639,0,140073604,2349926,0,0,0,0,0,0,0,0,16384,0,0,0,0,0,0,0,0,0,0,0,7910,447,0,0,0,0,0,146544212,0,172,0,3,447,7910,0,0,0,0,0,0,0,0,0,0,0,0,0,0,0,0,0,0,0,0,0,0,0,0,0,0,0,0,0,0,0,0,0,0,0,0,0,0,0,0,0,0,0,0,0,0,0,0,0,0,0,0,0,0,736453446,0,0,0,1001910335,0,0,0,0,0,0,0,194206324,488878104,885199742,406275602944,156328861,1,0,0,0,0,0,0,0,0,0,0,0,0,0,0,0,0,0,0,0,0,0,0,0,0,0,0,0,0,0,0,353,0,0,0,0,0,0,0
1782980317.708,0,0,0,0,0,0,0,1796521806,8009356790272,2836744485888,0,0,0,0,0,0,0,0,0,0,0,0,0,0,0,0,0,0,0,0,0,0,0,0,0,0,0,0,0,0,0,0,0,0,0,0,0,0,0,0,0,0,0,0,0,0,0,0,0,0,0,0,0,0,0,0,0,0,7,1952084,491059110,143669075,0,0,0,0,0,0,0,0,0,0,0,0,0,0,0,0,0,0,0,0,0,0,0,0,0,0,0,0,0,0,0,0,0,0,0,0,0,12881608704,5220564992,786231,318638,140104352,104,0,97,786432,489102359,811153,6,8847249218,12884901888,8468744,1392422131,0,0,0,0,0,0,0,0,0,0,0,0,0,0,0,0,0,0,48215357,148111939,0,468,1202,7661,620,96431613,35,0,0,0,0,0,0,0,1,0,0,0,0,0,0,0,0,0,0,58044495,0,140102569,2350297,0,0,0,0,0,0,0,0,16384,0,0,0,0,0,0,0,0,0,0,0,7912,447,0,0,0,0,0,146573278,0,172,0,3,447,7912,0,0,0,0,0,0,0,0,0,0,0,0,0,0,0,0,0,0,0,0,0,0,0,0,0,0,0,0,0,0,0,0,0,0,0,0,0,0,0,0,0,0,0,0,0,0,0,0,0,0,0,0,0,0,736592062,0,0,0,1002070986,0,0,0,0,0,0,0,194224892,488990827,885373175,406348439552,156339787,1,0,0,0,0,0,0,0,0,0,0,0,0,0,0,0,0,0,0,0,0,0,0,0,0,0,0,0,0,0,0,1965,0,0,0,0,0,0,0
1782980318.792,0,0,0,0,0,0,0,1796843087,8011194059264,2837351666688,0,0,0,0,0,0,0,0,0,0,0,0,0,0,0,0,0,0,0,0,0,0,0,0,0,0,0,0,0,0,0,0,0,0,0,0,0,0,0,0,0,0,0,0,0,0,0,0,0,0,0,0,0,0,0,0,0,0,7,1952152,491172077,143701176,0,0,0,0,0,0,0,0,0,0,0,0,0,0,0,0,0,0,0,0,0,0,0,0,0,0,0,0,0,0,0,0,0,0,0,0,0,12879921152,5206425600,786128,317775,140135845,206,0,96,786432,489214924,811153,6,8848858723,12884901888,8476500,1392629192,0,0,0,0,0,0,0,0,0,0,0,0,0,0,0,0,0,0,48224880,148121458,0,468,1202,7661,620,96450652,35,0,0,0,0,0,0,0,1,0,0,0,0,0,0,0,0,0,0,58055290,0,140130990,2350670,0,0,0,0,0,0,0,0,16384,0,0,0,0,0,0,0,0,0,0,0,7913,447,0,0,0,0,0,146602230,0,172,0,3,447,7913,0,0,0,0,0,0,0,0,0,0,0,0,0,0,0,0,0,0,0,0,0,0,0,0,0,0,0,0,0,0,0,0,0,0,0,0,0,0,0,0,0,0,0,0,0,0,0,0,0,0,0,0,0,0,736731418,0,0,0,1002232666,0,0,0,0,0,0,0,194245419,489102871,885548296,406421882368,156351426,1,1,0,0,0,0,0,0,0,0,0,0,0,0,0,0,0,0,0,0,0,0,0,0,0,0,0,0,0,0,0,1538,0,0,0,0,0,0,0
1782980319.873,0,0,0,0,0,0,0,1797163077,8013024610816,2837937033728,0,0,0,0,0,0,0,0,0,0,0,0,0,0,0,0,0,0,0,0,0,0,0,0,0,0,0,0,0,0,0,0,0,0,0,0,0,0,0,0,0,0,0,0,0,0,0,0,0,0,0,0,0,0,0,0,0,0,7,1952215,491284643,143731799,0,0,0,0,0,0,0,0,0,0,0,0,0,0,0,0,0,0,0,0,0,0,0,0,0,0,0,0,0,0,0,0,0,0,0,0,0,12879020032,5215354880,786074,318320,140162763,262,0,98,786432,489327090,811153,6,8850464849,12884901888,8485279,1392837598,0,0,0,0,0,0,0,0,0,0,0,0,0,0,0,0,0,0,48234349,148130931,0,468,1202,7661,620,96469599,35,0,0,0,0,0,0,0,1,0,0,0,0,0,0,0,0,0,0,58066025,0,140157908,2351024,0,0,0,0,0,0,0,0,16384,0,0,0,0,0,0,0,0,0,0,0,7914,447,0,0,0,0,0,146631046,0,172,0,3,447,7914,0,0,0,0,0,0,0,0,0,0,0,0,0,0,0,0,0,0,0,0,0,0,0,0,0,0,0,0,0,0,0,0,0,0,0,0,0,0,0,0,0,0,0,0,0,0,0,0,0,0,0,0,0,0,736870823,0,0,0,1002394197,0,0,0,0,0,0,0,194265315,489214603,885722054,406495162368,156363021,0,0,0,0,0,0,0,0,0,0,0,0,0,0,0,0,0,0,0,0,0,0,0,0,0,0,0,0,0,0,0,385,0,0,0,0,0,0,0
1782980320.962,0,0,0,0,0,0,0,1797479332,8014832388608,2838513661952,0,0,0,0,0,0,0,0,0,0,0,0,0,0,0,0,0,0,0,0,0,0,0,0,0,0,0,0,0,0,0,0,0,0,0,0,0,0,0,0,0,0,0,0,0,0,0,0,0,0,0,0,0,0,0,0,0,0,7,1952283,491395827,143762000,0,0,0,0,0,0,0,0,0,0,0,0,0,0,0,0,0,0,0,0,0,0,0,0,0,0,0,0,0,0,0,0,0,0,0,0,0,12880019456,5225709568,786133,318952,140189618,199,0,97,786432,489437864,811153,6,8852044441,12884901888,8493636,1393037425,0,0,0,0,0,0,0,0,0,0,0,0,0,0,0,0,0,0,48243714,148140297,0,468,1202,7661,620,96488316,35,0,0,0,0,0,0,0,1,0,0,0,0,0,0,0,0,0,0,58076655,0,140184763,2351376,0,0,0,0,0,0,0,0,16384,0,0,0,0,0,0,0,0,0,0,0,7915,447,0,0,0,0,0,146659549,0,172,0,3,447,7915,0,0,0,0,0,0,0,0,0,0,0,0,0,0,0,0,0,0,0,0,0,0,0,0,0,0,0,0,0,0,0,0,0,0,0,0,0,0,0,0,0,0,0,0,0,0,0,0,0,0,0,0,0,0,737005794,0,0,0,1002551662,0,0,0,0,0,0,0,194285209,489324869,885890558,406566331904,156375109,1,0,0,0,0,0,0,0,0,0,0,0,0,0,0,0,0,0,0,0,0,0,0,0,0,0,0,0,0,0,0,1600,0,0,0,0,0,0,0
1782980322.046,0,0,0,0,0,0,0,1797799665,8016679537152,2839102690816,0,0,0,0,0,0,0,0,0,0,0,0,0,0,0,0,0,0,0,0,0,0,0,0,0,0,0,0,0,0,0,0,0,0,0,0,0,0,0,0,0,0,0,0,0,0,0,0,0,0,0,0,0,0,0,0,0,0,7,1952342,491509442,143792822,0,0,0,0,0,0,0,0,0,0,0,0,0,0,0,0,0,0,0,0,0,0,0,0,0,0,0,0,0,0,0,0,0,0,0,0,0,12879642624,5232541696,786111,319369,140217505,201,0,120,786432,489551030,811153,6,8853650371,12884901888,8500385,1393243168,0,0,0,0,0,0,0,0,0,0,0,0,0,0,0,0,0,0,48253230,148149810,0,468,1202,7661,620,96507349,35,0,0,0,0,0,0,0,1,0,0,0,0,0,0,0,0,0,0,58087443,0,140212650,2351753,0,0,0,0,0,0,0,0,16384,0,0,0,0,0,0,0,0,0,0,0,7916,447,0,0,0,0,0,146688462,0,172,0,3,447,7916,0,0,0,0,0,0,0,0,0,0,0,0,0,0,0,0,0,0,0,0,0,0,0,0,0,0,0,0,0,0,0,0,0,0,0,0,0,0,0,0,0,0,0,0,0,0,0,0,0,0,0,0,0,0,737144854,0,0,0,1002713093,0,0,0,0,0,0,0,194304552,489437573,886063379,406639395328,156386356,1,0,0,0,0,0,0,0,0,0,0,0,0,0,0,0,0,0,0,0,0,0,0,0,0,0,0,0,0,0,0,1132,0,0,0,0,0,0,0
1782980323.123,0,0,0,0,0,0,0,1798104534,8018427120128,2839669253120,0,0,0,0,0,0,0,0,0,0,0,0,0,0,0,0,0,0,0,0,0,0,0,0,0,0,0,0,0,0,0,0,0,0,0,0,0,0,0,0,0,0,0,0,0,0,0,0,0,0,0,0,0,0,0,0,0,0,7,1952408,491616882,143822560,0,0,0,0,0,0,0,0,0,0,0,0,0,0,0,0,0,0,0,0,0,0,0,0,0,0,0,0,0,0,0,0,0,0,0,0,0,12879396864,5231837184,786094,319326,140243224,236,0,98,786432,489658091,811153,6,8855174941,12884901888,8510989,1393438351,0,0,0,0,0,0,0,0,0,0,0,0,0,0,0,0,0,0,48262241,148158823,0,468,1202,7661,620,96525373,35,0,0,0,0,0,0,0,1,0,0,0,0,0,0,0,0,0,0,58097653,0,140238369,2352100,0,0,0,0,0,0,0,0,16384,0,0,0,0,0,0,0,0,0,0,0,7917,447,0,0,0,0,0,146715880,0,172,0,3,447,7917,0,0,0,0,0,0,0,0,0,0,0,0,0,0,0,0,0,0,0,0,0,0,0,0,0,0,0,0,0,0,0,0,0,0,0,0,0,0,0,0,0,0,0,0,0,0,0,0,0,0,0,0,0,0,737275992,0,0,0,1002865859,0,0,0,0,0,0,0,194325395,489544231,886228167,406708468224,156398538,1,1,0,0,0,0,0,0,0,0,0,0,0,0,0,0,0,0,0,0,0,0,0,0,0,0,0,0,0,0,0,1144,0,0,0,0,0,0,0
1782980324.206,0,0,0,0,0,0,0,1798428148,8020284328448,2840264301056,0,0,0,0,0,0,0,0,0,0,0,0,0,0,0,0,0,0,0,0,0,0,0,0,0,0,0,0,0,0,0,0,0,0,0,0,0,0,0,0,0,0,0,0,0,0,0,0,0,0,0,0,0,0,0,0,0,0,7,1952463,491731123,143853721,0,0,0,0,0,0,0,0,0,0,0,0,0,0,0,0,0,0,0,0,0,0,0,0,0,0,0,0,0,0,0,0,0,0,0,0,0,12880035840,5238996992,786136,319763,140271229,199,0,96,786432,489771916,811153,6,8856797779,12884901888,8518298,1393646993,0,0,0,0,0,0,0,0,0,0,0,0,0,0,0,0,0,0,48271837,148168421,0,468,1202,7661,620,96544579,35,0,0,0,0,0,0,0,1,0,0,0,0,0,0,0,0,0,0,58108551,0,140266374,2352472,0,0,0,0,0,0,0,0,16384,0,0,0,0,0,0,0,0,0,0,0,7918,447,0,0,0,0,0,146745043,0,172,0,3,447,7918,0,0,0,0,0,0,0,0,0,0,0,0,0,0,0,0,0,0,0,0,0,0,0,0,0,0,0,0,0,0,0,0,0,0,0,0,0,0,0,0,0,0,0,0,0,0,0,0,0,0,0,0,0,0,737414946,0,0,0,1003028955,0,0,0,0,0,0,0,194345200,489657551,886401520,406781450240,156410001,1,0,0,0,0,0,0,0,0,0,0,0,0,0,0,0,0,0,0,0,0,0,0,0,0,0,0,0,0,0,0,464,0,0,0,0,0,0,0
1782980325.296,0,0,0,0,0,0,0,1798755987,8022157937152,2840865086976,0,0,0,0,0,0,0,0,0,0,0,0,0,0,0,0,0,0,0,0,0,0,0,0,0,0,0,0,0,0,0,0,0,0,0,0,0,0,0,0,0,0,0,0,0,0,0,0,0,0,0,0,0,0,0,0,0,0,7,1952525,491846345,143885187,0,0,0,0,0,0,0,0,0,0,0,0,0,0,0,0,0,0,0,0,0,0,0,0,0,0,0,0,0,0,0,0,0,0,0,0,0,12874350592,5248303104,785787,320331,140299613,535,0,108,786432,489886741,811153,6,8858439492,12884901888,8524863,1393856934,0,0,0,0,0,0,0,0,0,0,0,0,0,0,0,0,0,0,48281550,148178136,0,468,1202,7661,620,96564003,35,0,0,0,0,0,0,0,1,0,0,0,0,0,0,0,0,0,0,58119574,0,140294758,2352846,0,0,0,0,0,0,0,0,16384,0,0,0,0,0,0,0,0,0,0,0,7919,448,0,0,0,0,0,146774579,0,174,0,3,448,7919,0,0,0,0,1,0,0,0,0,0,0,0,0,0,0,0,0,0,0,0,0,0,0,0,0,0,0,0,0,0,0,0,0,0,0,0,0,0,0,0,0,0,0,0,0,0,0,0,0,0,0,0,0,0,737556511,0,0,0,1003193575,0,0,0,0,0,0,0,194364368,489771848,886577598,406855864832,156421096,1,1,0,0,0,0,0,0,0,0,0,0,0,0,0,0,0,0,0,0,0,0,0,0,0,0,0,0,0,0,0,444,0,0,0,0,0,0,0
1782980326.384,0,0,0,0,0,0,0,1799087894,8024060398080,2841472486912,0,0,0,0,0,0,0,0,0,0,0,0,0,0,0,0,0,0,0,0,0,0,0,0,0,0,0,0,0,0,0,0,0,0,0,0,0,0,0,0,0,0,0,0,0,0,0,0,0,0,0,0,0,0,0,0,0,0,7,1952576,491963332,143917006,0,0,0,0,0,0,0,0,0,0,0,0,0,0,0,0,0,0,0,0,0,0,0,0,0,0,0,0,0,0,0,0,0,0,0,0,0,12882018304,5253660672,786256,320658,140328566,76,0,98,786432,490003291,811153,6,8860101113,12884901888,8531006,1394068556,0,0,0,0,0,0,0,0,0,0,0,0,0,0,0,0,0,0,48291398,148187981,0,468,1202,7661,620,96583703,35,0,0,0,0,0,0,0,1,0,0,0,0,0,0,0,0,0,0,58130756,0,140323711,2353235,0,0,0,0,0,0,0,0,16384,0,0,0,0,0,0,0,0,0,0,0,7920,448,0,0,0,0,0,146804474,0,174,0,3,448,7920,0,0,0,0,0,0,0,0,0,0,0,0,0,0,0,0,0,0,0,0,0,0,0,0,0,0,0,0,0,0,0,0,0,0,0,0,0,0,0,0,0,0,0,0,0,0,0,0,0,0,0,0,0,0,737698844,0,0,0,1003360478,0,0,0,0,0,0,0,194383718,489887912,886754617,406930423808,156432221,1,0,0,0,0,0,0,0,0,0,0,0,0,0,0,0,0,0,0,0,0,0,0,0,0,0,0,0,0,0,0,318,0,0,0,0,0,0,0
1782980327.475,0,0,0,0,0,0,0,1799413742,8025922144768,2842074546176,0,0,0,0,0,0,0,0,0,0,0,0,0,0,0,0,0,0,0,0,0,0,0,0,0,0,0,0,0,0,0,0,0,0,0,0,0,0,0,0,0,0,0,0,0,0,0,0,0,0,0,0,0,0,0,0,0,0,7,1952633,492077847,143948553,0,0,0,0,0,0,0,0,0,0,0,0,0,0,0,0,0,0,0,0,0,0,0,0,0,0,0,0,0,0,0,0,0,0,0,0,0,12876103680,5256249344,785895,320816,140356715,438,0,98,786432,490117369,811153,6,8861729152,12884901888,8537783,1394275000,0,0,0,0,0,0,0,0,0,0,0,0,0,0,0,0,0,0,48301062,148197645,0,468,1202,7661,620,96603019,35,0,0,0,0,0,0,0,1,0,0,0,0,0,0,0,0,0,0,58141723,0,140351918,2353609,0,0,0,0,0,0,0,0,16384,0,0,0,0,0,0,0,0,0,0,0,7921,448,0,0,0,0,0,146833815,0,174,0,3,448,7921,0,0,0,0,0,0,0,0,0,0,0,0,0,0,0,0,0,0,0,0,0,0,0,0,0,0,0,0,0,0,0,0,0,0,0,0,0,0,0,0,0,0,0,0,0,0,0,0,0,0,0,0,0,0,737839543,0,0,0,1003523196,0,0,0,0,0,0,0,194403553,490001498,886930175,407004333056,156443714,1,1,0,0,0,0,0,0,0,0,0,0,0,0,0,0,0,0,0,0,0,0,0,0,0,0,0,0,0,0,0,1268,0,0,0,0,0,0,0
1782980328.561,0,0,0,0,0,0,0,1799735130,8027770620416,2842676236288,0,0,0,0,0,0,0,0,0,0,0,0,0,0,0,0,0,0,0,0,0,0,0,0,0,0,0,0,0,0,0,0,0,0,0,0,0,0,0,0,0,0,0,0,0,0,0,0,0,0,0,0,0,0,0,0,0,0,7,1952688,492191495,143980111,0,0,0,0,0,0,0,0,0,0,0,0,0,0,0,0,0,0,0,0,0,0,0,0,0,0,0,0,0,0,0,0,0,0,0,0,0,12883247104,5252775936,786331,320604,140384366,3,0,96,786432,490230576,811153,6,8863340762,12884901888,8544602,1394482650,0,0,0,0,0,0,0,0,0,0,0,0,0,0,0,0,0,0,48310576,148207162,0,468,1202,7661,620,96622059,35,0,0,0,0,0,0,0,1,0,0,0,0,0,0,0,0,0,0,58152526,0,140380279,2353976,0,0,0,0,0,0,0,0,16384,0,0,0,0,0,0,0,0,0,0,0,7922,448,0,0,0,0,0,146862757,0,174,0,3,448,7922,0,0,0,0,0,0,0,0,0,0,0,0,0,0,0,0,0,0,0,0,0,0,0,0,0,0,0,0,0,0,0,0,0,0,0,0,0,0,0,0,0,0,0,0,0,0,0,0,0,0,0,0,0,0,737977752,0,0,0,1003685245,0,0,0,0,0,0,0,194423342,490114266,887103156,407076982272,156455392,1,1,0,0,0,0,0,0,0,0,0,0,0,0,0,0,0,0,0,0,0,0,0,0,0,0,0,0,0,0,0,444,0,0,0,0,0,0,0
1782980329.648,0,0,0,0,0,0,0,1800041458,8029521971712,2843267494912,0,0,0,0,0,0,0,0,0,0,0,0,0,0,0,0,0,0,0,0,0,0,0,0,0,0,0,0,0,0,0,0,0,0,0,0,0,0,0,0,0,0,0,0,0,0,0,0,0,0,0,0,0,0,0,0,0,0,7,1952755,492299280,144011115,0,0,0,0,0,0,0,0,0,0,0,0,0,0,0,0,0,0,0,0,0,0,0,0,0,0,0,0,0,0,0,0,0,0,0,0,0,12881805312,5235130368,786243,319527,140409179,90,0,97,786432,490337979,811153,6,8864872975,12884901888,8556559,1394679396,0,0,0,0,0,0,0,0,0,0,0,0,0,0,0,0,0,0,48319650,148216237,0,468,1202,7661,620,96640196,35,0,0,0,0,0,0,0,1,0,0,0,0,0,0,0,0,0,0,58162813,0,140406372,2354301,0,0,0,0,0,0,0,0,16384,0,0,0,0,0,0,0,0,0,0,0,7924,448,0,0,0,0,0,146890298,0,174,0,3,448,7924,0,0,0,0,0,0,0,0,0,0,0,0,0,0,0,0,0,0,0,0,0,0,0,0,0,0,0,0,0,0,0,0,0,0,0,0,0,0,0,0,0,0,0,0,0,0,0,0,0,0,0,0,0,0,738111847,0,0,0,1003839184,0,0,0,0,0,0,0,194443312,490221185,887273113,407147503616,156466680,1,0,0,0,0,0,0,0,0,0,0,0,0,0,0,0,0,0,0,0,0,0,0,0,0,0,0,0,0,0,0,213,0,0,0,0,0,0,0
1782980330.732,0,0,0,0,0,0,0,1800345281,8031260920320,2843846097408,0,0,0,0,0,0,0,0,0,0,0,0,0,0,0,0,0,0,0,0,0,0,0,0,0,0,0,0,0,0,0,0,0,0,0,0,0,0,0,0,0,0,0,0,0,0,0,0,0,0,0,0,0,0,0,0,0,0,7,1952812,492406206,144041855,0,0,0,0,0,0,0,0,0,0,0,0,0,0,0,0,0,0,0,0,0,0,0,0,0,0,0,0,0,0,0,0,0,0,0,0,0,12882886656,5213028352,786309,318178,140434127,0,0,123,786432,490444499,811153,6,8866390432,12884901888,8567566,1394870478,0,0,0,0,0,0,0,0,0,0,0,0,0,0,0,0,0,0,48328630,148225216,0,468,1202,7661,620,96658158,35,0,0,0,0,0,0,0,1,0,0,0,0,0,0,0,0,0,0,58172993,0,140432472,2354634,0,0,0,0,0,0,0,0,16384,0,0,0,0,0,0,0,0,0,0,0,7925,448,0,0,0,0,0,146917610,0,174,0,3,448,7925,0,0,0,0,0,0,0,0,0,0,0,0,0,0,0,0,0,0,0,0,0,0,0,0,0,0,0,0,0,0,0,0,0,0,0,0,0,0,0,0,0,0,0,0,0,0,0,0,0,0,0,0,0,0,738241560,0,0,0,1003990229,0,0,0,0,0,0,0,194463291,490327303,887437974,407215727104,156478302,1,0,0,0,0,0,0,0,0,0,0,0,0,0,0,0,0,0,0,0,0,0,0,0,0,0,0,0,0,0,0,1262,0,0,0,0,0,0,0
1782980331.811,0,0,0,0,0,0,0,1800630226,8032894241280,2844393401856,0,0,0,0,0,0,0,0,0,0,0,0,0,0,0,0,0,0,0,0,0,0,0,0,0,0,0,0,0,0,0,0,0,0,0,0,0,0,0,0,0,0,0,0,0,0,0,0,0,0,0,0,0,0,0,0,0,0,7,1952860,492506608,144070386,0,0,0,0,0,0,0,0,0,0,0,0,0,0,0,0,0,0,0,0,0,0,0,0,0,0,0,0,0,0,0,0,0,0,0,0,0,12881903616,5201149952,786249,317453,140456726,86,0,96,786432,490544558,811153,6,8867813202,12884901888,8581597,1395051193,0,0,0,0,0,0,0,0,0,0,0,0,0,0,0,0,0,0,48337089,148233675,0,468,1202,7661,620,96675070,35,0,0,0,0,0,0,0,1,0,0,0,0,0,0,0,0,0,0,58182569,0,140455967,2354942,0,0,0,0,0,0,0,0,16384,0,0,0,0,0,0,0,0,0,0,0,7926,448,0,0,0,0,0,146943280,0,174,0,3,448,7926,0,0,0,0,0,0,0,0,0,0,0,0,0,0,0,0,0,0,0,0,0,0,0,0,0,0,0,0,0,0,0,0,0,0,0,0,0,0,0,0,0,0,0,0,0,0,0,0,0,0,0,0,0,0,738367309,0,0,0,1004132616,0,0,0,0,0,0,0,194484285,490426995,887597513,407281724928,156490253,1,0,0,0,0,0,0,0,0,0,0,0,0,0,0,0,0,0,0,0,0,0,0,0,0,0,0,0,0,0,0,2156,0,0,0,0,0,0,0
1782980332.889,0,0,0,0,0,0,0,1800918118,8034538785280,2844928995328,0,0,0,0,0,0,0,0,0,0,0,0,0,0,0,0,0,0,0,0,0,0,0,0,0,0,0,0,0,0,0,0,0,0,0,0,0,0,0,0,0,0,0,0,0,0,0,0,0,0,0,0,0,0,0,0,0,0,7,1952931,492607755,144098623,0,0,0,0,0,0,0,0,0,0,0,0,0,0,0,0,0,0,0,0,0,0,0,0,0,0,0,0,0,0,0,0,0,0,0,0,0,12878594048,5198987264,786047,317321,140483624,274,0,112,786432,490645359,811153,6,8869253799,12884901888,8598011,1395236385,0,0,0,0,0,0,0,0,0,0,0,0,0,0,0,0,0,0,48345592,148242174,0,468,1202,7661,620,96692082,35,0,0,0,0,0,0,0,1,0,0,0,0,0,0,0,0,0,0,58192184,0,140478769,2355234,0,0,0,0,0,0,0,0,16384,0,0,0,0,0,0,0,0,0,0,0,7927,448,0,0,0,0,0,146969111,0,174,0,3,448,7927,0,0,0,0,0,0,0,0,0,0,0,0,0,0,0,0,0,0,0,0,0,0,0,0,0,0,0,0,0,0,0,0,0,0,0,0,0,0,0,0,0,0,0,0,0,0,0,0,0,0,0,0,0,0,738496015,0,0,0,1004277141,0,0,0,0,0,0,0,194503441,490527369,887759911,407349332992,156500420,1,1,0,0,0,0,0,0,0,0,0,0,0,0,0,0,0,0,0,0,0,0,0,0,0,0,0,0,0,0,0,1789,0,0,0,0,0,0,0
1782980333.973,0,0,0,0,0,0,0,1801218227,8036261235200,2845486417408,0,0,0,0,0,0,0,0,0,0,0,0,0,0,0,0,0,0,0,0,0,0,0,0,0,0,0,0,0,0,0,0,0,0,0,0,0,0,0,0,0,0,0,0,0,0,0,0,0,0,0,0,0,0,0,0,0,0,7,1952983,492713599,144127702,0,0,0,0,0,0,0,0,0,0,0,0,0,0,0,0,0,0,0,0,0,0,0,0,0,0,0,0,0,0,0,0,0,0,0,0,0,12881297408,5204443136,786212,317654,140508642,123,0,96,786432,490750825,811153,6,8870756825,12884901888,8609591,1395430855,0,0,0,0,0,0,0,0,0,0,0,0,0,0,0,0,0,0,48354475,148251061,0,468,1202,7661,620,96709847,35,0,0,0,0,0,0,0,1,0,0,0,0,0,0,0,0,0,0,58202262,0,140503787,2355555,0,0,0,0,0,0,0,0,16384,0,0,0,0,0,0,0,0,0,0,0,7928,448,0,0,0,0,0,146996163,0,174,0,3,448,7928,0,0,0,0,0,0,0,0,0,0,0,0,0,0,0,0,0,0,0,0,0,0,0,0,0,0,0,0,0,0,0,0,0,0,0,0,0,0,0,0,0,0,0,0,0,0,0,0,0,0,0,0,0,0,738629898,0,0,0,1004428544,0,0,0,0,0,0,0,194521122,490632463,887926908,407419709440,156510182,1,0,0,0,0,0,0,0,0,0,0,0,0,0,0,0,0,0,0,0,0,0,0,0,0,0,0,0,0,0,0,856,0,0,0,0,0,0,0
1782980335.058,0,0,0,0,0,0,0,1801522649,8038009244160,2846055695872,0,0,0,0,0,0,0,0,0,0,0,0,0,0,0,0,0,0,0,0,0,0,0,0,0,0,0,0,0,0,0,0,0,0,0,0,0,0,0,0,0,0,0,0,0,0,0,0,0,0,0,0,0,0,0,0,0,0,7,1953041,492821126,144157568,0,0,0,0,0,0,0,0,0,0,0,0,0,0,0,0,0,0,0,0,0,0,0,0,0,0,0,0,0,0,0,0,0,0,0,0,0,12877709312,5205524480,785992,317720,140534921,341,0,97,786432,490857965,811153,6,8872280448,12884901888,8618047,1395625400,0,0,0,0,0,0,0,0,0,0,0,0,0,0,0,0,0,0,48363492,148260076,0,468,1202,7661,620,96727881,35,0,0,0,0,0,0,0,1,0,0,0,0,0,0,0,0,0,0,58212473,0,140530066,2355905,0,0,0,0,0,0,0,0,16384,0,0,0,0,0,0,0,0,0,0,0,7929,448,0,0,0,0,0,147023554,0,174,0,3,448,7929,0,0,0,0,0,0,0,0,0,0,0,0,0,0,0,0,0,0,0,0,0,0,0,0,0,0,0,0,0,0,0,0,0,0,0,0,0,0,0,0,0,0,0,0,0,0,0,0,0,0,0,0,0,0,738763391,0,0,0,1004581063,0,0,0,0,0,0,0,194539150,490739147,888093868,407489995264,156520352,1,0,0,0,0,0,0,0,0,0,0,0,0,0,0,0,0,0,0,0,0,0,0,0,0,0,0,0,0,0,0,982,0,0,0,0,0,0,0
1782980336.150,0,0,0,0,0,0,0,1801841906,8039833258496,2846647309312,0,0,0,0,0,0,0,0,0,0,0,0,0,0,0,0,0,0,0,0,0,0,0,0,0,0,0,0,0,0,0,0,0,0,0,0,0,0,0,0,0,0,0,0,0,0,0,0,0,0,0,0,0,0,0,0,0,0,7,1953099,492933235,144188455,0,0,0,0,0,0,0,0,0,0,0,0,0,0,0,0,0,0,0,0,0,0,0,0,0,0,0,0,0,0,0,0,0,0,0,0,0,12878561280,5212389376,786044,318139,140563032,290,0,99,786432,490969620,811153,6,8873877999,12884901888,8624878,1395829259,0,0,0,0,0,0,0,0,0,0,0,0,0,0,0,0,0,0,48372932,148269515,0,468,1202,7661,620,96746767,35,0,0,0,0,0,0,0,1,0,0,0,0,0,0,0,0,0,0,58223176,0,140558177,2356267,0,0,0,0,0,0,0,0,16384,0,0,0,0,0,0,0,0,0,0,0,7930,448,0,0,0,0,0,147052251,0,174,0,3,448,7930,0,0,0,0,0,0,0,0,0,0,0,0,0,0,0,0,0,0,0,0,0,0,0,0,0,0,0,0,0,0,0,0,0,0,0,0,0,0,0,0,0,0,0,0,0,0,0,0,0,0,0,0,0,0,738903060,0,0,0,1004740671,0,0,0,0,0,0,0,194555525,490850392,888267167,407563409408,156529794,1,0,0,0,0,0,0,0,0,0,0,0,0,0,0,0,0,0,0,0,0,0,0,0,0,0,0,0,0,0,0,1524,0,0,0,0,0,0,0
1782980337.238,0,0,0,0,0,0,0,1802161147,8041667348992,2847233623040,0,0,0,0,0,0,0,0,0,0,0,0,0,0,0,0,0,0,0,0,0,0,0,0,0,0,0,0,0,0,0,0,0,0,0,0,0,0,0,0,0,0,0,0,0,0,0,0,0,0,0,0,0,0,0,0,0,0,7,1953154,493046030,144219132,0,0,0,0,0,0,0,0,0,0,0,0,0,0,0,0,0,0,0,0,0,0,0,0,0,0,0,0,0,0,0,0,0,0,0,0,0,12880019456,5223350272,786134,318808,140591540,201,0,96,786432,491082021,811153,6,8875477382,12884901888,8629356,1396034827,0,0,0,0,0,0,0,0,0,0,0,0,0,0,0,0,0,0,48382385,148278970,0,468,1202,7661,620,96765676,35,0,0,0,0,0,0,0,1,0,0,0,0,0,0,0,0,0,0,58233903,0,140586685,2356639,0,0,0,0,0,0,0,0,16384,0,0,0,0,0,0,0,0,0,0,0,7931,448,0,0,0,0,0,147080971,0,174,0,3,448,7931,0,0,0,0,0,0,0,0,0,0,0,0,0,0,0,0,0,0,0,0,0,0,0,0,0,0,0,0,0,0,0,0,0,0,0,0,0,0,0,0,0,0,0,0,0,0,0,0,0,0,0,0,0,0,739043229,0,0,0,1004901405,0,0,0,0,0,0,0,194571753,490962375,888440274,407636961280,156539048,1,0,0,0,0,0,0,0,0,0,0,0,0,0,0,0,0,0,0,0,0,0,0,0,0,0,0,0,0,0,0,902,0,0,0,0,0,0,0
1782980338.324,0,0,0,0,0,0,0,1802477652,8043485448704,2847818769920,0,0,0,0,0,0,0,0,0,0,0,0,0,0,0,0,0,0,0,0,0,0,0,0,0,0,0,0,0,0,0,0,0,0,0,0,0,0,0,0,0,0,0,0,0,0,0,0,0,0,0,0,0,0,0,0,0,0,7,1953212,493157798,144249732,0,0,0,0,0,0,0,0,0,0,0,0,0,0,0,0,0,0,0,0,0,0,0,0,0,0,0,0,0,0,0,0,0,0,0,0,0,12880281600,5229838336,786151,319189,140619111,206,0,96,786432,491193350,811153,6,8877064303,12884901888,8636561,1396239039,0,0,0,0,0,0,0,0,0,0,0,0,0,0,0,0,0,0,48391765,148288346,0,468,1202,7661,620,96784432,35,0,0,0,0,0,0,0,1,0,0,0,0,0,0,0,0,0,0,58244543,0,140614186,2356997,0,0,0,0,0,0,0,0,16384,0,0,0,0,0,0,0,0,0,0,0,7932,448,0,0,0,0,0,147109499,0,174,0,3,448,7932,0,0,0,0,0,0,0,0,0,0,0,0,0,0,0,0,0,0,0,0,0,0,0,0,0,0,0,0,0,0,0,0,0,0,0,0,0,0,0,0,0,0,0,0,0,0,0,0,0,0,0,0,0,0,739182394,0,0,0,1005060810,0,0,0,0,0,0,0,194588402,491073249,888613107,407710021120,156548324,1,0,0,0,0,0,0,0,0,0,0,0,0,0,0,0,0,0,0,0,0,0,0,0,0,0,0,0,0,0,0,274,0,0,0,0,0,0,0
1782980339.414,0,0,0,0,0,0,0,1802790058,8045270682112,2848394556928,0,0,0,0,0,0,0,0,0,0,0,0,0,0,0,0,0,0,0,0,0,0,0,0,0,0,0,0,0,0,0,0,0,0,0,0,0,0,0,0,0,0,0,0,0,0,0,0,0,0,0,0,0,0,0,0,0,0,7,1953280,493267612,144279808,0,0,0,0,0,0,0,0,0,0,0,0,0,0,0,0,0,0,0,0,0,0,0,0,0,0,0,0,0,0,0,0,0,0,0,0,0,12883296256,5234491392,786333,319488,140646421,0,0,97,786432,491302818,811153,6,8878625278,12884901888,8642146,1396437185,0,0,0,0,0,0,0,0,0,0,0,0,0,0,0,0,0,0,48401010,148297599,0,468,1202,7661,620,96802913,35,0,0,0,0,0,0,0,1,0,0,0,0,0,0,0,0,0,0,58255037,0,140641496,2357354,0,0,0,0,0,0,0,0,16384,0,0,0,0,0,0,0,0,0,0,0,7933,448,0,0,0,0,0,147137646,0,174,0,3,448,7933,0,0,0,0,0,0,0,0,0,0,0,0,0,0,0,0,0,0,0,0,0,0,0,0,0,0,0,0,0,0,0,0,0,0,0,0,0,0,0,0,0,0,0,0,0,0,0,0,0,0,0,0,0,0,739318919,0,0,0,1005216696,0,0,0,0,0,0,0,194605185,491182166,888782413,407781885952,156557800,1,0,0,0,0,0,0,0,0,0,0,0,0,0,0,0,0,0,0,0,0,0,0,0,0,0,0,0,0,0,0,1019,0,0,0,0,0,0,0
1782980340.502,0,0,0,0,0,0,0,1803111434,8047116438016,2848986506240,0,0,0,0,0,0,0,0,0,0,0,0,0,0,0,0,0,0,0,0,0,0,0,0,0,0,0,0,0,0,0,0,0,0,0,0,0,0,0,0,0,0,0,0,0,0,0,0,0,0,0,0,0,0,0,0,0,0,7,1953350,493381067,144310688,0,0,0,0,0,0,0,0,0,0,0,0,0,0,0,0,0,0,0,0,0,0,0,0,0,0,0,0,0,0,0,0,0,0,0,0,0,12878413824,5243699200,786036,320051,140674917,298,0,96,786432,491415842,811153,6,8880233814,12884901888,8647619,1396642750,0,0,0,0,0,0,0,0,0,0,0,0,0,0,0,0,0,0,48410530,148307116,0,468,1202,7661,620,96821972,35,0,0,0,0,0,0,0,1,0,0,0,0,0,0,0,0,0,0,58265838,0,140669992,2357733,0,0,0,0,0,0,0,0,16384,0,0,0,0,0,0,0,0,0,0,0,7934,448,0,0,0,0,0,147166566,0,174,0,3,448,7934,0,0,0,0,0,0,0,0,0,0,0,0,0,0,0,0,0,0,0,0,0,0,0,0,0,0,0,0,0,0,0,0,0,0,0,0,0,0,0,0,0,0,0,0,0,0,0,0,0,0,0,0,0,0,739459443,0,0,0,1005377887,0,0,0,0,0,0,0,194621652,491294856,888956317,407855916544,156566864,1,1,0,0,0,0,0,0,0,0,0,0,0,0,0,0,0,0,0,0,0,0,0,0,0,0,0,0,0,0,0,1101,0,0,0,0,0,0,0
1782980341.590,0,0,0,0,0,0,0,1803431013,8048950020608,2849590353920,0,0,0,0,0,0,0,0,0,0,0,0,0,0,0,0,0,0,0,0,0,0,0,0,0,0,0,0,0,0,0,0,0,0,0,0,0,0,0,0,0,0,0,0,0,0,0,0,0,0,0,0,0,0,0,0,0,0,7,1953403,493493870,144342529,0,0,0,0,0,0,0,0,0,0,0,0,0,0,0,0,0,0,0,0,0,0,0,0,0,0,0,0,0,0,0,0,0,0,0,0,0,12881477632,5231624192,786223,319313,140703293,99,0,106,786432,491528199,811153,6,8881833557,12884901888,8653163,1396846726,0,0,0,0,0,0,0,0,0,0,0,0,0,0,0,0,0,0,48420010,148316596,0,468,1202,7661,620,96840923,35,0,0,0,0,0,0,0,1,0,0,0,0,0,0,0,0,0,0,58276607,0,140699392,2358116,0,0,0,0,0,0,0,0,16384,0,0,0,0,0,0,0,0,0,0,0,7936,448,0,0,0,0,0,147195407,0,174,0,3,448,7936,0,0,0,0,0,0,0,0,0,0,0,0,0,0,0,0,0,0,0,0,0,0,0,0,0,0,0,0,0,0,0,0,0,0,0,0,0,0,0,0,0,0,0,0,0,0,0,0,0,0,0,0,0,0,739597003,0,0,0,1005538345,0,0,0,0,0,0,0,194638679,491406729,889128235,407928208896,156576469,1,0,0,0,0,0,0,0,0,0,0,0,0,0,0,0,0,0,0,0,0,0,0,0,0,0,0,0,0,0,0,1074,0,0,0,0,0,0,0
1782980342.675,0,0,0,0,0,0,0,1803744796,8050749262336,2850192328192,0,0,0,0,0,0,0,0,0,0,0,0,0,0,0,0,0,0,0,0,0,0,0,0,0,0,0,0,0,0,0,0,0,0,0,0,0,0,0,0,0,0,0,0,0,0,0,0,0,0,0,0,0,0,0,0,0,0,7,1953459,493604466,144374160,0,0,0,0,0,0,0,0,0,0,0,0,0,0,0,0,0,0,0,0,0,0,0,0,0,0,0,0,0,0,0,0,0,0,0,0,0,12883296256,5215502336,786334,318329,140730581,1,0,97,786432,491638390,811153,6,8883404696,12884901888,8659002,1397047133,0,0,0,0,0,0,0,0,0,0,0,0,0,0,0,0,0,0,48429305,148325895,0,468,1202,7661,620,96859520,35,0,0,0,0,0,0,0,1,0,0,0,0,0,0,0,0,0,0,58287149,0,140727776,2358483,0,0,0,0,0,0,0,0,16384,0,0,0,0,0,0,0,0,0,0,0,7937,448,0,0,0,0,0,147223663,0,174,0,3,448,7937,0,0,0,0,0,0,0,0,0,0,0,0,0,0,0,0,0,0,0,0,0,0,0,0,0,0,0,0,0,0,0,0,0,0,0,0,0,0,0,0,0,0,0,0,0,0,0,0,0,0,0,0,0,0,739735518,0,0,0,1005696143,0,0,0,0,0,0,0,194655432,491516541,889301306,408000904192,156585737,1,0,0,0,0,0,0,0,0,0,0,0,0,0,0,0,0,0,0,0,0,0,0,0,0,0,0,0,0,0,0,902,0,0,0,0,0,0,0
1782980343.755,0,0,0,0,0,0,0,1804043679,8052468091392,2850781625856,0,0,0,0,0,0,0,0,0,0,0,0,0,0,0,0,0,0,0,0,0,0,0,0,0,0,0,0,0,0,0,0,0,0,0,0,0,0,0,0,0,0,0,0,0,0,0,0,0,0,0,0,0,0,0,0,0,0,7,1953507,493710163,144405123,0,0,0,0,0,0,0,0,0,0,0,0,0,0,0,0,0,0,0,0,0,0,0,0,0,0,0,0,0,0,0,0,0,0,0,0,0,12882034688,5186502656,786255,316559,140755772,73,0,104,786432,491743729,811153,6,8884899303,12884901888,8669062,1397237362,0,0,0,0,0,0,0,0,0,0,0,0,0,0,0,0,0,0,48438155,148334746,0,468,1202,7661,620,96877211,35,0,0,0,0,0,0,0,1,0,0,0,0,0,0,0,0,0,0,58297183,0,140754943,2358828,0,0,0,0,0,0,0,0,16384,0,0,0,0,0,0,0,0,0,0,0,7938,448,0,0,0,0,0,147250554,0,174,0,3,448,7938,0,0,0,0,0,0,0,0,0,0,0,0,0,0,0,0,0,0,0,0,0,0,0,0,0,0,0,0,0,0,0,0,0,0,0,0,0,0,0,0,0,0,0,0,0,0,0,0,0,0,0,0,0,0,739866905,0,0,0,1005845797,0,0,0,0,0,0,0,194673679,491621389,889467710,408069940736,156595926,1,1,0,0,0,0,0,0,0,0,0,0,0,0,0,0,0,0,0,0,0,0,0,0,0,0,0,0,0,0,0,1258,0,0,0,0,0,0,0
1782980344.841,0,0,0,0,0,0,0,1804364574,8054308047360,2851369649152,0,0,0,0,0,0,0,0,0,0,0,0,0,0,0,0,0,0,0,0,0,0,0,0,0,0,0,0,0,0,0,0,0,0,0,0,0,0,0,0,0,0,0,0,0,0,0,0,0,0,0,0,0,0,0,0,0,0,7,1953561,493823296,144436129,0,0,0,0,0,0,0,0,0,0,0,0,0,0,0,0,0,0,0,0,0,0,0,0,0,0,0,0,0,0,0,0,0,0,0,0,0,12881444864,5192286208,786221,316912,140788015,113,0,96,786432,491856431,811153,6,8886502471,12884901888,8676576,1397438799,0,0,0,0,0,0,0,0,0,0,0,0,0,0,0,0,0,0,48447663,148344251,0,468,1202,7661,620,96896232,35,0,0,0,0,0,0,0,1,0,0,0,0,0,0,0,0,0,0,58307973,0,140783090,2359211,0,0,0,0,0,0,0,0,16384,0,0,0,0,0,0,0,0,0,0,0,7939,448,0,0,0,0,0,147279426,0,174,0,3,448,7939,0,0,0,0,0,0,0,0,0,0,0,0,0,0,0,0,0,0,0,0,0,0,0,0,0,0,0,0,0,0,0,0,0,0,0,0,0,0,0,0,0,0,0,0,0,0,0,0,0,0,0,0,0,0,740005487,0,0,0,1006005520,0,0,0,0,0,0,0,194692135,491733733,889640193,408142542848,156606411,1,1,0,0,0,0,0,0,0,0,0,0,0,0,0,0,0,0,0,0,0,0,0,0,0,0,0,0,0,0,0,2560,0,0,0,0,0,0,0
1782980345.930,0,0,0,0,0,0,0,1804686757,8056155195904,2851963607040,0,0,0,0,0,0,0,0,0,0,0,0,0,0,0,0,0,0,0,0,0,0,0,0,0,0,0,0,0,0,0,0,0,0,0,0,0,0,0,0,0,0,0,0,0,0,0,0,0,0,0,0,0,0,0,0,0,0,7,1953629,493936898,144467243,0,0,0,0,0,0,0,0,0,0,0,0,0,0,0,0,0,0,0,0,0,0,0,0,0,0,0,0,0,0,0,0,0,0,0,0,0,12878020608,5193170944,786013,316966,140815935,323,0,98,786432,491969629,811153,6,8888116980,12884901888,8682647,1397646501,0,0,0,0,0,0,0,0,0,0,0,0,0,0,0,0,0,0,48457213,148353803,0,468,1202,7661,620,96915336,35,0,0,0,0,0,0,0,1,0,0,0,0,0,0,0,0,0,0,58318830,0,140811031,2359581,0,0,0,0,0,0,0,0,16384,0,0,0,0,0,0,0,0,0,0,0,7940,448,0,0,0,0,0,147308501,0,174,0,3,448,7940,0,0,0,0,0,0,0,0,0,0,0,0,0,0,0,0,0,0,0,0,0,0,0,0,0,0,0,0,0,0,0,0,0,0,0,0,0,0,0,0,0,0,0,0,0,0,0,0,0,0,0,0,0,0,740146258,0,0,0,1006167929,0,0,0,0,0,0,0,194710926,491846527,889815305,408216522240,156617205,1,1,0,0,0,0,0,0,0,0,0,0,0,0,0,0,0,0,0,0,0,0,0,0,0,0,0,0,0,0,0,1889,0,0,0,0,0,0,0
1782980347.021,0,0,0,0,0,0,0,1805020150,8058065881600,2852573285888,0,0,0,0,0,0,0,0,0,0,0,0,0,0,0,0,0,0,0,0,0,0,0,0,0,0,0,0,0,0,0,0,0,0,0,0,0,0,0,0,0,0,0,0,0,0,0,0,0,0,0,0,0,0,0,0,0,0,7,1953689,494054372,144499178,0,0,0,0,0,0,0,0,0,0,0,0,0,0,0,0,0,0,0,0,0,0,0,0,0,0,0,0,0,0,0,0,0,0,0,0,0,12878970880,5201330176,786069,317464,140845395,256,0,107,786432,492086658,811153,6,8889787984,12884901888,8687373,1397860546,0,0,0,0,0,0,0,0,0,0,0,0,0,0,0,0,0,0,48467116,148363706,0,468,1202,7661,620,96935136,35,0,0,0,0,0,0,0,1,0,0,0,0,0,0,0,0,0,0,58330056,0,140840470,2359964,0,0,0,0,0,0,0,0,16384,0,0,0,0,0,0,0,0,0,0,0,7941,448,0,0,0,0,0,147338567,0,174,0,3,448,7941,0,0,0,0,0,0,0,0,0,0,0,0,0,0,0,0,0,0,0,0,0,0,0,0,0,0,0,0,0,0,0,0,0,0,0,0,0,0,0,0,0,0,0,0,0,0,0,0,0,0,0,0,0,0,740289551,0,0,0,1006336021,0,0,0,0,0,0,0,194729656,491963092,889993010,408291756032,156628376,1,0,0,0,0,0,0,0,0,0,0,0,0,0,0,0,0,0,0,0,0,0,0,0,0,0,0,0,0,0,0,1218,0,0,0,0,0,0,0
1782980348.110,0,0,0,0,0,0,0,1805350907,8059954596352,2853172593664,0,0,0,0,0,0,0,0,0,0,0,0,0,0,0,0,0,0,0,0,0,0,0,0,0,0,0,0,0,0,0,0,0,0,0,0,0,0,0,0,0,0,0,0,0,0,0,0,0,0,0,0,0,0,0,0,0,0,7,1953741,494170505,144530587,0,0,0,0,0,0,0,0,0,0,0,0,0,0,0,0,0,0,0,0,0,0,0,0,0,0,0,0,0,0,0,0,0,0,0,0,0,12880101376,5212454912,786138,318143,140874621,194,0,97,786432,492202374,811153,6,8891442215,12884901888,8691836,1398070926,0,0,0,0,0,0,0,0,0,0,0,0,0,0,0,0,0,0,48476921,148373513,0,468,1202,7661,620,96954750,35,0,0,0,0,0,0,0,1,0,0,0,0,0,0,0,0,0,0,58341223,0,140869696,2360342,0,0,0,0,0,0,0,0,16384,0,0,0,0,0,0,0,0,0,0,0,7942,448,0,0,0,0,0,147368368,0,174,0,3,448,7942,0,0,0,0,0,0,0,0,0,0,0,0,0,0,0,0,0,0,0,0,0,0,0,0,0,0,0,0,0,0,0,0,0,0,0,0,0,0,0,0,0,0,0,0,0,0,0,0,0,0,0,0,0,0,740429741,0,0,0,1006501930,0,0,0,0,0,0,0,194748104,492078413,890166876,408365554176,156639774,1,0,0,0,0,0,0,0,0,0,0,0,0,0,0,0,0,0,0,0,0,0,0,0,0,0,0,0,0,0,0,1545,0,0,0,0,0,0,0
1782980349.201,0,0,0,0,0,0,0,1805669647,8061778250240,2853757504000,0,0,0,0,0,0,0,0,0,0,0,0,0,0,0,0,0,0,0,0,0,0,0,0,0,0,0,0,0,0,0,0,0,0,0,0,0,0,0,0,0,0,0,0,0,0,0,0,0,0,0,0,0,0,0,0,0,0,7,1953806,494282715,144561197,0,0,0,0,0,0,0,0,0,0,0,0,0,0,0,0,0,0,0,0,0,0,0,0,0,0,0,0,0,0,0,0,0,0,0,0,0,12879708160,5221548032,786114,318698,140902046,205,0,111,786432,492314166,811153,6,8893040850,12884901888,8699422,1398276938,0,0,0,0,0,0,0,0,0,0,0,0,0,0,0,0,0,0,48486368,148382958,0,468,1202,7661,620,96973647,35,0,0,0,0,0,0,0,1,0,0,0,0,0,0,0,0,0,0,58351946,0,140897121,2360705,0,0,0,0,0,0,0,0,16384,0,0,0,0,0,0,0,0,0,0,0,7943,448,0,0,0,0,0,147397104,0,174,0,3,448,7943,0,0,0,0,0,0,0,0,0,0,0,0,0,0,0,0,0,0,0,0,0,0,0,0,0,0,0,0,0,0,0,0,0,0,0,0,0,0,0,0,0,0,0,0,0,0,0,0,0,0,0,0,0,0,740568149,0,0,0,1006662638,0,0,0,0,0,0,0,194767571,492189682,890339075,408438414336,156651376,1,0,0,0,0,0,0,0,0,0,0,0,0,0,0,0,0,0,0,0,0,0,0,0,0,0,0,0,0,0,0,888,0,0,0,0,0,0,0
1782980350.285,0,0,0,0,0,0,0,1805992071,8063625169408,2854346663424,0,0,0,0,0,0,0,0,0,0,0,0,0,0,0,0,0,0,0,0,0,0,0,0,0,0,0,0,0,0,0,0,0,0,0,0,0,0,0,0,0,0,0,0,0,0,0,0,0,0,0,0,0,0,0,0,0,0,7,1953858,494396291,144592023,0,0,0,0,0,0,0,0,0,0,0,0,0,0,0,0,0,0,0,0,0,0,0,0,0,0,0,0,0,0,0,0,0,0,0,0,0,12880035840,5233508352,786134,319428,140929385,200,0,97,786432,492427342,811153,6,8894653776,12884901888,8707760,1398482678,0,0,0,0,0,0,0,0,0,0,0,0,0,0,0,0,0,0,48495915,148392507,0,468,1202,7661,620,96992752,35,0,0,0,0,0,0,0,1,0,0,0,0,0,0,0,0,0,0,58362785,0,140924460,2361073,0,0,0,0,0,0,0,0,16384,0,0,0,0,0,0,0,0,0,0,0,7944,448,0,0,0,0,0,147426103,0,174,0,3,448,7944,0,0,0,0,0,0,0,0,0,0,0,0,0,0,0,0,0,0,0,0,0,0,0,0,0,0,0,0,0,0,0,0,0,0,0,0,0,0,0,0,0,0,0,0,0,0,0,0,0,0,0,0,0,0,740706975,0,0,0,1006824365,0,0,0,0,0,0,0,194787760,492302426,890512202,408511383040,156663161,1,0,0,0,0,0,0,0,0,0,0,0,0,0,0,0,0,0,0,0,0,0,0,0,0,0,0,0,0,0,0,864,0,0,0,0,0,0,0
1782980351.373,0,0,0,0,0,0,0,1806315678,8065484163584,2854944219648,0,0,0,0,0,0,0,0,0,0,0,0,0,0,0,0,0,0,0,0,0,0,0,0,0,0,0,0,0,0,0,0,0,0,0,0,0,0,0,0,0,0,0,0,0,0,0,0,0,0,0,0,0,0,0,0,0,0,7,1953909,494510623,144623423,0,0,0,0,0,0,0,0,0,0,0,0,0,0,0,0,0,0,0,0,0,0,0,0,0,0,0,0,0,0,0,0,0,0,0,0,0,12882231296,5234409472,786267,319483,140957612,63,0,100,786432,492541252,811153,6,8896273367,12884901888,8714594,1398688321,0,0,0,0,0,0,0,0,0,0,0,0,0,0,0,0,0,0,48505526,148402117,0,468,1202,7661,620,97011963,35,0,0,0,0,0,0,0,1,0,0,0,0,0,0,0,0,0,0,58373716,0,140952831,2361443,0,0,0,0,0,0,0,0,16384,0,0,0,0,0,0,0,0,0,0,0,7945,448,0,0,0,0,0,147455358,0,174,0,3,448,7945,0,0,0,0,0,0,0,0,0,0,0,0,0,0,0,0,0,0,0,0,0,0,0,0,0,0,0,0,0,0,0,0,0,0,0,0,0,0,0,0,0,0,0,0,0,0,0,0,0,0,0,0,0,0,740844183,0,0,0,1006986445,0,0,0,0,0,0,0,194807213,492415834,890683916,408583412736,156674742,1,0,0,0,0,0,0,0,0,0,0,0,0,0,0,0,0,0,0,0,0,0,0,0,0,0,0,0,0,0,0,1195,0,0,0,0,0,0,0
1782980352.463,0,0,0,0,0,0,0,1806627461,8067264006656,2855518270464,0,0,0,0,0,0,0,0,0,0,0,0,0,0,0,0,0,0,0,0,0,0,0,0,0,0,0,0,0,0,0,0,0,0,0,0,0,0,0,0,0,0,0,0,0,0,0,0,0,0,0,0,0,0,0,0,0,0,7,1953957,494620102,144653465,0,0,0,0,0,0,0,0,0,0,0,0,0,0,0,0,0,0,0,0,0,0,0,0,0,0,0,0,0,0,0,0,0,0,0,0,0,12879790080,5236801536,786120,319629,140983661,215,0,96,786432,492650346,811153,6,8897835302,12884901888,8725993,1398888538,0,0,0,0,0,0,0,0,0,0,0,0,0,0,0,0,0,0,48514745,148411337,0,468,1202,7661,620,97030412,35,0,0,0,0,0,0,0,1,0,0,0,0,0,0,0,0,0,0,58384174,0,140978736,2361786,0,0,0,0,0,0,0,0,16384,0,0,0,0,0,0,0,0,0,0,0,7946,448,0,0,0,0,0,147483382,0,174,0,3,448,7946,0,0,0,0,0,0,0,0,0,0,0,0,0,0,0,0,0,0,0,0,0,0,0,0,0,0,0,0,0,0,0,0,0,0,0,0,0,0,0,0,0,0,0,0,0,0,0,0,0,0,0,0,0,0,740979274,0,0,0,1007143397,0,0,0,0,0,0,0,194827741,492524413,890853163,408654361088,156686662,1,0,0,0,0,0,0,0,0,0,0,0,0,0,0,0,0,0,0,0,0,0,0,0,0,0,0,0,0,0,0,769,0,0,0,0,0,0,0
1782980353.550,0,0,0,0,0,0,0,1806955354,8069141268992,2856126606336,0,0,0,0,0,0,0,0,0,0,0,0,0,0,0,0,0,0,0,0,0,0,0,0,0,0,0,0,0,0,0,0,0,0,0,0,0,0,0,0,0,0,0,0,0,0,0,0,0,0,0,0,0,0,0,0,0,0,7,1954013,494735575,144685402,0,0,0,0,0,0,0,0,0,0,0,0,0,0,0,0,0,0,0,0,0,0,0,0,0,0,0,0,0,0,0,0,0,0,0,0,0,12883165184,5238325248,786326,319722,141012557,0,0,106,786432,492765382,811153,6,8899476178,12884901888,8730929,1399097255,0,0,0,0,0,0,0,0,0,0,0,0,0,0,0,0,0,0,48524482,148421074,0,468,1202,7661,620,97049874,35,0,0,0,0,0,0,0,1,0,0,0,0,0,0,0,0,0,0,58395229,0,141008042,2362164,0,0,0,0,0,0,0,0,16384,0,0,0,0,0,0,0,0,0,0,0,7947,448,0,0,0,0,0,147512984,0,174,0,3,448,7947,0,0,0,0,0,0,0,0,0,0,0,0,0,0,0,0,0,0,0,0,0,0,0,0,0,0,0,0,0,0,0,0,0,0,0,0,0,0,0,0,0,0,0,0,0,0,0,0,0,0,0,0,0,0,741120195,0,0,0,1007307950,0,0,0,0,0,0,0,194846040,492639001,891028444,408728346112,156697435,1,0,0,0,0,0,0,0,0,0,0,0,0,0,0,0,0,0,0,0,0,0,0,0,0,0,0,0,0,0,0,951,0,0,0,0,0,0,0
1782980354.641,0,0,0,0,0,0,0,1807279873,8071003802112,2856745400832,0,0,0,0,0,0,0,0,0,0,0,0,0,0,0,0,0,0,0,0,0,0,0,0,0,0,0,0,0,0,0,0,0,0,0,0,0,0,0,0,0,0,0,0,0,0,0,0,0,0,0,0,0,0,0,0,0,0,7,1954077,494850149,144717925,0,0,0,0,0,0,0,0,0,0,0,0,0,0,0,0,0,0,0,0,0,0,0,0,0,0,0,0,0,0,0,0,0,0,0,0,0,12883214336,5227593728,786329,319067,141040733,4,0,97,786432,492879513,811153,6,8901100008,12884901888,8737895,1399303910,0,0,0,0,0,0,0,0,0,0,0,0,0,0,0,0,0,0,48534106,148430694,0,468,1202,7661,620,97069118,35,0,0,0,0,0,0,0,1,0,0,0,0,0,0,0,0,0,0,58406145,0,141037856,2362544,0,0,0,0,0,0,0,0,16384,0,0,0,0,0,0,0,0,0,0,0,7949,448,0,0,0,0,0,147542206,0,174,0,3,448,7949,0,0,0,0,0,0,0,0,0,0,0,0,0,0,0,0,0,0,0,0,0,0,0,0,0,0,0,0,0,0,0,0,0,0,0,0,0,0,0,0,0,0,0,0,0,0,0,0,0,0,0,0,0,0,741259636,0,0,0,1007470583,0,0,0,0,0,0,0,194864527,492752657,891203362,408801608192,156708104,1,0,0,0,0,0,0,0,0,0,0,0,0,0,0,0,0,0,0,0,0,0,0,0,0,0,0,0,0,0,0,1200,0,0,0,0,0,0,0
1782980355.724,0,0,0,0,0,0,0,1807600450,8072844151296,2857361231872,0,0,0,0,0,0,0,0,0,0,0,0,0,0,0,0,0,0,0,0,0,0,0,0,0,0,0,0,0,0,0,0,0,0,0,0,0,0,0,0,0,0,0,0,0,0,0,0,0,0,0,0,0,0,0,0,0,0,7,1954137,494963305,144750509,0,0,0,0,0,0,0,0,0,0,0,0,0,0,0,0,0,0,0,0,0,0,0,0,0,0,0,0,0,0,0,0,0,0,0,0,0,12883083264,5205344256,786321,317709,141068215,1,0,109,786432,492992244,811153,6,8902705862,12884901888,8745495,1399509378,0,0,0,0,0,0,0,0,0,0,0,0,0,0,0,0,0,0,48543618,148440208,0,468,1202,7661,620,97088141,35,0,0,0,0,0,0,0,1,0,0,0,0,0,0,0,0,0,0,58416936,0,141067258,2362921,0,0,0,0,0,0,0,0,16384,0,0,0,0,0,0,0,0,0,0,0,7950,448,0,0,0,0,0,147571107,0,174,0,3,448,7950,0,0,0,0,0,0,0,0,0,0,0,0,0,0,0,0,0,0,0,0,0,0,0,0,0,0,0,0,0,0,0,0,0,0,0,0,0,0,0,0,0,0,0,0,0,0,0,0,0,0,0,0,0,0,741398280,0,0,0,1007631822,0,0,0,0,0,0,0,194883798,492864931,891377787,408874396160,156719167,1,0,0,0,0,0,0,0,0,0,0,0,0,0,0,0,0,0,0,0,0,0,0,0,0,0,0,0,0,0,0,955,0,0,0,0,0,0,0
1782980356.805,0,0,0,0,0,0,0,1807919918,8074669214208,2857961777152,0,0,0,0,0,0,0,0,0,0,0,0,0,0,0,0,0,0,0,0,0,0,0,0,0,0,0,0,0,0,0,0,0,0,0,0,0,0,0,0,0,0,0,0,0,0,0,0,0,0,0,0,0,0,0,0,0,0,7,1954191,495075540,144782088,0,0,0,0,0,0,0,0,0,0,0,0,0,0,0,0,0,0,0,0,0,0,0,0,0,0,0,0,0,0,0,0,0,0,0,0,0,12878430208,5194399744,786038,317041,141100097,289,0,105,786432,493104099,811153,6,8904306908,12884901888,8753652,1399714443,0,0,0,0,0,0,0,0,0,0,0,0,0,0,0,0,0,0,48553080,148449672,0,468,1202,7661,620,97107071,35,0,0,0,0,0,0,0,1,0,0,0,0,0,0,0,0,0,0,58427685,0,141095203,2363282,0,0,0,0,0,0,0,0,16384,0,0,0,0,0,0,0,0,0,0,0,7951,448,0,0,0,0,0,147599874,0,174,0,3,448,7951,0,0,0,0,0,0,0,0,0,0,0,0,0,0,0,0,0,0,0,0,0,0,0,0,0,0,0,0,0,0,0,0,0,0,0,0,0,0,0,0,0,0,0,0,0,0,0,0,0,0,0,0,0,0,741535948,0,0,0,1007792954,0,0,0,0,0,0,0,194904015,492976295,891550686,408946573312,156730969,1,0,0,0,0,0,0,0,0,0,0,0,0,0,0,0,0,0,0,0,0,0,0,0,0,0,0,0,0,0,0,305,0,0,0,0,0,0,0
1782980357.892,0,0,0,0,0,0,0,1808218000,8076377377280,2858511939584,0,0,0,0,0,0,0,0,0,0,0,0,0,0,0,0,0,0,0,0,0,0,0,0,0,0,0,0,0,0,0,0,0,0,0,0,0,0,0,0,0,0,0,0,0,0,0,0,0,0,0,0,0,0,0,0,0,0,7,1954246,495180638,144810916,0,0,0,0,0,0,0,0,0,0,0,0,0,0,0,0,0,0,0,0,0,0,0,0,0,0,0,0,0,0,0,0,0,0,0,0,0,12879560704,5196972032,786106,317197,141123780,210,0,116,786432,493208846,811153,6,8905795227,12884901888,8768963,1399901737,0,0,0,0,0,0,0,0,0,0,0,0,0,0,0,0,0,0,48561911,148458498,0,468,1202,7661,620,97124745,35,0,0,0,0,0,0,0,1,0,0,0,0,0,0,0,0,0,0,58437677,0,141118855,2363598,0,0,0,0,0,0,0,0,16384,0,0,0,0,0,0,0,0,0,0,0,7952,448,0,0,0,0,0,147626723,0,174,0,3,448,7952,0,0,0,0,0,0,0,0,0,0,0,0,0,0,0,0,0,0,0,0,0,0,0,0,0,0,0,0,0,0,0,0,0,0,0,0,0,0,0,0,0,0,0,0,0,0,0,0,0,0,0,0,0,0,741665539,0,0,0,1007941587,0,0,0,0,0,0,0,194925804,493080559,891714248,409014587392,156743590,1,1,0,0,0,0,0,0,0,0,0,0,0,0,0,0,0,0,0,0,0,0,0,0,0,0,0,0,0,0,0,1256,0,0,0,0,0,0,0
1782980358.977,0,0,0,0,0,0,0,1808529136,8078157203968,2859085635584,0,0,0,0,0,0,0,0,0,0,0,0,0,0,0,0,0,0,0,0,0,0,0,0,0,0,0,0,0,0,0,0,0,0,0,0,0,0,0,0,0,0,0,0,0,0,0,0,0,0,0,0,0,0,0,0,0,0,7,1954302,495290059,144841002,0,0,0,0,0,0,0,0,0,0,0,0,0,0,0,0,0,0,0,0,0,0,0,0,0,0,0,0,0,0,0,0,0,0,0,0,0,12878118912,5199986688,786017,317382,141150114,315,0,99,786432,493317856,811153,6,8907350677,12884901888,8778945,1400099245,0,0,0,0,0,0,0,0,0,0,0,0,0,0,0,0,0,0,48571125,148467716,0,468,1202,7661,620,97143157,35,0,0,0,0,0,0,0,1,0,0,0,0,0,0,0,0,0,0,58448124,0,141145189,2363945,0,0,0,0,0,0,0,0,16384,0,0,0,0,0,0,0,0,0,0,0,7953,448,0,0,0,0,0,147654737,0,174,0,3,448,7953,0,0,0,0,0,0,0,0,0,0,0,0,0,0,0,0,0,0,0,0,0,0,0,0,0,0,0,0,0,0,0,0,0,0,0,0,0,0,0,0,0,0,0,0,0,0,0,0,0,0,0,0,0,0,741799749,0,0,0,1008097352,0,0,0,0,0,0,0,194945995,493189108,891882293,409084989440,156755618,1,1,0,0,0,0,0,0,0,0,0,0,0,0,0,0,0,0,0,0,0,0,0,0,0,0,0,0,0,0,0,1680,0,0,0,0,0,0,0
1782980360.062,0,0,0,0,0,0,0,1808831205,8079882652160,2859642347520,0,0,0,0,0,0,0,0,0,0,0,0,0,0,0,0,0,0,0,0,0,0,0,0,0,0,0,0,0,0,0,0,0,0,0,0,0,0,0,0,0,0,0,0,0,0,0,0,0,0,0,0,0,0,0,0,0,0,7,1954367,495396177,144870072,0,0,0,0,0,0,0,0,0,0,0,0,0,0,0,0,0,0,0,0,0,0,0,0,0,0,0,0,0,0,0,0,0,0,0,0,0,12879691776,5207932928,786115,317867,141174476,223,0,98,786432,493423577,811153,6,8908865013,12884901888,8792453,1400295066,0,0,0,0,0,0,0,0,0,0,0,0,0,0,0,0,0,0,48580076,148476667,0,468,1202,7661,620,97161058,35,0,0,0,0,0,0,0,1,0,0,0,0,0,0,0,0,0,0,58458266,0,141169551,2364276,0,0,0,0,0,0,0,0,16384,0,0,0,0,0,0,0,0,0,0,0,7954,448,0,0,0,0,0,147681944,0,174,0,3,448,7954,0,0,0,0,0,0,0,0,0,0,0,0,0,0,0,0,0,0,0,0,0,0,0,0,0,0,0,0,0,0,0,0,0,0,0,0,0,0,0,0,0,0,0,0,0,0,0,0,0,0,0,0,0,0,741932187,0,0,0,1008250264,0,0,0,0,0,0,0,194967948,493294378,892048486,409154582016,156768608,1,0,0,0,0,0,0,0,0,0,0,0,0,0,0,0,0,0,0,0,0,0,0,0,0,0,0,0,0,0,0,401,0,0,0,0,0,0,0
1782980361.148,0,0,0,0,0,0,0,1809155327,8081738779136,2860239709184,0,0,0,0,0,0,0,0,0,0,0,0,0,0,0,0,0,0,0,0,0,0,0,0,0,0,0,0,0,0,0,0,0,0,0,0,0,0,0,0,0,0,0,0,0,0,0,0,0,0,0,0,0,0,0,0,0,0,7,1954419,495510384,144901444,0,0,0,0,0,0,0,0,0,0,0,0,0,0,0,0,0,0,0,0,0,0,0,0,0,0,0,0,0,0,0,0,0,0,0,0,0,12878249984,5212274688,786026,318132,141203074,310,0,98,786432,493537365,811153,6,8910485753,12884901888,8798908,1400500031,0,0,0,0,0,0,0,0,0,0,0,0,0,0,0,0,0,0,48589695,148486284,0,468,1202,7661,620,97180295,35,0,0,0,0,0,0,0,1,0,0,0,0,0,0,0,0,0,0,58469182,0,141198149,2364646,0,0,0,0,0,0,0,0,16384,0,0,0,0,0,0,0,0,0,0,0,7955,448,0,0,0,0,0,147711198,0,174,0,3,448,7955,0,0,0,0,0,0,0,0,0,0,0,0,0,0,0,0,0,0,0,0,0,0,0,0,0,0,0,0,0,0,0,0,0,0,0,0,0,0,0,0,0,0,0,0,0,0,0,0,0,0,0,0,0,0,742070559,0,0,0,1008412460,0,0,0,0,0,0,0,194986459,493407664,892221032,409227196416,156779620,1,0,0,0,0,0,0,0,0,0,0,0,0,0,0,0,0,0,0,0,0,0,0,0,0,0,0,0,0,0,0,1046,0,0,0,0,0,0,0
1782980362.236,0,0,0,0,0,0,0,1809460487,8083480693248,2860800394752,0,0,0,0,0,0,0,0,0,0,0,0,0,0,0,0,0,0,0,0,0,0,0,0,0,0,0,0,0,0,0,0,0,0,0,0,0,0,0,0,0,0,0,0,0,0,0,0,0,0,0,0,0,0,0,0,0,0,7,1954478,495617447,144930760,0,0,0,0,0,0,0,0,0,0,0,0,0,0,0,0,0,0,0,0,0,0,0,0,0,0,0,0,0,0,0,0,0,0,0,0,0,12880248832,5215059968,786150,318302,141227931,187,0,98,786432,493644019,811153,6,8912011053,12884901888,8810261,1400693837,0,0,0,0,0,0,0,0,0,0,0,0,0,0,0,0,0,0,48598739,148495329,0,468,1202,7661,620,97198383,35,0,0,0,0,0,0,0,1,0,0,0,0,0,0,0,0,0,0,58479449,0,141223006,2364975,0,0,0,0,0,0,0,0,16384,0,0,0,0,0,0,0,0,0,0,0,7956,448,0,0,0,0,0,147738744,0,174,0,3,448,7956,0,0,0,0,0,0,0,0,0,0,0,0,0,0,0,0,0,0,0,0,0,0,0,0,0,0,0,0,0,0,0,0,0,0,0,0,0,0,0,0,0,0,0,0,0,0,0,0,0,0,0,0,0,0,742203885,0,0,0,1008565514,0,0,0,0,0,0,0,195006671,493513914,892388133,409297006080,156791181,1,0,0,0,0,0,0,0,0,0,0,0,0,0,0,0,0,0,0,0,0,0,0,0,0,0,0,0,0,0,0,1287,0,0,0,0,0,0,0
1782980363.325,0,0,0,0,0,0,0,1809769502,8085253294592,2861372405760,0,0,0,0,0,0,0,0,0,0,0,0,0,0,0,0,0,0,0,0,0,0,0,0,0,0,0,0,0,0,0,0,0,0,0,0,0,0,0,0,0,0,0,0,0,0,0,0,0,0,0,0,0,0,0,0,0,0,7,1954521,495726532,144960739,0,0,0,0,0,0,0,0,0,0,0,0,0,0,0,0,0,0,0,0,0,0,0,0,0,0,0,0,0,0,0,0,0,0,0,0,0,12880445440,5217992704,786160,318481,141253750,146,0,125,786432,493752721,811153,6,8913557305,12884901888,8820958,1400890267,0,0,0,0,0,0,0,0,0,0,0,0,0,0,0,0,0,0,48607913,148504501,0,468,1202,7661,620,97216739,35,0,0,0,0,0,0,0,1,0,0,0,0,0,0,0,0,0,0,58489855,0,141248825,2365309,0,0,0,0,0,0,0,0,16384,0,0,0,0,0,0,0,0,0,0,0,7957,448,0,0,0,0,0,147766602,0,174,0,3,448,7957,0,0,0,0,0,0,0,0,0,0,0,0,0,0,0,0,0,0,0,0,0,0,0,0,0,0,0,0,0,0,0,0,0,0,0,0,0,0,0,0,0,0,0,0,0,0,0,0,0,0,0,0,0,0,742337474,0,0,0,1008720750,0,0,0,0,0,0,0,195025873,493622065,892555867,409366954496,156802026,1,1,0,0,0,0,0,0,0,0,0,0,0,0,0,0,0,0,0,0,0,0,0,0,0,0,0,0,0,0,0,1297,0,0,0,0,0,0,0
1782980364.407,0,0,0,0,0,0,0,1810077342,8087015852544,2861941085184,0,0,0,0,0,0,0,0,0,0,0,0,0,0,0,0,0,0,0,0,0,0,0,0,0,0,0,0,0,0,0,0,0,0,0,0,0,0,0,0,0,0,0,0,0,0,0,0,0,0,0,0,0,0,0,0,0,0,7,1954577,495834884,144990461,0,0,0,0,0,0,0,0,0,0,0,0,0,0,0,0,0,0,0,0,0,0,0,0,0,0,0,0,0,0,0,0,0,0,0,0,0,12878233600,5222449152,786025,318753,141279575,311,0,97,786432,493860692,811153,6,8915099509,12884901888,8828823,1401088822,0,0,0,0,0,0,0,0,0,0,0,0,0,0,0,0,0,0,48617029,148513618,0,468,1202,7661,620,97234976,35,0,0,0,0,0,0,0,1,0,0,0,0,0,0,0,0,0,0,58500189,0,141274650,2365650,0,0,0,0,0,0,0,0,16384,0,0,0,0,0,0,0,0,0,0,0,7958,448,0,0,0,0,0,147794279,0,174,0,3,448,7958,0,0,0,0,0,0,0,0,0,0,0,0,0,0,0,0,0,0,0,0,0,0,0,0,0,0,0,0,0,0,0,0,0,0,0,0,0,0,0,0,0,0,0,0,0,0,0,0,0,0,0,0,0,0,742471342,0,0,0,1008875925,0,0,0,0,0,0,0,195045813,493729681,892723338,409437187584,156813630,1,0,0,0,0,0,0,0,0,0,0,0,0,0,0,0,0,0,0,0,0,0,0,0,0,0,0,0,0,0,0,598,0,0,0,0,0,0,0
1782980365.490,0,0,0,0,0,0,0,1810384260,8088777902592,2862507730432,0,0,0,0,0,0,0,0,0,0,0,0,0,0,0,0,0,0,0,0,0,0,0,0,0,0,0,0,0,0,0,0,0,0,0,0,0,0,0,0,0,0,0,0,0,0,0,0,0,0,0,0,0,0,0,0,0,0,7,1954629,495943291,145020190,0,0,0,0,0,0,0,0,0,0,0,0,0,0,0,0,0,0,0,0,0,0,0,0,0,0,0,0,0,0,0,0,0,0,0,0,0,12877447168,5228822528,785979,319142,141305775,360,0,97,786432,493968715,811153,6,8916633074,12884901888,8837482,1401282145,0,0,0,0,0,0,0,0,0,0,0,0,0,0,0,0,0,0,48626118,148522708,0,468,1202,7661,620,97253150,35,0,0,0,0,0,0,0,1,0,0,0,0,0,0,0,0,0,0,58510496,0,141300850,2366001,0,0,0,0,0,0,0,0,16384,0,0,0,0,0,0,0,0,0,0,0,7959,448,0,0,0,0,0,147821904,0,174,0,3,448,7959,0,0,0,0,0,0,0,0,0,0,0,0,0,0,0,0,0,0,0,0,0,0,0,0,0,0,0,0,0,0,0,0,0,0,0,0,0,0,0,0,0,0,0,0,0,0,0,0,0,0,0,0,0,0,742604703,0,0,0,1009029332,0,0,0,0,0,0,0,195065498,493837188,892889958,409507168256,156825427,1,1,0,0,0,0,0,0,0,0,0,0,0,0,0,0,0,0,0,0,0,0,0,0,0,0,0,0,0,0,0,1357,0,0,0,0,0,0,0
1782980366.580,0,0,0,0,0,0,0,1810704644,8090614188544,2863109175296,0,0,0,0,0,0,0,0,0,0,0,0,0,0,0,0,0,0,0,0,0,0,0,0,0,0,0,0,0,0,0,0,0,0,0,0,0,0,0,0,0,0,0,0,0,0,0,0,0,0,0,0,0,0,0,0,0,0,7,1954688,496056161,145051782,0,0,0,0,0,0,0,0,0,0,0,0,0,0,0,0,0,0,0,0,0,0,0,0,0,0,0,0,0,0,0,0,0,0,0,0,0,12879347712,5224120320,786093,318855,141333585,241,0,96,786432,494081193,811153,6,8918238596,12884901888,8844042,1401487152,0,0,0,0,0,0,0,0,0,0,0,0,0,0,0,0,0,0,48635621,148532214,0,468,1202,7661,620,97272155,35,0,0,0,0,0,0,0,1,0,0,0,0,0,0,0,0,0,0,58521296,0,141329428,2366364,0,0,0,0,0,0,0,0,16384,0,0,0,0,0,0,0,0,0,0,0,7960,448,0,0,0,0,0,147850859,0,174,0,3,448,7960,0,0,0,0,0,0,0,0,0,0,0,0,0,0,0,0,0,0,0,0,0,0,0,0,0,0,0,0,0,0,0,0,0,0,0,0,0,0,0,0,0,0,0,0,0,0,0,0,0,0,0,0,0,0,742743545,0,0,0,1009190517,0,0,0,0,0,0,0,195083093,493949224,893063428,409580182016,156835594,1,0,0,0,0,0,0,0,0,0,0,0,0,0,0,0,0,0,0,0,0,0,0,0,0,0,0,0,0,0,0,1015,0,0,0,0,0,0,0
1782980367.663,0,0,0,0,0,0,0,1811009554,8092362017280,2863691214336,0,0,0,0,0,0,0,0,0,0,0,0,0,0,0,0,0,0,0,0,0,0,0,0,0,0,0,0,0,0,0,0,0,0,0,0,0,0,0,0,0,0,0,0,0,0,0,0,0,0,0,0,0,0,0,0,0,0,7,1954734,496163647,145082227,0,0,0,0,0,0,0,0,0,0,0,0,0,0,0,0,0,0,0,0,0,0,0,0,0,0,0,0,0,0,0,0,0,0,0,0,0,12882788352,5216354304,786303,318381,141359217,31,0,96,786432,494188263,811153,6,8919760521,12884901888,8851690,1401677857,0,0,0,0,0,0,0,0,0,0,0,0,0,0,0,0,0,0,48644687,148541278,0,468,1202,7661,620,97290290,35,0,0,0,0,0,0,0,1,0,0,0,0,0,0,0,0,0,0,58531571,0,141356084,2366705,0,0,0,0,0,0,0,0,16384,0,0,0,0,0,0,0,0,0,0,0,7962,448,0,0,0,0,0,147878403,0,174,0,3,448,7962,0,0,0,0,0,0,0,0,0,0,0,0,0,0,0,0,0,0,0,0,0,0,0,0,0,0,0,0,0,0,0,0,0,0,0,0,0,0,0,0,0,0,0,0,0,0,0,0,0,0,0,0,0,0,742876430,0,0,0,1009342409,0,0,0,0,0,0,0,195101724,494055903,893230504,409649801728,156846560,1,0,0,0,0,0,0,0,0,0,0,0,0,0,0,0,0,0,0,0,0,0,0,0,0,0,0,0,0,0,0,2269,0,0,0,0,0,0,0
1782980368.741,0,0,0,0,0,0,0,1811323903,8094148135424,2864296006656,0,0,0,0,0,0,0,0,0,0,0,0,0,0,0,0,0,0,0,0,0,0,0,0,0,0,0,0,0,0,0,0,0,0,0,0,0,0,0,0,0,0,0,0,0,0,0,0,0,0,0,0,0,0,0,0,0,0,7,1954781,496273459,145114151,0,0,0,0,0,0,0,0,0,0,0,0,0,0,0,0,0,0,0,0,0,0,0,0,0,0,0,0,0,0,0,0,0,0,0,0,0,12882231296,5193383936,786269,316979,141385663,64,0,98,786432,494297713,811153,6,8921332672,12884901888,8859258,1401878566,0,0,0,0,0,0,0,0,0,0,0,0,0,0,0,0,0,0,48653970,148550563,0,468,1202,7661,620,97308856,35,0,0,0,0,0,0,0,1,0,0,0,0,0,0,0,0,0,0,58542098,0,141384322,2367060,0,0,0,0,0,0,0,0,16384,0,0,0,0,0,0,0,0,0,0,0,7963,448,0,0,0,0,0,147906614,0,174,0,3,448,7963,0,0,0,0,0,0,0,0,0,0,0,0,0,0,0,0,0,0,0,0,0,0,0,0,0,0,0,0,0,0,0,0,0,0,0,0,0,0,0,0,0,0,0,0,0,0,0,0,0,0,0,0,0,0,743012359,0,0,0,1009500377,0,0,0,0,0,0,0,195120196,494164838,893401922,409721198592,156857016,1,0,0,0,0,0,0,0,0,0,0,0,0,0,0,0,0,0,0,0,0,0,0,0,0,0,0,0,0,0,0,2146,0,0,0,0,0,0,0
1782980369.824,0,0,0,0,0,0,0,1811638059,8095945296384,2864885221376,0,0,0,0,0,0,0,0,0,0,0,0,0,0,0,0,0,0,0,0,0,0,0,0,0,0,0,0,0,0,0,0,0,0,0,0,0,0,0,0,0,0,0,0,0,0,0,0,0,0,0,0,0,0,0,0,0,0,7,1954832,496383992,145145253,0,0,0,0,0,0,0,0,0,0,0,0,0,0,0,0,0,0,0,0,0,0,0,0,0,0,0,0,0,0,0,0,0,0,0,0,0,12879708160,5187289088,786115,316607,141417367,217,0,100,786432,494407846,811153,6,8922906835,12884901888,8867455,1402081254,0,0,0,0,0,0,0,0,0,0,0,0,0,0,0,0,0,0,48663289,148559881,0,468,1202,7661,620,97327485,35,0,0,0,0,0,0,0,1,0,0,0,0,0,0,0,0,0,0,58552667,0,141412442,2367423,0,0,0,0,0,0,0,0,16384,0,0,0,0,0,0,0,0,0,0,0,7964,448,0,0,0,0,0,147934925,0,174,0,3,448,7964,0,0,0,0,0,0,0,0,0,0,0,0,0,0,0,0,0,0,0,0,0,0,0,0,0,0,0,0,0,0,0,0,0,0,0,0,0,0,0,0,0,0,0,0,0,0,0,0,0,0,0,0,0,0,743149171,0,0,0,1009659216,0,0,0,0,0,0,0,195138961,494274540,893573017,409792988160,156868066,1,0,0,0,0,0,0,0,0,0,0,0,0,0,0,0,0,0,0,0,0,0,0,0,0,0,0,0,0,0,0,954,0,0,0,0,0,0,0
1782980370.912,0,0,0,0,0,0,0,1811946416,8097708100096,2865457219072,0,0,0,0,0,0,0,0,0,0,0,0,0,0,0,0,0,0,0,0,0,0,0,0,0,0,0,0,0,0,0,0,0,0,0,0,0,0,0,0,0,0,0,0,0,0,0,0,0,0,0,0,0,0,0,0,0,0,7,1954877,496492399,145175107,0,0,0,0,0,0,0,0,0,0,0,0,0,0,0,0,0,0,0,0,0,0,0,0,0,0,0,0,0,0,0,0,0,0,0,0,0,12878807040,5189795840,786061,316761,141443324,277,0,96,786432,494515885,811153,6,8924447198,12884901888,8877845,1402276188,0,0,0,0,0,0,0,0,0,0,0,0,0,0,0,0,0,0,48672431,148569019,0,468,1202,7661,620,97345782,35,0,0,0,0,0,0,0,1,0,0,0,0,0,0,0,0,0,0,58563041,0,141438399,2367761,0,0,0,0,0,0,0,0,16384,0,0,0,0,0,0,0,0,0,0,0,7965,448,0,0,0,0,0,147962730,0,174,0,3,448,7965,0,0,0,0,0,0,0,0,0,0,0,0,0,0,0,0,0,0,0,0,0,0,0,0,0,0,0,0,0,0,0,0,0,0,0,0,0,0,0,0,0,0,0,0,0,0,0,0,0,0,0,0,0,0,743283121,0,0,0,1009813746,0,0,0,0,0,0,0,195158908,494382093,893740695,409863051776,156879709,1,0,0,0,0,0,0,0,0,0,0,0,0,0,0,0,0,0,0,0,0,0,0,0,0,0,0,0,0,0,0,1399,0,0,0,0,0,0,0
1782980371.999,0,0,0,0,0,0,0,1812250560,8099448080896,2866017021440,0,0,0,0,0,0,0,0,0,0,0,0,0,0,0,0,0,0,0,0,0,0,0,0,0,0,0,0,0,0,0,0,0,0,0,0,0,0,0,0,0,0,0,0,0,0,0,0,0,0,0,0,0,0,0,0,0,0,7,1954940,496599374,145204294,0,0,0,0,0,0,0,0,0,0,0,0,0,0,0,0,0,0,0,0,0,0,0,0,0,0,0,0,0,0,0,0,0,0,0,0,0,12882624512,5198938112,786294,317318,141469298,43,0,97,786432,494622461,811153,6,8925970077,12884901888,8886401,1402472009,0,0,0,0,0,0,0,0,0,0,0,0,0,0,0,0,0,0,48681442,148578032,0,468,1202,7661,620,97363794,35,0,0,0,0,0,0,0,1,0,0,0,0,0,0,0,0,0,0,58573263,0,141464373,2368099,0,0,0,0,0,0,0,0,16384,0,0,0,0,0,0,0,0,0,0,0,7966,448,0,0,0,0,0,147990125,0,174,0,3,448,7966,0,0,0,0,0,0,0,0,0,0,0,0,0,0,0,0,0,0,0,0,0,0,0,0,0,0,0,0,0,0,0,0,0,0,0,0,0,0,0,0,0,0,0,0,0,0,0,0,0,0,0,0,0,0,743418230,0,0,0,1009966944,0,0,0,0,0,0,0,195174712,494488268,893908285,409934125056,156888099,1,0,0,0,0,0,0,0,0,0,0,0,0,0,0,0,0,0,0,0,0,0,0,0,0,0,0,0,0,0,0,755,0,0,0,0,0,0,0
1782980373.088,0,0,0,0,0,0,0,1812547497,8101152262656,2866571913728,0,0,0,0,0,0,0,0,0,0,0,0,0,0,0,0,0,0,0,0,0,0,0,0,0,0,0,0,0,0,0,0,0,0,0,0,0,0,0,0,0,0,0,0,0,0,0,0,0,0,0,0,0,0,0,0,0,0,7,1954994,496704144,145233396,0,0,0,0,0,0,0,0,0,0,0,0,0,0,0,0,0,0,0,0,0,0,0,0,0,0,0,0,0,0,0,0,0,0,0,0,0,12878659584,5196988416,786051,317199,141494185,285,0,96,786432,494726859,811153,6,8927456666,12884901888,8897177,1402662059,0,0,0,0,0,0,0,0,0,0,0,0,0,0,0,0,0,0,48690249,148586844,0,468,1202,7661,620,97381409,35,0,0,0,0,0,0,0,1,0,0,0,0,0,0,0,0,0,0,58583265,0,141489260,2368412,0,0,0,0,0,0,0,0,16384,0,0,0,0,0,0,0,0,0,0,0,7967,448,0,0,0,0,0,148016931,0,174,0,3,448,7967,0,0,0,0,0,0,0,0,0,0,0,0,0,0,0,0,0,0,0,0,0,0,0,0,0,0,0,0,0,0,0,0,0,0,0,0,0,0,0,0,0,0,0,0,0,0,0,0,0,0,0,0,0,0,743550277,0,0,0,1010116473,0,0,0,0,0,0,0,195191868,494592229,894073633,410003262976,156897230,1,1,0,0,0,0,0,0,0,0,0,0,0,0,0,0,0,0,0,0,0,0,0,0,0,0,0,0,0,0,0,317,0,0,0,0,0,0,0
1782980374.177,0,0,0,0,0,0,0,1812863293,8102962448896,2867152847872,0,0,0,0,0,0,0,0,0,0,0,0,0,0,0,0,0,0,0,0,0,0,0,0,0,0,0,0,0,0,0,0,0,0,0,0,0,0,0,0,0,0,0,0,0,0,0,0,0,0,0,0,0,0,0,0,0,0,7,1955048,496815426,145263763,0,0,0,0,0,0,0,0,0,0,0,0,0,0,0,0,0,0,0,0,0,0,0,0,0,0,0,0,0,0,0,0,0,0,0,0,0,12877381632,5203181568,785973,317577,141521945,362,0,96,786432,494837736,811153,6,8929036906,12884901888,8903038,1402862991,0,0,0,0,0,0,0,0,0,0,0,0,0,0,0,0,0,0,48699603,148596195,0,468,1202,7661,620,97400117,35,0,0,0,0,0,0,0,1,0,0,0,0,0,0,0,0,0,0,58593886,0,141517020,2368777,0,0,0,0,0,0,0,0,16384,0,0,0,0,0,0,0,0,0,0,0,7968,448,0,0,0,0,0,148045353,0,174,0,3,448,7968,0,0,0,0,0,0,0,0,0,0,0,0,0,0,0,0,0,0,0,0,0,0,0,0,0,0,0,0,0,0,0,0,0,0,0,0,0,0,0,0,0,0,0,0,0,0,0,0,0,0,0,0,0,0,743689070,0,0,0,1010274836,0,0,0,0,0,0,0,195207796,494702644,894245458,410076202496,156906004,1,0,0,0,0,0,0,0,0,0,0,0,0,0,0,0,0,0,0,0,0,0,0,0,0,0,0,0,0,0,0,563,0,0,0,0,0,0,0
1782980375.267,0,0,0,0,0,0,0,1813179325,8104774994432,2867736992256,0,0,0,0,0,0,0,0,0,0,0,0,0,0,0,0,0,0,0,0,0,0,0,0,0,0,0,0,0,0,0,0,0,0,0,0,0,0,0,0,0,0,0,0,0,0,0,0,0,0,0,0,0,0,0,0,0,0,7,1955102,496926847,145294295,0,0,0,0,0,0,0,0,0,0,0,0,0,0,0,0,0,0,0,0,0,0,0,0,0,0,0,0,0,0,0,0,0,0,0,0,0,12882837504,5209751552,786305,317978,141549580,29,0,100,786432,494948753,811153,6,8930617367,12884901888,8910399,1403063462,0,0,0,0,0,0,0,0,0,0,0,0,0,0,0,0,0,0,48708964,148605556,0,468,1202,7661,620,97418836,35,0,0,0,0,0,0,0,1,0,0,0,0,0,0,0,0,0,0,58604507,0,141544655,2369142,0,0,0,0,0,0,0,0,16384,0,0,0,0,0,0,0,0,0,0,0,7969,448,0,0,0,0,0,148073815,0,174,0,3,448,7969,0,0,0,0,0,0,0,0,0,0,0,0,0,0,0,0,0,0,0,0,0,0,0,0,0,0,0,0,0,0,0,0,0,0,0,0,0,0,0,0,0,0,0,0,0,0,0,0,0,0,0,0,0,0,743828342,0,0,0,1010432942,0,0,0,0,0,0,0,195224189,494813241,894418078,410149127168,156915081,1,0,0,0,0,0,0,0,0,0,0,0,0,0,0,0,0,0,0,0,0,0,0,0,0,0,0,0,0,0,0,1059,0,0,0,0,0,0,0
1782980376.352,0,0,0,0,0,0,0,1813491363,8106562537984,2868313102848,0,0,0,0,0,0,0,0,0,0,0,0,0,0,0,0,0,0,0,0,0,0,0,0,0,0,0,0,0,0,0,0,0,0,0,0,0,0,0,0,0,0,0,0,0,0,0,0,0,0,0,0,0,0,0,0,0,0,7,1955155,497036760,145324426,0,0,0,0,0,0,0,0,0,0,0,0,0,0,0,0,0,0,0,0,0,0,0,0,0,0,0,0,0,0,0,0,0,0,0,0,0,12881182720,5217288192,786205,318438,141576875,128,0,98,786432,495058258,811153,6,8932178766,12884901888,8917399,1403262834,0,0,0,0,0,0,0,0,0,0,0,0,0,0,0,0,0,0,48718221,148614816,0,468,1202,7661,620,97437355,35,0,0,0,0,0,0,0,1,0,0,0,0,0,0,0,0,0,0,58615020,0,141571950,2369500,0,0,0,0,0,0,0,0,16384,0,0,0,0,0,0,0,0,0,0,0,7970,448,0,0,0,0,0,148101918,0,174,0,3,448,7970,0,0,0,0,0,0,0,0,0,0,0,0,0,0,0,0,0,0,0,0,0,0,0,0,0,0,0,0,0,0,0,0,0,0,0,0,0,0,0,0,0,0,0,0,0,0,0,0,0,0,0,0,0,0,743966787,0,0,0,1010589831,0,0,0,0,0,0,0,195240567,494922320,894589571,410221564416,156924033,1,0,0,0,0,0,0,0,0,0,0,0,0,0,0,0,0,0,0,0,0,0,0,0,0,0,0,0,0,0,0,899,0,0,0,0,0,0,0
1782980377.441,0,0,0,0,0,0,0,1813794160,8108292246016,2868872139264,0,0,0,0,0,0,0,0,0,0,0,0,0,0,0,0,0,0,0,0,0,0,0,0,0,0,0,0,0,0,0,0,0,0,0,0,0,0,0,0,0,0,0,0,0,0,0,0,0,0,0,0,0,0,0,0,0,0,7,1955198,497143091,145353607,0,0,0,0,0,0,0,0,0,0,0,0,0,0,0,0,0,0,0,0,0,0,0,0,0,0,0,0,0,0,0,0,0,0,0,0,0,12878053376,5221974016,786015,318724,141602595,322,0,96,786432,495164212,811153,6,8933693015,12884901888,8927676,1403455480,0,0,0,0,0,0,0,0,0,0,0,0,0,0,0,0,0,0,48727191,148623785,0,468,1202,7661,620,97455296,35,0,0,0,0,0,0,0,1,0,0,0,0,0,0,0,0,0,0,58625207,0,141597670,2369839,0,0,0,0,0,0,0,0,16384,0,0,0,0,0,0,0,0,0,0,0,7971,448,0,0,0,0,0,148129184,0,174,0,3,448,7971,0,0,0,0,0,0,0,0,0,0,0,0,0,0,0,0,0,0,0,0,0,0,0,0,0,0,0,0,0,0,0,0,0,0,0,0,0,0,0,0,0,0,0,0,0,0,0,0,0,0,0,0,0,0,744101961,0,0,0,1010742081,0,0,0,0,0,0,0,195257258,495027857,894757465,410292249088,156933095,1,0,0,0,0,0,0,0,0,0,0,0,0,0,0,0,0,0,0,0,0,0,0,0,0,0,0,0,0,0,0,690,0,0,0,0,0,0,0
1782980378.526,0,0,0,0,0,0,0,1814099552,8110039828992,2869437029888,0,0,0,0,0,0,0,0,0,0,0,0,0,0,0,0,0,0,0,0,0,0,0,0,0,0,0,0,0,0,0,0,0,0,0,0,0,0,0,0,0,0,0,0,0,0,0,0,0,0,0,0,0,0,0,0,0,0,7,1955251,497250595,145383175,0,0,0,0,0,0,0,0,0,0,0,0,0,0,0,0,0,0,0,0,0,0,0,0,0,0,0,0,0,0,0,0,0,0,0,0,0,12879282176,5223923712,786089,318843,141628748,226,0,120,786432,495271302,811153,6,8935220663,12884901888,8936815,1403649512,0,0,0,0,0,0,0,0,0,0,0,0,0,0,0,0,0,0,48736244,148632837,0,468,1202,7661,620,97473412,35,0,0,0,0,0,0,0,1,0,0,0,0,0,0,0,0,0,0,58635479,0,141623823,2370188,0,0,0,0,0,0,0,0,16384,0,0,0,0,0,0,0,0,0,0,0,7972,448,0,0,0,0,0,148156709,0,174,0,3,448,7972,0,0,0,0,0,0,0,0,0,0,0,0,0,0,0,0,0,0,0,0,0,0,0,0,0,0,0,0,0,0,0,0,0,0,0,0,0,0,0,0,0,0,0,0,0,0,0,0,0,0,0,0,0,0,744236629,0,0,0,1010895556,0,0,0,0,0,0,0,195274728,495134466,894925118,410362556928,156942828,1,0,0,0,0,0,0,0,0,0,0,0,0,0,0,0,0,0,0,0,0,0,0,0,0,0,0,0,0,0,0,586,0,0,0,0,0,0,0
1782980379.617,0,0,0,0,0,0,0,1814402650,8111775304192,2870022477312,0,0,0,0,0,0,0,0,0,0,0,0,0,0,0,0,0,0,0,0,0,0,0,0,0,0,0,0,0,0,0,0,0,0,0,0,0,0,0,0,0,0,0,0,0,0,0,0,0,0,0,0,0,0,0,0,0,0,7,1955306,497357317,145413779,0,0,0,0,0,0,0,0,0,0,0,0,0,0,0,0,0,0,0,0,0,0,0,0,0,0,0,0,0,0,0,0,0,0,0,0,0,12879806464,5206900736,786121,317804,141654376,214,0,96,786432,495377639,811153,6,8936736486,12884901888,8946671,1403842050,0,0,0,0,0,0,0,0,0,0,0,0,0,0,0,0,0,0,48745246,148641838,0,468,1202,7661,620,97491404,35,0,0,0,0,0,0,0,1,0,0,0,0,0,0,0,0,0,0,58645697,0,141650731,2370538,0,0,0,0,0,0,0,0,16384,0,0,0,0,0,0,0,0,0,0,0,7974,448,0,0,0,0,0,148184065,0,174,0,3,448,7974,0,0,0,0,0,0,0,0,0,0,0,0,0,0,0,0,0,0,0,0,0,0,0,0,0,0,0,0,0,0,0,0,0,0,0,0,0,0,0,0,0,0,0,0,0,0,0,0,0,0,0,0,0,0,744370041,0,0,0,1011047473,0,0,0,0,0,0,0,195291919,495240426,895092858,410432495104,156952031,1,1,0,0,0,0,0,0,0,0,0,0,0,0,0,0,0,0,0,0,0,0,0,0,0,0,0,0,0,0,0,874,0,0,0,0,0,0,0
1782980380.696,0,0,0,0,0,0,0,1814714155,8113552574976,2870622278144,0,0,0,0,0,0,0,0,0,0,0,0,0,0,0,0,0,0,0,0,0,0,0,0,0,0,0,0,0,0,0,0,0,0,0,0,0,0,0,0,0,0,0,0,0,0,0,0,0,0,0,0,0,0,0,0,0,0,7,1955353,497466592,145445514,0,0,0,0,0,0,0,0,0,0,0,0,0,0,0,0,0,0,0,0,0,0,0,0,0,0,0,0,0,0,0,0,0,0,0,0,0,12882952192,5187272704,786312,316606,141680912,22,0,97,786432,495486546,811153,6,8938295200,12884901888,8955239,1404041367,0,0,0,0,0,0,0,0,0,0,0,0,0,0,0,0,0,0,48754470,148651065,0,468,1202,7661,620,97509851,35,0,0,0,0,0,0,0,1,0,0,0,0,0,0,0,0,0,0,58656171,0,141678803,2370891,0,0,0,0,0,0,0,0,16384,0,0,0,0,0,0,0,0,0,0,0,7975,448,0,0,0,0,0,148212124,0,174,0,3,448,7975,0,0,0,0,0,0,0,0,0,0,0,0,0,0,0,0,0,0,0,0,0,0,0,0,0,0,0,0,0,0,0,0,0,0,0,0,0,0,0,0,0,0,0,0,0,0,0,0,0,0,0,0,0,0,744507643,0,0,0,1011204185,0,0,0,0,0,0,0,195308622,495348848,895265546,410504679936,156961027,1,0,0,0,0,0,0,0,0,0,0,0,0,0,0,0,0,0,0,0,0,0,0,0,0,0,0,0,0,0,0,650,0,0,0,0,0,0,0
1782980381.779,0,0,0,0,0,0,0,1815022590,8115323275776,2871217052160,0,0,0,0,0,0,0,0,0,0,0,0,0,0,0,0,0,0,0,0,0,0,0,0,0,0,0,0,0,0,0,0,0,0,0,0,0,0,0,0,0,0,0,0,0,0,0,0,0,0,0,0,0,0,0,0,0,0,7,1955414,497575437,145476759,0,0,0,0,0,0,0,0,0,0,0,0,0,0,0,0,0,0,0,0,0,0,0,0,0,0,0,0,0,0,0,0,0,0,0,0,0,12880871424,5168267264,786186,315446,141707832,149,0,96,786432,495594968,811153,6,8939839454,12884901888,8963994,1404238923,0,0,0,0,0,0,0,0,0,0,0,0,0,0,0,0,0,0,48763621,148660219,0,468,1202,7661,620,97528163,35,0,0,0,0,0,0,0,1,0,0,0,0,0,0,0,0,0,0,58666552,0,141707131,2371258,0,0,0,0,0,0,0,0,16384,0,0,0,0,0,0,0,0,0,0,0,7976,448,0,0,0,0,0,148239939,0,174,0,3,448,7976,0,0,0,0,0,0,0,0,0,0,0,0,0,0,0,0,0,0,0,0,0,0,0,0,0,0,0,0,0,0,0,0,0,0,0,0,0,0,0,0,0,0,0,0,0,0,0,0,0,0,0,0,0,0,744642488,0,0,0,1011359327,0,0,0,0,0,0,0,195325280,495456880,895434842,410575584768,156970084,1,0,0,0,0,0,0,0,0,0,0,0,0,0,0,0,0,0,0,0,0,0,0,0,0,0,0,0,0,0,0,350,0,0,0,0,0,0,0
1782980382.861,0,0,0,0,0,0,0,1815329974,8117077445120,2871788380672,0,0,0,0,0,0,0,0,0,0,0,0,0,0,0,0,0,0,0,0,0,0,0,0,0,0,0,0,0,0,0,0,0,0,0,0,0,0,0,0,0,0,0,0,0,0,0,0,0,0,0,0,0,0,0,0,0,0,7,1955482,497683333,145506777,0,0,0,0,0,0,0,0,0,0,0,0,0,0,0,0,0,0,0,0,0,0,0,0,0,0,0,0,0,0,0,0,0,0,0,0,0,12877905920,5169512448,786005,315521,141738577,331,0,96,786432,495702472,811153,6,8941373061,12884901888,8972078,1404431381,0,0,0,0,0,0,0,0,0,0,0,0,0,0,0,0,0,0,48772711,148669305,0,468,1202,7661,620,97546341,35,0,0,0,0,0,0,0,1,0,0,0,0,0,0,0,0,0,0,58676851,0,141733652,2371602,0,0,0,0,0,0,0,0,16384,0,0,0,0,0,0,0,0,0,0,0,7977,448,0,0,0,0,0,148267574,0,174,0,3,448,7977,0,0,0,0,0,0,0,0,0,0,0,0,0,0,0,0,0,0,0,0,0,0,0,0,0,0,0,0,0,0,0,0,0,0,0,0,0,0,0,0,0,0,0,0,0,0,0,0,0,0,0,0,0,0,744777858,0,0,0,1011512276,0,0,0,0,0,0,0,195342499,495563918,895603681,410646844416,156979529,1,1,0,0,0,0,0,0,0,0,0,0,0,0,0,0,0,0,0,0,0,0,0,0,0,0,0,0,0,0,0,1676,0,0,0,0,0,0,0
1782980383.940,0,0,0,0,0,0,0,1815649419,8118906882560,2872373211648,0,0,0,0,0,0,0,0,0,0,0,0,0,0,0,0,0,0,0,0,0,0,0,0,0,0,0,0,0,0,0,0,0,0,0,0,0,0,0,0,0,0,0,0,0,0,0,0,0,0,0,0,0,0,0,0,0,0,7,1955525,497795875,145537359,0,0,0,0,0,0,0,0,0,0,0,0,0,0,0,0,0,0,0,0,0,0,0,0,0,0,0,0,0,0,0,0,0,0,0,0,0,12878397440,5176672256,786036,315960,141766901,296,0,100,786432,495814552,811153,6,8942972113,12884901888,8977422,1404634873,0,0,0,0,0,0,0,0,0,0,0,0,0,0,0,0,0,0,48782199,148678796,0,468,1202,7661,620,97565319,35,0,0,0,0,0,0,0,1,0,0,0,0,0,0,0,0,0,0,58687630,0,141761981,2371979,0,0,0,0,0,0,0,0,16384,0,0,0,0,0,0,0,0,0,0,0,7978,448,0,0,0,0,0,148296426,0,174,0,3,448,7978,0,0,0,0,0,0,0,0,0,0,0,0,0,0,0,0,0,0,0,0,0,0,0,0,0,0,0,0,0,0,0,0,0,0,0,0,0,0,0,0,0,0,0,0,0,0,0,0,0,0,0,0,0,0,744918107,0,0,0,1011673130,0,0,0,0,0,0,0,195359112,495675637,895776842,410720288256,156988913,1,1,0,0,0,0,0,0,0,0,0,0,0,0,0,0,0,0,0,0,0,0,0,0,0,0,0,0,0,0,0,1529,0,0,0,0,0,0,0
1782980385.024,0,0,0,0,0,0,0,1815962176,8120702061056,2872950526976,0,0,0,0,0,0,0,0,0,0,0,0,0,0,0,0,0,0,0,0,0,0,0,0,0,0,0,0,0,0,0,0,0,0,0,0,0,0,0,0,0,0,0,0,0,0,0,0,0,0,0,0,0,0,0,0,0,0,7,1955577,497906262,145567550,0,0,0,0,0,0,0,0,0,0,0,0,0,0,0,0,0,0,0,0,0,0,0,0,0,0,0,0,0,0,0,0,0,0,0,0,0,12878200832,5181636608,786022,316261,141794250,311,0,96,786432,495924506,811153,6,8944538401,12884901888,8983744,1404835554,0,0,0,0,0,0,0,0,0,0,0,0,0,0,0,0,0,0,48791467,148688061,0,468,1202,7661,620,97583857,35,0,0,0,0,0,0,0,1,0,0,0,0,0,0,0,0,0,0,58698154,0,141789325,2372340,0,0,0,0,0,0,0,0,16384,0,0,0,0,0,0,0,0,0,0,0,7979,448,0,0,0,0,0,148324588,0,174,0,3,448,7979,0,0,0,0,0,0,0,0,0,0,0,0,0,0,0,0,0,0,0,0,0,0,0,0,0,0,0,0,0,0,0,0,0,0,0,0,0,0,0,0,0,0,0,0,0,0,0,0,0,0,0,0,0,0,745055243,0,0,0,1011830621,0,0,0,0,0,0,0,195376356,495785153,895946930,410792179712,156998876,1,0,0,0,0,0,0,0,0,0,0,0,0,0,0,0,0,0,0,0,0,0,0,0,0,0,0,0,0,0,0,883,0,0,0,0,0,0,0
1782980386.113,0,0,0,0,0,0,0,1816280699,8122526484992,2873530887168,0,0,0,0,0,0,0,0,0,0,0,0,0,0,0,0,0,0,0,0,0,0,0,0,0,0,0,0,0,0,0,0,0,0,0,0,0,0,0,0,0,0,0,0,0,0,0,0,0,0,0,0,0,0,0,0,0,0,7,1955630,498018434,145597860,0,0,0,0,0,0,0,0,0,0,0,0,0,0,0,0,0,0,0,0,0,0,0,0,0,0,0,0,0,0,0,0,0,0,0,0,0,12877283328,5196611584,785968,317176,141821368,367,0,98,786432,496036249,811153,6,8946133565,12884901888,8990329,1405039647,0,0,0,0,0,0,0,0,0,0,0,0,0,0,0,0,0,0,48800920,148697515,0,468,1202,7661,620,97602759,35,0,0,0,0,0,0,0,1,0,0,0,0,0,0,0,0,0,0,58708898,0,141816443,2372700,0,0,0,0,0,0,0,0,16384,0,0,0,0,0,0,0,0,0,0,0,7980,448,0,0,0,0,0,148353321,0,174,0,3,448,7980,0,0,0,0,0,0,0,0,0,0,0,0,0,0,0,0,0,0,0,0,0,0,0,0,0,0,0,0,0,0,0,0,0,0,0,0,0,0,0,0,0,0,0,0,0,0,0,0,0,0,0,0,0,0,745194396,0,0,0,1011991478,0,0,0,0,0,0,0,195394025,495896477,896119681,410865063424,157008523,1,1,0,0,0,0,0,0,0,0,0,0,0,0,0,0,0,0,0,0,0,0,0,0,0,0,0,0,0,0,0,230,0,0,0,0,0,0,0
1782980387.199,0,0,0,0,0,0,0,1816583401,8124258437632,2874091144192,0,0,0,0,0,0,0,0,0,0,0,0,0,0,0,0,0,0,0,0,0,0,0,0,0,0,0,0,0,0,0,0,0,0,0,0,0,0,0,0,0,0,0,0,0,0,0,0,0,0,0,0,0,0,0,0,0,0,7,1955678,498124946,145627125,0,0,0,0,0,0,0,0,0,0,0,0,0,0,0,0,0,0,0,0,0,0,0,0,0,0,0,0,0,0,0,0,0,0,0,0,0,12881575936,5197873152,786229,317253,141846862,107,0,98,786432,496142406,811153,6,8947647384,12884901888,8999096,1405232082,0,0,0,0,0,0,0,0,0,0,0,0,0,0,0,0,0,0,48809890,148706489,0,468,1202,7661,620,97620707,35,0,0,0,0,0,0,0,1,0,0,0,0,0,0,0,0,0,0,58719097,0,141842110,2373030,0,0,0,0,0,0,0,0,16384,0,0,0,0,0,0,0,0,0,0,0,7981,448,0,0,0,0,0,148380591,0,174,0,3,448,7981,0,0,0,0,0,0,0,0,0,0,0,0,0,0,0,0,0,0,0,0,0,0,0,0,0,0,0,0,0,0,0,0,0,0,0,0,0,0,0,0,0,0,0,0,0,0,0,0,0,0,0,0,0,0,745328596,0,0,0,1012143483,0,0,0,0,0,0,0,195411013,496002208,896286745,410935364096,157017914,1,1,0,0,0,0,0,0,0,0,0,0,0,0,0,0,0,0,0,0,0,0,0,0,0,0,0,0,0,0,0,240,0,0,0,0,0,0,0
1782980388.282,0,0,0,0,0,0,0,1816900475,8126072687104,2874671499264,0,0,0,0,0,0,0,0,0,0,0,0,0,0,0,0,0,0,0,0,0,0,0,0,0,0,0,0,0,0,0,0,0,0,0,0,0,0,0,0,0,0,0,0,0,0,0,0,0,0,0,0,0,0,0,0,0,0,7,1955742,498236531,145657465,0,0,0,0,0,0,0,0,0,0,0,0,0,0,0,0,0,0,0,0,0,0,0,0,0,0,0,0,0,0,0,0,0,0,0,0,0,12881231872,5207228416,786208,317824,141874734,114,0,112,786432,496253561,811153,6,8949234188,12884901888,9003965,1405434189,0,0,0,0,0,0,0,0,0,0,0,0,0,0,0,0,0,0,48819284,148715881,0,468,1202,7661,620,97639493,35,0,0,0,0,0,0,0,1,0,0,0,0,0,0,0,0,0,0,58729780,0,141869809,2373393,0,0,0,0,0,0,0,0,16384,0,0,0,0,0,0,0,0,0,0,0,7982,448,0,0,0,0,0,148409121,0,174,0,3,448,7982,0,0,0,0,0,0,0,0,0,0,0,0,0,0,0,0,0,0,0,0,0,0,0,0,0,0,0,0,0,0,0,0,0,0,0,0,0,0,0,0,0,0,0,0,0,0,0,0,0,0,0,0,0,0,745466743,0,0,0,1012302679,0,0,0,0,0,0,0,195427741,496112937,896457878,411007766016,157027383,1,0,0,0,0,0,0,0,0,0,0,0,0,0,0,0,0,0,0,0,0,0,0,0,0,0,0,0,0,0,0,232,0,0,0,0,0,0,0
1782980389.368,0,0,0,0,0,0,0,1817217382,8127883790848,2875254962176,0,0,0,0,0,0,0,0,0,0,0,0,0,0,0,0,0,0,0,0,0,0,0,0,0,0,0,0,0,0,0,0,0,0,0,0,0,0,0,0,0,0,0,0,0,0,0,0,0,0,0,0,0,0,0,0,0,0,7,1955804,498347881,145687979,0,0,0,0,0,0,0,0,0,0,0,0,0,0,0,0,0,0,0,0,0,0,0,0,0,0,0,0,0,0,0,0,0,0,0,0,0,12880592896,5214650368,786169,318277,141902062,166,0,96,786432,496364504,811153,6,8950819234,12884901888,9010671,1405636097,0,0,0,0,0,0,0,0,0,0,0,0,0,0,0,0,0,0,48828678,148725277,0,468,1202,7661,620,97658275,35,0,0,0,0,0,0,0,1,0,0,0,0,0,0,0,0,0,0,58740455,0,141897200,2373757,0,0,0,0,0,0,0,0,16384,0,0,0,0,0,0,0,0,0,0,0,7983,448,0,0,0,0,0,148437677,0,174,0,3,448,7983,0,0,0,0,0,0,0,0,0,0,0,0,0,0,0,0,0,0,0,0,0,0,0,0,0,0,0,0,0,0,0,0,0,0,0,0,0,0,0,0,0,0,0,0,0,0,0,0,0,0,0,0,0,0,745605115,0,0,0,1012461684,0,0,0,0,0,0,0,195445451,496223462,896629834,411080438272,157037324,1,0,0,0,0,0,0,0,0,0,0,0,0,0,0,0,0,0,0,0,0,0,0,0,0,0,0,0,0,0,0,301,0,0,0,0,0,0,0
1782980390.458,0,0,0,0,0,0,0,1817542447,8129742359040,2875845775360,0,0,0,0,0,0,0,0,0,0,0,0,0,0,0,0,0,0,0,0,0,0,0,0,0,0,0,0,0,0,0,0,0,0,0,0,0,0,0,0,0,0,0,0,0,0,0,0,0,0,0,0,0,0,0,0,0,0,7,1955853,498462152,145718870,0,0,0,0,0,0,0,0,0,0,0,0,0,0,0,0,0,0,0,0,0,0,0,0,0,0,0,0,0,0,0,0,0,0,0,0,0,12879233024,5228052480,786086,319096,141930464,247,0,97,786432,496478334,811153,6,8952444447,12884901888,9016204,1405841738,0,0,0,0,0,0,0,0,0,0,0,0,0,0,0,0,0,0,48838324,148734920,0,468,1202,7661,620,97677567,35,0,0,0,0,0,0,0,1,0,0,0,0,0,0,0,0,0,0,58751419,0,141925539,2374125,0,0,0,0,0,0,0,0,16384,0,0,0,0,0,0,0,0,0,0,0,7984,448,0,0,0,0,0,148467002,0,174,0,3,448,7984,0,0,0,0,0,0,0,0,0,0,0,0,0,0,0,0,0,0,0,0,0,0,0,0,0,0,0,0,0,0,0,0,0,0,0,0,0,0,0,0,0,0,0,0,0,0,0,0,0,0,0,0,0,0,745744961,0,0,0,1012624540,0,0,0,0,0,0,0,195463549,496336913,896803154,411153608192,157048078,1,0,0,0,0,0,0,0,0,0,0,0,0,0,0,0,0,0,0,0,0,0,0,0,0,0,0,0,0,0,0,822,0,0,0,0,0,0,0
1782980391.544,0,0,0,0,0,0,0,1817860361,8131562457600,2876433383424,0,0,0,0,0,0,0,0,0,0,0,0,0,0,0,0,0,0,0,0,0,0,0,0,0,0,0,0,0,0,0,0,0,0,0,0,0,0,0,0,0,0,0,0,0,0,0,0,0,0,0,0,0,0,0,0,0,0,7,1955917,498574109,145749375,0,0,0,0,0,0,0,0,0,0,0,0,0,0,0,0,0,0,0,0,0,0,0,0,0,0,0,0,0,0,0,0,0,0,0,0,0,12880461824,5235326976,786161,319538,141957654,161,0,109,786432,496589892,811153,6,8954034049,12884901888,9023670,1406042805,0,0,0,0,0,0,0,0,0,0,0,0,0,0,0,0,0,0,48847752,148744351,0,468,1202,7661,620,97696426,35,0,0,0,0,0,0,0,1,0,0,0,0,0,0,0,0,0,0,58762137,0,141952729,2374476,0,0,0,0,0,0,0,0,16384,0,0,0,0,0,0,0,0,0,0,0,7985,448,0,0,0,0,0,148495627,0,174,0,3,448,7985,0,0,0,0,0,0,0,0,0,0,0,0,0,0,0,0,0,0,0,0,0,0,0,0,0,0,0,0,0,0,0,0,0,0,0,0,0,0,0,0,0,0,0,0,0,0,0,0,0,0,0,0,0,0,745882044,0,0,0,1012783746,0,0,0,0,0,0,0,195482022,496448032,896974040,411225633280,157058842,1,0,0,0,0,0,0,0,0,0,0,0,0,0,0,0,0,0,0,0,0,0,0,0,0,0,0,0,0,0,0,1334,0,0,0,0,0,0,0
1782980392.632,0,0,0,0,0,0,0,1818170493,8133343332864,2877030075392,0,0,0,0,0,0,0,0,0,0,0,0,0,0,0,0,0,0,0,0,0,0,0,0,0,0,0,0,0,0,0,0,0,0,0,0,0,0,0,0,0,0,0,0,0,0,0,0,0,0,0,0,0,0,0,0,0,0,7,1955984,498683652,145781039,0,0,0,0,0,0,0,0,0,0,0,0,0,0,0,0,0,0,0,0,0,0,0,0,0,0,0,0,0,0,0,0,0,0,0,0,0,12882903040,5210996736,786311,318054,141984140,0,0,121,786432,496699026,811153,6,8955585854,12884901888,9031528,1406239897,0,0,0,0,0,0,0,0,0,0,0,0,0,0,0,0,0,0,48856943,148753540,0,468,1202,7661,620,97714813,35,0,0,0,0,0,0,0,1,0,0,0,0,0,0,0,0,0,0,58772588,0,141980751,2374835,0,0,0,0,0,0,0,0,16384,0,0,0,0,0,0,0,0,0,0,0,7987,448,0,0,0,0,0,148523573,0,174,0,3,448,7987,0,0,0,0,0,0,0,0,0,0,0,0,0,0,0,0,0,0,0,0,0,0,0,0,0,0,0,0,0,0,0,0,0,0,0,0,0,0,0,0,0,0,0,0,0,0,0,0,0,0,0,0,0,0,746015523,0,0,0,1012939176,0,0,0,0,0,0,0,195500929,496556679,897142669,411296022528,157069647,1,0,0,0,0,0,0,0,0,0,0,0,0,0,0,0,0,0,0,0,0,0,0,0,0,0,0,0,0,0,0,1679,0,0,0,0,0,0,0
1782980393.718,0,0,0,0,0,0,0,1818480327,8135118801408,2877625162240,0,0,0,0,0,0,0,0,0,0,0,0,0,0,0,0,0,0,0,0,0,0,0,0,0,0,0,0,0,0,0,0,0,0,0,0,0,0,0,0,0,0,0,0,0,0,0,0,0,0,0,0,0,0,0,0,0,0,7,1956025,498792754,145812496,0,0,0,0,0,0,0,0,0,0,0,0,0,0,0,0,0,0,0,0,0,0,0,0,0,0,0,0,0,0,0,0,0,0,0,0,0,12881756160,5191680000,786240,316875,142010091,94,0,97,786432,496807717,811153,6,8957136867,12884901888,9042418,1406437655,0,0,0,0,0,0,0,0,0,0,0,0,0,0,0,0,0,0,48866141,148762742,0,468,1202,7661,620,97733210,35,0,0,0,0,0,0,0,1,0,0,0,0,0,0,0,0,0,0,58783036,0,142008238,2375179,0,0,0,0,0,0,0,0,16384,0,0,0,0,0,0,0,0,0,0,0,7988,448,0,0,0,0,0,148551533,0,174,0,3,448,7988,0,0,0,0,0,0,0,0,0,0,0,0,0,0,0,0,0,0,0,0,0,0,0,0,0,0,0,0,0,0,0,0,0,0,0,0,0,0,0,0,0,0,0,0,0,0,0,0,0,0,0,0,0,0,746150452,0,0,0,1013095043,0,0,0,0,0,0,0,195521238,496664969,897313153,411366736896,157081351,1,0,0,0,0,0,0,0,0,0,0,0,0,0,0,0,0,0,0,0,0,0,0,0,0,0,0,0,0,0,0,1475,0,0,0,0,0,0,0
1782980394.800,0,0,0,0,0,0,0,1818795727,8136925383168,2878230764032,0,0,0,0,0,0,0,0,0,0,0,0,0,0,0,0,0,0,0,0,0,0,0,0,0,0,0,0,0,0,0,0,0,0,0,0,0,0,0,0,0,0,0,0,0,0,0,0,0,0,0,0,0,0,0,0,0,0,7,1956088,498903921,145844429,0,0,0,0,0,0,0,0,0,0,0,0,0,0,0,0,0,0,0,0,0,0,0,0,0,0,0,0,0,0,0,0,0,0,0,0,0,12879134720,5172445184,786079,315700,142041766,255,0,99,786432,496918507,811153,6,8958714823,12884901888,9049562,1406638313,0,0,0,0,0,0,0,0,0,0,0,0,0,0,0,0,0,0,48875492,148772091,0,468,1202,7661,620,97751907,35,0,0,0,0,0,0,0,1,0,0,0,0,0,0,0,0,0,0,58793645,0,142036904,2375537,0,0,0,0,0,0,0,0,16384,0,0,0,0,0,0,0,0,0,0,0,7989,448,0,0,0,0,0,148579940,0,174,0,3,448,7989,0,0,0,0,0,0,0,0,0,0,0,0,0,0,0,0,0,0,0,0,0,0,0,0,0,0,0,0,0,0,0,0,0,0,0,0,0,0,0,0,0,0,0,0,0,0,0,0,0,0,0,0,0,0,746287358,0,0,0,1013253484,0,0,0,0,0,0,0,195539938,496775200,897485290,411438513152,157092190,1,1,0,0,0,0,0,0,0,0,0,0,0,0,0,0,0,0,0,0,0,0,0,0,0,0,0,0,0,0,0,1516,0,0,0,0,0,0,0
1782980395.884,0,0,0,0,0,0,0,1819115955,8138758769152,2878821364224,0,0,0,0,0,0,0,0,0,0,0,0,0,0,0,0,0,0,0,0,0,0,0,0,0,0,0,0,0,0,0,0,0,0,0,0,0,0,0,0,0,0,0,0,0,0,0,0,0,0,0,0,0,0,0,0,0,0,7,1956141,499016628,145875296,0,0,0,0,0,0,0,0,0,0,0,0,0,0,0,0,0,0,0,0,0,0,0,0,0,0,0,0,0,0,0,0,0,0,0,0,0,12878462976,5179703296,786040,316145,142069278,280,0,114,786432,497030818,811153,6,8960320265,12884901888,9058167,1406844196,0,0,0,0,0,0,0,0,0,0,0,0,0,0,0,0,0,0,48884977,148781577,0,468,1202,7661,620,97770898,35,0,0,0,0,0,0,0,1,0,0,0,0,0,0,0,0,0,0,58804398,0,142064406,2375903,0,0,0,0,0,0,0,0,16384,0,0,0,0,0,0,0,0,0,0,0,7990,448,0,0,0,0,0,148608775,0,174,0,3,448,7990,0,0,0,0,0,0,0,0,0,0,0,0,0,0,0,0,0,0,0,0,0,0,0,0,0,0,0,0,0,0,0,0,0,0,0,0,0,0,0,0,0,0,0,0,0,0,0,0,0,0,0,0,0,0,746427110,0,0,0,1013414875,0,0,0,0,0,0,0,195559351,496887020,897659289,411511735296,157103384,1,0,0,0,0,0,0,0,0,0,0,0,0,0,0,0,0,0,0,0,0,0,0,0,0,0,0,0,0,0,0,824,0,0,0,0,0,0,0
1782980396.966,0,0,0,0,0,0,0,1819446240,8140645894656,2879424338432,0,0,0,0,0,0,0,0,0,0,0,0,0,0,0,0,0,0,0,0,0,0,0,0,0,0,0,0,0,0,0,0,0,0,0,0,0,0,0,0,0,0,0,0,0,0,0,0,0,0,0,0,0,0,0,0,0,0,7,1956204,499132711,145906957,0,0,0,0,0,0,0,0,0,0,0,0,0,0,0,0,0,0,0,0,0,0,0,0,0,0,0,0,0,0,0,0,0,0,0,0,0,12879118336,5189943296,786078,316769,142098372,258,0,97,786432,497146442,811153,6,8961971763,12884901888,9063765,1407053421,0,0,0,0,0,0,0,0,0,0,0,0,0,0,0,0,0,0,48894772,148791371,0,468,1202,7661,620,97790481,35,0,0,0,0,0,0,0,1,0,0,0,0,0,0,0,0,0,0,58815510,0,142093517,2376293,0,0,0,0,0,0,0,0,16384,0,0,0,0,0,0,0,0,0,0,0,7991,448,0,0,0,0,0,148638510,0,174,0,3,448,7991,0,0,0,0,0,0,0,0,0,0,0,0,0,0,0,0,0,0,0,0,0,0,0,0,0,0,0,0,0,0,0,0,0,0,0,0,0,0,0,0,0,0,0,0,0,0,0,0,0,0,0,0,0,0,746566631,0,0,0,1013580391,0,0,0,0,0,0,0,195579326,497002213,897833041,411585044992,157115139,1,0,0,0,0,0,0,0,0,0,0,0,0,0,0,0,0,0,0,0,0,0,0,0,0,0,0,0,0,0,0,1182,0,0,0,0,0,0,0
1782980398.057,0,0,0,0,0,0,0,1819780622,8142564116992,2880034912768,0,0,0,0,0,0,0,0,0,0,0,0,0,0,0,0,0,0,0,0,0,0,0,0,0,0,0,0,0,0,0,0,0,0,0,0,0,0,0,0,0,0,0,0,0,0,0,0,0,0,0,0,0,0,0,0,0,0,7,1956261,499250675,145939040,0,0,0,0,0,0,0,0,0,0,0,0,0,0,0,0,0,0,0,0,0,0,0,0,0,0,0,0,0,0,0,0,0,0,0,0,0,12878610432,5200625664,786047,317421,142127970,286,0,99,786432,497263946,811153,6,8963645130,12884901888,9068479,1407265295,0,0,0,0,0,0,0,0,0,0,0,0,0,0,0,0,0,0,48904709,148801309,0,468,1202,7661,620,97810331,35,0,0,0,0,0,0,0,1,0,0,0,0,0,0,0,0,0,0,58826795,0,142123045,2376689,0,0,0,0,0,0,0,0,16384,0,0,0,0,0,0,0,0,0,0,0,7992,448,0,0,0,0,0,148668700,0,174,0,3,448,7992,0,0,0,0,0,0,0,0,0,0,0,0,0,0,0,0,0,0,0,0,0,0,0,0,0,0,0,0,0,0,0,0,0,0,0,0,0,0,0,0,0,0,0,0,0,0,0,0,0,0,0,0,0,0,746707141,0,0,0,1013748216,0,0,0,0,0,0,0,195599441,497119194,898008103,411659045376,157126990,0,1,0,0,0,0,0,0,0,0,0,0,0,0,0,0,0,0,0,0,0,0,0,0,0,0,0,0,0,0,0,1514,0,0,0,0,0,0,0
1782980399.143,0,0,0,0,0,0,0,1820117208,8144487090688,2880650185216,0,0,0,0,0,0,0,0,0,0,0,0,0,0,0,0,0,0,0,0,0,0,0,0,0,0,0,0,0,0,0,0,0,0,0,0,0,0,0,0,0,0,0,0,0,0,0,0,0,0,0,0,0,0,0,0,0,0,7,1956317,499368979,145971307,0,0,0,0,0,0,0,0,0,0,0,0,0,0,0,0,0,0,0,0,0,0,0,0,0,0,0,0,0,0,0,0,0,0,0,0,0,12879020032,5212143616,786073,318124,142157811,257,0,101,786432,497381796,811153,6,8965333391,12884901888,9073373,1407482305,0,0,0,0,0,0,0,0,0,0,0,0,0,0,0,0,0,0,48914702,148811303,0,468,1202,7661,620,97830330,35,0,0,0,0,0,0,0,1,0,0,0,0,0,0,0,0,0,0,58838135,0,142152886,2377093,0,0,0,0,0,0,0,0,16384,0,0,0,0,0,0,0,0,0,0,0,7993,448,0,0,0,0,0,148699114,0,174,0,3,448,7993,0,0,0,0,0,0,0,0,0,0,0,0,0,0,0,0,0,0,0,0,0,0,0,0,0,0,0,0,0,0,0,0,0,0,0,0,0,0,0,0,0,0,0,0,0,0,0,0,0,0,0,0,0,0,746849927,0,0,0,1013918554,0,0,0,0,0,0,0,195620025,497236536,898185690,411733975552,157139020,1,0,0,0,0,0,0,0,0,0,0,0,0,0,0,0,0,0,0,0,0,0,0,0,0,0,0,0,0,0,0,333,0,0,0,0,0,0,0
1782980400.234,0,0,0,0,0,0,0,1820454085,8146418387456,2881262219264,0,0,0,0,0,0,0,0,0,0,0,0,0,0,0,0,0,0,0,0,0,0,0,0,0,0,0,0,0,0,0,0,0,0,0,0,0,0,0,0,0,0,0,0,0,0,0,0,0,0,0,0,0,0,0,0,0,0,7,1956379,499487765,146003403,0,0,0,0,0,0,0,0,0,0,0,0,0,0,0,0,0,0,0,0,0,0,0,0,0,0,0,0,0,0,0,0,0,0,0,0,0,12881887232,5222219776,786248,318739,142187491,88,0,97,786432,497500118,811153,6,8967017486,12884901888,9077997,1407694178,0,0,0,0,0,0,0,0,0,0,0,0,0,0,0,0,0,0,48924698,148821300,0,468,1202,7661,620,97850328,35,0,0,0,0,0,0,0,1,0,0,0,0,0,0,0,0,0,0,58849478,0,142182646,2377498,0,0,0,0,0,0,0,0,16384,0,0,0,0,0,0,0,0,0,0,0,7994,448,0,0,0,0,0,148729553,0,174,0,3,448,7994,0,0,0,0,0,0,0,0,0,0,0,0,0,0,0,0,0,0,0,0,0,0,0,0,0,0,0,0,0,0,0,0,0,0,0,0,0,0,0,0,0,0,0,0,0,0,0,0,0,0,0,0,0,0,746992435,0,0,0,1014087125,0,0,0,0,0,0,0,195639864,497354435,898362597,411808606208,157150571,1,1,0,0,0,0,0,0,0,0,0,0,0,0,0,0,0,0,0,0,0,0,0,0,0,0,0,0,0,0,0,1133,0,0,0,0,0,0,0
1782980401.321,0,0,0,0,0,0,0,1820781606,8148302727680,2881862682112,0,0,0,0,0,0,0,0,0,0,0,0,0,0,0,0,0,0,0,0,0,0,0,0,0,0,0,0,0,0,0,0,0,0,0,0,0,0,0,0,0,0,0,0,0,0,0,0,0,0,0,0,0,0,0,0,0,0,7,1956437,499603620,146034933,0,0,0,0,0,0,0,0,0,0,0,0,0,0,0,0,0,0,0,0,0,0,0,0,0,0,0,0,0,0,0,0,0,0,0,0,0,12877217792,5225857024,785962,318962,142216276,374,0,98,786432,497615513,811153,6,8968658120,12884901888,9084379,1407902841,0,0,0,0,0,0,0,0,0,0,0,0,0,0,0,0,0,0,48934412,148831013,0,468,1202,7661,620,97869755,35,0,0,0,0,0,0,0,1,0,0,0,0,0,0,0,0,0,0,58860490,0,142211423,2377893,0,0,0,0,0,0,0,0,16384,0,0,0,0,0,0,0,0,0,0,0,7995,448,0,0,0,0,0,148759089,0,174,0,3,448,7995,0,0,0,0,0,0,0,0,0,0,0,0,0,0,0,0,0,0,0,0,0,0,0,0,0,0,0,0,0,0,0,0,0,0,0,0,0,0,0,0,0,0,0,0,0,0,0,0,0,0,0,0,0,0,747131442,0,0,0,1014251778,0,0,0,0,0,0,0,195660610,497469375,898535956,411881559040,157162760,1,1,0,0,0,0,0,0,0,0,0,0,0,0,0,0,0,0,0,0,0,0,0,0,0,0,0,0,0,0,0,994,0,0,0,0,0,0,0
1782980402.408,0,0,0,0,0,0,0,1821120200,8150237776384,2882476880896,0,0,0,0,0,0,0,0,0,0,0,0,0,0,0,0,0,0,0,0,0,0,0,0,0,0,0,0,0,0,0,0,0,0,0,0,0,0,0,0,0,0,0,0,0,0,0,0,0,0,0,0,0,0,0,0,0,0,7,1956489,499722590,146067153,0,0,0,0,0,0,0,0,0,0,0,0,0,0,0,0,0,0,0,0,0,0,0,0,0,0,0,0,0,0,0,0,0,0,0,0,0,12875972608,5234688000,785887,319500,142246353,444,0,97,786432,497734023,811153,6,8970352328,12884901888,9088772,1408117025,0,0,0,0,0,0,0,0,0,0,0,0,0,0,0,0,0,0,48944472,148841072,0,468,1202,7661,620,97889869,35,0,0,0,0,0,0,0,1,0,0,0,0,0,0,0,0,0,0,58871915,0,142241502,2378296,0,0,0,0,0,0,0,0,16384,0,0,0,0,0,0,0,0,0,0,0,7996,448,0,0,0,0,0,148789709,0,174,0,3,448,7996,0,0,0,0,0,0,0,0,0,0,0,0,0,0,0,0,0,0,0,0,0,0,0,0,0,0,0,0,0,0,0,0,0,0,0,0,0,0,0,0,0,0,0,0,0,0,0,0,0,0,0,0,0,0,747273412,0,0,0,1014421829,0,0,0,0,0,0,0,195679826,497587417,898712353,411956204544,157173919,1,0,0,0,0,0,0,0,0,0,0,0,0,0,0,0,0,0,0,0,0,0,0,0,0,0,0,0,0,0,0,1290,0,0,0,0,0,0,0
1782980403.500,0,0,0,0,0,0,0,1821464566,8152210885120,2883099881984,0,0,0,0,0,0,0,0,0,0,0,0,0,0,0,0,0,0,0,0,0,0,0,0,0,0,0,0,0,0,0,0,0,0,0,0,0,0,0,0,0,0,0,0,0,0,0,0,0,0,0,0,0,0,0,0,0,0,7,1956554,499843968,146099776,0,0,0,0,0,0,0,0,0,0,0,0,0,0,0,0,0,0,0,0,0,0,0,0,0,0,0,0,0,0,0,0,0,0,0,0,0,12876791808,5249630208,785937,320412,142277153,388,0,109,786432,497854955,811153,6,8972079913,12884901888,9091728,1408338066,0,0,0,0,0,0,0,0,0,0,0,0,0,0,0,0,0,0,48954709,148851307,0,468,1202,7661,620,97910350,35,0,0,0,0,0,0,0,1,0,0,0,0,0,0,0,0,0,0,58883535,0,142272228,2378716,0,0,0,0,0,0,0,0,16384,0,0,0,0,0,0,0,0,0,0,0,7997,448,0,0,0,0,0,148820843,0,174,0,3,448,7997,0,0,0,0,0,0,0,0,0,0,0,0,0,0,0,0,0,0,0,0,0,0,0,0,0,0,0,0,0,0,0,0,0,0,0,0,0,0,0,0,0,0,0,0,0,0,0,0,0,0,0,0,0,0,747419487,0,0,0,1014595680,0,0,0,0,0,0,0,195699436,497707765,898892918,412032958976,157185533,1,0,0,0,0,0,0,0,0,0,0,0,0,0,0,0,0,0,0,0,0,0,0,0,0,0,0,0,0,0,0,495,0,0,0,0,0,0,0
1782980404.588,0,0,0,0,0,0,0,1821800983,8154148801024,2883734791168,0,0,0,0,0,0,0,0,0,0,0,0,0,0,0,0,0,0,0,0,0,0,0,0,0,0,0,0,0,0,0,0,0,0,0,0,0,0,0,0,0,0,0,0,0,0,0,0,0,0,0,0,0,0,0,0,0,0,7,1956631,499963125,146133280,0,0,0,0,0,0,0,0,0,0,0,0,0,0,0,0,0,0,0,0,0,0,0,0,0,0,0,0,0,0,0,0,0,0,0,0,0,12883263488,5237309440,786331,319660,142307201,0,0,101,786432,497973683,811153,6,8973762837,12884901888,9095562,1408550655,0,0,0,0,0,0,0,0,0,0,0,0,0,0,0,0,0,0,48964683,148861283,0,468,1202,7661,620,97930302,35,0,0,0,0,0,0,0,1,0,0,0,0,0,0,0,0,0,0,58894876,0,142303629,2379127,0,0,0,0,0,0,0,0,16384,0,0,0,0,0,0,0,0,0,0,0,7999,448,0,0,0,0,0,148851223,0,174,0,3,448,7999,0,0,0,0,0,0,0,0,0,0,0,0,0,0,0,0,0,0,0,0,0,0,0,0,0,0,0,0,0,0,0,0,0,0,0,0,0,0,0,0,0,0,0,0,0,0,0,0,0,0,0,0,0,0,747561389,0,0,0,1014763981,0,0,0,0,0,0,0,195719187,497826022,899070511,412107620352,157196943,1,0,0,0,0,0,0,0,0,0,0,0,0,0,0,0,0,0,0,0,0,0,0,0,0,0,0,0,0,0,0,1241,0,0,0,0,0,0,0
1782980405.676,0,0,0,0,0,0,0,1822133008,8156046297600,2884366152192,0,0,0,0,0,0,0,0,0,0,0,0,0,0,0,0,0,0,0,0,0,0,0,0,0,0,0,0,0,0,0,0,0,0,0,0,0,0,0,0,0,0,0,0,0,0,0,0,0,0,0,0,0,0,0,0,0,0,7,1956686,500079902,146166574,0,0,0,0,0,0,0,0,0,0,0,0,0,0,0,0,0,0,0,0,0,0,0,0,0,0,0,0,0,0,0,0,0,0,0,0,0,12881215488,5220859904,786207,318657,142336271,108,0,117,786432,498090014,811153,6,8975423554,12884901888,9099835,1408760689,0,0,0,0,0,0,0,0,0,0,0,0,0,0,0,0,0,0,48974545,148871142,0,468,1202,7661,620,97950017,35,0,0,0,0,0,0,0,1,0,0,0,0,0,0,0,0,0,0,58906071,0,142334162,2379521,0,0,0,0,0,0,0,0,16384,0,0,0,0,0,0,0,0,0,0,0,8000,448,0,0,0,0,0,148881193,0,174,0,3,448,8000,0,0,0,0,0,0,0,0,0,0,0,0,0,0,0,0,0,0,0,0,0,0,0,0,0,0,0,0,0,0,0,0,0,0,0,0,0,0,0,0,0,0,0,0,0,0,0,0,0,0,0,0,0,0,747702920,0,0,0,1014930694,0,0,0,0,0,0,0,195738070,497941820,899247854,412181803520,157208119,1,0,0,0,0,0,0,0,0,0,0,0,0,0,0,0,0,0,0,0,0,0,0,0,0,0,0,0,0,0,0,1450,0,0,0,0,0,0,0
1782980406.763,0,0,0,0,0,0,0,1822458251,8157904357888,2884984324096,0,0,0,0,0,0,0,0,0,0,0,0,0,0,0,0,0,0,0,0,0,0,0,0,0,0,0,0,0,0,0,0,0,0,0,0,0,0,0,0,0,0,0,0,0,0,0,0,0,0,0,0,0,0,0,0,0,0,7,1956746,500194151,146199167,0,0,0,0,0,0,0,0,0,0,0,0,0,0,0,0,0,0,0,0,0,0,0,0,0,0,0,0,0,0,0,0,0,0,0,0,0,12880052224,5202444288,786136,317532,142369014,200,0,96,786432,498203819,811153,6,8977050537,12884901888,9105225,1408967183,0,0,0,0,0,0,0,0,0,0,0,0,0,0,0,0,0,0,48984187,148880787,0,468,1202,7661,620,97969301,35,0,0,0,0,0,0,0,1,0,0,0,0,0,0,0,0,0,0,58917032,0,142364089,2379912,0,0,0,0,0,0,0,0,16384,0,0,0,0,0,0,0,0,0,0,0,8001,448,0,0,0,0,0,148910520,0,174,0,3,448,8001,0,0,0,0,0,0,0,0,0,0,0,0,0,0,0,0,0,0,0,0,0,0,0,0,0,0,0,0,0,0,0,0,0,0,0,0,0,0,0,0,0,0,0,0,0,0,0,0,0,0,0,0,0,0,747842139,0,0,0,1015093981,0,0,0,0,0,0,0,195758040,498055244,899422470,412254996992,157219937,1,0,0,0,0,0,0,0,0,0,0,0,0,0,0,0,0,0,0,0,0,0,0,0,0,0,0,0,0,0,0,1590,0,0,0,0,0,0,0
1782980407.843,0,0,0,0,0,0,0,1822790375,8159808817664,2885591273984,0,0,0,0,0,0,0,0,0,0,0,0,0,0,0,0,0,0,0,0,0,0,0,0,0,0,0,0,0,0,0,0,0,0,0,0,0,0,0,0,0,0,0,0,0,0,0,0,0,0,0,0,0,0,0,0,0,0,7,1956806,500311335,146231015,0,0,0,0,0,0,0,0,0,0,0,0,0,0,0,0,0,0,0,0,0,0,0,0,0,0,0,0,0,0,0,0,0,0,0,0,0,12877529088,5209358336,785983,317954,142398261,353,0,99,786432,498320530,811153,6,8978713603,12884901888,9110596,1409178660,0,0,0,0,0,0,0,0,0,0,0,0,0,0,0,0,0,0,48994053,148890651,0,468,1202,7661,620,97989025,35,0,0,0,0,0,0,0,1,0,0,0,0,0,0,0,0,0,0,58928230,0,142393336,2380298,0,0,0,0,0,0,0,0,16384,0,0,0,0,0,0,0,0,0,0,0,8002,448,0,0,0,0,0,148940487,0,174,0,3,448,8002,0,0,0,0,0,0,0,0,0,0,0,0,0,0,0,0,0,0,0,0,0,0,0,0,0,0,0,0,0,0,0,0,0,0,0,0,0,0,0,0,0,0,0,0,0,0,0,0,0,0,0,0,0,0,747982530,0,0,0,1015260976,0,0,0,0,0,0,0,195778515,498171521,899597349,412328881664,157231812,1,0,0,0,0,0,0,0,0,0,0,0,0,0,0,0,0,0,0,0,0,0,0,0,0,0,0,0,0,0,0,1626,0,0,0,0,0,0,0
1782980408.927,0,0,0,0,0,0,0,1823115493,8161673366016,2886185037824,0,0,0,0,0,0,0,0,0,0,0,0,0,0,0,0,0,0,0,0,0,0,0,0,0,0,0,0,0,0,0,0,0,0,0,0,0,0,0,0,0,0,0,0,0,0,0,0,0,0,0,0,0,0,0,0,0,0,7,1956856,500426033,146262045,0,0,0,0,0,0,0,0,0,0,0,0,0,0,0,0,0,0,0,0,0,0,0,0,0,0,0,0,0,0,0,0,0,0,0,0,0,12880887808,5217484800,786187,318450,142426130,146,0,101,786432,498434785,811153,6,8980342231,12884901888,9118127,1409385738,0,0,0,0,0,0,0,0,0,0,0,0,0,0,0,0,0,0,49003704,148900305,0,468,1202,7661,620,98008332,35,0,0,0,0,0,0,0,1,0,0,0,0,0,0,0,0,0,0,58939187,0,142421205,2380671,0,0,0,0,0,0,0,0,16384,0,0,0,0,0,0,0,0,0,0,0,8003,448,0,0,0,0,0,148969849,0,174,0,3,448,8003,0,0,0,0,0,0,0,0,0,0,0,0,0,0,0,0,0,0,0,0,0,0,0,0,0,0,0,0,0,0,0,0,0,0,0,0,0,0,0,0,0,0,0,0,0,0,0,0,0,0,0,0,0,0,748122349,0,0,0,1015424519,0,0,0,0,0,0,0,195800343,498285249,899771357,412402392064,157244916,1,0,0,0,0,0,0,0,0,0,0,0,0,0,0,0,0,0,0,0,0,0,0,0,0,0,0,0,0,0,0,1496,0,0,0,0,0,0,0
1782980410.009,0,0,0,0,0,0,0,1823436156,8163509996032,2886770360832,0,0,0,0,0,0,0,0,0,0,0,0,0,0,0,0,0,0,0,0,0,0,0,0,0,0,0,0,0,0,0,0,0,0,0,0,0,0,0,0,0,0,0,0,0,0,0,0,0,0,0,0,0,0,0,0,0,0,7,1956919,500539056,146292745,0,0,0,0,0,0,0,0,0,0,0,0,0,0,0,0,0,0,0,0,0,0,0,0,0,0,0,0,0,0,0,0,0,0,0,0,0,12881739776,5226758144,786239,319016,142453344,67,0,125,786432,498547387,811153,6,8981948398,12884901888,9126499,1409590700,0,0,0,0,0,0,0,0,0,0,0,0,0,0,0,0,0,0,49013225,148909822,0,468,1202,7661,620,98027389,35,0,0,0,0,0,0,0,1,0,0,0,0,0,0,0,0,0,0,58949982,0,142448419,2381035,0,0,0,0,0,0,0,0,16384,0,0,0,0,0,0,0,0,0,0,0,8004,448,0,0,0,0,0,148998800,0,174,0,3,448,8004,0,0,0,0,0,0,0,0,0,0,0,0,0,0,0,0,0,0,0,0,0,0,0,0,0,0,0,0,0,0,0,0,0,0,0,0,0,0,0,0,0,0,0,0,0,0,0,0,0,0,0,0,0,0,748258147,0,0,0,1015585919,0,0,0,0,0,0,0,195821791,498397342,899941346,412473841664,157257633,0,0,0,0,0,0,0,0,0,0,0,0,0,0,0,0,0,0,0,0,0,0,0,0,0,0,0,0,0,0,0,1231,0,0,0,0,0,0,0
1782980411.093,0,0,0,0,0,0,0,1823765473,8165400513024,2887370777088,0,0,0,0,0,0,0,0,0,0,0,0,0,0,0,0,0,0,0,0,0,0,0,0,0,0,0,0,0,0,0,0,0,0,0,0,0,0,0,0,0,0,0,0,0,0,0,0,0,0,0,0,0,0,0,0,0,0,7,1956983,500655290,146324353,0,0,0,0,0,0,0,0,0,0,0,0,0,0,0,0,0,0,0,0,0,0,0,0,0,0,0,0,0,0,0,0,0,0,0,0,0,12875579392,5228806144,785863,319141,142481952,476,0,96,786432,498663161,811153,6,8983596218,12884901888,9131828,1409799163,0,0,0,0,0,0,0,0,0,0,0,0,0,0,0,0,0,0,49023001,148919598,0,468,1202,7661,620,98046934,35,0,0,0,0,0,0,0,1,0,0,0,0,0,0,0,0,0,0,58961090,0,142477077,2381421,0,0,0,0,0,0,0,0,16384,0,0,0,0,0,0,0,0,0,0,0,8005,448,0,0,0,0,0,149028515,0,174,0,3,448,8005,0,0,0,0,0,0,0,0,0,0,0,0,0,0,0,0,0,0,0,0,0,0,0,0,0,0,0,0,0,0,0,0,0,0,0,0,0,0,0,0,0,0,0,0,0,0,0,0,0,0,0,0,0,0,748394845,0,0,0,1015751231,0,0,0,0,0,0,0,195842237,498512721,900112582,412545771008,157269511,1,0,0,0,0,0,0,0,0,0,0,0,0,0,0,0,0,0,0,0,0,0,0,0,0,0,0,0,0,0,0,1553,0,0,0,0,0,0,0
1782980412.181,0,0,0,0,0,0,0,1824068188,8167133497856,2887930783744,0,0,0,0,0,0,0,0,0,0,0,0,0,0,0,0,0,0,0,0,0,0,0,0,0,0,0,0,0,0,0,0,0,0,0,0,0,0,0,0,0,0,0,0,0,0,0,0,0,0,0,0,0,0,0,0,0,0,7,1957037,500761882,146353746,0,0,0,0,0,0,0,0,0,0,0,0,0,0,0,0,0,0,0,0,0,0,0,0,0,0,0,0,0,0,0,0,0,0,0,0,0,12879740928,5230624768,786118,319253,142507024,219,0,97,786432,498769378,811153,6,8985111416,12884901888,9144833,1409992394,0,0,0,0,0,0,0,0,0,0,0,0,0,0,0,0,0,0,49031988,148928589,0,468,1202,7661,620,98064893,35,0,0,0,0,0,0,0,1,0,0,0,0,0,0,0,0,0,0,58971281,0,142502187,2381761,0,0,0,0,0,0,0,0,16384,0,0,0,0,0,0,0,0,0,0,0,8006,448,0,0,0,0,0,149055829,0,174,0,3,448,8006,0,0,0,0,0,0,0,0,0,0,0,0,0,0,0,0,0,0,0,0,0,0,0,0,0,0,0,0,0,0,0,0,0,0,0,0,0,0,0,0,0,0,0,0,0,0,0,0,0,0,0,0,0,0,748524935,0,0,0,1015903849,0,0,0,0,0,0,0,195865070,498618522,900276333,412614145536,157283252,1,1,0,0,0,0,0,0,0,0,0,0,0,0,0,0,0,0,0,0,0,0,0,0,0,0,0,0,0,0,0,1147,0,0,0,0,0,0,0
1782980413.267,0,0,0,0,0,0,0,1824400685,8169025751552,2888530254848,0,0,0,0,0,0,0,0,0,0,0,0,0,0,0,0,0,0,0,0,0,0,0,0,0,0,0,0,0,0,0,0,0,0,0,0,0,0,0,0,0,0,0,0,0,0,0,0,0,0,0,0,0,0,0,0,0,0,7,1957086,500878258,146385136,0,0,0,0,0,0,0,0,0,0,0,0,0,0,0,0,0,0,0,0,0,0,0,0,0,0,0,0,0,0,0,0,0,0,0,0,0,12882165760,5243944960,786264,320065,142535779,69,0,97,786432,498885275,811153,6,8986773780,12884901888,9150477,1410202991,0,0,0,0,0,0,0,0,0,0,0,0,0,0,0,0,0,0,49041841,148938441,0,468,1202,7661,620,98084614,35,0,0,0,0,0,0,0,1,0,0,0,0,0,0,0,0,0,0,58982475,0,142530912,2382149,0,0,0,0,0,0,0,0,16384,0,0,0,0,0,0,0,0,0,0,0,8007,448,0,0,0,0,0,149085820,0,174,0,3,448,8007,0,0,0,0,0,0,0,0,0,0,0,0,0,0,0,0,0,0,0,0,0,0,0,0,0,0,0,0,0,0,0,0,0,0,0,0,0,0,0,0,0,0,0,0,0,0,0,0,0,0,0,0,0,0,748665239,0,0,0,1016070664,0,0,0,0,0,0,0,195885788,498734009,900450720,412687803392,157295466,1,0,0,0,0,0,0,0,0,0,0,0,0,0,0,0,0,0,0,0,0,0,0,0,0,0,0,0,0,0,0,1372,0,0,0,0,0,0,0
1782980414.354,0,0,0,0,0,0,0,1824735767,8170942450176,2889146847232,0,0,0,0,0,0,0,0,0,0,0,0,0,0,0,0,0,0,0,0,0,0,0,0,0,0,0,0,0,0,0,0,0,0,0,0,0,0,0,0,0,0,0,0,0,0,0,0,0,0,0,0,0,0,0,0,0,0,7,1957162,500996149,146417461,0,0,0,0,0,0,0,0,0,0,0,0,0,0,0,0,0,0,0,0,0,0,0,0,0,0,0,0,0,0,0,0,0,0,0,0,0,12877758464,5247369216,785995,320274,142565705,341,0,97,786432,499002749,811153,6,8988455126,12884901888,9154517,1410419574,0,0,0,0,0,0,0,0,0,0,0,0,0,0,0,0,0,0,49051790,148948390,0,468,1202,7661,620,98104514,35,0,0,0,0,0,0,0,1,0,0,0,0,0,0,0,0,0,0,58993779,0,142560780,2382557,0,0,0,0,0,0,0,0,16384,0,0,0,0,0,0,0,0,0,0,0,8008,448,0,0,0,0,0,149116031,0,174,0,3,448,8008,0,0,0,0,0,0,0,0,0,0,0,0,0,0,0,0,0,0,0,0,0,0,0,0,0,0,0,0,0,0,0,0,0,0,0,0,0,0,0,0,0,0,0,0,0,0,0,0,0,0,0,0,0,0,748807030,0,0,0,1016240163,0,0,0,0,0,0,0,195905448,498850975,900627252,412762719744,157307017,1,0,0,0,0,0,0,0,0,0,0,0,0,0,0,0,0,0,0,0,0,0,0,0,0,0,0,0,0,0,0,313,0,0,0,0,0,0,0
1782980415.443,0,0,0,0,0,0,0,1825069089,8172846107136,2889753592320,0,0,0,0,0,0,0,0,0,0,0,0,0,0,0,0,0,0,0,0,0,0,0,0,0,0,0,0,0,0,0,0,0,0,0,0,0,0,0,0,0,0,0,0,0,0,0,0,0,0,0,0,0,0,0,0,0,0,7,1957217,501113244,146449254,0,0,0,0,0,0,0,0,0,0,0,0,0,0,0,0,0,0,0,0,0,0,0,0,0,0,0,0,0,0,0,0,0,0,0,0,0,12881936384,5253382144,786251,320641,142595205,79,0,102,786432,499119415,811153,6,8990121692,12884901888,9159024,1410630187,0,0,0,0,0,0,0,0,0,0,0,0,0,0,0,0,0,0,49061680,148958281,0,468,1202,7661,620,98124294,35,0,0,0,0,0,0,0,1,0,0,0,0,0,0,0,0,0,0,59005012,0,142590280,2382961,0,0,0,0,0,0,0,0,16384,0,0,0,0,0,0,0,0,0,0,0,8009,448,0,0,0,0,0,149146096,0,174,0,3,448,8009,0,0,0,0,0,0,0,0,0,0,0,0,0,0,0,0,0,0,0,0,0,0,0,0,0,0,0,0,0,0,0,0,0,0,0,0,0,0,0,0,0,0,0,0,0,0,0,0,0,0,0,0,0,0,748948464,0,0,0,1016407353,0,0,0,0,0,0,0,195925674,498967065,900802735,412836711936,157318950,1,1,0,0,0,0,0,0,0,0,0,0,0,0,0,0,0,0,0,0,0,0,0,0,0,0,0,0,0,0,0,529,0,0,0,0,0,0,0
1782980416.529,0,0,0,0,0,0,0,1825403989,8174763592192,2890360737792,0,0,0,0,0,0,0,0,0,0,0,0,0,0,0,0,0,0,0,0,0,0,0,0,0,0,0,0,0,0,0,0,0,0,0,0,0,0,0,0,0,0,0,0,0,0,0,0,0,0,0,0,0,0,0,0,0,0,7,1957280,501231200,146481096,0,0,0,0,0,0,0,0,0,0,0,0,0,0,0,0,0,0,0,0,0,0,0,0,0,0,0,0,0,0,0,0,0,0,0,0,0,12880396288,5263212544,786158,321241,142624616,179,0,96,786432,499236900,811153,6,8991796872,12884901888,9165269,1410842550,0,0,0,0,0,0,0,0,0,0,0,0,0,0,0,0,0,0,49071636,148968238,0,468,1202,7661,620,98144212,35,0,0,0,0,0,0,0,1,0,0,0,0,0,0,0,0,0,0,59016314,0,142619691,2383357,0,0,0,0,0,0,0,0,16384,0,0,0,0,0,0,0,0,0,0,0,8010,448,0,0,0,0,0,149176364,0,174,0,3,448,8010,0,0,0,0,0,0,0,0,0,0,0,0,0,0,0,0,0,0,0,0,0,0,0,0,0,0,0,0,0,0,0,0,0,0,0,0,0,0,0,0,0,0,0,0,0,0,0,0,0,0,0,0,0,0,749089645,0,0,0,1016575370,0,0,0,0,0,0,0,195945812,499084073,900978298,412911076352,157330808,1,0,0,0,0,0,0,0,0,0,0,0,0,0,0,0,0,0,0,0,0,0,0,0,0,0,0,0,0,0,0,906,0,0,0,0,0,0,0
1782980417.622,0,0,0,0,0,0,0,1825733023,8176643459584,2890992528896,0,0,0,0,0,0,0,0,0,0,0,0,0,0,0,0,0,0,0,0,0,0,0,0,0,0,0,0,0,0,0,0,0,0,0,0,0,0,0,0,0,0,0,0,0,0,0,0,0,0,0,0,0,0,0,0,0,0,7,1957342,501346759,146514495,0,0,0,0,0,0,0,0,0,0,0,0,0,0,0,0,0,0,0,0,0,0,0,0,0,0,0,0,0,0,0,0,0,0,0,0,0,12882395136,5240094720,786278,319830,142653185,52,0,100,786432,499351999,811153,6,8993442975,12884901888,9169834,1411050618,0,0,0,0,0,0,0,0,0,0,0,0,0,0,0,0,0,0,49081403,148978001,0,468,1202,7661,620,98163735,35,0,0,0,0,0,0,0,1,0,0,0,0,0,0,0,0,0,0,59027396,0,142650052,2383757,0,0,0,0,0,0,0,0,16384,0,0,0,0,0,0,0,0,0,0,0,8012,448,0,0,0,0,0,149206019,0,174,0,3,448,8012,0,0,0,0,0,0,0,0,0,0,0,0,0,0,0,0,0,0,0,0,0,0,0,0,0,0,0,0,0,0,0,0,0,0,0,0,0,0,0,0,0,0,0,0,0,0,0,0,0,0,0,0,0,0,749229826,0,0,0,1016740440,0,0,0,0,0,0,0,195965570,499198761,901154694,412984670208,157342282,1,1,0,0,0,0,0,0,0,0,0,0,0,0,0,0,0,0,0,0,0,0,0,0,0,0,0,0,0,0,0,1330,0,0,0,0,0,0,0
1782980418.704,0,0,0,0,0,0,0,1826054985,8178477746688,2891608578048,0,0,0,0,0,0,0,0,0,0,0,0,0,0,0,0,0,0,0,0,0,0,0,0,0,0,0,0,0,0,0,0,0,0,0,0,0,0,0,0,0,0,0,0,0,0,0,0,0,0,0,0,0,0,0,0,0,0,7,1957394,501459552,146546883,0,0,0,0,0,0,0,0,0,0,0,0,0,0,0,0,0,0,0,0,0,0,0,0,0,0,0,0,0,0,0,0,0,0,0,0,0,12881477632,5219696640,786223,318585,142681006,111,0,97,786432,499464413,811153,6,8995052278,12884901888,9177212,1411254711,0,0,0,0,0,0,0,0,0,0,0,0,0,0,0,0,0,0,49090945,148987545,0,468,1202,7661,620,98182833,35,0,0,0,0,0,0,0,1,0,0,0,0,0,0,0,0,0,0,59038234,0,142679665,2384146,0,0,0,0,0,0,0,0,16384,0,0,0,0,0,0,0,0,0,0,0,8013,448,0,0,0,0,0,149235027,0,174,0,3,448,8013,0,0,0,0,0,0,0,0,0,0,0,0,0,0,0,0,0,0,0,0,0,0,0,0,0,0,0,0,0,0,0,0,0,0,0,0,0,0,0,0,0,0,0,0,0,0,0,0,0,0,0,0,0,0,749366829,0,0,0,1016901922,0,0,0,0,0,0,0,195986112,499310663,901327116,413056696832,157354467,1,0,0,0,0,0,0,0,0,0,0,0,0,0,0,0,0,0,0,0,0,0,0,0,0,0,0,0,0,0,0,1597,0,0,0,0,0,0,0
1782980419.790,0,0,0,0,0,0,0,1826363516,8180244040192,2892192158208,0,0,0,0,0,0,0,0,0,0,0,0,0,0,0,0,0,0,0,0,0,0,0,0,0,0,0,0,0,0,0,0,0,0,0,0,0,0,0,0,0,0,0,0,0,0,0,0,0,0,0,0,0,0,0,0,0,0,7,1957433,501568230,146577826,0,0,0,0,0,0,0,0,0,0,0,0,0,0,0,0,0,0,0,0,0,0,0,0,0,0,0,0,0,0,0,0,0,0,0,0,0,12877905920,5202411520,786005,317530,142711615,299,0,127,786432,499572701,811153,6,8996595591,12884901888,9187169,1411450309,0,0,0,0,0,0,0,0,0,0,0,0,0,0,0,0,0,0,49100108,148996704,0,468,1202,7661,620,98201135,35,0,0,0,0,0,0,0,1,0,0,0,0,0,0,0,0,0,0,59048623,0,142706690,2384493,0,0,0,0,0,0,0,0,16384,0,0,0,0,0,0,0,0,0,0,0,8014,448,0,0,0,0,0,149262875,0,174,0,3,448,8014,0,0,0,0,0,0,0,0,0,0,0,0,0,0,0,0,0,0,0,0,0,0,0,0,0,0,0,0,0,0,0,0,0,0,0,0,0,0,0,0,0,0,0,0,0,0,0,0,0,0,0,0,0,0,749499401,0,0,0,1017057040,0,0,0,0,0,0,0,196007262,499418365,901494532,413126074368,157366842,1,0,0,0,0,0,0,0,0,0,0,0,0,0,0,0,0,0,0,0,0,0,0,0,0,0,0,0,0,0,0,1477,0,0,0,0,0,0,0
1782980420.869,0,0,0,0,0,0,0,1826666213,8181969914368,2892750258176,0,0,0,0,0,0,0,0,0,0,0,0,0,0,0,0,0,0,0,0,0,0,0,0,0,0,0,0,0,0,0,0,0,0,0,0,0,0,0,0,0,0,0,0,0,0,0,0,0,0,0,0,0,0,0,0,0,0,7,1957465,501674333,146607092,0,0,0,0,0,0,0,0,0,0,0,0,0,0,0,0,0,0,0,0,0,0,0,0,0,0,0,0,0,0,0,0,0,0,0,0,0,12879380480,5203509248,786095,317597,142736757,238,0,96,786432,499678447,811153,6,8998110698,12884901888,9198529,1411644003,0,0,0,0,0,0,0,0,0,0,0,0,0,0,0,0,0,0,49109080,149005678,0,468,1202,7661,620,98219089,35,0,0,0,0,0,0,0,1,0,0,0,0,0,0,0,0,0,0,59058810,0,142731832,2384835,0,0,0,0,0,0,0,0,16384,0,0,0,0,0,0,0,0,0,0,0,8015,448,0,0,0,0,0,149290117,0,174,0,3,448,8015,0,0,0,0,0,0,0,0,0,0,0,0,0,0,0,0,0,0,0,0,0,0,0,0,0,0,0,0,0,0,0,0,0,0,0,0,0,0,0,0,0,0,0,0,0,0,0,0,0,0,0,0,0,0,749630726,0,0,0,1017210027,0,0,0,0,0,0,0,196028617,499523737,901659188,413194680832,157379476,1,0,0,0,0,0,0,0,0,0,0,0,0,0,0,0,0,0,0,0,0,0,0,0,0,0,0,0,0,0,0,643,0,0,0,0,0,0,0
1782980421.957,0,0,0,0,0,0,0,1826987653,8183815145984,2893339788288,0,0,0,0,0,0,0,0,0,0,0,0,0,0,0,0,0,0,0,0,0,0,0,0,0,0,0,0,0,0,0,0,0,0,0,0,0,0,0,0,0,0,0,0,0,0,0,0,0,0,0,0,0,0,0,0,0,0,7,1957537,501787786,146637994,0,0,0,0,0,0,0,0,0,0,0,0,0,0,0,0,0,0,0,0,0,0,0,0,0,0,0,0,0,0,0,0,0,0,0,0,0,12876840960,5208817664,785939,317921,142764327,393,0,98,786432,499791479,811153,6,8999720211,12884901888,9206950,1411849073,0,0,0,0,0,0,0,0,0,0,0,0,0,0,0,0,0,0,49118618,149015220,0,468,1202,7661,620,98238164,35,0,0,0,0,0,0,0,1,0,0,0,0,0,0,0,0,0,0,59069629,0,142759402,2385203,0,0,0,0,0,0,0,0,16384,0,0,0,0,0,0,0,0,0,0,0,8017,449,0,0,0,0,0,149319144,0,174,0,3,449,8017,0,0,0,0,1,0,0,0,0,0,0,0,0,0,0,0,0,0,0,0,0,0,0,0,0,0,0,0,0,0,0,0,0,0,0,0,0,0,0,0,0,0,0,0,0,0,0,0,0,0,0,0,0,0,749767570,0,0,0,1017371732,0,0,0,0,0,0,0,196047836,499636339,901830271,413266781696,157390472,1,0,0,0,0,0,0,0,0,0,0,0,0,0,0,0,0,0,0,0,0,0,0,0,0,0,0,0,0,0,0,384,0,0,0,0,0,0,0
1782980423.047,0,0,0,0,0,0,0,1827315000,8185695422976,2893939545600,0,0,0,0,0,0,0,0,0,0,0,0,0,0,0,0,0,0,0,0,0,0,0,0,0,0,0,0,0,0,0,0,0,0,0,0,0,0,0,0,0,0,0,0,0,0,0,0,0,0,0,0,0,0,0,0,0,0,7,1957590,501903455,146669437,0,0,0,0,0,0,0,0,0,0,0,0,0,0,0,0,0,0,0,0,0,0,0,0,0,0,0,0,0,0,0,0,0,0,0,0,0,12878184448,5215928320,786023,318355,142793210,313,0,97,786432,499906754,811153,6,9001357776,12884901888,9212635,1412055524,0,0,0,0,0,0,0,0,0,0,0,0,0,0,0,0,0,0,49128334,149024932,0,468,1202,7661,620,98257598,35,0,0,0,0,0,0,0,1,0,0,0,0,0,0,0,0,0,0,59080651,0,142788285,2385580,0,0,0,0,0,0,0,0,16384,0,0,0,0,0,0,0,0,0,0,0,8018,449,0,0,0,0,0,149348671,0,174,0,3,449,8018,0,0,0,0,0,0,0,0,0,0,0,0,0,0,0,0,0,0,0,0,0,0,0,0,0,0,0,0,0,0,0,0,0,0,0,0,0,0,0,0,0,0,0,0,0,0,0,0,0,0,0,0,0,0,749908709,0,0,0,1017535686,0,0,0,0,0,0,0,196066387,499751115,902005422,413340552704,157401381,1,0,0,0,0,0,0,0,0,0,0,0,0,0,0,0,0,0,0,0,0,0,0,0,0,0,0,0,0,0,0,975,0,0,0,0,0,0,0
1782980424.136,0,0,0,0,0,0,0,1827630496,8187495320064,2894517770240,0,0,0,0,0,0,0,0,0,0,0,0,0,0,0,0,0,0,0,0,0,0,0,0,0,0,0,0,0,0,0,0,0,0,0,0,0,0,0,0,0,0,0,0,0,0,0,0,0,0,0,0,0,0,0,0,0,0,7,1957646,502014180,146699701,0,0,0,0,0,0,0,0,0,0,0,0,0,0,0,0,0,0,0,0,0,0,0,0,0,0,0,0,0,0,0,0,0,0,0,0,0,12878987264,5220974592,786071,318664,142819951,264,0,97,786432,500017094,811153,6,9002936159,12884901888,9220850,1412256046,0,0,0,0,0,0,0,0,0,0,0,0,0,0,0,0,0,0,49137696,149034296,0,468,1202,7661,620,98276328,35,0,0,0,0,0,0,0,1,0,0,0,0,0,0,0,0,0,0,59091284,0,142815026,2385952,0,0,0,0,0,0,0,0,16384,0,0,0,0,0,0,0,0,0,0,0,8019,449,0,0,0,0,0,149377139,0,174,0,3,449,8019,0,0,0,0,0,0,0,0,0,0,0,0,0,0,0,0,0,0,0,0,0,0,0,0,0,0,0,0,0,0,0,0,0,0,0,0,0,0,0,0,0,0,0,0,0,0,0,0,0,0,0,0,0,0,750044498,0,0,0,1017694077,0,0,0,0,0,0,0,196087174,499861014,902175013,413411886592,157413431,1,0,0,0,0,0,0,0,0,0,0,0,0,0,0,0,0,0,0,0,0,0,0,0,0,0,0,0,0,0,0,1096,0,0,0,0,0,0,0
1782980425.223,0,0,0,0,0,0,0,1827961067,8189390850560,2895121948672,0,0,0,0,0,0,0,0,0,0,0,0,0,0,0,0,0,0,0,0,0,0,0,0,0,0,0,0,0,0,0,0,0,0,0,0,0,0,0,0,0,0,0,0,0,0,0,0,0,0,0,0,0,0,0,0,0,0,7,1957705,502130806,146731424,0,0,0,0,0,0,0,0,0,0,0,0,0,0,0,0,0,0,0,0,0,0,0,0,0,0,0,0,0,0,0,0,0,0,0,0,0,12878823424,5231493120,786061,319305,142848980,261,0,112,786432,500133285,811153,6,9004590709,12884901888,9227928,1412465339,0,0,0,0,0,0,0,0,0,0,0,0,0,0,0,0,0,0,49147520,149044117,0,468,1202,7661,620,98295973,35,0,0,0,0,0,0,0,1,0,0,0,0,0,0,0,0,0,0,59102438,0,142844055,2386336,0,0,0,0,0,0,0,0,16384,0,0,0,0,0,0,0,0,0,0,0,8020,449,0,0,0,0,0,149407005,0,174,0,3,449,8020,0,0,0,0,0,0,0,0,0,0,0,0,0,0,0,0,0,0,0,0,0,0,0,0,0,0,0,0,0,0,0,0,0,0,0,0,0,0,0,0,0,0,0,0,0,0,0,0,0,0,0,0,0,0,750184566,0,0,0,1017860116,0,0,0,0,0,0,0,196107246,499976707,902349499,413485454336,157425184,1,0,0,0,0,0,0,0,0,0,0,0,0,0,0,0,0,0,0,0,0,0,0,0,0,0,0,0,0,0,0,1347,0,0,0,0,0,0,0
1782980426.309,0,0,0,0,0,0,0,1828301845,8191340349952,2895742184448,0,0,0,0,0,0,0,0,0,0,0,0,0,0,0,0,0,0,0,0,0,0,0,0,0,0,0,0,0,0,0,0,0,0,0,0,0,0,0,0,0,0,0,0,0,0,0,0,0,0,0,0,0,0,0,0,0,0,7,1957766,502250719,146763881,0,0,0,0,0,0,0,0,0,0,0,0,0,0,0,0,0,0,0,0,0,0,0,0,0,0,0,0,0,0,0,0,0,0,0,0,0,12877086720,5243715584,785955,320051,142879472,380,0,97,786432,500252743,811153,6,9006298437,12884901888,9231813,1412682755,0,0,0,0,0,0,0,0,0,0,0,0,0,0,0,0,0,0,49157638,149054238,0,468,1202,7661,620,98316220,35,0,0,0,0,0,0,0,1,0,0,0,0,0,0,0,0,0,0,59113925,0,142874547,2386748,0,0,0,0,0,0,0,0,16384,0,0,0,0,0,0,0,0,0,0,0,8021,449,0,0,0,0,0,149437786,0,174,0,3,449,8021,0,0,0,0,0,0,0,0,0,0,0,0,0,0,0,0,0,0,0,0,0,0,0,0,0,0,0,0,0,0,0,0,0,0,0,0,0,0,0,0,0,0,0,0,0,0,0,0,0,0,0,0,0,0,750330106,0,0,0,1018031690,0,0,0,0,0,0,0,196127302,500095750,902529453,413562056704,157437019,1,1,0,0,0,0,0,0,0,0,0,0,0,0,0,0,0,0,0,0,0,0,0,0,0,0,0,0,0,0,0,1101,0,0,0,0,0,0,0
1782980427.398,0,0,0,0,0,0,0,1828631379,8193232914944,2896351431680,0,0,0,0,0,0,0,0,0,0,0,0,0,0,0,0,0,0,0,0,0,0,0,0,0,0,0,0,0,0,0,0,0,0,0,0,0,0,0,0,0,0,0,0,0,0,0,0,0,0,0,0,0,0,0,0,0,0,7,1957820,502367173,146795856,0,0,0,0,0,0,0,0,0,0,0,0,0,0,0,0,0,0,0,0,0,0,0,0,0,0,0,0,0,0,0,0,0,0,0,0,0,12880035840,5246451712,786135,320218,142908965,162,0,135,786432,500368779,811153,6,9007949534,12884901888,9238042,1412892875,0,0,0,0,0,0,0,0,0,0,0,0,0,0,0,0,0,0,49167421,149064023,0,468,1202,7661,620,98335779,35,0,0,0,0,0,0,0,1,0,0,0,0,0,0,0,0,0,0,59125041,0,142904040,2387139,0,0,0,0,0,0,0,0,16384,0,0,0,0,0,0,0,0,0,0,0,8022,449,0,0,0,0,0,149467528,0,174,0,3,449,8022,0,0,0,0,0,0,0,0,0,0,0,0,0,0,0,0,0,0,0,0,0,0,0,0,0,0,0,0,0,0,0,0,0,0,0,0,0,0,0,0,0,0,0,0,0,0,0,0,0,0,0,0,0,0,750470360,0,0,0,1018197483,0,0,0,0,0,0,0,196148146,500211164,902704199,413635747840,157449575,0,0,0,0,0,0,0,0,0,0,0,0,0,0,0,0,0,0,0,0,0,0,0,0,0,0,0,0,0,0,0,960,0,0,0,0,0,0,0
1782980428.485,0,0,0,0,0,0,0,1828972656,8195183299072,2896970982400,0,0,0,0,0,0,0,0,0,0,0,0,0,0,0,0,0,0,0,0,0,0,0,0,0,0,0,0,0,0,0,0,0,0,0,0,0,0,0,0,0,0,0,0,0,0,0,0,0,0,0,0,0,0,0,0,0,0,7,1957876,502487055,146828255,0,0,0,0,0,0,0,0,0,0,0,0,0,0,0,0,0,0,0,0,0,0,0,0,0,0,0,0,0,0,0,0,0,0,0,0,0,12877987840,5257674752,786011,320903,142939287,326,0,98,786432,500488191,811153,6,9009657796,12884901888,9242295,1413110433,0,0,0,0,0,0,0,0,0,0,0,0,0,0,0,0,0,0,49177553,149074152,0,468,1202,7661,620,98356042,35,0,0,0,0,0,0,0,1,0,0,0,0,0,0,0,0,0,0,59136538,0,142934362,2387554,0,0,0,0,0,0,0,0,16384,0,0,0,0,0,0,0,0,0,0,0,8023,449,0,0,0,0,0,149498317,0,174,0,3,449,8023,0,0,0,0,0,0,0,0,0,0,0,0,0,0,0,0,0,0,0,0,0,0,0,0,0,0,0,0,0,0,0,0,0,0,0,0,0,0,0,0,0,0,0,0,0,0,0,0,0,0,0,0,0,0,750616070,0,0,0,1018369198,0,0,0,0,0,0,0,196168506,500330077,902884412,413712286208,157461572,1,0,0,0,0,0,0,0,0,0,0,0,0,0,0,0,0,0,0,0,0,0,0,0,0,0,0,0,0,0,0,722,0,0,0,0,0,0,0
1782980429.572,0,0,0,0,0,0,0,1829279921,8196936190464,2897543440896,0,0,0,0,0,0,0,0,0,0,0,0,0,0,0,0,0,0,0,0,0,0,0,0,0,0,0,0,0,0,0,0,0,0,0,0,0,0,0,0,0,0,0,0,0,0,0,0,0,0,0,0,0,0,0,0,0,0,7,1957912,502594870,146858260,0,0,0,0,0,0,0,0,0,0,0,0,0,0,0,0,0,0,0,0,0,0,0,0,0,0,0,0,0,0,0,0,0,0,0,0,0,12883230720,5254840320,786328,320730,142964816,0,0,102,786432,500595671,811153,6,9011193229,12884901888,9252967,1413304847,0,0,0,0,0,0,0,0,0,0,0,0,0,0,0,0,0,0,49186674,149083277,0,468,1202,7661,620,98374274,35,0,0,0,0,0,0,0,1,0,0,0,0,0,0,0,0,0,0,59146902,0,142960403,2387906,0,0,0,0,0,0,0,0,16384,0,0,0,0,0,0,0,0,0,0,0,8024,449,0,0,0,0,0,149526062,0,174,0,3,449,8024,0,0,0,0,0,0,0,0,0,0,0,0,0,0,0,0,0,0,0,0,0,0,0,0,0,0,0,0,0,0,0,0,0,0,0,0,0,0,0,0,0,0,0,0,0,0,0,0,0,0,0,0,0,0,750749904,0,0,0,1018523580,0,0,0,0,0,0,0,196189199,500437043,903052212,413782329344,157473527,1,1,0,0,0,0,0,0,0,0,0,0,0,0,0,0,0,0,0,0,0,0,0,0,0,0,0,0,0,0,0,804,0,0,0,0,0,0,0
1782980430.659,0,0,0,0,0,0,0,1829589922,8198709938688,2898147411456,0,0,0,0,0,0,0,0,0,0,0,0,0,0,0,0,0,0,0,0,0,0,0,0,0,0,0,0,0,0,0,0,0,0,0,0,0,0,0,0,0,0,0,0,0,0,0,0,0,0,0,0,0,0,0,0,0,0,7,1957968,502703932,146889998,0,0,0,0,0,0,0,0,0,0,0,0,0,0,0,0,0,0,0,0,0,0,0,0,0,0,0,0,0,0,0,0,0,0,0,0,0,12883132416,5230313472,786324,319233,142990684,0,0,108,786432,500704348,811153,6,9012743887,12884901888,9261866,1413500653,0,0,0,0,0,0,0,0,0,0,0,0,0,0,0,0,0,0,49195877,149092479,0,468,1202,7661,620,98392687,35,0,0,0,0,0,0,0,1,0,0,0,0,0,0,0,0,0,0,59157330,0,142988005,2388257,0,0,0,0,0,0,0,0,16384,0,0,0,0,0,0,0,0,0,0,0,8025,449,0,0,0,0,0,149554076,0,174,0,3,449,8025,0,0,0,0,0,0,0,0,0,0,0,0,0,0,0,0,0,0,0,0,0,0,0,0,0,0,0,0,0,0,0,0,0,0,0,0,0,0,0,0,0,0,0,0,0,0,0,0,0,0,0,0,0,0,750885865,0,0,0,1018679113,0,0,0,0,0,0,0,196207138,500545238,903223761,413853585920,157483341,1,0,0,0,0,0,0,0,0,0,0,0,0,0,0,0,0,0,0,0,0,0,0,0,0,0,0,0,0,0,0,1153,0,0,0,0,0,0,0
1782980431.743,0,0,0,0,0,0,0,1829878063,8200352303616,2898694558208,0,0,0,0,0,0,0,0,0,0,0,0,0,0,0,0,0,0,0,0,0,0,0,0,0,0,0,0,0,0,0,0,0,0,0,0,0,0,0,0,0,0,0,0,0,0,0,0,0,0,0,0,0,0,0,0,0,0,7,1958005,502804905,146918537,0,0,0,0,0,0,0,0,0,0,0,0,0,0,0,0,0,0,0,0,0,0,0,0,0,0,0,0,0,0,0,0,0,0,0,0,0,12883214336,5220909056,786329,318659,143013293,0,0,103,786432,500804992,811153,6,9014184479,12884901888,9276544,1413684598,0,0,0,0,0,0,0,0,0,0,0,0,0,0,0,0,0,0,49204402,149101002,0,468,1202,7661,620,98409746,35,0,0,0,0,0,0,0,1,0,0,0,0,0,0,0,0,0,0,59166982,0,143011254,2388554,0,0,0,0,0,0,0,0,16384,0,0,0,0,0,0,0,0,0,0,0,8026,449,0,0,0,0,0,149579989,0,174,0,3,449,8026,0,0,0,0,0,0,0,0,0,0,0,0,0,0,0,0,0,0,0,0,0,0,0,0,0,0,0,0,0,0,0,0,0,0,0,0,0,0,0,0,0,0,0,0,0,0,0,0,0,0,0,0,0,0,751013329,0,0,0,1018824155,0,0,0,0,0,0,0,196227580,500645405,903385115,413920347136,157494937,1,0,0,0,0,0,0,0,0,0,0,0,0,0,0,0,0,0,0,0,0,0,0,0,0,0,0,0,0,0,0,664,0,0,0,0,0,0,0
1782980432.823,0,0,0,0,0,0,0,1830175352,8202052258304,2899270009856,0,0,0,0,0,0,0,0,0,0,0,0,0,0,0,0,0,0,0,0,0,0,0,0,0,0,0,0,0,0,0,0,0,0,0,0,0,0,0,0,0,0,0,0,0,0,0,0,0,0,0,0,0,0,0,0,0,0,7,1958047,502909431,146949179,0,0,0,0,0,0,0,0,0,0,0,0,0,0,0,0,0,0,0,0,0,0,0,0,0,0,0,0,0,0,0,0,0,0,0,0,0,12879118336,5188616192,786078,316687,143042130,247,0,108,786432,500909137,811153,6,9015671510,12884901888,9288948,1413873278,0,0,0,0,0,0,0,0,0,0,0,0,0,0,0,0,0,0,49213216,149109814,0,468,1202,7661,620,98427376,35,0,0,0,0,0,0,0,1,0,0,0,0,0,0,0,0,0,0,59176984,0,143037147,2388874,0,0,0,0,0,0,0,0,16384,0,0,0,0,0,0,0,0,0,0,0,8028,449,0,0,0,0,0,149606741,0,174,0,3,449,8028,0,0,0,0,0,0,0,0,0,0,0,0,0,0,0,0,0,0,0,0,0,0,0,0,0,0,0,0,0,0,0,0,0,0,0,0,0,0,0,0,0,0,0,0,0,0,0,0,0,0,0,0,0,0,751144501,0,0,0,1018973762,0,0,0,0,0,0,0,196247346,500749105,903551659,413989091840,157505946,1,1,0,0,0,0,0,0,0,0,0,0,0,0,0,0,0,0,0,0,0,0,0,0,0,0,0,0,0,0,0,406,0,0,0,0,0,0,0
1782980433.903,0,0,0,0,0,0,0,1830487170,8203837426176,2899843023360,0,0,0,0,0,0,0,0,0,0,0,0,0,0,0,0,0,0,0,0,0,0,0,0,0,0,0,0,0,0,0,0,0,0,0,0,0,0,0,0,0,0,0,0,0,0,0,0,0,0,0,0,0,0,0,0,0,0,7,1958111,503019158,146979132,0,0,0,0,0,0,0,0,0,0,0,0,0,0,0,0,0,0,0,0,0,0,0,0,0,0,0,0,0,0,0,0,0,0,0,0,0,12875464704,5195399168,785856,317102,143068542,480,0,98,786432,501018488,811153,6,9017228878,12884901888,9298265,1414069436,0,0,0,0,0,0,0,0,0,0,0,0,0,0,0,0,0,0,49222470,149119075,0,468,1202,7661,620,98445874,35,0,0,0,0,0,0,0,1,0,0,0,0,0,0,0,0,0,0,59187501,0,143063559,2389221,0,0,0,0,0,0,0,0,16384,0,0,0,0,0,0,0,0,0,0,0,8029,449,0,0,0,0,0,149634937,0,174,0,3,449,8029,0,0,0,0,0,0,0,0,0,0,0,0,0,0,0,0,0,0,0,0,0,0,0,0,0,0,0,0,0,0,0,0,0,0,0,0,0,0,0,0,0,0,0,0,0,0,0,0,0,0,0,0,0,0,751280329,0,0,0,1019129806,0,0,0,0,0,0,0,196265922,500858017,903720974,414060313600,157516580,1,1,0,0,0,0,0,0,0,0,0,0,0,0,0,0,0,0,0,0,0,0,0,0,0,0,0,0,0,0,0,1121,0,0,0,0,0,0,0
1782980434.987,0,0,0,0,0,0,0,1830807752,8205672090112,2900432819712,0,0,0,0,0,0,0,0,0,0,0,0,0,0,0,0,0,0,0,0,0,0,0,0,0,0,0,0,0,0,0,0,0,0,0,0,0,0,0,0,0,0,0,0,0,0,0,0,0,0,0,0,0,0,0,0,0,0,7,1958165,503132034,147009958,0,0,0,0,0,0,0,0,0,0,0,0,0,0,0,0,0,0,0,0,0,0,0,0,0,0,0,0,0,0,0,0,0,0,0,0,0,12880199680,5202575360,786146,317540,143096587,189,0,96,786432,501130941,811153,6,9018834636,12884901888,9303757,1414273351,0,0,0,0,0,0,0,0,0,0,0,0,0,0,0,0,0,0,49232014,149128615,0,468,1202,7661,620,98464955,35,0,0,0,0,0,0,0,1,0,0,0,0,0,0,0,0,0,0,59198348,0,143091604,2389589,0,0,0,0,0,0,0,0,16384,0,0,0,0,0,0,0,0,0,0,0,8030,449,0,0,0,0,0,149663964,0,174,0,3,449,8030,0,0,0,0,0,0,0,0,0,0,0,0,0,0,0,0,0,0,0,0,0,0,0,0,0,0,0,0,0,0,0,0,0,0,0,0,0,0,0,0,0,0,0,0,0,0,0,0,0,0,0,0,0,0,751420004,0,0,0,1019291198,0,0,0,0,0,0,0,196284064,500970011,903894218,414133441536,157527128,1,1,0,0,0,0,0,0,0,0,0,0,0,0,0,0,0,0,0,0,0,0,0,0,0,0,0,0,0,0,0,1090,0,0,0,0,0,0,0
1782980436.071,0,0,0,0,0,0,0,1831110951,8207403387392,2900993307136,0,0,0,0,0,0,0,0,0,0,0,0,0,0,0,0,0,0,0,0,0,0,0,0,0,0,0,0,0,0,0,0,0,0,0,0,0,0,0,0,0,0,0,0,0,0,0,0,0,0,0,0,0,0,0,0,0,0,7,1958211,503238522,147039384,0,0,0,0,0,0,0,0,0,0,0,0,0,0,0,0,0,0,0,0,0,0,0,0,0,0,0,0,0,0,0,0,0,0,0,0,0,12878643200,5200953344,786050,317441,143121854,278,0,103,786432,501237043,811153,6,9020349260,12884901888,9315389,1414464399,0,0,0,0,0,0,0,0,0,0,0,0,0,0,0,0,0,0,49240994,149137592,0,468,1202,7661,620,98482921,35,0,0,0,0,0,0,0,1,0,0,0,0,0,0,0,0,0,0,59208520,0,143116944,2389926,0,0,0,0,0,0,0,0,16384,0,0,0,0,0,0,0,0,0,0,0,8031,449,0,0,0,0,0,149691266,0,174,0,3,449,8031,0,0,0,0,0,0,0,0,0,0,0,0,0,0,0,0,0,0,0,0,0,0,0,0,0,0,0,0,0,0,0,0,0,0,0,0,0,0,0,0,0,0,0,0,0,0,0,0,0,0,0,0,0,0,751552126,0,0,0,1019443268,0,0,0,0,0,0,0,196305059,501075716,904059890,414202594304,157539473,1,0,0,0,0,0,0,0,0,0,0,0,0,0,0,0,0,0,0,0,0,0,0,0,0,0,0,0,0,0,0,1370,0,0,0,0,0,0,0
1782980437.162,0,0,0,0,0,0,0,1831442480,8209304930816,2901596593664,0,0,0,0,0,0,0,0,0,0,0,0,0,0,0,0,0,0,0,0,0,0,0,0,0,0,0,0,0,0,0,0,0,0,0,0,0,0,0,0,0,0,0,0,0,0,0,0,0,0,0,0,0,0,0,0,0,0,7,1958262,503355475,147070942,0,0,0,0,0,0,0,0,0,0,0,0,0,0,0,0,0,0,0,0,0,0,0,0,0,0,0,0,0,0,0,0,0,0,0,0,0,12879265792,5209554944,786088,317966,143151435,245,0,97,786432,501353584,811153,6,9022011311,12884901888,9319110,1414676625,0,0,0,0,0,0,0,0,0,0,0,0,0,0,0,0,0,0,49250840,149147442,0,468,1202,7661,620,98502619,35,0,0,0,0,0,0,0,1,0,0,0,0,0,0,0,0,0,0,59219720,0,143146452,2390318,0,0,0,0,0,0,0,0,16384,0,0,0,0,0,0,0,0,0,0,0,8032,449,0,0,0,0,0,149721206,0,174,0,3,449,8032,0,0,0,0,0,0,0,0,0,0,0,0,0,0,0,0,0,0,0,0,0,0,0,0,0,0,0,0,0,0,0,0,0,0,0,0,0,0,0,0,0,0,0,0,0,0,0,0,0,0,0,0,0,0,751694430,0,0,0,1019610713,0,0,0,0,0,0,0,196323472,501191746,904235830,414277293056,157550402,1,0,0,0,0,0,0,0,0,0,0,0,0,0,0,0,0,0,0,0,0,0,0,0,0,0,0,0,0,0,0,648,0,0,0,0,0,0,0
1782980438.253,0,0,0,0,0,0,0,1831764009,8211137432064,2902183632384,0,0,0,0,0,0,0,0,0,0,0,0,0,0,0,0,0,0,0,0,0,0,0,0,0,0,0,0,0,0,0,0,0,0,0,0,0,0,0,0,0,0,0,0,0,0,0,0,0,0,0,0,0,0,0,0,0,0,7,1958312,503468226,147101677,0,0,0,0,0,0,0,0,0,0,0,0,0,0,0,0,0,0,0,0,0,0,0,0,0,0,0,0,0,0,0,0,0,0,0,0,0,12878233600,5215567872,786020,318333,143178931,310,0,99,786432,501465914,811153,6,9023617556,12884901888,9326748,1414878836,0,0,0,0,0,0,0,0,0,0,0,0,0,0,0,0,0,0,49260387,149156989,0,468,1202,7661,620,98521721,35,0,0,0,0,0,0,0,1,0,0,0,0,0,0,0,0,0,0,59230581,0,143173948,2390689,0,0,0,0,0,0,0,0,16384,0,0,0,0,0,0,0,0,0,0,0,8033,449,0,0,0,0,0,149750199,0,174,0,3,449,8033,0,0,0,0,0,0,0,0,0,0,0,0,0,0,0,0,0,0,0,0,0,0,0,0,0,0,0,0,0,0,0,0,0,0,0,0,0,0,0,0,0,0,0,0,0,0,0,0,0,0,0,0,0,0,751833645,0,0,0,1019771692,0,0,0,0,0,0,0,196342903,501303589,904409049,414350371328,157561484,1,0,0,0,0,0,0,0,0,0,0,0,0,0,0,0,0,0,0,0,0,0,0,0,0,0,0,0,0,0,0,1365,0,0,0,0,0,0,0
1782980439.341,0,0,0,0,0,0,0,1832084445,8212968278528,2902771681792,0,0,0,0,0,0,0,0,0,0,0,0,0,0,0,0,0,0,0,0,0,0,0,0,0,0,0,0,0,0,0,0,0,0,0,0,0,0,0,0,0,0,0,0,0,0,0,0,0,0,0,0,0,0,0,0,0,0,7,1958377,503580786,147132368,0,0,0,0,0,0,0,0,0,0,0,0,0,0,0,0,0,0,0,0,0,0,0,0,0,0,0,0,0,0,0,0,0,0,0,0,0,12879544320,5220532224,786105,318636,143206474,231,0,97,786432,501578070,811153,6,9025222798,12884901888,9334955,1415084126,0,0,0,0,0,0,0,0,0,0,0,0,0,0,0,0,0,0,49269883,149166490,0,468,1202,7661,620,98540708,35,0,0,0,0,0,0,0,1,0,0,0,0,0,0,0,0,0,0,59241374,0,143201491,2391064,0,0,0,0,0,0,0,0,16384,0,0,0,0,0,0,0,0,0,0,0,8034,449,0,0,0,0,0,149779080,0,174,0,3,449,8034,0,0,0,0,0,0,0,0,0,0,0,0,0,0,0,0,0,0,0,0,0,0,0,0,0,0,0,0,0,0,0,0,0,0,0,0,0,0,0,0,0,0,0,0,0,0,0,0,0,0,0,0,0,0,751973152,0,0,0,1019933349,0,0,0,0,0,0,0,196362880,501415289,904582355,414423651840,157573163,1,0,0,0,0,0,0,0,0,0,0,0,0,0,0,0,0,0,0,0,0,0,0,0,0,0,0,0,0,0,0,650,0,0,0,0,0,0,0
1782980440.429,0,0,0,0,0,0,0,1832415129,8214870936064,2903374997504,0,0,0,0,0,0,0,0,0,0,0,0,0,0,0,0,0,0,0,0,0,0,0,0,0,0,0,0,0,0,0,0,0,0,0,0,0,0,0,0,0,0,0,0,0,0,0,0,0,0,0,0,0,0,0,0,0,0,7,1958436,503697798,147164057,0,0,0,0,0,0,0,0,0,0,0,0,0,0,0,0,0,0,0,0,0,0,0,0,0,0,0,0,0,0,0,0,0,0,0,0,0,12878020608,5230379008,786013,319237,143235678,323,0,98,786432,501694655,811153,6,9026879193,12884901888,9341460,1415294580,0,0,0,0,0,0,0,0,0,0,0,0,0,0,0,0,0,0,49279721,149176324,0,468,1202,7661,620,98560380,35,0,0,0,0,0,0,0,1,0,0,0,0,0,0,0,0,0,0,59252554,0,143230695,2391456,0,0,0,0,0,0,0,0,16384,0,0,0,0,0,0,0,0,0,0,0,8035,449,0,0,0,0,0,149808960,0,174,0,3,449,8035,0,0,0,0,0,0,0,0,0,0,0,0,0,0,0,0,0,0,0,0,0,0,0,0,0,0,0,0,0,0,0,0,0,0,0,0,0,0,0,0,0,0,0,0,0,0,0,0,0,0,0,0,0,0,752112718,0,0,0,1020100050,0,0,0,0,0,0,0,196384157,501531359,904756174,414496950784,157585961,1,0,0,0,0,0,0,0,0,0,0,0,0,0,0,0,0,0,0,0,0,0,0,0,0,0,0,0,0,0,0,279,0,0,0,0,0,0,0
1782980441.515,0,0,0,0,0,0,0,1832752267,8216804297216,2903986612736,0,0,0,0,0,0,0,0,0,0,0,0,0,0,0,0,0,0,0,0,0,0,0,0,0,0,0,0,0,0,0,0,0,0,0,0,0,0,0,0,0,0,0,0,0,0,0,0,0,0,0,0,0,0,0,0,0,0,7,1958490,503816768,147196244,0,0,0,0,0,0,0,0,0,0,0,0,0,0,0,0,0,0,0,0,0,0,0,0,0,0,0,0,0,0,0,0,0,0,0,0,0,12877037568,5237604352,785953,319678,143265419,382,0,97,786432,501813164,811153,6,9028563947,12884901888,9346849,1415506396,0,0,0,0,0,0,0,0,0,0,0,0,0,0,0,0,0,0,49289728,149186333,0,468,1202,7661,620,98580390,35,0,0,0,0,0,0,0,1,0,0,0,0,0,0,0,0,0,0,59263916,0,143260436,2391867,0,0,0,0,0,0,0,0,16384,0,0,0,0,0,0,0,0,0,0,0,8036,449,0,0,0,0,0,149839375,0,174,0,3,449,8036,0,0,0,0,0,0,0,0,0,0,0,0,0,0,0,0,0,0,0,0,0,0,0,0,0,0,0,0,0,0,0,0,0,0,0,0,0,0,0,0,0,0,0,0,0,0,0,0,0,0,0,0,0,0,752252199,0,0,0,1020268867,0,0,0,0,0,0,0,196404890,501649419,904930314,414570199040,157597904,1,0,0,0,0,0,0,0,0,0,0,0,0,0,0,0,0,0,0,0,0,0,0,0,0,0,0,0,0,0,0,942,0,0,0,0,0,0,0
1782980442.605,0,0,0,0,0,0,0,1833080107,8218689964544,2904604080128,0,0,0,0,0,0,0,0,0,0,0,0,0,0,0,0,0,0,0,0,0,0,0,0,0,0,0,0,0,0,0,0,0,0,0,0,0,0,0,0,0,0,0,0,0,0,0,0,0,0,0,0,0,0,0,0,0,0,7,1958563,503932741,147228774,0,0,0,0,0,0,0,0,0,0,0,0,0,0,0,0,0,0,0,0,0,0,0,0,0,0,0,0,0,0,0,0,0,0,0,0,0,12881395712,5228314624,786218,319111,143293745,110,0,107,786432,501928665,811153,6,9030206569,12884901888,9353306,1415714262,0,0,0,0,0,0,0,0,0,0,0,0,0,0,0,0,0,0,49299476,149196081,0,468,1202,7661,620,98599906,35,0,0,0,0,0,0,0,1,0,0,0,0,0,0,0,0,0,0,59274979,0,143289786,2392256,0,0,0,0,0,0,0,0,16384,0,0,0,0,0,0,0,0,0,0,0,8037,449,0,0,0,0,0,149868997,0,174,0,3,449,8037,0,0,0,0,0,0,0,0,0,0,0,0,0,0,0,0,0,0,0,0,0,0,0,0,0,0,0,0,0,0,0,0,0,0,0,0,0,0,0,0,0,0,0,0,0,0,0,0,0,0,0,0,0,0,752392006,0,0,0,1020433838,0,0,0,0,0,0,0,196425090,501764470,905105830,414643535872,157609563,1,1,0,0,0,0,0,0,0,0,0,0,0,0,0,0,0,0,0,0,0,0,0,0,0,0,0,0,0,0,0,871,0,0,0,0,0,0,0
1782980443.691,0,0,0,0,0,0,0,1833402405,8220532656640,2905234195456,0,0,0,0,0,0,0,0,0,0,0,0,0,0,0,0,0,0,0,0,0,0,0,0,0,0,0,0,0,0,0,0,0,0,0,0,0,0,0,0,0,0,0,0,0,0,0,0,0,0,0,0,0,0,0,0,0,0,7,1958612,504046049,147262019,0,0,0,0,0,0,0,0,0,0,0,0,0,0,0,0,0,0,0,0,0,0,0,0,0,0,0,0,0,0,0,0,0,0,0,0,0,12881412096,5196447744,786217,317166,143321463,115,0,98,786432,502041526,811153,6,9031817949,12884901888,9360243,1415918554,0,0,0,0,0,0,0,0,0,0,0,0,0,0,0,0,0,0,49309029,149205635,0,468,1202,7661,620,98619003,35,0,0,0,0,0,0,0,1,0,0,0,0,0,0,0,0,0,0,59285848,0,143319808,2392641,0,0,0,0,0,0,0,0,16384,0,0,0,0,0,0,0,0,0,0,0,8038,449,0,0,0,0,0,149898070,0,174,0,3,449,8038,0,0,0,0,0,0,0,0,0,0,0,0,0,0,0,0,0,0,0,0,0,0,0,0,0,0,0,0,0,0,0,0,0,0,0,0,0,0,0,0,0,0,0,0,0,0,0,0,0,0,0,0,0,0,752530210,0,0,0,1020595692,0,0,0,0,0,0,0,196444302,501876835,905280472,414716108288,157620439,1,0,0,0,0,0,0,0,0,0,0,0,0,0,0,0,0,0,0,0,0,0,0,0,0,0,0,0,0,0,0,1067,0,0,0,0,0,0,0
1782980444.772,0,0,0,0,0,0,0,1833729442,8222399842816,2905847034368,0,0,0,0,0,0,0,0,0,0,0,0,0,0,0,0,0,0,0,0,0,0,0,0,0,0,0,0,0,0,0,0,0,0,0,0,0,0,0,0,0,0,0,0,0,0,0,0,0,0,0,0,0,0,0,0,0,0,7,1958662,504160877,147294436,0,0,0,0,0,0,0,0,0,0,0,0,0,0,0,0,0,0,0,0,0,0,0,0,0,0,0,0,0,0,0,0,0,0,0,0,0,12879478784,5185175552,786102,316478,143354365,233,0,98,786432,502155919,811153,6,9033453547,12884901888,9366509,1416125971,0,0,0,0,0,0,0,0,0,0,0,0,0,0,0,0,0,0,49318749,149215350,0,468,1202,7661,620,98638435,35,0,0,0,0,0,0,0,1,0,0,0,0,0,0,0,0,0,0,59296873,0,143349382,2393029,0,0,0,0,0,0,0,0,16384,0,0,0,0,0,0,0,0,0,0,0,8039,449,0,0,0,0,0,149927584,0,174,0,3,449,8039,0,0,0,0,0,0,0,0,0,0,0,0,0,0,0,0,0,0,0,0,0,0,0,0,0,0,0,0,0,0,0,0,0,0,0,0,0,0,0,0,0,0,0,0,0,0,0,0,0,0,0,0,0,0,752669084,0,0,0,1020760145,0,0,0,0,0,0,0,196464848,501990747,905454638,414788923904,157632659,1,1,0,0,0,0,0,0,0,0,0,0,0,0,0,0,0,0,0,0,0,0,0,0,0,0,0,0,0,0,0,1014,0,0,0,0,0,0,0
1782980445.859,0,0,0,0,0,0,0,1834059756,8224291113472,2906448178688,0,0,0,0,0,0,0,0,0,0,0,0,0,0,0,0,0,0,0,0,0,0,0,0,0,0,0,0,0,0,0,0,0,0,0,0,0,0,0,0,0,0,0,0,0,0,0,0,0,0,0,0,0,0,0,0,0,0,7,1958722,504277204,147325972,0,0,0,0,0,0,0,0,0,0,0,0,0,0,0,0,0,0,0,0,0,0,0,0,0,0,0,0,0,0,0,0,0,0,0,0,0,12878348288,5193678848,786032,316997,143383074,284,0,116,786432,502271846,811153,6,9035106158,12884901888,9373319,1416335084,0,0,0,0,0,0,0,0,0,0,0,0,0,0,0,0,0,0,49328555,149225160,0,468,1202,7661,620,98658055,35,0,0,0,0,0,0,0,1,0,0,0,0,0,0,0,0,0,0,59308015,0,143378091,2393420,0,0,0,0,0,0,0,0,16384,0,0,0,0,0,0,0,0,0,0,0,8041,449,0,0,0,0,0,149957415,0,174,0,3,449,8041,0,0,0,0,0,0,0,0,0,0,0,0,0,0,0,0,0,0,0,0,0,0,0,0,0,0,0,0,0,0,0,0,0,0,0,0,0,0,0,0,0,0,0,0,0,0,0,0,0,0,0,0,0,0,752808037,0,0,0,1020926014,0,0,0,0,0,0,0,196485551,502106113,905627992,414862039040,157644900,1,1,0,0,0,0,0,0,0,0,0,0,0,0,0,0,0,0,0,0,0,0,0,0,0,0,0,0,0,0,0,1186,0,0,0,0,0,0,0
1782980446.949,0,0,0,0,0,0,0,1834391615,8226196392448,2907051439616,0,0,0,0,0,0,0,0,0,0,0,0,0,0,0,0,0,0,0,0,0,0,0,0,0,0,0,0,0,0,0,0,0,0,0,0,0,0,0,0,0,0,0,0,0,0,0,0,0,0,0,0,0,0,0,0,0,0,7,1958780,504394362,147357599,0,0,0,0,0,0,0,0,0,0,0,0,0,0,0,0,0,0,0,0,0,0,0,0,0,0,0,0,0,0,0,0,0,0,0,0,0,12878266368,5201903616,786027,317499,143412298,295,0,109,786432,502388558,811153,6,9036765908,12884901888,9378252,1416544992,0,0,0,0,0,0,0,0,0,0,0,0,0,0,0,0,0,0,49338403,149235006,0,468,1202,7661,620,98677754,35,0,0,0,0,0,0,0,1,0,0,0,0,0,0,0,0,0,0,59319199,0,143407318,2393820,0,0,0,0,0,0,0,0,16384,0,0,0,0,0,0,0,0,0,0,0,8042,449,0,0,0,0,0,149987371,0,174,0,3,449,8042,0,0,0,0,0,0,0,0,0,0,0,0,0,0,0,0,0,0,0,0,0,0,0,0,0,0,0,0,0,0,0,0,0,0,0,0,0,0,0,0,0,0,0,0,0,0,0,0,0,0,0,0,0,0,752948413,0,0,0,1021092622,0,0,0,0,0,0,0,196505863,502222391,905802487,414935814144,157656877,1,0,0,0,0,0,0,0,0,0,0,0,0,0,0,0,0,0,0,0,0,0,0,0,0,0,0,0,0,0,0,1451,0,0,0,0,0,0,0
1782980448.034,0,0,0,0,0,0,0,1834732281,8228156246528,2907674620416,0,0,0,0,0,0,0,0,0,0,0,0,0,0,0,0,0,0,0,0,0,0,0,0,0,0,0,0,0,0,0,0,0,0,0,0,0,0,0,0,0,0,0,0,0,0,0,0,0,0,0,0,0,0,0,0,0,0,7,1958839,504514857,147390255,0,0,0,0,0,0,0,0,0,0,0,0,0,0,0,0,0,0,0,0,0,0,0,0,0,0,0,0,0,0,0,0,0,0,0,0,0,12877135872,5208555520,785958,317905,143443176,374,0,97,786432,502508578,811153,6,9038473577,12884901888,9381837,1416762921,0,0,0,0,0,0,0,0,0,0,0,0,0,0,0,0,0,0,49348522,149245126,0,468,1202,7661,620,98697981,35,0,0,0,0,0,0,0,1,0,0,0,0,0,0,0,0,0,0,59330692,0,143438193,2394233,0,0,0,0,0,0,0,0,16384,0,0,0,0,0,0,0,0,0,0,0,8043,449,0,0,0,0,0,150018122,0,174,0,3,449,8043,0,0,0,0,0,0,0,0,0,0,0,0,0,0,0,0,0,0,0,0,0,0,0,0,0,0,0,0,0,0,0,0,0,0,0,0,0,0,0,0,0,0,0,0,0,0,0,0,0,0,0,0,0,0,753094459,0,0,0,1021264863,0,0,0,0,0,0,0,196524976,502341928,905982892,415012487680,157668306,1,0,0,0,0,0,0,0,0,0,0,0,0,0,0,0,0,0,0,0,0,0,0,0,0,0,0,0,0,0,0,484,0,0,0,0,0,0,0
1782980449.126,0,0,0,0,0,0,0,1835064488,8230051318272,2908282103808,0,0,0,0,0,0,0,0,0,0,0,0,0,0,0,0,0,0,0,0,0,0,0,0,0,0,0,0,0,0,0,0,0,0,0,0,0,0,0,0,0,0,0,0,0,0,0,0,0,0,0,0,0,0,0,0,0,0,7,1958906,504631407,147422028,0,0,0,0,0,0,0,0,0,0,0,0,0,0,0,0,0,0,0,0,0,0,0,0,0,0,0,0,0,0,0,0,0,0,0,0,0,12877463552,5213847552,785978,318228,143472290,357,0,96,786432,502624730,811153,6,9040134654,12884901888,9387241,1416971775,0,0,0,0,0,0,0,0,0,0,0,0,0,0,0,0,0,0,49358393,149255001,0,468,1202,7661,620,98717727,35,0,0,0,0,0,0,0,1,0,0,0,0,0,0,0,0,0,0,59341902,0,143467307,2394626,0,0,0,0,0,0,0,0,16384,0,0,0,0,0,0,0,0,0,0,0,8044,449,0,0,0,0,0,150048133,0,174,0,3,449,8044,0,0,0,0,0,0,0,0,0,0,0,0,0,0,0,0,0,0,0,0,0,0,0,0,0,0,0,0,0,0,0,0,0,0,0,0,0,0,0,0,0,0,0,0,0,0,0,0,0,0,0,0,0,0,753236540,0,0,0,1021431216,0,0,0,0,0,0,0,196545307,502457537,906159373,415087088640,157680320,1,0,0,0,0,0,0,0,0,0,0,0,0,0,0,0,0,0,0,0,0,0,0,0,0,0,0,0,0,0,0,1286,0,0,0,0,0,0,0
1782980450.211,0,0,0,0,0,0,0,1835407223,8232010500608,2908902467072,0,0,0,0,0,0,0,0,0,0,0,0,0,0,0,0,0,0,0,0,0,0,0,0,0,0,0,0,0,0,0,0,0,0,0,0,0,0,0,0,0,0,0,0,0,0,0,0,0,0,0,0,0,0,0,0,0,0,7,1958956,504751951,147454631,0,0,0,0,0,0,0,0,0,0,0,0,0,0,0,0,0,0,0,0,0,0,0,0,0,0,0,0,0,0,0,0,0,0,0,0,0,12880855040,5225562112,786185,318943,143503012,150,0,96,786432,502744835,811153,6,9041852438,12884901888,9391403,1417191289,0,0,0,0,0,0,0,0,0,0,0,0,0,0,0,0,0,0,49368571,149265176,0,468,1202,7661,620,98738082,35,0,0,0,0,0,0,0,1,0,0,0,0,0,0,0,0,0,0,59353471,0,143498029,2395045,0,0,0,0,0,0,0,0,16384,0,0,0,0,0,0,0,0,0,0,0,8045,449,0,0,0,0,0,150079049,0,174,0,3,449,8045,0,0,0,0,0,0,0,0,0,0,0,0,0,0,0,0,0,0,0,0,0,0,0,0,0,0,0,0,0,0,0,0,0,0,0,0,0,0,0,0,0,0,0,0,0,0,0,0,0,0,0,0,0,0,753380357,0,0,0,1021604526,0,0,0,0,0,0,0,196564884,502577166,906337732,415162527744,157691821,1,1,0,0,0,0,0,0,0,0,0,0,0,0,0,0,0,0,0,0,0,0,0,0,0,0,0,0,0,0,0,276,0,0,0,0,0,0,0
1782980451.297,0,0,0,0,0,0,0,1835738445,8233915664896,2909508451840,0,0,0,0,0,0,0,0,0,0,0,0,0,0,0,0,0,0,0,0,0,0,0,0,0,0,0,0,0,0,0,0,0,0,0,0,0,0,0,0,0,0,0,0,0,0,0,0,0,0,0,0,0,0,0,0,0,0,7,1959019,504869087,147486445,0,0,0,0,0,0,0,0,0,0,0,0,0,0,0,0,0,0,0,0,0,0,0,0,0,0,0,0,0,0,0,0,0,0,0,0,0,12876808192,5231198208,785937,319287,143532291,394,0,102,786432,502861555,811153,6,9043510388,12884901888,9396745,1417399499,0,0,0,0,0,0,0,0,0,0,0,0,0,0,0,0,0,0,49378411,149275016,0,468,1202,7661,620,98757767,35,0,0,0,0,0,0,0,1,0,0,0,0,0,0,0,0,0,0,59364629,0,143527308,2395438,0,0,0,0,0,0,0,0,16384,0,0,0,0,0,0,0,0,0,0,0,8046,449,0,0,0,0,0,150108954,0,174,0,3,449,8046,0,0,0,0,0,0,0,0,0,0,0,0,0,0,0,0,0,0,0,0,0,0,0,0,0,0,0,0,0,0,0,0,0,0,0,0,0,0,0,0,0,0,0,0,0,0,0,0,0,0,0,0,0,0,753519888,0,0,0,1021770313,0,0,0,0,0,0,0,196584548,502693389,906511651,415236069376,157703216,1,0,0,0,0,0,0,0,0,0,0,0,0,0,0,0,0,0,0,0,0,0,0,0,0,0,0,0,0,0,0,1106,0,0,0,0,0,0,0
1782980452.385,0,0,0,0,0,0,0,1836053994,8235717085696,2910086284800,0,0,0,0,0,0,0,0,0,0,0,0,0,0,0,0,0,0,0,0,0,0,0,0,0,0,0,0,0,0,0,0,0,0,0,0,0,0,0,0,0,0,0,0,0,0,0,0,0,0,0,0,0,0,0,0,0,0,7,1959065,504979899,147516713,0,0,0,0,0,0,0,0,0,0,0,0,0,0,0,0,0,0,0,0,0,0,0,0,0,0,0,0,0,0,0,0,0,0,0,0,0,12879855616,5234900992,786124,319513,143558261,211,0,97,786432,502971958,811153,6,9045090486,12884901888,9408181,1417601165,0,0,0,0,0,0,0,0,0,0,0,0,0,0,0,0,0,0,49387784,149284391,0,468,1202,7661,620,98776516,35,0,0,0,0,0,0,0,1,0,0,0,0,0,0,0,0,0,0,59375268,0,143553278,2395788,0,0,0,0,0,0,0,0,16384,0,0,0,0,0,0,0,0,0,0,0,8047,449,0,0,0,0,0,150137491,0,174,0,3,449,8047,0,0,0,0,0,0,0,0,0,0,0,0,0,0,0,0,0,0,0,0,0,0,0,0,0,0,0,0,0,0,0,0,0,0,0,0,0,0,0,0,0,0,0,0,0,0,0,0,0,0,0,0,0,0,753655700,0,0,0,1021929817,0,0,0,0,0,0,0,196606593,502803339,906681983,415307236352,157715989,1,1,0,0,0,0,0,0,0,0,0,0,0,0,0,0,0,0,0,0,0,0,0,0,0,0,0,0,0,0,0,274,0,0,0,0,0,0,0
1782980453.474,0,0,0,0,0,0,0,1836379031,8237576669696,2910678732288,0,0,0,0,0,0,0,0,0,0,0,0,0,0,0,0,0,0,0,0,0,0,0,0,0,0,0,0,0,0,0,0,0,0,0,0,0,0,0,0,0,0,0,0,0,0,0,0,0,0,0,0,0,0,0,0,0,0,7,1959121,505094305,147547762,0,0,0,0,0,0,0,0,0,0,0,0,0,0,0,0,0,0,0,0,0,0,0,0,0,0,0,0,0,0,0,0,0,0,0,0,0,12877496320,5240356864,785978,319846,143586069,353,0,100,786432,503085914,811153,6,9046714033,12884901888,9416453,1417806011,0,0,0,0,0,0,0,0,0,0,0,0,0,0,0,0,0,0,49397437,149294042,0,468,1202,7661,620,98795811,35,0,0,0,0,0,0,0,1,0,0,0,0,0,0,0,0,0,0,59386215,0,143581086,2396168,0,0,0,0,0,0,0,0,16384,0,0,0,0,0,0,0,0,0,0,0,8048,449,0,0,0,0,0,150166819,0,174,0,3,449,8048,0,0,0,0,0,0,0,0,0,0,0,0,0,0,0,0,0,0,0,0,0,0,0,0,0,0,0,0,0,0,0,0,0,0,0,0,0,0,0,0,0,0,0,0,0,0,0,0,0,0,0,0,0,0,753794866,0,0,0,1022092680,0,0,0,0,0,0,0,196627826,502916788,906855426,415380133888,157728369,0,0,0,0,0,0,0,0,0,0,0,0,0,0,0,0,0,0,0,0,0,0,0,0,0,0,0,0,0,0,0,850,0,0,0,0,0,0,0
1782980454.564,0,0,0,0,0,0,0,1836706983,8239455390208,2911286330368,0,0,0,0,0,0,0,0,0,0,0,0,0,0,0,0,0,0,0,0,0,0,0,0,0,0,0,0,0,0,0,0,0,0,0,0,0,0,0,0,0,0,0,0,0,0,0,0,0,0,0,0,0,0,0,0,0,0,7,1959176,505209826,147579686,0,0,0,0,0,0,0,0,0,0,0,0,0,0,0,0,0,0,0,0,0,0,0,0,0,0,0,0,0,0,0,0,0,0,0,0,0,12883230720,5238194176,786331,319714,143614504,0,0,101,786432,503200985,811153,6,9048354930,12884901888,9424249,1418013649,0,0,0,0,0,0,0,0,0,0,0,0,0,0,0,0,0,0,49407181,149303784,0,468,1202,7661,620,98815297,35,0,0,0,0,0,0,0,1,0,0,0,0,0,0,0,0,0,0,59397278,0,143609777,2396559,0,0,0,0,0,0,0,0,16384,0,0,0,0,0,0,0,0,0,0,0,8049,449,0,0,0,0,0,150196500,0,174,0,3,449,8049,0,0,0,0,0,0,0,0,0,0,0,0,0,0,0,0,0,0,0,0,0,0,0,0,0,0,0,0,0,0,0,0,0,0,0,0,0,0,0,0,0,0,0,0,0,0,0,0,0,0,0,0,0,0,753934548,0,0,0,1022257444,0,0,0,0,0,0,0,196648823,503031386,907029912,415453440512,157740905,1,0,0,0,0,0,0,0,0,0,0,0,0,0,0,0,0,0,0,0,0,0,0,0,0,0,0,0,0,0,0,966,0,0,0,0,0,0,0
1782980455.653,0,0,0,0,0,0,0,1837014592,8241213671936,2911882850304,0,0,0,0,0,0,0,0,0,0,0,0,0,0,0,0,0,0,0,0,0,0,0,0,0,0,0,0,0,0,0,0,0,0,0,0,0,0,0,0,0,0,0,0,0,0,0,0,0,0,0,0,0,0,0,0,0,0,7,1959224,505318020,147611193,0,0,0,0,0,0,0,0,0,0,0,0,0,0,0,0,0,0,0,0,0,0,0,0,0,0,0,0,0,0,0,0,0,0,0,0,0,12881608704,5210537984,786232,318026,143640549,89,0,111,786432,503308840,811153,6,9049893320,12884901888,9434703,1418208720,0,0,0,0,0,0,0,0,0,0,0,0,0,0,0,0,0,0,49416292,149312895,0,468,1202,7661,620,98833527,35,0,0,0,0,0,0,0,1,0,0,0,0,0,0,0,0,0,0,59407618,0,143637870,2396918,0,0,0,0,0,0,0,0,16384,0,0,0,0,0,0,0,0,0,0,0,8050,449,0,0,0,0,0,150224176,0,174,0,3,449,8050,0,0,0,0,0,0,0,0,0,0,0,0,0,0,0,0,0,0,0,0,0,0,0,0,0,0,0,0,0,0,0,0,0,0,0,0,0,0,0,0,0,0,0,0,0,0,0,0,0,0,0,0,0,0,754066492,0,0,0,1022412147,0,0,0,0,0,0,0,196670065,503138754,907197080,415522537472,157753286,1,0,0,0,0,0,0,0,0,0,0,0,0,0,0,0,0,0,0,0,0,0,0,0,0,0,0,0,0,0,0,798,0,0,0,0,0,0,0
1782980456.733,0,0,0,0,0,0,0,1837340862,8243082250752,2912511787008,0,0,0,0,0,0,0,0,0,0,0,0,0,0,0,0,0,0,0,0,0,0,0,0,0,0,0,0,0,0,0,0,0,0,0,0,0,0,0,0,0,0,0,0,0,0,0,0,0,0,0,0,0,0,0,0,0,0,7,1959288,505432875,147644440,0,0,0,0,0,0,0,0,0,0,0,0,0,0,0,0,0,0,0,0,0,0,0,0,0,0,0,0,0,0,0,0,0,0,0,0,0,12881444864,5186027520,786221,316531,143669291,114,0,96,786432,503423276,811153,6,9051527469,12884901888,9439195,1418416062,0,0,0,0,0,0,0,0,0,0,0,0,0,0,0,0,0,0,49425994,149322596,0,468,1202,7661,620,98852928,35,0,0,0,0,0,0,0,1,0,0,0,0,0,0,0,0,0,0,59418631,0,143668302,2397317,0,0,0,0,0,0,0,0,16384,0,0,0,0,0,0,0,0,0,0,0,8051,449,0,0,0,0,0,150253611,0,174,0,3,449,8051,0,0,0,0,0,0,0,0,0,0,0,0,0,0,0,0,0,0,0,0,0,0,0,0,0,0,0,0,0,0,0,0,0,0,0,0,0,0,0,0,0,0,0,0,0,0,0,0,0,0,0,0,0,0,754205008,0,0,0,1022576216,0,0,0,0,0,0,0,196690145,503252753,907371485,415595379200,157764835,1,0,0,0,0,0,0,0,0,0,0,0,0,0,0,0,0,0,0,0,0,0,0,0,0,0,0,0,0,0,0,766,0,0,0,0,0,0,0
1782980457.811,0,0,0,0,0,0,0,1837652328,8244872006144,2913088342016,0,0,0,0,0,0,0,0,0,0,0,0,0,0,0,0,0,0,0,0,0,0,0,0,0,0,0,0,0,0,0,0,0,0,0,0,0,0,0,0,0,0,0,0,0,0,0,0,0,0,0,0,0,0,0,0,0,0,7,1959346,505542943,147674834,0,0,0,0,0,0,0,0,0,0,0,0,0,0,0,0,0,0,0,0,0,0,0,0,0,0,0,0,0,0,0,0,0,0,0,0,0,12883165184,5189206016,786325,316724,143700186,9,0,99,786432,503532953,811153,6,9053086842,12884901888,9447960,1418613263,0,0,0,0,0,0,0,0,0,0,0,0,0,0,0,0,0,0,49435246,149331854,0,468,1202,7661,620,98871425,35,0,0,0,0,0,0,0,1,0,0,0,0,0,0,0,0,0,0,59429143,0,143695203,2397675,0,0,0,0,0,0,0,0,16384,0,0,0,0,0,0,0,0,0,0,0,8052,449,0,0,0,0,0,150281792,0,174,0,3,449,8052,0,0,0,0,0,0,0,0,0,0,0,0,0,0,0,0,0,0,0,0,0,0,0,0,0,0,0,0,0,0,0,0,0,0,0,0,0,0,0,0,0,0,0,0,0,0,0,0,0,0,0,0,0,0,754337634,0,0,0,1022732847,0,0,0,0,0,0,0,196711467,503361998,907538223,415665117696,157777464,1,0,0,0,0,0,0,0,0,0,0,0,0,0,0,0,0,0,0,0,0,0,0,0,0,0,0,0,0,0,0,781,0,0,0,0,0,0,0
1782980458.890,0,0,0,0,0,0,0,1837958254,8246623521280,2913655798272,0,0,0,0,0,0,0,0,0,0,0,0,0,0,0,0,0,0,0,0,0,0,0,0,0,0,0,0,0,0,0,0,0,0,0,0,0,0,0,0,0,0,0,0,0,0,0,0,0,0,0,0,0,0,0,0,0,0,7,1959389,505650637,147704550,0,0,0,0,0,0,0,0,0,0,0,0,0,0,0,0,0,0,0,0,0,0,0,0,0,0,0,0,0,0,0,0,0,0,0,0,0,12879724544,5193039872,786116,316958,143725972,220,0,96,786432,503640239,811153,6,9054614804,12884901888,9458098,1418805609,0,0,0,0,0,0,0,0,0,0,0,0,0,0,0,0,0,0,49444308,149340914,0,468,1202,7661,620,98889549,35,0,0,0,0,0,0,0,1,0,0,0,0,0,0,0,0,0,0,59439456,0,143720989,2398012,0,0,0,0,0,0,0,0,16384,0,0,0,0,0,0,0,0,0,0,0,8054,450,0,0,0,0,0,150309336,0,176,0,3,450,8054,0,0,0,0,1,0,0,0,0,0,0,0,0,0,0,0,0,0,0,0,0,0,0,0,0,0,0,0,0,0,0,0,0,0,0,0,0,0,0,0,0,0,0,0,0,0,0,0,0,0,0,0,0,0,754472285,0,0,0,1022886189,0,0,0,0,0,0,0,196730365,503468829,907706481,415735499264,157788248,1,1,0,0,0,0,0,0,0,0,0,0,0,0,0,0,0,0,0,0,0,0,0,0,0,0,0,0,0,0,0,1148,0,0,0,0,0,0,0
1782980459.972,0,0,0,0,0,0,0,1838267109,8248393632256,2914227614720,0,0,0,0,0,0,0,0,0,0,0,0,0,0,0,0,0,0,0,0,0,0,0,0,0,0,0,0,0,0,0,0,0,0,0,0,0,0,0,0,0,0,0,0,0,0,0,0,0,0,0,0,0,0,0,0,0,0,7,1959453,505759451,147734465,0,0,0,0,0,0,0,0,0,0,0,0,0,0,0,0,0,0,0,0,0,0,0,0,0,0,0,0,0,0,0,0,0,0,0,0,0,12876185600,5195546624,785899,317111,143751657,436,0,97,786432,503748627,811153,6,9056160374,12884901888,9469615,1419001962,0,0,0,0,0,0,0,0,0,0,0,0,0,0,0,0,0,0,49453466,149350072,0,468,1202,7661,620,98907879,35,0,0,0,0,0,0,0,1,0,0,0,0,0,0,0,0,0,0,59449839,0,143746674,2398354,0,0,0,0,0,0,0,0,16384,0,0,0,0,0,0,0,0,0,0,0,8056,450,0,0,0,0,0,150337177,0,176,0,3,450,8056,0,0,0,0,0,0,0,0,0,0,0,0,0,0,0,0,0,0,0,0,0,0,0,0,0,0,0,0,0,0,0,0,0,0,0,0,0,0,0,0,0,0,0,0,0,0,0,0,0,0,0,0,0,0,754607644,0,0,0,1023041503,0,0,0,0,0,0,0,196750164,503576773,907875954,415806424576,157799645,1,1,0,0,0,0,0,0,0,0,0,0,0,0,0,0,0,0,0,0,0,0,0,0,0,0,0,0,0,0,0,1041,0,0,0,0,0,0,0
1782980461.057,0,0,0,0,0,0,0,1838560903,8250076350976,2914772344832,0,0,0,0,0,0,0,0,0,0,0,0,0,0,0,0,0,0,0,0,0,0,0,0,0,0,0,0,0,0,0,0,0,0,0,0,0,0,0,0,0,0,0,0,0,0,0,0,0,0,0,0,0,0,0,0,0,0,7,1959501,505862961,147763038,0,0,0,0,0,0,0,0,0,0,0,0,0,0,0,0,0,0,0,0,0,0,0,0,0,0,0,0,0,0,0,0,0,0,0,0,0,12877971456,5196939264,786010,317196,143774783,299,0,123,786432,503851764,811153,6,9057626818,12884901888,9485078,1419185724,0,0,0,0,0,0,0,0,0,0,0,0,0,0,0,0,0,0,49462179,149358782,0,468,1202,7661,620,98925297,35,0,0,0,0,0,0,0,1,0,0,0,0,0,0,0,0,0,0,59459727,0,143769800,2398667,0,0,0,0,0,0,0,0,16384,0,0,0,0,0,0,0,0,0,0,0,8057,450,0,0,0,0,0,150363667,0,176,0,3,450,8057,0,0,0,0,0,0,0,0,0,0,0,0,0,0,0,0,0,0,0,0,0,0,0,0,0,0,0,0,0,0,0,0,0,0,0,0,0,0,0,0,0,0,0,0,0,0,0,0,0,0,0,0,0,0,754735193,0,0,0,1023188302,0,0,0,0,0,0,0,196770995,503679439,908037523,415873163776,157811061,1,0,0,0,0,0,0,0,0,0,0,0,0,0,0,0,0,0,0,0,0,0,0,0,0,0,0,0,0,0,0,1760,0,0,0,0,0,0,0
1782980462.139,0,0,0,0,0,0,0,1838875741,8251882768896,2915351975424,0,0,0,0,0,0,0,0,0,0,0,0,0,0,0,0,0,0,0,0,0,0,0,0,0,0,0,0,0,0,0,0,0,0,0,0,0,0,0,0,0,0,0,0,0,0,0,0,0,0,0,0,0,0,0,0,0,0,7,1959542,505974066,147793385,0,0,0,0,0,0,0,0,0,0,0,0,0,0,0,0,0,0,0,0,0,0,0,0,0,0,0,0,0,0,0,0,0,0,0,0,0,12880347136,5202591744,786154,317541,143801948,168,0,110,786432,503962479,811153,6,9059202719,12884901888,9493619,1419386056,0,0,0,0,0,0,0,0,0,0,0,0,0,0,0,0,0,0,49471515,149368122,0,468,1202,7661,620,98943966,35,0,0,0,0,0,0,0,1,0,0,0,0,0,0,0,0,0,0,59470328,0,143796965,2399022,0,0,0,0,0,0,0,0,16384,0,0,0,0,0,0,0,0,0,0,0,8058,450,0,0,0,0,0,150392049,0,176,0,3,450,8058,0,0,0,0,0,0,0,0,0,0,0,0,0,0,0,0,0,0,0,0,0,0,0,0,0,0,0,0,0,0,0,0,0,0,0,0,0,0,0,0,0,0,0,0,0,0,0,0,0,0,0,0,0,0,754872246,0,0,0,1023347007,0,0,0,0,0,0,0,196789550,503789755,908208090,415944952832,157821963,0,0,0,0,0,0,0,0,0,0,0,0,0,0,0,0,0,0,0,0,0,0,0,0,0,0,0,0,0,0,0,1314,0,0,0,0,0,0,0
1782980463.226,0,0,0,0,0,0,0,1839182672,8253643950592,2915920294400,0,0,0,0,0,0,0,0,0,0,0,0,0,0,0,0,0,0,0,0,0,0,0,0,0,0,0,0,0,0,0,0,0,0,0,0,0,0,0,0,0,0,0,0,0,0,0,0,0,0,0,0,0,0,0,0,0,0,7,1959588,506082321,147823149,0,0,0,0,0,0,0,0,0,0,0,0,0,0,0,0,0,0,0,0,0,0,0,0,0,0,0,0,0,0,0,0,0,0,0,0,0,12879134720,5201559552,786080,317478,143827312,255,0,97,786432,504070330,811153,6,9060740255,12884901888,9504535,1419582338,0,0,0,0,0,0,0,0,0,0,0,0,0,0,0,0,0,0,49480630,149377241,0,468,1202,7661,620,98962198,35,0,0,0,0,0,0,0,1,0,0,0,0,0,0,0,0,0,0,59480673,0,143822329,2399355,0,0,0,0,0,0,0,0,16384,0,0,0,0,0,0,0,0,0,0,0,8059,450,0,0,0,0,0,150419762,0,176,0,3,450,8059,0,0,0,0,0,0,0,0,0,0,0,0,0,0,0,0,0,0,0,0,0,0,0,0,0,0,0,0,0,0,0,0,0,0,0,0,0,0,0,0,0,0,0,0,0,0,0,0,0,0,0,0,0,0,755006987,0,0,0,1023502156,0,0,0,0,0,0,0,196809445,503897242,908377001,416015556608,157833175,1,1,0,0,0,0,0,0,0,0,0,0,0,0,0,0,0,0,0,0,0,0,0,0,0,0,0,0,0,0,0,537,0,0,0,0,0,0,0
1782980464.313,0,0,0,0,0,0,0,1839507856,8255506844160,2916515456512,0,0,0,0,0,0,0,0,0,0,0,0,0,0,0,0,0,0,0,0,0,0,0,0,0,0,0,0,0,0,0,0,0,0,0,0,0,0,0,0,0,0,0,0,0,0,0,0,0,0,0,0,0,0,0,0,0,0,7,1959644,506196886,147854304,0,0,0,0,0,0,0,0,0,0,0,0,0,0,0,0,0,0,0,0,0,0,0,0,0,0,0,0,0,0,0,0,0,0,0,0,0,12878659584,5211275264,786051,318071,143855629,282,0,96,786432,504184467,811153,6,9062366824,12884901888,9511272,1419788092,0,0,0,0,0,0,0,0,0,0,0,0,0,0,0,0,0,0,49490293,149386901,0,468,1202,7661,620,98981527,35,0,0,0,0,0,0,0,1,0,0,0,0,0,0,0,0,0,0,59491643,0,143850714,2399731,0,0,0,0,0,0,0,0,16384,0,0,0,0,0,0,0,0,0,0,0,8060,450,0,0,0,0,0,150449123,0,176,0,3,450,8060,0,0,0,0,0,0,0,0,0,0,0,0,0,0,0,0,0,0,0,0,0,0,0,0,0,0,0,0,0,0,0,0,0,0,0,0,0,0,0,0,0,0,0,0,0,0,0,0,0,0,0,0,0,0,755147875,0,0,0,1023665466,0,0,0,0,0,0,0,196827973,504010896,908551813,416089438720,157843987,1,0,0,0,0,0,0,0,0,0,0,0,0,0,0,0,0,0,0,0,0,0,0,0,0,0,0,0,0,0,0,885,0,0,0,0,0,0,0
1782980465.404,0,0,0,0,0,0,0,1839819252,8257284557312,2917087795712,0,0,0,0,0,0,0,0,0,0,0,0,0,0,0,0,0,0,0,0,0,0,0,0,0,0,0,0,0,0,0,0,0,0,0,0,0,0,0,0,0,0,0,0,0,0,0,0,0,0,0,0,0,0,0,0,0,0,7,1959680,506306203,147884260,0,0,0,0,0,0,0,0,0,0,0,0,0,0,0,0,0,0,0,0,0,0,0,0,0,0,0,0,0,0,0,0,0,0,0,0,0,12881313792,5215715328,786214,318342,143881668,121,0,96,786432,504293448,811153,6,9063922132,12884901888,9521032,1419983968,0,0,0,0,0,0,0,0,0,0,0,0,0,0,0,0,0,0,49499536,149396145,0,468,1202,7661,620,99000020,35,0,0,0,0,0,0,0,1,0,0,0,0,0,0,0,0,0,0,59502150,0,143876758,2400080,0,0,0,0,0,0,0,0,16384,0,0,0,0,0,0,0,0,0,0,0,8061,450,0,0,0,0,0,150477211,0,176,0,3,450,8061,0,0,0,0,0,0,0,0,0,0,0,0,0,0,0,0,0,0,0,0,0,0,0,0,0,0,0,0,0,0,0,0,0,0,0,0,0,0,0,0,0,0,0,0,0,0,0,0,0,0,0,0,0,0,755283664,0,0,0,1023821808,0,0,0,0,0,0,0,196847802,504119429,908721389,416160308224,157855384,1,1,0,0,0,0,0,0,0,0,0,0,0,0,0,0,0,0,0,0,0,0,0,0,0,0,0,0,0,0,0,1053,0,0,0,0,0,0,0
1782980466.490,0,0,0,0,0,0,0,1840129931,8259065350656,2917656013824,0,0,0,0,0,0,0,0,0,0,0,0,0,0,0,0,0,0,0,0,0,0,0,0,0,0,0,0,0,0,0,0,0,0,0,0,0,0,0,0,0,0,0,0,0,0,0,0,0,0,0,0,0,0,0,0,0,0,7,1959730,506415724,147913994,0,0,0,0,0,0,0,0,0,0,0,0,0,0,0,0,0,0,0,0,0,0,0,0,0,0,0,0,0,0,0,0,0,0,0,0,0,12877840384,5222121472,786000,318733,143907697,335,0,98,786432,504402586,811153,6,9065475917,12884901888,9530325,1420180872,0,0,0,0,0,0,0,0,0,0,0,0,0,0,0,0,0,0,49508750,149405356,0,468,1202,7661,620,99018441,35,0,0,0,0,0,0,0,1,0,0,0,0,0,0,0,0,0,0,59512599,0,143902714,2400424,0,0,0,0,0,0,0,0,16384,0,0,0,0,0,0,0,0,0,0,0,8062,450,0,0,0,0,0,150505223,0,176,0,3,450,8062,0,0,0,0,0,0,0,0,0,0,0,0,0,0,0,0,0,0,0,0,0,0,0,0,0,0,0,0,0,0,0,0,0,0,0,0,0,0,0,0,0,0,0,0,0,0,0,0,0,0,0,0,0,0,755419080,0,0,0,1023977883,0,0,0,0,0,0,0,196867357,504228139,908890366,416231190528,157866561,1,0,0,0,0,0,0,0,0,0,0,0,0,0,0,0,0,0,0,0,0,0,0,0,0,0,0,0,0,0,0,1128,0,0,0,0,0,0,0
1782980467.575,0,0,0,0,0,0,0,1840456588,8260933044736,2918260084224,0,0,0,0,0,0,0,0,0,0,0,0,0,0,0,0,0,0,0,0,0,0,0,0,0,0,0,0,0,0,0,0,0,0,0,0,0,0,0,0,0,0,0,0,0,0,0,0,0,0,0,0,0,0,0,0,0,0,7,1959786,506530550,147945515,0,0,0,0,0,0,0,0,0,0,0,0,0,0,0,0,0,0,0,0,0,0,0,0,0,0,0,0,0,0,0,0,0,0,0,0,0,12880707584,5224300544,786176,318866,143936032,159,0,96,786432,504516988,811153,6,9067113300,12884901888,9535216,1420389949,0,0,0,0,0,0,0,0,0,0,0,0,0,0,0,0,0,0,49518450,149415057,0,468,1202,7661,620,99037851,35,0,0,0,0,0,0,0,1,0,0,0,0,0,0,0,0,0,0,59523635,0,143931689,2400806,0,0,0,0,0,0,0,0,16384,0,0,0,0,0,0,0,0,0,0,0,8063,450,0,0,0,0,0,150534702,0,176,0,3,450,8063,0,0,0,0,0,0,0,0,0,0,0,0,0,0,0,0,0,0,0,0,0,0,0,0,0,0,0,0,0,0,0,0,0,0,0,0,0,0,0,0,0,0,0,0,0,0,0,0,0,0,0,0,0,0,755561503,0,0,0,1024143022,0,0,0,0,0,0,0,196885898,504342120,909066876,416305700352,157877377,1,0,0,0,0,0,0,0,0,0,0,0,0,0,0,0,0,0,0,0,0,0,0,0,0,0,0,0,0,0,0,267,0,0,0,0,0,0,0
1782980468.663,0,0,0,0,0,0,0,1840773413,8262742264320,2918867140096,0,0,0,0,0,0,0,0,0,0,0,0,0,0,0,0,0,0,0,0,0,0,0,0,0,0,0,0,0,0,0,0,0,0,0,0,0,0,0,0,0,0,0,0,0,0,0,0,0,0,0,0,0,0,0,0,0,0,7,1959829,506641884,147977666,0,0,0,0,0,0,0,0,0,0,0,0,0,0,0,0,0,0,0,0,0,0,0,0,0,0,0,0,0,0,0,0,0,0,0,0,0,12883017728,5201903616,786318,317499,143962406,0,0,114,786432,504627934,811153,6,9068696737,12884901888,9543148,1420590378,0,0,0,0,0,0,0,0,0,0,0,0,0,0,0,0,0,0,49527863,149424470,0,468,1202,7661,620,99056669,35,0,0,0,0,0,0,0,1,0,0,0,0,0,0,0,0,0,0,59534321,0,143959599,2401174,0,0,0,0,0,0,0,0,16384,0,0,0,0,0,0,0,0,0,0,0,8064,450,0,0,0,0,0,150563302,0,176,0,3,450,8064,0,0,0,0,0,0,0,0,0,0,0,0,0,0,0,0,0,0,0,0,0,0,0,0,0,0,0,0,0,0,0,0,0,0,0,0,0,0,0,0,0,0,0,0,0,0,0,0,0,0,0,0,0,0,755699327,0,0,0,1024302297,0,0,0,0,0,0,0,196905364,504452514,909240649,416377726464,157888202,1,0,0,0,0,0,0,0,0,0,0,0,0,0,0,0,0,0,0,0,0,0,0,0,0,0,0,0,0,0,0,308,0,0,0,0,0,0,0
1782980469.747,0,0,0,0,0,0,0,1841090550,8264554793472,2919467858944,0,0,0,0,0,0,0,0,0,0,0,0,0,0,0,0,0,0,0,0,0,0,0,0,0,0,0,0,0,0,0,0,0,0,0,0,0,0,0,0,0,0,0,0,0,0,0,0,0,0,0,0,0,0,0,0,0,0,7,1959864,506753310,148009344,0,0,0,0,0,0,0,0,0,0,0,0,0,0,0,0,0,0,0,0,0,0,0,0,0,0,0,0,0,0,0,0,0,0,0,0,0,12882493440,5187567616,786287,316624,143989283,50,0,96,786432,504738924,811153,6,9070281990,12884901888,9551500,1420790011,0,0,0,0,0,0,0,0,0,0,0,0,0,0,0,0,0,0,49537273,149433883,0,468,1202,7661,620,99075495,35,0,0,0,0,0,0,0,1,0,0,0,0,0,0,0,0,0,0,59545011,0,143988012,2401544,0,0,0,0,0,0,0,0,16384,0,0,0,0,0,0,0,0,0,0,0,8065,450,0,0,0,0,0,150591915,0,176,0,3,450,8065,0,0,0,0,0,0,0,0,0,0,0,0,0,0,0,0,0,0,0,0,0,0,0,0,0,0,0,0,0,0,0,0,0,0,0,0,0,0,0,0,0,0,0,0,0,0,0,0,0,0,0,0,0,0,755836085,0,0,0,1024461347,0,0,0,0,0,0,0,196924927,504563104,909412757,416449204736,157899234,1,0,0,0,0,0,0,0,0,0,0,0,0,0,0,0,0,0,0,0,0,0,0,0,0,0,0,0,0,0,0,659,0,0,0,0,0,0,0
1782980470.826,0,0,0,0,0,0,0,1841394439,8266299066880,2920042885120,0,0,0,0,0,0,0,0,0,0,0,0,0,0,0,0,0,0,0,0,0,0,0,0,0,0,0,0,0,0,0,0,0,0,0,0,0,0,0,0,0,0,0,0,0,0,0,0,0,0,0,0,0,0,0,0,0,0,7,1959911,506860641,148039583,0,0,0,0,0,0,0,0,0,0,0,0,0,0,0,0,0,0,0,0,0,0,0,0,0,0,0,0,0,0,0,0,0,0,0,0,0,12878266368,5175279616,786027,315874,144019262,289,0,115,786432,504845877,811153,6,9071802417,12884901888,9561256,1420982697,0,0,0,0,0,0,0,0,0,0,0,0,0,0,0,0,0,0,49546288,149442897,0,468,1202,7661,620,99093529,35,0,0,0,0,0,0,0,1,0,0,0,0,0,0,0,0,0,0,59555248,0,144014279,2401885,0,0,0,0,0,0,0,0,16384,0,0,0,0,0,0,0,0,0,0,0,8066,450,0,0,0,0,0,150619332,0,176,0,3,450,8066,0,0,0,0,0,0,0,0,0,0,0,0,0,0,0,0,0,0,0,0,0,0,0,0,0,0,0,0,0,0,0,0,0,0,0,0,0,0,0,0,0,0,0,0,0,0,0,0,0,0,0,0,0,0,755969063,0,0,0,1024614220,0,0,0,0,0,0,0,196944288,504669599,909580001,416518750208,157910429,0,1,0,0,0,0,0,0,0,0,0,0,0,0,0,0,0,0,0,0,0,0,0,0,0,0,0,0,0,0,0,522,0,0,0,0,0,0,0
1782980471.908,0,0,0,0,0,0,0,1841713969,8268127881728,2920624905728,0,0,0,0,0,0,0,0,0,0,0,0,0,0,0,0,0,0,0,0,0,0,0,0,0,0,0,0,0,0,0,0,0,0,0,0,0,0,0,0,0,0,0,0,0,0,0,0,0,0,0,0,0,0,0,0,0,0,7,1959963,506973111,148070104,0,0,0,0,0,0,0,0,0,0,0,0,0,0,0,0,0,0,0,0,0,0,0,0,0,0,0,0,0,0,0,0,0,0,0,0,0,12878987264,5185339392,786071,316488,144046481,243,0,119,786432,504957915,811153,6,9073399494,12884901888,9568174,1421183583,0,0,0,0,0,0,0,0,0,0,0,0,0,0,0,0,0,0,49555783,149452387,0,468,1202,7661,620,99112516,35,0,0,0,0,0,0,0,1,0,0,0,0,0,0,0,0,0,0,59566023,0,144041498,2402249,0,0,0,0,0,0,0,0,16384,0,0,0,0,0,0,0,0,0,0,0,8068,450,0,0,0,0,0,150648185,0,176,0,3,450,8068,0,0,0,0,0,0,0,0,0,0,0,0,0,0,0,0,0,0,0,0,0,0,0,0,0,0,0,0,0,0,0,0,0,0,0,0,0,0,0,0,0,0,0,0,0,0,0,0,0,0,0,0,0,0,756106034,0,0,0,1024774550,0,0,0,0,0,0,0,196963064,504781188,909750796,416590466560,157921170,1,1,0,0,0,0,0,0,0,0,0,0,0,0,0,0,0,0,0,0,0,0,0,0,0,0,0,0,0,0,0,952,0,0,0,0,0,0,0
1782980472.993,0,0,0,0,0,0,0,1842035053,8269961742848,2921208251904,0,0,0,0,0,0,0,0,0,0,0,0,0,0,0,0,0,0,0,0,0,0,0,0,0,0,0,0,0,0,0,0,0,0,0,0,0,0,0,0,0,0,0,0,0,0,0,0,0,0,0,0,0,0,0,0,0,0,7,1960014,507085892,148100688,0,0,0,0,0,0,0,0,0,0,0,0,0,0,0,0,0,0,0,0,0,0,0,0,0,0,0,0,0,0,0,0,0,0,0,0,0,12880953344,5196218368,786191,317152,144073936,110,0,130,786432,505070290,811153,6,9075002905,12884901888,9576306,1421385263,0,0,0,0,0,0,0,0,0,0,0,0,0,0,0,0,0,0,49565318,149461924,0,468,1202,7661,620,99131587,35,0,0,0,0,0,0,0,1,0,0,0,0,0,0,0,0,0,0,59576863,0,144068953,2402622,0,0,0,0,0,0,0,0,16384,0,0,0,0,0,0,0,0,0,0,0,8069,450,0,0,0,0,0,150677184,0,176,0,3,450,8069,0,0,0,0,0,0,0,0,0,0,0,0,0,0,0,0,0,0,0,0,0,0,0,0,0,0,0,0,0,0,0,0,0,0,0,0,0,0,0,0,0,0,0,0,0,0,0,0,0,0,0,0,0,0,756242312,0,0,0,1024935561,0,0,0,0,0,0,0,196983930,504893073,909920750,416661835776,157933560,1,0,0,0,0,0,0,0,0,0,0,0,0,0,0,0,0,0,0,0,0,0,0,0,0,0,0,0,0,0,0,1376,0,0,0,0,0,0,0
1782980474.077,0,0,0,0,0,0,0,1842363827,8271845640704,2921812165120,0,0,0,0,0,0,0,0,0,0,0,0,0,0,0,0,0,0,0,0,0,0,0,0,0,0,0,0,0,0,0,0,0,0,0,0,0,0,0,0,0,0,0,0,0,0,0,0,0,0,0,0,0,0,0,0,0,0,7,1960080,507201685,148132356,0,0,0,0,0,0,0,0,0,0,0,0,0,0,0,0,0,0,0,0,0,0,0,0,0,0,0,0,0,0,0,0,0,0,0,0,0,12875071488,5201084416,785832,317449,144102843,503,0,96,786432,505185590,811153,6,9076649807,12884901888,9583188,1421595053,0,0,0,0,0,0,0,0,0,0,0,0,0,0,0,0,0,0,49575106,149471716,0,468,1202,7661,620,99151153,35,0,0,0,0,0,0,0,1,0,0,0,0,0,0,0,0,0,0,59587989,0,144097860,2403018,0,0,0,0,0,0,0,0,16384,0,0,0,0,0,0,0,0,0,0,0,8070,450,0,0,0,0,0,150706892,0,176,0,3,450,8070,0,0,0,0,0,0,0,0,0,0,0,0,0,0,0,0,0,0,0,0,0,0,0,0,0,0,0,0,0,0,0,0,0,0,0,0,0,0,0,0,0,0,0,0,0,0,0,0,0,0,0,0,0,0,756381890,0,0,0,1025101725,0,0,0,0,0,0,0,197005076,505007985,910094749,416735105024,157946204,1,0,0,0,0,0,0,0,0,0,0,0,0,0,0,0,0,0,0,0,0,0,0,0,0,0,0,0,0,0,0,707,0,0,0,0,0,0,0
1782980475.165,0,0,0,0,0,0,0,1842689788,8273711499776,2922404850688,0,0,0,0,0,0,0,0,0,0,0,0,0,0,0,0,0,0,0,0,0,0,0,0,0,0,0,0,0,0,0,0,0,0,0,0,0,0,0,0,0,0,0,0,0,0,0,0,0,0,0,0,0,0,0,0,0,0,7,1960115,507316424,148163454,0,0,0,0,0,0,0,0,0,0,0,0,0,0,0,0,0,0,0,0,0,0,0,0,0,0,0,0,0,0,0,0,0,0,0,0,0,12877365248,5205901312,785972,317743,144131049,363,0,96,786432,505299921,811153,6,9078279399,12884901888,9590908,1421798875,0,0,0,0,0,0,0,0,0,0,0,0,0,0,0,0,0,0,49584760,149481367,0,468,1202,7661,620,99170471,35,0,0,0,0,0,0,0,1,0,0,0,0,0,0,0,0,0,0,59598948,0,144126066,2403402,0,0,0,0,0,0,0,0,16384,0,0,0,0,0,0,0,0,0,0,0,8072,451,0,0,0,0,0,150736253,0,177,0,3,451,8072,0,0,0,0,1,0,0,0,0,0,0,0,0,0,0,0,0,0,0,0,0,0,0,0,0,0,0,0,0,0,0,0,0,0,0,0,0,0,0,0,0,0,0,0,0,0,0,0,0,0,0,0,0,0,756519858,0,0,0,1025264893,0,0,0,0,0,0,0,197026316,505121783,910266725,416807209984,157958912,1,0,0,0,0,0,0,0,0,0,0,0,0,0,0,0,0,0,0,0,0,0,0,0,0,0,0,0,0,0,0,1362,0,0,0,0,0,0,0
1782980476.250,0,0,0,0,0,0,0,1843019067,8275593251328,2923005539840,0,0,0,0,0,0,0,0,0,0,0,0,0,0,0,0,0,0,0,0,0,0,0,0,0,0,0,0,0,0,0,0,0,0,0,0,0,0,0,0,0,0,0,0,0,0,0,0,0,0,0,0,0,0,0,0,0,0,7,1960178,507432126,148194993,0,0,0,0,0,0,0,0,0,0,0,0,0,0,0,0,0,0,0,0,0,0,0,0,0,0,0,0,0,0,0,0,0,0,0,0,0,12876120064,5216288768,785896,318377,144159640,439,0,96,786432,505415186,811153,6,9079926089,12884901888,9597751,1422007246,0,0,0,0,0,0,0,0,0,0,0,0,0,0,0,0,0,0,49594551,149491161,0,468,1202,7661,620,99190044,35,0,0,0,0,0,0,0,1,0,0,0,0,0,0,0,0,0,0,59610067,0,144154726,2403799,0,0,0,0,0,0,0,0,16384,0,0,0,0,0,0,0,0,0,0,0,8073,451,0,0,0,0,0,150766024,0,177,0,3,451,8073,0,0,0,0,0,0,0,0,0,0,0,0,0,0,0,0,0,0,0,0,0,0,0,0,0,0,0,0,0,0,0,0,0,0,0,0,0,0,0,0,0,0,0,0,0,0,0,0,0,0,0,0,0,0,756658944,0,0,0,1025430360,0,0,0,0,0,0,0,197047468,505236543,910440262,416880023040,157971286,1,0,0,0,0,0,0,0,0,0,0,0,0,0,0,0,0,0,0,0,0,0,0,0,0,0,0,0,0,0,0,1540,0,0,0,0,0,0,0
1782980477.340,0,0,0,0,0,0,0,1843349321,8277486569984,2923606183936,0,0,0,0,0,0,0,0,0,0,0,0,0,0,0,0,0,0,0,0,0,0,0,0,0,0,0,0,0,0,0,0,0,0,0,0,0,0,0,0,0,0,0,0,0,0,0,0,0,0,0,0,0,0,0,0,0,0,7,1960219,507548575,148226391,0,0,0,0,0,0,0,0,0,0,0,0,0,0,0,0,0,0,0,0,0,0,0,0,0,0,0,0,0,0,0,0,0,0,0,0,0,12878577664,5223235584,786046,318801,144188358,286,0,100,786432,505531184,811153,6,9081581669,12884901888,9604510,1422218616,0,0,0,0,0,0,0,0,0,0,0,0,0,0,0,0,0,0,49604368,149500978,0,468,1202,7661,620,99209673,35,0,0,0,0,0,0,0,1,0,0,0,0,0,0,0,0,0,0,59621227,0,144183375,2404191,0,0,0,0,0,0,0,0,16384,0,0,0,0,0,0,0,0,0,0,0,8074,451,0,0,0,0,0,150795813,0,177,0,3,451,8074,0,0,0,0,0,0,0,0,0,0,0,0,0,0,0,0,0,0,0,0,0,0,0,0,0,0,0,0,0,0,0,0,0,0,0,0,0,0,0,0,0,0,0,0,0,0,0,0,0,0,0,0,0,0,756800559,0,0,0,1025597327,0,0,0,0,0,0,0,197068260,505351991,910616007,416954396160,157983572,1,0,0,0,0,0,0,0,0,0,0,0,0,0,0,0,0,0,0,0,0,0,0,0,0,0,0,0,0,0,0,649,0,0,0,0,0,0,0
1782980478.424,0,0,0,0,0,0,0,1843699020,8279482993152,2924240479744,0,0,0,0,0,0,0,0,0,0,0,0,0,0,0,0,0,0,0,0,0,0,0,0,0,0,0,0,0,0,0,0,0,0,0,0,0,0,0,0,0,0,0,0,0,0,0,0,0,0,0,0,0,0,0,0,0,0,7,1960286,507671360,148259565,0,0,0,0,0,0,0,0,0,0,0,0,0,0,0,0,0,0,0,0,0,0,0,0,0,0,0,0,0,0,0,0,0,0,0,0,0,12879872000,5234573312,786124,319493,144219684,210,0,99,786432,505653486,811153,6,9083332730,12884901888,9607766,1422441091,0,0,0,0,0,0,0,0,0,0,0,0,0,0,0,0,0,0,49614765,149511374,0,468,1202,7661,620,99230470,35,0,0,0,0,0,0,0,1,0,0,0,0,0,0,0,0,0,0,59633053,0,144214701,2404612,0,0,0,0,0,0,0,0,16384,0,0,0,0,0,0,0,0,0,0,0,8075,451,0,0,0,0,0,150827427,0,177,0,3,451,8075,0,0,0,0,0,0,0,0,0,0,0,0,0,0,0,0,0,0,0,0,0,0,0,0,0,0,0,0,0,0,0,0,0,0,0,0,0,0,0,0,0,0,0,0,0,0,0,0,0,0,0,0,0,0,756948747,0,0,0,1025773578,0,0,0,0,0,0,0,197088296,505473802,910799212,417032411136,157995322,1,0,0,0,0,0,0,0,0,0,0,0,0,0,0,0,0,0,0,0,0,0,0,0,0,0,0,0,0,0,0,362,0,0,0,0,0,0,0
1782980479.518,0,0,0,0,0,0,0,1844026801,8281361287680,2924828426240,0,0,0,0,0,0,0,0,0,0,0,0,0,0,0,0,0,0,0,0,0,0,0,0,0,0,0,0,0,0,0,0,0,0,0,0,0,0,0,0,0,0,0,0,0,0,0,0,0,0,0,0,0,0,0,0,0,0,7,1960343,507786876,148290388,0,0,0,0,0,0,0,0,0,0,0,0,0,0,0,0,0,0,0,0,0,0,0,0,0,0,0,0,0,0,0,0,0,0,0,0,0,12882264064,5250056192,786271,320438,144248035,64,0,99,786432,505768573,811153,6,9084971203,12884901888,9614528,1422646720,0,0,0,0,0,0,0,0,0,0,0,0,0,0,0,0,0,0,49624489,149521095,0,468,1202,7661,620,99249921,35,0,0,0,0,0,0,0,1,0,0,0,0,0,0,0,0,0,0,59644092,0,144243052,2405008,0,0,0,0,0,0,0,0,16384,0,0,0,0,0,0,0,0,0,0,0,8076,451,0,0,0,0,0,150857004,0,177,0,3,451,8076,0,0,0,0,0,0,0,0,0,0,0,0,0,0,0,0,0,0,0,0,0,0,0,0,0,0,0,0,0,0,0,0,0,0,0,0,0,0,0,0,0,0,0,0,0,0,0,0,0,0,0,0,0,0,757086348,0,0,0,1025937694,0,0,0,0,0,0,0,197109348,505588474,910970132,417104609792,158008020,1,0,0,0,0,0,0,0,0,0,0,0,0,0,0,0,0,0,0,0,0,0,0,0,0,0,0,0,0,0,0,1087,0,0,0,0,0,0,0
1782980480.609,0,0,0,0,0,0,0,1844345717,8283179239936,2925429254144,0,0,0,0,0,0,0,0,0,0,0,0,0,0,0,0,0,0,0,0,0,0,0,0,0,0,0,0,0,0,0,0,0,0,0,0,0,0,0,0,0,0,0,0,0,0,0,0,0,0,0,0,0,0,0,0,0,0,7,1960406,507898662,148321794,0,0,0,0,0,0,0,0,0,0,0,0,0,0,0,0,0,0,0,0,0,0,0,0,0,0,0,0,0,0,0,0,0,0,0,0,0,12880904192,5239537664,786188,319796,144275825,148,0,96,786432,505879986,811153,6,9086569336,12884901888,9621759,1422850374,0,0,0,0,0,0,0,0,0,0,0,0,0,0,0,0,0,0,49633979,149530584,0,468,1202,7661,620,99268891,35,0,0,0,0,0,0,0,1,0,0,0,0,0,0,0,0,0,0,59654867,0,144271866,2405390,0,0,0,0,0,0,0,0,16384,0,0,0,0,0,0,0,0,0,0,0,8077,451,0,0,0,0,0,150885811,0,177,0,3,451,8077,0,0,0,0,0,0,0,0,0,0,0,0,0,0,0,0,0,0,0,0,0,0,0,0,0,0,0,0,0,0,0,0,0,0,0,0,0,0,0,0,0,0,0,0,0,0,0,0,0,0,0,0,0,0,757224767,0,0,0,1026098869,0,0,0,0,0,0,0,197129438,505699360,911142622,417177281024,158020220,1,0,0,0,0,0,0,0,0,0,0,0,0,0,0,0,0,0,0,0,0,0,0,0,0,0,0,0,0,0,0,450,0,0,0,0,0,0,0
1782980481.690,0,0,0,0,0,0,0,1844675943,8285062367744,2926069086720,0,0,0,0,0,0,0,0,0,0,0,0,0,0,0,0,0,0,0,0,0,0,0,0,0,0,0,0,0,0,0,0,0,0,0,0,0,0,0,0,0,0,0,0,0,0,0,0,0,0,0,0,0,0,0,0,0,0,7,1960456,508014493,148355779,0,0,0,0,0,0,0,0,0,0,0,0,0,0,0,0,0,0,0,0,0,0,0,0,0,0,0,0,0,0,0,0,0,0,0,0,0,12881166336,5206409216,786204,317774,144305009,131,0,96,786432,505995362,811153,6,9088218209,12884901888,9626656,1423057518,0,0,0,0,0,0,0,0,0,0,0,0,0,0,0,0,0,0,49643791,149540399,0,468,1202,7661,620,99288525,35,0,0,0,0,0,0,0,1,0,0,0,0,0,0,0,0,0,0,59666018,0,144303354,2405792,0,0,0,0,0,0,0,0,16384,0,0,0,0,0,0,0,0,0,0,0,8078,451,0,0,0,0,0,150915654,0,177,0,3,451,8078,0,0,0,0,0,0,0,0,0,0,0,0,0,0,0,0,0,0,0,0,0,0,0,0,0,0,0,0,0,0,0,0,0,0,0,0,0,0,0,0,0,0,0,0,0,0,0,0,0,0,0,0,0,0,757364598,0,0,0,1026264211,0,0,0,0,0,0,0,197148534,505814271,911318933,417250429952,158031212,1,0,0,0,0,0,0,0,0,0,0,0,0,0,0,0,0,0,0,0,0,0,0,0,0,0,0,0,0,0,0,1172,0,0,0,0,0,0,0
1782980482.772,0,0,0,0,0,0,0,1845009582,8286978935296,2926696852992,0,0,0,0,0,0,0,0,0,0,0,0,0,0,0,0,0,0,0,0,0,0,0,0,0,0,0,0,0,0,0,0,0,0,0,0,0,0,0,0,0,0,0,0,0,0,0,0,0,0,0,0,0,0,0,0,0,0,7,1960522,508132308,148388947,0,0,0,0,0,0,0,0,0,0,0,0,0,0,0,0,0,0,0,0,0,0,0,0,0,0,0,0,0,0,0,0,0,0,0,0,0,12875382784,5191761920,785851,316880,144339205,484,0,97,786432,506112743,811153,6,9089890110,12884901888,9630827,1423270067,0,0,0,0,0,0,0,0,0,0,0,0,0,0,0,0,0,0,49653707,149550314,0,468,1202,7661,620,99308354,35,0,0,0,0,0,0,0,1,0,0,0,0,0,0,0,0,0,0,59677291,0,144334222,2406195,0,0,0,0,0,0,0,0,16384,0,0,0,0,0,0,0,0,0,0,0,8079,451,0,0,0,0,0,150945816,0,177,0,3,451,8079,0,0,0,0,0,0,0,0,0,0,0,0,0,0,0,0,0,0,0,0,0,0,0,0,0,0,0,0,0,0,0,0,0,0,0,0,0,0,0,0,0,0,0,0,0,0,0,0,0,0,0,0,0,0,757506070,0,0,0,1026432831,0,0,0,0,0,0,0,197168361,505931214,911495845,417324849152,158042911,1,0,0,0,0,0,0,0,0,0,0,0,0,0,0,0,0,0,0,0,0,0,0,0,0,0,0,0,0,0,0,393,0,0,0,0,0,0,0
1782980483.861,0,0,0,0,0,0,0,1845342331,8288884787712,2927301874176,0,0,0,0,0,0,0,0,0,0,0,0,0,0,0,0,0,0,0,0,0,0,0,0,0,0,0,0,0,0,0,0,0,0,0,0,0,0,0,0,0,0,0,0,0,0,0,0,0,0,0,0,0,0,0,0,0,0,7,1960568,508249466,148420701,0,0,0,0,0,0,0,0,0,0,0,0,0,0,0,0,0,0,0,0,0,0,0,0,0,0,0,0,0,0,0,0,0,0,0,0,0,12879544320,5202509824,786105,317536,144368457,228,0,97,786432,506229459,811153,6,9091552031,12884901888,9636850,1423478481,0,0,0,0,0,0,0,0,0,0,0,0,0,0,0,0,0,0,49663579,149560188,0,468,1202,7661,620,99328102,35,0,0,0,0,0,0,0,1,0,0,0,0,0,0,0,0,0,0,59688513,0,144363474,2406595,0,0,0,0,0,0,0,0,16384,0,0,0,0,0,0,0,0,0,0,0,8080,451,0,0,0,0,0,150975855,0,177,0,3,451,8080,0,0,0,0,0,0,0,0,0,0,0,0,0,0,0,0,0,0,0,0,0,0,0,0,0,0,0,0,0,0,0,0,0,0,0,0,0,0,0,0,0,0,0,0,0,0,0,0,0,0,0,0,0,0,757646794,0,0,0,1026599181,0,0,0,0,0,0,0,197188798,506047482,911670890,417398704640,158054858,0,0,0,0,0,0,0,0,0,0,0,0,0,0,0,0,0,0,0,0,0,0,0,0,0,0,0,0,0,0,0,1392,0,0,0,0,0,0,0
1782980484.945,0,0,0,0,0,0,0,1845680288,8290820966912,2927914607104,0,0,0,0,0,0,0,0,0,0,0,0,0,0,0,0,0,0,0,0,0,0,0,0,0,0,0,0,0,0,0,0,0,0,0,0,0,0,0,0,0,0,0,0,0,0,0,0,0,0,0,0,0,0,0,0,0,0,7,1960621,508368510,148452763,0,0,0,0,0,0,0,0,0,0,0,0,0,0,0,0,0,0,0,0,0,0,0,0,0,0,0,0,0,0,0,0,0,0,0,0,0,12877709312,5212225536,785993,318129,144398452,342,0,96,786432,506348050,811153,6,9093245009,12884901888,9640622,1423694769,0,0,0,0,0,0,0,0,0,0,0,0,0,0,0,0,0,0,49673618,149570229,0,468,1202,7661,620,99348188,35,0,0,0,0,0,0,0,1,0,0,0,0,0,0,0,0,0,0,59699917,0,144393469,2407004,0,0,0,0,0,0,0,0,16384,0,0,0,0,0,0,0,0,0,0,0,8081,451,0,0,0,0,0,151006399,0,177,0,3,451,8081,0,0,0,0,0,0,0,0,0,0,0,0,0,0,0,0,0,0,0,0,0,0,0,0,0,0,0,0,0,0,0,0,0,0,0,0,0,0,0,0,0,0,0,0,0,0,0,0,0,0,0,0,0,0,757790890,0,0,0,1026769919,0,0,0,0,0,0,0,197208593,506165565,911849121,417474345472,158066586,1,0,0,0,0,0,0,0,0,0,0,0,0,0,0,0,0,0,0,0,0,0,0,0,0,0,0,0,0,0,0,514,0,0,0,0,0,0,0
1782980486.031,0,0,0,0,0,0,0,1846008202,8292690364928,2928511787520,0,0,0,0,0,0,0,0,0,0,0,0,0,0,0,0,0,0,0,0,0,0,0,0,0,0,0,0,0,0,0,0,0,0,0,0,0,0,0,0,0,0,0,0,0,0,0,0,0,0,0,0,0,0,0,0,0,0,7,1960656,508483484,148484129,0,0,0,0,0,0,0,0,0,0,0,0,0,0,0,0,0,0,0,0,0,0,0,0,0,0,0,0,0,0,0,0,0,0,0,0,0,12875022336,5221449728,785831,318691,144426807,506,0,96,786432,506462601,811153,6,9094883321,12884901888,9647813,1423899933,0,0,0,0,0,0,0,0,0,0,0,0,0,0,0,0,0,0,49683344,149579951,0,468,1202,7661,620,99367644,35,0,0,0,0,0,0,0,1,0,0,0,0,0,0,0,0,0,0,59710958,0,144421824,2407396,0,0,0,0,0,0,0,0,16384,0,0,0,0,0,0,0,0,0,0,0,8083,451,0,0,0,0,0,151035960,0,177,0,3,451,8083,0,0,0,0,0,0,0,0,0,0,0,0,0,0,0,0,0,0,0,0,0,0,0,0,0,0,0,0,0,0,0,0,0,0,0,0,0,0,0,0,0,0,0,0,0,0,0,0,0,0,0,0,0,0,757929526,0,0,0,1026933966,0,0,0,0,0,0,0,197229770,506279643,912022085,417546756096,158079113,1,1,0,0,0,0,0,0,0,0,0,0,0,0,0,0,0,0,0,0,0,0,0,0,0,0,0,0,0,0,0,1389,0,0,0,0,0,0,0
1782980487.120,0,0,0,0,0,0,0,1846348314,8294638258688,2929130583552,0,0,0,0,0,0,0,0,0,0,0,0,0,0,0,0,0,0,0,0,0,0,0,0,0,0,0,0,0,0,0,0,0,0,0,0,0,0,0,0,0,0,0,0,0,0,0,0,0,0,0,0,0,0,0,0,0,0,7,1960698,508603310,148516604,0,0,0,0,0,0,0,0,0,0,0,0,0,0,0,0,0,0,0,0,0,0,0,0,0,0,0,0,0,0,0,0,0,0,0,0,0,12878364672,5230428160,786033,319240,144457469,284,0,114,786432,506581948,811153,6,9096587747,12884901888,9651696,1424116566,0,0,0,0,0,0,0,0,0,0,0,0,0,0,0,0,0,0,49693474,149590082,0,468,1202,7661,620,99387898,35,0,0,0,0,0,0,0,1,0,0,0,0,0,0,0,0,0,0,59722474,0,144452486,2407806,0,0,0,0,0,0,0,0,16384,0,0,0,0,0,0,0,0,0,0,0,8084,451,0,0,0,0,0,151066760,0,177,0,3,451,8084,0,0,0,0,0,0,0,0,0,0,0,0,0,0,0,0,0,0,0,0,0,0,0,0,0,0,0,0,0,0,0,0,0,0,0,0,0,0,0,0,0,0,0,0,0,0,0,0,0,0,0,0,0,0,758073187,0,0,0,1027105939,0,0,0,0,0,0,0,197249366,506398475,912200112,417622064640,158090803,1,0,0,0,0,0,0,0,0,0,0,0,0,0,0,0,0,0,0,0,0,0,0,0,0,0,0,0,0,0,0,613,0,0,0,0,0,0,0
1782980488.203,0,0,0,0,0,0,0,1846666039,8296451475968,2929714660864,0,0,0,0,0,0,0,0,0,0,0,0,0,0,0,0,0,0,0,0,0,0,0,0,0,0,0,0,0,0,0,0,0,0,0,0,0,0,0,0,0,0,0,0,0,0,0,0,0,0,0,0,0,0,0,0,0,0,7,1960740,508714804,148547294,0,0,0,0,0,0,0,0,0,0,0,0,0,0,0,0,0,0,0,0,0,0,0,0,0,0,0,0,0,0,0,0,0,0,0,0,0,12881559552,5232033792,786228,319338,144484497,107,0,97,786432,506693085,811153,6,9098177236,12884901888,9662219,1424317238,0,0,0,0,0,0,0,0,0,0,0,0,0,0,0,0,0,0,49702906,149599514,0,468,1202,7661,620,99406775,35,0,0,0,0,0,0,0,1,0,0,0,0,0,0,0,0,0,0,59733176,0,144479514,2408186,0,0,0,0,0,0,0,0,16384,0,0,0,0,0,0,0,0,0,0,0,8085,451,0,0,0,0,0,151095412,0,177,0,3,451,8085,0,0,0,0,0,0,0,0,0,0,0,0,0,0,0,0,0,0,0,0,0,0,0,0,0,0,0,0,0,0,0,0,0,0,0,0,0,0,0,0,0,0,0,0,0,0,0,0,0,0,0,0,0,0,758208468,0,0,0,1027265764,0,0,0,0,0,0,0,197272253,506509147,912369586,417692829184,158104574,1,1,0,0,0,0,0,0,0,0,0,0,0,0,0,0,0,0,0,0,0,0,0,0,0,0,0,0,0,0,0,670,0,0,0,0,0,0,0
1782980489.296,0,0,0,0,0,0,0,1846995994,8298333178368,2930314173952,0,0,0,0,0,0,0,0,0,0,0,0,0,0,0,0,0,0,0,0,0,0,0,0,0,0,0,0,0,0,0,0,0,0,0,0,0,0,0,0,0,0,0,0,0,0,0,0,0,0,0,0,0,0,0,0,0,0,7,1960779,508830516,148578778,0,0,0,0,0,0,0,0,0,0,0,0,0,0,0,0,0,0,0,0,0,0,0,0,0,0,0,0,0,0,0,0,0,0,0,0,0,12879183872,5240995840,786083,319884,144513723,251,0,96,786432,506808352,811153,6,9099826915,12884901888,9667805,1424524097,0,0,0,0,0,0,0,0,0,0,0,0,0,0,0,0,0,0,49712718,149609326,0,468,1202,7661,620,99426381,35,0,0,0,0,0,0,0,1,0,0,0,0,0,0,0,0,0,0,59744314,0,144508740,2408587,0,0,0,0,0,0,0,0,16384,0,0,0,0,0,0,0,0,0,0,0,8086,451,0,0,0,0,0,151125242,0,177,0,3,451,8086,0,0,0,0,0,0,0,0,0,0,0,0,0,0,0,0,0,0,0,0,0,0,0,0,0,0,0,0,0,0,0,0,0,0,0,0,0,0,0,0,0,0,0,0,0,0,0,0,0,0,0,0,0,0,758348321,0,0,0,1027431321,0,0,0,0,0,0,0,197292952,506623970,912543317,417765997056,158116947,1,1,0,0,0,0,0,0,0,0,0,0,0,0,0,0,0,0,0,0,0,0,0,0,0,0,0,0,0,0,0,1130,0,0,0,0,0,0,0
1782980490.385,0,0,0,0,0,0,0,1847322778,8300199873024,2930914995712,0,0,0,0,0,0,0,0,0,0,0,0,0,0,0,0,0,0,0,0,0,0,0,0,0,0,0,0,0,0,0,0,0,0,0,0,0,0,0,0,0,0,0,0,0,0,0,0,0,0,0,0,0,0,0,0,0,0,7,1960827,508945292,148610311,0,0,0,0,0,0,0,0,0,0,0,0,0,0,0,0,0,0,0,0,0,0,0,0,0,0,0,0,0,0,0,0,0,0,0,0,0,12877758464,5244469248,785996,320097,144542462,337,0,97,786432,506922702,811153,6,9101461624,12884901888,9673694,1424729832,0,0,0,0,0,0,0,0,0,0,0,0,0,0,0,0,0,0,49722417,149619028,0,468,1202,7661,620,99445778,35,0,0,0,0,0,0,0,1,0,0,0,0,0,0,0,0,0,0,59755338,0,144537367,2408960,0,0,0,0,0,0,0,0,16384,0,0,0,0,0,0,0,0,0,0,0,8087,451,0,0,0,0,0,151154755,0,177,0,3,451,8087,0,0,0,0,0,0,0,0,0,0,0,0,0,0,0,0,0,0,0,0,0,0,0,0,0,0,0,0,0,0,0,0,0,0,0,0,0,0,0,0,0,0,0,0,0,0,0,0,0,0,0,0,0,0,758488055,0,0,0,1027595477,0,0,0,0,0,0,0,197312361,506737873,912717348,417839132160,158128394,1,0,0,0,0,0,0,0,0,0,0,0,0,0,0,0,0,0,0,0,0,0,0,0,0,0,0,0,0,0,0,1388,0,0,0,0,0,0,0
1782980491.476,0,0,0,0,0,0,0,1847654070,8302091274752,2931521970176,0,0,0,0,0,0,0,0,0,0,0,0,0,0,0,0,0,0,0,0,0,0,0,0,0,0,0,0,0,0,0,0,0,0,0,0,0,0,0,0,0,0,0,0,0,0,0,0,0,0,0,0,0,0,0,0,0,0,7,1960874,509061629,148642228,0,0,0,0,0,0,0,0,0,0,0,0,0,0,0,0,0,0,0,0,0,0,0,0,0,0,0,0,0,0,0,0,0,0,0,0,0,12878249984,5247926272,786025,320308,144571727,307,0,99,786432,507038597,811153,6,9103122968,12884901888,9679262,1424941840,0,0,0,0,0,0,0,0,0,0,0,0,0,0,0,0,0,0,49732277,149628885,0,468,1202,7661,620,99465508,35,0,0,0,0,0,0,0,1,0,0,0,0,0,0,0,0,0,0,59766555,0,144566691,2409349,0,0,0,0,0,0,0,0,16384,0,0,0,0,0,0,0,0,0,0,0,8088,451,0,0,0,0,0,151184722,0,177,0,3,451,8088,0,0,0,0,0,0,0,0,0,0,0,0,0,0,0,0,0,0,0,0,0,0,0,0,0,0,0,0,0,0,0,0,0,0,0,0,0,0,0,0,0,0,0,0,0,0,0,0,0,0,0,0,0,0,758627955,0,0,0,1027763196,0,0,0,0,0,0,0,197332263,506853331,912891800,417912649728,158139776,1,1,0,0,0,0,0,0,0,0,0,0,0,0,0,0,0,0,0,0,0,0,0,0,0,0,0,0,0,0,0,424,0,0,0,0,0,0,0
1782980492.562,0,0,0,0,0,0,0,1847985906,8303989967360,2932131058176,0,0,0,0,0,0,0,0,0,0,0,0,0,0,0,0,0,0,0,0,0,0,0,0,0,0,0,0,0,0,0,0,0,0,0,0,0,0,0,0,0,0,0,0,0,0,0,0,0,0,0,0,0,0,0,0,0,0,7,1960927,509178516,148674191,0,0,0,0,0,0,0,0,0,0,0,0,0,0,0,0,0,0,0,0,0,0,0,0,0,0,0,0,0,0,0,0,0,0,0,0,0,12882935808,5250826240,786312,320485,144600982,0,0,120,786432,507155019,811153,6,9104780987,12884901888,9685108,1425148856,0,0,0,0,0,0,0,0,0,0,0,0,0,0,0,0,0,0,49742128,149638735,0,468,1202,7661,620,99485206,35,0,0,0,0,0,0,0,1,0,0,0,0,0,0,0,0,0,0,59777755,0,144596143,2409739,0,0,0,0,0,0,0,0,16384,0,0,0,0,0,0,0,0,0,0,0,8089,451,0,0,0,0,0,151214665,0,177,0,3,451,8089,0,0,0,0,0,0,0,0,0,0,0,0,0,0,0,0,0,0,0,0,0,0,0,0,0,0,0,0,0,0,0,0,0,0,0,0,0,0,0,0,0,0,0,0,0,0,0,0,0,0,0,0,0,0,758769524,0,0,0,1027929083,0,0,0,0,0,0,0,197352247,506969239,913067739,417986774528,158151463,1,0,0,0,0,0,0,0,0,0,0,0,0,0,0,0,0,0,0,0,0,0,0,0,0,0,0,0,0,0,0,1446,0,0,0,0,0,0,0
1782980493.647,0,0,0,0,0,0,0,1848309205,8305842506240,2932753280000,0,0,0,0,0,0,0,0,0,0,0,0,0,0,0,0,0,0,0,0,0,0,0,0,0,0,0,0,0,0,0,0,0,0,0,0,0,0,0,0,0,0,0,0,0,0,0,0,0,0,0,0,0,0,0,0,0,0,7,1960973,509292447,148706920,0,0,0,0,0,0,0,0,0,0,0,0,0,0,0,0,0,0,0,0,0,0,0,0,0,0,0,0,0,0,0,0,0,0,0,0,0,12883312640,5227823104,786335,319081,144628397,0,0,97,786432,507268537,811153,6,9106400469,12884901888,9693325,1425355810,0,0,0,0,0,0,0,0,0,0,0,0,0,0,0,0,0,0,49751735,149648343,0,468,1202,7661,620,99504422,35,0,0,0,0,0,0,0,1,0,0,0,0,0,0,0,0,0,0,59788675,0,144625350,2410122,0,0,0,0,0,0,0,0,16384,0,0,0,0,0,0,0,0,0,0,0,8090,451,0,0,0,0,0,151243876,0,177,0,3,451,8090,0,0,0,0,0,0,0,0,0,0,0,0,0,0,0,0,0,0,0,0,0,0,0,0,0,0,0,0,0,0,0,0,0,0,0,0,0,0,0,0,0,0,0,0,0,0,0,0,0,0,0,0,0,0,758909316,0,0,0,1028092787,0,0,0,0,0,0,0,197373054,507082257,913243752,418059905024,158163411,1,1,0,0,0,0,0,0,0,0,0,0,0,0,0,0,0,0,0,0,0,0,0,0,0,0,0,0,0,0,0,367,0,0,0,0,0,0,0
1782980494.733,0,0,0,0,0,0,0,1848629838,8307683691008,2933374634496,0,0,0,0,0,0,0,0,0,0,0,0,0,0,0,0,0,0,0,0,0,0,0,0,0,0,0,0,0,0,0,0,0,0,0,0,0,0,0,0,0,0,0,0,0,0,0,0,0,0,0,0,0,0,0,0,0,0,7,1961032,509405674,148739718,0,0,0,0,0,0,0,0,0,0,0,0,0,0,0,0,0,0,0,0,0,0,0,0,0,0,0,0,0,0,0,0,0,0,0,0,0,12883230720,5204017152,786330,317628,144655695,0,0,102,786432,507381318,811153,6,9107999831,12884901888,9700210,1425554408,0,0,0,0,0,0,0,0,0,0,0,0,0,0,0,0,0,0,49761277,149657884,0,468,1202,7661,620,99523506,35,0,0,0,0,0,0,0,1,0,0,0,0,0,0,0,0,0,0,59799506,0,144654696,2410509,0,0,0,0,0,0,0,0,16384,0,0,0,0,0,0,0,0,0,0,0,8091,451,0,0,0,0,0,151272880,0,177,0,3,451,8091,0,0,0,0,0,0,0,0,0,0,0,0,0,0,0,0,0,0,0,0,0,0,0,0,0,0,0,0,0,0,0,0,0,0,0,0,0,0,0,0,0,0,0,0,0,0,0,0,0,0,0,0,0,0,759045470,0,0,0,1028252239,0,0,0,0,0,0,0,197393798,507194568,913416067,418131254272,158175233,1,0,0,0,0,0,0,0,0,0,0,0,0,0,0,0,0,0,0,0,0,0,0,0,0,0,0,0,0,0,0,2215,0,0,0,0,0,0,0
1782980495.816,0,0,0,0,0,0,0,1848969700,8309624998400,2933996065280,0,0,0,0,0,0,0,0,0,0,0,0,0,0,0,0,0,0,0,0,0,0,0,0,0,0,0,0,0,0,0,0,0,0,0,0,0,0,0,0,0,0,0,0,0,0,0,0,0,0,0,0,0,0,0,0,0,0,7,1961087,509525046,148772491,0,0,0,0,0,0,0,0,0,0,0,0,0,0,0,0,0,0,0,0,0,0,0,0,0,0,0,0,0,0,0,0,0,0,0,0,0,12876709888,5206622208,785933,317787,144690947,404,0,98,786432,507500233,811153,6,9109704085,12884901888,9703844,1425772418,0,0,0,0,0,0,0,0,0,0,0,0,0,0,0,0,0,0,49771377,149667985,0,468,1202,7661,620,99543696,35,0,0,0,0,0,0,0,1,0,0,0,0,0,0,0,0,0,0,59810982,0,144685852,2410918,0,0,0,0,0,0,0,0,16384,0,0,0,0,0,0,0,0,0,0,0,8092,451,0,0,0,0,0,151303599,0,177,0,3,451,8092,0,0,0,0,0,0,0,0,0,0,0,0,0,0,0,0,0,0,0,0,0,0,0,0,0,0,0,0,0,0,0,0,0,0,0,0,0,0,0,0,0,0,0,0,0,0,0,0,0,0,0,0,0,0,759190608,0,0,0,1028424563,0,0,0,0,0,0,0,197413047,507312992,913595821,418207409664,158186573,1,0,0,0,0,0,0,0,0,0,0,0,0,0,0,0,0,0,0,0,0,0,0,0,0,0,0,0,0,0,0,894,0,0,0,0,0,0,0
1782980496.903,0,0,0,0,0,0,0,1849297357,8311500950016,2934597320192,0,0,0,0,0,0,0,0,0,0,0,0,0,0,0,0,0,0,0,0,0,0,0,0,0,0,0,0,0,0,0,0,0,0,0,0,0,0,0,0,0,0,0,0,0,0,0,0,0,0,0,0,0,0,0,0,0,0,7,1961138,509640465,148804032,0,0,0,0,0,0,0,0,0,0,0,0,0,0,0,0,0,0,0,0,0,0,0,0,0,0,0,0,0,0,0,0,0,0,0,0,0,12879527936,5208670208,786103,317912,144719572,217,0,111,786432,507615204,811153,6,9111342490,12884901888,9710082,1425978116,0,0,0,0,0,0,0,0,0,0,0,0,0,0,0,0,0,0,49781098,149677707,0,468,1202,7661,620,99563152,35,0,0,0,0,0,0,0,1,0,0,0,0,0,0,0,0,0,0,59822035,0,144714477,2411299,0,0,0,0,0,0,0,0,16384,0,0,0,0,0,0,0,0,0,0,0,8093,451,0,0,0,0,0,151333154,0,177,0,3,451,8093,0,0,0,0,0,0,0,0,0,0,0,0,0,0,0,0,0,0,0,0,0,0,0,0,0,0,0,0,0,0,0,0,0,0,0,0,0,0,0,0,0,0,0,0,0,0,0,0,0,0,0,0,0,0,759331779,0,0,0,1028588766,0,0,0,0,0,0,0,197431505,507427477,913771455,418281207296,158197106,1,0,0,0,0,0,0,0,0,0,0,0,0,0,0,0,0,0,0,0,0,0,0,0,0,0,0,0,0,0,0,1514,0,0,0,0,0,0,0
1782980497.992,0,0,0,0,0,0,0,1849615568,8313320114688,2935183071744,0,0,0,0,0,0,0,0,0,0,0,0,0,0,0,0,0,0,0,0,0,0,0,0,0,0,0,0,0,0,0,0,0,0,0,0,0,0,0,0,0,0,0,0,0,0,0,0,0,0,0,0,0,0,0,0,0,0,7,1961194,509752327,148834663,0,0,0,0,0,0,0,0,0,0,0,0,0,0,0,0,0,0,0,0,0,0,0,0,0,0,0,0,0,0,0,0,0,0,0,0,0,12879396864,5212192768,786096,318127,144746977,228,0,110,786432,507726649,811153,6,9112938364,12884901888,9718413,1426182316,0,0,0,0,0,0,0,0,0,0,0,0,0,0,0,0,0,0,49790561,149687166,0,468,1202,7661,620,99582083,35,0,0,0,0,0,0,0,1,0,0,0,0,0,0,0,0,0,0,59832788,0,144741882,2411658,0,0,0,0,0,0,0,0,16384,0,0,0,0,0,0,0,0,0,0,0,8094,451,0,0,0,0,0,151361902,0,177,0,3,451,8094,0,0,0,0,0,0,0,0,0,0,0,0,0,0,0,0,0,0,0,0,0,0,0,0,0,0,0,0,0,0,0,0,0,0,0,0,0,0,0,0,0,0,0,0,0,0,0,0,0,0,0,0,0,0,759470644,0,0,0,1028750003,0,0,0,0,0,0,0,197450673,507538495,913944195,418353750528,158208294,1,1,0,0,0,0,0,0,0,0,0,0,0,0,0,0,0,0,0,0,0,0,0,0,0,0,0,0,0,0,0,357,0,0,0,0,0,0,0
1782980499.076,0,0,0,0,0,0,0,1849919775,8315061340672,2935739070464,0,0,0,0,0,0,0,0,0,0,0,0,0,0,0,0,0,0,0,0,0,0,0,0,0,0,0,0,0,0,0,0,0,0,0,0,0,0,0,0,0,0,0,0,0,0,0,0,0,0,0,0,0,0,0,0,0,0,7,1961247,509859405,148863700,0,0,0,0,0,0,0,0,0,0,0,0,0,0,0,0,0,0,0,0,0,0,0,0,0,0,0,0,0,0,0,0,0,0,0,0,0,12878069760,5219598336,786015,318579,144772534,295,0,121,786432,507833324,811153,6,9114454953,12884901888,9727305,1426371687,0,0,0,0,0,0,0,0,0,0,0,0,0,0,0,0,0,0,49799575,149696185,0,468,1202,7661,620,99600096,35,0,0,0,0,0,0,0,1,0,0,0,0,0,0,0,0,0,0,59843026,0,144767439,2412004,0,0,0,0,0,0,0,0,16384,0,0,0,0,0,0,0,0,0,0,0,8096,451,0,0,0,0,0,151389318,0,177,0,3,451,8096,0,0,0,0,0,0,0,0,0,0,0,0,0,0,0,0,0,0,0,0,0,0,0,0,0,0,0,0,0,0,0,0,0,0,0,0,0,0,0,0,0,0,0,0,0,0,0,0,0,0,0,0,0,0,759605239,0,0,0,1028901730,0,0,0,0,0,0,0,197467888,507644819,914111343,418424050688,158217531,1,0,0,0,0,0,0,0,0,0,0,0,0,0,0,0,0,0,0,0,0,0,0,0,0,0,0,0,0,0,0,1470,0,0,0,0,0,0,0
1782980500.162,0,0,0,0,0,0,0,1850201427,8316667972096,2936267717120,0,0,0,0,0,0,0,0,0,0,0,0,0,0,0,0,0,0,0,0,0,0,0,0,0,0,0,0,0,0,0,0,0,0,0,0,0,0,0,0,0,0,0,0,0,0,0,0,0,0,0,0,0,0,0,0,0,0,7,1961290,509958172,148891349,0,0,0,0,0,0,0,0,0,0,0,0,0,0,0,0,0,0,0,0,0,0,0,0,0,0,0,0,0,0,0,0,0,0,0,0,0,12883197952,5217239040,786328,318435,144795589,7,0,98,786432,507931751,811153,6,9115863900,12884901888,9740037,1426551408,0,0,0,0,0,0,0,0,0,0,0,0,0,0,0,0,0,0,49807937,149704546,0,468,1202,7661,620,99616826,35,0,0,0,0,0,0,0,1,0,0,0,0,0,0,0,0,0,0,59852526,0,144790565,2412313,0,0,0,0,0,0,0,0,16384,0,0,0,0,0,0,0,0,0,0,0,8097,451,0,0,0,0,0,151414754,0,177,0,3,451,8097,0,0,0,0,0,0,0,0,0,0,0,0,0,0,0,0,0,0,0,0,0,0,0,0,0,0,0,0,0,0,0,0,0,0,0,0,0,0,0,0,0,0,0,0,0,0,0,0,0,0,0,0,0,0,759731114,0,0,0,1029044076,0,0,0,0,0,0,0,197487813,507742923,914269375,418490018304,158229164,0,1,0,0,0,0,0,0,0,0,0,0,0,0,0,0,0,0,0,0,0,0,0,0,0,0,0,0,0,0,0,786,0,0,0,0,0,0,0
1782980501.246,0,0,0,0,0,0,0,1850522394,8318508616192,2936854782464,0,0,0,0,0,0,0,0,0,0,0,0,0,0,0,0,0,0,0,0,0,0,0,0,0,0,0,0,0,0,0,0,0,0,0,0,0,0,0,0,0,0,0,0,0,0,0,0,0,0,0,0,0,0,0,0,0,0,7,1961330,510071435,148922181,0,0,0,0,0,0,0,0,0,0,0,0,0,0,0,0,0,0,0,0,0,0,0,0,0,0,0,0,0,0,0,0,0,0,0,0,0,12878004224,5225725952,786011,318953,144823675,301,0,122,786432,508044591,811153,6,9117467980,12884901888,9746256,1426752461,0,0,0,0,0,0,0,0,0,0,0,0,0,0,0,0,0,0,49817462,149714070,0,468,1202,7661,620,99635875,35,0,0,0,0,0,0,0,1,0,0,0,0,0,0,0,0,0,0,59863351,0,144818580,2412676,0,0,0,0,0,0,0,0,16384,0,0,0,0,0,0,0,0,0,0,0,8098,451,0,0,0,0,0,151443674,0,177,0,3,451,8098,0,0,0,0,0,0,0,0,0,0,0,0,0,0,0,0,0,0,0,0,0,0,0,0,0,0,0,0,0,0,0,0,0,0,0,0,0,0,0,0,0,0,0,0,0,0,0,0,0,0,0,0,0,0,759868487,0,0,0,1029204742,0,0,0,0,0,0,0,197506143,507855280,914440358,418561720832,158240065,1,0,0,0,0,0,0,0,0,0,0,0,0,0,0,0,0,0,0,0,0,0,0,0,0,0,0,0,0,0,0,1483,0,0,0,0,0,0,0
1782980502.333,0,0,0,0,0,0,0,1850810057,8320159533568,2937396059648,0,0,0,0,0,0,0,0,0,0,0,0,0,0,0,0,0,0,0,0,0,0,0,0,0,0,0,0,0,0,0,0,0,0,0,0,0,0,0,0,0,0,0,0,0,0,0,0,0,0,0,0,0,0,0,0,0,0,7,1961386,510172896,148950534,0,0,0,0,0,0,0,0,0,0,0,0,0,0,0,0,0,0,0,0,0,0,0,0,0,0,0,0,0,0,0,0,0,0,0,0,0,12878577664,5220745216,786046,318649,144847627,288,0,97,786432,508145707,811153,6,9118907673,12884901888,9759720,1426935606,0,0,0,0,0,0,0,0,0,0,0,0,0,0,0,0,0,0,49826015,149722625,0,468,1202,7661,620,99652974,35,0,0,0,0,0,0,0,1,0,0,0,0,0,0,0,0,0,0,59873063,0,144842532,2412987,0,0,0,0,0,0,0,0,16384,0,0,0,0,0,0,0,0,0,0,0,8099,451,0,0,0,0,0,151469691,0,177,0,3,451,8099,0,0,0,0,0,0,0,0,0,0,0,0,0,0,0,0,0,0,0,0,0,0,0,0,0,0,0,0,0,0,0,0,0,0,0,0,0,0,0,0,0,0,0,0,0,0,0,0,0,0,0,0,0,0,759996465,0,0,0,1029350038,0,0,0,0,0,0,0,197526704,507955999,914601048,418628626944,158252332,1,0,0,0,0,0,0,0,0,0,0,0,0,0,0,0,0,0,0,0,0,0,0,0,0,0,0,0,0,0,0,797,0,0,0,0,0,0,0
1782980503.413,0,0,0,0,0,0,0,1851116529,8321908541952,2937964137984,0,0,0,0,0,0,0,0,0,0,0,0,0,0,0,0,0,0,0,0,0,0,0,0,0,0,0,0,0,0,0,0,0,0,0,0,0,0,0,0,0,0,0,0,0,0,0,0,0,0,0,0,0,0,0,0,0,0,7,1961431,510280499,148980309,0,0,0,0,0,0,0,0,0,0,0,0,0,0,0,0,0,0,0,0,0,0,0,0,0,0,0,0,0,0,0,0,0,0,0,0,0,12880166912,5223104512,786143,318794,144873306,192,0,98,786432,508252925,811153,6,9120438971,12884901888,9769401,1427128738,0,0,0,0,0,0,0,0,0,0,0,0,0,0,0,0,0,0,49835105,149731714,0,468,1202,7661,620,99671149,35,0,0,0,0,0,0,0,1,0,0,0,0,0,0,0,0,0,0,59883384,0,144868211,2413318,0,0,0,0,0,0,0,0,16384,0,0,0,0,0,0,0,0,0,0,0,8100,451,0,0,0,0,0,151497296,0,177,0,3,451,8100,0,0,0,0,0,0,0,0,0,0,0,0,0,0,0,0,0,0,0,0,0,0,0,0,0,0,0,0,0,0,0,0,0,0,0,0,0,0,0,0,0,0,0,0,0,0,0,0,0,0,0,0,0,0,760130389,0,0,0,1029503880,0,0,0,0,0,0,0,197546493,508062858,914768832,418698625024,158264015,1,0,0,0,0,0,0,0,0,0,0,0,0,0,0,0,0,0,0,0,0,0,0,0,0,0,0,0,0,0,0,1035,0,0,0,0,0,0,0
1782980504.501,0,0,0,0,0,0,0,1851425908,8323678702080,2938531236864,0,0,0,0,0,0,0,0,0,0,0,0,0,0,0,0,0,0,0,0,0,0,0,0,0,0,0,0,0,0,0,0,0,0,0,0,0,0,0,0,0,0,0,0,0,0,0,0,0,0,0,0,0,0,0,0,0,0,7,1961482,510389381,149010005,0,0,0,0,0,0,0,0,0,0,0,0,0,0,0,0,0,0,0,0,0,0,0,0,0,0,0,0,0,0,0,0,0,0,0,0,0,12879364096,5228560384,786092,319126,144899419,241,0,98,786432,508361429,811153,6,9121984503,12884901888,9779682,1427323267,0,0,0,0,0,0,0,0,0,0,0,0,0,0,0,0,0,0,49844268,149740876,0,468,1202,7661,620,99689479,35,0,0,0,0,0,0,0,1,0,0,0,0,0,0,0,0,0,0,59893800,0,144894324,2413673,0,0,0,0,0,0,0,0,16384,0,0,0,0,0,0,0,0,0,0,0,8101,451,0,0,0,0,0,151525189,0,177,0,3,451,8101,0,0,0,0,0,0,0,0,0,0,0,0,0,0,0,0,0,0,0,0,0,0,0,0,0,0,0,0,0,0,0,0,0,0,0,0,0,0,0,0,0,0,0,0,0,0,0,0,0,0,0,0,0,0,760264520,0,0,0,1029658948,0,0,0,0,0,0,0,197566575,508170955,914936304,418768881152,158275705,1,0,0,0,0,0,0,0,0,0,0,0,0,0,0,0,0,0,0,0,0,0,0,0,0,0,0,0,0,0,0,1337,0,0,0,0,0,0,0
1782980505.590,0,0,0,0,0,0,0,1851745882,8325508303360,2939133173248,0,0,0,0,0,0,0,0,0,0,0,0,0,0,0,0,0,0,0,0,0,0,0,0,0,0,0,0,0,0,0,0,0,0,0,0,0,0,0,0,0,0,0,0,0,0,0,0,0,0,0,0,0,0,0,0,0,0,7,1961537,510501853,149041578,0,0,0,0,0,0,0,0,0,0,0,0,0,0,0,0,0,0,0,0,0,0,0,0,0,0,0,0,0,0,0,0,0,0,0,0,0,12882198528,5218910208,786267,318537,144926861,61,0,104,786432,508473499,811153,6,9123583945,12884901888,9786074,1427525174,0,0,0,0,0,0,0,0,0,0,0,0,0,0,0,0,0,0,49853773,149750378,0,468,1202,7661,620,99708490,35,0,0,0,0,0,0,0,1,0,0,0,0,0,0,0,0,0,0,59904589,0,144922406,2414036,0,0,0,0,0,0,0,0,16384,0,0,0,0,0,0,0,0,0,0,0,8102,451,0,0,0,0,0,151554083,0,177,0,3,451,8102,0,0,0,0,0,0,0,0,0,0,0,0,0,0,0,0,0,0,0,0,0,0,0,0,0,0,0,0,0,0,0,0,0,0,0,0,0,0,0,0,0,0,0,0,0,0,0,0,0,0,0,0,0,0,760403941,0,0,0,1029819721,0,0,0,0,0,0,0,197585087,508282603,915110541,418841754624,158286347,1,0,0,0,0,0,0,0,0,0,0,0,0,0,0,0,0,0,0,0,0,0,0,0,0,0,0,0,0,0,0,1402,0,0,0,0,0,0,0
1782980506.679,0,0,0,0,0,0,0,1852043609,8327213894144,2939703800832,0,0,0,0,0,0,0,0,0,0,0,0,0,0,0,0,0,0,0,0,0,0,0,0,0,0,0,0,0,0,0,0,0,0,0,0,0,0,0,0,0,0,0,0,0,0,0,0,0,0,0,0,0,0,0,0,0,0,7,1961578,510606749,149071414,0,0,0,0,0,0,0,0,0,0,0,0,0,0,0,0,0,0,0,0,0,0,0,0,0,0,0,0,0,0,0,0,0,0,0,0,0,12881772544,5205098496,786242,317693,144951262,93,0,97,786432,508578010,811153,6,9125074280,12884901888,9799395,1427714308,0,0,0,0,0,0,0,0,0,0,0,0,0,0,0,0,0,0,49862610,149759216,0,468,1202,7661,620,99726171,35,0,0,0,0,0,0,0,1,0,0,0,0,0,0,0,0,0,0,59914628,0,144947831,2414363,0,0,0,0,0,0,0,0,16384,0,0,0,0,0,0,0,0,0,0,0,8103,451,0,0,0,0,0,151580927,0,177,0,3,451,8103,0,0,0,0,0,0,0,0,0,0,0,0,0,0,0,0,0,0,0,0,0,0,0,0,0,0,0,0,0,0,0,0,0,0,0,0,0,0,0,0,0,0,0,0,0,0,0,0,0,0,0,0,0,0,760536951,0,0,0,1029969717,0,0,0,0,0,0,0,197604169,508386653,915277982,418911243264,158297049,1,0,0,0,0,0,0,0,0,0,0,0,0,0,0,0,0,0,0,0,0,0,0,0,0,0,0,0,0,0,0,1024,0,0,0,0,0,0,0
1782980507.756,0,0,0,0,0,0,0,1852343839,8328926366208,2940285320704,0,0,0,0,0,0,0,0,0,0,0,0,0,0,0,0,0,0,0,0,0,0,0,0,0,0,0,0,0,0,0,0,0,0,0,0,0,0,0,0,0,0,0,0,0,0,0,0,0,0,0,0,0,0,0,0,0,0,7,1961622,510712006,149102161,0,0,0,0,0,0,0,0,0,0,0,0,0,0,0,0,0,0,0,0,0,0,0,0,0,0,0,0,0,0,0,0,0,0,0,0,0,12883050496,5178195968,786319,316052,144976550,17,0,96,786432,508682853,811153,6,9126571835,12884901888,9807674,1427901921,0,0,0,0,0,0,0,0,0,0,0,0,0,0,0,0,0,0,49871518,149768125,0,468,1202,7661,620,99743975,35,0,0,0,0,0,0,0,1,0,0,0,0,0,0,0,0,0,0,59924743,0,144974655,2414705,0,0,0,0,0,0,0,0,16384,0,0,0,0,0,0,0,0,0,0,0,8104,451,0,0,0,0,0,151608012,0,177,0,3,451,8104,0,0,0,0,0,0,0,0,0,0,0,0,0,0,0,0,0,0,0,0,0,0,0,0,0,0,0,0,0,0,0,0,0,0,0,0,0,0,0,0,0,0,0,0,0,0,0,0,0,0,0,0,0,0,760671070,0,0,0,1030119777,0,0,0,0,0,0,0,197619659,508491108,915446441,418981410304,158304839,1,0,0,0,0,0,0,0,0,0,0,0,0,0,0,0,0,0,0,0,0,0,0,0,0,0,0,0,0,0,0,1860,0,0,0,0,0,0,0
1782980508.837,0,0,0,0,0,0,0,1852641028,8330619881984,2940850543104,0,0,0,0,0,0,0,0,0,0,0,0,0,0,0,0,0,0,0,0,0,0,0,0,0,0,0,0,0,0,0,0,0,0,0,0,0,0,0,0,0,0,0,0,0,0,0,0,0,0,0,0,0,0,0,0,0,0,7,1961665,510816139,149131793,0,0,0,0,0,0,0,0,0,0,0,0,0,0,0,0,0,0,0,0,0,0,0,0,0,0,0,0,0,0,0,0,0,0,0,0,0,12883296256,5164564480,786333,315220,145001257,1,0,98,786432,508786595,811153,6,9128058401,12884901888,9817359,1428090833,0,0,0,0,0,0,0,0,0,0,0,0,0,0,0,0,0,0,49880341,149776949,0,468,1202,7661,620,99761630,35,0,0,0,0,0,0,0,1,0,0,0,0,0,0,0,0,0,0,59934772,0,145000258,2415030,0,0,0,0,0,0,0,0,16384,0,0,0,0,0,0,0,0,0,0,0,8105,451,0,0,0,0,0,151634813,0,177,0,3,451,8105,0,0,0,0,0,0,0,0,0,0,0,0,0,0,0,0,0,0,0,0,0,0,0,0,0,0,0,0,0,0,0,0,0,0,0,0,0,0,0,0,0,0,0,0,0,0,0,0,0,0,0,0,0,0,760804208,0,0,0,1030269958,0,0,0,0,0,0,0,197636080,508594458,915613224,419050854912,158313400,1,0,0,0,0,0,0,0,0,0,0,0,0,0,0,0,0,0,0,0,0,0,0,0,0,0,0,0,0,0,0,1163,0,0,0,0,0,0,0
1782980509.915,0,0,0,0,0,0,0,1852945597,8332351769088,2941411026432,0,0,0,0,0,0,0,0,0,0,0,0,0,0,0,0,0,0,0,0,0,0,0,0,0,0,0,0,0,0,0,0,0,0,0,0,0,0,0,0,0,0,0,0,0,0,0,0,0,0,0,0,0,0,0,0,0,0,7,1961704,510922628,149161090,0,0,0,0,0,0,0,0,0,0,0,0,0,0,0,0,0,0,0,0,0,0,0,0,0,0,0,0,0,0,0,0,0,0,0,0,0,12876824576,5166071808,785939,315312,145031728,396,0,96,786432,508892681,811153,6,9129581098,12884901888,9825585,1428284206,0,0,0,0,0,0,0,0,0,0,0,0,0,0,0,0,0,0,49889378,149785985,0,468,1202,7661,620,99779697,35,0,0,0,0,0,0,0,1,0,0,0,0,0,0,0,0,0,0,59945035,0,145026633,2415366,0,0,0,0,0,0,0,0,16384,0,0,0,0,0,0,0,0,0,0,0,8106,451,0,0,0,0,0,151662257,0,177,0,3,451,8106,0,0,0,0,0,0,0,0,0,0,0,0,0,0,0,0,0,0,0,0,0,0,0,0,0,0,0,0,0,0,0,0,0,0,0,0,0,0,0,0,0,0,0,0,0,0,0,0,0,0,0,0,0,0,760940808,0,0,0,1030423589,0,0,0,0,0,0,0,197651874,508700169,915782380,419122033152,158321913,1,0,0,0,0,0,0,0,0,0,0,0,0,0,0,0,0,0,0,0,0,0,0,0,0,0,0,0,0,0,0,583,0,0,0,0,0,0,0
1782980511.000,0,0,0,0,0,0,0,1853260977,8334154189312,2941986489344,0,0,0,0,0,0,0,0,0,0,0,0,0,0,0,0,0,0,0,0,0,0,0,0,0,0,0,0,0,0,0,0,0,0,0,0,0,0,0,0,0,0,0,0,0,0,0,0,0,0,0,0,0,0,0,0,0,0,7,1961747,511033423,149191158,0,0,0,0,0,0,0,0,0,0,0,0,0,0,0,0,0,0,0,0,0,0,0,0,0,0,0,0,0,0,0,0,0,0,0,0,0,12877643776,5173575680,785990,315770,145059389,346,0,97,786432,509003055,811153,6,9131155936,12884901888,9829998,1428481543,0,0,0,0,0,0,0,0,0,0,0,0,0,0,0,0,0,0,49898729,149795336,0,468,1202,7661,620,99798423,35,0,0,0,0,0,0,0,1,0,0,0,0,0,0,0,0,0,0,59955668,0,145054294,2415732,0,0,0,0,0,0,0,0,16384,0,0,0,0,0,0,0,0,0,0,0,8108,451,0,0,0,0,0,151690684,0,177,0,3,451,8108,0,0,0,0,0,0,0,0,0,0,0,0,0,0,0,0,0,0,0,0,0,0,0,0,0,0,0,0,0,0,0,0,0,0,0,0,0,0,0,0,0,0,0,0,0,0,0,0,0,0,0,0,0,0,761079499,0,0,0,1030581412,0,0,0,0,0,0,0,197667863,508810134,915953594,419194392576,158330878,1,0,0,0,0,0,0,0,0,0,0,0,0,0,0,0,0,0,0,0,0,0,0,0,0,0,0,0,0,0,0,1278,0,0,0,0,0,0,0
1782980512.092,0,0,0,0,0,0,0,1853573287,8335945681408,2942560423424,0,0,0,0,0,0,0,0,0,0,0,0,0,0,0,0,0,0,0,0,0,0,0,0,0,0,0,0,0,0,0,0,0,0,0,0,0,0,0,0,0,0,0,0,0,0,0,0,0,0,0,0,0,0,0,0,0,0,7,1961796,511143584,149221172,0,0,0,0,0,0,0,0,0,0,0,0,0,0,0,0,0,0,0,0,0,0,0,0,0,0,0,0,0,0,0,0,0,0,0,0,0,12877578240,5178474496,785985,316069,145086628,349,0,96,786432,509112792,811153,6,9132720219,12884901888,9836386,1428680860,0,0,0,0,0,0,0,0,0,0,0,0,0,0,0,0,0,0,49908013,149804621,0,468,1202,7661,620,99816980,35,0,0,0,0,0,0,0,1,0,0,0,0,0,0,0,0,0,0,59966236,0,145081533,2416095,0,0,0,0,0,0,0,0,16384,0,0,0,0,0,0,0,0,0,0,0,8109,451,0,0,0,0,0,151718896,0,177,0,3,451,8109,0,0,0,0,0,0,0,0,0,0,0,0,0,0,0,0,0,0,0,0,0,0,0,0,0,0,0,0,0,0,0,0,0,0,0,0,0,0,0,0,0,0,0,0,0,0,0,0,0,0,0,0,0,0,761216048,0,0,0,1030739045,0,0,0,0,0,0,0,197683759,508919520,916122939,419265959936,158339503,1,1,0,0,0,0,0,0,0,0,0,0,0,0,0,0,0,0,0,0,0,0,0,0,0,0,0,0,0,0,0,658,0,0,0,0,0,0,0
1782980513.178,0,0,0,0,0,0,0,1853891302,8337750821376,2943137138176,0,0,0,0,0,0,0,0,0,0,0,0,0,0,0,0,0,0,0,0,0,0,0,0,0,0,0,0,0,0,0,0,0,0,0,0,0,0,0,0,0,0,0,0,0,0,0,0,0,0,0,0,0,0,0,0,0,0,7,1961842,511254633,149251317,0,0,0,0,0,0,0,0,0,0,0,0,0,0,0,0,0,0,0,0,0,0,0,0,0,0,0,0,0,0,0,0,0,0,0,0,0,12878331904,5190942720,786030,316830,145114294,293,0,110,786432,509223458,811153,6,9134305942,12884901888,9842309,1428879607,0,0,0,0,0,0,0,0,0,0,0,0,0,0,0,0,0,0,49917447,149814052,0,468,1202,7661,620,99835836,35,0,0,0,0,0,0,0,1,0,0,0,0,0,0,0,0,0,0,59976958,0,145109199,2416460,0,0,0,0,0,0,0,0,16384,0,0,0,0,0,0,0,0,0,0,0,8110,451,0,0,0,0,0,151747584,0,177,0,3,451,8110,0,0,0,0,0,0,0,0,0,0,0,0,0,0,0,0,0,0,0,0,0,0,0,0,0,0,0,0,0,0,0,0,0,0,0,0,0,0,0,0,0,0,0,0,0,0,0,0,0,0,0,0,0,0,761355173,0,0,0,1030898173,0,0,0,0,0,0,0,197700017,509029692,916294726,419338688000,158348614,1,1,0,0,0,0,0,0,0,0,0,0,0,0,0,0,0,0,0,0,0,0,0,0,0,0,0,0,0,0,0,1420,0,0,0,0,0,0,0
1782980514.265,0,0,0,0,0,0,0,1854187032,8339435964928,2943684507136,0,0,0,0,0,0,0,0,0,0,0,0,0,0,0,0,0,0,0,0,0,0,0,0,0,0,0,0,0,0,0,0,0,0,0,0,0,0,0,0,0,0,0,0,0,0,0,0,0,0,0,0,0,0,0,0,0,0,7,1961888,511358271,149279893,0,0,0,0,0,0,0,0,0,0,0,0,0,0,0,0,0,0,0,0,0,0,0,0,0,0,0,0,0,0,0,0,0,0,0,0,0,12882984960,5193138176,786315,316964,145138660,19,0,98,786432,509326725,811153,6,9135783621,12884901888,9855605,1429066574,0,0,0,0,0,0,0,0,0,0,0,0,0,0,0,0,0,0,49926215,149822825,0,468,1202,7661,620,99853386,35,0,0,0,0,0,0,0,1,0,0,0,0,0,0,0,0,0,0,59986922,0,145133565,2416797,0,0,0,0,0,0,0,0,16384,0,0,0,0,0,0,0,0,0,0,0,8111,451,0,0,0,0,0,151774235,0,177,0,3,451,8111,0,0,0,0,0,0,0,0,0,0,0,0,0,0,0,0,0,0,0,0,0,0,0,0,0,0,0,0,0,0,0,0,0,0,0,0,0,0,0,0,0,0,0,0,0,0,0,0,0,0,0,0,0,0,761486584,0,0,0,1031046913,0,0,0,0,0,0,0,197718766,509132555,916458820,419407293440,158359203,1,1,0,0,0,0,0,0,0,0,0,0,0,0,0,0,0,0,0,0,0,0,0,0,0,0,0,0,0,0,0,1326,0,0,0,0,0,0,0
1782980515.352,0,0,0,0,0,0,0,1854509438,8341273561600,2944275943936,0,0,0,0,0,0,0,0,0,0,0,0,0,0,0,0,0,0,0,0,0,0,0,0,0,0,0,0,0,0,0,0,0,0,0,0,0,0,0,0,0,0,0,0,0,0,0,0,0,0,0,0,0,0,0,0,0,0,7,1961937,511471334,149310832,0,0,0,0,0,0,0,0,0,0,0,0,0,0,0,0,0,0,0,0,0,0,0,0,0,0,0,0,0,0,0,0,0,0,0,0,0,12877152256,5200592896,785958,317419,145167156,376,0,98,786432,509439375,811153,6,9137396883,12884901888,9860514,1429271284,0,0,0,0,0,0,0,0,0,0,0,0,0,0,0,0,0,0,49935800,149832409,0,468,1202,7661,620,99872545,35,0,0,0,0,0,0,0,1,0,0,0,0,0,0,0,0,0,0,59997826,0,145162136,2417178,0,0,0,0,0,0,0,0,16384,0,0,0,0,0,0,0,0,0,0,0,8112,451,0,0,0,0,0,151803357,0,177,0,3,451,8112,0,0,0,0,0,0,0,0,0,0,0,0,0,0,0,0,0,0,0,0,0,0,0,0,0,0,0,0,0,0,0,0,0,0,0,0,0,0,0,0,0,0,0,0,0,0,0,0,0,0,0,0,0,0,761629303,0,0,0,1031209970,0,0,0,0,0,0,0,197735325,509244758,916634951,419481685504,158368395,1,0,0,0,0,0,0,0,0,0,0,0,0,0,0,0,0,0,0,0,0,0,0,0,0,0,0,0,0,0,0,518,0,0,0,0,0,0,0
1782980516.443,0,0,0,0,0,0,0,1854821383,8343058156032,2944853843456,0,0,0,0,0,0,0,0,0,0,0,0,0,0,0,0,0,0,0,0,0,0,0,0,0,0,0,0,0,0,0,0,0,0,0,0,0,0,0,0,0,0,0,0,0,0,0,0,0,0,0,0,0,0,0,0,0,0,7,1961983,511581053,149341073,0,0,0,0,0,0,0,0,0,0,0,0,0,0,0,0,0,0,0,0,0,0,0,0,0,0,0,0,0,0,0,0,0,0,0,0,0,12879233024,5205164032,786085,317698,145194667,248,0,97,786432,509548719,811153,6,9138957231,12884901888,9867997,1429468037,0,0,0,0,0,0,0,0,0,0,0,0,0,0,0,0,0,0,49945075,149841684,0,468,1202,7661,620,99891093,35,0,0,0,0,0,0,0,1,0,0,0,0,0,0,0,0,0,0,60008362,0,145189572,2417536,0,0,0,0,0,0,0,0,16384,0,0,0,0,0,0,0,0,0,0,0,8113,451,0,0,0,0,0,151831566,0,177,0,3,451,8113,0,0,0,0,0,0,0,0,0,0,0,0,0,0,0,0,0,0,0,0,0,0,0,0,0,0,0,0,0,0,0,0,0,0,0,0,0,0,0,0,0,0,0,0,0,0,0,0,0,0,0,0,0,0,761765494,0,0,0,1031366806,0,0,0,0,0,0,0,197752837,509353631,916804190,419552763392,158378643,1,1,0,0,0,0,0,0,0,0,0,0,0,0,0,0,0,0,0,0,0,0,0,0,0,0,0,0,0,0,0,599,0,0,0,0,0,0,0
1782980517.529,0,0,0,0,0,0,0,1855139697,8344879729152,2945440342016,0,0,0,0,0,0,0,0,0,0,0,0,0,0,0,0,0,0,0,0,0,0,0,0,0,0,0,0,0,0,0,0,0,0,0,0,0,0,0,0,0,0,0,0,0,0,0,0,0,0,0,0,0,0,0,0,0,0,7,1962025,511693052,149371842,0,0,0,0,0,0,0,0,0,0,0,0,0,0,0,0,0,0,0,0,0,0,0,0,0,0,0,0,0,0,0,0,0,0,0,0,0,12881313792,5208391680,786213,317895,145222074,121,0,101,786432,509660328,811153,6,9140547851,12884901888,9876295,1429667462,0,0,0,0,0,0,0,0,0,0,0,0,0,0,0,0,0,0,49954521,149851132,0,468,1202,7661,620,99910002,35,0,0,0,0,0,0,0,1,0,0,0,0,0,0,0,0,0,0,60019098,0,145216979,2417895,0,0,0,0,0,0,0,0,16384,0,0,0,0,0,0,0,0,0,0,0,8114,451,0,0,0,0,0,151860290,0,177,0,3,451,8114,0,0,0,0,0,0,0,0,0,0,0,0,0,0,0,0,0,0,0,0,0,0,0,0,0,0,0,0,0,0,0,0,0,0,0,0,0,0,0,0,0,0,0,0,0,0,0,0,0,0,0,0,0,0,761903872,0,0,0,1031526529,0,0,0,0,0,0,0,197771918,509464793,916976714,419624914944,158389844,1,1,0,0,0,0,0,0,0,0,0,0,0,0,0,0,0,0,0,0,0,0,0,0,0,0,0,0,0,0,0,989,0,0,0,0,0,0,0
1782980518.619,0,0,0,0,0,0,0,1855439149,8346586466816,2946008862208,0,0,0,0,0,0,0,0,0,0,0,0,0,0,0,0,0,0,0,0,0,0,0,0,0,0,0,0,0,0,0,0,0,0,0,0,0,0,0,0,0,0,0,0,0,0,0,0,0,0,0,0,0,0,0,0,0,0,7,1962060,511797985,149401596,0,0,0,0,0,0,0,0,0,0,0,0,0,0,0,0,0,0,0,0,0,0,0,0,0,0,0,0,0,0,0,0,0,0,0,0,0,12883197952,5201018880,786327,317445,145246070,1,0,104,786432,509764906,811153,6,9142045984,12884901888,9887965,1429858043,0,0,0,0,0,0,0,0,0,0,0,0,0,0,0,0,0,0,49963419,149860031,0,468,1202,7661,620,99927788,35,0,0,0,0,0,0,0,1,0,0,0,0,0,0,0,0,0,0,60029207,0,145241871,2418212,0,0,0,0,0,0,0,0,16384,0,0,0,0,0,0,0,0,0,0,0,8115,451,0,0,0,0,0,151887348,0,177,0,3,451,8115,0,0,0,0,0,0,0,0,0,0,0,0,0,0,0,0,0,0,0,0,0,0,0,0,0,0,0,0,0,0,0,0,0,0,0,0,0,0,0,0,0,0,0,0,0,0,0,0,0,0,0,0,0,0,762034244,0,0,0,1031677656,0,0,0,0,0,0,0,197792204,509568892,917141515,419692976128,158401449,1,0,0,0,0,0,0,0,0,0,0,0,0,0,0,0,0,0,0,0,0,0,0,0,0,0,0,0,0,0,0,359,0,0,0,0,0,0,0
1782980519.697,0,0,0,0,0,0,0,1855739775,8348303297024,2946584708608,0,0,0,0,0,0,0,0,0,0,0,0,0,0,0,0,0,0,0,0,0,0,0,0,0,0,0,0,0,0,0,0,0,0,0,0,0,0,0,0,0,0,0,0,0,0,0,0,0,0,0,0,0,0,0,0,0,0,7,1962096,511903498,149431987,0,0,0,0,0,0,0,0,0,0,0,0,0,0,0,0,0,0,0,0,0,0,0,0,0,0,0,0,0,0,0,0,0,0,0,0,0,12881395712,5181063168,786218,316227,145270514,116,0,96,786432,509870051,811153,6,9143544565,12884901888,9900679,1430044553,0,0,0,0,0,0,0,0,0,0,0,0,0,0,0,0,0,0,49972328,149868938,0,468,1202,7661,620,99945611,35,0,0,0,0,0,0,0,1,0,0,0,0,0,0,0,0,0,0,60039313,0,145267723,2418531,0,0,0,0,0,0,0,0,16384,0,0,0,0,0,0,0,0,0,0,0,8117,452,0,0,0,0,0,151914392,0,177,0,3,452,8117,0,0,0,0,1,0,0,0,0,0,0,0,0,0,0,0,0,0,0,0,0,0,0,0,0,0,0,0,0,0,0,0,0,0,0,0,0,0,0,0,0,0,0,0,0,0,0,0,0,0,0,0,0,0,762165326,0,0,0,1031827553,0,0,0,0,0,0,0,197811826,509673647,917307667,419761332736,158412430,1,0,0,0,0,0,0,0,0,0,0,0,0,0,0,0,0,0,0,0,0,0,0,0,0,0,0,0,0,0,0,1641,0,0,0,0,0,0,0
1782980520.775,0,0,0,0,0,0,0,1856037732,8350007708160,2947160628224,0,0,0,0,0,0,0,0,0,0,0,0,0,0,0,0,0,0,0,0,0,0,0,0,0,0,0,0,0,0,0,0,0,0,0,0,0,0,0,0,0,0,0,0,0,0,0,0,0,0,0,0,0,0,0,0,0,0,7,1962133,512008355,149462526,0,0,0,0,0,0,0,0,0,0,0,0,0,0,0,0,0,0,0,0,0,0,0,0,0,0,0,0,0,0,0,0,0,0,0,0,0,12883083264,5157453824,786321,314786,145295083,1,0,111,786432,509974523,811153,6,9145034352,12884901888,9911543,1430232335,0,0,0,0,0,0,0,0,0,0,0,0,0,0,0,0,0,0,49981176,149877786,0,468,1202,7661,620,99963297,35,0,0,0,0,0,0,0,1,0,0,0,0,0,0,0,0,0,0,60049368,0,145294285,2418862,0,0,0,0,0,0,0,0,16384,0,0,0,0,0,0,0,0,0,0,0,8118,452,0,0,0,0,0,151941229,0,177,0,3,452,8118,0,0,0,0,0,0,0,0,0,0,0,0,0,0,0,0,0,0,0,0,0,0,0,0,0,0,0,0,0,0,0,0,0,0,0,0,0,0,0,0,0,0,0,0,0,0,0,0,0,0,0,0,0,0,762296435,0,0,0,1031977355,0,0,0,0,0,0,0,197830512,509777689,917473194,419829778432,158423404,1,1,0,0,0,0,0,0,0,0,0,0,0,0,0,0,0,0,0,0,0,0,0,0,0,0,0,0,0,0,0,1572,0,0,0,0,0,0,0
1782980521.855,0,0,0,0,0,0,0,1856358462,8351842765312,2947750313472,0,0,0,0,0,0,0,0,0,0,0,0,0,0,0,0,0,0,0,0,0,0,0,0,0,0,0,0,0,0,0,0,0,0,0,0,0,0,0,0,0,0,0,0,0,0,0,0,0,0,0,0,0,0,0,0,0,0,7,1962182,512121134,149493455,0,0,0,0,0,0,0,0,0,0,0,0,0,0,0,0,0,0,0,0,0,0,0,0,0,0,0,0,0,0,0,0,0,0,0,0,0,12878397440,5161304064,786035,315021,145327773,297,0,96,786432,510086918,811153,6,9146638668,12884901888,9916554,1430435007,0,0,0,0,0,0,0,0,0,0,0,0,0,0,0,0,0,0,49990708,149887316,0,468,1202,7661,620,99982358,35,0,0,0,0,0,0,0,1,0,0,0,0,0,0,0,0,0,0,60060207,0,145322678,2419233,0,0,0,0,0,0,0,0,16384,0,0,0,0,0,0,0,0,0,0,0,8119,452,0,0,0,0,0,151970208,0,177,0,3,452,8119,0,0,0,0,0,0,0,0,0,0,0,0,0,0,0,0,0,0,0,0,0,0,0,0,0,0,0,0,0,0,0,0,0,0,0,0,0,0,0,0,0,0,0,0,0,0,0,0,0,0,0,0,0,0,762434216,0,0,0,1032138874,0,0,0,0,0,0,0,197848648,509889608,917644520,419901800960,158434077,1,1,0,0,0,0,0,0,0,0,0,0,0,0,0,0,0,0,0,0,0,0,0,0,0,0,0,0,0,0,0,1524,0,0,0,0,0,0,0
1782980522.940,0,0,0,0,0,0,0,1856663391,8353587399168,2948314683904,0,0,0,0,0,0,0,0,0,0,0,0,0,0,0,0,0,0,0,0,0,0,0,0,0,0,0,0,0,0,0,0,0,0,0,0,0,0,0,0,0,0,0,0,0,0,0,0,0,0,0,0,0,0,0,0,0,0,7,1962224,512228419,149523029,0,0,0,0,0,0,0,0,0,0,0,0,0,0,0,0,0,0,0,0,0,0,0,0,0,0,0,0,0,0,0,0,0,0,0,0,0,12882165760,5162221568,786264,315077,145352877,69,0,98,786432,510193845,811153,6,9148163764,12884901888,9927620,1430627725,0,0,0,0,0,0,0,0,0,0,0,0,0,0,0,0,0,0,49999752,149896364,0,468,1202,7661,620,100000455,35,0,0,0,0,0,0,0,1,0,0,0,0,0,0,0,0,0,0,60070486,0,145347782,2419569,0,0,0,0,0,0,0,0,16384,0,0,0,0,0,0,0,0,0,0,0,8120,452,0,0,0,0,0,151997683,0,177,0,3,452,8120,0,0,0,0,0,0,0,0,0,0,0,0,0,0,0,0,0,0,0,0,0,0,0,0,0,0,0,0,0,0,0,0,0,0,0,0,0,0,0,0,0,0,0,0,0,0,0,0,0,0,0,0,0,0,762566293,0,0,0,1032292154,0,0,0,0,0,0,0,197869189,509996113,917810681,419970800640,158446016,1,0,0,0,0,0,0,0,0,0,0,0,0,0,0,0,0,0,0,0,0,0,0,0,0,0,0,0,0,0,0,1419,0,0,0,0,0,0,0
1782980524.028,0,0,0,0,0,0,0,1856981314,8355408185856,2948896689664,0,0,0,0,0,0,0,0,0,0,0,0,0,0,0,0,0,0,0,0,0,0,0,0,0,0,0,0,0,0,0,0,0,0,0,0,0,0,0,0,0,0,0,0,0,0,0,0,0,0,0,0,0,0,0,0,0,0,7,1962269,512340390,149553497,0,0,0,0,0,0,0,0,0,0,0,0,0,0,0,0,0,0,0,0,0,0,0,0,0,0,0,0,0,0,0,0,0,0,0,0,0,12877135872,5172756480,785958,315720,145380186,377,0,96,786432,510305403,811153,6,9149756328,12884901888,9935817,1430830507,0,0,0,0,0,0,0,0,0,0,0,0,0,0,0,0,0,0,50009209,149905818,0,468,1202,7661,620,100019381,35,0,0,0,0,0,0,0,1,0,0,0,0,0,0,0,0,0,0,60081229,0,145375091,2419927,0,0,0,0,0,0,0,0,16384,0,0,0,0,0,0,0,0,0,0,0,8121,452,0,0,0,0,0,152026445,0,177,0,3,452,8121,0,0,0,0,0,0,0,0,0,0,0,0,0,0,0,0,0,0,0,0,0,0,0,0,0,0,0,0,0,0,0,0,0,0,0,0,0,0,0,0,0,0,0,0,0,0,0,0,0,0,0,0,0,0,762705905,0,0,0,1032452934,0,0,0,0,0,0,0,197887884,510107227,917983904,420043771392,158456974,1,0,0,0,0,0,0,0,0,0,0,0,0,0,0,0,0,0,0,0,0,0,0,0,0,0,0,0,0,0,0,540,0,0,0,0,0,0,0
1782980525.116,0,0,0,0,0,0,0,1857289391,8357164403200,2949461895680,0,0,0,0,0,0,0,0,0,0,0,0,0,0,0,0,0,0,0,0,0,0,0,0,0,0,0,0,0,0,0,0,0,0,0,0,0,0,0,0,0,0,0,0,0,0,0,0,0,0,0,0,0,0,0,0,0,0,7,1962328,512448347,149583059,0,0,0,0,0,0,0,0,0,0,0,0,0,0,0,0,0,0,0,0,0,0,0,0,0,0,0,0,0,0,0,0,0,0,0,0,0,12879003648,5177081856,786072,315984,145405924,262,0,100,786432,510412975,811153,6,9151296466,12884901888,9946504,1431024804,0,0,0,0,0,0,0,0,0,0,0,0,0,0,0,0,0,0,50018351,149914960,0,468,1202,7661,620,100037652,35,0,0,0,0,0,0,0,1,0,0,0,0,0,0,0,0,0,0,60091617,0,145400829,2420274,0,0,0,0,0,0,0,0,16384,0,0,0,0,0,0,0,0,0,0,0,8123,452,0,0,0,0,0,152054254,0,177,0,3,452,8123,0,0,0,0,0,0,0,0,0,0,0,0,0,0,0,0,0,0,0,0,0,0,0,0,0,0,0,0,0,0,0,0,0,0,0,0,0,0,0,0,0,0,0,0,0,0,0,0,0,0,0,0,0,0,762839428,0,0,0,1032607820,0,0,0,0,0,0,0,197907893,510214412,918150834,420113629696,158468757,1,0,0,0,0,0,0,0,0,0,0,0,0,0,0,0,0,0,0,0,0,0,0,0,0,0,0,0,0,0,0,626,0,0,0,0,0,0,0
1782980526.201,0,0,0,0,0,0,0,1857609387,8359007898112,2950054072832,0,0,0,0,0,0,0,0,0,0,0,0,0,0,0,0,0,0,0,0,0,0,0,0,0,0,0,0,0,0,0,0,0,0,0,0,0,0,0,0,0,0,0,0,0,0,0,0,0,0,0,0,0,0,0,0,0,0,7,1962371,512561687,149614095,0,0,0,0,0,0,0,0,0,0,0,0,0,0,0,0,0,0,0,0,0,0,0,0,0,0,0,0,0,0,0,0,0,0,0,0,0,12880478208,5177409536,786162,316003,145434482,173,0,97,786432,510525917,811153,6,9152897020,12884901888,9952262,1431225843,0,0,0,0,0,0,0,0,0,0,0,0,0,0,0,0,0,0,50027857,149924466,0,468,1202,7661,620,100056663,35,0,0,0,0,0,0,0,1,0,0,0,0,0,0,0,0,0,0,60102423,0,145429387,2420650,0,0,0,0,0,0,0,0,16384,0,0,0,0,0,0,0,0,0,0,0,8124,452,0,0,0,0,0,152083172,0,177,0,3,452,8124,0,0,0,0,0,0,0,0,0,0,0,0,0,0,0,0,0,0,0,0,0,0,0,0,0,0,0,0,0,0,0,0,0,0,0,0,0,0,0,0,0,0,0,0,0,0,0,0,0,0,0,0,0,0,762977682,0,0,0,1032768441,0,0,0,0,0,0,0,197926012,510326897,918322552,420185984512,158479571,1,0,0,0,0,0,0,0,0,0,0,0,0,0,0,0,0,0,0,0,0,0,0,0,0,0,0,0,0,0,0,1015,0,0,0,0,0,0,0
1782980527.292,0,0,0,0,0,0,0,1857920529,8360788478464,2950622498304,0,0,0,0,0,0,0,0,0,0,0,0,0,0,0,0,0,0,0,0,0,0,0,0,0,0,0,0,0,0,0,0,0,0,0,0,0,0,0,0,0,0,0,0,0,0,0,0,0,0,0,0,0,0,0,0,0,0,7,1962413,512671199,149643830,0,0,0,0,0,0,0,0,0,0,0,0,0,0,0,0,0,0,0,0,0,0,0,0,0,0,0,0,0,0,0,0,0,0,0,0,0,12878397440,5182586880,786036,316321,145460723,303,0,96,786432,510635034,811153,6,9154450834,12884901888,9963005,1431420351,0,0,0,0,0,0,0,0,0,0,0,0,0,0,0,0,0,0,50037093,149933704,0,468,1202,7661,620,100075144,35,0,0,0,0,0,0,0,1,0,0,0,0,0,0,0,0,0,0,60112919,0,145455628,2420996,0,0,0,0,0,0,0,0,16384,0,0,0,0,0,0,0,0,0,0,0,8125,452,0,0,0,0,0,152111263,0,177,0,3,452,8125,0,0,0,0,0,0,0,0,0,0,0,0,0,0,0,0,0,0,0,0,0,0,0,0,0,0,0,0,0,0,0,0,0,0,0,0,0,0,0,0,0,0,0,0,0,0,0,0,0,0,0,0,0,0,763113311,0,0,0,1032924567,0,0,0,0,0,0,0,197945763,510435561,918491544,420256805376,158491356,1,0,0,0,0,0,0,0,0,0,0,0,0,0,0,0,0,0,0,0,0,0,0,0,0,0,0,0,0,0,0,1425,0,0,0,0,0,0,0
1782980528.382,0,0,0,0,0,0,0,1858234400,8362583542272,2951198295552,0,0,0,0,0,0,0,0,0,0,0,0,0,0,0,0,0,0,0,0,0,0,0,0,0,0,0,0,0,0,0,0,0,0,0,0,0,0,0,0,0,0,0,0,0,0,0,0,0,0,0,0,0,0,0,0,0,0,7,1962452,512781631,149673941,0,0,0,0,0,0,0,0,0,0,0,0,0,0,0,0,0,0,0,0,0,0,0,0,0,0,0,0,0,0,0,0,0,0,0,0,0,12880396288,5187485696,786157,316619,145487781,176,0,98,786432,510745066,811153,6,9156024352,12884901888,9969271,1431620794,0,0,0,0,0,0,0,0,0,0,0,0,0,0,0,0,0,0,50046427,149943035,0,468,1202,7661,620,100093807,35,0,0,0,0,0,0,0,1,0,0,0,0,0,0,0,0,0,0,60123517,0,145482686,2421348,0,0,0,0,0,0,0,0,16384,0,0,0,0,0,0,0,0,0,0,0,8126,452,0,0,0,0,0,152139622,0,177,0,3,452,8126,0,0,0,0,0,0,0,0,0,0,0,0,0,0,0,0,0,0,0,0,0,0,0,0,0,0,0,0,0,0,0,0,0,0,0,0,0,0,0,0,0,0,0,0,0,0,0,0,0,0,0,0,0,0,763251108,0,0,0,1033083415,0,0,0,0,0,0,0,197964181,510545126,918662479,420328553472,158502157,1,1,0,0,0,0,0,0,0,0,0,0,0,0,0,0,0,0,0,0,0,0,0,0,0,0,0,0,0,0,0,424,0,0,0,0,0,0,0
1782980529.466,0,0,0,0,0,0,0,1858548734,8364371659264,2951771146752,0,0,0,0,0,0,0,0,0,0,0,0,0,0,0,0,0,0,0,0,0,0,0,0,0,0,0,0,0,0,0,0,0,0,0,0,0,0,0,0,0,0,0,0,0,0,0,0,0,0,0,0,0,0,0,0,0,0,7,1962494,512891578,149703876,0,0,0,0,0,0,0,0,0,0,0,0,0,0,0,0,0,0,0,0,0,0,0,0,0,0,0,0,0,0,0,0,0,0,0,0,0,12880986112,5195415552,786194,317103,145514496,147,0,97,786432,510854602,811153,6,9157594884,12884901888,9977316,1431818807,0,0,0,0,0,0,0,0,0,0,0,0,0,0,0,0,0,0,50055763,149952374,0,468,1202,7661,620,100112487,35,0,0,0,0,0,0,0,1,0,0,0,0,0,0,0,0,0,0,60134134,0,145509401,2421697,0,0,0,0,0,0,0,0,16384,0,0,0,0,0,0,0,0,0,0,0,8127,452,0,0,0,0,0,152167987,0,177,0,3,452,8127,0,0,0,0,0,0,0,0,0,0,0,0,0,0,0,0,0,0,0,0,0,0,0,0,0,0,0,0,0,0,0,0,0,0,0,0,0,0,0,0,0,0,0,0,0,0,0,0,0,0,0,0,0,0,763387663,0,0,0,1033241346,0,0,0,0,0,0,0,197983201,510654249,918832233,420399855616,158513487,1,0,0,0,0,0,0,0,0,0,0,0,0,0,0,0,0,0,0,0,0,0,0,0,0,0,0,0,0,0,0,643,0,0,0,0,0,0,0
1782980530.552,0,0,0,0,0,0,0,1858860659,8366162577920,2952346574848,0,0,0,0,0,0,0,0,0,0,0,0,0,0,0,0,0,0,0,0,0,0,0,0,0,0,0,0,0,0,0,0,0,0,0,0,0,0,0,0,0,0,0,0,0,0,0,0,0,0,0,0,0,0,0,0,0,0,7,1962543,513001682,149733929,0,0,0,0,0,0,0,0,0,0,0,0,0,0,0,0,0,0,0,0,0,0,0,0,0,0,0,0,0,0,0,0,0,0,0,0,0,12878626816,5201461248,786050,317472,145541274,290,0,96,786432,510964332,811153,6,9159155555,12884901888,9985400,1432015909,0,0,0,0,0,0,0,0,0,0,0,0,0,0,0,0,0,0,50065033,149961647,0,468,1202,7661,620,100131016,35,0,0,0,0,0,0,0,1,0,0,0,0,0,0,0,0,0,0,60144661,0,145536179,2422055,0,0,0,0,0,0,0,0,16384,0,0,0,0,0,0,0,0,0,0,0,8128,452,0,0,0,0,0,152196202,0,177,0,3,452,8128,0,0,0,0,0,0,0,0,0,0,0,0,0,0,0,0,0,0,0,0,0,0,0,0,0,0,0,0,0,0,0,0,0,0,0,0,0,0,0,0,0,0,0,0,0,0,0,0,0,0,0,0,0,0,763523771,0,0,0,1033398373,0,0,0,0,0,0,0,198002097,510763518,919001602,420470936064,158524484,1,0,0,0,0,0,0,0,0,0,0,0,0,0,0,0,0,0,0,0,0,0,0,0,0,0,0,0,0,0,0,613,0,0,0,0,0,0,0
1782980531.641,0,0,0,0,0,0,0,1859178676,8367981218304,2952956121600,0,0,0,0,0,0,0,0,0,0,0,0,0,0,0,0,0,0,0,0,0,0,0,0,0,0,0,0,0,0,0,0,0,0,0,0,0,0,0,0,0,0,0,0,0,0,0,0,0,0,0,0,0,0,0,0,0,0,7,1962576,513113539,149766166,0,0,0,0,0,0,0,0,0,0,0,0,0,0,0,0,0,0,0,0,0,0,0,0,0,0,0,0,0,0,0,0,0,0,0,0,0,12883329024,5180358656,786336,316184,145568789,0,0,96,786432,511075785,811153,6,9160745173,12884901888,9991959,1432214902,0,0,0,0,0,0,0,0,0,0,0,0,0,0,0,0,0,0,50074482,149971088,0,468,1202,7661,620,100149936,35,0,0,0,0,0,0,0,1,0,0,0,0,0,0,0,0,0,0,60155391,0,145565230,2422432,0,0,0,0,0,0,0,0,16384,0,0,0,0,0,0,0,0,0,0,0,8129,452,0,0,0,0,0,152224853,0,177,0,3,452,8129,0,0,0,0,0,0,0,0,0,0,0,0,0,0,0,0,0,0,0,0,0,0,0,0,0,0,0,0,0,0,0,0,0,0,0,0,0,0,0,0,0,0,0,0,0,0,0,0,0,0,0,0,0,0,763660629,0,0,0,1033557847,0,0,0,0,0,0,0,198020424,510874517,919173566,420542258688,158534938,1,0,0,0,0,0,0,0,0,0,0,0,0,0,0,0,0,0,0,0,0,0,0,0,0,0,0,0,0,0,0,1106,0,0,0,0,0,0,0
1782980532.720,0,0,0,0,0,0,0,1859491855,8369774119424,2953554188288,0,0,0,0,0,0,0,0,0,0,0,0,0,0,0,0,0,0,0,0,0,0,0,0,0,0,0,0,0,0,0,0,0,0,0,0,0,0,0,0,0,0,0,0,0,0,0,0,0,0,0,0,0,0,0,0,0,0,7,1962627,513223823,149797741,0,0,0,0,0,0,0,0,0,0,0,0,0,0,0,0,0,0,0,0,0,0,0,0,0,0,0,0,0,0,0,0,0,0,0,0,0,12881805312,5162975232,786244,315123,145595766,92,0,96,786432,511185672,811153,6,9162308967,12884901888,9998617,1432410583,0,0,0,0,0,0,0,0,0,0,0,0,0,0,0,0,0,0,50083784,149980395,0,468,1202,7661,620,100168523,35,0,0,0,0,0,0,0,1,0,0,0,0,0,0,0,0,0,0,60165974,0,145593487,2422786,0,0,0,0,0,0,0,0,16384,0,0,0,0,0,0,0,0,0,0,0,8130,452,0,0,0,0,0,152253165,0,177,0,3,452,8130,0,0,0,0,0,0,0,0,0,0,0,0,0,0,0,0,0,0,0,0,0,0,0,0,0,0,0,0,0,0,0,0,0,0,0,0,0,0,0,0,0,0,0,0,0,0,0,0,0,0,0,0,0,0,763795633,0,0,0,1033714704,0,0,0,0,0,0,0,198039176,510984001,919343579,420612876288,158545768,1,0,0,0,0,0,0,0,0,0,0,0,0,0,0,0,0,0,0,0,0,0,0,0,0,0,0,0,0,0,0,1680,0,0,0,0,0,0,0
1782980533.805,0,0,0,0,0,0,0,1859785365,8371446123008,2954119127552,0,0,0,0,0,0,0,0,0,0,0,0,0,0,0,0,0,0,0,0,0,0,0,0,0,0,0,0,0,0,0,0,0,0,0,0,0,0,0,0,0,0,0,0,0,0,0,0,0,0,0,0,0,0,0,0,0,0,7,1962666,513326673,149827598,0,0,0,0,0,0,0,0,0,0,0,0,0,0,0,0,0,0,0,0,0,0,0,0,0,0,0,0,0,0,0,0,0,0,0,0,0,12883214336,5141282816,786330,313799,145623569,0,0,102,786432,511288152,811153,6,9163775084,12884901888,10012876,1432595236,0,0,0,0,0,0,0,0,0,0,0,0,0,0,0,0,0,0,50092491,149989101,0,468,1202,7661,620,100185938,35,0,0,0,0,0,0,0,1,0,0,0,0,0,0,0,0,0,0,60175843,0,145618572,2423103,0,0,0,0,0,0,0,0,16384,0,0,0,0,0,0,0,0,0,0,0,8131,452,0,0,0,0,0,152279631,0,177,0,3,452,8131,0,0,0,0,0,0,0,0,0,0,0,0,0,0,0,0,0,0,0,0,0,0,0,0,0,0,0,0,0,0,0,0,0,0,0,0,0,0,0,0,0,0,0,0,0,0,0,0,0,0,0,0,0,0,763924991,0,0,0,1033862216,0,0,0,0,0,0,0,198060378,511085981,919507593,420680357888,158558221,1,0,0,0,0,0,0,0,0,0,0,0,0,0,0,0,0,0,0,0,0,0,0,0,0,0,0,0,0,0,0,1877,0,0,0,0,0,0,0
1782980534.884,0,0,0,0,0,0,0,1860112324,8373312424448,2954710615552,0,0,0,0,0,0,0,0,0,0,0,0,0,0,0,0,0,0,0,0,0,0,0,0,0,0,0,0,0,0,0,0,0,0,0,0,0,0,0,0,0,0,0,0,0,0,0,0,0,0,0,0,0,0,0,0,0,0,7,1962703,513441423,149858532,0,0,0,0,0,0,0,0,0,0,0,0,0,0,0,0,0,0,0,0,0,0,0,0,0,0,0,0,0,0,0,0,0,0,0,0,0,12881166336,5154832384,786205,314626,145652031,129,0,97,786432,511402463,811153,6,9165412927,12884901888,10018979,1432803082,0,0,0,0,0,0,0,0,0,0,0,0,0,0,0,0,0,0,50102205,149998814,0,468,1202,7661,620,100205360,35,0,0,0,0,0,0,0,1,0,0,0,0,0,0,0,0,0,0,60186896,0,145646864,2423470,0,0,0,0,0,0,0,0,16384,0,0,0,0,0,0,0,0,0,0,0,8132,452,0,0,0,0,0,152309128,0,177,0,3,452,8132,0,0,0,0,0,0,0,0,0,0,0,0,0,0,0,0,0,0,0,0,0,0,0,0,0,0,0,0,0,0,0,0,0,0,0,0,0,0,0,0,0,0,0,0,0,0,0,0,0,0,0,0,0,0,764066722,0,0,0,1034027490,0,0,0,0,0,0,0,198078014,511199882,919682933,420754308608,158568825,1,0,0,0,0,0,0,0,0,0,0,0,0,0,0,0,0,0,0,0,0,0,0,0,0,0,0,0,0,0,0,1098,0,0,0,0,0,0,0
1782980535.972,0,0,0,0,0,0,0,1860430882,8375133751808,2955297271296,0,0,0,0,0,0,0,0,0,0,0,0,0,0,0,0,0,0,0,0,0,0,0,0,0,0,0,0,0,0,0,0,0,0,0,0,0,0,0,0,0,0,0,0,0,0,0,0,0,0,0,0,0,0,0,0,0,0,7,1962744,513553415,149889330,0,0,0,0,0,0,0,0,0,0,0,0,0,0,0,0,0,0,0,0,0,0,0,0,0,0,0,0,0,0,0,0,0,0,0,0,0,12881395712,5157240832,786218,314773,145679907,118,0,97,786432,511514028,811153,6,9167005339,12884901888,10026487,1433003146,0,0,0,0,0,0,0,0,0,0,0,0,0,0,0,0,0,0,50111673,150008285,0,468,1202,7661,620,100224305,35,0,0,0,0,0,0,0,1,0,0,0,0,0,0,0,0,0,0,60197662,0,145674807,2423830,0,0,0,0,0,0,0,0,16384,0,0,0,0,0,0,0,0,0,0,0,8133,452,0,0,0,0,0,152337915,0,177,0,3,452,8133,0,0,0,0,0,0,0,0,0,0,0,0,0,0,0,0,0,0,0,0,0,0,0,0,0,0,0,0,0,0,0,0,0,0,0,0,0,0,0,0,0,0,0,0,0,0,0,0,0,0,0,0,0,0,764204757,0,0,0,1034187659,0,0,0,0,0,0,0,198096350,511311031,919854659,420826181632,158579855,1,1,0,0,0,0,0,0,0,0,0,0,0,0,0,0,0,0,0,0,0,0,0,0,0,0,0,0,0,0,0,1359,0,0,0,0,0,0,0
1782980537.057,0,0,0,0,0,0,0,1860739081,8376904075776,2955867345920,0,0,0,0,0,0,0,0,0,0,0,0,0,0,0,0,0,0,0,0,0,0,0,0,0,0,0,0,0,0,0,0,0,0,0,0,0,0,0,0,0,0,0,0,0,0,0,0,0,0,0,0,0,0,0,0,0,0,7,1962779,513662242,149919112,0,0,0,0,0,0,0,0,0,0,0,0,0,0,0,0,0,0,0,0,0,0,0,0,0,0,0,0,0,0,0,0,0,0,0,0,0,12880003072,5161598976,786132,315038,145706686,201,0,97,786432,511622471,811153,6,9168546388,12884901888,10033415,1433197745,0,0,0,0,0,0,0,0,0,0,0,0,0,0,0,0,0,0,50120824,150017437,0,468,1202,7661,620,100242601,35,0,0,0,0,0,0,0,1,0,0,0,0,0,0,0,0,0,0,60208062,0,145701519,2424179,0,0,0,0,0,0,0,0,16384,0,0,0,0,0,0,0,0,0,0,0,8134,452,0,0,0,0,0,152365750,0,177,0,3,452,8134,0,0,0,0,0,0,0,0,0,0,0,0,0,0,0,0,0,0,0,0,0,0,0,0,0,0,0,0,0,0,0,0,0,0,0,0,0,0,0,0,0,0,0,0,0,0,0,0,0,0,0,0,0,0,764342811,0,0,0,1034342703,0,0,0,0,0,0,0,198112331,511419044,920025559,420898043904,158588500,1,1,0,0,0,0,0,0,0,0,0,0,0,0,0,0,0,0,0,0,0,0,0,0,0,0,0,0,0,0,0,1249,0,0,0,0,0,0,0
1782980538.142,0,0,0,0,0,0,0,1861046326,8378666945024,2956435359744,0,0,0,0,0,0,0,0,0,0,0,0,0,0,0,0,0,0,0,0,0,0,0,0,0,0,0,0,0,0,0,0,0,0,0,0,0,0,0,0,0,0,0,0,0,0,0,0,0,0,0,0,0,0,0,0,0,0,7,1962811,513770641,149948760,0,0,0,0,0,0,0,0,0,0,0,0,0,0,0,0,0,0,0,0,0,0,0,0,0,0,0,0,0,0,0,0,0,0,0,0,0,12877791232,5161517056,785998,315034,145733365,338,0,96,786432,511730469,811153,6,9170084753,12884901888,10039651,1433392916,0,0,0,0,0,0,0,0,0,0,0,0,0,0,0,0,0,0,50129948,150026562,0,468,1202,7661,620,100260844,35,0,0,0,0,0,0,0,1,0,0,0,0,0,0,0,0,0,0,60218448,0,145728198,2424530,0,0,0,0,0,0,0,0,16384,0,0,0,0,0,0,0,0,0,0,0,8136,452,0,0,0,0,0,152393478,0,177,0,3,452,8136,0,0,0,0,0,0,0,0,0,0,0,0,0,0,0,0,0,0,0,0,0,0,0,0,0,0,0,0,0,0,0,0,0,0,0,0,0,0,0,0,0,0,0,0,0,0,0,0,0,0,0,0,0,0,764479626,0,0,0,1034497829,0,0,0,0,0,0,0,198128261,511526626,920194999,420969378304,158597314,1,0,0,0,0,0,0,0,0,0,0,0,0,0,0,0,0,0,0,0,0,0,0,0,0,0,0,0,0,0,0,612,0,0,0,0,0,0,0
1782980539.231,0,0,0,0,0,0,0,1861358470,8380446345728,2957005350912,0,0,0,0,0,0,0,0,0,0,0,0,0,0,0,0,0,0,0,0,0,0,0,0,0,0,0,0,0,0,0,0,0,0,0,0,0,0,0,0,0,0,0,0,0,0,0,0,0,0,0,0,0,0,0,0,0,0,7,1962848,513880006,149978553,0,0,0,0,0,0,0,0,0,0,0,0,0,0,0,0,0,0,0,0,0,0,0,0,0,0,0,0,0,0,0,0,0,0,0,0,0,12876922880,5170790400,785946,315600,145760614,391,0,96,786432,511839429,811153,6,9171644063,12884901888,10045398,1433589945,0,0,0,0,0,0,0,0,0,0,0,0,0,0,0,0,0,0,50139212,150035826,0,468,1202,7661,620,100279379,35,0,0,0,0,0,0,0,1,0,0,0,0,0,0,0,0,0,0,60228971,0,145755447,2424890,0,0,0,0,0,0,0,0,16384,0,0,0,0,0,0,0,0,0,0,0,8137,452,0,0,0,0,0,152421602,0,177,0,3,452,8137,0,0,0,0,0,0,0,0,0,0,0,0,0,0,0,0,0,0,0,0,0,0,0,0,0,0,0,0,0,0,0,0,0,0,0,0,0,0,0,0,0,0,0,0,0,0,0,0,0,0,0,0,0,0,764618408,0,0,0,1034655003,0,0,0,0,0,0,0,198143859,511635226,920366183,421041696256,158606044,1,0,0,0,0,0,0,0,0,0,0,0,0,0,0,0,0,0,0,0,0,0,0,0,0,0,0,0,0,0,0,367,0,0,0,0,0,0,0
1782980540.312,0,0,0,0,0,0,0,1861668712,8382218750464,2957571380224,0,0,0,0,0,0,0,0,0,0,0,0,0,0,0,0,0,0,0,0,0,0,0,0,0,0,0,0,0,0,0,0,0,0,0,0,0,0,0,0,0,0,0,0,0,0,0,0,0,0,0,0,0,0,0,0,0,0,7,1962891,513988991,150008079,0,0,0,0,0,0,0,0,0,0,0,0,0,0,0,0,0,0,0,0,0,0,0,0,0,0,0,0,0,0,0,0,0,0,0,0,0,12876791808,5179162624,785937,316111,145787549,398,0,96,786432,511948016,811153,6,9173191941,12884901888,10051752,1433782840,0,0,0,0,0,0,0,0,0,0,0,0,0,0,0,0,0,0,50148425,150045037,0,468,1202,7661,620,100297806,35,0,0,0,0,0,0,0,1,0,0,0,0,0,0,0,0,0,0,60239446,0,145782382,2425240,0,0,0,0,0,0,0,0,16384,0,0,0,0,0,0,0,0,0,0,0,8138,452,0,0,0,0,0,152449611,0,177,0,3,452,8138,0,0,0,0,0,0,0,0,0,0,0,0,0,0,0,0,0,0,0,0,0,0,0,0,0,0,0,0,0,0,0,0,0,0,0,0,0,0,0,0,0,0,0,0,0,0,0,0,0,0,0,0,0,0,764756354,0,0,0,1034810192,0,0,0,0,0,0,0,198159125,511743381,920536271,421113581056,158614726,1,1,0,0,0,0,0,0,0,0,0,0,0,0,0,0,0,0,0,0,0,0,0,0,0,0,0,0,0,0,0,1353,0,0,0,0,0,0,0
1782980541.398,0,0,0,0,0,0,0,1861983987,8384018663936,2958148601856,0,0,0,0,0,0,0,0,0,0,0,0,0,0,0,0,0,0,0,0,0,0,0,0,0,0,0,0,0,0,0,0,0,0,0,0,0,0,0,0,0,0,0,0,0,0,0,0,0,0,0,0,0,0,0,0,0,0,7,1962928,514099625,150038182,0,0,0,0,0,0,0,0,0,0,0,0,0,0,0,0,0,0,0,0,0,0,0,0,0,0,0,0,0,0,0,0,0,0,0,0,0,12879069184,5186797568,786076,316578,145815441,257,0,98,786432,512058237,811153,6,9174770113,12884901888,10056655,1433983437,0,0,0,0,0,0,0,0,0,0,0,0,0,0,0,0,0,0,50157791,150054405,0,468,1202,7661,620,100316532,35,0,0,0,0,0,0,0,1,0,0,0,0,0,0,0,0,0,0,60250096,0,145810336,2425601,0,0,0,0,0,0,0,0,16384,0,0,0,0,0,0,0,0,0,0,0,8139,452,0,0,0,0,0,152478084,0,177,0,3,452,8139,0,0,0,0,0,0,0,0,0,0,0,0,0,0,0,0,0,0,0,0,0,0,0,0,0,0,0,0,0,0,0,0,0,0,0,0,0,0,0,0,0,0,0,0,0,0,0,0,0,0,0,0,0,0,764897123,0,0,0,1034969562,0,0,0,0,0,0,0,198174422,511853221,920709328,421187000320,158623380,1,0,0,0,0,0,0,0,0,0,0,0,0,0,0,0,0,0,0,0,0,0,0,0,0,0,0,0,0,0,0,569,0,0,0,0,0,0,0
1782980542.484,0,0,0,0,0,0,0,1862299186,8385817856512,2958725432320,0,0,0,0,0,0,0,0,0,0,0,0,0,0,0,0,0,0,0,0,0,0,0,0,0,0,0,0,0,0,0,0,0,0,0,0,0,0,0,0,0,0,0,0,0,0,0,0,0,0,0,0,0,0,0,0,0,0,7,1962964,514210282,150068328,0,0,0,0,0,0,0,0,0,0,0,0,0,0,0,0,0,0,0,0,0,0,0,0,0,0,0,0,0,0,0,0,0,0,0,0,0,12877398016,5194874880,785974,317071,145842802,361,0,96,786432,512168501,811153,6,9176342671,12884901888,10062917,1434179382,0,0,0,0,0,0,0,0,0,0,0,0,0,0,0,0,0,0,50167148,150063760,0,468,1202,7661,620,100335258,35,0,0,0,0,0,0,0,1,0,0,0,0,0,0,0,0,0,0,60260727,0,145837635,2425965,0,0,0,0,0,0,0,0,16384,0,0,0,0,0,0,0,0,0,0,0,8140,452,0,0,0,0,0,152506538,0,177,0,3,452,8140,0,0,0,0,0,0,0,0,0,0,0,0,0,0,0,0,0,0,0,0,0,0,0,0,0,0,0,0,0,0,0,0,0,0,0,0,0,0,0,0,0,0,0,0,0,0,0,0,0,0,0,0,0,0,765036149,0,0,0,1035127088,0,0,0,0,0,0,0,198190531,511963102,920881258,421259361280,158632259,1,0,0,0,0,0,0,0,0,0,0,0,0,0,0,0,0,0,0,0,0,0,0,0,0,0,0,0,0,0,0,1586,0,0,0,0,0,0,0
1782980543.572,0,0,0,0,0,0,0,1862610165,8387590425088,2959303532544,0,0,0,0,0,0,0,0,0,0,0,0,0,0,0,0,0,0,0,0,0,0,0,0,0,0,0,0,0,0,0,0,0,0,0,0,0,0,0,0,0,0,0,0,0,0,0,0,0,0,0,0,0,0,0,0,0,0,7,1963002,514319284,150098579,0,0,0,0,0,0,0,0,0,0,0,0,0,0,0,0,0,0,0,0,0,0,0,0,0,0,0,0,0,0,0,0,0,0,0,0,0,12883247104,5194252288,786331,317032,145869265,0,0,100,786432,512277111,811153,6,9177899169,12884901888,10071417,1434377489,0,0,0,0,0,0,0,0,0,0,0,0,0,0,0,0,0,0,50176393,150073006,0,468,1202,7661,620,100353754,35,0,0,0,0,0,0,0,1,0,0,0,0,0,0,0,0,0,0,60271242,0,145864354,2426323,0,0,0,0,0,0,0,0,16384,0,0,0,0,0,0,0,0,0,0,0,8141,452,0,0,0,0,0,152534620,0,177,0,3,452,8141,0,0,0,0,0,0,0,0,0,0,0,0,0,0,0,0,0,0,0,0,0,0,0,0,0,0,0,0,0,0,0,0,0,0,0,0,0,0,0,0,0,0,0,0,0,0,0,0,0,0,0,0,0,0,765171458,0,0,0,1035284529,0,0,0,0,0,0,0,198208098,512071281,921050130,421329975296,158642107,1,0,0,0,0,0,0,0,0,0,0,0,0,0,0,0,0,0,0,0,0,0,0,0,0,0,0,0,0,0,0,584,0,0,0,0,0,0,0
1782980544.659,0,0,0,0,0,0,0,1862920285,8389360126464,2959888981504,0,0,0,0,0,0,0,0,0,0,0,0,0,0,0,0,0,0,0,0,0,0,0,0,0,0,0,0,0,0,0,0,0,0,0,0,0,0,0,0,0,0,0,0,0,0,0,0,0,0,0,0,0,0,0,0,0,0,7,1963036,514428120,150129442,0,0,0,0,0,0,0,0,0,0,0,0,0,0,0,0,0,0,0,0,0,0,0,0,0,0,0,0,0,0,0,0,0,0,0,0,0,12883329024,5181259776,786335,316239,145895830,0,0,98,786432,512385585,811153,6,9179448039,12884901888,10078117,1434571645,0,0,0,0,0,0,0,0,0,0,0,0,0,0,0,0,0,0,50185594,150082211,0,468,1202,7661,620,100372152,35,0,0,0,0,0,0,0,1,0,0,0,0,0,0,0,0,0,0,60281694,0,145892138,2426687,0,0,0,0,0,0,0,0,16384,0,0,0,0,0,0,0,0,0,0,0,8142,452,0,0,0,0,0,152562589,0,177,0,3,452,8142,0,0,0,0,0,0,0,0,0,0,0,0,0,0,0,0,0,0,0,0,0,0,0,0,0,0,0,0,0,0,0,0,0,0,0,0,0,0,0,0,0,0,0,0,0,0,0,0,0,0,0,0,0,0,765308072,0,0,0,1035440253,0,0,0,0,0,0,0,198225295,512179247,921220770,421401014272,158651582,1,1,0,0,0,0,0,0,0,0,0,0,0,0,0,0,0,0,0,0,0,0,0,0,0,0,0,0,0,0,0,866,0,0,0,0,0,0,0
1782980545.739,0,0,0,0,0,0,0,1863230653,8391130171904,2960491781120,0,0,0,0,0,0,0,0,0,0,0,0,0,0,0,0,0,0,0,0,0,0,0,0,0,0,0,0,0,0,0,0,0,0,0,0,0,0,0,0,0,0,0,0,0,0,0,0,0,0,0,0,0,0,0,0,0,0,7,1963080,514536872,150161086,0,0,0,0,0,0,0,0,0,0,0,0,0,0,0,0,0,0,0,0,0,0,0,0,0,0,0,0,0,0,0,0,0,0,0,0,0,12881149952,5159272448,786203,314897,145923287,133,0,96,786432,512493938,811153,6,9180997729,12884901888,10083278,1434765801,0,0,0,0,0,0,0,0,0,0,0,0,0,0,0,0,0,0,50194820,150091436,0,468,1202,7661,620,100390599,35,0,0,0,0,0,0,0,1,0,0,0,0,0,0,0,0,0,0,60292165,0,145921507,2427059,0,0,0,0,0,0,0,0,16384,0,0,0,0,0,0,0,0,0,0,0,8143,452,0,0,0,0,0,152590604,0,177,0,3,452,8143,0,0,0,0,0,0,0,0,0,0,0,0,0,0,0,0,0,0,0,0,0,0,0,0,0,0,0,0,0,0,0,0,0,0,0,0,0,0,0,0,0,0,0,0,0,0,0,0,0,0,0,0,0,0,765443874,0,0,0,1035595602,0,0,0,0,0,0,0,198241373,512287217,921390705,421472065536,158660555,1,1,0,0,0,0,0,0,0,0,0,0,0,0,0,0,0,0,0,0,0,0,0,0,0,0,0,0,0,0,0,1587,0,0,0,0,0,0,0
1782980546.820,0,0,0,0,0,0,0,1863542528,8392922499584,2961084197376,0,0,0,0,0,0,0,0,0,0,0,0,0,0,0,0,0,0,0,0,0,0,0,0,0,0,0,0,0,0,0,0,0,0,0,0,0,0,0,0,0,0,0,0,0,0,0,0,0,0,0,0,0,0,0,0,0,0,7,1963125,514647127,150192500,0,0,0,0,0,0,0,0,0,0,0,0,0,0,0,0,0,0,0,0,0,0,0,0,0,0,0,0,0,0,0,0,0,0,0,0,0,12878348288,5145411584,786032,314051,145954773,298,0,102,786432,512603833,811153,6,9182560980,12884901888,10090168,1434964944,0,0,0,0,0,0,0,0,0,0,0,0,0,0,0,0,0,0,50204083,150100697,0,468,1202,7661,620,100409130,35,0,0,0,0,0,0,0,1,0,0,0,0,0,0,0,0,0,0,60302693,0,145949606,2427417,0,0,0,0,0,0,0,0,16384,0,0,0,0,0,0,0,0,0,0,0,8144,452,0,0,0,0,0,152618753,0,177,0,3,452,8144,0,0,0,0,0,0,0,0,0,0,0,0,0,0,0,0,0,0,0,0,0,0,0,0,0,0,0,0,0,0,0,0,0,0,0,0,0,0,0,0,0,0,0,0,0,0,0,0,0,0,0,0,0,0,765581443,0,0,0,1035753790,0,0,0,0,0,0,0,198259574,512396619,921563075,421543734272,158671018,1,1,0,0,0,0,0,0,0,0,0,0,0,0,0,0,0,0,0,0,0,0,0,0,0,0,0,0,0,0,0,413,0,0,0,0,0,0,0
1782980547.905,0,0,0,0,0,0,0,1863840598,8394629728768,2961635663872,0,0,0,0,0,0,0,0,0,0,0,0,0,0,0,0,0,0,0,0,0,0,0,0,0,0,0,0,0,0,0,0,0,0,0,0,0,0,0,0,0,0,0,0,0,0,0,0,0,0,0,0,0,0,0,0,0,0,7,1963160,514752037,150221420,0,0,0,0,0,0,0,0,0,0,0,0,0,0,0,0,0,0,0,0,0,0,0,0,0,0,0,0,0,0,0,0,0,0,0,0,0,12881788928,5146509312,786242,314118,145978968,91,0,99,786432,512708382,811153,6,9184049997,12884901888,10103078,1435151713,0,0,0,0,0,0,0,0,0,0,0,0,0,0,0,0,0,0,50212936,150109551,0,468,1202,7661,620,100426825,35,0,0,0,0,0,0,0,1,0,0,0,0,0,0,0,0,0,0,60312732,0,145973801,2427740,0,0,0,0,0,0,0,0,16384,0,0,0,0,0,0,0,0,0,0,0,8145,452,0,0,0,0,0,152645641,0,177,0,3,452,8145,0,0,0,0,0,0,0,0,0,0,0,0,0,0,0,0,0,0,0,0,0,0,0,0,0,0,0,0,0,0,0,0,0,0,0,0,0,0,0,0,0,0,0,0,0,0,0,0,0,0,0,0,0,0,765711139,0,0,0,1035903589,0,0,0,0,0,0,0,198280205,512500797,921726256,421611316224,158683034,1,0,0,0,0,0,0,0,0,0,0,0,0,0,0,0,0,0,0,0,0,0,0,0,0,0,0,0,0,0,0,507,0,0,0,0,0,0,0
1782980548.991,0,0,0,0,0,0,0,1864161337,8396467702272,2962223513600,0,0,0,0,0,0,0,0,0,0,0,0,0,0,0,0,0,0,0,0,0,0,0,0,0,0,0,0,0,0,0,0,0,0,0,0,0,0,0,0,0,0,0,0,0,0,0,0,0,0,0,0,0,0,0,0,0,0,7,1963205,514865045,150252213,0,0,0,0,0,0,0,0,0,0,0,0,0,0,0,0,0,0,0,0,0,0,0,0,0,0,0,0,0,0,0,0,0,0,0,0,0,12877611008,5154406400,785987,314600,146006961,348,0,97,786432,512821007,811153,6,9185653987,12884901888,10109152,1435352193,0,0,0,0,0,0,0,0,0,0,0,0,0,0,0,0,0,0,50222473,150119087,0,468,1202,7661,620,100445910,35,0,0,0,0,0,0,0,1,0,0,0,0,0,0,0,0,0,0,60323571,0,146001794,2428103,0,0,0,0,0,0,0,0,16384,0,0,0,0,0,0,0,0,0,0,0,8146,452,0,0,0,0,0,152674641,0,177,0,3,452,8146,0,0,0,0,0,0,0,0,0,0,0,0,0,0,0,0,0,0,0,0,0,0,0,0,0,0,0,0,0,0,0,0,0,0,0,0,0,0,0,0,0,0,0,0,0,0,0,0,0,0,0,0,0,0,765850328,0,0,0,1036064489,0,0,0,0,0,0,0,198298720,512612951,921899165,421683950080,158693871,1,1,0,0,0,0,0,0,0,0,0,0,0,0,0,0,0,0,0,0,0,0,0,0,0,0,0,0,0,0,0,1158,0,0,0,0,0,0,0
1782980550.076,0,0,0,0,0,0,0,1864488009,8398336363008,2962821686784,0,0,0,0,0,0,0,0,0,0,0,0,0,0,0,0,0,0,0,0,0,0,0,0,0,0,0,0,0,0,0,0,0,0,0,0,0,0,0,0,0,0,0,0,0,0,0,0,0,0,0,0,0,0,0,0,0,0,7,1963258,514979890,150283515,0,0,0,0,0,0,0,0,0,0,0,0,0,0,0,0,0,0,0,0,0,0,0,0,0,0,0,0,0,0,0,0,0,0,0,0,0,12877152256,5167415296,785959,315394,146035921,376,0,96,786432,512935413,811153,6,9187290962,12884901888,10113225,1435560118,0,0,0,0,0,0,0,0,0,0,0,0,0,0,0,0,0,0,50232175,150128787,0,468,1202,7661,620,100465313,35,0,0,0,0,0,0,0,1,0,0,0,0,0,0,0,0,0,0,60334599,0,146030824,2428486,0,0,0,0,0,0,0,0,16384,0,0,0,0,0,0,0,0,0,0,0,8148,452,0,0,0,0,0,152704103,0,177,0,3,452,8148,0,0,0,0,0,0,0,0,0,0,0,0,0,0,0,0,0,0,0,0,0,0,0,0,0,0,0,0,0,0,0,0,0,0,0,0,0,0,0,0,0,0,0,0,0,0,0,0,0,0,0,0,0,0,765992627,0,0,0,1036229675,0,0,0,0,0,0,0,198316313,512726929,922075032,421758324736,158704043,0,0,0,0,0,0,0,0,0,0,0,0,0,0,0,0,0,0,0,0,0,0,0,0,0,0,0,0,0,0,0,411,0,0,0,0,0,0,0
1782980551.167,0,0,0,0,0,0,0,1864814523,8400200550912,2963415737344,0,0,0,0,0,0,0,0,0,0,0,0,0,0,0,0,0,0,0,0,0,0,0,0,0,0,0,0,0,0,0,0,0,0,0,0,0,0,0,0,0,0,0,0,0,0,0,0,0,0,0,0,0,0,0,0,0,0,7,1963298,515094546,150314634,0,0,0,0,0,0,0,0,0,0,0,0,0,0,0,0,0,0,0,0,0,0,0,0,0,0,0,0,0,0,0,0,0,0,0,0,0,12878544896,5178294272,786044,316057,146064398,282,0,106,786432,513049591,811153,6,9188921125,12884901888,10119416,1435763017,0,0,0,0,0,0,0,0,0,0,0,0,0,0,0,0,0,0,50241874,150138488,0,468,1202,7661,620,100484716,35,0,0,0,0,0,0,0,1,0,0,0,0,0,0,0,0,0,0,60345625,0,146059249,2428859,0,0,0,0,0,0,0,0,16384,0,0,0,0,0,0,0,0,0,0,0,8149,452,0,0,0,0,0,152733576,0,177,0,3,452,8149,0,0,0,0,0,0,0,0,0,0,0,0,0,0,0,0,0,0,0,0,0,0,0,0,0,0,0,0,0,0,0,0,0,0,0,0,0,0,0,0,0,0,0,0,0,0,0,0,0,0,0,0,0,0,766133351,0,0,0,1036392954,0,0,0,0,0,0,0,198334753,512840694,922249586,421831539200,158715041,1,1,0,0,0,0,0,0,0,0,0,0,0,0,0,0,0,0,0,0,0,0,0,0,0,0,0,0,0,0,0,1418,0,0,0,0,0,0,0
1782980552.260,0,0,0,0,0,0,0,1865127491,8401990371840,2963987471360,0,0,0,0,0,0,0,0,0,0,0,0,0,0,0,0,0,0,0,0,0,0,0,0,0,0,0,0,0,0,0,0,0,0,0,0,0,0,0,0,0,0,0,0,0,0,0,0,0,0,0,0,0,0,0,0,0,0,7,1963341,515204582,150344570,0,0,0,0,0,0,0,0,0,0,0,0,0,0,0,0,0,0,0,0,0,0,0,0,0,0,0,0,0,0,0,0,0,0,0,0,0,12882690048,5185536000,786299,316500,146090733,37,0,97,786432,513159216,811153,6,9190489903,12884901888,10127931,1435963124,0,0,0,0,0,0,0,0,0,0,0,0,0,0,0,0,0,0,50251180,150147793,0,468,1202,7661,620,100503326,35,0,0,0,0,0,0,0,1,0,0,0,0,0,0,0,0,0,0,60356183,0,146085566,2429203,0,0,0,0,0,0,0,0,16384,0,0,0,0,0,0,0,0,0,0,0,8150,452,0,0,0,0,0,152761865,0,177,0,3,452,8150,0,0,0,0,0,0,0,0,0,0,0,0,0,0,0,0,0,0,0,0,0,0,0,0,0,0,0,0,0,0,0,0,0,0,0,0,0,0,0,0,0,0,0,0,0,0,0,0,0,0,0,0,0,0,766269568,0,0,0,1036551643,0,0,0,0,0,0,0,198354407,512949902,922419318,421902673408,158726792,0,0,0,0,0,0,0,0,0,0,0,0,0,0,0,0,0,0,0,0,0,0,0,0,0,0,0,0,0,0,0,237,0,0,0,0,0,0,0
1782980553.350,0,0,0,0,0,0,0,1865459875,8403882543616,2964585446400,0,0,0,0,0,0,0,0,0,0,0,0,0,0,0,0,0,0,0,0,0,0,0,0,0,0,0,0,0,0,0,0,0,0,0,0,0,0,0,0,0,0,0,0,0,0,0,0,0,0,0,0,0,0,0,0,0,0,7,1963390,515320927,150375897,0,0,0,0,0,0,0,0,0,0,0,0,0,0,0,0,0,0,0,0,0,0,0,0,0,0,0,0,0,0,0,0,0,0,0,0,0,12879757312,5201199104,786118,317455,146119933,216,0,96,786432,513275161,811153,6,9192149750,12884901888,10132158,1436170795,0,0,0,0,0,0,0,0,0,0,0,0,0,0,0,0,0,0,50261058,150157673,0,468,1202,7661,620,100523073,35,0,0,0,0,0,0,0,1,0,0,0,0,0,0,0,0,0,0,60367411,0,146114766,2429593,0,0,0,0,0,0,0,0,16384,0,0,0,0,0,0,0,0,0,0,0,8151,452,0,0,0,0,0,152791893,0,177,0,3,452,8151,0,0,0,0,0,0,0,0,0,0,0,0,0,0,0,0,0,0,0,0,0,0,0,0,0,0,0,0,0,0,0,0,0,0,0,0,0,0,0,0,0,0,0,0,0,0,0,0,0,0,0,0,0,0,766410000,0,0,0,1036717878,0,0,0,0,0,0,0,198372680,513065391,922593238,421976297472,158737714,1,1,0,0,0,0,0,0,0,0,0,0,0,0,0,0,0,0,0,0,0,0,0,0,0,0,0,0,0,0,0,1294,0,0,0,0,0,0,0
1782980554.440,0,0,0,0,0,0,0,1865780684,8405720205824,2965171845120,0,0,0,0,0,0,0,0,0,0,0,0,0,0,0,0,0,0,0,0,0,0,0,0,0,0,0,0,0,0,0,0,0,0,0,0,0,0,0,0,0,0,0,0,0,0,0,0,0,0,0,0,0,0,0,0,0,0,7,1963426,515433895,150406645,0,0,0,0,0,0,0,0,0,0,0,0,0,0,0,0,0,0,0,0,0,0,0,0,0,0,0,0,0,0,0,0,0,0,0,0,0,12879118336,5206196224,786079,317761,146147345,254,0,97,786432,513387718,811153,6,9193755653,12884901888,10141019,1436374275,0,0,0,0,0,0,0,0,0,0,0,0,0,0,0,0,0,0,50270588,150167203,0,468,1202,7661,620,100542137,35,0,0,0,0,0,0,0,1,0,0,0,0,0,0,0,0,0,0,60378252,0,146142178,2429958,0,0,0,0,0,0,0,0,16384,0,0,0,0,0,0,0,0,0,0,0,8152,452,0,0,0,0,0,152820875,0,177,0,3,452,8152,0,0,0,0,0,0,0,0,0,0,0,0,0,0,0,0,0,0,0,0,0,0,0,0,0,0,0,0,0,0,0,0,0,0,0,0,0,0,0,0,0,0,0,0,0,0,0,0,0,0,0,0,0,0,766548991,0,0,0,1036880048,0,0,0,0,0,0,0,198392189,513177504,922766279,422048691200,158749084,1,0,0,0,0,0,0,0,0,0,0,0,0,0,0,0,0,0,0,0,0,0,0,0,0,0,0,0,0,0,0,475,0,0,0,0,0,0,0
1782980555.532,0,0,0,0,0,0,0,1866108041,8407588686336,2965768057344,0,0,0,0,0,0,0,0,0,0,0,0,0,0,0,0,0,0,0,0,0,0,0,0,0,0,0,0,0,0,0,0,0,0,0,0,0,0,0,0,0,0,0,0,0,0,0,0,0,0,0,0,0,0,0,0,0,0,7,1963465,515548852,150437920,0,0,0,0,0,0,0,0,0,0,0,0,0,0,0,0,0,0,0,0,0,0,0,0,0,0,0,0,0,0,0,0,0,0,0,0,0,12879724544,5213421568,786117,318202,146175611,219,0,96,786432,513502262,811153,6,9195390218,12884901888,10147578,1436578881,0,0,0,0,0,0,0,0,0,0,0,0,0,0,0,0,0,0,50280312,150176928,0,468,1202,7661,620,100561578,35,0,0,0,0,0,0,0,1,0,0,0,0,0,0,0,0,0,0,60389301,0,146170444,2430333,0,0,0,0,0,0,0,0,16384,0,0,0,0,0,0,0,0,0,0,0,8153,452,0,0,0,0,0,152850409,0,177,0,3,452,8153,0,0,0,0,0,0,0,0,0,0,0,0,0,0,0,0,0,0,0,0,0,0,0,0,0,0,0,0,0,0,0,0,0,0,0,0,0,0,0,0,0,0,0,0,0,0,0,0,0,0,0,0,0,0,766689192,0,0,0,1037044176,0,0,0,0,0,0,0,198411083,513291565,922940743,422121792512,158759874,1,0,0,0,0,0,0,0,0,0,0,0,0,0,0,0,0,0,0,0,0,0,0,0,0,0,0,0,0,0,0,1038,0,0,0,0,0,0,0
1782980556.617,0,0,0,0,0,0,0,1866425140,8409399986688,2966365607424,0,0,0,0,0,0,0,0,0,0,0,0,0,0,0,0,0,0,0,0,0,0,0,0,0,0,0,0,0,0,0,0,0,0,0,0,0,0,0,0,0,0,0,0,0,0,0,0,0,0,0,0,0,0,0,0,0,0,7,1963502,515660234,150469332,0,0,0,0,0,0,0,0,0,0,0,0,0,0,0,0,0,0,0,0,0,0,0,0,0,0,0,0,0,0,0,0,0,0,0,0,0,12879265792,5200084992,786088,317388,146202911,246,0,97,786432,513613230,811153,6,9196974346,12884901888,10153661,1436777604,0,0,0,0,0,0,0,0,0,0,0,0,0,0,0,0,0,0,50289739,150186356,0,468,1202,7661,620,100580432,35,0,0,0,0,0,0,0,1,0,0,0,0,0,0,0,0,0,0,60400010,0,146198896,2430700,0,0,0,0,0,0,0,0,16384,0,0,0,0,0,0,0,0,0,0,0,8154,452,0,0,0,0,0,152879086,0,177,0,3,452,8154,0,0,0,0,0,0,0,0,0,0,0,0,0,0,0,0,0,0,0,0,0,0,0,0,0,0,0,0,0,0,0,0,0,0,0,0,0,0,0,0,0,0,0,0,0,0,0,0,0,0,0,0,0,0,766825592,0,0,0,1037203323,0,0,0,0,0,0,0,198429529,513402129,923111561,422193013248,158770429,1,0,0,0,0,0,0,0,0,0,0,0,0,0,0,0,0,0,0,0,0,0,0,0,0,0,0,0,0,0,0,1455,0,0,0,0,0,0,0
1782980557.696,0,0,0,0,0,0,0,1866734061,8411170327040,2966957692928,0,0,0,0,0,0,0,0,0,0,0,0,0,0,0,0,0,0,0,0,0,0,0,0,0,0,0,0,0,0,0,0,0,0,0,0,0,0,0,0,0,0,0,0,0,0,0,0,0,0,0,0,0,0,0,0,0,0,7,1963546,515769143,150500551,0,0,0,0,0,0,0,0,0,0,0,0,0,0,0,0,0,0,0,0,0,0,0,0,0,0,0,0,0,0,0,0,0,0,0,0,0,12883034112,5182308352,786318,316303,146228518,0,0,114,786432,513721735,811153,6,9198520914,12884901888,10162058,1436973522,0,0,0,0,0,0,0,0,0,0,0,0,0,0,0,0,0,0,50298911,150195525,0,468,1202,7661,620,100598797,35,0,0,0,0,0,0,0,1,0,0,0,0,0,0,0,0,0,0,60410437,0,146225869,2431034,0,0,0,0,0,0,0,0,16384,0,0,0,0,0,0,0,0,0,0,0,8155,452,0,0,0,0,0,152906943,0,177,0,3,452,8155,0,0,0,0,0,0,0,0,0,0,0,0,0,0,0,0,0,0,0,0,0,0,0,0,0,0,0,0,0,0,0,0,0,0,0,0,0,0,0,0,0,0,0,0,0,0,0,0,0,0,0,0,0,0,766961124,0,0,0,1037359098,0,0,0,0,0,0,0,198448420,513510125,923282194,422263790080,158781386,1,0,0,0,0,0,0,0,0,0,0,0,0,0,0,0,0,0,0,0,0,0,0,0,0,0,0,0,0,0,0,1007,0,0,0,0,0,0,0
1782980558.780,0,0,0,0,0,0,0,1867034030,8412884044288,2967542388224,0,0,0,0,0,0,0,0,0,0,0,0,0,0,0,0,0,0,0,0,0,0,0,0,0,0,0,0,0,0,0,0,0,0,0,0,0,0,0,0,0,0,0,0,0,0,0,0,0,0,0,0,0,0,0,0,0,0,7,1963593,515874469,150531477,0,0,0,0,0,0,0,0,0,0,0,0,0,0,0,0,0,0,0,0,0,0,0,0,0,0,0,0,0,0,0,0,0,0,0,0,0,12880871424,5153423360,786185,314540,146253469,140,0,107,786432,513826692,811153,6,9200020163,12884901888,10172416,1437163908,0,0,0,0,0,0,0,0,0,0,0,0,0,0,0,0,0,0,50307806,150204421,0,468,1202,7661,620,100616578,35,0,0,0,0,0,0,0,1,0,0,0,0,0,0,0,0,0,0,60420531,0,146252768,2431372,0,0,0,0,0,0,0,0,16384,0,0,0,0,0,0,0,0,0,0,0,8156,452,0,0,0,0,0,152933950,0,177,0,3,452,8156,0,0,0,0,0,0,0,0,0,0,0,0,0,0,0,0,0,0,0,0,0,0,0,0,0,0,0,0,0,0,0,0,0,0,0,0,0,0,0,0,0,0,0,0,0,0,0,0,0,0,0,0,0,0,767092312,0,0,0,1037510432,0,0,0,0,0,0,0,198468621,513614679,923448586,422332414464,158793260,1,0,0,0,0,0,0,0,0,0,0,0,0,0,0,0,0,0,0,0,0,0,0,0,0,0,0,0,0,0,0,478,0,0,0,0,0,0,0
1782980559.862,0,0,0,0,0,0,0,1867349196,8414691084800,2968121849344,0,0,0,0,0,0,0,0,0,0,0,0,0,0,0,0,0,0,0,0,0,0,0,0,0,0,0,0,0,0,0,0,0,0,0,0,0,0,0,0,0,0,0,0,0,0,0,0,0,0,0,0,0,0,0,0,0,0,7,1963637,515985609,150561900,0,0,0,0,0,0,0,0,0,0,0,0,0,0,0,0,0,0,0,0,0,0,0,0,0,0,0,0,0,0,0,0,0,0,0,0,0,12882460672,5159387136,786283,314904,146285459,51,0,97,786432,513937427,811153,6,9201594111,12884901888,10180658,1437360401,0,0,0,0,0,0,0,0,0,0,0,0,0,0,0,0,0,0,50317165,150213781,0,468,1202,7661,620,100635298,35,0,0,0,0,0,0,0,1,0,0,0,0,0,0,0,0,0,0,60431170,0,146280292,2431735,0,0,0,0,0,0,0,0,16384,0,0,0,0,0,0,0,0,0,0,0,8157,452,0,0,0,0,0,152962376,0,177,0,3,452,8157,0,0,0,0,0,0,0,0,0,0,0,0,0,0,0,0,0,0,0,0,0,0,0,0,0,0,0,0,0,0,0,0,0,0,0,0,0,0,0,0,0,0,0,0,0,0,0,0,0,0,0,0,0,0,767228530,0,0,0,1037668153,0,0,0,0,0,0,0,198486960,513725012,923618188,422403443712,158804106,1,0,0,0,0,0,0,0,0,0,0,0,0,0,0,0,0,0,0,0,0,0,0,0,0,0,0,0,0,0,0,1280,0,0,0,0,0,0,0
1782980560.946,0,0,0,0,0,0,0,1867670866,8416533875200,2968710129664,0,0,0,0,0,0,0,0,0,0,0,0,0,0,0,0,0,0,0,0,0,0,0,0,0,0,0,0,0,0,0,0,0,0,0,0,0,0,0,0,0,0,0,0,0,0,0,0,0,0,0,0,0,0,0,0,0,0,7,1963670,516098946,150592722,0,0,0,0,0,0,0,0,0,0,0,0,0,0,0,0,0,0,0,0,0,0,0,0,0,0,0,0,0,0,0,0,0,0,0,0,0,12881182720,5168349184,786206,315451,146313309,129,0,98,786432,514050350,811153,6,9203204315,12884901888,10187080,1437564629,0,0,0,0,0,0,0,0,0,0,0,0,0,0,0,0,0,0,50326739,150223356,0,468,1202,7661,620,100654433,35,0,0,0,0,0,0,0,1,0,0,0,0,0,0,0,0,0,0,60442061,0,146308142,2432107,0,0,0,0,0,0,0,0,16384,0,0,0,0,0,0,0,0,0,0,0,8158,452,0,0,0,0,0,152991495,0,177,0,3,452,8158,0,0,0,0,0,0,0,0,0,0,0,0,0,0,0,0,0,0,0,0,0,0,0,0,0,0,0,0,0,0,0,0,0,0,0,0,0,0,0,0,0,0,0,0,0,0,0,0,0,0,0,0,0,0,767368182,0,0,0,1037830924,0,0,0,0,0,0,0,198505539,513837453,923791641,422476175360,158814728,0,0,0,0,0,0,0,0,0,0,0,0,0,0,0,0,0,0,0,0,0,0,0,0,0,0,0,0,0,0,0,522,0,0,0,0,0,0,0
1782980562.031,0,0,0,0,0,0,0,1867994588,8418384660992,2969303895552,0,0,0,0,0,0,0,0,0,0,0,0,0,0,0,0,0,0,0,0,0,0,0,0,0,0,0,0,0,0,0,0,0,0,0,0,0,0,0,0,0,0,0,0,0,0,0,0,0,0,0,0,0,0,0,0,0,0,7,1963717,516212817,150623815,0,0,0,0,0,0,0,0,0,0,0,0,0,0,0,0,0,0,0,0,0,0,0,0,0,0,0,0,0,0,0,0,0,0,0,0,0,12880740352,5174902784,786178,315851,146341074,157,0,97,786432,514163802,811153,6,9204822508,12884901888,10194497,1437768267,0,0,0,0,0,0,0,0,0,0,0,0,0,0,0,0,0,0,50336353,150232967,0,468,1202,7661,620,100673670,35,0,0,0,0,0,0,0,1,0,0,0,0,0,0,0,0,0,0,60452971,0,146335907,2432473,0,0,0,0,0,0,0,0,16384,0,0,0,0,0,0,0,0,0,0,0,8159,452,0,0,0,0,0,153020730,0,177,0,3,452,8159,0,0,0,0,0,0,0,0,0,0,0,0,0,0,0,0,0,0,0,0,0,0,0,0,0,0,0,0,0,0,0,0,0,0,0,0,0,0,0,0,0,0,0,0,0,0,0,0,0,0,0,0,0,0,767508920,0,0,0,1037993640,0,0,0,0,0,0,0,198524888,513950456,923966732,422549669376,158826025,1,1,0,0,0,0,0,0,0,0,0,0,0,0,0,0,0,0,0,0,0,0,0,0,0,0,0,0,0,0,0,644,0,0,0,0,0,0,0
1782980563.124,0,0,0,0,0,0,0,1868300654,8420137617920,2969869065216,0,0,0,0,0,0,0,0,0,0,0,0,0,0,0,0,0,0,0,0,0,0,0,0,0,0,0,0,0,0,0,0,0,0,0,0,0,0,0,0,0,0,0,0,0,0,0,0,0,0,0,0,0,0,0,0,0,0,7,1963758,516320693,150653495,0,0,0,0,0,0,0,0,0,0,0,0,0,0,0,0,0,0,0,0,0,0,0,0,0,0,0,0,0,0,0,0,0,0,0,0,0,12880625664,5178638336,786169,316079,146366816,145,0,119,786432,514271290,811153,6,9206351649,12884901888,10206407,1437960238,0,0,0,0,0,0,0,0,0,0,0,0,0,0,0,0,0,0,50345466,150242083,0,468,1202,7661,620,100691897,35,0,0,0,0,0,0,0,1,0,0,0,0,0,0,0,0,0,0,60463320,0,146361649,2432806,0,0,0,0,0,0,0,0,16384,0,0,0,0,0,0,0,0,0,0,0,8161,452,0,0,0,0,0,153048421,0,177,0,3,452,8161,0,0,0,0,0,0,0,0,0,0,0,0,0,0,0,0,0,0,0,0,0,0,0,0,0,0,0,0,0,0,0,0,0,0,0,0,0,0,0,0,0,0,0,0,0,0,0,0,0,0,0,0,0,0,767641544,0,0,0,1038147248,0,0,0,0,0,0,0,198545219,514057438,924133015,422618864640,158838189,1,0,0,0,0,0,0,0,0,0,0,0,0,0,0,0,0,0,0,0,0,0,0,0,0,0,0,0,0,0,0,922,0,0,0,0,0,0,0
1782980564.205,0,0,0,0,0,0,0,1868616315,8421934877184,2970442913792,0,0,0,0,0,0,0,0,0,0,0,0,0,0,0,0,0,0,0,0,0,0,0,0,0,0,0,0,0,0,0,0,0,0,0,0,0,0,0,0,0,0,0,0,0,0,0,0,0,0,0,0,0,0,0,0,0,0,7,1963798,516431205,150683576,0,0,0,0,0,0,0,0,0,0,0,0,0,0,0,0,0,0,0,0,0,0,0,0,0,0,0,0,0,0,0,0,0,0,0,0,0,12879265792,5187862528,786089,316642,146393579,229,0,117,786432,514381387,811153,6,9207930063,12884901888,10214762,1438158935,0,0,0,0,0,0,0,0,0,0,0,0,0,0,0,0,0,0,50354835,150251451,0,468,1202,7661,620,100710639,35,0,0,0,0,0,0,0,1,0,0,0,0,0,0,0,0,0,0,60473961,0,146388412,2433165,0,0,0,0,0,0,0,0,16384,0,0,0,0,0,0,0,0,0,0,0,8162,452,0,0,0,0,0,153076913,0,177,0,3,452,8162,0,0,0,0,0,0,0,0,0,0,0,0,0,0,0,0,0,0,0,0,0,0,0,0,0,0,0,0,0,0,0,0,0,0,0,0,0,0,0,0,0,0,0,0,0,0,0,0,0,0,0,0,0,0,767776125,0,0,0,1038306204,0,0,0,0,0,0,0,198564314,514167088,924301053,422689276416,158849308,1,0,0,0,0,0,0,0,0,0,0,0,0,0,0,0,0,0,0,0,0,0,0,0,0,0,0,0,0,0,0,995,0,0,0,0,0,0,0
1782980565.294,0,0,0,0,0,0,0,1868944533,8423808928256,2971041835520,0,0,0,0,0,0,0,0,0,0,0,0,0,0,0,0,0,0,0,0,0,0,0,0,0,0,0,0,0,0,0,0,0,0,0,0,0,0,0,0,0,0,0,0,0,0,0,0,0,0,0,0,0,0,0,0,0,0,7,1963843,516546385,150714952,0,0,0,0,0,0,0,0,0,0,0,0,0,0,0,0,0,0,0,0,0,0,0,0,0,0,0,0,0,0,0,0,0,0,0,0,0,12877201408,5193940992,785962,317013,146422056,373,0,99,786432,514496112,811153,6,9209572489,12884901888,10220944,1438366818,0,0,0,0,0,0,0,0,0,0,0,0,0,0,0,0,0,0,50364575,150261190,0,468,1202,7661,620,100730117,35,0,0,0,0,0,0,0,1,0,0,0,0,0,0,0,0,0,0,60485021,0,146416889,2433537,0,0,0,0,0,0,0,0,16384,0,0,0,0,0,0,0,0,0,0,0,8163,452,0,0,0,0,0,153106474,0,177,0,3,452,8163,0,0,0,0,0,0,0,0,0,0,0,0,0,0,0,0,0,0,0,0,0,0,0,0,0,0,0,0,0,0,0,0,0,0,0,0,0,0,0,0,0,0,0,0,0,0,0,0,0,0,0,0,0,0,767918304,0,0,0,1038471870,0,0,0,0,0,0,0,198582524,514281407,924477424,422763487232,158859871,1,0,0,0,0,0,0,0,0,0,0,0,0,0,0,0,0,0,0,0,0,0,0,0,0,0,0,0,0,0,0,449,0,0,0,0,0,0,0
1782980566.384,0,0,0,0,0,0,0,1869262574,8425634155008,2971627867648,0,0,0,0,0,0,0,0,0,0,0,0,0,0,0,0,0,0,0,0,0,0,0,0,0,0,0,0,0,0,0,0,0,0,0,0,0,0,0,0,0,0,0,0,0,0,0,0,0,0,0,0,0,0,0,0,0,0,7,1963889,516658597,150745656,0,0,0,0,0,0,0,0,0,0,0,0,0,0,0,0,0,0,0,0,0,0,0,0,0,0,0,0,0,0,0,0,0,0,0,0,0,12879396864,5197185024,786096,317210,146450309,239,0,96,786432,514607921,811153,6,9211162015,12884901888,10227172,1438565409,0,0,0,0,0,0,0,0,0,0,0,0,0,0,0,0,0,0,50374037,150270651,0,468,1202,7661,620,100749039,35,0,0,0,0,0,0,0,1,0,0,0,0,0,0,0,0,0,0,60495769,0,146445142,2433910,0,0,0,0,0,0,0,0,16384,0,0,0,0,0,0,0,0,0,0,0,8164,452,0,0,0,0,0,153135228,0,177,0,3,452,8164,0,0,0,0,0,0,0,0,0,0,0,0,0,0,0,0,0,0,0,0,0,0,0,0,0,0,0,0,0,0,0,0,0,0,0,0,0,0,0,0,0,0,0,0,0,0,0,0,0,0,0,0,0,0,768057255,0,0,0,1038631262,0,0,0,0,0,0,0,198599914,514392757,924649640,422836049920,158869959,1,0,0,0,0,0,0,0,0,0,0,0,0,0,0,0,0,0,0,0,0,0,0,0,0,0,0,0,0,0,0,1202,0,0,0,0,0,0,0
1782980567.466,0,0,0,0,0,0,0,1869566460,8427375036928,2972191288832,0,0,0,0,0,0,0,0,0,0,0,0,0,0,0,0,0,0,0,0,0,0,0,0,0,0,0,0,0,0,0,0,0,0,0,0,0,0,0,0,0,0,0,0,0,0,0,0,0,0,0,0,0,0,0,0,0,0,7,1963918,516765648,150775127,0,0,0,0,0,0,0,0,0,0,0,0,0,0,0,0,0,0,0,0,0,0,0,0,0,0,0,0,0,0,0,0,0,0,0,0,0,12880510976,5196791808,786165,317187,146476056,172,0,96,786432,514714578,811153,6,9212682446,12884901888,10236459,1438757977,0,0,0,0,0,0,0,0,0,0,0,0,0,0,0,0,0,0,50383050,150279663,0,468,1202,7661,620,100767060,35,0,0,0,0,0,0,0,1,0,0,0,0,0,0,0,0,0,0,60506015,0,146470889,2434250,0,0,0,0,0,0,0,0,16384,0,0,0,0,0,0,0,0,0,0,0,8165,452,0,0,0,0,0,153162644,0,177,0,3,452,8165,0,0,0,0,0,0,0,0,0,0,0,0,0,0,0,0,0,0,0,0,0,0,0,0,0,0,0,0,0,0,0,0,0,0,0,0,0,0,0,0,0,0,0,0,0,0,0,0,0,0,0,0,0,0,768193023,0,0,0,1038784687,0,0,0,0,0,0,0,198617675,514498969,924818595,422906621440,158879748,1,1,0,0,0,0,0,0,0,0,0,0,0,0,0,0,0,0,0,0,0,0,0,0,0,0,0,0,0,0,0,670,0,0,0,0,0,0,0
1782980568.552,0,0,0,0,0,0,0,1869879794,8429169183232,2972763692032,0,0,0,0,0,0,0,0,0,0,0,0,0,0,0,0,0,0,0,0,0,0,0,0,0,0,0,0,0,0,0,0,0,0,0,0,0,0,0,0,0,0,0,0,0,0,0,0,0,0,0,0,0,0,0,0,0,0,7,1963956,516875955,150805065,0,0,0,0,0,0,0,0,0,0,0,0,0,0,0,0,0,0,0,0,0,0,0,0,0,0,0,0,0,0,0,0,0,0,0,0,0,12881215488,5201854464,786207,317496,146502922,89,0,135,786432,514824489,811153,6,9214247161,12884901888,10244668,1438953236,0,0,0,0,0,0,0,0,0,0,0,0,0,0,0,0,0,0,50392353,150288965,0,468,1202,7661,620,100785669,35,0,0,0,0,0,0,0,1,0,0,0,0,0,0,0,0,0,0,60516582,0,146497755,2434615,0,0,0,0,0,0,0,0,16384,0,0,0,0,0,0,0,0,0,0,0,8166,452,0,0,0,0,0,153190907,0,177,0,3,452,8166,0,0,0,0,0,0,0,0,0,0,0,0,0,0,0,0,0,0,0,0,0,0,0,0,0,0,0,0,0,0,0,0,0,0,0,0,0,0,0,0,0,0,0,0,0,0,0,0,0,0,0,0,0,0,768330518,0,0,0,1038941637,0,0,0,0,0,0,0,198635280,514608418,924989002,422978193408,158889599,0,0,0,0,0,0,0,0,0,0,0,0,0,0,0,0,0,0,0,0,0,0,0,0,0,0,0,0,0,0,0,1402,0,0,0,0,0,0,0
1782980569.637,0,0,0,0,0,0,0,1870192897,8430965901824,2973364029440,0,0,0,0,0,0,0,0,0,0,0,0,0,0,0,0,0,0,0,0,0,0,0,0,0,0,0,0,0,0,0,0,0,0,0,0,0,0,0,0,0,0,0,0,0,0,0,0,0,0,0,0,0,0,0,0,0,0,7,1964006,516986379,150836688,0,0,0,0,0,0,0,0,0,0,0,0,0,0,0,0,0,0,0,0,0,0,0,0,0,0,0,0,0,0,0,0,0,0,0,0,0,12882984960,5183848448,786314,316397,146530475,0,0,119,786432,514934515,811153,6,9215815377,12884901888,10249765,1439151397,0,0,0,0,0,0,0,0,0,0,0,0,0,0,0,0,0,0,50401683,150298295,0,468,1202,7661,620,100804325,35,0,0,0,0,0,0,0,1,0,0,0,0,0,0,0,0,0,0,60527188,0,146527100,2434992,0,0,0,0,0,0,0,0,16384,0,0,0,0,0,0,0,0,0,0,0,8167,452,0,0,0,0,0,153219268,0,177,0,3,452,8167,0,0,0,0,0,0,0,0,0,0,0,0,0,0,0,0,0,0,0,0,0,0,0,0,0,0,0,0,0,0,0,0,0,0,0,0,0,0,0,0,0,0,0,0,0,0,0,0,0,0,0,0,0,0,768468387,0,0,0,1039099812,0,0,0,0,0,0,0,198652346,514718005,925160956,423050183680,158899201,1,1,0,0,0,0,0,0,0,0,0,0,0,0,0,0,0,0,0,0,0,0,0,0,0,0,0,0,0,0,0,1038,0,0,0,0,0,0,0
1782980570.719,0,0,0,0,0,0,0,1870509133,8432774482432,2973967946240,0,0,0,0,0,0,0,0,0,0,0,0,0,0,0,0,0,0,0,0,0,0,0,0,0,0,0,0,0,0,0,0,0,0,0,0,0,0,0,0,0,0,0,0,0,0,0,0,0,0,0,0,0,0,0,0,0,0,7,1964044,517097511,150868447,0,0,0,0,0,0,0,0,0,0,0,0,0,0,0,0,0,0,0,0,0,0,0,0,0,0,0,0,0,0,0,0,0,0,0,0,0,12879626240,5164810240,786110,315235,146557511,226,0,96,786432,515045219,811153,6,9217395183,12884901888,10257145,1439349737,0,0,0,0,0,0,0,0,0,0,0,0,0,0,0,0,0,0,50411079,150307693,0,468,1202,7661,620,100823116,35,0,0,0,0,0,0,0,1,0,0,0,0,0,0,0,0,0,0,60537853,0,146555416,2435359,0,0,0,0,0,0,0,0,16384,0,0,0,0,0,0,0,0,0,0,0,8168,452,0,0,0,0,0,153247825,0,177,0,3,452,8168,0,0,0,0,0,0,0,0,0,0,0,0,0,0,0,0,0,0,0,0,0,0,0,0,0,0,0,0,0,0,0,0,0,0,0,0,0,0,0,0,0,0,0,0,0,0,0,0,0,0,0,0,0,0,768605880,0,0,0,1039258541,0,0,0,0,0,0,0,198670964,514828351,925333533,423121980928,158909973,1,0,0,0,0,0,0,0,0,0,0,0,0,0,0,0,0,0,0,0,0,0,0,0,0,0,0,0,0,0,0,1419,0,0,0,0,0,0,0
1782980571.801,0,0,0,0,0,0,0,1870807348,8434480548352,2974541795328,0,0,0,0,0,0,0,0,0,0,0,0,0,0,0,0,0,0,0,0,0,0,0,0,0,0,0,0,0,0,0,0,0,0,0,0,0,0,0,0,0,0,0,0,0,0,0,0,0,0,0,0,0,0,0,0,0,0,7,1964080,517202416,150898736,0,0,0,0,0,0,0,0,0,0,0,0,0,0,0,0,0,0,0,0,0,0,0,0,0,0,0,0,0,0,0,0,0,0,0,0,0,12880183296,5143478272,786142,313933,146582315,190,0,100,786432,515149781,811153,6,9218887394,12884901888,10268938,1439539411,0,0,0,0,0,0,0,0,0,0,0,0,0,0,0,0,0,0,50419945,150316556,0,468,1202,7661,620,100840850,35,0,0,0,0,0,0,0,1,0,0,0,0,0,0,0,0,0,0,60547906,0,146581647,2435697,0,0,0,0,0,0,0,0,16384,0,0,0,0,0,0,0,0,0,0,0,8169,452,0,0,0,0,0,153274776,0,177,0,3,452,8169,0,0,0,0,0,0,0,0,0,0,0,0,0,0,0,0,0,0,0,0,0,0,0,0,0,0,0,0,0,0,0,0,0,0,0,0,0,0,0,0,0,0,0,0,0,0,0,0,0,0,0,0,0,0,768738060,0,0,0,1039409456,0,0,0,0,0,0,0,198691247,514932475,925500163,423190944768,158922223,1,1,0,0,0,0,0,0,0,0,0,0,0,0,0,0,0,0,0,0,0,0,0,0,0,0,0,0,0,0,0,523,0,0,0,0,0,0,0
1782980572.880,0,0,0,0,0,0,0,1871130015,8436321864192,2975131212800,0,0,0,0,0,0,0,0,0,0,0,0,0,0,0,0,0,0,0,0,0,0,0,0,0,0,0,0,0,0,0,0,0,0,0,0,0,0,0,0,0,0,0,0,0,0,0,0,0,0,0,0,0,0,0,0,0,0,7,1964114,517315701,150929599,0,0,0,0,0,0,0,0,0,0,0,0,0,0,0,0,0,0,0,0,0,0,0,0,0,0,0,0,0,0,0,0,0,0,0,0,0,12878102528,5148196864,786018,314221,146614497,299,0,116,786432,515262656,811153,6,9220500149,12884901888,10275417,1439741197,0,0,0,0,0,0,0,0,0,0,0,0,0,0,0,0,0,0,50429521,150326133,0,468,1202,7661,620,100860000,35,0,0,0,0,0,0,0,1,0,0,0,0,0,0,0,0,0,0,60558778,0,146609343,2436071,0,0,0,0,0,0,0,0,16384,0,0,0,0,0,0,0,0,0,0,0,8170,452,0,0,0,0,0,153303918,0,177,0,3,452,8170,0,0,0,0,0,0,0,0,0,0,0,0,0,0,0,0,0,0,0,0,0,0,0,0,0,0,0,0,0,0,0,0,0,0,0,0,0,0,0,0,0,0,0,0,0,0,0,0,0,0,0,0,0,0,768878673,0,0,0,1039571199,0,0,0,0,0,0,0,198710843,515044834,925674778,423264208896,158933778,0,0,0,0,0,0,0,0,0,0,0,0,0,0,0,0,0,0,0,0,0,0,0,0,0,0,0,0,0,0,0,1162,0,0,0,0,0,0,0
1782980573.970,0,0,0,0,0,0,0,1871445513,8438127757824,2975707642880,0,0,0,0,0,0,0,0,0,0,0,0,0,0,0,0,0,0,0,0,0,0,0,0,0,0,0,0,0,0,0,0,0,0,0,0,0,0,0,0,0,0,0,0,0,0,0,0,0,0,0,0,0,0,0,0,0,0,7,1964155,517426749,150959814,0,0,0,0,0,0,0,0,0,0,0,0,0,0,0,0,0,0,0,0,0,0,0,0,0,0,0,0,0,0,0,0,0,0,0,0,0,12878217216,5155504128,786023,314667,146641051,309,0,97,786432,515373267,811153,6,9222076684,12884901888,10285108,1439938772,0,0,0,0,0,0,0,0,0,0,0,0,0,0,0,0,0,0,50438877,150335489,0,468,1202,7661,620,100878717,35,0,0,0,0,0,0,0,1,0,0,0,0,0,0,0,0,0,0,60569405,0,146635826,2436426,0,0,0,0,0,0,0,0,16384,0,0,0,0,0,0,0,0,0,0,0,8171,452,0,0,0,0,0,153332363,0,177,0,3,452,8171,0,0,0,0,0,0,0,0,0,0,0,0,0,0,0,0,0,0,0,0,0,0,0,0,0,0,0,0,0,0,0,0,0,0,0,0,0,0,0,0,0,0,0,0,0,0,0,0,0,0,0,0,0,0,769013512,0,0,0,1039729320,0,0,0,0,0,0,0,198731122,515155099,925843550,423334859776,158945650,1,1,0,0,0,0,0,0,0,0,0,0,0,0,0,0,0,0,0,0,0,0,0,0,0,0,0,0,0,0,0,1648,0,0,0,0,0,0,0
1782980575.056,0,0,0,0,0,0,0,1871766080,8439956113920,2976287538688,0,0,0,0,0,0,0,0,0,0,0,0,0,0,0,0,0,0,0,0,0,0,0,0,0,0,0,0,0,0,0,0,0,0,0,0,0,0,0,0,0,0,0,0,0,0,0,0,0,0,0,0,0,0,0,0,0,0,7,1964200,517539164,150990136,0,0,0,0,0,0,0,0,0,0,0,0,0,0,0,0,0,0,0,0,0,0,0,0,0,0,0,0,0,0,0,0,0,0,0,0,0,12880756736,5171986432,786179,315673,146669018,156,0,97,786432,515485243,811153,6,9223683645,12884901888,10291208,1440143494,0,0,0,0,0,0,0,0,0,0,0,0,0,0,0,0,0,0,50448421,150345036,0,468,1202,7661,620,100897796,35,0,0,0,0,0,0,0,1,0,0,0,0,0,0,0,0,0,0,60580243,0,146663793,2436812,0,0,0,0,0,0,0,0,16384,0,0,0,0,0,0,0,0,0,0,0,8172,452,0,0,0,0,0,153361385,0,177,0,3,452,8172,0,0,0,0,0,0,0,0,0,0,0,0,0,0,0,0,0,0,0,0,0,0,0,0,0,0,0,0,0,0,0,0,0,0,0,0,0,0,0,0,0,0,0,0,0,0,0,0,0,0,0,0,0,0,769151749,0,0,0,1039891964,0,0,0,0,0,0,0,198750489,515266693,926014551,423407040512,158957235,1,0,0,0,0,0,0,0,0,0,0,0,0,0,0,0,0,0,0,0,0,0,0,0,0,0,0,0,0,0,0,395,0,0,0,0,0,0,0
1782980576.142,0,0,0,0,0,0,0,1872066437,8441670519296,2976842836480,0,0,0,0,0,0,0,0,0,0,0,0,0,0,0,0,0,0,0,0,0,0,0,0,0,0,0,0,0,0,0,0,0,0,0,0,0,0,0,0,0,0,0,0,0,0,0,0,0,0,0,0,0,0,0,0,0,0,7,1964235,517644643,151019189,0,0,0,0,0,0,0,0,0,0,0,0,0,0,0,0,0,0,0,0,0,0,0,0,0,0,0,0,0,0,0,0,0,0,0,0,0,12879839232,5174509568,786123,315827,146694638,209,0,99,786432,515590344,811153,6,9225184834,12884901888,10300060,1440332104,0,0,0,0,0,0,0,0,0,0,0,0,0,0,0,0,0,0,50457330,150353944,0,468,1202,7661,620,100915621,35,0,0,0,0,0,0,0,1,0,0,0,0,0,0,0,0,0,0,60590344,0,146689413,2437149,0,0,0,0,0,0,0,0,16384,0,0,0,0,0,0,0,0,0,0,0,8174,452,0,0,0,0,0,153388455,0,177,0,3,452,8174,0,0,0,0,0,0,0,0,0,0,0,0,0,0,0,0,0,0,0,0,0,0,0,0,0,0,0,0,0,0,0,0,0,0,0,0,0,0,0,0,0,0,0,0,0,0,0,0,0,0,0,0,0,0,769285451,0,0,0,1040042896,0,0,0,0,0,0,0,198769291,515371341,926180735,423476555776,158968467,1,0,0,0,0,0,0,0,0,0,0,0,0,0,0,0,0,0,0,0,0,0,0,0,0,0,0,0,0,0,0,524,0,0,0,0,0,0,0
1782980577.226,0,0,0,0,0,0,0,1872371500,8443406453248,2977407426048,0,0,0,0,0,0,0,0,0,0,0,0,0,0,0,0,0,0,0,0,0,0,0,0,0,0,0,0,0,0,0,0,0,0,0,0,0,0,0,0,0,0,0,0,0,0,0,0,0,0,0,0,0,0,0,0,0,0,7,1964284,517751394,151048670,0,0,0,0,0,0,0,0,0,0,0,0,0,0,0,0,0,0,0,0,0,0,0,0,0,0,0,0,0,0,0,0,0,0,0,0,0,12880445440,5178589184,786160,316076,146720727,177,0,97,786432,515696729,811153,6,9226707513,12884901888,10308744,1440523264,0,0,0,0,0,0,0,0,0,0,0,0,0,0,0,0,0,0,50466387,150362997,0,468,1202,7661,620,100933735,35,0,0,0,0,0,0,0,1,0,0,0,0,0,0,0,0,0,0,60600637,0,146715502,2437487,0,0,0,0,0,0,0,0,16384,0,0,0,0,0,0,0,0,0,0,0,8175,452,0,0,0,0,0,153415976,0,177,0,3,452,8175,0,0,0,0,0,0,0,0,0,0,0,0,0,0,0,0,0,0,0,0,0,0,0,0,0,0,0,0,0,0,0,0,0,0,0,0,0,0,0,0,0,0,0,0,0,0,0,0,0,0,0,0,0,0,769422094,0,0,0,1040195982,0,0,0,0,0,0,0,198786073,515477328,926350272,423547767808,158977850,1,1,0,0,0,0,0,0,0,0,0,0,0,0,0,0,0,0,0,0,0,0,0,0,0,0,0,0,0,0,0,777,0,0,0,0,0,0,0
1782980578.314,0,0,0,0,0,0,0,1872673304,8445127756288,2977961452544,0,0,0,0,0,0,0,0,0,0,0,0,0,0,0,0,0,0,0,0,0,0,0,0,0,0,0,0,0,0,0,0,0,0,0,0,0,0,0,0,0,0,0,0,0,0,0,0,0,0,0,0,0,0,0,0,0,0,7,1964330,517857315,151077598,0,0,0,0,0,0,0,0,0,0,0,0,0,0,0,0,0,0,0,0,0,0,0,0,0,0,0,0,0,0,0,0,0,0,0,0,0,12879953920,5186912256,786131,316584,146745849,182,0,121,786432,515802289,811153,6,9228217312,12884901888,10319856,1440714092,0,0,0,0,0,0,0,0,0,0,0,0,0,0,0,0,0,0,50475351,150371963,0,468,1202,7661,620,100951663,35,0,0,0,0,0,0,0,1,0,0,0,0,0,0,0,0,0,0,60610817,0,146740624,2437822,0,0,0,0,0,0,0,0,16384,0,0,0,0,0,0,0,0,0,0,0,8176,452,0,0,0,0,0,153443232,0,177,0,3,452,8176,0,0,0,0,0,0,0,0,0,0,0,0,0,0,0,0,0,0,0,0,0,0,0,0,0,0,0,0,0,0,0,0,0,0,0,0,0,0,0,0,0,0,0,0,0,0,0,0,0,0,0,0,0,0,769556448,0,0,0,1040348073,0,0,0,0,0,0,0,198803437,515582373,926517375,423617782272,158987416,1,0,0,0,0,0,0,0,0,0,0,0,0,0,0,0,0,0,0,0,0,0,0,0,0,0,0,0,0,0,0,599,0,0,0,0,0,0,0
1782980579.403,0,0,0,0,0,0,0,1872985080,8446911040000,2978535543808,0,0,0,0,0,0,0,0,0,0,0,0,0,0,0,0,0,0,0,0,0,0,0,0,0,0,0,0,0,0,0,0,0,0,0,0,0,0,0,0,0,0,0,0,0,0,0,0,0,0,0,0,0,0,0,0,0,0,7,1964362,517966899,151107596,0,0,0,0,0,0,0,0,0,0,0,0,0,0,0,0,0,0,0,0,0,0,0,0,0,0,0,0,0,0,0,0,0,0,0,0,0,12879282176,5192744960,786090,316940,146772733,246,0,96,786432,515911450,811153,6,9229776739,12884901888,10326872,1440910168,0,0,0,0,0,0,0,0,0,0,0,0,0,0,0,0,0,0,50484615,150381228,0,468,1202,7661,620,100970188,35,0,0,0,0,0,0,0,1,0,0,0,0,0,0,0,0,0,0,60621359,0,146767508,2438177,0,0,0,0,0,0,0,0,16384,0,0,0,0,0,0,0,0,0,0,0,8177,452,0,0,0,0,0,153471377,0,177,0,3,452,8177,0,0,0,0,0,0,0,0,0,0,0,0,0,0,0,0,0,0,0,0,0,0,0,0,0,0,0,0,0,0,0,0,0,0,0,0,0,0,0,0,0,0,0,0,0,0,0,0,0,0,0,0,0,0,769694291,0,0,0,1040504996,0,0,0,0,0,0,0,198819789,515691154,926688288,423689625088,158996295,1,0,0,0,0,0,0,0,0,0,0,0,0,0,0,0,0,0,0,0,0,0,0,0,0,0,0,0,0,0,0,557,0,0,0,0,0,0,0
1782980580.489,0,0,0,0,0,0,0,1873273098,8448556501504,2979072548352,0,0,0,0,0,0,0,0,0,0,0,0,0,0,0,0,0,0,0,0,0,0,0,0,0,0,0,0,0,0,0,0,0,0,0,0,0,0,0,0,0,0,0,0,0,0,0,0,0,0,0,0,0,0,0,0,0,0,7,1964400,518068144,151135688,0,0,0,0,0,0,0,0,0,0,0,0,0,0,0,0,0,0,0,0,0,0,0,0,0,0,0,0,0,0,0,0,0,0,0,0,0,12878577664,5197086720,786047,317205,146796783,280,0,107,786432,516012357,811153,6,9231216947,12884901888,10337071,1441091978,0,0,0,0,0,0,0,0,0,0,0,0,0,0,0,0,0,0,50493164,150389777,0,468,1202,7661,620,100987292,35,0,0,0,0,0,0,0,1,0,0,0,0,0,0,0,0,0,0,60631064,0,146791558,2438493,0,0,0,0,0,0,0,0,16384,0,0,0,0,0,0,0,0,0,0,0,8178,452,0,0,0,0,0,153497394,0,177,0,3,452,8178,0,0,0,0,0,0,0,0,0,0,0,0,0,0,0,0,0,0,0,0,0,0,0,0,0,0,0,0,0,0,0,0,0,0,0,0,0,0,0,0,0,0,0,0,0,0,0,0,0,0,0,0,0,0,769823439,0,0,0,1040650234,0,0,0,0,0,0,0,198838274,515791609,926849662,423756938240,159006958,1,1,0,0,0,0,0,0,0,0,0,0,0,0,0,0,0,0,0,0,0,0,0,0,0,0,0,0,0,0,0,251,0,0,0,0,0,0,0
1782980581.575,0,0,0,0,0,0,0,1873587021,8450350762496,2979657091072,0,0,0,0,0,0,0,0,0,0,0,0,0,0,0,0,0,0,0,0,0,0,0,0,0,0,0,0,0,0,0,0,0,0,0,0,0,0,0,0,0,0,0,0,0,0,0,0,0,0,0,0,0,0,0,0,0,0,7,1964443,518178447,151166267,0,0,0,0,0,0,0,0,0,0,0,0,0,0,0,0,0,0,0,0,0,0,0,0,0,0,0,0,0,0,0,0,0,0,0,0,0,12883230720,5196201984,786330,317151,146823124,3,0,99,786432,516122265,811153,6,9232784228,12884901888,10346089,1441288702,0,0,0,0,0,0,0,0,0,0,0,0,0,0,0,0,0,0,50502492,150399103,0,468,1202,7661,620,101005943,35,0,0,0,0,0,0,0,1,0,0,0,0,0,0,0,0,0,0,60641655,0,146818155,2438852,0,0,0,0,0,0,0,0,16384,0,0,0,0,0,0,0,0,0,0,0,8179,452,0,0,0,0,0,153525696,0,177,0,3,452,8179,0,0,0,0,0,0,0,0,0,0,0,0,0,0,0,0,0,0,0,0,0,0,0,0,0,0,0,0,0,0,0,0,0,0,0,0,0,0,0,0,0,0,0,0,0,0,0,0,0,0,0,0,0,0,769961372,0,0,0,1040807878,0,0,0,0,0,0,0,198855846,515901113,927021784,423828771840,159016504,1,0,0,0,0,0,0,0,0,0,0,0,0,0,0,0,0,0,0,0,0,0,0,0,0,0,0,0,0,0,0,438,0,0,0,0,0,0,0
1782980582.664,0,0,0,0,0,0,0,1873902963,8452155181568,2980261721088,0,0,0,0,0,0,0,0,0,0,0,0,0,0,0,0,0,0,0,0,0,0,0,0,0,0,0,0,0,0,0,0,0,0,0,0,0,0,0,0,0,0,0,0,0,0,0,0,0,0,0,0,0,0,0,0,0,0,7,1964482,518289463,151198034,0,0,0,0,0,0,0,0,0,0,0,0,0,0,0,0,0,0,0,0,0,0,0,0,0,0,0,0,0,0,0,0,0,0,0,0,0,12882870272,5179162624,786307,316111,146850581,14,0,111,786432,516232870,811153,6,9234362451,12884901888,10351844,1441487090,0,0,0,0,0,0,0,0,0,0,0,0,0,0,0,0,0,0,50511860,150408474,0,468,1202,7661,620,101024682,35,0,0,0,0,0,0,0,1,0,0,0,0,0,0,0,0,0,0,60652309,0,146847276,2439221,0,0,0,0,0,0,0,0,16384,0,0,0,0,0,0,0,0,0,0,0,8180,452,0,0,0,0,0,153554155,0,177,0,3,452,8180,0,0,0,0,0,0,0,0,0,0,0,0,0,0,0,0,0,0,0,0,0,0,0,0,0,0,0,0,0,0,0,0,0,0,0,0,0,0,0,0,0,0,0,0,0,0,0,0,0,0,0,0,0,0,770099424,0,0,0,1040966132,0,0,0,0,0,0,0,198872690,516011283,927194423,423900923904,159026020,0,1,0,0,0,0,0,0,0,0,0,0,0,0,0,0,0,0,0,0,0,0,0,0,0,0,0,0,0,0,0,904,0,0,0,0,0,0,0
1782980583.745,0,0,0,0,0,0,0,1874218366,8453960124928,2980870973440,0,0,0,0,0,0,0,0,0,0,0,0,0,0,0,0,0,0,0,0,0,0,0,0,0,0,0,0,0,0,0,0,0,0,0,0,0,0,0,0,0,0,0,0,0,0,0,0,0,0,0,0,0,0,0,0,0,0,7,1964524,518400460,151230254,0,0,0,0,0,0,0,0,0,0,0,0,0,0,0,0,0,0,0,0,0,0,0,0,0,0,0,0,0,0,0,0,0,0,0,0,0,12883263488,5152849920,786329,314506,146878388,1,0,101,786432,516343452,811153,6,9235938678,12884901888,10356735,1441685896,0,0,0,0,0,0,0,0,0,0,0,0,0,0,0,0,0,0,50521232,150417843,0,468,1202,7661,620,101043417,35,0,0,0,0,0,0,0,1,0,0,0,0,0,0,0,0,0,0,60662951,0,146876747,2439600,0,0,0,0,0,0,0,0,16384,0,0,0,0,0,0,0,0,0,0,0,8181,452,0,0,0,0,0,153582606,0,177,0,3,452,8181,0,0,0,0,0,0,0,0,0,0,0,0,0,0,0,0,0,0,0,0,0,0,0,0,0,0,0,0,0,0,0,0,0,0,0,0,0,0,0,0,0,0,0,0,0,0,0,0,0,0,0,0,0,0,770237430,0,0,0,1041124736,0,0,0,0,0,0,0,198889968,516121467,927367272,423972792832,159035548,1,0,0,0,0,0,0,0,0,0,0,0,0,0,0,0,0,0,0,0,0,0,0,0,0,0,0,0,0,0,0,994,0,0,0,0,0,0,0
1782980584.825,0,0,0,0,0,0,0,1874539176,8455793428992,2981465590784,0,0,0,0,0,0,0,0,0,0,0,0,0,0,0,0,0,0,0,0,0,0,0,0,0,0,0,0,0,0,0,0,0,0,0,0,0,0,0,0,0,0,0,0,0,0,0,0,0,0,0,0,0,0,0,0,0,0,7,1964565,518513217,151261620,0,0,0,0,0,0,0,0,0,0,0,0,0,0,0,0,0,0,0,0,0,0,0,0,0,0,0,0,0,0,0,0,0,0,0,0,0,12878675968,5148852224,786051,314261,146910980,274,0,106,786432,516455780,811153,6,9237544099,12884901888,10361908,1441888604,0,0,0,0,0,0,0,0,0,0,0,0,0,0,0,0,0,0,50530769,150427380,0,468,1202,7661,620,101062489,35,0,0,0,0,0,0,0,1,0,0,0,0,0,0,0,0,0,0,60673812,0,146905793,2439979,0,0,0,0,0,0,0,0,16384,0,0,0,0,0,0,0,0,0,0,0,8182,452,0,0,0,0,0,153611634,0,177,0,3,452,8182,0,0,0,0,0,0,0,0,0,0,0,0,0,0,0,0,0,0,0,0,0,0,0,0,0,0,0,0,0,0,0,0,0,0,0,0,0,0,0,0,0,0,0,0,0,0,0,0,0,0,0,0,0,0,770376069,0,0,0,1041286494,0,0,0,0,0,0,0,198907026,516233365,927539951,424045195264,159045066,1,0,0,0,0,0,0,0,0,0,0,0,0,0,0,0,0,0,0,0,0,0,0,0,0,0,0,0,0,0,0,677,0,0,0,0,0,0,0
1782980585.910,0,0,0,0,0,0,0,1874846058,8457554053632,2982028238848,0,0,0,0,0,0,0,0,0,0,0,0,0,0,0,0,0,0,0,0,0,0,0,0,0,0,0,0,0,0,0,0,0,0,0,0,0,0,0,0,0,0,0,0,0,0,0,0,0,0,0,0,0,0,0,0,0,0,7,1964609,518621502,151291063,0,0,0,0,0,0,0,0,0,0,0,0,0,0,0,0,0,0,0,0,0,0,0,0,0,0,0,0,0,0,0,0,0,0,0,0,0,12877217792,5157650432,785963,314798,146936549,373,0,101,786432,516563633,811153,6,9239077515,12884901888,10372779,1442081478,0,0,0,0,0,0,0,0,0,0,0,0,0,0,0,0,0,0,50539879,150436496,0,468,1202,7661,620,101080724,35,0,0,0,0,0,0,0,1,0,0,0,0,0,0,0,0,0,0,60684166,0,146931324,2440330,0,0,0,0,0,0,0,0,16384,0,0,0,0,0,0,0,0,0,0,0,8183,452,0,0,0,0,0,153639328,0,177,0,3,452,8183,0,0,0,0,0,0,0,0,0,0,0,0,0,0,0,0,0,0,0,0,0,0,0,0,0,0,0,0,0,0,0,0,0,0,0,0,0,0,0,0,0,0,0,0,0,0,0,0,0,0,0,0,0,0,770511013,0,0,0,1041440772,0,0,0,0,0,0,0,198925809,516340872,927708261,424115434496,159055599,1,0,0,0,0,0,0,0,0,0,0,0,0,0,0,0,0,0,0,0,0,0,0,0,0,0,0,0,0,0,0,695,0,0,0,0,0,0,0
1782980586.998,0,0,0,0,0,0,0,1875162030,8459365157376,2982610828800,0,0,0,0,0,0,0,0,0,0,0,0,0,0,0,0,0,0,0,0,0,0,0,0,0,0,0,0,0,0,0,0,0,0,0,0,0,0,0,0,0,0,0,0,0,0,0,0,0,0,0,0,0,0,0,0,0,0,7,1964648,518732856,151321590,0,0,0,0,0,0,0,0,0,0,0,0,0,0,0,0,0,0,0,0,0,0,0,0,0,0,0,0,0,0,0,0,0,0,0,0,0,12877709312,5159600128,785993,314917,146963309,343,0,96,786432,516674579,811153,6,9240657423,12884901888,10381434,1442280715,0,0,0,0,0,0,0,0,0,0,0,0,0,0,0,0,0,0,50549274,150445890,0,468,1202,7661,620,101099513,35,0,0,0,0,0,0,0,1,0,0,0,0,0,0,0,0,0,0,60694836,0,146958084,2440677,0,0,0,0,0,0,0,0,16384,0,0,0,0,0,0,0,0,0,0,0,8184,452,0,0,0,0,0,153667886,0,177,0,3,452,8184,0,0,0,0,0,0,0,0,0,0,0,0,0,0,0,0,0,0,0,0,0,0,0,0,0,0,0,0,0,0,0,0,0,0,0,0,0,0,0,0,0,0,0,0,0,0,0,0,0,0,0,0,0,0,770648434,0,0,0,1041599942,0,0,0,0,0,0,0,198945331,516451391,927879952,424187187712,159067047,0,0,0,0,0,0,0,0,0,0,0,0,0,0,0,0,0,0,0,0,0,0,0,0,0,0,0,0,0,0,0,574,0,0,0,0,0,0,0
1782980588.087,0,0,0,0,0,0,0,1875478894,8461169920512,2983190124032,0,0,0,0,0,0,0,0,0,0,0,0,0,0,0,0,0,0,0,0,0,0,0,0,0,0,0,0,0,0,0,0,0,0,0,0,0,0,0,0,0,0,0,0,0,0,0,0,0,0,0,0,0,0,0,0,0,0,7,1964693,518843900,151351946,0,0,0,0,0,0,0,0,0,0,0,0,0,0,0,0,0,0,0,0,0,0,0,0,0,0,0,0,0,0,0,0,0,0,0,0,0,12878790656,5166710784,786059,315351,146990168,257,0,116,786432,516785187,811153,6,9242239655,12884901888,10390753,1442478524,0,0,0,0,0,0,0,0,0,0,0,0,0,0,0,0,0,0,50558686,150455302,0,468,1202,7661,620,101118350,35,0,0,0,0,0,0,0,1,0,0,0,0,0,0,0,0,0,0,60705527,0,146984943,2441040,0,0,0,0,0,0,0,0,16384,0,0,0,0,0,0,0,0,0,0,0,8186,452,0,0,0,0,0,153696472,0,177,0,3,452,8186,0,0,0,0,0,0,0,0,0,0,0,0,0,0,0,0,0,0,0,0,0,0,0,0,0,0,0,0,0,0,0,0,0,0,0,0,0,0,0,0,0,0,0,0,0,0,0,0,0,0,0,0,0,0,770784465,0,0,0,1041758843,0,0,0,0,0,0,0,198965839,516561483,928049853,424258284032,159079331,1,0,0,0,0,0,0,0,0,0,0,0,0,0,0,0,0,0,0,0,0,0,0,0,0,0,0,0,0,0,0,1253,0,0,0,0,0,0,0
1782980589.175,0,0,0,0,0,0,0,1875808452,8463060142592,2983791056896,0,0,0,0,0,0,0,0,0,0,0,0,0,0,0,0,0,0,0,0,0,0,0,0,0,0,0,0,0,0,0,0,0,0,0,0,0,0,0,0,0,0,0,0,0,0,0,0,0,0,0,0,0,0,0,0,0,0,7,1964729,518960045,151383461,0,0,0,0,0,0,0,0,0,0,0,0,0,0,0,0,0,0,0,0,0,0,0,0,0,0,0,0,0,0,0,0,0,0,0,0,0,12881330176,5174722560,786214,315841,147018965,123,0,96,786432,516900901,811153,6,9243889634,12884901888,10395930,1442687351,0,0,0,0,0,0,0,0,0,0,0,0,0,0,0,0,0,0,50568495,150465111,0,468,1202,7661,620,101137959,35,0,0,0,0,0,0,0,1,0,0,0,0,0,0,0,0,0,0,60716680,0,147013890,2441425,0,0,0,0,0,0,0,0,16384,0,0,0,0,0,0,0,0,0,0,0,8187,452,0,0,0,0,0,153726304,0,177,0,3,452,8187,0,0,0,0,0,0,0,0,0,0,0,0,0,0,0,0,0,0,0,0,0,0,0,0,0,0,0,0,0,0,0,0,0,0,0,0,0,0,0,0,0,0,0,0,0,0,0,0,0,0,0,0,0,0,770925843,0,0,0,1041925223,0,0,0,0,0,0,0,198984454,516676791,928225301,424332058112,159090207,0,0,0,0,0,0,0,0,0,0,0,0,0,0,0,0,0,0,0,0,0,0,0,0,0,0,0,0,0,0,0,645,0,0,0,0,0,0,0
1782980590.262,0,0,0,0,0,0,0,1876138450,8464943221248,2984389121536,0,0,0,0,0,0,0,0,0,0,0,0,0,0,0,0,0,0,0,0,0,0,0,0,0,0,0,0,0,0,0,0,0,0,0,0,0,0,0,0,0,0,0,0,0,0,0,0,0,0,0,0,0,0,0,0,0,0,7,1964763,519075841,151414796,0,0,0,0,0,0,0,0,0,0,0,0,0,0,0,0,0,0,0,0,0,0,0,0,0,0,0,0,0,0,0,0,0,0,0,0,0,12878381056,5188648960,786033,316690,147048132,301,0,101,786432,517016297,811153,6,9245538496,12884901888,10400875,1442893975,0,0,0,0,0,0,0,0,0,0,0,0,0,0,0,0,0,0,50578283,150474899,0,468,1202,7661,620,101157531,35,0,0,0,0,0,0,0,1,0,0,0,0,0,0,0,0,0,0,60727805,0,147042857,2441807,0,0,0,0,0,0,0,0,16384,0,0,0,0,0,0,0,0,0,0,0,8188,452,0,0,0,0,0,153756039,0,177,0,3,452,8188,0,0,0,0,0,0,0,0,0,0,0,0,0,0,0,0,0,0,0,0,0,0,0,0,0,0,0,0,0,0,0,0,0,0,0,0,0,0,0,0,0,0,0,0,0,0,0,0,0,0,0,0,0,0,771067388,0,0,0,1042090648,0,0,0,0,0,0,0,199003290,516791641,928400504,424405822464,159101469,1,1,0,0,0,0,0,0,0,0,0,0,0,0,0,0,0,0,0,0,0,0,0,0,0,0,0,0,0,0,0,1242,0,0,0,0,0,0,0
1782980591.348,0,0,0,0,0,0,0,1876462688,8466792712704,2984979888640,0,0,0,0,0,0,0,0,0,0,0,0,0,0,0,0,0,0,0,0,0,0,0,0,0,0,0,0,0,0,0,0,0,0,0,0,0,0,0,0,0,0,0,0,0,0,0,0,0,0,0,0,0,0,0,0,0,0,7,1964798,519189531,151445722,0,0,0,0,0,0,0,0,0,0,0,0,0,0,0,0,0,0,0,0,0,0,0,0,0,0,0,0,0,0,0,0,0,0,0,0,0,12883312640,5199249408,786335,317337,147075537,0,0,97,786432,517129598,811153,6,9247161058,12884901888,10409897,1443099609,0,0,0,0,0,0,0,0,0,0,0,0,0,0,0,0,0,0,50587920,150484536,0,468,1202,7661,620,101176798,35,0,0,0,0,0,0,0,1,0,0,0,0,0,0,0,0,0,0,60738764,0,147070364,2442163,0,0,0,0,0,0,0,0,16384,0,0,0,0,0,0,0,0,0,0,0,8189,452,0,0,0,0,0,153785336,0,177,0,3,452,8189,0,0,0,0,0,0,0,0,0,0,0,0,0,0,0,0,0,0,0,0,0,0,0,0,0,0,0,0,0,0,0,0,0,0,0,0,0,0,0,0,0,0,0,0,0,0,0,0,0,0,0,0,0,0,771207463,0,0,0,1042254492,0,0,0,0,0,0,0,199022635,516904515,928574884,424478868992,159112769,1,0,0,0,0,0,0,0,0,0,0,0,0,0,0,0,0,0,0,0,0,0,0,0,0,0,0,0,0,0,0,647,0,0,0,0,0,0,0
1782980592.435,0,0,0,0,0,0,0,1876796422,8468700137984,2985588489728,0,0,0,0,0,0,0,0,0,0,0,0,0,0,0,0,0,0,0,0,0,0,0,0,0,0,0,0,0,0,0,0,0,0,0,0,0,0,0,0,0,0,0,0,0,0,0,0,0,0,0,0,0,0,0,0,0,0,7,1964834,519306800,151477623,0,0,0,0,0,0,0,0,0,0,0,0,0,0,0,0,0,0,0,0,0,0,0,0,0,0,0,0,0,0,0,0,0,0,0,0,0,12878544896,5206671360,786045,317790,147105096,289,0,96,786432,517246431,811153,6,9248827148,12884901888,10415003,1443307363,0,0,0,0,0,0,0,0,0,0,0,0,0,0,0,0,0,0,50597838,150494451,0,468,1202,7661,620,101196647,35,0,0,0,0,0,0,0,1,0,0,0,0,0,0,0,0,0,0,60750032,0,147099821,2442552,0,0,0,0,0,0,0,0,16384,0,0,0,0,0,0,0,0,0,0,0,8190,452,0,0,0,0,0,153815452,0,177,0,3,452,8190,0,0,0,0,0,0,0,0,0,0,0,0,0,0,0,0,0,0,0,0,0,0,0,0,0,0,0,0,0,0,0,0,0,0,0,0,0,0,0,0,0,0,0,0,0,0,0,0,0,0,0,0,0,0,771350719,0,0,0,1042421545,0,0,0,0,0,0,0,199041609,517020900,928752508,424553618432,159124113,1,1,0,0,0,0,0,0,0,0,0,0,0,0,0,0,0,0,0,0,0,0,0,0,0,0,0,0,0,0,0,1644,0,0,0,0,0,0,0
1782980593.526,0,0,0,0,0,0,0,1877118012,8470537865728,2986175827968,0,0,0,0,0,0,0,0,0,0,0,0,0,0,0,0,0,0,0,0,0,0,0,0,0,0,0,0,0,0,0,0,0,0,0,0,0,0,0,0,0,0,0,0,0,0,0,0,0,0,0,0,0,0,0,0,0,0,7,1964872,519419829,151508490,0,0,0,0,0,0,0,0,0,0,0,0,0,0,0,0,0,0,0,0,0,0,0,0,0,0,0,0,0,0,0,0,0,0,0,0,0,12880232448,5210980352,786148,318053,147132383,187,0,100,786432,517359056,811153,6,9250436764,12884901888,10423461,1443510694,0,0,0,0,0,0,0,0,0,0,0,0,0,0,0,0,0,0,50607411,150504024,0,468,1202,7661,620,101215786,35,0,0,0,0,0,0,0,1,0,0,0,0,0,0,0,0,0,0,60760904,0,147127108,2442915,0,0,0,0,0,0,0,0,16384,0,0,0,0,0,0,0,0,0,0,0,8191,452,0,0,0,0,0,153844572,0,177,0,3,452,8191,0,0,0,0,0,0,0,0,0,0,0,0,0,0,0,0,0,0,0,0,0,0,0,0,0,0,0,0,0,0,0,0,0,0,0,0,0,0,0,0,0,0,0,0,0,0,0,0,0,0,0,0,0,0,771488681,0,0,0,1042584375,0,0,0,0,0,0,0,199061606,517133091,928924900,424625493504,159135767,1,0,0,0,0,0,0,0,0,0,0,0,0,0,0,0,0,0,0,0,0,0,0,0,0,0,0,0,0,0,0,836,0,0,0,0,0,0,0
1782980594.613,0,0,0,0,0,0,0,1877443534,8472403839488,2986787732992,0,0,0,0,0,0,0,0,0,0,0,0,0,0,0,0,0,0,0,0,0,0,0,0,0,0,0,0,0,0,0,0,0,0,0,0,0,0,0,0,0,0,0,0,0,0,0,0,0,0,0,0,0,0,0,0,0,0,7,1964908,519534498,151540619,0,0,0,0,0,0,0,0,0,0,0,0,0,0,0,0,0,0,0,0,0,0,0,0,0,0,0,0,0,0,0,0,0,0,0,0,0,12882870272,5201330176,786308,317464,147160742,27,0,97,786432,517473293,811153,6,9252062944,12884901888,10429430,1443713740,0,0,0,0,0,0,0,0,0,0,0,0,0,0,0,0,0,0,50617091,150513706,0,468,1202,7661,620,101235148,35,0,0,0,0,0,0,0,1,0,0,0,0,0,0,0,0,0,0,60771911,0,147156491,2443296,0,0,0,0,0,0,0,0,16384,0,0,0,0,0,0,0,0,0,0,0,8192,452,0,0,0,0,0,153873991,0,177,0,3,452,8192,0,0,0,0,0,0,0,0,0,0,0,0,0,0,0,0,0,0,0,0,0,0,0,0,0,0,0,0,0,0,0,0,0,0,0,0,0,0,0,0,0,0,0,0,0,0,0,0,0,0,0,0,0,0,771626904,0,0,0,1042747570,0,0,0,0,0,0,0,199079581,517246851,929097894,424697549824,159146359,1,0,0,0,0,0,0,0,0,0,0,0,0,0,0,0,0,0,0,0,0,0,0,0,0,0,0,0,0,0,0,1388,0,0,0,0,0,0,0
1782980595.695,0,0,0,0,0,0,0,1877752950,8474166004224,2987368735744,0,0,0,0,0,0,0,0,0,0,0,0,0,0,0,0,0,0,0,0,0,0,0,0,0,0,0,0,0,0,0,0,0,0,0,0,0,0,0,0,0,0,0,0,0,0,0,0,0,0,0,0,0,0,0,0,0,0,7,1964946,519642896,151571235,0,0,0,0,0,0,0,0,0,0,0,0,0,0,0,0,0,0,0,0,0,0,0,0,0,0,0,0,0,0,0,0,0,0,0,0,0,12883312640,5188435968,786335,316678,147186119,1,0,96,786432,517581300,811153,6,9253609580,12884901888,10440439,1443908978,0,0,0,0,0,0,0,0,0,0,0,0,0,0,0,0,0,0,50626283,150522898,0,468,1202,7661,620,101253524,35,0,0,0,0,0,0,0,1,0,0,0,0,0,0,0,0,0,0,60782343,0,147182892,2443637,0,0,0,0,0,0,0,0,16384,0,0,0,0,0,0,0,0,0,0,0,8193,452,0,0,0,0,0,153901904,0,177,0,3,452,8193,0,0,0,0,0,0,0,0,0,0,0,0,0,0,0,0,0,0,0,0,0,0,0,0,0,0,0,0,0,0,0,0,0,0,0,0,0,0,0,0,0,0,0,0,0,0,0,0,0,0,0,0,0,0,771760851,0,0,0,1042903476,0,0,0,0,0,0,0,199099451,517354374,929266554,424767462912,159157989,1,0,0,0,0,0,0,0,0,0,0,0,0,0,0,0,0,0,0,0,0,0,0,0,0,0,0,0,0,0,0,1292,0,0,0,0,0,0,0
1782980596.779,0,0,0,0,0,0,0,1878066835,8475961461248,2987972119040,0,0,0,0,0,0,0,0,0,0,0,0,0,0,0,0,0,0,0,0,0,0,0,0,0,0,0,0,0,0,0,0,0,0,0,0,0,0,0,0,0,0,0,0,0,0,0,0,0,0,0,0,0,0,0,0,0,0,7,1964986,519753347,151603095,0,0,0,0,0,0,0,0,0,0,0,0,0,0,0,0,0,0,0,0,0,0,0,0,0,0,0,0,0,0,0,0,0,0,0,0,0,12881461248,5167054848,786222,315372,147212164,93,0,115,786432,517691338,811153,6,9255178309,12884901888,10449776,1444105237,0,0,0,0,0,0,0,0,0,0,0,0,0,0,0,0,0,0,50635608,150532221,0,468,1202,7661,620,101272183,35,0,0,0,0,0,0,0,1,0,0,0,0,0,0,0,0,0,0,60792933,0,147210729,2443990,0,0,0,0,0,0,0,0,16384,0,0,0,0,0,0,0,0,0,0,0,8194,452,0,0,0,0,0,153930239,0,177,0,3,452,8194,0,0,0,0,0,0,0,0,0,0,0,0,0,0,0,0,0,0,0,0,0,0,0,0,0,0,0,0,0,0,0,0,0,0,0,0,0,0,0,0,0,0,0,0,0,0,0,0,0,0,0,0,0,0,771896581,0,0,0,1043061061,0,0,0,0,0,0,0,199119455,517463980,929438339,424838144000,159169228,1,0,0,0,0,0,0,0,0,0,0,0,0,0,0,0,0,0,0,0,0,0,0,0,0,0,0,0,0,0,0,1635,0,0,0,0,0,0,0
1782980597.859,0,0,0,0,0,0,0,1878396032,8477847341568,2988578469888,0,0,0,0,0,0,0,0,0,0,0,0,0,0,0,0,0,0,0,0,0,0,0,0,0,0,0,0,0,0,0,0,0,0,0,0,0,0,0,0,0,0,0,0,0,0,0,0,0,0,0,0,0,0,0,0,0,0,7,1965030,519869322,151635100,0,0,0,0,0,0,0,0,0,0,0,0,0,0,0,0,0,0,0,0,0,0,0,0,0,0,0,0,0,0,0,0,0,0,0,0,0,12876201984,5168005120,785900,315430,147244719,434,0,98,786432,517806851,811153,6,9256826614,12884901888,10457734,1444314094,0,0,0,0,0,0,0,0,0,0,0,0,0,0,0,0,0,0,50645404,150542019,0,468,1202,7661,620,101291764,35,0,0,0,0,0,0,0,1,0,0,0,0,0,0,0,0,0,0,60804073,0,147239498,2444371,0,0,0,0,0,0,0,0,16384,0,0,0,0,0,0,0,0,0,0,0,8195,452,0,0,0,0,0,153960027,0,177,0,3,452,8195,0,0,0,0,0,0,0,0,0,0,0,0,0,0,0,0,0,0,0,0,0,0,0,0,0,0,0,0,0,0,0,0,0,0,0,0,0,0,0,0,0,0,0,0,0,0,0,0,0,0,0,0,0,0,772037979,0,0,0,1043227380,0,0,0,0,0,0,0,199138971,517579115,929614968,424912031232,159180228,1,0,0,0,0,0,0,0,0,0,0,0,0,0,0,0,0,0,0,0,0,0,0,0,0,0,0,0,0,0,0,940,0,0,0,0,0,0,0
1782980598.949,0,0,0,0,0,0,0,1878724828,8479738939904,2989177986560,0,0,0,0,0,0,0,0,0,0,0,0,0,0,0,0,0,0,0,0,0,0,0,0,0,0,0,0,0,0,0,0,0,0,0,0,0,0,0,0,0,0,0,0,0,0,0,0,0,0,0,0,0,0,0,0,0,0,7,1965066,519985620,151666574,0,0,0,0,0,0,0,0,0,0,0,0,0,0,0,0,0,0,0,0,0,0,0,0,0,0,0,0,0,0,0,0,0,0,0,0,0,12877611008,5176672256,785989,315960,147273755,347,0,100,786432,517922723,811153,6,9258473328,12884901888,10463955,1444522602,0,0,0,0,0,0,0,0,0,0,0,0,0,0,0,0,0,0,50655180,150551795,0,468,1202,7661,620,101311317,35,0,0,0,0,0,0,0,1,0,0,0,0,0,0,0,0,0,0,60815198,0,147268480,2444757,0,0,0,0,0,0,0,0,16384,0,0,0,0,0,0,0,0,0,0,0,8196,452,0,0,0,0,0,153989720,0,177,0,3,452,8196,0,0,0,0,0,0,0,0,0,0,0,0,0,0,0,0,0,0,0,0,0,0,0,0,0,0,0,0,0,0,0,0,0,0,0,0,0,0,0,0,0,0,0,0,0,0,0,0,0,0,0,0,0,0,772178524,0,0,0,1043393501,0,0,0,0,0,0,0,199157761,517694551,929789504,424985273344,159191354,1,1,0,0,0,0,0,0,0,0,0,0,0,0,0,0,0,0,0,0,0,0,0,0,0,0,0,0,0,0,0,322,0,0,0,0,0,0,0
1782980600.035,0,0,0,0,0,0,0,1879046197,8481577585152,2989769313792,0,0,0,0,0,0,0,0,0,0,0,0,0,0,0,0,0,0,0,0,0,0,0,0,0,0,0,0,0,0,0,0,0,0,0,0,0,0,0,0,0,0,0,0,0,0,0,0,0,0,0,0,0,0,0,0,0,0,7,1965112,520098762,151697494,0,0,0,0,0,0,0,0,0,0,0,0,0,0,0,0,0,0,0,0,0,0,0,0,0,0,0,0,0,0,0,0,0,0,0,0,0,12883181568,5182275584,786326,316301,147301468,4,0,102,786432,518035413,811153,6,9260080578,12884901888,10472315,1444724659,0,0,0,0,0,0,0,0,0,0,0,0,0,0,0,0,0,0,50664720,150561337,0,468,1202,7661,620,101330417,35,0,0,0,0,0,0,0,1,0,0,0,0,0,0,0,0,0,0,60826032,0,147296193,2445120,0,0,0,0,0,0,0,0,16384,0,0,0,0,0,0,0,0,0,0,0,8197,452,0,0,0,0,0,154018697,0,177,0,3,452,8197,0,0,0,0,0,0,0,0,0,0,0,0,0,0,0,0,0,0,0,0,0,0,0,0,0,0,0,0,0,0,0,0,0,0,0,0,0,0,0,0,0,0,0,0,0,0,0,0,0,0,0,0,0,0,772317207,0,0,0,1043554937,0,0,0,0,0,0,0,199176994,517806820,929962243,425057740288,159202635,1,1,0,0,0,0,0,0,0,0,0,0,0,0,0,0,0,0,0,0,0,0,0,0,0,0,0,0,0,0,0,606,0,0,0,0,0,0,0
1782980601.125,0,0,0,0,0,0,0,1879371440,8483431451136,2990358952960,0,0,0,0,0,0,0,0,0,0,0,0,0,0,0,0,0,0,0,0,0,0,0,0,0,0,0,0,0,0,0,0,0,0,0,0,0,0,0,0,0,0,0,0,0,0,0,0,0,0,0,0,0,0,0,0,0,0,7,1965145,520212795,151728463,0,0,0,0,0,0,0,0,0,0,0,0,0,0,0,0,0,0,0,0,0,0,0,0,0,0,0,0,0,0,0,0,0,0,0,0,0,12877807616,5190516736,785999,316805,147329577,336,0,97,786432,518149046,811153,6,9261704920,12884901888,10478031,1444927544,0,0,0,0,0,0,0,0,0,0,0,0,0,0,0,0,0,0,50674383,150571000,0,468,1202,7661,620,101349736,35,0,0,0,0,0,0,0,1,0,0,0,0,0,0,0,0,0,0,60837020,0,147324302,2445496,0,0,0,0,0,0,0,0,16384,0,0,0,0,0,0,0,0,0,0,0,8199,452,0,0,0,0,0,154048066,0,177,0,3,452,8199,0,0,0,0,0,0,0,0,0,0,0,0,0,0,0,0,0,0,0,0,0,0,0,0,0,0,0,0,0,0,0,0,0,0,0,0,0,0,0,0,0,0,0,0,0,0,0,0,0,0,0,0,0,0,772456542,0,0,0,1043717852,0,0,0,0,0,0,0,199196446,517919965,930135465,425130457088,159214156,1,0,0,0,0,0,0,0,0,0,0,0,0,0,0,0,0,0,0,0,0,0,0,0,0,0,0,0,0,0,0,1329,0,0,0,0,0,0,0
1782980602.211,0,0,0,0,0,0,0,1879694851,8485277305344,2990945581568,0,0,0,0,0,0,0,0,0,0,0,0,0,0,0,0,0,0,0,0,0,0,0,0,0,0,0,0,0,0,0,0,0,0,0,0,0,0,0,0,0,0,0,0,0,0,0,0,0,0,0,0,0,0,0,0,0,0,7,1965187,520326382,151759192,0,0,0,0,0,0,0,0,0,0,0,0,0,0,0,0,0,0,0,0,0,0,0,0,0,0,0,0,0,0,0,0,0,0,0,0,0,12879478784,5198659584,786100,317301,147357512,235,0,97,786432,518262232,811153,6,9263325057,12884901888,10484282,1445132718,0,0,0,0,0,0,0,0,0,0,0,0,0,0,0,0,0,0,50684024,150580638,0,468,1202,7661,620,101369009,35,0,0,0,0,0,0,0,1,0,0,0,0,0,0,0,0,0,0,60847965,0,147352237,2445868,0,0,0,0,0,0,0,0,16384,0,0,0,0,0,0,0,0,0,0,0,8200,452,0,0,0,0,0,154077372,0,177,0,3,452,8200,0,0,0,0,0,0,0,0,0,0,0,0,0,0,0,0,0,0,0,0,0,0,0,0,0,0,0,0,0,0,0,0,0,0,0,0,0,0,0,0,0,0,0,0,0,0,0,0,0,0,0,0,0,0,772595614,0,0,0,1043881527,0,0,0,0,0,0,0,199216253,518032620,930308117,425202999296,159225829,1,0,0,0,0,0,0,0,0,0,0,0,0,0,0,0,0,0,0,0,0,0,0,0,0,0,0,0,0,0,0,609,0,0,0,0,0,0,0
1782980603.298,0,0,0,0,0,0,0,1880023182,8487151782400,2991545687552,0,0,0,0,0,0,0,0,0,0,0,0,0,0,0,0,0,0,0,0,0,0,0,0,0,0,0,0,0,0,0,0,0,0,0,0,0,0,0,0,0,0,0,0,0,0,0,0,0,0,0,0,0,0,0,0,0,0,7,1965220,520441626,151790636,0,0,0,0,0,0,0,0,0,0,0,0,0,0,0,0,0,0,0,0,0,0,0,0,0,0,0,0,0,0,0,0,0,0,0,0,0,12877791232,5204230144,785998,317642,147386108,337,0,97,786432,518377070,811153,6,9264966606,12884901888,10491349,1445339592,0,0,0,0,0,0,0,0,0,0,0,0,0,0,0,0,0,0,50693770,150590385,0,468,1202,7661,620,101388498,35,0,0,0,0,0,0,0,1,0,0,0,0,0,0,0,0,0,0,60859058,0,147380833,2446249,0,0,0,0,0,0,0,0,16384,0,0,0,0,0,0,0,0,0,0,0,8201,452,0,0,0,0,0,154106980,0,177,0,3,452,8201,0,0,0,0,0,0,0,0,0,0,0,0,0,0,0,0,0,0,0,0,0,0,0,0,0,0,0,0,0,0,0,0,0,0,0,0,0,0,0,0,0,0,0,0,0,0,0,0,0,0,0,0,0,0,772736498,0,0,0,1044047119,0,0,0,0,0,0,0,199235668,518147018,930483250,425276342272,159237483,1,0,0,0,0,0,0,0,0,0,0,0,0,0,0,0,0,0,0,0,0,0,0,0,0,0,0,0,0,0,0,268,0,0,0,0,0,0,0
1782980604.387,0,0,0,0,0,0,0,1880344667,8489000126976,2992135293440,0,0,0,0,0,0,0,0,0,0,0,0,0,0,0,0,0,0,0,0,0,0,0,0,0,0,0,0,0,0,0,0,0,0,0,0,0,0,0,0,0,0,0,0,0,0,0,0,0,0,0,0,0,0,0,0,0,0,7,1965258,520555262,151821639,0,0,0,0,0,0,0,0,0,0,0,0,0,0,0,0,0,0,0,0,0,0,0,0,0,0,0,0,0,0,0,0,0,0,0,0,0,12881625088,5208375296,786232,317894,147413899,98,0,100,786432,518490285,811153,6,9266571378,12884901888,10499060,1445538697,0,0,0,0,0,0,0,0,0,0,0,0,0,0,0,0,0,0,50703324,150599940,0,468,1202,7661,620,101407618,35,0,0,0,0,0,0,0,1,0,0,0,0,0,0,0,0,0,0,60869920,0,147408717,2446618,0,0,0,0,0,0,0,0,16384,0,0,0,0,0,0,0,0,0,0,0,8202,452,0,0,0,0,0,154136025,0,177,0,3,452,8202,0,0,0,0,0,0,0,0,0,0,0,0,0,0,0,0,0,0,0,0,0,0,0,0,0,0,0,0,0,0,0,0,0,0,0,0,0,0,0,0,0,0,0,0,0,0,0,0,0,0,0,0,0,0,772874081,0,0,0,1044207967,0,0,0,0,0,0,0,199255410,518259765,930655004,425348007936,159249061,1,1,0,0,0,0,0,0,0,0,0,0,0,0,0,0,0,0,0,0,0,0,0,0,0,0,0,0,0,0,0,1248,0,0,0,0,0,0,0
1782980605.469,0,0,0,0,0,0,0,1880648641,8490737437184,2992695292416,0,0,0,0,0,0,0,0,0,0,0,0,0,0,0,0,0,0,0,0,0,0,0,0,0,0,0,0,0,0,0,0,0,0,0,0,0,0,0,0,0,0,0,0,0,0,0,0,0,0,0,0,0,0,0,0,0,0,7,1965294,520662145,151850963,0,0,0,0,0,0,0,0,0,0,0,0,0,0,0,0,0,0,0,0,0,0,0,0,0,0,0,0,0,0,0,0,0,0,0,0,0,12879085568,5213650944,786076,318216,147439546,259,0,98,786432,518596792,811153,6,9268089885,12884901888,10508172,1445729975,0,0,0,0,0,0,0,0,0,0,0,0,0,0,0,0,0,0,50712376,150608988,0,468,1202,7661,620,101425717,35,0,0,0,0,0,0,0,1,0,0,0,0,0,0,0,0,0,0,60880201,0,147434271,2446963,0,0,0,0,0,0,0,0,16384,0,0,0,0,0,0,0,0,0,0,0,8203,452,0,0,0,0,0,154163560,0,177,0,3,452,8203,0,0,0,0,0,0,0,0,0,0,0,0,0,0,0,0,0,0,0,0,0,0,0,0,0,0,0,0,0,0,0,0,0,0,0,0,0,0,0,0,0,0,0,0,0,0,0,0,0,0,0,0,0,0,773006640,0,0,0,1044360958,0,0,0,0,0,0,0,199274684,518365885,930820590,425417168896,159260362,1,0,0,0,0,0,0,0,0,0,0,0,0,0,0,0,0,0,0,0,0,0,0,0,0,0,0,0,0,0,0,1124,0,0,0,0,0,0,0
1782980606.555,0,0,0,0,0,0,0,1880972630,8492586600960,2993285252608,0,0,0,0,0,0,0,0,0,0,0,0,0,0,0,0,0,0,0,0,0,0,0,0,0,0,0,0,0,0,0,0,0,0,0,0,0,0,0,0,0,0,0,0,0,0,0,0,0,0,0,0,0,0,0,0,0,0,7,1965350,520775872,151881766,0,0,0,0,0,0,0,0,0,0,0,0,0,0,0,0,0,0,0,0,0,0,0,0,0,0,0,0,0,0,0,0,0,0,0,0,0,12880822272,5226889216,786184,319024,147467833,136,0,112,786432,518710102,811153,6,9269710706,12884901888,10513985,1445934474,0,0,0,0,0,0,0,0,0,0,0,0,0,0,0,0,0,0,50721987,150618602,0,468,1202,7661,620,101444943,35,0,0,0,0,0,0,0,1,0,0,0,0,0,0,0,0,0,0,60891124,0,147462558,2447350,0,0,0,0,0,0,0,0,16384,0,0,0,0,0,0,0,0,0,0,0,8204,452,0,0,0,0,0,154192808,0,177,0,3,452,8204,0,0,0,0,0,0,0,0,0,0,0,0,0,0,0,0,0,0,0,0,0,0,0,0,0,0,0,0,0,0,0,0,0,0,0,0,0,0,0,0,0,0,0,0,0,0,0,0,0,0,0,0,0,0,773148451,0,0,0,1044523913,0,0,0,0,0,0,0,199291864,518478732,930995655,425491248128,159270088,1,1,0,0,0,0,0,0,0,0,0,0,0,0,0,0,0,0,0,0,0,0,0,0,0,0,0,0,0,0,0,1241,0,0,0,0,0,0,0
1782980607.644,0,0,0,0,0,0,0,1881283941,8494363314688,2993888401920,0,0,0,0,0,0,0,0,0,0,0,0,0,0,0,0,0,0,0,0,0,0,0,0,0,0,0,0,0,0,0,0,0,0,0,0,0,0,0,0,0,0,0,0,0,0,0,0,0,0,0,0,0,0,0,0,0,0,7,1965381,520885092,151913665,0,0,0,0,0,0,0,0,0,0,0,0,0,0,0,0,0,0,0,0,0,0,0,0,0,0,0,0,0,0,0,0,0,0,0,0,0,12880986112,5198954496,786195,317319,147494625,145,0,97,786432,518818946,811153,6,9271265486,12884901888,10521689,1446129529,0,0,0,0,0,0,0,0,0,0,0,0,0,0,0,0,0,0,50731237,150627855,0,468,1202,7661,620,101463436,35,0,0,0,0,0,0,0,1,0,0,0,0,0,0,0,0,0,0,60901652,0,147491270,2447725,0,0,0,0,0,0,0,0,16384,0,0,0,0,0,0,0,0,0,0,0,8205,452,0,0,0,0,0,154220923,0,177,0,3,452,8205,0,0,0,0,0,0,0,0,0,0,0,0,0,0,0,0,0,0,0,0,0,0,0,0,0,0,0,0,0,0,0,0,0,0,0,0,0,0,0,0,0,0,0,0,0,0,0,0,0,0,0,0,0,0,773283801,0,0,0,1044680312,0,0,0,0,0,0,0,199309891,518587189,931166273,425561755648,159279956,1,0,0,0,0,0,0,0,0,0,0,0,0,0,0,0,0,0,0,0,0,0,0,0,0,0,0,0,0,0,0,1400,0,0,0,0,0,0,0
1782980608.727,0,0,0,0,0,0,0,1881600537,8496173517312,2994492671488,0,0,0,0,0,0,0,0,0,0,0,0,0,0,0,0,0,0,0,0,0,0,0,0,0,0,0,0,0,0,0,0,0,0,0,0,0,0,0,0,0,0,0,0,0,0,0,0,0,0,0,0,0,0,0,0,0,0,7,1965413,520996395,151945431,0,0,0,0,0,0,0,0,0,0,0,0,0,0,0,0,0,0,0,0,0,0,0,0,0,0,0,0,0,0,0,0,0,0,0,0,0,12881739776,5183094784,786239,316351,147522094,97,0,96,786432,518929838,811153,6,9272851547,12884901888,10529082,1446329696,0,0,0,0,0,0,0,0,0,0,0,0,0,0,0,0,0,0,50740645,150637262,0,468,1202,7661,620,101482247,35,0,0,0,0,0,0,0,1,0,0,0,0,0,0,0,0,0,0,60912346,0,147519891,2448096,0,0,0,0,0,0,0,0,16384,0,0,0,0,0,0,0,0,0,0,0,8206,452,0,0,0,0,0,154249494,0,177,0,3,452,8206,0,0,0,0,0,0,0,0,0,0,0,0,0,0,0,0,0,0,0,0,0,0,0,0,0,0,0,0,0,0,0,0,0,0,0,0,0,0,0,0,0,0,0,0,0,0,0,0,0,0,0,0,0,0,773422385,0,0,0,1044839998,0,0,0,0,0,0,0,199327558,518697631,931339679,425633987072,159289793,1,1,0,0,0,0,0,0,0,0,0,0,0,0,0,0,0,0,0,0,0,0,0,0,0,0,0,0,0,0,0,934,0,0,0,0,0,0,0
1782980609.810,0,0,0,0,0,0,0,1881907794,8497923279360,2995083027456,0,0,0,0,0,0,0,0,0,0,0,0,0,0,0,0,0,0,0,0,0,0,0,0,0,0,0,0,0,0,0,0,0,0,0,0,0,0,0,0,0,0,0,0,0,0,0,0,0,0,0,0,0,0,0,0,0,0,7,1965445,521104011,151976728,0,0,0,0,0,0,0,0,0,0,0,0,0,0,0,0,0,0,0,0,0,0,0,0,0,0,0,0,0,0,0,0,0,0,0,0,0,12878544896,5164613632,786044,315223,147552692,291,0,100,786432,519037081,811153,6,9274388006,12884901888,10538549,1446523960,0,0,0,0,0,0,0,0,0,0,0,0,0,0,0,0,0,0,50749776,150646394,0,468,1202,7661,620,101500508,35,0,0,0,0,0,0,0,1,0,0,0,0,0,0,0,0,0,0,60922707,0,147547417,2448452,0,0,0,0,0,0,0,0,16384,0,0,0,0,0,0,0,0,0,0,0,8207,452,0,0,0,0,0,154277256,0,177,0,3,452,8207,0,0,0,0,0,0,0,0,0,0,0,0,0,0,0,0,0,0,0,0,0,0,0,0,0,0,0,0,0,0,0,0,0,0,0,0,0,0,0,0,0,0,0,0,0,0,0,0,0,0,0,0,0,0,773556130,0,0,0,1044995128,0,0,0,0,0,0,0,199347197,518804408,931508594,425703817728,159300939,1,1,0,0,0,0,0,0,0,0,0,0,0,0,0,0,0,0,0,0,0,0,0,0,0,0,0,0,0,0,0,598,0,0,0,0,0,0,0
1782980610.894,0,0,0,0,0,0,0,1882231174,8499774605824,2995673465344,0,0,0,0,0,0,0,0,0,0,0,0,0,0,0,0,0,0,0,0,0,0,0,0,0,0,0,0,0,0,0,0,0,0,0,0,0,0,0,0,0,0,0,0,0,0,0,0,0,0,0,0,0,0,0,0,0,0,7,1965480,521217920,152007714,0,0,0,0,0,0,0,0,0,0,0,0,0,0,0,0,0,0,0,0,0,0,0,0,0,0,0,0,0,0,0,0,0,0,0,0,0,12882984960,5173313536,786314,315754,147580681,20,0,98,786432,519150578,811153,6,9276002671,12884901888,10546456,1446724797,0,0,0,0,0,0,0,0,0,0,0,0,0,0,0,0,0,0,50759376,150655992,0,468,1202,7661,620,101519714,35,0,0,0,0,0,0,0,1,0,0,0,0,0,0,0,0,0,0,60933614,0,147575493,2448828,0,0,0,0,0,0,0,0,16384,0,0,0,0,0,0,0,0,0,0,0,8208,452,0,0,0,0,0,154306434,0,177,0,3,452,8208,0,0,0,0,0,0,0,0,0,0,0,0,0,0,0,0,0,0,0,0,0,0,0,0,0,0,0,0,0,0,0,0,0,0,0,0,0,0,0,0,0,0,0,0,0,0,0,0,0,0,0,0,0,0,773694286,0,0,0,1045157002,0,0,0,0,0,0,0,199366708,518917488,931680694,425775870976,159312418,1,0,0,0,0,0,0,0,0,0,0,0,0,0,0,0,0,0,0,0,0,0,0,0,0,0,0,0,0,0,0,1405,0,0,0,0,0,0,0
1782980611.979,0,0,0,0,0,0,0,1882564310,8501689240064,2996282757120,0,0,0,0,0,0,0,0,0,0,0,0,0,0,0,0,0,0,0,0,0,0,0,0,0,0,0,0,0,0,0,0,0,0,0,0,0,0,0,0,0,0,0,0,0,0,0,0,0,0,0,0,0,0,0,0,0,0,7,1965522,521335633,152039655,0,0,0,0,0,0,0,0,0,0,0,0,0,0,0,0,0,0,0,0,0,0,0,0,0,0,0,0,0,0,0,0,0,0,0,0,0,12877905920,5182275584,786005,316301,147610321,330,0,98,786432,519267849,811153,6,9277670287,12884901888,10550859,1446934581,0,0,0,0,0,0,0,0,0,0,0,0,0,0,0,0,0,0,50769297,150665911,0,468,1202,7661,620,101539558,35,0,0,0,0,0,0,0,1,0,0,0,0,0,0,0,0,0,0,60944891,0,147605046,2449221,0,0,0,0,0,0,0,0,16384,0,0,0,0,0,0,0,0,0,0,0,8209,452,0,0,0,0,0,154336612,0,177,0,3,452,8209,0,0,0,0,0,0,0,0,0,0,0,0,0,0,0,0,0,0,0,0,0,0,0,0,0,0,0,0,0,0,0,0,0,0,0,0,0,0,0,0,0,0,0,0,0,0,0,0,0,0,0,0,0,0,773837770,0,0,0,1045325069,0,0,0,0,0,0,0,199385107,519034350,931858523,425850796032,159323061,1,1,0,0,0,0,0,0,0,0,0,0,0,0,0,0,0,0,0,0,0,0,0,0,0,0,0,0,0,0,0,1259,0,0,0,0,0,0,0
1782980613.070,0,0,0,0,0,0,0,1882890810,8503556803072,2996877391360,0,0,0,0,0,0,0,0,0,0,0,0,0,0,0,0,0,0,0,0,0,0,0,0,0,0,0,0,0,0,0,0,0,0,0,0,0,0,0,0,0,0,0,0,0,0,0,0,0,0,0,0,0,0,0,0,0,0,7,1965558,521450492,152070844,0,0,0,0,0,0,0,0,0,0,0,0,0,0,0,0,0,0,0,0,0,0,0,0,0,0,0,0,0,0,0,0,0,0,0,0,0,12878381056,5191368704,786034,316856,147638537,270,0,128,786432,519382300,811153,6,9279304078,12884901888,10558650,1447140450,0,0,0,0,0,0,0,0,0,0,0,0,0,0,0,0,0,0,50779003,150675619,0,468,1202,7661,620,101558976,35,0,0,0,0,0,0,0,1,0,0,0,0,0,0,0,0,0,0,60955930,0,147633262,2449600,0,0,0,0,0,0,0,0,16384,0,0,0,0,0,0,0,0,0,0,0,8210,452,0,0,0,0,0,154366141,0,177,0,3,452,8210,0,0,0,0,0,0,0,0,0,0,0,0,0,0,0,0,0,0,0,0,0,0,0,0,0,0,0,0,0,0,0,0,0,0,0,0,0,0,0,0,0,0,0,0,0,0,0,0,0,0,0,0,0,0,773977994,0,0,0,1045489846,0,0,0,0,0,0,0,199404601,519148243,932032952,425923877888,159334409,1,0,0,0,0,0,0,0,0,0,0,0,0,0,0,0,0,0,0,0,0,0,0,0,0,0,0,0,0,0,0,878,0,0,0,0,0,0,0
1782980614.156,0,0,0,0,0,0,0,1883216300,8505407752704,2997467869696,0,0,0,0,0,0,0,0,0,0,0,0,0,0,0,0,0,0,0,0,0,0,0,0,0,0,0,0,0,0,0,0,0,0,0,0,0,0,0,0,0,0,0,0,0,0,0,0,0,0,0,0,0,0,0,0,0,0,7,1965602,521564311,152101792,0,0,0,0,0,0,0,0,0,0,0,0,0,0,0,0,0,0,0,0,0,0,0,0,0,0,0,0,0,0,0,0,0,0,0,0,0,12877774848,5201248256,785996,317458,147666432,339,0,96,786432,519495718,811153,6,9280929017,12884901888,10564871,1447344168,0,0,0,0,0,0,0,0,0,0,0,0,0,0,0,0,0,0,50788670,150685285,0,468,1202,7661,620,101578307,35,0,0,0,0,0,0,0,1,0,0,0,0,0,0,0,0,0,0,60966901,0,147661157,2449976,0,0,0,0,0,0,0,0,16384,0,0,0,0,0,0,0,0,0,0,0,8212,452,0,0,0,0,0,154395511,0,177,0,3,452,8212,0,0,0,0,0,0,0,0,0,0,0,0,0,0,0,0,0,0,0,0,0,0,0,0,0,0,0,0,0,0,0,0,0,0,0,0,0,0,0,0,0,0,0,0,0,0,0,0,0,0,0,0,0,0,774116758,0,0,0,1045652901,0,0,0,0,0,0,0,199424166,519261212,932205600,425996410368,159346083,1,1,0,0,0,0,0,0,0,0,0,0,0,0,0,0,0,0,0,0,0,0,0,0,0,0,0,0,0,0,0,1499,0,0,0,0,0,0,0
1782980615.244,0,0,0,0,0,0,0,1883529781,8507202521600,2998044501504,0,0,0,0,0,0,0,0,0,0,0,0,0,0,0,0,0,0,0,0,0,0,0,0,0,0,0,0,0,0,0,0,0,0,0,0,0,0,0,0,0,0,0,0,0,0,0,0,0,0,0,0,0,0,0,0,0,0,7,1965640,521674619,152132024,0,0,0,0,0,0,0,0,0,0,0,0,0,0,0,0,0,0,0,0,0,0,0,0,0,0,0,0,0,0,0,0,0,0,0,0,0,12879429632,5202132992,786098,317513,147693120,239,0,96,786432,519605660,811153,6,9282499271,12884901888,10574880,1447543859,0,0,0,0,0,0,0,0,0,0,0,0,0,0,0,0,0,0,50797991,150694607,0,468,1202,7661,620,101596960,35,0,0,0,0,0,0,0,1,0,0,0,0,0,0,0,0,0,0,60977490,0,147687921,2450320,0,0,0,0,0,0,0,0,16384,0,0,0,0,0,0,0,0,0,0,0,8213,452,0,0,0,0,0,154423850,0,177,0,3,452,8213,0,0,0,0,0,0,0,0,0,0,0,0,0,0,0,0,0,0,0,0,0,0,0,0,0,0,0,0,0,0,0,0,0,0,0,0,0,0,0,0,0,0,0,0,0,0,0,0,0,0,0,0,0,0,774253831,0,0,0,1045811848,0,0,0,0,0,0,0,199442336,519370673,932376509,426067900416,159356344,1,1,0,0,0,0,0,0,0,0,0,0,0,0,0,0,0,0,0,0,0,0,0,0,0,0,0,0,0,0,0,381,0,0,0,0,0,0,0
1782980616.332,0,0,0,0,0,0,0,1883845361,8509012544000,2998625248256,0,0,0,0,0,0,0,0,0,0,0,0,0,0,0,0,0,0,0,0,0,0,0,0,0,0,0,0,0,0,0,0,0,0,0,0,0,0,0,0,0,0,0,0,0,0,0,0,0,0,0,0,0,0,0,0,0,0,7,1965686,521785959,152162415,0,0,0,0,0,0,0,0,0,0,0,0,0,0,0,0,0,0,0,0,0,0,0,0,0,0,0,0,0,0,0,0,0,0,0,0,0,12878331904,5204361216,786031,317649,147720798,305,0,96,786432,519716578,811153,6,9284075469,12884901888,10580370,1447740586,0,0,0,0,0,0,0,0,0,0,0,0,0,0,0,0,0,0,50807368,150703988,0,468,1202,7661,620,101615704,35,0,0,0,0,0,0,0,1,0,0,0,0,0,0,0,0,0,0,60988157,0,147715523,2450686,0,0,0,0,0,0,0,0,16384,0,0,0,0,0,0,0,0,0,0,0,8214,452,0,0,0,0,0,154452378,0,177,0,3,452,8214,0,0,0,0,0,0,0,0,0,0,0,0,0,0,0,0,0,0,0,0,0,0,0,0,0,0,0,0,0,0,0,0,0,0,0,0,0,0,0,0,0,0,0,0,0,0,0,0,0,0,0,0,0,0,774392495,0,0,0,1045969836,0,0,0,0,0,0,0,199459288,519481125,932548281,426140066816,159365952,1,1,0,0,0,0,0,0,0,0,0,0,0,0,0,0,0,0,0,0,0,0,0,0,0,0,0,0,0,0,0,1121,0,0,0,0,0,0,0
1782980617.420,0,0,0,0,0,0,0,1884159440,8510805346816,2999202355712,0,0,0,0,0,0,0,0,0,0,0,0,0,0,0,0,0,0,0,0,0,0,0,0,0,0,0,0,0,0,0,0,0,0,0,0,0,0,0,0,0,0,0,0,0,0,0,0,0,0,0,0,0,0,0,0,0,0,7,1965716,521896186,152192610,0,0,0,0,0,0,0,0,0,0,0,0,0,0,0,0,0,0,0,0,0,0,0,0,0,0,0,0,0,0,0,0,0,0,0,0,0,12877381632,5210669056,785973,318033,147748137,359,0,99,786432,519826393,811153,6,9285648884,12884901888,10587390,1447940050,0,0,0,0,0,0,0,0,0,0,0,0,0,0,0,0,0,0,50816699,150713316,0,468,1202,7661,620,101634362,35,0,0,0,0,0,0,0,1,0,0,0,0,0,0,0,0,0,0,60998770,0,147742862,2451046,0,0,0,0,0,0,0,0,16384,0,0,0,0,0,0,0,0,0,0,0,8215,452,0,0,0,0,0,154480755,0,177,0,3,452,8215,0,0,0,0,0,0,0,0,0,0,0,0,0,0,0,0,0,0,0,0,0,0,0,0,0,0,0,0,0,0,0,0,0,0,0,0,0,0,0,0,0,0,0,0,0,0,0,0,0,0,0,0,0,0,774530719,0,0,0,1046128790,0,0,0,0,0,0,0,199476559,519590516,932719692,426212077056,159375614,1,0,0,0,0,0,0,0,0,0,0,0,0,0,0,0,0,0,0,0,0,0,0,0,0,0,0,0,0,0,0,342,0,0,0,0,0,0,0
1782980618.501,0,0,0,0,0,0,0,1884478838,8512640141824,2999785973760,0,0,0,0,0,0,0,0,0,0,0,0,0,0,0,0,0,0,0,0,0,0,0,0,0,0,0,0,0,0,0,0,0,0,0,0,0,0,0,0,0,0,0,0,0,0,0,0,0,0,0,0,0,0,0,0,0,0,7,1965748,522008957,152223204,0,0,0,0,0,0,0,0,0,0,0,0,0,0,0,0,0,0,0,0,0,0,0,0,0,0,0,0,0,0,0,0,0,0,0,0,0,12878643200,5219696640,786050,318585,147775929,283,0,97,786432,519938734,811153,6,9287241858,12884901888,10593468,1448137964,0,0,0,0,0,0,0,0,0,0,0,0,0,0,0,0,0,0,50826227,150722845,0,468,1202,7661,620,101653426,35,0,0,0,0,0,0,0,1,0,0,0,0,0,0,0,0,0,0,61009585,0,147770654,2451417,0,0,0,0,0,0,0,0,16384,0,0,0,0,0,0,0,0,0,0,0,8216,452,0,0,0,0,0,154509749,0,177,0,3,452,8216,0,0,0,0,0,0,0,0,0,0,0,0,0,0,0,0,0,0,0,0,0,0,0,0,0,0,0,0,0,0,0,0,0,0,0,0,0,0,0,0,0,0,0,0,0,0,0,0,0,0,0,0,0,0,774670683,0,0,0,1046288281,0,0,0,0,0,0,0,199493365,519702496,932892967,426284866048,159385364,1,1,0,0,0,0,0,0,0,0,0,0,0,0,0,0,0,0,0,0,0,0,0,0,0,0,0,0,0,0,0,1432,0,0,0,0,0,0,0
1782980619.587,0,0,0,0,0,0,0,1884796616,8514449312256,3000371010048,0,0,0,0,0,0,0,0,0,0,0,0,0,0,0,0,0,0,0,0,0,0,0,0,0,0,0,0,0,0,0,0,0,0,0,0,0,0,0,0,0,0,0,0,0,0,0,0,0,0,0,0,0,0,0,0,0,0,7,1965789,522120153,152253823,0,0,0,0,0,0,0,0,0,0,0,0,0,0,0,0,0,0,0,0,0,0,0,0,0,0,0,0,0,0,0,0,0,0,0,0,0,12882903040,5222039552,786311,318728,147803824,24,0,100,786432,520049496,811153,6,9288832232,12884901888,10599231,1448339201,0,0,0,0,0,0,0,0,0,0,0,0,0,0,0,0,0,0,50835628,150732247,0,468,1202,7661,620,101672217,35,0,0,0,0,0,0,0,1,0,0,0,0,0,0,0,0,0,0,61020261,0,147799029,2451784,0,0,0,0,0,0,0,0,16384,0,0,0,0,0,0,0,0,0,0,0,8217,452,0,0,0,0,0,154538366,0,177,0,3,452,8217,0,0,0,0,0,0,0,0,0,0,0,0,0,0,0,0,0,0,0,0,0,0,0,0,0,0,0,0,0,0,0,0,0,0,0,0,0,0,0,0,0,0,0,0,0,0,0,0,0,0,0,0,0,0,774811815,0,0,0,1046448375,0,0,0,0,0,0,0,199509164,519812878,933067098,426358385664,159394172,1,0,0,0,0,0,0,0,0,0,0,0,0,0,0,0,0,0,0,0,0,0,0,0,0,0,0,0,0,0,0,1099,0,0,0,0,0,0,0
1782980620.668,0,0,0,0,0,0,0,1885085858,8516104735232,3000935120384,0,0,0,0,0,0,0,0,0,0,0,0,0,0,0,0,0,0,0,0,0,0,0,0,0,0,0,0,0,0,0,0,0,0,0,0,0,0,0,0,0,0,0,0,0,0,0,0,0,0,0,0,0,0,0,0,0,0,7,1965827,522221917,152283489,0,0,0,0,0,0,0,0,0,0,0,0,0,0,0,0,0,0,0,0,0,0,0,0,0,0,0,0,0,0,0,0,0,0,0,0,0,12877611008,5195055104,785987,317081,147826939,349,0,96,786432,520150943,811153,6,9290279110,12884901888,10614886,1448522597,0,0,0,0,0,0,0,0,0,0,0,0,0,0,0,0,0,0,50844211,150740829,0,468,1202,7661,620,101689395,35,0,0,0,0,0,0,0,1,0,0,0,0,0,0,0,0,0,0,61030016,0,147823456,2452095,0,0,0,0,0,0,0,0,16384,0,0,0,0,0,0,0,0,0,0,0,8218,452,0,0,0,0,0,154564463,0,177,0,3,452,8218,0,0,0,0,0,0,0,0,0,0,0,0,0,0,0,0,0,0,0,0,0,0,0,0,0,0,0,0,0,0,0,0,0,0,0,0,0,0,0,0,0,0,0,0,0,0,0,0,0,0,0,0,0,0,774941700,0,0,0,1046594548,0,0,0,0,0,0,0,199528044,519913873,933231878,426425829888,159404126,1,0,0,0,0,0,0,0,0,0,0,0,0,0,0,0,0,0,0,0,0,0,0,0,0,0,0,0,0,0,0,480,0,0,0,0,0,0,0
1782980621.746,0,0,0,0,0,0,0,1885395943,8517878581760,3001526045696,0,0,0,0,0,0,0,0,0,0,0,0,0,0,0,0,0,0,0,0,0,0,0,0,0,0,0,0,0,0,0,0,0,0,0,0,0,0,0,0,0,0,0,0,0,0,0,0,0,0,0,0,0,0,0,0,0,0,7,1965854,522331002,152314524,0,0,0,0,0,0,0,0,0,0,0,0,0,0,0,0,0,0,0,0,0,0,0,0,0,0,0,0,0,0,0,0,0,0,0,0,0,12879970304,5178916864,786131,316096,147853516,207,0,98,786432,520259615,811153,6,9291826554,12884901888,10622725,1448716054,0,0,0,0,0,0,0,0,0,0,0,0,0,0,0,0,0,0,50853438,150750059,0,468,1202,7661,620,101707828,35,0,0,0,0,0,0,0,1,0,0,0,0,0,0,0,0,0,0,61040502,0,147851313,2452452,0,0,0,0,0,0,0,0,16384,0,0,0,0,0,0,0,0,0,0,0,8219,452,0,0,0,0,0,154592506,0,177,0,3,452,8219,0,0,0,0,0,0,0,0,0,0,0,0,0,0,0,0,0,0,0,0,0,0,0,0,0,0,0,0,0,0,0,0,0,0,0,0,0,0,0,0,0,0,0,0,0,0,0,0,0,0,0,0,0,0,775078407,0,0,0,1046750188,0,0,0,0,0,0,0,199545383,520022073,933402874,426496870400,159413817,1,0,0,0,0,0,0,0,0,0,0,0,0,0,0,0,0,0,0,0,0,0,0,0,0,0,0,0,0,0,0,862,0,0,0,0,0,0,0
1782980622.823,0,0,0,0,0,0,0,1885711003,8519678904832,3002130406400,0,0,0,0,0,0,0,0,0,0,0,0,0,0,0,0,0,0,0,0,0,0,0,0,0,0,0,0,0,0,0,0,0,0,0,0,0,0,0,0,0,0,0,0,0,0,0,0,0,0,0,0,0,0,0,0,0,0,7,1965886,522441704,152346414,0,0,0,0,0,0,0,0,0,0,0,0,0,0,0,0,0,0,0,0,0,0,0,0,0,0,0,0,0,0,0,0,0,0,0,0,0,12881788928,5157961728,786242,314817,147885920,90,0,97,786432,520369908,811153,6,9293400488,12884901888,10628449,1448912836,0,0,0,0,0,0,0,0,0,0,0,0,0,0,0,0,0,0,50862783,150759402,0,468,1202,7661,620,101726533,35,0,0,0,0,0,0,0,1,0,0,0,0,0,0,0,0,0,0,61051114,0,147880645,2452822,0,0,0,0,0,0,0,0,16384,0,0,0,0,0,0,0,0,0,0,0,8220,452,0,0,0,0,0,154620887,0,177,0,3,452,8220,0,0,0,0,0,0,0,0,0,0,0,0,0,0,0,0,0,0,0,0,0,0,0,0,0,0,0,0,0,0,0,0,0,0,0,0,0,0,0,0,0,0,0,0,0,0,0,0,0,0,0,0,0,0,775217443,0,0,0,1046908219,0,0,0,0,0,0,0,199560993,520131933,933576158,426569143296,159422742,1,0,0,0,0,0,0,0,0,0,0,0,0,0,0,0,0,0,0,0,0,0,0,0,0,0,0,0,0,0,0,1379,0,0,0,0,0,0,0
1782980623.902,0,0,0,0,0,0,0,1886025290,8521489730048,3002709519360,0,0,0,0,0,0,0,0,0,0,0,0,0,0,0,0,0,0,0,0,0,0,0,0,0,0,0,0,0,0,0,0,0,0,0,0,0,0,0,0,0,0,0,0,0,0,0,0,0,0,0,0,0,0,0,0,0,0,7,1965923,522553025,152376733,0,0,0,0,0,0,0,0,0,0,0,0,0,0,0,0,0,0,0,0,0,0,0,0,0,0,0,0,0,0,0,0,0,0,0,0,0,12878331904,5163483136,786031,315154,147913272,302,0,96,786432,520480814,811153,6,9294974602,12884901888,10635237,1449112133,0,0,0,0,0,0,0,0,0,0,0,0,0,0,0,0,0,0,50872136,150768754,0,468,1202,7661,620,101745232,35,0,0,0,0,0,0,0,1,0,0,0,0,0,0,0,0,0,0,61061751,0,147907997,2453184,0,0,0,0,0,0,0,0,16384,0,0,0,0,0,0,0,0,0,0,0,8221,452,0,0,0,0,0,154649331,0,177,0,3,452,8221,0,0,0,0,0,0,0,0,0,0,0,0,0,0,0,0,0,0,0,0,0,0,0,0,0,0,0,0,0,0,0,0,0,0,0,0,0,0,0,0,0,0,0,0,0,0,0,0,0,0,0,0,0,0,775355815,0,0,0,1047067238,0,0,0,0,0,0,0,199577840,520242424,933747948,426641245184,159432011,1,1,0,0,0,0,0,0,0,0,0,0,0,0,0,0,0,0,0,0,0,0,0,0,0,0,0,0,0,0,0,581,0,0,0,0,0,0,0
1782980624.988,0,0,0,0,0,0,0,1886337513,8523275586048,3003280171008,0,0,0,0,0,0,0,0,0,0,0,0,0,0,0,0,0,0,0,0,0,0,0,0,0,0,0,0,0,0,0,0,0,0,0,0,0,0,0,0,0,0,0,0,0,0,0,0,0,0,0,0,0,0,0,0,0,0,7,1965961,522662874,152406595,0,0,0,0,0,0,0,0,0,0,0,0,0,0,0,0,0,0,0,0,0,0,0,0,0,0,0,0,0,0,0,0,0,0,0,0,0,12877758464,5169119232,785995,315498,147940445,341,0,98,786432,520590286,811153,6,9296534108,12884901888,10642309,1449306994,0,0,0,0,0,0,0,0,0,0,0,0,0,0,0,0,0,0,50881399,150778018,0,468,1202,7661,620,101763756,35,0,0,0,0,0,0,0,1,0,0,0,0,0,0,0,0,0,0,61072279,0,147935170,2453546,0,0,0,0,0,0,0,0,16384,0,0,0,0,0,0,0,0,0,0,0,8222,452,0,0,0,0,0,154677474,0,177,0,3,452,8222,0,0,0,0,0,0,0,0,0,0,0,0,0,0,0,0,0,0,0,0,0,0,0,0,0,0,0,0,0,0,0,0,0,0,0,0,0,0,0,0,0,0,0,0,0,0,0,0,0,0,0,0,0,0,775492865,0,0,0,1047223426,0,0,0,0,0,0,0,199595436,520351472,933917571,426712636416,159442149,1,1,0,0,0,0,0,0,0,0,0,0,0,0,0,0,0,0,0,0,0,0,0,0,0,0,0,0,0,0,0,1414,0,0,0,0,0,0,0
1782980626.075,0,0,0,0,0,0,0,1886665858,8525147490816,3003873821184,0,0,0,0,0,0,0,0,0,0,0,0,0,0,0,0,0,0,0,0,0,0,0,0,0,0,0,0,0,0,0,0,0,0,0,0,0,0,0,0,0,0,0,0,0,0,0,0,0,0,0,0,0,0,0,0,0,0,7,1965995,522778000,152437707,0,0,0,0,0,0,0,0,0,0,0,0,0,0,0,0,0,0,0,0,0,0,0,0,0,0,0,0,0,0,0,0,0,0,0,0,0,12878626816,5184143360,786049,316416,147969305,280,0,103,786432,520705028,811153,6,9298176419,12884901888,10646871,1449514231,0,0,0,0,0,0,0,0,0,0,0,0,0,0,0,0,0,0,50891169,150787786,0,468,1202,7661,620,101783299,35,0,0,0,0,0,0,0,1,0,0,0,0,0,0,0,0,0,0,61083386,0,147964030,2453943,0,0,0,0,0,0,0,0,16384,0,0,0,0,0,0,0,0,0,0,0,8223,452,0,0,0,0,0,154707181,0,177,0,3,452,8223,0,0,0,0,0,0,0,0,0,0,0,0,0,0,0,0,0,0,0,0,0,0,0,0,0,0,0,0,0,0,0,0,0,0,0,0,0,0,0,0,0,0,0,0,0,0,0,0,0,0,0,0,0,0,775634603,0,0,0,1047389185,0,0,0,0,0,0,0,199612804,520465679,934092668,426786491392,159451889,1,0,0,0,0,0,0,0,0,0,0,0,0,0,0,0,0,0,0,0,0,0,0,0,0,0,0,0,0,0,0,993,0,0,0,0,0,0,0
1782980627.165,0,0,0,0,0,0,0,1886991774,8527017380352,3004469762048,0,0,0,0,0,0,0,0,0,0,0,0,0,0,0,0,0,0,0,0,0,0,0,0,0,0,0,0,0,0,0,0,0,0,0,0,0,0,0,0,0,0,0,0,0,0,0,0,0,0,0,0,0,0,0,0,0,0,7,1966034,522892949,152468854,0,0,0,0,0,0,0,0,0,0,0,0,0,0,0,0,0,0,0,0,0,0,0,0,0,0,0,0,0,0,0,0,0,0,0,0,0,12875726848,5191254016,785872,316849,147998299,462,0,97,786432,520819548,811153,6,9299808240,12884901888,10651627,1449720947,0,0,0,0,0,0,0,0,0,0,0,0,0,0,0,0,0,0,50900856,150797474,0,468,1202,7661,620,101802686,35,0,0,0,0,0,0,0,1,0,0,0,0,0,0,0,0,0,0,61094418,0,147993024,2454332,0,0,0,0,0,0,0,0,16384,0,0,0,0,0,0,0,0,0,0,0,8225,452,0,0,0,0,0,154736644,0,177,0,3,452,8225,0,0,0,0,0,0,0,0,0,0,0,0,0,0,0,0,0,0,0,0,0,0,0,0,0,0,0,0,0,0,0,0,0,0,0,0,0,0,0,0,0,0,0,0,0,0,0,0,0,0,0,0,0,0,775777375,0,0,0,1047553897,0,0,0,0,0,0,0,199630345,520579807,934268721,426860856320,159462242,1,1,0,0,0,0,0,0,0,0,0,0,0,0,0,0,0,0,0,0,0,0,0,0,0,0,0,0,0,0,0,343,0,0,0,0,0,0,0
1782980628.256,0,0,0,0,0,0,0,1887305571,8528809495040,3005047048192,0,0,0,0,0,0,0,0,0,0,0,0,0,0,0,0,0,0,0,0,0,0,0,0,0,0,0,0,0,0,0,0,0,0,0,0,0,0,0,0,0,0,0,0,0,0,0,0,0,0,0,0,0,0,0,0,0,0,7,1966069,523003196,152499153,0,0,0,0,0,0,0,0,0,0,0,0,0,0,0,0,0,0,0,0,0,0,0,0,0,0,0,0,0,0,0,0,0,0,0,0,0,12876955648,5192957952,785947,316953,148025633,388,0,96,786432,520929410,811153,6,9301375707,12884901888,10658841,1449916348,0,0,0,0,0,0,0,0,0,0,0,0,0,0,0,0,0,0,50910191,150806809,0,468,1202,7661,620,101821348,35,0,0,0,0,0,0,0,1,0,0,0,0,0,0,0,0,0,0,61105007,0,148020358,2454689,0,0,0,0,0,0,0,0,16384,0,0,0,0,0,0,0,0,0,0,0,8226,452,0,0,0,0,0,154764998,0,177,0,3,452,8226,0,0,0,0,0,0,0,0,0,0,0,0,0,0,0,0,0,0,0,0,0,0,0,0,0,0,0,0,0,0,0,0,0,0,0,0,0,0,0,0,0,0,0,0,0,0,0,0,0,0,0,0,0,0,775914078,0,0,0,1047711486,0,0,0,0,0,0,0,199649091,520689142,934438778,426932013568,159473376,0,1,0,0,0,0,0,0,0,0,0,0,0,0,0,0,0,0,0,0,0,0,0,0,0,0,0,0,0,0,0,877,0,0,0,0,0,0,0
1782980629.343,0,0,0,0,0,0,0,1887620751,8530615732736,3005628844544,0,0,0,0,0,0,0,0,0,0,0,0,0,0,0,0,0,0,0,0,0,0,0,0,0,0,0,0,0,0,0,0,0,0,0,0,0,0,0,0,0,0,0,0,0,0,0,0,0,0,0,0,0,0,0,0,0,0,7,1966098,523114208,152529596,0,0,0,0,0,0,0,0,0,0,0,0,0,0,0,0,0,0,0,0,0,0,0,0,0,0,0,0,0,0,0,0,0,0,0,0,0,12880478208,5196644352,786162,317178,148052956,174,0,96,786432,521040013,811153,6,9302949009,12884901888,10665570,1450112926,0,0,0,0,0,0,0,0,0,0,0,0,0,0,0,0,0,0,50919545,150816165,0,468,1202,7661,620,101840058,35,0,0,0,0,0,0,0,1,0,0,0,0,0,0,0,0,0,0,61115637,0,148047681,2455052,0,0,0,0,0,0,0,0,16384,0,0,0,0,0,0,0,0,0,0,0,8227,452,0,0,0,0,0,154793486,0,177,0,3,452,8227,0,0,0,0,0,0,0,0,0,0,0,0,0,0,0,0,0,0,0,0,0,0,0,0,0,0,0,0,0,0,0,0,0,0,0,0,0,0,0,0,0,0,0,0,0,0,0,0,0,0,0,0,0,0,776051478,0,0,0,1047869476,0,0,0,0,0,0,0,199666944,520799356,934609700,427003369984,159483623,1,0,0,0,0,0,0,0,0,0,0,0,0,0,0,0,0,0,0,0,0,0,0,0,0,0,0,0,0,0,0,1395,0,0,0,0,0,0,0
1782980630.430,0,0,0,0,0,0,0,1887936230,8532419856896,3006204096512,0,0,0,0,0,0,0,0,0,0,0,0,0,0,0,0,0,0,0,0,0,0,0,0,0,0,0,0,0,0,0,0,0,0,0,0,0,0,0,0,0,0,0,0,0,0,0,0,0,0,0,0,0,0,0,0,0,0,7,1966139,523225181,152559763,0,0,0,0,0,0,0,0,0,0,0,0,0,0,0,0,0,0,0,0,0,0,0,0,0,0,0,0,0,0,0,0,0,0,0,0,0,12880216064,5207638016,786145,317849,148080107,182,0,108,786432,521150571,811153,6,9304527158,12884901888,10673134,1450312258,0,0,0,0,0,0,0,0,0,0,0,0,0,0,0,0,0,0,50928916,150825538,0,468,1202,7661,620,101858813,35,0,0,0,0,0,0,0,1,0,0,0,0,0,0,0,0,0,0,61126283,0,148074903,2455404,0,0,0,0,0,0,0,0,16384,0,0,0,0,0,0,0,0,0,0,0,8228,452,0,0,0,0,0,154821977,0,177,0,3,452,8228,0,0,0,0,0,0,0,0,0,0,0,0,0,0,0,0,0,0,0,0,0,0,0,0,0,0,0,0,0,0,0,0,0,0,0,0,0,0,0,0,0,0,0,0,0,0,0,0,0,0,0,0,0,0,776190421,0,0,0,1048028702,0,0,0,0,0,0,0,199684111,520909476,934781847,427075656704,159493509,1,0,0,0,0,0,0,0,0,0,0,0,0,0,0,0,0,0,0,0,0,0,0,0,0,0,0,0,0,0,0,807,0,0,0,0,0,0,0
1782980631.521,0,0,0,0,0,0,0,1888250752,8534218721792,3006780834304,0,0,0,0,0,0,0,0,0,0,0,0,0,0,0,0,0,0,0,0,0,0,0,0,0,0,0,0,0,0,0,0,0,0,0,0,0,0,0,0,0,0,0,0,0,0,0,0,0,0,0,0,0,0,0,0,0,0,7,1966168,523335808,152589977,0,0,0,0,0,0,0,0,0,0,0,0,0,0,0,0,0,0,0,0,0,0,0,0,0,0,0,0,0,0,0,0,0,0,0,0,0,12881035264,5212717056,786194,318159,148107350,128,0,108,786432,521260782,811153,6,9306096997,12884901888,10679758,1450508139,0,0,0,0,0,0,0,0,0,0,0,0,0,0,0,0,0,0,50938255,150834878,0,468,1202,7661,620,101877490,35,0,0,0,0,0,0,0,1,0,0,0,0,0,0,0,0,0,0,61136903,0,148102075,2455766,0,0,0,0,0,0,0,0,16384,0,0,0,0,0,0,0,0,0,0,0,8229,452,0,0,0,0,0,154850379,0,177,0,3,452,8229,0,0,0,0,0,0,0,0,0,0,0,0,0,0,0,0,0,0,0,0,0,0,0,0,0,0,0,0,0,0,0,0,0,0,0,0,0,0,0,0,0,0,0,0,0,0,0,0,0,0,0,0,0,0,776327573,0,0,0,1048186189,0,0,0,0,0,0,0,199702126,521019262,934952254,427147060224,159503834,1,0,0,0,0,0,0,0,0,0,0,0,0,0,0,0,0,0,0,0,0,0,0,0,0,0,0,0,0,0,0,1569,0,0,0,0,0,0,0
1782980632.607,0,0,0,0,0,0,0,1888562991,8536012868096,3007374598144,0,0,0,0,0,0,0,0,0,0,0,0,0,0,0,0,0,0,0,0,0,0,0,0,0,0,0,0,0,0,0,0,0,0,0,0,0,0,0,0,0,0,0,0,0,0,0,0,0,0,0,0,0,0,0,0,0,0,7,1966205,523446122,152621024,0,0,0,0,0,0,0,0,0,0,0,0,0,0,0,0,0,0,0,0,0,0,0,0,0,0,0,0,0,0,0,0,0,0,0,0,0,12883247104,5200248832,786332,317399,148134618,0,0,100,786432,521370699,811153,6,9307662017,12884901888,10686453,1450706732,0,0,0,0,0,0,0,0,0,0,0,0,0,0,0,0,0,0,50947552,150844174,0,468,1202,7661,620,101896082,35,0,0,0,0,0,0,0,1,0,0,0,0,0,0,0,0,0,0,61147467,0,148130239,2456130,0,0,0,0,0,0,0,0,16384,0,0,0,0,0,0,0,0,0,0,0,8230,452,0,0,0,0,0,154878628,0,177,0,3,452,8230,0,0,0,0,0,0,0,0,0,0,0,0,0,0,0,0,0,0,0,0,0,0,0,0,0,0,0,0,0,0,0,0,0,0,0,0,0,0,0,0,0,0,0,0,0,0,0,0,0,0,0,0,0,0,776465718,0,0,0,1048344574,0,0,0,0,0,0,0,199719337,521128714,935124252,427219073024,159513603,1,0,0,0,0,0,0,0,0,0,0,0,0,0,0,0,0,0,0,0,0,0,0,0,0,0,0,0,0,0,0,408,0,0,0,0,0,0,0
1782980633.693,0,0,0,0,0,0,0,1888876615,8537804376576,3007977517056,0,0,0,0,0,0,0,0,0,0,0,0,0,0,0,0,0,0,0,0,0,0,0,0,0,0,0,0,0,0,0,0,0,0,0,0,0,0,0,0,0,0,0,0,0,0,0,0,0,0,0,0,0,0,0,0,0,0,7,1966241,523556263,152652802,0,0,0,0,0,0,0,0,0,0,0,0,0,0,0,0,0,0,0,0,0,0,0,0,0,0,0,0,0,0,0,0,0,0,0,0,0,12881248256,5179129856,786209,316109,148161515,126,0,98,786432,521480461,811153,6,9309228132,12884901888,10694088,1450902411,0,0,0,0,0,0,0,0,0,0,0,0,0,0,0,0,0,0,50956876,150853495,0,468,1202,7661,620,101914728,35,0,0,0,0,0,0,0,1,0,0,0,0,0,0,0,0,0,0,61158057,0,148158672,2456492,0,0,0,0,0,0,0,0,16384,0,0,0,0,0,0,0,0,0,0,0,8231,452,0,0,0,0,0,154906980,0,177,0,3,452,8231,0,0,0,0,0,0,0,0,0,0,0,0,0,0,0,0,0,0,0,0,0,0,0,0,0,0,0,0,0,0,0,0,0,0,0,0,0,0,0,0,0,0,0,0,0,0,0,0,0,0,0,0,0,0,776602618,0,0,0,1048501853,0,0,0,0,0,0,0,199737674,521238078,935296342,427290347520,159524050,1,1,0,0,0,0,0,0,0,0,0,0,0,0,0,0,0,0,0,0,0,0,0,0,0,0,0,0,0,0,0,1090,0,0,0,0,0,0,0
1782980634.776,0,0,0,0,0,0,0,1889188842,8539586742784,3008577517056,0,0,0,0,0,0,0,0,0,0,0,0,0,0,0,0,0,0,0,0,0,0,0,0,0,0,0,0,0,0,0,0,0,0,0,0,0,0,0,0,0,0,0,0,0,0,0,0,0,0,0,0,0,0,0,0,0,0,7,1966267,523665860,152684490,0,0,0,0,0,0,0,0,0,0,0,0,0,0,0,0,0,0,0,0,0,0,0,0,0,0,0,0,0,0,0,0,0,0,0,0,0,12879757312,5158502400,786118,314850,148188656,216,0,96,786432,521589646,811153,6,9310787322,12884901888,10700714,1451096749,0,0,0,0,0,0,0,0,0,0,0,0,0,0,0,0,0,0,50966158,150862780,0,468,1202,7661,620,101933288,35,0,0,0,0,0,0,0,1,0,0,0,0,0,0,0,0,0,0,61168596,0,148187605,2456861,0,0,0,0,0,0,0,0,16384,0,0,0,0,0,0,0,0,0,0,0,8232,452,0,0,0,0,0,154935184,0,177,0,3,452,8232,0,0,0,0,0,0,0,0,0,0,0,0,0,0,0,0,0,0,0,0,0,0,0,0,0,0,0,0,0,0,0,0,0,0,0,0,0,0,0,0,0,0,0,0,0,0,0,0,0,0,0,0,0,0,776738637,0,0,0,1048658652,0,0,0,0,0,0,0,199755703,521346831,935466822,427361113600,159534649,1,0,0,0,0,0,0,0,0,0,0,0,0,0,0,0,0,0,0,0,0,0,0,0,0,0,0,0,0,0,0,1587,0,0,0,0,0,0,0
1782980635.859,0,0,0,0,0,0,0,1889508497,8541418605056,3009167115776,0,0,0,0,0,0,0,0,0,0,0,0,0,0,0,0,0,0,0,0,0,0,0,0,0,0,0,0,0,0,0,0,0,0,0,0,0,0,0,0,0,0,0,0,0,0,0,0,0,0,0,0,0,0,0,0,0,0,7,1966293,523778492,152715677,0,0,0,0,0,0,0,0,0,0,0,0,0,0,0,0,0,0,0,0,0,0,0,0,0,0,0,0,0,0,0,0,0,0,0,0,0,12876791808,5159911424,785935,314936,148221154,395,0,100,786432,521701843,811153,6,9312389541,12884901888,10707970,1451300941,0,0,0,0,0,0,0,0,0,0,0,0,0,0,0,0,0,0,50975653,150872274,0,468,1202,7661,620,101952273,35,0,0,0,0,0,0,0,1,0,0,0,0,0,0,0,0,0,0,61179378,0,148215928,2457236,0,0,0,0,0,0,0,0,16384,0,0,0,0,0,0,0,0,0,0,0,8233,452,0,0,0,0,0,154964047,0,177,0,3,452,8233,0,0,0,0,0,0,0,0,0,0,0,0,0,0,0,0,0,0,0,0,0,0,0,0,0,0,0,0,0,0,0,0,0,0,0,0,0,0,0,0,0,0,0,0,0,0,0,0,0,0,0,0,0,0,776877806,0,0,0,1048820601,0,0,0,0,0,0,0,199774836,521458624,935640040,427433508352,159545982,1,0,0,0,0,0,0,0,0,0,0,0,0,0,0,0,0,0,0,0,0,0,0,0,0,0,0,0,0,0,0,473,0,0,0,0,0,0,0
1782980636.948,0,0,0,0,0,0,0,1889837428,8543303141888,3009763262976,0,0,0,0,0,0,0,0,0,0,0,0,0,0,0,0,0,0,0,0,0,0,0,0,0,0,0,0,0,0,0,0,0,0,0,0,0,0,0,0,0,0,0,0,0,0,0,0,0,0,0,0,0,0,0,0,0,0,7,1966338,523894387,152746927,0,0,0,0,0,0,0,0,0,0,0,0,0,0,0,0,0,0,0,0,0,0,0,0,0,0,0,0,0,0,0,0,0,0,0,0,0,12879544320,5174919168,786103,315852,148250131,200,0,131,786432,521817290,811153,6,9314033997,12884901888,10713012,1451505905,0,0,0,0,0,0,0,0,0,0,0,0,0,0,0,0,0,0,50985416,150882037,0,468,1202,7661,620,101971813,35,0,0,0,0,0,0,0,1,0,0,0,0,0,0,0,0,0,0,61190473,0,148244856,2457619,0,0,0,0,0,0,0,0,16384,0,0,0,0,0,0,0,0,0,0,0,8234,452,0,0,0,0,0,154993780,0,177,0,3,452,8234,0,0,0,0,0,0,0,0,0,0,0,0,0,0,0,0,0,0,0,0,0,0,0,0,0,0,0,0,0,0,0,0,0,0,0,0,0,0,0,0,0,0,0,0,0,0,0,0,0,0,0,0,0,0,777018153,0,0,0,1048985079,0,0,0,0,0,0,0,199792803,521573572,935813958,427506864640,159556511,1,0,0,0,0,0,0,0,0,0,0,0,0,0,0,0,0,0,0,0,0,0,0,0,0,0,0,0,0,0,0,1421,0,0,0,0,0,0,0
1782980638.032,0,0,0,0,0,0,0,1890157550,8545133824512,3010351167488,0,0,0,0,0,0,0,0,0,0,0,0,0,0,0,0,0,0,0,0,0,0,0,0,0,0,0,0,0,0,0,0,0,0,0,0,0,0,0,0,0,0,0,0,0,0,0,0,0,0,0,0,0,0,0,0,0,0,7,1966371,524006921,152777696,0,0,0,0,0,0,0,0,0,0,0,0,0,0,0,0,0,0,0,0,0,0,0,0,0,0,0,0,0,0,0,0,0,0,0,0,0,12874121216,5182013440,785774,316285,148277813,561,0,96,786432,521929375,811153,6,9315637504,12884901888,10720197,1451709515,0,0,0,0,0,0,0,0,0,0,0,0,0,0,0,0,0,0,50994954,150891575,0,468,1202,7661,620,101990876,35,0,0,0,0,0,0,0,1,0,0,0,0,0,0,0,0,0,0,61201305,0,148272538,2457992,0,0,0,0,0,0,0,0,16384,0,0,0,0,0,0,0,0,0,0,0,8235,452,0,0,0,0,0,155022760,0,177,0,3,452,8235,0,0,0,0,0,0,0,0,0,0,0,0,0,0,0,0,0,0,0,0,0,0,0,0,0,0,0,0,0,0,0,0,0,0,0,0,0,0,0,0,0,0,0,0,0,0,0,0,0,0,0,0,0,0,777158548,0,0,0,1049147220,0,0,0,0,0,0,0,199811606,521685284,935988232,427579927040,159567200,1,1,0,0,0,0,0,0,0,0,0,0,0,0,0,0,0,0,0,0,0,0,0,0,0,0,0,0,0,0,0,497,0,0,0,0,0,0,0
1782980639.118,0,0,0,0,0,0,0,1890467065,8546902608384,3010921267200,0,0,0,0,0,0,0,0,0,0,0,0,0,0,0,0,0,0,0,0,0,0,0,0,0,0,0,0,0,0,0,0,0,0,0,0,0,0,0,0,0,0,0,0,0,0,0,0,0,0,0,0,0,0,0,0,0,0,7,1966401,524115666,152807603,0,0,0,0,0,0,0,0,0,0,0,0,0,0,0,0,0,0,0,0,0,0,0,0,0,0,0,0,0,0,0,0,0,0,0,0,0,12879118336,5184684032,786079,316448,148303894,255,0,96,786432,522037746,811153,6,9317182332,12884901888,10729929,1451901965,0,0,0,0,0,0,0,0,0,0,0,0,0,0,0,0,0,0,51004143,150900764,0,468,1202,7661,620,102009259,35,0,0,0,0,0,0,0,1,0,0,0,0,0,0,0,0,0,0,61211746,0,148298697,2458339,0,0,0,0,0,0,0,0,16384,0,0,0,0,0,0,0,0,0,0,0,8237,452,0,0,0,0,0,155050651,0,177,0,3,452,8237,0,0,0,0,0,0,0,0,0,0,0,0,0,0,0,0,0,0,0,0,0,0,0,0,0,0,0,0,0,0,0,0,0,0,0,0,0,0,0,0,0,0,0,0,0,0,0,0,0,0,0,0,0,0,777293215,0,0,0,1049302252,0,0,0,0,0,0,0,199831502,521793204,936156549,427649837568,159578747,1,1,0,0,0,0,0,0,0,0,0,0,0,0,0,0,0,0,0,0,0,0,0,0,0,0,0,0,0,0,0,1211,0,0,0,0,0,0,0
1782980640.205,0,0,0,0,0,0,0,1890789625,8548745742848,3011510608384,0,0,0,0,0,0,0,0,0,0,0,0,0,0,0,0,0,0,0,0,0,0,0,0,0,0,0,0,0,0,0,0,0,0,0,0,0,0,0,0,0,0,0,0,0,0,0,0,0,0,0,0,0,0,0,0,0,0,7,1966426,524228929,152838424,0,0,0,0,0,0,0,0,0,0,0,0,0,0,0,0,0,0,0,0,0,0,0,0,0,0,0,0,0,0,0,0,0,0,0,0,0,12878200832,5195268096,786023,317095,148331695,312,0,98,786432,522150571,811153,6,9318797542,12884901888,10736691,1452106381,0,0,0,0,0,0,0,0,0,0,0,0,0,0,0,0,0,0,51013740,150910363,0,468,1202,7661,620,102028453,35,0,0,0,0,0,0,0,1,0,0,0,0,0,0,0,0,0,0,61222668,0,148326420,2458716,0,0,0,0,0,0,0,0,16384,0,0,0,0,0,0,0,0,0,0,0,8238,452,0,0,0,0,0,155079870,0,177,0,3,452,8238,0,0,0,0,0,0,0,0,0,0,0,0,0,0,0,0,0,0,0,0,0,0,0,0,0,0,0,0,0,0,0,0,0,0,0,0,0,0,0,0,0,0,0,0,0,0,0,0,0,0,0,0,0,0,777433853,0,0,0,1049465540,0,0,0,0,0,0,0,199850600,521905620,936331057,427722884608,159589542,1,0,0,0,0,0,0,0,0,0,0,0,0,0,0,0,0,0,0,0,0,0,0,0,0,0,0,0,0,0,0,318,0,0,0,0,0,0,0
1782980641.293,0,0,0,0,0,0,0,1891102279,8550535318016,3012083264000,0,0,0,0,0,0,0,0,0,0,0,0,0,0,0,0,0,0,0,0,0,0,0,0,0,0,0,0,0,0,0,0,0,0,0,0,0,0,0,0,0,0,0,0,0,0,0,0,0,0,0,0,0,0,0,0,0,0,7,1966461,524338990,152868480,0,0,0,0,0,0,0,0,0,0,0,0,0,0,0,0,0,0,0,0,0,0,0,0,0,0,0,0,0,0,0,0,0,0,0,0,0,12881100800,5200969728,786201,317442,148358095,133,0,97,786432,522260224,811153,6,9320356858,12884901888,10746408,1452299436,0,0,0,0,0,0,0,0,0,0,0,0,0,0,0,0,0,0,51023009,150919633,0,468,1202,7661,620,102046996,35,0,0,0,0,0,0,0,1,0,0,0,0,0,0,0,0,0,0,61233188,0,148352820,2459065,0,0,0,0,0,0,0,0,16384,0,0,0,0,0,0,0,0,0,0,0,8239,452,0,0,0,0,0,155108052,0,177,0,3,452,8239,0,0,0,0,0,0,0,0,0,0,0,0,0,0,0,0,0,0,0,0,0,0,0,0,0,0,0,0,0,0,0,0,0,0,0,0,0,0,0,0,0,0,0,0,0,0,0,0,0,0,0,0,0,0,777569478,0,0,0,1049621775,0,0,0,0,0,0,0,199869804,522014814,936500317,427793476096,159600800,1,0,0,0,0,0,0,0,0,0,0,0,0,0,0,0,0,0,0,0,0,0,0,0,0,0,0,0,0,0,0,1393,0,0,0,0,0,0,0
1782980642.383,0,0,0,0,0,0,0,1891411211,8552300481024,3012649727488,0,0,0,0,0,0,0,0,0,0,0,0,0,0,0,0,0,0,0,0,0,0,0,0,0,0,0,0,0,0,0,0,0,0,0,0,0,0,0,0,0,0,0,0,0,0,0,0,0,0,0,0,0,0,0,0,0,0,7,1966491,524447510,152898116,0,0,0,0,0,0,0,0,0,0,0,0,0,0,0,0,0,0,0,0,0,0,0,0,0,0,0,0,0,0,0,0,0,0,0,0,0,12875546624,5207834624,785861,317861,148384194,474,0,97,786432,522368355,811153,6,9321903763,12884901888,10755913,1452496087,0,0,0,0,0,0,0,0,0,0,0,0,0,0,0,0,0,0,51032203,150928827,0,468,1202,7661,620,102065376,35,0,0,0,0,0,0,0,1,0,0,0,0,0,0,0,0,0,0,61243624,0,148378919,2459417,0,0,0,0,0,0,0,0,16384,0,0,0,0,0,0,0,0,0,0,0,8240,452,0,0,0,0,0,155136032,0,177,0,3,452,8240,0,0,0,0,0,0,0,0,0,0,0,0,0,0,0,0,0,0,0,0,0,0,0,0,0,0,0,0,0,0,0,0,0,0,0,0,0,0,0,0,0,0,0,0,0,0,0,0,0,0,0,0,0,0,777704117,0,0,0,1049778508,0,0,0,0,0,0,0,199890096,522122511,936668160,427863677440,159612826,1,1,0,0,0,0,0,0,0,0,0,0,0,0,0,0,0,0,0,0,0,0,0,0,0,0,0,0,0,0,0,304,0,0,0,0,0,0,0
1782980643.465,0,0,0,0,0,0,0,1891734417,8554150578688,3013241896960,0,0,0,0,0,0,0,0,0,0,0,0,0,0,0,0,0,0,0,0,0,0,0,0,0,0,0,0,0,0,0,0,0,0,0,0,0,0,0,0,0,0,0,0,0,0,0,0,0,0,0,0,0,0,0,0,0,0,7,1966529,524561322,152929187,0,0,0,0,0,0,0,0,0,0,0,0,0,0,0,0,0,0,0,0,0,0,0,0,0,0,0,0,0,0,0,0,0,0,0,0,0,12879773696,5216436224,786119,318385,148412611,214,0,96,786432,522481727,811153,6,9323516862,12884901888,10761966,1452696982,0,0,0,0,0,0,0,0,0,0,0,0,0,0,0,0,0,0,51041810,150938430,0,468,1202,7661,620,102084588,35,0,0,0,0,0,0,0,1,0,0,0,0,0,0,0,0,0,0,61254551,0,148407336,2459793,0,0,0,0,0,0,0,0,16384,0,0,0,0,0,0,0,0,0,0,0,8241,452,0,0,0,0,0,155165195,0,177,0,3,452,8241,0,0,0,0,0,0,0,0,0,0,0,0,0,0,0,0,0,0,0,0,0,0,0,0,0,0,0,0,0,0,0,0,0,0,0,0,0,0,0,0,0,0,0,0,0,0,0,0,0,0,0,0,0,0,777844435,0,0,0,1049940203,0,0,0,0,0,0,0,199908181,522235469,936842207,427936616960,159623222,1,0,0,0,0,0,0,0,0,0,0,0,0,0,0,0,0,0,0,0,0,0,0,0,0,0,0,0,0,0,0,1221,0,0,0,0,0,0,0
1782980644.552,0,0,0,0,0,0,0,1892055764,8555992271360,3013828999680,0,0,0,0,0,0,0,0,0,0,0,0,0,0,0,0,0,0,0,0,0,0,0,0,0,0,0,0,0,0,0,0,0,0,0,0,0,0,0,0,0,0,0,0,0,0,0,0,0,0,0,0,0,0,0,0,0,0,7,1966560,524674559,152959994,0,0,0,0,0,0,0,0,0,0,0,0,0,0,0,0,0,0,0,0,0,0,0,0,0,0,0,0,0,0,0,0,0,0,0,0,0,12877774848,5224693760,785999,318890,148440616,336,0,99,786432,522594527,811153,6,9325123094,12884901888,10768327,1452898539,0,0,0,0,0,0,0,0,0,0,0,0,0,0,0,0,0,0,51051350,150947974,0,468,1202,7661,620,102103672,35,0,0,0,0,0,0,0,1,0,0,0,0,0,0,0,0,0,0,61265395,0,148435341,2460176,0,0,0,0,0,0,0,0,16384,0,0,0,0,0,0,0,0,0,0,0,8242,452,0,0,0,0,0,155194221,0,177,0,3,452,8242,0,0,0,0,0,0,0,0,0,0,0,0,0,0,0,0,0,0,0,0,0,0,0,0,0,0,0,0,0,0,0,0,0,0,0,0,0,0,0,0,0,0,0,0,0,0,0,0,0,0,0,0,0,0,777982565,0,0,0,1050101568,0,0,0,0,0,0,0,199927459,522347822,937013980,428008497664,159634293,1,0,0,0,0,0,0,0,0,0,0,0,0,0,0,0,0,0,0,0,0,0,0,0,0,0,0,0,0,0,0,1506,0,0,0,0,0,0,0
1782980645.640,0,0,0,0,0,0,0,1892370436,8557785352704,3014429659136,0,0,0,0,0,0,0,0,0,0,0,0,0,0,0,0,0,0,0,0,0,0,0,0,0,0,0,0,0,0,0,0,0,0,0,0,0,0,0,0,0,0,0,0,0,0,0,0,0,0,0,0,0,0,0,0,0,0,7,1966597,524784855,152991510,0,0,0,0,0,0,0,0,0,0,0,0,0,0,0,0,0,0,0,0,0,0,0,0,0,0,0,0,0,0,0,0,0,0,0,0,0,12882018304,5207965696,786255,317869,148467150,78,0,97,786432,522704423,811153,6,9326697971,12884901888,10777292,1453098612,0,0,0,0,0,0,0,0,0,0,0,0,0,0,0,0,0,0,51060716,150957341,0,468,1202,7661,620,102122408,35,0,0,0,0,0,0,0,1,0,0,0,0,0,0,0,0,0,0,61276024,0,148463155,2460535,0,0,0,0,0,0,0,0,16384,0,0,0,0,0,0,0,0,0,0,0,8243,452,0,0,0,0,0,155222661,0,177,0,3,452,8243,0,0,0,0,0,0,0,0,0,0,0,0,0,0,0,0,0,0,0,0,0,0,0,0,0,0,0,0,0,0,0,0,0,0,0,0,0,0,0,0,0,0,0,0,0,0,0,0,0,0,0,0,0,0,778120181,0,0,0,1050260818,0,0,0,0,0,0,0,199946033,522457243,937186712,428080300032,159644755,1,0,0,0,0,0,0,0,0,0,0,0,0,0,0,0,0,0,0,0,0,0,0,0,0,0,0,0,0,0,0,637,0,0,0,0,0,0,0
1782980646.718,0,0,0,0,0,0,0,1892687270,8559600814592,3015034304000,0,0,0,0,0,0,0,0,0,0,0,0,0,0,0,0,0,0,0,0,0,0,0,0,0,0,0,0,0,0,0,0,0,0,0,0,0,0,0,0,0,0,0,0,0,0,0,0,0,0,0,0,0,0,0,0,0,0,7,1966648,524896434,153023328,0,0,0,0,0,0,0,0,0,0,0,0,0,0,0,0,0,0,0,0,0,0,0,0,0,0,0,0,0,0,0,0,0,0,0,0,0,12883099648,5188255744,786322,316666,148494207,0,0,110,786432,522815584,811153,6,9328282347,12884901888,10785275,1453296921,0,0,0,0,0,0,0,0,0,0,0,0,0,0,0,0,0,0,51070134,150966756,0,468,1202,7661,620,102141247,35,0,0,0,0,0,0,0,1,0,0,0,0,0,0,0,0,0,0,61286738,0,148491620,2460905,0,0,0,0,0,0,0,0,16384,0,0,0,0,0,0,0,0,0,0,0,8244,452,0,0,0,0,0,155251281,0,177,0,3,452,8244,0,0,0,0,0,0,0,0,0,0,0,0,0,0,0,0,0,0,0,0,0,0,0,0,0,0,0,0,0,0,0,0,0,0,0,0,0,0,0,0,0,0,0,0,0,0,0,0,0,0,0,0,0,0,778256140,0,0,0,1050419852,0,0,0,0,0,0,0,199964212,522567909,937357826,428151389184,159655060,1,0,0,0,0,0,0,0,0,0,0,0,0,0,0,0,0,0,0,0,0,0,0,0,0,0,0,0,0,0,0,1077,0,0,0,0,0,0,0
1782980647.795,0,0,0,0,0,0,0,1893005743,8561421208064,3015638749696,0,0,0,0,0,0,0,0,0,0,0,0,0,0,0,0,0,0,0,0,0,0,0,0,0,0,0,0,0,0,0,0,0,0,0,0,0,0,0,0,0,0,0,0,0,0,0,0,0,0,0,0,0,0,0,0,0,0,7,1966676,525008348,153055355,0,0,0,0,0,0,0,0,0,0,0,0,0,0,0,0,0,0,0,0,0,0,0,0,0,0,0,0,0,0,0,0,0,0,0,0,0,12883132416,5171281920,786325,315630,148521359,0,0,107,786432,522927070,811153,6,9329877310,12884901888,10792537,1453499020,0,0,0,0,0,0,0,0,0,0,0,0,0,0,0,0,0,0,51079599,150976223,0,468,1202,7661,620,102160181,35,0,0,0,0,0,0,0,1,0,0,0,0,0,0,0,0,0,0,61297505,0,148520180,2461272,0,0,0,0,0,0,0,0,16384,0,0,0,0,0,0,0,0,0,0,0,8245,452,0,0,0,0,0,155280061,0,177,0,3,452,8245,0,0,0,0,0,0,0,0,0,0,0,0,0,0,0,0,0,0,0,0,0,0,0,0,0,0,0,0,0,0,0,0,0,0,0,0,0,0,0,0,0,0,0,0,0,0,0,0,0,0,0,0,0,0,778394413,0,0,0,1050580969,0,0,0,0,0,0,0,199982811,522679033,937531359,428223392768,159665502,1,0,0,0,0,0,0,0,0,0,0,0,0,0,0,0,0,0,0,0,0,0,0,0,0,0,0,0,0,0,0,367,0,0,0,0,0,0,0
1782980648.879,0,0,0,0,0,0,0,1893318795,8563214371328,3016213382656,0,0,0,0,0,0,0,0,0,0,0,0,0,0,0,0,0,0,0,0,0,0,0,0,0,0,0,0,0,0,0,0,0,0,0,0,0,0,0,0,0,0,0,0,0,0,0,0,0,0,0,0,0,0,0,0,0,0,7,1966712,525118591,153085510,0,0,0,0,0,0,0,0,0,0,0,0,0,0,0,0,0,0,0,0,0,0,0,0,0,0,0,0,0,0,0,0,0,0,0,0,0,12878381056,5174951936,786033,315855,148552765,288,0,112,786432,523036865,811153,6,9331441909,12884901888,10801153,1453695402,0,0,0,0,0,0,0,0,0,0,0,0,0,0,0,0,0,0,51088902,150985524,0,468,1202,7661,620,102178793,35,0,0,0,0,0,0,0,1,0,0,0,0,0,0,0,0,0,0,61308064,0,148547498,2461628,0,0,0,0,0,0,0,0,16384,0,0,0,0,0,0,0,0,0,0,0,8246,452,0,0,0,0,0,155308334,0,177,0,3,452,8246,0,0,0,0,0,0,0,0,0,0,0,0,0,0,0,0,0,0,0,0,0,0,0,0,0,0,0,0,0,0,0,0,0,0,0,0,0,0,0,0,0,0,0,0,0,0,0,0,0,0,0,0,0,0,778530952,0,0,0,1050738302,0,0,0,0,0,0,0,200002010,522788470,937701269,428294459392,159676937,1,0,0,0,0,0,0,0,0,0,0,0,0,0,0,0,0,0,0,0,0,0,0,0,0,0,0,0,0,0,0,523,0,0,0,0,0,0,0
1782980649.966,0,0,0,0,0,0,0,1893615082,8564905937408,3016759249920,0,0,0,0,0,0,0,0,0,0,0,0,0,0,0,0,0,0,0,0,0,0,0,0,0,0,0,0,0,0,0,0,0,0,0,0,0,0,0,0,0,0,0,0,0,0,0,0,0,0,0,0,0,0,0,0,0,0,7,1966753,525222566,153114110,0,0,0,0,0,0,0,0,0,0,0,0,0,0,0,0,0,0,0,0,0,0,0,0,0,0,0,0,0,0,0,0,0,0,0,0,0,12877561856,5179539456,785986,316134,148577022,351,0,98,786432,523140472,811153,6,9332921808,12884901888,10815179,1453882036,0,0,0,0,0,0,0,0,0,0,0,0,0,0,0,0,0,0,51097705,150994327,0,468,1202,7661,620,102196384,35,0,0,0,0,0,0,0,1,0,0,0,0,0,0,0,0,0,0,61318068,0,148571747,2461953,0,0,0,0,0,0,0,0,16384,0,0,0,0,0,0,0,0,0,0,0,8247,452,0,0,0,0,0,155335093,0,177,0,3,452,8247,0,0,0,0,0,0,0,0,0,0,0,0,0,0,0,0,0,0,0,0,0,0,0,0,0,0,0,0,0,0,0,0,0,0,0,0,0,0,0,0,0,0,0,0,0,0,0,0,0,0,0,0,0,0,778661000,0,0,0,1050887421,0,0,0,0,0,0,0,200022694,522891716,937864279,428362292736,159688965,1,1,0,0,0,0,0,0,0,0,0,0,0,0,0,0,0,0,0,0,0,0,0,0,0,0,0,0,0,0,0,372,0,0,0,0,0,0,0
1782980651.052,0,0,0,0,0,0,0,1893936150,8566731442688,3017343677952,0,0,0,0,0,0,0,0,0,0,0,0,0,0,0,0,0,0,0,0,0,0,0,0,0,0,0,0,0,0,0,0,0,0,0,0,0,0,0,0,0,0,0,0,0,0,0,0,0,0,0,0,0,0,0,0,0,0,7,1966794,525334822,153144737,0,0,0,0,0,0,0,0,0,0,0,0,0,0,0,0,0,0,0,0,0,0,0,0,0,0,0,0,0,0,0,0,0,0,0,0,0,12877381632,5188583424,785973,316686,148604493,362,0,97,786432,523252281,811153,6,9334523269,12884901888,10821058,1454081214,0,0,0,0,0,0,0,0,0,0,0,0,0,0,0,0,0,0,51107232,151003856,0,468,1202,7661,620,102215444,35,0,0,0,0,0,0,0,1,0,0,0,0,0,0,0,0,0,0,61328886,0,148599218,2462322,0,0,0,0,0,0,0,0,16384,0,0,0,0,0,0,0,0,0,0,0,8248,452,0,0,0,0,0,155364040,0,177,0,3,452,8248,0,0,0,0,0,0,0,0,0,0,0,0,0,0,0,0,0,0,0,0,0,0,0,0,0,0,0,0,0,0,0,0,0,0,0,0,0,0,0,0,0,0,0,0,0,0,0,0,0,0,0,0,0,0,778799845,0,0,0,1051047958,0,0,0,0,0,0,0,200041401,523003169,938036928,428434569728,159699816,1,0,0,0,0,0,0,0,0,0,0,0,0,0,0,0,0,0,0,0,0,0,0,0,0,0,0,0,0,0,0,1384,0,0,0,0,0,0,0
1782980652.141,0,0,0,0,0,0,0,1894257621,8568569072128,3017931876352,0,0,0,0,0,0,0,0,0,0,0,0,0,0,0,0,0,0,0,0,0,0,0,0,0,0,0,0,0,0,0,0,0,0,0,0,0,0,0,0,0,0,0,0,0,0,0,0,0,0,0,0,0,0,0,0,0,0,7,1966831,525447792,153175538,0,0,0,0,0,0,0,0,0,0,0,0,0,0,0,0,0,0,0,0,0,0,0,0,0,0,0,0,0,0,0,0,0,0,0,0,0,12879560704,5196775424,786105,317186,148632221,221,0,104,786432,523364813,811153,6,9336132619,12884901888,10828152,1454285243,0,0,0,0,0,0,0,0,0,0,0,0,0,0,0,0,0,0,51116792,151013414,0,468,1202,7661,620,102234564,35,0,0,0,0,0,0,0,1,0,0,0,0,0,0,0,0,0,0,61339743,0,148626946,2462693,0,0,0,0,0,0,0,0,16384,0,0,0,0,0,0,0,0,0,0,0,8250,452,0,0,0,0,0,155393130,0,177,0,3,452,8250,0,0,0,0,0,0,0,0,0,0,0,0,0,0,0,0,0,0,0,0,0,0,0,0,0,0,0,0,0,0,0,0,0,0,0,0,0,0,0,0,0,0,0,0,0,0,0,0,0,0,0,0,0,0,778940418,0,0,0,1051210483,0,0,0,0,0,0,0,200060006,523115316,938211377,428507669504,159710467,1,1,0,0,0,0,0,0,0,0,0,0,0,0,0,0,0,0,0,0,0,0,0,0,0,0,0,0,0,0,0,613,0,0,0,0,0,0,0
1782980653.228,0,0,0,0,0,0,0,1894578002,8570398214656,3018520547840,0,0,0,0,0,0,0,0,0,0,0,0,0,0,0,0,0,0,0,0,0,0,0,0,0,0,0,0,0,0,0,0,0,0,0,0,0,0,0,0,0,0,0,0,0,0,0,0,0,0,0,0,0,0,0,0,0,0,7,1966863,525560242,153206387,0,0,0,0,0,0,0,0,0,0,0,0,0,0,0,0,0,0,0,0,0,0,0,0,0,0,0,0,0,0,0,0,0,0,0,0,0,12878987264,5200101376,786070,317389,148660189,265,0,97,786432,523476837,811153,6,9337731142,12884901888,10834536,1454484092,0,0,0,0,0,0,0,0,0,0,0,0,0,0,0,0,0,0,51126313,151022936,0,468,1202,7661,620,102253611,35,0,0,0,0,0,0,0,1,0,0,0,0,0,0,0,0,0,0,61350573,0,148654914,2463065,0,0,0,0,0,0,0,0,16384,0,0,0,0,0,0,0,0,0,0,0,8251,452,0,0,0,0,0,155422079,0,177,0,3,452,8251,0,0,0,0,0,0,0,0,0,0,0,0,0,0,0,0,0,0,0,0,0,0,0,0,0,0,0,0,0,0,0,0,0,0,0,0,0,0,0,0,0,0,0,0,0,0,0,0,0,0,0,0,0,0,779079166,0,0,0,1051370778,0,0,0,0,0,0,0,200078089,523226927,938383834,428579958784,159720990,1,0,0,0,0,0,0,0,0,0,0,0,0,0,0,0,0,0,0,0,0,0,0,0,0,0,0,0,0,0,0,1506,0,0,0,0,0,0,0
1782980654.317,0,0,0,0,0,0,0,1894903614,8572265007616,3019115731456,0,0,0,0,0,0,0,0,0,0,0,0,0,0,0,0,0,0,0,0,0,0,0,0,0,0,0,0,0,0,0,0,0,0,0,0,0,0,0,0,0,0,0,0,0,0,0,0,0,0,0,0,0,0,0,0,0,0,7,1966893,525675025,153237563,0,0,0,0,0,0,0,0,0,0,0,0,0,0,0,0,0,0,0,0,0,0,0,0,0,0,0,0,0,0,0,0,0,0,0,0,0,12876562432,5206622208,785923,317787,148689110,411,0,97,786432,523591151,811153,6,9339360437,12884901888,10838823,1454688799,0,0,0,0,0,0,0,0,0,0,0,0,0,0,0,0,0,0,51135985,151032611,0,468,1202,7661,620,102272944,35,0,0,0,0,0,0,0,1,0,0,0,0,0,0,0,0,0,0,61361567,0,148683835,2463451,0,0,0,0,0,0,0,0,16384,0,0,0,0,0,0,0,0,0,0,0,8252,453,0,0,0,0,0,155451473,0,180,0,3,453,8252,0,0,0,0,1,0,0,0,0,0,0,0,0,0,0,0,0,0,0,0,0,0,0,0,0,0,0,0,0,0,0,0,0,0,0,0,0,0,0,0,0,0,0,0,0,0,0,0,0,0,0,0,0,0,779220628,0,0,0,1051534749,0,0,0,0,0,0,0,200095837,523340830,938558764,428653510144,159731397,1,0,0,0,0,0,0,0,0,0,0,0,0,0,0,0,0,0,0,0,0,0,0,0,0,0,0,0,0,0,0,1309,0,0,0,0,0,0,0
1782980655.407,0,0,0,0,0,0,0,1895217286,8574060349952,3019695974400,0,0,0,0,0,0,0,0,0,0,0,0,0,0,0,0,0,0,0,0,0,0,0,0,0,0,0,0,0,0,0,0,0,0,0,0,0,0,0,0,0,0,0,0,0,0,0,0,0,0,0,0,0,0,0,0,0,0,7,1966925,525785407,153267935,0,0,0,0,0,0,0,0,0,0,0,0,0,0,0,0,0,0,0,0,0,0,0,0,0,0,0,0,0,0,0,0,0,0,0,0,0,12878774272,5207425024,786058,317836,148715871,277,0,96,786432,523701153,811153,6,9340931178,12884901888,10848853,1454887710,0,0,0,0,0,0,0,0,0,0,0,0,0,0,0,0,0,0,51145317,151041942,0,468,1202,7661,620,102291619,35,0,0,0,0,0,0,0,1,0,0,0,0,0,0,0,0,0,0,61372171,0,148710596,2463803,0,0,0,0,0,0,0,0,16384,0,0,0,0,0,0,0,0,0,0,0,8253,453,0,0,0,0,0,155479797,0,180,0,3,453,8253,0,0,0,0,0,0,0,0,0,0,0,0,0,0,0,0,0,0,0,0,0,0,0,0,0,0,0,0,0,0,0,0,0,0,0,0,0,0,0,0,0,0,0,0,0,0,0,0,0,0,0,0,0,0,779358436,0,0,0,1051693433,0,0,0,0,0,0,0,200115209,523450336,938730568,428725213696,159742503,1,0,0,0,0,0,0,0,0,0,0,0,0,0,0,0,0,0,0,0,0,0,0,0,0,0,0,0,0,0,0,645,0,0,0,0,0,0,0
1782980656.496,0,0,0,0,0,0,0,1895541359,8575911873024,3020288162304,0,0,0,0,0,0,0,0,0,0,0,0,0,0,0,0,0,0,0,0,0,0,0,0,0,0,0,0,0,0,0,0,0,0,0,0,0,0,0,0,0,0,0,0,0,0,0,0,0,0,0,0,0,0,0,0,0,0,7,1966952,525899273,153299000,0,0,0,0,0,0,0,0,0,0,0,0,0,0,0,0,0,0,0,0,0,0,0,0,0,0,0,0,0,0,0,0,0,0,0,0,0,12876562432,5214945280,785922,318295,148744379,413,0,97,786432,523814644,811153,6,9342551095,12884901888,10853932,1455090733,0,0,0,0,0,0,0,0,0,0,0,0,0,0,0,0,0,0,51154968,151051594,0,468,1202,7661,620,102310912,35,0,0,0,0,0,0,0,1,0,0,0,0,0,0,0,0,0,0,61383159,0,148739104,2464172,0,0,0,0,0,0,0,0,16384,0,0,0,0,0,0,0,0,0,0,0,8255,453,0,0,0,0,0,155509085,0,180,0,3,453,8255,0,0,0,0,0,0,0,0,0,0,0,0,0,0,0,0,0,0,0,0,0,0,0,0,0,0,0,0,0,0,0,0,0,0,0,0,0,0,0,0,0,0,0,0,0,0,0,0,0,0,0,0,0,0,779498913,0,0,0,1051856791,0,0,0,0,0,0,0,200133764,523563285,938904689,428798118400,159753458,1,1,0,0,0,0,0,0,0,0,0,0,0,0,0,0,0,0,0,0,0,0,0,0,0,0,0,0,0,0,0,538,0,0,0,0,0,0,0
1782980657.583,0,0,0,0,0,0,0,1895846203,8577657293312,3020854364160,0,0,0,0,0,0,0,0,0,0,0,0,0,0,0,0,0,0,0,0,0,0,0,0,0,0,0,0,0,0,0,0,0,0,0,0,0,0,0,0,0,0,0,0,0,0,0,0,0,0,0,0,0,0,0,0,0,0,7,1966986,526006654,153328821,0,0,0,0,0,0,0,0,0,0,0,0,0,0,0,0,0,0,0,0,0,0,0,0,0,0,0,0,0,0,0,0,0,0,0,0,0,12883148800,5211193344,786326,318066,148769854,6,0,102,786432,523921625,811153,6,9344073444,12884901888,10864137,1455281146,0,0,0,0,0,0,0,0,0,0,0,0,0,0,0,0,0,0,51164012,151060637,0,468,1202,7661,620,102329001,35,0,0,0,0,0,0,0,1,0,0,0,0,0,0,0,0,0,0,61393446,0,148764835,2464517,0,0,0,0,0,0,0,0,16384,0,0,0,0,0,0,0,0,0,0,0,8256,453,0,0,0,0,0,155536600,0,180,0,3,453,8256,0,0,0,0,0,0,0,0,0,0,0,0,0,0,0,0,0,0,0,0,0,0,0,0,0,0,0,0,0,0,0,0,0,0,0,0,0,0,0,0,0,0,0,0,0,0,0,0,0,0,0,0,0,0,779630012,0,0,0,1052009973,0,0,0,0,0,0,0,200153881,523669796,939069398,428866478080,159765205,1,0,0,0,0,0,0,0,0,0,0,0,0,0,0,0,0,0,0,0,0,0,0,0,0,0,0,0,0,0,0,756,0,0,0,0,0,0,0
1782980658.671,0,0,0,0,0,0,0,1896166852,8579492956672,3021468580352,0,0,0,0,0,0,0,0,0,0,0,0,0,0,0,0,0,0,0,0,0,0,0,0,0,0,0,0,0,0,0,0,0,0,0,0,0,0,0,0,0,0,0,0,0,0,0,0,0,0,0,0,0,0,0,0,0,0,7,1967024,526119486,153361102,0,0,0,0,0,0,0,0,0,0,0,0,0,0,0,0,0,0,0,0,0,0,0,0,0,0,0,0,0,0,0,0,0,0,0,0,0,12883296256,5194416128,786334,317042,148797680,1,0,99,786432,524034066,811153,6,9345674728,12884901888,10871242,1455480805,0,0,0,0,0,0,0,0,0,0,0,0,0,0,0,0,0,0,51173559,151070183,0,468,1202,7661,620,102348093,35,0,0,0,0,0,0,0,1,0,0,0,0,0,0,0,0,0,0,61404284,0,148794069,2464884,0,0,0,0,0,0,0,0,16384,0,0,0,0,0,0,0,0,0,0,0,8257,453,0,0,0,0,0,155565629,0,180,0,3,453,8257,0,0,0,0,0,0,0,0,0,0,0,0,0,0,0,0,0,0,0,0,0,0,0,0,0,0,0,0,0,0,0,0,0,0,0,0,0,0,0,0,0,0,0,0,0,0,0,0,0,0,0,0,0,0,779769643,0,0,0,1052170949,0,0,0,0,0,0,0,200171780,523781821,939244330,428939094016,159775369,1,0,0,0,0,0,0,0,0,0,0,0,0,0,0,0,0,0,0,0,0,0,0,0,0,0,0,0,0,0,0,1484,0,0,0,0,0,0,0
1782980659.757,0,0,0,0,0,0,0,1896476808,8581267163648,3022057531392,0,0,0,0,0,0,0,0,0,0,0,0,0,0,0,0,0,0,0,0,0,0,0,0,0,0,0,0,0,0,0,0,0,0,0,0,0,0,0,0,0,0,0,0,0,0,0,0,0,0,0,0,0,0,0,0,0,0,7,1967052,526228598,153392194,0,0,0,0,0,0,0,0,0,0,0,0,0,0,0,0,0,0,0,0,0,0,0,0,0,0,0,0,0,0,0,0,0,0,0,0,0,12882198528,5176606720,786266,315955,148823567,67,0,99,786432,524142776,811153,6,9347227389,12884901888,10879934,1455677981,0,0,0,0,0,0,0,0,0,0,0,0,0,0,0,0,0,0,51182761,151079391,0,468,1202,7661,620,102366501,35,0,0,0,0,0,0,0,1,0,0,0,0,0,0,0,0,0,0,61414758,0,148821236,2465228,0,0,0,0,0,0,0,0,16384,0,0,0,0,0,0,0,0,0,0,0,8258,453,0,0,0,0,0,155593598,0,180,0,3,453,8258,0,0,0,0,0,0,0,0,0,0,0,0,0,0,0,0,0,0,0,0,0,0,0,0,0,0,0,0,0,0,0,0,0,0,0,0,0,0,0,0,0,0,0,0,0,0,0,0,0,0,0,0,0,0,779905834,0,0,0,1052327903,0,0,0,0,0,0,0,200190802,523890117,939415730,429009839104,159785970,1,0,0,0,0,0,0,0,0,0,0,0,0,0,0,0,0,0,0,0,0,0,0,0,0,0,0,0,0,0,0,355,0,0,0,0,0,0,0
1782980660.841,0,0,0,0,0,0,0,1896794168,8583088966144,3022664929792,0,0,0,0,0,0,0,0,0,0,0,0,0,0,0,0,0,0,0,0,0,0,0,0,0,0,0,0,0,0,0,0,0,0,0,0,0,0,0,0,0,0,0,0,0,0,0,0,0,0,0,0,0,0,0,0,0,0,7,1967080,526340641,153424334,0,0,0,0,0,0,0,0,0,0,0,0,0,0,0,0,0,0,0,0,0,0,0,0,0,0,0,0,0,0,0,0,0,0,0,0,0,12877037568,5156962304,785952,314756,148855535,382,0,100,786432,524254401,811153,6,9348811999,12884901888,10887935,1455874871,0,0,0,0,0,0,0,0,0,0,0,0,0,0,0,0,0,0,51192203,151088829,0,468,1202,7661,620,102385386,35,0,0,0,0,0,0,0,1,0,0,0,0,0,0,0,0,0,0,61425489,0,148850132,2465594,0,0,0,0,0,0,0,0,16384,0,0,0,0,0,0,0,0,0,0,0,8259,453,0,0,0,0,0,155622266,0,180,0,3,453,8259,0,0,0,0,0,0,0,0,0,0,0,0,0,0,0,0,0,0,0,0,0,0,0,0,0,0,0,0,0,0,0,0,0,0,0,0,0,0,0,0,0,0,0,0,0,0,0,0,0,0,0,0,0,0,780043472,0,0,0,1052486859,0,0,0,0,0,0,0,200209180,524001276,939588787,429081250304,159796121,1,1,0,0,0,0,0,0,0,0,0,0,0,0,0,0,0,0,0,0,0,0,0,0,0,0,0,0,0,0,0,1206,0,0,0,0,0,0,0
1782980661.925,0,0,0,0,0,0,0,1897115919,8584929462784,3023249440768,0,0,0,0,0,0,0,0,0,0,0,0,0,0,0,0,0,0,0,0,0,0,0,0,0,0,0,0,0,0,0,0,0,0,0,0,0,0,0,0,0,0,0,0,0,0,0,0,0,0,0,0,0,0,0,0,0,0,7,1967102,526453816,153454910,0,0,0,0,0,0,0,0,0,0,0,0,0,0,0,0,0,0,0,0,0,0,0,0,0,0,0,0,0,0,0,0,0,0,0,0,0,12878921728,5167300608,786067,315386,148883157,267,0,96,786432,524367155,811153,6,9350423365,12884901888,10894453,1456079070,0,0,0,0,0,0,0,0,0,0,0,0,0,0,0,0,0,0,51201771,151098399,0,468,1202,7661,620,102404523,35,0,0,0,0,0,0,0,1,0,0,0,0,0,0,0,0,0,0,61436382,0,148877754,2465964,0,0,0,0,0,0,0,0,16384,0,0,0,0,0,0,0,0,0,0,0,8260,453,0,0,0,0,0,155651331,0,180,0,3,453,8260,0,0,0,0,0,0,0,0,0,0,0,0,0,0,0,0,0,0,0,0,0,0,0,0,0,0,0,0,0,0,0,0,0,0,0,0,0,0,0,0,0,0,0,0,0,0,0,0,0,0,0,0,0,0,780183350,0,0,0,1052649726,0,0,0,0,0,0,0,200227762,524113608,939762200,429153914880,159806790,1,0,0,0,0,0,0,0,0,0,0,0,0,0,0,0,0,0,0,0,0,0,0,0,0,0,0,0,0,0,0,324,0,0,0,0,0,0,0
1782980663.009,0,0,0,0,0,0,0,1897424576,8586697083392,3023817424384,0,0,0,0,0,0,0,0,0,0,0,0,0,0,0,0,0,0,0,0,0,0,0,0,0,0,0,0,0,0,0,0,0,0,0,0,0,0,0,0,0,0,0,0,0,0,0,0,0,0,0,0,0,0,0,0,0,0,7,1967132,526562513,153484712,0,0,0,0,0,0,0,0,0,0,0,0,0,0,0,0,0,0,0,0,0,0,0,0,0,0,0,0,0,0,0,0,0,0,0,0,0,12878168064,5170053120,786021,315554,148908889,315,0,96,786432,524475449,811153,6,9351961058,12884901888,10905861,1456269406,0,0,0,0,0,0,0,0,0,0,0,0,0,0,0,0,0,0,51210933,151107561,0,468,1202,7661,620,102422846,35,0,0,0,0,0,0,0,1,0,0,0,0,0,0,0,0,0,0,61446790,0,148903579,2466308,0,0,0,0,0,0,0,0,16384,0,0,0,0,0,0,0,0,0,0,0,8261,453,0,0,0,0,0,155679204,0,180,0,3,453,8261,0,0,0,0,0,0,0,0,0,0,0,0,0,0,0,0,0,0,0,0,0,0,0,0,0,0,0,0,0,0,0,0,0,0,0,0,0,0,0,0,0,0,0,0,0,0,0,0,0,0,0,0,0,0,780316617,0,0,0,1052803713,0,0,0,0,0,0,0,200248297,524221478,939929248,429223232000,159818788,1,1,0,0,0,0,0,0,0,0,0,0,0,0,0,0,0,0,0,0,0,0,0,0,0,0,0,0,0,0,0,1549,0,0,0,0,0,0,0
1782980664.098,0,0,0,0,0,0,0,1897746413,8588549622272,3024406562816,0,0,0,0,0,0,0,0,0,0,0,0,0,0,0,0,0,0,0,0,0,0,0,0,0,0,0,0,0,0,0,0,0,0,0,0,0,0,0,0,0,0,0,0,0,0,0,0,0,0,0,0,0,0,0,0,0,0,7,1967169,526676398,153515640,0,0,0,0,0,0,0,0,0,0,0,0,0,0,0,0,0,0,0,0,0,0,0,0,0,0,0,0,0,0,0,0,0,0,0,0,0,12877496320,5180637184,785981,316201,148936747,352,0,96,786432,524588919,811153,6,9353572647,12884901888,10912873,1456473175,0,0,0,0,0,0,0,0,0,0,0,0,0,0,0,0,0,0,51220505,151117133,0,468,1202,7661,620,102441982,35,0,0,0,0,0,0,0,1,0,0,0,0,0,0,0,0,0,0,61457666,0,148931390,2466676,0,0,0,0,0,0,0,0,16384,0,0,0,0,0,0,0,0,0,0,0,8262,453,0,0,0,0,0,155708329,0,180,0,3,453,8262,0,0,0,0,0,0,0,0,0,0,0,0,0,0,0,0,0,0,0,0,0,0,0,0,0,0,0,0,0,0,0,0,0,0,0,0,0,0,0,0,0,0,0,0,0,0,0,0,0,0,0,0,0,0,780455493,0,0,0,1052966486,0,0,0,0,0,0,0,200267284,524334533,940102164,429295470080,159829782,1,0,0,0,0,0,0,0,0,0,0,0,0,0,0,0,0,0,0,0,0,0,0,0,0,0,0,0,0,0,0,743,0,0,0,0,0,0,0
1782980665.188,0,0,0,0,0,0,0,1898063600,8590362806784,3024988636672,0,0,0,0,0,0,0,0,0,0,0,0,0,0,0,0,0,0,0,0,0,0,0,0,0,0,0,0,0,0,0,0,0,0,0,0,0,0,0,0,0,0,0,0,0,0,0,0,0,0,0,0,0,0,0,0,0,0,7,1967199,526787883,153546117,0,0,0,0,0,0,0,0,0,0,0,0,0,0,0,0,0,0,0,0,0,0,0,0,0,0,0,0,0,0,0,0,0,0,0,0,0,12881002496,5185830912,786195,316518,148963826,138,0,96,786432,524699981,811153,6,9355156461,12884901888,10921367,1456671690,0,0,0,0,0,0,0,0,0,0,0,0,0,0,0,0,0,0,51229920,151126549,0,468,1202,7661,620,102460824,35,0,0,0,0,0,0,0,1,0,0,0,0,0,0,0,0,0,0,61468368,0,148958423,2467037,0,0,0,0,0,0,0,0,16384,0,0,0,0,0,0,0,0,0,0,0,8263,453,0,0,0,0,0,155736908,0,180,0,3,453,8263,0,0,0,0,0,0,0,0,0,0,0,0,0,0,0,0,0,0,0,0,0,0,0,0,0,0,0,0,0,0,0,0,0,0,0,0,0,0,0,0,0,0,0,0,0,0,0,0,0,0,0,0,0,0,780593502,0,0,0,1053126003,0,0,0,0,0,0,0,200287608,524445147,940274086,429367150592,159841878,1,1,0,0,0,0,0,0,0,0,0,0,0,0,0,0,0,0,0,0,0,0,0,0,0,0,0,0,0,0,0,836,0,0,0,0,0,0,0
1782980666.274,0,0,0,0,0,0,0,1898375792,8592151972352,3025563235328,0,0,0,0,0,0,0,0,0,0,0,0,0,0,0,0,0,0,0,0,0,0,0,0,0,0,0,0,0,0,0,0,0,0,0,0,0,0,0,0,0,0,0,0,0,0,0,0,0,0,0,0,0,0,0,0,0,0,7,1967225,526897909,153576293,0,0,0,0,0,0,0,0,0,0,0,0,0,0,0,0,0,0,0,0,0,0,0,0,0,0,0,0,0,0,0,0,0,0,0,0,0,12875595776,5191172096,785865,316844,148989974,471,0,99,786432,524809625,811153,6,9356718468,12884901888,10931622,1456867832,0,0,0,0,0,0,0,0,0,0,0,0,0,0,0,0,0,0,51239196,151135822,0,468,1202,7661,620,102479384,35,0,0,0,0,0,0,0,1,0,0,0,0,0,0,0,0,0,0,61478897,0,148984571,2467388,0,0,0,0,0,0,0,0,16384,0,0,0,0,0,0,0,0,0,0,0,8264,453,0,0,0,0,0,155765120,0,180,0,3,453,8264,0,0,0,0,0,0,0,0,0,0,0,0,0,0,0,0,0,0,0,0,0,0,0,0,0,0,0,0,0,0,0,0,0,0,0,0,0,0,0,0,0,0,0,0,0,0,0,0,0,0,0,0,0,0,780728586,0,0,0,1053282946,0,0,0,0,0,0,0,200307661,524554304,940443417,429437502976,159853306,1,0,0,0,0,0,0,0,0,0,0,0,0,0,0,0,0,0,0,0,0,0,0,0,0,0,0,0,0,0,0,929,0,0,0,0,0,0,0
1782980667.361,0,0,0,0,0,0,0,1898708289,8594055449088,3026168117760,0,0,0,0,0,0,0,0,0,0,0,0,0,0,0,0,0,0,0,0,0,0,0,0,0,0,0,0,0,0,0,0,0,0,0,0,0,0,0,0,0,0,0,0,0,0,0,0,0,0,0,0,0,0,0,0,0,0,7,1967263,527014933,153607997,0,0,0,0,0,0,0,0,0,0,0,0,0,0,0,0,0,0,0,0,0,0,0,0,0,0,0,0,0,0,0,0,0,0,0,0,0,12879085568,5200609280,786076,317420,149019559,257,0,98,786432,524926168,811153,6,9358381969,12884901888,10936252,1457077559,0,0,0,0,0,0,0,0,0,0,0,0,0,0,0,0,0,0,51249085,151145713,0,468,1202,7661,620,102499157,35,0,0,0,0,0,0,0,1,0,0,0,0,0,0,0,0,0,0,61490153,0,149014156,2467787,0,0,0,0,0,0,0,0,16384,0,0,0,0,0,0,0,0,0,0,0,8265,453,0,0,0,0,0,155795146,0,180,0,3,453,8265,0,0,0,0,0,0,0,0,0,0,0,0,0,0,0,0,0,0,0,0,0,0,0,0,0,0,0,0,0,0,0,0,0,0,0,0,0,0,0,0,0,0,0,0,0,0,0,0,0,0,0,0,0,0,780871894,0,0,0,1053450657,0,0,0,0,0,0,0,200325438,524670493,940620505,429512139264,159863629,1,0,0,0,0,0,0,0,0,0,0,0,0,0,0,0,0,0,0,0,0,0,0,0,0,0,0,0,0,0,0,741,0,0,0,0,0,0,0
1782980668.451,0,0,0,0,0,0,0,1899032162,8595913476608,3026761259520,0,0,0,0,0,0,0,0,0,0,0,0,0,0,0,0,0,0,0,0,0,0,0,0,0,0,0,0,0,0,0,0,0,0,0,0,0,0,0,0,0,0,0,0,0,0,0,0,0,0,0,0,0,0,0,0,0,0,7,1967281,527129223,153639156,0,0,0,0,0,0,0,0,0,0,0,0,0,0,0,0,0,0,0,0,0,0,0,0,0,0,0,0,0,0,0,0,0,0,0,0,0,12880084992,5202690048,786138,317547,149048188,195,0,96,786432,525040037,811153,6,9360000319,12884901888,10941765,1457279255,0,0,0,0,0,0,0,0,0,0,0,0,0,0,0,0,0,0,51258709,151155336,0,468,1202,7661,620,102518403,35,0,0,0,0,0,0,0,1,0,0,0,0,0,0,0,0,0,0,61501086,0,149042785,2468169,0,0,0,0,0,0,0,0,16384,0,0,0,0,0,0,0,0,0,0,0,8267,453,0,0,0,0,0,155824405,0,180,0,3,453,8267,0,0,0,0,0,0,0,0,0,0,0,0,0,0,0,0,0,0,0,0,0,0,0,0,0,0,0,0,0,0,0,0,0,0,0,0,0,0,0,0,0,0,0,0,0,0,0,0,0,0,0,0,0,0,781010315,0,0,0,1053612771,0,0,0,0,0,0,0,200343775,524783909,940792673,429584130048,159874301,1,1,0,0,0,0,0,0,0,0,0,0,0,0,0,0,0,0,0,0,0,0,0,0,0,0,0,0,0,0,0,1495,0,0,0,0,0,0,0
1782980669.536,0,0,0,0,0,0,0,1899355022,8597758102016,3027348813312,0,0,0,0,0,0,0,0,0,0,0,0,0,0,0,0,0,0,0,0,0,0,0,0,0,0,0,0,0,0,0,0,0,0,0,0,0,0,0,0,0,0,0,0,0,0,0,0,0,0,0,0,0,0,0,0,0,0,7,1967323,527242629,153669949,0,0,0,0,0,0,0,0,0,0,0,0,0,0,0,0,0,0,0,0,0,0,0,0,0,0,0,0,0,0,0,0,0,0,0,0,0,12880117760,5213765632,786140,318223,149076139,195,0,100,786432,525153040,811153,6,9361618264,12884901888,10948448,1457486038,0,0,0,0,0,0,0,0,0,0,0,0,0,0,0,0,0,0,51268308,151164935,0,468,1202,7661,620,102537598,35,0,0,0,0,0,0,0,1,0,0,0,0,0,0,0,0,0,0,61511996,0,149070736,2468549,0,0,0,0,0,0,0,0,16384,0,0,0,0,0,0,0,0,0,0,0,8268,453,0,0,0,0,0,155853608,0,180,0,3,453,8268,0,0,0,0,0,0,0,0,0,0,0,0,0,0,0,0,0,0,0,0,0,0,0,0,0,0,0,0,0,0,0,0,0,0,0,0,0,0,0,0,0,0,0,0,0,0,0,0,0,0,0,0,0,0,781150475,0,0,0,1053776625,0,0,0,0,0,0,0,200362877,524896470,940966545,429657315328,159885338,1,0,0,0,0,0,0,0,0,0,0,0,0,0,0,0,0,0,0,0,0,0,0,0,0,0,0,0,0,0,0,198,0,0,0,0,0,0,0
1782980670.624,0,0,0,0,0,0,0,1899674364,8599586277888,3027947602944,0,0,0,0,0,0,0,0,0,0,0,0,0,0,0,0,0,0,0,0,0,0,0,0,0,0,0,0,0,0,0,0,0,0,0,0,0,0,0,0,0,0,0,0,0,0,0,0,0,0,0,0,0,0,0,0,0,0,7,1967349,527355044,153701409,0,0,0,0,0,0,0,0,0,0,0,0,0,0,0,0,0,0,0,0,0,0,0,0,0,0,0,0,0,0,0,0,0,0,0,0,0,12880281600,5209948160,786151,317990,149103200,190,0,96,786432,525265080,811153,6,9363212122,12884901888,10955370,1457684071,0,0,0,0,0,0,0,0,0,0,0,0,0,0,0,0,0,0,51277785,151174412,0,468,1202,7661,620,102556560,35,0,0,0,0,0,0,0,1,0,0,0,0,0,0,0,0,0,0,61522763,0,149098821,2468923,0,0,0,0,0,0,0,0,16384,0,0,0,0,0,0,0,0,0,0,0,8269,453,0,0,0,0,0,155882413,0,180,0,3,453,8269,0,0,0,0,0,0,0,0,0,0,0,0,0,0,0,0,0,0,0,0,0,0,0,0,0,0,0,0,0,0,0,0,0,0,0,0,0,0,0,0,0,0,0,0,0,0,0,0,0,0,0,0,0,0,781287891,0,0,0,1053936344,0,0,0,0,0,0,0,200381866,525007998,941138744,429728817664,159896202,1,1,0,0,0,0,0,0,0,0,0,0,0,0,0,0,0,0,0,0,0,0,0,0,0,0,0,0,0,0,0,1125,0,0,0,0,0,0,0
1782980671.708,0,0,0,0,0,0,0,1899994380,8601413749248,3028556608512,0,0,0,0,0,0,0,0,0,0,0,0,0,0,0,0,0,0,0,0,0,0,0,0,0,0,0,0,0,0,0,0,0,0,0,0,0,0,0,0,0,0,0,0,0,0,0,0,0,0,0,0,0,0,0,0,0,0,7,1967381,527467445,153733299,0,0,0,0,0,0,0,0,0,0,0,0,0,0,0,0,0,0,0,0,0,0,0,0,0,0,0,0,0,0,0,0,0,0,0,0,0,12883066880,5200297984,786320,317401,149130904,1,0,110,786432,525377080,811153,6,9364813824,12884901888,10961925,1457886660,0,0,0,0,0,0,0,0,0,0,0,0,0,0,0,0,0,0,51287316,151183945,0,468,1202,7661,620,102575611,35,0,0,0,0,0,0,0,1,0,0,0,0,0,0,0,0,0,0,61533592,0,149127805,2469305,0,0,0,0,0,0,0,0,16384,0,0,0,0,0,0,0,0,0,0,0,8270,453,0,0,0,0,0,155911343,0,180,0,3,453,8270,0,0,0,0,0,0,0,0,0,0,0,0,0,0,0,0,0,0,0,0,0,0,0,0,0,0,0,0,0,0,0,0,0,0,0,0,0,0,0,0,0,0,0,0,0,0,0,0,0,0,0,0,0,0,781426791,0,0,0,1054098124,0,0,0,0,0,0,0,200399901,525119537,941312445,429801073664,159906498,1,0,0,0,0,0,0,0,0,0,0,0,0,0,0,0,0,0,0,0,0,0,0,0,0,0,0,0,0,0,0,558,0,0,0,0,0,0,0
1782980672.785,0,0,0,0,0,0,0,1900303937,8603187399168,3029156148736,0,0,0,0,0,0,0,0,0,0,0,0,0,0,0,0,0,0,0,0,0,0,0,0,0,0,0,0,0,0,0,0,0,0,0,0,0,0,0,0,0,0,0,0,0,0,0,0,0,0,0,0,0,0,0,0,0,0,7,1967420,527576505,153765218,0,0,0,0,0,0,0,0,0,0,0,0,0,0,0,0,0,0,0,0,0,0,0,0,0,0,0,0,0,0,0,0,0,0,0,0,0,12880723968,5167677440,786176,315410,149157002,159,0,97,786432,525485712,811153,6,9366361153,12884901888,10972247,1458080911,0,0,0,0,0,0,0,0,0,0,0,0,0,0,0,0,0,0,51296518,151193146,0,468,1202,7661,620,102594015,35,0,0,0,0,0,0,0,1,0,0,0,0,0,0,0,0,0,0,61544042,0,149155932,2469655,0,0,0,0,0,0,0,0,16384,0,0,0,0,0,0,0,0,0,0,0,8271,453,0,0,0,0,0,155939340,0,180,0,3,453,8271,0,0,0,0,0,0,0,0,0,0,0,0,0,0,0,0,0,0,0,0,0,0,0,0,0,0,0,0,0,0,0,0,0,0,0,0,0,0,0,0,0,0,0,0,0,0,0,0,0,0,0,0,0,0,781561740,0,0,0,1054253761,0,0,0,0,0,0,0,200419218,525227802,941483126,429871205376,159917375,1,1,0,0,0,0,0,0,0,0,0,0,0,0,0,0,0,0,0,0,0,0,0,0,0,0,0,0,0,0,0,638,0,0,0,0,0,0,0
1782980673.863,0,0,0,0,0,0,0,1900619732,8604986362368,3029739628032,0,0,0,0,0,0,0,0,0,0,0,0,0,0,0,0,0,0,0,0,0,0,0,0,0,0,0,0,0,0,0,0,0,0,0,0,0,0,0,0,0,0,0,0,0,0,0,0,0,0,0,0,0,0,0,0,0,0,7,1967461,527687178,153795829,0,0,0,0,0,0,0,0,0,0,0,0,0,0,0,0,0,0,0,0,0,0,0,0,0,0,0,0,0,0,0,0,0,0,0,0,0,12878348288,5165973504,786032,315306,149188597,302,0,96,786432,525595994,811153,6,9367937395,12884901888,10981115,1458277954,0,0,0,0,0,0,0,0,0,0,0,0,0,0,0,0,0,0,51305883,151202506,0,468,1202,7661,620,102612755,35,0,0,0,0,0,0,0,1,0,0,0,0,0,0,0,0,0,0,61554679,0,149183194,2470015,0,0,0,0,0,0,0,0,16384,0,0,0,0,0,0,0,0,0,0,0,8272,453,0,0,0,0,0,155967786,0,180,0,3,453,8272,0,0,0,0,0,0,0,0,0,0,0,0,0,0,0,0,0,0,0,0,0,0,0,0,0,0,0,0,0,0,0,0,0,0,0,0,0,0,0,0,0,0,0,0,0,0,0,0,0,0,0,0,0,0,781698985,0,0,0,1054411885,0,0,0,0,0,0,0,200438799,525337622,941654315,429942804992,159928855,1,0,0,0,0,0,0,0,0,0,0,0,0,0,0,0,0,0,0,0,0,0,0,0,0,0,0,0,0,0,0,1282,0,0,0,0,0,0,0
1782980674.946,0,0,0,0,0,0,0,1900939304,8606817962496,3030323116032,0,0,0,0,0,0,0,0,0,0,0,0,0,0,0,0,0,0,0,0,0,0,0,0,0,0,0,0,0,0,0,0,0,0,0,0,0,0,0,0,0,0,0,0,0,0,0,0,0,0,0,0,0,0,0,0,0,0,7,1967492,527799770,153826408,0,0,0,0,0,0,0,0,0,0,0,0,0,0,0,0,0,0,0,0,0,0,0,0,0,0,0,0,0,0,0,0,0,0,0,0,0,12878004224,5176066048,786011,315922,149216276,325,0,96,786432,525708155,811153,6,9369537811,12884901888,10987661,1458480413,0,0,0,0,0,0,0,0,0,0,0,0,0,0,0,0,0,0,51315383,151212010,0,468,1202,7661,620,102631750,35,0,0,0,0,0,0,0,1,0,0,0,0,0,0,0,0,0,0,61565494,0,149210889,2470388,0,0,0,0,0,0,0,0,16384,0,0,0,0,0,0,0,0,0,0,0,8273,453,0,0,0,0,0,155996710,0,180,0,3,453,8273,0,0,0,0,0,0,0,0,0,0,0,0,0,0,0,0,0,0,0,0,0,0,0,0,0,0,0,0,0,0,0,0,0,0,0,0,0,0,0,0,0,0,0,0,0,0,0,0,0,0,0,0,0,0,781836861,0,0,0,1054573464,0,0,0,0,0,0,0,200458687,525449317,941825700,430014701568,159940672,1,1,0,0,0,0,0,0,0,0,0,0,0,0,0,0,0,0,0,0,0,0,0,0,0,0,0,0,0,0,0,644,0,0,0,0,0,0,0
1782980676.036,0,0,0,0,0,0,0,1901263028,8608668879360,3030914244608,0,0,0,0,0,0,0,0,0,0,0,0,0,0,0,0,0,0,0,0,0,0,0,0,0,0,0,0,0,0,0,0,0,0,0,0,0,0,0,0,0,0,0,0,0,0,0,0,0,0,0,0,0,0,0,0,0,0,7,1967521,527913617,153857372,0,0,0,0,0,0,0,0,0,0,0,0,0,0,0,0,0,0,0,0,0,0,0,0,0,0,0,0,0,0,0,0,0,0,0,0,0,12878659584,5183700992,786052,316388,149244278,287,0,97,786432,525821592,811153,6,9371154465,12884901888,10995296,1458682079,0,0,0,0,0,0,0,0,0,0,0,0,0,0,0,0,0,0,51325014,151221640,0,468,1202,7661,620,102651011,35,0,0,0,0,0,0,0,1,0,0,0,0,0,0,0,0,0,0,61576447,0,149238820,2470760,0,0,0,0,0,0,0,0,16384,0,0,0,0,0,0,0,0,0,0,0,8274,453,0,0,0,0,0,156025986,0,180,0,3,453,8274,0,0,0,0,0,0,0,0,0,0,0,0,0,0,0,0,0,0,0,0,0,0,0,0,0,0,0,0,0,0,0,0,0,0,0,0,0,0,0,0,0,0,0,0,0,0,0,0,0,0,0,0,0,0,781977437,0,0,0,1054735758,0,0,0,0,0,0,0,200477560,525562307,942000249,430087849984,159951633,1,0,0,0,0,0,0,0,0,0,0,0,0,0,0,0,0,0,0,0,0,0,0,0,0,0,0,0,0,0,0,1374,0,0,0,0,0,0,0
1782980677.124,0,0,0,0,0,0,0,1901576031,8610461731328,3031491574784,0,0,0,0,0,0,0,0,0,0,0,0,0,0,0,0,0,0,0,0,0,0,0,0,0,0,0,0,0,0,0,0,0,0,0,0,0,0,0,0,0,0,0,0,0,0,0,0,0,0,0,0,0,0,0,0,0,0,7,1967546,528023887,153887683,0,0,0,0,0,0,0,0,0,0,0,0,0,0,0,0,0,0,0,0,0,0,0,0,0,0,0,0,0,0,0,0,0,0,0,0,0,12879314944,5185552384,786091,316500,149271230,244,0,96,786432,525931477,811153,6,9372722341,12884901888,11004672,1458881581,0,0,0,0,0,0,0,0,0,0,0,0,0,0,0,0,0,0,51334313,151230941,0,468,1202,7661,620,102669618,35,0,0,0,0,0,0,0,1,0,0,0,0,0,0,0,0,0,0,61587020,0,149265772,2471121,0,0,0,0,0,0,0,0,16384,0,0,0,0,0,0,0,0,0,0,0,8275,453,0,0,0,0,0,156054246,0,180,0,3,453,8275,0,0,0,0,0,0,0,0,0,0,0,0,0,0,0,0,0,0,0,0,0,0,0,0,0,0,0,0,0,0,0,0,0,0,0,0,0,0,0,0,0,0,0,0,0,0,0,0,0,0,0,0,0,0,782112708,0,0,0,1054894295,0,0,0,0,0,0,0,200497392,525671707,942169180,430158308352,159963444,1,1,0,0,0,0,0,0,0,0,0,0,0,0,0,0,0,0,0,0,0,0,0,0,0,0,0,0,0,0,0,245,0,0,0,0,0,0,0
1782980678.213,0,0,0,0,0,0,0,1901902473,8612325444096,3032087156224,0,0,0,0,0,0,0,0,0,0,0,0,0,0,0,0,0,0,0,0,0,0,0,0,0,0,0,0,0,0,0,0,0,0,0,0,0,0,0,0,0,0,0,0,0,0,0,0,0,0,0,0,0,0,0,0,0,0,7,1967582,528138488,153918940,0,0,0,0,0,0,0,0,0,0,0,0,0,0,0,0,0,0,0,0,0,0,0,0,0,0,0,0,0,0,0,0,0,0,0,0,0,12878151680,5194334208,786020,317037,149299709,317,0,96,786432,526045659,811153,6,9374350897,12884901888,11010399,1459083823,0,0,0,0,0,0,0,0,0,0,0,0,0,0,0,0,0,0,51344014,151240643,0,468,1202,7661,620,102689013,35,0,0,0,0,0,0,0,1,0,0,0,0,0,0,0,0,0,0,61598056,0,149294251,2471503,0,0,0,0,0,0,0,0,16384,0,0,0,0,0,0,0,0,0,0,0,8276,453,0,0,0,0,0,156083749,0,180,0,3,453,8276,0,0,0,0,0,0,0,0,0,0,0,0,0,0,0,0,0,0,0,0,0,0,0,0,0,0,0,0,0,0,0,0,0,0,0,0,0,0,0,0,0,0,0,0,0,0,0,0,0,0,0,0,0,0,782250899,0,0,0,1055057553,0,0,0,0,0,0,0,200516124,525785413,942341465,430230285824,159974161,1,0,0,0,0,0,0,0,0,0,0,0,0,0,0,0,0,0,0,0,0,0,0,0,0,0,0,0,0,0,0,1284,0,0,0,0,0,0,0
1782980679.304,0,0,0,0,0,0,0,1902231310,8614209161728,3032685514240,0,0,0,0,0,0,0,0,0,0,0,0,0,0,0,0,0,0,0,0,0,0,0,0,0,0,0,0,0,0,0,0,0,0,0,0,0,0,0,0,0,0,0,0,0,0,0,0,0,0,0,0,0,0,0,0,0,0,7,1967620,528254303,153950376,0,0,0,0,0,0,0,0,0,0,0,0,0,0,0,0,0,0,0,0,0,0,0,0,0,0,0,0,0,0,0,0,0,0,0,0,0,12875186176,5203640320,785839,317605,149328576,494,0,99,786432,526160998,811153,6,9375997362,12884901888,11016276,1459291452,0,0,0,0,0,0,0,0,0,0,0,0,0,0,0,0,0,0,51353804,151250433,0,468,1202,7661,620,102708597,35,0,0,0,0,0,0,0,1,0,0,0,0,0,0,0,0,0,0,61609188,0,149323118,2471881,0,0,0,0,0,0,0,0,16384,0,0,0,0,0,0,0,0,0,0,0,8277,453,0,0,0,0,0,156113532,0,180,0,3,453,8277,0,0,0,0,0,0,0,0,0,0,0,0,0,0,0,0,0,0,0,0,0,0,0,0,0,0,0,0,0,0,0,0,0,0,0,0,0,0,0,0,0,0,0,0,0,0,0,0,0,0,0,0,0,0,782392218,0,0,0,1055223514,0,0,0,0,0,0,0,200534723,525900373,942516813,430303997952,159985124,1,0,0,0,0,0,0,0,0,0,0,0,0,0,0,0,0,0,0,0,0,0,0,0,0,0,0,0,0,0,0,900,0,0,0,0,0,0,0
1782980680.394,0,0,0,0,0,0,0,1902547737,8616016480768,3033269211648,0,0,0,0,0,0,0,0,0,0,0,0,0,0,0,0,0,0,0,0,0,0,0,0,0,0,0,0,0,0,0,0,0,0,0,0,0,0,0,0,0,0,0,0,0,0,0,0,0,0,0,0,0,0,0,0,0,0,7,1967648,528365444,153980996,0,0,0,0,0,0,0,0,0,0,0,0,0,0,0,0,0,0,0,0,0,0,0,0,0,0,0,0,0,0,0,0,0,0,0,0,0,12881100800,5204328448,786201,317647,149355643,129,0,103,786432,526271737,811153,6,9377581877,12884901888,11024700,1459491968,0,0,0,0,0,0,0,0,0,0,0,0,0,0,0,0,0,0,51363203,151259830,0,468,1202,7661,620,102727394,35,0,0,0,0,0,0,0,1,0,0,0,0,0,0,0,0,0,0,61619876,0,149350185,2472242,0,0,0,0,0,0,0,0,16384,0,0,0,0,0,0,0,0,0,0,0,8278,453,0,0,0,0,0,156142086,0,180,0,3,453,8278,0,0,0,0,0,0,0,0,0,0,0,0,0,0,0,0,0,0,0,0,0,0,0,0,0,0,0,0,0,0,0,0,0,0,0,0,0,0,0,0,0,0,0,0,0,0,0,0,0,0,0,0,0,0,782529985,0,0,0,1055383497,0,0,0,0,0,0,0,200554186,526010683,942688745,430375581184,159996238,1,0,0,0,0,0,0,0,0,0,0,0,0,0,0,0,0,0,0,0,0,0,0,0,0,0,0,0,0,0,0,229,0,0,0,0,0,0,0
1782980681.478,0,0,0,0,0,0,0,1902855900,8617773042176,3033834192384,0,0,0,0,0,0,0,0,0,0,0,0,0,0,0,0,0,0,0,0,0,0,0,0,0,0,0,0,0,0,0,0,0,0,0,0,0,0,0,0,0,0,0,0,0,0,0,0,0,0,0,0,0,0,0,0,0,0,7,1967675,528473448,154010614,0,0,0,0,0,0,0,0,0,0,0,0,0,0,0,0,0,0,0,0,0,0,0,0,0,0,0,0,0,0,0,0,0,0,0,0,0,12878807040,5209145344,786060,317941,149382138,274,0,97,786432,526379321,811153,6,9379119885,12884901888,11032277,1459684400,0,0,0,0,0,0,0,0,0,0,0,0,0,0,0,0,0,0,51372364,151268993,0,468,1202,7661,620,102745710,35,0,0,0,0,0,0,0,1,0,0,0,0,0,0,0,0,0,0,61630283,0,149376741,2472599,0,0,0,0,0,0,0,0,16384,0,0,0,0,0,0,0,0,0,0,0,8280,453,0,0,0,0,0,156169950,0,180,0,3,453,8280,0,0,0,0,0,0,0,0,0,0,0,0,0,0,0,0,0,0,0,0,0,0,0,0,0,0,0,0,0,0,0,0,0,0,0,0,0,0,0,0,0,0,0,0,0,0,0,0,0,0,0,0,0,0,782663710,0,0,0,1055538203,0,0,0,0,0,0,0,200573379,526117874,942855152,430445057024,160007529,1,0,0,0,0,0,0,0,0,0,0,0,0,0,0,0,0,0,0,0,0,0,0,0,0,0,0,0,0,0,0,680,0,0,0,0,0,0,0
1782980682.563,0,0,0,0,0,0,0,1903177797,8619616520704,3034422658048,0,0,0,0,0,0,0,0,0,0,0,0,0,0,0,0,0,0,0,0,0,0,0,0,0,0,0,0,0,0,0,0,0,0,0,0,0,0,0,0,0,0,0,0,0,0,0,0,0,0,0,0,0,0,0,0,0,0,7,1967710,528586846,154041394,0,0,0,0,0,0,0,0,0,0,0,0,0,0,0,0,0,0,0,0,0,0,0,0,0,0,0,0,0,0,0,0,0,0,0,0,0,12879396864,5217239040,786096,318435,149410096,208,0,127,786432,526492290,811153,6,9380728507,12884901888,11039877,1459885316,0,0,0,0,0,0,0,0,0,0,0,0,0,0,0,0,0,0,51381929,151278556,0,468,1202,7661,620,102764854,35,0,0,0,0,0,0,0,1,0,0,0,0,0,0,0,0,0,0,61641147,0,149404638,2472984,0,0,0,0,0,0,0,0,16384,0,0,0,0,0,0,0,0,0,0,0,8281,453,0,0,0,0,0,156199047,0,180,0,3,453,8281,0,0,0,0,0,0,0,0,0,0,0,0,0,0,0,0,0,0,0,0,0,0,0,0,0,0,0,0,0,0,0,0,0,0,0,0,0,0,0,0,0,0,0,0,0,0,0,0,0,0,0,0,0,0,782802774,0,0,0,1055699828,0,0,0,0,0,0,0,200592627,526230351,943027836,430517344768,160018633,1,1,0,0,0,0,0,0,0,0,0,0,0,0,0,0,0,0,0,0,0,0,0,0,0,0,0,0,0,0,0,1125,0,0,0,0,0,0,0
1782980683.648,0,0,0,0,0,0,0,1903490903,8621410568704,3035023342080,0,0,0,0,0,0,0,0,0,0,0,0,0,0,0,0,0,0,0,0,0,0,0,0,0,0,0,0,0,0,0,0,0,0,0,0,0,0,0,0,0,0,0,0,0,0,0,0,0,0,0,0,0,0,0,0,0,0,7,1967731,528697140,154073065,0,0,0,0,0,0,0,0,0,0,0,0,0,0,0,0,0,0,0,0,0,0,0,0,0,0,0,0,0,0,0,0,0,0,0,0,0,12880789504,5199003648,786182,317323,149437109,144,0,107,786432,526602167,811153,6,9382292722,12884901888,11047384,1460080897,0,0,0,0,0,0,0,0,0,0,0,0,0,0,0,0,0,0,51391248,151287878,0,468,1202,7661,620,102783491,35,0,0,0,0,0,0,0,1,0,0,0,0,0,0,0,0,0,0,61651751,0,149433059,2473358,0,0,0,0,0,0,0,0,16384,0,0,0,0,0,0,0,0,0,0,0,8282,453,0,0,0,0,0,156227382,0,180,0,3,453,8282,0,0,0,0,0,0,0,0,0,0,0,0,0,0,0,0,0,0,0,0,0,0,0,0,0,0,0,0,0,0,0,0,0,0,0,0,0,0,0,0,0,0,0,0,0,0,0,0,0,0,0,0,0,0,782939315,0,0,0,1055857089,0,0,0,0,0,0,0,200612574,526339810,943199267,430588259328,160030455,1,0,0,0,0,0,0,0,0,0,0,0,0,0,0,0,0,0,0,0,0,0,0,0,0,0,0,0,0,0,0,1492,0,0,0,0,0,0,0
1782980684.732,0,0,0,0,0,0,0,1903804276,8623199193600,3035631441920,0,0,0,0,0,0,0,0,0,0,0,0,0,0,0,0,0,0,0,0,0,0,0,0,0,0,0,0,0,0,0,0,0,0,0,0,0,0,0,0,0,0,0,0,0,0,0,0,0,0,0,0,0,0,0,0,0,0,7,1967765,528807161,154105053,0,0,0,0,0,0,0,0,0,0,0,0,0,0,0,0,0,0,0,0,0,0,0,0,0,0,0,0,0,0,0,0,0,0,0,0,0,12881149952,5170397184,786203,315576,149462911,132,0,98,786432,526711813,811153,6,9383857390,12884901888,11057516,1460276827,0,0,0,0,0,0,0,0,0,0,0,0,0,0,0,0,0,0,51400543,151297172,0,468,1202,7661,620,102802075,35,0,0,0,0,0,0,0,1,0,0,0,0,0,0,0,0,0,0,61662312,0,149460653,2473710,0,0,0,0,0,0,0,0,16384,0,0,0,0,0,0,0,0,0,0,0,8283,453,0,0,0,0,0,156255633,0,180,0,3,453,8283,0,0,0,0,0,0,0,0,0,0,0,0,0,0,0,0,0,0,0,0,0,0,0,0,0,0,0,0,0,0,0,0,0,0,0,0,0,0,0,0,0,0,0,0,0,0,0,0,0,0,0,0,0,0,783075701,0,0,0,1056014414,0,0,0,0,0,0,0,200632222,526448996,943371984,430659291136,160041253,1,0,0,0,0,0,0,0,0,0,0,0,0,0,0,0,0,0,0,0,0,0,0,0,0,0,0,0,0,0,0,1783,0,0,0,0,0,0,0
1782980685.813,0,0,0,0,0,0,0,1904112735,8624960637440,3036217082368,0,0,0,0,0,0,0,0,0,0,0,0,0,0,0,0,0,0,0,0,0,0,0,0,0,0,0,0,0,0,0,0,0,0,0,0,0,0,0,0,0,0,0,0,0,0,0,0,0,0,0,0,0,0,0,0,0,0,7,1967798,528915440,154136164,0,0,0,0,0,0,0,0,0,0,0,0,0,0,0,0,0,0,0,0,0,0,0,0,0,0,0,0,0,0,0,0,0,0,0,0,0,12876201984,5149556736,785901,314304,149493381,435,0,97,786432,526819709,811153,6,9385399130,12884901888,11067738,1460471041,0,0,0,0,0,0,0,0,0,0,0,0,0,0,0,0,0,0,51409714,151306344,0,468,1202,7661,620,102820420,35,0,0,0,0,0,0,0,1,0,0,0,0,0,0,0,0,0,0,61672738,0,149487923,2474060,0,0,0,0,0,0,0,0,16384,0,0,0,0,0,0,0,0,0,0,0,8284,453,0,0,0,0,0,156283516,0,180,0,3,453,8284,0,0,0,0,0,0,0,0,0,0,0,0,0,0,0,0,0,0,0,0,0,0,0,0,0,0,0,0,0,0,0,0,0,0,0,0,0,0,0,0,0,0,0,0,0,0,0,0,0,0,0,0,0,0,783209825,0,0,0,1056169893,0,0,0,0,0,0,0,200651924,526556464,943541047,430729043456,160052426,1,0,0,0,0,0,0,0,0,0,0,0,0,0,0,0,0,0,0,0,0,0,0,0,0,0,0,0,0,0,0,1606,0,0,0,0,0,0,0
1782980686.897,0,0,0,0,0,0,0,1904440630,8626843814400,3036813664256,0,0,0,0,0,0,0,0,0,0,0,0,0,0,0,0,0,0,0,0,0,0,0,0,0,0,0,0,0,0,0,0,0,0,0,0,0,0,0,0,0,0,0,0,0,0,0,0,0,0,0,0,0,0,0,0,0,0,7,1967831,529031300,154167454,0,0,0,0,0,0,0,0,0,0,0,0,0,0,0,0,0,0,0,0,0,0,0,0,0,0,0,0,0,0,0,0,0,0,0,0,0,12879937536,5162041344,786128,315066,149522069,206,0,99,786432,526935119,811153,6,9387040838,12884901888,11072864,1460677460,0,0,0,0,0,0,0,0,0,0,0,0,0,0,0,0,0,0,51419465,151316092,0,468,1202,7661,620,102839924,35,0,0,0,0,0,0,0,1,0,0,0,0,0,0,0,0,0,0,61683831,0,149516549,2474440,0,0,0,0,0,0,0,0,16384,0,0,0,0,0,0,0,0,0,0,0,8285,453,0,0,0,0,0,156313142,0,180,0,3,453,8285,0,0,0,0,0,0,0,0,0,0,0,0,0,0,0,0,0,0,0,0,0,0,0,0,0,0,0,0,0,0,0,0,0,0,0,0,0,0,0,0,0,0,0,0,0,0,0,0,0,0,0,0,0,0,783350119,0,0,0,1056335321,0,0,0,0,0,0,0,200670275,526671421,943715217,430802129408,160062977,1,0,0,0,0,0,0,0,0,0,0,0,0,0,0,0,0,0,0,0,0,0,0,0,0,0,0,0,0,0,0,1307,0,0,0,0,0,0,0
1782980687.984,0,0,0,0,0,0,0,1904760086,8628671285760,3037399091200,0,0,0,0,0,0,0,0,0,0,0,0,0,0,0,0,0,0,0,0,0,0,0,0,0,0,0,0,0,0,0,0,0,0,0,0,0,0,0,0,0,0,0,0,0,0,0,0,0,0,0,0,0,0,0,0,0,0,7,1967850,529143704,154198177,0,0,0,0,0,0,0,0,0,0,0,0,0,0,0,0,0,0,0,0,0,0,0,0,0,0,0,0,0,0,0,0,0,0,0,0,0,12879020032,5166579712,786072,315343,149549878,265,0,98,786432,527047101,811153,6,9388639228,12884901888,11080267,1460879081,0,0,0,0,0,0,0,0,0,0,0,0,0,0,0,0,0,0,51428957,151325585,0,468,1202,7661,620,102858906,35,0,0,0,0,0,0,0,1,0,0,0,0,0,0,0,0,0,0,61694647,0,149544358,2474813,0,0,0,0,0,0,0,0,16384,0,0,0,0,0,0,0,0,0,0,0,8286,453,0,0,0,0,0,156342006,0,180,0,3,453,8286,0,0,0,0,0,0,0,0,0,0,0,0,0,0,0,0,0,0,0,0,0,0,0,0,0,0,0,0,0,0,0,0,0,0,0,0,0,0,0,0,0,0,0,0,0,0,0,0,0,0,0,0,0,0,783488292,0,0,0,1056496686,0,0,0,0,0,0,0,200689179,526782976,943887088,430873916928,160074073,1,1,0,0,0,0,0,0,0,0,0,0,0,0,0,0,0,0,0,0,0,0,0,0,0,0,0,0,0,0,0,597,0,0,0,0,0,0,0
1782980689.071,0,0,0,0,0,0,0,1905091375,8630573386240,3038003497472,0,0,0,0,0,0,0,0,0,0,0,0,0,0,0,0,0,0,0,0,0,0,0,0,0,0,0,0,0,0,0,0,0,0,0,0,0,0,0,0,0,0,0,0,0,0,0,0,0,0,0,0,0,0,0,0,0,0,7,1967889,529260682,154229861,0,0,0,0,0,0,0,0,0,0,0,0,0,0,0,0,0,0,0,0,0,0,0,0,0,0,0,0,0,0,0,0,0,0,0,0,0,12881166336,5177098240,786204,315985,149579426,133,0,97,786432,527163677,811153,6,9390297603,12884901888,11084900,1461087830,0,0,0,0,0,0,0,0,0,0,0,0,0,0,0,0,0,0,51438826,151335455,0,468,1202,7661,620,102878633,35,0,0,0,0,0,0,0,1,0,0,0,0,0,0,0,0,0,0,61705887,0,149573906,2475212,0,0,0,0,0,0,0,0,16384,0,0,0,0,0,0,0,0,0,0,0,8287,453,0,0,0,0,0,156371973,0,180,0,3,453,8287,0,0,0,0,0,0,0,0,0,0,0,0,0,0,0,0,0,0,0,0,0,0,0,0,0,0,0,0,0,0,0,0,0,0,0,0,0,0,0,0,0,0,0,0,0,0,0,0,0,0,0,0,0,0,783630363,0,0,0,1056663781,0,0,0,0,0,0,0,200707067,526899061,944063010,430948029440,160084344,1,1,0,0,0,0,0,0,0,0,0,0,0,0,0,0,0,0,0,0,0,0,0,0,0,0,0,0,0,0,0,419,0,0,0,0,0,0,0
1782980690.161,0,0,0,0,0,0,0,1905396782,8632323672576,3038567842816,0,0,0,0,0,0,0,0,0,0,0,0,0,0,0,0,0,0,0,0,0,0,0,0,0,0,0,0,0,0,0,0,0,0,0,0,0,0,0,0,0,0,0,0,0,0,0,0,0,0,0,0,0,0,0,0,0,0,7,1967919,529368310,154259486,0,0,0,0,0,0,0,0,0,0,0,0,0,0,0,0,0,0,0,0,0,0,0,0,0,0,0,0,0,0,0,0,0,0,0,0,0,12881166336,5178949632,786204,316097,149605039,131,0,98,786432,527270927,811153,6,9391822600,12884901888,11095045,1461278341,0,0,0,0,0,0,0,0,0,0,0,0,0,0,0,0,0,0,51447894,151344526,0,468,1202,7661,620,102896782,35,0,0,0,0,0,0,0,1,0,0,0,0,0,0,0,0,0,0,61716202,0,149599649,2475549,0,0,0,0,0,0,0,0,16384,0,0,0,0,0,0,0,0,0,0,0,8288,453,0,0,0,0,0,156399545,0,180,0,3,453,8288,0,0,0,0,0,0,0,0,0,0,0,0,0,0,0,0,0,0,0,0,0,0,0,0,0,0,0,0,0,0,0,0,0,0,0,0,0,0,0,0,0,0,0,0,0,0,0,0,0,0,0,0,0,0,783763342,0,0,0,1056817087,0,0,0,0,0,0,0,200726713,527005888,944229478,431017133056,160095888,1,0,0,0,0,0,0,0,0,0,0,0,0,0,0,0,0,0,0,0,0,0,0,0,0,0,0,0,0,0,0,870,0,0,0,0,0,0,0
1782980691.244,0,0,0,0,0,0,0,1905725369,8634206161408,3039165427712,0,0,0,0,0,0,0,0,0,0,0,0,0,0,0,0,0,0,0,0,0,0,0,0,0,0,0,0,0,0,0,0,0,0,0,0,0,0,0,0,0,0,0,0,0,0,0,0,0,0,0,0,0,0,0,0,0,0,7,1967953,529484053,154290793,0,0,0,0,0,0,0,0,0,0,0,0,0,0,0,0,0,0,0,0,0,0,0,0,0,0,0,0,0,0,0,0,0,0,0,0,0,12880297984,5190238208,786150,316787,149634050,181,0,100,786432,527386259,811153,6,9393462950,12884901888,11100036,1461482330,0,0,0,0,0,0,0,0,0,0,0,0,0,0,0,0,0,0,51457654,151354283,0,468,1202,7661,620,102916312,35,0,0,0,0,0,0,0,1,0,0,0,0,0,0,0,0,0,0,61727291,0,149628530,2475931,0,0,0,0,0,0,0,0,16384,0,0,0,0,0,0,0,0,0,0,0,8289,453,0,0,0,0,0,156429190,0,180,0,3,453,8289,0,0,0,0,0,0,0,0,0,0,0,0,0,0,0,0,0,0,0,0,0,0,0,0,0,0,0,0,0,0,0,0,0,0,0,0,0,0,0,0,0,0,0,0,0,0,0,0,0,0,0,0,0,0,783903941,0,0,0,1056981611,0,0,0,0,0,0,0,200745489,527120669,944403779,431090112512,160107117,1,0,0,0,0,0,0,0,0,0,0,0,0,0,0,0,0,0,0,0,0,0,0,0,0,0,0,0,0,0,0,1658,0,0,0,0,0,0,0
1782980692.332,0,0,0,0,0,0,0,1906060726,8636125628928,3039775091712,0,0,0,0,0,0,0,0,0,0,0,0,0,0,0,0,0,0,0,0,0,0,0,0,0,0,0,0,0,0,0,0,0,0,0,0,0,0,0,0,0,0,0,0,0,0,0,0,0,0,0,0,0,0,0,0,0,0,7,1967983,529602114,154322828,0,0,0,0,0,0,0,0,0,0,0,0,0,0,0,0,0,0,0,0,0,0,0,0,0,0,0,0,0,0,0,0,0,0,0,0,0,12880199680,5198692352,786145,317303,149663823,190,0,96,786432,527503891,811153,6,9395139889,12884901888,11105542,1461692942,0,0,0,0,0,0,0,0,0,0,0,0,0,0,0,0,0,0,51467640,151364268,0,468,1202,7661,620,102936274,35,0,0,0,0,0,0,0,1,0,0,0,0,0,0,0,0,0,0,61738647,0,149658229,2476332,0,0,0,0,0,0,0,0,16384,0,0,0,0,0,0,0,0,0,0,0,8290,453,0,0,0,0,0,156459555,0,180,0,3,453,8290,0,0,0,0,0,0,0,0,0,0,0,0,0,0,0,0,0,0,0,0,0,0,0,0,0,0,0,0,0,0,0,0,0,0,0,0,0,0,0,0,0,0,0,0,0,0,0,0,0,0,0,0,0,0,784046083,0,0,0,1057150635,0,0,0,0,0,0,0,200765052,527237780,944580259,431164165120,160118678,0,1,0,0,0,0,0,0,0,0,0,0,0,0,0,0,0,0,0,0,0,0,0,0,0,0,0,0,0,0,0,1577,0,0,0,0,0,0,0
1782980693.423,0,0,0,0,0,0,0,1906397995,8638052780544,3040387176448,0,0,0,0,0,0,0,0,0,0,0,0,0,0,0,0,0,0,0,0,0,0,0,0,0,0,0,0,0,0,0,0,0,0,0,0,0,0,0,0,0,0,0,0,0,0,0,0,0,0,0,0,0,0,0,0,0,0,7,1968012,529720641,154354944,0,0,0,0,0,0,0,0,0,0,0,0,0,0,0,0,0,0,0,0,0,0,0,0,0,0,0,0,0,0,0,0,0,0,0,0,0,12873662464,5209030656,785745,317934,149693663,588,0,97,786432,527622006,811153,6,9396829305,12884901888,11110260,1461907064,0,0,0,0,0,0,0,0,0,0,0,0,0,0,0,0,0,0,51477668,151374301,0,468,1202,7661,620,102956332,35,0,0,0,0,0,0,0,1,0,0,0,0,0,0,0,0,0,0,61750051,0,149688069,2476736,0,0,0,0,0,0,0,0,16384,0,0,0,0,0,0,0,0,0,0,0,8291,453,0,0,0,0,0,156490077,0,180,0,3,453,8291,0,0,0,0,0,0,0,0,0,0,0,0,0,0,0,0,0,0,0,0,0,0,0,0,0,0,0,0,0,0,0,0,0,0,0,0,0,0,0,0,0,0,0,0,0,0,0,0,0,0,0,0,0,0,784190429,0,0,0,1057321604,0,0,0,0,0,0,0,200784102,527355412,944759078,431239248384,160129682,1,1,0,0,0,0,0,0,0,0,0,0,0,0,0,0,0,0,0,0,0,0,0,0,0,0,0,0,0,0,0,430,0,0,0,0,0,0,0
1782980694.514,0,0,0,0,0,0,0,1906729908,8639950539264,3040989079552,0,0,0,0,0,0,0,0,0,0,0,0,0,0,0,0,0,0,0,0,0,0,0,0,0,0,0,0,0,0,0,0,0,0,0,0,0,0,0,0,0,0,0,0,0,0,0,0,0,0,0,0,0,0,0,0,0,0,7,1968050,529837333,154386494,0,0,0,0,0,0,0,0,0,0,0,0,0,0,0,0,0,0,0,0,0,0,0,0,0,0,0,0,0,0,0,0,0,0,0,0,0,12875792384,5221629952,785877,318704,149722581,461,0,96,786432,527738255,811153,6,9398486699,12884901888,11115683,1462113963,0,0,0,0,0,0,0,0,0,0,0,0,0,0,0,0,0,0,51487548,151384179,0,468,1202,7661,620,102976083,35,0,0,0,0,0,0,0,1,0,0,0,0,0,0,0,0,0,0,61761276,0,149716987,2477119,0,0,0,0,0,0,0,0,16384,0,0,0,0,0,0,0,0,0,0,0,8293,453,0,0,0,0,0,156520103,0,180,0,3,453,8293,0,0,0,0,0,0,0,0,0,0,0,0,0,0,0,0,0,0,0,0,0,0,0,0,0,0,0,0,0,0,0,0,0,0,0,0,0,0,0,0,0,0,0,0,0,0,0,0,0,0,0,0,0,0,784331493,0,0,0,1057488045,0,0,0,0,0,0,0,200803204,527471209,944934298,431312710656,160141026,1,1,0,0,0,0,0,0,0,0,0,0,0,0,0,0,0,0,0,0,0,0,0,0,0,0,0,0,0,0,0,1144,0,0,0,0,0,0,0
1782980695.604,0,0,0,0,0,0,0,1907054766,8641811089920,3041598760448,0,0,0,0,0,0,0,0,0,0,0,0,0,0,0,0,0,0,0,0,0,0,0,0,0,0,0,0,0,0,0,0,0,0,0,0,0,0,0,0,0,0,0,0,0,0,0,0,0,0,0,0,0,0,0,0,0,0,7,1968080,529951796,154418629,0,0,0,0,0,0,0,0,0,0,0,0,0,0,0,0,0,0,0,0,0,0,0,0,0,0,0,0,0,0,0,0,0,0,0,0,0,12879921152,5212258304,786128,318131,149750973,205,0,96,786432,527852302,811153,6,9400113125,12884901888,11120982,1462319014,0,0,0,0,0,0,0,0,0,0,0,0,0,0,0,0,0,0,51497202,151393835,0,468,1202,7661,620,102995397,35,0,0,0,0,0,0,0,1,0,0,0,0,0,0,0,0,0,0,61772241,0,149746275,2477500,0,0,0,0,0,0,0,0,16384,0,0,0,0,0,0,0,0,0,0,0,8294,453,0,0,0,0,0,156549483,0,180,0,3,453,8294,0,0,0,0,0,0,0,0,0,0,0,0,0,0,0,0,0,0,0,0,0,0,0,0,0,0,0,0,0,0,0,0,0,0,0,0,0,0,0,0,0,0,0,0,0,0,0,0,0,0,0,0,0,0,784471034,0,0,0,1057652076,0,0,0,0,0,0,0,200822124,527584786,945108756,431385331200,160152007,1,0,0,0,0,0,0,0,0,0,0,0,0,0,0,0,0,0,0,0,0,0,0,0,0,0,0,0,0,0,0,663,0,0,0,0,0,0,0
1782980696.690,0,0,0,0,0,0,0,1907380920,8643681372672,3042222121984,0,0,0,0,0,0,0,0,0,0,0,0,0,0,0,0,0,0,0,0,0,0,0,0,0,0,0,0,0,0,0,0,0,0,0,0,0,0,0,0,0,0,0,0,0,0,0,0,0,0,0,0,0,0,0,0,0,0,7,1968121,530066823,154451475,0,0,0,0,0,0,0,0,0,0,0,0,0,0,0,0,0,0,0,0,0,0,0,0,0,0,0,0,0,0,0,0,0,0,0,0,0,12881788928,5194973184,786242,317076,149779614,86,0,104,786432,527966908,811153,6,9401743268,12884901888,11125908,1462522190,0,0,0,0,0,0,0,0,0,0,0,0,0,0,0,0,0,0,51506907,151403541,0,468,1202,7661,620,103014819,35,0,0,0,0,0,0,0,1,0,0,0,0,0,0,0,0,0,0,61783274,0,149776580,2477899,0,0,0,0,0,0,0,0,16384,0,0,0,0,0,0,0,0,0,0,0,8295,453,0,0,0,0,0,156578979,0,180,0,3,453,8295,0,0,0,0,0,0,0,0,0,0,0,0,0,0,0,0,0,0,0,0,0,0,0,0,0,0,0,0,0,0,0,0,0,0,0,0,0,0,0,0,0,0,0,0,0,0,0,0,0,0,0,0,0,0,784610020,0,0,0,1057815497,0,0,0,0,0,0,0,200840694,527698959,945283209,431457729536,160162649,1,0,0,0,0,0,0,0,0,0,0,0,0,0,0,0,0,0,0,0,0,0,0,0,0,0,0,0,0,0,0,1481,0,0,0,0,0,0,0
1782980697.772,0,0,0,0,0,0,0,1907705641,8645537155584,3042842284544,0,0,0,0,0,0,0,0,0,0,0,0,0,0,0,0,0,0,0,0,0,0,0,0,0,0,0,0,0,0,0,0,0,0,0,0,0,0,0,0,0,0,0,0,0,0,0,0,0,0,0,0,0,0,0,0,0,0,7,1968157,530180958,154484338,0,0,0,0,0,0,0,0,0,0,0,0,0,0,0,0,0,0,0,0,0,0,0,0,0,0,0,0,0,0,0,0,0,0,0,0,0,12881575936,5173559296,786229,315770,149812055,92,0,112,786432,528080641,811153,6,9403370307,12884901888,11132708,1462728809,0,0,0,0,0,0,0,0,0,0,0,0,0,0,0,0,0,0,51516555,151413189,0,468,1202,7661,620,103034111,35,0,0,0,0,0,0,0,1,0,0,0,0,0,0,0,0,0,0,61794247,0,149806461,2478287,0,0,0,0,0,0,0,0,16384,0,0,0,0,0,0,0,0,0,0,0,8296,453,0,0,0,0,0,156608325,0,180,0,3,453,8296,0,0,0,0,0,0,0,0,0,0,0,0,0,0,0,0,0,0,0,0,0,0,0,0,0,0,0,0,0,0,0,0,0,0,0,0,0,0,0,0,0,0,0,0,0,0,0,0,0,0,0,0,0,0,784750277,0,0,0,1057980034,0,0,0,0,0,0,0,200860287,527812120,945459319,431530781184,160173867,1,1,0,0,0,0,0,0,0,0,0,0,0,0,0,0,0,0,0,0,0,0,0,0,0,0,0,0,0,0,0,367,0,0,0,0,0,0,0
1782980698.856,0,0,0,0,0,0,0,1908026948,8647383648768,3043432605696,0,0,0,0,0,0,0,0,0,0,0,0,0,0,0,0,0,0,0,0,0,0,0,0,0,0,0,0,0,0,0,0,0,0,0,0,0,0,0,0,0,0,0,0,0,0,0,0,0,0,0,0,0,0,0,0,0,0,7,1968182,530294494,154515411,0,0,0,0,0,0,0,0,0,0,0,0,0,0,0,0,0,0,0,0,0,0,0,0,0,0,0,0,0,0,0,0,0,0,0,0,0,12881117184,5180964864,786201,316221,149840479,136,0,97,786432,528193767,811153,6,9404975331,12884901888,11139391,1462928609,0,0,0,0,0,0,0,0,0,0,0,0,0,0,0,0,0,0,51526118,151422748,0,468,1202,7661,620,103053227,35,0,0,0,0,0,0,0,1,0,0,0,0,0,0,0,0,0,0,61805111,0,149834885,2478669,0,0,0,0,0,0,0,0,16384,0,0,0,0,0,0,0,0,0,0,0,8297,453,0,0,0,0,0,156637378,0,180,0,3,453,8297,0,0,0,0,0,0,0,0,0,0,0,0,0,0,0,0,0,0,0,0,0,0,0,0,0,0,0,0,0,0,0,0,0,0,0,0,0,0,0,0,0,0,0,0,0,0,0,0,0,0,0,0,0,0,784886567,0,0,0,1058141110,0,0,0,0,0,0,0,200880247,527924771,945629367,431601812480,160185843,1,0,0,0,0,0,0,0,0,0,0,0,0,0,0,0,0,0,0,0,0,0,0,0,0,0,0,0,0,0,0,1132,0,0,0,0,0,0,0
1782980699.944,0,0,0,0,0,0,0,1908336386,8649158871552,3044004742144,0,0,0,0,0,0,0,0,0,0,0,0,0,0,0,0,0,0,0,0,0,0,0,0,0,0,0,0,0,0,0,0,0,0,0,0,0,0,0,0,0,0,0,0,0,0,0,0,0,0,0,0,0,0,0,0,0,0,7,1968224,530403638,154545382,0,0,0,0,0,0,0,0,0,0,0,0,0,0,0,0,0,0,0,0,0,0,0,0,0,0,0,0,0,0,0,0,0,0,0,0,0,12878200832,5181620224,786023,316261,149866847,310,0,97,786432,528302534,811153,6,9406521793,12884901888,11148459,1463122401,0,0,0,0,0,0,0,0,0,0,0,0,0,0,0,0,0,0,51535308,151431941,0,468,1202,7661,620,103071606,35,0,0,0,0,0,0,0,1,0,0,0,0,0,0,0,0,0,0,61815565,0,149861253,2479021,0,0,0,0,0,0,0,0,16384,0,0,0,0,0,0,0,0,0,0,0,8298,453,0,0,0,0,0,156665308,0,180,0,3,453,8298,0,0,0,0,0,0,0,0,0,0,0,0,0,0,0,0,0,0,0,0,0,0,0,0,0,0,0,0,0,0,0,0,0,0,0,0,0,0,0,0,0,0,0,0,0,0,0,0,0,0,0,0,0,0,785021576,0,0,0,1058296647,0,0,0,0,0,0,0,200899879,528033079,945797984,431672077312,160197426,1,1,0,0,0,0,0,0,0,0,0,0,0,0,0,0,0,0,0,0,0,0,0,0,0,0,0,0,0,0,0,1297,0,0,0,0,0,0,0
1782980701.028,0,0,0,0,0,0,0,1908662127,8651024026112,3044601364480,0,0,0,0,0,0,0,0,0,0,0,0,0,0,0,0,0,0,0,0,0,0,0,0,0,0,0,0,0,0,0,0,0,0,0,0,0,0,0,0,0,0,0,0,0,0,0,0,0,0,0,0,0,0,0,0,0,0,7,1968264,530518349,154576736,0,0,0,0,0,0,0,0,0,0,0,0,0,0,0,0,0,0,0,0,0,0,0,0,0,0,0,0,0,0,0,0,0,0,0,0,0,12883050496,5190582272,786319,316808,149895160,15,0,97,786432,528416833,811153,6,9408151327,12884901888,11154620,1463326932,0,0,0,0,0,0,0,0,0,0,0,0,0,0,0,0,0,0,51544985,151441613,0,468,1202,7661,620,103090969,35,0,0,0,0,0,0,0,1,0,0,0,0,0,0,0,0,0,0,61826555,0,149889649,2479397,0,0,0,0,0,0,0,0,16384,0,0,0,0,0,0,0,0,0,0,0,8299,453,0,0,0,0,0,156694678,0,180,0,3,453,8299,0,0,0,0,0,0,0,0,0,0,0,0,0,0,0,0,0,0,0,0,0,0,0,0,0,0,0,0,0,0,0,0,0,0,0,0,0,0,0,0,0,0,0,0,0,0,0,0,0,0,0,0,0,0,785161024,0,0,0,1058460451,0,0,0,0,0,0,0,200919334,528146897,945971755,431744788992,160208749,1,1,0,0,0,0,0,0,0,0,0,0,0,0,0,0,0,0,0,0,0,0,0,0,0,0,0,0,0,0,0,1462,0,0,0,0,0,0,0
1782980702.118,0,0,0,0,0,0,0,1908991195,8652907284992,3045199606784,0,0,0,0,0,0,0,0,0,0,0,0,0,0,0,0,0,0,0,0,0,0,0,0,0,0,0,0,0,0,0,0,0,0,0,0,0,0,0,0,0,0,0,0,0,0,0,0,0,0,0,0,0,0,0,0,0,0,7,1968288,530634182,154608094,0,0,0,0,0,0,0,0,0,0,0,0,0,0,0,0,0,0,0,0,0,0,0,0,0,0,0,0,0,0,0,0,0,0,0,0,0,12877545472,5202477056,785982,317534,149923878,351,0,98,786432,528532201,811153,6,9409800024,12884901888,11161337,1463534603,0,0,0,0,0,0,0,0,0,0,0,0,0,0,0,0,0,0,51554769,151451403,0,468,1202,7661,620,103110533,35,0,0,0,0,0,0,0,1,0,0,0,0,0,0,0,0,0,0,61837658,0,149918284,2479781,0,0,0,0,0,0,0,0,16384,0,0,0,0,0,0,0,0,0,0,0,8300,453,0,0,0,0,0,156724448,0,180,0,3,453,8300,0,0,0,0,0,0,0,0,0,0,0,0,0,0,0,0,0,0,0,0,0,0,0,0,0,0,0,0,0,0,0,0,0,0,0,0,0,0,0,0,0,0,0,0,0,0,0,0,0,0,0,0,0,0,785301871,0,0,0,1058626351,0,0,0,0,0,0,0,200939098,528261806,946146709,431818015744,160220657,1,1,0,0,0,0,0,0,0,0,0,0,0,0,0,0,0,0,0,0,0,0,0,0,0,0,0,0,0,0,0,1243,0,0,0,0,0,0,0
1782980703.210,0,0,0,0,0,0,0,1909309850,8654739327488,3045790185472,0,0,0,0,0,0,0,0,0,0,0,0,0,0,0,0,0,0,0,0,0,0,0,0,0,0,0,0,0,0,0,0,0,0,0,0,0,0,0,0,0,0,0,0,0,0,0,0,0,0,0,0,0,0,0,0,0,0,7,1968316,530746774,154639011,0,0,0,0,0,0,0,0,0,0,0,0,0,0,0,0,0,0,0,0,0,0,0,0,0,0,0,0,0,0,0,0,0,0,0,0,0,12879937536,5203673088,786129,317607,149951117,205,0,96,786432,528644389,811153,6,9411396641,12884901888,11170887,1463737007,0,0,0,0,0,0,0,0,0,0,0,0,0,0,0,0,0,0,51564255,151460889,0,468,1202,7661,620,103129500,35,0,0,0,0,0,0,0,1,0,0,0,0,0,0,0,0,0,0,61848448,0,149945523,2480148,0,0,0,0,0,0,0,0,16384,0,0,0,0,0,0,0,0,0,0,0,8301,453,0,0,0,0,0,156753264,0,180,0,3,453,8301,0,0,0,0,0,0,0,0,0,0,0,0,0,0,0,0,0,0,0,0,0,0,0,0,0,0,0,0,0,0,0,0,0,0,0,0,0,0,0,0,0,0,0,0,0,0,0,0,0,0,0,0,0,0,785440548,0,0,0,1058787735,0,0,0,0,0,0,0,200959502,528373591,946319942,431890327040,160232555,1,0,0,0,0,0,0,0,0,0,0,0,0,0,0,0,0,0,0,0,0,0,0,0,0,0,0,0,0,0,0,340,0,0,0,0,0,0,0
1782980704.297,0,0,0,0,0,0,0,1909628734,8656564554240,3046376241664,0,0,0,0,0,0,0,0,0,0,0,0,0,0,0,0,0,0,0,0,0,0,0,0,0,0,0,0,0,0,0,0,0,0,0,0,0,0,0,0,0,0,0,0,0,0,0,0,0,0,0,0,0,0,0,0,0,0,7,1968353,530859074,154669836,0,0,0,0,0,0,0,0,0,0,0,0,0,0,0,0,0,0,0,0,0,0,0,0,0,0,0,0,0,0,0,0,0,0,0,0,0,12879314944,5205770240,786091,317734,149979163,243,0,97,786432,528756335,811153,6,9412987760,12884901888,11177852,1463934855,0,0,0,0,0,0,0,0,0,0,0,0,0,0,0,0,0,0,51573727,151470357,0,468,1202,7661,620,103148449,35,0,0,0,0,0,0,0,1,0,0,0,0,0,0,0,0,0,0,61859218,0,149973569,2480516,0,0,0,0,0,0,0,0,16384,0,0,0,0,0,0,0,0,0,0,0,8302,453,0,0,0,0,0,156782103,0,180,0,3,453,8302,0,0,0,0,0,0,0,0,0,0,0,0,0,0,0,0,0,0,0,0,0,0,0,0,0,0,0,0,0,0,0,0,0,0,0,0,0,0,0,0,0,0,0,0,0,0,0,0,0,0,0,0,0,0,785577902,0,0,0,1058947231,0,0,0,0,0,0,0,200978728,528485003,946490979,431961896960,160243907,1,1,0,0,0,0,0,0,0,0,0,0,0,0,0,0,0,0,0,0,0,0,0,0,0,0,0,0,0,0,0,1370,0,0,0,0,0,0,0
1782980705.384,0,0,0,0,0,0,0,1909941802,8658362698240,3046954302464,0,0,0,0,0,0,0,0,0,0,0,0,0,0,0,0,0,0,0,0,0,0,0,0,0,0,0,0,0,0,0,0,0,0,0,0,0,0,0,0,0,0,0,0,0,0,0,0,0,0,0,0,0,0,0,0,0,0,7,1968381,530969657,154700085,0,0,0,0,0,0,0,0,0,0,0,0,0,0,0,0,0,0,0,0,0,0,0,0,0,0,0,0,0,0,0,0,0,0,0,0,0,12878561280,5209079808,786044,317937,150006110,291,0,97,786432,528866475,811153,6,9414556002,12884901888,11186253,1464133538,0,0,0,0,0,0,0,0,0,0,0,0,0,0,0,0,0,0,51583036,151479672,0,468,1202,7661,620,103167068,35,0,0,0,0,0,0,0,1,0,0,0,0,0,0,0,0,0,0,61869808,0,150000516,2480879,0,0,0,0,0,0,0,0,16384,0,0,0,0,0,0,0,0,0,0,0,8303,453,0,0,0,0,0,156810427,0,180,0,3,453,8303,0,0,0,0,0,0,0,0,0,0,0,0,0,0,0,0,0,0,0,0,0,0,0,0,0,0,0,0,0,0,0,0,0,0,0,0,0,0,0,0,0,0,0,0,0,0,0,0,0,0,0,0,0,0,785714342,0,0,0,1059105727,0,0,0,0,0,0,0,200998175,528594744,946660942,432032811520,160255316,1,0,0,0,0,0,0,0,0,0,0,0,0,0,0,0,0,0,0,0,0,0,0,0,0,0,0,0,0,0,0,489,0,0,0,0,0,0,0
1782980706.470,0,0,0,0,0,0,0,1910267353,8660222003712,3047548931072,0,0,0,0,0,0,0,0,0,0,0,0,0,0,0,0,0,0,0,0,0,0,0,0,0,0,0,0,0,0,0,0,0,0,0,0,0,0,0,0,0,0,0,0,0,0,0,0,0,0,0,0,0,0,0,0,0,0,7,1968410,531083995,154731259,0,0,0,0,0,0,0,0,0,0,0,0,0,0,0,0,0,0,0,0,0,0,0,0,0,0,0,0,0,0,0,0,0,0,0,0,0,12879740928,5213667328,786117,318217,150034186,219,0,97,786432,528980351,811153,6,9416184627,12884901888,11193799,1464338556,0,0,0,0,0,0,0,0,0,0,0,0,0,0,0,0,0,0,51592719,151489355,0,468,1202,7661,620,103186438,35,0,0,0,0,0,0,0,1,0,0,0,0,0,0,0,0,0,0,61880815,0,150028632,2481255,0,0,0,0,0,0,0,0,16384,0,0,0,0,0,0,0,0,0,0,0,8305,453,0,0,0,0,0,156839798,0,180,0,3,453,8305,0,0,0,0,0,0,0,0,0,0,0,0,0,0,0,0,0,0,0,0,0,0,0,0,0,0,0,0,0,0,0,0,0,0,0,0,0,0,0,0,0,0,0,0,0,0,0,0,0,0,0,0,0,0,785855328,0,0,0,1059269940,0,0,0,0,0,0,0,201017282,528708179,946836191,432106280448,160266122,1,1,0,0,0,0,0,0,0,0,0,0,0,0,0,0,0,0,0,0,0,0,0,0,0,0,0,0,0,0,0,233,0,0,0,0,0,0,0
1782980707.562,0,0,0,0,0,0,0,1910592544,8662080244224,3048145880064,0,0,0,0,0,0,0,0,0,0,0,0,0,0,0,0,0,0,0,0,0,0,0,0,0,0,0,0,0,0,0,0,0,0,0,0,0,0,0,0,0,0,0,0,0,0,0,0,0,0,0,0,0,0,0,0,0,0,7,1968437,531198312,154762542,0,0,0,0,0,0,0,0,0,0,0,0,0,0,0,0,0,0,0,0,0,0,0,0,0,0,0,0,0,0,0,0,0,0,0,0,0,12877742080,5221367808,785995,318687,150062457,277,0,158,786432,529094265,811153,6,9417809499,12884901888,11200170,1464541449,0,0,0,0,0,0,0,0,0,0,0,0,0,0,0,0,0,0,51602394,151499027,0,468,1202,7661,620,103205790,35,0,0,0,0,0,0,0,1,0,0,0,0,0,0,0,0,0,0,61891802,0,150056863,2481630,0,0,0,0,0,0,0,0,16384,0,0,0,0,0,0,0,0,0,0,0,8306,453,0,0,0,0,0,156869178,0,180,0,3,453,8306,0,0,0,0,0,0,0,0,0,0,0,0,0,0,0,0,0,0,0,0,0,0,0,0,0,0,0,0,0,0,0,0,0,0,0,0,0,0,0,0,0,0,0,0,0,0,0,0,0,0,0,0,0,0,785995018,0,0,0,1059432994,0,0,0,0,0,0,0,201036203,528821611,947010229,432178890752,160277088,0,1,0,0,0,0,0,0,0,0,0,0,0,0,0,0,0,0,0,0,0,0,0,0,0,0,0,0,0,0,0,925,0,0,0,0,0,0,0
1782980708.650,0,0,0,0,0,0,0,1910911167,8663904913920,3048752961536,0,0,0,0,0,0,0,0,0,0,0,0,0,0,0,0,0,0,0,0,0,0,0,0,0,0,0,0,0,0,0,0,0,0,0,0,0,0,0,0,0,0,0,0,0,0,0,0,0,0,0,0,0,0,0,0,0,0,7,1968471,531310463,154794498,0,0,0,0,0,0,0,0,0,0,0,0,0,0,0,0,0,0,0,0,0,0,0,0,0,0,0,0,0,0,0,0,0,0,0,0,0,12881494016,5204344832,786224,317648,150089450,110,0,97,786432,529206010,811153,6,9419400998,12884901888,11207362,1464740704,0,0,0,0,0,0,0,0,0,0,0,0,0,0,0,0,0,0,51611853,151508487,0,468,1202,7661,620,103224702,35,0,0,0,0,0,0,0,1,0,0,0,0,0,0,0,0,0,0,61902562,0,150085136,2482010,0,0,0,0,0,0,0,0,16384,0,0,0,0,0,0,0,0,0,0,0,8307,453,0,0,0,0,0,156897939,0,180,0,3,453,8307,0,0,0,0,0,0,0,0,0,0,0,0,0,0,0,0,0,0,0,0,0,0,0,0,0,0,0,0,0,0,0,0,0,0,0,0,0,0,0,0,0,0,0,0,0,0,0,0,0,0,0,0,0,0,786132922,0,0,0,1059592817,0,0,0,0,0,0,0,201055222,528932902,947183551,432250627584,160287731,1,0,0,0,0,0,0,0,0,0,0,0,0,0,0,0,0,0,0,0,0,0,0,0,0,0,0,0,0,0,0,1432,0,0,0,0,0,0,0
1782980709.727,0,0,0,0,0,0,0,1911218048,8665660164608,3049340514304,0,0,0,0,0,0,0,0,0,0,0,0,0,0,0,0,0,0,0,0,0,0,0,0,0,0,0,0,0,0,0,0,0,0,0,0,0,0,0,0,0,0,0,0,0,0,0,0,0,0,0,0,0,0,0,0,0,0,7,1968502,531418412,154825618,0,0,0,0,0,0,0,0,0,0,0,0,0,0,0,0,0,0,0,0,0,0,0,0,0,0,0,0,0,0,0,0,0,0,0,0,0,12883296256,5181980672,786333,316283,150115224,0,0,97,786432,529313537,811153,6,9420934798,12884901888,11216525,1464932896,0,0,0,0,0,0,0,0,0,0,0,0,0,0,0,0,0,0,51620985,151517618,0,468,1202,7661,620,103242969,35,0,0,0,0,0,0,0,1,0,0,0,0,0,0,0,0,0,0,61912946,0,150112289,2482359,0,0,0,0,0,0,0,0,16384,0,0,0,0,0,0,0,0,0,0,0,8308,453,0,0,0,0,0,156925701,0,180,0,3,453,8308,0,0,0,0,0,0,0,0,0,0,0,0,0,0,0,0,0,0,0,0,0,0,0,0,0,0,0,0,0,0,0,0,0,0,0,0,0,0,0,0,0,0,0,0,0,0,0,0,0,0,0,0,0,0,786266655,0,0,0,1059747153,0,0,0,0,0,0,0,201073370,529040042,947352285,432320269824,160297794,1,0,0,0,0,0,0,0,0,0,0,0,0,0,0,0,0,0,0,0,0,0,0,0,0,0,0,0,0,0,0,1723,0,0,0,0,0,0,0
1782980710.805,0,0,0,0,0,0,0,1911535816,8667476363776,3049946126336,0,0,0,0,0,0,0,0,0,0,0,0,0,0,0,0,0,0,0,0,0,0,0,0,0,0,0,0,0,0,0,0,0,0,0,0,0,0,0,0,0,0,0,0,0,0,0,0,0,0,0,0,0,0,0,0,0,0,7,1968530,531530129,154857546,0,0,0,0,0,0,0,0,0,0,0,0,0,0,0,0,0,0,0,0,0,0,0,0,0,0,0,0,0,0,0,0,0,0,0,0,0,12883296256,5165350912,786335,315268,150142362,0,0,97,786432,529424834,811153,6,9422525475,12884901888,11225051,1465134409,0,0,0,0,0,0,0,0,0,0,0,0,0,0,0,0,0,0,51630440,151527076,0,468,1202,7661,620,103261880,35,0,0,0,0,0,0,0,1,0,0,0,0,0,0,0,0,0,0,61923705,0,150140736,2482723,0,0,0,0,0,0,0,0,16384,0,0,0,0,0,0,0,0,0,0,0,8309,453,0,0,0,0,0,156954453,0,180,0,3,453,8309,0,0,0,0,0,0,0,0,0,0,0,0,0,0,0,0,0,0,0,0,0,0,0,0,0,0,0,0,0,0,0,0,0,0,0,0,0,0,0,0,0,0,0,0,0,0,0,0,0,0,0,0,0,0,786405240,0,0,0,1059907987,0,0,0,0,0,0,0,201092146,529150879,947526324,432392349184,160308300,1,1,0,0,0,0,0,0,0,0,0,0,0,0,0,0,0,0,0,0,0,0,0,0,0,0,0,0,0,0,0,865,0,0,0,0,0,0,0
1782980711.888,0,0,0,0,0,0,0,1911839312,8669204433408,3050510216192,0,0,0,0,0,0,0,0,0,0,0,0,0,0,0,0,0,0,0,0,0,0,0,0,0,0,0,0,0,0,0,0,0,0,0,0,0,0,0,0,0,0,0,0,0,0,0,0,0,0,0,0,0,0,0,0,0,0,7,1968556,531636499,154887171,0,0,0,0,0,0,0,0,0,0,0,0,0,0,0,0,0,0,0,0,0,0,0,0,0,0,0,0,0,0,0,0,0,0,0,0,0,12880805888,5164417024,786182,315211,150172761,126,0,125,786432,529530806,811153,6,9424041641,12884901888,11234489,1465324093,0,0,0,0,0,0,0,0,0,0,0,0,0,0,0,0,0,0,51639459,151536089,0,468,1202,7661,620,103279910,35,0,0,0,0,0,0,0,1,0,0,0,0,0,0,0,0,0,0,61933943,0,150167167,2483079,0,0,0,0,0,0,0,0,16384,0,0,0,0,0,0,0,0,0,0,0,8310,453,0,0,0,0,0,156981848,0,180,0,3,453,8310,0,0,0,0,0,0,0,0,0,0,0,0,0,0,0,0,0,0,0,0,0,0,0,0,0,0,0,0,0,0,0,0,0,0,0,0,0,0,0,0,0,0,0,0,0,0,0,0,0,0,0,0,0,0,786537407,0,0,0,1060060437,0,0,0,0,0,0,0,201112370,529256381,947691537,432461101568,160320395,1,0,0,0,0,0,0,0,0,0,0,0,0,0,0,0,0,0,0,0,0,0,0,0,0,0,0,0,0,0,0,1045,0,0,0,0,0,0,0
1782980712.963,0,0,0,0,0,0,0,1912160515,8671048534528,3051100578816,0,0,0,0,0,0,0,0,0,0,0,0,0,0,0,0,0,0,0,0,0,0,0,0,0,0,0,0,0,0,0,0,0,0,0,0,0,0,0,0,0,0,0,0,0,0,0,0,0,0,0,0,0,0,0,0,0,0,7,1968585,531749849,154918131,0,0,0,0,0,0,0,0,0,0,0,0,0,0,0,0,0,0,0,0,0,0,0,0,0,0,0,0,0,0,0,0,0,0,0,0,0,12878282752,5174673408,786028,315837,150200471,307,0,96,786432,529643744,811153,6,9425651259,12884901888,11243204,1465527922,0,0,0,0,0,0,0,0,0,0,0,0,0,0,0,0,0,0,51649005,151545640,0,468,1202,7661,620,103299007,35,0,0,0,0,0,0,0,1,0,0,0,0,0,0,0,0,0,0,61944803,0,150194877,2483454,0,0,0,0,0,0,0,0,16384,0,0,0,0,0,0,0,0,0,0,0,8311,453,0,0,0,0,0,157010882,0,180,0,3,453,8311,0,0,0,0,0,0,0,0,0,0,0,0,0,0,0,0,0,0,0,0,0,0,0,0,0,0,0,0,0,0,0,0,0,0,0,0,0,0,0,0,0,0,0,0,0,0,0,0,0,0,0,0,0,0,786677079,0,0,0,1060222936,0,0,0,0,0,0,0,201132153,529368934,947865369,432533779968,160331844,1,1,0,0,0,0,0,0,0,0,0,0,0,0,0,0,0,0,0,0,0,0,0,0,0,0,0,0,0,0,0,399,0,0,0,0,0,0,0
1782980714.052,0,0,0,0,0,0,0,1912484690,8672902040064,3051693597696,0,0,0,0,0,0,0,0,0,0,0,0,0,0,0,0,0,0,0,0,0,0,0,0,0,0,0,0,0,0,0,0,0,0,0,0,0,0,0,0,0,0,0,0,0,0,0,0,0,0,0,0,0,0,0,0,0,0,7,1968609,531863815,154949199,0,0,0,0,0,0,0,0,0,0,0,0,0,0,0,0,0,0,0,0,0,0,0,0,0,0,0,0,0,0,0,0,0,0,0,0,0,12877545472,5180866560,785983,316215,150228632,349,0,97,786432,529757267,811153,6,9427269242,12884901888,11249274,1465729263,0,0,0,0,0,0,0,0,0,0,0,0,0,0,0,0,0,0,51658640,151555275,0,468,1202,7661,620,103318270,35,0,0,0,0,0,0,0,1,0,0,0,0,0,0,0,0,0,0,61955761,0,150223038,2483831,0,0,0,0,0,0,0,0,16384,0,0,0,0,0,0,0,0,0,0,0,8312,453,0,0,0,0,0,157040131,0,180,0,3,453,8312,0,0,0,0,0,0,0,0,0,0,0,0,0,0,0,0,0,0,0,0,0,0,0,0,0,0,0,0,0,0,0,0,0,0,0,0,0,0,0,0,0,0,0,0,0,0,0,0,0,0,0,0,0,0,786817446,0,0,0,1060385089,0,0,0,0,0,0,0,201150962,529482022,948039743,432606743040,160342704,0,0,0,0,0,0,0,0,0,0,0,0,0,0,0,0,0,0,0,0,0,0,0,0,0,0,0,0,0,0,0,1392,0,0,0,0,0,0,0
1782980715.141,0,0,0,0,0,0,0,1912798803,8674696579584,3052273339904,0,0,0,0,0,0,0,0,0,0,0,0,0,0,0,0,0,0,0,0,0,0,0,0,0,0,0,0,0,0,0,0,0,0,0,0,0,0,0,0,0,0,0,0,0,0,0,0,0,0,0,0,0,0,0,0,0,0,7,1968631,531974173,154979588,0,0,0,0,0,0,0,0,0,0,0,0,0,0,0,0,0,0,0,0,0,0,0,0,0,0,0,0,0,0,0,0,0,0,0,0,0,12878741504,5184700416,786056,316449,150255647,269,0,103,786432,529867251,811153,6,9428839264,12884901888,11257785,1465926968,0,0,0,0,0,0,0,0,0,0,0,0,0,0,0,0,0,0,51667986,151564619,0,468,1202,7661,620,103336965,35,0,0,0,0,0,0,0,1,0,0,0,0,0,0,0,0,0,0,61966386,0,150250053,2484183,0,0,0,0,0,0,0,0,16384,0,0,0,0,0,0,0,0,0,0,0,8313,453,0,0,0,0,0,157068517,0,180,0,3,453,8313,0,0,0,0,0,0,0,0,0,0,0,0,0,0,0,0,0,0,0,0,0,0,0,0,0,0,0,0,0,0,0,0,0,0,0,0,0,0,0,0,0,0,0,0,0,0,0,0,0,0,0,0,0,0,786954109,0,0,0,1060543667,0,0,0,0,0,0,0,201170703,529591549,948210143,432677689344,160354262,1,0,0,0,0,0,0,0,0,0,0,0,0,0,0,0,0,0,0,0,0,0,0,0,0,0,0,0,0,0,0,1000,0,0,0,0,0,0,0
1782980716.229,0,0,0,0,0,0,0,1913127604,8676578855424,3052870338048,0,0,0,0,0,0,0,0,0,0,0,0,0,0,0,0,0,0,0,0,0,0,0,0,0,0,0,0,0,0,0,0,0,0,0,0,0,0,0,0,0,0,0,0,0,0,0,0,0,0,0,0,0,0,0,0,0,0,7,1968670,532089876,155010914,0,0,0,0,0,0,0,0,0,0,0,0,0,0,0,0,0,0,0,0,0,0,0,0,0,0,0,0,0,0,0,0,0,0,0,0,0,12877709312,5196988416,785994,317199,150284634,341,0,99,786432,529982498,811153,6,9430482015,12884901888,11263098,1466132710,0,0,0,0,0,0,0,0,0,0,0,0,0,0,0,0,0,0,51677752,151574386,0,468,1202,7661,620,103356505,35,0,0,0,0,0,0,0,1,0,0,0,0,0,0,0,0,0,0,61977490,0,150279081,2484576,0,0,0,0,0,0,0,0,16384,0,0,0,0,0,0,0,0,0,0,0,8314,453,0,0,0,0,0,157098200,0,180,0,3,453,8314,0,0,0,0,0,0,0,0,0,0,0,0,0,0,0,0,0,0,0,0,0,0,0,0,0,0,0,0,0,0,0,0,0,0,0,0,0,0,0,0,0,0,0,0,0,0,0,0,0,0,0,0,0,0,787094644,0,0,0,1060708723,0,0,0,0,0,0,0,201189120,529706430,948384372,432751139328,160364937,1,0,0,0,0,0,0,0,0,0,0,0,0,0,0,0,0,0,0,0,0,0,0,0,0,0,0,0,0,0,0,1463,0,0,0,0,0,0,0
1782980717.314,0,0,0,0,0,0,0,1913448036,8678412618240,3053459238400,0,0,0,0,0,0,0,0,0,0,0,0,0,0,0,0,0,0,0,0,0,0,0,0,0,0,0,0,0,0,0,0,0,0,0,0,0,0,0,0,0,0,0,0,0,0,0,0,0,0,0,0,0,0,0,0,0,0,7,1968699,532202666,155041829,0,0,0,0,0,0,0,0,0,0,0,0,0,0,0,0,0,0,0,0,0,0,0,0,0,0,0,0,0,0,0,0,0,0,0,0,0,12880134144,5199036416,786142,317324,150312921,194,0,97,786432,530094856,811153,6,9432085538,12884901888,11270325,1466334610,0,0,0,0,0,0,0,0,0,0,0,0,0,0,0,0,0,0,51687288,151583923,0,468,1202,7661,620,103375572,35,0,0,0,0,0,0,0,1,0,0,0,0,0,0,0,0,0,0,61988322,0,150307327,2484952,0,0,0,0,0,0,0,0,16384,0,0,0,0,0,0,0,0,0,0,0,8315,453,0,0,0,0,0,157127169,0,180,0,3,453,8315,0,0,0,0,0,0,0,0,0,0,0,0,0,0,0,0,0,0,0,0,0,0,0,0,0,0,0,0,0,0,0,0,0,0,0,0,0,0,0,0,0,0,0,0,0,0,0,0,0,0,0,0,0,0,787232753,0,0,0,1060870397,0,0,0,0,0,0,0,201208338,529818356,948556051,432823140864,160376457,1,0,0,0,0,0,0,0,0,0,0,0,0,0,0,0,0,0,0,0,0,0,0,0,0,0,0,0,0,0,0,1165,0,0,0,0,0,0,0
1782980718.402,0,0,0,0,0,0,0,1913773829,8680280246784,3054057083904,0,0,0,0,0,0,0,0,0,0,0,0,0,0,0,0,0,0,0,0,0,0,0,0,0,0,0,0,0,0,0,0,0,0,0,0,0,0,0,0,0,0,0,0,0,0,0,0,0,0,0,0,0,0,0,0,0,0,7,1968726,532317494,155073177,0,0,0,0,0,0,0,0,0,0,0,0,0,0,0,0,0,0,0,0,0,0,0,0,0,0,0,0,0,0,0,0,0,0,0,0,0,12877414400,5204262912,785975,317643,150341394,361,0,97,786432,530209257,811153,6,9433717355,12884901888,11277177,1466541038,0,0,0,0,0,0,0,0,0,0,0,0,0,0,0,0,0,0,51696986,151593622,0,468,1202,7661,620,103394975,35,0,0,0,0,0,0,0,1,0,0,0,0,0,0,0,0,0,0,61999357,0,150335800,2485333,0,0,0,0,0,0,0,0,16384,0,0,0,0,0,0,0,0,0,0,0,8316,453,0,0,0,0,0,157156681,0,180,0,3,453,8316,0,0,0,0,0,0,0,0,0,0,0,0,0,0,0,0,0,0,0,0,0,0,0,0,0,0,0,0,0,0,0,0,0,0,0,0,0,0,0,0,0,0,0,0,0,0,0,0,0,0,0,0,0,0,787374180,0,0,0,1061035399,0,0,0,0,0,0,0,201227142,529932320,948731704,432896712704,160387262,1,1,0,0,0,0,0,0,0,0,0,0,0,0,0,0,0,0,0,0,0,0,0,0,0,0,0,0,0,0,0,327,0,0,0,0,0,0,0
1782980719.492,0,0,0,0,0,0,0,1914090711,8682088155648,3054640162816,0,0,0,0,0,0,0,0,0,0,0,0,0,0,0,0,0,0,0,0,0,0,0,0,0,0,0,0,0,0,0,0,0,0,0,0,0,0,0,0,0,0,0,0,0,0,0,0,0,0,0,0,0,0,0,0,0,0,7,1968752,532428642,155103767,0,0,0,0,0,0,0,0,0,0,0,0,0,0,0,0,0,0,0,0,0,0,0,0,0,0,0,0,0,0,0,0,0,0,0,0,0,12876791808,5207998464,785937,317872,150368606,399,0,97,786432,530319957,811153,6,9435299550,12884901888,11285406,1466738194,0,0,0,0,0,0,0,0,0,0,0,0,0,0,0,0,0,0,51706410,151603049,0,468,1202,7661,620,103413803,35,0,0,0,0,0,0,0,1,0,0,0,0,0,0,0,0,0,0,62010056,0,150363060,2485690,0,0,0,0,0,0,0,0,16384,0,0,0,0,0,0,0,0,0,0,0,8318,453,0,0,0,0,0,157185367,0,180,0,3,453,8318,0,0,0,0,0,0,0,0,0,0,0,0,0,0,0,0,0,0,0,0,0,0,0,0,0,0,0,0,0,0,0,0,0,0,0,0,0,0,0,0,0,0,0,0,0,0,0,0,0,0,0,0,0,0,787511567,0,0,0,1061194242,0,0,0,0,0,0,0,201245260,530042651,948903037,432968206848,160397593,1,0,0,0,0,0,0,0,0,0,0,0,0,0,0,0,0,0,0,0,0,0,0,0,0,0,0,0,0,0,0,1166,0,0,0,0,0,0,0
1782980720.579,0,0,0,0,0,0,0,1914421681,8683983686144,3055240270336,0,0,0,0,0,0,0,0,0,0,0,0,0,0,0,0,0,0,0,0,0,0,0,0,0,0,0,0,0,0,0,0,0,0,0,0,0,0,0,0,0,0,0,0,0,0,0,0,0,0,0,0,0,0,0,0,0,0,7,1968787,532545188,155135093,0,0,0,0,0,0,0,0,0,0,0,0,0,0,0,0,0,0,0,0,0,0,0,0,0,0,0,0,0,0,0,0,0,0,0,0,0,12882739200,5221285888,786300,318682,150397190,32,0,100,786432,530436049,811153,6,9436957721,12884901888,11291437,1466947921,0,0,0,0,0,0,0,0,0,0,0,0,0,0,0,0,0,0,51716237,151612876,0,468,1202,7661,620,103433482,35,0,0,0,0,0,0,0,1,0,0,0,0,0,0,0,0,0,0,62021233,0,150391852,2486082,0,0,0,0,0,0,0,0,16384,0,0,0,0,0,0,0,0,0,0,0,8319,453,0,0,0,0,0,157215183,0,180,0,3,453,8319,0,0,0,0,0,0,0,0,0,0,0,0,0,0,0,0,0,0,0,0,0,0,0,0,0,0,0,0,0,0,0,0,0,0,0,0,0,0,0,0,0,0,0,0,0,0,0,0,0,0,0,0,0,0,787653946,0,0,0,1061361470,0,0,0,0,0,0,0,201263934,530158274,949079357,433042403328,160408297,1,1,0,0,0,0,0,0,0,0,0,0,0,0,0,0,0,0,0,0,0,0,0,0,0,0,0,0,0,0,0,385,0,0,0,0,0,0,0
1782980721.671,0,0,0,0,0,0,0,1914726549,8685721848320,3055835176448,0,0,0,0,0,0,0,0,0,0,0,0,0,0,0,0,0,0,0,0,0,0,0,0,0,0,0,0,0,0,0,0,0,0,0,0,0,0,0,0,0,0,0,0,0,0,0,0,0,0,0,0,0,0,0,0,0,0,7,1968823,532652114,155166470,0,0,0,0,0,0,0,0,0,0,0,0,0,0,0,0,0,0,0,0,0,0,0,0,0,0,0,0,0,0,0,0,0,0,0,0,0,12882853888,5194792960,786308,317064,150422392,29,0,97,786432,530542579,811153,6,9438480692,12884901888,11303284,1467138878,0,0,0,0,0,0,0,0,0,0,0,0,0,0,0,0,0,0,51725292,151621930,0,468,1202,7661,620,103451589,35,0,0,0,0,0,0,0,1,0,0,0,0,0,0,0,0,0,0,62031517,0,150418846,2486435,0,0,0,0,0,0,0,0,16384,0,0,0,0,0,0,0,0,0,0,0,8320,453,0,0,0,0,0,157242720,0,180,0,3,453,8320,0,0,0,0,0,0,0,0,0,0,0,0,0,0,0,0,0,0,0,0,0,0,0,0,0,0,0,0,0,0,0,0,0,0,0,0,0,0,0,0,0,0,0,0,0,0,0,0,0,0,0,0,0,0,787787546,0,0,0,1061514793,0,0,0,0,0,0,0,201284210,530264364,949248552,433111935488,160419678,1,0,0,0,0,0,0,0,0,0,0,0,0,0,0,0,0,0,0,0,0,0,0,0,0,0,0,0,0,0,0,525,0,0,0,0,0,0,0
1782980722.752,0,0,0,0,0,0,0,1915048171,8687564720640,3056443687424,0,0,0,0,0,0,0,0,0,0,0,0,0,0,0,0,0,0,0,0,0,0,0,0,0,0,0,0,0,0,0,0,0,0,0,0,0,0,0,0,0,0,0,0,0,0,0,0,0,0,0,0,0,0,0,0,0,0,7,1968862,532765417,155198712,0,0,0,0,0,0,0,0,0,0,0,0,0,0,0,0,0,0,0,0,0,0,0,0,0,0,0,0,0,0,0,0,0,0,0,0,0,12883165184,5181341696,786326,316244,150450421,0,0,106,786432,530655460,811153,6,9440086520,12884901888,11310030,1467338209,0,0,0,0,0,0,0,0,0,0,0,0,0,0,0,0,0,0,51734884,151631520,0,468,1202,7661,620,103470768,35,0,0,0,0,0,0,0,1,0,0,0,0,0,0,0,0,0,0,62042417,0,150448254,2486817,0,0,0,0,0,0,0,0,16384,0,0,0,0,0,0,0,0,0,0,0,8321,453,0,0,0,0,0,157271879,0,180,0,3,453,8321,0,0,0,0,0,0,0,0,0,0,0,0,0,0,0,0,0,0,0,0,0,0,0,0,0,0,0,0,0,0,0,0,0,0,0,0,0,0,0,0,0,0,0,0,0,0,0,0,0,0,0,0,0,0,787926183,0,0,0,1061675770,0,0,0,0,0,0,0,201303084,530376817,949422390,433184176640,160430308,1,1,0,0,0,0,0,0,0,0,0,0,0,0,0,0,0,0,0,0,0,0,0,0,0,0,0,0,0,0,0,1640,0,0,0,0,0,0,0
1782980723.832,0,0,0,0,0,0,0,1915366549,8689378527744,3057043688448,0,0,0,0,0,0,0,0,0,0,0,0,0,0,0,0,0,0,0,0,0,0,0,0,0,0,0,0,0,0,0,0,0,0,0,0,0,0,0,0,0,0,0,0,0,0,0,0,0,0,0,0,0,0,0,0,0,0,7,1968881,532876970,155230402,0,0,0,0,0,0,0,0,0,0,0,0,0,0,0,0,0,0,0,0,0,0,0,0,0,0,0,0,0,0,0,0,0,0,0,0,0,12879544320,5169528832,786104,315523,150482641,231,0,97,786432,530766614,811153,6,9441676130,12884901888,11316319,1467537333,0,0,0,0,0,0,0,0,0,0,0,0,0,0,0,0,0,0,51744319,151640956,0,468,1202,7661,620,103489635,35,0,0,0,0,0,0,0,1,0,0,0,0,0,0,0,0,0,0,62053134,0,150477047,2487191,0,0,0,0,0,0,0,0,16384,0,0,0,0,0,0,0,0,0,0,0,8322,453,0,0,0,0,0,157300546,0,180,0,3,453,8322,0,0,0,0,0,0,0,0,0,0,0,0,0,0,0,0,0,0,0,0,0,0,0,0,0,0,0,0,0,0,0,0,0,0,0,0,0,0,0,0,0,0,0,0,0,0,0,0,0,0,0,0,0,0,788064131,0,0,0,1061835625,0,0,0,0,0,0,0,201321405,530487542,949594920,433255947264,160440756,1,0,0,0,0,0,0,0,0,0,0,0,0,0,0,0,0,0,0,0,0,0,0,0,0,0,0,0,0,0,0,1927,0,0,0,0,0,0,0
1782980724.912,0,0,0,0,0,0,0,1915695790,8691256920576,3057647726080,0,0,0,0,0,0,0,0,0,0,0,0,0,0,0,0,0,0,0,0,0,0,0,0,0,0,0,0,0,0,0,0,0,0,0,0,0,0,0,0,0,0,0,0,0,0,0,0,0,0,0,0,0,0,0,0,0,0,7,1968916,532992483,155262122,0,0,0,0,0,0,0,0,0,0,0,0,0,0,0,0,0,0,0,0,0,0,0,0,0,0,0,0,0,0,0,0,0,0,0,0,0,12877676544,5178769408,785991,316087,150512166,346,0,99,786432,530881683,811153,6,9443326318,12884901888,11321261,1467747436,0,0,0,0,0,0,0,0,0,0,0,0,0,0,0,0,0,0,51754125,151650759,0,468,1202,7661,620,103509247,35,0,0,0,0,0,0,0,1,0,0,0,0,0,0,0,0,0,0,62064281,0,150506572,2487583,0,0,0,0,0,0,0,0,16384,0,0,0,0,0,0,0,0,0,0,0,8323,453,0,0,0,0,0,157330364,0,180,0,3,453,8323,0,0,0,0,0,0,0,0,0,0,0,0,0,0,0,0,0,0,0,0,0,0,0,0,0,0,0,0,0,0,0,0,0,0,0,0,0,0,0,0,0,0,0,0,0,0,0,0,0,0,0,0,0,0,788206238,0,0,0,1062002808,0,0,0,0,0,0,0,201339644,530602145,949770945,433329907712,160451533,1,1,0,0,0,0,0,0,0,0,0,0,0,0,0,0,0,0,0,0,0,0,0,0,0,0,0,0,0,0,0,539,0,0,0,0,0,0,0
1782980726.000,0,0,0,0,0,0,0,1916027106,8693148961280,3058252348416,0,0,0,0,0,0,0,0,0,0,0,0,0,0,0,0,0,0,0,0,0,0,0,0,0,0,0,0,0,0,0,0,0,0,0,0,0,0,0,0,0,0,0,0,0,0,0,0,0,0,0,0,0,0,0,0,0,0,7,1968940,533108819,155293873,0,0,0,0,0,0,0,0,0,0,0,0,0,0,0,0,0,0,0,0,0,0,0,0,0,0,0,0,0,0,0,0,0,0,0,0,0,12879953920,5190025216,786130,316774,150541661,203,0,96,786432,530997607,811153,6,9444981044,12884901888,11325966,1467953298,0,0,0,0,0,0,0,0,0,0,0,0,0,0,0,0,0,0,51763975,151660609,0,468,1202,7661,620,103528940,35,0,0,0,0,0,0,0,1,0,0,0,0,0,0,0,0,0,0,62075486,0,150536067,2487968,0,0,0,0,0,0,0,0,16384,0,0,0,0,0,0,0,0,0,0,0,8324,453,0,0,0,0,0,157360323,0,180,0,3,453,8324,0,0,0,0,0,0,0,0,0,0,0,0,0,0,0,0,0,0,0,0,0,0,0,0,0,0,0,0,0,0,0,0,0,0,0,0,0,0,0,0,0,0,0,0,0,0,0,0,0,0,0,0,0,0,788347685,0,0,0,1062168933,0,0,0,0,0,0,0,201357430,530717611,949946405,433403363840,160461938,1,0,0,0,0,0,0,0,0,0,0,0,0,0,0,0,0,0,0,0,0,0,0,0,0,0,0,0,0,0,0,1266,0,0,0,0,0,0,0
1782980727.087,0,0,0,0,0,0,0,1916340788,8694942321152,3058826080768,0,0,0,0,0,0,0,0,0,0,0,0,0,0,0,0,0,0,0,0,0,0,0,0,0,0,0,0,0,0,0,0,0,0,0,0,0,0,0,0,0,0,0,0,0,0,0,0,0,0,0,0,0,0,0,0,0,0,7,1968969,533219101,155323956,0,0,0,0,0,0,0,0,0,0,0,0,0,0,0,0,0,0,0,0,0,0,0,0,0,0,0,0,0,0,0,0,0,0,0,0,0,12880216064,5198708736,786144,317304,150568359,191,0,98,786432,531107495,811153,6,9446549280,12884901888,11335853,1468150392,0,0,0,0,0,0,0,0,0,0,0,0,0,0,0,0,0,0,51773295,151669933,0,468,1202,7661,620,103547593,35,0,0,0,0,0,0,0,1,0,0,0,0,0,0,0,0,0,0,62086085,0,150562765,2488328,0,0,0,0,0,0,0,0,16384,0,0,0,0,0,0,0,0,0,0,0,8325,453,0,0,0,0,0,157388654,0,180,0,3,453,8325,0,0,0,0,0,0,0,0,0,0,0,0,0,0,0,0,0,0,0,0,0,0,0,0,0,0,0,0,0,0,0,0,0,0,0,0,0,0,0,0,0,0,0,0,0,0,0,0,0,0,0,0,0,0,788484129,0,0,0,1062326878,0,0,0,0,0,0,0,201377630,530827085,950116324,433474333184,160474063,1,1,0,0,0,0,0,0,0,0,0,0,0,0,0,0,0,0,0,0,0,0,0,0,0,0,0,0,0,0,0,1201,0,0,0,0,0,0,0
1782980728.176,0,0,0,0,0,0,0,1916670905,8696837917184,3059430878208,0,0,0,0,0,0,0,0,0,0,0,0,0,0,0,0,0,0,0,0,0,0,0,0,0,0,0,0,0,0,0,0,0,0,0,0,0,0,0,0,0,0,0,0,0,0,0,0,0,0,0,0,0,0,0,0,0,0,7,1969003,533335626,155355661,0,0,0,0,0,0,0,0,0,0,0,0,0,0,0,0,0,0,0,0,0,0,0,0,0,0,0,0,0,0,0,0,0,0,0,0,0,12879200256,5208227840,786083,317885,150597827,244,0,104,786432,531223594,811153,6,9448203325,12884901888,11340873,1468359939,0,0,0,0,0,0,0,0,0,0,0,0,0,0,0,0,0,0,51783127,151679763,0,468,1202,7661,620,103567255,35,0,0,0,0,0,0,0,1,0,0,0,0,0,0,0,0,0,0,62097254,0,150592233,2488719,0,0,0,0,0,0,0,0,16384,0,0,0,0,0,0,0,0,0,0,0,8326,453,0,0,0,0,0,157418520,0,180,0,3,453,8326,0,0,0,0,0,0,0,0,0,0,0,0,0,0,0,0,0,0,0,0,0,0,0,0,0,0,0,0,0,0,0,0,0,0,0,0,0,0,0,0,0,0,0,0,0,0,0,0,0,0,0,0,0,0,788626652,0,0,0,1062493790,0,0,0,0,0,0,0,201396168,530942665,950292899,433548552192,160484807,1,1,0,0,0,0,0,0,0,0,0,0,0,0,0,0,0,0,0,0,0,0,0,0,0,0,0,0,0,0,0,527,0,0,0,0,0,0,0
1782980729.265,0,0,0,0,0,0,0,1916995823,8698694846976,3060024943104,0,0,0,0,0,0,0,0,0,0,0,0,0,0,0,0,0,0,0,0,0,0,0,0,0,0,0,0,0,0,0,0,0,0,0,0,0,0,0,0,0,0,0,0,0,0,0,0,0,0,0,0,0,0,0,0,0,0,7,1969055,533449786,155386839,0,0,0,0,0,0,0,0,0,0,0,0,0,0,0,0,0,0,0,0,0,0,0,0,0,0,0,0,0,0,0,0,0,0,0,0,0,12880052224,5213290496,786135,318194,150625683,197,0,98,786432,531337290,811153,6,9449825599,12884901888,11349915,1468563217,0,0,0,0,0,0,0,0,0,0,0,0,0,0,0,0,0,0,51792754,151689389,0,468,1202,7661,620,103586513,35,0,0,0,0,0,0,0,1,0,0,0,0,0,0,0,0,0,0,62108199,0,150620089,2489096,0,0,0,0,0,0,0,0,16384,0,0,0,0,0,0,0,0,0,0,0,8327,453,0,0,0,0,0,157447770,0,180,0,3,453,8327,0,0,0,0,0,0,0,0,0,0,0,0,0,0,0,0,0,0,0,0,0,0,0,0,0,0,0,0,0,0,0,0,0,0,0,0,0,0,0,0,0,0,0,0,0,0,0,0,0,0,0,0,0,0,788765992,0,0,0,1062656477,0,0,0,0,0,0,0,201415731,531055994,950466687,433621192704,160495970,1,0,0,0,0,0,0,0,0,0,0,0,0,0,0,0,0,0,0,0,0,0,0,0,0,0,0,0,0,0,0,1143,0,0,0,0,0,0,0
1782980730.351,0,0,0,0,0,0,0,1917332009,8700624538112,3060641219072,0,0,0,0,0,0,0,0,0,0,0,0,0,0,0,0,0,0,0,0,0,0,0,0,0,0,0,0,0,0,0,0,0,0,0,0,0,0,0,0,0,0,0,0,0,0,0,0,0,0,0,0,0,0,0,0,0,0,7,1969092,533568432,155419186,0,0,0,0,0,0,0,0,0,0,0,0,0,0,0,0,0,0,0,0,0,0,0,0,0,0,0,0,0,0,0,0,0,0,0,0,0,12878512128,5219319808,786042,318562,150655808,291,0,98,786432,531455435,811153,6,9451508144,12884901888,11354701,1468774516,0,0,0,0,0,0,0,0,0,0,0,0,0,0,0,0,0,0,51802767,151699399,0,468,1202,7661,620,103606526,35,0,0,0,0,0,0,0,1,0,0,0,0,0,0,0,0,0,0,62119590,0,150650214,2489504,0,0,0,0,0,0,0,0,16384,0,0,0,0,0,0,0,0,0,0,0,8328,453,0,0,0,0,0,157478197,0,180,0,3,453,8328,0,0,0,0,0,0,0,0,0,0,0,0,0,0,0,0,0,0,0,0,0,0,0,0,0,0,0,0,0,0,0,0,0,0,0,0,0,0,0,0,0,0,0,0,0,0,0,0,0,0,0,0,0,0,788909759,0,0,0,1062825986,0,0,0,0,0,0,0,201434917,531173646,950645000,433696215552,160507184,1,0,0,0,0,0,0,0,0,0,0,0,0,0,0,0,0,0,0,0,0,0,0,0,0,0,0,0,0,0,0,1075,0,0,0,0,0,0,0
1782980731.437,0,0,0,0,0,0,0,1917644934,8702425123328,3061221549056,0,0,0,0,0,0,0,0,0,0,0,0,0,0,0,0,0,0,0,0,0,0,0,0,0,0,0,0,0,0,0,0,0,0,0,0,0,0,0,0,0,0,0,0,0,0,0,0,0,0,0,0,0,0,0,0,0,0,7,1969120,533679176,155449676,0,0,0,0,0,0,0,0,0,0,0,0,0,0,0,0,0,0,0,0,0,0,0,0,0,0,0,0,0,0,0,0,0,0,0,0,0,12878512128,5221203968,786042,318677,150682923,288,0,104,786432,531565803,811153,6,9453073520,12884901888,11363707,1468970355,0,0,0,0,0,0,0,0,0,0,0,0,0,0,0,0,0,0,51812086,151708724,0,468,1202,7661,620,103625182,35,0,0,0,0,0,0,0,1,0,0,0,0,0,0,0,0,0,0,62130187,0,150677329,2489870,0,0,0,0,0,0,0,0,16384,0,0,0,0,0,0,0,0,0,0,0,8329,453,0,0,0,0,0,157506524,0,180,0,3,453,8329,0,0,0,0,0,0,0,0,0,0,0,0,0,0,0,0,0,0,0,0,0,0,0,0,0,0,0,0,0,0,0,0,0,0,0,0,0,0,0,0,0,0,0,0,0,0,0,0,0,0,0,0,0,0,789044564,0,0,0,1062983403,0,0,0,0,0,0,0,201456127,531283539,950813688,433766307840,160519870,1,0,0,0,0,0,0,0,0,0,0,0,0,0,0,0,0,0,0,0,0,0,0,0,0,0,0,0,0,0,0,1277,0,0,0,0,0,0,0
1782980732.519,0,0,0,0,0,0,0,1917962346,8704235948544,3061800386560,0,0,0,0,0,0,0,0,0,0,0,0,0,0,0,0,0,0,0,0,0,0,0,0,0,0,0,0,0,0,0,0,0,0,0,0,0,0,0,0,0,0,0,0,0,0,0,0,0,0,0,0,0,0,0,0,0,0,7,1969158,533790555,155480041,0,0,0,0,0,0,0,0,0,0,0,0,0,0,0,0,0,0,0,0,0,0,0,0,0,0,0,0,0,0,0,0,0,0,0,0,0,12881018880,5226725376,786195,319014,150710285,140,0,96,786432,531676767,811153,6,9454663254,12884901888,11371904,1469171707,0,0,0,0,0,0,0,0,0,0,0,0,0,0,0,0,0,0,51821502,151718141,0,468,1202,7661,620,103644008,35,0,0,0,0,0,0,0,1,0,0,0,0,0,0,0,0,0,0,62140892,0,150704691,2490247,0,0,0,0,0,0,0,0,16384,0,0,0,0,0,0,0,0,0,0,0,8331,453,0,0,0,0,0,157535134,0,180,0,3,453,8331,0,0,0,0,0,0,0,0,0,0,0,0,0,0,0,0,0,0,0,0,0,0,0,0,0,0,0,0,0,0,0,0,0,0,0,0,0,0,0,0,0,0,0,0,0,0,0,0,0,0,0,0,0,0,789180384,0,0,0,1063143804,0,0,0,0,0,0,0,201476457,531394063,950982895,433837092352,160531921,1,0,0,0,0,0,0,0,0,0,0,0,0,0,0,0,0,0,0,0,0,0,0,0,0,0,0,0,0,0,0,543,0,0,0,0,0,0,0
1782980733.605,0,0,0,0,0,0,0,1918289303,8706107394560,3062408390656,0,0,0,0,0,0,0,0,0,0,0,0,0,0,0,0,0,0,0,0,0,0,0,0,0,0,0,0,0,0,0,0,0,0,0,0,0,0,0,0,0,0,0,0,0,0,0,0,0,0,0,0,0,0,0,0,0,0,7,1969189,533905594,155511962,0,0,0,0,0,0,0,0,0,0,0,0,0,0,0,0,0,0,0,0,0,0,0,0,0,0,0,0,0,0,0,0,0,0,0,0,0,12883279872,5226692608,786333,319012,150738929,2,0,97,786432,531791409,811153,6,9456295081,12884901888,11376531,1469374628,0,0,0,0,0,0,0,0,0,0,0,0,0,0,0,0,0,0,51831243,151727879,0,468,1202,7661,620,103663485,35,0,0,0,0,0,0,0,1,0,0,0,0,0,0,0,0,0,0,62151959,0,150733975,2490644,0,0,0,0,0,0,0,0,16384,0,0,0,0,0,0,0,0,0,0,0,8332,453,0,0,0,0,0,157564771,0,180,0,3,453,8332,0,0,0,0,0,0,0,0,0,0,0,0,0,0,0,0,0,0,0,0,0,0,0,0,0,0,0,0,0,0,0,0,0,0,0,0,0,0,0,0,0,0,0,0,0,0,0,0,0,0,0,0,0,0,789321378,0,0,0,1063307457,0,0,0,0,0,0,0,201495405,531508210,951158156,433910417920,160543136,1,0,0,0,0,0,0,0,0,0,0,0,0,0,0,0,0,0,0,0,0,0,0,0,0,0,0,0,0,0,0,1525,0,0,0,0,0,0,0
1782980734.687,0,0,0,0,0,0,0,1918606076,8707920775680,3063021112832,0,0,0,0,0,0,0,0,0,0,0,0,0,0,0,0,0,0,0,0,0,0,0,0,0,0,0,0,0,0,0,0,0,0,0,0,0,0,0,0,0,0,0,0,0,0,0,0,0,0,0,0,0,0,0,0,0,0,7,1969234,534017124,155543961,0,0,0,0,0,0,0,0,0,0,0,0,0,0,0,0,0,0,0,0,0,0,0,0,0,0,0,0,0,0,0,0,0,0,0,0,0,12882903040,5210472448,786310,318022,150766098,25,0,96,786432,531902502,811153,6,9457878000,12884901888,11385674,1469572900,0,0,0,0,0,0,0,0,0,0,0,0,0,0,0,0,0,0,51840645,151737282,0,468,1202,7661,620,103682299,35,0,0,0,0,0,0,0,1,0,0,0,0,0,0,0,0,0,0,62162642,0,150762808,2491019,0,0,0,0,0,0,0,0,16384,0,0,0,0,0,0,0,0,0,0,0,8333,453,0,0,0,0,0,157593346,0,180,0,3,453,8333,0,0,0,0,0,0,0,0,0,0,0,0,0,0,0,0,0,0,0,0,0,0,0,0,0,0,0,0,0,0,0,0,0,0,0,0,0,0,0,0,0,0,0,0,0,0,0,0,0,0,0,0,0,0,789459899,0,0,0,1063466844,0,0,0,0,0,0,0,201515491,531618780,951332072,433982397440,160554884,1,0,0,0,0,0,0,0,0,0,0,0,0,0,0,0,0,0,0,0,0,0,0,0,0,0,0,0,0,0,0,1652,0,0,0,0,0,0,0
1782980735.768,0,0,0,0,0,0,0,1918919740,8709711694336,3063621064704,0,0,0,0,0,0,0,0,0,0,0,0,0,0,0,0,0,0,0,0,0,0,0,0,0,0,0,0,0,0,0,0,0,0,0,0,0,0,0,0,0,0,0,0,0,0,0,0,0,0,0,0,0,0,0,0,0,0,7,1969262,534127213,155575858,0,0,0,0,0,0,0,0,0,0,0,0,0,0,0,0,0,0,0,0,0,0,0,0,0,0,0,0,0,0,0,0,0,0,0,0,0,12882018304,5186338816,786256,316549,150793062,80,0,98,786432,532012199,811153,6,9459448645,12884901888,11391684,1469772481,0,0,0,0,0,0,0,0,0,0,0,0,0,0,0,0,0,0,51849969,151746609,0,468,1202,7661,620,103700941,35,0,0,0,0,0,0,0,1,0,0,0,0,0,0,0,0,0,0,62173245,0,150791308,2491377,0,0,0,0,0,0,0,0,16384,0,0,0,0,0,0,0,0,0,0,0,8334,453,0,0,0,0,0,157621690,0,180,0,3,453,8334,0,0,0,0,0,0,0,0,0,0,0,0,0,0,0,0,0,0,0,0,0,0,0,0,0,0,0,0,0,0,0,0,0,0,0,0,0,0,0,0,0,0,0,0,0,0,0,0,0,0,0,0,0,0,789596413,0,0,0,1063625926,0,0,0,0,0,0,0,201533640,531728026,951503721,434053341696,160565256,1,0,0,0,0,0,0,0,0,0,0,0,0,0,0,0,0,0,0,0,0,0,0,0,0,0,0,0,0,0,0,447,0,0,0,0,0,0,0
1782980736.852,0,0,0,0,0,0,0,1919234794,8711510854144,3064211049472,0,0,0,0,0,0,0,0,0,0,0,0,0,0,0,0,0,0,0,0,0,0,0,0,0,0,0,0,0,0,0,0,0,0,0,0,0,0,0,0,0,0,0,0,0,0,0,0,0,0,0,0,0,0,0,0,0,0,7,1969287,534237885,155606998,0,0,0,0,0,0,0,0,0,0,0,0,0,0,0,0,0,0,0,0,0,0,0,0,0,0,0,0,0,0,0,0,0,0,0,0,0,12879331328,5177458688,786093,316007,150825314,242,0,97,786432,532122469,811153,6,9461021563,12884901888,11397931,1469968093,0,0,0,0,0,0,0,0,0,0,0,0,0,0,0,0,0,0,51859337,151755975,0,468,1202,7661,620,103719674,35,0,0,0,0,0,0,0,1,0,0,0,0,0,0,0,0,0,0,62183891,0,150819720,2491746,0,0,0,0,0,0,0,0,16384,0,0,0,0,0,0,0,0,0,0,0,8335,453,0,0,0,0,0,157650178,0,180,0,3,453,8335,0,0,0,0,0,0,0,0,0,0,0,0,0,0,0,0,0,0,0,0,0,0,0,0,0,0,0,0,0,0,0,0,0,0,0,0,0,0,0,0,0,0,0,0,0,0,0,0,0,0,0,0,0,0,789732626,0,0,0,1063783823,0,0,0,0,0,0,0,201551702,531837867,951674010,434124101120,160575710,1,0,0,0,0,0,0,0,0,0,0,0,0,0,0,0,0,0,0,0,0,0,0,0,0,0,0,0,0,0,0,1269,0,0,0,0,0,0,0
1782980737.935,0,0,0,0,0,0,0,1919550445,8713324104192,3064792277504,0,0,0,0,0,0,0,0,0,0,0,0,0,0,0,0,0,0,0,0,0,0,0,0,0,0,0,0,0,0,0,0,0,0,0,0,0,0,0,0,0,0,0,0,0,0,0,0,0,0,0,0,0,0,0,0,0,0,7,1969315,534349350,155637433,0,0,0,0,0,0,0,0,0,0,0,0,0,0,0,0,0,0,0,0,0,0,0,0,0,0,0,0,0,0,0,0,0,0,0,0,0,12879233024,5184962560,786086,316464,150853219,249,0,96,786432,532233519,811153,6,9462601216,12884901888,11401888,1470166999,0,0,0,0,0,0,0,0,0,0,0,0,0,0,0,0,0,0,51868725,151765362,0,468,1202,7661,620,103738460,35,0,0,0,0,0,0,0,1,0,0,0,0,0,0,0,0,0,0,62194563,0,150847625,2492107,0,0,0,0,0,0,0,0,16384,0,0,0,0,0,0,0,0,0,0,0,8336,453,0,0,0,0,0,157678745,0,180,0,3,453,8336,0,0,0,0,0,0,0,0,0,0,0,0,0,0,0,0,0,0,0,0,0,0,0,0,0,0,0,0,0,0,0,0,0,0,0,0,0,0,0,0,0,0,0,0,0,0,0,0,0,0,0,0,0,0,789871097,0,0,0,1063943174,0,0,0,0,0,0,0,201568831,531948496,951845498,434196024832,160585656,1,0,0,0,0,0,0,0,0,0,0,0,0,0,0,0,0,0,0,0,0,0,0,0,0,0,0,0,0,0,0,848,0,0,0,0,0,0,0
1782980739.020,0,0,0,0,0,0,0,1919869414,8715148855808,3065378121728,0,0,0,0,0,0,0,0,0,0,0,0,0,0,0,0,0,0,0,0,0,0,0,0,0,0,0,0,0,0,0,0,0,0,0,0,0,0,0,0,0,0,0,0,0,0,0,0,0,0,0,0,0,0,0,0,0,0,7,1969343,534461563,155668193,0,0,0,0,0,0,0,0,0,0,0,0,0,0,0,0,0,0,0,0,0,0,0,0,0,0,0,0,0,0,0,0,0,0,0,0,0,12878512128,5190270976,786042,316789,150881631,291,0,96,786432,532345304,811153,6,9464195946,12884901888,11406755,1470367764,0,0,0,0,0,0,0,0,0,0,0,0,0,0,0,0,0,0,51878207,151774846,0,468,1202,7661,620,103757421,35,0,0,0,0,0,0,0,1,0,0,0,0,0,0,0,0,0,0,62205354,0,150876037,2492482,0,0,0,0,0,0,0,0,16384,0,0,0,0,0,0,0,0,0,0,0,8337,453,0,0,0,0,0,157707573,0,180,0,3,453,8337,0,0,0,0,0,0,0,0,0,0,0,0,0,0,0,0,0,0,0,0,0,0,0,0,0,0,0,0,0,0,0,0,0,0,0,0,0,0,0,0,0,0,0,0,0,0,0,0,0,0,0,0,0,0,790010060,0,0,0,1064104086,0,0,0,0,0,0,0,201585996,532059841,952017525,434268231168,160595640,1,0,0,0,0,0,0,0,0,0,0,0,0,0,0,0,0,0,0,0,0,0,0,0,0,0,0,0,0,0,0,541,0,0,0,0,0,0,0
1782980740.107,0,0,0,0,0,0,0,1920190096,8716980292096,3065963355136,0,0,0,0,0,0,0,0,0,0,0,0,0,0,0,0,0,0,0,0,0,0,0,0,0,0,0,0,0,0,0,0,0,0,0,0,0,0,0,0,0,0,0,0,0,0,0,0,0,0,0,0,0,0,0,0,0,0,7,1969372,534574220,155698935,0,0,0,0,0,0,0,0,0,0,0,0,0,0,0,0,0,0,0,0,0,0,0,0,0,0,0,0,0,0,0,0,0,0,0,0,0,12879265792,5195792384,786088,317126,150909292,248,0,96,786432,532457547,811153,6,9465796847,12884901888,11415659,1470567158,0,0,0,0,0,0,0,0,0,0,0,0,0,0,0,0,0,0,51887736,151784374,0,468,1202,7661,620,103776483,35,0,0,0,0,0,0,0,1,0,0,0,0,0,0,0,0,0,0,62216191,0,150903698,2492854,0,0,0,0,0,0,0,0,16384,0,0,0,0,0,0,0,0,0,0,0,8338,453,0,0,0,0,0,157736549,0,180,0,3,453,8338,0,0,0,0,0,0,0,0,0,0,0,0,0,0,0,0,0,0,0,0,0,0,0,0,0,0,0,0,0,0,0,0,0,0,0,0,0,0,0,0,0,0,0,0,0,0,0,0,0,0,0,0,0,0,790146327,0,0,0,1064264671,0,0,0,0,0,0,0,201606956,532171628,952187729,434339169280,160608252,1,0,0,0,0,0,0,0,0,0,0,0,0,0,0,0,0,0,0,0,0,0,0,0,0,0,0,0,0,0,0,1315,0,0,0,0,0,0,0
1782980741.195,0,0,0,0,0,0,0,1920494174,8718728940032,3066528930304,0,0,0,0,0,0,0,0,0,0,0,0,0,0,0,0,0,0,0,0,0,0,0,0,0,0,0,0,0,0,0,0,0,0,0,0,0,0,0,0,0,0,0,0,0,0,0,0,0,0,0,0,0,0,0,0,0,0,7,1969395,534681767,155728599,0,0,0,0,0,0,0,0,0,0,0,0,0,0,0,0,0,0,0,0,0,0,0,0,0,0,0,0,0,0,0,0,0,0,0,0,0,12879036416,5196185600,786076,317150,150934958,260,0,96,786432,532564695,811153,6,9467319589,12884901888,11427540,1470759932,0,0,0,0,0,0,0,0,0,0,0,0,0,0,0,0,0,0,51896787,151793426,0,468,1202,7661,620,103794574,35,0,0,0,0,0,0,0,1,0,0,0,0,0,0,0,0,0,0,62226490,0,150929364,2493205,0,0,0,0,0,0,0,0,16384,0,0,0,0,0,0,0,0,0,0,0,8339,453,0,0,0,0,0,157764053,0,180,0,3,453,8339,0,0,0,0,0,0,0,0,0,0,0,0,0,0,0,0,0,0,0,0,0,0,0,0,0,0,0,0,0,0,0,0,0,0,0,0,0,0,0,0,0,0,0,0,0,0,0,0,0,0,0,0,0,0,790278499,0,0,0,1064418596,0,0,0,0,0,0,0,201628085,532278351,952353633,434407970816,160620722,1,0,0,0,0,0,0,0,0,0,0,0,0,0,0,0,0,0,0,0,0,0,0,0,0,0,0,0,0,0,0,411,0,0,0,0,0,0,0
1782980742.280,0,0,0,0,0,0,0,1920821921,8720603957760,3067128815104,0,0,0,0,0,0,0,0,0,0,0,0,0,0,0,0,0,0,0,0,0,0,0,0,0,0,0,0,0,0,0,0,0,0,0,0,0,0,0,0,0,0,0,0,0,0,0,0,0,0,0,0,0,0,0,0,0,0,7,1969436,534797021,155759955,0,0,0,0,0,0,0,0,0,0,0,0,0,0,0,0,0,0,0,0,0,0,0,0,0,0,0,0,0,0,0,0,0,0,0,0,0,12880691200,5207998464,786175,317871,150963985,160,0,97,786432,532679491,811153,6,9468959056,12884901888,11432884,1470966203,0,0,0,0,0,0,0,0,0,0,0,0,0,0,0,0,0,0,51906514,151803152,0,468,1202,7661,620,103814035,35,0,0,0,0,0,0,0,1,0,0,0,0,0,0,0,0,0,0,62237538,0,150958449,2493597,0,0,0,0,0,0,0,0,16384,0,0,0,0,0,0,0,0,0,0,0,8340,453,0,0,0,0,0,157793606,0,180,0,3,453,8340,0,0,0,0,0,0,0,0,0,0,0,0,0,0,0,0,0,0,0,0,0,0,0,0,0,0,0,0,0,0,0,0,0,0,0,0,0,0,0,0,0,0,0,0,0,0,0,0,0,0,0,0,0,0,790421352,0,0,0,1064583557,0,0,0,0,0,0,0,201646628,532392759,952530170,434482381312,160631594,1,1,0,0,0,0,0,0,0,0,0,0,0,0,0,0,0,0,0,0,0,0,0,0,0,0,0,0,0,0,0,345,0,0,0,0,0,0,0
1782980743.367,0,0,0,0,0,0,0,1921140758,8722426038784,3067716686336,0,0,0,0,0,0,0,0,0,0,0,0,0,0,0,0,0,0,0,0,0,0,0,0,0,0,0,0,0,0,0,0,0,0,0,0,0,0,0,0,0,0,0,0,0,0,0,0,0,0,0,0,0,0,0,0,0,0,7,1969474,534909077,155790744,0,0,0,0,0,0,0,0,0,0,0,0,0,0,0,0,0,0,0,0,0,0,0,0,0,0,0,0,0,0,0,0,0,0,0,0,0,12880543744,5211766784,786166,318101,150991491,168,0,99,786432,532791160,811153,6,9470551415,12884901888,11441932,1471164522,0,0,0,0,0,0,0,0,0,0,0,0,0,0,0,0,0,0,51916004,151812642,0,468,1202,7661,620,103833017,35,0,0,0,0,0,0,0,1,0,0,0,0,0,0,0,0,0,0,62248314,0,150985897,2493965,0,0,0,0,0,0,0,0,16384,0,0,0,0,0,0,0,0,0,0,0,8341,453,0,0,0,0,0,157822446,0,180,0,3,453,8341,0,0,0,0,0,0,0,0,0,0,0,0,0,0,0,0,0,0,0,0,0,0,0,0,0,0,0,0,0,0,0,0,0,0,0,0,0,0,0,0,0,0,0,0,0,0,0,0,0,0,0,0,0,0,790560160,0,0,0,1064743402,0,0,0,0,0,0,0,201666715,532504003,952703202,434554640384,160643363,1,0,0,0,0,0,0,0,0,0,0,0,0,0,0,0,0,0,0,0,0,0,0,0,0,0,0,0,0,0,0,1010,0,0,0,0,0,0,0
1782980744.460,0,0,0,0,0,0,0,1921467004,8724290144768,3068317558784,0,0,0,0,0,0,0,0,0,0,0,0,0,0,0,0,0,0,0,0,0,0,0,0,0,0,0,0,0,0,0,0,0,0,0,0,0,0,0,0,0,0,0,0,0,0,0,0,0,0,0,0,0,0,0,0,0,0,7,1969501,535023693,155822163,0,0,0,0,0,0,0,0,0,0,0,0,0,0,0,0,0,0,0,0,0,0,0,0,0,0,0,0,0,0,0,0,0,0,0,0,0,12878168064,5216108544,786022,318366,151020104,314,0,96,786432,532905343,811153,6,9472184609,12884901888,11448667,1471370454,0,0,0,0,0,0,0,0,0,0,0,0,0,0,0,0,0,0,51925702,151822343,0,468,1202,7661,620,103852419,35,0,0,0,0,0,0,0,1,0,0,0,0,0,0,0,0,0,0,62259349,0,151014510,2494342,0,0,0,0,0,0,0,0,16384,0,0,0,0,0,0,0,0,0,0,0,8343,453,0,0,0,0,0,157851933,0,180,0,3,453,8343,0,0,0,0,0,0,0,0,0,0,0,0,0,0,0,0,0,0,0,0,0,0,0,0,0,0,0,0,0,0,0,0,0,0,0,0,0,0,0,0,0,0,0,0,0,0,0,0,0,0,0,0,0,0,790703813,0,0,0,1064908182,0,0,0,0,0,0,0,201685536,532617762,952881126,434629253632,160654466,1,0,0,0,0,0,0,0,0,0,0,0,0,0,0,0,0,0,0,0,0,0,0,0,0,0,0,0,0,0,0,585,0,0,0,0,0,0,0
1782980745.552,0,0,0,0,0,0,0,1921789366,8726132263424,3068908818432,0,0,0,0,0,0,0,0,0,0,0,0,0,0,0,0,0,0,0,0,0,0,0,0,0,0,0,0,0,0,0,0,0,0,0,0,0,0,0,0,0,0,0,0,0,0,0,0,0,0,0,0,0,0,0,0,0,0,7,1969520,535136986,155853028,0,0,0,0,0,0,0,0,0,0,0,0,0,0,0,0,0,0,0,0,0,0,0,0,0,0,0,0,0,0,0,0,0,0,0,0,0,12881068032,5221466112,786197,318693,151048527,127,0,106,786432,533018233,811153,6,9473796186,12884901888,11454162,1471572848,0,0,0,0,0,0,0,0,0,0,0,0,0,0,0,0,0,0,51935295,151831935,0,468,1202,7661,620,103871599,35,0,0,0,0,0,0,0,1,0,0,0,0,0,0,0,0,0,0,62270273,0,151042933,2494716,0,0,0,0,0,0,0,0,16384,0,0,0,0,0,0,0,0,0,0,0,8344,453,0,0,0,0,0,157881096,0,180,0,3,453,8344,0,0,0,0,0,0,0,0,0,0,0,0,0,0,0,0,0,0,0,0,0,0,0,0,0,0,0,0,0,0,0,0,0,0,0,0,0,0,0,0,0,0,0,0,0,0,0,0,0,0,0,0,0,0,790847223,0,0,0,1065070621,0,0,0,0,0,0,0,201702631,532730186,953057913,434703664128,160664315,1,0,0,0,0,0,0,0,0,0,0,0,0,0,0,0,0,0,0,0,0,0,0,0,0,0,0,0,0,0,0,539,0,0,0,0,0,0,0
1782980746.636,0,0,0,0,0,0,0,1922081584,8727808231936,3069469417984,0,0,0,0,0,0,0,0,0,0,0,0,0,0,0,0,0,0,0,0,0,0,0,0,0,0,0,0,0,0,0,0,0,0,0,0,0,0,0,0,0,0,0,0,0,0,0,0,0,0,0,0,0,0,0,0,0,0,7,1969543,535240046,155882517,0,0,0,0,0,0,0,0,0,0,0,0,0,0,0,0,0,0,0,0,0,0,0,0,0,0,0,0,0,0,0,0,0,0,0,0,0,12880805888,5208162304,786182,317881,151072799,140,0,109,786432,533120869,811153,6,9475251291,12884901888,11464412,1471752247,0,0,0,0,0,0,0,0,0,0,0,0,0,0,0,0,0,0,51943983,151840620,0,468,1202,7661,620,103888971,35,0,0,0,0,0,0,0,1,0,0,0,0,0,0,0,0,0,0,62280147,0,151068101,2495049,0,0,0,0,0,0,0,0,16384,0,0,0,0,0,0,0,0,0,0,0,8345,453,0,0,0,0,0,157907508,0,180,0,3,453,8345,0,0,0,0,0,0,0,0,0,0,0,0,0,0,0,0,0,0,0,0,0,0,0,0,0,0,0,0,0,0,0,0,0,0,0,0,0,0,0,0,0,0,0,0,0,0,0,0,0,0,0,0,0,0,790976359,0,0,0,1065215891,0,0,0,0,0,0,0,201721587,532832450,953220785,434770794496,160674883,0,0,0,0,0,0,0,0,0,0,0,0,0,0,0,0,0,0,0,0,0,0,0,0,0,0,0,0,0,0,0,2112,0,0,0,0,0,0,0
1782980747.711,0,0,0,0,0,0,0,1922388119,8729557731840,3070066571264,0,0,0,0,0,0,0,0,0,0,0,0,0,0,0,0,0,0,0,0,0,0,0,0,0,0,0,0,0,0,0,0,0,0,0,0,0,0,0,0,0,0,0,0,0,0,0,0,0,0,0,0,0,0,0,0,0,0,7,1969572,535347622,155913936,0,0,0,0,0,0,0,0,0,0,0,0,0,0,0,0,0,0,0,0,0,0,0,0,0,0,0,0,0,0,0,0,0,0,0,0,0,12883066880,5178376192,786320,316063,151099000,0,0,112,786432,533228045,811153,6,9476787411,12884901888,11471269,1471948660,0,0,0,0,0,0,0,0,0,0,0,0,0,0,0,0,0,0,51953079,151849718,0,468,1202,7661,620,103907164,35,0,0,0,0,0,0,0,1,0,0,0,0,0,0,0,0,0,0,62290495,0,151096350,2495415,0,0,0,0,0,0,0,0,16384,0,0,0,0,0,0,0,0,0,0,0,8346,453,0,0,0,0,0,157935173,0,180,0,3,453,8346,0,0,0,0,0,0,0,0,0,0,0,0,0,0,0,0,0,0,0,0,0,0,0,0,0,0,0,0,0,0,0,0,0,0,0,0,0,0,0,0,0,0,0,0,0,0,0,0,0,0,0,0,0,0,791114485,0,0,0,1065371510,0,0,0,0,0,0,0,201738303,532939176,953393323,434842576384,160684014,1,0,0,0,0,0,0,0,0,0,0,0,0,0,0,0,0,0,0,0,0,0,0,0,0,0,0,0,0,0,0,700,0,0,0,0,0,0,0
1782980748.789,0,0,0,0,0,0,0,1922698271,8731330546176,3070646517248,0,0,0,0,0,0,0,0,0,0,0,0,0,0,0,0,0,0,0,0,0,0,0,0,0,0,0,0,0,0,0,0,0,0,0,0,0,0,0,0,0,0,0,0,0,0,0,0,0,0,0,0,0,0,0,0,0,0,7,1969612,535456582,155943952,0,0,0,0,0,0,0,0,0,0,0,0,0,0,0,0,0,0,0,0,0,0,0,0,0,0,0,0,0,0,0,0,0,0,0,0,0,12880478208,5181292544,786161,316241,151125722,173,0,98,786432,533336557,811153,6,9478336365,12884901888,11479597,1472143532,0,0,0,0,0,0,0,0,0,0,0,0,0,0,0,0,0,0,51962295,151858937,0,468,1202,7661,620,103925599,35,0,0,0,0,0,0,0,1,0,0,0,0,0,0,0,0,0,0,62300990,0,151123328,2495771,0,0,0,0,0,0,0,0,16384,0,0,0,0,0,0,0,0,0,0,0,8347,453,0,0,0,0,0,157963177,0,180,0,3,453,8347,0,0,0,0,0,0,0,0,0,0,0,0,0,0,0,0,0,0,0,0,0,0,0,0,0,0,0,0,0,0,0,0,0,0,0,0,0,0,0,0,0,0,0,0,0,0,0,0,0,0,0,0,0,0,791253797,0,0,0,1065527736,0,0,0,0,0,0,0,201756139,533047384,953566095,434915123200,160693961,1,0,0,0,0,0,0,0,0,0,0,0,0,0,0,0,0,0,0,0,0,0,0,0,0,0,0,0,0,0,0,586,0,0,0,0,0,0,0
1782980749.871,0,0,0,0,0,0,0,1923014904,8733138733568,3071249261056,0,0,0,0,0,0,0,0,0,0,0,0,0,0,0,0,0,0,0,0,0,0,0,0,0,0,0,0,0,0,0,0,0,0,0,0,0,0,0,0,0,0,0,0,0,0,0,0,0,0,0,0,0,0,0,0,0,0,7,1969655,535567742,155975911,0,0,0,0,0,0,0,0,0,0,0,0,0,0,0,0,0,0,0,0,0,0,0,0,0,0,0,0,0,0,0,0,0,0,0,0,0,12880461824,5160910848,786160,314997,151157058,175,0,97,786432,533447318,811153,6,9479918687,12884901888,11488615,1472342200,0,0,0,0,0,0,0,0,0,0,0,0,0,0,0,0,0,0,51971698,151868340,0,468,1202,7661,620,103944402,35,0,0,0,0,0,0,0,1,0,0,0,0,0,0,0,0,0,0,62311681,0,151151532,2496134,0,0,0,0,0,0,0,0,16384,0,0,0,0,0,0,0,0,0,0,0,8348,453,0,0,0,0,0,157991711,0,180,0,3,453,8348,0,0,0,0,0,0,0,0,0,0,0,0,0,0,0,0,0,0,0,0,0,0,0,0,0,0,0,0,0,0,0,0,0,0,0,0,0,0,0,0,0,0,0,0,0,0,0,0,0,0,0,0,0,0,791393546,0,0,0,1065686895,0,0,0,0,0,0,0,201775539,533157745,953741553,434987779584,160704878,1,0,0,0,0,0,0,0,0,0,0,0,0,0,0,0,0,0,0,0,0,0,0,0,0,0,0,0,0,0,0,620,0,0,0,0,0,0,0
1782980750.953,0,0,0,0,0,0,0,1923341359,8735006558720,3071843897344,0,0,0,0,0,0,0,0,0,0,0,0,0,0,0,0,0,0,0,0,0,0,0,0,0,0,0,0,0,0,0,0,0,0,0,0,0,0,0,0,0,0,0,0,0,0,0,0,0,0,0,0,0,0,0,0,0,0,7,1969684,535682621,156007010,0,0,0,0,0,0,0,0,0,0,0,0,0,0,0,0,0,0,0,0,0,0,0,0,0,0,0,0,0,0,0,0,0,0,0,0,0,12877938688,5170413568,786007,315577,151185179,329,0,96,786432,533561742,811153,6,9481550132,12884901888,11496329,1472545955,0,0,0,0,0,0,0,0,0,0,0,0,0,0,0,0,0,0,51981412,151878052,0,468,1202,7661,620,103963838,35,0,0,0,0,0,0,0,1,0,0,0,0,0,0,0,0,0,0,62322716,0,151179585,2496511,0,0,0,0,0,0,0,0,16384,0,0,0,0,0,0,0,0,0,0,0,8349,453,0,0,0,0,0,158021247,0,180,0,3,453,8349,0,0,0,0,0,0,0,0,0,0,0,0,0,0,0,0,0,0,0,0,0,0,0,0,0,0,0,0,0,0,0,0,0,0,0,0,0,0,0,0,0,0,0,0,0,0,0,0,0,0,0,0,0,0,791534624,0,0,0,1065850846,0,0,0,0,0,0,0,201794488,533271764,953916902,435061231104,160715663,1,0,0,0,0,0,0,0,0,0,0,0,0,0,0,0,0,0,0,0,0,0,0,0,0,0,0,0,0,0,0,1177,0,0,0,0,0,0,0
1782980752.042,0,0,0,0,0,0,0,1923665478,8736861243904,3072437449216,0,0,0,0,0,0,0,0,0,0,0,0,0,0,0,0,0,0,0,0,0,0,0,0,0,0,0,0,0,0,0,0,0,0,0,0,0,0,0,0,0,0,0,0,0,0,0,0,0,0,0,0,0,0,0,0,0,0,7,1969717,535796744,156038110,0,0,0,0,0,0,0,0,0,0,0,0,0,0,0,0,0,0,0,0,0,0,0,0,0,0,0,0,0,0,0,0,0,0,0,0,0,12881739776,5176180736,786238,315929,151213642,93,0,98,786432,533675405,811153,6,9483171979,12884901888,11501939,1472750652,0,0,0,0,0,0,0,0,0,0,0,0,0,0,0,0,0,0,51991046,151887686,0,468,1202,7661,620,103983099,35,0,0,0,0,0,0,0,1,0,0,0,0,0,0,0,0,0,0,62333682,0,151208048,2496898,0,0,0,0,0,0,0,0,16384,0,0,0,0,0,0,0,0,0,0,0,8350,453,0,0,0,0,0,158050521,0,180,0,3,453,8350,0,0,0,0,0,0,0,0,0,0,0,0,0,0,0,0,0,0,0,0,0,0,0,0,0,0,0,0,0,0,0,0,0,0,0,0,0,0,0,0,0,0,0,0,0,0,0,0,0,0,0,0,0,0,791675125,0,0,0,1066014391,0,0,0,0,0,0,0,201814134,533384953,954091119,435134508032,160727419,0,1,0,0,0,0,0,0,0,0,0,0,0,0,0,0,0,0,0,0,0,0,0,0,0,0,0,0,0,0,0,673,0,0,0,0,0,0,0
1782980753.131,0,0,0,0,0,0,0,1923979337,8738664090112,3073017183232,0,0,0,0,0,0,0,0,0,0,0,0,0,0,0,0,0,0,0,0,0,0,0,0,0,0,0,0,0,0,0,0,0,0,0,0,0,0,0,0,0,0,0,0,0,0,0,0,0,0,0,0,0,0,0,0,0,0,7,1969749,535907596,156068509,0,0,0,0,0,0,0,0,0,0,0,0,0,0,0,0,0,0,0,0,0,0,0,0,0,0,0,0,0,0,0,0,0,0,0,0,0,12880068608,5177802752,786137,316028,151240354,197,0,96,786432,533785850,811153,6,9484739507,12884901888,11511258,1472945369,0,0,0,0,0,0,0,0,0,0,0,0,0,0,0,0,0,0,52000372,151897013,0,468,1202,7661,620,104001742,35,0,0,0,0,0,0,0,1,0,0,0,0,0,0,0,0,0,0,62344303,0,151234760,2497258,0,0,0,0,0,0,0,0,16384,0,0,0,0,0,0,0,0,0,0,0,8351,453,0,0,0,0,0,158078902,0,180,0,3,453,8351,0,0,0,0,0,0,0,0,0,0,0,0,0,0,0,0,0,0,0,0,0,0,0,0,0,0,0,0,0,0,0,0,0,0,0,0,0,0,0,0,0,0,0,0,0,0,0,0,0,0,0,0,0,0,791811413,0,0,0,1066171473,0,0,0,0,0,0,0,201834532,533494946,954261610,435205394944,160739149,1,0,0,0,0,0,0,0,0,0,0,0,0,0,0,0,0,0,0,0,0,0,0,0,0,0,0,0,0,0,0,1548,0,0,0,0,0,0,0
1782980754.212,0,0,0,0,0,0,0,1924307781,8740549429760,3073620091392,0,0,0,0,0,0,0,0,0,0,0,0,0,0,0,0,0,0,0,0,0,0,0,0,0,0,0,0,0,0,0,0,0,0,0,0,0,0,0,0,0,0,0,0,0,0,0,0,0,0,0,0,0,0,0,0,0,0,7,1969777,536023560,156100061,0,0,0,0,0,0,0,0,0,0,0,0,0,0,0,0,0,0,0,0,0,0,0,0,0,0,0,0,0,0,0,0,0,0,0,0,0,12878299136,5187387392,786029,316613,151269956,306,0,98,786432,533901373,811153,6,9486383266,12884901888,11516613,1473152243,0,0,0,0,0,0,0,0,0,0,0,0,0,0,0,0,0,0,52010142,151906784,0,468,1202,7661,620,104021307,35,0,0,0,0,0,0,0,1,0,0,0,0,0,0,0,0,0,0,62355402,0,151264362,2497655,0,0,0,0,0,0,0,0,16384,0,0,0,0,0,0,0,0,0,0,0,8352,453,0,0,0,0,0,158108539,0,180,0,3,453,8352,0,0,0,0,0,0,0,0,0,0,0,0,0,0,0,0,0,0,0,0,0,0,0,0,0,0,0,0,0,0,0,0,0,0,0,0,0,0,0,0,0,0,0,0,0,0,0,0,0,0,0,0,0,0,791954914,0,0,0,1066337286,0,0,0,0,0,0,0,201852933,533610034,954438659,435279962112,160750282,1,0,0,0,0,0,0,0,0,0,0,0,0,0,0,0,0,0,0,0,0,0,0,0,0,0,0,0,0,0,0,1163,0,0,0,0,0,0,0
1782980755.299,0,0,0,0,0,0,0,1924613228,8742289115648,3074182063104,0,0,0,0,0,0,0,0,0,0,0,0,0,0,0,0,0,0,0,0,0,0,0,0,0,0,0,0,0,0,0,0,0,0,0,0,0,0,0,0,0,0,0,0,0,0,0,0,0,0,0,0,0,0,0,0,0,0,7,1969813,536130569,156129377,0,0,0,0,0,0,0,0,0,0,0,0,0,0,0,0,0,0,0,0,0,0,0,0,0,0,0,0,0,0,0,0,0,0,0,0,0,12880674816,5194498048,786174,317047,151296236,155,0,101,786432,534008012,811153,6,9487907906,12884901888,11524629,1473343242,0,0,0,0,0,0,0,0,0,0,0,0,0,0,0,0,0,0,52019210,151915852,0,468,1202,7661,620,104039434,35,0,0,0,0,0,0,0,1,0,0,0,0,0,0,0,0,0,0,62365709,0,151290642,2498011,0,0,0,0,0,0,0,0,16384,0,0,0,0,0,0,0,0,0,0,0,8353,453,0,0,0,0,0,158136130,0,180,0,3,453,8353,0,0,0,0,0,0,0,0,0,0,0,0,0,0,0,0,0,0,0,0,0,0,0,0,0,0,0,0,0,0,0,0,0,0,0,0,0,0,0,0,0,0,0,0,0,0,0,0,0,0,0,0,0,0,792091061,0,0,0,1066490534,0,0,0,0,0,0,0,201870781,533716224,954607234,435350707200,160760491,1,0,0,0,0,0,0,0,0,0,0,0,0,0,0,0,0,0,0,0,0,0,0,0,0,0,0,0,0,0,0,1558,0,0,0,0,0,0,0
1782980756.375,0,0,0,0,0,0,0,1924930726,8744104053248,3074770365952,0,0,0,0,0,0,0,0,0,0,0,0,0,0,0,0,0,0,0,0,0,0,0,0,0,0,0,0,0,0,0,0,0,0,0,0,0,0,0,0,0,0,0,0,0,0,0,0,0,0,0,0,0,0,0,0,0,0,7,1969843,536242152,156160103,0,0,0,0,0,0,0,0,0,0,0,0,0,0,0,0,0,0,0,0,0,0,0,0,0,0,0,0,0,0,0,0,0,0,0,0,0,12879134720,5199888384,786081,317376,151324429,254,0,96,786432,534119190,811153,6,9489497384,12884901888,11530198,1473544387,0,0,0,0,0,0,0,0,0,0,0,0,0,0,0,0,0,0,52028641,151925282,0,468,1202,7661,620,104058304,35,0,0,0,0,0,0,0,1,0,0,0,0,0,0,0,0,0,0,62376420,0,151318835,2498384,0,0,0,0,0,0,0,0,16384,0,0,0,0,0,0,0,0,0,0,0,8354,453,0,0,0,0,0,158164832,0,180,0,3,453,8354,0,0,0,0,0,0,0,0,0,0,0,0,0,0,0,0,0,0,0,0,0,0,0,0,0,0,0,0,0,0,0,0,0,0,0,0,0,0,0,0,0,0,0,0,0,0,0,0,0,0,0,0,0,0,792232602,0,0,0,1066651118,0,0,0,0,0,0,0,201887841,533826985,954782126,435424311296,160770276,1,0,0,0,0,0,0,0,0,0,0,0,0,0,0,0,0,0,0,0,0,0,0,0,0,0,0,0,0,0,0,736,0,0,0,0,0,0,0
1782980757.461,0,0,0,0,0,0,0,1925244704,8745902705152,3075348896768,0,0,0,0,0,0,0,0,0,0,0,0,0,0,0,0,0,0,0,0,0,0,0,0,0,0,0,0,0,0,0,0,0,0,0,0,0,0,0,0,0,0,0,0,0,0,0,0,0,0,0,0,0,0,0,0,0,0,7,1969879,536352755,156190287,0,0,0,0,0,0,0,0,0,0,0,0,0,0,0,0,0,0,0,0,0,0,0,0,0,0,0,0,0,0,0,0,0,0,0,0,0,12879101952,5209128960,786078,317940,151352048,258,0,96,786432,534229395,811153,6,9491064697,12884901888,11535841,1473739310,0,0,0,0,0,0,0,0,0,0,0,0,0,0,0,0,0,0,52037972,151934612,0,468,1202,7661,620,104076956,35,0,0,0,0,0,0,0,1,0,0,0,0,0,0,0,0,0,0,62387005,0,151346454,2498751,0,0,0,0,0,0,0,0,16384,0,0,0,0,0,0,0,0,0,0,0,8356,453,0,0,0,0,0,158193188,0,180,0,3,453,8356,0,0,0,0,0,0,0,0,0,0,0,0,0,0,0,0,0,0,0,0,0,0,0,0,0,0,0,0,0,0,0,0,0,0,0,0,0,0,0,0,0,0,0,0,0,0,0,0,0,0,0,0,0,0,792372693,0,0,0,1066808279,0,0,0,0,0,0,0,201904725,533936764,954955074,435497188864,160779785,1,0,0,0,0,0,0,0,0,0,0,0,0,0,0,0,0,0,0,0,0,0,0,0,0,0,0,0,0,0,0,1641,0,0,0,0,0,0,0
1782980758.548,0,0,0,0,0,0,0,1925564033,8747727948288,3075938952704,0,0,0,0,0,0,0,0,0,0,0,0,0,0,0,0,0,0,0,0,0,0,0,0,0,0,0,0,0,0,0,0,0,0,0,0,0,0,0,0,0,0,0,0,0,0,0,0,0,0,0,0,0,0,0,0,0,0,7,1969902,536465021,156221145,0,0,0,0,0,0,0,0,0,0,0,0,0,0,0,0,0,0,0,0,0,0,0,0,0,0,0,0,0,0,0,0,0,0,0,0,0,12877955072,5212241920,786009,318130,151380024,326,0,98,786432,534341274,811153,6,9492662927,12884901888,11542317,1473941301,0,0,0,0,0,0,0,0,0,0,0,0,0,0,0,0,0,0,52047467,151944111,0,468,1202,7661,620,104095944,35,0,0,0,0,0,0,0,1,0,0,0,0,0,0,0,0,0,0,62397804,0,151374430,2499119,0,0,0,0,0,0,0,0,16384,0,0,0,0,0,0,0,0,0,0,0,8357,453,0,0,0,0,0,158222055,0,180,0,3,453,8357,0,0,0,0,0,0,0,0,0,0,0,0,0,0,0,0,0,0,0,0,0,0,0,0,0,0,0,0,0,0,0,0,0,0,0,0,0,0,0,0,0,0,0,0,0,0,0,0,0,0,0,0,0,0,792514328,0,0,0,1066969651,0,0,0,0,0,0,0,201922374,534048230,955130446,435570800640,160789962,1,1,0,0,0,0,0,0,0,0,0,0,0,0,0,0,0,0,0,0,0,0,0,0,0,0,0,0,0,0,0,1066,0,0,0,0,0,0,0
1782980759.637,0,0,0,0,0,0,0,1925879914,8749535480320,3076544109568,0,0,0,0,0,0,0,0,0,0,0,0,0,0,0,0,0,0,0,0,0,0,0,0,0,0,0,0,0,0,0,0,0,0,0,0,0,0,0,0,0,0,0,0,0,0,0,0,0,0,0,0,0,0,0,0,0,0,7,1969933,536576170,156252777,0,0,0,0,0,0,0,0,0,0,0,0,0,0,0,0,0,0,0,0,0,0,0,0,0,0,0,0,0,0,0,0,0,0,0,0,0,12881068032,5199462400,786197,317350,151408196,136,0,98,786432,534451997,811153,6,9494244122,12884901888,11547040,1474140963,0,0,0,0,0,0,0,0,0,0,0,0,0,0,0,0,0,0,52056872,151953514,0,468,1202,7661,620,104114758,35,0,0,0,0,0,0,0,1,0,0,0,0,0,0,0,0,0,0,62408489,0,151403754,2499495,0,0,0,0,0,0,0,0,16384,0,0,0,0,0,0,0,0,0,0,0,8358,453,0,0,0,0,0,158250619,0,180,0,3,453,8358,0,0,0,0,0,0,0,0,0,0,0,0,0,0,0,0,0,0,0,0,0,0,0,0,0,0,0,0,0,0,0,0,0,0,0,0,0,0,0,0,0,0,0,0,0,0,0,0,0,0,0,0,0,0,792655396,0,0,0,1067129238,0,0,0,0,0,0,0,201938480,534158540,955305552,435643982336,160799047,1,0,0,0,0,0,0,0,0,0,0,0,0,0,0,0,0,0,0,0,0,0,0,0,0,0,0,0,0,0,0,606,0,0,0,0,0,0,0
1782980760.715,0,0,0,0,0,0,0,1926193259,8751325219328,3077144483328,0,0,0,0,0,0,0,0,0,0,0,0,0,0,0,0,0,0,0,0,0,0,0,0,0,0,0,0,0,0,0,0,0,0,0,0,0,0,0,0,0,0,0,0,0,0,0,0,0,0,0,0,0,0,0,0,0,0,7,1969966,536686231,156284437,0,0,0,0,0,0,0,0,0,0,0,0,0,0,0,0,0,0,0,0,0,0,0,0,0,0,0,0,0,0,0,0,0,0,0,0,0,12879790080,5179555840,786121,316136,151435339,214,0,98,786432,534561671,811153,6,9495808647,12884901888,11554171,1474336444,0,0,0,0,0,0,0,0,0,0,0,0,0,0,0,0,0,0,52066178,151962818,0,468,1202,7661,620,104133362,35,0,0,0,0,0,0,0,1,0,0,0,0,0,0,0,0,0,0,62419068,0,151432305,2499865,0,0,0,0,0,0,0,0,16384,0,0,0,0,0,0,0,0,0,0,0,8359,453,0,0,0,0,0,158278913,0,180,0,3,453,8359,0,0,0,0,0,0,0,0,0,0,0,0,0,0,0,0,0,0,0,0,0,0,0,0,0,0,0,0,0,0,0,0,0,0,0,0,0,0,0,0,0,0,0,0,0,0,0,0,0,0,0,0,0,0,792794479,0,0,0,1067286500,0,0,0,0,0,0,0,201955682,534267755,955479450,435716336128,160808593,1,0,0,0,0,0,0,0,0,0,0,0,0,0,0,0,0,0,0,0,0,0,0,0,0,0,0,0,0,0,0,964,0,0,0,0,0,0,0
1782980761.794,0,0,0,0,0,0,0,1926505212,8753117497856,3077747484672,0,0,0,0,0,0,0,0,0,0,0,0,0,0,0,0,0,0,0,0,0,0,0,0,0,0,0,0,0,0,0,0,0,0,0,0,0,0,0,0,0,0,0,0,0,0,0,0,0,0,0,0,0,0,0,0,0,0,7,1970000,536796390,156316229,0,0,0,0,0,0,0,0,0,0,0,0,0,0,0,0,0,0,0,0,0,0,0,0,0,0,0,0,0,0,0,0,0,0,0,0,0,12881231872,5158109184,786209,314826,151462247,107,0,116,786432,534671415,811153,6,9497369450,12884901888,11562394,1474533258,0,0,0,0,0,0,0,0,0,0,0,0,0,0,0,0,0,0,52075451,151972093,0,468,1202,7661,620,104151910,35,0,0,0,0,0,0,0,1,0,0,0,0,0,0,0,0,0,0,62429593,0,151460877,2500226,0,0,0,0,0,0,0,0,16384,0,0,0,0,0,0,0,0,0,0,0,8360,453,0,0,0,0,0,158307087,0,180,0,3,453,8360,0,0,0,0,0,0,0,0,0,0,0,0,0,0,0,0,0,0,0,0,0,0,0,0,0,0,0,0,0,0,0,0,0,0,0,0,0,0,0,0,0,0,0,0,0,0,0,0,0,0,0,0,0,0,792932959,0,0,0,1067443774,0,0,0,0,0,0,0,201972854,534377054,955653023,435788500480,160818025,1,0,0,0,0,0,0,0,0,0,0,0,0,0,0,0,0,0,0,0,0,0,0,0,0,0,0,0,0,0,0,608,0,0,0,0,0,0,0
1782980762.878,0,0,0,0,0,0,0,1926826639,8754951326208,3078342522880,0,0,0,0,0,0,0,0,0,0,0,0,0,0,0,0,0,0,0,0,0,0,0,0,0,0,0,0,0,0,0,0,0,0,0,0,0,0,0,0,0,0,0,0,0,0,0,0,0,0,0,0,0,0,0,0,0,0,7,1970032,536909130,156347396,0,0,0,0,0,0,0,0,0,0,0,0,0,0,0,0,0,0,0,0,0,0,0,0,0,0,0,0,0,0,0,0,0,0,0,0,0,12878725120,5157109760,786054,314765,151495328,279,0,97,786432,534783725,811153,6,9498974213,12884901888,11567399,1474733426,0,0,0,0,0,0,0,0,0,0,0,0,0,0,0,0,0,0,52084991,151981630,0,468,1202,7661,620,104170993,35,0,0,0,0,0,0,0,1,0,0,0,0,0,0,0,0,0,0,62440445,0,151489734,2500611,0,0,0,0,0,0,0,0,16384,0,0,0,0,0,0,0,0,0,0,0,8361,453,0,0,0,0,0,158336052,0,180,0,3,453,8361,0,0,0,0,0,0,0,0,0,0,0,0,0,0,0,0,0,0,0,0,0,0,0,0,0,0,0,0,0,0,0,0,0,0,0,0,0,0,0,0,0,0,0,0,0,0,0,0,0,0,0,0,0,0,793075238,0,0,0,1067604753,0,0,0,0,0,0,0,201989718,534488945,955828859,435862484480,160827537,1,1,0,0,0,0,0,0,0,0,0,0,0,0,0,0,0,0,0,0,0,0,0,0,0,0,0,0,0,0,0,1393,0,0,0,0,0,0,0
1782980763.961,0,0,0,0,0,0,0,1927153161,8756819216896,3078940983296,0,0,0,0,0,0,0,0,0,0,0,0,0,0,0,0,0,0,0,0,0,0,0,0,0,0,0,0,0,0,0,0,0,0,0,0,0,0,0,0,0,0,0,0,0,0,0,0,0,0,0,0,0,0,0,0,0,0,7,1970060,537023975,156378639,0,0,0,0,0,0,0,0,0,0,0,0,0,0,0,0,0,0,0,0,0,0,0,0,0,0,0,0,0,0,0,0,0,0,0,0,0,12877283328,5169381376,785967,315514,151524336,369,0,97,786432,534898139,811153,6,9500607880,12884901888,11572185,1474938341,0,0,0,0,0,0,0,0,0,0,0,0,0,0,0,0,0,0,52094701,151991344,0,468,1202,7661,620,104190407,35,0,0,0,0,0,0,0,1,0,0,0,0,0,0,0,0,0,0,62451507,0,151518742,2500996,0,0,0,0,0,0,0,0,16384,0,0,0,0,0,0,0,0,0,0,0,8362,453,0,0,0,0,0,158365591,0,180,0,3,453,8362,0,0,0,0,0,0,0,0,0,0,0,0,0,0,0,0,0,0,0,0,0,0,0,0,0,0,0,0,0,0,0,0,0,0,0,0,0,0,0,0,0,0,0,0,0,0,0,0,0,0,0,0,0,0,793219498,0,0,0,1067769103,0,0,0,0,0,0,0,202006908,534602916,956006698,435937516032,160837511,1,0,0,0,0,0,0,0,0,0,0,0,0,0,0,0,0,0,0,0,0,0,0,0,0,0,0,0,0,0,0,1412,0,0,0,0,0,0,0
1782980765.046,0,0,0,0,0,0,0,1927470276,8758637300224,3079527010816,0,0,0,0,0,0,0,0,0,0,0,0,0,0,0,0,0,0,0,0,0,0,0,0,0,0,0,0,0,0,0,0,0,0,0,0,0,0,0,0,0,0,0,0,0,0,0,0,0,0,0,0,0,0,0,0,0,0,7,1970084,537135723,156409297,0,0,0,0,0,0,0,0,0,0,0,0,0,0,0,0,0,0,0,0,0,0,0,0,0,0,0,0,0,0,0,0,0,0,0,0,0,12878282752,5174444032,786028,315823,151552214,310,0,97,786432,535009477,811153,6,9502194192,12884901888,11579262,1475138045,0,0,0,0,0,0,0,0,0,0,0,0,0,0,0,0,0,0,52104135,152000774,0,468,1202,7661,620,104209282,35,0,0,0,0,0,0,0,1,0,0,0,0,0,0,0,0,0,0,62462242,0,151546683,2501368,0,0,0,0,0,0,0,0,16384,0,0,0,0,0,0,0,0,0,0,0,8363,453,0,0,0,0,0,158394259,0,180,0,3,453,8363,0,0,0,0,0,0,0,0,0,0,0,0,0,0,0,0,0,0,0,0,0,0,0,0,0,0,0,0,0,0,0,0,0,0,0,0,0,0,0,0,0,0,0,0,0,0,0,0,0,0,0,0,0,0,793360175,0,0,0,1067928998,0,0,0,0,0,0,0,202025138,534713853,956180791,436010579968,160847971,1,0,0,0,0,0,0,0,0,0,0,0,0,0,0,0,0,0,0,0,0,0,0,0,0,0,0,0,0,0,0,1132,0,0,0,0,0,0,0
1782980766.130,0,0,0,0,0,0,0,1927789313,8760465902080,3080114935296,0,0,0,0,0,0,0,0,0,0,0,0,0,0,0,0,0,0,0,0,0,0,0,0,0,0,0,0,0,0,0,0,0,0,0,0,0,0,0,0,0,0,0,0,0,0,0,0,0,0,0,0,0,0,0,0,0,0,7,1970123,537248114,156439949,0,0,0,0,0,0,0,0,0,0,0,0,0,0,0,0,0,0,0,0,0,0,0,0,0,0,0,0,0,0,0,0,0,0,0,0,0,12883312640,5181177856,786335,316234,151580145,1,0,97,786432,535121431,811153,6,9503791293,12884901888,11584700,1475340010,0,0,0,0,0,0,0,0,0,0,0,0,0,0,0,0,0,0,52113612,152010250,0,468,1202,7661,620,104228229,35,0,0,0,0,0,0,0,1,0,0,0,0,0,0,0,0,0,0,62473022,0,151574551,2501743,0,0,0,0,0,0,0,0,16384,0,0,0,0,0,0,0,0,0,0,0,8364,453,0,0,0,0,0,158423069,0,180,0,3,453,8364,0,0,0,0,0,0,0,0,0,0,0,0,0,0,0,0,0,0,0,0,0,0,0,0,0,0,0,0,0,0,0,0,0,0,0,0,0,0,0,0,0,0,0,0,0,0,0,0,0,0,0,0,0,0,793502720,0,0,0,1068090103,0,0,0,0,0,0,0,202042693,534825424,956356656,436084748288,160858164,1,1,0,0,0,0,0,0,0,0,0,0,0,0,0,0,0,0,0,0,0,0,0,0,0,0,0,0,0,0,0,536,0,0,0,0,0,0,0
1782980767.221,0,0,0,0,0,0,0,1928104682,8762279250432,3080700808192,0,0,0,0,0,0,0,0,0,0,0,0,0,0,0,0,0,0,0,0,0,0,0,0,0,0,0,0,0,0,0,0,0,0,0,0,0,0,0,0,0,0,0,0,0,0,0,0,0,0,0,0,0,0,0,0,0,0,7,1970164,537359586,156470553,0,0,0,0,0,0,0,0,0,0,0,0,0,0,0,0,0,0,0,0,0,0,0,0,0,0,0,0,0,0,0,0,0,0,0,0,0,12877725696,5184094208,785993,316412,151607264,339,0,99,786432,535232459,811153,6,9505368257,12884901888,11593009,1475537329,0,0,0,0,0,0,0,0,0,0,0,0,0,0,0,0,0,0,52122982,152019622,0,468,1202,7661,620,104246976,35,0,0,0,0,0,0,0,1,0,0,0,0,0,0,0,0,0,0,62483669,0,151601670,2502095,0,0,0,0,0,0,0,0,16384,0,0,0,0,0,0,0,0,0,0,0,8365,453,0,0,0,0,0,158451519,0,180,0,3,453,8365,0,0,0,0,0,0,0,0,0,0,0,0,0,0,0,0,0,0,0,0,0,0,0,0,0,0,0,0,0,0,0,0,0,0,0,0,0,0,0,0,0,0,0,0,0,0,0,0,0,0,0,0,0,0,793643050,0,0,0,1068248517,0,0,0,0,0,0,0,202060736,534936001,956531293,436157785088,160868219,1,0,0,0,0,0,0,0,0,0,0,0,0,0,0,0,0,0,0,0,0,0,0,0,0,0,0,0,0,0,0,987,0,0,0,0,0,0,0
1782980768.306,0,0,0,0,0,0,0,1928426727,8764129135104,3081294729216,0,0,0,0,0,0,0,0,0,0,0,0,0,0,0,0,0,0,0,0,0,0,0,0,0,0,0,0,0,0,0,0,0,0,0,0,0,0,0,0,0,0,0,0,0,0,0,0,0,0,0,0,0,0,0,0,0,0,7,1970188,537473383,156501647,0,0,0,0,0,0,0,0,0,0,0,0,0,0,0,0,0,0,0,0,0,0,0,0,0,0,0,0,0,0,0,0,0,0,0,0,0,12878594048,5187403776,786047,316614,151635878,288,0,98,786432,535345829,811153,6,9506978078,12884901888,11598372,1475739572,0,0,0,0,0,0,0,0,0,0,0,0,0,0,0,0,0,0,52132549,152029192,0,468,1202,7661,620,104266111,35,0,0,0,0,0,0,0,1,0,0,0,0,0,0,0,0,0,0,62494569,0,151630317,2502467,0,0,0,0,0,0,0,0,16384,0,0,0,0,0,0,0,0,0,0,0,8366,453,0,0,0,0,0,158480617,0,180,0,3,453,8366,0,0,0,0,0,0,0,0,0,0,0,0,0,0,0,0,0,0,0,0,0,0,0,0,0,0,0,0,0,0,0,0,0,0,0,0,0,0,0,0,0,0,0,0,0,0,0,0,0,0,0,0,0,0,793785940,0,0,0,1068410632,0,0,0,0,0,0,0,202078225,535048928,956707823,436231860224,160878522,1,0,0,0,0,0,0,0,0,0,0,0,0,0,0,0,0,0,0,0,0,0,0,0,0,0,0,0,0,0,0,828,0,0,0,0,0,0,0
1782980769.392,0,0,0,0,0,0,0,1928747120,8765967387136,3081883348480,0,0,0,0,0,0,0,0,0,0,0,0,0,0,0,0,0,0,0,0,0,0,0,0,0,0,0,0,0,0,0,0,0,0,0,0,0,0,0,0,0,0,0,0,0,0,0,0,0,0,0,0,0,0,0,0,0,0,7,1970217,537586444,156532384,0,0,0,0,0,0,0,0,0,0,0,0,0,0,0,0,0,0,0,0,0,0,0,0,0,0,0,0,0,0,0,0,0,0,0,0,0,12880019456,5196136448,786134,317147,151664139,201,0,97,786432,535458465,811153,6,9508580529,12884901888,11603255,1475939944,0,0,0,0,0,0,0,0,0,0,0,0,0,0,0,0,0,0,52142085,152038727,0,468,1202,7661,620,104285179,35,0,0,0,0,0,0,0,1,0,0,0,0,0,0,0,0,0,0,62505428,0,151658697,2502853,0,0,0,0,0,0,0,0,16384,0,0,0,0,0,0,0,0,0,0,0,8367,453,0,0,0,0,0,158509638,0,180,0,3,453,8367,0,0,0,0,0,0,0,0,0,0,0,0,0,0,0,0,0,0,0,0,0,0,0,0,0,0,0,0,0,0,0,0,0,0,0,0,0,0,0,0,0,0,0,0,0,0,0,0,0,0,0,0,0,0,793927778,0,0,0,1068571929,0,0,0,0,0,0,0,202095640,535161081,956882845,436305559040,160888556,1,0,0,0,0,0,0,0,0,0,0,0,0,0,0,0,0,0,0,0,0,0,0,0,0,0,0,0,0,0,0,977,0,0,0,0,0,0,0
1782980770.475,0,0,0,0,0,0,0,1929069719,8767813159424,3082475515904,0,0,0,0,0,0,0,0,0,0,0,0,0,0,0,0,0,0,0,0,0,0,0,0,0,0,0,0,0,0,0,0,0,0,0,0,0,0,0,0,0,0,0,0,0,0,0,0,0,0,0,0,0,0,0,0,0,0,7,1970252,537699948,156563282,0,0,0,0,0,0,0,0,0,0,0,0,0,0,0,0,0,0,0,0,0,0,0,0,0,0,0,0,0,0,0,0,0,0,0,0,0,12877725696,5202018304,785994,317507,151692915,338,0,98,786432,535571564,811153,6,9510193854,12884901888,11607417,1476143165,0,0,0,0,0,0,0,0,0,0,0,0,0,0,0,0,0,0,52151674,152048317,0,468,1202,7661,620,104304370,35,0,0,0,0,0,0,0,1,0,0,0,0,0,0,0,0,0,0,62516336,0,151687321,2503244,0,0,0,0,0,0,0,0,16384,0,0,0,0,0,0,0,0,0,0,0,8369,453,0,0,0,0,0,158538773,0,180,0,3,453,8369,0,0,0,0,0,0,0,0,0,0,0,0,0,0,0,0,0,0,0,0,0,0,0,0,0,0,0,0,0,0,0,0,0,0,0,0,0,0,0,0,0,0,0,0,0,0,0,0,0,0,0,0,0,0,794070421,0,0,0,1068734475,0,0,0,0,0,0,0,202112851,535273740,957058768,436379825152,160898258,1,1,0,0,0,0,0,0,0,0,0,0,0,0,0,0,0,0,0,0,0,0,0,0,0,0,0,0,0,0,0,845,0,0,0,0,0,0,0
1782980771.561,0,0,0,0,0,0,0,1929383768,8769609927168,3083050786816,0,0,0,0,0,0,0,0,0,0,0,0,0,0,0,0,0,0,0,0,0,0,0,0,0,0,0,0,0,0,0,0,0,0,0,0,0,0,0,0,0,0,0,0,0,0,0,0,0,0,0,0,0,0,0,0,0,0,7,1970279,537810444,156593358,0,0,0,0,0,0,0,0,0,0,0,0,0,0,0,0,0,0,0,0,0,0,0,0,0,0,0,0,0,0,0,0,0,0,0,0,0,12879593472,5211865088,786108,318107,151719975,227,0,96,786432,535681669,811153,6,9511761680,12884901888,11615345,1476338346,0,0,0,0,0,0,0,0,0,0,0,0,0,0,0,0,0,0,52161007,152057647,0,468,1202,7661,620,104323009,35,0,0,0,0,0,0,0,1,0,0,0,0,0,0,0,0,0,0,62526958,0,151714444,2503606,0,0,0,0,0,0,0,0,16384,0,0,0,0,0,0,0,0,0,0,0,8370,453,0,0,0,0,0,158567188,0,180,0,3,453,8370,0,0,0,0,0,0,0,0,0,0,0,0,0,0,0,0,0,0,0,0,0,0,0,0,0,0,0,0,0,0,0,0,0,0,0,0,0,0,0,0,0,0,0,0,0,0,0,0,0,0,0,0,0,0,794208466,0,0,0,1068891850,0,0,0,0,0,0,0,202131404,535383381,957229892,436451478528,160909028,1,0,0,0,0,0,0,0,0,0,0,0,0,0,0,0,0,0,0,0,0,0,0,0,0,0,0,0,0,0,0,1396,0,0,0,0,0,0,0
1782980772.648,0,0,0,0,0,0,0,1929691784,8771372419584,3083641530368,0,0,0,0,0,0,0,0,0,0,0,0,0,0,0,0,0,0,0,0,0,0,0,0,0,0,0,0,0,0,0,0,0,0,0,0,0,0,0,0,0,0,0,0,0,0,0,0,0,0,0,0,0,0,0,0,0,0,7,1970302,537918814,156624357,0,0,0,0,0,0,0,0,0,0,0,0,0,0,0,0,0,0,0,0,0,0,0,0,0,0,0,0,0,0,0,0,0,0,0,0,0,12882231296,5196021760,786271,317141,151746355,62,0,103,786432,535789648,811153,6,9513304288,12884901888,11624472,1476533768,0,0,0,0,0,0,0,0,0,0,0,0,0,0,0,0,0,0,52170173,152066815,0,468,1202,7661,620,104341361,35,0,0,0,0,0,0,0,1,0,0,0,0,0,0,0,0,0,0,62537377,0,151742041,2503972,0,0,0,0,0,0,0,0,16384,0,0,0,0,0,0,0,0,0,0,0,8371,453,0,0,0,0,0,158595035,0,180,0,3,453,8371,0,0,0,0,0,0,0,0,0,0,0,0,0,0,0,0,0,0,0,0,0,0,0,0,0,0,0,0,0,0,0,0,0,0,0,0,0,0,0,0,0,0,0,0,0,0,0,0,0,0,0,0,0,0,794345087,0,0,0,1069047949,0,0,0,0,0,0,0,202150570,535490955,957400972,436522359808,160920068,1,0,0,0,0,0,0,0,0,0,0,0,0,0,0,0,0,0,0,0,0,0,0,0,0,0,0,0,0,0,0,418,0,0,0,0,0,0,0
1782980773.727,0,0,0,0,0,0,0,1930012281,8773205740032,3084256936960,0,0,0,0,0,0,0,0,0,0,0,0,0,0,0,0,0,0,0,0,0,0,0,0,0,0,0,0,0,0,0,0,0,0,0,0,0,0,0,0,0,0,0,0,0,0,0,0,0,0,0,0,0,0,0,0,0,0,7,1970338,538031540,156656863,0,0,0,0,0,0,0,0,0,0,0,0,0,0,0,0,0,0,0,0,0,0,0,0,0,0,0,0,0,0,0,0,0,0,0,0,0,12883263488,5177131008,786334,315987,151774596,0,0,98,786432,535901942,811153,6,9514903264,12884901888,11629484,1476732577,0,0,0,0,0,0,0,0,0,0,0,0,0,0,0,0,0,0,52179687,152076330,0,468,1202,7661,620,104360387,35,0,0,0,0,0,0,0,1,0,0,0,0,0,0,0,0,0,0,62548189,0,151772074,2504361,0,0,0,0,0,0,0,0,16384,0,0,0,0,0,0,0,0,0,0,0,8372,453,0,0,0,0,0,158623949,0,180,0,3,453,8372,0,0,0,0,0,0,0,0,0,0,0,0,0,0,0,0,0,0,0,0,0,0,0,0,0,0,0,0,0,0,0,0,0,0,0,0,0,0,0,0,0,0,0,0,0,0,0,0,0,0,0,0,0,0,794485645,0,0,0,1069208156,0,0,0,0,0,0,0,202167165,535602797,957576524,436595598336,160929375,1,0,0,0,0,0,0,0,0,0,0,0,0,0,0,0,0,0,0,0,0,0,0,0,0,0,0,0,0,0,0,1436,0,0,0,0,0,0,0
1782980774.811,0,0,0,0,0,0,0,1930319844,8774964480512,3084851010048,0,0,0,0,0,0,0,0,0,0,0,0,0,0,0,0,0,0,0,0,0,0,0,0,0,0,0,0,0,0,0,0,0,0,0,0,0,0,0,0,0,0,0,0,0,0,0,0,0,0,0,0,0,0,0,0,0,0,7,1970363,538139699,156688146,0,0,0,0,0,0,0,0,0,0,0,0,0,0,0,0,0,0,0,0,0,0,0,0,0,0,0,0,0,0,0,0,0,0,0,0,0,12878462976,5152866304,786039,314506,151805602,296,0,96,786432,536009716,811153,6,9516438715,12884901888,11637996,1476924594,0,0,0,0,0,0,0,0,0,0,0,0,0,0,0,0,0,0,52188826,152085469,0,468,1202,7661,620,104378655,35,0,0,0,0,0,0,0,1,0,0,0,0,0,0,0,0,0,0,62558574,0,151800008,2504729,0,0,0,0,0,0,0,0,16384,0,0,0,0,0,0,0,0,0,0,0,8373,453,0,0,0,0,0,158651722,0,180,0,3,453,8373,0,0,0,0,0,0,0,0,0,0,0,0,0,0,0,0,0,0,0,0,0,0,0,0,0,0,0,0,0,0,0,0,0,0,0,0,0,0,0,0,0,0,0,0,0,0,0,0,0,0,0,0,0,0,794621839,0,0,0,1069362632,0,0,0,0,0,0,0,202185490,535710137,957747456,436666262016,160939545,1,0,0,0,0,0,0,0,0,0,0,0,0,0,0,0,0,0,0,0,0,0,0,0,0,0,0,0,0,0,0,1769,0,0,0,0,0,0,0
1782980775.890,0,0,0,0,0,0,0,1930643116,8776808352256,3085445111808,0,0,0,0,0,0,0,0,0,0,0,0,0,0,0,0,0,0,0,0,0,0,0,0,0,0,0,0,0,0,0,0,0,0,0,0,0,0,0,0,0,0,0,0,0,0,0,0,0,0,0,0,0,0,0,0,0,0,7,1970400,538253086,156719135,0,0,0,0,0,0,0,0,0,0,0,0,0,0,0,0,0,0,0,0,0,0,0,0,0,0,0,0,0,0,0,0,0,0,0,0,0,12882821120,5162778624,786305,315111,151834422,30,0,98,786432,536122705,811153,6,9518058354,12884901888,11642196,1477131023,0,0,0,0,0,0,0,0,0,0,0,0,0,0,0,0,0,0,52198440,152095080,0,468,1202,7661,620,104397884,35,0,0,0,0,0,0,0,1,0,0,0,0,0,0,0,0,0,0,62569518,0,151828828,2505107,0,0,0,0,0,0,0,0,16384,0,0,0,0,0,0,0,0,0,0,0,8374,453,0,0,0,0,0,158680958,0,180,0,3,453,8374,0,0,0,0,0,0,0,0,0,0,0,0,0,0,0,0,0,0,0,0,0,0,0,0,0,0,0,0,0,0,0,0,0,0,0,0,0,0,0,0,0,0,0,0,0,0,0,0,0,0,0,0,0,0,794764415,0,0,0,1069526648,0,0,0,0,0,0,0,202202022,535822654,957923187,436740529664,160949249,0,0,0,0,0,0,0,0,0,0,0,0,0,0,0,0,0,0,0,0,0,0,0,0,0,0,0,0,0,0,0,540,0,0,0,0,0,0,0
1782980776.977,0,0,0,0,0,0,0,1930964550,8778644883968,3086035235840,0,0,0,0,0,0,0,0,0,0,0,0,0,0,0,0,0,0,0,0,0,0,0,0,0,0,0,0,0,0,0,0,0,0,0,0,0,0,0,0,0,0,0,0,0,0,0,0,0,0,0,0,0,0,0,0,0,0,7,1970426,538365992,156750054,0,0,0,0,0,0,0,0,0,0,0,0,0,0,0,0,0,0,0,0,0,0,0,0,0,0,0,0,0,0,0,0,0,0,0,0,0,12878184448,5168152576,786022,315439,151862668,314,0,98,786432,536235212,811153,6,9519663525,12884901888,11649519,1477331465,0,0,0,0,0,0,0,0,0,0,0,0,0,0,0,0,0,0,52207992,152104635,0,468,1202,7661,620,104416988,35,0,0,0,0,0,0,0,1,0,0,0,0,0,0,0,0,0,0,62580371,0,151857074,2505477,0,0,0,0,0,0,0,0,16384,0,0,0,0,0,0,0,0,0,0,0,8375,453,0,0,0,0,0,158709959,0,180,0,3,453,8375,0,0,0,0,0,0,0,0,0,0,0,0,0,0,0,0,0,0,0,0,0,0,0,0,0,0,0,0,0,0,0,0,0,0,0,0,0,0,0,0,0,0,0,0,0,0,0,0,0,0,0,0,0,0,794905302,0,0,0,1069687808,0,0,0,0,0,0,0,202221319,535934651,958097839,436813839360,160960863,1,1,0,0,0,0,0,0,0,0,0,0,0,0,0,0,0,0,0,0,0,0,0,0,0,0,0,0,0,0,0,1168,0,0,0,0,0,0,0
1782980778.063,0,0,0,0,0,0,0,1931280011,8780449122816,3086613805568,0,0,0,0,0,0,0,0,0,0,0,0,0,0,0,0,0,0,0,0,0,0,0,0,0,0,0,0,0,0,0,0,0,0,0,0,0,0,0,0,0,0,0,0,0,0,0,0,0,0,0,0,0,0,0,0,0,0,7,1970456,538476922,156780305,0,0,0,0,0,0,0,0,0,0,0,0,0,0,0,0,0,0,0,0,0,0,0,0,0,0,0,0,0,0,0,0,0,0,0,0,0,12880232448,5178179584,786148,316051,151889532,187,0,96,786432,536345779,811153,6,9521239036,12884901888,11657932,1477528378,0,0,0,0,0,0,0,0,0,0,0,0,0,0,0,0,0,0,52217366,152114009,0,468,1202,7661,620,104435741,35,0,0,0,0,0,0,0,1,0,0,0,0,0,0,0,0,0,0,62591016,0,151883938,2505847,0,0,0,0,0,0,0,0,16384,0,0,0,0,0,0,0,0,0,0,0,8376,453,0,0,0,0,0,158738446,0,180,0,3,453,8376,0,0,0,0,0,0,0,0,0,0,0,0,0,0,0,0,0,0,0,0,0,0,0,0,0,0,0,0,0,0,0,0,0,0,0,0,0,0,0,0,0,0,0,0,0,0,0,0,0,0,0,0,0,0,795041909,0,0,0,1069845826,0,0,0,0,0,0,0,202242379,536044738,958268158,436885084160,160973480,1,1,0,0,0,0,0,0,0,0,0,0,0,0,0,0,0,0,0,0,0,0,0,0,0,0,0,0,0,0,0,1832,0,0,0,0,0,0,0
1782980779.144,0,0,0,0,0,0,0,1931596436,8782264224256,3087198871040,0,0,0,0,0,0,0,0,0,0,0,0,0,0,0,0,0,0,0,0,0,0,0,0,0,0,0,0,0,0,0,0,0,0,0,0,0,0,0,0,0,0,0,0,0,0,0,0,0,0,0,0,0,0,0,0,0,0,7,1970482,538588585,156810950,0,0,0,0,0,0,0,0,0,0,0,0,0,0,0,0,0,0,0,0,0,0,0,0,0,0,0,0,0,0,0,0,0,0,0,0,0,12878348288,5182767104,786032,316331,151916438,304,0,97,786432,536457026,811153,6,9522823912,12884901888,11666605,1477728616,0,0,0,0,0,0,0,0,0,0,0,0,0,0,0,0,0,0,52226793,152123438,0,468,1202,7661,620,104454597,35,0,0,0,0,0,0,0,1,0,0,0,0,0,0,0,0,0,0,62601734,0,151910844,2506217,0,0,0,0,0,0,0,0,16384,0,0,0,0,0,0,0,0,0,0,0,8377,453,0,0,0,0,0,158767133,0,180,0,3,453,8377,0,0,0,0,0,0,0,0,0,0,0,0,0,0,0,0,0,0,0,0,0,0,0,0,0,0,0,0,0,0,0,0,0,0,0,0,0,0,0,0,0,0,0,0,0,0,0,0,0,0,0,0,0,0,795180690,0,0,0,1070005898,0,0,0,0,0,0,0,202263149,536155518,958441403,436957052416,160985311,1,1,0,0,0,0,0,0,0,0,0,0,0,0,0,0,0,0,0,0,0,0,0,0,0,0,0,0,0,0,0,1093,0,0,0,0,0,0,0
1782980780.230,0,0,0,0,0,0,0,1931926311,8784149268992,3087799351808,0,0,0,0,0,0,0,0,0,0,0,0,0,0,0,0,0,0,0,0,0,0,0,0,0,0,0,0,0,0,0,0,0,0,0,0,0,0,0,0,0,0,0,0,0,0,0,0,0,0,0,0,0,0,0,0,0,0,7,1970505,538704576,156842333,0,0,0,0,0,0,0,0,0,0,0,0,0,0,0,0,0,0,0,0,0,0,0,0,0,0,0,0,0,0,0,0,0,0,0,0,0,12880756736,5194104832,786178,317023,151945422,143,0,109,786432,536572573,811153,6,9524475285,12884901888,11671922,1477936025,0,0,0,0,0,0,0,0,0,0,0,0,0,0,0,0,0,0,52236593,152133232,0,468,1202,7661,620,104474190,35,0,0,0,0,0,0,0,1,0,0,0,0,0,0,0,0,0,0,62612861,0,151939828,2506616,0,0,0,0,0,0,0,0,16384,0,0,0,0,0,0,0,0,0,0,0,8378,453,0,0,0,0,0,158796936,0,180,0,3,453,8378,0,0,0,0,0,0,0,0,0,0,0,0,0,0,0,0,0,0,0,0,0,0,0,0,0,0,0,0,0,0,0,0,0,0,0,0,0,0,0,0,0,0,0,0,0,0,0,0,0,0,0,0,0,0,795323903,0,0,0,1070172144,0,0,0,0,0,0,0,202282637,536270541,958618490,437031483392,160996651,1,0,0,0,0,0,0,0,0,0,0,0,0,0,0,0,0,0,0,0,0,0,0,0,0,0,0,0,0,0,0,1017,0,0,0,0,0,0,0
1782980781.314,0,0,0,0,0,0,0,1932237375,8785925769728,3088370220544,0,0,0,0,0,0,0,0,0,0,0,0,0,0,0,0,0,0,0,0,0,0,0,0,0,0,0,0,0,0,0,0,0,0,0,0,0,0,0,0,0,0,0,0,0,0,0,0,0,0,0,0,0,0,0,0,0,0,7,1970528,538813874,156872237,0,0,0,0,0,0,0,0,0,0,0,0,0,0,0,0,0,0,0,0,0,0,0,0,0,0,0,0,0,0,0,0,0,0,0,0,0,12882231296,5199560704,786270,317356,151972300,35,0,130,786432,536681479,811153,6,9526028629,12884901888,11681050,1478130023,0,0,0,0,0,0,0,0,0,0,0,0,0,0,0,0,0,0,52245863,152142505,0,468,1202,7661,620,104492743,35,0,0,0,0,0,0,0,1,0,0,0,0,0,0,0,0,0,0,62623403,0,151966706,2506990,0,0,0,0,0,0,0,0,16384,0,0,0,0,0,0,0,0,0,0,0,8379,453,0,0,0,0,0,158825102,0,180,0,3,453,8379,0,0,0,0,0,0,0,0,0,0,0,0,0,0,0,0,0,0,0,0,0,0,0,0,0,0,0,0,0,0,0,0,0,0,0,0,0,0,0,0,0,0,0,0,0,0,0,0,0,0,0,0,0,0,795458265,0,0,0,1070328572,0,0,0,0,0,0,0,202303220,536378955,958785871,437101238272,161009093,1,1,0,0,0,0,0,0,0,0,0,0,0,0,0,0,0,0,0,0,0,0,0,0,0,0,0,0,0,0,0,1230,0,0,0,0,0,0,0
1782980782.397,0,0,0,0,0,0,0,1932564988,8787802933760,3088971296768,0,0,0,0,0,0,0,0,0,0,0,0,0,0,0,0,0,0,0,0,0,0,0,0,0,0,0,0,0,0,0,0,0,0,0,0,0,0,0,0,0,0,0,0,0,0,0,0,0,0,0,0,0,0,0,0,0,0,7,1970556,538929191,156903684,0,0,0,0,0,0,0,0,0,0,0,0,0,0,0,0,0,0,0,0,0,0,0,0,0,0,0,0,0,0,0,0,0,0,0,0,0,12877053952,5204574208,785953,317662,152001619,380,0,96,786432,536796342,811153,6,9527668392,12884901888,11686173,1478337526,0,0,0,0,0,0,0,0,0,0,0,0,0,0,0,0,0,0,52255579,152152221,0,468,1202,7661,620,104512165,35,0,0,0,0,0,0,0,1,0,0,0,0,0,0,0,0,0,0,62634447,0,151996025,2507382,0,0,0,0,0,0,0,0,16384,0,0,0,0,0,0,0,0,0,0,0,8380,453,0,0,0,0,0,158854638,0,180,0,3,453,8380,0,0,0,0,0,0,0,0,0,0,0,0,0,0,0,0,0,0,0,0,0,0,0,0,0,0,0,0,0,0,0,0,0,0,0,0,0,0,0,0,0,0,0,0,0,0,0,0,0,0,0,0,0,0,795601312,0,0,0,1070494091,0,0,0,0,0,0,0,202321251,536493502,958962606,437175624192,161019569,1,0,0,0,0,0,0,0,0,0,0,0,0,0,0,0,0,0,0,0,0,0,0,0,0,0,0,0,0,0,0,427,0,0,0,0,0,0,0
1782980783.486,0,0,0,0,0,0,0,1932882485,8789619689984,3089562034688,0,0,0,0,0,0,0,0,0,0,0,0,0,0,0,0,0,0,0,0,0,0,0,0,0,0,0,0,0,0,0,0,0,0,0,0,0,0,0,0,0,0,0,0,0,0,0,0,0,0,0,0,0,0,0,0,0,0,7,1970583,539040912,156934625,0,0,0,0,0,0,0,0,0,0,0,0,0,0,0,0,0,0,0,0,0,0,0,0,0,0,0,0,0,0,0,0,0,0,0,0,0,12875956224,5203034112,785886,317568,152029996,450,0,98,786432,536907632,811153,6,9529253154,12884901888,11692803,1478534889,0,0,0,0,0,0,0,0,0,0,0,0,0,0,0,0,0,0,52265027,152161668,0,468,1202,7661,620,104531059,35,0,0,0,0,0,0,0,1,0,0,0,0,0,0,0,0,0,0,62645180,0,152024402,2507756,0,0,0,0,0,0,0,0,16384,0,0,0,0,0,0,0,0,0,0,0,8382,453,0,0,0,0,0,158883375,0,180,0,3,453,8382,0,0,0,0,0,0,0,0,0,0,0,0,0,0,0,0,0,0,0,0,0,0,0,0,0,0,0,0,0,0,0,0,0,0,0,0,0,0,0,0,0,0,0,0,0,0,0,0,0,0,0,0,0,0,795740846,0,0,0,1070653031,0,0,0,0,0,0,0,202338672,536604395,959135743,437247997952,161029633,1,1,0,0,0,0,0,0,0,0,0,0,0,0,0,0,0,0,0,0,0,0,0,0,0,0,0,0,0,0,0,1343,0,0,0,0,0,0,0
1782980784.565,0,0,0,0,0,0,0,1933189472,8791382657536,3090130713600,0,0,0,0,0,0,0,0,0,0,0,0,0,0,0,0,0,0,0,0,0,0,0,0,0,0,0,0,0,0,0,0,0,0,0,0,0,0,0,0,0,0,0,0,0,0,0,0,0,0,0,0,0,0,0,0,0,0,7,1970605,539149307,156964373,0,0,0,0,0,0,0,0,0,0,0,0,0,0,0,0,0,0,0,0,0,0,0,0,0,0,0,0,0,0,0,0,0,0,0,0,0,12878282752,5205868544,786027,317741,152056654,305,0,98,786432,537015672,811153,6,9530789806,12884901888,11702296,1478728454,0,0,0,0,0,0,0,0,0,0,0,0,0,0,0,0,0,0,52274145,152170789,0,468,1202,7661,620,104549289,35,0,0,0,0,0,0,0,1,0,0,0,0,0,0,0,0,0,0,62655556,0,152051060,2508116,0,0,0,0,0,0,0,0,16384,0,0,0,0,0,0,0,0,0,0,0,8383,453,0,0,0,0,0,158911085,0,180,0,3,453,8383,0,0,0,0,0,0,0,0,0,0,0,0,0,0,0,0,0,0,0,0,0,0,0,0,0,0,0,0,0,0,0,0,0,0,0,0,0,0,0,0,0,0,0,0,0,0,0,0,0,0,0,0,0,0,795877119,0,0,0,1070807817,0,0,0,0,0,0,0,202357934,536712045,959304916,437318719488,161040978,0,1,0,0,0,0,0,0,0,0,0,0,0,0,0,0,0,0,0,0,0,0,0,0,0,0,0,0,0,0,0,930,0,0,0,0,0,0,0
1782980785.649,0,0,0,0,0,0,0,1933501864,8793173690880,3090724158464,0,0,0,0,0,0,0,0,0,0,0,0,0,0,0,0,0,0,0,0,0,0,0,0,0,0,0,0,0,0,0,0,0,0,0,0,0,0,0,0,0,0,0,0,0,0,0,0,0,0,0,0,0,0,0,0,0,0,7,1970636,539259405,156995619,0,0,0,0,0,0,0,0,0,0,0,0,0,0,0,0,0,0,0,0,0,0,0,0,0,0,0,0,0,0,0,0,0,0,0,0,0,12883148800,5198168064,786325,317271,152083498,0,0,107,786432,537125389,811153,6,9532349748,12884901888,11708728,1478922624,0,0,0,0,0,0,0,0,0,0,0,0,0,0,0,0,0,0,52283447,152180086,0,468,1202,7661,620,104567904,35,0,0,0,0,0,0,0,1,0,0,0,0,0,0,0,0,0,0,62666120,0,152079314,2508487,0,0,0,0,0,0,0,0,16384,0,0,0,0,0,0,0,0,0,0,0,8384,453,0,0,0,0,0,158939318,0,180,0,3,453,8384,0,0,0,0,0,0,0,0,0,0,0,0,0,0,0,0,0,0,0,0,0,0,0,0,0,0,0,0,0,0,0,0,0,0,0,0,0,0,0,0,0,0,0,0,0,0,0,0,0,0,0,0,0,0,796014364,0,0,0,1070964552,0,0,0,0,0,0,0,202375598,536821272,959476415,437389890560,161050922,1,1,0,0,0,0,0,0,0,0,0,0,0,0,0,0,0,0,0,0,0,0,0,0,0,0,0,0,0,0,0,1592,0,0,0,0,0,0,0
1782980786.733,0,0,0,0,0,0,0,1933824795,8795027409408,3091349826048,0,0,0,0,0,0,0,0,0,0,0,0,0,0,0,0,0,0,0,0,0,0,0,0,0,0,0,0,0,0,0,0,0,0,0,0,0,0,0,0,0,0,0,0,0,0,0,0,0,0,0,0,0,0,0,0,0,0,7,1970661,539373307,157028387,0,0,0,0,0,0,0,0,0,0,0,0,0,0,0,0,0,0,0,0,0,0,0,0,0,0,0,0,0,0,0,0,0,0,0,0,0,12881920000,5183012864,786249,316346,152111424,84,0,97,786432,537238885,811153,6,9533967161,12884901888,11714680,1479126929,0,0,0,0,0,0,0,0,0,0,0,0,0,0,0,0,0,0,52293054,152189697,0,468,1202,7661,620,104587123,35,0,0,0,0,0,0,0,1,0,0,0,0,0,0,0,0,0,0,62677045,0,152108902,2508887,0,0,0,0,0,0,0,0,16384,0,0,0,0,0,0,0,0,0,0,0,8385,453,0,0,0,0,0,158968540,0,180,0,3,453,8385,0,0,0,0,0,0,0,0,0,0,0,0,0,0,0,0,0,0,0,0,0,0,0,0,0,0,0,0,0,0,0,0,0,0,0,0,0,0,0,0,0,0,0,0,0,0,0,0,0,0,0,0,0,0,796155374,0,0,0,1071127766,0,0,0,0,0,0,0,202395393,536934386,959653421,437463250432,161062143,1,1,0,0,0,0,0,0,0,0,0,0,0,0,0,0,0,0,0,0,0,0,0,0,0,0,0,0,0,0,0,952,0,0,0,0,0,0,0
1782980787.811,0,0,0,0,0,0,0,1934151050,8796890040832,3091973150720,0,0,0,0,0,0,0,0,0,0,0,0,0,0,0,0,0,0,0,0,0,0,0,0,0,0,0,0,0,0,0,0,0,0,0,0,0,0,0,0,0,0,0,0,0,0,0,0,0,0,0,0,0,0,0,0,0,0,7,1970701,539487876,157061530,0,0,0,0,0,0,0,0,0,0,0,0,0,0,0,0,0,0,0,0,0,0,0,0,0,0,0,0,0,0,0,0,0,0,0,0,0,12877856768,5163368448,786001,315147,152144994,328,0,100,786432,537353000,811153,6,9535596385,12884901888,11719418,1479329963,0,0,0,0,0,0,0,0,0,0,0,0,0,0,0,0,0,0,52302725,152199367,0,468,1202,7661,620,104606455,35,0,0,0,0,0,0,0,1,0,0,0,0,0,0,0,0,0,0,62688036,0,152139400,2509280,0,0,0,0,0,0,0,0,16384,0,0,0,0,0,0,0,0,0,0,0,8386,453,0,0,0,0,0,158997912,0,180,0,3,453,8386,0,0,0,0,0,0,0,0,0,0,0,0,0,0,0,0,0,0,0,0,0,0,0,0,0,0,0,0,0,0,0,0,0,0,0,0,0,0,0,0,0,0,0,0,0,0,0,0,0,0,0,0,0,0,796296064,0,0,0,1071291106,0,0,0,0,0,0,0,202414341,537048060,959829955,437536492032,161073037,0,0,0,0,0,0,0,0,0,0,0,0,0,0,0,0,0,0,0,0,0,0,0,0,0,0,0,0,0,0,0,1786,0,0,0,0,0,0,0
1782980788.897,0,0,0,0,0,0,0,1934476711,8798755457536,3092574208512,0,0,0,0,0,0,0,0,0,0,0,0,0,0,0,0,0,0,0,0,0,0,0,0,0,0,0,0,0,0,0,0,0,0,0,0,0,0,0,0,0,0,0,0,0,0,0,0,0,0,0,0,0,0,0,0,0,0,7,1970731,539602547,157093032,0,0,0,0,0,0,0,0,0,0,0,0,0,0,0,0,0,0,0,0,0,0,0,0,0,0,0,0,0,0,0,0,0,0,0,0,0,12877201408,5169840128,785962,315542,152173810,374,0,96,786432,537467244,811153,6,9537226534,12884901888,11724685,1479535723,0,0,0,0,0,0,0,0,0,0,0,0,0,0,0,0,0,0,52312407,152209049,0,468,1202,7661,620,104625830,35,0,0,0,0,0,0,0,1,0,0,0,0,0,0,0,0,0,0,62699044,0,152168216,2509662,0,0,0,0,0,0,0,0,16384,0,0,0,0,0,0,0,0,0,0,0,8387,453,0,0,0,0,0,159027334,0,180,0,3,453,8387,0,0,0,0,0,0,0,0,0,0,0,0,0,0,0,0,0,0,0,0,0,0,0,0,0,0,0,0,0,0,0,0,0,0,0,0,0,0,0,0,0,0,0,0,0,0,0,0,0,0,0,0,0,0,796437574,0,0,0,1071455567,0,0,0,0,0,0,0,202433005,537161897,960005717,437610151424,161084045,1,0,0,0,0,0,0,0,0,0,0,0,0,0,0,0,0,0,0,0,0,0,0,0,0,0,0,0,0,0,0,1186,0,0,0,0,0,0,0
1782980789.986,0,0,0,0,0,0,0,1934790820,8800550881792,3093154126848,0,0,0,0,0,0,0,0,0,0,0,0,0,0,0,0,0,0,0,0,0,0,0,0,0,0,0,0,0,0,0,0,0,0,0,0,0,0,0,0,0,0,0,0,0,0,0,0,0,0,0,0,0,0,0,0,0,0,7,1970757,539713005,157123381,0,0,0,0,0,0,0,0,0,0,0,0,0,0,0,0,0,0,0,0,0,0,0,0,0,0,0,0,0,0,0,0,0,0,0,0,0,12878888960,5177819136,786065,316030,152200449,256,0,112,786432,537577314,811153,6,9538794438,12884901888,11734020,1479732114,0,0,0,0,0,0,0,0,0,0,0,0,0,0,0,0,0,0,52321740,152218384,0,468,1202,7661,620,104644484,35,0,0,0,0,0,0,0,1,0,0,0,0,0,0,0,0,0,0,62709659,0,152194855,2510019,0,0,0,0,0,0,0,0,16384,0,0,0,0,0,0,0,0,0,0,0,8388,453,0,0,0,0,0,159055721,0,180,0,3,453,8388,0,0,0,0,0,0,0,0,0,0,0,0,0,0,0,0,0,0,0,0,0,0,0,0,0,0,0,0,0,0,0,0,0,0,0,0,0,0,0,0,0,0,0,0,0,0,0,0,0,0,0,0,0,0,796575086,0,0,0,1071613132,0,0,0,0,0,0,0,202453370,537271494,960177312,437681715712,161095892,0,0,0,0,0,0,0,0,0,0,0,0,0,0,0,0,0,0,0,0,0,0,0,0,0,0,0,0,0,0,0,1650,0,0,0,0,0,0,0
1782980791.069,0,0,0,0,0,0,0,1935116108,8802413890048,3093750875648,0,0,0,0,0,0,0,0,0,0,0,0,0,0,0,0,0,0,0,0,0,0,0,0,0,0,0,0,0,0,0,0,0,0,0,0,0,0,0,0,0,0,0,0,0,0,0,0,0,0,0,0,0,0,0,0,0,0,7,1970789,539827539,157154584,0,0,0,0,0,0,0,0,0,0,0,0,0,0,0,0,0,0,0,0,0,0,0,0,0,0,0,0,0,0,0,0,0,0,0,0,0,12878626816,5188190208,786049,316662,152228754,286,0,99,786432,537691433,811153,6,9540423679,12884901888,11741656,1479938288,0,0,0,0,0,0,0,0,0,0,0,0,0,0,0,0,0,0,52331412,152228055,0,468,1202,7661,620,104663833,35,0,0,0,0,0,0,0,1,0,0,0,0,0,0,0,0,0,0,62720659,0,152223160,2510394,0,0,0,0,0,0,0,0,16384,0,0,0,0,0,0,0,0,0,0,0,8389,453,0,0,0,0,0,159085166,0,180,0,3,453,8389,0,0,0,0,0,0,0,0,0,0,0,0,0,0,0,0,0,0,0,0,0,0,0,0,0,0,0,0,0,0,0,0,0,0,0,0,0,0,0,0,0,0,0,0,0,0,0,0,0,0,0,0,0,0,796718167,0,0,0,1071777544,0,0,0,0,0,0,0,202472581,537385230,960354548,437755995648,161107178,1,0,0,0,0,0,0,0,0,0,0,0,0,0,0,0,0,0,0,0,0,0,0,0,0,0,0,0,0,0,0,912,0,0,0,0,0,0,0
1782980792.160,0,0,0,0,0,0,0,1935437563,8804261235200,3094346097664,0,0,0,0,0,0,0,0,0,0,0,0,0,0,0,0,0,0,0,0,0,0,0,0,0,0,0,0,0,0,0,0,0,0,0,0,0,0,0,0,0,0,0,0,0,0,0,0,0,0,0,0,0,0,0,0,0,0,7,1970821,539941179,157185720,0,0,0,0,0,0,0,0,0,0,0,0,0,0,0,0,0,0,0,0,0,0,0,0,0,0,0,0,0,0,0,0,0,0,0,0,0,12876234752,5195464704,785904,317106,152257556,432,0,97,786432,537804617,811153,6,9542031665,12884901888,11746173,1480140007,0,0,0,0,0,0,0,0,0,0,0,0,0,0,0,0,0,0,52340980,152237622,0,468,1202,7661,620,104682966,35,0,0,0,0,0,0,0,1,0,0,0,0,0,0,0,0,0,0,62731566,0,152251962,2510775,0,0,0,0,0,0,0,0,16384,0,0,0,0,0,0,0,0,0,0,0,8390,453,0,0,0,0,0,159114241,0,180,0,3,453,8390,0,0,0,0,0,0,0,0,0,0,0,0,0,0,0,0,0,0,0,0,0,0,0,0,0,0,0,0,0,0,0,0,0,0,0,0,0,0,0,0,0,0,0,0,0,0,0,0,0,0,0,0,0,0,796860214,0,0,0,1071939616,0,0,0,0,0,0,0,202490037,537498000,960530158,437829820928,161117274,1,1,0,0,0,0,0,0,0,0,0,0,0,0,0,0,0,0,0,0,0,0,0,0,0,0,0,0,0,0,0,693,0,0,0,0,0,0,0
1782980793.252,0,0,0,0,0,0,0,1935764288,8806122523136,3094943827456,0,0,0,0,0,0,0,0,0,0,0,0,0,0,0,0,0,0,0,0,0,0,0,0,0,0,0,0,0,0,0,0,0,0,0,0,0,0,0,0,0,0,0,0,0,0,0,0,0,0,0,0,0,0,0,0,0,0,7,1970843,540055584,157216942,0,0,0,0,0,0,0,0,0,0,0,0,0,0,0,0,0,0,0,0,0,0,0,0,0,0,0,0,0,0,0,0,0,0,0,0,0,12877086720,5203607552,785955,317604,152286619,381,0,97,786432,537918619,811153,6,9543664331,12884901888,11750616,1480345223,0,0,0,0,0,0,0,0,0,0,0,0,0,0,0,0,0,0,52350686,152247330,0,468,1202,7661,620,104702373,35,0,0,0,0,0,0,0,1,0,0,0,0,0,0,0,0,0,0,62742618,0,152281079,2511161,0,0,0,0,0,0,0,0,16384,0,0,0,0,0,0,0,0,0,0,0,8391,453,0,0,0,0,0,159143721,0,180,0,3,453,8391,0,0,0,0,0,0,0,0,0,0,0,0,0,0,0,0,0,0,0,0,0,0,0,0,0,0,0,0,0,0,0,0,0,0,0,0,0,0,0,0,0,0,0,0,0,0,0,0,0,0,0,0,0,0,797003829,0,0,0,1072104164,0,0,0,0,0,0,0,202506919,537611555,960707221,437904475648,161127093,1,1,0,0,0,0,0,0,0,0,0,0,0,0,0,0,0,0,0,0,0,0,0,0,0,0,0,0,0,0,0,581,0,0,0,0,0,0,0
1782980794.341,0,0,0,0,0,0,0,1936086623,8807970605568,3095535702528,0,0,0,0,0,0,0,0,0,0,0,0,0,0,0,0,0,0,0,0,0,0,0,0,0,0,0,0,0,0,0,0,0,0,0,0,0,0,0,0,0,0,0,0,0,0,0,0,0,0,0,0,0,0,0,0,0,0,7,1970882,540169233,157247844,0,0,0,0,0,0,0,0,0,0,0,0,0,0,0,0,0,0,0,0,0,0,0,0,0,0,0,0,0,0,0,0,0,0,0,0,0,12882116608,5213405184,786261,318201,152315128,73,0,97,786432,538031837,811153,6,9545276799,12884901888,11755496,1480547859,0,0,0,0,0,0,0,0,0,0,0,0,0,0,0,0,0,0,52360286,152256929,0,468,1202,7661,620,104721576,35,0,0,0,0,0,0,0,1,0,0,0,0,0,0,0,0,0,0,62753554,0,152309534,2511540,0,0,0,0,0,0,0,0,16384,0,0,0,0,0,0,0,0,0,0,0,8392,453,0,0,0,0,0,159172876,0,180,0,3,453,8392,0,0,0,0,0,0,0,0,0,0,0,0,0,0,0,0,0,0,0,0,0,0,0,0,0,0,0,0,0,0,0,0,0,0,0,0,0,0,0,0,0,0,0,0,0,0,0,0,0,0,0,0,0,0,797146426,0,0,0,1072266868,0,0,0,0,0,0,0,202524649,537724323,960883221,437978663424,161137295,1,0,0,0,0,0,0,0,0,0,0,0,0,0,0,0,0,0,0,0,0,0,0,0,0,0,0,0,0,0,0,307,0,0,0,0,0,0,0
1782980795.426,0,0,0,0,0,0,0,1936400540,8809770895872,3096114144768,0,0,0,0,0,0,0,0,0,0,0,0,0,0,0,0,0,0,0,0,0,0,0,0,0,0,0,0,0,0,0,0,0,0,0,0,0,0,0,0,0,0,0,0,0,0,0,0,0,0,0,0,0,0,0,0,0,0,7,1970912,540279926,157278105,0,0,0,0,0,0,0,0,0,0,0,0,0,0,0,0,0,0,0,0,0,0,0,0,0,0,0,0,0,0,0,0,0,0,0,0,0,12879937536,5217533952,786129,318453,152341475,208,0,98,786432,538142155,811153,6,9546845106,12884901888,11765607,1480743829,0,0,0,0,0,0,0,0,0,0,0,0,0,0,0,0,0,0,52369603,152266247,0,468,1202,7661,620,104740212,35,0,0,0,0,0,0,0,1,0,0,0,0,0,0,0,0,0,0,62764138,0,152335881,2511899,0,0,0,0,0,0,0,0,16384,0,0,0,0,0,0,0,0,0,0,0,8393,453,0,0,0,0,0,159201210,0,180,0,3,453,8393,0,0,0,0,0,0,0,0,0,0,0,0,0,0,0,0,0,0,0,0,0,0,0,0,0,0,0,0,0,0,0,0,0,0,0,0,0,0,0,0,0,0,0,0,0,0,0,0,0,0,0,0,0,0,797284998,0,0,0,1072424145,0,0,0,0,0,0,0,202544323,537834160,961056006,438050594816,161148291,1,0,0,0,0,0,0,0,0,0,0,0,0,0,0,0,0,0,0,0,0,0,0,0,0,0,0,0,0,0,0,911,0,0,0,0,0,0,0
1782980796.510,0,0,0,0,0,0,0,1936734062,8811681729024,3096724044800,0,0,0,0,0,0,0,0,0,0,0,0,0,0,0,0,0,0,0,0,0,0,0,0,0,0,0,0,0,0,0,0,0,0,0,0,0,0,0,0,0,0,0,0,0,0,0,0,0,0,0,0,0,0,0,0,0,0,7,1970933,540397387,157310049,0,0,0,0,0,0,0,0,0,0,0,0,0,0,0,0,0,0,0,0,0,0,0,0,0,0,0,0,0,0,0,0,0,0,0,0,0,12875563008,5226479616,785864,318999,152371279,475,0,96,786432,538259180,811153,6,9548514151,12884901888,11769164,1480953508,0,0,0,0,0,0,0,0,0,0,0,0,0,0,0,0,0,0,52379531,152276175,0,468,1202,7661,620,104760064,35,0,0,0,0,0,0,0,1,0,0,0,0,0,0,0,0,0,0,62775425,0,152365685,2512312,0,0,0,0,0,0,0,0,16384,0,0,0,0,0,0,0,0,0,0,0,8395,453,0,0,0,0,0,159231403,0,180,0,3,453,8395,0,0,0,0,0,0,0,0,0,0,0,0,0,0,0,0,0,0,0,0,0,0,0,0,0,0,0,0,0,0,0,0,0,0,0,0,0,0,0,0,0,0,0,0,0,0,0,0,0,0,0,0,0,0,797429070,0,0,0,1072592432,0,0,0,0,0,0,0,202563744,537950748,961234294,438125559296,161159649,0,0,0,0,0,0,0,0,0,0,0,0,0,0,0,0,0,0,0,0,0,0,0,0,0,0,0,0,0,0,0,627,0,0,0,0,0,0,0
1782980797.595,0,0,0,0,0,0,0,1937066124,8813582633472,3097338631680,0,0,0,0,0,0,0,0,0,0,0,0,0,0,0,0,0,0,0,0,0,0,0,0,0,0,0,0,0,0,0,0,0,0,0,0,0,0,0,0,0,0,0,0,0,0,0,0,0,0,0,0,0,0,0,0,0,0,7,1970965,540514327,157342330,0,0,0,0,0,0,0,0,0,0,0,0,0,0,0,0,0,0,0,0,0,0,0,0,0,0,0,0,0,0,0,0,0,0,0,0,0,12882608128,5225299968,786293,318928,152401115,38,0,103,786432,538375661,811153,6,9550174580,12884901888,11772802,1481161109,0,0,0,0,0,0,0,0,0,0,0,0,0,0,0,0,0,0,52389413,152286055,0,468,1202,7661,620,104779832,35,0,0,0,0,0,0,0,1,0,0,0,0,0,0,0,0,0,0,62786656,0,152395905,2512728,0,0,0,0,0,0,0,0,16384,0,0,0,0,0,0,0,0,0,0,0,8396,453,0,0,0,0,0,159261427,0,180,0,3,453,8396,0,0,0,0,0,0,0,0,0,0,0,0,0,0,0,0,0,0,0,0,0,0,0,0,0,0,0,0,0,0,0,0,0,0,0,0,0,0,0,0,0,0,0,0,0,0,0,0,0,0,0,0,0,0,797571922,0,0,0,1072759590,0,0,0,0,0,0,0,202582581,538066726,961411464,438199792640,161170618,1,0,0,0,0,0,0,0,0,0,0,0,0,0,0,0,0,0,0,0,0,0,0,0,0,0,0,0,0,0,0,815,0,0,0,0,0,0,0
1782980798.679,0,0,0,0,0,0,0,1937363451,8815276820992,3097914614784,0,0,0,0,0,0,0,0,0,0,0,0,0,0,0,0,0,0,0,0,0,0,0,0,0,0,0,0,0,0,0,0,0,0,0,0,0,0,0,0,0,0,0,0,0,0,0,0,0,0,0,0,0,0,0,0,0,0,7,1970989,540618510,157372468,0,0,0,0,0,0,0,0,0,0,0,0,0,0,0,0,0,0,0,0,0,0,0,0,0,0,0,0,0,0,0,0,0,0,0,0,0,12883099648,5204770816,786322,317674,152425540,0,0,109,786432,538479514,811153,6,9551658043,12884901888,11785631,1481347180,0,0,0,0,0,0,0,0,0,0,0,0,0,0,0,0,0,0,52398230,152294871,0,468,1202,7661,620,104797473,35,0,0,0,0,0,0,0,1,0,0,0,0,0,0,0,0,0,0,62796667,0,152421610,2513064,0,0,0,0,0,0,0,0,16384,0,0,0,0,0,0,0,0,0,0,0,8397,453,0,0,0,0,0,159288223,0,180,0,3,453,8397,0,0,0,0,0,0,0,0,0,0,0,0,0,0,0,0,0,0,0,0,0,0,0,0,0,0,0,0,0,0,0,0,0,0,0,0,0,0,0,0,0,0,0,0,0,0,0,0,0,0,0,0,0,0,797704250,0,0,0,1072908893,0,0,0,0,0,0,0,202603572,538170135,961578321,438268436992,161183241,1,1,0,0,0,0,0,0,0,0,0,0,0,0,0,0,0,0,0,0,0,0,0,0,0,0,0,0,0,0,0,995,0,0,0,0,0,0,0
1782980799.763,0,0,0,0,0,0,0,1937687062,8817124313600,3098531188736,0,0,0,0,0,0,0,0,0,0,0,0,0,0,0,0,0,0,0,0,0,0,0,0,0,0,0,0,0,0,0,0,0,0,0,0,0,0,0,0,0,0,0,0,0,0,0,0,0,0,0,0,0,0,0,0,0,0,7,1971024,540732137,157405063,0,0,0,0,0,0,0,0,0,0,0,0,0,0,0,0,0,0,0,0,0,0,0,0,0,0,0,0,0,0,0,0,0,0,0,0,0,12881952768,5187649536,786252,316628,152453758,69,0,115,786432,538592702,811153,6,9553276647,12884901888,11791723,1481551493,0,0,0,0,0,0,0,0,0,0,0,0,0,0,0,0,0,0,52407862,152304502,0,468,1202,7661,620,104816732,35,0,0,0,0,0,0,0,1,0,0,0,0,0,0,0,0,0,0,62807619,0,152451492,2513452,0,0,0,0,0,0,0,0,16384,0,0,0,0,0,0,0,0,0,0,0,8398,453,0,0,0,0,0,159317519,0,180,0,3,453,8398,0,0,0,0,0,0,0,0,0,0,0,0,0,0,0,0,0,0,0,0,0,0,0,0,0,0,0,0,0,0,0,0,0,0,0,0,0,0,0,0,0,0,0,0,0,0,0,0,0,0,0,0,0,0,797846167,0,0,0,1073072247,0,0,0,0,0,0,0,202621937,538282901,961755674,438342258176,161193870,1,0,0,0,0,0,0,0,0,0,0,0,0,0,0,0,0,0,0,0,0,0,0,0,0,0,0,0,0,0,0,556,0,0,0,0,0,0,0
1782980800.843,0,0,0,0,0,0,0,1937993318,8818875353600,3099119155712,0,0,0,0,0,0,0,0,0,0,0,0,0,0,0,0,0,0,0,0,0,0,0,0,0,0,0,0,0,0,0,0,0,0,0,0,0,0,0,0,0,0,0,0,0,0,0,0,0,0,0,0,0,0,0,0,0,0,7,1971055,540839809,157435982,0,0,0,0,0,0,0,0,0,0,0,0,0,0,0,0,0,0,0,0,0,0,0,0,0,0,0,0,0,0,0,0,0,0,0,0,0,12874956800,5168955392,785825,315488,152484775,508,0,98,786432,538699983,811153,6,9554807999,12884901888,11800229,1481744323,0,0,0,0,0,0,0,0,0,0,0,0,0,0,0,0,0,0,52416950,152313594,0,468,1202,7661,620,104834925,35,0,0,0,0,0,0,0,1,0,0,0,0,0,0,0,0,0,0,62817949,0,152479181,2513818,0,0,0,0,0,0,0,0,16384,0,0,0,0,0,0,0,0,0,0,0,8399,453,0,0,0,0,0,159345181,0,180,0,3,453,8399,0,0,0,0,0,0,0,0,0,0,0,0,0,0,0,0,0,0,0,0,0,0,0,0,0,0,0,0,0,0,0,0,0,0,0,0,0,0,0,0,0,0,0,0,0,0,0,0,0,0,0,0,0,0,797981933,0,0,0,1073226528,0,0,0,0,0,0,0,202641471,538389784,961925767,438412933120,161205264,0,1,0,0,0,0,0,0,0,0,0,0,0,0,0,0,0,0,0,0,0,0,0,0,0,0,0,0,0,0,0,353,0,0,0,0,0,0,0
1782980801.925,0,0,0,0,0,0,0,1938315657,8820715162112,3099713393664,0,0,0,0,0,0,0,0,0,0,0,0,0,0,0,0,0,0,0,0,0,0,0,0,0,0,0,0,0,0,0,0,0,0,0,0,0,0,0,0,0,0,0,0,0,0,0,0,0,0,0,0,0,0,0,0,0,0,7,1971091,540953005,157467034,0,0,0,0,0,0,0,0,0,0,0,0,0,0,0,0,0,0,0,0,0,0,0,0,0,0,0,0,0,0,0,0,0,0,0,0,0,12878872576,5174706176,786065,315839,152513503,269,0,100,786432,538812764,811153,6,9556415783,12884901888,11805223,1481944042,0,0,0,0,0,0,0,0,0,0,0,0,0,0,0,0,0,0,52426535,152323179,0,468,1202,7661,620,104854072,35,0,0,0,0,0,0,0,1,0,0,0,0,0,0,0,0,0,0,62828845,0,152507996,2514196,0,0,0,0,0,0,0,0,16384,0,0,0,0,0,0,0,0,0,0,0,8400,453,0,0,0,0,0,159374275,0,180,0,3,453,8400,0,0,0,0,0,0,0,0,0,0,0,0,0,0,0,0,0,0,0,0,0,0,0,0,0,0,0,0,0,0,0,0,0,0,0,0,0,0,0,0,0,0,0,0,0,0,0,0,0,0,0,0,0,0,798123974,0,0,0,1073387597,0,0,0,0,0,0,0,202658852,538502043,962101263,438486817280,161215385,0,1,0,0,0,0,0,0,0,0,0,0,0,0,0,0,0,0,0,0,0,0,0,0,0,0,0,0,0,0,0,1581,0,0,0,0,0,0,0
1782980803.014,0,0,0,0,0,0,0,1938625545,8822493907456,3100288945152,0,0,0,0,0,0,0,0,0,0,0,0,0,0,0,0,0,0,0,0,0,0,0,0,0,0,0,0,0,0,0,0,0,0,0,0,0,0,0,0,0,0,0,0,0,0,0,0,0,0,0,0,0,0,0,0,0,0,7,1971127,541062374,157497110,0,0,0,0,0,0,0,0,0,0,0,0,0,0,0,0,0,0,0,0,0,0,0,0,0,0,0,0,0,0,0,0,0,0,0,0,0,12876742656,5177720832,785933,316023,152540308,401,0,99,786432,538921700,811153,6,9557966813,12884901888,11813538,1482140095,0,0,0,0,0,0,0,0,0,0,0,0,0,0,0,0,0,0,52435747,152332391,0,468,1202,7661,620,104872504,35,0,0,0,0,0,0,0,1,0,0,0,0,0,0,0,0,0,0,62839318,0,152534783,2514561,0,0,0,0,0,0,0,0,16384,0,0,0,0,0,0,0,0,0,0,0,8401,453,0,0,0,0,0,159402240,0,180,0,3,453,8401,0,0,0,0,0,0,0,0,0,0,0,0,0,0,0,0,0,0,0,0,0,0,0,0,0,0,0,0,0,0,0,0,0,0,0,0,0,0,0,0,0,0,0,0,0,0,0,0,0,0,0,0,0,0,798262237,0,0,0,1073544263,0,0,0,0,0,0,0,202677468,538610581,962272945,438558797824,161225748,1,0,0,0,0,0,0,0,0,0,0,0,0,0,0,0,0,0,0,0,0,0,0,0,0,0,0,0,0,0,0,837,0,0,0,0,0,0,0
1782980804.098,0,0,0,0,0,0,0,1938931096,8824247241216,3100859429888,0,0,0,0,0,0,0,0,0,0,0,0,0,0,0,0,0,0,0,0,0,0,0,0,0,0,0,0,0,0,0,0,0,0,0,0,0,0,0,0,0,0,0,0,0,0,0,0,0,0,0,0,0,0,0,0,0,0,7,1971163,541170119,157526988,0,0,0,0,0,0,0,0,0,0,0,0,0,0,0,0,0,0,0,0,0,0,0,0,0,0,0,0,0,0,0,0,0,0,0,0,0,12879216640,5176557568,786085,315952,152566663,250,0,97,786432,539029045,811153,6,9559492886,12884901888,11824277,1482330884,0,0,0,0,0,0,0,0,0,0,0,0,0,0,0,0,0,0,52444827,152341470,0,468,1202,7661,620,104890656,35,0,0,0,0,0,0,0,1,0,0,0,0,0,0,0,0,0,0,62849632,0,152561069,2514900,0,0,0,0,0,0,0,0,16384,0,0,0,0,0,0,0,0,0,0,0,8402,453,0,0,0,0,0,159429833,0,180,0,3,453,8402,0,0,0,0,0,0,0,0,0,0,0,0,0,0,0,0,0,0,0,0,0,0,0,0,0,0,0,0,0,0,0,0,0,0,0,0,0,0,0,0,0,0,0,0,0,0,0,0,0,0,0,0,0,0,798397251,0,0,0,1073697388,0,0,0,0,0,0,0,202695929,538717608,962441472,438629134848,161236422,1,1,0,0,0,0,0,0,0,0,0,0,0,0,0,0,0,0,0,0,0,0,0,0,0,0,0,0,0,0,0,1371,0,0,0,0,0,0,0
1782980805.182,0,0,0,0,0,0,0,1939263560,8826152880640,3101465611264,0,0,0,0,0,0,0,0,0,0,0,0,0,0,0,0,0,0,0,0,0,0,0,0,0,0,0,0,0,0,0,0,0,0,0,0,0,0,0,0,0,0,0,0,0,0,0,0,0,0,0,0,0,0,0,0,0,0,7,1971188,541287357,157558696,0,0,0,0,0,0,0,0,0,0,0,0,0,0,0,0,0,0,0,0,0,0,0,0,0,0,0,0,0,0,0,0,0,0,0,0,0,12879478784,5190369280,786100,316795,152596364,236,0,97,786432,539145835,811153,6,9561157111,12884901888,11828393,1482539847,0,0,0,0,0,0,0,0,0,0,0,0,0,0,0,0,0,0,52454718,152351360,0,468,1202,7661,620,104910437,35,0,0,0,0,0,0,0,1,0,0,0,0,0,0,0,0,0,0,62860870,0,152590770,2515304,0,0,0,0,0,0,0,0,16384,0,0,0,0,0,0,0,0,0,0,0,8403,453,0,0,0,0,0,159459859,0,180,0,3,453,8403,0,0,0,0,0,0,0,0,0,0,0,0,0,0,0,0,0,0,0,0,0,0,0,0,0,0,0,0,0,0,0,0,0,0,0,0,0,0,0,0,0,0,0,0,0,0,0,0,0,0,0,0,0,0,798540777,0,0,0,1073864873,0,0,0,0,0,0,0,202714345,538833897,962618830,438704036352,161247522,1,0,0,0,0,0,0,0,0,0,0,0,0,0,0,0,0,0,0,0,0,0,0,0,0,0,0,0,0,0,0,1179,0,0,0,0,0,0,0
1782980806.267,0,0,0,0,0,0,0,1939592977,8828031388160,3102067023872,0,0,0,0,0,0,0,0,0,0,0,0,0,0,0,0,0,0,0,0,0,0,0,0,0,0,0,0,0,0,0,0,0,0,0,0,0,0,0,0,0,0,0,0,0,0,0,0,0,0,0,0,0,0,0,0,0,0,7,1971215,541402857,157590180,0,0,0,0,0,0,0,0,0,0,0,0,0,0,0,0,0,0,0,0,0,0,0,0,0,0,0,0,0,0,0,0,0,0,0,0,0,12880609280,5199855616,786170,317375,152625405,155,0,109,786432,539260877,811153,6,9562804122,12884901888,11833976,1482746699,0,0,0,0,0,0,0,0,0,0,0,0,0,0,0,0,0,0,52464510,152361152,0,468,1202,7661,620,104930034,35,0,0,0,0,0,0,0,1,0,0,0,0,0,0,0,0,0,0,62871997,0,152619811,2515702,0,0,0,0,0,0,0,0,16384,0,0,0,0,0,0,0,0,0,0,0,8404,453,0,0,0,0,0,159489635,0,180,0,3,453,8404,0,0,0,0,0,0,0,0,0,0,0,0,0,0,0,0,0,0,0,0,0,0,0,0,0,0,0,0,0,0,0,0,0,0,0,0,0,0,0,0,0,0,0,0,0,0,0,0,0,0,0,0,0,0,798682418,0,0,0,1074030888,0,0,0,0,0,0,0,202733746,538948467,962794488,438777783808,161259083,1,0,0,0,0,0,0,0,0,0,0,0,0,0,0,0,0,0,0,0,0,0,0,0,0,0,0,0,0,0,0,1027,0,0,0,0,0,0,0
1782980807.353,0,0,0,0,0,0,0,1939905403,8829824469504,3102648811008,0,0,0,0,0,0,0,0,0,0,0,0,0,0,0,0,0,0,0,0,0,0,0,0,0,0,0,0,0,0,0,0,0,0,0,0,0,0,0,0,0,0,0,0,0,0,0,0,0,0,0,0,0,0,0,0,0,0,7,1971246,541513157,157620666,0,0,0,0,0,0,0,0,0,0,0,0,0,0,0,0,0,0,0,0,0,0,0,0,0,0,0,0,0,0,0,0,0,0,0,0,0,12878200832,5199839232,786024,317373,152652424,316,0,97,786432,539370722,811153,6,9564366362,12884901888,11842802,1482942526,0,0,0,0,0,0,0,0,0,0,0,0,0,0,0,0,0,0,52473800,152370441,0,468,1202,7661,620,104948626,35,0,0,0,0,0,0,0,1,0,0,0,0,0,0,0,0,0,0,62882550,0,152646830,2516070,0,0,0,0,0,0,0,0,16384,0,0,0,0,0,0,0,0,0,0,0,8405,453,0,0,0,0,0,159517875,0,180,0,3,453,8405,0,0,0,0,0,0,0,0,0,0,0,0,0,0,0,0,0,0,0,0,0,0,0,0,0,0,0,0,0,0,0,0,0,0,0,0,0,0,0,0,0,0,0,0,0,0,0,0,0,0,0,0,0,0,798819492,0,0,0,1074187895,0,0,0,0,0,0,0,202754728,539057937,962965587,438849042432,161271515,1,1,0,0,0,0,0,0,0,0,0,0,0,0,0,0,0,0,0,0,0,0,0,0,0,0,0,0,0,0,0,1327,0,0,0,0,0,0,0
1782980808.436,0,0,0,0,0,0,0,1940218542,8831611947520,3103226585088,0,0,0,0,0,0,0,0,0,0,0,0,0,0,0,0,0,0,0,0,0,0,0,0,0,0,0,0,0,0,0,0,0,0,0,0,0,0,0,0,0,0,0,0,0,0,0,0,0,0,0,0,0,0,0,0,0,0,7,1971275,541623050,157650883,0,0,0,0,0,0,0,0,0,0,0,0,0,0,0,0,0,0,0,0,0,0,0,0,0,0,0,0,0,0,0,0,0,0,0,0,0,12878118912,5203394560,786019,317590,152678157,318,0,96,786432,539480216,811153,6,9565930388,12884901888,11854941,1483138358,0,0,0,0,0,0,0,0,0,0,0,0,0,0,0,0,0,0,52483104,152379747,0,468,1202,7661,620,104967220,35,0,0,0,0,0,0,0,1,0,0,0,0,0,0,0,0,0,0,62893131,0,152672563,2516417,0,0,0,0,0,0,0,0,16384,0,0,0,0,0,0,0,0,0,0,0,8406,453,0,0,0,0,0,159546157,0,180,0,3,453,8406,0,0,0,0,0,0,0,0,0,0,0,0,0,0,0,0,0,0,0,0,0,0,0,0,0,0,0,0,0,0,0,0,0,0,0,0,0,0,0,0,0,0,0,0,0,0,0,0,0,0,0,0,0,0,798957505,0,0,0,1074345265,0,0,0,0,0,0,0,202775413,539166963,963138323,438920743936,161283263,1,1,0,0,0,0,0,0,0,0,0,0,0,0,0,0,0,0,0,0,0,0,0,0,0,0,0,0,0,0,0,1550,0,0,0,0,0,0,0
1782980809.523,0,0,0,0,0,0,0,1940532089,8833411156480,3103808020480,0,0,0,0,0,0,0,0,0,0,0,0,0,0,0,0,0,0,0,0,0,0,0,0,0,0,0,0,0,0,0,0,0,0,0,0,0,0,0,0,0,0,0,0,0,0,0,0,0,0,0,0,0,0,0,0,0,0,7,1971303,541733702,157681298,0,0,0,0,0,0,0,0,0,0,0,0,0,0,0,0,0,0,0,0,0,0,0,0,0,0,0,0,0,0,0,0,0,0,0,0,0,12878315520,5206360064,786029,317771,152704627,306,0,100,786432,539590462,811153,6,9567500887,12884901888,11866421,1483338188,0,0,0,0,0,0,0,0,0,0,0,0,0,0,0,0,0,0,52492431,152389070,0,468,1202,7661,620,104985874,35,0,0,0,0,0,0,0,1,0,0,0,0,0,0,0,0,0,0,62903723,0,152699033,2516769,0,0,0,0,0,0,0,0,16384,0,0,0,0,0,0,0,0,0,0,0,8408,453,0,0,0,0,0,159574537,0,180,0,3,453,8408,0,0,0,0,0,0,0,0,0,0,0,0,0,0,0,0,0,0,0,0,0,0,0,0,0,0,0,0,0,0,0,0,0,0,0,0,0,0,0,0,0,0,0,0,0,0,0,0,0,0,0,0,0,0,799095966,0,0,0,1074504269,0,0,0,0,0,0,0,202796563,539276754,963311179,438992670208,161295610,1,0,0,0,0,0,0,0,0,0,0,0,0,0,0,0,0,0,0,0,0,0,0,0,0,0,0,0,0,0,0,315,0,0,0,0,0,0,0
1782980810.610,0,0,0,0,0,0,0,1940849458,8835228076544,3104407132672,0,0,0,0,0,0,0,0,0,0,0,0,0,0,0,0,0,0,0,0,0,0,0,0,0,0,0,0,0,0,0,0,0,0,0,0,0,0,0,0,0,0,0,0,0,0,0,0,0,0,0,0,0,0,0,0,0,0,7,1971326,541845404,157712503,0,0,0,0,0,0,0,0,0,0,0,0,0,0,0,0,0,0,0,0,0,0,0,0,0,0,0,0,0,0,0,0,0,0,0,0,0,12882362368,5202329600,786277,317525,152732477,59,0,96,786432,539701772,811153,6,9569087570,12884901888,11873237,1483537510,0,0,0,0,0,0,0,0,0,0,0,0,0,0,0,0,0,0,52501854,152398498,0,468,1202,7661,620,105004715,35,0,0,0,0,0,0,0,1,0,0,0,0,0,0,0,0,0,0,62914431,0,152727395,2517151,0,0,0,0,0,0,0,0,16384,0,0,0,0,0,0,0,0,0,0,0,8409,453,0,0,0,0,0,159603211,0,180,0,3,453,8409,0,0,0,0,0,0,0,0,0,0,0,0,0,0,0,0,0,0,0,0,0,0,0,0,0,0,0,0,0,0,0,0,0,0,0,0,0,0,0,0,0,0,0,0,0,0,0,0,0,0,0,0,0,0,799236859,0,0,0,1074663882,0,0,0,0,0,0,0,202814560,539387642,963486113,439065731584,161305950,1,0,0,0,0,0,0,0,0,0,0,0,0,0,0,0,0,0,0,0,0,0,0,0,0,0,0,0,0,0,0,358,0,0,0,0,0,0,0
1782980811.694,0,0,0,0,0,0,0,1941168736,8837048044032,3105017110528,0,0,0,0,0,0,0,0,0,0,0,0,0,0,0,0,0,0,0,0,0,0,0,0,0,0,0,0,0,0,0,0,0,0,0,0,0,0,0,0,0,0,0,0,0,0,0,0,0,0,0,0,0,0,0,0,0,0,7,1971351,541957351,157744790,0,0,0,0,0,0,0,0,0,0,0,0,0,0,0,0,0,0,0,0,0,0,0,0,0,0,0,0,0,0,0,0,0,0,0,0,0,12883181568,5183111168,786327,316352,152760652,0,0,104,786432,539813286,811153,6,9570679020,12884901888,11878629,1483734500,0,0,0,0,0,0,0,0,0,0,0,0,0,0,0,0,0,0,52511350,152407993,0,468,1202,7661,620,105023703,35,0,0,0,0,0,0,0,1,0,0,0,0,0,0,0,0,0,0,62925229,0,152756850,2517533,0,0,0,0,0,0,0,0,16384,0,0,0,0,0,0,0,0,0,0,0,8410,454,0,0,0,0,0,159632058,0,181,0,3,454,8410,0,0,0,0,1,0,0,0,0,0,0,0,0,0,0,0,0,0,0,0,0,0,0,0,0,0,0,0,0,0,0,0,0,0,0,0,0,0,0,0,0,0,0,0,0,0,0,0,0,0,0,0,0,0,799377096,0,0,0,1074823536,0,0,0,0,0,0,0,202831883,539498677,963661247,439138555392,161315898,1,0,0,0,0,0,0,0,0,0,0,0,0,0,0,0,0,0,0,0,0,0,0,0,0,0,0,0,0,0,0,1534,0,0,0,0,0,0,0
1782980812.773,0,0,0,0,0,0,0,1941484671,8838856690176,3105623779840,0,0,0,0,0,0,0,0,0,0,0,0,0,0,0,0,0,0,0,0,0,0,0,0,0,0,0,0,0,0,0,0,0,0,0,0,0,0,0,0,0,0,0,0,0,0,0,0,0,0,0,0,0,0,0,0,0,0,7,1971371,542068557,157776588,0,0,0,0,0,0,0,0,0,0,0,0,0,0,0,0,0,0,0,0,0,0,0,0,0,0,0,0,0,0,0,0,0,0,0,0,0,12883132416,5170429952,786324,315577,152788703,3,0,106,786432,539924100,811153,6,9572256214,12884901888,11884179,1483930411,0,0,0,0,0,0,0,0,0,0,0,0,0,0,0,0,0,0,52520742,152417387,0,468,1202,7661,620,105042499,35,0,0,0,0,0,0,0,1,0,0,0,0,0,0,0,0,0,0,62935917,0,152786053,2517913,0,0,0,0,0,0,0,0,16384,0,0,0,0,0,0,0,0,0,0,0,8411,454,0,0,0,0,0,159660604,0,181,0,3,454,8411,0,0,0,0,0,0,0,0,0,0,0,0,0,0,0,0,0,0,0,0,0,0,0,0,0,0,0,0,0,0,0,0,0,0,0,0,0,0,0,0,0,0,0,0,0,0,0,0,0,0,0,0,0,0,799516806,0,0,0,1074981780,0,0,0,0,0,0,0,202849097,539609043,963835483,439211087872,161325486,1,0,0,0,0,0,0,0,0,0,0,0,0,0,0,0,0,0,0,0,0,0,0,0,0,0,0,0,0,0,0,2397,0,0,0,0,0,0,0
1782980813.850,0,0,0,0,0,0,0,1941788506,8840593869312,3106210645504,0,0,0,0,0,0,0,0,0,0,0,0,0,0,0,0,0,0,0,0,0,0,0,0,0,0,0,0,0,0,0,0,0,0,0,0,0,0,0,0,0,0,0,0,0,0,0,0,0,0,0,0,0,0,0,0,0,0,7,1971395,542175442,157807582,0,0,0,0,0,0,0,0,0,0,0,0,0,0,0,0,0,0,0,0,0,0,0,0,0,0,0,0,0,0,0,0,0,0,0,0,0,12880527360,5151031296,786165,314394,152819780,154,0,113,786432,540030602,811153,6,9573778835,12884901888,11891794,1484125541,0,0,0,0,0,0,0,0,0,0,0,0,0,0,0,0,0,0,52529769,152426414,0,468,1202,7661,620,105060554,35,0,0,0,0,0,0,0,1,0,0,0,0,0,0,0,0,0,0,62946187,0,152814186,2518269,0,0,0,0,0,0,0,0,16384,0,0,0,0,0,0,0,0,0,0,0,8413,454,0,0,0,0,0,159687992,0,181,0,3,454,8413,0,0,0,0,0,0,0,0,0,0,0,0,0,0,0,0,0,0,0,0,0,0,0,0,0,0,0,0,0,0,0,0,0,0,0,0,0,0,0,0,0,0,0,0,0,0,0,0,0,0,0,0,0,0,799653258,0,0,0,1075136279,0,0,0,0,0,0,0,202867266,539715093,964006158,439282039296,161336158,1,0,0,0,0,0,0,0,0,0,0,0,0,0,0,0,0,0,0,0,0,0,0,0,0,0,0,0,0,0,0,705,0,0,0,0,0,0,0
1782980814.928,0,0,0,0,0,0,0,1942105491,8842405595648,3106797805568,0,0,0,0,0,0,0,0,0,0,0,0,0,0,0,0,0,0,0,0,0,0,0,0,0,0,0,0,0,0,0,0,0,0,0,0,0,0,0,0,0,0,0,0,0,0,0,0,0,0,0,0,0,0,0,0,0,0,7,1971416,542286838,157838411,0,0,0,0,0,0,0,0,0,0,0,0,0,0,0,0,0,0,0,0,0,0,0,0,0,0,0,0,0,0,0,0,0,0,0,0,0,12877725696,5154783232,785994,314623,152847694,339,0,98,786432,540141620,811153,6,9575360671,12884901888,11899032,1484322883,0,0,0,0,0,0,0,0,0,0,0,0,0,0,0,0,0,0,52539186,152435830,0,468,1202,7661,620,105079389,35,0,0,0,0,0,0,0,1,0,0,0,0,0,0,0,0,0,0,62956901,0,152842100,2518648,0,0,0,0,0,0,0,0,16384,0,0,0,0,0,0,0,0,0,0,0,8414,454,0,0,0,0,0,159716601,0,181,0,3,454,8414,0,0,0,0,0,0,0,0,0,0,0,0,0,0,0,0,0,0,0,0,0,0,0,0,0,0,0,0,0,0,0,0,0,0,0,0,0,0,0,0,0,0,0,0,0,0,0,0,0,0,0,0,0,0,799790287,0,0,0,1075295063,0,0,0,0,0,0,0,202887710,539825675,964177009,439353340416,161348413,1,1,0,0,0,0,0,0,0,0,0,0,0,0,0,0,0,0,0,0,0,0,0,0,0,0,0,0,0,0,0,1371,0,0,0,0,0,0,0
1782980816.015,0,0,0,0,0,0,0,1942424973,8844228119040,3107384674816,0,0,0,0,0,0,0,0,0,0,0,0,0,0,0,0,0,0,0,0,0,0,0,0,0,0,0,0,0,0,0,0,0,0,0,0,0,0,0,0,0,0,0,0,0,0,0,0,0,0,0,0,0,0,0,0,0,0,7,1971454,542398925,157869080,0,0,0,0,0,0,0,0,0,0,0,0,0,0,0,0,0,0,0,0,0,0,0,0,0,0,0,0,0,0,0,0,0,0,0,0,0,12880314368,5167579136,786152,315404,152874945,184,0,97,786432,540253287,811153,6,9576958263,12884901888,11907861,1484523953,0,0,0,0,0,0,0,0,0,0,0,0,0,0,0,0,0,0,52548685,152445326,0,468,1202,7661,620,105098385,35,0,0,0,0,0,0,0,1,0,0,0,0,0,0,0,0,0,0,62967682,0,152869351,2519023,0,0,0,0,0,0,0,0,16384,0,0,0,0,0,0,0,0,0,0,0,8415,454,0,0,0,0,0,159745465,0,181,0,3,454,8415,0,0,0,0,0,0,0,0,0,0,0,0,0,0,0,0,0,0,0,0,0,0,0,0,0,0,0,0,0,0,0,0,0,0,0,0,0,0,0,0,0,0,0,0,0,0,0,0,0,0,0,0,0,0,799928747,0,0,0,1075455927,0,0,0,0,0,0,0,202908466,539936889,964349539,439425610240,161360739,1,1,0,0,0,0,0,0,0,0,0,0,0,0,0,0,0,0,0,0,0,0,0,0,0,0,0,0,0,0,0,1292,0,0,0,0,0,0,0
1782980817.099,0,0,0,0,0,0,0,1942750336,8846085999104,3107984245248,0,0,0,0,0,0,0,0,0,0,0,0,0,0,0,0,0,0,0,0,0,0,0,0,0,0,0,0,0,0,0,0,0,0,0,0,0,0,0,0,0,0,0,0,0,0,0,0,0,0,0,0,0,0,0,0,0,0,7,1971481,542513175,157900509,0,0,0,0,0,0,0,0,0,0,0,0,0,0,0,0,0,0,0,0,0,0,0,0,0,0,0,0,0,0,0,0,0,0,0,0,0,12879691776,5173952512,786115,315793,152903726,222,0,96,786432,540367131,811153,6,9578586715,12884901888,11914677,1484729170,0,0,0,0,0,0,0,0,0,0,0,0,0,0,0,0,0,0,52558361,152455002,0,468,1202,7661,620,105117744,35,0,0,0,0,0,0,0,1,0,0,0,0,0,0,0,0,0,0,62978679,0,152898132,2519419,0,0,0,0,0,0,0,0,16384,0,0,0,0,0,0,0,0,0,0,0,8416,454,0,0,0,0,0,159774833,0,181,0,3,454,8416,0,0,0,0,0,0,0,0,0,0,0,0,0,0,0,0,0,0,0,0,0,0,0,0,0,0,0,0,0,0,0,0,0,0,0,0,0,0,0,0,0,0,0,0,0,0,0,0,0,0,0,0,0,0,800070400,0,0,0,1075619835,0,0,0,0,0,0,0,202928122,540050318,964525437,439499229184,161372352,1,0,0,0,0,0,0,0,0,0,0,0,0,0,0,0,0,0,0,0,0,0,0,0,0,0,0,0,0,0,0,1142,0,0,0,0,0,0,0
1782980818.189,0,0,0,0,0,0,0,1943069686,8847913519616,3108576122368,0,0,0,0,0,0,0,0,0,0,0,0,0,0,0,0,0,0,0,0,0,0,0,0,0,0,0,0,0,0,0,0,0,0,0,0,0,0,0,0,0,0,0,0,0,0,0,0,0,0,0,0,0,0,0,0,0,0,7,1971513,542625529,157931474,0,0,0,0,0,0,0,0,0,0,0,0,0,0,0,0,0,0,0,0,0,0,0,0,0,0,0,0,0,0,0,0,0,0,0,0,0,12878626816,5176967168,786050,315978,152931381,287,0,97,786432,540479119,811153,6,9580183957,12884901888,11923639,1484930168,0,0,0,0,0,0,0,0,0,0,0,0,0,0,0,0,0,0,52567846,152464489,0,468,1202,7661,620,105136698,35,0,0,0,0,0,0,0,1,0,0,0,0,0,0,0,0,0,0,62989469,0,152925787,2519780,0,0,0,0,0,0,0,0,16384,0,0,0,0,0,0,0,0,0,0,0,8417,454,0,0,0,0,0,159803709,0,181,0,3,454,8417,0,0,0,0,0,0,0,0,0,0,0,0,0,0,0,0,0,0,0,0,0,0,0,0,0,0,0,0,0,0,0,0,0,0,0,0,0,0,0,0,0,0,0,0,0,0,0,0,0,0,0,0,0,0,800210453,0,0,0,1075780749,0,0,0,0,0,0,0,202947798,540161828,964699904,439572019200,161383812,1,1,0,0,0,0,0,0,0,0,0,0,0,0,0,0,0,0,0,0,0,0,0,0,0,0,0,0,0,0,0,941,0,0,0,0,0,0,0
1782980819.280,0,0,0,0,0,0,0,1943395634,8849784113664,3109179926016,0,0,0,0,0,0,0,0,0,0,0,0,0,0,0,0,0,0,0,0,0,0,0,0,0,0,0,0,0,0,0,0,0,0,0,0,0,0,0,0,0,0,0,0,0,0,0,0,0,0,0,0,0,0,0,0,0,0,7,1971550,542740581,157963098,0,0,0,0,0,0,0,0,0,0,0,0,0,0,0,0,0,0,0,0,0,0,0,0,0,0,0,0,0,0,0,0,0,0,0,0,0,12877987840,5185732608,786010,316512,152960877,325,0,96,786432,540593710,811153,6,9581816589,12884901888,11928068,1485136330,0,0,0,0,0,0,0,0,0,0,0,0,0,0,0,0,0,0,52577543,152474190,0,468,1202,7661,620,105156092,35,0,0,0,0,0,0,0,1,0,0,0,0,0,0,0,0,0,0,63000499,0,152955283,2520178,0,0,0,0,0,0,0,0,16384,0,0,0,0,0,0,0,0,0,0,0,8418,454,0,0,0,0,0,159833152,0,181,0,3,454,8418,0,0,0,0,0,0,0,0,0,0,0,0,0,0,0,0,0,0,0,0,0,0,0,0,0,0,0,0,0,0,0,0,0,0,0,0,0,0,0,0,0,0,0,0,0,0,0,0,0,0,0,0,0,0,800353146,0,0,0,1075945365,0,0,0,0,0,0,0,202966434,540276043,964876446,439646351360,161394770,1,0,0,0,0,0,0,0,0,0,0,0,0,0,0,0,0,0,0,0,0,0,0,0,0,0,0,0,0,0,0,466,0,0,0,0,0,0,0
1782980820.363,0,0,0,0,0,0,0,1943718341,8851637422592,3109776203264,0,0,0,0,0,0,0,0,0,0,0,0,0,0,0,0,0,0,0,0,0,0,0,0,0,0,0,0,0,0,0,0,0,0,0,0,0,0,0,0,0,0,0,0,0,0,0,0,0,0,0,0,0,0,0,0,0,0,7,1971580,542854492,157994266,0,0,0,0,0,0,0,0,0,0,0,0,0,0,0,0,0,0,0,0,0,0,0,0,0,0,0,0,0,0,0,0,0,0,0,0,0,12875743232,5192253440,785873,316910,152989518,460,0,97,786432,540707175,811153,6,9583429316,12884901888,11933214,1485338284,0,0,0,0,0,0,0,0,0,0,0,0,0,0,0,0,0,0,52587142,152483789,0,468,1202,7661,620,105175298,35,0,0,0,0,0,0,0,1,0,0,0,0,0,0,0,0,0,0,63011414,0,152983924,2520567,0,0,0,0,0,0,0,0,16384,0,0,0,0,0,0,0,0,0,0,0,8419,454,0,0,0,0,0,159862316,0,181,0,3,454,8419,0,0,0,0,0,0,0,0,0,0,0,0,0,0,0,0,0,0,0,0,0,0,0,0,0,0,0,0,0,0,0,0,0,0,0,0,0,0,0,0,0,0,0,0,0,0,0,0,0,0,0,0,0,0,800495104,0,0,0,1076107635,0,0,0,0,0,0,0,202984550,540389084,965052215,439720125440,161405296,1,0,0,0,0,0,0,0,0,0,0,0,0,0,0,0,0,0,0,0,0,0,0,0,0,0,0,0,0,0,0,713,0,0,0,0,0,0,0
1782980821.447,0,0,0,0,0,0,0,1944032605,8853437762048,3110360278528,0,0,0,0,0,0,0,0,0,0,0,0,0,0,0,0,0,0,0,0,0,0,0,0,0,0,0,0,0,0,0,0,0,0,0,0,0,0,0,0,0,0,0,0,0,0,0,0,0,0,0,0,0,0,0,0,0,0,7,1971613,542965229,158024831,0,0,0,0,0,0,0,0,0,0,0,0,0,0,0,0,0,0,0,0,0,0,0,0,0,0,0,0,0,0,0,0,0,0,0,0,0,12881903616,5192138752,786249,316903,153016941,86,0,98,786432,540817463,811153,6,9584999058,12884901888,11942132,1485534107,0,0,0,0,0,0,0,0,0,0,0,0,0,0,0,0,0,0,52596475,152493121,0,468,1202,7661,620,105193965,35,0,0,0,0,0,0,0,1,0,0,0,0,0,0,0,0,0,0,63022019,0,153011347,2520935,0,0,0,0,0,0,0,0,16384,0,0,0,0,0,0,0,0,0,0,0,8420,454,0,0,0,0,0,159890702,0,181,0,3,454,8420,0,0,0,0,0,0,0,0,0,0,0,0,0,0,0,0,0,0,0,0,0,0,0,0,0,0,0,0,0,0,0,0,0,0,0,0,0,0,0,0,0,0,0,0,0,0,0,0,0,0,0,0,0,0,800634283,0,0,0,1076265231,0,0,0,0,0,0,0,203003399,540498935,965225114,439792471552,161416053,1,0,0,0,0,0,0,0,0,0,0,0,0,0,0,0,0,0,0,0,0,0,0,0,0,0,0,0,0,0,0,1237,0,0,0,0,0,0,0
1782980822.539,0,0,0,0,0,0,0,1944353392,8855284435456,3110956189696,0,0,0,0,0,0,0,0,0,0,0,0,0,0,0,0,0,0,0,0,0,0,0,0,0,0,0,0,0,0,0,0,0,0,0,0,0,0,0,0,0,0,0,0,0,0,0,0,0,0,0,0,0,0,0,0,0,0,7,1971645,543078781,158056003,0,0,0,0,0,0,0,0,0,0,0,0,0,0,0,0,0,0,0,0,0,0,0,0,0,0,0,0,0,0,0,0,0,0,0,0,0,12878036992,5198102528,786013,317267,153045704,323,0,96,786432,540930578,811153,6,9586604251,12884901888,11947319,1485736616,0,0,0,0,0,0,0,0,0,0,0,0,0,0,0,0,0,0,52606006,152502650,0,468,1202,7661,620,105213030,35,0,0,0,0,0,0,0,1,0,0,0,0,0,0,0,0,0,0,63032865,0,153040110,2521319,0,0,0,0,0,0,0,0,16384,0,0,0,0,0,0,0,0,0,0,0,8421,454,0,0,0,0,0,159919643,0,181,0,3,454,8421,0,0,0,0,0,0,0,0,0,0,0,0,0,0,0,0,0,0,0,0,0,0,0,0,0,0,0,0,0,0,0,0,0,0,0,0,0,0,0,0,0,0,0,0,0,0,0,0,0,0,0,0,0,0,800775960,0,0,0,1076426673,0,0,0,0,0,0,0,203020833,540611601,965400452,439866296320,161426124,1,0,0,0,0,0,0,0,0,0,0,0,0,0,0,0,0,0,0,0,0,0,0,0,0,0,0,0,0,0,0,1034,0,0,0,0,0,0,0
1782980823.628,0,0,0,0,0,0,0,1944676128,8857134008832,3111564933632,0,0,0,0,0,0,0,0,0,0,0,0,0,0,0,0,0,0,0,0,0,0,0,0,0,0,0,0,0,0,0,0,0,0,0,0,0,0,0,0,0,0,0,0,0,0,0,0,0,0,0,0,0,0,0,0,0,0,7,1971674,543192558,158087962,0,0,0,0,0,0,0,0,0,0,0,0,0,0,0,0,0,0,0,0,0,0,0,0,0,0,0,0,0,0,0,0,0,0,0,0,0,12882722816,5191729152,786299,316878,153073066,1,0,133,786432,541043885,811153,6,9588217575,12884901888,11955923,1485938113,0,0,0,0,0,0,0,0,0,0,0,0,0,0,0,0,0,0,52615591,152512240,0,468,1202,7661,620,105232216,35,0,0,0,0,0,0,0,1,0,0,0,0,0,0,0,0,0,0,63043749,0,153068368,2521699,0,0,0,0,0,0,0,0,16384,0,0,0,0,0,0,0,0,0,0,0,8422,454,0,0,0,0,0,159948798,0,181,0,3,454,8422,0,0,0,0,0,0,0,0,0,0,0,0,0,0,0,0,0,0,0,0,0,0,0,0,0,0,0,0,0,0,0,0,0,0,0,0,0,0,0,0,0,0,0,0,0,0,0,0,0,0,0,0,0,0,800917161,0,0,0,1076588798,0,0,0,0,0,0,0,203040042,540724503,965577026,439939678720,161436908,1,1,0,0,0,0,0,0,0,0,0,0,0,0,0,0,0,0,0,0,0,0,0,0,0,0,0,0,0,0,0,1450,0,0,0,0,0,0,0
1782980824.714,0,0,0,0,0,0,0,1944997584,8858972506624,3112188264448,0,0,0,0,0,0,0,0,0,0,0,0,0,0,0,0,0,0,0,0,0,0,0,0,0,0,0,0,0,0,0,0,0,0,0,0,0,0,0,0,0,0,0,0,0,0,0,0,0,0,0,0,0,0,0,0,0,0,7,1971712,543305648,158120684,0,0,0,0,0,0,0,0,0,0,0,0,0,0,0,0,0,0,0,0,0,0,0,0,0,0,0,0,0,0,0,0,0,0,0,0,0,12883050496,5171429376,786318,315639,153100688,12,0,99,786432,541156602,811153,6,9589826598,12884901888,11963797,1486141778,0,0,0,0,0,0,0,0,0,0,0,0,0,0,0,0,0,0,52625156,152521803,0,468,1202,7661,620,105251330,35,0,0,0,0,0,0,0,1,0,0,0,0,0,0,0,0,0,0,63054608,0,153098038,2522096,0,0,0,0,0,0,0,0,16384,0,0,0,0,0,0,0,0,0,0,0,8423,454,0,0,0,0,0,159977845,0,181,0,3,454,8423,0,0,0,0,0,0,0,0,0,0,0,0,0,0,0,0,0,0,0,0,0,0,0,0,0,0,0,0,0,0,0,0,0,0,0,0,0,0,0,0,0,0,0,0,0,0,0,0,0,0,0,0,0,0,801056757,0,0,0,1076751238,0,0,0,0,0,0,0,203060082,540836806,965752768,440012426752,161448044,1,0,0,0,0,0,0,0,0,0,0,0,0,0,0,0,0,0,0,0,0,0,0,0,0,0,0,0,0,0,0,824,0,0,0,0,0,0,0
1782980825.795,0,0,0,0,0,0,0,1945294395,8860674263552,3112769423872,0,0,0,0,0,0,0,0,0,0,0,0,0,0,0,0,0,0,0,0,0,0,0,0,0,0,0,0,0,0,0,0,0,0,0,0,0,0,0,0,0,0,0,0,0,0,0,0,0,0,0,0,0,0,0,0,0,0,7,1971740,543410288,158151585,0,0,0,0,0,0,0,0,0,0,0,0,0,0,0,0,0,0,0,0,0,0,0,0,0,0,0,0,0,0,0,0,0,0,0,0,0,12879839232,5138382848,786123,313622,153130144,211,0,98,786432,541260895,811153,6,9591309723,12884901888,11977182,1486328196,0,0,0,0,0,0,0,0,0,0,0,0,0,0,0,0,0,0,52633969,152530618,0,468,1202,7661,620,105268972,35,0,0,0,0,0,0,0,1,0,0,0,0,0,0,0,0,0,0,63064616,0,153124550,2522446,0,0,0,0,0,0,0,0,16384,0,0,0,0,0,0,0,0,0,0,0,8424,454,0,0,0,0,0,160004680,0,181,0,3,454,8424,0,0,0,0,0,0,0,0,0,0,0,0,0,0,0,0,0,0,0,0,0,0,0,0,0,0,0,0,0,0,0,0,0,0,0,0,0,0,0,0,0,0,0,0,0,0,0,0,0,0,0,0,0,0,801187306,0,0,0,1076900479,0,0,0,0,0,0,0,203082251,540940706,965918712,440080293376,161461032,1,0,0,0,0,0,0,0,0,0,0,0,0,0,0,0,0,0,0,0,0,0,0,0,0,0,0,0,0,0,0,755,0,0,0,0,0,0,0
1782980826.873,0,0,0,0,0,0,0,1945609202,8862478191104,3113348646400,0,0,0,0,0,0,0,0,0,0,0,0,0,0,0,0,0,0,0,0,0,0,0,0,0,0,0,0,0,0,0,0,0,0,0,0,0,0,0,0,0,0,0,0,0,0,0,0,0,0,0,0,0,0,0,0,0,0,7,1971763,543521228,158181927,0,0,0,0,0,0,0,0,0,0,0,0,0,0,0,0,0,0,0,0,0,0,0,0,0,0,0,0,0,0,0,0,0,0,0,0,0,12879773696,5146181632,786120,314098,153157030,217,0,97,786432,541371433,811153,6,9592882656,12884901888,11987171,1486524238,0,0,0,0,0,0,0,0,0,0,0,0,0,0,0,0,0,0,52643335,152539984,0,468,1202,7661,620,105287689,35,0,0,0,0,0,0,0,1,0,0,0,0,0,0,0,0,0,0,63075258,0,153151436,2522822,0,0,0,0,0,0,0,0,16384,0,0,0,0,0,0,0,0,0,0,0,8426,454,0,0,0,0,0,160033118,0,181,0,3,454,8426,0,0,0,0,0,0,0,0,0,0,0,0,0,0,0,0,0,0,0,0,0,0,0,0,0,0,0,0,0,0,0,0,0,0,0,0,0,0,0,0,0,0,0,0,0,0,0,0,0,0,0,0,0,0,801323925,0,0,0,1077058504,0,0,0,0,0,0,0,203103247,541050761,966089212,440151308288,161473302,1,0,0,0,0,0,0,0,0,0,0,0,0,0,0,0,0,0,0,0,0,0,0,0,0,0,0,0,0,0,0,1219,0,0,0,0,0,0,0
1782980827.961,0,0,0,0,0,0,0,1945916465,8864238438912,3113916005376,0,0,0,0,0,0,0,0,0,0,0,0,0,0,0,0,0,0,0,0,0,0,0,0,0,0,0,0,0,0,0,0,0,0,0,0,0,0,0,0,0,0,0,0,0,0,0,0,0,0,0,0,0,0,0,0,0,0,7,1971787,543629479,158211655,0,0,0,0,0,0,0,0,0,0,0,0,0,0,0,0,0,0,0,0,0,0,0,0,0,0,0,0,0,0,0,0,0,0,0,0,0,12882657280,5151244288,786297,314407,153183432,37,0,99,786432,541479305,811153,6,9594417286,12884901888,11996961,1486716772,0,0,0,0,0,0,0,0,0,0,0,0,0,0,0,0,0,0,52652449,152549097,0,468,1202,7661,620,105305920,35,0,0,0,0,0,0,0,1,0,0,0,0,0,0,0,0,0,0,63085615,0,153177838,2523174,0,0,0,0,0,0,0,0,16384,0,0,0,0,0,0,0,0,0,0,0,8427,455,0,0,0,0,0,160060841,0,181,0,3,455,8427,0,0,0,0,1,0,0,0,0,0,0,0,0,0,0,0,0,0,0,0,0,0,0,0,0,0,0,0,0,0,0,0,0,0,0,0,0,0,0,0,0,0,0,0,0,0,0,0,0,0,0,0,0,0,801457706,0,0,0,1077212865,0,0,0,0,0,0,0,203123113,541158183,966256113,440220890624,161485187,1,0,0,0,0,0,0,0,0,0,0,0,0,0,0,0,0,0,0,0,0,0,0,0,0,0,0,0,0,0,0,1407,0,0,0,0,0,0,0
1782980829.043,0,0,0,0,0,0,0,1946242084,8866110573056,3114515522048,0,0,0,0,0,0,0,0,0,0,0,0,0,0,0,0,0,0,0,0,0,0,0,0,0,0,0,0,0,0,0,0,0,0,0,0,0,0,0,0,0,0,0,0,0,0,0,0,0,0,0,0,0,0,0,0,0,0,7,1971818,543744575,158243078,0,0,0,0,0,0,0,0,0,0,0,0,0,0,0,0,0,0,0,0,0,0,0,0,0,0,0,0,0,0,0,0,0,0,0,0,0,12877824000,5160583168,786000,314977,153212632,336,0,96,786432,541593953,811153,6,9596046611,12884901888,12001741,1486921220,0,0,0,0,0,0,0,0,0,0,0,0,0,0,0,0,0,0,52662136,152558781,0,468,1202,7661,620,105325284,35,0,0,0,0,0,0,0,1,0,0,0,0,0,0,0,0,0,0,63096633,0,153207083,2523564,0,0,0,0,0,0,0,0,16384,0,0,0,0,0,0,0,0,0,0,0,8428,455,0,0,0,0,0,160090275,0,181,0,3,455,8428,0,0,0,0,0,0,0,0,0,0,0,0,0,0,0,0,0,0,0,0,0,0,0,0,0,0,0,0,0,0,0,0,0,0,0,0,0,0,0,0,0,0,0,0,0,0,0,0,0,0,0,0,0,0,801599378,0,0,0,1077376918,0,0,0,0,0,0,0,203140492,541272405,966431451,440294455808,161495243,1,0,0,0,0,0,0,0,0,0,0,0,0,0,0,0,0,0,0,0,0,0,0,0,0,0,0,0,0,0,0,1284,0,0,0,0,0,0,0
1782980830.135,0,0,0,0,0,0,0,1946571352,8867996273152,3115121164288,0,0,0,0,0,0,0,0,0,0,0,0,0,0,0,0,0,0,0,0,0,0,0,0,0,0,0,0,0,0,0,0,0,0,0,0,0,0,0,0,0,0,0,0,0,0,0,0,0,0,0,0,0,0,0,0,0,0,7,1971838,543860502,158274735,0,0,0,0,0,0,0,0,0,0,0,0,0,0,0,0,0,0,0,0,0,0,0,0,0,0,0,0,0,0,0,0,0,0,0,0,0,12876955648,5169872896,785946,315544,153242016,389,0,98,786432,541709428,811153,6,9597693393,12884901888,12007603,1487128043,0,0,0,0,0,0,0,0,0,0,0,0,0,0,0,0,0,0,52671931,152568579,0,468,1202,7661,620,105344885,35,0,0,0,0,0,0,0,1,0,0,0,0,0,0,0,0,0,0,63107783,0,153236422,2523961,0,0,0,0,0,0,0,0,16384,0,0,0,0,0,0,0,0,0,0,0,8429,455,0,0,0,0,0,160120038,0,181,0,3,455,8429,0,0,0,0,0,0,0,0,0,0,0,0,0,0,0,0,0,0,0,0,0,0,0,0,0,0,0,0,0,0,0,0,0,0,0,0,0,0,0,0,0,0,0,0,0,0,0,0,0,0,0,0,0,0,801744190,0,0,0,1077542868,0,0,0,0,0,0,0,203157796,541387498,966610244,440369586688,161505061,1,0,0,0,0,0,0,0,0,0,0,0,0,0,0,0,0,0,0,0,0,0,0,0,0,0,0,0,0,0,0,1063,0,0,0,0,0,0,0
1782980831.225,0,0,0,0,0,0,0,1946892647,8869842520576,3115715531264,0,0,0,0,0,0,0,0,0,0,0,0,0,0,0,0,0,0,0,0,0,0,0,0,0,0,0,0,0,0,0,0,0,0,0,0,0,0,0,0,0,0,0,0,0,0,0,0,0,0,0,0,0,0,0,0,0,0,7,1971856,543974068,158305858,0,0,0,0,0,0,0,0,0,0,0,0,0,0,0,0,0,0,0,0,0,0,0,0,0,0,0,0,0,0,0,0,0,0,0,0,0,12880412672,5173379072,786158,315758,153270670,159,0,115,786432,541822549,811153,6,9599300765,12884901888,12013496,1487330241,0,0,0,0,0,0,0,0,0,0,0,0,0,0,0,0,0,0,52681480,152578128,0,468,1202,7661,620,105363977,35,0,0,0,0,0,0,0,1,0,0,0,0,0,0,0,0,0,0,63118654,0,153265076,2524342,0,0,0,0,0,0,0,0,16384,0,0,0,0,0,0,0,0,0,0,0,8430,455,0,0,0,0,0,160149089,0,181,0,3,455,8430,0,0,0,0,0,0,0,0,0,0,0,0,0,0,0,0,0,0,0,0,0,0,0,0,0,0,0,0,0,0,0,0,0,0,0,0,0,0,0,0,0,0,0,0,0,0,0,0,0,0,0,0,0,0,801885908,0,0,0,1077704824,0,0,0,0,0,0,0,203175460,541500128,966785768,440443082240,161515295,1,1,0,0,0,0,0,0,0,0,0,0,0,0,0,0,0,0,0,0,0,0,0,0,0,0,0,0,0,0,0,776,0,0,0,0,0,0,0
1782980832.315,0,0,0,0,0,0,0,1947197173,8871588678144,3116283550208,0,0,0,0,0,0,0,0,0,0,0,0,0,0,0,0,0,0,0,0,0,0,0,0,0,0,0,0,0,0,0,0,0,0,0,0,0,0,0,0,0,0,0,0,0,0,0,0,0,0,0,0,0,0,0,0,0,0,7,1971887,544081408,158335557,0,0,0,0,0,0,0,0,0,0,0,0,0,0,0,0,0,0,0,0,0,0,0,0,0,0,0,0,0,0,0,0,0,0,0,0,0,12878528512,5174558720,786043,315830,153296733,291,0,98,786432,541929503,811153,6,9600820030,12884901888,12021761,1487519185,0,0,0,0,0,0,0,0,0,0,0,0,0,0,0,0,0,0,52690528,152587179,0,468,1202,7661,620,105382069,35,0,0,0,0,0,0,0,1,0,0,0,0,0,0,0,0,0,0,63128954,0,153291139,2524685,0,0,0,0,0,0,0,0,16384,0,0,0,0,0,0,0,0,0,0,0,8431,455,0,0,0,0,0,160176587,0,181,0,3,455,8431,0,0,0,0,0,0,0,0,0,0,0,0,0,0,0,0,0,0,0,0,0,0,0,0,0,0,0,0,0,0,0,0,0,0,0,0,0,0,0,0,0,0,0,0,0,0,0,0,0,0,0,0,0,0,802021400,0,0,0,1077857340,0,0,0,0,0,0,0,203194783,541606735,966954631,440513333248,161526571,1,0,0,0,0,0,0,0,0,0,0,0,0,0,0,0,0,0,0,0,0,0,0,0,0,0,0,0,0,0,0,1516,0,0,0,0,0,0,0
1782980833.398,0,0,0,0,0,0,0,1947517864,8873426651648,3116872706048,0,0,0,0,0,0,0,0,0,0,0,0,0,0,0,0,0,0,0,0,0,0,0,0,0,0,0,0,0,0,0,0,0,0,0,0,0,0,0,0,0,0,0,0,0,0,0,0,0,0,0,0,0,0,0,0,0,0,7,1971915,544194436,158366380,0,0,0,0,0,0,0,0,0,0,0,0,0,0,0,0,0,0,0,0,0,0,0,0,0,0,0,0,0,0,0,0,0,0,0,0,0,12875825152,5184815104,785878,316455,153324164,456,0,97,786432,542042133,811153,6,9602426025,12884901888,12030806,1487722674,0,0,0,0,0,0,0,0,0,0,0,0,0,0,0,0,0,0,52700066,152596717,0,468,1202,7661,620,105401155,35,0,0,0,0,0,0,0,1,0,0,0,0,0,0,0,0,0,0,63139806,0,153318638,2525063,0,0,0,0,0,0,0,0,16384,0,0,0,0,0,0,0,0,0,0,0,8432,455,0,0,0,0,0,160205620,0,181,0,3,455,8432,0,0,0,0,0,0,0,0,0,0,0,0,0,0,0,0,0,0,0,0,0,0,0,0,0,0,0,0,0,0,0,0,0,0,0,0,0,0,0,0,0,0,0,0,0,0,0,0,0,0,0,0,0,0,802162434,0,0,0,1078019657,0,0,0,0,0,0,0,203215295,541718875,967129862,440586455552,161538554,1,0,0,0,0,0,0,0,0,0,0,0,0,0,0,0,0,0,0,0,0,0,0,0,0,0,0,0,0,0,0,528,0,0,0,0,0,0,0
1782980834.483,0,0,0,0,0,0,0,1947852957,8875345480192,3117487066112,0,0,0,0,0,0,0,0,0,0,0,0,0,0,0,0,0,0,0,0,0,0,0,0,0,0,0,0,0,0,0,0,0,0,0,0,0,0,0,0,0,0,0,0,0,0,0,0,0,0,0,0,0,0,0,0,0,0,7,1971935,544312476,158398585,0,0,0,0,0,0,0,0,0,0,0,0,0,0,0,0,0,0,0,0,0,0,0,0,0,0,0,0,0,0,0,0,0,0,0,0,0,12875972608,5193908224,785887,317011,153354373,449,0,96,786432,542159717,811153,6,9604100747,12884901888,12034501,1487932564,0,0,0,0,0,0,0,0,0,0,0,0,0,0,0,0,0,0,52710028,152606677,0,468,1202,7661,620,105421079,35,0,0,0,0,0,0,0,1,0,0,0,0,0,0,0,0,0,0,63151111,0,153348779,2525469,0,0,0,0,0,0,0,0,16384,0,0,0,0,0,0,0,0,0,0,0,8434,455,0,0,0,0,0,160235885,0,181,0,3,455,8434,0,0,0,0,0,0,0,0,0,0,0,0,0,0,0,0,0,0,0,0,0,0,0,0,0,0,0,0,0,0,0,0,0,0,0,0,0,0,0,0,0,0,0,0,0,0,0,0,0,0,0,0,0,0,802306765,0,0,0,1078187992,0,0,0,0,0,0,0,203234096,541835974,967308495,440661585408,161549713,1,1,0,0,0,0,0,0,0,0,0,0,0,0,0,0,0,0,0,0,0,0,0,0,0,0,0,0,0,0,0,793,0,0,0,0,0,0,0
1782980835.575,0,0,0,0,0,0,0,1948184453,8877237717504,3118094778880,0,0,0,0,0,0,0,0,0,0,0,0,0,0,0,0,0,0,0,0,0,0,0,0,0,0,0,0,0,0,0,0,0,0,0,0,0,0,0,0,0,0,0,0,0,0,0,0,0,0,0,0,0,0,0,0,0,0,7,1971965,544428864,158430407,0,0,0,0,0,0,0,0,0,0,0,0,0,0,0,0,0,0,0,0,0,0,0,0,0,0,0,0,0,0,0,0,0,0,0,0,0,12877676544,5201625088,785991,317482,153383649,314,0,126,786432,542275677,811153,6,9605759540,12884901888,12040734,1488141959,0,0,0,0,0,0,0,0,0,0,0,0,0,0,0,0,0,0,52719884,152616533,0,468,1202,7661,620,105440787,35,0,0,0,0,0,0,0,1,0,0,0,0,0,0,0,0,0,0,63162329,0,153378055,2525870,0,0,0,0,0,0,0,0,16384,0,0,0,0,0,0,0,0,0,0,0,8435,455,0,0,0,0,0,160265826,0,181,0,3,455,8435,0,0,0,0,0,0,0,0,0,0,0,0,0,0,0,0,0,0,0,0,0,0,0,0,0,0,0,0,0,0,0,0,0,0,0,0,0,0,0,0,0,0,0,0,0,0,0,0,0,0,0,0,0,0,802449187,0,0,0,1078355220,0,0,0,0,0,0,0,203253308,541951419,967485342,440735757312,161560924,1,0,0,0,0,0,0,0,0,0,0,0,0,0,0,0,0,0,0,0,0,0,0,0,0,0,0,0,0,0,0,446,0,0,0,0,0,0,0
1782980836.661,0,0,0,0,0,0,0,1948501854,8879059225088,3118702497792,0,0,0,0,0,0,0,0,0,0,0,0,0,0,0,0,0,0,0,0,0,0,0,0,0,0,0,0,0,0,0,0,0,0,0,0,0,0,0,0,0,0,0,0,0,0,0,0,0,0,0,0,0,0,0,0,0,0,7,1971991,544540837,158462396,0,0,0,0,0,0,0,0,0,0,0,0,0,0,0,0,0,0,0,0,0,0,0,0,0,0,0,0,0,0,0,0,0,0,0,0,0,12881510400,5185847296,786229,316519,153410935,106,0,100,786432,542387257,811153,6,9607346663,12884901888,12048758,1488340827,0,0,0,0,0,0,0,0,0,0,0,0,0,0,0,0,0,0,52729325,152625974,0,468,1202,7661,620,105459666,35,0,0,0,0,0,0,0,1,0,0,0,0,0,0,0,0,0,0,63173053,0,153406877,2526248,0,0,0,0,0,0,0,0,16384,0,0,0,0,0,0,0,0,0,0,0,8436,455,0,0,0,0,0,160294541,0,181,0,3,455,8436,0,0,0,0,0,0,0,0,0,0,0,0,0,0,0,0,0,0,0,0,0,0,0,0,0,0,0,0,0,0,0,0,0,0,0,0,0,0,0,0,0,0,0,0,0,0,0,0,0,0,0,0,0,0,802587845,0,0,0,1078514705,0,0,0,0,0,0,0,203272909,542062580,967659325,440807956480,161572326,1,0,0,0,0,0,0,0,0,0,0,0,0,0,0,0,0,0,0,0,0,0,0,0,0,0,0,0,0,0,0,745,0,0,0,0,0,0,0
1782980837.746,0,0,0,0,0,0,0,1948818237,8880869411328,3119309734912,0,0,0,0,0,0,0,0,0,0,0,0,0,0,0,0,0,0,0,0,0,0,0,0,0,0,0,0,0,0,0,0,0,0,0,0,0,0,0,0,0,0,0,0,0,0,0,0,0,0,0,0,0,0,0,0,0,0,7,1972018,544652133,158494229,0,0,0,0,0,0,0,0,0,0,0,0,0,0,0,0,0,0,0,0,0,0,0,0,0,0,0,0,0,0,0,0,0,0,0,0,0,12880642048,5169561600,786173,315525,153438443,163,0,98,786432,542498110,811153,6,9608925582,12884901888,12055870,1488537261,0,0,0,0,0,0,0,0,0,0,0,0,0,0,0,0,0,0,52738728,152635376,0,468,1202,7661,620,105478485,35,0,0,0,0,0,0,0,1,0,0,0,0,0,0,0,0,0,0,63183738,0,153435793,2526625,0,0,0,0,0,0,0,0,16384,0,0,0,0,0,0,0,0,0,0,0,8437,455,0,0,0,0,0,160323097,0,181,0,3,455,8437,0,0,0,0,0,0,0,0,0,0,0,0,0,0,0,0,0,0,0,0,0,0,0,0,0,0,0,0,0,0,0,0,0,0,0,0,0,0,0,0,0,0,0,0,0,0,0,0,0,0,0,0,0,0,802727930,0,0,0,1078673199,0,0,0,0,0,0,0,203290875,542173031,967834210,440880611328,161582722,1,0,0,0,0,0,0,0,0,0,0,0,0,0,0,0,0,0,0,0,0,0,0,0,0,0,0,0,0,0,0,1621,0,0,0,0,0,0,0
1782980838.824,0,0,0,0,0,0,0,1949131883,8882667358720,3119915689472,0,0,0,0,0,0,0,0,0,0,0,0,0,0,0,0,0,0,0,0,0,0,0,0,0,0,0,0,0,0,0,0,0,0,0,0,0,0,0,0,0,0,0,0,0,0,0,0,0,0,0,0,0,0,0,0,0,0,7,1972045,544762695,158526267,0,0,0,0,0,0,0,0,0,0,0,0,0,0,0,0,0,0,0,0,0,0,0,0,0,0,0,0,0,0,0,0,0,0,0,0,0,12879429632,5146574848,786099,314122,153470826,235,0,97,786432,542608244,811153,6,9610492623,12884901888,12061365,1488733620,0,0,0,0,0,0,0,0,0,0,0,0,0,0,0,0,0,0,52748044,152644693,0,468,1202,7661,620,105497114,35,0,0,0,0,0,0,0,1,0,0,0,0,0,0,0,0,0,0,63194325,0,153465232,2527002,0,0,0,0,0,0,0,0,16384,0,0,0,0,0,0,0,0,0,0,0,8438,455,0,0,0,0,0,160351402,0,181,0,3,455,8438,0,0,0,0,0,0,0,0,0,0,0,0,0,0,0,0,0,0,0,0,0,0,0,0,0,0,0,0,0,0,0,0,0,0,0,0,0,0,0,0,0,0,0,0,0,0,0,0,0,0,0,0,0,0,802867468,0,0,0,1078830876,0,0,0,0,0,0,0,203307842,542282796,968008308,440953160704,161592440,1,0,0,0,0,0,0,0,0,0,0,0,0,0,0,0,0,0,0,0,0,0,0,0,0,0,0,0,0,0,0,1757,0,0,0,0,0,0,0
1782980839.906,0,0,0,0,0,0,0,1949458279,8884535560704,3120509768704,0,0,0,0,0,0,0,0,0,0,0,0,0,0,0,0,0,0,0,0,0,0,0,0,0,0,0,0,0,0,0,0,0,0,0,0,0,0,0,0,0,0,0,0,0,0,0,0,0,0,0,0,0,0,0,0,0,0,7,1972073,544877626,158557271,0,0,0,0,0,0,0,0,0,0,0,0,0,0,0,0,0,0,0,0,0,0,0,0,0,0,0,0,0,0,0,0,0,0,0,0,0,12878462976,5159501824,786040,314911,153499995,277,0,115,786432,542722777,811153,6,9612125460,12884901888,12064990,1488938957,0,0,0,0,0,0,0,0,0,0,0,0,0,0,0,0,0,0,52757753,152654403,0,468,1202,7661,620,105516523,35,0,0,0,0,0,0,0,1,0,0,0,0,0,0,0,0,0,0,63205371,0,153494435,2527409,0,0,0,0,0,0,0,0,16384,0,0,0,0,0,0,0,0,0,0,0,8439,455,0,0,0,0,0,160380944,0,181,0,3,455,8439,0,0,0,0,0,0,0,0,0,0,0,0,0,0,0,0,0,0,0,0,0,0,0,0,0,0,0,0,0,0,0,0,0,0,0,0,0,0,0,0,0,0,0,0,0,0,0,0,0,0,0,0,0,0,803011480,0,0,0,1078995514,0,0,0,0,0,0,0,203325575,542396802,968185397,441027833856,161602525,1,0,0,0,0,0,0,0,0,0,0,0,0,0,0,0,0,0,0,0,0,0,0,0,0,0,0,0,0,0,0,1385,0,0,0,0,0,0,0
1782980840.994,0,0,0,0,0,0,0,1949783388,8886395210240,3121110192128,0,0,0,0,0,0,0,0,0,0,0,0,0,0,0,0,0,0,0,0,0,0,0,0,0,0,0,0,0,0,0,0,0,0,0,0,0,0,0,0,0,0,0,0,0,0,0,0,0,0,0,0,0,0,0,0,0,0,7,1972093,544991931,158588664,0,0,0,0,0,0,0,0,0,0,0,0,0,0,0,0,0,0,0,0,0,0,0,0,0,0,0,0,0,0,0,0,0,0,0,0,0,12879020032,5164908544,786073,315241,153529140,261,0,96,786432,542836647,811153,6,9613750972,12884901888,12069590,1489142777,0,0,0,0,0,0,0,0,0,0,0,0,0,0,0,0,0,0,52767422,152664072,0,468,1202,7661,620,105535875,35,0,0,0,0,0,0,0,1,0,0,0,0,0,0,0,0,0,0,63216377,0,153523624,2527798,0,0,0,0,0,0,0,0,16384,0,0,0,0,0,0,0,0,0,0,0,8440,455,0,0,0,0,0,160410340,0,181,0,3,455,8440,0,0,0,0,0,0,0,0,0,0,0,0,0,0,0,0,0,0,0,0,0,0,0,0,0,0,0,0,0,0,0,0,0,0,0,0,0,0,0,0,0,0,0,0,0,0,0,0,0,0,0,0,0,0,803155221,0,0,0,1079159436,0,0,0,0,0,0,0,203342737,542510321,968362804,441102452736,161612421,1,0,0,0,0,0,0,0,0,0,0,0,0,0,0,0,0,0,0,0,0,0,0,0,0,0,0,0,0,0,0,1231,0,0,0,0,0,0,0
1782980842.083,0,0,0,0,0,0,0,1950109712,8888262806016,3121710305792,0,0,0,0,0,0,0,0,0,0,0,0,0,0,0,0,0,0,0,0,0,0,0,0,0,0,0,0,0,0,0,0,0,0,0,0,0,0,0,0,0,0,0,0,0,0,0,0,0,0,0,0,0,0,0,0,0,0,7,1972109,545106822,158620071,0,0,0,0,0,0,0,0,0,0,0,0,0,0,0,0,0,0,0,0,0,0,0,0,0,0,0,0,0,0,0,0,0,0,0,0,0,12879953920,5169135616,786131,315499,153557783,206,0,96,786432,542951140,811153,6,9615382561,12884901888,12075465,1489347306,0,0,0,0,0,0,0,0,0,0,0,0,0,0,0,0,0,0,52777123,152673769,0,468,1202,7661,620,105555259,35,0,0,0,0,0,0,0,1,0,0,0,0,0,0,0,0,0,0,63227407,0,153552189,2528187,0,0,0,0,0,0,0,0,16384,0,0,0,0,0,0,0,0,0,0,0,8441,455,0,0,0,0,0,160439808,0,181,0,3,455,8441,0,0,0,0,0,0,0,0,0,0,0,0,0,0,0,0,0,0,0,0,0,0,0,0,0,0,0,0,0,0,0,0,0,0,0,0,0,0,0,0,0,0,0,0,0,0,0,0,0,0,0,0,0,0,803298198,0,0,0,1079323712,0,0,0,0,0,0,0,203362189,542624351,968540087,441176593408,161623756,0,1,0,0,0,0,0,0,0,0,0,0,0,0,0,0,0,0,0,0,0,0,0,0,0,0,0,0,0,0,0,1162,0,0,0,0,0,0,0
1782980843.173,0,0,0,0,0,0,0,1950437458,8890136119808,3122312090112,0,0,0,0,0,0,0,0,0,0,0,0,0,0,0,0,0,0,0,0,0,0,0,0,0,0,0,0,0,0,0,0,0,0,0,0,0,0,0,0,0,0,0,0,0,0,0,0,0,0,0,0,0,0,0,0,0,0,7,1972140,545221991,158651479,0,0,0,0,0,0,0,0,0,0,0,0,0,0,0,0,0,0,0,0,0,0,0,0,0,0,0,0,0,0,0,0,0,0,0,0,0,12881985536,5182259200,786254,316300,153586668,82,0,96,786432,543065871,811153,6,9617021682,12884901888,12080640,1489553525,0,0,0,0,0,0,0,0,0,0,0,0,0,0,0,0,0,0,52786876,152683523,0,468,1202,7661,620,105574771,35,0,0,0,0,0,0,0,1,0,0,0,0,0,0,0,0,0,0,63238494,0,153581074,2528591,0,0,0,0,0,0,0,0,16384,0,0,0,0,0,0,0,0,0,0,0,8442,455,0,0,0,0,0,160469418,0,181,0,3,455,8442,0,0,0,0,0,0,0,0,0,0,0,0,0,0,0,0,0,0,0,0,0,0,0,0,0,0,0,0,0,0,0,0,0,0,0,0,0,0,0,0,0,0,0,0,0,0,0,0,0,0,0,0,0,0,803441192,0,0,0,1079488963,0,0,0,0,0,0,0,203381538,542738665,968717001,441251076096,161634998,1,0,0,0,0,0,0,0,0,0,0,0,0,0,0,0,0,0,0,0,0,0,0,0,0,0,0,0,0,0,0,1019,0,0,0,0,0,0,0
1782980844.261,0,0,0,0,0,0,0,1950765044,8892012218880,3122912869888,0,0,0,0,0,0,0,0,0,0,0,0,0,0,0,0,0,0,0,0,0,0,0,0,0,0,0,0,0,0,0,0,0,0,0,0,0,0,0,0,0,0,0,0,0,0,0,0,0,0,0,0,0,0,0,0,0,0,7,1972171,545337405,158682928,0,0,0,0,0,0,0,0,0,0,0,0,0,0,0,0,0,0,0,0,0,0,0,0,0,0,0,0,0,0,0,0,0,0,0,0,0,12877742080,5193482240,785994,316986,153615797,339,0,99,786432,543180826,811153,6,9618661453,12884901888,12086280,1489760893,0,0,0,0,0,0,0,0,0,0,0,0,0,0,0,0,0,0,52796609,152693260,0,468,1202,7661,620,105594237,35,0,0,0,0,0,0,0,1,0,0,0,0,0,0,0,0,0,0,63249558,0,153610280,2528987,0,0,0,0,0,0,0,0,16384,0,0,0,0,0,0,0,0,0,0,0,8443,455,0,0,0,0,0,160499028,0,181,0,3,455,8443,0,0,0,0,0,0,0,0,0,0,0,0,0,0,0,0,0,0,0,0,0,0,0,0,0,0,0,0,0,0,0,0,0,0,0,0,0,0,0,0,0,0,0,0,0,0,0,0,0,0,0,0,0,0,803584477,0,0,0,1079654514,0,0,0,0,0,0,0,203399692,542853186,968894171,441325576704,161645537,1,0,0,0,0,0,0,0,0,0,0,0,0,0,0,0,0,0,0,0,0,0,0,0,0,0,0,0,0,0,0,301,0,0,0,0,0,0,0
1782980845.345,0,0,0,0,0,0,0,1951085948,8893855926784,3123512256512,0,0,0,0,0,0,0,0,0,0,0,0,0,0,0,0,0,0,0,0,0,0,0,0,0,0,0,0,0,0,0,0,0,0,0,0,0,0,0,0,0,0,0,0,0,0,0,0,0,0,0,0,0,0,0,0,0,0,7,1972194,545450803,158714445,0,0,0,0,0,0,0,0,0,0,0,0,0,0,0,0,0,0,0,0,0,0,0,0,0,0,0,0,0,0,0,0,0,0,0,0,0,12877807616,5190451200,786000,316800,153644327,335,0,97,786432,543293777,811153,6,9620266049,12884901888,12092310,1489961715,0,0,0,0,0,0,0,0,0,0,0,0,0,0,0,0,0,0,52806154,152702802,0,468,1202,7661,620,105613327,35,0,0,0,0,0,0,0,1,0,0,0,0,0,0,0,0,0,0,63260403,0,153638733,2529365,0,0,0,0,0,0,0,0,16384,0,0,0,0,0,0,0,0,0,0,0,8444,455,0,0,0,0,0,160528036,0,181,0,3,455,8444,0,0,0,0,0,0,0,0,0,0,0,0,0,0,0,0,0,0,0,0,0,0,0,0,0,0,0,0,0,0,0,0,0,0,0,0,0,0,0,0,0,0,0,0,0,0,0,0,0,0,0,0,0,0,803723044,0,0,0,1079815961,0,0,0,0,0,0,0,203418982,542965678,969067408,441397608448,161656559,1,1,0,0,0,0,0,0,0,0,0,0,0,0,0,0,0,0,0,0,0,0,0,0,0,0,0,0,0,0,0,441,0,0,0,0,0,0,0
1782980846.436,0,0,0,0,0,0,0,1951399593,8895660050944,3124092320768,0,0,0,0,0,0,0,0,0,0,0,0,0,0,0,0,0,0,0,0,0,0,0,0,0,0,0,0,0,0,0,0,0,0,0,0,0,0,0,0,0,0,0,0,0,0,0,0,0,0,0,0,0,0,0,0,0,0,7,1972220,545561678,158744771,0,0,0,0,0,0,0,0,0,0,0,0,0,0,0,0,0,0,0,0,0,0,0,0,0,0,0,0,0,0,0,0,0,0,0,0,0,12878594048,5200920576,786046,317439,153671605,288,0,97,786432,543404253,811153,6,9621832751,12884901888,12099807,1490157395,0,0,0,0,0,0,0,0,0,0,0,0,0,0,0,0,0,0,52815469,152712119,0,468,1202,7661,620,105631963,35,0,0,0,0,0,0,0,1,0,0,0,0,0,0,0,0,0,0,63270980,0,153666011,2529743,0,0,0,0,0,0,0,0,16384,0,0,0,0,0,0,0,0,0,0,0,8446,455,0,0,0,0,0,160556415,0,181,0,3,455,8446,0,0,0,0,0,0,0,0,0,0,0,0,0,0,0,0,0,0,0,0,0,0,0,0,0,0,0,0,0,0,0,0,0,0,0,0,0,0,0,0,0,0,0,0,0,0,0,0,0,0,0,0,0,0,803860769,0,0,0,1079973005,0,0,0,0,0,0,0,203438236,543075714,969238521,441469216768,161668034,1,0,0,0,0,0,0,0,0,0,0,0,0,0,0,0,0,0,0,0,0,0,0,0,0,0,0,0,0,0,0,1248,0,0,0,0,0,0,0
1782980847.520,0,0,0,0,0,0,0,1951716876,8897473595904,3124675296768,0,0,0,0,0,0,0,0,0,0,0,0,0,0,0,0,0,0,0,0,0,0,0,0,0,0,0,0,0,0,0,0,0,0,0,0,0,0,0,0,0,0,0,0,0,0,0,0,0,0,0,0,0,0,0,0,0,0,7,1972252,545673173,158775223,0,0,0,0,0,0,0,0,0,0,0,0,0,0,0,0,0,0,0,0,0,0,0,0,0,0,0,0,0,0,0,0,0,0,0,0,0,12881723392,5211258880,786237,318070,153699153,97,0,98,786432,543515351,811153,6,9623420306,12884901888,12106930,1490357282,0,0,0,0,0,0,0,0,0,0,0,0,0,0,0,0,0,0,52824911,152721562,0,468,1202,7661,620,105650842,35,0,0,0,0,0,0,0,1,0,0,0,0,0,0,0,0,0,0,63281715,0,153693559,2530105,0,0,0,0,0,0,0,0,16384,0,0,0,0,0,0,0,0,0,0,0,8447,455,0,0,0,0,0,160585093,0,181,0,3,455,8447,0,0,0,0,0,0,0,0,0,0,0,0,0,0,0,0,0,0,0,0,0,0,0,0,0,0,0,0,0,0,0,0,0,0,0,0,0,0,0,0,0,0,0,0,0,0,0,0,0,0,0,0,0,0,804002118,0,0,0,1080133128,0,0,0,0,0,0,0,203456436,543186314,969413283,441542553088,161678650,1,1,0,0,0,0,0,0,0,0,0,0,0,0,0,0,0,0,0,0,0,0,0,0,0,0,0,0,0,0,0,864,0,0,0,0,0,0,0
1782980848.604,0,0,0,0,0,0,0,1952028602,8899257371136,3125260418048,0,0,0,0,0,0,0,0,0,0,0,0,0,0,0,0,0,0,0,0,0,0,0,0,0,0,0,0,0,0,0,0,0,0,0,0,0,0,0,0,0,0,0,0,0,0,0,0,0,0,0,0,0,0,0,0,0,0,7,1972281,545782825,158805791,0,0,0,0,0,0,0,0,0,0,0,0,0,0,0,0,0,0,0,0,0,0,0,0,0,0,0,0,0,0,0,0,0,0,0,0,0,12883181568,5208244224,786328,317886,153725824,0,0,104,786432,543624615,811153,6,9624977289,12884901888,12115817,1490551870,0,0,0,0,0,0,0,0,0,0,0,0,0,0,0,0,0,0,52834170,152730823,0,468,1202,7661,620,105669357,35,0,0,0,0,0,0,0,1,0,0,0,0,0,0,0,0,0,0,63292245,0,153720486,2530458,0,0,0,0,0,0,0,0,16384,0,0,0,0,0,0,0,0,0,0,0,8448,455,0,0,0,0,0,160613251,0,181,0,3,455,8448,0,0,0,0,0,0,0,0,0,0,0,0,0,0,0,0,0,0,0,0,0,0,0,0,0,0,0,0,0,0,0,0,0,0,0,0,0,0,0,0,0,0,0,0,0,0,0,0,0,0,0,0,0,0,804139934,0,0,0,1080289539,0,0,0,0,0,0,0,203475073,543295133,969585296,441614194176,161689409,1,0,0,0,0,0,0,0,0,0,0,0,0,0,0,0,0,0,0,0,0,0,0,0,0,0,0,0,0,0,0,1277,0,0,0,0,0,0,0
1782980849.685,0,0,0,0,0,0,0,1952334575,8901008902656,3125852465664,0,0,0,0,0,0,0,0,0,0,0,0,0,0,0,0,0,0,0,0,0,0,0,0,0,0,0,0,0,0,0,0,0,0,0,0,0,0,0,0,0,0,0,0,0,0,0,0,0,0,0,0,0,0,0,0,0,0,7,1972307,545890425,158836807,0,0,0,0,0,0,0,0,0,0,0,0,0,0,0,0,0,0,0,0,0,0,0,0,0,0,0,0,0,0,0,0,0,0,0,0,0,12881674240,5190303744,786237,316791,153751417,99,0,96,786432,543731832,811153,6,9626506278,12884901888,12125242,1490743739,0,0,0,0,0,0,0,0,0,0,0,0,0,0,0,0,0,0,52843260,152739910,0,468,1202,7661,620,105687544,35,0,0,0,0,0,0,0,1,0,0,0,0,0,0,0,0,0,0,63302576,0,153747487,2530796,0,0,0,0,0,0,0,0,16384,0,0,0,0,0,0,0,0,0,0,0,8449,455,0,0,0,0,0,160640847,0,181,0,3,455,8449,0,0,0,0,0,0,0,0,0,0,0,0,0,0,0,0,0,0,0,0,0,0,0,0,0,0,0,0,0,0,0,0,0,0,0,0,0,0,0,0,0,0,0,0,0,0,0,0,0,0,0,0,0,0,804277019,0,0,0,1080443412,0,0,0,0,0,0,0,203493571,543401940,969757587,441685247488,161699816,1,0,0,0,0,0,0,0,0,0,0,0,0,0,0,0,0,0,0,0,0,0,0,0,0,0,0,0,0,0,0,1320,0,0,0,0,0,0,0
1782980850.766,0,0,0,0,0,0,0,1952645754,8902799395328,3126449869312,0,0,0,0,0,0,0,0,0,0,0,0,0,0,0,0,0,0,0,0,0,0,0,0,0,0,0,0,0,0,0,0,0,0,0,0,0,0,0,0,0,0,0,0,0,0,0,0,0,0,0,0,0,0,0,0,0,0,7,1972329,546000505,158868454,0,0,0,0,0,0,0,0,0,0,0,0,0,0,0,0,0,0,0,0,0,0,0,0,0,0,0,0,0,0,0,0,0,0,0,0,0,12883230720,5173460992,786331,315762,153778082,0,0,101,786432,543841526,811153,6,9628063501,12884901888,12133226,1490939801,0,0,0,0,0,0,0,0,0,0,0,0,0,0,0,0,0,0,52852517,152749164,0,468,1202,7661,620,105706058,35,0,0,0,0,0,0,0,1,0,0,0,0,0,0,0,0,0,0,63313077,0,153775706,2531158,0,0,0,0,0,0,0,0,16384,0,0,0,0,0,0,0,0,0,0,0,8450,455,0,0,0,0,0,160668950,0,181,0,3,455,8450,0,0,0,0,0,0,0,0,0,0,0,0,0,0,0,0,0,0,0,0,0,0,0,0,0,0,0,0,0,0,0,0,0,0,0,0,0,0,0,0,0,0,0,0,0,0,0,0,0,0,0,0,0,0,804416159,0,0,0,1080600329,0,0,0,0,0,0,0,203511750,543511181,969931675,441757240320,161710453,1,0,0,0,0,0,0,0,0,0,0,0,0,0,0,0,0,0,0,0,0,0,0,0,0,0,0,0,0,0,0,952,0,0,0,0,0,0,0
1782980851.844,0,0,0,0,0,0,0,1952944224,8904502954496,3127019778560,0,0,0,0,0,0,0,0,0,0,0,0,0,0,0,0,0,0,0,0,0,0,0,0,0,0,0,0,0,0,0,0,0,0,0,0,0,0,0,0,0,0,0,0,0,0,0,0,0,0,0,0,0,0,0,0,0,0,7,1972351,546105253,158898367,0,0,0,0,0,0,0,0,0,0,0,0,0,0,0,0,0,0,0,0,0,0,0,0,0,0,0,0,0,0,0,0,0,0,0,0,0,12883132416,5159272448,786325,314897,153802374,0,0,107,786432,543945902,811153,6,9629552910,12884901888,12143828,1491126490,0,0,0,0,0,0,0,0,0,0,0,0,0,0,0,0,0,0,52861366,152758019,0,468,1202,7661,620,105723760,35,0,0,0,0,0,0,0,1,0,0,0,0,0,0,0,0,0,0,63323134,0,153801004,2531469,0,0,0,0,0,0,0,0,16384,0,0,0,0,0,0,0,0,0,0,0,8451,455,0,0,0,0,0,160695857,0,181,0,3,455,8451,0,0,0,0,0,0,0,0,0,0,0,0,0,0,0,0,0,0,0,0,0,0,0,0,0,0,0,0,0,0,0,0,0,0,0,0,0,0,0,0,0,0,0,0,0,0,0,0,0,0,0,0,0,0,804550627,0,0,0,1080750331,0,0,0,0,0,0,0,203531091,543615126,970100679,441826929664,161721676,1,1,0,0,0,0,0,0,0,0,0,0,0,0,0,0,0,0,0,0,0,0,0,0,0,0,0,0,0,0,0,1049,0,0,0,0,0,0,0
1782980852.926,0,0,0,0,0,0,0,1953242771,8906214902272,3127579048448,0,0,0,0,0,0,0,0,0,0,0,0,0,0,0,0,0,0,0,0,0,0,0,0,0,0,0,0,0,0,0,0,0,0,0,0,0,0,0,0,0,0,0,0,0,0,0,0,0,0,0,0,0,0,0,0,0,0,7,1972386,546210533,158927661,0,0,0,0,0,0,0,0,0,0,0,0,0,0,0,0,0,0,0,0,0,0,0,0,0,0,0,0,0,0,0,0,0,0,0,0,0,12877168640,5158748160,785960,314865,153831798,374,0,98,786432,544050826,811153,6,9631045637,12884901888,12155100,1491314377,0,0,0,0,0,0,0,0,0,0,0,0,0,0,0,0,0,0,52870236,152766889,0,468,1202,7661,620,105741501,35,0,0,0,0,0,0,0,1,0,0,0,0,0,0,0,0,0,0,63333210,0,153826204,2531791,0,0,0,0,0,0,0,0,16384,0,0,0,0,0,0,0,0,0,0,0,8452,455,0,0,0,0,0,160722839,0,181,0,3,455,8452,0,0,0,0,0,0,0,0,0,0,0,0,0,0,0,0,0,0,0,0,0,0,0,0,0,0,0,0,0,0,0,0,0,0,0,0,0,0,0,0,0,0,0,0,0,0,0,0,0,0,0,0,0,0,804683460,0,0,0,1080900638,0,0,0,0,0,0,0,203550956,543719659,970267183,441895961600,161733211,1,0,0,0,0,0,0,0,0,0,0,0,0,0,0,0,0,0,0,0,0,0,0,0,0,0,0,0,0,0,0,942,0,0,0,0,0,0,0
1782980854.010,0,0,0,0,0,0,0,1953561777,8908047862272,3128166866432,0,0,0,0,0,0,0,0,0,0,0,0,0,0,0,0,0,0,0,0,0,0,0,0,0,0,0,0,0,0,0,0,0,0,0,0,0,0,0,0,0,0,0,0,0,0,0,0,0,0,0,0,0,0,0,0,0,0,7,1972416,546323230,158958421,0,0,0,0,0,0,0,0,0,0,0,0,0,0,0,0,0,0,0,0,0,0,0,0,0,0,0,0,0,0,0,0,0,0,0,0,0,12882247680,5167808512,786271,315418,153859780,66,0,97,786432,544163063,811153,6,9632642172,12884901888,12161995,1491515127,0,0,0,0,0,0,0,0,0,0,0,0,0,0,0,0,0,0,52879717,152776370,0,468,1202,7661,620,105760458,35,0,0,0,0,0,0,0,1,0,0,0,0,0,0,0,0,0,0,63344001,0,153854186,2532163,0,0,0,0,0,0,0,0,16384,0,0,0,0,0,0,0,0,0,0,0,8453,455,0,0,0,0,0,160751671,0,181,0,3,455,8453,0,0,0,0,0,0,0,0,0,0,0,0,0,0,0,0,0,0,0,0,0,0,0,0,0,0,0,0,0,0,0,0,0,0,0,0,0,0,0,0,0,0,0,0,0,0,0,0,0,0,0,0,0,0,804823830,0,0,0,1081061305,0,0,0,0,0,0,0,203569249,543831442,970441162,441968828416,161743969,1,0,0,0,0,0,0,0,0,0,0,0,0,0,0,0,0,0,0,0,0,0,0,0,0,0,0,0,0,0,0,787,0,0,0,0,0,0,0
1782980855.094,0,0,0,0,0,0,0,1953865003,8909784451584,3128731038208,0,0,0,0,0,0,0,0,0,0,0,0,0,0,0,0,0,0,0,0,0,0,0,0,0,0,0,0,0,0,0,0,0,0,0,0,0,0,0,0,0,0,0,0,0,0,0,0,0,0,0,0,0,0,0,0,0,0,7,1972443,546430105,158987940,0,0,0,0,0,0,0,0,0,0,0,0,0,0,0,0,0,0,0,0,0,0,0,0,0,0,0,0,0,0,0,0,0,0,0,0,0,12881215488,5169299456,786205,315509,153885132,119,0,108,786432,544269540,811153,6,9634156275,12884901888,12173174,1491704241,0,0,0,0,0,0,0,0,0,0,0,0,0,0,0,0,0,0,52888715,152785367,0,468,1202,7661,620,105778459,35,0,0,0,0,0,0,0,1,0,0,0,0,0,0,0,0,0,0,63354222,0,153879538,2532501,0,0,0,0,0,0,0,0,16384,0,0,0,0,0,0,0,0,0,0,0,8454,455,0,0,0,0,0,160779028,0,181,0,3,455,8454,0,0,0,0,0,0,0,0,0,0,0,0,0,0,0,0,0,0,0,0,0,0,0,0,0,0,0,0,0,0,0,0,0,0,0,0,0,0,0,0,0,0,0,0,0,0,0,0,0,0,0,0,0,0,804957616,0,0,0,1081213389,0,0,0,0,0,0,0,203590011,543937471,970608652,442038390272,161756295,1,0,0,0,0,0,0,0,0,0,0,0,0,0,0,0,0,0,0,0,0,0,0,0,0,0,0,0,0,0,0,1269,0,0,0,0,0,0,0
1782980856.179,0,0,0,0,0,0,0,1954181174,8911599454720,3129318727168,0,0,0,0,0,0,0,0,0,0,0,0,0,0,0,0,0,0,0,0,0,0,0,0,0,0,0,0,0,0,0,0,0,0,0,0,0,0,0,0,0,0,0,0,0,0,0,0,0,0,0,0,0,0,0,0,0,0,7,1972471,546541709,159018802,0,0,0,0,0,0,0,0,0,0,0,0,0,0,0,0,0,0,0,0,0,0,0,0,0,0,0,0,0,0,0,0,0,0,0,0,0,12877168640,5171412992,785960,315638,153912999,374,0,96,786432,544380752,811153,6,9635739405,12884901888,12180334,1491905243,0,0,0,0,0,0,0,0,0,0,0,0,0,0,0,0,0,0,52898130,152794782,0,468,1202,7661,620,105797281,35,0,0,0,0,0,0,0,1,0,0,0,0,0,0,0,0,0,0,63364932,0,153907468,2532871,0,0,0,0,0,0,0,0,16384,0,0,0,0,0,0,0,0,0,0,0,8455,455,0,0,0,0,0,160807579,0,181,0,3,455,8455,0,0,0,0,0,0,0,0,0,0,0,0,0,0,0,0,0,0,0,0,0,0,0,0,0,0,0,0,0,0,0,0,0,0,0,0,0,0,0,0,0,0,0,0,0,0,0,0,0,0,0,0,0,0,805093931,0,0,0,1081373560,0,0,0,0,0,0,0,203608573,544048217,970778891,442109505024,161767130,1,0,0,0,0,0,0,0,0,0,0,0,0,0,0,0,0,0,0,0,0,0,0,0,0,0,0,0,0,0,0,343,0,0,0,0,0,0,0
1782980857.263,0,0,0,0,0,0,0,1954506051,8913457547776,3129915331072,0,0,0,0,0,0,0,0,0,0,0,0,0,0,0,0,0,0,0,0,0,0,0,0,0,0,0,0,0,0,0,0,0,0,0,0,0,0,0,0,0,0,0,0,0,0,0,0,0,0,0,0,0,0,0,0,0,0,7,1972494,546656002,159049996,0,0,0,0,0,0,0,0,0,0,0,0,0,0,0,0,0,0,0,0,0,0,0,0,0,0,0,0,0,0,0,0,0,0,0,0,0,12879708160,5180424192,786115,316188,153941018,219,0,96,786432,544494627,811153,6,9637361134,12884901888,12188959,1492106905,0,0,0,0,0,0,0,0,0,0,0,0,0,0,0,0,0,0,52907777,152804431,0,468,1202,7661,620,105816583,35,0,0,0,0,0,0,0,1,0,0,0,0,0,0,0,0,0,0,63375892,0,153935424,2533255,0,0,0,0,0,0,0,0,16384,0,0,0,0,0,0,0,0,0,0,0,8456,455,0,0,0,0,0,160836889,0,181,0,3,455,8456,0,0,0,0,0,0,0,0,0,0,0,0,0,0,0,0,0,0,0,0,0,0,0,0,0,0,0,0,0,0,0,0,0,0,0,0,0,0,0,0,0,0,0,0,0,0,0,0,0,0,0,0,0,0,805236229,0,0,0,1081536281,0,0,0,0,0,0,0,203628137,544161641,970955661,442183412224,161778207,1,1,0,0,0,0,0,0,0,0,0,0,0,0,0,0,0,0,0,0,0,0,0,0,0,0,0,0,0,0,0,1028,0,0,0,0,0,0,0
1782980858.355,0,0,0,0,0,0,0,1954835419,8915354176000,3130524969472,0,0,0,0,0,0,0,0,0,0,0,0,0,0,0,0,0,0,0,0,0,0,0,0,0,0,0,0,0,0,0,0,0,0,0,0,0,0,0,0,0,0,0,0,0,0,0,0,0,0,0,0,0,0,0,0,0,0,7,1972519,546772628,159081893,0,0,0,0,0,0,0,0,0,0,0,0,0,0,0,0,0,0,0,0,0,0,0,0,0,0,0,0,0,0,0,0,0,0,0,0,0,12878643200,5189861376,786049,316764,153970465,274,0,109,786432,544610807,811153,6,9639009999,12884901888,12195445,1492314701,0,0,0,0,0,0,0,0,0,0,0,0,0,0,0,0,0,0,52917580,152814233,0,468,1202,7661,620,105836184,35,0,0,0,0,0,0,0,1,0,0,0,0,0,0,0,0,0,0,63387052,0,153964871,2533649,0,0,0,0,0,0,0,0,16384,0,0,0,0,0,0,0,0,0,0,0,8457,455,0,0,0,0,0,160866696,0,181,0,3,455,8457,0,0,0,0,0,0,0,0,0,0,0,0,0,0,0,0,0,0,0,0,0,0,0,0,0,0,0,0,0,0,0,0,0,0,0,0,0,0,0,0,0,0,0,0,0,0,0,0,0,0,0,0,0,0,805380787,0,0,0,1081702643,0,0,0,0,0,0,0,203645989,544277385,971134690,442258585088,161788576,1,0,0,0,0,0,0,0,0,0,0,0,0,0,0,0,0,0,0,0,0,0,0,0,0,0,0,0,0,0,0,566,0,0,0,0,0,0,0
1782980859.445,0,0,0,0,0,0,0,1955158122,8917209025024,3131121315328,0,0,0,0,0,0,0,0,0,0,0,0,0,0,0,0,0,0,0,0,0,0,0,0,0,0,0,0,0,0,0,0,0,0,0,0,0,0,0,0,0,0,0,0,0,0,0,0,0,0,0,0,0,0,0,0,0,0,7,1972544,546886686,159113105,0,0,0,0,0,0,0,0,0,0,0,0,0,0,0,0,0,0,0,0,0,0,0,0,0,0,0,0,0,0,0,0,0,0,0,0,0,12883132416,5196087296,786324,317144,153998978,0,0,108,786432,544724427,811153,6,9640622543,12884901888,12201301,1492515425,0,0,0,0,0,0,0,0,0,0,0,0,0,0,0,0,0,0,52927171,152823819,0,468,1202,7661,620,105855373,35,0,0,0,0,0,0,0,1,0,0,0,0,0,0,0,0,0,0,63397943,0,153993384,2534028,0,0,0,0,0,0,0,0,16384,0,0,0,0,0,0,0,0,0,0,0,8459,455,0,0,0,0,0,160895832,0,181,0,3,455,8459,0,0,0,0,0,0,0,0,0,0,0,0,0,0,0,0,0,0,0,0,0,0,0,0,0,0,0,0,0,0,0,0,0,0,0,0,0,0,0,0,0,0,0,0,0,0,0,0,0,0,0,0,0,0,805522784,0,0,0,1081864161,0,0,0,0,0,0,0,203663605,544390554,971310666,442332441600,161798730,0,0,0,0,0,0,0,0,0,0,0,0,0,0,0,0,0,0,0,0,0,0,0,0,0,0,0,0,0,0,0,1417,0,0,0,0,0,0,0
1782980860.529,0,0,0,0,0,0,0,1955466903,8918984804864,3131699906560,0,0,0,0,0,0,0,0,0,0,0,0,0,0,0,0,0,0,0,0,0,0,0,0,0,0,0,0,0,0,0,0,0,0,0,0,0,0,0,0,0,0,0,0,0,0,0,0,0,0,0,0,0,0,0,0,0,0,7,1972568,546995910,159143427,0,0,0,0,0,0,0,0,0,0,0,0,0,0,0,0,0,0,0,0,0,0,0,0,0,0,0,0,0,0,0,0,0,0,0,0,0,12878315520,5193564160,786030,316990,154025158,285,0,117,786432,544833271,811153,6,9642166212,12884901888,12210866,1492708810,0,0,0,0,0,0,0,0,0,0,0,0,0,0,0,0,0,0,52936346,152832998,0,468,1202,7661,620,105873720,35,0,0,0,0,0,0,0,1,0,0,0,0,0,0,0,0,0,0,63408364,0,154019564,2534368,0,0,0,0,0,0,0,0,16384,0,0,0,0,0,0,0,0,0,0,0,8460,455,0,0,0,0,0,160923748,0,181,0,3,455,8460,0,0,0,0,0,0,0,0,0,0,0,0,0,0,0,0,0,0,0,0,0,0,0,0,0,0,0,0,0,0,0,0,0,0,0,0,0,0,0,0,0,0,0,0,0,0,0,0,0,0,0,0,0,0,805660477,0,0,0,1082019389,0,0,0,0,0,0,0,203683397,544498855,971482822,442403788800,161810129,1,0,0,0,0,0,0,0,0,0,0,0,0,0,0,0,0,0,0,0,0,0,0,0,0,0,0,0,0,0,0,1584,0,0,0,0,0,0,0
1782980861.617,0,0,0,0,0,0,0,1955773202,8920744315392,3132284360192,0,0,0,0,0,0,0,0,0,0,0,0,0,0,0,0,0,0,0,0,0,0,0,0,0,0,0,0,0,0,0,0,0,0,0,0,0,0,0,0,0,0,0,0,0,0,0,0,0,0,0,0,0,0,0,0,0,0,7,1972599,547104009,159173900,0,0,0,0,0,0,0,0,0,0,0,0,0,0,0,0,0,0,0,0,0,0,0,0,0,0,0,0,0,0,0,0,0,0,0,0,0,12881281024,5187289088,786212,316607,154051139,122,0,96,786432,544940956,811153,6,9643697680,12884901888,12219742,1492901294,0,0,0,0,0,0,0,0,0,0,0,0,0,0,0,0,0,0,52945441,152842094,0,468,1202,7661,620,105891908,35,0,0,0,0,0,0,0,1,0,0,0,0,0,0,0,0,0,0,63418702,0,154046057,2534723,0,0,0,0,0,0,0,0,16384,0,0,0,0,0,0,0,0,0,0,0,8461,455,0,0,0,0,0,160951359,0,181,0,3,455,8461,0,0,0,0,0,0,0,0,0,0,0,0,0,0,0,0,0,0,0,0,0,0,0,0,0,0,0,0,0,0,0,0,0,0,0,0,0,0,0,0,0,0,0,0,0,0,0,0,0,0,0,0,0,0,805797019,0,0,0,1082173470,0,0,0,0,0,0,0,203702936,544606207,971653776,442474704384,161821553,1,0,0,0,0,0,0,0,0,0,0,0,0,0,0,0,0,0,0,0,0,0,0,0,0,0,0,0,0,0,0,1569,0,0,0,0,0,0,0
1782980862.698,0,0,0,0,0,0,0,1956079803,8922500991488,3132873559040,0,0,0,0,0,0,0,0,0,0,0,0,0,0,0,0,0,0,0,0,0,0,0,0,0,0,0,0,0,0,0,0,0,0,0,0,0,0,0,0,0,0,0,0,0,0,0,0,0,0,0,0,0,0,0,0,0,0,7,1972629,547212037,159205026,0,0,0,0,0,0,0,0,0,0,0,0,0,0,0,0,0,0,0,0,0,0,0,0,0,0,0,0,0,0,0,0,0,0,0,0,0,12881199104,5167382528,786207,315392,154076820,130,0,96,786432,545048608,811153,6,9645230640,12884901888,12229681,1493093770,0,0,0,0,0,0,0,0,0,0,0,0,0,0,0,0,0,0,52954577,152851230,0,468,1202,7661,620,105910178,35,0,0,0,0,0,0,0,1,0,0,0,0,0,0,0,0,0,0,63429074,0,154073146,2535072,0,0,0,0,0,0,0,0,16384,0,0,0,0,0,0,0,0,0,0,0,8462,455,0,0,0,0,0,160979143,0,181,0,3,455,8462,0,0,0,0,0,0,0,0,0,0,0,0,0,0,0,0,0,0,0,0,0,0,0,0,0,0,0,0,0,0,0,0,0,0,0,0,0,0,0,0,0,0,0,0,0,0,0,0,0,0,0,0,0,0,805933115,0,0,0,1082327814,0,0,0,0,0,0,0,203722361,544713435,971825039,442545308672,161832595,1,0,0,0,0,0,0,0,0,0,0,0,0,0,0,0,0,0,0,0,0,0,0,0,0,0,0,0,0,0,0,1631,0,0,0,0,0,0,0
1782980863.778,0,0,0,0,0,0,0,1956384777,8924242987520,3133462766080,0,0,0,0,0,0,0,0,0,0,0,0,0,0,0,0,0,0,0,0,0,0,0,0,0,0,0,0,0,0,0,0,0,0,0,0,0,0,0,0,0,0,0,0,0,0,0,0,0,0,0,0,0,0,0,0,0,0,7,1972661,547319123,159235943,0,0,0,0,0,0,0,0,0,0,0,0,0,0,0,0,0,0,0,0,0,0,0,0,0,0,0,0,0,0,0,0,0,0,0,0,0,12883329024,5148950528,786335,314267,154102157,0,0,97,786432,545155294,811153,6,9646755328,12884901888,12240456,1493286419,0,0,0,0,0,0,0,0,0,0,0,0,0,0,0,0,0,0,52963616,152860267,0,468,1202,7661,620,105928261,35,0,0,0,0,0,0,0,1,0,0,0,0,0,0,0,0,0,0,63439336,0,154099891,2535414,0,0,0,0,0,0,0,0,16384,0,0,0,0,0,0,0,0,0,0,0,8463,455,0,0,0,0,0,161006627,0,181,0,3,455,8463,0,0,0,0,0,0,0,0,0,0,0,0,0,0,0,0,0,0,0,0,0,0,0,0,0,0,0,0,0,0,0,0,0,0,0,0,0,0,0,0,0,0,0,0,0,0,0,0,0,0,0,0,0,0,806068863,0,0,0,1082481566,0,0,0,0,0,0,0,203742418,544819658,971995786,442615867904,161844162,1,0,0,0,0,0,0,0,0,0,0,0,0,0,0,0,0,0,0,0,0,0,0,0,0,0,0,0,0,0,0,1232,0,0,0,0,0,0,0
1782980864.857,0,0,0,0,0,0,0,1956696553,8926029072896,3134052871680,0,0,0,0,0,0,0,0,0,0,0,0,0,0,0,0,0,0,0,0,0,0,0,0,0,0,0,0,0,0,0,0,0,0,0,0,0,0,0,0,0,0,0,0,0,0,0,0,0,0,0,0,0,0,0,0,0,0,7,1972685,547429014,159267112,0,0,0,0,0,0,0,0,0,0,0,0,0,0,0,0,0,0,0,0,0,0,0,0,0,0,0,0,0,0,0,0,0,0,0,0,0,12878299136,5136891904,786030,313532,154133366,287,0,116,786432,545264751,811153,6,9648315707,12884901888,12248583,1493483173,0,0,0,0,0,0,0,0,0,0,0,0,0,0,0,0,0,0,52972889,152869542,0,468,1202,7661,620,105946798,35,0,0,0,0,0,0,0,1,0,0,0,0,0,0,0,0,0,0,63449889,0,154127772,2535770,0,0,0,0,0,0,0,0,16384,0,0,0,0,0,0,0,0,0,0,0,8464,455,0,0,0,0,0,161034821,0,181,0,3,455,8464,0,0,0,0,0,0,0,0,0,0,0,0,0,0,0,0,0,0,0,0,0,0,0,0,0,0,0,0,0,0,0,0,0,0,0,0,0,0,0,0,0,0,0,0,0,0,0,0,0,0,0,0,0,0,806207749,0,0,0,1082638947,0,0,0,0,0,0,0,203761797,544928636,972169427,442687985664,161855493,1,0,0,0,0,0,0,0,0,0,0,0,0,0,0,0,0,0,0,0,0,0,0,0,0,0,0,0,0,0,0,699,0,0,0,0,0,0,0
1782980865.941,0,0,0,0,0,0,0,1957001793,8927777606144,3134618358784,0,0,0,0,0,0,0,0,0,0,0,0,0,0,0,0,0,0,0,0,0,0,0,0,0,0,0,0,0,0,0,0,0,0,0,0,0,0,0,0,0,0,0,0,0,0,0,0,0,0,0,0,0,0,0,0,0,0,7,1972713,547536465,159296656,0,0,0,0,0,0,0,0,0,0,0,0,0,0,0,0,0,0,0,0,0,0,0,0,0,0,0,0,0,0,0,0,0,0,0,0,0,12881018880,5144428544,786195,313991,154159444,143,0,96,786432,545371831,811153,6,9649840418,12884901888,12257882,1493674558,0,0,0,0,0,0,0,0,0,0,0,0,0,0,0,0,0,0,52981943,152878592,0,468,1202,7661,620,105964924,35,0,0,0,0,0,0,0,1,0,0,0,0,0,0,0,0,0,0,63460166,0,154153850,2536126,0,0,0,0,0,0,0,0,16384,0,0,0,0,0,0,0,0,0,0,0,8465,455,0,0,0,0,0,161062343,0,181,0,3,455,8465,0,0,0,0,0,0,0,0,0,0,0,0,0,0,0,0,0,0,0,0,0,0,0,0,0,0,0,0,0,0,0,0,0,0,0,0,0,0,0,0,0,0,0,0,0,0,0,0,0,0,0,0,0,0,806342203,0,0,0,1082792302,0,0,0,0,0,0,0,203781570,545035365,972336868,442757935104,161867453,1,0,0,0,0,0,0,0,0,0,0,0,0,0,0,0,0,0,0,0,0,0,0,0,0,0,0,0,0,0,0,842,0,0,0,0,0,0,0
1782980867.027,0,0,0,0,0,0,0,1957324710,8929623017984,3135209924096,0,0,0,0,0,0,0,0,0,0,0,0,0,0,0,0,0,0,0,0,0,0,0,0,0,0,0,0,0,0,0,0,0,0,0,0,0,0,0,0,0,0,0,0,0,0,0,0,0,0,0,0,0,0,0,0,0,0,7,1972743,547649961,159327723,0,0,0,0,0,0,0,0,0,0,0,0,0,0,0,0,0,0,0,0,0,0,0,0,0,0,0,0,0,0,0,0,0,0,0,0,0,12879036416,5152489472,786072,314483,154187967,257,0,100,786432,545484891,811153,6,9651454665,12884901888,12263839,1493877518,0,0,0,0,0,0,0,0,0,0,0,0,0,0,0,0,0,0,52991544,152888195,0,468,1202,7661,620,105984109,35,0,0,0,0,0,0,0,1,0,0,0,0,0,0,0,0,0,0,63471092,0,154182373,2536507,0,0,0,0,0,0,0,0,16384,0,0,0,0,0,0,0,0,0,0,0,8466,455,0,0,0,0,0,161091541,0,181,0,3,455,8466,0,0,0,0,0,0,0,0,0,0,0,0,0,0,0,0,0,0,0,0,0,0,0,0,0,0,0,0,0,0,0,0,0,0,0,0,0,0,0,0,0,0,0,0,0,0,0,0,0,0,0,0,0,0,806482733,0,0,0,1082954988,0,0,0,0,0,0,0,203799194,545147935,972511137,442830922240,161877505,1,0,0,0,0,0,0,0,0,0,0,0,0,0,0,0,0,0,0,0,0,0,0,0,0,0,0,0,0,0,0,647,0,0,0,0,0,0,0
1782980868.114,0,0,0,0,0,0,0,1957630123,8931373648384,3135783276544,0,0,0,0,0,0,0,0,0,0,0,0,0,0,0,0,0,0,0,0,0,0,0,0,0,0,0,0,0,0,0,0,0,0,0,0,0,0,0,0,0,0,0,0,0,0,0,0,0,0,0,0,0,0,0,0,0,0,7,1972771,547757611,159357685,0,0,0,0,0,0,0,0,0,0,0,0,0,0,0,0,0,0,0,0,0,0,0,0,0,0,0,0,0,0,0,0,0,0,0,0,0,12876283904,5149917184,785906,314326,154214496,429,0,98,786432,545592104,811153,6,9652979745,12884901888,12273073,1494068930,0,0,0,0,0,0,0,0,0,0,0,0,0,0,0,0,0,0,53000614,152897265,0,468,1202,7661,620,106002249,35,0,0,0,0,0,0,0,1,0,0,0,0,0,0,0,0,0,0,63481402,0,154208902,2536848,0,0,0,0,0,0,0,0,16384,0,0,0,0,0,0,0,0,0,0,0,8467,455,0,0,0,0,0,161119108,0,181,0,3,455,8467,0,0,0,0,0,0,0,0,0,0,0,0,0,0,0,0,0,0,0,0,0,0,0,0,0,0,0,0,0,0,0,0,0,0,0,0,0,0,0,0,0,0,0,0,0,0,0,0,0,0,0,0,0,0,806620751,0,0,0,1083108473,0,0,0,0,0,0,0,203816067,545254823,972682597,442902515712,161886732,1,0,0,0,0,0,0,0,0,0,0,0,0,0,0,0,0,0,0,0,0,0,0,0,0,0,0,0,0,0,0,745,0,0,0,0,0,0,0
1782980869.201,0,0,0,0,0,0,0,1957943969,8933169089024,3136363357184,0,0,0,0,0,0,0,0,0,0,0,0,0,0,0,0,0,0,0,0,0,0,0,0,0,0,0,0,0,0,0,0,0,0,0,0,0,0,0,0,0,0,0,0,0,0,0,0,0,0,0,0,0,0,0,0,0,0,7,1972794,547867990,159387970,0,0,0,0,0,0,0,0,0,0,0,0,0,0,0,0,0,0,0,0,0,0,0,0,0,0,0,0,0,0,0,0,0,0,0,0,0,12876627968,5159567360,785927,314915,154241938,408,0,96,786432,545702088,811153,6,9654545868,12884901888,12278902,1494264578,0,0,0,0,0,0,0,0,0,0,0,0,0,0,0,0,0,0,53009934,152906588,0,468,1202,7661,620,106020885,35,0,0,0,0,0,0,0,1,0,0,0,0,0,0,0,0,0,0,63491996,0,154236344,2537205,0,0,0,0,0,0,0,0,16384,0,0,0,0,0,0,0,0,0,0,0,8468,455,0,0,0,0,0,161147425,0,181,0,3,455,8468,0,0,0,0,0,0,0,0,0,0,0,0,0,0,0,0,0,0,0,0,0,0,0,0,0,0,0,0,0,0,0,0,0,0,0,0,0,0,0,0,0,0,0,0,0,0,0,0,0,0,0,0,0,0,806761540,0,0,0,1083265811,0,0,0,0,0,0,0,203832701,545364418,972856555,442975453184,161896051,1,0,0,0,0,0,0,0,0,0,0,0,0,0,0,0,0,0,0,0,0,0,0,0,0,0,0,0,0,0,0,1151,0,0,0,0,0,0,0
1782980870.286,0,0,0,0,0,0,0,1958255865,8934949865984,3136940506112,0,0,0,0,0,0,0,0,0,0,0,0,0,0,0,0,0,0,0,0,0,0,0,0,0,0,0,0,0,0,0,0,0,0,0,0,0,0,0,0,0,0,0,0,0,0,0,0,0,0,0,0,0,0,0,0,0,0,7,1972813,547977526,159418112,0,0,0,0,0,0,0,0,0,0,0,0,0,0,0,0,0,0,0,0,0,0,0,0,0,0,0,0,0,0,0,0,0,0,0,0,0,12877676544,5164761088,785990,315232,154269577,345,0,97,786432,545811209,811153,6,9656105793,12884901888,12284567,1494461164,0,0,0,0,0,0,0,0,0,0,0,0,0,0,0,0,0,0,53019188,152915841,0,468,1202,7661,620,106039411,35,0,0,0,0,0,0,0,1,0,0,0,0,0,0,0,0,0,0,63502526,0,154264067,2537568,0,0,0,0,0,0,0,0,16384,0,0,0,0,0,0,0,0,0,0,0,8469,455,0,0,0,0,0,161175569,0,181,0,3,455,8469,0,0,0,0,0,0,0,0,0,0,0,0,0,0,0,0,0,0,0,0,0,0,0,0,0,0,0,0,0,0,0,0,0,0,0,0,0,0,0,0,0,0,0,0,0,0,0,0,0,0,0,0,0,0,806901531,0,0,0,1083423074,0,0,0,0,0,0,0,203849337,545473124,973029218,443047953408,161905699,1,0,0,0,0,0,0,0,0,0,0,0,0,0,0,0,0,0,0,0,0,0,0,0,0,0,0,0,0,0,0,678,0,0,0,0,0,0,0
1782980871.371,0,0,0,0,0,0,0,1958573094,8936773700096,3137530232832,0,0,0,0,0,0,0,0,0,0,0,0,0,0,0,0,0,0,0,0,0,0,0,0,0,0,0,0,0,0,0,0,0,0,0,0,0,0,0,0,0,0,0,0,0,0,0,0,0,0,0,0,0,0,0,0,0,0,7,1972835,548089670,159448942,0,0,0,0,0,0,0,0,0,0,0,0,0,0,0,0,0,0,0,0,0,0,0,0,0,0,0,0,0,0,0,0,0,0,0,0,0,12880412672,5170053120,786158,315555,154298149,180,0,97,786432,545922931,811153,6,9657693765,12884901888,12289554,1494660478,0,0,0,0,0,0,0,0,0,0,0,0,0,0,0,0,0,0,53028632,152925284,0,468,1202,7661,620,106058290,35,0,0,0,0,0,0,0,1,0,0,0,0,0,0,0,0,0,0,63513269,0,154292555,2537937,0,0,0,0,0,0,0,0,16384,0,0,0,0,0,0,0,0,0,0,0,8470,455,0,0,0,0,0,161204275,0,181,0,3,455,8470,0,0,0,0,0,0,0,0,0,0,0,0,0,0,0,0,0,0,0,0,0,0,0,0,0,0,0,0,0,0,0,0,0,0,0,0,0,0,0,0,0,0,0,0,0,0,0,0,0,0,0,0,0,0,807043269,0,0,0,1083582959,0,0,0,0,0,0,0,203865026,545584423,973204189,443121414656,161914692,1,0,0,0,0,0,0,0,0,0,0,0,0,0,0,0,0,0,0,0,0,0,0,0,0,0,0,0,0,0,0,516,0,0,0,0,0,0,0
1782980872.457,0,0,0,0,0,0,0,1958888787,8938580560384,3138118109696,0,0,0,0,0,0,0,0,0,0,0,0,0,0,0,0,0,0,0,0,0,0,0,0,0,0,0,0,0,0,0,0,0,0,0,0,0,0,0,0,0,0,0,0,0,0,0,0,0,0,0,0,0,0,0,0,0,0,7,1972857,548200695,159479586,0,0,0,0,0,0,0,0,0,0,0,0,0,0,0,0,0,0,0,0,0,0,0,0,0,0,0,0,0,0,0,0,0,0,0,0,0,12877234176,5173870592,785964,315787,154326070,371,0,96,786432,546033555,811153,6,9659269688,12884901888,12295378,1494857114,0,0,0,0,0,0,0,0,0,0,0,0,0,0,0,0,0,0,53038007,152934662,0,468,1202,7661,620,106077041,35,0,0,0,0,0,0,0,1,0,0,0,0,0,0,0,0,0,0,63523929,0,154320476,2538306,0,0,0,0,0,0,0,0,16384,0,0,0,0,0,0,0,0,0,0,0,8472,455,0,0,0,0,0,161232818,0,181,0,3,455,8472,0,0,0,0,0,0,0,0,0,0,0,0,0,0,0,0,0,0,0,0,0,0,0,0,0,0,0,0,0,0,0,0,0,0,0,0,0,0,0,0,0,0,0,0,0,0,0,0,0,0,0,0,0,0,807184885,0,0,0,1083741087,0,0,0,0,0,0,0,203881148,545694650,973379272,443194980352,161923457,1,0,0,0,0,0,0,0,0,0,0,0,0,0,0,0,0,0,0,0,0,0,0,0,0,0,0,0,0,0,0,1245,0,0,0,0,0,0,0
1782980873.547,0,0,0,0,0,0,0,1959209299,8940422154752,3138709316608,0,0,0,0,0,0,0,0,0,0,0,0,0,0,0,0,0,0,0,0,0,0,0,0,0,0,0,0,0,0,0,0,0,0,0,0,0,0,0,0,0,0,0,0,0,0,0,0,0,0,0,0,0,0,0,0,0,0,7,1972880,548313959,159510530,0,0,0,0,0,0,0,0,0,0,0,0,0,0,0,0,0,0,0,0,0,0,0,0,0,0,0,0,0,0,0,0,0,0,0,0,0,12878774272,5180375040,786059,316185,154354381,276,0,97,786432,546146402,811153,6,9660874664,12884901888,12302725,1495060055,0,0,0,0,0,0,0,0,0,0,0,0,0,0,0,0,0,0,53047536,152944189,0,468,1202,7661,620,106096100,35,0,0,0,0,0,0,0,1,0,0,0,0,0,0,0,0,0,0,63534780,0,154348787,2538687,0,0,0,0,0,0,0,0,16384,0,0,0,0,0,0,0,0,0,0,0,8473,455,0,0,0,0,0,161261778,0,181,0,3,455,8473,0,0,0,0,0,0,0,0,0,0,0,0,0,0,0,0,0,0,0,0,0,0,0,0,0,0,0,0,0,0,0,0,0,0,0,0,0,0,0,0,0,0,0,0,0,0,0,0,0,0,0,0,0,0,807327583,0,0,0,1083902922,0,0,0,0,0,0,0,203899198,545807077,973555647,443268986880,161933860,1,0,0,0,0,0,0,0,0,0,0,0,0,0,0,0,0,0,0,0,0,0,0,0,0,0,0,0,0,0,0,622,0,0,0,0,0,0,0
1782980874.638,0,0,0,0,0,0,0,1959528739,8942248446464,3139311839744,0,0,0,0,0,0,0,0,0,0,0,0,0,0,0,0,0,0,0,0,0,0,0,0,0,0,0,0,0,0,0,0,0,0,0,0,0,0,0,0,0,0,0,0,0,0,0,0,0,0,0,0,0,0,0,0,0,0,7,1972913,548426283,159542133,0,0,0,0,0,0,0,0,0,0,0,0,0,0,0,0,0,0,0,0,0,0,0,0,0,0,0,0,0,0,0,0,0,0,0,0,0,12883329024,5176754176,786336,315964,154381940,0,0,96,786432,546258296,811153,6,9662469808,12884901888,12309639,1495259020,0,0,0,0,0,0,0,0,0,0,0,0,0,0,0,0,0,0,53057023,152953672,0,468,1202,7661,620,106115073,35,0,0,0,0,0,0,0,1,0,0,0,0,0,0,0,0,0,0,63545576,0,154376986,2539072,0,0,0,0,0,0,0,0,16384,0,0,0,0,0,0,0,0,0,0,0,8474,455,0,0,0,0,0,161290597,0,181,0,3,455,8474,0,0,0,0,0,0,0,0,0,0,0,0,0,0,0,0,0,0,0,0,0,0,0,0,0,0,0,0,0,0,0,0,0,0,0,0,0,0,0,0,0,0,0,0,0,0,0,0,0,0,0,0,0,0,807468102,0,0,0,1084062916,0,0,0,0,0,0,0,203917884,545918561,973730839,443342049792,161944467,1,1,0,0,0,0,0,0,0,0,0,0,0,0,0,0,0,0,0,0,0,0,0,0,0,0,0,0,0,0,0,1415,0,0,0,0,0,0,0
1782980875.718,0,0,0,0,0,0,0,1959846278,8944065104384,3139922332672,0,0,0,0,0,0,0,0,0,0,0,0,0,0,0,0,0,0,0,0,0,0,0,0,0,0,0,0,0,0,0,0,0,0,0,0,0,0,0,0,0,0,0,0,0,0,0,0,0,0,0,0,0,0,0,0,0,0,7,1972933,548537915,159574232,0,0,0,0,0,0,0,0,0,0,0,0,0,0,0,0,0,0,0,0,0,0,0,0,0,0,0,0,0,0,0,0,0,0,0,0,0,12879609856,5164417024,786109,315210,154410092,227,0,96,786432,546369508,811153,6,9664057541,12884901888,12315511,1495458165,0,0,0,0,0,0,0,0,0,0,0,0,0,0,0,0,0,0,53066492,152963142,0,468,1202,7661,620,106134002,35,0,0,0,0,0,0,0,1,0,0,0,0,0,0,0,0,0,0,63556324,0,154406586,2539462,0,0,0,0,0,0,0,0,16384,0,0,0,0,0,0,0,0,0,0,0,8475,455,0,0,0,0,0,161319374,0,181,0,3,455,8475,0,0,0,0,0,0,0,0,0,0,0,0,0,0,0,0,0,0,0,0,0,0,0,0,0,0,0,0,0,0,0,0,0,0,0,0,0,0,0,0,0,0,0,0,0,0,0,0,0,0,0,0,0,0,807607211,0,0,0,1084222736,0,0,0,0,0,0,0,203936273,546029394,973904924,443414393856,161955127,1,0,0,0,0,0,0,0,0,0,0,0,0,0,0,0,0,0,0,0,0,0,0,0,0,0,0,0,0,0,0,1314,0,0,0,0,0,0,0
1782980876.795,0,0,0,0,0,0,0,1960160243,8945855384064,3140538834432,0,0,0,0,0,0,0,0,0,0,0,0,0,0,0,0,0,0,0,0,0,0,0,0,0,0,0,0,0,0,0,0,0,0,0,0,0,0,0,0,0,0,0,0,0,0,0,0,0,0,0,0,0,0,0,0,0,0,7,1972955,548648008,159606906,0,0,0,0,0,0,0,0,0,0,0,0,0,0,0,0,0,0,0,0,0,0,0,0,0,0,0,0,0,0,0,0,0,0,0,0,0,12880953344,5134598144,786192,313392,154441586,138,0,104,786432,546479166,811153,6,9665625993,12884901888,12322421,1495654971,0,0,0,0,0,0,0,0,0,0,0,0,0,0,0,0,0,0,53075797,152972449,0,468,1202,7661,620,106152625,35,0,0,0,0,0,0,0,1,0,0,0,0,0,0,0,0,0,0,63566908,0,154436109,2539836,0,0,0,0,0,0,0,0,16384,0,0,0,0,0,0,0,0,0,0,0,8476,455,0,0,0,0,0,161347704,0,181,0,3,455,8476,0,0,0,0,0,0,0,0,0,0,0,0,0,0,0,0,0,0,0,0,0,0,0,0,0,0,0,0,0,0,0,0,0,0,0,0,0,0,0,0,0,0,0,0,0,0,0,0,0,0,0,0,0,0,807746260,0,0,0,1084380698,0,0,0,0,0,0,0,203954825,546138646,974080033,443486403072,161965623,1,0,0,0,0,0,0,0,0,0,0,0,0,0,0,0,0,0,0,0,0,0,0,0,0,0,0,0,0,0,0,1413,0,0,0,0,0,0,0
1782980877.880,0,0,0,0,0,0,0,1960470767,8947635358208,3141113550848,0,0,0,0,0,0,0,0,0,0,0,0,0,0,0,0,0,0,0,0,0,0,0,0,0,0,0,0,0,0,0,0,0,0,0,0,0,0,0,0,0,0,0,0,0,0,0,0,0,0,0,0,0,0,0,0,0,0,7,1972979,548757496,159637052,0,0,0,0,0,0,0,0,0,0,0,0,0,0,0,0,0,0,0,0,0,0,0,0,0,0,0,0,0,0,0,0,0,0,0,0,0,12878528512,5139070976,786042,313664,154468600,269,0,120,786432,546588248,811153,6,9667176226,12884901888,12330758,1495848364,0,0,0,0,0,0,0,0,0,0,0,0,0,0,0,0,0,0,53085021,152981673,0,468,1202,7661,620,106171067,35,0,0,0,0,0,0,0,1,0,0,0,0,0,0,0,0,0,0,63577381,0,154463006,2540192,0,0,0,0,0,0,0,0,16384,0,0,0,0,0,0,0,0,0,0,0,8477,455,0,0,0,0,0,161375722,0,181,0,3,455,8477,0,0,0,0,0,0,0,0,0,0,0,0,0,0,0,0,0,0,0,0,0,0,0,0,0,0,0,0,0,0,0,0,0,0,0,0,0,0,0,0,0,0,0,0,0,0,0,0,0,0,0,0,0,0,807882104,0,0,0,1084536209,0,0,0,0,0,0,0,203973885,546247194,974249285,443556984320,161976792,1,0,0,0,0,0,0,0,0,0,0,0,0,0,0,0,0,0,0,0,0,0,0,0,0,0,0,0,0,0,0,2033,0,0,0,0,0,0,0
1782980878.958,0,0,0,0,0,0,0,1960784712,8949430028800,3141690990592,0,0,0,0,0,0,0,0,0,0,0,0,0,0,0,0,0,0,0,0,0,0,0,0,0,0,0,0,0,0,0,0,0,0,0,0,0,0,0,0,0,0,0,0,0,0,0,0,0,0,0,0,0,0,0,0,0,0,7,1973004,548867860,159667242,0,0,0,0,0,0,0,0,0,0,0,0,0,0,0,0,0,0,0,0,0,0,0,0,0,0,0,0,0,0,0,0,0,0,0,0,0,12879003648,5147656192,786072,314188,154495711,248,0,112,786432,546698206,811153,6,9668746447,12884901888,12338526,1496046912,0,0,0,0,0,0,0,0,0,0,0,0,0,0,0,0,0,0,53094337,152990990,0,468,1202,7661,620,106189712,35,0,0,0,0,0,0,0,1,0,0,0,0,0,0,0,0,0,0,63587959,0,154490117,2540555,0,0,0,0,0,0,0,0,16384,0,0,0,0,0,0,0,0,0,0,0,8478,455,0,0,0,0,0,161404021,0,181,0,3,455,8478,0,0,0,0,0,0,0,0,0,0,0,0,0,0,0,0,0,0,0,0,0,0,0,0,0,0,0,0,0,0,0,0,0,0,0,0,0,0,0,0,0,0,0,0,0,0,0,0,0,0,0,0,0,0,808020762,0,0,0,1084694722,0,0,0,0,0,0,0,203993818,546356722,974421242,443628975616,161988914,1,0,0,0,0,0,0,0,0,0,0,0,0,0,0,0,0,0,0,0,0,0,0,0,0,0,0,0,0,0,0,1393,0,0,0,0,0,0,0
1782980880.043,0,0,0,0,0,0,0,1961096506,8951213607424,3142265948672,0,0,0,0,0,0,0,0,0,0,0,0,0,0,0,0,0,0,0,0,0,0,0,0,0,0,0,0,0,0,0,0,0,0,0,0,0,0,0,0,0,0,0,0,0,0,0,0,0,0,0,0,0,0,0,0,0,0,7,1973037,548977551,159697295,0,0,0,0,0,0,0,0,0,0,0,0,0,0,0,0,0,0,0,0,0,0,0,0,0,0,0,0,0,0,0,0,0,0,0,0,0,12881805312,5156061184,786243,314700,154522525,94,0,97,786432,546807475,811153,6,9670308388,12884901888,12347563,1496245138,0,0,0,0,0,0,0,0,0,0,0,0,0,0,0,0,0,0,53103621,153000273,0,468,1202,7661,620,106208267,35,0,0,0,0,0,0,0,1,0,0,0,0,0,0,0,0,0,0,63598523,0,154516931,2540914,0,0,0,0,0,0,0,0,16384,0,0,0,0,0,0,0,0,0,0,0,8479,455,0,0,0,0,0,161432225,0,181,0,3,455,8479,0,0,0,0,0,0,0,0,0,0,0,0,0,0,0,0,0,0,0,0,0,0,0,0,0,0,0,0,0,0,0,0,0,0,0,0,0,0,0,0,0,0,0,0,0,0,0,0,0,0,0,0,0,0,808158466,0,0,0,1084852638,0,0,0,0,0,0,0,204012885,546465645,974592313,443700564480,162000104,1,0,0,0,0,0,0,0,0,0,0,0,0,0,0,0,0,0,0,0,0,0,0,0,0,0,0,0,0,0,0,312,0,0,0,0,0,0,0
1782980881.131,0,0,0,0,0,0,0,1961418347,8953058298368,3142856461824,0,0,0,0,0,0,0,0,0,0,0,0,0,0,0,0,0,0,0,0,0,0,0,0,0,0,0,0,0,0,0,0,0,0,0,0,0,0,0,0,0,0,0,0,0,0,0,0,0,0,0,0,0,0,0,0,0,0,7,1973058,549091028,159728199,0,0,0,0,0,0,0,0,0,0,0,0,0,0,0,0,0,0,0,0,0,0,0,0,0,0,0,0,0,0,0,0,0,0,0,0,0,12882968576,5165809664,786314,315296,154550686,0,0,119,786432,546920559,811153,6,9671916927,12884901888,12353193,1496446052,0,0,0,0,0,0,0,0,0,0,0,0,0,0,0,0,0,0,53113187,153009837,0,468,1202,7661,620,106227401,35,0,0,0,0,0,0,0,1,0,0,0,0,0,0,0,0,0,0,63609400,0,154545092,2541292,0,0,0,0,0,0,0,0,16384,0,0,0,0,0,0,0,0,0,0,0,8480,455,0,0,0,0,0,161461332,0,181,0,3,455,8480,0,0,0,0,0,0,0,0,0,0,0,0,0,0,0,0,0,0,0,0,0,0,0,0,0,0,0,0,0,0,0,0,0,0,0,0,0,0,0,0,0,0,0,0,0,0,0,0,0,0,0,0,0,0,808299369,0,0,0,1085014054,0,0,0,0,0,0,0,204031367,546578195,974766947,443773646336,162010700,1,1,0,0,0,0,0,0,0,0,0,0,0,0,0,0,0,0,0,0,0,0,0,0,0,0,0,0,0,0,0,954,0,0,0,0,0,0,0
1782980882.218,0,0,0,0,0,0,0,1961733871,8954858359296,3143440393728,0,0,0,0,0,0,0,0,0,0,0,0,0,0,0,0,0,0,0,0,0,0,0,0,0,0,0,0,0,0,0,0,0,0,0,0,0,0,0,0,0,0,0,0,0,0,0,0,0,0,0,0,0,0,0,0,0,0,7,1973090,549201699,159758748,0,0,0,0,0,0,0,0,0,0,0,0,0,0,0,0,0,0,0,0,0,0,0,0,0,0,0,0,0,0,0,0,0,0,0,0,0,12880592896,5171822592,786170,315663,154577868,168,0,97,786432,547030790,811153,6,9673492825,12884901888,12361412,1496643319,0,0,0,0,0,0,0,0,0,0,0,0,0,0,0,0,0,0,53122562,153019215,0,468,1202,7661,620,106246148,35,0,0,0,0,0,0,0,1,0,0,0,0,0,0,0,0,0,0,63620064,0,154572347,2541648,0,0,0,0,0,0,0,0,16384,0,0,0,0,0,0,0,0,0,0,0,8481,455,0,0,0,0,0,161489804,0,181,0,3,455,8481,0,0,0,0,0,0,0,0,0,0,0,0,0,0,0,0,0,0,0,0,0,0,0,0,0,0,0,0,0,0,0,0,0,0,0,0,0,0,0,0,0,0,0,0,0,0,0,0,0,0,0,0,0,0,808438360,0,0,0,1085172284,0,0,0,0,0,0,0,204050316,546688057,974939786,443845901824,162021905,1,0,0,0,0,0,0,0,0,0,0,0,0,0,0,0,0,0,0,0,0,0,0,0,0,0,0,0,0,0,0,1616,0,0,0,0,0,0,0
1782980883.305,0,0,0,0,0,0,0,1962050522,8956678818304,3144027646976,0,0,0,0,0,0,0,0,0,0,0,0,0,0,0,0,0,0,0,0,0,0,0,0,0,0,0,0,0,0,0,0,0,0,0,0,0,0,0,0,0,0,0,0,0,0,0,0,0,0,0,0,0,0,0,0,0,0,7,1973125,549313641,159789450,0,0,0,0,0,0,0,0,0,0,0,0,0,0,0,0,0,0,0,0,0,0,0,0,0,0,0,0,0,0,0,0,0,0,0,0,0,12877692928,5176590336,785992,315954,154605536,342,0,98,786432,547142321,811153,6,9675079555,12884901888,12368727,1496844560,0,0,0,0,0,0,0,0,0,0,0,0,0,0,0,0,0,0,53131969,153028624,0,468,1202,7661,620,106264973,35,0,0,0,0,0,0,0,1,0,0,0,0,0,0,0,0,0,0,63630754,0,154599942,2542009,0,0,0,0,0,0,0,0,16384,0,0,0,0,0,0,0,0,0,0,0,8482,455,0,0,0,0,0,161518426,0,181,0,3,455,8482,0,0,0,0,0,0,0,0,0,0,0,0,0,0,0,0,0,0,0,0,0,0,0,0,0,0,0,0,0,0,0,0,0,0,0,0,0,0,0,0,0,0,0,0,0,0,0,0,0,0,0,0,0,0,808579046,0,0,0,1085332363,0,0,0,0,0,0,0,204069265,546799138,975114399,443919022080,162033043,1,0,0,0,0,0,0,0,0,0,0,0,0,0,0,0,0,0,0,0,0,0,0,0,0,0,0,0,0,0,0,657,0,0,0,0,0,0,0
1782980884.395,0,0,0,0,0,0,0,1962378183,8958546184704,3144628352512,0,0,0,0,0,0,0,0,0,0,0,0,0,0,0,0,0,0,0,0,0,0,0,0,0,0,0,0,0,0,0,0,0,0,0,0,0,0,0,0,0,0,0,0,0,0,0,0,0,0,0,0,0,0,0,0,0,0,7,1973149,549428544,159820880,0,0,0,0,0,0,0,0,0,0,0,0,0,0,0,0,0,0,0,0,0,0,0,0,0,0,0,0,0,0,0,0,0,0,0,0,0,12882870272,5189615616,786308,316749,154634498,25,0,99,786432,547256834,811153,6,9676718354,12884901888,12374242,1497050560,0,0,0,0,0,0,0,0,0,0,0,0,0,0,0,0,0,0,53141710,153038364,0,468,1202,7661,620,106284457,35,0,0,0,0,0,0,0,1,0,0,0,0,0,0,0,0,0,0,63641826,0,154628981,2542399,0,0,0,0,0,0,0,0,16384,0,0,0,0,0,0,0,0,0,0,0,8483,455,0,0,0,0,0,161547987,0,181,0,3,455,8483,0,0,0,0,0,0,0,0,0,0,0,0,0,0,0,0,0,0,0,0,0,0,0,0,0,0,0,0,0,0,0,0,0,0,0,0,0,0,0,0,0,0,0,0,0,0,0,0,0,0,0,0,0,0,808722398,0,0,0,1085497577,0,0,0,0,0,0,0,204087265,546913149,975291618,443993534976,162043421,1,0,0,0,0,0,0,0,0,0,0,0,0,0,0,0,0,0,0,0,0,0,0,0,0,0,0,0,0,0,0,520,0,0,0,0,0,0,0
1782980885.481,0,0,0,0,0,0,0,1962686143,8960310053376,3145200682496,0,0,0,0,0,0,0,0,0,0,0,0,0,0,0,0,0,0,0,0,0,0,0,0,0,0,0,0,0,0,0,0,0,0,0,0,0,0,0,0,0,0,0,0,0,0,0,0,0,0,0,0,0,0,0,0,0,0,7,1973176,549537044,159850845,0,0,0,0,0,0,0,0,0,0,0,0,0,0,0,0,0,0,0,0,0,0,0,0,0,0,0,0,0,0,0,0,0,0,0,0,0,12879953920,5193465856,786131,316984,154660809,196,0,107,786432,547364955,811153,6,9678256828,12884901888,12383635,1497243340,0,0,0,0,0,0,0,0,0,0,0,0,0,0,0,0,0,0,53150868,153047523,0,468,1202,7661,620,106302755,35,0,0,0,0,0,0,0,1,0,0,0,0,0,0,0,0,0,0,63652246,0,154655215,2542751,0,0,0,0,0,0,0,0,16384,0,0,0,0,0,0,0,0,0,0,0,8485,455,0,0,0,0,0,161575838,0,181,0,3,455,8485,0,0,0,0,0,0,0,0,0,0,0,0,0,0,0,0,0,0,0,0,0,0,0,0,0,0,0,0,0,0,0,0,0,0,0,0,0,0,0,0,0,0,0,0,0,0,0,0,0,0,0,0,0,0,808857795,0,0,0,1085652080,0,0,0,0,0,0,0,204107607,547020800,975460738,444063847424,162055405,1,0,0,0,0,0,0,0,0,0,0,0,0,0,0,0,0,0,0,0,0,0,0,0,0,0,0,0,0,0,0,842,0,0,0,0,0,0,0
1782980886.562,0,0,0,0,0,0,0,1963002836,8962126023168,3145787834880,0,0,0,0,0,0,0,0,0,0,0,0,0,0,0,0,0,0,0,0,0,0,0,0,0,0,0,0,0,0,0,0,0,0,0,0,0,0,0,0,0,0,0,0,0,0,0,0,0,0,0,0,0,0,0,0,0,0,7,1973205,549648758,159881592,0,0,0,0,0,0,0,0,0,0,0,0,0,0,0,0,0,0,0,0,0,0,0,0,0,0,0,0,0,0,0,0,0,0,0,0,0,12880052224,5197496320,786136,317230,154687973,180,0,114,786432,547476265,811153,6,9679842172,12884901888,12392862,1497443754,0,0,0,0,0,0,0,0,0,0,0,0,0,0,0,0,0,0,53160270,153056924,0,468,1202,7661,620,106321580,35,0,0,0,0,0,0,0,1,0,0,0,0,0,0,0,0,0,0,63662944,0,154682379,2543109,0,0,0,0,0,0,0,0,16384,0,0,0,0,0,0,0,0,0,0,0,8486,455,0,0,0,0,0,161604458,0,181,0,3,455,8486,0,0,0,0,0,0,0,0,0,0,0,0,0,0,0,0,0,0,0,0,0,0,0,0,0,0,0,0,0,0,0,0,0,0,0,0,0,0,0,0,0,0,0,0,0,0,0,0,0,0,0,0,0,0,808996526,0,0,0,1085811917,0,0,0,0,0,0,0,204127438,547131618,975633905,444135926784,162066879,1,1,0,0,0,0,0,0,0,0,0,0,0,0,0,0,0,0,0,0,0,0,0,0,0,0,0,0,0,0,0,291,0,0,0,0,0,0,0
1782980887.651,0,0,0,0,0,0,0,1963315044,8963918662144,3146387481088,0,0,0,0,0,0,0,0,0,0,0,0,0,0,0,0,0,0,0,0,0,0,0,0,0,0,0,0,0,0,0,0,0,0,0,0,0,0,0,0,0,0,0,0,0,0,0,0,0,0,0,0,0,0,0,0,0,0,7,1973234,549758964,159912800,0,0,0,0,0,0,0,0,0,0,0,0,0,0,0,0,0,0,0,0,0,0,0,0,0,0,0,0,0,0,0,0,0,0,0,0,0,12882968576,5184946176,786314,316466,154714559,22,0,97,786432,547586075,811153,6,9681400876,12884901888,12401961,1497638024,0,0,0,0,0,0,0,0,0,0,0,0,0,0,0,0,0,0,53169539,153066196,0,468,1202,7661,620,106340105,35,0,0,0,0,0,0,0,1,0,0,0,0,0,0,0,0,0,0,63673485,0,154709989,2543470,0,0,0,0,0,0,0,0,16384,0,0,0,0,0,0,0,0,0,0,0,8487,455,0,0,0,0,0,161632675,0,181,0,3,455,8487,0,0,0,0,0,0,0,0,0,0,0,0,0,0,0,0,0,0,0,0,0,0,0,0,0,0,0,0,0,0,0,0,0,0,0,0,0,0,0,0,0,0,0,0,0,0,0,0,0,0,0,0,0,0,809133634,0,0,0,1085968243,0,0,0,0,0,0,0,204146557,547240970,975805856,444207045632,162077964,1,0,0,0,0,0,0,0,0,0,0,0,0,0,0,0,0,0,0,0,0,0,0,0,0,0,0,0,0,0,0,1103,0,0,0,0,0,0,0
1782980888.732,0,0,0,0,0,0,0,1963612819,8965619206656,3146960208896,0,0,0,0,0,0,0,0,0,0,0,0,0,0,0,0,0,0,0,0,0,0,0,0,0,0,0,0,0,0,0,0,0,0,0,0,0,0,0,0,0,0,0,0,0,0,0,0,0,0,0,0,0,0,0,0,0,0,7,1973256,549863524,159943208,0,0,0,0,0,0,0,0,0,0,0,0,0,0,0,0,0,0,0,0,0,0,0,0,0,0,0,0,0,0,0,0,0,0,0,0,0,12883099648,5163352064,786322,315146,154738893,7,0,102,786432,547690221,811153,6,9682889412,12884901888,12414286,1497825212,0,0,0,0,0,0,0,0,0,0,0,0,0,0,0,0,0,0,53178386,153075040,0,468,1202,7661,620,106357808,35,0,0,0,0,0,0,0,1,0,0,0,0,0,0,0,0,0,0,63683525,0,154735731,2543796,0,0,0,0,0,0,0,0,16384,0,0,0,0,0,0,0,0,0,0,0,8488,455,0,0,0,0,0,161659562,0,181,0,3,455,8488,0,0,0,0,0,0,0,0,0,0,0,0,0,0,0,0,0,0,0,0,0,0,0,0,0,0,0,0,0,0,0,0,0,0,0,0,0,0,0,0,0,0,0,0,0,0,0,0,0,0,0,0,0,0,809264629,0,0,0,1086118178,0,0,0,0,0,0,0,204166647,547344717,975971836,444275211264,162089401,1,0,0,0,0,0,0,0,0,0,0,0,0,0,0,0,0,0,0,0,0,0,0,0,0,0,0,0,0,0,0,1054,0,0,0,0,0,0,0
1782980889.811,0,0,0,0,0,0,0,1963926330,8967424068096,3147569572864,0,0,0,0,0,0,0,0,0,0,0,0,0,0,0,0,0,0,0,0,0,0,0,0,0,0,0,0,0,0,0,0,0,0,0,0,0,0,0,0,0,0,0,0,0,0,0,0,0,0,0,0,0,0,0,0,0,0,7,1973279,549974527,159975466,0,0,0,0,0,0,0,0,0,0,0,0,0,0,0,0,0,0,0,0,0,0,0,0,0,0,0,0,0,0,0,0,0,0,0,0,0,12883083264,5139382272,786321,313683,154766734,0,0,113,786432,547800786,811153,6,9684459329,12884901888,12420302,1498023267,0,0,0,0,0,0,0,0,0,0,0,0,0,0,0,0,0,0,53187723,153084378,0,468,1202,7661,620,106376473,35,0,0,0,0,0,0,0,1,0,0,0,0,0,0,0,0,0,0,63694139,0,154765236,2544175,0,0,0,0,0,0,0,0,16384,0,0,0,0,0,0,0,0,0,0,0,8489,455,0,0,0,0,0,161687927,0,181,0,3,455,8489,0,0,0,0,0,0,0,0,0,0,0,0,0,0,0,0,0,0,0,0,0,0,0,0,0,0,0,0,0,0,0,0,0,0,0,0,0,0,0,0,0,0,0,0,0,0,0,0,0,0,0,0,0,0,809403669,0,0,0,1086276729,0,0,0,0,0,0,0,204184220,547454869,976145675,444347316224,162099892,1,0,0,0,0,0,0,0,0,0,0,0,0,0,0,0,0,0,0,0,0,0,0,0,0,0,0,0,0,0,0,397,0,0,0,0,0,0,0
1782980890.891,0,0,0,0,0,0,0,1964231131,8969167981056,3148140491776,0,0,0,0,0,0,0,0,0,0,0,0,0,0,0,0,0,0,0,0,0,0,0,0,0,0,0,0,0,0,0,0,0,0,0,0,0,0,0,0,0,0,0,0,0,0,0,0,0,0,0,0,0,0,0,0,0,0,7,1973309,550081746,160005434,0,0,0,0,0,0,0,0,0,0,0,0,0,0,0,0,0,0,0,0,0,0,0,0,0,0,0,0,0,0,0,0,0,0,0,0,0,12875284480,5138366464,785844,313621,154797430,489,0,98,786432,547907611,811153,6,9685977715,12884901888,12431696,1498210733,0,0,0,0,0,0,0,0,0,0,0,0,0,0,0,0,0,0,53196767,153093420,0,468,1202,7661,620,106394563,35,0,0,0,0,0,0,0,1,0,0,0,0,0,0,0,0,0,0,63704409,0,154791836,2544529,0,0,0,0,0,0,0,0,16384,0,0,0,0,0,0,0,0,0,0,0,8490,455,0,0,0,0,0,161715396,0,181,0,3,455,8490,0,0,0,0,0,0,0,0,0,0,0,0,0,0,0,0,0,0,0,0,0,0,0,0,0,0,0,0,0,0,0,0,0,0,0,0,0,0,0,0,0,0,0,0,0,0,0,0,0,0,0,0,0,0,809537737,0,0,0,1086428837,0,0,0,0,0,0,0,204204468,547561287,976313497,444416864768,162111794,1,1,0,0,0,0,0,0,0,0,0,0,0,0,0,0,0,0,0,0,0,0,0,0,0,0,0,0,0,0,0,1555,0,0,0,0,0,0,0
1782980891.977,0,0,0,0,0,0,0,1964544407,8970960177664,3148719393280,0,0,0,0,0,0,0,0,0,0,0,0,0,0,0,0,0,0,0,0,0,0,0,0,0,0,0,0,0,0,0,0,0,0,0,0,0,0,0,0,0,0,0,0,0,0,0,0,0,0,0,0,0,0,0,0,0,0,7,1973339,550191999,160035719,0,0,0,0,0,0,0,0,0,0,0,0,0,0,0,0,0,0,0,0,0,0,0,0,0,0,0,0,0,0,0,0,0,0,0,0,0,12878807040,5144330240,786061,313985,154824529,275,0,96,786432,548017487,811153,6,9687545460,12884901888,12439588,1498408210,0,0,0,0,0,0,0,0,0,0,0,0,0,0,0,0,0,0,53206087,153102741,0,468,1202,7661,620,106413198,35,0,0,0,0,0,0,0,1,0,0,0,0,0,0,0,0,0,0,63714993,0,154818992,2544899,0,0,0,0,0,0,0,0,16384,0,0,0,0,0,0,0,0,0,0,0,8491,455,0,0,0,0,0,161743733,0,181,0,3,455,8491,0,0,0,0,0,0,0,0,0,0,0,0,0,0,0,0,0,0,0,0,0,0,0,0,0,0,0,0,0,0,0,0,0,0,0,0,0,0,0,0,0,0,0,0,0,0,0,0,0,0,0,0,0,0,809675575,0,0,0,1086586861,0,0,0,0,0,0,0,204224078,547670645,976484843,444488435712,162123409,1,1,0,0,0,0,0,0,0,0,0,0,0,0,0,0,0,0,0,0,0,0,0,0,0,0,0,0,0,0,0,1218,0,0,0,0,0,0,0
1782980893.061,0,0,0,0,0,0,0,1964862260,8972787616256,3149312530432,0,0,0,0,0,0,0,0,0,0,0,0,0,0,0,0,0,0,0,0,0,0,0,0,0,0,0,0,0,0,0,0,0,0,0,0,0,0,0,0,0,0,0,0,0,0,0,0,0,0,0,0,0,0,0,0,0,0,7,1973365,550304408,160066792,0,0,0,0,0,0,0,0,0,0,0,0,0,0,0,0,0,0,0,0,0,0,0,0,0,0,0,0,0,0,0,0,0,0,0,0,0,12880035840,5145870336,786135,314079,154852469,201,0,96,786432,548129511,811153,6,9689135988,12884901888,12446856,1498608925,0,0,0,0,0,0,0,0,0,0,0,0,0,0,0,0,0,0,53215526,153112182,0,468,1202,7661,620,106432088,35,0,0,0,0,0,0,0,1,0,0,0,0,0,0,0,0,0,0,63725734,0,154846875,2545265,0,0,0,0,0,0,0,0,16384,0,0,0,0,0,0,0,0,0,0,0,8492,455,0,0,0,0,0,161772412,0,181,0,3,455,8492,0,0,0,0,0,0,0,0,0,0,0,0,0,0,0,0,0,0,0,0,0,0,0,0,0,0,0,0,0,0,0,0,0,0,0,0,0,0,0,0,0,0,0,0,0,0,0,0,0,0,0,0,0,0,809815786,0,0,0,1086747116,0,0,0,0,0,0,0,204243253,547782208,976659369,444561338880,162134595,1,1,0,0,0,0,0,0,0,0,0,0,0,0,0,0,0,0,0,0,0,0,0,0,0,0,0,0,0,0,0,834,0,0,0,0,0,0,0
1782980894.145,0,0,0,0,0,0,0,1965178563,8974601931264,3149900257792,0,0,0,0,0,0,0,0,0,0,0,0,0,0,0,0,0,0,0,0,0,0,0,0,0,0,0,0,0,0,0,0,0,0,0,0,0,0,0,0,0,0,0,0,0,0,0,0,0,0,0,0,0,0,0,0,0,0,7,1973391,550416020,160097558,0,0,0,0,0,0,0,0,0,0,0,0,0,0,0,0,0,0,0,0,0,0,0,0,0,0,0,0,0,0,0,0,0,0,0,0,0,12875939840,5152669696,785885,314494,154880462,450,0,96,786432,548240678,811153,6,9690720076,12884901888,12453943,1498809218,0,0,0,0,0,0,0,0,0,0,0,0,0,0,0,0,0,0,53224928,153121584,0,468,1202,7661,620,106450877,35,0,0,0,0,0,0,0,1,0,0,0,0,0,0,0,0,0,0,63736417,0,154874868,2545643,0,0,0,0,0,0,0,0,16384,0,0,0,0,0,0,0,0,0,0,0,8493,455,0,0,0,0,0,161800985,0,181,0,3,455,8493,0,0,0,0,0,0,0,0,0,0,0,0,0,0,0,0,0,0,0,0,0,0,0,0,0,0,0,0,0,0,0,0,0,0,0,0,0,0,0,0,0,0,0,0,0,0,0,0,0,0,0,0,0,0,809955291,0,0,0,1086906909,0,0,0,0,0,0,0,204262227,547892943,976832489,444633844224,162145772,1,0,0,0,0,0,0,0,0,0,0,0,0,0,0,0,0,0,0,0,0,0,0,0,0,0,0,0,0,0,0,249,0,0,0,0,0,0,0
1782980895.231,0,0,0,0,0,0,0,1965496171,8976418294272,3150484476416,0,0,0,0,0,0,0,0,0,0,0,0,0,0,0,0,0,0,0,0,0,0,0,0,0,0,0,0,0,0,0,0,0,0,0,0,0,0,0,0,0,0,0,0,0,0,0,0,0,0,0,0,0,0,0,0,0,0,7,1973423,550527765,160128137,0,0,0,0,0,0,0,0,0,0,0,0,0,0,0,0,0,0,0,0,0,0,0,0,0,0,0,0,0,0,0,0,0,0,0,0,0,12880887808,5162369024,786187,315086,154907918,116,0,129,786432,548352009,811153,6,9692306365,12884901888,12462315,1499007160,0,0,0,0,0,0,0,0,0,0,0,0,0,0,0,0,0,0,53234365,153131020,0,468,1202,7661,620,106469774,35,0,0,0,0,0,0,0,1,0,0,0,0,0,0,0,0,0,0,63747140,0,154902324,2546011,0,0,0,0,0,0,0,0,16384,0,0,0,0,0,0,0,0,0,0,0,8494,455,0,0,0,0,0,161829648,0,181,0,3,455,8494,0,0,0,0,0,0,0,0,0,0,0,0,0,0,0,0,0,0,0,0,0,0,0,0,0,0,0,0,0,0,0,0,0,0,0,0,0,0,0,0,0,0,0,0,0,0,0,0,0,0,0,0,0,0,810093141,0,0,0,1087065827,0,0,0,0,0,0,0,204281856,548003729,977004121,444705699328,162157203,0,0,0,0,0,0,0,0,0,0,0,0,0,0,0,0,0,0,0,0,0,0,0,0,0,0,0,0,0,0,0,1079,0,0,0,0,0,0,0
1782980896.314,0,0,0,0,0,0,0,1965818968,8978262346240,3151076574720,0,0,0,0,0,0,0,0,0,0,0,0,0,0,0,0,0,0,0,0,0,0,0,0,0,0,0,0,0,0,0,0,0,0,0,0,0,0,0,0,0,0,0,0,0,0,0,0,0,0,0,0,0,0,0,0,0,0,7,1973447,550641093,160159102,0,0,0,0,0,0,0,0,0,0,0,0,0,0,0,0,0,0,0,0,0,0,0,0,0,0,0,0,0,0,0,0,0,0,0,0,0,12881100800,5171658752,786200,315653,154936060,135,0,98,786432,548464905,811153,6,9693918794,12884901888,12467916,1499209051,0,0,0,0,0,0,0,0,0,0,0,0,0,0,0,0,0,0,53243966,153140622,0,468,1202,7661,620,106488950,35,0,0,0,0,0,0,0,1,0,0,0,0,0,0,0,0,0,0,63758064,0,154930466,2546389,0,0,0,0,0,0,0,0,16384,0,0,0,0,0,0,0,0,0,0,0,8495,455,0,0,0,0,0,161858847,0,181,0,3,455,8495,0,0,0,0,0,0,0,0,0,0,0,0,0,0,0,0,0,0,0,0,0,0,0,0,0,0,0,0,0,0,0,0,0,0,0,0,0,0,0,0,0,0,0,0,0,0,0,0,0,0,0,0,0,0,810234540,0,0,0,1087228033,0,0,0,0,0,0,0,204301251,548116306,977179349,444779185664,162168710,1,1,0,0,0,0,0,0,0,0,0,0,0,0,0,0,0,0,0,0,0,0,0,0,0,0,0,0,0,0,0,1463,0,0,0,0,0,0,0
1782980897.399,0,0,0,0,0,0,0,1966140678,8980106234368,3151671902208,0,0,0,0,0,0,0,0,0,0,0,0,0,0,0,0,0,0,0,0,0,0,0,0,0,0,0,0,0,0,0,0,0,0,0,0,0,0,0,0,0,0,0,0,0,0,0,0,0,0,0,0,0,0,0,0,0,0,7,1973472,550754506,160190226,0,0,0,0,0,0,0,0,0,0,0,0,0,0,0,0,0,0,0,0,0,0,0,0,0,0,0,0,0,0,0,0,0,0,0,0,0,12880674816,5176606720,786174,315955,154963902,162,0,96,786432,548577902,811153,6,9695529464,12884901888,12475426,1499411636,0,0,0,0,0,0,0,0,0,0,0,0,0,0,0,0,0,0,53253533,153150190,0,468,1202,7661,620,106508096,35,0,0,0,0,0,0,0,1,0,0,0,0,0,0,0,0,0,0,63768952,0,154958308,2546763,0,0,0,0,0,0,0,0,16384,0,0,0,0,0,0,0,0,0,0,0,8497,456,0,0,0,0,0,161887957,0,183,0,3,456,8497,0,0,0,0,1,0,0,0,0,0,0,0,0,0,0,0,0,0,0,0,0,0,0,0,0,0,0,0,0,0,0,0,0,0,0,0,0,0,0,0,0,0,0,0,0,0,0,0,0,0,0,0,0,0,810376903,0,0,0,1087390441,0,0,0,0,0,0,0,204320545,548228786,977356108,444853143552,162179995,1,1,0,0,0,0,0,0,0,0,0,0,0,0,0,0,0,0,0,0,0,0,0,0,0,0,0,0,0,0,0,1025,0,0,0,0,0,0,0
1782980898.485,0,0,0,0,0,0,0,1966465129,8981960608256,3152268324352,0,0,0,0,0,0,0,0,0,0,0,0,0,0,0,0,0,0,0,0,0,0,0,0,0,0,0,0,0,0,0,0,0,0,0,0,0,0,0,0,0,0,0,0,0,0,0,0,0,0,0,0,0,0,0,0,0,0,7,1973503,550868567,160221386,0,0,0,0,0,0,0,0,0,0,0,0,0,0,0,0,0,0,0,0,0,0,0,0,0,0,0,0,0,0,0,0,0,0,0,0,0,12877692928,5186912256,785992,316584,154992022,341,0,98,786432,548691540,811153,6,9697153008,12884901888,12483267,1499616625,0,0,0,0,0,0,0,0,0,0,0,0,0,0,0,0,0,0,53263181,153159834,0,468,1202,7661,620,106527389,35,0,0,0,0,0,0,0,1,0,0,0,0,0,0,0,0,0,0,63779927,0,154986428,2547141,0,0,0,0,0,0,0,0,16384,0,0,0,0,0,0,0,0,0,0,0,8499,456,0,0,0,0,0,161917240,0,183,0,3,456,8499,0,0,0,0,0,0,0,0,0,0,0,0,0,0,0,0,0,0,0,0,0,0,0,0,0,0,0,0,0,0,0,0,0,0,0,0,0,0,0,0,0,0,0,0,0,0,0,0,0,0,0,0,0,0,810520639,0,0,0,1087554353,0,0,0,0,0,0,0,204339468,548341988,977534184,444927703040,162190755,1,1,0,0,0,0,0,0,0,0,0,0,0,0,0,0,0,0,0,0,0,0,0,0,0,0,0,0,0,0,0,446,0,0,0,0,0,0,0
1782980899.576,0,0,0,0,0,0,0,1966788068,8983817112064,3152866263552,0,0,0,0,0,0,0,0,0,0,0,0,0,0,0,0,0,0,0,0,0,0,0,0,0,0,0,0,0,0,0,0,0,0,0,0,0,0,0,0,0,0,0,0,0,0,0,0,0,0,0,0,0,0,0,0,0,0,7,1973531,550982713,160252755,0,0,0,0,0,0,0,0,0,0,0,0,0,0,0,0,0,0,0,0,0,0,0,0,0,0,0,0,0,0,0,0,0,0,0,0,0,12879904768,5195071488,786127,317082,155021097,207,0,97,786432,548805255,811153,6,9698766136,12884901888,12487519,1499817354,0,0,0,0,0,0,0,0,0,0,0,0,0,0,0,0,0,0,53272779,153169434,0,468,1202,7661,620,106546593,35,0,0,0,0,0,0,0,1,0,0,0,0,0,0,0,0,0,0,63790839,0,155015503,2547528,0,0,0,0,0,0,0,0,16384,0,0,0,0,0,0,0,0,0,0,0,8500,456,0,0,0,0,0,161946425,0,183,0,3,456,8500,0,0,0,0,0,0,0,0,0,0,0,0,0,0,0,0,0,0,0,0,0,0,0,0,0,0,0,0,0,0,0,0,0,0,0,0,0,0,0,0,0,0,0,0,0,0,0,0,0,0,0,0,0,0,810660027,0,0,0,1087716105,0,0,0,0,0,0,0,204358183,548455259,977707327,445000286208,162202009,1,0,0,0,0,0,0,0,0,0,0,0,0,0,0,0,0,0,0,0,0,0,0,0,0,0,0,0,0,0,0,1250,0,0,0,0,0,0,0
1782980900.660,0,0,0,0,0,0,0,1967107039,8985648007680,3153480257536,0,0,0,0,0,0,0,0,0,0,0,0,0,0,0,0,0,0,0,0,0,0,0,0,0,0,0,0,0,0,0,0,0,0,0,0,0,0,0,0,0,0,0,0,0,0,0,0,0,0,0,0,0,0,0,0,0,0,7,1973547,551095307,160285147,0,0,0,0,0,0,0,0,0,0,0,0,0,0,0,0,0,0,0,0,0,0,0,0,0,0,0,0,0,0,0,0,0,0,0,0,0,12881969152,5178163200,786254,316049,155048895,80,0,98,786432,548917411,811153,6,9700359126,12884901888,12493586,1500016398,0,0,0,0,0,0,0,0,0,0,0,0,0,0,0,0,0,0,53282279,153178935,0,468,1202,7661,620,106565578,35,0,0,0,0,0,0,0,1,0,0,0,0,0,0,0,0,0,0,63801632,0,155044581,2547912,0,0,0,0,0,0,0,0,16384,0,0,0,0,0,0,0,0,0,0,0,8501,456,0,0,0,0,0,161975291,0,183,0,3,456,8501,0,0,0,0,0,0,0,0,0,0,0,0,0,0,0,0,0,0,0,0,0,0,0,0,0,0,0,0,0,0,0,0,0,0,0,0,0,0,0,0,0,0,0,0,0,0,0,0,0,0,0,0,0,0,810799730,0,0,0,1087876261,0,0,0,0,0,0,0,204377104,548566969,977882484,445072667648,162212808,1,0,0,0,0,0,0,0,0,0,0,0,0,0,0,0,0,0,0,0,0,0,0,0,0,0,0,0,0,0,0,1737,0,0,0,0,0,0,0
1782980901.745,0,0,0,0,0,0,0,1967424220,8987475986944,3154094178816,0,0,0,0,0,0,0,0,0,0,0,0,0,0,0,0,0,0,0,0,0,0,0,0,0,0,0,0,0,0,0,0,0,0,0,0,0,0,0,0,0,0,0,0,0,0,0,0,0,0,0,0,0,0,0,0,0,0,7,1973572,551207680,160317330,0,0,0,0,0,0,0,0,0,0,0,0,0,0,0,0,0,0,0,0,0,0,0,0,0,0,0,0,0,0,0,0,0,0,0,0,0,12883066880,5162975232,786320,315123,155076129,0,0,112,786432,549029396,811153,6,9701949075,12884901888,12501632,1500218457,0,0,0,0,0,0,0,0,0,0,0,0,0,0,0,0,0,0,53291709,153188364,0,468,1202,7661,620,106584442,35,0,0,0,0,0,0,0,1,0,0,0,0,0,0,0,0,0,0,63812360,0,155073351,2548291,0,0,0,0,0,0,0,0,16384,0,0,0,0,0,0,0,0,0,0,0,8502,456,0,0,0,0,0,162003943,0,183,0,3,456,8502,0,0,0,0,0,0,0,0,0,0,0,0,0,0,0,0,0,0,0,0,0,0,0,0,0,0,0,0,0,0,0,0,0,0,0,0,0,0,0,0,0,0,0,0,0,0,0,0,0,0,0,0,0,0,810941193,0,0,0,1088037093,0,0,0,0,0,0,0,204396073,548678465,978059690,445146261504,162223380,1,1,0,0,0,0,0,0,0,0,0,0,0,0,0,0,0,0,0,0,0,0,0,0,0,0,0,0,0,0,0,559,0,0,0,0,0,0,0
1782980902.827,0,0,0,0,0,0,0,1967731417,8989233973760,3154688096256,0,0,0,0,0,0,0,0,0,0,0,0,0,0,0,0,0,0,0,0,0,0,0,0,0,0,0,0,0,0,0,0,0,0,0,0,0,0,0,0,0,0,0,0,0,0,0,0,0,0,0,0,0,0,0,0,0,0,7,1973590,551315852,160348715,0,0,0,0,0,0,0,0,0,0,0,0,0,0,0,0,0,0,0,0,0,0,0,0,0,0,0,0,0,0,0,0,0,0,0,0,0,12881461248,5139693568,786222,313702,155107036,95,0,114,786432,549137152,811153,6,9703484030,12884901888,12511125,1500410535,0,0,0,0,0,0,0,0,0,0,0,0,0,0,0,0,0,0,53300838,153197490,0,468,1202,7661,620,106602703,35,0,0,0,0,0,0,0,1,0,0,0,0,0,0,0,0,0,0,63822744,0,155101442,2548653,0,0,0,0,0,0,0,0,16384,0,0,0,0,0,0,0,0,0,0,0,8503,456,0,0,0,0,0,162031729,0,183,0,3,456,8503,0,0,0,0,0,0,0,0,0,0,0,0,0,0,0,0,0,0,0,0,0,0,0,0,0,0,0,0,0,0,0,0,0,0,0,0,0,0,0,0,0,0,0,0,0,0,0,0,0,0,0,0,0,0,811077472,0,0,0,1088191395,0,0,0,0,0,0,0,204415857,548785775,978230974,445216969728,162234959,1,0,0,0,0,0,0,0,0,0,0,0,0,0,0,0,0,0,0,0,0,0,0,0,0,0,0,0,0,0,0,888,0,0,0,0,0,0,0
1782980903.909,0,0,0,0,0,0,0,1968050689,8991062723072,3155276619776,0,0,0,0,0,0,0,0,0,0,0,0,0,0,0,0,0,0,0,0,0,0,0,0,0,0,0,0,0,0,0,0,0,0,0,0,0,0,0,0,0,0,0,0,0,0,0,0,0,0,0,0,0,0,0,0,0,0,7,1973615,551428245,160379563,0,0,0,0,0,0,0,0,0,0,0,0,0,0,0,0,0,0,0,0,0,0,0,0,0,0,0,0,0,0,0,0,0,0,0,0,0,12878643200,5147623424,786050,314186,155134735,286,0,96,786432,549249119,811153,6,9705080258,12884901888,12517321,1500610477,0,0,0,0,0,0,0,0,0,0,0,0,0,0,0,0,0,0,53310338,153206993,0,468,1202,7661,620,106621694,35,0,0,0,0,0,0,0,1,0,0,0,0,0,0,0,0,0,0,63833546,0,155129141,2549031,0,0,0,0,0,0,0,0,16384,0,0,0,0,0,0,0,0,0,0,0,8504,456,0,0,0,0,0,162060609,0,183,0,3,456,8504,0,0,0,0,0,0,0,0,0,0,0,0,0,0,0,0,0,0,0,0,0,0,0,0,0,0,0,0,0,0,0,0,0,0,0,0,0,0,0,0,0,0,0,0,0,0,0,0,0,0,0,0,0,0,811216803,0,0,0,1088351897,0,0,0,0,0,0,0,204435523,548897404,978404322,445289421312,162246434,1,1,0,0,0,0,0,0,0,0,0,0,0,0,0,0,0,0,0,0,0,0,0,0,0,0,0,0,0,0,0,1114,0,0,0,0,0,0,0
1782980904.993,0,0,0,0,0,0,0,1968365827,8992870926848,3155857763840,0,0,0,0,0,0,0,0,0,0,0,0,0,0,0,0,0,0,0,0,0,0,0,0,0,0,0,0,0,0,0,0,0,0,0,0,0,0,0,0,0,0,0,0,0,0,0,0,0,0,0,0,0,0,0,0,0,0,7,1973636,551539446,160410019,0,0,0,0,0,0,0,0,0,0,0,0,0,0,0,0,0,0,0,0,0,0,0,0,0,0,0,0,0,0,0,0,0,0,0,0,0,12879675392,5156274176,786113,314714,155162413,221,0,97,786432,549359916,811153,6,9706657129,12884901888,12524612,1500808592,0,0,0,0,0,0,0,0,0,0,0,0,0,0,0,0,0,0,53319703,153216357,0,468,1202,7661,620,106640428,35,0,0,0,0,0,0,0,1,0,0,0,0,0,0,0,0,0,0,63844176,0,155156819,2549410,0,0,0,0,0,0,0,0,16384,0,0,0,0,0,0,0,0,0,0,0,8505,456,0,0,0,0,0,162089048,0,183,0,3,456,8505,0,0,0,0,0,0,0,0,0,0,0,0,0,0,0,0,0,0,0,0,0,0,0,0,0,0,0,0,0,0,0,0,0,0,0,0,0,0,0,0,0,0,0,0,0,0,0,0,0,0,0,0,0,0,811354138,0,0,0,1088510704,0,0,0,0,0,0,0,204455305,549007728,978574983,445360674816,162258246,1,1,0,0,0,0,0,0,0,0,0,0,0,0,0,0,0,0,0,0,0,0,0,0,0,0,0,0,0,0,0,872,0,0,0,0,0,0,0
1782980906.079,0,0,0,0,0,0,0,1968679708,8994670283264,3156440812544,0,0,0,0,0,0,0,0,0,0,0,0,0,0,0,0,0,0,0,0,0,0,0,0,0,0,0,0,0,0,0,0,0,0,0,0,0,0,0,0,0,0,0,0,0,0,0,0,0,0,0,0,0,0,0,0,0,0,7,1973661,551650066,160440582,0,0,0,0,0,0,0,0,0,0,0,0,0,0,0,0,0,0,0,0,0,0,0,0,0,0,0,0,0,0,0,0,0,0,0,0,0,12878118912,5162385408,786017,315087,155189311,316,0,99,786432,549470150,811153,6,9708226846,12884901888,12533528,1501006115,0,0,0,0,0,0,0,0,0,0,0,0,0,0,0,0,0,0,53329031,153225684,0,468,1202,7661,620,106659077,35,0,0,0,0,0,0,0,1,0,0,0,0,0,0,0,0,0,0,63854766,0,155183768,2549776,0,0,0,0,0,0,0,0,16384,0,0,0,0,0,0,0,0,0,0,0,8506,456,0,0,0,0,0,162117406,0,183,0,3,456,8506,0,0,0,0,0,0,0,0,0,0,0,0,0,0,0,0,0,0,0,0,0,0,0,0,0,0,0,0,0,0,0,0,0,0,0,0,0,0,0,0,0,0,0,0,0,0,0,0,0,0,0,0,0,0,811491746,0,0,0,1088668865,0,0,0,0,0,0,0,204475708,549117521,978746830,445432138240,162270188,1,1,0,0,0,0,0,0,0,0,0,0,0,0,0,0,0,0,0,0,0,0,0,0,0,0,0,0,0,0,0,674,0,0,0,0,0,0,0
1782980907.169,0,0,0,0,0,0,0,1969005701,8996539845120,3157040755712,0,0,0,0,0,0,0,0,0,0,0,0,0,0,0,0,0,0,0,0,0,0,0,0,0,0,0,0,0,0,0,0,0,0,0,0,0,0,0,0,0,0,0,0,0,0,0,0,0,0,0,0,0,0,0,0,0,0,7,1973683,551765093,160471954,0,0,0,0,0,0,0,0,0,0,0,0,0,0,0,0,0,0,0,0,0,0,0,0,0,0,0,0,0,0,0,0,0,0,0,0,0,12879708160,5173002240,786116,315734,155218434,218,0,98,786432,549584779,811153,6,9709857925,12884901888,12538440,1501210260,0,0,0,0,0,0,0,0,0,0,0,0,0,0,0,0,0,0,53338732,153235387,0,468,1202,7661,620,106678495,35,0,0,0,0,0,0,0,1,0,0,0,0,0,0,0,0,0,0,63865810,0,155212840,2550163,0,0,0,0,0,0,0,0,16384,0,0,0,0,0,0,0,0,0,0,0,8507,456,0,0,0,0,0,162146947,0,183,0,3,456,8507,0,0,0,0,0,0,0,0,0,0,0,0,0,0,0,0,0,0,0,0,0,0,0,0,0,0,0,0,0,0,0,0,0,0,0,0,0,0,0,0,0,0,0,0,0,0,0,0,0,0,0,0,0,0,811635154,0,0,0,1088833100,0,0,0,0,0,0,0,204494338,549231610,978923990,445506641408,162281167,0,1,0,0,0,0,0,0,0,0,0,0,0,0,0,0,0,0,0,0,0,0,0,0,0,0,0,0,0,0,0,634,0,0,0,0,0,0,0
1782980908.260,0,0,0,0,0,0,0,1969318892,8998325766656,3157621177344,0,0,0,0,0,0,0,0,0,0,0,0,0,0,0,0,0,0,0,0,0,0,0,0,0,0,0,0,0,0,0,0,0,0,0,0,0,0,0,0,0,0,0,0,0,0,0,0,0,0,0,0,0,0,0,0,0,0,7,1973711,551874946,160502345,0,0,0,0,0,0,0,0,0,0,0,0,0,0,0,0,0,0,0,0,0,0,0,0,0,0,0,0,0,0,0,0,0,0,0,0,0,12881051648,5176885248,786198,315972,155245757,139,0,97,786432,549694274,811153,6,9711421283,12884901888,12545468,1501405491,0,0,0,0,0,0,0,0,0,0,0,0,0,0,0,0,0,0,53348011,153244665,0,468,1202,7661,620,106697046,35,0,0,0,0,0,0,0,1,0,0,0,0,0,0,0,0,0,0,63876361,0,155240163,2550529,0,0,0,0,0,0,0,0,16384,0,0,0,0,0,0,0,0,0,0,0,8508,456,0,0,0,0,0,162175160,0,183,0,3,456,8508,0,0,0,0,0,0,0,0,0,0,0,0,0,0,0,0,0,0,0,0,0,0,0,0,0,0,0,0,0,0,0,0,0,0,0,0,0,0,0,0,0,0,0,0,0,0,0,0,0,0,0,0,0,0,811772646,0,0,0,1088989779,0,0,0,0,0,0,0,204513193,549340669,979094942,445578073600,162292054,1,0,0,0,0,0,0,0,0,0,0,0,0,0,0,0,0,0,0,0,0,0,0,0,0,0,0,0,0,0,0,1272,0,0,0,0,0,0,0
1782980909.345,0,0,0,0,0,0,0,1969638343,9000160037376,3158214131200,0,0,0,0,0,0,0,0,0,0,0,0,0,0,0,0,0,0,0,0,0,0,0,0,0,0,0,0,0,0,0,0,0,0,0,0,0,0,0,0,0,0,0,0,0,0,0,0,0,0,0,0,0,0,0,0,0,0,7,1973738,551987704,160533469,0,0,0,0,0,0,0,0,0,0,0,0,0,0,0,0,0,0,0,0,0,0,0,0,0,0,0,0,0,0,0,0,0,0,0,0,0,12875563008,5183127552,785862,316354,155273933,472,0,97,786432,549806648,811153,6,9713021242,12884901888,12552929,1501607652,0,0,0,0,0,0,0,0,0,0,0,0,0,0,0,0,0,0,53357530,153254183,0,468,1202,7661,620,106716091,35,0,0,0,0,0,0,0,1,0,0,0,0,0,0,0,0,0,0,63887193,0,155268339,2550904,0,0,0,0,0,0,0,0,16384,0,0,0,0,0,0,0,0,0,0,0,8509,456,0,0,0,0,0,162204077,0,183,0,3,456,8509,0,0,0,0,0,0,0,0,0,0,0,0,0,0,0,0,0,0,0,0,0,0,0,0,0,0,0,0,0,0,0,0,0,0,0,0,0,0,0,0,0,0,0,0,0,0,0,0,0,0,0,0,0,0,811909984,0,0,0,1089151382,0,0,0,0,0,0,0,204532232,549452592,979266452,445649710080,162303039,1,0,0,0,0,0,0,0,0,0,0,0,0,0,0,0,0,0,0,0,0,0,0,0,0,0,0,0,0,0,0,705,0,0,0,0,0,0,0
1782980910.431,0,0,0,0,0,0,0,1969957212,9001982118400,3158800298496,0,0,0,0,0,0,0,0,0,0,0,0,0,0,0,0,0,0,0,0,0,0,0,0,0,0,0,0,0,0,0,0,0,0,0,0,0,0,0,0,0,0,0,0,0,0,0,0,0,0,0,0,0,0,0,0,0,0,7,1973755,552099752,160564217,0,0,0,0,0,0,0,0,0,0,0,0,0,0,0,0,0,0,0,0,0,0,0,0,0,0,0,0,0,0,0,0,0,0,0,0,0,12878888960,5195055104,786065,317081,155301749,270,0,96,786432,549918270,811153,6,9714612642,12884901888,12560465,1501805512,0,0,0,0,0,0,0,0,0,0,0,0,0,0,0,0,0,0,53366992,153263651,0,468,1202,7661,620,106735014,35,0,0,0,0,0,0,0,1,0,0,0,0,0,0,0,0,0,0,63897951,0,155296300,2551272,0,0,0,0,0,0,0,0,16384,0,0,0,0,0,0,0,0,0,0,0,8510,456,0,0,0,0,0,162232862,0,183,0,3,456,8510,0,0,0,0,0,0,0,0,0,0,0,0,0,0,0,0,0,0,0,0,0,0,0,0,0,0,0,0,0,0,0,0,0,0,0,0,0,0,0,0,0,0,0,0,0,0,0,0,0,0,0,0,0,0,812048469,0,0,0,1089310904,0,0,0,0,0,0,0,204551814,549563775,979438547,445721506304,162314759,0,1,0,0,0,0,0,0,0,0,0,0,0,0,0,0,0,0,0,0,0,0,0,0,0,0,0,0,0,0,0,1487,0,0,0,0,0,0,0
1782980911.516,0,0,0,0,0,0,0,1970279391,9003824466432,3159398370816,0,0,0,0,0,0,0,0,0,0,0,0,0,0,0,0,0,0,0,0,0,0,0,0,0,0,0,0,0,0,0,0,0,0,0,0,0,0,0,0,0,0,0,0,0,0,0,0,0,0,0,0,0,0,0,0,0,0,7,1973777,552213058,160595551,0,0,0,0,0,0,0,0,0,0,0,0,0,0,0,0,0,0,0,0,0,0,0,0,0,0,0,0,0,0,0,0,0,0,0,0,0,12876087296,5198184448,785894,317272,155330382,442,0,97,786432,550031108,811153,6,9716223850,12884901888,12567190,1502007777,0,0,0,0,0,0,0,0,0,0,0,0,0,0,0,0,0,0,53376571,153273226,0,468,1202,7661,620,106754183,35,0,0,0,0,0,0,0,1,0,0,0,0,0,0,0,0,0,0,63908837,0,155324788,2551646,0,0,0,0,0,0,0,0,16384,0,0,0,0,0,0,0,0,0,0,0,8512,456,0,0,0,0,0,162261975,0,183,0,3,456,8512,0,0,0,0,0,0,0,0,0,0,0,0,0,0,0,0,0,0,0,0,0,0,0,0,0,0,0,0,0,0,0,0,0,0,0,0,0,0,0,0,0,0,0,0,0,0,0,0,0,0,0,0,0,0,812190498,0,0,0,1089473159,0,0,0,0,0,0,0,204570832,549676206,979614830,445795147776,162325676,1,0,0,0,0,0,0,0,0,0,0,0,0,0,0,0,0,0,0,0,0,0,0,0,0,0,0,0,0,0,0,1378,0,0,0,0,0,0,0
1782980912.606,0,0,0,0,0,0,0,1970585382,9005578553856,3159977057280,0,0,0,0,0,0,0,0,0,0,0,0,0,0,0,0,0,0,0,0,0,0,0,0,0,0,0,0,0,0,0,0,0,0,0,0,0,0,0,0,0,0,0,0,0,0,0,0,0,0,0,0,0,0,0,0,0,0,7,1973796,552320887,160625734,0,0,0,0,0,0,0,0,0,0,0,0,0,0,0,0,0,0,0,0,0,0,0,0,0,0,0,0,0,0,0,0,0,0,0,0,0,12880084992,5197021184,786138,317201,155356570,197,0,96,786432,550138563,811153,6,9717755049,12884901888,12575085,1502200930,0,0,0,0,0,0,0,0,0,0,0,0,0,0,0,0,0,0,53385674,153282334,0,468,1202,7661,620,106772395,35,0,0,0,0,0,0,0,1,0,0,0,0,0,0,0,0,0,0,63919175,0,155351232,2552003,0,0,0,0,0,0,0,0,16384,0,0,0,0,0,0,0,0,0,0,0,8513,456,0,0,0,0,0,162289679,0,183,0,3,456,8513,0,0,0,0,0,0,0,0,0,0,0,0,0,0,0,0,0,0,0,0,0,0,0,0,0,0,0,0,0,0,0,0,0,0,0,0,0,0,0,0,0,0,0,0,0,0,0,0,0,0,0,0,0,0,812327434,0,0,0,1089627362,0,0,0,0,0,0,0,204589669,549783250,979785641,445866045952,162336527,1,0,0,0,0,0,0,0,0,0,0,0,0,0,0,0,0,0,0,0,0,0,0,0,0,0,0,0,0,0,0,1094,0,0,0,0,0,0,0
1782980913.687,0,0,0,0,0,0,0,1970897672,9007358953984,3160579009024,0,0,0,0,0,0,0,0,0,0,0,0,0,0,0,0,0,0,0,0,0,0,0,0,0,0,0,0,0,0,0,0,0,0,0,0,0,0,0,0,0,0,0,0,0,0,0,0,0,0,0,0,0,0,0,0,0,0,7,1973819,552430374,160657583,0,0,0,0,0,0,0,0,0,0,0,0,0,0,0,0,0,0,0,0,0,0,0,0,0,0,0,0,0,0,0,0,0,0,0,0,0,12882739200,5175246848,786299,315872,155383977,25,0,107,786432,550247651,811153,6,9719314091,12884901888,12580857,1502396222,0,0,0,0,0,0,0,0,0,0,0,0,0,0,0,0,0,0,53394932,153291589,0,468,1202,7661,620,106790911,35,0,0,0,0,0,0,0,1,0,0,0,0,0,0,0,0,0,0,63929704,0,155380431,2552373,0,0,0,0,0,0,0,0,16384,0,0,0,0,0,0,0,0,0,0,0,8514,456,0,0,0,0,0,162317836,0,183,0,3,456,8514,0,0,0,0,0,0,0,0,0,0,0,0,0,0,0,0,0,0,0,0,0,0,0,0,0,0,0,0,0,0,0,0,0,0,0,0,0,0,0,0,0,0,0,0,0,0,0,0,0,0,0,0,0,0,812466684,0,0,0,1089784258,0,0,0,0,0,0,0,204606455,549891860,979959493,445938128896,162345621,1,1,0,0,0,0,0,0,0,0,0,0,0,0,0,0,0,0,0,0,0,0,0,0,0,0,0,0,0,0,0,1224,0,0,0,0,0,0,0
1782980914.769,0,0,0,0,0,0,0,1971208128,9009144072704,3161182065152,0,0,0,0,0,0,0,0,0,0,0,0,0,0,0,0,0,0,0,0,0,0,0,0,0,0,0,0,0,0,0,0,0,0,0,0,0,0,0,0,0,0,0,0,0,0,0,0,0,0,0,0,0,0,0,0,0,0,7,1973846,552540113,160689048,0,0,0,0,0,0,0,0,0,0,0,0,0,0,0,0,0,0,0,0,0,0,0,0,0,0,0,0,0,0,0,0,0,0,0,0,0,12881248256,5161435136,786209,315029,155411099,124,0,96,786432,550356977,811153,6,9720868388,12884901888,12587065,1502592813,0,0,0,0,0,0,0,0,0,0,0,0,0,0,0,0,0,0,53404181,153300837,0,468,1202,7661,620,106809392,35,0,0,0,0,0,0,0,1,0,0,0,0,0,0,0,0,0,0,63940223,0,155408705,2552744,0,0,0,0,0,0,0,0,16384,0,0,0,0,0,0,0,0,0,0,0,8515,456,0,0,0,0,0,162345977,0,183,0,3,456,8515,0,0,0,0,0,0,0,0,0,0,0,0,0,0,0,0,0,0,0,0,0,0,0,0,0,0,0,0,0,0,0,0,0,0,0,0,0,0,0,0,0,0,0,0,0,0,0,0,0,0,0,0,0,0,812606571,0,0,0,1089940900,0,0,0,0,0,0,0,204623446,550000786,980134094,446010615808,162354954,1,0,0,0,0,0,0,0,0,0,0,0,0,0,0,0,0,0,0,0,0,0,0,0,0,0,0,0,0,0,0,749,0,0,0,0,0,0,0
1782980915.853,0,0,0,0,0,0,0,1971520735,9010936596992,3161781465600,0,0,0,0,0,0,0,0,0,0,0,0,0,0,0,0,0,0,0,0,0,0,0,0,0,0,0,0,0,0,0,0,0,0,0,0,0,0,0,0,0,0,0,0,0,0,0,0,0,0,0,0,0,0,0,0,0,0,7,1973874,552650354,160720569,0,0,0,0,0,0,0,0,0,0,0,0,0,0,0,0,0,0,0,0,0,0,0,0,0,0,0,0,0,0,0,0,0,0,0,0,0,12882051072,5147017216,786258,314149,155438314,76,0,97,786432,550466822,811153,6,9722430049,12884901888,12595030,1502787874,0,0,0,0,0,0,0,0,0,0,0,0,0,0,0,0,0,0,53413482,153310138,0,468,1202,7661,620,106828005,35,0,0,0,0,0,0,0,1,0,0,0,0,0,0,0,0,0,0,63950797,0,155437072,2553107,0,0,0,0,0,0,0,0,16384,0,0,0,0,0,0,0,0,0,0,0,8516,456,0,0,0,0,0,162374221,0,183,0,3,456,8516,0,0,0,0,0,0,0,0,0,0,0,0,0,0,0,0,0,0,0,0,0,0,0,0,0,0,0,0,0,0,0,0,0,0,0,0,0,0,0,0,0,0,0,0,0,0,0,0,0,0,0,0,0,0,812745638,0,0,0,1090097780,0,0,0,0,0,0,0,204640878,550110155,980307879,446082860544,162364536,1,1,0,0,0,0,0,0,0,0,0,0,0,0,0,0,0,0,0,0,0,0,0,0,0,0,0,0,0,0,0,1239,0,0,0,0,0,0,0
1782980916.934,0,0,0,0,0,0,0,1971841134,9012763003392,3162370139648,0,0,0,0,0,0,0,0,0,0,0,0,0,0,0,0,0,0,0,0,0,0,0,0,0,0,0,0,0,0,0,0,0,0,0,0,0,0,0,0,0,0,0,0,0,0,0,0,0,0,0,0,0,0,0,0,0,0,7,1973901,552762696,160751556,0,0,0,0,0,0,0,0,0,0,0,0,0,0,0,0,0,0,0,0,0,0,0,0,0,0,0,0,0,0,0,0,0,0,0,0,0,12880117760,5150932992,786140,314388,155469978,194,0,97,786432,550578750,811153,6,9724031134,12884901888,12604089,1502989030,0,0,0,0,0,0,0,0,0,0,0,0,0,0,0,0,0,0,53422962,153319617,0,468,1202,7661,620,106846967,35,0,0,0,0,0,0,0,1,0,0,0,0,0,0,0,0,0,0,63961569,0,155464384,2553473,0,0,0,0,0,0,0,0,16384,0,0,0,0,0,0,0,0,0,0,0,8517,456,0,0,0,0,0,162403030,0,183,0,3,456,8517,0,0,0,0,0,0,0,0,0,0,0,0,0,0,0,0,0,0,0,0,0,0,0,0,0,0,0,0,0,0,0,0,0,0,0,0,0,0,0,0,0,0,0,0,0,0,0,0,0,0,0,0,0,0,812886624,0,0,0,1090258735,0,0,0,0,0,0,0,204660635,550221629,980483629,446156188672,162375676,1,0,0,0,0,0,0,0,0,0,0,0,0,0,0,0,0,0,0,0,0,0,0,0,0,0,0,0,0,0,0,1307,0,0,0,0,0,0,0
1782980918.023,0,0,0,0,0,0,0,1972160465,9014588344832,3162963222528,0,0,0,0,0,0,0,0,0,0,0,0,0,0,0,0,0,0,0,0,0,0,0,0,0,0,0,0,0,0,0,0,0,0,0,0,0,0,0,0,0,0,0,0,0,0,0,0,0,0,0,0,0,0,0,0,0,0,7,1973929,552874939,160782602,0,0,0,0,0,0,0,0,0,0,0,0,0,0,0,0,0,0,0,0,0,0,0,0,0,0,0,0,0,0,0,0,0,0,0,0,0,12880281600,5155799040,786148,314685,155498475,185,0,98,786432,550690582,811153,6,9725628539,12884901888,12610187,1503190514,0,0,0,0,0,0,0,0,0,0,0,0,0,0,0,0,0,0,53432468,153329125,0,468,1202,7661,620,106865962,35,0,0,0,0,0,0,0,1,0,0,0,0,0,0,0,0,0,0,63972396,0,155493021,2553846,0,0,0,0,0,0,0,0,16384,0,0,0,0,0,0,0,0,0,0,0,8518,456,0,0,0,0,0,162431964,0,183,0,3,456,8518,0,0,0,0,0,0,0,0,0,0,0,0,0,0,0,0,0,0,0,0,0,0,0,0,0,0,0,0,0,0,0,0,0,0,0,0,0,0,0,0,0,0,0,0,0,0,0,0,0,0,0,0,0,0,813027813,0,0,0,1090419950,0,0,0,0,0,0,0,204678716,550333011,980658367,446229488128,162386578,1,0,0,0,0,0,0,0,0,0,0,0,0,0,0,0,0,0,0,0,0,0,0,0,0,0,0,0,0,0,0,842,0,0,0,0,0,0,0
1782980919.108,0,0,0,0,0,0,0,1972486654,9016463936000,3163564313600,0,0,0,0,0,0,0,0,0,0,0,0,0,0,0,0,0,0,0,0,0,0,0,0,0,0,0,0,0,0,0,0,0,0,0,0,0,0,0,0,0,0,0,0,0,0,0,0,0,0,0,0,0,0,0,0,0,0,7,1973964,552990257,160814019,0,0,0,0,0,0,0,0,0,0,0,0,0,0,0,0,0,0,0,0,0,0,0,0,0,0,0,0,0,0,0,0,0,0,0,0,0,12879691776,5164859392,786113,315238,155527787,220,0,97,786432,550805456,811153,6,9727261468,12884901888,12614826,1503396417,0,0,0,0,0,0,0,0,0,0,0,0,0,0,0,0,0,0,53442157,153338814,0,468,1202,7661,620,106885345,35,0,0,0,0,0,0,0,1,0,0,0,0,0,0,0,0,0,0,63983412,0,155522193,2554230,0,0,0,0,0,0,0,0,16384,0,0,0,0,0,0,0,0,0,0,0,8519,456,0,0,0,0,0,162461418,0,183,0,3,456,8519,0,0,0,0,0,0,0,0,0,0,0,0,0,0,0,0,0,0,0,0,0,0,0,0,0,0,0,0,0,0,0,0,0,0,0,0,0,0,0,0,0,0,0,0,0,0,0,0,0,0,0,0,0,0,813171769,0,0,0,1090584498,0,0,0,0,0,0,0,204697199,550447421,980836047,446304139776,162397552,1,0,0,0,0,0,0,0,0,0,0,0,0,0,0,0,0,0,0,0,0,0,0,0,0,0,0,0,0,0,0,516,0,0,0,0,0,0,0
1782980920.197,0,0,0,0,0,0,0,1972812290,9018326698496,3164158641664,0,0,0,0,0,0,0,0,0,0,0,0,0,0,0,0,0,0,0,0,0,0,0,0,0,0,0,0,0,0,0,0,0,0,0,0,0,0,0,0,0,0,0,0,0,0,0,0,0,0,0,0,0,0,0,0,0,0,7,1973984,553104819,160845146,0,0,0,0,0,0,0,0,0,0,0,0,0,0,0,0,0,0,0,0,0,0,0,0,0,0,0,0,0,0,0,0,0,0,0,0,0,12877283328,5175754752,785966,315903,155556404,368,0,99,786432,550919589,811153,6,9728887117,12884901888,12620484,1503598801,0,0,0,0,0,0,0,0,0,0,0,0,0,0,0,0,0,0,53451836,153348497,0,468,1202,7661,620,106904715,35,0,0,0,0,0,0,0,1,0,0,0,0,0,0,0,0,0,0,63994426,0,155550810,2554621,0,0,0,0,0,0,0,0,16384,0,0,0,0,0,0,0,0,0,0,0,8520,456,0,0,0,0,0,162490827,0,183,0,3,456,8520,0,0,0,0,0,0,0,0,0,0,0,0,0,0,0,0,0,0,0,0,0,0,0,0,0,0,0,0,0,0,0,0,0,0,0,0,0,0,0,0,0,0,0,0,0,0,0,0,0,0,0,0,0,0,813311845,0,0,0,1090747634,0,0,0,0,0,0,0,204716015,550561145,981009841,446377028096,162408626,1,0,0,0,0,0,0,0,0,0,0,0,0,0,0,0,0,0,0,0,0,0,0,0,0,0,0,0,0,0,0,1316,0,0,0,0,0,0,0
1782980921.284,0,0,0,0,0,0,0,1973136409,9020181957120,3164754109440,0,0,0,0,0,0,0,0,0,0,0,0,0,0,0,0,0,0,0,0,0,0,0,0,0,0,0,0,0,0,0,0,0,0,0,0,0,0,0,0,0,0,0,0,0,0,0,0,0,0,0,0,0,0,0,0,0,0,7,1974007,553218930,160876387,0,0,0,0,0,0,0,0,0,0,0,0,0,0,0,0,0,0,0,0,0,0,0,0,0,0,0,0,0,0,0,0,0,0,0,0,0,12877086720,5188026368,785955,316652,155584830,377,0,97,786432,551033271,811153,6,9730508610,12884901888,12626532,1503803368,0,0,0,0,0,0,0,0,0,0,0,0,0,0,0,0,0,0,53461474,153358132,0,468,1202,7661,620,106923977,35,0,0,0,0,0,0,0,1,0,0,0,0,0,0,0,0,0,0,64005397,0,155579236,2555003,0,0,0,0,0,0,0,0,16384,0,0,0,0,0,0,0,0,0,0,0,8521,456,0,0,0,0,0,162520151,0,183,0,3,456,8521,0,0,0,0,0,0,0,0,0,0,0,0,0,0,0,0,0,0,0,0,0,0,0,0,0,0,0,0,0,0,0,0,0,0,0,0,0,0,0,0,0,0,0,0,0,0,0,0,0,0,0,0,0,0,813453074,0,0,0,1090911125,0,0,0,0,0,0,0,204733947,550674374,981185109,446450300928,162418816,1,0,0,0,0,0,0,0,0,0,0,0,0,0,0,0,0,0,0,0,0,0,0,0,0,0,0,0,0,0,0,1000,0,0,0,0,0,0,0
1782980922.374,0,0,0,0,0,0,0,1973449435,9021979249152,3165335035904,0,0,0,0,0,0,0,0,0,0,0,0,0,0,0,0,0,0,0,0,0,0,0,0,0,0,0,0,0,0,0,0,0,0,0,0,0,0,0,0,0,0,0,0,0,0,0,0,0,0,0,0,0,0,0,0,0,0,7,1974031,553329469,160906765,0,0,0,0,0,0,0,0,0,0,0,0,0,0,0,0,0,0,0,0,0,0,0,0,0,0,0,0,0,0,0,0,0,0,0,0,0,12879790080,5194137600,786120,317025,155612650,214,0,98,786432,551143422,811153,6,9732071717,12884901888,12632681,1503998505,0,0,0,0,0,0,0,0,0,0,0,0,0,0,0,0,0,0,53470779,153367438,0,468,1202,7661,620,106942579,35,0,0,0,0,0,0,0,1,0,0,0,0,0,0,0,0,0,0,64015981,0,155607056,2555370,0,0,0,0,0,0,0,0,16384,0,0,0,0,0,0,0,0,0,0,0,8522,456,0,0,0,0,0,162548489,0,183,0,3,456,8522,0,0,0,0,0,0,0,0,0,0,0,0,0,0,0,0,0,0,0,0,0,0,0,0,0,0,0,0,0,0,0,0,0,0,0,0,0,0,0,0,0,0,0,0,0,0,0,0,0,0,0,0,0,0,813592810,0,0,0,1091068147,0,0,0,0,0,0,0,204750069,550784055,981357826,446522667520,162427829,1,1,0,0,0,0,0,0,0,0,0,0,0,0,0,0,0,0,0,0,0,0,0,0,0,0,0,0,0,0,0,1420,0,0,0,0,0,0,0
1782980923.456,0,0,0,0,0,0,0,1973770870,9023825463808,3165930068480,0,0,0,0,0,0,0,0,0,0,0,0,0,0,0,0,0,0,0,0,0,0,0,0,0,0,0,0,0,0,0,0,0,0,0,0,0,0,0,0,0,0,0,0,0,0,0,0,0,0,0,0,0,0,0,0,0,0,7,1974055,553442965,160937869,0,0,0,0,0,0,0,0,0,0,0,0,0,0,0,0,0,0,0,0,0,0,0,0,0,0,0,0,0,0,0,0,0,0,0,0,0,12876480512,5197955072,785917,317258,155641349,416,0,98,786432,551256475,811153,6,9733681747,12884901888,12638410,1504202133,0,0,0,0,0,0,0,0,0,0,0,0,0,0,0,0,0,0,53480333,153376994,0,468,1202,7661,620,106961692,35,0,0,0,0,0,0,0,1,0,0,0,0,0,0,0,0,0,0,64026844,0,155635755,2555759,0,0,0,0,0,0,0,0,16384,0,0,0,0,0,0,0,0,0,0,0,8523,456,0,0,0,0,0,162577536,0,183,0,3,456,8523,0,0,0,0,0,0,0,0,0,0,0,0,0,0,0,0,0,0,0,0,0,0,0,0,0,0,0,0,0,0,0,0,0,0,0,0,0,0,0,0,0,0,0,0,0,0,0,0,0,0,0,0,0,0,813735318,0,0,0,1091230508,0,0,0,0,0,0,0,204767506,550896674,981533913,446596760576,162437606,1,1,0,0,0,0,0,0,0,0,0,0,0,0,0,0,0,0,0,0,0,0,0,0,0,0,0,0,0,0,0,852,0,0,0,0,0,0,0
1782980924.541,0,0,0,0,0,0,0,1974093924,9025678445056,3166527935488,0,0,0,0,0,0,0,0,0,0,0,0,0,0,0,0,0,0,0,0,0,0,0,0,0,0,0,0,0,0,0,0,0,0,0,0,0,0,0,0,0,0,0,0,0,0,0,0,0,0,0,0,0,0,0,0,0,0,7,1974074,553556937,160969056,0,0,0,0,0,0,0,0,0,0,0,0,0,0,0,0,0,0,0,0,0,0,0,0,0,0,0,0,0,0,0,0,0,0,0,0,0,12879413248,5204983808,786097,317688,155670399,239,0,97,786432,551370013,811153,6,9735297318,12884901888,12642502,1504405173,0,0,0,0,0,0,0,0,0,0,0,0,0,0,0,0,0,0,53489931,153386589,0,468,1202,7661,620,106980905,35,0,0,0,0,0,0,0,1,0,0,0,0,0,0,0,0,0,0,64037768,0,155664805,2556148,0,0,0,0,0,0,0,0,16384,0,0,0,0,0,0,0,0,0,0,0,8525,456,0,0,0,0,0,162606693,0,183,0,3,456,8525,0,0,0,0,0,0,0,0,0,0,0,0,0,0,0,0,0,0,0,0,0,0,0,0,0,0,0,0,0,0,0,0,0,0,0,0,0,0,0,0,0,0,0,0,0,0,0,0,0,0,0,0,0,0,813878892,0,0,0,1091393450,0,0,0,0,0,0,0,204784718,551009717,981710867,446671202816,162447546,1,1,0,0,0,0,0,0,0,0,0,0,0,0,0,0,0,0,0,0,0,0,0,0,0,0,0,0,0,0,0,545,0,0,0,0,0,0,0
1782980925.626,0,0,0,0,0,0,0,1974414606,9027515484672,3167127225344,0,0,0,0,0,0,0,0,0,0,0,0,0,0,0,0,0,0,0,0,0,0,0,0,0,0,0,0,0,0,0,0,0,0,0,0,0,0,0,0,0,0,0,0,0,0,0,0,0,0,0,0,0,0,0,0,0,0,7,1974104,553669851,161000509,0,0,0,0,0,0,0,0,0,0,0,0,0,0,0,0,0,0,0,0,0,0,0,0,0,0,0,0,0,0,0,0,0,0,0,0,0,12879036416,5202247680,786074,317520,155698047,262,0,96,786432,551482487,811153,6,9736897843,12884901888,12649540,1504604342,0,0,0,0,0,0,0,0,0,0,0,0,0,0,0,0,0,0,53499471,153396130,0,468,1202,7661,620,106999966,35,0,0,0,0,0,0,0,1,0,0,0,0,0,0,0,0,0,0,64048608,0,155693221,2556529,0,0,0,0,0,0,0,0,16384,0,0,0,0,0,0,0,0,0,0,0,8526,456,0,0,0,0,0,162635685,0,183,0,3,456,8526,0,0,0,0,0,0,0,0,0,0,0,0,0,0,0,0,0,0,0,0,0,0,0,0,0,0,0,0,0,0,0,0,0,0,0,0,0,0,0,0,0,0,0,0,0,0,0,0,0,0,0,0,0,0,814019311,0,0,0,1091553846,0,0,0,0,0,0,0,204803714,551121801,981885904,446744105984,162458264,1,0,0,0,0,0,0,0,0,0,0,0,0,0,0,0,0,0,0,0,0,0,0,0,0,0,0,0,0,0,0,1578,0,0,0,0,0,0,0
1782980926.712,0,0,0,0,0,0,0,1974725199,9029298145792,3167723847680,0,0,0,0,0,0,0,0,0,0,0,0,0,0,0,0,0,0,0,0,0,0,0,0,0,0,0,0,0,0,0,0,0,0,0,0,0,0,0,0,0,0,0,0,0,0,0,0,0,0,0,0,0,0,0,0,0,0,7,1974127,553779488,161031824,0,0,0,0,0,0,0,0,0,0,0,0,0,0,0,0,0,0,0,0,0,0,0,0,0,0,0,0,0,0,0,0,0,0,0,0,0,12883296256,5185863680,786334,316520,155724790,0,0,98,786432,551591747,811153,6,9738452170,12884901888,12656252,1504800477,0,0,0,0,0,0,0,0,0,0,0,0,0,0,0,0,0,0,53508695,153405353,0,468,1202,7661,620,107018432,35,0,0,0,0,0,0,0,1,0,0,0,0,0,0,0,0,0,0,64059102,0,155720860,2556887,0,0,0,0,0,0,0,0,16384,0,0,0,0,0,0,0,0,0,0,0,8527,456,0,0,0,0,0,162663732,0,183,0,3,456,8527,0,0,0,0,0,0,0,0,0,0,0,0,0,0,0,0,0,0,0,0,0,0,0,0,0,0,0,0,0,0,0,0,0,0,0,0,0,0,0,0,0,0,0,0,0,0,0,0,0,0,0,0,0,0,814157500,0,0,0,1091710930,0,0,0,0,0,0,0,204822455,551230597,982058847,446815778304,162468996,1,0,0,0,0,0,0,0,0,0,0,0,0,0,0,0,0,0,0,0,0,0,0,0,0,0,0,0,0,0,0,786,0,0,0,0,0,0,0
1782980927.788,0,0,0,0,0,0,0,1975039372,9031097027072,3168330881536,0,0,0,0,0,0,0,0,0,0,0,0,0,0,0,0,0,0,0,0,0,0,0,0,0,0,0,0,0,0,0,0,0,0,0,0,0,0,0,0,0,0,0,0,0,0,0,0,0,0,0,0,0,0,0,0,0,0,7,1974153,553890122,161063844,0,0,0,0,0,0,0,0,0,0,0,0,0,0,0,0,0,0,0,0,0,0,0,0,0,0,0,0,0,0,0,0,0,0,0,0,0,12881494016,5164843008,786224,315236,155752331,112,0,97,786432,551701963,811153,6,9740020768,12884901888,12662143,1504995670,0,0,0,0,0,0,0,0,0,0,0,0,0,0,0,0,0,0,53518024,153414681,0,468,1202,7661,620,107037084,35,0,0,0,0,0,0,0,1,0,0,0,0,0,0,0,0,0,0,64069712,0,155750321,2557254,0,0,0,0,0,0,0,0,16384,0,0,0,0,0,0,0,0,0,0,0,8528,456,0,0,0,0,0,162692093,0,183,0,3,456,8528,0,0,0,0,0,0,0,0,0,0,0,0,0,0,0,0,0,0,0,0,0,0,0,0,0,0,0,0,0,0,0,0,0,0,0,0,0,0,0,0,0,0,0,0,0,0,0,0,0,0,0,0,0,0,814295928,0,0,0,1091868053,0,0,0,0,0,0,0,204839995,551340382,982232221,446887529472,162479139,1,0,0,0,0,0,0,0,0,0,0,0,0,0,0,0,0,0,0,0,0,0,0,0,0,0,0,0,0,0,0,1644,0,0,0,0,0,0,0
1782980928.870,0,0,0,0,0,0,0,1975358910,9032932772352,3168937979392,0,0,0,0,0,0,0,0,0,0,0,0,0,0,0,0,0,0,0,0,0,0,0,0,0,0,0,0,0,0,0,0,0,0,0,0,0,0,0,0,0,0,0,0,0,0,0,0,0,0,0,0,0,0,0,0,0,0,7,1974185,554003006,161095882,0,0,0,0,0,0,0,0,0,0,0,0,0,0,0,0,0,0,0,0,0,0,0,0,0,0,0,0,0,0,0,0,0,0,0,0,0,12878970880,5152636928,786070,314493,155784995,265,0,99,786432,551814415,811153,6,9741620774,12884901888,12668002,1505198792,0,0,0,0,0,0,0,0,0,0,0,0,0,0,0,0,0,0,53527534,153424191,0,468,1202,7661,620,107056095,35,0,0,0,0,0,0,0,1,0,0,0,0,0,0,0,0,0,0,64080524,0,155779470,2557633,0,0,0,0,0,0,0,0,16384,0,0,0,0,0,0,0,0,0,0,0,8529,456,0,0,0,0,0,162720969,0,183,0,3,456,8529,0,0,0,0,0,0,0,0,0,0,0,0,0,0,0,0,0,0,0,0,0,0,0,0,0,0,0,0,0,0,0,0,0,0,0,0,0,0,0,0,0,0,0,0,0,0,0,0,0,0,0,0,0,0,814436728,0,0,0,1092029695,0,0,0,0,0,0,0,204858228,551452427,982407962,446960741376,162489416,1,1,0,0,0,0,0,0,0,0,0,0,0,0,0,0,0,0,0,0,0,0,0,0,0,0,0,0,0,0,0,752,0,0,0,0,0,0,0
1782980929.951,0,0,0,0,0,0,0,1975675269,9034738584064,3169518537728,0,0,0,0,0,0,0,0,0,0,0,0,0,0,0,0,0,0,0,0,0,0,0,0,0,0,0,0,0,0,0,0,0,0,0,0,0,0,0,0,0,0,0,0,0,0,0,0,0,0,0,0,0,0,0,0,0,0,7,1974213,554113997,161126259,0,0,0,0,0,0,0,0,0,0,0,0,0,0,0,0,0,0,0,0,0,0,0,0,0,0,0,0,0,0,0,0,0,0,0,0,0,12879134720,5163433984,786080,315151,155812366,252,0,98,786432,551925016,811153,6,9743200090,12884901888,12675626,1505395430,0,0,0,0,0,0,0,0,0,0,0,0,0,0,0,0,0,0,53536921,153433579,0,468,1202,7661,620,107074867,35,0,0,0,0,0,0,0,1,0,0,0,0,0,0,0,0,0,0,64091195,0,155806772,2558004,0,0,0,0,0,0,0,0,16384,0,0,0,0,0,0,0,0,0,0,0,8530,456,0,0,0,0,0,162749536,0,183,0,3,456,8530,0,0,0,0,0,0,0,0,0,0,0,0,0,0,0,0,0,0,0,0,0,0,0,0,0,0,0,0,0,0,0,0,0,0,0,0,0,0,0,0,0,0,0,0,0,0,0,0,0,0,0,0,0,0,814575113,0,0,0,1092188088,0,0,0,0,0,0,0,204878393,551562542,982579882,447032560128,162501468,1,0,0,0,0,0,0,0,0,0,0,0,0,0,0,0,0,0,0,0,0,0,0,0,0,0,0,0,0,0,0,1484,0,0,0,0,0,0,0
1782980931.040,0,0,0,0,0,0,0,1975985107,9036512004608,3170089316864,0,0,0,0,0,0,0,0,0,0,0,0,0,0,0,0,0,0,0,0,0,0,0,0,0,0,0,0,0,0,0,0,0,0,0,0,0,0,0,0,0,0,0,0,0,0,0,0,0,0,0,0,0,0,0,0,0,0,7,1974231,554223044,161156114,0,0,0,0,0,0,0,0,0,0,0,0,0,0,0,0,0,0,0,0,0,0,0,0,0,0,0,0,0,0,0,0,0,0,0,0,0,12878217216,5172035584,786024,315676,155838979,312,0,97,786432,552033664,811153,6,9744749964,12884901888,12684434,1505591188,0,0,0,0,0,0,0,0,0,0,0,0,0,0,0,0,0,0,53546130,153442790,0,468,1202,7661,620,107093289,35,0,0,0,0,0,0,0,1,0,0,0,0,0,0,0,0,0,0,64101673,0,155833385,2558358,0,0,0,0,0,0,0,0,16384,0,0,0,0,0,0,0,0,0,0,0,8531,456,0,0,0,0,0,162777562,0,183,0,3,456,8531,0,0,0,0,0,0,0,0,0,0,0,0,0,0,0,0,0,0,0,0,0,0,0,0,0,0,0,0,0,0,0,0,0,0,0,0,0,0,0,0,0,0,0,0,0,0,0,0,0,0,0,0,0,0,814711813,0,0,0,1092344298,0,0,0,0,0,0,0,204896270,551670796,982749799,447103643136,162511609,1,0,0,0,0,0,0,0,0,0,0,0,0,0,0,0,0,0,0,0,0,0,0,0,0,0,0,0,0,0,0,1049,0,0,0,0,0,0,0
1782980932.127,0,0,0,0,0,0,0,1976294558,9038281738752,3170668276224,0,0,0,0,0,0,0,0,0,0,0,0,0,0,0,0,0,0,0,0,0,0,0,0,0,0,0,0,0,0,0,0,0,0,0,0,0,0,0,0,0,0,0,0,0,0,0,0,0,0,0,0,0,0,0,0,0,0,7,1974251,554331865,161186364,0,0,0,0,0,0,0,0,0,0,0,0,0,0,0,0,0,0,0,0,0,0,0,0,0,0,0,0,0,0,0,0,0,0,0,0,0,12880052224,5173166080,786136,315745,155866179,198,0,97,786432,552142063,811153,6,9746295791,12884901888,12691186,1505785482,0,0,0,0,0,0,0,0,0,0,0,0,0,0,0,0,0,0,53555317,153451975,0,468,1202,7661,620,107111665,35,0,0,0,0,0,0,0,1,0,0,0,0,0,0,0,0,0,0,64112121,0,155860585,2558709,0,0,0,0,0,0,0,0,16384,0,0,0,0,0,0,0,0,0,0,0,8532,456,0,0,0,0,0,162805459,0,183,0,3,456,8532,0,0,0,0,0,0,0,0,0,0,0,0,0,0,0,0,0,0,0,0,0,0,0,0,0,0,0,0,0,0,0,0,0,0,0,0,0,0,0,0,0,0,0,0,0,0,0,0,0,0,0,0,0,0,814851892,0,0,0,1092499937,0,0,0,0,0,0,0,204911815,551778813,982923231,447176135680,162520141,1,0,0,0,0,0,0,0,0,0,0,0,0,0,0,0,0,0,0,0,0,0,0,0,0,0,0,0,0,0,0,1058,0,0,0,0,0,0,0
1782980933.217,0,0,0,0,0,0,0,1976598840,9040024603136,3171238841344,0,0,0,0,0,0,0,0,0,0,0,0,0,0,0,0,0,0,0,0,0,0,0,0,0,0,0,0,0,0,0,0,0,0,0,0,0,0,0,0,0,0,0,0,0,0,0,0,0,0,0,0,0,0,0,0,0,0,7,1974272,554439011,161216195,0,0,0,0,0,0,0,0,0,0,0,0,0,0,0,0,0,0,0,0,0,0,0,0,0,0,0,0,0,0,0,0,0,0,0,0,0,12880936960,5173444608,786191,315762,155892067,145,0,97,786432,552248809,811153,6,9747816258,12884901888,12700309,1505977192,0,0,0,0,0,0,0,0,0,0,0,0,0,0,0,0,0,0,53564346,153461004,0,468,1202,7661,620,107129736,35,0,0,0,0,0,0,0,1,0,0,0,0,0,0,0,0,0,0,64122393,0,155886628,2559047,0,0,0,0,0,0,0,0,16384,0,0,0,0,0,0,0,0,0,0,0,8533,456,0,0,0,0,0,162832900,0,183,0,3,456,8533,0,0,0,0,0,0,0,0,0,0,0,0,0,0,0,0,0,0,0,0,0,0,0,0,0,0,0,0,0,0,0,0,0,0,0,0,0,0,0,0,0,0,0,0,0,0,0,0,0,0,0,0,0,0,814989953,0,0,0,1092653475,0,0,0,0,0,0,0,204928695,551885155,983094958,447247703552,162529264,1,0,0,0,0,0,0,0,0,0,0,0,0,0,0,0,0,0,0,0,0,0,0,0,0,0,0,0,0,0,0,639,0,0,0,0,0,0,0
1782980934.306,0,0,0,0,0,0,0,1976915379,9041835395584,3171824094720,0,0,0,0,0,0,0,0,0,0,0,0,0,0,0,0,0,0,0,0,0,0,0,0,0,0,0,0,0,0,0,0,0,0,0,0,0,0,0,0,0,0,0,0,0,0,0,0,0,0,0,0,0,0,0,0,0,0,7,1974298,554550334,161246738,0,0,0,0,0,0,0,0,0,0,0,0,0,0,0,0,0,0,0,0,0,0,0,0,0,0,0,0,0,0,0,0,0,0,0,0,0,12878135296,5181767680,786019,316270,155920106,318,0,98,786432,552359737,811153,6,9749395957,12884901888,12707609,1506174246,0,0,0,0,0,0,0,0,0,0,0,0,0,0,0,0,0,0,53573750,153470411,0,468,1202,7661,620,107148521,35,0,0,0,0,0,0,0,1,0,0,0,0,0,0,0,0,0,0,64133091,0,155914512,2559409,0,0,0,0,0,0,0,0,16384,0,0,0,0,0,0,0,0,0,0,0,8534,456,0,0,0,0,0,162861516,0,183,0,3,456,8534,0,0,0,0,0,0,0,0,0,0,0,0,0,0,0,0,0,0,0,0,0,0,0,0,0,0,0,0,0,0,0,0,0,0,0,0,0,0,0,0,0,0,0,0,0,0,0,0,0,0,0,0,0,0,815132418,0,0,0,1092812000,0,0,0,0,0,0,0,204944711,551995655,983270647,447321442304,162538285,1,1,0,0,0,0,0,0,0,0,0,0,0,0,0,0,0,0,0,0,0,0,0,0,0,0,0,0,0,0,0,1260,0,0,0,0,0,0,0
1782980935.395,0,0,0,0,0,0,0,1977228016,9043632785920,3172405972480,0,0,0,0,0,0,0,0,0,0,0,0,0,0,0,0,0,0,0,0,0,0,0,0,0,0,0,0,0,0,0,0,0,0,0,0,0,0,0,0,0,0,0,0,0,0,0,0,0,0,0,0,0,0,0,0,0,0,7,1974315,554660807,161277126,0,0,0,0,0,0,0,0,0,0,0,0,0,0,0,0,0,0,0,0,0,0,0,0,0,0,0,0,0,0,0,0,0,0,0,0,0,12879101952,5188091904,786078,316656,155947925,258,0,96,786432,552469802,811153,6,9750961073,12884901888,12713049,1506370802,0,0,0,0,0,0,0,0,0,0,0,0,0,0,0,0,0,0,53583045,153479707,0,468,1202,7661,620,107167122,35,0,0,0,0,0,0,0,1,0,0,0,0,0,0,0,0,0,0,64143647,0,155942331,2559772,0,0,0,0,0,0,0,0,16384,0,0,0,0,0,0,0,0,0,0,0,8535,456,0,0,0,0,0,162889765,0,183,0,3,456,8535,0,0,0,0,0,0,0,0,0,0,0,0,0,0,0,0,0,0,0,0,0,0,0,0,0,0,0,0,0,0,0,0,0,0,0,0,0,0,0,0,0,0,0,0,0,0,0,0,0,0,0,0,0,0,815272769,0,0,0,1092969777,0,0,0,0,0,0,0,204960525,552105303,983444043,447394100736,162547090,1,0,0,0,0,0,0,0,0,0,0,0,0,0,0,0,0,0,0,0,0,0,0,0,0,0,0,0,0,0,0,937,0,0,0,0,0,0,0
1782980936.478,0,0,0,0,0,0,0,1977519674,9045304330752,3172950308352,0,0,0,0,0,0,0,0,0,0,0,0,0,0,0,0,0,0,0,0,0,0,0,0,0,0,0,0,0,0,0,0,0,0,0,0,0,0,0,0,0,0,0,0,0,0,0,0,0,0,0,0,0,0,0,0,0,0,7,1974332,554763675,161305672,0,0,0,0,0,0,0,0,0,0,0,0,0,0,0,0,0,0,0,0,0,0,0,0,0,0,0,0,0,0,0,0,0,0,0,0,0,12882460672,5190107136,786283,316779,155972614,26,0,123,786432,552572306,811153,6,9752417319,12884901888,12723540,1506552787,0,0,0,0,0,0,0,0,0,0,0,0,0,0,0,0,0,0,53591698,153488358,0,468,1202,7661,620,107184437,35,0,0,0,0,0,0,0,1,0,0,0,0,0,0,0,0,0,0,64153465,0,155967020,2560093,0,0,0,0,0,0,0,0,16384,0,0,0,0,0,0,0,0,0,0,0,8537,456,0,0,0,0,0,162916059,0,183,0,3,456,8537,0,0,0,0,0,0,0,0,0,0,0,0,0,0,0,0,0,0,0,0,0,0,0,0,0,0,0,0,0,0,0,0,0,0,0,0,0,0,0,0,0,0,0,0,0,0,0,0,0,0,0,0,0,0,815404072,0,0,0,1093115840,0,0,0,0,0,0,0,204980000,552207300,983607788,447462061568,162558545,1,0,0,0,0,0,0,0,0,0,0,0,0,0,0,0,0,0,0,0,0,0,0,0,0,0,0,0,0,0,0,1500,0,0,0,0,0,0,0
1782980937.556,0,0,0,0,0,0,0,1977815937,9047002155520,3173507837952,0,0,0,0,0,0,0,0,0,0,0,0,0,0,0,0,0,0,0,0,0,0,0,0,0,0,0,0,0,0,0,0,0,0,0,0,0,0,0,0,0,0,0,0,0,0,0,0,0,0,0,0,0,0,0,0,0,0,7,1974354,554868016,161334784,0,0,0,0,0,0,0,0,0,0,0,0,0,0,0,0,0,0,0,0,0,0,0,0,0,0,0,0,0,0,0,0,0,0,0,0,0,12878348288,5192204288,786032,316907,155997407,283,0,115,786432,552676260,811153,6,9753899949,12884901888,12736668,1506741124,0,0,0,0,0,0,0,0,0,0,0,0,0,0,0,0,0,0,53600494,153497153,0,468,1202,7661,620,107202022,35,0,0,0,0,0,0,0,1,0,0,0,0,0,0,0,0,0,0,64163447,0,155991826,2560418,0,0,0,0,0,0,0,0,16384,0,0,0,0,0,0,0,0,0,0,0,8538,456,0,0,0,0,0,162942805,0,183,0,3,456,8538,0,0,0,0,0,0,0,0,0,0,0,0,0,0,0,0,0,0,0,0,0,0,0,0,0,0,0,0,0,0,0,0,0,0,0,0,0,0,0,0,0,0,0,0,0,0,0,0,0,0,0,0,0,0,815539668,0,0,0,1093265789,0,0,0,0,0,0,0,204999114,552310892,983776826,447532400128,162569350,1,0,0,0,0,0,0,0,0,0,0,0,0,0,0,0,0,0,0,0,0,0,0,0,0,0,0,0,0,0,0,593,0,0,0,0,0,0,0
1782980938.644,0,0,0,0,0,0,0,1978118236,9048737548800,3174088367616,0,0,0,0,0,0,0,0,0,0,0,0,0,0,0,0,0,0,0,0,0,0,0,0,0,0,0,0,0,0,0,0,0,0,0,0,0,0,0,0,0,0,0,0,0,0,0,0,0,0,0,0,0,0,0,0,0,0,7,1974383,554974691,161365168,0,0,0,0,0,0,0,0,0,0,0,0,0,0,0,0,0,0,0,0,0,0,0,0,0,0,0,0,0,0,0,0,0,0,0,0,0,12881199104,5180456960,786206,316190,156023345,128,0,96,786432,552782520,811153,6,9755410216,12884901888,12744935,1506930076,0,0,0,0,0,0,0,0,0,0,0,0,0,0,0,0,0,0,53609474,153506133,0,468,1202,7661,620,107219987,35,0,0,0,0,0,0,0,1,0,0,0,0,0,0,0,0,0,0,64173644,0,156018726,2560770,0,0,0,0,0,0,0,0,16384,0,0,0,0,0,0,0,0,0,0,0,8539,456,0,0,0,0,0,162970113,0,183,0,3,456,8539,0,0,0,0,0,0,0,0,0,0,0,0,0,0,0,0,0,0,0,0,0,0,0,0,0,0,0,0,0,0,0,0,0,0,0,0,0,0,0,0,0,0,0,0,0,0,0,0,0,0,0,0,0,0,815673840,0,0,0,1093417407,0,0,0,0,0,0,0,205017009,552416840,983944606,447602023424,162579623,1,1,0,0,0,0,0,0,0,0,0,0,0,0,0,0,0,0,0,0,0,0,0,0,0,0,0,0,0,0,0,1004,0,0,0,0,0,0,0
1782980939.729,0,0,0,0,0,0,0,1978422467,9050481871360,3174677077504,0,0,0,0,0,0,0,0,0,0,0,0,0,0,0,0,0,0,0,0,0,0,0,0,0,0,0,0,0,0,0,0,0,0,0,0,0,0,0,0,0,0,0,0,0,0,0,0,0,0,0,0,0,0,0,0,0,0,7,1974408,555081997,161396242,0,0,0,0,0,0,0,0,0,0,0,0,0,0,0,0,0,0,0,0,0,0,0,0,0,0,0,0,0,0,0,0,0,0,0,0,0,12880396288,5166071808,786159,315313,156049514,180,0,96,786432,552889434,811153,6,9756929912,12884901888,12753644,1507119778,0,0,0,0,0,0,0,0,0,0,0,0,0,0,0,0,0,0,53618533,153515194,0,468,1202,7661,620,107238099,35,0,0,0,0,0,0,0,1,0,0,0,0,0,0,0,0,0,0,64183945,0,156046224,2561122,0,0,0,0,0,0,0,0,16384,0,0,0,0,0,0,0,0,0,0,0,8540,456,0,0,0,0,0,162997640,0,183,0,3,456,8540,0,0,0,0,0,0,0,0,0,0,0,0,0,0,0,0,0,0,0,0,0,0,0,0,0,0,0,0,0,0,0,0,0,0,0,0,0,0,0,0,0,0,0,0,0,0,0,0,0,0,0,0,0,0,815807630,0,0,0,1093570019,0,0,0,0,0,0,0,205034927,552523351,984113264,447671445504,162589397,1,0,0,0,0,0,0,0,0,0,0,0,0,0,0,0,0,0,0,0,0,0,0,0,0,0,0,0,0,0,0,1471,0,0,0,0,0,0,0
1782980940.806,0,0,0,0,0,0,0,1978733824,9052269103616,3175286002688,0,0,0,0,0,0,0,0,0,0,0,0,0,0,0,0,0,0,0,0,0,0,0,0,0,0,0,0,0,0,0,0,0,0,0,0,0,0,0,0,0,0,0,0,0,0,0,0,0,0,0,0,0,0,0,0,0,0,7,1974429,555191837,161428191,0,0,0,0,0,0,0,0,0,0,0,0,0,0,0,0,0,0,0,0,0,0,0,0,0,0,0,0,0,0,0,0,0,0,0,0,0,12882247680,5145853952,786270,314078,156076797,66,0,96,786432,552998816,811153,6,9758485945,12884901888,12760814,1507314501,0,0,0,0,0,0,0,0,0,0,0,0,0,0,0,0,0,0,53627783,153524444,0,468,1202,7661,620,107256595,35,0,0,0,0,0,0,0,1,0,0,0,0,0,0,0,0,0,0,64194461,0,156075043,2561493,0,0,0,0,0,0,0,0,16384,0,0,0,0,0,0,0,0,0,0,0,8541,456,0,0,0,0,0,163025783,0,183,0,3,456,8541,0,0,0,0,0,0,0,0,0,0,0,0,0,0,0,0,0,0,0,0,0,0,0,0,0,0,0,0,0,0,0,0,0,0,0,0,0,0,0,0,0,0,0,0,0,0,0,0,0,0,0,0,0,0,815946679,0,0,0,1093726378,0,0,0,0,0,0,0,205052126,552632380,984287442,447743388160,162598765,1,0,0,0,0,0,0,0,0,0,0,0,0,0,0,0,0,0,0,0,0,0,0,0,0,0,0,0,0,0,0,1819,0,0,0,0,0,0,0
1782980941.887,0,0,0,0,0,0,0,1979048073,9054076127744,3175876249600,0,0,0,0,0,0,0,0,0,0,0,0,0,0,0,0,0,0,0,0,0,0,0,0,0,0,0,0,0,0,0,0,0,0,0,0,0,0,0,0,0,0,0,0,0,0,0,0,0,0,0,0,0,0,0,0,0,0,7,1974460,555302963,161459498,0,0,0,0,0,0,0,0,0,0,0,0,0,0,0,0,0,0,0,0,0,0,0,0,0,0,0,0,0,0,0,0,0,0,0,0,0,12879511552,5139169280,786104,313670,156108711,207,0,120,786432,553109565,811153,6,9760062072,12884901888,12768340,1507514556,0,0,0,0,0,0,0,0,0,0,0,0,0,0,0,0,0,0,53637127,153533787,0,468,1202,7661,620,107275279,35,0,0,0,0,0,0,0,1,0,0,0,0,0,0,0,0,0,0,64205086,0,156103117,2561862,0,0,0,0,0,0,0,0,16384,0,0,0,0,0,0,0,0,0,0,0,8542,456,0,0,0,0,0,163054171,0,183,0,3,456,8542,0,0,0,0,0,0,0,0,0,0,0,0,0,0,0,0,0,0,0,0,0,0,0,0,0,0,0,0,0,0,0,0,0,0,0,0,0,0,0,0,0,0,0,0,0,0,0,0,0,0,0,0,0,0,816085369,0,0,0,1093885986,0,0,0,0,0,0,0,205069879,552742615,984460796,447815453184,162608542,1,0,0,0,0,0,0,0,0,0,0,0,0,0,0,0,0,0,0,0,0,0,0,0,0,0,0,0,0,0,0,371,0,0,0,0,0,0,0
1782980942.973,0,0,0,0,0,0,0,1979371084,9055937710592,3176473548288,0,0,0,0,0,0,0,0,0,0,0,0,0,0,0,0,0,0,0,0,0,0,0,0,0,0,0,0,0,0,0,0,0,0,0,0,0,0,0,0,0,0,0,0,0,0,0,0,0,0,0,0,0,0,0,0,0,0,7,1974484,555417327,161490704,0,0,0,0,0,0,0,0,0,0,0,0,0,0,0,0,0,0,0,0,0,0,0,0,0,0,0,0,0,0,0,0,0,0,0,0,0,12879937536,5148311552,786129,314228,156137319,207,0,96,786432,553223501,811153,6,9761677513,12884901888,12774107,1507717307,0,0,0,0,0,0,0,0,0,0,0,0,0,0,0,0,0,0,53646718,153543379,0,468,1202,7661,620,107294476,35,0,0,0,0,0,0,0,1,0,0,0,0,0,0,0,0,0,0,64215998,0,156131725,2562237,0,0,0,0,0,0,0,0,16384,0,0,0,0,0,0,0,0,0,0,0,8543,456,0,0,0,0,0,163083310,0,183,0,3,456,8543,0,0,0,0,0,0,0,0,0,0,0,0,0,0,0,0,0,0,0,0,0,0,0,0,0,0,0,0,0,0,0,0,0,0,0,0,0,0,0,0,0,0,0,0,0,0,0,0,0,0,0,0,0,0,816228598,0,0,0,1094048547,0,0,0,0,0,0,0,205087195,552856173,984637891,447889906688,162618486,1,1,0,0,0,0,0,0,0,0,0,0,0,0,0,0,0,0,0,0,0,0,0,0,0,0,0,0,0,0,0,421,0,0,0,0,0,0,0
1782980944.058,0,0,0,0,0,0,0,1979679862,9057705101824,3177044639232,0,0,0,0,0,0,0,0,0,0,0,0,0,0,0,0,0,0,0,0,0,0,0,0,0,0,0,0,0,0,0,0,0,0,0,0,0,0,0,0,0,0,0,0,0,0,0,0,0,0,0,0,0,0,0,0,0,0,7,1974506,555526041,161520604,0,0,0,0,0,0,0,0,0,0,0,0,0,0,0,0,0,0,0,0,0,0,0,0,0,0,0,0,0,0,0,0,0,0,0,0,0,12878659584,5155520512,786051,314668,156163730,286,0,96,786432,553331816,811153,6,9763220941,12884901888,12783432,1507910967,0,0,0,0,0,0,0,0,0,0,0,0,0,0,0,0,0,0,53655888,153552548,0,468,1202,7661,620,107312807,35,0,0,0,0,0,0,0,1,0,0,0,0,0,0,0,0,0,0,64226407,0,156158136,2562595,0,0,0,0,0,0,0,0,16384,0,0,0,0,0,0,0,0,0,0,0,8544,456,0,0,0,0,0,163111159,0,183,0,3,456,8544,0,0,0,0,0,0,0,0,0,0,0,0,0,0,0,0,0,0,0,0,0,0,0,0,0,0,0,0,0,0,0,0,0,0,0,0,0,0,0,0,0,0,0,0,0,0,0,0,0,0,0,0,0,0,816365305,0,0,0,1094203643,0,0,0,0,0,0,0,205106242,552963996,984808037,447960817152,162629372,1,0,0,0,0,0,0,0,0,0,0,0,0,0,0,0,0,0,0,0,0,0,0,0,0,0,0,0,0,0,0,636,0,0,0,0,0,0,0
1782980945.145,0,0,0,0,0,0,0,1979999185,9059535391232,3177634386944,0,0,0,0,0,0,0,0,0,0,0,0,0,0,0,0,0,0,0,0,0,0,0,0,0,0,0,0,0,0,0,0,0,0,0,0,0,0,0,0,0,0,0,0,0,0,0,0,0,0,0,0,0,0,0,0,0,0,7,1974540,555638587,161551508,0,0,0,0,0,0,0,0,0,0,0,0,0,0,0,0,0,0,0,0,0,0,0,0,0,0,0,0,0,0,0,0,0,0,0,0,0,12879364096,5164384256,786094,315209,156192209,230,0,108,786432,553443929,811153,6,9764815160,12884901888,12788028,1508109736,0,0,0,0,0,0,0,0,0,0,0,0,0,0,0,0,0,0,53665373,153562035,0,468,1202,7661,620,107331769,35,0,0,0,0,0,0,0,1,0,0,0,0,0,0,0,0,0,0,64237191,0,156186615,2562974,0,0,0,0,0,0,0,0,16384,0,0,0,0,0,0,0,0,0,0,0,8545,456,0,0,0,0,0,163140022,0,183,0,3,456,8545,0,0,0,0,0,0,0,0,0,0,0,0,0,0,0,0,0,0,0,0,0,0,0,0,0,0,0,0,0,0,0,0,0,0,0,0,0,0,0,0,0,0,0,0,0,0,0,0,0,0,0,0,0,0,816504891,0,0,0,1094363517,0,0,0,0,0,0,0,205123215,553075647,984981026,448033237504,162639022,1,0,0,0,0,0,0,0,0,0,0,0,0,0,0,0,0,0,0,0,0,0,0,0,0,0,0,0,0,0,0,1491,0,0,0,0,0,0,0
1782980946.228,0,0,0,0,0,0,0,1980309487,9061313137152,3178210850304,0,0,0,0,0,0,0,0,0,0,0,0,0,0,0,0,0,0,0,0,0,0,0,0,0,0,0,0,0,0,0,0,0,0,0,0,0,0,0,0,0,0,0,0,0,0,0,0,0,0,0,0,0,0,0,0,0,0,7,1974562,555747931,161581553,0,0,0,0,0,0,0,0,0,0,0,0,0,0,0,0,0,0,0,0,0,0,0,0,0,0,0,0,0,0,0,0,0,0,0,0,0,12881428480,5171560448,786220,315647,156219008,111,0,101,786432,553552856,811153,6,9766368069,12884901888,12795221,1508305660,0,0,0,0,0,0,0,0,0,0,0,0,0,0,0,0,0,0,53674595,153571254,0,468,1202,7661,620,107350223,35,0,0,0,0,0,0,0,1,0,0,0,0,0,0,0,0,0,0,64247666,0,156213414,2563324,0,0,0,0,0,0,0,0,16384,0,0,0,0,0,0,0,0,0,0,0,8546,456,0,0,0,0,0,163168037,0,183,0,3,456,8546,0,0,0,0,0,0,0,0,0,0,0,0,0,0,0,0,0,0,0,0,0,0,0,0,0,0,0,0,0,0,0,0,0,0,0,0,0,0,0,0,0,0,0,0,0,0,0,0,0,0,0,0,0,0,816643854,0,0,0,1094519939,0,0,0,0,0,0,0,205140976,553184158,985153352,448105362944,162649130,1,0,0,0,0,0,0,0,0,0,0,0,0,0,0,0,0,0,0,0,0,0,0,0,0,0,0,0,0,0,0,1126,0,0,0,0,0,0,0
1782980947.312,0,0,0,0,0,0,0,1980624894,9063120308736,3178794283520,0,0,0,0,0,0,0,0,0,0,0,0,0,0,0,0,0,0,0,0,0,0,0,0,0,0,0,0,0,0,0,0,0,0,0,0,0,0,0,0,0,0,0,0,0,0,0,0,0,0,0,0,0,0,0,0,0,0,7,1974582,555859001,161612121,0,0,0,0,0,0,0,0,0,0,0,0,0,0,0,0,0,0,0,0,0,0,0,0,0,0,0,0,0,0,0,0,0,0,0,0,0,12879216640,5176459264,786087,315946,156247030,253,0,96,786432,553663514,811153,6,9767942832,12884901888,12800881,1508502256,0,0,0,0,0,0,0,0,0,0,0,0,0,0,0,0,0,0,53683967,153580624,0,468,1202,7661,620,107368962,35,0,0,0,0,0,0,0,1,0,0,0,0,0,0,0,0,0,0,64258313,0,156241436,2563694,0,0,0,0,0,0,0,0,16384,0,0,0,0,0,0,0,0,0,0,0,8547,456,0,0,0,0,0,163196518,0,183,0,3,456,8547,0,0,0,0,0,0,0,0,0,0,0,0,0,0,0,0,0,0,0,0,0,0,0,0,0,0,0,0,0,0,0,0,0,0,0,0,0,0,0,0,0,0,0,0,0,0,0,0,0,0,0,0,0,0,816783528,0,0,0,1094678288,0,0,0,0,0,0,0,205158014,553294413,985326217,448177764352,162659064,1,0,0,0,0,0,0,0,0,0,0,0,0,0,0,0,0,0,0,0,0,0,0,0,0,0,0,0,0,0,0,1538,0,0,0,0,0,0,0
1782980948.404,0,0,0,0,0,0,0,1980944338,9064957970944,3179386252800,0,0,0,0,0,0,0,0,0,0,0,0,0,0,0,0,0,0,0,0,0,0,0,0,0,0,0,0,0,0,0,0,0,0,0,0,0,0,0,0,0,0,0,0,0,0,0,0,0,0,0,0,0,0,0,0,0,0,7,1974607,555971999,161643098,0,0,0,0,0,0,0,0,0,0,0,0,0,0,0,0,0,0,0,0,0,0,0,0,0,0,0,0,0,0,0,0,0,0,0,0,0,12878823424,5182636032,786058,316323,156275712,273,0,104,786432,553776106,811153,6,9769541999,12884901888,12805892,1508703718,0,0,0,0,0,0,0,0,0,0,0,0,0,0,0,0,0,0,53693477,153590137,0,468,1202,7661,620,107387992,35,0,0,0,0,0,0,0,1,0,0,0,0,0,0,0,0,0,0,64269138,0,156270199,2564080,0,0,0,0,0,0,0,0,16384,0,0,0,0,0,0,0,0,0,0,0,8548,456,0,0,0,0,0,163225424,0,183,0,3,456,8548,0,0,0,0,0,0,0,0,0,0,0,0,0,0,0,0,0,0,0,0,0,0,0,0,0,0,0,0,0,0,0,0,0,0,0,0,0,0,0,0,0,0,0,0,0,0,0,0,0,0,0,0,0,0,816924477,0,0,0,1094839642,0,0,0,0,0,0,0,205175299,553406564,985500442,448250916864,162669057,1,0,0,0,0,0,0,0,0,0,0,0,0,0,0,0,0,0,0,0,0,0,0,0,0,0,0,0,0,0,0,1069,0,0,0,0,0,0,0
1782980949.490,0,0,0,0,0,0,0,1981251801,9066716645888,3179954653696,0,0,0,0,0,0,0,0,0,0,0,0,0,0,0,0,0,0,0,0,0,0,0,0,0,0,0,0,0,0,0,0,0,0,0,0,0,0,0,0,0,0,0,0,0,0,0,0,0,0,0,0,0,0,0,0,0,0,7,1974633,556080192,161672822,0,0,0,0,0,0,0,0,0,0,0,0,0,0,0,0,0,0,0,0,0,0,0,0,0,0,0,0,0,0,0,0,0,0,0,0,0,12879724544,5189009408,786116,316713,156302256,220,0,98,786432,553883877,811153,6,9771077270,12884901888,12814253,1508895278,0,0,0,0,0,0,0,0,0,0,0,0,0,0,0,0,0,0,53702611,153599265,0,468,1202,7661,620,107406249,35,0,0,0,0,0,0,0,1,0,0,0,0,0,0,0,0,0,0,64279513,0,156296662,2564438,0,0,0,0,0,0,0,0,16384,0,0,0,0,0,0,0,0,0,0,0,8550,456,0,0,0,0,0,163253120,0,183,0,3,456,8550,0,0,0,0,0,0,0,0,0,0,0,0,0,0,0,0,0,0,0,0,0,0,0,0,0,0,0,0,0,0,0,0,0,0,0,0,0,0,0,0,0,0,0,0,0,0,0,0,0,0,0,0,0,0,817060633,0,0,0,1094993867,0,0,0,0,0,0,0,205193876,553513884,985669559,448321545728,162679926,1,1,0,0,0,0,0,0,0,0,0,0,0,0,0,0,0,0,0,0,0,0,0,0,0,0,0,0,0,0,0,1523,0,0,0,0,0,0,0
1782980950.578,0,0,0,0,0,0,0,1981573246,9068563008000,3180548704768,0,0,0,0,0,0,0,0,0,0,0,0,0,0,0,0,0,0,0,0,0,0,0,0,0,0,0,0,0,0,0,0,0,0,0,0,0,0,0,0,0,0,0,0,0,0,0,0,0,0,0,0,0,0,0,0,0,0,7,1974650,556193718,161703903,0,0,0,0,0,0,0,0,0,0,0,0,0,0,0,0,0,0,0,0,0,0,0,0,0,0,0,0,0,0,0,0,0,0,0,0,0,12878807040,5195595776,786059,317114,156330878,268,0,104,786432,553996941,811153,6,9772686969,12884901888,12819271,1509099038,0,0,0,0,0,0,0,0,0,0,0,0,0,0,0,0,0,0,53712160,153608819,0,468,1202,7661,620,107425356,35,0,0,0,0,0,0,0,1,0,0,0,0,0,0,0,0,0,0,64290375,0,156325284,2564821,0,0,0,0,0,0,0,0,16384,0,0,0,0,0,0,0,0,0,0,0,8551,456,0,0,0,0,0,163282136,0,183,0,3,456,8551,0,0,0,0,0,0,0,0,0,0,0,0,0,0,0,0,0,0,0,0,0,0,0,0,0,0,0,0,0,0,0,0,0,0,0,0,0,0,0,0,0,0,0,0,0,0,0,0,0,0,0,0,0,0,817203003,0,0,0,1095156455,0,0,0,0,0,0,0,205211851,553626535,985845634,448395399680,162690227,1,1,0,0,0,0,0,0,0,0,0,0,0,0,0,0,0,0,0,0,0,0,0,0,0,0,0,0,0,0,0,702,0,0,0,0,0,0,0
1782980951.668,0,0,0,0,0,0,0,1981884729,9070351272448,3181151467520,0,0,0,0,0,0,0,0,0,0,0,0,0,0,0,0,0,0,0,0,0,0,0,0,0,0,0,0,0,0,0,0,0,0,0,0,0,0,0,0,0,0,0,0,0,0,0,0,0,0,0,0,0,0,0,0,0,0,7,1974671,556303712,161735490,0,0,0,0,0,0,0,0,0,0,0,0,0,0,0,0,0,0,0,0,0,0,0,0,0,0,0,0,0,0,0,0,0,0,0,0,0,12883017728,5181538304,786317,316255,156357988,17,0,97,786432,554106530,811153,6,9774244196,12884901888,12825706,1509294045,0,0,0,0,0,0,0,0,0,0,0,0,0,0,0,0,0,0,53721425,153618083,0,468,1202,7661,620,107443893,35,0,0,0,0,0,0,0,1,0,0,0,0,0,0,0,0,0,0,64300907,0,156353674,2565197,0,0,0,0,0,0,0,0,16384,0,0,0,0,0,0,0,0,0,0,0,8552,456,0,0,0,0,0,163310309,0,183,0,3,456,8552,0,0,0,0,0,0,0,0,0,0,0,0,0,0,0,0,0,0,0,0,0,0,0,0,0,0,0,0,0,0,0,0,0,0,0,0,0,0,0,0,0,0,0,0,0,0,0,0,0,0,0,0,0,0,817340659,0,0,0,1095312902,0,0,0,0,0,0,0,205229112,553735720,986017911,448466784256,162699832,1,0,0,0,0,0,0,0,0,0,0,0,0,0,0,0,0,0,0,0,0,0,0,0,0,0,0,0,0,0,0,1136,0,0,0,0,0,0,0
1782980952.749,0,0,0,0,0,0,0,1982208296,9072210266624,3181774229504,0,0,0,0,0,0,0,0,0,0,0,0,0,0,0,0,0,0,0,0,0,0,0,0,0,0,0,0,0,0,0,0,0,0,0,0,0,0,0,0,0,0,0,0,0,0,0,0,0,0,0,0,0,0,0,0,0,0,7,1974693,556418067,161768400,0,0,0,0,0,0,0,0,0,0,0,0,0,0,0,0,0,0,0,0,0,0,0,0,0,0,0,0,0,0,0,0,0,0,0,0,0,12883247104,5162827776,786332,315114,156386454,2,0,98,786432,554220477,811153,6,9775864242,12884901888,12830443,1509498810,0,0,0,0,0,0,0,0,0,0,0,0,0,0,0,0,0,0,53731040,153627698,0,468,1202,7661,620,107463107,35,0,0,0,0,0,0,0,1,0,0,0,0,0,0,0,0,0,0,64311844,0,156383932,2565584,0,0,0,0,0,0,0,0,16384,0,0,0,0,0,0,0,0,0,0,0,8553,456,0,0,0,0,0,163339539,0,183,0,3,456,8553,0,0,0,0,0,0,0,0,0,0,0,0,0,0,0,0,0,0,0,0,0,0,0,0,0,0,0,0,0,0,0,0,0,0,0,0,0,0,0,0,0,0,0,0,0,0,0,0,0,0,0,0,0,0,817481235,0,0,0,1095476359,0,0,0,0,0,0,0,205247206,553849152,986194069,448539830272,162709966,1,0,0,0,0,0,0,0,0,0,0,0,0,0,0,0,0,0,0,0,0,0,0,0,0,0,0,0,0,0,0,557,0,0,0,0,0,0,0
1782980953.829,0,0,0,0,0,0,0,1982535758,9074086300160,3182401743872,0,0,0,0,0,0,0,0,0,0,0,0,0,0,0,0,0,0,0,0,0,0,0,0,0,0,0,0,0,0,0,0,0,0,0,0,0,0,0,0,0,0,0,0,0,0,0,0,0,0,0,0,0,0,0,0,0,0,7,1974719,556533476,161801605,0,0,0,0,0,0,0,0,0,0,0,0,0,0,0,0,0,0,0,0,0,0,0,0,0,0,0,0,0,0,0,0,0,0,0,0,0,12876988416,5144657920,785949,314005,156420001,384,0,99,786432,554335472,811153,6,9777499586,12884901888,12835839,1509702020,0,0,0,0,0,0,0,0,0,0,0,0,0,0,0,0,0,0,53740769,153637430,0,468,1202,7661,620,107482567,35,0,0,0,0,0,0,0,1,0,0,0,0,0,0,0,0,0,0,64322899,0,156414407,2565978,0,0,0,0,0,0,0,0,16384,0,0,0,0,0,0,0,0,0,0,0,8554,456,0,0,0,0,0,163369129,0,183,0,3,456,8554,0,0,0,0,0,0,0,0,0,0,0,0,0,0,0,0,0,0,0,0,0,0,0,0,0,0,0,0,0,0,0,0,0,0,0,0,0,0,0,0,0,0,0,0,0,0,0,0,0,0,0,0,0,0,817623645,0,0,0,1095640236,0,0,0,0,0,0,0,205266015,553963644,986372770,448613711872,162720351,1,0,0,0,0,0,0,0,0,0,0,0,0,0,0,0,0,0,0,0,0,0,0,0,0,0,0,0,0,0,0,1578,0,0,0,0,0,0,0
1782980954.912,0,0,0,0,0,0,0,1982866138,9075983141376,3183008768512,0,0,0,0,0,0,0,0,0,0,0,0,0,0,0,0,0,0,0,0,0,0,0,0,0,0,0,0,0,0,0,0,0,0,0,0,0,0,0,0,0,0,0,0,0,0,0,0,0,0,0,0,0,0,0,0,0,0,7,1974743,556650121,161833392,0,0,0,0,0,0,0,0,0,0,0,0,0,0,0,0,0,0,0,0,0,0,0,0,0,0,0,0,0,0,0,0,0,0,0,0,0,12876103680,5154045952,785894,314578,156449260,441,0,98,786432,554451691,811153,6,9779155600,12884901888,12840801,1509912265,0,0,0,0,0,0,0,0,0,0,0,0,0,0,0,0,0,0,53750598,153647258,0,468,1202,7661,620,107502220,35,0,0,0,0,0,0,0,1,0,0,0,0,0,0,0,0,0,0,64334072,0,156443666,2566372,0,0,0,0,0,0,0,0,16384,0,0,0,0,0,0,0,0,0,0,0,8555,456,0,0,0,0,0,163398998,0,183,0,3,456,8555,0,0,0,0,0,0,0,0,0,0,0,0,0,0,0,0,0,0,0,0,0,0,0,0,0,0,0,0,0,0,0,0,0,0,0,0,0,0,0,0,0,0,0,0,0,0,0,0,0,0,0,0,0,0,817767658,0,0,0,1095807843,0,0,0,0,0,0,0,205284739,554079448,986551175,448688512000,162731345,1,0,0,0,0,0,0,0,0,0,0,0,0,0,0,0,0,0,0,0,0,0,0,0,0,0,0,0,0,0,0,387,0,0,0,0,0,0,0
1782980956.002,0,0,0,0,0,0,0,1983189922,9077840939520,3183605138432,0,0,0,0,0,0,0,0,0,0,0,0,0,0,0,0,0,0,0,0,0,0,0,0,0,0,0,0,0,0,0,0,0,0,0,0,0,0,0,0,0,0,0,0,0,0,0,0,0,0,0,0,0,0,0,0,0,0,7,1974767,556764424,161864684,0,0,0,0,0,0,0,0,0,0,0,0,0,0,0,0,0,0,0,0,0,0,0,0,0,0,0,0,0,0,0,0,0,0,0,0,0,12876300288,5159895040,785906,314935,156477940,427,0,96,786432,554565566,811153,6,9780772363,12884901888,12845834,1510112719,0,0,0,0,0,0,0,0,0,0,0,0,0,0,0,0,0,0,53760232,153656894,0,468,1202,7661,620,107521495,35,0,0,0,0,0,0,0,1,0,0,0,0,0,0,0,0,0,0,64345027,0,156472346,2566760,0,0,0,0,0,0,0,0,16384,0,0,0,0,0,0,0,0,0,0,0,8556,456,0,0,0,0,0,163428310,0,183,0,3,456,8556,0,0,0,0,0,0,0,0,0,0,0,0,0,0,0,0,0,0,0,0,0,0,0,0,0,0,0,0,0,0,0,0,0,0,0,0,0,0,0,0,0,0,0,0,0,0,0,0,0,0,0,0,0,0,817908776,0,0,0,1095969787,0,0,0,0,0,0,0,205303333,554192802,986726294,448761760256,162742077,1,0,0,0,0,0,0,0,0,0,0,0,0,0,0,0,0,0,0,0,0,0,0,0,0,0,0,0,0,0,0,1576,0,0,0,0,0,0,0
1782980957.085,0,0,0,0,0,0,0,1983510310,9079671278080,3184198124032,0,0,0,0,0,0,0,0,0,0,0,0,0,0,0,0,0,0,0,0,0,0,0,0,0,0,0,0,0,0,0,0,0,0,0,0,0,0,0,0,0,0,0,0,0,0,0,0,0,0,0,0,0,0,0,0,0,0,7,1974787,556876940,161895724,0,0,0,0,0,0,0,0,0,0,0,0,0,0,0,0,0,0,0,0,0,0,0,0,0,0,0,0,0,0,0,0,0,0,0,0,0,12879577088,5165694976,786107,315289,156505477,229,0,96,786432,554677672,811153,6,9782376483,12884901888,12855454,1510316266,0,0,0,0,0,0,0,0,0,0,0,0,0,0,0,0,0,0,53769752,153666415,0,468,1202,7661,620,107540545,35,0,0,0,0,0,0,0,1,0,0,0,0,0,0,0,0,0,0,64355854,0,156499957,2567116,0,0,0,0,0,0,0,0,16384,0,0,0,0,0,0,0,0,0,0,0,8557,456,0,0,0,0,0,163457261,0,183,0,3,456,8557,0,0,0,0,0,0,0,0,0,0,0,0,0,0,0,0,0,0,0,0,0,0,0,0,0,0,0,0,0,0,0,0,0,0,0,0,0,0,0,0,0,0,0,0,0,0,0,0,0,0,0,0,0,0,818050221,0,0,0,1096132050,0,0,0,0,0,0,0,205322473,554304484,986902252,448835074048,162753242,1,0,0,0,0,0,0,0,0,0,0,0,0,0,0,0,0,0,0,0,0,0,0,0,0,0,0,0,0,0,0,458,0,0,0,0,0,0,0
1782980958.178,0,0,0,0,0,0,0,1983835863,9081542445568,3184797358080,0,0,0,0,0,0,0,0,0,0,0,0,0,0,0,0,0,0,0,0,0,0,0,0,0,0,0,0,0,0,0,0,0,0,0,0,0,0,0,0,0,0,0,0,0,0,0,0,0,0,0,0,0,0,0,0,0,0,7,1974819,556991993,161927105,0,0,0,0,0,0,0,0,0,0,0,0,0,0,0,0,0,0,0,0,0,0,0,0,0,0,0,0,0,0,0,0,0,0,0,0,0,12877529088,5175132160,785983,315865,156533850,352,0,97,786432,554792302,811153,6,9784004305,12884901888,12863350,1510520070,0,0,0,0,0,0,0,0,0,0,0,0,0,0,0,0,0,0,53779435,153676095,0,468,1202,7661,620,107559900,35,0,0,0,0,0,0,0,1,0,0,0,0,0,0,0,0,0,0,64366876,0,156528256,2567494,0,0,0,0,0,0,0,0,16384,0,0,0,0,0,0,0,0,0,0,0,8558,456,0,0,0,0,0,163486680,0,183,0,3,456,8558,0,0,0,0,0,0,0,0,0,0,0,0,0,0,0,0,0,0,0,0,0,0,0,0,0,0,0,0,0,0,0,0,0,0,0,0,0,0,0,0,0,0,0,0,0,0,0,0,0,0,0,0,0,0,818191014,0,0,0,1096295530,0,0,0,0,0,0,0,205341984,554418673,987077537,448908489728,162764459,1,0,0,0,0,0,0,0,0,0,0,0,0,0,0,0,0,0,0,0,0,0,0,0,0,0,0,0,0,0,0,787,0,0,0,0,0,0,0
1782980959.270,0,0,0,0,0,0,0,1984161615,9083416447488,3185399084544,0,0,0,0,0,0,0,0,0,0,0,0,0,0,0,0,0,0,0,0,0,0,0,0,0,0,0,0,0,0,0,0,0,0,0,0,0,0,0,0,0,0,0,0,0,0,0,0,0,0,0,0,0,0,0,0,0,0,7,1974832,557107232,161958702,0,0,0,0,0,0,0,0,0,0,0,0,0,0,0,0,0,0,0,0,0,0,0,0,0,0,0,0,0,0,0,0,0,0,0,0,0,12878348288,5181308928,786032,316242,156562522,305,0,96,786432,554907109,811153,6,9785633924,12884901888,12869621,1510724635,0,0,0,0,0,0,0,0,0,0,0,0,0,0,0,0,0,0,53789125,153685784,0,468,1202,7661,620,107579277,35,0,0,0,0,0,0,0,1,0,0,0,0,0,0,0,0,0,0,64377891,0,156556928,2567880,0,0,0,0,0,0,0,0,16384,0,0,0,0,0,0,0,0,0,0,0,8559,456,0,0,0,0,0,163516151,0,183,0,3,456,8559,0,0,0,0,0,0,0,0,0,0,0,0,0,0,0,0,0,0,0,0,0,0,0,0,0,0,0,0,0,0,0,0,0,0,0,0,0,0,0,0,0,0,0,0,0,0,0,0,0,0,0,0,0,0,818332522,0,0,0,1096459496,0,0,0,0,0,0,0,205361510,554533019,987253612,448981827584,162775896,1,0,0,0,0,0,0,0,0,0,0,0,0,0,0,0,0,0,0,0,0,0,0,0,0,0,0,0,0,0,0,704,0,0,0,0,0,0,0
1782980960.352,0,0,0,0,0,0,0,1984485012,9085271919104,3185992880128,0,0,0,0,0,0,0,0,0,0,0,0,0,0,0,0,0,0,0,0,0,0,0,0,0,0,0,0,0,0,0,0,0,0,0,0,0,0,0,0,0,0,0,0,0,0,0,0,0,0,0,0,0,0,0,0,0,0,7,1974855,557221377,161989773,0,0,0,0,0,0,0,0,0,0,0,0,0,0,0,0,0,0,0,0,0,0,0,0,0,0,0,0,0,0,0,0,0,0,0,0,0,12879364096,5190451200,786094,316800,156590917,241,0,96,786432,555020864,811153,6,9787249745,12884901888,12876182,1510925826,0,0,0,0,0,0,0,0,0,0,0,0,0,0,0,0,0,0,53798731,153695393,0,468,1202,7661,620,107598491,35,0,0,0,0,0,0,0,1,0,0,0,0,0,0,0,0,0,0,64388816,0,156585323,2568272,0,0,0,0,0,0,0,0,16384,0,0,0,0,0,0,0,0,0,0,0,8560,456,0,0,0,0,0,163545361,0,183,0,3,456,8560,0,0,0,0,0,0,0,0,0,0,0,0,0,0,0,0,0,0,0,0,0,0,0,0,0,0,0,0,0,0,0,0,0,0,0,0,0,0,0,0,0,0,0,0,0,0,0,0,0,0,0,0,0,0,818472330,0,0,0,1096621690,0,0,0,0,0,0,0,205380517,554646244,987427184,449054348288,162786949,1,1,0,0,0,0,0,0,0,0,0,0,0,0,0,0,0,0,0,0,0,0,0,0,0,0,0,0,0,0,0,1291,0,0,0,0,0,0,0
1782980961.439,0,0,0,0,0,0,0,1984814215,9087162731008,3186594771456,0,0,0,0,0,0,0,0,0,0,0,0,0,0,0,0,0,0,0,0,0,0,0,0,0,0,0,0,0,0,0,0,0,0,0,0,0,0,0,0,0,0,0,0,0,0,0,0,0,0,0,0,0,0,0,0,0,0,7,1974881,557337684,162021325,0,0,0,0,0,0,0,0,0,0,0,0,0,0,0,0,0,0,0,0,0,0,0,0,0,0,0,0,0,0,0,0,0,0,0,0,0,12878217216,5204033536,786024,317629,156619944,312,0,97,786432,555136742,811153,6,9788895633,12884901888,12882541,1511131910,0,0,0,0,0,0,0,0,0,0,0,0,0,0,0,0,0,0,53808528,153705186,0,468,1202,7661,620,107618094,35,0,0,0,0,0,0,0,1,0,0,0,0,0,0,0,0,0,0,64399955,0,156614350,2568666,0,0,0,0,0,0,0,0,16384,0,0,0,0,0,0,0,0,0,0,0,8561,456,0,0,0,0,0,163575106,0,183,0,3,456,8561,0,0,0,0,0,0,0,0,0,0,0,0,0,0,0,0,0,0,0,0,0,0,0,0,0,0,0,0,0,0,0,0,0,0,0,0,0,0,0,0,0,0,0,0,0,0,0,0,0,0,0,0,0,0,818614364,0,0,0,1096787058,0,0,0,0,0,0,0,205399574,554761706,987603419,449128098816,162798143,1,1,0,0,0,0,0,0,0,0,0,0,0,0,0,0,0,0,0,0,0,0,0,0,0,0,0,0,0,0,0,1726,0,0,0,0,0,0,0
1782980962.523,0,0,0,0,0,0,0,1985131544,9088986139136,3187183380992,0,0,0,0,0,0,0,0,0,0,0,0,0,0,0,0,0,0,0,0,0,0,0,0,0,0,0,0,0,0,0,0,0,0,0,0,0,0,0,0,0,0,0,0,0,0,0,0,0,0,0,0,0,0,0,0,0,0,7,1974900,557449845,162052152,0,0,0,0,0,0,0,0,0,0,0,0,0,0,0,0,0,0,0,0,0,0,0,0,0,0,0,0,0,0,0,0,0,0,0,0,0,12879101952,5208965120,786077,317930,156647592,255,0,101,786432,555248481,811153,6,9790485896,12884901888,12890129,1511334085,0,0,0,0,0,0,0,0,0,0,0,0,0,0,0,0,0,0,53817969,153714632,0,468,1202,7661,620,107636967,35,0,0,0,0,0,0,0,1,0,0,0,0,0,0,0,0,0,0,64410689,0,156641998,2569043,0,0,0,0,0,0,0,0,16384,0,0,0,0,0,0,0,0,0,0,0,8563,456,0,0,0,0,0,163603806,0,183,0,3,456,8563,0,0,0,0,0,0,0,0,0,0,0,0,0,0,0,0,0,0,0,0,0,0,0,0,0,0,0,0,0,0,0,0,0,0,0,0,0,0,0,0,0,0,0,0,0,0,0,0,0,0,0,0,0,0,818754004,0,0,0,1096947884,0,0,0,0,0,0,0,205420568,554872963,987777152,449200643584,162810659,1,0,0,0,0,0,0,0,0,0,0,0,0,0,0,0,0,0,0,0,0,0,0,0,0,0,0,0,0,0,0,526,0,0,0,0,0,0,0
1782980963.613,0,0,0,0,0,0,0,1985462971,9090881718784,3187798422528,0,0,0,0,0,0,0,0,0,0,0,0,0,0,0,0,0,0,0,0,0,0,0,0,0,0,0,0,0,0,0,0,0,0,0,0,0,0,0,0,0,0,0,0,0,0,0,0,0,0,0,0,0,0,0,0,0,0,7,1974916,557566430,162084222,0,0,0,0,0,0,0,0,0,0,0,0,0,0,0,0,0,0,0,0,0,0,0,0,0,0,0,0,0,0,0,0,0,0,0,0,0,12883165184,5215731712,786326,318344,156677183,0,0,106,786432,555364650,811153,6,9792139718,12884901888,12893855,1511539859,0,0,0,0,0,0,0,0,0,0,0,0,0,0,0,0,0,0,53827828,153724489,0,468,1202,7661,620,107656693,35,0,0,0,0,0,0,0,1,0,0,0,0,0,0,0,0,0,0,64421887,0,156671845,2569452,0,0,0,0,0,0,0,0,16384,0,0,0,0,0,0,0,0,0,0,0,8564,456,0,0,0,0,0,163633786,0,183,0,3,456,8564,0,0,0,0,0,0,0,0,0,0,0,0,0,0,0,0,0,0,0,0,0,0,0,0,0,0,0,0,0,0,0,0,0,0,0,0,0,0,0,0,0,0,0,0,0,0,0,0,0,0,0,0,0,0,818895965,0,0,0,1097114092,0,0,0,0,0,0,0,205438884,554988619,987953393,449274381824,162821213,1,0,0,0,0,0,0,0,0,0,0,0,0,0,0,0,0,0,0,0,0,0,0,0,0,0,0,0,0,0,0,1347,0,0,0,0,0,0,0
1782980964.695,0,0,0,0,0,0,0,1985787182,9092749363712,3188425774080,0,0,0,0,0,0,0,0,0,0,0,0,0,0,0,0,0,0,0,0,0,0,0,0,0,0,0,0,0,0,0,0,0,0,0,0,0,0,0,0,0,0,0,0,0,0,0,0,0,0,0,0,0,0,0,0,0,0,7,1974931,557681203,162117447,0,0,0,0,0,0,0,0,0,0,0,0,0,0,0,0,0,0,0,0,0,0,0,0,0,0,0,0,0,0,0,0,0,0,0,0,0,12880052224,5193547776,786136,316989,156706115,196,0,99,786432,555478976,811153,6,9793762738,12884901888,12900769,1511744365,0,0,0,0,0,0,0,0,0,0,0,0,0,0,0,0,0,0,53837462,153734125,0,468,1202,7661,620,107675961,35,0,0,0,0,0,0,0,1,0,0,0,0,0,0,0,0,0,0,64432851,0,156702441,2569851,0,0,0,0,0,0,0,0,16384,0,0,0,0,0,0,0,0,0,0,0,8565,456,0,0,0,0,0,163663100,0,183,0,3,456,8565,0,0,0,0,0,0,0,0,0,0,0,0,0,0,0,0,0,0,0,0,0,0,0,0,0,0,0,0,0,0,0,0,0,0,0,0,0,0,0,0,0,0,0,0,0,0,0,0,0,0,0,0,0,0,819037693,0,0,0,1097277616,0,0,0,0,0,0,0,205457433,555102555,988131097,449347828736,162831687,1,1,0,0,0,0,0,0,0,0,0,0,0,0,0,0,0,0,0,0,0,0,0,0,0,0,0,0,0,0,0,681,0,0,0,0,0,0,0
1782980965.775,0,0,0,0,0,0,0,1986107184,9094578735616,3189039658496,0,0,0,0,0,0,0,0,0,0,0,0,0,0,0,0,0,0,0,0,0,0,0,0,0,0,0,0,0,0,0,0,0,0,0,0,0,0,0,0,0,0,0,0,0,0,0,0,0,0,0,0,0,0,0,0,0,0,7,1974957,557793672,162149726,0,0,0,0,0,0,0,0,0,0,0,0,0,0,0,0,0,0,0,0,0,0,0,0,0,0,0,0,0,0,0,0,0,0,0,0,0,12881379328,5178572800,786217,316075,156733802,117,0,96,786432,555591011,811153,6,9795361246,12884901888,12908501,1511944269,0,0,0,0,0,0,0,0,0,0,0,0,0,0,0,0,0,0,53846964,153743630,0,468,1202,7661,620,107694977,35,0,0,0,0,0,0,0,1,0,0,0,0,0,0,0,0,0,0,64443648,0,156731239,2570232,0,0,0,0,0,0,0,0,16384,0,0,0,0,0,0,0,0,0,0,0,8566,456,0,0,0,0,0,163691978,0,183,0,3,456,8566,0,0,0,0,0,0,0,0,0,0,0,0,0,0,0,0,0,0,0,0,0,0,0,0,0,0,0,0,0,0,0,0,0,0,0,0,0,0,0,0,0,0,0,0,0,0,0,0,0,0,0,0,0,0,819177429,0,0,0,1097438073,0,0,0,0,0,0,0,205476665,555214176,988306709,449420417024,162842209,1,0,0,0,0,0,0,0,0,0,0,0,0,0,0,0,0,0,0,0,0,0,0,0,0,0,0,0,0,0,0,1367,0,0,0,0,0,0,0
1782980966.853,0,0,0,0,0,0,0,1986427174,9096414726656,3189656442880,0,0,0,0,0,0,0,0,0,0,0,0,0,0,0,0,0,0,0,0,0,0,0,0,0,0,0,0,0,0,0,0,0,0,0,0,0,0,0,0,0,0,0,0,0,0,0,0,0,0,0,0,0,0,0,0,0,0,7,1974980,557906633,162182491,0,0,0,0,0,0,0,0,0,0,0,0,0,0,0,0,0,0,0,0,0,0,0,0,0,0,0,0,0,0,0,0,0,0,0,0,0,12877889536,5156175872,786006,314707,156766388,331,0,98,786432,555703540,811153,6,9796958629,12884901888,12915857,1512143075,0,0,0,0,0,0,0,0,0,0,0,0,0,0,0,0,0,0,53856475,153753141,0,468,1202,7661,620,107713981,35,0,0,0,0,0,0,0,1,0,0,0,0,0,0,0,0,0,0,64454468,0,156760794,2570606,0,0,0,0,0,0,0,0,16384,0,0,0,0,0,0,0,0,0,0,0,8567,456,0,0,0,0,0,163720870,0,183,0,3,456,8567,0,0,0,0,0,0,0,0,0,0,0,0,0,0,0,0,0,0,0,0,0,0,0,0,0,0,0,0,0,0,0,0,0,0,0,0,0,0,0,0,0,0,0,0,0,0,0,0,0,0,0,0,0,0,819317693,0,0,0,1097598439,0,0,0,0,0,0,0,205495582,555326232,988483030,449493094912,162853023,1,1,0,0,0,0,0,0,0,0,0,0,0,0,0,0,0,0,0,0,0,0,0,0,0,0,0,0,0,0,0,1994,0,0,0,0,0,0,0
1782980967.934,0,0,0,0,0,0,0,1986761419,9098328836608,3190268881920,0,0,0,0,0,0,0,0,0,0,0,0,0,0,0,0,0,0,0,0,0,0,0,0,0,0,0,0,0,0,0,0,0,0,0,0,0,0,0,0,0,0,0,0,0,0,0,0,0,0,0,0,0,0,0,0,0,0,7,1975004,558024369,162214559,0,0,0,0,0,0,0,0,0,0,0,0,0,0,0,0,0,0,0,0,0,0,0,0,0,0,0,0,0,0,0,0,0,0,0,0,0,12877234176,5168594944,785963,315466,156795940,376,0,97,786432,555820807,811153,6,9798633128,12884901888,12921904,1512355220,0,0,0,0,0,0,0,0,0,0,0,0,0,0,0,0,0,0,53866418,153763084,0,468,1202,7661,620,107733869,35,0,0,0,0,0,0,0,1,0,0,0,0,0,0,0,0,0,0,64465776,0,156790346,2571012,0,0,0,0,0,0,0,0,16384,0,0,0,0,0,0,0,0,0,0,0,8568,456,0,0,0,0,0,163751076,0,183,0,3,456,8568,0,0,0,0,0,0,0,0,0,0,0,0,0,0,0,0,0,0,0,0,0,0,0,0,0,0,0,0,0,0,0,0,0,0,0,0,0,0,0,0,0,0,0,0,0,0,0,0,0,0,0,0,0,0,819462275,0,0,0,1097767704,0,0,0,0,0,0,0,205514868,555443071,988662313,449568272384,162864176,1,0,0,0,0,0,0,0,0,0,0,0,0,0,0,0,0,0,0,0,0,0,0,0,0,0,0,0,0,0,0,972,0,0,0,0,0,0,0
1782980969.026,0,0,0,0,0,0,0,1987089814,9100210375168,3190869575168,0,0,0,0,0,0,0,0,0,0,0,0,0,0,0,0,0,0,0,0,0,0,0,0,0,0,0,0,0,0,0,0,0,0,0,0,0,0,0,0,0,0,0,0,0,0,0,0,0,0,0,0,0,0,0,0,0,0,7,1975033,558140090,162246000,0,0,0,0,0,0,0,0,0,0,0,0,0,0,0,0,0,0,0,0,0,0,0,0,0,0,0,0,0,0,0,0,0,0,0,0,0,12881379328,5178425344,786218,316066,156824106,112,0,102,786432,555936092,811153,6,9800278234,12884901888,12929949,1512562927,0,0,0,0,0,0,0,0,0,0,0,0,0,0,0,0,0,0,53876186,153772851,0,468,1202,7661,620,107753414,35,0,0,0,0,0,0,0,1,0,0,0,0,0,0,0,0,0,0,64476881,0,156818512,2571404,0,0,0,0,0,0,0,0,16384,0,0,0,0,0,0,0,0,0,0,0,8569,456,0,0,0,0,0,163780761,0,183,0,3,456,8569,0,0,0,0,0,0,0,0,0,0,0,0,0,0,0,0,0,0,0,0,0,0,0,0,0,0,0,0,0,0,0,0,0,0,0,0,0,0,0,0,0,0,0,0,0,0,0,0,0,0,0,0,0,0,819603844,0,0,0,1097933603,0,0,0,0,0,0,0,205535119,555557861,988838704,449641944064,162875622,1,1,0,0,0,0,0,0,0,0,0,0,0,0,0,0,0,0,0,0,0,0,0,0,0,0,0,0,0,0,0,447,0,0,0,0,0,0,0
1782980970.109,0,0,0,0,0,0,0,1987420236,9102103218688,3191478442496,0,0,0,0,0,0,0,0,0,0,0,0,0,0,0,0,0,0,0,0,0,0,0,0,0,0,0,0,0,0,0,0,0,0,0,0,0,0,0,0,0,0,0,0,0,0,0,0,0,0,0,0,0,0,0,0,0,0,7,1975057,558256507,162277931,0,0,0,0,0,0,0,0,0,0,0,0,0,0,0,0,0,0,0,0,0,0,0,0,0,0,0,0,0,0,0,0,0,0,0,0,0,12880560128,5190746112,786167,316818,156853506,169,0,96,786432,556052058,811153,6,9801930911,12884901888,12934499,1512769589,0,0,0,0,0,0,0,0,0,0,0,0,0,0,0,0,0,0,53886011,153782677,0,468,1202,7661,620,107773065,35,0,0,0,0,0,0,0,1,0,0,0,0,0,0,0,0,0,0,64488040,0,156847912,2571799,0,0,0,0,0,0,0,0,16384,0,0,0,0,0,0,0,0,0,0,0,8570,456,0,0,0,0,0,163810622,0,183,0,3,456,8570,0,0,0,0,0,0,0,0,0,0,0,0,0,0,0,0,0,0,0,0,0,0,0,0,0,0,0,0,0,0,0,0,0,0,0,0,0,0,0,0,0,0,0,0,0,0,0,0,0,0,0,0,0,0,819746713,0,0,0,1098099385,0,0,0,0,0,0,0,205554667,555673397,989016114,449716203008,162886947,1,1,0,0,0,0,0,0,0,0,0,0,0,0,0,0,0,0,0,0,0,0,0,0,0,0,0,0,0,0,0,997,0,0,0,0,0,0,0
1782980971.194,0,0,0,0,0,0,0,1987715551,9103793998336,3192029745152,0,0,0,0,0,0,0,0,0,0,0,0,0,0,0,0,0,0,0,0,0,0,0,0,0,0,0,0,0,0,0,0,0,0,0,0,0,0,0,0,0,0,0,0,0,0,0,0,0,0,0,0,0,0,0,0,0,0,7,1975078,558360493,162306773,0,0,0,0,0,0,0,0,0,0,0,0,0,0,0,0,0,0,0,0,0,0,0,0,0,0,0,0,0,0,0,0,0,0,0,0,0,12878495744,5191729152,786041,316878,156877834,292,0,97,786432,556155669,811153,6,9803407469,12884901888,12948527,1512955477,0,0,0,0,0,0,0,0,0,0,0,0,0,0,0,0,0,0,53894783,153791450,0,468,1202,7661,620,107790594,35,0,0,0,0,0,0,0,1,0,0,0,0,0,0,0,0,0,0,64497997,0,156872240,2572132,0,0,0,0,0,0,0,0,16384,0,0,0,0,0,0,0,0,0,0,0,8571,456,0,0,0,0,0,163837261,0,183,0,3,456,8571,0,0,0,0,0,0,0,0,0,0,0,0,0,0,0,0,0,0,0,0,0,0,0,0,0,0,0,0,0,0,0,0,0,0,0,0,0,0,0,0,0,0,0,0,0,0,0,0,0,0,0,0,0,0,819877789,0,0,0,1098248093,0,0,0,0,0,0,0,205577749,555776559,989180566,449784229888,162901036,1,1,0,0,0,0,0,0,0,0,0,0,0,0,0,0,0,0,0,0,0,0,0,0,0,0,0,0,0,0,0,726,0,0,0,0,0,0,0
1782980972.282,0,0,0,0,0,0,0,1988049569,9105710074368,3192645834240,0,0,0,0,0,0,0,0,0,0,0,0,0,0,0,0,0,0,0,0,0,0,0,0,0,0,0,0,0,0,0,0,0,0,0,0,0,0,0,0,0,0,0,0,0,0,0,0,0,0,0,0,0,0,0,0,0,0,7,1975114,558478342,162339055,0,0,0,0,0,0,0,0,0,0,0,0,0,0,0,0,0,0,0,0,0,0,0,0,0,0,0,0,0,0,0,0,0,0,0,0,0,12875874304,5201051648,785881,317447,156907482,455,0,96,786432,556273107,811153,6,9805079435,12884901888,12954614,1513165665,0,0,0,0,0,0,0,0,0,0,0,0,0,0,0,0,0,0,53904719,153801382,0,468,1202,7661,620,107810469,35,0,0,0,0,0,0,0,1,0,0,0,0,0,0,0,0,0,0,64509300,0,156901888,2572536,0,0,0,0,0,0,0,0,16384,0,0,0,0,0,0,0,0,0,0,0,8572,456,0,0,0,0,0,163867493,0,183,0,3,456,8572,0,0,0,0,0,0,0,0,0,0,0,0,0,0,0,0,0,0,0,0,0,0,0,0,0,0,0,0,0,0,0,0,0,0,0,0,0,0,0,0,0,0,0,0,0,0,0,0,0,0,0,0,0,0,820023368,0,0,0,1098416453,0,0,0,0,0,0,0,205597293,555893481,989361186,449859877888,162912392,1,1,0,0,0,0,0,0,0,0,0,0,0,0,0,0,0,0,0,0,0,0,0,0,0,0,0,0,0,0,0,532,0,0,0,0,0,0,0
