timestamp,adaptive_hash_pages_added,adaptive_hash_pages_removed,adaptive_hash_rows_added,adaptive_hash_rows_deleted_no_hash_entry,adaptive_hash_rows_removed,adaptive_hash_rows_updated,adaptive_hash_searches,adaptive_hash_searches_btree,buffer_data_reads,buffer_data_written,buffer_flush_adaptive,buffer_flush_adaptive_avg_pass,buffer_flush_adaptive_avg_time_est,buffer_flush_adaptive_avg_time_slot,buffer_flush_adaptive_avg_time_thread,buffer_flush_adaptive_pages,buffer_flush_adaptive_total_pages,buffer_flush_avg_page_rate,buffer_flush_avg_pass,buffer_flush_avg_time,buffer_flush_background,buffer_flush_background_pages,buffer_flush_background_total_pages,buffer_flush_batches,buffer_flush_batch_num_scan,buffer_flush_batch_pages,buffer_flush_batch_scanned,buffer_flush_batch_scanned_per_call,buffer_flush_batch_total_pages,buffer_flush_lsn_avg_rate,buffer_flush_neighbor,buffer_flush_neighbor_pages,buffer_flush_neighbor_total_pages,buffer_flush_n_to_flush_by_age,buffer_flush_n_to_flush_by_dirty_page,buffer_flush_n_to_flush_requested,buffer_flush_pct_for_dirty,buffer_flush_pct_for_lsn,buffer_flush_sync,buffer_flush_sync_pages,buffer_flush_sync_total_pages,buffer_flush_sync_waits,buffer_LRU_batches_evict,buffer_LRU_batches_flush,buffer_LRU_batch_evict_pages,buffer_LRU_batch_evict_total_pages,buffer_LRU_batch_flush_avg_pass,buffer_LRU_batch_flush_avg_time_est,buffer_LRU_batch_flush_avg_time_slot,buffer_LRU_batch_flush_avg_time_thread,buffer_LRU_batch_flush_pages,buffer_LRU_batch_flush_total_pages,buffer_LRU_batch_num_scan,buffer_LRU_batch_scanned,buffer_LRU_batch_scanned_per_call,buffer_LRU_get_free_loops,buffer_LRU_get_free_search,buffer_LRU_get_free_waits,buffer_LRU_search_num_scan,buffer_LRU_search_scanned,buffer_LRU_search_scanned_per_call,buffer_LRU_single_flush_failure_count,buffer_LRU_single_flush_num_scan,buffer_LRU_single_flush_scanned,buffer_LRU_single_flush_scanned_per_call,buffer_LRU_unzip_search_num_scan,buffer_LRU_unzip_search_scanned,buffer_LRU_unzip_search_scanned_per_call,buffer_pages0_read,buffer_pages_created,buffer_pages_read,buffer_pages_written,buffer_page_read_blob,buffer_page_read_fsp_hdr,buffer_page_read_ibuf_bitmap,buffer_page_read_ibuf_free_list,buffer_page_read_index_ibuf_leaf,buffer_page_read_index_ibuf_non_leaf,buffer_page_read_index_inode,buffer_page_read_index_leaf,buffer_page_read_index_non_leaf,buffer_page_read_other,buffer_page_read_rseg_array,buffer_page_read_system_page,buffer_page_read_trx_system,buffer_page_read_undo_log,buffer_page_read_xdes,buffer_page_read_zblob,buffer_page_read_zblob2,buffer_page_written_blob,buffer_page_written_fsp_hdr,buffer_page_written_ibuf_bitmap,buffer_page_written_ibuf_free_list,buffer_page_written_index_ibuf_leaf,buffer_page_written_index_ibuf_non_leaf,buffer_page_written_index_inode,buffer_page_written_index_leaf,buffer_page_written_index_non_leaf,buffer_page_written_on_log_no_waits,buffer_page_written_on_log_waits,buffer_page_written_on_log_wait_loops,buffer_page_written_other,buffer_page_written_rseg_array,buffer_page_written_system_page,buffer_page_written_trx_system,buffer_page_written_undo_log,buffer_page_written_xdes,buffer_page_written_zblob,buffer_page_written_zblob2,buffer_pool_bytes_data,buffer_pool_bytes_dirty,buffer_pool_pages_data,buffer_pool_pages_dirty,buffer_pool_pages_flushed,buffer_pool_pages_free,buffer_pool_pages_lru_flushed,buffer_pool_pages_misc,buffer_pool_pages_total,buffer_pool_reads,buffer_pool_read_ahead,buffer_pool_read_ahead_evicted,buffer_pool_read_requests,buffer_pool_size,buffer_pool_wait_free,buffer_pool_write_requests,compression_pad_decrements,compression_pad_increments,compress_pages_compressed,compress_pages_decompressed,cpu_n,cpu_stime_abs,cpu_stime_pct,cpu_utime_abs,cpu_utime_pct,dblwr_async_requests,dblwr_flush_requests,dblwr_flush_wait_events,dblwr_sync_requests,ddl_background_drop_tables,ddl_log_file_alter_table,ddl_online_create_index,ddl_pending_alter_table,ddl_sort_file_alter_table,dml_deletes,dml_inserts,dml_reads,dml_system_deletes,dml_system_inserts,dml_system_reads,dml_system_updates,dml_updates,file_num_open_files,ibuf_merges,ibuf_merges_delete,ibuf_merges_delete_mark,ibuf_merges_discard_delete,ibuf_merges_discard_delete_mark,ibuf_merges_discard_insert,ibuf_merges_insert,ibuf_size,icp_attempts,icp_match,icp_no_match,icp_out_of_range,index_page_discards,index_page_merge_attempts,index_page_merge_successful,index_page_reorg_attempts,index_page_reorg_successful,index_page_splits,innodb_activity_count,innodb_background_drop_table_usec,innodb_dblwr_pages_written,innodb_dblwr_writes,innodb_dict_lru_count,innodb_dict_lru_usec,innodb_ibuf_merge_usec,innodb_master_active_loops,innodb_master_idle_loops,innodb_master_purge_usec,innodb_master_thread_sleeps,innodb_mem_validate_usec,innodb_page_size,innodb_rwlock_sx_os_waits,innodb_rwlock_sx_spin_rounds,innodb_rwlock_sx_spin_waits,innodb_rwlock_s_os_waits,innodb_rwlock_s_spin_rounds,innodb_rwlock_s_spin_waits,innodb_rwlock_x_os_waits,innodb_rwlock_x_spin_rounds,innodb_rwlock_x_spin_waits,lock_deadlocks,lock_deadlock_false_positives,lock_deadlock_rounds,lock_rec_grant_attempts,lock_rec_locks,lock_rec_lock_created,lock_rec_lock_removed,lock_rec_lock_requests,lock_rec_lock_waits,lock_rec_release_attempts,lock_row_lock_current_waits,lock_row_lock_time,lock_row_lock_time_avg,lock_row_lock_time_max,lock_row_lock_waits,lock_schedule_refreshes,lock_table_locks,lock_table_lock_created,lock_table_lock_removed,lock_table_lock_waits,lock_threads_waiting,lock_timeouts,log_checkpoints,log_concurrency_margin,log_flusher_no_waits,log_flusher_waits,log_flusher_wait_loops,log_flush_avg_time,log_flush_lsn_avg_rate,log_flush_max_time,log_flush_notifier_no_waits,log_flush_notifier_waits,log_flush_notifier_wait_loops,log_flush_total_time,log_free_space,log_full_block_writes,log_lsn_archived,log_lsn_buf_dirty_pages_added,log_lsn_buf_pool_oldest_approx,log_lsn_buf_pool_oldest_lwm,log_lsn_checkpoint_age,log_lsn_current,log_lsn_last_checkpoint,log_lsn_last_flush,log_max_modified_age_async,log_max_modified_age_sync,log_next_file,log_on_buffer_space_no_waits,log_on_buffer_space_waits,log_on_buffer_space_wait_loops,log_on_file_space_no_waits,log_on_file_space_waits,log_on_file_space_wait_loops,log_on_flush_no_waits,log_on_flush_waits,log_on_flush_wait_loops,log_on_recent_closed_wait_loops,log_on_recent_written_wait_loops,log_on_write_no_waits,log_on_write_waits,log_on_write_wait_loops,log_padded,log_partial_block_writes,log_waits,log_writer_no_waits,log_writer_on_archiver_waits,log_writer_on_file_space_waits,log_writer_on_tracker_waits,log_writer_waits,log_writer_wait_loops,log_writes,log_write_notifier_no_waits,log_write_notifier_waits,log_write_notifier_wait_loops,log_write_requests,log_write_to_file_requests_interval,metadata_table_handles_closed,metadata_table_handles_opened,metadata_table_reference_count,module_cpu,module_dblwr,module_page_track,os_data_fsyncs,os_data_reads,os_data_writes,os_log_bytes_written,os_log_fsyncs,os_log_pending_fsyncs,os_log_pending_writes,os_pending_reads,os_pending_writes,page_track_checkpoint_partial_flush_request,page_track_full_block_writes,page_track_partial_block_writes,page_track_resets,purge_del_mark_records,purge_dml_delay_usec,purge_invoked,purge_resume_count,purge_stop_count,purge_truncate_history_count,purge_truncate_history_usec,purge_undo_log_pages,purge_upd_exist_or_extern_records,sampled_pages_read,sampled_pages_skipped,trx_active_transactions,trx_allocations,trx_commits_insert_update,trx_nl_ro_commits,trx_on_log_no_waits,trx_on_log_waits,trx_on_log_wait_loops,trx_rollbacks,trx_rollbacks_savepoint,trx_rollback_active,trx_ro_commits,trx_rseg_current_size,trx_rseg_history_len,trx_rw_commits,trx_undo_slots_cached,trx_undo_slots_used,undo_truncate_count,undo_truncate_done_logging_count,undo_truncate_start_logging_count,undo_truncate_usec
1782975496.109,0,0,0,0,0,0,0,679290606,1673019427328,738917222400,0,0,0,0,0,0,0,0,0,0,0,0,0,0,0,0,0,0,0,0,0,0,0,0,0,0,0,0,0,0,0,0,0,0,0,0,0,0,0,0,0,0,0,0,0,0,0,0,0,0,0,0,0,0,0,0,0,0,7,1834943,102344664,33619395,0,0,0,0,0,0,0,0,0,0,0,0,0,0,0,0,0,0,0,0,0,0,0,0,0,0,0,0,0,0,0,0,0,0,0,0,0,12872663040,3115728896,785685,190169,33558696,651,0,96,786432,101397489,811153,6,3281339464,12884901888,17475,661271191,0,0,0,0,0,0,0,0,0,0,0,0,0,0,0,0,0,0,15498130,115394440,0,468,1202,7661,620,30996517,35,0,0,0,0,0,0,0,1,0,0,0,0,0,0,0,0,0,0,20721109,0,33558470,606481,0,0,0,0,0,0,0,0,16384,0,0,0,0,0,0,0,0,0,0,0,3078,422,0,0,0,0,0,47112149,0,147,0,2,422,3078,0,0,0,0,0,0,0,0,0,0,0,0,0,0,0,0,0,0,0,0,0,0,0,0,0,0,0,0,0,0,0,0,0,0,0,0,0,0,0,0,0,0,0,0,0,0,0,0,0,0,0,0,0,0,242976165,0,0,0,447455266,0,0,0,0,0,0,0,73936608,102406486,277420752,149899262464,64697300,0,0,0,0,0,0,0,0,0,0,0,0,0,0,0,0,0,0,0,0,0,0,0,0,0,0,0,0,0,0,0,1217,0,0,0,0,0,0,0
1782975497.169,0,0,0,0,0,0,0,679290606,1673019427328,739081062912,0,0,0,0,0,0,0,0,0,0,0,0,0,0,0,0,0,0,0,0,0,0,0,0,0,0,0,0,0,0,0,0,0,0,0,0,0,0,0,0,0,0,0,0,0,0,0,0,0,0,0,0,0,0,0,0,0,0,7,1834943,102344664,33629395,0,0,0,0,0,0,0,0,0,0,0,0,0,0,0,0,0,0,0,0,0,0,0,0,0,0,0,0,0,0,0,0,0,0,0,0,0,12872663040,2951888896,785685,180169,33568696,651,0,96,786432,101397489,811153,6,3281339464,12884901888,17475,661271191,0,0,0,0,0,0,0,0,0,0,0,0,0,0,0,0,0,0,15498130,115394440,0,468,1202,7661,620,30996517,35,0,0,0,0,0,0,0,1,0,0,0,0,0,0,0,0,0,0,20721109,0,33568470,606561,0,0,0,0,0,0,0,0,16384,0,0,0,0,0,0,0,0,0,0,0,3079,422,0,0,0,0,0,47112149,0,147,0,2,422,3079,0,0,0,0,0,0,0,0,0,0,0,0,0,0,0,0,0,0,0,0,0,0,0,0,0,0,0,0,0,0,0,0,0,0,0,0,0,0,0,0,0,0,0,0,0,0,0,0,0,0,0,0,0,0,242976165,0,0,0,447455266,0,0,0,0,0,0,0,73938200,102406486,277430830,149899262464,64697302,0,0,0,0,0,0,0,0,0,0,0,0,0,0,0,0,0,0,0,0,0,0,0,0,0,0,0,0,0,0,0,1217,0,0,0,0,0,0,0
1782975498.229,0,0,0,0,0,0,0,679290606,1673019427328,739244903424,0,0,0,0,0,0,0,0,0,0,0,0,0,0,0,0,0,0,0,0,0,0,0,0,0,0,0,0,0,0,0,0,0,0,0,0,0,0,0,0,0,0,0,0,0,0,0,0,0,0,0,0,0,0,0,0,0,0,7,1834943,102344664,33639395,0,0,0,0,0,0,0,0,0,0,0,0,0,0,0,0,0,0,0,0,0,0,0,0,0,0,0,0,0,0,0,0,0,0,0,0,0,12872663040,2788048896,785685,170169,33578696,651,0,96,786432,101397489,811153,6,3281339464,12884901888,17475,661271191,0,0,0,0,0,0,0,0,0,0,0,0,0,0,0,0,0,0,15498130,115394440,0,468,1202,7661,620,30996517,35,0,0,0,0,0,0,0,1,0,0,0,0,0,0,0,0,0,0,20721109,0,33578470,606641,0,0,0,0,0,0,0,0,16384,0,0,0,0,0,0,0,0,0,0,0,3080,422,0,0,0,0,0,47112149,0,147,0,2,422,3080,0,0,0,0,0,0,0,0,0,0,0,0,0,0,0,0,0,0,0,0,0,0,0,0,0,0,0,0,0,0,0,0,0,0,0,0,0,0,0,0,0,0,0,0,0,0,0,0,0,0,0,0,0,0,242976165,0,0,0,447455266,0,0,0,0,0,0,0,73939779,102406486,277440904,149899262464,64697304,0,0,0,0,0,0,0,0,0,0,0,0,0,0,0,0,0,0,0,0,0,0,0,0,0,0,0,0,0,0,0,1217,0,0,0,0,0,0,0
1782975499.294,0,0,0,0,0,0,0,679450441,1673908931072,739463568384,0,0,0,0,0,0,0,0,0,0,0,0,0,0,0,0,0,0,0,0,0,0,0,0,0,0,0,0,0,0,0,0,0,0,0,0,0,0,0,0,0,0,0,0,0,0,0,0,0,0,0,0,0,0,0,0,0,0,7,1834975,102399068,33651179,0,0,0,0,0,0,0,0,0,0,0,0,0,0,0,0,0,0,0,0,0,0,0,0,0,0,0,0,0,0,0,0,0,0,0,0,0,12875677696,2968731648,785870,181197,33589311,465,0,96,786432,101451839,811153,6,3282130453,12884901888,24050,661377962,0,0,0,0,0,0,0,0,0,0,0,0,0,0,0,0,0,0,15502743,115399051,0,468,1202,7661,620,31005745,35,0,0,0,0,0,0,0,1,0,0,0,0,0,0,0,0,0,0,20726413,0,33589112,606896,0,0,0,0,0,0,0,0,16384,0,0,0,0,0,0,0,0,0,0,0,3081,422,0,0,0,0,0,47126169,0,147,0,2,422,3081,0,0,0,0,0,0,0,0,0,0,0,0,0,0,0,0,0,0,0,0,0,0,0,0,0,0,0,0,0,0,0,0,0,0,0,0,0,0,0,0,0,0,0,0,0,0,0,0,0,0,0,0,0,0,243008862,0,0,0,447533768,0,0,0,0,0,0,0,73959200,102460777,277486775,149919129600,64712296,1,0,0,0,0,0,0,0,0,0,0,0,0,0,0,0,0,0,0,0,0,0,0,0,0,0,0,0,0,0,0,1032,0,0,0,0,0,0,0
1782975500.360,0,0,0,0,0,0,0,679620515,1674854697472,739737536000,0,0,0,0,0,0,0,0,0,0,0,0,0,0,0,0,0,0,0,0,0,0,0,0,0,0,0,0,0,0,0,0,0,0,0,0,0,0,0,0,0,0,0,0,0,0,0,0,0,0,0,0,0,0,0,0,0,0,7,1835015,102456915,33664993,0,0,0,0,0,0,0,0,0,0,0,0,0,0,0,0,0,0,0,0,0,0,0,0,0,0,0,0,0,0,0,0,0,0,0,0,0,12875710464,3107143680,785871,189645,33601730,463,0,97,786432,101509638,811153,6,3282972376,12884901888,24050,661492105,0,0,0,0,0,0,0,0,0,0,0,0,0,0,0,0,0,0,15507661,115403971,0,468,1202,7661,620,31015587,35,0,0,0,0,0,0,0,1,0,0,0,0,0,0,0,0,0,0,20732063,0,33602912,607226,0,0,0,0,0,0,0,0,16384,0,0,0,0,0,0,0,0,0,0,0,3082,422,0,0,0,0,0,47141147,0,147,0,2,422,3082,0,0,0,0,0,0,0,0,0,0,0,0,0,0,0,0,0,0,0,0,0,0,0,0,0,0,0,0,0,0,0,0,0,0,0,0,0,0,0,0,0,0,0,0,0,0,0,0,0,0,0,0,0,0,243086905,0,0,0,447617262,0,0,0,0,0,0,0,73993364,102518473,277578922,149959966720,64742213,0,0,0,0,0,0,0,0,0,0,0,0,0,0,0,0,0,0,0,0,0,0,0,0,0,0,0,0,0,0,0,1106,0,0,0,0,0,0,0
1782975501.427,0,0,0,0,0,0,0,679788269,1675785488896,740045562368,0,0,0,0,0,0,0,0,0,0,0,0,0,0,0,0,0,0,0,0,0,0,0,0,0,0,0,0,0,0,0,0,0,0,0,0,0,0,0,0,0,0,0,0,0,0,0,0,0,0,0,0,0,0,0,0,0,0,7,1835045,102513848,33681048,0,0,0,0,0,0,0,0,0,0,0,0,0,0,0,0,0,0,0,0,0,0,0,0,0,0,0,0,0,0,0,0,0,0,0,0,0,12877168640,3183853568,785960,194327,33614191,375,0,96,786432,101566515,811153,6,3283802848,12884901888,24050,661604172,0,0,0,0,0,0,0,0,0,0,0,0,0,0,0,0,0,0,15512514,115408823,0,468,1202,7661,620,31025290,35,0,0,0,0,0,0,0,1,0,0,0,0,0,0,0,0,0,0,20737641,0,33618929,607587,0,0,0,0,0,0,0,0,16384,0,0,0,0,0,0,0,0,0,0,0,3083,422,0,0,0,0,0,47155906,0,147,0,2,422,3083,0,0,0,0,0,0,0,0,0,0,0,0,0,0,0,0,0,0,0,0,0,0,0,0,0,0,0,0,0,0,0,0,0,0,0,0,0,0,0,0,0,0,0,0,0,0,0,0,0,0,0,0,0,0,243161448,0,0,0,447699657,0,0,0,0,0,0,0,74025744,102575286,277669795,149999077376,64769937,0,1,0,0,0,0,0,0,0,0,0,0,0,0,0,0,0,0,0,0,0,0,0,0,0,0,0,0,0,0,0,1155,0,0,0,0,0,0,0
1782975502.494,0,0,0,0,0,0,0,679960818,1676740594176,740308387840,0,0,0,0,0,0,0,0,0,0,0,0,0,0,0,0,0,0,0,0,0,0,0,0,0,0,0,0,0,0,0,0,0,0,0,0,0,0,0,0,0,0,0,0,0,0,0,0,0,0,0,0,0,0,0,0,0,0,7,1835075,102572280,33694294,0,0,0,0,0,0,0,0,0,0,0,0,0,0,0,0,0,0,0,0,0,0,0,0,0,0,0,0,0,0,0,0,0,0,0,0,0,12878659584,3299868672,786051,201406,33632447,285,0,96,786432,101624893,811153,6,3284659460,12884901888,24050,661722055,0,0,0,0,0,0,0,0,0,0,0,0,0,0,0,0,0,0,15517503,115413813,0,468,1202,7661,620,31035271,35,0,0,0,0,0,0,0,1,0,0,0,0,0,0,0,0,0,0,20743384,0,33632221,607909,0,0,0,0,0,0,0,0,16384,0,0,0,0,0,0,0,0,0,0,0,3085,422,0,0,0,0,0,47171095,0,147,0,2,422,3085,0,0,0,0,0,0,0,0,0,0,0,0,0,0,0,0,0,0,0,0,0,0,0,0,0,0,0,0,0,0,0,0,0,0,0,0,0,0,0,0,0,0,0,0,0,0,0,0,0,0,0,0,0,0,243236689,0,0,0,447785501,0,0,0,0,0,0,0,74058754,102633574,277758541,150038516224,64798643,1,1,0,0,0,0,0,0,0,0,0,0,0,0,0,0,0,0,0,0,0,0,0,0,0,0,0,0,0,0,0,116,0,0,0,0,0,0,0
1782975503.561,0,0,0,0,0,0,0,680133789,1677702449664,740571038208,0,0,0,0,0,0,0,0,0,0,0,0,0,0,0,0,0,0,0,0,0,0,0,0,0,0,0,0,0,0,0,0,0,0,0,0,0,0,0,0,0,0,0,0,0,0,0,0,0,0,0,0,0,0,0,0,0,0,7,1835096,102631121,33707548,0,0,0,0,0,0,0,0,0,0,0,0,0,0,0,0,0,0,0,0,0,0,0,0,0,0,0,0,0,0,0,0,0,0,0,0,0,12875988992,3404906496,785888,207819,33645701,448,0,96,786432,101683663,811153,6,3285515249,12884901888,24050,661837342,0,0,0,0,0,0,0,0,0,0,0,0,0,0,0,0,0,0,15522508,115418818,0,468,1202,7661,620,31045277,35,0,0,0,0,0,0,0,1,0,0,0,0,0,0,0,0,0,0,20749132,0,33645475,608237,0,0,0,0,0,0,0,0,16384,0,0,0,0,0,0,0,0,0,0,0,3086,422,0,0,0,0,0,47186302,0,147,0,2,422,3086,0,0,0,0,0,0,0,0,0,0,0,0,0,0,0,0,0,0,0,0,0,0,0,0,0,0,0,0,0,0,0,0,0,0,0,0,0,0,0,0,0,0,0,0,0,0,0,0,0,0,0,0,0,0,243311189,0,0,0,447870338,0,0,0,0,0,0,0,74092039,102692276,277846574,150077393408,64827488,1,0,0,0,0,0,0,0,0,0,0,0,0,0,0,0,0,0,0,0,0,0,0,0,0,0,0,0,0,0,0,296,0,0,0,0,0,0,0
1782975504.629,0,0,0,0,0,0,0,680305774,1678655523328,740835886592,0,0,0,0,0,0,0,0,0,0,0,0,0,0,0,0,0,0,0,0,0,0,0,0,0,0,0,0,0,0,0,0,0,0,0,0,0,0,0,0,0,0,0,0,0,0,0,0,0,0,0,0,0,0,0,0,0,0,7,1835119,102689423,33720776,0,0,0,0,0,0,0,0,0,0,0,0,0,0,0,0,0,0,0,0,0,0,0,0,0,0,0,0,0,0,0,0,0,0,0,0,0,12875972608,3501473792,785887,213713,33658929,449,0,96,786432,101741908,811153,6,3286365466,12884901888,24050,661950914,0,0,0,0,0,0,0,0,0,0,0,0,0,0,0,0,0,0,15527497,115423807,0,468,1202,7661,620,31055252,35,0,0,0,0,0,0,0,1,0,0,0,0,0,0,0,0,0,0,20754868,0,33658703,608559,0,0,0,0,0,0,0,0,16384,0,0,0,0,0,0,0,0,0,0,0,3087,422,0,0,0,0,0,47201475,0,147,0,2,422,3087,0,0,0,0,0,0,0,0,0,0,0,0,0,0,0,0,0,0,0,0,0,0,0,0,0,0,0,0,0,0,0,0,0,0,0,0,0,0,0,0,0,0,0,0,0,0,0,0,0,0,0,0,0,0,243391562,0,0,0,447954845,0,0,0,0,0,0,0,74126895,102750433,277940423,150119111168,64857850,0,0,0,0,0,0,0,0,0,0,0,0,0,0,0,0,0,0,0,0,0,0,0,0,0,0,0,0,0,0,0,481,0,0,0,0,0,0,0
1782975505.697,0,0,0,0,0,0,0,680477681,1679610989056,741106428416,0,0,0,0,0,0,0,0,0,0,0,0,0,0,0,0,0,0,0,0,0,0,0,0,0,0,0,0,0,0,0,0,0,0,0,0,0,0,0,0,0,0,0,0,0,0,0,0,0,0,0,0,0,0,0,0,0,0,7,1835151,102747876,33734337,0,0,0,0,0,0,0,0,0,0,0,0,0,0,0,0,0,0,0,0,0,0,0,0,0,0,0,0,0,0,0,0,0,0,0,0,0,12876349440,3583148032,785910,218698,33672480,426,0,96,786432,101800305,811153,6,3287216691,12884901888,24050,662065582,0,0,0,0,0,0,0,0,0,0,0,0,0,0,0,0,0,0,15532466,115428775,0,468,1202,7661,620,31065193,35,0,0,0,0,0,0,0,1,0,0,0,0,0,0,0,0,0,0,20760581,0,33672254,608883,0,0,0,0,0,0,0,0,16384,0,0,0,0,0,0,0,0,0,0,0,3088,422,0,0,0,0,0,47216602,0,147,0,2,422,3088,0,0,0,0,0,0,0,0,0,0,0,0,0,0,0,0,0,0,0,0,0,0,0,0,0,0,0,0,0,0,0,0,0,0,0,0,0,0,0,0,0,0,0,0,0,0,0,0,0,0,0,0,0,0,243472517,0,0,0,448039261,0,0,0,0,0,0,0,74162186,102808757,278035211,150161246208,64888625,1,1,0,0,0,0,0,0,0,0,0,0,0,0,0,0,0,0,0,0,0,0,0,0,0,0,0,0,0,0,0,626,0,0,0,0,0,0,0
1782975506.765,0,0,0,0,0,0,0,680649979,1680571795968,741374781952,0,0,0,0,0,0,0,0,0,0,0,0,0,0,0,0,0,0,0,0,0,0,0,0,0,0,0,0,0,0,0,0,0,0,0,0,0,0,0,0,0,0,0,0,0,0,0,0,0,0,0,0,0,0,0,0,0,0,7,1835183,102806638,33747738,0,0,0,0,0,0,0,0,0,0,0,0,0,0,0,0,0,0,0,0,0,0,0,0,0,0,0,0,0,0,0,0,0,0,0,0,0,12876791808,3665707008,785936,223737,33685891,399,0,97,786432,101859010,811153,6,3288069377,12884901888,24050,662180311,0,0,0,0,0,0,0,0,0,0,0,0,0,0,0,0,0,0,15537451,115433759,0,468,1202,7661,620,31075164,35,0,0,0,0,0,0,0,1,0,0,0,0,0,0,0,0,0,0,20766307,0,33685665,609207,0,0,0,0,0,0,0,0,16384,0,0,0,0,0,0,0,0,0,0,0,3089,422,0,0,0,0,0,47231741,0,147,0,2,422,3089,0,0,0,0,0,0,0,0,0,0,0,0,0,0,0,0,0,0,0,0,0,0,0,0,0,0,0,0,0,0,0,0,0,0,0,0,0,0,0,0,0,0,0,0,0,0,0,0,0,0,0,0,0,0,243554032,0,0,0,448123798,0,0,0,0,0,0,0,74197318,102867380,278130363,150203732992,64919224,0,0,0,0,0,0,0,0,0,0,0,0,0,0,0,0,0,0,0,0,0,0,0,0,0,0,0,0,0,0,0,775,0,0,0,0,0,0,0
1782975507.834,0,0,0,0,0,0,0,680821162,1681527130624,741644041216,0,0,0,0,0,0,0,0,0,0,0,0,0,0,0,0,0,0,0,0,0,0,0,0,0,0,0,0,0,0,0,0,0,0,0,0,0,0,0,0,0,0,0,0,0,0,0,0,0,0,0,0,0,0,0,0,0,0,7,1835212,102865077,33761190,0,0,0,0,0,0,0,0,0,0,0,0,0,0,0,0,0,0,0,0,0,0,0,0,0,0,0,0,0,0,0,0,0,0,0,0,0,12881543168,3737616384,786227,228126,33699343,109,0,97,786432,101917382,811153,6,3288916583,12884901888,24050,662294042,0,0,0,0,0,0,0,0,0,0,0,0,0,0,0,0,0,0,15542405,115438716,0,468,1202,7661,620,31085073,35,0,0,0,0,0,0,0,1,0,0,0,0,0,0,0,0,0,0,20771993,0,33699117,609516,0,0,0,0,0,0,0,0,16384,0,0,0,0,0,0,0,0,0,0,0,3090,422,0,0,0,0,0,47246815,0,147,0,2,422,3090,0,0,0,0,0,0,0,0,0,0,0,0,0,0,0,0,0,0,0,0,0,0,0,0,0,0,0,0,0,0,0,0,0,0,0,0,0,0,0,0,0,0,0,0,0,0,0,0,0,0,0,0,0,0,243635765,0,0,0,448207875,0,0,0,0,0,0,0,74232356,102925659,278225800,150246259712,64949786,1,0,0,0,0,0,0,0,0,0,0,0,0,0,0,0,0,0,0,0,0,0,0,0,0,0,0,0,0,0,0,897,0,0,0,0,0,0,0
1782975508.900,0,0,0,0,0,0,0,680992514,1682474633728,741915596288,0,0,0,0,0,0,0,0,0,0,0,0,0,0,0,0,0,0,0,0,0,0,0,0,0,0,0,0,0,0,0,0,0,0,0,0,0,0,0,0,0,0,0,0,0,0,0,0,0,0,0,0,0,0,0,0,0,0,7,1835246,102923023,33774812,0,0,0,0,0,0,0,0,0,0,0,0,0,0,0,0,0,0,0,0,0,0,0,0,0,0,0,0,0,0,0,0,0,0,0,0,0,12876480512,3801858048,785918,232047,33712965,417,0,96,786432,101975263,811153,6,3289763850,12884901888,24050,662408305,0,0,0,0,0,0,0,0,0,0,0,0,0,0,0,0,0,0,15547362,115443672,0,468,1202,7661,620,31094986,35,0,0,0,0,0,0,0,1,0,0,0,0,0,0,0,0,0,0,20777693,0,33712739,609833,0,0,0,0,0,0,0,0,16384,0,0,0,0,0,0,0,0,0,0,0,3091,422,0,0,0,0,0,47261871,0,147,0,2,422,3091,0,0,0,0,0,0,0,0,0,0,0,0,0,0,0,0,0,0,0,0,0,0,0,0,0,0,0,0,0,0,0,0,0,0,0,0,0,0,0,0,0,0,0,0,0,0,0,0,0,0,0,0,0,0,243716678,0,0,0,448291934,0,0,0,0,0,0,0,74267367,102983462,278320553,150288304128,64980274,1,0,0,0,0,0,0,0,0,0,0,0,0,0,0,0,0,0,0,0,0,0,0,0,0,0,0,0,0,0,0,1064,0,0,0,0,0,0,0
1782975509.965,0,0,0,0,0,0,0,681165768,1683439127040,742192861696,0,0,0,0,0,0,0,0,0,0,0,0,0,0,0,0,0,0,0,0,0,0,0,0,0,0,0,0,0,0,0,0,0,0,0,0,0,0,0,0,0,0,0,0,0,0,0,0,0,0,0,0,0,0,0,0,0,0,7,1835278,102982014,33788678,0,0,0,0,0,0,0,0,0,0,0,0,0,0,0,0,0,0,0,0,0,0,0,0,0,0,0,0,0,0,0,0,0,0,0,0,0,12875579392,3864788992,785863,235888,33726804,472,0,96,786432,102034191,811153,6,3290623820,12884901888,24050,662526255,0,0,0,0,0,0,0,0,0,0,0,0,0,0,0,0,0,0,15552364,115448674,0,468,1202,7661,620,31104998,35,0,0,0,0,0,0,0,1,0,0,0,0,0,0,0,0,0,0,20783443,0,33726578,610142,0,0,0,0,0,0,0,0,16384,0,0,0,0,0,0,0,0,0,0,0,3092,422,0,0,0,0,0,47277075,0,147,0,2,422,3092,0,0,0,0,0,0,0,0,0,0,0,0,0,0,0,0,0,0,0,0,0,0,0,0,0,0,0,0,0,0,0,0,0,0,0,0,0,0,0,0,0,0,0,0,0,0,0,0,0,0,0,0,0,0,243800282,0,0,0,448377985,0,0,0,0,0,0,0,74302619,103042338,278418254,150331787264,65011123,1,1,0,0,0,0,0,0,0,0,0,0,0,0,0,0,0,0,0,0,0,0,0,0,0,0,0,0,0,0,0,108,0,0,0,0,0,0,0
1782975511.033,0,0,0,0,0,0,0,681337747,1684395395584,742469881856,0,0,0,0,0,0,0,0,0,0,0,0,0,0,0,0,0,0,0,0,0,0,0,0,0,0,0,0,0,0,0,0,0,0,0,0,0,0,0,0,0,0,0,0,0,0,0,0,0,0,0,0,0,0,0,0,0,0,7,1835310,103040500,33802595,0,0,0,0,0,0,0,0,0,0,0,0,0,0,0,0,0,0,0,0,0,0,0,0,0,0,0,0,0,0,0,0,0,0,0,0,0,12876267520,3920330752,785905,239278,33740748,434,0,96,786432,102092619,811153,6,3291475586,12884901888,24050,662641214,0,0,0,0,0,0,0,0,0,0,0,0,0,0,0,0,0,0,15557347,115453658,0,468,1202,7661,620,31114957,35,0,0,0,0,0,0,0,1,0,0,0,0,0,0,0,0,0,0,20789171,0,33740522,610466,0,0,0,0,0,0,0,0,16384,0,0,0,0,0,0,0,0,0,0,0,3093,422,0,0,0,0,0,47292219,0,147,0,2,422,3093,0,0,0,0,0,0,0,0,0,0,0,0,0,0,0,0,0,0,0,0,0,0,0,0,0,0,0,0,0,0,0,0,0,0,0,0,0,0,0,0,0,0,0,0,0,0,0,0,0,0,0,0,0,0,243881947,0,0,0,448462469,0,0,0,0,0,0,0,74338076,103100690,278514088,150374353408,65042041,1,0,0,0,0,0,0,0,0,0,0,0,0,0,0,0,0,0,0,0,0,0,0,0,0,0,0,0,0,0,0,221,0,0,0,0,0,0,0
1782975512.106,0,0,0,0,0,0,0,681509442,1685346257408,742747692032,0,0,0,0,0,0,0,0,0,0,0,0,0,0,0,0,0,0,0,0,0,0,0,0,0,0,0,0,0,0,0,0,0,0,0,0,0,0,0,0,0,0,0,0,0,0,0,0,0,0,0,0,0,0,0,0,0,0,7,1835343,103098648,33816577,0,0,0,0,0,0,0,0,0,0,0,0,0,0,0,0,0,0,0,0,0,0,0,0,0,0,0,0,0,0,0,0,0,0,0,0,0,12874186752,3973988352,785777,242553,33754730,557,0,97,786432,102150699,811153,6,3292324997,12884901888,24050,662755780,0,0,0,0,0,0,0,0,0,0,0,0,0,0,0,0,0,0,15562313,115458623,0,468,1202,7661,620,31124888,35,0,0,0,0,0,0,0,1,0,0,0,0,0,0,0,0,0,0,20794870,0,33754504,610785,0,0,0,0,0,0,0,0,16384,0,0,0,0,0,0,0,0,0,0,0,3094,422,0,0,0,0,0,47307341,0,147,0,2,422,3094,0,0,0,0,0,0,0,0,0,0,0,0,0,0,0,0,0,0,0,0,0,0,0,0,0,0,0,0,0,0,0,0,0,0,0,0,0,0,0,0,0,0,0,0,0,0,0,0,0,0,0,0,0,0,243963512,0,0,0,448546724,0,0,0,0,0,0,0,74373661,103158689,278609867,150416875520,65072918,1,1,0,0,0,0,0,0,0,0,0,0,0,0,0,0,0,0,0,0,0,0,0,0,0,0,0,0,0,0,0,340,0,0,0,0,0,0,0
1782975513.175,0,0,0,0,0,0,0,681680739,1686295857664,743027334144,0,0,0,0,0,0,0,0,0,0,0,0,0,0,0,0,0,0,0,0,0,0,0,0,0,0,0,0,0,0,0,0,0,0,0,0,0,0,0,0,0,0,0,0,0,0,0,0,0,0,0,0,0,0,0,0,0,0,7,1835371,103156760,33830693,0,0,0,0,0,0,0,0,0,0,0,0,0,0,0,0,0,0,0,0,0,0,0,0,0,0,0,0,0,0,0,0,0,0,0,0,0,12876808192,4022927360,785939,245540,33768846,400,0,97,786432,102208746,811153,6,3293171987,12884901888,24050,662870050,0,0,0,0,0,0,0,0,0,0,0,0,0,0,0,0,0,0,15567267,115463575,0,468,1202,7661,620,31134795,35,0,0,0,0,0,0,0,1,0,0,0,0,0,0,0,0,0,0,20800564,0,33768620,611105,0,0,0,0,0,0,0,0,16384,0,0,0,0,0,0,0,0,0,0,0,3095,422,0,0,0,0,0,47322414,0,147,0,2,422,3095,0,0,0,0,0,0,0,0,0,0,0,0,0,0,0,0,0,0,0,0,0,0,0,0,0,0,0,0,0,0,0,0,0,0,0,0,0,0,0,0,0,0,0,0,0,0,0,0,0,0,0,0,0,0,244043999,0,0,0,448630712,0,0,0,0,0,0,0,74409204,103216651,278704712,150458877440,65103826,0,0,0,0,0,0,0,0,0,0,0,0,0,0,0,0,0,0,0,0,0,0,0,0,0,0,0,0,0,0,0,440,0,0,0,0,0,0,0
1782975514.245,0,0,0,0,0,0,0,681853122,1687247571456,743309745152,0,0,0,0,0,0,0,0,0,0,0,0,0,0,0,0,0,0,0,0,0,0,0,0,0,0,0,0,0,0,0,0,0,0,0,0,0,0,0,0,0,0,0,0,0,0,0,0,0,0,0,0,0,0,0,0,0,0,7,1835398,103214980,33844986,0,0,0,0,0,0,0,0,0,0,0,0,0,0,0,0,0,0,0,0,0,0,0,0,0,0,0,0,0,0,0,0,0,0,0,0,0,12877758464,4066361344,785996,248191,33783139,338,0,96,786432,102266900,811153,6,3294024733,12884901888,24050,662984844,0,0,0,0,0,0,0,0,0,0,0,0,0,0,0,0,0,0,15572254,115468562,0,468,1202,7661,620,31144769,35,0,0,0,0,0,0,0,1,0,0,0,0,0,0,0,0,0,0,20806297,0,33782913,611415,0,0,0,0,0,0,0,0,16384,0,0,0,0,0,0,0,0,0,0,0,3096,422,0,0,0,0,0,47337603,0,147,0,2,422,3096,0,0,0,0,0,0,0,0,0,0,0,0,0,0,0,0,0,0,0,0,0,0,0,0,0,0,0,0,0,0,0,0,0,0,0,0,0,0,0,0,0,0,0,0,0,0,0,0,0,0,0,0,0,0,244124795,0,0,0,448715339,0,0,0,0,0,0,0,74445022,103274724,278800032,150500876288,65134999,0,1,0,0,0,0,0,0,0,0,0,0,0,0,0,0,0,0,0,0,0,0,0,0,0,0,0,0,0,0,0,591,0,0,0,0,0,0,0
1782975515.314,0,0,0,0,0,0,0,682024089,1688194353664,743595842048,0,0,0,0,0,0,0,0,0,0,0,0,0,0,0,0,0,0,0,0,0,0,0,0,0,0,0,0,0,0,0,0,0,0,0,0,0,0,0,0,0,0,0,0,0,0,0,0,0,0,0,0,0,0,0,0,0,0,7,1835435,103272913,33859489,0,0,0,0,0,0,0,0,0,0,0,0,0,0,0,0,0,0,0,0,0,0,0,0,0,0,0,0,0,0,0,0,0,0,0,0,0,12875087872,4103847936,785832,250479,33797642,503,0,98,786432,102324776,811153,6,3294870936,12884901888,24050,663098697,0,0,0,0,0,0,0,0,0,0,0,0,0,0,0,0,0,0,15577199,115473508,0,468,1202,7661,620,31154658,35,0,0,0,0,0,0,0,1,0,0,0,0,0,0,0,0,0,0,20811976,0,33797428,611734,0,0,0,0,0,0,0,0,16384,0,0,0,0,0,0,0,0,0,0,0,3097,422,0,0,0,0,0,47352627,0,147,0,2,422,3097,0,0,0,0,0,0,0,0,0,0,0,0,0,0,0,0,0,0,0,0,0,0,0,0,0,0,0,0,0,0,0,0,0,0,0,0,0,0,0,0,0,0,0,0,0,0,0,0,0,0,0,0,0,0,244205131,0,0,0,448799234,0,0,0,0,0,0,0,74480535,103332488,278895115,150542894592,65165728,0,0,0,0,0,0,0,0,0,0,0,0,0,0,0,0,0,0,0,0,0,0,0,0,0,0,0,0,0,0,0,726,0,0,0,0,0,0,0
1782975516.377,0,0,0,0,0,0,0,682192863,1689132976640,743931060224,0,0,0,0,0,0,0,0,0,0,0,0,0,0,0,0,0,0,0,0,0,0,0,0,0,0,0,0,0,0,0,0,0,0,0,0,0,0,0,0,0,0,0,0,0,0,0,0,0,0,0,0,0,0,0,0,0,0,7,1835466,103330299,33876966,0,0,0,0,0,0,0,0,0,0,0,0,0,0,0,0,0,0,0,0,0,0,0,0,0,0,0,0,0,0,0,0,0,0,0,0,0,12876349440,4091084800,785910,249700,33812535,425,0,96,786432,102382103,811153,6,3295705794,12884901888,24050,663210981,0,0,0,0,0,0,0,0,0,0,0,0,0,0,0,0,0,0,15582083,115478392,0,468,1202,7661,620,31164428,35,0,0,0,0,0,0,0,1,0,0,0,0,0,0,0,0,0,0,20817591,0,33814741,612070,0,0,0,0,0,0,0,0,16384,0,0,0,0,0,0,0,0,0,0,0,3098,422,0,0,0,0,0,47367445,0,147,0,2,422,3098,0,0,0,0,0,0,0,0,0,0,0,0,0,0,0,0,0,0,0,0,0,0,0,0,0,0,0,0,0,0,0,0,0,0,0,0,0,0,0,0,0,0,0,0,0,0,0,0,0,0,0,0,0,0,244285653,0,0,0,448882173,0,0,0,0,0,0,0,74515570,103389771,278993366,150584756224,65195697,1,0,0,0,0,0,0,0,0,0,0,0,0,0,0,0,0,0,0,0,0,0,0,0,0,0,0,0,0,0,0,809,0,0,0,0,0,0,0
1782975517.445,0,0,0,0,0,0,0,682364972,1690088540672,744244392448,0,0,0,0,0,0,0,0,0,0,0,0,0,0,0,0,0,0,0,0,0,0,0,0,0,0,0,0,0,0,0,0,0,0,0,0,0,0,0,0,0,0,0,0,0,0,0,0,0,0,0,0,0,0,0,0,0,0,7,1835495,103388750,33893173,0,0,0,0,0,0,0,0,0,0,0,0,0,0,0,0,0,0,0,0,0,0,0,0,0,0,0,0,0,0,0,0,0,0,0,0,0,12875333632,4105961472,785848,250608,33831326,488,0,96,786432,102440499,811153,6,3296558050,12884901888,24050,663326367,0,0,0,0,0,0,0,0,0,0,0,0,0,0,0,0,0,0,15587056,115483365,0,468,1202,7661,620,31174373,35,0,0,0,0,0,0,0,1,0,0,0,0,0,0,0,0,0,0,20823305,0,33831100,612399,0,0,0,0,0,0,0,0,16384,0,0,0,0,0,0,0,0,0,0,0,3100,422,0,0,0,0,0,47382590,0,147,0,2,422,3100,0,0,0,0,0,0,0,0,0,0,0,0,0,0,0,0,0,0,0,0,0,0,0,0,0,0,0,0,0,0,0,0,0,0,0,0,0,0,0,0,0,0,0,0,0,0,0,0,0,0,0,0,0,0,244366310,0,0,0,448966533,0,0,0,0,0,0,0,74551050,103448072,279090451,150626661376,65226129,0,0,0,0,0,0,0,0,0,0,0,0,0,0,0,0,0,0,0,0,0,0,0,0,0,0,0,0,0,0,0,954,0,0,0,0,0,0,0
1782975518.514,0,0,0,0,0,0,0,682534512,1691035879936,744536163328,0,0,0,0,0,0,0,0,0,0,0,0,0,0,0,0,0,0,0,0,0,0,0,0,0,0,0,0,0,0,0,0,0,0,0,0,0,0,0,0,0,0,0,0,0,0,0,0,0,0,0,0,0,0,0,0,0,0,7,1835511,103446688,33908052,0,0,0,0,0,0,0,0,0,0,0,0,0,0,0,0,0,0,0,0,0,0,0,0,0,0,0,0,0,0,0,0,0,0,0,0,0,12879970304,4132765696,786131,252244,33846205,205,0,99,786432,102498367,811153,6,3297397512,12884901888,24050,663439029,0,0,0,0,0,0,0,0,0,0,0,0,0,0,0,0,0,0,15591969,115488277,0,468,1202,7661,620,31184202,35,0,0,0,0,0,0,0,1,0,0,0,0,0,0,0,0,0,0,20828946,0,33845979,612704,0,0,0,0,0,0,0,0,16384,0,0,0,0,0,0,0,0,0,0,0,3101,422,0,0,0,0,0,47397498,0,147,0,2,422,3101,0,0,0,0,0,0,0,0,0,0,0,0,0,0,0,0,0,0,0,0,0,0,0,0,0,0,0,0,0,0,0,0,0,0,0,0,0,0,0,0,0,0,0,0,0,0,0,0,0,0,0,0,0,0,244446829,0,0,0,449049875,0,0,0,0,0,0,0,74587157,103505872,279186059,150668451328,65257467,1,0,0,0,0,0,0,0,0,0,0,0,0,0,0,0,0,0,0,0,0,0,0,0,0,0,0,0,0,0,0,1032,0,0,0,0,0,0,0
1782975519.581,0,0,0,0,0,0,0,682701294,1691961002496,744825001472,0,0,0,0,0,0,0,0,0,0,0,0,0,0,0,0,0,0,0,0,0,0,0,0,0,0,0,0,0,0,0,0,0,0,0,0,0,0,0,0,0,0,0,0,0,0,0,0,0,0,0,0,0,0,0,0,0,0,7,1835547,103503270,33922786,0,0,0,0,0,0,0,0,0,0,0,0,0,0,0,0,0,0,0,0,0,0,0,0,0,0,0,0,0,0,0,0,0,0,0,0,0,12876709888,4160749568,785933,253952,33860939,403,0,96,786432,102554894,811153,6,3298223093,12884901888,24050,663550659,0,0,0,0,0,0,0,0,0,0,0,0,0,0,0,0,0,0,15596791,115493100,0,468,1202,7661,620,31193840,35,0,0,0,0,0,0,0,1,0,0,0,0,0,0,0,0,0,0,20834489,0,33860713,613020,0,0,0,0,0,0,0,0,16384,0,0,0,0,0,0,0,0,0,0,0,3102,422,0,0,0,0,0,47412191,0,147,0,2,422,3102,0,0,0,0,0,0,0,0,0,0,0,0,0,0,0,0,0,0,0,0,0,0,0,0,0,0,0,0,0,0,0,0,0,0,0,0,0,0,0,0,0,0,0,0,0,0,0,0,0,0,0,0,0,0,244525584,0,0,0,449131785,0,0,0,0,0,0,0,74621953,103562317,279279788,150709569536,65287602,0,0,0,0,0,0,0,0,0,0,0,0,0,0,0,0,0,0,0,0,0,0,0,0,0,0,0,0,0,0,0,1049,0,0,0,0,0,0,0
1782975520.650,0,0,0,0,0,0,0,682866933,1692884634112,745115165184,0,0,0,0,0,0,0,0,0,0,0,0,0,0,0,0,0,0,0,0,0,0,0,0,0,0,0,0,0,0,0,0,0,0,0,0,0,0,0,0,0,0,0,0,0,0,0,0,0,0,0,0,0,0,0,0,0,0,7,1835581,103559766,33937572,0,0,0,0,0,0,0,0,0,0,0,0,0,0,0,0,0,0,0,0,0,0,0,0,0,0,0,0,0,0,0,0,0,0,0,0,0,12878266368,4184571904,786027,255406,33875695,308,0,96,786432,102611324,811153,6,3299043350,12884901888,24050,663661073,0,0,0,0,0,0,0,0,0,0,0,0,0,0,0,0,0,0,15601582,115497890,0,468,1202,7661,620,31203424,35,0,0,0,0,0,0,0,1,0,0,0,0,0,0,0,0,0,0,20839994,0,33875469,613324,0,0,0,0,0,0,0,0,16384,0,0,0,0,0,0,0,0,0,0,0,3103,422,0,0,0,0,0,47426774,0,147,0,2,422,3103,0,0,0,0,0,0,0,0,0,0,0,0,0,0,0,0,0,0,0,0,0,0,0,0,0,0,0,0,0,0,0,0,0,0,0,0,0,0,0,0,0,0,0,0,0,0,0,0,0,0,0,0,0,0,244605067,0,0,0,449213287,0,0,0,0,0,0,0,74654988,103618696,279374274,150751192064,65316103,0,0,0,0,0,0,0,0,0,0,0,0,0,0,0,0,0,0,0,0,0,0,0,0,0,0,0,0,0,0,0,1041,0,0,0,0,0,0,0
1782975521.717,0,0,0,0,0,0,0,683030994,1693793683968,745412673024,0,0,0,0,0,0,0,0,0,0,0,0,0,0,0,0,0,0,0,0,0,0,0,0,0,0,0,0,0,0,0,0,0,0,0,0,0,0,0,0,0,0,0,0,0,0,0,0,0,0,0,0,0,0,0,0,0,0,7,1835603,103615376,33952881,0,0,0,0,0,0,0,0,0,0,0,0,0,0,0,0,0,0,0,0,0,0,0,0,0,0,0,0,0,0,0,0,0,0,0,0,0,12879462400,4198252544,786100,256241,33891034,237,0,97,786432,102666868,811153,6,3299855110,12884901888,24050,663770532,0,0,0,0,0,0,0,0,0,0,0,0,0,0,0,0,0,0,15606334,115502641,0,468,1202,7661,620,31212934,35,0,0,0,0,0,0,0,1,0,0,0,0,0,0,0,0,0,0,20845455,0,33890808,613647,0,0,0,0,0,0,0,0,16384,0,0,0,0,0,0,0,0,0,0,0,3104,422,0,0,0,0,0,47441220,0,147,0,2,422,3104,0,0,0,0,0,0,0,0,0,0,0,0,0,0,0,0,0,0,0,0,0,0,0,0,0,0,0,0,0,0,0,0,0,0,0,0,0,0,0,0,0,0,0,0,0,0,0,0,0,0,0,0,0,0,244683303,0,0,0,449294041,0,0,0,0,0,0,0,74687837,103674161,279468044,150791962624,65344288,1,0,0,0,0,0,0,0,0,0,0,0,0,0,0,0,0,0,0,0,0,0,0,0,0,0,0,0,0,0,0,993,0,0,0,0,0,0,0
1782975522.785,0,0,0,0,0,0,0,683195409,1694709549568,745717599232,0,0,0,0,0,0,0,0,0,0,0,0,0,0,0,0,0,0,0,0,0,0,0,0,0,0,0,0,0,0,0,0,0,0,0,0,0,0,0,0,0,0,0,0,0,0,0,0,0,0,0,0,0,0,0,0,0,0,7,1835633,103671378,33968649,0,0,0,0,0,0,0,0,0,0,0,0,0,0,0,0,0,0,0,0,0,0,0,0,0,0,0,0,0,0,0,0,0,0,0,0,0,12874498048,4207542272,785798,256808,33906802,537,0,96,786432,102722812,811153,6,3300669263,12884901888,24050,663880448,0,0,0,0,0,0,0,0,0,0,0,0,0,0,0,0,0,0,15611094,115507401,0,468,1202,7661,620,31222448,35,0,0,0,0,0,0,0,1,0,0,0,0,0,0,0,0,0,0,20850927,0,33906576,613968,0,0,0,0,0,0,0,0,16384,0,0,0,0,0,0,0,0,0,0,0,3105,422,0,0,0,0,0,47455676,0,147,0,2,422,3105,0,0,0,0,0,0,0,0,0,0,0,0,0,0,0,0,0,0,0,0,0,0,0,0,0,0,0,0,0,0,0,0,0,0,0,0,0,0,0,0,0,0,0,0,0,0,0,0,0,0,0,0,0,0,244761435,0,0,0,449374951,0,0,0,0,0,0,0,74721070,103730016,279562188,150832613376,65372828,1,0,0,0,0,0,0,0,0,0,0,0,0,0,0,0,0,0,0,0,0,0,0,0,0,0,0,0,0,0,0,934,0,0,0,0,0,0,0
1782975523.853,0,0,0,0,0,0,0,683364762,1695651547648,746033621504,0,0,0,0,0,0,0,0,0,0,0,0,0,0,0,0,0,0,0,0,0,0,0,0,0,0,0,0,0,0,0,0,0,0,0,0,0,0,0,0,0,0,0,0,0,0,0,0,0,0,0,0,0,0,0,0,0,0,7,1835667,103728994,33985004,0,0,0,0,0,0,0,0,0,0,0,0,0,0,0,0,0,0,0,0,0,0,0,0,0,0,0,0,0,0,0,0,0,0,0,0,0,12875497472,4221075456,785858,257634,33923133,476,0,97,786432,102780367,811153,6,3301507373,12884901888,24050,663993423,0,0,0,0,0,0,0,0,0,0,0,0,0,0,0,0,0,0,15615988,115512295,0,468,1202,7661,620,31232239,35,0,0,0,0,0,0,0,1,0,0,0,0,0,0,0,0,0,0,20856551,0,33922907,614292,0,0,0,0,0,0,0,0,16384,0,0,0,0,0,0,0,0,0,0,0,3106,422,0,0,0,0,0,47470561,0,147,0,2,422,3106,0,0,0,0,0,0,0,0,0,0,0,0,0,0,0,0,0,0,0,0,0,0,0,0,0,0,0,0,0,0,0,0,0,0,0,0,0,0,0,0,0,0,0,0,0,0,0,0,0,0,0,0,0,0,244841865,0,0,0,449458132,0,0,0,0,0,0,0,74756059,103787512,279659206,150874569216,65402817,0,0,0,0,0,0,0,0,0,0,0,0,0,0,0,0,0,0,0,0,0,0,0,0,0,0,0,0,0,0,0,979,0,0,0,0,0,0,0
1782975524.920,0,0,0,0,0,0,0,683535210,1696598313472,746346088960,0,0,0,0,0,0,0,0,0,0,0,0,0,0,0,0,0,0,0,0,0,0,0,0,0,0,0,0,0,0,0,0,0,0,0,0,0,0,0,0,0,0,0,0,0,0,0,0,0,0,0,0,0,0,0,0,0,0,7,1835694,103786933,34001187,0,0,0,0,0,0,0,0,0,0,0,0,0,0,0,0,0,0,0,0,0,0,0,0,0,0,0,0,0,0,0,0,0,0,0,0,0,12876480512,4244537344,785918,259066,33939340,418,0,97,786432,102838240,811153,6,3302350404,12884901888,24050,664106972,0,0,0,0,0,0,0,0,0,0,0,0,0,0,0,0,0,0,15620921,115517227,0,468,1202,7661,620,31242105,35,0,0,0,0,0,0,0,1,0,0,0,0,0,0,0,0,0,0,20862217,0,33939114,614624,0,0,0,0,0,0,0,0,16384,0,0,0,0,0,0,0,0,0,0,0,3107,422,0,0,0,0,0,47485556,0,147,0,2,422,3107,0,0,0,0,0,0,0,0,0,0,0,0,0,0,0,0,0,0,0,0,0,0,0,0,0,0,0,0,0,0,0,0,0,0,0,0,0,0,0,0,0,0,0,0,0,0,0,0,0,0,0,0,0,0,244920660,0,0,0,449541788,0,0,0,0,0,0,0,74791525,103845294,279754408,150915716608,65433106,1,0,0,0,0,0,0,0,0,0,0,0,0,0,0,0,0,0,0,0,0,0,0,0,0,0,0,0,0,0,0,1075,0,0,0,0,0,0,0
1782975525.989,0,0,0,0,0,0,0,683705771,1697536903680,746656886784,0,0,0,0,0,0,0,0,0,0,0,0,0,0,0,0,0,0,0,0,0,0,0,0,0,0,0,0,0,0,0,0,0,0,0,0,0,0,0,0,0,0,0,0,0,0,0,0,0,0,0,0,0,0,0,0,0,0,7,1835721,103844322,34017213,0,0,0,0,0,0,0,0,0,0,0,0,0,0,0,0,0,0,0,0,0,0,0,0,0,0,0,0,0,0,0,0,0,0,0,0,0,12873547776,4270309376,785739,260640,33955353,597,0,96,786432,102895582,811153,6,3303193627,12884901888,24050,664220371,0,0,0,0,0,0,0,0,0,0,0,0,0,0,0,0,0,0,15625855,115522162,0,468,1202,7661,620,31251975,35,0,0,0,0,0,0,0,1,0,0,0,0,0,0,0,0,0,0,20867885,0,33955158,614952,0,0,0,0,0,0,0,0,16384,0,0,0,0,0,0,0,0,0,0,0,3108,422,0,0,0,0,0,47500548,0,147,0,2,422,3108,0,0,0,0,0,0,0,0,0,0,0,0,0,0,0,0,0,0,0,0,0,0,0,0,0,0,0,0,0,0,0,0,0,0,0,0,0,0,0,0,0,0,0,0,0,0,0,0,0,0,0,0,0,0,245001237,0,0,0,449625534,0,0,0,0,0,0,0,74826789,103902558,279851259,150957572096,65463341,1,1,0,0,0,0,0,0,0,0,0,0,0,0,0,0,0,0,0,0,0,0,0,0,0,0,0,0,0,0,0,1182,0,0,0,0,0,0,0
1782975527.056,0,0,0,0,0,0,0,683875362,1698480474624,746967568896,0,0,0,0,0,0,0,0,0,0,0,0,0,0,0,0,0,0,0,0,0,0,0,0,0,0,0,0,0,0,0,0,0,0,0,0,0,0,0,0,0,0,0,0,0,0,0,0,0,0,0,0,0,0,0,0,0,0,7,1835749,103902044,34033182,0,0,0,0,0,0,0,0,0,0,0,0,0,0,0,0,0,0,0,0,0,0,0,0,0,0,0,0,0,0,0,0,0,0,0,0,0,12875169792,4297949184,785838,262326,33971335,498,0,96,786432,102953242,811153,6,3304037592,12884901888,24050,664337084,0,0,0,0,0,0,0,0,0,0,0,0,0,0,0,0,0,0,15630761,115527068,0,468,1202,7661,620,31261779,35,0,0,0,0,0,0,0,1,0,0,0,0,0,0,0,0,0,0,20873535,0,33971109,615272,0,0,0,0,0,0,0,0,16384,0,0,0,0,0,0,0,0,0,0,0,3109,422,0,0,0,0,0,47515465,0,147,0,2,422,3109,0,0,0,0,0,0,0,0,0,0,0,0,0,0,0,0,0,0,0,0,0,0,0,0,0,0,0,0,0,0,0,0,0,0,0,0,0,0,0,0,0,0,0,0,0,0,0,0,0,0,0,0,0,0,245083069,0,0,0,449709932,0,0,0,0,0,0,0,74862618,103960147,279949311,151000211456,65494161,1,0,0,0,0,0,0,0,0,0,0,0,0,0,0,0,0,0,0,0,0,0,0,0,0,0,0,0,0,0,0,85,0,0,0,0,0,0,0
1782975528.121,0,0,0,0,0,0,0,684045616,1699423062528,747275959296,0,0,0,0,0,0,0,0,0,0,0,0,0,0,0,0,0,0,0,0,0,0,0,0,0,0,0,0,0,0,0,0,0,0,0,0,0,0,0,0,0,0,0,0,0,0,0,0,0,0,0,0,0,0,0,0,0,0,7,1835783,103959700,34049065,0,0,0,0,0,0,0,0,0,0,0,0,0,0,0,0,0,0,0,0,0,0,0,0,0,0,0,0,0,0,0,0,0,0,0,0,0,12879429632,4326637568,786098,264077,33987218,237,0,96,786432,103010829,811153,6,3304880109,12884901888,24050,664450461,0,0,0,0,0,0,0,0,0,0,0,0,0,0,0,0,0,0,15635683,115531990,0,468,1202,7661,620,31271626,35,0,0,0,0,0,0,0,1,0,0,0,0,0,0,0,0,0,0,20879193,0,33986992,615591,0,0,0,0,0,0,0,0,16384,0,0,0,0,0,0,0,0,0,0,0,3110,422,0,0,0,0,0,47530447,0,147,0,2,422,3110,0,0,0,0,0,0,0,0,0,0,0,0,0,0,0,0,0,0,0,0,0,0,0,0,0,0,0,0,0,0,0,0,0,0,0,0,0,0,0,0,0,0,0,0,0,0,0,0,0,0,0,0,0,0,245163131,0,0,0,449793457,0,0,0,0,0,0,0,74898285,104017664,280045485,151041893376,65524768,1,0,0,0,0,0,0,0,0,0,0,0,0,0,0,0,0,0,0,0,0,0,0,0,0,0,0,0,0,0,0,189,0,0,0,0,0,0,0
1782975529.189,0,0,0,0,0,0,0,684215192,1700369730048,747585006592,0,0,0,0,0,0,0,0,0,0,0,0,0,0,0,0,0,0,0,0,0,0,0,0,0,0,0,0,0,0,0,0,0,0,0,0,0,0,0,0,0,0,0,0,0,0,0,0,0,0,0,0,0,0,0,0,0,0,7,1835811,104017624,34064983,0,0,0,0,0,0,0,0,0,0,0,0,0,0,0,0,0,0,0,0,0,0,0,0,0,0,0,0,0,0,0,0,0,0,0,0,0,12875284480,4351492096,785845,265593,34003094,491,0,97,786432,103068691,811153,6,3305718910,12884901888,24050,664563195,0,0,0,0,0,0,0,0,0,0,0,0,0,0,0,0,0,0,15640585,115536888,0,468,1202,7661,620,31281437,35,0,0,0,0,0,0,0,1,0,0,0,0,0,0,0,0,0,0,20884821,0,34002922,615908,0,0,0,0,0,0,0,0,16384,0,0,0,0,0,0,0,0,0,0,0,3111,422,0,0,0,0,0,47545344,0,147,0,2,422,3111,0,0,0,0,0,0,0,0,0,0,0,0,0,0,0,0,0,0,0,0,0,0,0,0,0,0,0,0,0,0,0,0,0,0,0,0,0,0,0,0,0,0,0,0,0,0,0,0,0,0,0,0,0,0,245243153,0,0,0,449876713,0,0,0,0,0,0,0,74933526,104075400,280141640,151083606528,65555029,1,0,0,0,0,0,0,0,0,0,0,0,0,0,0,0,0,0,0,0,0,0,0,0,0,0,0,0,0,0,0,287,0,0,0,0,0,0,0
1782975530.258,0,0,0,0,0,0,0,684385502,1701312973312,747893241344,0,0,0,0,0,0,0,0,0,0,0,0,0,0,0,0,0,0,0,0,0,0,0,0,0,0,0,0,0,0,0,0,0,0,0,0,0,0,0,0,0,0,0,0,0,0,0,0,0,0,0,0,0,0,0,0,0,0,7,1835836,104075326,34080858,0,0,0,0,0,0,0,0,0,0,0,0,0,0,0,0,0,0,0,0,0,0,0,0,0,0,0,0,0,0,0,0,0,0,0,0,0,12877250560,4376559616,785965,267124,34019011,369,0,98,786432,103126326,811153,6,3306561477,12884901888,24050,664676450,0,0,0,0,0,0,0,0,0,0,0,0,0,0,0,0,0,0,15645518,115541825,0,468,1202,7661,620,31291296,35,0,0,0,0,0,0,0,1,0,0,0,0,0,0,0,0,0,0,20890489,0,34018785,616227,0,0,0,0,0,0,0,0,16384,0,0,0,0,0,0,0,0,0,0,0,3112,422,0,0,0,0,0,47560367,0,147,0,2,422,3112,0,0,0,0,0,0,0,0,0,0,0,0,0,0,0,0,0,0,0,0,0,0,0,0,0,0,0,0,0,0,0,0,0,0,0,0,0,0,0,0,0,0,0,0,0,0,0,0,0,0,0,0,0,0,245323670,0,0,0,449960340,0,0,0,0,0,0,0,74968944,104132971,280238267,151125587456,65585568,1,1,0,0,0,0,0,0,0,0,0,0,0,0,0,0,0,0,0,0,0,0,0,0,0,0,0,0,0,0,0,442,0,0,0,0,0,0,0
1782975531.327,0,0,0,0,0,0,0,684555528,1702259378688,748201582592,0,0,0,0,0,0,0,0,0,0,0,0,0,0,0,0,0,0,0,0,0,0,0,0,0,0,0,0,0,0,0,0,0,0,0,0,0,0,0,0,0,0,0,0,0,0,0,0,0,0,0,0,0,0,0,0,0,0,7,1835873,104133234,34096762,0,0,0,0,0,0,0,0,0,0,0,0,0,0,0,0,0,0,0,0,0,0,0,0,0,0,0,0,0,0,0,0,0,0,0,0,0,12877971456,4400250880,786009,268570,34034904,327,0,96,786432,103184164,811153,6,3307403112,12884901888,24050,664789610,0,0,0,0,0,0,0,0,0,0,0,0,0,0,0,0,0,0,15650451,115546758,0,468,1202,7661,620,31301160,35,0,0,0,0,0,0,0,1,0,0,0,0,0,0,0,0,0,0,20896154,0,34034716,616539,0,0,0,0,0,0,0,0,16384,0,0,0,0,0,0,0,0,0,0,0,3113,422,0,0,0,0,0,47575355,0,147,0,2,422,3113,0,0,0,0,0,0,0,0,0,0,0,0,0,0,0,0,0,0,0,0,0,0,0,0,0,0,0,0,0,0,0,0,0,0,0,0,0,0,0,0,0,0,0,0,0,0,0,0,0,0,0,0,0,0,245402637,0,0,0,450043857,0,0,0,0,0,0,0,75003274,104190715,280333372,151166878208,65615197,0,0,0,0,0,0,0,0,0,0,0,0,0,0,0,0,0,0,0,0,0,0,0,0,0,0,0,0,0,0,0,524,0,0,0,0,0,0,0
1782975532.397,0,0,0,0,0,0,0,684719995,1703172033024,748547660800,0,0,0,0,0,0,0,0,0,0,0,0,0,0,0,0,0,0,0,0,0,0,0,0,0,0,0,0,0,0,0,0,0,0,0,0,0,0,0,0,0,0,0,0,0,0,0,0,0,0,0,0,0,0,0,0,0,0,7,1835901,104189039,34115047,0,0,0,0,0,0,0,0,0,0,0,0,0,0,0,0,0,0,0,0,0,0,0,0,0,0,0,0,0,0,0,0,0,0,0,0,0,12875087872,4374937600,785833,267025,34050385,502,0,97,786432,103239902,811153,6,3308217414,12884901888,24050,664899723,0,0,0,0,0,0,0,0,0,0,0,0,0,0,0,0,0,0,15655197,115551504,0,468,1202,7661,620,31310654,35,0,0,0,0,0,0,0,1,0,0,0,0,0,0,0,0,0,0,20901611,0,34052847,616879,0,0,0,0,0,0,0,0,16384,0,0,0,0,0,0,0,0,0,0,0,3114,422,0,0,0,0,0,47589829,0,147,0,2,422,3114,0,0,0,0,0,0,0,0,0,0,0,0,0,0,0,0,0,0,0,0,0,0,0,0,0,0,0,0,0,0,0,0,0,0,0,0,0,0,0,0,0,0,0,0,0,0,0,0,0,0,0,0,0,0,245480574,0,0,0,450124797,0,0,0,0,0,0,0,75036748,104246397,280429808,151207432704,65643601,1,0,0,0,0,0,0,0,0,0,0,0,0,0,0,0,0,0,0,0,0,0,0,0,0,0,0,0,0,0,0,441,0,0,0,0,0,0,0
1782975533.464,0,0,0,0,0,0,0,684883336,1704075184640,748870412800,0,0,0,0,0,0,0,0,0,0,0,0,0,0,0,0,0,0,0,0,0,0,0,0,0,0,0,0,0,0,0,0,0,0,0,0,0,0,0,0,0,0,0,0,0,0,0,0,0,0,0,0,0,0,0,0,0,0,7,1835934,104244279,34131876,0,0,0,0,0,0,0,0,0,0,0,0,0,0,0,0,0,0,0,0,0,0,0,0,0,0,0,0,0,0,0,0,0,0,0,0,0,12875333632,4370579456,785848,266759,34070029,490,0,97,786432,103295085,811153,6,3309025799,12884901888,24050,665008966,0,0,0,0,0,0,0,0,0,0,0,0,0,0,0,0,0,0,15659927,115556234,0,468,1202,7661,620,31320110,35,0,0,0,0,0,0,0,1,0,0,0,0,0,0,0,0,0,0,20907040,0,34069809,617206,0,0,0,0,0,0,0,0,16384,0,0,0,0,0,0,0,0,0,0,0,3116,422,0,0,0,0,0,47604212,0,147,0,2,422,3116,0,0,0,0,0,0,0,0,0,0,0,0,0,0,0,0,0,0,0,0,0,0,0,0,0,0,0,0,0,0,0,0,0,0,0,0,0,0,0,0,0,0,0,0,0,0,0,0,0,0,0,0,0,0,245559025,0,0,0,450205156,0,0,0,0,0,0,0,75068496,104301511,280525331,151248405504,65670633,1,0,0,0,0,0,0,0,0,0,0,0,0,0,0,0,0,0,0,0,0,0,0,0,0,0,0,0,0,0,0,357,0,0,0,0,0,0,0
1782975534.531,0,0,0,0,0,0,0,685048039,1704989248000,749175327744,0,0,0,0,0,0,0,0,0,0,0,0,0,0,0,0,0,0,0,0,0,0,0,0,0,0,0,0,0,0,0,0,0,0,0,0,0,0,0,0,0,0,0,0,0,0,0,0,0,0,0,0,0,0,0,0,0,0,7,1835967,104300190,34147613,0,0,0,0,0,0,0,0,0,0,0,0,0,0,0,0,0,0,0,0,0,0,0,0,0,0,0,0,0,0,0,0,0,0,0,0,0,12876136448,4384440320,785897,267605,34085766,439,0,96,786432,103350935,811153,6,3309842072,12884901888,24050,665119259,0,0,0,0,0,0,0,0,0,0,0,0,0,0,0,0,0,0,15664688,115560995,0,468,1202,7661,620,31329641,35,0,0,0,0,0,0,0,1,0,0,0,0,0,0,0,0,0,0,20912515,0,34085540,617515,0,0,0,0,0,0,0,0,16384,0,0,0,0,0,0,0,0,0,0,0,3117,422,0,0,0,0,0,47618713,0,147,0,2,422,3117,0,0,0,0,0,0,0,0,0,0,0,0,0,0,0,0,0,0,0,0,0,0,0,0,0,0,0,0,0,0,0,0,0,0,0,0,0,0,0,0,0,0,0,0,0,0,0,0,0,0,0,0,0,0,245638221,0,0,0,450286147,0,0,0,0,0,0,0,75100763,104357276,280620488,151289706496,65698153,1,1,0,0,0,0,0,0,0,0,0,0,0,0,0,0,0,0,0,0,0,0,0,0,0,0,0,0,0,0,0,319,0,0,0,0,0,0,0
1782975535.597,0,0,0,0,0,0,0,685212261,1705903573504,749475829248,0,0,0,0,0,0,0,0,0,0,0,0,0,0,0,0,0,0,0,0,0,0,0,0,0,0,0,0,0,0,0,0,0,0,0,0,0,0,0,0,0,0,0,0,0,0,0,0,0,0,0,0,0,0,0,0,0,0,7,1835999,104356131,34163101,0,0,0,0,0,0,0,0,0,0,0,0,0,0,0,0,0,0,0,0,0,0,0,0,0,0,0,0,0,0,0,0,0,0,0,0,0,12877447168,4402626560,785977,268715,34101254,358,0,96,786432,103406822,811153,6,3310655611,12884901888,24050,665229272,0,0,0,0,0,0,0,0,0,0,0,0,0,0,0,0,0,0,15669435,115565741,0,468,1202,7661,620,31339134,35,0,0,0,0,0,0,0,1,0,0,0,0,0,0,0,0,0,0,20917974,0,34101028,617829,0,0,0,0,0,0,0,0,16384,0,0,0,0,0,0,0,0,0,0,0,3118,422,0,0,0,0,0,47633132,0,147,0,2,422,3118,0,0,0,0,0,0,0,0,0,0,0,0,0,0,0,0,0,0,0,0,0,0,0,0,0,0,0,0,0,0,0,0,0,0,0,0,0,0,0,0,0,0,0,0,0,0,0,0,0,0,0,0,0,0,245716738,0,0,0,450366904,0,0,0,0,0,0,0,75132851,104413074,280714738,151330687488,65725596,1,0,0,0,0,0,0,0,0,0,0,0,0,0,0,0,0,0,0,0,0,0,0,0,0,0,0,0,0,0,0,286,0,0,0,0,0,0,0
1782975536.660,0,0,0,0,0,0,0,685378489,1706825501184,749777576960,0,0,0,0,0,0,0,0,0,0,0,0,0,0,0,0,0,0,0,0,0,0,0,0,0,0,0,0,0,0,0,0,0,0,0,0,0,0,0,0,0,0,0,0,0,0,0,0,0,0,0,0,0,0,0,0,0,0,7,1836026,104412529,34178663,0,0,0,0,0,0,0,0,0,0,0,0,0,0,0,0,0,0,0,0,0,0,0,0,0,0,0,0,0,0,0,0,0,0,0,0,0,12877512704,4422860800,785981,269950,34116816,354,0,96,786432,103463156,811153,6,3311477910,12884901888,24050,665339714,0,0,0,0,0,0,0,0,0,0,0,0,0,0,0,0,0,0,15674247,115570553,0,468,1202,7661,620,31348754,35,0,0,0,0,0,0,0,1,0,0,0,0,0,0,0,0,0,0,20923503,0,34116590,618143,0,0,0,0,0,0,0,0,16384,0,0,0,0,0,0,0,0,0,0,0,3119,422,0,0,0,0,0,47647774,0,147,0,2,422,3119,0,0,0,0,0,0,0,0,0,0,0,0,0,0,0,0,0,0,0,0,0,0,0,0,0,0,0,0,0,0,0,0,0,0,0,0,0,0,0,0,0,0,0,0,0,0,0,0,0,0,0,0,0,0,245795386,0,0,0,450448602,0,0,0,0,0,0,0,75165899,104469334,280809166,151371568640,65754107,1,0,0,0,0,0,0,0,0,0,0,0,0,0,0,0,0,0,0,0,0,0,0,0,0,0,0,0,0,0,0,299,0,0,0,0,0,0,0
1782975537.729,0,0,0,0,0,0,0,685544347,1707743562240,750081866752,0,0,0,0,0,0,0,0,0,0,0,0,0,0,0,0,0,0,0,0,0,0,0,0,0,0,0,0,0,0,0,0,0,0,0,0,0,0,0,0,0,0,0,0,0,0,0,0,0,0,0,0,0,0,0,0,0,0,7,1836061,104468692,34194375,0,0,0,0,0,0,0,0,0,0,0,0,0,0,0,0,0,0,0,0,0,0,0,0,0,0,0,0,0,0,0,0,0,0,0,0,0,12874268672,4438818816,785783,270924,34132528,553,0,96,786432,103519258,811153,6,3312299017,12884901888,24050,665450705,0,0,0,0,0,0,0,0,0,0,0,0,0,0,0,0,0,0,15679047,115575354,0,468,1202,7661,620,31358354,35,0,0,0,0,0,0,0,1,0,0,0,0,0,0,0,0,0,0,20929024,0,34132302,618464,0,0,0,0,0,0,0,0,16384,0,0,0,0,0,0,0,0,0,0,0,3120,422,0,0,0,0,0,47662383,0,147,0,2,422,3120,0,0,0,0,0,0,0,0,0,0,0,0,0,0,0,0,0,0,0,0,0,0,0,0,0,0,0,0,0,0,0,0,0,0,0,0,0,0,0,0,0,0,0,0,0,0,0,0,0,0,0,0,0,0,245874329,0,0,0,450530113,0,0,0,0,0,0,0,75198131,104525353,280904065,151412713472,65781762,0,0,0,0,0,0,0,0,0,0,0,0,0,0,0,0,0,0,0,0,0,0,0,0,0,0,0,0,0,0,0,314,0,0,0,0,0,0,0
1782975538.795,0,0,0,0,0,0,0,685710991,1708669127168,750385996800,0,0,0,0,0,0,0,0,0,0,0,0,0,0,0,0,0,0,0,0,0,0,0,0,0,0,0,0,0,0,0,0,0,0,0,0,0,0,0,0,0,0,0,0,0,0,0,0,0,0,0,0,0,0,0,0,0,0,7,1836092,104525321,34210038,0,0,0,0,0,0,0,0,0,0,0,0,0,0,0,0,0,0,0,0,0,0,0,0,0,0,0,0,0,0,0,0,0,0,0,0,0,12873564160,4456677376,785740,272014,34148177,594,0,96,786432,103575842,811153,6,3313123917,12884901888,24050,665561972,0,0,0,0,0,0,0,0,0,0,0,0,0,0,0,0,0,0,15683869,115580175,0,468,1202,7661,620,31368001,35,0,0,0,0,0,0,0,1,0,0,0,0,0,0,0,0,0,0,20934563,0,34147986,618787,0,0,0,0,0,0,0,0,16384,0,0,0,0,0,0,0,0,0,0,0,3121,422,0,0,0,0,0,47676985,0,147,0,2,422,3121,0,0,0,0,0,0,0,0,0,0,0,0,0,0,0,0,0,0,0,0,0,0,0,0,0,0,0,0,0,0,0,0,0,0,0,0,0,0,0,0,0,0,0,0,0,0,0,0,0,0,0,0,0,0,245953879,0,0,0,450612033,0,0,0,0,0,0,0,75231146,104581845,280999511,151454209536,65810088,1,0,0,0,0,0,0,0,0,0,0,0,0,0,0,0,0,0,0,0,0,0,0,0,0,0,0,0,0,0,0,352,0,0,0,0,0,0,0
1782975539.863,0,0,0,0,0,0,0,685874777,1709582125568,750685246464,0,0,0,0,0,0,0,0,0,0,0,0,0,0,0,0,0,0,0,0,0,0,0,0,0,0,0,0,0,0,0,0,0,0,0,0,0,0,0,0,0,0,0,0,0,0,0,0,0,0,0,0,0,0,0,0,0,0,7,1836127,104581163,34225459,0,0,0,0,0,0,0,0,0,0,0,0,0,0,0,0,0,0,0,0,0,0,0,0,0,0,0,0,0,0,0,0,0,0,0,0,0,12876791808,4471439360,785937,272915,34163612,398,0,96,786432,103631609,811153,6,3313935133,12884901888,24050,665671379,0,0,0,0,0,0,0,0,0,0,0,0,0,0,0,0,0,0,15688612,115584918,0,468,1202,7661,620,31377485,35,0,0,0,0,0,0,0,1,0,0,0,0,0,0,0,0,0,0,20940017,0,34163386,619101,0,0,0,0,0,0,0,0,16384,0,0,0,0,0,0,0,0,0,0,0,3122,422,0,0,0,0,0,47691418,0,147,0,2,422,3122,0,0,0,0,0,0,0,0,0,0,0,0,0,0,0,0,0,0,0,0,0,0,0,0,0,0,0,0,0,0,0,0,0,0,0,0,0,0,0,0,0,0,0,0,0,0,0,0,0,0,0,0,0,0,246032278,0,0,0,450692628,0,0,0,0,0,0,0,75263046,104637569,281093552,151495084544,65837281,1,1,0,0,0,0,0,0,0,0,0,0,0,0,0,0,0,0,0,0,0,0,0,0,0,0,0,0,0,0,0,285,0,0,0,0,0,0,0
1782975540.925,0,0,0,0,0,0,0,686037986,1710494681600,750985166336,0,0,0,0,0,0,0,0,0,0,0,0,0,0,0,0,0,0,0,0,0,0,0,0,0,0,0,0,0,0,0,0,0,0,0,0,0,0,0,0,0,0,0,0,0,0,0,0,0,0,0,0,0,0,0,0,0,0,7,1836165,104636985,34240929,0,0,0,0,0,0,0,0,0,0,0,0,0,0,0,0,0,0,0,0,0,0,0,0,0,0,0,0,0,0,0,0,0,0,0,0,0,12875579392,4483645440,785862,273660,34179082,473,0,98,786432,103687370,811153,6,3314745010,12884901888,24050,665780907,0,0,0,0,0,0,0,0,0,0,0,0,0,0,0,0,0,0,15693329,115589634,0,468,1202,7661,620,31386920,35,0,0,0,0,0,0,0,1,0,0,0,0,0,0,0,0,0,0,20945444,0,34178856,619416,0,0,0,0,0,0,0,0,16384,0,0,0,0,0,0,0,0,0,0,0,3123,422,0,0,0,0,0,47705759,0,147,0,2,422,3123,0,0,0,0,0,0,0,0,0,0,0,0,0,0,0,0,0,0,0,0,0,0,0,0,0,0,0,0,0,0,0,0,0,0,0,0,0,0,0,0,0,0,0,0,0,0,0,0,0,0,0,0,0,0,246109724,0,0,0,450772911,0,0,0,0,0,0,0,75294927,104693258,281186718,151535541760,65864574,1,0,0,0,0,0,0,0,0,0,0,0,0,0,0,0,0,0,0,0,0,0,0,0,0,0,0,0,0,0,0,219,0,0,0,0,0,0,0
1782975541.994,0,0,0,0,0,0,0,686200604,1711395506688,751285606912,0,0,0,0,0,0,0,0,0,0,0,0,0,0,0,0,0,0,0,0,0,0,0,0,0,0,0,0,0,0,0,0,0,0,0,0,0,0,0,0,0,0,0,0,0,0,0,0,0,0,0,0,0,0,0,0,0,0,7,1836195,104692083,34256466,0,0,0,0,0,0,0,0,0,0,0,0,0,0,0,0,0,0,0,0,0,0,0,0,0,0,0,0,0,0,0,0,0,0,0,0,0,12874153984,4493656064,785776,274271,34194619,559,0,96,786432,103742395,811153,6,3315550031,12884901888,24050,665889742,0,0,0,0,0,0,0,0,0,0,0,0,0,0,0,0,0,0,15698038,115594344,0,468,1202,7661,620,31396335,35,0,0,0,0,0,0,0,1,0,0,0,0,0,0,0,0,0,0,20950855,0,34194393,619727,0,0,0,0,0,0,0,0,16384,0,0,0,0,0,0,0,0,0,0,0,3124,422,0,0,0,0,0,47720097,0,147,0,2,422,3124,0,0,0,0,0,0,0,0,0,0,0,0,0,0,0,0,0,0,0,0,0,0,0,0,0,0,0,0,0,0,0,0,0,0,0,0,0,0,0,0,0,0,0,0,0,0,0,0,0,0,0,0,0,0,246187160,0,0,0,450853020,0,0,0,0,0,0,0,75324888,104748225,281279918,151575757312,65890073,0,1,0,0,0,0,0,0,0,0,0,0,0,0,0,0,0,0,0,0,0,0,0,0,0,0,0,0,0,0,0,110,0,0,0,0,0,0,0
1782975543.062,0,0,0,0,0,0,0,686362721,1712295414272,751583453184,0,0,0,0,0,0,0,0,0,0,0,0,0,0,0,0,0,0,0,0,0,0,0,0,0,0,0,0,0,0,0,0,0,0,0,0,0,0,0,0,0,0,0,0,0,0,0,0,0,0,0,0,0,0,0,0,0,0,7,1836222,104747137,34271822,0,0,0,0,0,0,0,0,0,0,0,0,0,0,0,0,0,0,0,0,0,0,0,0,0,0,0,0,0,0,0,0,0,0,0,0,0,12875530240,4503371776,785860,274864,34209962,475,0,96,786432,103797373,811153,6,3316348955,12884901888,24050,665995031,0,0,0,0,0,0,0,0,0,0,0,0,0,0,0,0,0,0,15702730,115599037,0,468,1202,7661,620,31405717,35,0,0,0,0,0,0,0,1,0,0,0,0,0,0,0,0,0,0,20956244,0,34209758,620034,0,0,0,0,0,0,0,0,16384,0,0,0,0,0,0,0,0,0,0,0,3125,422,0,0,0,0,0,47734361,0,147,0,2,422,3125,0,0,0,0,0,0,0,0,0,0,0,0,0,0,0,0,0,0,0,0,0,0,0,0,0,0,0,0,0,0,0,0,0,0,0,0,0,0,0,0,0,0,0,0,0,0,0,0,0,0,0,0,0,0,246264282,0,0,0,450931636,0,0,0,0,0,0,0,75355190,104803156,281372647,151616029696,65915943,1,0,0,0,0,0,0,0,0,0,0,0,0,0,0,0,0,0,0,0,0,0,0,0,0,0,0,0,0,0,0,1207,0,0,0,0,0,0,0
1782975544.130,0,0,0,0,0,0,0,686523817,1713191881216,751883244032,0,0,0,0,0,0,0,0,0,0,0,0,0,0,0,0,0,0,0,0,0,0,0,0,0,0,0,0,0,0,0,0,0,0,0,0,0,0,0,0,0,0,0,0,0,0,0,0,0,0,0,0,0,0,0,0,0,0,7,1836246,104801979,34287316,0,0,0,0,0,0,0,0,0,0,0,0,0,0,0,0,0,0,0,0,0,0,0,0,0,0,0,0,0,0,0,0,0,0,0,0,0,12880429056,4508450816,786159,275174,34225469,177,0,96,786432,103852134,811153,6,3317146738,12884901888,24050,666102806,0,0,0,0,0,0,0,0,0,0,0,0,0,0,0,0,0,0,15707397,115603704,0,468,1202,7661,620,31415050,35,0,0,0,0,0,0,0,1,0,0,0,0,0,0,0,0,0,0,20961611,0,34225243,620347,0,0,0,0,0,0,0,0,16384,0,0,0,0,0,0,0,0,0,0,0,3126,422,0,0,0,0,0,47748547,0,147,0,2,422,3126,0,0,0,0,0,0,0,0,0,0,0,0,0,0,0,0,0,0,0,0,0,0,0,0,0,0,0,0,0,0,0,0,0,0,0,0,0,0,0,0,0,0,0,0,0,0,0,0,0,0,0,0,0,0,246341664,0,0,0,451011010,0,0,0,0,0,0,0,75384929,104857870,281465739,151656241664,65941250,1,0,0,0,0,0,0,0,0,0,0,0,0,0,0,0,0,0,0,0,0,0,0,0,0,0,0,0,0,0,0,1084,0,0,0,0,0,0,0
1782975545.200,0,0,0,0,0,0,0,686690233,1714119117312,752186362880,0,0,0,0,0,0,0,0,0,0,0,0,0,0,0,0,0,0,0,0,0,0,0,0,0,0,0,0,0,0,0,0,0,0,0,0,0,0,0,0,0,0,0,0,0,0,0,0,0,0,0,0,0,0,0,0,0,0,7,1836274,104858684,34302950,0,0,0,0,0,0,0,0,0,0,0,0,0,0,0,0,0,0,0,0,0,0,0,0,0,0,0,0,0,0,0,0,0,0,0,0,0,12879609856,4519280640,786109,275835,34241103,227,0,96,786432,103908767,811153,6,3317970815,12884901888,24050,666214026,0,0,0,0,0,0,0,0,0,0,0,0,0,0,0,0,0,0,15712210,115608517,0,468,1202,7661,620,31424681,35,0,0,0,0,0,0,0,1,0,0,0,0,0,0,0,0,0,0,20967143,0,34240877,620665,0,0,0,0,0,0,0,0,16384,0,0,0,0,0,0,0,0,0,0,0,3127,422,0,0,0,0,0,47763193,0,147,0,2,422,3127,0,0,0,0,0,0,0,0,0,0,0,0,0,0,0,0,0,0,0,0,0,0,0,0,0,0,0,0,0,0,0,0,0,0,0,0,0,0,0,0,0,0,0,0,0,0,0,0,0,0,0,0,0,0,246420628,0,0,0,451092815,0,0,0,0,0,0,0,75416374,104914448,281560573,151697336832,65967965,0,0,0,0,0,0,0,0,0,0,0,0,0,0,0,0,0,0,0,0,0,0,0,0,0,0,0,0,0,0,0,1059,0,0,0,0,0,0,0
1782975546.269,0,0,0,0,0,0,0,686856232,1715038063104,752489348096,0,0,0,0,0,0,0,0,0,0,0,0,0,0,0,0,0,0,0,0,0,0,0,0,0,0,0,0,0,0,0,0,0,0,0,0,0,0,0,0,0,0,0,0,0,0,0,0,0,0,0,0,0,0,0,0,0,0,7,1836303,104914900,34318552,0,0,0,0,0,0,0,0,0,0,0,0,0,0,0,0,0,0,0,0,0,0,0,0,0,0,0,0,0,0,0,0,0,0,0,0,0,12875890688,4529143808,785882,276437,34256705,454,0,97,786432,103964917,811153,6,3318792033,12884901888,24050,666324545,0,0,0,0,0,0,0,0,0,0,0,0,0,0,0,0,0,0,15717012,115613318,0,468,1202,7661,620,31434286,35,0,0,0,0,0,0,0,1,0,0,0,0,0,0,0,0,0,0,20972660,0,34256479,620984,0,0,0,0,0,0,0,0,16384,0,0,0,0,0,0,0,0,0,0,0,3128,422,0,0,0,0,0,47777764,0,147,0,2,422,3128,0,0,0,0,0,0,0,0,0,0,0,0,0,0,0,0,0,0,0,0,0,0,0,0,0,0,0,0,0,0,0,0,0,0,0,0,0,0,0,0,0,0,0,0,0,0,0,0,0,0,0,0,0,0,246500247,0,0,0,451174481,0,0,0,0,0,0,0,75448958,104970520,281656041,151738838016,65995980,0,0,0,0,0,0,0,0,0,0,0,0,0,0,0,0,0,0,0,0,0,0,0,0,0,0,0,0,0,0,0,1058,0,0,0,0,0,0,0
1782975547.337,0,0,0,0,0,0,0,687020417,1715952486912,752790254592,0,0,0,0,0,0,0,0,0,0,0,0,0,0,0,0,0,0,0,0,0,0,0,0,0,0,0,0,0,0,0,0,0,0,0,0,0,0,0,0,0,0,0,0,0,0,0,0,0,0,0,0,0,0,0,0,0,0,7,1836333,104970828,34334076,0,0,0,0,0,0,0,0,0,0,0,0,0,0,0,0,0,0,0,0,0,0,0,0,0,0,0,0,0,0,0,0,0,0,0,0,0,12875087872,4536107008,785833,276862,34272177,504,0,97,786432,104020778,811153,6,3319604658,12884901888,24050,666434253,0,0,0,0,0,0,0,0,0,0,0,0,0,0,0,0,0,0,15721763,115618068,0,468,1202,7661,620,31443787,35,0,0,0,0,0,0,0,1,0,0,0,0,0,0,0,0,0,0,20978126,0,34272025,621292,0,0,0,0,0,0,0,0,16384,0,0,0,0,0,0,0,0,0,0,0,3129,422,0,0,0,0,0,47792223,0,147,0,2,422,3129,0,0,0,0,0,0,0,0,0,0,0,0,0,0,0,0,0,0,0,0,0,0,0,0,0,0,0,0,0,0,0,0,0,0,0,0,0,0,0,0,0,0,0,0,0,0,0,0,0,0,0,0,0,0,246578431,0,0,0,451255216,0,0,0,0,0,0,0,75481045,105026325,281749987,151779547136,66023473,1,1,0,0,0,0,0,0,0,0,0,0,0,0,0,0,0,0,0,0,0,0,0,0,0,0,0,0,0,0,0,997,0,0,0,0,0,0,0
1782975548.400,0,0,0,0,0,0,0,687181651,1716849199616,753133167104,0,0,0,0,0,0,0,0,0,0,0,0,0,0,0,0,0,0,0,0,0,0,0,0,0,0,0,0,0,0,0,0,0,0,0,0,0,0,0,0,0,0,0,0,0,0,0,0,0,0,0,0,0,0,0,0,0,0,7,1836368,105025652,34352113,0,0,0,0,0,0,0,0,0,0,0,0,0,0,0,0,0,0,0,0,0,0,0,0,0,0,0,0,0,0,0,0,0,0,0,0,0,12875005952,4499423232,785829,274624,34287542,508,0,96,786432,104075540,811153,6,3320403616,12884901888,24050,666542717,0,0,0,0,0,0,0,0,0,0,0,0,0,0,0,0,0,0,15726425,115622732,0,468,1202,7661,620,31453114,35,0,0,0,0,0,0,0,1,0,0,0,0,0,0,0,0,0,0,20983486,0,34290004,621626,0,0,0,0,0,0,0,0,16384,0,0,0,0,0,0,0,0,0,0,0,3130,422,0,0,0,0,0,47806376,0,147,0,2,422,3130,0,0,0,0,0,0,0,0,0,0,0,0,0,0,0,0,0,0,0,0,0,0,0,0,0,0,0,0,0,0,0,0,0,0,0,0,0,0,0,0,0,0,0,0,0,0,0,0,0,0,0,0,0,0,246655950,0,0,0,451334602,0,0,0,0,0,0,0,75512157,105081030,281845799,151819971584,66049914,1,0,0,0,0,0,0,0,0,0,0,0,0,0,0,0,0,0,0,0,0,0,0,0,0,0,0,0,0,0,0,877,0,0,0,0,0,0,0
1782975549.465,0,0,0,0,0,0,0,687344436,1717752351232,753447876096,0,0,0,0,0,0,0,0,0,0,0,0,0,0,0,0,0,0,0,0,0,0,0,0,0,0,0,0,0,0,0,0,0,0,0,0,0,0,0,0,0,0,0,0,0,0,0,0,0,0,0,0,0,0,0,0,0,0,7,1836404,105080912,34368605,0,0,0,0,0,0,0,0,0,0,0,0,0,0,0,0,0,0,0,0,0,0,0,0,0,0,0,0,0,0,0,0,0,0,0,0,0,12876038144,4488888320,785893,273979,34306758,449,0,96,786432,104130732,811153,6,3321209006,12884901888,24050,666651103,0,0,0,0,0,0,0,0,0,0,0,0,0,0,0,0,0,0,15731140,115627446,0,468,1202,7661,620,31462539,35,0,0,0,0,0,0,0,1,0,0,0,0,0,0,0,0,0,0,20988907,0,34306532,621943,0,0,0,0,0,0,0,0,16384,0,0,0,0,0,0,0,0,0,0,0,3132,422,0,0,0,0,0,47820706,0,147,0,2,422,3132,0,0,0,0,0,0,0,0,0,0,0,0,0,0,0,0,0,0,0,0,0,0,0,0,0,0,0,0,0,0,0,0,0,0,0,0,0,0,0,0,0,0,0,0,0,0,0,0,0,0,0,0,0,0,246733587,0,0,0,451414767,0,0,0,0,0,0,0,75543428,105136152,281940126,151860353024,66076660,0,0,0,0,0,0,0,0,0,0,0,0,0,0,0,0,0,0,0,0,0,0,0,0,0,0,0,0,0,0,0,758,0,0,0,0,0,0,0
1782975550.532,0,0,0,0,0,0,0,687508876,1718669462016,753752687104,0,0,0,0,0,0,0,0,0,0,0,0,0,0,0,0,0,0,0,0,0,0,0,0,0,0,0,0,0,0,0,0,0,0,0,0,0,0,0,0,0,0,0,0,0,0,0,0,0,0,0,0,0,0,0,0,0,0,7,1836433,105136996,34384388,0,0,0,0,0,0,0,0,0,0,0,0,0,0,0,0,0,0,0,0,0,0,0,0,0,0,0,0,0,0,0,0,0,0,0,0,0,12875972608,4494262272,785887,274308,34322541,449,0,96,786432,104186765,811153,6,3322024275,12884901888,24050,666761548,0,0,0,0,0,0,0,0,0,0,0,0,0,0,0,0,0,0,15735891,115632198,0,468,1202,7661,620,31472045,35,0,0,0,0,0,0,0,1,0,0,0,0,0,0,0,0,0,0,20994367,0,34322315,622243,0,0,0,0,0,0,0,0,16384,0,0,0,0,0,0,0,0,0,0,0,3133,422,0,0,0,0,0,47835151,0,147,0,2,422,3133,0,0,0,0,0,0,0,0,0,0,0,0,0,0,0,0,0,0,0,0,0,0,0,0,0,0,0,0,0,0,0,0,0,0,0,0,0,0,0,0,0,0,0,0,0,0,0,0,0,0,0,0,0,0,246811187,0,0,0,451495683,0,0,0,0,0,0,0,75575210,105192121,282033748,151900912640,66104012,0,0,0,0,0,0,0,0,0,0,0,0,0,0,0,0,0,0,0,0,0,0,0,0,0,0,0,0,0,0,0,670,0,0,0,0,0,0,0
1782975551.600,0,0,0,0,0,0,0,687674035,1719592159744,754056603648,0,0,0,0,0,0,0,0,0,0,0,0,0,0,0,0,0,0,0,0,0,0,0,0,0,0,0,0,0,0,0,0,0,0,0,0,0,0,0,0,0,0,0,0,0,0,0,0,0,0,0,0,0,0,0,0,0,0,7,1836470,105193450,34400074,0,0,0,0,0,0,0,0,0,0,0,0,0,0,0,0,0,0,0,0,0,0,0,0,0,0,0,0,0,0,0,0,0,0,0,0,0,12875333632,4500733952,785848,274703,34338227,488,0,96,786432,104243162,811153,6,3322841901,12884901888,24050,666871910,0,0,0,0,0,0,0,0,0,0,0,0,0,0,0,0,0,0,15740673,115636980,0,468,1202,7661,620,31481602,35,0,0,0,0,0,0,0,1,0,0,0,0,0,0,0,0,0,0,20999857,0,34338001,622556,0,0,0,0,0,0,0,0,16384,0,0,0,0,0,0,0,0,0,0,0,3134,422,0,0,0,0,0,47849711,0,147,0,2,422,3134,0,0,0,0,0,0,0,0,0,0,0,0,0,0,0,0,0,0,0,0,0,0,0,0,0,0,0,0,0,0,0,0,0,0,0,0,0,0,0,0,0,0,0,0,0,0,0,0,0,0,0,0,0,0,246890157,0,0,0,451576886,0,0,0,0,0,0,0,75607650,105248436,282128631,151942201344,66131920,0,0,0,0,0,0,0,0,0,0,0,0,0,0,0,0,0,0,0,0,0,0,0,0,0,0,0,0,0,0,0,660,0,0,0,0,0,0,0
1782975552.668,0,0,0,0,0,0,0,687840682,1720522590720,754362255872,0,0,0,0,0,0,0,0,0,0,0,0,0,0,0,0,0,0,0,0,0,0,0,0,0,0,0,0,0,0,0,0,0,0,0,0,0,0,0,0,0,0,0,0,0,0,0,0,0,0,0,0,0,0,0,0,0,0,7,1836506,105250351,34415823,0,0,0,0,0,0,0,0,0,0,0,0,0,0,0,0,0,0,0,0,0,0,0,0,0,0,0,0,0,0,0,0,0,0,0,0,0,12876906496,4508450816,785944,275174,34353976,392,0,96,786432,104300017,811153,6,3323666945,12884901888,24050,666983107,0,0,0,0,0,0,0,0,0,0,0,0,0,0,0,0,0,0,15745492,115641798,0,468,1202,7661,620,31491248,35,0,0,0,0,0,0,0,1,0,0,0,0,0,0,0,0,0,0,21005392,0,34353750,622867,0,0,0,0,0,0,0,0,16384,0,0,0,0,0,0,0,0,0,0,0,3135,422,0,0,0,0,0,47864355,0,147,0,2,422,3135,0,0,0,0,0,0,0,0,0,0,0,0,0,0,0,0,0,0,0,0,0,0,0,0,0,0,0,0,0,0,0,0,0,0,0,0,0,0,0,0,0,0,0,0,0,0,0,0,0,0,0,0,0,0,246970242,0,0,0,451658827,0,0,0,0,0,0,0,75640062,105305201,282224705,151983953408,66159656,1,0,0,0,0,0,0,0,0,0,0,0,0,0,0,0,0,0,0,0,0,0,0,0,0,0,0,0,0,0,0,629,0,0,0,0,0,0,0
1782975553.737,0,0,0,0,0,0,0,688005564,1721441012224,754669227520,0,0,0,0,0,0,0,0,0,0,0,0,0,0,0,0,0,0,0,0,0,0,0,0,0,0,0,0,0,0,0,0,0,0,0,0,0,0,0,0,0,0,0,0,0,0,0,0,0,0,0,0,0,0,0,0,0,0,7,1836526,105306528,34431684,0,0,0,0,0,0,0,0,0,0,0,0,0,0,0,0,0,0,0,0,0,0,0,0,0,0,0,0,0,0,0,0,0,0,0,0,0,12875563008,4511023104,785861,275332,34369811,474,0,97,786432,104356128,811153,6,3324483209,12884901888,24050,667093150,0,0,0,0,0,0,0,0,0,0,0,0,0,0,0,0,0,0,15750265,115646571,0,468,1202,7661,620,31500787,35,0,0,0,0,0,0,0,1,0,0,0,0,0,0,0,0,0,0,21010884,0,34369585,623182,0,0,0,0,0,0,0,0,16384,0,0,0,0,0,0,0,0,0,0,0,3136,422,0,0,0,0,0,47878867,0,147,0,2,422,3136,0,0,0,0,0,0,0,0,0,0,0,0,0,0,0,0,0,0,0,0,0,0,0,0,0,0,0,0,0,0,0,0,0,0,0,0,0,0,0,0,0,0,0,0,0,0,0,0,0,0,0,0,0,0,247049270,0,0,0,451739970,0,0,0,0,0,0,0,75672332,105361244,282319853,152025212416,66187310,1,0,0,0,0,0,0,0,0,0,0,0,0,0,0,0,0,0,0,0,0,0,0,0,0,0,0,0,0,0,0,589,0,0,0,0,0,0,0
1782975554.802,0,0,0,0,0,0,0,688170555,1722357139968,754974227456,0,0,0,0,0,0,0,0,0,0,0,0,0,0,0,0,0,0,0,0,0,0,0,0,0,0,0,0,0,0,0,0,0,0,0,0,0,0,0,0,0,0,0,0,0,0,0,0,0,0,0,0,0,0,0,0,0,0,7,1836557,105362576,34447460,0,0,0,0,0,0,0,0,0,0,0,0,0,0,0,0,0,0,0,0,0,0,0,0,0,0,0,0,0,0,0,0,0,0,0,0,0,12876578816,4515659776,785924,275614,34385613,410,0,97,786432,104412108,811153,6,3325299139,12884901888,24050,667202892,0,0,0,0,0,0,0,0,0,0,0,0,0,0,0,0,0,0,15755039,115651346,0,468,1202,7661,620,31510337,35,0,0,0,0,0,0,0,1,0,0,0,0,0,0,0,0,0,0,21016372,0,34385387,623490,0,0,0,0,0,0,0,0,16384,0,0,0,0,0,0,0,0,0,0,0,3137,422,0,0,0,0,0,47893387,0,147,0,2,422,3137,0,0,0,0,0,0,0,0,0,0,0,0,0,0,0,0,0,0,0,0,0,0,0,0,0,0,0,0,0,0,0,0,0,0,0,0,0,0,0,0,0,0,0,0,0,0,0,0,0,0,0,0,0,0,247127144,0,0,0,451821115,0,0,0,0,0,0,0,75704345,105417163,282413721,152065780736,66214790,0,0,0,0,0,0,0,0,0,0,0,0,0,0,0,0,0,0,0,0,0,0,0,0,0,0,0,0,0,0,0,533,0,0,0,0,0,0,0
1782975555.868,0,0,0,0,0,0,0,688336233,1723278199296,755277848064,0,0,0,0,0,0,0,0,0,0,0,0,0,0,0,0,0,0,0,0,0,0,0,0,0,0,0,0,0,0,0,0,0,0,0,0,0,0,0,0,0,0,0,0,0,0,0,0,0,0,0,0,0,0,0,0,0,0,7,1836578,105418920,34463128,0,0,0,0,0,0,0,0,0,0,0,0,0,0,0,0,0,0,0,0,0,0,0,0,0,0,0,0,0,0,0,0,0,0,0,0,0,12880379904,4523048960,786156,276065,34401281,180,0,96,786432,104468387,811153,6,3326119058,12884901888,24050,667313060,0,0,0,0,0,0,0,0,0,0,0,0,0,0,0,0,0,0,15759838,115656142,0,468,1202,7661,620,31519934,35,0,0,0,0,0,0,0,1,0,0,0,0,0,0,0,0,0,0,21021888,0,34401055,623799,0,0,0,0,0,0,0,0,16384,0,0,0,0,0,0,0,0,0,0,0,3138,422,0,0,0,0,0,47907971,0,147,0,2,422,3138,0,0,0,0,0,0,0,0,0,0,0,0,0,0,0,0,0,0,0,0,0,0,0,0,0,0,0,0,0,0,0,0,0,0,0,0,0,0,0,0,0,0,0,0,0,0,0,0,0,0,0,0,0,0,247205707,0,0,0,451902600,0,0,0,0,0,0,0,75736772,105473366,282508194,152106642944,66242647,1,0,0,0,0,0,0,0,0,0,0,0,0,0,0,0,0,0,0,0,0,0,0,0,0,0,0,0,0,0,0,528,0,0,0,0,0,0,0
1782975556.937,0,0,0,0,0,0,0,688500077,1724189051392,755583581184,0,0,0,0,0,0,0,0,0,0,0,0,0,0,0,0,0,0,0,0,0,0,0,0,0,0,0,0,0,0,0,0,0,0,0,0,0,0,0,0,0,0,0,0,0,0,0,0,0,0,0,0,0,0,0,0,0,0,7,1836610,105474629,34478991,0,0,0,0,0,0,0,0,0,0,0,0,0,0,0,0,0,0,0,0,0,0,0,0,0,0,0,0,0,0,0,0,0,0,0,0,0,12878741504,4526260224,786055,276261,34417144,280,0,97,786432,104524028,811153,6,3326930708,12884901888,24050,667423132,0,0,0,0,0,0,0,0,0,0,0,0,0,0,0,0,0,0,15764571,115660878,0,468,1202,7661,620,31529406,35,0,0,0,0,0,0,0,1,0,0,0,0,0,0,0,0,0,0,21027330,0,34416918,624114,0,0,0,0,0,0,0,0,16384,0,0,0,0,0,0,0,0,0,0,0,3139,422,0,0,0,0,0,47922399,0,147,0,2,422,3139,0,0,0,0,0,0,0,0,0,0,0,0,0,0,0,0,0,0,0,0,0,0,0,0,0,0,0,0,0,0,0,0,0,0,0,0,0,0,0,0,0,0,0,0,0,0,0,0,0,0,0,0,0,0,247282075,0,0,0,451983195,0,0,0,0,0,0,0,75767666,105528934,282600646,152146674688,66268882,0,1,0,0,0,0,0,0,0,0,0,0,0,0,0,0,0,0,0,0,0,0,0,0,0,0,0,0,0,0,0,446,0,0,0,0,0,0,0
1782975558.001,0,0,0,0,0,0,0,688661886,1725092547072,755890117632,0,0,0,0,0,0,0,0,0,0,0,0,0,0,0,0,0,0,0,0,0,0,0,0,0,0,0,0,0,0,0,0,0,0,0,0,0,0,0,0,0,0,0,0,0,0,0,0,0,0,0,0,0,0,0,0,0,0,7,1836632,105529904,34494865,0,0,0,0,0,0,0,0,0,0,0,0,0,0,0,0,0,0,0,0,0,0,0,0,0,0,0,0,0,0,0,0,0,0,0,0,0,12874612736,4530208768,785803,276502,34433018,532,0,96,786432,104579229,811153,6,3327732109,12884901888,24050,667531290,0,0,0,0,0,0,0,0,0,0,0,0,0,0,0,0,0,0,15769258,115665564,0,468,1202,7661,620,31538775,35,0,0,0,0,0,0,0,1,0,0,0,0,0,0,0,0,0,0,21032721,0,34432792,624428,0,0,0,0,0,0,0,0,16384,0,0,0,0,0,0,0,0,0,0,0,3140,422,0,0,0,0,0,47936635,0,147,0,2,422,3140,0,0,0,0,0,0,0,0,0,0,0,0,0,0,0,0,0,0,0,0,0,0,0,0,0,0,0,0,0,0,0,0,0,0,0,0,0,0,0,0,0,0,0,0,0,0,0,0,0,0,0,0,0,0,247360053,0,0,0,452062891,0,0,0,0,0,0,0,75798130,105584078,282694745,152187307520,66294778,0,0,0,0,0,0,0,0,0,0,0,0,0,0,0,0,0,0,0,0,0,0,0,0,0,0,0,0,0,0,0,342,0,0,0,0,0,0,0
1782975559.068,0,0,0,0,0,0,0,688824511,1725997517312,756196509184,0,0,0,0,0,0,0,0,0,0,0,0,0,0,0,0,0,0,0,0,0,0,0,0,0,0,0,0,0,0,0,0,0,0,0,0,0,0,0,0,0,0,0,0,0,0,0,0,0,0,0,0,0,0,0,0,0,0,7,1836658,105585268,34510744,0,0,0,0,0,0,0,0,0,0,0,0,0,0,0,0,0,0,0,0,0,0,0,0,0,0,0,0,0,0,0,0,0,0,0,0,0,12874711040,4535402496,785810,276819,34448897,525,0,96,786432,104634510,811153,6,3328537744,12884901888,24050,667639970,0,0,0,0,0,0,0,0,0,0,0,0,0,0,0,0,0,0,15773960,115670267,0,468,1202,7661,620,31548179,35,0,0,0,0,0,0,0,1,0,0,0,0,0,0,0,0,0,0,21038133,0,34448671,624741,0,0,0,0,0,0,0,0,16384,0,0,0,0,0,0,0,0,0,0,0,3141,422,0,0,0,0,0,47950926,0,147,0,2,422,3141,0,0,0,0,0,0,0,0,0,0,0,0,0,0,0,0,0,0,0,0,0,0,0,0,0,0,0,0,0,0,0,0,0,0,0,0,0,0,0,0,0,0,0,0,0,0,0,0,0,0,0,0,0,0,247437756,0,0,0,452142894,0,0,0,0,0,0,0,75828403,105639322,282788573,152227770368,66320578,0,0,0,0,0,0,0,0,0,0,0,0,0,0,0,0,0,0,0,0,0,0,0,0,0,0,0,0,0,0,0,270,0,0,0,0,0,0,0
1782975560.133,0,0,0,0,0,0,0,688986873,1726902602240,756504167936,0,0,0,0,0,0,0,0,0,0,0,0,0,0,0,0,0,0,0,0,0,0,0,0,0,0,0,0,0,0,0,0,0,0,0,0,0,0,0,0,0,0,0,0,0,0,0,0,0,0,0,0,0,0,0,0,0,0,7,1836687,105640632,34526703,0,0,0,0,0,0,0,0,0,0,0,0,0,0,0,0,0,0,0,0,0,0,0,0,0,0,0,0,0,0,0,0,0,0,0,0,0,12879134720,4536270848,786080,276872,34464856,255,0,96,786432,104689810,811153,6,3329341272,12884901888,24050,667748328,0,0,0,0,0,0,0,0,0,0,0,0,0,0,0,0,0,0,15778659,115674966,0,468,1202,7661,620,31557581,35,0,0,0,0,0,0,0,1,0,0,0,0,0,0,0,0,0,0,21043531,0,34464630,625039,0,0,0,0,0,0,0,0,16384,0,0,0,0,0,0,0,0,0,0,0,3142,422,0,0,0,0,0,47965197,0,147,0,2,422,3142,0,0,0,0,0,0,0,0,0,0,0,0,0,0,0,0,0,0,0,0,0,0,0,0,0,0,0,0,0,0,0,0,0,0,0,0,0,0,0,0,0,0,0,0,0,0,0,0,0,0,0,0,0,0,247514895,0,0,0,452222771,0,0,0,0,0,0,0,75858379,105694566,282881884,152268147712,66346072,0,0,0,0,0,0,0,0,0,0,0,0,0,0,0,0,0,0,0,0,0,0,0,0,0,0,0,0,0,0,0,148,0,0,0,0,0,0,0
1782975561.198,0,0,0,0,0,0,0,689149191,1727801166336,756808502784,0,0,0,0,0,0,0,0,0,0,0,0,0,0,0,0,0,0,0,0,0,0,0,0,0,0,0,0,0,0,0,0,0,0,0,0,0,0,0,0,0,0,0,0,0,0,0,0,0,0,0,0,0,0,0,0,0,0,7,1836714,105695606,34542422,0,0,0,0,0,0,0,0,0,0,0,0,0,0,0,0,0,0,0,0,0,0,0,0,0,0,0,0,0,0,0,0,0,0,0,0,0,12877676544,4543545344,785990,277316,34480575,345,0,97,786432,104744709,811153,6,3330144181,12884901888,24050,667856989,0,0,0,0,0,0,0,0,0,0,0,0,0,0,0,0,0,0,15783347,115679653,0,468,1202,7661,620,31566959,35,0,0,0,0,0,0,0,1,0,0,0,0,0,0,0,0,0,0,21048926,0,34480349,625343,0,0,0,0,0,0,0,0,16384,0,0,0,0,0,0,0,0,0,0,0,3143,422,0,0,0,0,0,47979424,0,147,0,2,422,3143,0,0,0,0,0,0,0,0,0,0,0,0,0,0,0,0,0,0,0,0,0,0,0,0,0,0,0,0,0,0,0,0,0,0,0,0,0,0,0,0,0,0,0,0,0,0,0,0,0,0,0,0,0,0,247593808,0,0,0,452302616,0,0,0,0,0,0,0,75888602,105749408,282976744,152309148672,66371805,0,0,0,0,0,0,0,0,0,0,0,0,0,0,0,0,0,0,0,0,0,0,0,0,0,0,0,0,0,0,0,62,0,0,0,0,0,0,0
1782975562.267,0,0,0,0,0,0,0,689312538,1728715672064,757115540992,0,0,0,0,0,0,0,0,0,0,0,0,0,0,0,0,0,0,0,0,0,0,0,0,0,0,0,0,0,0,0,0,0,0,0,0,0,0,0,0,0,0,0,0,0,0,0,0,0,0,0,0,0,0,0,0,0,0,7,1836742,105751543,34558347,0,0,0,0,0,0,0,0,0,0,0,0,0,0,0,0,0,0,0,0,0,0,0,0,0,0,0,0,0,0,0,0,0,0,0,0,0,12878708736,4549804032,786053,277698,34496500,282,0,97,786432,104800589,811153,6,3330949915,12884901888,24050,667963159,0,0,0,0,0,0,0,0,0,0,0,0,0,0,0,0,0,0,15788072,115684378,0,468,1202,7661,620,31576407,35,0,0,0,0,0,0,0,1,0,0,0,0,0,0,0,0,0,0,21054352,0,34496274,625657,0,0,0,0,0,0,0,0,16384,0,0,0,0,0,0,0,0,0,0,0,3144,422,0,0,0,0,0,47993783,0,147,0,2,422,3144,0,0,0,0,0,0,0,0,0,0,0,0,0,0,0,0,0,0,0,0,0,0,0,0,0,0,0,0,0,0,0,0,0,0,0,0,0,0,0,0,0,0,0,0,0,0,0,0,0,0,0,0,0,0,247670763,0,0,0,452381727,0,0,0,0,0,0,0,75920273,105805196,283069841,152349367808,66398844,1,1,0,0,0,0,0,0,0,0,0,0,0,0,0,0,0,0,0,0,0,0,0,0,0,0,0,0,0,0,0,1198,0,0,0,0,0,0,0
1782975563.334,0,0,0,0,0,0,0,689477844,1729632356864,757424446976,0,0,0,0,0,0,0,0,0,0,0,0,0,0,0,0,0,0,0,0,0,0,0,0,0,0,0,0,0,0,0,0,0,0,0,0,0,0,0,0,0,0,0,0,0,0,0,0,0,0,0,0,0,0,0,0,0,0,7,1836766,105807615,34574359,0,0,0,0,0,0,0,0,0,0,0,0,0,0,0,0,0,0,0,0,0,0,0,0,0,0,0,0,0,0,0,0,0,0,0,0,0,12877119488,4556865536,785957,278129,34512512,383,0,97,786432,104856596,811153,6,3331767980,12884901888,24050,668073499,0,0,0,0,0,0,0,0,0,0,0,0,0,0,0,0,0,0,15792860,115689166,0,468,1202,7661,620,31585982,35,0,0,0,0,0,0,0,1,0,0,0,0,0,0,0,0,0,0,21059859,0,34512286,625972,0,0,0,0,0,0,0,0,16384,0,0,0,0,0,0,0,0,0,0,0,3145,422,0,0,0,0,0,48008324,0,147,0,2,422,3145,0,0,0,0,0,0,0,0,0,0,0,0,0,0,0,0,0,0,0,0,0,0,0,0,0,0,0,0,0,0,0,0,0,0,0,0,0,0,0,0,0,0,0,0,0,0,0,0,0,0,0,0,0,0,247748927,0,0,0,452463119,0,0,0,0,0,0,0,75952828,105861142,283164249,152390117888,66426716,1,0,0,0,0,0,0,0,0,0,0,0,0,0,0,0,0,0,0,0,0,0,0,0,0,0,0,0,0,0,0,1147,0,0,0,0,0,0,0
1782975564.401,0,0,0,0,0,0,0,689639645,1730529561088,757782763520,0,0,0,0,0,0,0,0,0,0,0,0,0,0,0,0,0,0,0,0,0,0,0,0,0,0,0,0,0,0,0,0,0,0,0,0,0,0,0,0,0,0,0,0,0,0,0,0,0,0,0,0,0,0,0,0,0,0,7,1836795,105862502,34593432,0,0,0,0,0,0,0,0,0,0,0,0,0,0,0,0,0,0,0,0,0,0,0,0,0,0,0,0,0,0,0,0,0,0,0,0,0,12876496896,4509908992,785918,275264,34528353,417,0,97,786432,104911410,811153,6,3332568412,12884901888,24050,668181382,0,0,0,0,0,0,0,0,0,0,0,0,0,0,0,0,0,0,15797539,115693846,0,468,1202,7661,620,31595339,35,0,0,0,0,0,0,0,1,0,0,0,0,0,0,0,0,0,0,21065243,0,34531327,626299,0,0,0,0,0,0,0,0,16384,0,0,0,0,0,0,0,0,0,0,0,3146,422,0,0,0,0,0,48022545,0,147,0,2,422,3146,0,0,0,0,0,0,0,0,0,0,0,0,0,0,0,0,0,0,0,0,0,0,0,0,0,0,0,0,0,0,0,0,0,0,0,0,0,0,0,0,0,0,0,0,0,0,0,0,0,0,0,0,0,0,247825903,0,0,0,452542743,0,0,0,0,0,0,0,75984970,105915902,283260534,152430187008,66454063,1,1,0,0,0,0,0,0,0,0,0,0,0,0,0,0,0,0,0,0,0,0,0,0,0,0,0,0,0,0,0,1033,0,0,0,0,0,0,0
1782975565.468,0,0,0,0,0,0,0,689803072,1731437431296,758102413312,0,0,0,0,0,0,0,0,0,0,0,0,0,0,0,0,0,0,0,0,0,0,0,0,0,0,0,0,0,0,0,0,0,0,0,0,0,0,0,0,0,0,0,0,0,0,0,0,0,0,0,0,0,0,0,0,0,0,7,1836833,105918034,34610084,0,0,0,0,0,0,0,0,0,0,0,0,0,0,0,0,0,0,0,0,0,0,0,0,0,0,0,0,0,0,0,0,0,0,0,0,0,12874530816,4502028288,785799,274782,34548238,537,0,96,786432,104966869,811153,6,3333377916,12884901888,24050,668290849,0,0,0,0,0,0,0,0,0,0,0,0,0,0,0,0,0,0,15802263,115698570,0,468,1202,7661,620,31604793,35,0,0,0,0,0,0,0,1,0,0,0,0,0,0,0,0,0,0,21070675,0,34548012,626623,0,0,0,0,0,0,0,0,16384,0,0,0,0,0,0,0,0,0,0,0,3148,422,0,0,0,0,0,48036914,0,147,0,2,422,3148,0,0,0,0,0,0,0,0,0,0,0,0,0,0,0,0,0,0,0,0,0,0,0,0,0,0,0,0,0,0,0,0,0,0,0,0,0,0,0,0,0,0,0,0,0,0,0,0,0,0,0,0,0,0,247904038,0,0,0,452623100,0,0,0,0,0,0,0,76017146,105971306,283355548,152471070720,66481582,1,0,0,0,0,0,0,0,0,0,0,0,0,0,0,0,0,0,0,0,0,0,0,0,0,0,0,0,0,0,0,991,0,0,0,0,0,0,0
1782975566.535,0,0,0,0,0,0,0,689969193,1732363700736,758411940352,0,0,0,0,0,0,0,0,0,0,0,0,0,0,0,0,0,0,0,0,0,0,0,0,0,0,0,0,0,0,0,0,0,0,0,0,0,0,0,0,0,0,0,0,0,0,0,0,0,0,0,0,0,0,0,0,0,0,7,1836858,105974697,34626145,0,0,0,0,0,0,0,0,0,0,0,0,0,0,0,0,0,0,0,0,0,0,0,0,0,0,0,0,0,0,0,0,0,0,0,0,0,12877578240,4512563200,785985,275425,34564298,351,0,96,786432,105023482,811153,6,3334199503,12884901888,24050,668401027,0,0,0,0,0,0,0,0,0,0,0,0,0,0,0,0,0,0,15807078,115703385,0,468,1202,7661,620,31614418,35,0,0,0,0,0,0,0,1,0,0,0,0,0,0,0,0,0,0,21076211,0,34564072,626929,0,0,0,0,0,0,0,0,16384,0,0,0,0,0,0,0,0,0,0,0,3149,422,0,0,0,0,0,48051545,0,147,0,2,422,3149,0,0,0,0,0,0,0,0,0,0,0,0,0,0,0,0,0,0,0,0,0,0,0,0,0,0,0,0,0,0,0,0,0,0,0,0,0,0,0,0,0,0,0,0,0,0,0,0,0,0,0,0,0,0,247982750,0,0,0,452704792,0,0,0,0,0,0,0,76049157,106027805,283450561,152511966208,66509089,1,0,0,0,0,0,0,0,0,0,0,0,0,0,0,0,0,0,0,0,0,0,0,0,0,0,0,0,0,0,0,1016,0,0,0,0,0,0,0
1782975567.603,0,0,0,0,0,0,0,690134711,1733280221696,758720798208,0,0,0,0,0,0,0,0,0,0,0,0,0,0,0,0,0,0,0,0,0,0,0,0,0,0,0,0,0,0,0,0,0,0,0,0,0,0,0,0,0,0,0,0,0,0,0,0,0,0,0,0,0,0,0,0,0,0,7,1836877,106030769,34642126,0,0,0,0,0,0,0,0,0,0,0,0,0,0,0,0,0,0,0,0,0,0,0,0,0,0,0,0,0,0,0,0,0,0,0,0,0,12877365248,4521197568,785972,275952,34580279,364,0,96,786432,105079488,811153,6,3335018650,12884901888,24050,668511473,0,0,0,0,0,0,0,0,0,0,0,0,0,0,0,0,0,0,15811868,115708174,0,468,1202,7661,620,31623997,35,0,0,0,0,0,0,0,1,0,0,0,0,0,0,0,0,0,0,21081712,0,34580053,627248,0,0,0,0,0,0,0,0,16384,0,0,0,0,0,0,0,0,0,0,0,3150,422,0,0,0,0,0,48066112,0,147,0,2,422,3150,0,0,0,0,0,0,0,0,0,0,0,0,0,0,0,0,0,0,0,0,0,0,0,0,0,0,0,0,0,0,0,0,0,0,0,0,0,0,0,0,0,0,0,0,0,0,0,0,0,0,0,0,0,0,248061643,0,0,0,452786218,0,0,0,0,0,0,0,76081873,106083751,283545663,152553124352,66537086,1,0,0,0,0,0,0,0,0,0,0,0,0,0,0,0,0,0,0,0,0,0,0,0,0,0,0,0,0,0,0,1007,0,0,0,0,0,0,0
1782975568.667,0,0,0,0,0,0,0,690300658,1734197578240,759031057920,0,0,0,0,0,0,0,0,0,0,0,0,0,0,0,0,0,0,0,0,0,0,0,0,0,0,0,0,0,0,0,0,0,0,0,0,0,0,0,0,0,0,0,0,0,0,0,0,0,0,0,0,0,0,0,0,0,0,7,1836901,106086896,34658194,0,0,0,0,0,0,0,0,0,0,0,0,0,0,0,0,0,0,0,0,0,0,0,0,0,0,0,0,0,0,0,0,0,0,0,0,0,12874661888,4529913856,785806,276484,34596347,529,0,96,786432,105135553,811153,6,3335839456,12884901888,24050,668622186,0,0,0,0,0,0,0,0,0,0,0,0,0,0,0,0,0,0,15816668,115712973,0,468,1202,7661,620,31633597,35,0,0,0,0,0,0,0,1,0,0,0,0,0,0,0,0,0,0,21087230,0,34596121,627556,0,0,0,0,0,0,0,0,16384,0,0,0,0,0,0,0,0,0,0,0,3151,422,0,0,0,0,0,48080691,0,147,0,2,422,3151,0,0,0,0,0,0,0,0,0,0,0,0,0,0,0,0,0,0,0,0,0,0,0,0,0,0,0,0,0,0,0,0,0,0,0,0,0,0,0,0,0,0,0,0,0,0,0,0,0,0,0,0,0,0,248140718,0,0,0,452867828,0,0,0,0,0,0,0,76115079,106139742,283641037,152594331648,66565530,1,0,0,0,0,0,0,0,0,0,0,0,0,0,0,0,0,0,0,0,0,0,0,0,0,0,0,0,0,0,0,991,0,0,0,0,0,0,0
1782975569.736,0,0,0,0,0,0,0,690465137,1735113247232,759338704896,0,0,0,0,0,0,0,0,0,0,0,0,0,0,0,0,0,0,0,0,0,0,0,0,0,0,0,0,0,0,0,0,0,0,0,0,0,0,0,0,0,0,0,0,0,0,0,0,0,0,0,0,0,0,0,0,0,0,7,1836943,106142898,34674123,0,0,0,0,0,0,0,0,0,0,0,0,0,0,0,0,0,0,0,0,0,0,0,0,0,0,0,0,0,0,0,0,0,0,0,0,0,12874416128,4537417728,785792,276942,34612224,544,0,96,786432,105191501,811153,6,3336653706,12884901888,24050,668732408,0,0,0,0,0,0,0,0,0,0,0,0,0,0,0,0,0,0,15821423,115717729,0,468,1202,7661,620,31643107,35,0,0,0,0,0,0,0,1,0,0,0,0,0,0,0,0,0,0,21092698,0,34612069,627865,0,0,0,0,0,0,0,0,16384,0,0,0,0,0,0,0,0,0,0,0,3152,422,0,0,0,0,0,48095159,0,147,0,2,422,3152,0,0,0,0,0,0,0,0,0,0,0,0,0,0,0,0,0,0,0,0,0,0,0,0,0,0,0,0,0,0,0,0,0,0,0,0,0,0,0,0,0,0,0,0,0,0,0,0,0,0,0,0,0,0,248218611,0,0,0,452948663,0,0,0,0,0,0,0,76146967,106195594,283735104,152635013632,66592828,1,0,0,0,0,0,0,0,0,0,0,0,0,0,0,0,0,0,0,0,0,0,0,0,0,0,0,0,0,0,0,931,0,0,0,0,0,0,0
1782975570.800,0,0,0,0,0,0,0,690629754,1736024394240,759645261824,0,0,0,0,0,0,0,0,0,0,0,0,0,0,0,0,0,0,0,0,0,0,0,0,0,0,0,0,0,0,0,0,0,0,0,0,0,0,0,0,0,0,0,0,0,0,0,0,0,0,0,0,0,0,0,0,0,0,7,1836975,106198649,34689972,0,0,0,0,0,0,0,0,0,0,0,0,0,0,0,0,0,0,0,0,0,0,0,0,0,0,0,0,0,0,0,0,0,0,0,0,0,12875251712,4545314816,785842,277424,34628125,494,0,98,786432,105247178,811153,6,3337468554,12884901888,24050,668842611,0,0,0,0,0,0,0,0,0,0,0,0,0,0,0,0,0,0,15826186,115722493,0,468,1202,7661,620,31652630,35,0,0,0,0,0,0,0,1,0,0,0,0,0,0,0,0,0,0,21098171,0,34627899,628165,0,0,0,0,0,0,0,0,16384,0,0,0,0,0,0,0,0,0,0,0,3153,422,0,0,0,0,0,48109616,0,147,0,2,422,3153,0,0,0,0,0,0,0,0,0,0,0,0,0,0,0,0,0,0,0,0,0,0,0,0,0,0,0,0,0,0,0,0,0,0,0,0,0,0,0,0,0,0,0,0,0,0,0,0,0,0,0,0,0,0,248297780,0,0,0,453029667,0,0,0,0,0,0,0,76179183,106251231,283830330,152676290048,66620494,1,1,0,0,0,0,0,0,0,0,0,0,0,0,0,0,0,0,0,0,0,0,0,0,0,0,0,0,0,0,0,879,0,0,0,0,0,0,0
1782975571.864,0,0,0,0,0,0,0,690794873,1736942602752,759955613696,0,0,0,0,0,0,0,0,0,0,0,0,0,0,0,0,0,0,0,0,0,0,0,0,0,0,0,0,0,0,0,0,0,0,0,0,0,0,0,0,0,0,0,0,0,0,0,0,0,0,0,0,0,0,0,0,0,0,7,1837009,106254843,34706057,0,0,0,0,0,0,0,0,0,0,0,0,0,0,0,0,0,0,0,0,0,0,0,0,0,0,0,0,0,0,0,0,0,0,0,0,0,12875087872,4549853184,785833,277701,34644210,502,0,96,786432,105303303,811153,6,3338286102,12884901888,24050,668952910,0,0,0,0,0,0,0,0,0,0,0,0,0,0,0,0,0,0,15830966,115727273,0,468,1202,7661,620,31662190,35,0,0,0,0,0,0,0,1,0,0,0,0,0,0,0,0,0,0,21103665,0,34643984,628477,0,0,0,0,0,0,0,0,16384,0,0,0,0,0,0,0,0,0,0,0,3154,422,0,0,0,0,0,48124164,0,147,0,2,422,3154,0,0,0,0,0,0,0,0,0,0,0,0,0,0,0,0,0,0,0,0,0,0,0,0,0,0,0,0,0,0,0,0,0,0,0,0,0,0,0,0,0,0,0,0,0,0,0,0,0,0,0,0,0,0,248376266,0,0,0,453110926,0,0,0,0,0,0,0,76211811,106307262,283925154,152717288960,66648512,0,0,0,0,0,0,0,0,0,0,0,0,0,0,0,0,0,0,0,0,0,0,0,0,0,0,0,0,0,0,0,849,0,0,0,0,0,0,0
1782975572.930,0,0,0,0,0,0,0,690961083,1737864874496,760265559552,0,0,0,0,0,0,0,0,0,0,0,0,0,0,0,0,0,0,0,0,0,0,0,0,0,0,0,0,0,0,0,0,0,0,0,0,0,0,0,0,0,0,0,0,0,0,0,0,0,0,0,0,0,0,0,0,0,0,7,1837039,106311255,34722098,0,0,0,0,0,0,0,0,0,0,0,0,0,0,0,0,0,0,0,0,0,0,0,0,0,0,0,0,0,0,0,0,0,0,0,0,0,12875022336,4558192640,785829,278210,34660251,505,0,96,786432,105359651,811153,6,3339109213,12884901888,24050,669063811,0,0,0,0,0,0,0,0,0,0,0,0,0,0,0,0,0,0,15835772,115732079,0,468,1202,7661,620,31671805,35,0,0,0,0,0,0,0,1,0,0,0,0,0,0,0,0,0,0,21109189,0,34660025,628795,0,0,0,0,0,0,0,0,16384,0,0,0,0,0,0,0,0,0,0,0,3155,422,0,0,0,0,0,48138755,0,147,0,2,422,3155,0,0,0,0,0,0,0,0,0,0,0,0,0,0,0,0,0,0,0,0,0,0,0,0,0,0,0,0,0,0,0,0,0,0,0,0,0,0,0,0,0,0,0,0,0,0,0,0,0,0,0,0,0,0,248454971,0,0,0,453192604,0,0,0,0,0,0,0,76244063,106363528,284020125,152758380032,66676063,0,0,0,0,0,0,0,0,0,0,0,0,0,0,0,0,0,0,0,0,0,0,0,0,0,0,0,0,0,0,0,867,0,0,0,0,0,0,0
1782975573.994,0,0,0,0,0,0,0,691127798,1738787965440,760575848960,0,0,0,0,0,0,0,0,0,0,0,0,0,0,0,0,0,0,0,0,0,0,0,0,0,0,0,0,0,0,0,0,0,0,0,0,0,0,0,0,0,0,0,0,0,0,0,0,0,0,0,0,0,0,0,0,0,0,7,1837061,106367702,34738153,0,0,0,0,0,0,0,0,0,0,0,0,0,0,0,0,0,0,0,0,0,0,0,0,0,0,0,0,0,0,0,0,0,0,0,0,0,12875497472,4565663744,785856,278666,34676271,479,0,98,786432,105416045,811153,6,3339933926,12884901888,24050,669174972,0,0,0,0,0,0,0,0,0,0,0,0,0,0,0,0,0,0,15840600,115736907,0,468,1202,7661,620,31681457,35,0,0,0,0,0,0,0,1,0,0,0,0,0,0,0,0,0,0,21114744,0,34676087,629117,0,0,0,0,0,0,0,0,16384,0,0,0,0,0,0,0,0,0,0,0,3156,422,0,0,0,0,0,48153424,0,147,0,2,422,3156,0,0,0,0,0,0,0,0,0,0,0,0,0,0,0,0,0,0,0,0,0,0,0,0,0,0,0,0,0,0,0,0,0,0,0,0,0,0,0,0,0,0,0,0,0,0,0,0,0,0,0,0,0,0,248534552,0,0,0,453274601,0,0,0,0,0,0,0,76277246,106419862,284116009,152799777280,66704578,1,0,0,0,0,0,0,0,0,0,0,0,0,0,0,0,0,0,0,0,0,0,0,0,0,0,0,0,0,0,0,872,0,0,0,0,0,0,0
1782975575.063,0,0,0,0,0,0,0,691292335,1739700242944,760883122688,0,0,0,0,0,0,0,0,0,0,0,0,0,0,0,0,0,0,0,0,0,0,0,0,0,0,0,0,0,0,0,0,0,0,0,0,0,0,0,0,0,0,0,0,0,0,0,0,0,0,0,0,0,0,0,0,0,0,7,1837086,106423503,34754075,0,0,0,0,0,0,0,0,0,0,0,0,0,0,0,0,0,0,0,0,0,0,0,0,0,0,0,0,0,0,0,0,0,0,0,0,0,12876398592,4570873856,785913,278984,34692211,423,0,96,786432,105471788,811153,6,3340748047,12884901888,24050,669284224,0,0,0,0,0,0,0,0,0,0,0,0,0,0,0,0,0,0,15845361,115741668,0,468,1202,7661,620,31690988,35,0,0,0,0,0,0,0,1,0,0,0,0,0,0,0,0,0,0,21120220,0,34692011,629433,0,0,0,0,0,0,0,0,16384,0,0,0,0,0,0,0,0,0,0,0,3157,422,0,0,0,0,0,48167896,0,147,0,2,422,3157,0,0,0,0,0,0,0,0,0,0,0,0,0,0,0,0,0,0,0,0,0,0,0,0,0,0,0,0,0,0,0,0,0,0,0,0,0,0,0,0,0,0,0,0,0,0,0,0,0,0,0,0,0,0,248612753,0,0,0,453355477,0,0,0,0,0,0,0,76309155,106475538,284210392,152840485888,66731949,1,1,0,0,0,0,0,0,0,0,0,0,0,0,0,0,0,0,0,0,0,0,0,0,0,0,0,0,0,0,0,854,0,0,0,0,0,0,0
1782975576.127,0,0,0,0,0,0,0,691454395,1740603427328,761187904512,0,0,0,0,0,0,0,0,0,0,0,0,0,0,0,0,0,0,0,0,0,0,0,0,0,0,0,0,0,0,0,0,0,0,0,0,0,0,0,0,0,0,0,0,0,0,0,0,0,0,0,0,0,0,0,0,0,0,7,1837119,106478753,34769880,0,0,0,0,0,0,0,0,0,0,0,0,0,0,0,0,0,0,0,0,0,0,0,0,0,0,0,0,0,0,0,0,0,0,0,0,0,12878315520,4573249536,786030,279129,34708033,306,0,97,786432,105526976,811153,6,3341550561,12884901888,24050,669392778,0,0,0,0,0,0,0,0,0,0,0,0,0,0,0,0,0,0,15850049,115746354,0,468,1202,7661,620,31700360,35,0,0,0,0,0,0,0,1,0,0,0,0,0,0,0,0,0,0,21125605,0,34707807,629738,0,0,0,0,0,0,0,0,16384,0,0,0,0,0,0,0,0,0,0,0,3158,422,0,0,0,0,0,48182146,0,147,0,2,422,3158,0,0,0,0,0,0,0,0,0,0,0,0,0,0,0,0,0,0,0,0,0,0,0,0,0,0,0,0,0,0,0,0,0,0,0,0,0,0,0,0,0,0,0,0,0,0,0,0,0,0,0,0,0,0,248689622,0,0,0,453435248,0,0,0,0,0,0,0,76338412,106530658,284303283,152880569856,66756708,0,0,0,0,0,0,0,0,0,0,0,0,0,0,0,0,0,0,0,0,0,0,0,0,0,0,0,0,0,0,0,734,0,0,0,0,0,0,0
1782975577.194,0,0,0,0,0,0,0,691616991,1741510101504,761492828672,0,0,0,0,0,0,0,0,0,0,0,0,0,0,0,0,0,0,0,0,0,0,0,0,0,0,0,0,0,0,0,0,0,0,0,0,0,0,0,0,0,0,0,0,0,0,0,0,0,0,0,0,0,0,0,0,0,0,7,1837151,106534200,34785643,0,0,0,0,0,0,0,0,0,0,0,0,0,0,0,0,0,0,0,0,0,0,0,0,0,0,0,0,0,0,0,0,0,0,0,0,0,12875235328,4578197504,785842,279431,34723796,494,0,96,786432,105582342,811153,6,3342355747,12884901888,24050,669501557,0,0,0,0,0,0,0,0,0,0,0,0,0,0,0,0,0,0,15854753,115751060,0,468,1202,7661,620,31709765,35,0,0,0,0,0,0,0,1,0,0,0,0,0,0,0,0,0,0,21131015,0,34723570,630055,0,0,0,0,0,0,0,0,16384,0,0,0,0,0,0,0,0,0,0,0,3159,422,0,0,0,0,0,48196451,0,147,0,2,422,3159,0,0,0,0,0,0,0,0,0,0,0,0,0,0,0,0,0,0,0,0,0,0,0,0,0,0,0,0,0,0,0,0,0,0,0,0,0,0,0,0,0,0,0,0,0,0,0,0,0,0,0,0,0,0,248767180,0,0,0,453515196,0,0,0,0,0,0,0,76369197,106585994,284396848,152921106944,66782715,1,0,0,0,0,0,0,0,0,0,0,0,0,0,0,0,0,0,0,0,0,0,0,0,0,0,0,0,0,0,0,670,0,0,0,0,0,0,0
1782975578.264,0,0,0,0,0,0,0,691779355,1742411811328,761797330432,0,0,0,0,0,0,0,0,0,0,0,0,0,0,0,0,0,0,0,0,0,0,0,0,0,0,0,0,0,0,0,0,0,0,0,0,0,0,0,0,0,0,0,0,0,0,0,0,0,0,0,0,0,0,0,0,0,0,7,1837172,106589351,34801440,0,0,0,0,0,0,0,0,0,0,0,0,0,0,0,0,0,0,0,0,0,0,0,0,0,0,0,0,0,0,0,0,0,0,0,0,0,12876562432,4583014400,785923,279725,34739568,414,0,96,786432,105637423,811153,6,3343159444,12884901888,24050,669610101,0,0,0,0,0,0,0,0,0,0,0,0,0,0,0,0,0,0,15859445,115755750,0,468,1202,7661,620,31719155,35,0,0,0,0,0,0,0,1,0,0,0,0,0,0,0,0,0,0,21136407,0,34739342,630372,0,0,0,0,0,0,0,0,16384,0,0,0,0,0,0,0,0,0,0,0,3160,422,0,0,0,0,0,48210713,0,147,0,2,422,3160,0,0,0,0,0,0,0,0,0,0,0,0,0,0,0,0,0,0,0,0,0,0,0,0,0,0,0,0,0,0,0,0,0,0,0,0,0,0,0,0,0,0,0,0,0,0,0,0,0,0,0,0,0,0,248843230,0,0,0,453595058,0,0,0,0,0,0,0,76399252,106641002,284488925,152960783360,66807999,1,0,0,0,0,0,0,0,0,0,0,0,0,0,0,0,0,0,0,0,0,0,0,0,0,0,0,0,0,0,0,537,0,0,0,0,0,0,0
1782975579.329,0,0,0,0,0,0,0,691941567,1743310670336,762100740096,0,0,0,0,0,0,0,0,0,0,0,0,0,0,0,0,0,0,0,0,0,0,0,0,0,0,0,0,0,0,0,0,0,0,0,0,0,0,0,0,0,0,0,0,0,0,0,0,0,0,0,0,0,0,0,0,0,0,7,1837202,106644335,34817143,0,0,0,0,0,0,0,0,0,0,0,0,0,0,0,0,0,0,0,0,0,0,0,0,0,0,0,0,0,0,0,0,0,0,0,0,0,12874678272,4585816064,785808,279896,34755296,526,0,97,786432,105692322,811153,6,3343962577,12884901888,24050,669718815,0,0,0,0,0,0,0,0,0,0,0,0,0,0,0,0,0,0,15864145,115760452,0,468,1202,7661,620,31728546,35,0,0,0,0,0,0,0,1,0,0,0,0,0,0,0,0,0,0,21141815,0,34755070,630681,0,0,0,0,0,0,0,0,16384,0,0,0,0,0,0,0,0,0,0,0,3161,422,0,0,0,0,0,48225018,0,147,0,2,422,3161,0,0,0,0,0,0,0,0,0,0,0,0,0,0,0,0,0,0,0,0,0,0,0,0,0,0,0,0,0,0,0,0,0,0,0,0,0,0,0,0,0,0,0,0,0,0,0,0,0,0,0,0,0,0,248920807,0,0,0,453675083,0,0,0,0,0,0,0,76429401,106695876,284582402,153001229824,66833653,0,0,0,0,0,0,0,0,0,0,0,0,0,0,0,0,0,0,0,0,0,0,0,0,0,0,0,0,0,0,0,454,0,0,0,0,0,0,0
1782975580.396,0,0,0,0,0,0,0,692105104,1744220686848,762456335360,0,0,0,0,0,0,0,0,0,0,0,0,0,0,0,0,0,0,0,0,0,0,0,0,0,0,0,0,0,0,0,0,0,0,0,0,0,0,0,0,0,0,0,0,0,0,0,0,0,0,0,0,0,0,0,0,0,0,7,1837233,106700003,34836015,0,0,0,0,0,0,0,0,0,0,0,0,0,0,0,0,0,0,0,0,0,0,0,0,0,0,0,0,0,0,0,0,0,0,0,0,0,12878151680,4539170816,786020,277049,34771096,316,0,96,786432,105747915,811153,6,3344772235,12884901888,24050,669827954,0,0,0,0,0,0,0,0,0,0,0,0,0,0,0,0,0,0,15868878,115765184,0,468,1202,7661,620,31738017,35,0,0,0,0,0,0,0,1,0,0,0,0,0,0,0,0,0,0,21147257,0,34773942,631004,0,0,0,0,0,0,0,0,16384,0,0,0,0,0,0,0,0,0,0,0,3162,422,0,0,0,0,0,48239383,0,147,0,2,422,3162,0,0,0,0,0,0,0,0,0,0,0,0,0,0,0,0,0,0,0,0,0,0,0,0,0,0,0,0,0,0,0,0,0,0,0,0,0,0,0,0,0,0,0,0,0,0,0,0,0,0,0,0,0,0,248999116,0,0,0,453755508,0,0,0,0,0,0,0,76461657,106751414,284679822,153042021376,66861219,1,0,0,0,0,0,0,0,0,0,0,0,0,0,0,0,0,0,0,0,0,0,0,0,0,0,0,0,0,0,0,358,0,0,0,0,0,0,0
1782975581.463,0,0,0,0,0,0,0,692270047,1745144859136,762777911296,0,0,0,0,0,0,0,0,0,0,0,0,0,0,0,0,0,0,0,0,0,0,0,0,0,0,0,0,0,0,0,0,0,0,0,0,0,0,0,0,0,0,0,0,0,0,0,0,0,0,0,0,0,0,0,0,0,0,7,1837245,106756549,34852822,0,0,0,0,0,0,0,0,0,0,0,0,0,0,0,0,0,0,0,0,0,0,0,0,0,0,0,0,0,0,0,0,0,0,0,0,0,12875497472,4528029696,785858,276369,34790975,479,0,96,786432,105804387,811153,6,3345588932,12884901888,24050,669937847,0,0,0,0,0,0,0,0,0,0,0,0,0,0,0,0,0,0,15873652,115769957,0,468,1202,7661,620,31747562,35,0,0,0,0,0,0,0,1,0,0,0,0,0,0,0,0,0,0,21152743,0,34790749,631333,0,0,0,0,0,0,0,0,16384,0,0,0,0,0,0,0,0,0,0,0,3164,422,0,0,0,0,0,48253872,0,147,0,2,422,3164,0,0,0,0,0,0,0,0,0,0,0,0,0,0,0,0,0,0,0,0,0,0,0,0,0,0,0,0,0,0,0,0,0,0,0,0,0,0,0,0,0,0,0,0,0,0,0,0,0,0,0,0,0,0,249077564,0,0,0,453836611,0,0,0,0,0,0,0,76494271,106807815,284775322,153082747904,66889129,1,0,0,0,0,0,0,0,0,0,0,0,0,0,0,0,0,0,0,0,0,0,0,0,0,0,0,0,0,0,0,315,0,0,0,0,0,0,0
1782975582.531,0,0,0,0,0,0,0,692436232,1746066393600,763086300672,0,0,0,0,0,0,0,0,0,0,0,0,0,0,0,0,0,0,0,0,0,0,0,0,0,0,0,0,0,0,0,0,0,0,0,0,0,0,0,0,0,0,0,0,0,0,0,0,0,0,0,0,0,0,0,0,0,0,7,1837279,106812915,34868758,0,0,0,0,0,0,0,0,0,0,0,0,0,0,0,0,0,0,0,0,0,0,0,0,0,0,0,0,0,0,0,0,0,0,0,0,0,12880199680,4532191232,786145,276623,34806911,190,0,97,786432,105860699,811153,6,3346411631,12884901888,24050,670049143,0,0,0,0,0,0,0,0,0,0,0,0,0,0,0,0,0,0,15878450,115774756,0,468,1202,7661,620,31757158,35,0,0,0,0,0,0,0,1,0,0,0,0,0,0,0,0,0,0,21158259,0,34806685,631635,0,0,0,0,0,0,0,0,16384,0,0,0,0,0,0,0,0,0,0,0,3165,422,0,0,0,0,0,48268482,0,147,0,2,422,3165,0,0,0,0,0,0,0,0,0,0,0,0,0,0,0,0,0,0,0,0,0,0,0,0,0,0,0,0,0,0,0,0,0,0,0,0,0,0,0,0,0,0,0,0,0,0,0,0,0,0,0,0,0,0,249156595,0,0,0,453918213,0,0,0,0,0,0,0,76527183,106864058,284870519,153124110848,66917424,0,0,0,0,0,0,0,0,0,0,0,0,0,0,0,0,0,0,0,0,0,0,0,0,0,0,0,0,0,0,0,339,0,0,0,0,0,0,0
1782975583.598,0,0,0,0,0,0,0,692601521,1746985568768,763391434752,0,0,0,0,0,0,0,0,0,0,0,0,0,0,0,0,0,0,0,0,0,0,0,0,0,0,0,0,0,0,0,0,0,0,0,0,0,0,0,0,0,0,0,0,0,0,0,0,0,0,0,0,0,0,0,0,0,0,7,1837314,106869135,34884537,0,0,0,0,0,0,0,0,0,0,0,0,0,0,0,0,0,0,0,0,0,0,0,0,0,0,0,0,0,0,0,0,0,0,0,0,0,12877545472,4539285504,785983,277056,34822690,353,0,96,786432,105916853,811153,6,3347229701,12884901888,24050,670159149,0,0,0,0,0,0,0,0,0,0,0,0,0,0,0,0,0,0,15883237,115779544,0,468,1202,7661,620,31766740,35,0,0,0,0,0,0,0,1,0,0,0,0,0,0,0,0,0,0,21163768,0,34822464,631948,0,0,0,0,0,0,0,0,16384,0,0,0,0,0,0,0,0,0,0,0,3166,422,0,0,0,0,0,48283049,0,147,0,2,422,3166,0,0,0,0,0,0,0,0,0,0,0,0,0,0,0,0,0,0,0,0,0,0,0,0,0,0,0,0,0,0,0,0,0,0,0,0,0,0,0,0,0,0,0,0,0,0,0,0,0,0,0,0,0,0,249234926,0,0,0,453999491,0,0,0,0,0,0,0,76559950,106920147,284964873,153164904960,66945557,1,0,0,0,0,0,0,0,0,0,0,0,0,0,0,0,0,0,0,0,0,0,0,0,0,0,0,0,0,0,0,330,0,0,0,0,0,0,0
1782975584.666,0,0,0,0,0,0,0,692766441,1747901778432,763697737216,0,0,0,0,0,0,0,0,0,0,0,0,0,0,0,0,0,0,0,0,0,0,0,0,0,0,0,0,0,0,0,0,0,0,0,0,0,0,0,0,0,0,0,0,0,0,0,0,0,0,0,0,0,0,0,0,0,0,7,1837333,106925197,34900355,0,0,0,0,0,0,0,0,0,0,0,0,0,0,0,0,0,0,0,0,0,0,0,0,0,0,0,0,0,0,0,0,0,0,0,0,0,12874678272,4544495616,785809,277375,34838490,529,0,96,786432,105972846,811153,6,3348045493,12884901888,24050,670268961,0,0,0,0,0,0,0,0,0,0,0,0,0,0,0,0,0,0,15888010,115784316,0,468,1202,7661,620,31776284,35,0,0,0,0,0,0,0,1,0,0,0,0,0,0,0,0,0,0,21169259,0,34838264,632254,0,0,0,0,0,0,0,0,16384,0,0,0,0,0,0,0,0,0,0,0,3167,422,0,0,0,0,0,48297550,0,147,0,2,422,3167,0,0,0,0,0,0,0,0,0,0,0,0,0,0,0,0,0,0,0,0,0,0,0,0,0,0,0,0,0,0,0,0,0,0,0,0,0,0,0,0,0,0,0,0,0,0,0,0,0,0,0,0,0,0,249314039,0,0,0,454080610,0,0,0,0,0,0,0,76592038,106976067,285060050,153206109184,66973105,1,0,0,0,0,0,0,0,0,0,0,0,0,0,0,0,0,0,0,0,0,0,0,0,0,0,0,0,0,0,0,291,0,0,0,0,0,0,0
1782975585.730,0,0,0,0,0,0,0,692932254,1748823755264,764005134848,0,0,0,0,0,0,0,0,0,0,0,0,0,0,0,0,0,0,0,0,0,0,0,0,0,0,0,0,0,0,0,0,0,0,0,0,0,0,0,0,0,0,0,0,0,0,0,0,0,0,0,0,0,0,0,0,0,0,7,1837374,106981597,34916247,0,0,0,0,0,0,0,0,0,0,0,0,0,0,0,0,0,0,0,0,0,0,0,0,0,0,0,0,0,0,0,0,0,0,0,0,0,12874219520,4549263360,785780,277665,34854400,554,0,97,786432,106029182,811153,6,3348865985,12884901888,24050,670379952,0,0,0,0,0,0,0,0,0,0,0,0,0,0,0,0,0,0,15892805,115789112,0,468,1202,7661,620,31785872,35,0,0,0,0,0,0,0,1,0,0,0,0,0,0,0,0,0,0,21174770,0,34854174,632559,0,0,0,0,0,0,0,0,16384,0,0,0,0,0,0,0,0,0,0,0,3168,422,0,0,0,0,0,48312147,0,147,0,2,422,3168,0,0,0,0,0,0,0,0,0,0,0,0,0,0,0,0,0,0,0,0,0,0,0,0,0,0,0,0,0,0,0,0,0,0,0,0,0,0,0,0,0,0,0,0,0,0,0,0,0,0,0,0,0,0,249393507,0,0,0,454162066,0,0,0,0,0,0,0,76625603,107032324,285155609,153247399424,67002000,1,0,0,0,0,0,0,0,0,0,0,0,0,0,0,0,0,0,0,0,0,0,0,0,0,0,0,0,0,0,0,305,0,0,0,0,0,0,0
1782975586.793,0,0,0,0,0,0,0,693098500,1749747960320,764310627840,0,0,0,0,0,0,0,0,0,0,0,0,0,0,0,0,0,0,0,0,0,0,0,0,0,0,0,0,0,0,0,0,0,0,0,0,0,0,0,0,0,0,0,0,0,0,0,0,0,0,0,0,0,0,0,0,0,0,7,1837400,107038140,34932012,0,0,0,0,0,0,0,0,0,0,0,0,0,0,0,0,0,0,0,0,0,0,0,0,0,0,0,0,0,0,0,0,0,0,0,0,0,12874989568,4556898304,785827,278131,34870165,508,0,96,786432,106085665,811153,6,3349688833,12884901888,24050,670491034,0,0,0,0,0,0,0,0,0,0,0,0,0,0,0,0,0,0,15897615,115793922,0,468,1202,7661,620,31795487,35,0,0,0,0,0,0,0,1,0,0,0,0,0,0,0,0,0,0,21180295,0,34869939,632870,0,0,0,0,0,0,0,0,16384,0,0,0,0,0,0,0,0,0,0,0,3169,422,0,0,0,0,0,48326766,0,147,0,2,422,3169,0,0,0,0,0,0,0,0,0,0,0,0,0,0,0,0,0,0,0,0,0,0,0,0,0,0,0,0,0,0,0,0,0,0,0,0,0,0,0,0,0,0,0,0,0,0,0,0,0,0,0,0,0,0,249472772,0,0,0,454243769,0,0,0,0,0,0,0,76658802,107088711,285250868,153288769024,67030617,1,0,0,0,0,0,0,0,0,0,0,0,0,0,0,0,0,0,0,0,0,0,0,0,0,0,0,0,0,0,0,316,0,0,0,0,0,0,0
1782975587.860,0,0,0,0,0,0,0,693265750,1750683240960,764622109184,0,0,0,0,0,0,0,0,0,0,0,0,0,0,0,0,0,0,0,0,0,0,0,0,0,0,0,0,0,0,0,0,0,0,0,0,0,0,0,0,0,0,0,0,0,0,0,0,0,0,0,0,0,0,0,0,0,0,7,1837429,107095347,34948102,0,0,0,0,0,0,0,0,0,0,0,0,0,0,0,0,0,0,0,0,0,0,0,0,0,0,0,0,0,0,0,0,0,0,0,0,0,12874924032,4559093760,785823,278265,34886166,513,0,96,786432,106142812,811153,6,3350516612,12884901888,24050,670602001,0,0,0,0,0,0,0,0,0,0,0,0,0,0,0,0,0,0,15902454,115798760,0,468,1202,7661,620,31805172,35,0,0,0,0,0,0,0,1,0,0,0,0,0,0,0,0,0,0,21185855,0,34886061,633179,0,0,0,0,0,0,0,0,16384,0,0,0,0,0,0,0,0,0,0,0,3170,422,0,0,0,0,0,48341488,0,147,0,2,422,3170,0,0,0,0,0,0,0,0,0,0,0,0,0,0,0,0,0,0,0,0,0,0,0,0,0,0,0,0,0,0,0,0,0,0,0,0,0,0,0,0,0,0,0,0,0,0,0,0,0,0,0,0,0,0,249552707,0,0,0,454326025,0,0,0,0,0,0,0,76692072,107145769,285347121,153330393600,67059204,1,0,0,0,0,0,0,0,0,0,0,0,0,0,0,0,0,0,0,0,0,0,0,0,0,0,0,0,0,0,0,362,0,0,0,0,0,0,0
1782975588.929,0,0,0,0,0,0,0,693431569,1751609723392,764932255744,0,0,0,0,0,0,0,0,0,0,0,0,0,0,0,0,0,0,0,0,0,0,0,0,0,0,0,0,0,0,0,0,0,0,0,0,0,0,0,0,0,0,0,0,0,0,0,0,0,0,0,0,0,0,0,0,0,0,7,1837454,107152022,34964192,0,0,0,0,0,0,0,0,0,0,0,0,0,0,0,0,0,0,0,0,0,0,0,0,0,0,0,0,0,0,0,0,0,0,0,0,0,12876021760,4563861504,785890,278556,34902345,445,0,97,786432,106199427,811153,6,3351338168,12884901888,24050,670712895,0,0,0,0,0,0,0,0,0,0,0,0,0,0,0,0,0,0,15907255,115803561,0,468,1202,7661,620,31814769,35,0,0,0,0,0,0,0,1,0,0,0,0,0,0,0,0,0,0,21191376,0,34902119,633500,0,0,0,0,0,0,0,0,16384,0,0,0,0,0,0,0,0,0,0,0,3171,422,0,0,0,0,0,48356104,0,147,0,2,422,3171,0,0,0,0,0,0,0,0,0,0,0,0,0,0,0,0,0,0,0,0,0,0,0,0,0,0,0,0,0,0,0,0,0,0,0,0,0,0,0,0,0,0,0,0,0,0,0,0,0,0,0,0,0,0,249630994,0,0,0,454407475,0,0,0,0,0,0,0,76724908,107202285,285441686,153371257344,67087243,1,0,0,0,0,0,0,0,0,0,0,0,0,0,0,0,0,0,0,0,0,0,0,0,0,0,0,0,0,0,0,344,0,0,0,0,0,0,0
1782975589.998,0,0,0,0,0,0,0,693596731,1752525326848,765239097856,0,0,0,0,0,0,0,0,0,0,0,0,0,0,0,0,0,0,0,0,0,0,0,0,0,0,0,0,0,0,0,0,0,0,0,0,0,0,0,0,0,0,0,0,0,0,0,0,0,0,0,0,0,0,0,0,0,0,7,1837484,107208023,34980057,0,0,0,0,0,0,0,0,0,0,0,0,0,0,0,0,0,0,0,0,0,0,0,0,0,0,0,0,0,0,0,0,0,0,0,0,0,12878757888,4568121344,786057,278816,34918210,279,0,96,786432,106255357,811153,6,3352156060,12884901888,24050,670823264,0,0,0,0,0,0,0,0,0,0,0,0,0,0,0,0,0,0,15912035,115808342,0,468,1202,7661,620,31824333,35,0,0,0,0,0,0,0,1,0,0,0,0,0,0,0,0,0,0,21196876,0,34917984,633805,0,0,0,0,0,0,0,0,16384,0,0,0,0,0,0,0,0,0,0,0,3172,422,0,0,0,0,0,48370658,0,147,0,2,422,3172,0,0,0,0,0,0,0,0,0,0,0,0,0,0,0,0,0,0,0,0,0,0,0,0,0,0,0,0,0,0,0,0,0,0,0,0,0,0,0,0,0,0,0,0,0,0,0,0,0,0,0,0,0,0,249709871,0,0,0,454488713,0,0,0,0,0,0,0,76758084,107258141,285536649,153412278784,67115793,0,0,0,0,0,0,0,0,0,0,0,0,0,0,0,0,0,0,0,0,0,0,0,0,0,0,0,0,0,0,0,344,0,0,0,0,0,0,0
1782975591.062,0,0,0,0,0,0,0,693762690,1753449499136,765549314560,0,0,0,0,0,0,0,0,0,0,0,0,0,0,0,0,0,0,0,0,0,0,0,0,0,0,0,0,0,0,0,0,0,0,0,0,0,0,0,0,0,0,0,0,0,0,0,0,0,0,0,0,0,0,0,0,0,0,7,1837512,107264580,34996078,0,0,0,0,0,0,0,0,0,0,0,0,0,0,0,0,0,0,0,0,0,0,0,0,0,0,0,0,0,0,0,0,0,0,0,0,0,12874940416,4573036544,785825,279116,34934222,512,0,97,786432,106311849,811153,6,3352977983,12884901888,24050,670934029,0,0,0,0,0,0,0,0,0,0,0,0,0,0,0,0,0,0,15916833,115813140,0,468,1202,7661,620,31833926,35,0,0,0,0,0,0,0,1,0,0,0,0,0,0,0,0,0,0,21202385,0,34934007,634127,0,0,0,0,0,0,0,0,16384,0,0,0,0,0,0,0,0,0,0,0,3173,422,0,0,0,0,0,48385253,0,147,0,2,422,3173,0,0,0,0,0,0,0,0,0,0,0,0,0,0,0,0,0,0,0,0,0,0,0,0,0,0,0,0,0,0,0,0,0,0,0,0,0,0,0,0,0,0,0,0,0,0,0,0,0,0,0,0,0,0,249789232,0,0,0,454570334,0,0,0,0,0,0,0,76791453,107314568,285632279,153453751808,67144379,0,0,0,0,0,0,0,0,0,0,0,0,0,0,0,0,0,0,0,0,0,0,0,0,0,0,0,0,0,0,0,317,0,0,0,0,0,0,0
1782975592.130,0,0,0,0,0,0,0,693928238,1754371836416,765856745472,0,0,0,0,0,0,0,0,0,0,0,0,0,0,0,0,0,0,0,0,0,0,0,0,0,0,0,0,0,0,0,0,0,0,0,0,0,0,0,0,0,0,0,0,0,0,0,0,0,0,0,0,0,0,0,0,0,0,7,1837540,107321007,35011995,0,0,0,0,0,0,0,0,0,0,0,0,0,0,0,0,0,0,0,0,0,0,0,0,0,0,0,0,0,0,0,0,0,0,0,0,0,12874760192,4577624064,785813,279396,34950148,523,0,96,786432,106368207,811153,6,3353797377,12884901888,24050,671044266,0,0,0,0,0,0,0,0,0,0,0,0,0,0,0,0,0,0,15921626,115817933,0,468,1202,7661,620,31843509,35,0,0,0,0,0,0,0,1,0,0,0,0,0,0,0,0,0,0,21207899,0,34949922,634436,0,0,0,0,0,0,0,0,16384,0,0,0,0,0,0,0,0,0,0,0,3174,422,0,0,0,0,0,48399843,0,147,0,2,422,3174,0,0,0,0,0,0,0,0,0,0,0,0,0,0,0,0,0,0,0,0,0,0,0,0,0,0,0,0,0,0,0,0,0,0,0,0,0,0,0,0,0,0,0,0,0,0,0,0,0,0,0,0,0,0,249867166,0,0,0,454651748,0,0,0,0,0,0,0,76824159,107370829,285726355,153494270464,67172509,1,0,0,0,0,0,0,0,0,0,0,0,0,0,0,0,0,0,0,0,0,0,0,0,0,0,0,0,0,0,0,286,0,0,0,0,0,0,0
1782975593.197,0,0,0,0,0,0,0,694094097,1755295222272,766166345216,0,0,0,0,0,0,0,0,0,0,0,0,0,0,0,0,0,0,0,0,0,0,0,0,0,0,0,0,0,0,0,0,0,0,0,0,0,0,0,0,0,0,0,0,0,0,0,0,0,0,0,0,0,0,0,0,0,0,7,1837565,107377503,35028023,0,0,0,0,0,0,0,0,0,0,0,0,0,0,0,0,0,0,0,0,0,0,0,0,0,0,0,0,0,0,0,0,0,0,0,0,0,12875776000,4581916672,785875,279658,34966176,461,0,96,786432,106424643,811153,6,3354618412,12884901888,24050,671154583,0,0,0,0,0,0,0,0,0,0,0,0,0,0,0,0,0,0,15926431,115822737,0,468,1202,7661,620,31853124,35,0,0,0,0,0,0,0,1,0,0,0,0,0,0,0,0,0,0,21213414,0,34965950,634744,0,0,0,0,0,0,0,0,16384,0,0,0,0,0,0,0,0,0,0,0,3175,422,0,0,0,0,0,48414459,0,147,0,2,422,3175,0,0,0,0,0,0,0,0,0,0,0,0,0,0,0,0,0,0,0,0,0,0,0,0,0,0,0,0,0,0,0,0,0,0,0,0,0,0,0,0,0,0,0,0,0,0,0,0,0,0,0,0,0,0,249946171,0,0,0,454733326,0,0,0,0,0,0,0,76856380,107427195,285821592,153535343104,67200229,0,1,0,0,0,0,0,0,0,0,0,0,0,0,0,0,0,0,0,0,0,0,0,0,0,0,0,0,0,0,0,296,0,0,0,0,0,0,0
1782975594.264,0,0,0,0,0,0,0,694260114,1756218591744,766473981440,0,0,0,0,0,0,0,0,0,0,0,0,0,0,0,0,0,0,0,0,0,0,0,0,0,0,0,0,0,0,0,0,0,0,0,0,0,0,0,0,0,0,0,0,0,0,0,0,0,0,0,0,0,0,0,0,0,0,7,1837594,107433980,35043901,0,0,0,0,0,0,0,0,0,0,0,0,0,0,0,0,0,0,0,0,0,0,0,0,0,0,0,0,0,0,0,0,0,0,0,0,0,12877201408,4589830144,785962,280141,34982054,373,0,96,786432,106481058,811153,6,3355439940,12884901888,24050,671265255,0,0,0,0,0,0,0,0,0,0,0,0,0,0,0,0,0,0,15931230,115827537,0,468,1202,7661,620,31862720,35,0,0,0,0,0,0,0,1,0,0,0,0,0,0,0,0,0,0,21218934,0,34981828,635060,0,0,0,0,0,0,0,0,16384,0,0,0,0,0,0,0,0,0,0,0,3176,422,0,0,0,0,0,48429070,0,147,0,2,422,3176,0,0,0,0,0,0,0,0,0,0,0,0,0,0,0,0,0,0,0,0,0,0,0,0,0,0,0,0,0,0,0,0,0,0,0,0,0,0,0,0,0,0,0,0,0,0,0,0,0,0,0,0,0,0,250026085,0,0,0,454814901,0,0,0,0,0,0,0,76888264,107483543,285917617,153576835584,67227369,1,1,0,0,0,0,0,0,0,0,0,0,0,0,0,0,0,0,0,0,0,0,0,0,0,0,0,0,0,0,0,296,0,0,0,0,0,0,0
1782975595.333,0,0,0,0,0,0,0,694424111,1757125904896,766781628416,0,0,0,0,0,0,0,0,0,0,0,0,0,0,0,0,0,0,0,0,0,0,0,0,0,0,0,0,0,0,0,0,0,0,0,0,0,0,0,0,0,0,0,0,0,0,0,0,0,0,0,0,0,0,0,0,0,0,7,1837625,107489490,35059793,0,0,0,0,0,0,0,0,0,0,0,0,0,0,0,0,0,0,0,0,0,0,0,0,0,0,0,0,0,0,0,0,0,0,0,0,0,12877021184,4593369088,785951,280357,34997946,385,0,96,786432,106536497,811153,6,3356251170,12884901888,24050,671375112,0,0,0,0,0,0,0,0,0,0,0,0,0,0,0,0,0,0,15935970,115832276,0,468,1202,7661,620,31872205,35,0,0,0,0,0,0,0,1,0,0,0,0,0,0,0,0,0,0,21224386,0,34997720,635377,0,0,0,0,0,0,0,0,16384,0,0,0,0,0,0,0,0,0,0,0,3177,422,0,0,0,0,0,48443471,0,147,0,2,422,3177,0,0,0,0,0,0,0,0,0,0,0,0,0,0,0,0,0,0,0,0,0,0,0,0,0,0,0,0,0,0,0,0,0,0,0,0,0,0,0,0,0,0,0,0,0,0,0,0,0,0,0,0,0,0,250105519,0,0,0,454895522,0,0,0,0,0,0,0,76919760,107538925,286013165,153618243072,67254342,1,0,0,0,0,0,0,0,0,0,0,0,0,0,0,0,0,0,0,0,0,0,0,0,0,0,0,0,0,0,0,222,0,0,0,0,0,0,0
1782975596.401,0,0,0,0,0,0,0,694583572,1758009805312,767136101888,0,0,0,0,0,0,0,0,0,0,0,0,0,0,0,0,0,0,0,0,0,0,0,0,0,0,0,0,0,0,0,0,0,0,0,0,0,0,0,0,0,0,0,0,0,0,0,0,0,0,0,0,0,0,0,0,0,0,7,1837654,107543563,35078553,0,0,0,0,0,0,0,0,0,0,0,0,0,0,0,0,0,0,0,0,0,0,0,0,0,0,0,0,0,0,0,0,0,0,0,0,0,12877365248,4546232320,785972,277480,35013581,364,0,96,786432,106590507,811153,6,3357040796,12884901888,24050,671482223,0,0,0,0,0,0,0,0,0,0,0,0,0,0,0,0,0,0,15940588,115836894,0,468,1202,7661,620,31881435,35,0,0,0,0,0,0,0,1,0,0,0,0,0,0,0,0,0,0,21229693,0,35016427,635713,0,0,0,0,0,0,0,0,16384,0,0,0,0,0,0,0,0,0,0,0,3178,422,0,0,0,0,0,48457534,0,147,0,2,422,3178,0,0,0,0,0,0,0,0,0,0,0,0,0,0,0,0,0,0,0,0,0,0,0,0,0,0,0,0,0,0,0,0,0,0,0,0,0,0,0,0,0,0,0,0,0,0,0,0,0,0,0,0,0,0,250182544,0,0,0,454974025,0,0,0,0,0,0,0,76950234,107592879,286109233,153658344960,67279930,0,0,0,0,0,0,0,0,0,0,0,0,0,0,0,0,0,0,0,0,0,0,0,0,0,0,0,0,0,0,0,62,0,0,0,0,0,0,0
1782975597.470,0,0,0,0,0,0,0,694745432,1758912973312,767453562880,0,0,0,0,0,0,0,0,0,0,0,0,0,0,0,0,0,0,0,0,0,0,0,0,0,0,0,0,0,0,0,0,0,0,0,0,0,0,0,0,0,0,0,0,0,0,0,0,0,0,0,0,0,0,0,0,0,0,7,1837680,107598806,35095208,0,0,0,0,0,0,0,0,0,0,0,0,0,0,0,0,0,0,0,0,0,0,0,0,0,0,0,0,0,0,0,0,0,0,0,0,0,12874825728,4537106432,785817,276922,35033361,519,0,96,786432,106645680,811153,6,3357838646,12884901888,24050,671587464,0,0,0,0,0,0,0,0,0,0,0,0,0,0,0,0,0,0,15945269,115841575,0,468,1202,7661,620,31890802,35,0,0,0,0,0,0,0,1,0,0,0,0,0,0,0,0,0,0,21235072,0,35033135,636034,0,0,0,0,0,0,0,0,16384,0,0,0,0,0,0,0,0,0,0,0,3180,422,0,0,0,0,0,48471741,0,147,0,2,422,3180,0,0,0,0,0,0,0,0,0,0,0,0,0,0,0,0,0,0,0,0,0,0,0,0,0,0,0,0,0,0,0,0,0,0,0,0,0,0,0,0,0,0,0,0,0,0,0,0,0,0,0,0,0,0,250259399,0,0,0,455052518,0,0,0,0,0,0,0,76981693,107648004,286202938,153698333696,67306508,1,0,0,0,0,0,0,0,0,0,0,0,0,0,0,0,0,0,0,0,0,0,0,0,0,0,0,0,0,0,0,1125,0,0,0,0,0,0,0
1782975598.537,0,0,0,0,0,0,0,694910694,1759831132672,767763492352,0,0,0,0,0,0,0,0,0,0,0,0,0,0,0,0,0,0,0,0,0,0,0,0,0,0,0,0,0,0,0,0,0,0,0,0,0,0,0,0,0,0,0,0,0,0,0,0,0,0,0,0,0,0,0,0,0,0,7,1837703,107654957,35111265,0,0,0,0,0,0,0,0,0,0,0,0,0,0,0,0,0,0,0,0,0,0,0,0,0,0,0,0,0,0,0,0,0,0,0,0,0,12875939840,4544675840,785885,277385,35049418,450,0,96,786432,106701762,811153,6,3358656740,12884901888,24050,671697802,0,0,0,0,0,0,0,0,0,0,0,0,0,0,0,0,0,0,15950048,115846355,0,468,1202,7661,620,31900356,35,0,0,0,0,0,0,0,1,0,0,0,0,0,0,0,0,0,0,21240566,0,35049192,636335,0,0,0,0,0,0,0,0,16384,0,0,0,0,0,0,0,0,0,0,0,3181,422,0,0,0,0,0,48486291,0,147,0,2,422,3181,0,0,0,0,0,0,0,0,0,0,0,0,0,0,0,0,0,0,0,0,0,0,0,0,0,0,0,0,0,0,0,0,0,0,0,0,0,0,0,0,0,0,0,0,0,0,0,0,0,0,0,0,0,0,250338213,0,0,0,455133679,0,0,0,0,0,0,0,77013750,107704026,286298049,153739245056,67333930,1,0,0,0,0,0,0,0,0,0,0,0,0,0,0,0,0,0,0,0,0,0,0,0,0,0,0,0,0,0,0,1116,0,0,0,0,0,0,0
1782975599.609,0,0,0,0,0,0,0,695075888,1760749275648,768075908608,0,0,0,0,0,0,0,0,0,0,0,0,0,0,0,0,0,0,0,0,0,0,0,0,0,0,0,0,0,0,0,0,0,0,0,0,0,0,0,0,0,0,0,0,0,0,0,0,0,0,0,0,0,0,0,0,0,0,7,1837727,107711106,35127486,0,0,0,0,0,0,0,0,0,0,0,0,0,0,0,0,0,0,0,0,0,0,0,0,0,0,0,0,0,0,0,0,0,0,0,0,0,12875988992,4545921024,785888,277460,35065639,448,0,96,786432,106757844,811153,6,3359474166,12884901888,24050,671808112,0,0,0,0,0,0,0,0,0,0,0,0,0,0,0,0,0,0,15954828,115851134,0,468,1202,7661,620,31909921,35,0,0,0,0,0,0,0,1,0,0,0,0,0,0,0,0,0,0,21246054,0,35065413,636658,0,0,0,0,0,0,0,0,16384,0,0,0,0,0,0,0,0,0,0,0,3182,422,0,0,0,0,0,48500844,0,147,0,2,422,3182,0,0,0,0,0,0,0,0,0,0,0,0,0,0,0,0,0,0,0,0,0,0,0,0,0,0,0,0,0,0,0,0,0,0,0,0,0,0,0,0,0,0,0,0,0,0,0,0,0,0,0,0,0,0,250416372,0,0,0,455214915,0,0,0,0,0,0,0,77046592,107760053,286392664,153780027392,67361892,1,0,0,0,0,0,0,0,0,0,0,0,0,0,0,0,0,0,0,0,0,0,0,0,0,0,0,0,0,0,0,1065,0,0,0,0,0,0,0
1782975600.674,0,0,0,0,0,0,0,695242374,1761674086912,768388385792,0,0,0,0,0,0,0,0,0,0,0,0,0,0,0,0,0,0,0,0,0,0,0,0,0,0,0,0,0,0,0,0,0,0,0,0,0,0,0,0,0,0,0,0,0,0,0,0,0,0,0,0,0,0,0,0,0,0,7,1837757,107767674,35143667,0,0,0,0,0,0,0,0,0,0,0,0,0,0,0,0,0,0,0,0,0,0,0,0,0,0,0,0,0,0,0,0,0,0,0,0,0,12873596928,4551770112,785742,277818,35081820,592,0,97,786432,106814343,811153,6,3360298271,12884901888,24050,671919311,0,0,0,0,0,0,0,0,0,0,0,0,0,0,0,0,0,0,15959649,115855956,0,468,1202,7661,620,31919557,35,0,0,0,0,0,0,0,1,0,0,0,0,0,0,0,0,0,0,21251593,0,35081594,636975,0,0,0,0,0,0,0,0,16384,0,0,0,0,0,0,0,0,0,0,0,3183,422,0,0,0,0,0,48515489,0,147,0,2,422,3183,0,0,0,0,0,0,0,0,0,0,0,0,0,0,0,0,0,0,0,0,0,0,0,0,0,0,0,0,0,0,0,0,0,0,0,0,0,0,0,0,0,0,0,0,0,0,0,0,0,0,0,0,0,0,250495418,0,0,0,455296784,0,0,0,0,0,0,0,77079874,107816476,286488137,153821308416,67390396,1,0,0,0,0,0,0,0,0,0,0,0,0,0,0,0,0,0,0,0,0,0,0,0,0,0,0,0,0,0,0,1075,0,0,0,0,0,0,0
1782975601.743,0,0,0,0,0,0,0,695409115,1762599160320,768696049152,0,0,0,0,0,0,0,0,0,0,0,0,0,0,0,0,0,0,0,0,0,0,0,0,0,0,0,0,0,0,0,0,0,0,0,0,0,0,0,0,0,0,0,0,0,0,0,0,0,0,0,0,0,0,0,0,0,0,7,1837793,107824257,35159689,0,0,0,0,0,0,0,0,0,0,0,0,0,0,0,0,0,0,0,0,0,0,0,0,0,0,0,0,0,0,0,0,0,0,0,0,0,12877692928,4559110144,785991,278266,35097842,344,0,98,786432,106870862,811153,6,3361122836,12884901888,24050,672030264,0,0,0,0,0,0,0,0,0,0,0,0,0,0,0,0,0,0,15964469,115860776,0,468,1202,7661,620,31929200,35,0,0,0,0,0,0,0,1,0,0,0,0,0,0,0,0,0,0,21257134,0,35097616,637276,0,0,0,0,0,0,0,0,16384,0,0,0,0,0,0,0,0,0,0,0,3184,422,0,0,0,0,0,48530165,0,147,0,2,422,3184,0,0,0,0,0,0,0,0,0,0,0,0,0,0,0,0,0,0,0,0,0,0,0,0,0,0,0,0,0,0,0,0,0,0,0,0,0,0,0,0,0,0,0,0,0,0,0,0,0,0,0,0,0,0,250571016,0,0,0,455378722,0,0,0,0,0,0,0,77110756,107872914,286579971,153860672512,67416832,1,0,0,0,0,0,0,0,0,0,0,0,0,0,0,0,0,0,0,0,0,0,0,0,0,0,0,0,0,0,0,1114,0,0,0,0,0,0,0
1782975602.811,0,0,0,0,0,0,0,695575076,1763527199232,769005392384,0,0,0,0,0,0,0,0,0,0,0,0,0,0,0,0,0,0,0,0,0,0,0,0,0,0,0,0,0,0,0,0,0,0,0,0,0,0,0,0,0,0,0,0,0,0,0,0,0,0,0,0,0,0,0,0,0,0,7,1837823,107881019,35175825,0,0,0,0,0,0,0,0,0,0,0,0,0,0,0,0,0,0,0,0,0,0,0,0,0,0,0,0,0,0,0,0,0,0,0,0,0,12877217792,4564434944,785963,278591,35113978,373,0,97,786432,106927547,811153,6,3361944646,12884901888,24050,672140802,0,0,0,0,0,0,0,0,0,0,0,0,0,0,0,0,0,0,15969274,115865580,0,468,1202,7661,620,31938819,35,0,0,0,0,0,0,0,1,0,0,0,0,0,0,0,0,0,0,21262657,0,35113752,637587,0,0,0,0,0,0,0,0,16384,0,0,0,0,0,0,0,0,0,0,0,3185,422,0,0,0,0,0,48544764,0,147,0,2,422,3185,0,0,0,0,0,0,0,0,0,0,0,0,0,0,0,0,0,0,0,0,0,0,0,0,0,0,0,0,0,0,0,0,0,0,0,0,0,0,0,0,0,0,0,0,0,0,0,0,0,0,0,0,0,0,250646024,0,0,0,455460312,0,0,0,0,0,0,0,77141806,107929538,286671326,153899756544,67443208,1,0,0,0,0,0,0,0,0,0,0,0,0,0,0,0,0,0,0,0,0,0,0,0,0,0,0,0,0,0,0,1117,0,0,0,0,0,0,0
1782975603.879,0,0,0,0,0,0,0,695740983,1764452715008,769312435712,0,0,0,0,0,0,0,0,0,0,0,0,0,0,0,0,0,0,0,0,0,0,0,0,0,0,0,0,0,0,0,0,0,0,0,0,0,0,0,0,0,0,0,0,0,0,0,0,0,0,0,0,0,0,0,0,0,0,7,1837849,107937626,35191775,0,0,0,0,0,0,0,0,0,0,0,0,0,0,0,0,0,0,0,0,0,0,0,0,0,0,0,0,0,0,0,0,0,0,0,0,0,12877365248,4570120192,785972,278939,35129906,364,0,96,786432,106984094,811153,6,3362765969,12884901888,24050,672251019,0,0,0,0,0,0,0,0,0,0,0,0,0,0,0,0,0,0,15974077,115870385,0,468,1202,7661,620,31948416,35,0,0,0,0,0,0,0,1,0,0,0,0,0,0,0,0,0,0,21268176,0,35129707,637905,0,0,0,0,0,0,0,0,16384,0,0,0,0,0,0,0,0,0,0,0,3186,422,0,0,0,0,0,48559394,0,147,0,2,422,3186,0,0,0,0,0,0,0,0,0,0,0,0,0,0,0,0,0,0,0,0,0,0,0,0,0,0,0,0,0,0,0,0,0,0,0,0,0,0,0,0,0,0,0,0,0,0,0,0,0,0,0,0,0,0,250722176,0,0,0,455541898,0,0,0,0,0,0,0,77173106,107985999,286763665,153939447296,67469702,1,0,0,0,0,0,0,0,0,0,0,0,0,0,0,0,0,0,0,0,0,0,0,0,0,0,0,0,0,0,0,1125,0,0,0,0,0,0,0
1782975604.944,0,0,0,0,0,0,0,695907595,1765381065216,769625594880,0,0,0,0,0,0,0,0,0,0,0,0,0,0,0,0,0,0,0,0,0,0,0,0,0,0,0,0,0,0,0,0,0,0,0,0,0,0,0,0,0,0,0,0,0,0,0,0,0,0,0,0,0,0,0,0,0,0,7,1837885,107994416,35208019,0,0,0,0,0,0,0,0,0,0,0,0,0,0,0,0,0,0,0,0,0,0,0,0,0,0,0,0,0,0,0,0,0,0,0,0,0,12874088448,4576133120,785772,279305,35146172,564,0,96,786432,107040811,811153,6,3363591176,12884901888,24050,672362816,0,0,0,0,0,0,0,0,0,0,0,0,0,0,0,0,0,0,15978892,115875200,0,468,1202,7661,620,31958049,35,0,0,0,0,0,0,0,1,0,0,0,0,0,0,0,0,0,0,21273714,0,35145946,638223,0,0,0,0,0,0,0,0,16384,0,0,0,0,0,0,0,0,0,0,0,3187,422,0,0,0,0,0,48574011,0,147,0,2,422,3187,0,0,0,0,0,0,0,0,0,0,0,0,0,0,0,0,0,0,0,0,0,0,0,0,0,0,0,0,0,0,0,0,0,0,0,0,0,0,0,0,0,0,0,0,0,0,0,0,0,0,0,0,0,0,250801118,0,0,0,455623747,0,0,0,0,0,0,0,77206010,108042626,286859060,153980670976,67497903,1,0,0,0,0,0,0,0,0,0,0,0,0,0,0,0,0,0,0,0,0,0,0,0,0,0,0,0,0,0,0,1129,0,0,0,0,0,0,0
1782975606.012,0,0,0,0,0,0,0,696075446,1766308710912,769934649344,0,0,0,0,0,0,0,0,0,0,0,0,0,0,0,0,0,0,0,0,0,0,0,0,0,0,0,0,0,0,0,0,0,0,0,0,0,0,0,0,0,0,0,0,0,0,0,0,0,0,0,0,0,0,0,0,0,0,7,1837917,108051159,35223956,0,0,0,0,0,0,0,0,0,0,0,0,0,0,0,0,0,0,0,0,0,0,0,0,0,0,0,0,0,0,0,0,0,0,0,0,0,12880953344,4586160128,786191,279917,35162109,144,0,97,786432,107097485,811153,6,3364420926,12884901888,24050,672474837,0,0,0,0,0,0,0,0,0,0,0,0,0,0,0,0,0,0,15983748,115880054,0,468,1202,7661,620,31967760,35,0,0,0,0,0,0,0,1,0,0,0,0,0,0,0,0,0,0,21279291,0,35161883,638535,0,0,0,0,0,0,0,0,16384,0,0,0,0,0,0,0,0,0,0,0,3188,422,0,0,0,0,0,48588779,0,147,0,2,422,3188,0,0,0,0,0,0,0,0,0,0,0,0,0,0,0,0,0,0,0,0,0,0,0,0,0,0,0,0,0,0,0,0,0,0,0,0,0,0,0,0,0,0,0,0,0,0,0,0,0,0,0,0,0,0,250880884,0,0,0,455706199,0,0,0,0,0,0,0,77239498,108099239,286954988,154022384128,67526532,1,1,0,0,0,0,0,0,0,0,0,0,0,0,0,0,0,0,0,0,0,0,0,0,0,0,0,0,0,0,0,1181,0,0,0,0,0,0,0
1782975607.081,0,0,0,0,0,0,0,696241430,1767232440832,770244670976,0,0,0,0,0,0,0,0,0,0,0,0,0,0,0,0,0,0,0,0,0,0,0,0,0,0,0,0,0,0,0,0,0,0,0,0,0,0,0,0,0,0,0,0,0,0,0,0,0,0,0,0,0,0,0,0,0,0,7,1837948,108107675,35239999,0,0,0,0,0,0,0,0,0,0,0,0,0,0,0,0,0,0,0,0,0,0,0,0,0,0,0,0,0,0,0,0,0,0,0,0,0,12875907072,4592254976,785883,280289,35178147,451,0,96,786432,107153949,811153,6,3365243139,12884901888,24050,672585366,0,0,0,0,0,0,0,0,0,0,0,0,0,0,0,0,0,0,15988554,115884861,0,468,1202,7661,620,31977373,35,0,0,0,0,0,0,0,1,0,0,0,0,0,0,0,0,0,0,21284823,0,35177921,638849,0,0,0,0,0,0,0,0,16384,0,0,0,0,0,0,0,0,0,0,0,3189,422,0,0,0,0,0,48603393,0,147,0,2,422,3189,0,0,0,0,0,0,0,0,0,0,0,0,0,0,0,0,0,0,0,0,0,0,0,0,0,0,0,0,0,0,0,0,0,0,0,0,0,0,0,0,0,0,0,0,0,0,0,0,0,0,0,0,0,0,250959302,0,0,0,455787816,0,0,0,0,0,0,0,77272747,108155597,287049696,154063208448,67554972,1,0,0,0,0,0,0,0,0,0,0,0,0,0,0,0,0,0,0,0,0,0,0,0,0,0,0,0,0,0,0,1201,0,0,0,0,0,0,0
1782975608.150,0,0,0,0,0,0,0,696408969,1768160233984,770557013504,0,0,0,0,0,0,0,0,0,0,0,0,0,0,0,0,0,0,0,0,0,0,0,0,0,0,0,0,0,0,0,0,0,0,0,0,0,0,0,0,0,0,0,0,0,0,0,0,0,0,0,0,0,0,0,0,0,0,7,1837969,108164460,35256129,0,0,0,0,0,0,0,0,0,0,0,0,0,0,0,0,0,0,0,0,0,0,0,0,0,0,0,0,0,0,0,0,0,0,0,0,0,12878315520,4598710272,786034,280683,35194282,305,0,97,786432,107210678,811153,6,3366071880,12884901888,24050,672697186,0,0,0,0,0,0,0,0,0,0,0,0,0,0,0,0,0,0,15993396,115889703,0,468,1202,7661,620,31987058,35,0,0,0,0,0,0,0,1,0,0,0,0,0,0,0,0,0,0,21290397,0,35194056,639159,0,0,0,0,0,0,0,0,16384,0,0,0,0,0,0,0,0,0,0,0,3190,422,0,0,0,0,0,48618106,0,147,0,2,422,3190,0,0,0,0,0,0,0,0,0,0,0,0,0,0,0,0,0,0,0,0,0,0,0,0,0,0,0,0,0,0,0,0,0,0,0,0,0,0,0,0,0,0,0,0,0,0,0,0,0,0,0,0,0,0,251039872,0,0,0,455870124,0,0,0,0,0,0,0,77305970,108212234,287146603,154105097728,67583535,1,0,0,0,0,0,0,0,0,0,0,0,0,0,0,0,0,0,0,0,0,0,0,0,0,0,0,0,0,0,0,1218,0,0,0,0,0,0,0
1782975609.218,0,0,0,0,0,0,0,696575453,1769084373504,770868222976,0,0,0,0,0,0,0,0,0,0,0,0,0,0,0,0,0,0,0,0,0,0,0,0,0,0,0,0,0,0,0,0,0,0,0,0,0,0,0,0,0,0,0,0,0,0,0,0,0,0,0,0,0,0,0,0,0,0,7,1837995,108221000,35272196,0,0,0,0,0,0,0,0,0,0,0,0,0,0,0,0,0,0,0,0,0,0,0,0,0,0,0,0,0,0,0,0,0,0,0,0,0,12880265216,4603985920,786149,281005,35210349,186,0,97,786432,107267174,811153,6,3366895652,12884901888,24050,672808184,0,0,0,0,0,0,0,0,0,0,0,0,0,0,0,0,0,0,15998216,115894522,0,468,1202,7661,620,31996690,35,0,0,0,0,0,0,0,1,0,0,0,0,0,0,0,0,0,0,21295933,0,35210123,639481,0,0,0,0,0,0,0,0,16384,0,0,0,0,0,0,0,0,0,0,0,3191,422,0,0,0,0,0,48632749,0,147,0,2,422,3191,0,0,0,0,0,0,0,0,0,0,0,0,0,0,0,0,0,0,0,0,0,0,0,0,0,0,0,0,0,0,0,0,0,0,0,0,0,0,0,0,0,0,0,0,0,0,0,0,0,0,0,0,0,0,251119797,0,0,0,455952277,0,0,0,0,0,0,0,77338899,108268646,287242831,154146786304,67611735,1,1,0,0,0,0,0,0,0,0,0,0,0,0,0,0,0,0,0,0,0,0,0,0,0,0,0,0,0,0,0,962,0,0,0,0,0,0,0
1782975610.282,0,0,0,0,0,0,0,696741232,1770007759360,771179421184,0,0,0,0,0,0,0,0,0,0,0,0,0,0,0,0,0,0,0,0,0,0,0,0,0,0,0,0,0,0,0,0,0,0,0,0,0,0,0,0,0,0,0,0,0,0,0,0,0,0,0,0,0,0,0,0,0,0,7,1838019,108277485,35288301,0,0,0,0,0,0,0,0,0,0,0,0,0,0,0,0,0,0,0,0,0,0,0,0,0,0,0,0,0,0,0,0,0,0,0,0,0,12876709888,4608851968,785932,281302,35226454,404,0,96,786432,107323596,811153,6,3367716207,12884901888,24050,672918176,0,0,0,0,0,0,0,0,0,0,0,0,0,0,0,0,0,0,16003016,115899323,0,468,1202,7661,620,32006295,35,0,0,0,0,0,0,0,1,0,0,0,0,0,0,0,0,0,0,21301454,0,35226228,639796,0,0,0,0,0,0,0,0,16384,0,0,0,0,0,0,0,0,0,0,0,3192,422,0,0,0,0,0,48647360,0,147,0,2,422,3192,0,0,0,0,0,0,0,0,0,0,0,0,0,0,0,0,0,0,0,0,0,0,0,0,0,0,0,0,0,0,0,0,0,0,0,0,0,0,0,0,0,0,0,0,0,0,0,0,0,0,0,0,0,0,251198633,0,0,0,456033537,0,0,0,0,0,0,0,77372226,108324976,287338016,154187764224,67640366,0,1,0,0,0,0,0,0,0,0,0,0,0,0,0,0,0,0,0,0,0,0,0,0,0,0,0,0,0,0,0,1231,0,0,0,0,0,0,0
1782975611.350,0,0,0,0,0,0,0,696907580,1770931751424,771501368320,0,0,0,0,0,0,0,0,0,0,0,0,0,0,0,0,0,0,0,0,0,0,0,0,0,0,0,0,0,0,0,0,0,0,0,0,0,0,0,0,0,0,0,0,0,0,0,0,0,0,0,0,0,0,0,0,0,0,7,1838048,108333985,35304975,0,0,0,0,0,0,0,0,0,0,0,0,0,0,0,0,0,0,0,0,0,0,0,0,0,0,0,0,0,0,0,0,0,0,0,0,0,12876087296,4605050880,785894,281070,35242600,442,0,96,786432,107380021,811153,6,3368539726,12884901888,24050,673029093,0,0,0,0,0,0,0,0,0,0,0,0,0,0,0,0,0,0,16007832,115904140,0,468,1202,7661,620,32015929,35,0,0,0,0,0,0,0,1,0,0,0,0,0,0,0,0,0,0,21306984,0,35242886,640115,0,0,0,0,0,0,0,0,16384,0,0,0,0,0,0,0,0,0,0,0,3193,422,0,0,0,0,0,48662004,0,147,0,2,422,3193,0,0,0,0,0,0,0,0,0,0,0,0,0,0,0,0,0,0,0,0,0,0,0,0,0,0,0,0,0,0,0,0,0,0,0,0,0,0,0,0,0,0,0,0,0,0,0,0,0,0,0,0,0,0,251278054,0,0,0,456115355,0,0,0,0,0,0,0,77405489,108381324,287434353,154229313024,67668786,1,0,0,0,0,0,0,0,0,0,0,0,0,0,0,0,0,0,0,0,0,0,0,0,0,0,0,0,0,0,0,1233,0,0,0,0,0,0,0
1782975612.417,0,0,0,0,0,0,0,697068399,1771828251136,771856094720,0,0,0,0,0,0,0,0,0,0,0,0,0,0,0,0,0,0,0,0,0,0,0,0,0,0,0,0,0,0,0,0,0,0,0,0,0,0,0,0,0,0,0,0,0,0,0,0,0,0,0,0,0,0,0,0,0,0,7,1838066,108388839,35323915,0,0,0,0,0,0,0,0,0,0,0,0,0,0,0,0,0,0,0,0,0,0,0,0,0,0,0,0,0,0,0,0,0,0,0,0,0,12875481088,4553129984,785857,277901,35262068,478,0,97,786432,107434814,811153,6,3369335839,12884901888,24050,673136051,0,0,0,0,0,0,0,0,0,0,0,0,0,0,0,0,0,0,16012486,115908794,0,468,1202,7661,620,32025237,35,0,0,0,0,0,0,0,1,0,0,0,0,0,0,0,0,0,0,21312336,0,35261842,640446,0,0,0,0,0,0,0,0,16384,0,0,0,0,0,0,0,0,0,0,0,3194,422,0,0,0,0,0,48676158,0,147,0,2,422,3194,0,0,0,0,0,0,0,0,0,0,0,0,0,0,0,0,0,0,0,0,0,0,0,0,0,0,0,0,0,0,0,0,0,0,0,0,0,0,0,0,0,0,0,0,0,0,0,0,0,0,0,0,0,0,251354650,0,0,0,456194560,0,0,0,0,0,0,0,77437269,108436026,287530094,154269016576,67695607,1,0,0,0,0,0,0,0,0,0,0,0,0,0,0,0,0,0,0,0,0,0,0,0,0,0,0,0,0,0,0,1079,0,0,0,0,0,0,0
1782975613.482,0,0,0,0,0,0,0,697232030,1772734417408,772162062336,0,0,0,0,0,0,0,0,0,0,0,0,0,0,0,0,0,0,0,0,0,0,0,0,0,0,0,0,0,0,0,0,0,0,0,0,0,0,0,0,0,0,0,0,0,0,0,0,0,0,0,0,0,0,0,0,0,0,7,1838090,108444291,35339746,0,0,0,0,0,0,0,0,0,0,0,0,0,0,0,0,0,0,0,0,0,0,0,0,0,0,0,0,0,0,0,0,0,0,0,0,0,12874776576,4556718080,785814,278120,35277899,522,0,96,786432,107490204,811153,6,3370145672,12884901888,24050,673245727,0,0,0,0,0,0,0,0,0,0,0,0,0,0,0,0,0,0,16017223,115913530,0,468,1202,7661,620,32034715,35,0,0,0,0,0,0,0,1,0,0,0,0,0,0,0,0,0,0,21317779,0,35277673,640767,0,0,0,0,0,0,0,0,16384,0,0,0,0,0,0,0,0,0,0,0,3196,422,0,0,0,0,0,48690576,0,147,0,2,422,3196,0,0,0,0,0,0,0,0,0,0,0,0,0,0,0,0,0,0,0,0,0,0,0,0,0,0,0,0,0,0,0,0,0,0,0,0,0,0,0,0,0,0,0,0,0,0,0,0,0,0,0,0,0,0,251432803,0,0,0,456275108,0,0,0,0,0,0,0,77468805,108491341,287624315,154309814784,67722585,1,1,0,0,0,0,0,0,0,0,0,0,0,0,0,0,0,0,0,0,0,0,0,0,0,0,0,0,0,0,0,991,0,0,0,0,0,0,0
1782975614.549,0,0,0,0,0,0,0,697396128,1773643991552,772465464832,0,0,0,0,0,0,0,0,0,0,0,0,0,0,0,0,0,0,0,0,0,0,0,0,0,0,0,0,0,0,0,0,0,0,0,0,0,0,0,0,0,0,0,0,0,0,0,0,0,0,0,0,0,0,0,0,0,0,7,1838120,108499923,35355409,0,0,0,0,0,0,0,0,0,0,0,0,0,0,0,0,0,0,0,0,0,0,0,0,0,0,0,0,0,0,0,0,0,0,0,0,0,12875120640,4562944000,785835,278500,35293549,499,0,96,786432,107545766,811153,6,3370957765,12884901888,24050,673355377,0,0,0,0,0,0,0,0,0,0,0,0,0,0,0,0,0,0,16021969,115918276,0,468,1202,7661,620,32044198,35,0,0,0,0,0,0,0,1,0,0,0,0,0,0,0,0,0,0,21323235,0,35293371,641077,0,0,0,0,0,0,0,0,16384,0,0,0,0,0,0,0,0,0,0,0,3197,422,0,0,0,0,0,48704989,0,147,0,2,422,3197,0,0,0,0,0,0,0,0,0,0,0,0,0,0,0,0,0,0,0,0,0,0,0,0,0,0,0,0,0,0,0,0,0,0,0,0,0,0,0,0,0,0,0,0,0,0,0,0,0,0,0,0,0,0,251510396,0,0,0,456355767,0,0,0,0,0,0,0,77499904,108546861,287717818,154350341632,67749278,1,0,0,0,0,0,0,0,0,0,0,0,0,0,0,0,0,0,0,0,0,0,0,0,0,0,0,0,0,0,0,927,0,0,0,0,0,0,0
1782975615.617,0,0,0,0,0,0,0,697560944,1774559431168,772772217344,0,0,0,0,0,0,0,0,0,0,0,0,0,0,0,0,0,0,0,0,0,0,0,0,0,0,0,0,0,0,0,0,0,0,0,0,0,0,0,0,0,0,0,0,0,0,0,0,0,0,0,0,0,0,0,0,0,0,7,1838150,108555935,35371384,0,0,0,0,0,0,0,0,0,0,0,0,0,0,0,0,0,0,0,0,0,0,0,0,0,0,0,0,0,0,0,0,0,0,0,0,0,12875710464,4567236608,785870,278762,35309537,465,0,98,786432,107601718,811153,6,3371773710,12884901888,24050,673465667,0,0,0,0,0,0,0,0,0,0,0,0,0,0,0,0,0,0,16026741,115923049,0,468,1202,7661,620,32053744,35,0,0,0,0,0,0,0,1,0,0,0,0,0,0,0,0,0,0,21328728,0,35309311,641397,0,0,0,0,0,0,0,0,16384,0,0,0,0,0,0,0,0,0,0,0,3198,422,0,0,0,0,0,48719481,0,147,0,2,422,3198,0,0,0,0,0,0,0,0,0,0,0,0,0,0,0,0,0,0,0,0,0,0,0,0,0,0,0,0,0,0,0,0,0,0,0,0,0,0,0,0,0,0,0,0,0,0,0,0,0,0,0,0,0,0,251586088,0,0,0,456436841,0,0,0,0,0,0,0,77529738,108602723,287809694,154389805568,67774301,1,0,0,0,0,0,0,0,0,0,0,0,0,0,0,0,0,0,0,0,0,0,0,0,0,0,0,0,0,0,0,887,0,0,0,0,0,0,0
1782975616.684,0,0,0,0,0,0,0,697726787,1775481522688,773080512000,0,0,0,0,0,0,0,0,0,0,0,0,0,0,0,0,0,0,0,0,0,0,0,0,0,0,0,0,0,0,0,0,0,0,0,0,0,0,0,0,0,0,0,0,0,0,0,0,0,0,0,0,0,0,0,0,0,0,7,1838178,108612337,35387358,0,0,0,0,0,0,0,0,0,0,0,0,0,0,0,0,0,0,0,0,0,0,0,0,0,0,0,0,0,0,0,0,0,0,0,0,0,12875530240,4570808320,785860,278980,35325511,476,0,96,786432,107658049,811153,6,3372595084,12884901888,24050,673576456,0,0,0,0,0,0,0,0,0,0,0,0,0,0,0,0,0,0,16031530,115927838,0,468,1202,7661,620,32063322,35,0,0,0,0,0,0,0,1,0,0,0,0,0,0,0,0,0,0,21334232,0,35325285,641699,0,0,0,0,0,0,0,0,16384,0,0,0,0,0,0,0,0,0,0,0,3199,422,0,0,0,0,0,48734057,0,147,0,2,422,3199,0,0,0,0,0,0,0,0,0,0,0,0,0,0,0,0,0,0,0,0,0,0,0,0,0,0,0,0,0,0,0,0,0,0,0,0,0,0,0,0,0,0,0,0,0,0,0,0,0,0,0,0,0,0,251663722,0,0,0,456518329,0,0,0,0,0,0,0,77561568,108658992,287903524,154430261760,67801605,0,0,0,0,0,0,0,0,0,0,0,0,0,0,0,0,0,0,0,0,0,0,0,0,0,0,0,0,0,0,0,887,0,0,0,0,0,0,0
1782975617.753,0,0,0,0,0,0,0,697893966,1776405891584,773389384704,0,0,0,0,0,0,0,0,0,0,0,0,0,0,0,0,0,0,0,0,0,0,0,0,0,0,0,0,0,0,0,0,0,0,0,0,0,0,0,0,0,0,0,0,0,0,0,0,0,0,0,0,0,0,0,0,0,0,7,1838213,108668894,35403307,0,0,0,0,0,0,0,0,0,0,0,0,0,0,0,0,0,0,0,0,0,0,0,0,0,0,0,0,0,0,0,0,0,0,0,0,0,12876791808,4580163584,785937,279551,35341460,399,0,96,786432,107714540,811153,6,3373421390,12884901888,24050,673687199,0,0,0,0,0,0,0,0,0,0,0,0,0,0,0,0,0,0,16036372,115932680,0,468,1202,7661,620,32073008,35,0,0,0,0,0,0,0,1,0,0,0,0,0,0,0,0,0,0,21339798,0,35341234,642018,0,0,0,0,0,0,0,0,16384,0,0,0,0,0,0,0,0,0,0,0,3200,422,0,0,0,0,0,48748767,0,147,0,2,422,3200,0,0,0,0,0,0,0,0,0,0,0,0,0,0,0,0,0,0,0,0,0,0,0,0,0,0,0,0,0,0,0,0,0,0,0,0,0,0,0,0,0,0,0,0,0,0,0,0,0,0,0,0,0,0,251743078,0,0,0,456600472,0,0,0,0,0,0,0,77595266,108715384,287999042,154471532032,67830540,1,1,0,0,0,0,0,0,0,0,0,0,0,0,0,0,0,0,0,0,0,0,0,0,0,0,0,0,0,0,0,925,0,0,0,0,0,0,0
1782975618.820,0,0,0,0,0,0,0,698059103,1777322805760,773699290624,0,0,0,0,0,0,0,0,0,0,0,0,0,0,0,0,0,0,0,0,0,0,0,0,0,0,0,0,0,0,0,0,0,0,0,0,0,0,0,0,0,0,0,0,0,0,0,0,0,0,0,0,0,0,0,0,0,0,7,1838252,108725001,35419410,0,0,0,0,0,0,0,0,0,0,0,0,0,0,0,0,0,0,0,0,0,0,0,0,0,0,0,0,0,0,0,0,0,0,0,0,0,12873351168,4583571456,785727,279759,35357539,608,0,96,786432,107770589,811153,6,3374238791,12884901888,24050,673797554,0,0,0,0,0,0,0,0,0,0,0,0,0,0,0,0,0,0,16041151,115937458,0,468,1202,7661,620,32082564,35,0,0,0,0,0,0,0,1,0,0,0,0,0,0,0,0,0,0,21345295,0,35357341,642336,0,0,0,0,0,0,0,0,16384,0,0,0,0,0,0,0,0,0,0,0,3201,422,0,0,0,0,0,48763288,0,147,0,2,422,3201,0,0,0,0,0,0,0,0,0,0,0,0,0,0,0,0,0,0,0,0,0,0,0,0,0,0,0,0,0,0,0,0,0,0,0,0,0,0,0,0,0,0,0,0,0,0,0,0,0,0,0,0,0,0,251819879,0,0,0,456681706,0,0,0,0,0,0,0,77627937,108771357,288092199,154511578624,67858474,0,0,0,0,0,0,0,0,0,0,0,0,0,0,0,0,0,0,0,0,0,0,0,0,0,0,0,0,0,0,0,897,0,0,0,0,0,0,0
1782975619.889,0,0,0,0,0,0,0,698224694,1778245044736,774009119232,0,0,0,0,0,0,0,0,0,0,0,0,0,0,0,0,0,0,0,0,0,0,0,0,0,0,0,0,0,0,0,0,0,0,0,0,0,0,0,0,0,0,0,0,0,0,0,0,0,0,0,0,0,0,0,0,0,0,7,1838284,108781412,35435471,0,0,0,0,0,0,0,0,0,0,0,0,0,0,0,0,0,0,0,0,0,0,0,0,0,0,0,0,0,0,0,0,0,0,0,0,0,12875431936,4585897984,785854,279901,35373624,482,0,96,786432,107826942,811153,6,3375058128,12884901888,24050,673907863,0,0,0,0,0,0,0,0,0,0,0,0,0,0,0,0,0,0,16045946,115942253,0,468,1202,7661,620,32092153,35,0,0,0,0,0,0,0,1,0,0,0,0,0,0,0,0,0,0,21350812,0,35373398,642657,0,0,0,0,0,0,0,0,16384,0,0,0,0,0,0,0,0,0,0,0,3202,422,0,0,0,0,0,48777854,0,147,0,2,422,3202,0,0,0,0,0,0,0,0,0,0,0,0,0,0,0,0,0,0,0,0,0,0,0,0,0,0,0,0,0,0,0,0,0,0,0,0,0,0,0,0,0,0,0,0,0,0,0,0,0,0,0,0,0,0,251898129,0,0,0,456763162,0,0,0,0,0,0,0,77661422,108827637,288186764,154552358912,67887290,1,1,0,0,0,0,0,0,0,0,0,0,0,0,0,0,0,0,0,0,0,0,0,0,0,0,0,0,0,0,0,867,0,0,0,0,0,0,0
1782975620.957,0,0,0,0,0,0,0,698391430,1779169397248,774317093376,0,0,0,0,0,0,0,0,0,0,0,0,0,0,0,0,0,0,0,0,0,0,0,0,0,0,0,0,0,0,0,0,0,0,0,0,0,0,0,0,0,0,0,0,0,0,0,0,0,0,0,0,0,0,0,0,0,0,7,1838306,108837973,35451339,0,0,0,0,0,0,0,0,0,0,0,0,0,0,0,0,0,0,0,0,0,0,0,0,0,0,0,0,0,0,0,0,0,0,0,0,0,12880986112,4595646464,786193,280496,35389492,143,0,96,786432,107883430,811153,6,3375883205,12884901888,24050,674018642,0,0,0,0,0,0,0,0,0,0,0,0,0,0,0,0,0,0,16050773,115947080,0,468,1202,7661,620,32101807,35,0,0,0,0,0,0,0,1,0,0,0,0,0,0,0,0,0,0,21356363,0,35389266,642969,0,0,0,0,0,0,0,0,16384,0,0,0,0,0,0,0,0,0,0,0,3203,422,0,0,0,0,0,48792532,0,147,0,2,422,3203,0,0,0,0,0,0,0,0,0,0,0,0,0,0,0,0,0,0,0,0,0,0,0,0,0,0,0,0,0,0,0,0,0,0,0,0,0,0,0,0,0,0,0,0,0,0,0,0,0,0,0,0,0,0,251978304,0,0,0,456845144,0,0,0,0,0,0,0,77694880,108884050,288283041,154594153472,67915917,1,1,0,0,0,0,0,0,0,0,0,0,0,0,0,0,0,0,0,0,0,0,0,0,0,0,0,0,0,0,0,882,0,0,0,0,0,0,0
1782975622.025,0,0,0,0,0,0,0,698558457,1780097141248,774630730240,0,0,0,0,0,0,0,0,0,0,0,0,0,0,0,0,0,0,0,0,0,0,0,0,0,0,0,0,0,0,0,0,0,0,0,0,0,0,0,0,0,0,0,0,0,0,0,0,0,0,0,0,0,0,0,0,0,0,7,1838333,108894714,35467635,0,0,0,0,0,0,0,0,0,0,0,0,0,0,0,0,0,0,0,0,0,0,0,0,0,0,0,0,0,0,0,0,0,0,0,0,0,12874711040,4594565120,785810,280430,35405788,526,0,97,786432,107940114,811153,6,3376709616,12884901888,24050,674129745,0,0,0,0,0,0,0,0,0,0,0,0,0,0,0,0,0,0,16055610,115951918,0,468,1202,7661,620,32111482,35,0,0,0,0,0,0,0,1,0,0,0,0,0,0,0,0,0,0,21361918,0,35405562,643289,0,0,0,0,0,0,0,0,16384,0,0,0,0,0,0,0,0,0,0,0,3204,422,0,0,0,0,0,48807256,0,147,0,2,422,3204,0,0,0,0,0,0,0,0,0,0,0,0,0,0,0,0,0,0,0,0,0,0,0,0,0,0,0,0,0,0,0,0,0,0,0,0,0,0,0,0,0,0,0,0,0,0,0,0,0,0,0,0,0,0,252056526,0,0,0,456927220,0,0,0,0,0,0,0,77727838,108940635,288377805,154634791936,67944064,1,0,0,0,0,0,0,0,0,0,0,0,0,0,0,0,0,0,0,0,0,0,0,0,0,0,0,0,0,0,0,936,0,0,0,0,0,0,0
1782975623.093,0,0,0,0,0,0,0,698726628,1781036091904,774946398208,0,0,0,0,0,0,0,0,0,0,0,0,0,0,0,0,0,0,0,0,0,0,0,0,0,0,0,0,0,0,0,0,0,0,0,0,0,0,0,0,0,0,0,0,0,0,0,0,0,0,0,0,0,0,0,0,0,0,7,1838358,108952144,35483998,0,0,0,0,0,0,0,0,0,0,0,0,0,0,0,0,0,0,0,0,0,0,0,0,0,0,0,0,0,0,0,0,0,0,0,0,0,12876414976,4598185984,785914,280651,35422151,422,0,96,786432,107997487,811153,6,3377541902,12884901888,24050,674241458,0,0,0,0,0,0,0,0,0,0,0,0,0,0,0,0,0,0,16060473,115956780,0,468,1202,7661,620,32121211,35,0,0,0,0,0,0,0,1,0,0,0,0,0,0,0,0,0,0,21367505,0,35421925,643613,0,0,0,0,0,0,0,0,16384,0,0,0,0,0,0,0,0,0,0,0,3205,422,0,0,0,0,0,48822015,0,147,0,2,422,3205,0,0,0,0,0,0,0,0,0,0,0,0,0,0,0,0,0,0,0,0,0,0,0,0,0,0,0,0,0,0,0,0,0,0,0,0,0,0,0,0,0,0,0,0,0,0,0,0,0,0,0,0,0,0,252135943,0,0,0,457009815,0,0,0,0,0,0,0,77761633,108997917,288473818,154676175872,67972975,1,1,0,0,0,0,0,0,0,0,0,0,0,0,0,0,0,0,0,0,0,0,0,0,0,0,0,0,0,0,0,988,0,0,0,0,0,0,0
1782975624.163,0,0,0,0,0,0,0,698894558,1781966031360,775257790464,0,0,0,0,0,0,0,0,0,0,0,0,0,0,0,0,0,0,0,0,0,0,0,0,0,0,0,0,0,0,0,0,0,0,0,0,0,0,0,0,0,0,0,0,0,0,0,0,0,0,0,0,0,0,0,0,0,0,7,1838393,109009044,35500085,0,0,0,0,0,0,0,0,0,0,0,0,0,0,0,0,0,0,0,0,0,0,0,0,0,0,0,0,0,0,0,0,0,0,0,0,0,12876234752,4603904000,785904,281000,35438238,431,0,96,786432,108054327,811153,6,3378372617,12884901888,24050,674353466,0,0,0,0,0,0,0,0,0,0,0,0,0,0,0,0,0,0,16065332,115961640,0,468,1202,7661,620,32130924,35,0,0,0,0,0,0,0,1,0,0,0,0,0,0,0,0,0,0,21373096,0,35438012,643926,0,0,0,0,0,0,0,0,16384,0,0,0,0,0,0,0,0,0,0,0,3206,422,0,0,0,0,0,48836791,0,147,0,2,422,3206,0,0,0,0,0,0,0,0,0,0,0,0,0,0,0,0,0,0,0,0,0,0,0,0,0,0,0,0,0,0,0,0,0,0,0,0,0,0,0,0,0,0,0,0,0,0,0,0,0,0,0,0,0,0,252216262,0,0,0,457092305,0,0,0,0,0,0,0,77795340,109054688,288570454,154717953024,68001962,1,0,0,0,0,0,0,0,0,0,0,0,0,0,0,0,0,0,0,0,0,0,0,0,0,0,0,0,0,0,0,1043,0,0,0,0,0,0,0
1782975625.232,0,0,0,0,0,0,0,699061479,1782891104768,775568499200,0,0,0,0,0,0,0,0,0,0,0,0,0,0,0,0,0,0,0,0,0,0,0,0,0,0,0,0,0,0,0,0,0,0,0,0,0,0,0,0,0,0,0,0,0,0,0,0,0,0,0,0,0,0,0,0,0,0,7,1838417,109065643,35516131,0,0,0,0,0,0,0,0,0,0,0,0,0,0,0,0,0,0,0,0,0,0,0,0,0,0,0,0,0,0,0,0,0,0,0,0,0,12876218368,4609687552,785904,281353,35454284,435,0,97,786432,108110858,811153,6,3379198415,12884901888,24050,674464908,0,0,0,0,0,0,0,0,0,0,0,0,0,0,0,0,0,0,16070157,115966465,0,468,1202,7661,620,32140575,35,0,0,0,0,0,0,0,1,0,0,0,0,0,0,0,0,0,0,21378645,0,35454058,644240,0,0,0,0,0,0,0,0,16384,0,0,0,0,0,0,0,0,0,0,0,3207,422,0,0,0,0,0,48851481,0,147,0,2,422,3207,0,0,0,0,0,0,0,0,0,0,0,0,0,0,0,0,0,0,0,0,0,0,0,0,0,0,0,0,0,0,0,0,0,0,0,0,0,0,0,0,0,0,0,0,0,0,0,0,0,0,0,0,0,0,252296563,0,0,0,457174254,0,0,0,0,0,0,0,77828307,109111162,288667032,154759800320,68030415,0,0,0,0,0,0,0,0,0,0,0,0,0,0,0,0,0,0,0,0,0,0,0,0,0,0,0,0,0,0,0,1065,0,0,0,0,0,0,0
1782975626.299,0,0,0,0,0,0,0,699228280,1783819078144,775882427392,0,0,0,0,0,0,0,0,0,0,0,0,0,0,0,0,0,0,0,0,0,0,0,0,0,0,0,0,0,0,0,0,0,0,0,0,0,0,0,0,0,0,0,0,0,0,0,0,0,0,0,0,0,0,0,0,0,0,7,1838453,109122413,35532392,0,0,0,0,0,0,0,0,0,0,0,0,0,0,0,0,0,0,0,0,0,0,0,0,0,0,0,0,0,0,0,0,0,0,0,0,0,12877676544,4609523712,785993,281343,35470545,349,0,97,786432,108167570,811153,6,3380024061,12884901888,24050,674576266,0,0,0,0,0,0,0,0,0,0,0,0,0,0,0,0,0,0,16074980,115971288,0,468,1202,7661,620,32150228,35,0,0,0,0,0,0,0,1,0,0,0,0,0,0,0,0,0,0,21384186,0,35470319,644562,0,0,0,0,0,0,0,0,16384,0,0,0,0,0,0,0,0,0,0,0,3208,422,0,0,0,0,0,48866138,0,147,0,2,422,3208,0,0,0,0,0,0,0,0,0,0,0,0,0,0,0,0,0,0,0,0,0,0,0,0,0,0,0,0,0,0,0,0,0,0,0,0,0,0,0,0,0,0,0,0,0,0,0,0,0,0,0,0,0,0,252376384,0,0,0,457256269,0,0,0,0,0,0,0,77861798,109167780,288763351,154801502208,68059128,0,0,0,0,0,0,0,0,0,0,0,0,0,0,0,0,0,0,0,0,0,0,0,0,0,0,0,0,0,0,0,1045,0,0,0,0,0,0,0
1782975627.369,0,0,0,0,0,0,0,699391726,1784730159616,776216176128,0,0,0,0,0,0,0,0,0,0,0,0,0,0,0,0,0,0,0,0,0,0,0,0,0,0,0,0,0,0,0,0,0,0,0,0,0,0,0,0,0,0,0,0,0,0,0,0,0,0,0,0,0,0,0,0,0,0,7,1838471,109178154,35549889,0,0,0,0,0,0,0,0,0,0,0,0,0,0,0,0,0,0,0,0,0,0,0,0,0,0,0,0,0,0,0,0,0,0,0,0,0,12875317248,4587028480,785847,279971,35486581,489,0,96,786432,108223250,811153,6,3380833593,12884901888,24050,674685083,0,0,0,0,0,0,0,0,0,0,0,0,0,0,0,0,0,0,16079718,115976026,0,468,1202,7661,620,32159698,35,0,0,0,0,0,0,0,1,0,0,0,0,0,0,0,0,0,0,21389635,0,35487763,644888,0,0,0,0,0,0,0,0,16384,0,0,0,0,0,0,0,0,0,0,0,3209,422,0,0,0,0,0,48880540,0,147,0,2,422,3209,0,0,0,0,0,0,0,0,0,0,0,0,0,0,0,0,0,0,0,0,0,0,0,0,0,0,0,0,0,0,0,0,0,0,0,0,0,0,0,0,0,0,0,0,0,0,0,0,0,0,0,0,0,0,252454401,0,0,0,457336774,0,0,0,0,0,0,0,77894471,109223372,288859134,154842007552,68087021,1,1,0,0,0,0,0,0,0,0,0,0,0,0,0,0,0,0,0,0,0,0,0,0,0,0,0,0,0,0,0,977,0,0,0,0,0,0,0
1782975628.437,0,0,0,0,0,0,0,699554359,1785638783488,776564342784,0,0,0,0,0,0,0,0,0,0,0,0,0,0,0,0,0,0,0,0,0,0,0,0,0,0,0,0,0,0,0,0,0,0,0,0,0,0,0,0,0,0,0,0,0,0,0,0,0,0,0,0,0,0,0,0,0,0,7,1838500,109233729,35568392,0,0,0,0,0,0,0,0,0,0,0,0,0,0,0,0,0,0,0,0,0,0,0,0,0,0,0,0,0,0,0,0,0,0,0,0,0,12878004224,4545970176,786013,277464,35506545,327,0,96,786432,108278768,811153,6,3381639266,12884901888,24050,674793491,0,0,0,0,0,0,0,0,0,0,0,0,0,0,0,0,0,0,16084426,115980733,0,468,1202,7661,620,32169110,35,0,0,0,0,0,0,0,1,0,0,0,0,0,0,0,0,0,0,21395049,0,35506319,645215,0,0,0,0,0,0,0,0,16384,0,0,0,0,0,0,0,0,0,0,0,3210,422,0,0,0,0,0,48894878,0,147,0,2,422,3210,0,0,0,0,0,0,0,0,0,0,0,0,0,0,0,0,0,0,0,0,0,0,0,0,0,0,0,0,0,0,0,0,0,0,0,0,0,0,0,0,0,0,0,0,0,0,0,0,0,0,0,0,0,0,252531676,0,0,0,457416836,0,0,0,0,0,0,0,77927161,109278827,288955109,154882288128,68114828,1,0,0,0,0,0,0,0,0,0,0,0,0,0,0,0,0,0,0,0,0,0,0,0,0,0,0,0,0,0,0,891,0,0,0,0,0,0,0
1782975629.502,0,0,0,0,0,0,0,699721502,1786565560832,776877224448,0,0,0,0,0,0,0,0,0,0,0,0,0,0,0,0,0,0,0,0,0,0,0,0,0,0,0,0,0,0,0,0,0,0,0,0,0,0,0,0,0,0,0,0,0,0,0,0,0,0,0,0,0,0,0,0,0,0,7,1838527,109290428,35584574,0,0,0,0,0,0,0,0,0,0,0,0,0,0,0,0,0,0,0,0,0,0,0,0,0,0,0,0,0,0,0,0,0,0,0,0,0,12875497472,4551606272,785858,277808,35522727,478,0,97,786432,108335405,811153,6,3382466409,12884901888,24050,674904540,0,0,0,0,0,0,0,0,0,0,0,0,0,0,0,0,0,0,16089263,115985570,0,468,1202,7661,620,32178790,35,0,0,0,0,0,0,0,1,0,0,0,0,0,0,0,0,0,0,21400608,0,35522501,645536,0,0,0,0,0,0,0,0,16384,0,0,0,0,0,0,0,0,0,0,0,3212,422,0,0,0,0,0,48909607,0,147,0,2,422,3212,0,0,0,0,0,0,0,0,0,0,0,0,0,0,0,0,0,0,0,0,0,0,0,0,0,0,0,0,0,0,0,0,0,0,0,0,0,0,0,0,0,0,0,0,0,0,0,0,0,0,0,0,0,0,252611523,0,0,0,457498950,0,0,0,0,0,0,0,77960884,109335386,289051392,154924042240,68143860,1,0,0,0,0,0,0,0,0,0,0,0,0,0,0,0,0,0,0,0,0,0,0,0,0,0,0,0,0,0,0,939,0,0,0,0,0,0,0
1782975630.566,0,0,0,0,0,0,0,699887771,1787490175488,777189438464,0,0,0,0,0,0,0,0,0,0,0,0,0,0,0,0,0,0,0,0,0,0,0,0,0,0,0,0,0,0,0,0,0,0,0,0,0,0,0,0,0,0,0,0,0,0,0,0,0,0,0,0,0,0,0,0,0,0,7,1838549,109346976,35600780,0,0,0,0,0,0,0,0,0,0,0,0,0,0,0,0,0,0,0,0,0,0,0,0,0,0,0,0,0,0,0,0,0,0,0,0,0,12873531392,4553605120,785738,277930,35538892,598,0,96,786432,108391888,811153,6,3383289411,12884901888,24050,675015447,0,0,0,0,0,0,0,0,0,0,0,0,0,0,0,0,0,0,16094073,115990379,0,468,1202,7661,620,32188409,35,0,0,0,0,0,0,0,1,0,0,0,0,0,0,0,0,0,0,21406134,0,35538711,645859,0,0,0,0,0,0,0,0,16384,0,0,0,0,0,0,0,0,0,0,0,3213,422,0,0,0,0,0,48924213,0,147,0,2,422,3213,0,0,0,0,0,0,0,0,0,0,0,0,0,0,0,0,0,0,0,0,0,0,0,0,0,0,0,0,0,0,0,0,0,0,0,0,0,0,0,0,0,0,0,0,0,0,0,0,0,0,0,0,0,0,252689957,0,0,0,457580677,0,0,0,0,0,0,0,77993198,109391801,289146283,154964851712,68171459,1,0,0,0,0,0,0,0,0,0,0,0,0,0,0,0,0,0,0,0,0,0,0,0,0,0,0,0,0,0,0,962,0,0,0,0,0,0,0
1782975631.635,0,0,0,0,0,0,0,700051758,1788398995968,777495291904,0,0,0,0,0,0,0,0,0,0,0,0,0,0,0,0,0,0,0,0,0,0,0,0,0,0,0,0,0,0,0,0,0,0,0,0,0,0,0,0,0,0,0,0,0,0,0,0,0,0,0,0,0,0,0,0,0,0,7,1838566,109402579,35616621,0,0,0,0,0,0,0,0,0,0,0,0,0,0,0,0,0,0,0,0,0,0,0,0,0,0,0,0,0,0,0,0,0,0,0,0,0,12877692928,4559060992,785992,278263,35554774,343,0,96,786432,108447425,811153,6,3384100426,12884901888,24050,675124044,0,0,0,0,0,0,0,0,0,0,0,0,0,0,0,0,0,0,16098824,115995132,0,468,1202,7661,620,32197912,35,0,0,0,0,0,0,0,1,0,0,0,0,0,0,0,0,0,0,21411597,0,35554548,646174,0,0,0,0,0,0,0,0,16384,0,0,0,0,0,0,0,0,0,0,0,3214,422,0,0,0,0,0,48938653,0,147,0,2,422,3214,0,0,0,0,0,0,0,0,0,0,0,0,0,0,0,0,0,0,0,0,0,0,0,0,0,0,0,0,0,0,0,0,0,0,0,0,0,0,0,0,0,0,0,0,0,0,0,0,0,0,0,0,0,0,252768087,0,0,0,457661423,0,0,0,0,0,0,0,78024469,109447257,289240471,155005381632,68197939,0,1,0,0,0,0,0,0,0,0,0,0,0,0,0,0,0,0,0,0,0,0,0,0,0,0,0,0,0,0,0,904,0,0,0,0,0,0,0
1782975632.702,0,0,0,0,0,0,0,700214544,1789307161088,777801081856,0,0,0,0,0,0,0,0,0,0,0,0,0,0,0,0,0,0,0,0,0,0,0,0,0,0,0,0,0,0,0,0,0,0,0,0,0,0,0,0,0,0,0,0,0,0,0,0,0,0,0,0,0,0,0,0,0,0,7,1838587,109458143,35632505,0,0,0,0,0,0,0,0,0,0,0,0,0,0,0,0,0,0,0,0,0,0,0,0,0,0,0,0,0,0,0,0,0,0,0,0,0,12876398592,4562698240,785914,278484,35570658,425,0,98,786432,108502924,811153,6,3384905810,12884901888,24050,675232349,0,0,0,0,0,0,0,0,0,0,0,0,0,0,0,0,0,0,16103542,115999850,0,468,1202,7661,620,32207346,35,0,0,0,0,0,0,0,1,0,0,0,0,0,0,0,0,0,0,21417022,0,35570432,646482,0,0,0,0,0,0,0,0,16384,0,0,0,0,0,0,0,0,0,0,0,3215,422,0,0,0,0,0,48952994,0,147,0,2,422,3215,0,0,0,0,0,0,0,0,0,0,0,0,0,0,0,0,0,0,0,0,0,0,0,0,0,0,0,0,0,0,0,0,0,0,0,0,0,0,0,0,0,0,0,0,0,0,0,0,0,0,0,0,0,0,252844951,0,0,0,457741609,0,0,0,0,0,0,0,78054940,109502696,289333434,155045229056,68223928,1,0,0,0,0,0,0,0,0,0,0,0,0,0,0,0,0,0,0,0,0,0,0,0,0,0,0,0,0,0,0,796,0,0,0,0,0,0,0
1782975633.770,0,0,0,0,0,0,0,700377201,1790214048256,778107383808,0,0,0,0,0,0,0,0,0,0,0,0,0,0,0,0,0,0,0,0,0,0,0,0,0,0,0,0,0,0,0,0,0,0,0,0,0,0,0,0,0,0,0,0,0,0,0,0,0,0,0,0,0,0,0,0,0,0,7,1838615,109513606,35648378,0,0,0,0,0,0,0,0,0,0,0,0,0,0,0,0,0,0,0,0,0,0,0,0,0,0,0,0,0,0,0,0,0,0,0,0,0,12881051648,4565794816,786197,278674,35586531,139,0,96,786432,108558325,811153,6,3385711535,12884901888,24050,675341440,0,0,0,0,0,0,0,0,0,0,0,0,0,0,0,0,0,0,16108241,116004549,0,468,1202,7661,620,32216745,35,0,0,0,0,0,0,0,1,0,0,0,0,0,0,0,0,0,0,21422425,0,35586305,646784,0,0,0,0,0,0,0,0,16384,0,0,0,0,0,0,0,0,0,0,0,3216,422,0,0,0,0,0,48967265,0,147,0,2,422,3216,0,0,0,0,0,0,0,0,0,0,0,0,0,0,0,0,0,0,0,0,0,0,0,0,0,0,0,0,0,0,0,0,0,0,0,0,0,0,0,0,0,0,0,0,0,0,0,0,0,0,0,0,0,0,252922185,0,0,0,457821618,0,0,0,0,0,0,0,78086143,109558021,289426764,155085537280,68250539,1,1,0,0,0,0,0,0,0,0,0,0,0,0,0,0,0,0,0,0,0,0,0,0,0,0,0,0,0,0,0,694,0,0,0,0,0,0,0
1782975634.836,0,0,0,0,0,0,0,700542188,1791125129728,778415312896,0,0,0,0,0,0,0,0,0,0,0,0,0,0,0,0,0,0,0,0,0,0,0,0,0,0,0,0,0,0,0,0,0,0,0,0,0,0,0,0,0,0,0,0,0,0,0,0,0,0,0,0,0,0,0,0,0,0,7,1838644,109569349,35664293,0,0,0,0,0,0,0,0,0,0,0,0,0,0,0,0,0,0,0,0,0,0,0,0,0,0,0,0,0,0,0,0,0,0,0,0,0,12880035840,4571430912,786135,279018,35602446,201,0,96,786432,108613999,811153,6,3386527370,12884901888,24050,675451094,0,0,0,0,0,0,0,0,0,0,0,0,0,0,0,0,0,0,16113018,116009326,0,468,1202,7661,620,32226298,35,0,0,0,0,0,0,0,1,0,0,0,0,0,0,0,0,0,0,21427918,0,35602220,647100,0,0,0,0,0,0,0,0,16384,0,0,0,0,0,0,0,0,0,0,0,3217,422,0,0,0,0,0,48981779,0,147,0,2,422,3217,0,0,0,0,0,0,0,0,0,0,0,0,0,0,0,0,0,0,0,0,0,0,0,0,0,0,0,0,0,0,0,0,0,0,0,0,0,0,0,0,0,0,0,0,0,0,0,0,0,0,0,0,0,0,253001019,0,0,0,457902764,0,0,0,0,0,0,0,78118963,109613620,289521737,155126619136,68278641,1,0,0,0,0,0,0,0,0,0,0,0,0,0,0,0,0,0,0,0,0,0,0,0,0,0,0,0,0,0,0,676,0,0,0,0,0,0,0
1782975635.905,0,0,0,0,0,0,0,700708406,1792051005952,778723445760,0,0,0,0,0,0,0,0,0,0,0,0,0,0,0,0,0,0,0,0,0,0,0,0,0,0,0,0,0,0,0,0,0,0,0,0,0,0,0,0,0,0,0,0,0,0,0,0,0,0,0,0,0,0,0,0,0,0,7,1838668,109625977,35680224,0,0,0,0,0,0,0,0,0,0,0,0,0,0,0,0,0,0,0,0,0,0,0,0,0,0,0,0,0,0,0,0,0,0,0,0,0,12875300864,4582735872,785848,279708,35618377,493,0,96,786432,108670559,811153,6,3387350167,12884901888,24050,675561816,0,0,0,0,0,0,0,0,0,0,0,0,0,0,0,0,0,0,16117829,116014137,0,468,1202,7661,620,32235926,35,0,0,0,0,0,0,0,1,0,0,0,0,0,0,0,0,0,0,21433451,0,35618151,647414,0,0,0,0,0,0,0,0,16384,0,0,0,0,0,0,0,0,0,0,0,3218,422,0,0,0,0,0,48996425,0,147,0,2,422,3218,0,0,0,0,0,0,0,0,0,0,0,0,0,0,0,0,0,0,0,0,0,0,0,0,0,0,0,0,0,0,0,0,0,0,0,0,0,0,0,0,0,0,0,0,0,0,0,0,0,0,0,0,0,0,253079893,0,0,0,457984466,0,0,0,0,0,0,0,78152153,109670108,289616770,155167632384,68307064,0,0,0,0,0,0,0,0,0,0,0,0,0,0,0,0,0,0,0,0,0,0,0,0,0,0,0,0,0,0,0,687,0,0,0,0,0,0,0
1782975636.973,0,0,0,0,0,0,0,700875247,1792981223936,779039048192,0,0,0,0,0,0,0,0,0,0,0,0,0,0,0,0,0,0,0,0,0,0,0,0,0,0,0,0,0,0,0,0,0,0,0,0,0,0,0,0,0,0,0,0,0,0,0,0,0,0,0,0,0,0,0,0,0,0,7,1838706,109682868,35696602,0,0,0,0,0,0,0,0,0,0,0,0,0,0,0,0,0,0,0,0,0,0,0,0,0,0,0,0,0,0,0,0,0,0,0,0,0,12874399744,4582588416,785790,279699,35634755,545,0,96,786432,108727395,811153,6,3388175845,12884901888,24050,675673248,0,0,0,0,0,0,0,0,0,0,0,0,0,0,0,0,0,0,16122651,116018958,0,468,1202,7661,620,32245562,35,0,0,0,0,0,0,0,1,0,0,0,0,0,0,0,0,0,0,21438995,0,35634529,647739,0,0,0,0,0,0,0,0,16384,0,0,0,0,0,0,0,0,0,0,0,3219,422,0,0,0,0,0,49011075,0,147,0,2,422,3219,0,0,0,0,0,0,0,0,0,0,0,0,0,0,0,0,0,0,0,0,0,0,0,0,0,0,0,0,0,0,0,0,0,0,0,0,0,0,0,0,0,0,0,0,0,0,0,0,0,0,0,0,0,0,253159122,0,0,0,458066453,0,0,0,0,0,0,0,78185954,109726851,289712611,155208918016,68336131,0,0,0,0,0,0,0,0,0,0,0,0,0,0,0,0,0,0,0,0,0,0,0,0,0,0,0,0,0,0,0,659,0,0,0,0,0,0,0
1782975638.043,0,0,0,0,0,0,0,701040984,1793901103616,779349645312,0,0,0,0,0,0,0,0,0,0,0,0,0,0,0,0,0,0,0,0,0,0,0,0,0,0,0,0,0,0,0,0,0,0,0,0,0,0,0,0,0,0,0,0,0,0,0,0,0,0,0,0,0,0,0,0,0,0,7,1838728,109739136,35712727,0,0,0,0,0,0,0,0,0,0,0,0,0,0,0,0,0,0,0,0,0,0,0,0,0,0,0,0,0,0,0,0,0,0,0,0,0,12875825152,4585930752,785878,279903,35650880,458,0,96,786432,108783593,811153,6,3388995829,12884901888,24050,675783261,0,0,0,0,0,0,0,0,0,0,0,0,0,0,0,0,0,0,16127451,116023758,0,468,1202,7661,620,32255164,35,0,0,0,0,0,0,0,1,0,0,0,0,0,0,0,0,0,0,21444502,0,35650654,648053,0,0,0,0,0,0,0,0,16384,0,0,0,0,0,0,0,0,0,0,0,3220,422,0,0,0,0,0,49025656,0,147,0,2,422,3220,0,0,0,0,0,0,0,0,0,0,0,0,0,0,0,0,0,0,0,0,0,0,0,0,0,0,0,0,0,0,0,0,0,0,0,0,0,0,0,0,0,0,0,0,0,0,0,0,0,0,0,0,0,0,253236471,0,0,0,458147740,0,0,0,0,0,0,0,78219078,109782981,289806328,155249334272,68364503,0,0,0,0,0,0,0,0,0,0,0,0,0,0,0,0,0,0,0,0,0,0,0,0,0,0,0,0,0,0,0,845,0,0,0,0,0,0,0
1782975639.109,0,0,0,0,0,0,0,701208441,1794828012032,779658630144,0,0,0,0,0,0,0,0,0,0,0,0,0,0,0,0,0,0,0,0,0,0,0,0,0,0,0,0,0,0,0,0,0,0,0,0,0,0,0,0,0,0,0,0,0,0,0,0,0,0,0,0,0,0,0,0,0,0,7,1838761,109795840,35728811,0,0,0,0,0,0,0,0,0,0,0,0,0,0,0,0,0,0,0,0,0,0,0,0,0,0,0,0,0,0,0,0,0,0,0,0,0,12875546624,4594679808,785861,280436,35666964,475,0,96,786432,108840229,811153,6,3389824257,12884901888,24050,675895129,0,0,0,0,0,0,0,0,0,0,0,0,0,0,0,0,0,0,16132289,116028597,0,468,1202,7661,620,32264842,35,0,0,0,0,0,0,0,1,0,0,0,0,0,0,0,0,0,0,21450061,0,35666738,648367,0,0,0,0,0,0,0,0,16384,0,0,0,0,0,0,0,0,0,0,0,3221,422,0,0,0,0,0,49040378,0,147,0,2,422,3221,0,0,0,0,0,0,0,0,0,0,0,0,0,0,0,0,0,0,0,0,0,0,0,0,0,0,0,0,0,0,0,0,0,0,0,0,0,0,0,0,0,0,0,0,0,0,0,0,0,0,0,0,0,0,253312599,0,0,0,458229939,0,0,0,0,0,0,0,78251120,109839528,289898770,155289063424,68391849,1,0,0,0,0,0,0,0,0,0,0,0,0,0,0,0,0,0,0,0,0,0,0,0,0,0,0,0,0,0,0,858,0,0,0,0,0,0,0
1782975640.173,0,0,0,0,0,0,0,701375045,1795755297280,779970569728,0,0,0,0,0,0,0,0,0,0,0,0,0,0,0,0,0,0,0,0,0,0,0,0,0,0,0,0,0,0,0,0,0,0,0,0,0,0,0,0,0,0,0,0,0,0,0,0,0,0,0,0,0,0,0,0,0,0,7,1838796,109852577,35744972,0,0,0,0,0,0,0,0,0,0,0,0,0,0,0,0,0,0,0,0,0,0,0,0,0,0,0,0,0,0,0,0,0,0,0,0,0,12877807616,4598513664,785998,280671,35683125,337,0,96,786432,108896905,811153,6,3390648962,12884901888,24050,676006629,0,0,0,0,0,0,0,0,0,0,0,0,0,0,0,0,0,0,16137106,116033412,0,468,1202,7661,620,32274472,35,0,0,0,0,0,0,0,1,0,0,0,0,0,0,0,0,0,0,21455597,0,35682899,648682,0,0,0,0,0,0,0,0,16384,0,0,0,0,0,0,0,0,0,0,0,3222,422,0,0,0,0,0,49055029,0,147,0,2,422,3222,0,0,0,0,0,0,0,0,0,0,0,0,0,0,0,0,0,0,0,0,0,0,0,0,0,0,0,0,0,0,0,0,0,0,0,0,0,0,0,0,0,0,0,0,0,0,0,0,0,0,0,0,0,0,253391633,0,0,0,458311773,0,0,0,0,0,0,0,78284125,109896135,289994188,155330379264,68420206,1,0,0,0,0,0,0,0,0,0,0,0,0,0,0,0,0,0,0,0,0,0,0,0,0,0,0,0,0,0,0,874,0,0,0,0,0,0,0
1782975641.241,0,0,0,0,0,0,0,701542087,1796686252544,780278903296,0,0,0,0,0,0,0,0,0,0,0,0,0,0,0,0,0,0,0,0,0,0,0,0,0,0,0,0,0,0,0,0,0,0,0,0,0,0,0,0,0,0,0,0,0,0,0,0,0,0,0,0,0,0,0,0,0,0,7,1838826,109909532,35761026,0,0,0,0,0,0,0,0,0,0,0,0,0,0,0,0,0,0,0,0,0,0,0,0,0,0,0,0,0,0,0,0,0,0,0,0,0,12881346560,4605100032,786215,281073,35699179,119,0,96,786432,108953794,811153,6,3391476582,12884901888,24050,676117989,0,0,0,0,0,0,0,0,0,0,0,0,0,0,0,0,0,0,16141942,116038249,0,468,1202,7661,620,32284148,35,0,0,0,0,0,0,0,1,0,0,0,0,0,0,0,0,0,0,21461153,0,35698953,648996,0,0,0,0,0,0,0,0,16384,0,0,0,0,0,0,0,0,0,0,0,3223,422,0,0,0,0,0,49069749,0,147,0,2,422,3223,0,0,0,0,0,0,0,0,0,0,0,0,0,0,0,0,0,0,0,0,0,0,0,0,0,0,0,0,0,0,0,0,0,0,0,0,0,0,0,0,0,0,0,0,0,0,0,0,0,0,0,0,0,0,253467041,0,0,0,458393880,0,0,0,0,0,0,0,78316088,109952946,290085885,155369696768,68447395,0,0,0,0,0,0,0,0,0,0,0,0,0,0,0,0,0,0,0,0,0,0,0,0,0,0,0,0,0,0,0,915,0,0,0,0,0,0,0
1782975642.309,0,0,0,0,0,0,0,701707952,1797613636096,780591166464,0,0,0,0,0,0,0,0,0,0,0,0,0,0,0,0,0,0,0,0,0,0,0,0,0,0,0,0,0,0,0,0,0,0,0,0,0,0,0,0,0,0,0,0,0,0,0,0,0,0,0,0,0,0,0,0,0,0,7,1838857,109966239,35777249,0,0,0,0,0,0,0,0,0,0,0,0,0,0,0,0,0,0,0,0,0,0,0,0,0,0,0,0,0,0,0,0,0,0,0,0,0,12875612160,4607557632,785865,281223,35715399,469,0,96,786432,109010451,811153,6,3392297388,12884901888,24050,676228400,0,0,0,0,0,0,0,0,0,0,0,0,0,0,0,0,0,0,16146740,116043048,0,468,1202,7661,620,32293744,35,0,0,0,0,0,0,0,1,0,0,0,0,0,0,0,0,0,0,21466670,0,35715173,649311,0,0,0,0,0,0,0,0,16384,0,0,0,0,0,0,0,0,0,0,0,3224,422,0,0,0,0,0,49084305,0,147,0,2,422,3224,0,0,0,0,0,0,0,0,0,0,0,0,0,0,0,0,0,0,0,0,0,0,0,0,0,0,0,0,0,0,0,0,0,0,0,0,0,0,0,0,0,0,0,0,0,0,0,0,0,0,0,0,0,0,253544714,0,0,0,458475392,0,0,0,0,0,0,0,78349070,110009521,290180036,155410196992,68475690,0,0,0,0,0,0,0,0,0,0,0,0,0,0,0,0,0,0,0,0,0,0,0,0,0,0,0,0,0,0,0,898,0,0,0,0,0,0,0
1782975643.375,0,0,0,0,0,0,0,701873829,1798529960448,780929234944,0,0,0,0,0,0,0,0,0,0,0,0,0,0,0,0,0,0,0,0,0,0,0,0,0,0,0,0,0,0,0,0,0,0,0,0,0,0,0,0,0,0,0,0,0,0,0,0,0,0,0,0,0,0,0,0,0,0,7,1838887,110022279,35795027,0,0,0,0,0,0,0,0,0,0,0,0,0,0,0,0,0,0,0,0,0,0,0,0,0,0,0,0,0,0,0,0,0,0,0,0,0,12877545472,4583489536,785983,279754,35731388,351,0,96,786432,109066440,811153,6,3393118135,12884901888,24050,676338919,0,0,0,0,0,0,0,0,0,0,0,0,0,0,0,0,0,0,16151540,116047848,0,468,1202,7661,620,32303345,35,0,0,0,0,0,0,0,1,0,0,0,0,0,0,0,0,0,0,21472192,0,35732954,649645,0,0,0,0,0,0,0,0,16384,0,0,0,0,0,0,0,0,0,0,0,3225,422,0,0,0,0,0,49098898,0,147,0,2,422,3225,0,0,0,0,0,0,0,0,0,0,0,0,0,0,0,0,0,0,0,0,0,0,0,0,0,0,0,0,0,0,0,0,0,0,0,0,0,0,0,0,0,0,0,0,0,0,0,0,0,0,0,0,0,0,253623779,0,0,0,458557024,0,0,0,0,0,0,0,78382350,110065423,290277098,155451316224,68504139,1,0,0,0,0,0,0,0,0,0,0,0,0,0,0,0,0,0,0,0,0,0,0,0,0,0,0,0,0,0,0,889,0,0,0,0,0,0,0
1782975644.442,0,0,0,0,0,0,0,702037950,1799446579712,781273312768,0,0,0,0,0,0,0,0,0,0,0,0,0,0,0,0,0,0,0,0,0,0,0,0,0,0,0,0,0,0,0,0,0,0,0,0,0,0,0,0,0,0,0,0,0,0,0,0,0,0,0,0,0,0,0,0,0,0,7,1838912,110078360,35813194,0,0,0,0,0,0,0,0,0,0,0,0,0,0,0,0,0,0,0,0,0,0,0,0,0,0,0,0,0,0,0,0,0,0,0,0,0,12877299712,4552933376,785968,277889,35751347,371,0,96,786432,109122458,811153,6,3393930888,12884901888,24050,676448717,0,0,0,0,0,0,0,0,0,0,0,0,0,0,0,0,0,0,16156288,116052596,0,468,1202,7661,620,32312843,35,0,0,0,0,0,0,0,1,0,0,0,0,0,0,0,0,0,0,21477650,0,35751121,649969,0,0,0,0,0,0,0,0,16384,0,0,0,0,0,0,0,0,0,0,0,3227,422,0,0,0,0,0,49113334,0,147,0,2,422,3227,0,0,0,0,0,0,0,0,0,0,0,0,0,0,0,0,0,0,0,0,0,0,0,0,0,0,0,0,0,0,0,0,0,0,0,0,0,0,0,0,0,0,0,0,0,0,0,0,0,0,0,0,0,0,253701455,0,0,0,458637681,0,0,0,0,0,0,0,78414946,110121371,290373160,155491719168,68531832,1,0,0,0,0,0,0,0,0,0,0,0,0,0,0,0,0,0,0,0,0,0,0,0,0,0,0,0,0,0,0,812,0,0,0,0,0,0,0
1782975645.511,0,0,0,0,0,0,0,702202918,1800367671808,781583276544,0,0,0,0,0,0,0,0,0,0,0,0,0,0,0,0,0,0,0,0,0,0,0,0,0,0,0,0,0,0,0,0,0,0,0,0,0,0,0,0,0,0,0,0,0,0,0,0,0,0,0,0,0,0,0,0,0,0,7,1838934,110134721,35829285,0,0,0,0,0,0,0,0,0,0,0,0,0,0,0,0,0,0,0,0,0,0,0,0,0,0,0,0,0,0,0,0,0,0,0,0,0,12877578240,4555046912,785985,278018,35767438,350,0,96,786432,109178741,811153,6,3394747855,12884901888,24050,676558516,0,0,0,0,0,0,0,0,0,0,0,0,0,0,0,0,0,0,16161065,116057372,0,468,1202,7661,620,32322388,35,0,0,0,0,0,0,0,1,0,0,0,0,0,0,0,0,0,0,21483135,0,35767212,650289,0,0,0,0,0,0,0,0,16384,0,0,0,0,0,0,0,0,0,0,0,3228,422,0,0,0,0,0,49127838,0,147,0,2,422,3228,0,0,0,0,0,0,0,0,0,0,0,0,0,0,0,0,0,0,0,0,0,0,0,0,0,0,0,0,0,0,0,0,0,0,0,0,0,0,0,0,0,0,0,0,0,0,0,0,0,0,0,0,0,0,253778696,0,0,0,458718822,0,0,0,0,0,0,0,78447860,110177572,290466728,155531911680,68559782,1,0,0,0,0,0,0,0,0,0,0,0,0,0,0,0,0,0,0,0,0,0,0,0,0,0,0,0,0,0,0,799,0,0,0,0,0,0,0
1782975646.574,0,0,0,0,0,0,0,702369295,1801291876864,781894735872,0,0,0,0,0,0,0,0,0,0,0,0,0,0,0,0,0,0,0,0,0,0,0,0,0,0,0,0,0,0,0,0,0,0,0,0,0,0,0,0,0,0,0,0,0,0,0,0,0,0,0,0,0,0,0,0,0,0,7,1838958,110191235,35845429,0,0,0,0,0,0,0,0,0,0,0,0,0,0,0,0,0,0,0,0,0,0,0,0,0,0,0,0,0,0,0,0,0,0,0,0,0,12873891840,4558176256,785760,278209,35783573,576,0,96,786432,109235180,811153,6,3395571058,12884901888,24050,676668931,0,0,0,0,0,0,0,0,0,0,0,0,0,0,0,0,0,0,16165887,116062195,0,468,1202,7661,620,32332034,35,0,0,0,0,0,0,0,1,0,0,0,0,0,0,0,0,0,0,21488674,0,35783347,650609,0,0,0,0,0,0,0,0,16384,0,0,0,0,0,0,0,0,0,0,0,3229,422,0,0,0,0,0,49142488,0,147,0,2,422,3229,0,0,0,0,0,0,0,0,0,0,0,0,0,0,0,0,0,0,0,0,0,0,0,0,0,0,0,0,0,0,0,0,0,0,0,0,0,0,0,0,0,0,0,0,0,0,0,0,0,0,0,0,0,0,253857622,0,0,0,458800692,0,0,0,0,0,0,0,78481323,110233956,290562054,155572890624,68588553,1,0,0,0,0,0,0,0,0,0,0,0,0,0,0,0,0,0,0,0,0,0,0,0,0,0,0,0,0,0,0,844,0,0,0,0,0,0,0
1782975647.639,0,0,0,0,0,0,0,702535981,1802213673472,782203777024,0,0,0,0,0,0,0,0,0,0,0,0,0,0,0,0,0,0,0,0,0,0,0,0,0,0,0,0,0,0,0,0,0,0,0,0,0,0,0,0,0,0,0,0,0,0,0,0,0,0,0,0,0,0,0,0,0,0,7,1838988,110247630,35861466,0,0,0,0,0,0,0,0,0,0,0,0,0,0,0,0,0,0,0,0,0,0,0,0,0,0,0,0,0,0,0,0,0,0,0,0,0,12876693504,4564434944,785931,278591,35799619,403,0,96,786432,109291512,811153,6,3396395217,12884901888,24050,676779478,0,0,0,0,0,0,0,0,0,0,0,0,0,0,0,0,0,0,16170717,116067025,0,468,1202,7661,620,32341694,35,0,0,0,0,0,0,0,1,0,0,0,0,0,0,0,0,0,0,21494229,0,35799393,650920,0,0,0,0,0,0,0,0,16384,0,0,0,0,0,0,0,0,0,0,0,3230,422,0,0,0,0,0,49157178,0,147,0,2,422,3230,0,0,0,0,0,0,0,0,0,0,0,0,0,0,0,0,0,0,0,0,0,0,0,0,0,0,0,0,0,0,0,0,0,0,0,0,0,0,0,0,0,0,0,0,0,0,0,0,0,0,0,0,0,0,253935445,0,0,0,458882671,0,0,0,0,0,0,0,78514339,110290202,290656126,155613313024,68616888,0,0,0,0,0,0,0,0,0,0,0,0,0,0,0,0,0,0,0,0,0,0,0,0,0,0,0,0,0,0,0,874,0,0,0,0,0,0,0
1782975648.704,0,0,0,0,0,0,0,702702707,1803137567232,782513583616,0,0,0,0,0,0,0,0,0,0,0,0,0,0,0,0,0,0,0,0,0,0,0,0,0,0,0,0,0,0,0,0,0,0,0,0,0,0,0,0,0,0,0,0,0,0,0,0,0,0,0,0,0,0,0,0,0,0,7,1839013,110304113,35877466,0,0,0,0,0,0,0,0,0,0,0,0,0,0,0,0,0,0,0,0,0,0,0,0,0,0,0,0,0,0,0,0,0,0,0,0,0,12874694656,4572545024,785809,279086,35815611,526,0,96,786432,109347921,811153,6,3397220095,12884901888,24050,676890338,0,0,0,0,0,0,0,0,0,0,0,0,0,0,0,0,0,0,16175534,116071841,0,468,1202,7661,620,32351333,35,0,0,0,0,0,0,0,1,0,0,0,0,0,0,0,0,0,0,21499764,0,35815385,651234,0,0,0,0,0,0,0,0,16384,0,0,0,0,0,0,0,0,0,0,0,3231,422,0,0,0,0,0,49171829,0,147,0,2,422,3231,0,0,0,0,0,0,0,0,0,0,0,0,0,0,0,0,0,0,0,0,0,0,0,0,0,0,0,0,0,0,0,0,0,0,0,0,0,0,0,0,0,0,0,0,0,0,0,0,0,0,0,0,0,0,254014868,0,0,0,458964566,0,0,0,0,0,0,0,78548152,110346578,290751759,155654610944,68645923,1,0,0,0,0,0,0,0,0,0,0,0,0,0,0,0,0,0,0,0,0,0,0,0,0,0,0,0,0,0,0,897,0,0,0,0,0,0,0
1782975649.770,0,0,0,0,0,0,0,702866447,1804049566208,782817789440,0,0,0,0,0,0,0,0,0,0,0,0,0,0,0,0,0,0,0,0,0,0,0,0,0,0,0,0,0,0,0,0,0,0,0,0,0,0,0,0,0,0,0,0,0,0,0,0,0,0,0,0,0,0,0,0,0,0,7,1839041,110359920,35893206,0,0,0,0,0,0,0,0,0,0,0,0,0,0,0,0,0,0,0,0,0,0,0,0,0,0,0,0,0,0,0,0,0,0,0,0,0,12878708736,4575313920,786054,279255,35831359,282,0,96,786432,109403662,811153,6,3398030389,12884901888,24050,676999558,0,0,0,0,0,0,0,0,0,0,0,0,0,0,0,0,0,0,16180275,116076583,0,468,1202,7661,620,32360813,35,0,0,0,0,0,0,0,1,0,0,0,0,0,0,0,0,0,0,21505216,0,35831133,651543,0,0,0,0,0,0,0,0,16384,0,0,0,0,0,0,0,0,0,0,0,3232,422,0,0,0,0,0,49186245,0,147,0,2,422,3232,0,0,0,0,0,0,0,0,0,0,0,0,0,0,0,0,0,0,0,0,0,0,0,0,0,0,0,0,0,0,0,0,0,0,0,0,0,0,0,0,0,0,0,0,0,0,0,0,0,0,0,0,0,0,254093871,0,0,0,459045225,0,0,0,0,0,0,0,78579987,110402243,290846716,155695618560,68673201,1,0,0,0,0,0,0,0,0,0,0,0,0,0,0,0,0,0,0,0,0,0,0,0,0,0,0,0,0,0,0,810,0,0,0,0,0,0,0
1782975650.836,0,0,0,0,0,0,0,703031016,1804962744832,783124450816,0,0,0,0,0,0,0,0,0,0,0,0,0,0,0,0,0,0,0,0,0,0,0,0,0,0,0,0,0,0,0,0,0,0,0,0,0,0,0,0,0,0,0,0,0,0,0,0,0,0,0,0,0,0,0,0,0,0,7,1839063,110415781,35909078,0,0,0,0,0,0,0,0,0,0,0,0,0,0,0,0,0,0,0,0,0,0,0,0,0,0,0,0,0,0,0,0,0,0,0,0,0,12874334208,4580130816,785787,279549,35847231,549,0,96,786432,109459452,811153,6,3398844406,12884901888,24050,677108496,0,0,0,0,0,0,0,0,0,0,0,0,0,0,0,0,0,0,16185041,116081347,0,468,1202,7661,620,32370344,35,0,0,0,0,0,0,0,1,0,0,0,0,0,0,0,0,0,0,21510692,0,35847005,651849,0,0,0,0,0,0,0,0,16384,0,0,0,0,0,0,0,0,0,0,0,3233,422,0,0,0,0,0,49200732,0,147,0,2,422,3233,0,0,0,0,0,0,0,0,0,0,0,0,0,0,0,0,0,0,0,0,0,0,0,0,0,0,0,0,0,0,0,0,0,0,0,0,0,0,0,0,0,0,0,0,0,0,0,0,0,0,0,0,0,0,254172591,0,0,0,459126204,0,0,0,0,0,0,0,78611549,110457969,290941535,155736544768,68700243,1,0,0,0,0,0,0,0,0,0,0,0,0,0,0,0,0,0,0,0,0,0,0,0,0,0,0,0,0,0,0,784,0,0,0,0,0,0,0
1782975651.900,0,0,0,0,0,0,0,703194801,1805873662464,783431307264,0,0,0,0,0,0,0,0,0,0,0,0,0,0,0,0,0,0,0,0,0,0,0,0,0,0,0,0,0,0,0,0,0,0,0,0,0,0,0,0,0,0,0,0,0,0,0,0,0,0,0,0,0,0,0,0,0,0,7,1839091,110471517,35924937,0,0,0,0,0,0,0,0,0,0,0,0,0,0,0,0,0,0,0,0,0,0,0,0,0,0,0,0,0,0,0,0,0,0,0,0,0,12874924032,4583817216,785824,279774,35863068,514,0,96,786432,109515124,811153,6,3399655211,12884901888,24050,677217943,0,0,0,0,0,0,0,0,0,0,0,0,0,0,0,0,0,0,16189781,116086087,0,468,1202,7661,620,32379824,35,0,0,0,0,0,0,0,1,0,0,0,0,0,0,0,0,0,0,21516142,0,35862842,652157,0,0,0,0,0,0,0,0,16384,0,0,0,0,0,0,0,0,0,0,0,3234,422,0,0,0,0,0,49215145,0,147,0,2,422,3234,0,0,0,0,0,0,0,0,0,0,0,0,0,0,0,0,0,0,0,0,0,0,0,0,0,0,0,0,0,0,0,0,0,0,0,0,0,0,0,0,0,0,0,0,0,0,0,0,0,0,0,0,0,0,254251428,0,0,0,459206784,0,0,0,0,0,0,0,78642777,110513563,291036474,155777511424,68727002,0,0,0,0,0,0,0,0,0,0,0,0,0,0,0,0,0,0,0,0,0,0,0,0,0,0,0,0,0,0,0,702,0,0,0,0,0,0,0
1782975652.968,0,0,0,0,0,0,0,703357986,1806784367104,783738039296,0,0,0,0,0,0,0,0,0,0,0,0,0,0,0,0,0,0,0,0,0,0,0,0,0,0,0,0,0,0,0,0,0,0,0,0,0,0,0,0,0,0,0,0,0,0,0,0,0,0,0,0,0,0,0,0,0,0,7,1839112,110527220,35940845,0,0,0,0,0,0,0,0,0,0,0,0,0,0,0,0,0,0,0,0,0,0,0,0,0,0,0,0,0,0,0,0,0,0,0,0,0,12875857920,4585635840,785880,279885,35878998,455,0,97,786432,109570767,811153,6,3400463559,12884901888,24050,677326680,0,0,0,0,0,0,0,0,0,0,0,0,0,0,0,0,0,0,16194512,116090818,0,468,1202,7661,620,32389286,35,0,0,0,0,0,0,0,1,0,0,0,0,0,0,0,0,0,0,21521578,0,35878772,652469,0,0,0,0,0,0,0,0,16384,0,0,0,0,0,0,0,0,0,0,0,3235,422,0,0,0,0,0,49229540,0,147,0,2,422,3235,0,0,0,0,0,0,0,0,0,0,0,0,0,0,0,0,0,0,0,0,0,0,0,0,0,0,0,0,0,0,0,0,0,0,0,0,0,0,0,0,0,0,0,0,0,0,0,0,0,0,0,0,0,0,254329636,0,0,0,459287106,0,0,0,0,0,0,0,78674283,110569133,291130803,155818067968,68753845,0,0,0,0,0,0,0,0,0,0,0,0,0,0,0,0,0,0,0,0,0,0,0,0,0,0,0,0,0,0,0,653,0,0,0,0,0,0,0
1782975654.034,0,0,0,0,0,0,0,703523816,1807708916224,784047544320,0,0,0,0,0,0,0,0,0,0,0,0,0,0,0,0,0,0,0,0,0,0,0,0,0,0,0,0,0,0,0,0,0,0,0,0,0,0,0,0,0,0,0,0,0,0,0,0,0,0,0,0,0,0,0,0,0,0,7,1839138,110583791,35956869,0,0,0,0,0,0,0,0,0,0,0,0,0,0,0,0,0,0,0,0,0,0,0,0,0,0,0,0,0,0,0,0,0,0,0,0,0,12874612736,4589699072,785804,280133,35895022,534,0,96,786432,109627275,811153,6,3401284698,12884901888,24050,677437215,0,0,0,0,0,0,0,0,0,0,0,0,0,0,0,0,0,0,16199300,116095607,0,468,1202,7661,620,32398864,35,0,0,0,0,0,0,0,1,0,0,0,0,0,0,0,0,0,0,21527082,0,35894796,652778,0,0,0,0,0,0,0,0,16384,0,0,0,0,0,0,0,0,0,0,0,3236,422,0,0,0,0,0,49244137,0,147,0,2,422,3236,0,0,0,0,0,0,0,0,0,0,0,0,0,0,0,0,0,0,0,0,0,0,0,0,0,0,0,0,0,0,0,0,0,0,0,0,0,0,0,0,0,0,0,0,0,0,0,0,0,0,0,0,0,0,254408254,0,0,0,459368594,0,0,0,0,0,0,0,78707663,110625566,291225689,155859066368,68782633,1,0,0,0,0,0,0,0,0,0,0,0,0,0,0,0,0,0,0,0,0,0,0,0,0,0,0,0,0,0,0,635,0,0,0,0,0,0,0
1782975655.102,0,0,0,0,0,0,0,703689802,1808634776064,784356838400,0,0,0,0,0,0,0,0,0,0,0,0,0,0,0,0,0,0,0,0,0,0,0,0,0,0,0,0,0,0,0,0,0,0,0,0,0,0,0,0,0,0,0,0,0,0,0,0,0,0,0,0,0,0,0,0,0,0,7,1839155,110640439,35972907,0,0,0,0,0,0,0,0,0,0,0,0,0,0,0,0,0,0,0,0,0,0,0,0,0,0,0,0,0,0,0,0,0,0,0,0,0,12878479360,4593713152,786040,280378,35911060,296,0,96,786432,109683860,811153,6,3402106765,12884901888,24050,677547925,0,0,0,0,0,0,0,0,0,0,0,0,0,0,0,0,0,0,16204109,116100416,0,468,1202,7661,620,32408484,35,0,0,0,0,0,0,0,1,0,0,0,0,0,0,0,0,0,0,21532607,0,35910834,653100,0,0,0,0,0,0,0,0,16384,0,0,0,0,0,0,0,0,0,0,0,3237,422,0,0,0,0,0,49258753,0,147,0,2,422,3237,0,0,0,0,0,0,0,0,0,0,0,0,0,0,0,0,0,0,0,0,0,0,0,0,0,0,0,0,0,0,0,0,0,0,0,0,0,0,0,0,0,0,0,0,0,0,0,0,0,0,0,0,0,0,254486512,0,0,0,459450275,0,0,0,0,0,0,0,78740830,110682075,291320209,155899746816,68811080,1,0,0,0,0,0,0,0,0,0,0,0,0,0,0,0,0,0,0,0,0,0,0,0,0,0,0,0,0,0,0,622,0,0,0,0,0,0,0
1782975656.170,0,0,0,0,0,0,0,703855677,1809559521792,784669264384,0,0,0,0,0,0,0,0,0,0,0,0,0,0,0,0,0,0,0,0,0,0,0,0,0,0,0,0,0,0,0,0,0,0,0,0,0,0,0,0,0,0,0,0,0,0,0,0,0,0,0,0,0,0,0,0,0,0,7,1839178,110696987,35989113,0,0,0,0,0,0,0,0,0,0,0,0,0,0,0,0,0,0,0,0,0,0,0,0,0,0,0,0,0,0,0,0,0,0,0,0,0,12875186176,4595990528,785839,280517,35927266,497,0,96,786432,109740341,811153,6,3402927934,12884901888,24050,677658792,0,0,0,0,0,0,0,0,0,0,0,0,0,0,0,0,0,0,16208910,116105216,0,468,1202,7661,620,32418083,35,0,0,0,0,0,0,0,1,0,0,0,0,0,0,0,0,0,0,21538125,0,35927040,653420,0,0,0,0,0,0,0,0,16384,0,0,0,0,0,0,0,0,0,0,0,3238,422,0,0,0,0,0,49273352,0,147,0,2,422,3238,0,0,0,0,0,0,0,0,0,0,0,0,0,0,0,0,0,0,0,0,0,0,0,0,0,0,0,0,0,0,0,0,0,0,0,0,0,0,0,0,0,0,0,0,0,0,0,0,0,0,0,0,0,0,254564734,0,0,0,459531793,0,0,0,0,0,0,0,78774255,110738483,291414861,155940509696,68839791,1,0,0,0,0,0,0,0,0,0,0,0,0,0,0,0,0,0,0,0,0,0,0,0,0,0,0,0,0,0,0,613,0,0,0,0,0,0,0
1782975657.234,0,0,0,0,0,0,0,704023310,1810489395712,784981742080,0,0,0,0,0,0,0,0,0,0,0,0,0,0,0,0,0,0,0,0,0,0,0,0,0,0,0,0,0,0,0,0,0,0,0,0,0,0,0,0,0,0,0,0,0,0,0,0,0,0,0,0,0,0,0,0,0,0,7,1839205,110753879,36005297,0,0,0,0,0,0,0,0,0,0,0,0,0,0,0,0,0,0,0,0,0,0,0,0,0,0,0,0,0,0,0,0,0,0,0,0,0,12877004800,4599431168,785950,280727,35943438,386,0,96,786432,109797168,811153,6,3403757003,12884901888,24050,677770300,0,0,0,0,0,0,0,0,0,0,0,0,0,0,0,0,0,0,16213757,116110064,0,468,1202,7661,620,32427776,35,0,0,0,0,0,0,0,1,0,0,0,0,0,0,0,0,0,0,21543697,0,35943230,653723,0,0,0,0,0,0,0,0,16384,0,0,0,0,0,0,0,0,0,0,0,3239,422,0,0,0,0,0,49288113,0,147,0,2,422,3239,0,0,0,0,0,0,0,0,0,0,0,0,0,0,0,0,0,0,0,0,0,0,0,0,0,0,0,0,0,0,0,0,0,0,0,0,0,0,0,0,0,0,0,0,0,0,0,0,0,0,0,0,0,0,254643586,0,0,0,459614098,0,0,0,0,0,0,0,78807708,110795240,291510108,155981659648,68868677,1,0,0,0,0,0,0,0,0,0,0,0,0,0,0,0,0,0,0,0,0,0,0,0,0,0,0,0,0,0,0,649,0,0,0,0,0,0,0
1782975658.303,0,0,0,0,0,0,0,704190540,1811417991680,785294939648,0,0,0,0,0,0,0,0,0,0,0,0,0,0,0,0,0,0,0,0,0,0,0,0,0,0,0,0,0,0,0,0,0,0,0,0,0,0,0,0,0,0,0,0,0,0,0,0,0,0,0,0,0,0,0,0,0,0,7,1839235,110810675,36021572,0,0,0,0,0,0,0,0,0,0,0,0,0,0,0,0,0,0,0,0,0,0,0,0,0,0,0,0,0,0,0,0,0,0,0,0,0,12874137600,4600922112,785774,280818,35959725,559,0,97,786432,109853892,811153,6,3404584916,12884901888,24050,677881722,0,0,0,0,0,0,0,0,0,0,0,0,0,0,0,0,0,0,16218597,116114904,0,468,1202,7661,620,32437453,35,0,0,0,0,0,0,0,1,0,0,0,0,0,0,0,0,0,0,21549256,0,35959499,654034,0,0,0,0,0,0,0,0,16384,0,0,0,0,0,0,0,0,0,0,0,3240,422,0,0,0,0,0,49302850,0,147,0,2,422,3240,0,0,0,0,0,0,0,0,0,0,0,0,0,0,0,0,0,0,0,0,0,0,0,0,0,0,0,0,0,0,0,0,0,0,0,0,0,0,0,0,0,0,0,0,0,0,0,0,0,0,0,0,0,0,254721653,0,0,0,459696314,0,0,0,0,0,0,0,78841123,110851912,291604686,156022405632,68897411,0,0,0,0,0,0,0,0,0,0,0,0,0,0,0,0,0,0,0,0,0,0,0,0,0,0,0,0,0,0,0,675,0,0,0,0,0,0,0
1782975659.369,0,0,0,0,0,0,0,704356500,1812338510336,785629102080,0,0,0,0,0,0,0,0,0,0,0,0,0,0,0,0,0,0,0,0,0,0,0,0,0,0,0,0,0,0,0,0,0,0,0,0,0,0,0,0,0,0,0,0,0,0,0,0,0,0,0,0,0,0,0,0,0,0,7,1839271,110866970,36039066,0,0,0,0,0,0,0,0,0,0,0,0,0,0,0,0,0,0,0,0,0,0,0,0,0,0,0,0,0,0,0,0,0,0,0,0,0,12877529088,4579426304,785982,279506,35975685,353,0,97,786432,109910125,811153,6,3405406472,12884901888,24050,677992083,0,0,0,0,0,0,0,0,0,0,0,0,0,0,0,0,0,0,16223402,116119709,0,468,1202,7661,620,32447069,35,0,0,0,0,0,0,0,1,0,0,0,0,0,0,0,0,0,0,21554781,0,35976995,654361,0,0,0,0,0,0,0,0,16384,0,0,0,0,0,0,0,0,0,0,0,3241,422,0,0,0,0,0,49317469,0,147,0,2,422,3241,0,0,0,0,0,0,0,0,0,0,0,0,0,0,0,0,0,0,0,0,0,0,0,0,0,0,0,0,0,0,0,0,0,0,0,0,0,0,0,0,0,0,0,0,0,0,0,0,0,0,0,0,0,0,254801048,0,0,0,459777977,0,0,0,0,0,0,0,78874214,110908081,291701809,156063857664,68925625,1,0,0,0,0,0,0,0,0,0,0,0,0,0,0,0,0,0,0,0,0,0,0,0,0,0,0,0,0,0,0,634,0,0,0,0,0,0,0
1782975660.435,0,0,0,0,0,0,0,704520855,1813252999680,785974115328,0,0,0,0,0,0,0,0,0,0,0,0,0,0,0,0,0,0,0,0,0,0,0,0,0,0,0,0,0,0,0,0,0,0,0,0,0,0,0,0,0,0,0,0,0,0,0,0,0,0,0,0,0,0,0,0,0,0,7,1839296,110922911,36057282,0,0,0,0,0,0,0,0,0,0,0,0,0,0,0,0,0,0,0,0,0,0,0,0,0,0,0,0,0,0,0,0,0,0,0,0,0,12875120640,4546543616,785835,277499,35995435,503,0,96,786432,109966000,811153,6,3406219980,12884901888,24050,678101969,0,0,0,0,0,0,0,0,0,0,0,0,0,0,0,0,0,0,16228162,116124469,0,468,1202,7661,620,32456589,35,0,0,0,0,0,0,0,1,0,0,0,0,0,0,0,0,0,0,21560246,0,35995209,654689,0,0,0,0,0,0,0,0,16384,0,0,0,0,0,0,0,0,0,0,0,3242,422,0,0,0,0,0,49331942,0,147,0,2,422,3242,0,0,0,0,0,0,0,0,0,0,0,0,0,0,0,0,0,0,0,0,0,0,0,0,0,0,0,0,0,0,0,0,0,0,0,0,0,0,0,0,0,0,0,0,0,0,0,0,0,0,0,0,0,0,254879212,0,0,0,459858841,0,0,0,0,0,0,0,78906947,110963877,291798402,156104465408,68953652,1,1,0,0,0,0,0,0,0,0,0,0,0,0,0,0,0,0,0,0,0,0,0,0,0,0,0,0,0,0,0,594,0,0,0,0,0,0,0
1782975661.501,0,0,0,0,0,0,0,704687389,1814178335232,786283243008,0,0,0,0,0,0,0,0,0,0,0,0,0,0,0,0,0,0,0,0,0,0,0,0,0,0,0,0,0,0,0,0,0,0,0,0,0,0,0,0,0,0,0,0,0,0,0,0,0,0,0,0,0,0,0,0,0,0,7,1839328,110979524,36073282,0,0,0,0,0,0,0,0,0,0,0,0,0,0,0,0,0,0,0,0,0,0,0,0,0,0,0,0,0,0,0,0,0,0,0,0,0,12878512128,4553408512,786042,277918,36011435,293,0,96,786432,110022535,811153,6,3407044682,12884901888,24050,678213406,0,0,0,0,0,0,0,0,0,0,0,0,0,0,0,0,0,0,16232982,116129288,0,468,1202,7661,620,32466227,35,0,0,0,0,0,0,0,1,0,0,0,0,0,0,0,0,0,0,21565784,0,36011209,655017,0,0,0,0,0,0,0,0,16384,0,0,0,0,0,0,0,0,0,0,0,3244,422,0,0,0,0,0,49346584,0,147,0,2,422,3244,0,0,0,0,0,0,0,0,0,0,0,0,0,0,0,0,0,0,0,0,0,0,0,0,0,0,0,0,0,0,0,0,0,0,0,0,0,0,0,0,0,0,0,0,0,0,0,0,0,0,0,0,0,0,254957981,0,0,0,459940720,0,0,0,0,0,0,0,78940552,111020345,291893414,156145466880,68982428,0,0,0,0,0,0,0,0,0,0,0,0,0,0,0,0,0,0,0,0,0,0,0,0,0,0,0,0,0,0,0,586,0,0,0,0,0,0,0
1782975662.567,0,0,0,0,0,0,0,704852902,1815095396864,786592462336,0,0,0,0,0,0,0,0,0,0,0,0,0,0,0,0,0,0,0,0,0,0,0,0,0,0,0,0,0,0,0,0,0,0,0,0,0,0,0,0,0,0,0,0,0,0,0,0,0,0,0,0,0,0,0,0,0,0,7,1839352,111035644,36089284,0,0,0,0,0,0,0,0,0,0,0,0,0,0,0,0,0,0,0,0,0,0,0,0,0,0,0,0,0,0,0,0,0,0,0,0,0,12874727424,4557701120,785811,278180,36027437,525,0,97,786432,110078594,811153,6,3407863445,12884901888,24050,678323712,0,0,0,0,0,0,0,0,0,0,0,0,0,0,0,0,0,0,16237766,116134073,0,468,1202,7661,620,32475792,35,0,0,0,0,0,0,0,1,0,0,0,0,0,0,0,0,0,0,21571288,0,36027211,655336,0,0,0,0,0,0,0,0,16384,0,0,0,0,0,0,0,0,0,0,0,3245,422,0,0,0,0,0,49361117,0,147,0,2,422,3245,0,0,0,0,0,0,0,0,0,0,0,0,0,0,0,0,0,0,0,0,0,0,0,0,0,0,0,0,0,0,0,0,0,0,0,0,0,0,0,0,0,0,0,0,0,0,0,0,0,0,0,0,0,0,255036558,0,0,0,460022078,0,0,0,0,0,0,0,78974139,111076306,291988207,156186381824,69011245,0,0,0,0,0,0,0,0,0,0,0,0,0,0,0,0,0,0,0,0,0,0,0,0,0,0,0,0,0,0,0,548,0,0,0,0,0,0,0
1782975663.631,0,0,0,0,0,0,0,705019363,1816023616000,786903950336,0,0,0,0,0,0,0,0,0,0,0,0,0,0,0,0,0,0,0,0,0,0,0,0,0,0,0,0,0,0,0,0,0,0,0,0,0,0,0,0,0,0,0,0,0,0,0,0,0,0,0,0,0,0,0,0,0,0,7,1839380,111092423,36105418,0,0,0,0,0,0,0,0,0,0,0,0,0,0,0,0,0,0,0,0,0,0,0,0,0,0,0,0,0,0,0,0,0,0,0,0,0,12879675392,4564205568,786114,278577,36043571,225,0,96,786432,110135305,811153,6,3408688355,12884901888,24050,678434928,0,0,0,0,0,0,0,0,0,0,0,0,0,0,0,0,0,0,16242585,116138891,0,468,1202,7661,620,32485434,35,0,0,0,0,0,0,0,1,0,0,0,0,0,0,0,0,0,0,21576824,0,36043345,655645,0,0,0,0,0,0,0,0,16384,0,0,0,0,0,0,0,0,0,0,0,3246,422,0,0,0,0,0,49375768,0,147,0,2,422,3246,0,0,0,0,0,0,0,0,0,0,0,0,0,0,0,0,0,0,0,0,0,0,0,0,0,0,0,0,0,0,0,0,0,0,0,0,0,0,0,0,0,0,0,0,0,0,0,0,0,0,0,0,0,0,255114927,0,0,0,460103907,0,0,0,0,0,0,0,79008033,111132941,292082934,156227235328,69040505,0,0,0,0,0,0,0,0,0,0,0,0,0,0,0,0,0,0,0,0,0,0,0,0,0,0,0,0,0,0,0,571,0,0,0,0,0,0,0
1782975664.699,0,0,0,0,0,0,0,705186526,1816951048704,787218405888,0,0,0,0,0,0,0,0,0,0,0,0,0,0,0,0,0,0,0,0,0,0,0,0,0,0,0,0,0,0,0,0,0,0,0,0,0,0,0,0,0,0,0,0,0,0,0,0,0,0,0,0,0,0,0,0,0,0,7,1839409,111149160,36121705,0,0,0,0,0,0,0,0,0,0,0,0,0,0,0,0,0,0,0,0,0,0,0,0,0,0,0,0,0,0,0,0,0,0,0,0,0,12874383360,4569464832,785791,278898,36059830,545,0,96,786432,110191992,811153,6,3409515482,12884901888,24050,678546244,0,0,0,0,0,0,0,0,0,0,0,0,0,0,0,0,0,0,16247430,116143737,0,468,1202,7661,620,32495120,35,0,0,0,0,0,0,0,1,0,0,0,0,0,0,0,0,0,0,21582390,0,36059648,655966,0,0,0,0,0,0,0,0,16384,0,0,0,0,0,0,0,0,0,0,0,3247,422,0,0,0,0,0,49390528,0,147,0,2,422,3247,0,0,0,0,0,0,0,0,0,0,0,0,0,0,0,0,0,0,0,0,0,0,0,0,0,0,0,0,0,0,0,0,0,0,0,0,0,0,0,0,0,0,0,0,0,0,0,0,0,0,0,0,0,0,255194110,0,0,0,460186093,0,0,0,0,0,0,0,79041912,111189534,292178676,156268474368,69069692,1,0,0,0,0,0,0,0,0,0,0,0,0,0,0,0,0,0,0,0,0,0,0,0,0,0,0,0,0,0,0,610,0,0,0,0,0,0,0
1782975665.767,0,0,0,0,0,0,0,705354615,1817889540608,787532713984,0,0,0,0,0,0,0,0,0,0,0,0,0,0,0,0,0,0,0,0,0,0,0,0,0,0,0,0,0,0,0,0,0,0,0,0,0,0,0,0,0,0,0,0,0,0,0,0,0,0,0,0,0,0,0,0,0,0,7,1839432,111206585,36138010,0,0,0,0,0,0,0,0,0,0,0,0,0,0,0,0,0,0,0,0,0,0,0,0,0,0,0,0,0,0,0,0,0,0,0,0,0,12876349440,4577427456,785910,279384,36076163,426,0,96,786432,110249358,811153,6,3410347347,12884901888,24050,678657896,0,0,0,0,0,0,0,0,0,0,0,0,0,0,0,0,0,0,16252288,116148595,0,468,1202,7661,620,32504837,35,0,0,0,0,0,0,0,1,0,0,0,0,0,0,0,0,0,0,21587971,0,36075937,656279,0,0,0,0,0,0,0,0,16384,0,0,0,0,0,0,0,0,0,0,0,3248,422,0,0,0,0,0,49405306,0,147,0,2,422,3248,0,0,0,0,0,0,0,0,0,0,0,0,0,0,0,0,0,0,0,0,0,0,0,0,0,0,0,0,0,0,0,0,0,0,0,0,0,0,0,0,0,0,0,0,0,0,0,0,0,0,0,0,0,0,255273300,0,0,0,460268630,0,0,0,0,0,0,0,79076110,111246830,292274378,156309657600,69099213,1,0,0,0,0,0,0,0,0,0,0,0,0,0,0,0,0,0,0,0,0,0,0,0,0,0,0,0,0,0,0,660,0,0,0,0,0,0,0
1782975666.836,0,0,0,0,0,0,0,705521136,1818814515712,787843005440,0,0,0,0,0,0,0,0,0,0,0,0,0,0,0,0,0,0,0,0,0,0,0,0,0,0,0,0,0,0,0,0,0,0,0,0,0,0,0,0,0,0,0,0,0,0,0,0,0,0,0,0,0,0,0,0,0,0,7,1839469,111263175,36154065,0,0,0,0,0,0,0,0,0,0,0,0,0,0,0,0,0,0,0,0,0,0,0,0,0,0,0,0,0,0,0,0,0,0,0,0,0,12875956224,4585275392,785886,279863,36092176,448,0,97,786432,110305872,811153,6,3411171525,12884901888,24050,678768943,0,0,0,0,0,0,0,0,0,0,0,0,0,0,0,0,0,0,16257107,116153414,0,468,1202,7661,620,32514481,35,0,0,0,0,0,0,0,1,0,0,0,0,0,0,0,0,0,0,21593509,0,36092000,656592,0,0,0,0,0,0,0,0,16384,0,0,0,0,0,0,0,0,0,0,0,3249,422,0,0,0,0,0,49419981,0,147,0,2,422,3249,0,0,0,0,0,0,0,0,0,0,0,0,0,0,0,0,0,0,0,0,0,0,0,0,0,0,0,0,0,0,0,0,0,0,0,0,0,0,0,0,0,0,0,0,0,0,0,0,0,0,0,0,0,0,255352302,0,0,0,460350497,0,0,0,0,0,0,0,79110524,111303284,292369677,156350779392,69128774,1,0,0,0,0,0,0,0,0,0,0,0,0,0,0,0,0,0,0,0,0,0,0,0,0,0,0,0,0,0,0,667,0,0,0,0,0,0,0
1782975667.901,0,0,0,0,0,0,0,705686283,1819734936064,788152310272,0,0,0,0,0,0,0,0,0,0,0,0,0,0,0,0,0,0,0,0,0,0,0,0,0,0,0,0,0,0,0,0,0,0,0,0,0,0,0,0,0,0,0,0,0,0,0,0,0,0,0,0,0,0,0,0,0,0,7,1839498,111319486,36170101,0,0,0,0,0,0,0,0,0,0,0,0,0,0,0,0,0,0,0,0,0,0,0,0,0,0,0,0,0,0,0,0,0,0,0,0,0,12876726272,4586995712,785932,279968,36108254,402,0,97,786432,110362119,811153,6,3411988931,12884901888,24050,678878715,0,0,0,0,0,0,0,0,0,0,0,0,0,0,0,0,0,0,16261890,116158197,0,468,1202,7661,620,32524044,35,0,0,0,0,0,0,0,1,0,0,0,0,0,0,0,0,0,0,21599012,0,36108028,656907,0,0,0,0,0,0,0,0,16384,0,0,0,0,0,0,0,0,0,0,0,3250,422,0,0,0,0,0,49434532,0,147,0,2,422,3250,0,0,0,0,0,0,0,0,0,0,0,0,0,0,0,0,0,0,0,0,0,0,0,0,0,0,0,0,0,0,0,0,0,0,0,0,0,0,0,0,0,0,0,0,0,0,0,0,0,0,0,0,0,0,255430342,0,0,0,460431729,0,0,0,0,0,0,0,79143406,111359463,292463987,156391433728,69156896,0,0,0,0,0,0,0,0,0,0,0,0,0,0,0,0,0,0,0,0,0,0,0,0,0,0,0,0,0,0,0,635,0,0,0,0,0,0,0
1782975668.969,0,0,0,0,0,0,0,705849325,1820641462784,788460812288,0,0,0,0,0,0,0,0,0,0,0,0,0,0,0,0,0,0,0,0,0,0,0,0,0,0,0,0,0,0,0,0,0,0,0,0,0,0,0,0,0,0,0,0,0,0,0,0,0,0,0,0,0,0,0,0,0,0,7,1839521,111374934,36186112,0,0,0,0,0,0,0,0,0,0,0,0,0,0,0,0,0,0,0,0,0,0,0,0,0,0,0,0,0,0,0,0,0,0,0,0,0,12877250560,4587896832,785965,280023,36124265,371,0,96,786432,110417510,811153,6,3412796463,12884901888,24050,678987784,0,0,0,0,0,0,0,0,0,0,0,0,0,0,0,0,0,0,16266603,116162909,0,468,1202,7661,620,32533479,35,0,0,0,0,0,0,0,1,0,0,0,0,0,0,0,0,0,0,21604429,0,36124039,657212,0,0,0,0,0,0,0,0,16384,0,0,0,0,0,0,0,0,0,0,0,3251,422,0,0,0,0,0,49448864,0,147,0,2,422,3251,0,0,0,0,0,0,0,0,0,0,0,0,0,0,0,0,0,0,0,0,0,0,0,0,0,0,0,0,0,0,0,0,0,0,0,0,0,0,0,0,0,0,0,0,0,0,0,0,0,0,0,0,0,0,255507771,0,0,0,460511965,0,0,0,0,0,0,0,79174877,111414766,292557631,156431850496,69183778,1,0,0,0,0,0,0,0,0,0,0,0,0,0,0,0,0,0,0,0,0,0,0,0,0,0,0,0,0,0,0,545,0,0,0,0,0,0,0
1782975670.037,0,0,0,0,0,0,0,706012161,1821548546560,788768082944,0,0,0,0,0,0,0,0,0,0,0,0,0,0,0,0,0,0,0,0,0,0,0,0,0,0,0,0,0,0,0,0,0,0,0,0,0,0,0,0,0,0,0,0,0,0,0,0,0,0,0,0,0,0,0,0,0,0,7,1839541,111430433,36202019,0,0,0,0,0,0,0,0,0,0,0,0,0,0,0,0,0,0,0,0,0,0,0,0,0,0,0,0,0,0,0,0,0,0,0,0,0,12875104256,4591255552,785834,280228,36140172,501,0,96,786432,110472950,811153,6,3413602783,12884901888,24050,679096531,0,0,0,0,0,0,0,0,0,0,0,0,0,0,0,0,0,0,16271320,116167626,0,468,1202,7661,620,32542903,35,0,0,0,0,0,0,0,1,0,0,0,0,0,0,0,0,0,0,21609849,0,36139946,657517,0,0,0,0,0,0,0,0,16384,0,0,0,0,0,0,0,0,0,0,0,3252,422,0,0,0,0,0,49463188,0,147,0,2,422,3252,0,0,0,0,0,0,0,0,0,0,0,0,0,0,0,0,0,0,0,0,0,0,0,0,0,0,0,0,0,0,0,0,0,0,0,0,0,0,0,0,0,0,0,0,0,0,0,0,0,0,0,0,0,0,255585681,0,0,0,460592131,0,0,0,0,0,0,0,79207028,111470131,292651667,156472433664,69211238,1,0,0,0,0,0,0,0,0,0,0,0,0,0,0,0,0,0,0,0,0,0,0,0,0,0,0,0,0,0,0,467,0,0,0,0,0,0,0
1782975671.104,0,0,0,0,0,0,0,706175325,1822454417920,789075240960,0,0,0,0,0,0,0,0,0,0,0,0,0,0,0,0,0,0,0,0,0,0,0,0,0,0,0,0,0,0,0,0,0,0,0,0,0,0,0,0,0,0,0,0,0,0,0,0,0,0,0,0,0,0,0,0,0,0,7,1839564,111485835,36217925,0,0,0,0,0,0,0,0,0,0,0,0,0,0,0,0,0,0,0,0,0,0,0,0,0,0,0,0,0,0,0,0,0,0,0,0,0,12875366400,4594515968,785850,280427,36156078,485,0,96,786432,110528289,811153,6,3414409927,12884901888,24050,679205039,0,0,0,0,0,0,0,0,0,0,0,0,0,0,0,0,0,0,16276048,116172354,0,468,1202,7661,620,32552360,35,0,0,0,0,0,0,0,1,0,0,0,0,0,0,0,0,0,0,21615283,0,36155852,657824,0,0,0,0,0,0,0,0,16384,0,0,0,0,0,0,0,0,0,0,0,3253,422,0,0,0,0,0,49477560,0,147,0,2,422,3253,0,0,0,0,0,0,0,0,0,0,0,0,0,0,0,0,0,0,0,0,0,0,0,0,0,0,0,0,0,0,0,0,0,0,0,0,0,0,0,0,0,0,0,0,0,0,0,0,0,0,0,0,0,0,255663597,0,0,0,460672498,0,0,0,0,0,0,0,79238659,111525393,292745695,156513112576,69238373,1,0,0,0,0,0,0,0,0,0,0,0,0,0,0,0,0,0,0,0,0,0,0,0,0,0,0,0,0,0,0,372,0,0,0,0,0,0,0
1782975672.172,0,0,0,0,0,0,0,706342150,1823383702016,789388684288,0,0,0,0,0,0,0,0,0,0,0,0,0,0,0,0,0,0,0,0,0,0,0,0,0,0,0,0,0,0,0,0,0,0,0,0,0,0,0,0,0,0,0,0,0,0,0,0,0,0,0,0,0,0,0,0,0,0,7,1839589,111542679,36234179,0,0,0,0,0,0,0,0,0,0,0,0,0,0,0,0,0,0,0,0,0,0,0,0,0,0,0,0,0,0,0,0,0,0,0,0,0,12874268672,4598824960,785783,280690,36172332,553,0,96,786432,110585067,811153,6,3415235788,12884901888,24050,679316248,0,0,0,0,0,0,0,0,0,0,0,0,0,0,0,0,0,0,16280871,116177178,0,468,1202,7661,620,32562005,35,0,0,0,0,0,0,0,1,0,0,0,0,0,0,0,0,0,0,21620829,0,36172106,658145,0,0,0,0,0,0,0,0,16384,0,0,0,0,0,0,0,0,0,0,0,3254,422,0,0,0,0,0,49492241,0,147,0,2,422,3254,0,0,0,0,0,0,0,0,0,0,0,0,0,0,0,0,0,0,0,0,0,0,0,0,0,0,0,0,0,0,0,0,0,0,0,0,0,0,0,0,0,0,0,0,0,0,0,0,0,0,0,0,0,0,255742515,0,0,0,460754468,0,0,0,0,0,0,0,79272239,111582085,292841108,156554147840,69267155,1,0,0,0,0,0,0,0,0,0,0,0,0,0,0,0,0,0,0,0,0,0,0,0,0,0,0,0,0,0,0,384,0,0,0,0,0,0,0
1782975673.240,0,0,0,0,0,0,0,706508590,1824311478784,789701442560,0,0,0,0,0,0,0,0,0,0,0,0,0,0,0,0,0,0,0,0,0,0,0,0,0,0,0,0,0,0,0,0,0,0,0,0,0,0,0,0,0,0,0,0,0,0,0,0,0,0,0,0,0,0,0,0,0,0,7,1839628,111599432,36250391,0,0,0,0,0,0,0,0,0,0,0,0,0,0,0,0,0,0,0,0,0,0,0,0,0,0,0,0,0,0,0,0,0,0,0,0,0,12877873152,4601298944,786003,280841,36188544,333,0,96,786432,110641770,811153,6,3416059483,12884901888,24050,679427058,0,0,0,0,0,0,0,0,0,0,0,0,0,0,0,0,0,0,16285691,116181997,0,468,1202,7661,620,32571642,35,0,0,0,0,0,0,0,1,0,0,0,0,0,0,0,0,0,0,21626367,0,36188318,658456,0,0,0,0,0,0,0,0,16384,0,0,0,0,0,0,0,0,0,0,0,3255,422,0,0,0,0,0,49506887,0,147,0,2,422,3255,0,0,0,0,0,0,0,0,0,0,0,0,0,0,0,0,0,0,0,0,0,0,0,0,0,0,0,0,0,0,0,0,0,0,0,0,0,0,0,0,0,0,0,0,0,0,0,0,0,0,0,0,0,0,255821277,0,0,0,460836347,0,0,0,0,0,0,0,79306510,111638702,292936316,156595258368,69296653,1,0,0,0,0,0,0,0,0,0,0,0,0,0,0,0,0,0,0,0,0,0,0,0,0,0,0,0,0,0,0,386,0,0,0,0,0,0,0
1782975674.305,0,0,0,0,0,0,0,706675310,1825240271360,790013967360,0,0,0,0,0,0,0,0,0,0,0,0,0,0,0,0,0,0,0,0,0,0,0,0,0,0,0,0,0,0,0,0,0,0,0,0,0,0,0,0,0,0,0,0,0,0,0,0,0,0,0,0,0,0,0,0,0,0,7,1839661,111656242,36266592,0,0,0,0,0,0,0,0,0,0,0,0,0,0,0,0,0,0,0,0,0,0,0,0,0,0,0,0,0,0,0,0,0,0,0,0,0,12875759616,4606296064,785874,281146,36204745,461,0,96,786432,110698527,811153,6,3416884989,12884901888,24050,679538581,0,0,0,0,0,0,0,0,0,0,0,0,0,0,0,0,0,0,16290512,116186819,0,468,1202,7661,620,32581285,35,0,0,0,0,0,0,0,1,0,0,0,0,0,0,0,0,0,0,21631907,0,36204519,658778,0,0,0,0,0,0,0,0,16384,0,0,0,0,0,0,0,0,0,0,0,3256,422,0,0,0,0,0,49521541,0,147,0,2,422,3256,0,0,0,0,0,0,0,0,0,0,0,0,0,0,0,0,0,0,0,0,0,0,0,0,0,0,0,0,0,0,0,0,0,0,0,0,0,0,0,0,0,0,0,0,0,0,0,0,0,0,0,0,0,0,255900239,0,0,0,460918208,0,0,0,0,0,0,0,79340278,111695379,293031707,156636430848,69325581,1,0,0,0,0,0,0,0,0,0,0,0,0,0,0,0,0,0,0,0,0,0,0,0,0,0,0,0,0,0,0,388,0,0,0,0,0,0,0
1782975675.374,0,0,0,0,0,0,0,706840307,1826154433024,790351911424,0,0,0,0,0,0,0,0,0,0,0,0,0,0,0,0,0,0,0,0,0,0,0,0,0,0,0,0,0,0,0,0,0,0,0,0,0,0,0,0,0,0,0,0,0,0,0,0,0,0,0,0,0,0,0,0,0,0,7,1839695,111712180,36284347,0,0,0,0,0,0,0,0,0,0,0,0,0,0,0,0,0,0,0,0,0,0,0,0,0,0,0,0,0,0,0,0,0,0,0,0,0,12878233600,4580589568,786024,279577,36220837,310,0,97,786432,110754384,811153,6,3417702862,12884901888,24050,679649481,0,0,0,0,0,0,0,0,0,0,0,0,0,0,0,0,0,0,16295284,116191590,0,468,1202,7661,620,32590831,35,0,0,0,0,0,0,0,1,0,0,0,0,0,0,0,0,0,0,21637398,0,36222275,659103,0,0,0,0,0,0,0,0,16384,0,0,0,0,0,0,0,0,0,0,0,3257,422,0,0,0,0,0,49536052,0,147,0,2,422,3257,0,0,0,0,0,0,0,0,0,0,0,0,0,0,0,0,0,0,0,0,0,0,0,0,0,0,0,0,0,0,0,0,0,0,0,0,0,0,0,0,0,0,0,0,0,0,0,0,0,0,0,0,0,0,255978327,0,0,0,460999439,0,0,0,0,0,0,0,79373550,111751183,293127772,156677250560,69353978,1,0,0,0,0,0,0,0,0,0,0,0,0,0,0,0,0,0,0,0,0,0,0,0,0,0,0,0,0,0,0,317,0,0,0,0,0,0,0
1782975676.441,0,0,0,0,0,0,0,707005529,1827073133056,790698747392,0,0,0,0,0,0,0,0,0,0,0,0,0,0,0,0,0,0,0,0,0,0,0,0,0,0,0,0,0,0,0,0,0,0,0,0,0,0,0,0,0,0,0,0,0,0,0,0,0,0,0,0,0,0,0,0,0,0,7,1839723,111768397,36302644,0,0,0,0,0,0,0,0,0,0,0,0,0,0,0,0,0,0,0,0,0,0,0,0,0,0,0,0,0,0,0,0,0,0,0,0,0,12880674816,4548722688,786173,277632,36240797,162,0,97,786432,110810530,811153,6,3418520230,12884901888,24050,679759454,0,0,0,0,0,0,0,0,0,0,0,0,0,0,0,0,0,0,16300064,116196370,0,468,1202,7661,620,32600391,35,0,0,0,0,0,0,0,1,0,0,0,0,0,0,0,0,0,0,21642889,0,36240571,659431,0,0,0,0,0,0,0,0,16384,0,0,0,0,0,0,0,0,0,0,0,3258,422,0,0,0,0,0,49550596,0,147,0,2,422,3258,0,0,0,0,0,0,0,0,0,0,0,0,0,0,0,0,0,0,0,0,0,0,0,0,0,0,0,0,0,0,0,0,0,0,0,0,0,0,0,0,0,0,0,0,0,0,0,0,0,0,0,0,0,0,256057277,0,0,0,461080649,0,0,0,0,0,0,0,79407147,111807254,293225233,156718343168,69382485,1,0,0,0,0,0,0,0,0,0,0,0,0,0,0,0,0,0,0,0,0,0,0,0,0,0,0,0,0,0,0,281,0,0,0,0,0,0,0
1782975677.510,0,0,0,0,0,0,0,707171253,1827999435264,791010761216,0,0,0,0,0,0,0,0,0,0,0,0,0,0,0,0,0,0,0,0,0,0,0,0,0,0,0,0,0,0,0,0,0,0,0,0,0,0,0,0,0,0,0,0,0,0,0,0,0,0,0,0,0,0,0,0,0,0,7,1839756,111825065,36318827,0,0,0,0,0,0,0,0,0,0,0,0,0,0,0,0,0,0,0,0,0,0,0,0,0,0,0,0,0,0,0,0,0,0,0,0,0,12878053376,4550328320,786013,277730,36256980,322,0,97,786432,110867142,811153,6,3419341404,12884901888,24050,679869897,0,0,0,0,0,0,0,0,0,0,0,0,0,0,0,0,0,0,16304864,116201170,0,468,1202,7661,620,32609988,35,0,0,0,0,0,0,0,1,0,0,0,0,0,0,0,0,0,0,21648404,0,36256754,659740,0,0,0,0,0,0,0,0,16384,0,0,0,0,0,0,0,0,0,0,0,3260,422,0,0,0,0,0,49565189,0,147,0,2,422,3260,0,0,0,0,0,0,0,0,0,0,0,0,0,0,0,0,0,0,0,0,0,0,0,0,0,0,0,0,0,0,0,0,0,0,0,0,0,0,0,0,0,0,0,0,0,0,0,0,0,0,0,0,0,0,256135597,0,0,0,461162195,0,0,0,0,0,0,0,79440595,111863781,293319941,156759238144,69411179,1,0,0,0,0,0,0,0,0,0,0,0,0,0,0,0,0,0,0,0,0,0,0,0,0,0,0,0,0,0,0,289,0,0,0,0,0,0,0
1782975678.578,0,0,0,0,0,0,0,707338692,1828929702400,791323132928,0,0,0,0,0,0,0,0,0,0,0,0,0,0,0,0,0,0,0,0,0,0,0,0,0,0,0,0,0,0,0,0,0,0,0,0,0,0,0,0,0,0,0,0,0,0,0,0,0,0,0,0,0,0,0,0,0,0,7,1839782,111881954,36335005,0,0,0,0,0,0,0,0,0,0,0,0,0,0,0,0,0,0,0,0,0,0,0,0,0,0,0,0,0,0,0,0,0,0,0,0,0,12874448896,4556242944,785794,278091,36273158,541,0,96,786432,110923976,811153,6,3420169698,12884901888,24050,679981128,0,0,0,0,0,0,0,0,0,0,0,0,0,0,0,0,0,0,16309714,116206020,0,468,1202,7661,620,32619694,35,0,0,0,0,0,0,0,1,0,0,0,0,0,0,0,0,0,0,21653981,0,36272932,660052,0,0,0,0,0,0,0,0,16384,0,0,0,0,0,0,0,0,0,0,0,3261,422,0,0,0,0,0,49579957,0,147,0,2,422,3261,0,0,0,0,0,0,0,0,0,0,0,0,0,0,0,0,0,0,0,0,0,0,0,0,0,0,0,0,0,0,0,0,0,0,0,0,0,0,0,0,0,0,0,0,0,0,0,0,0,0,0,0,0,0,256215051,0,0,0,461244580,0,0,0,0,0,0,0,79474638,111920528,293415790,156800441856,69440421,0,0,0,0,0,0,0,0,0,0,0,0,0,0,0,0,0,0,0,0,0,0,0,0,0,0,0,0,0,0,0,307,0,0,0,0,0,0,0
1782975679.647,0,0,0,0,0,0,0,707506906,1829863868928,791636290560,0,0,0,0,0,0,0,0,0,0,0,0,0,0,0,0,0,0,0,0,0,0,0,0,0,0,0,0,0,0,0,0,0,0,0,0,0,0,0,0,0,0,0,0,0,0,0,0,0,0,0,0,0,0,0,0,0,0,7,1839818,111939098,36351215,0,0,0,0,0,0,0,0,0,0,0,0,0,0,0,0,0,0,0,0,0,0,0,0,0,0,0,0,0,0,0,0,0,0,0,0,0,12878413824,4561141760,786036,278390,36289368,299,0,96,786432,110981071,811153,6,3421001240,12884901888,24050,680092449,0,0,0,0,0,0,0,0,0,0,0,0,0,0,0,0,0,0,16314588,116210894,0,468,1202,7661,620,32629434,35,0,0,0,0,0,0,0,1,0,0,0,0,0,0,0,0,0,0,21659579,0,36289142,660371,0,0,0,0,0,0,0,0,16384,0,0,0,0,0,0,0,0,0,0,0,3262,422,0,0,0,0,0,49594715,0,147,0,2,422,3262,0,0,0,0,0,0,0,0,0,0,0,0,0,0,0,0,0,0,0,0,0,0,0,0,0,0,0,0,0,0,0,0,0,0,0,0,0,0,0,0,0,0,0,0,0,0,0,0,0,0,0,0,0,0,256294681,0,0,0,461327244,0,0,0,0,0,0,0,79508714,111977528,293511879,156841899520,69469772,0,0,0,0,0,0,0,0,0,0,0,0,0,0,0,0,0,0,0,0,0,0,0,0,0,0,0,0,0,0,0,350,0,0,0,0,0,0,0
1782975680.716,0,0,0,0,0,0,0,707672370,1830788958720,791949413376,0,0,0,0,0,0,0,0,0,0,0,0,0,0,0,0,0,0,0,0,0,0,0,0,0,0,0,0,0,0,0,0,0,0,0,0,0,0,0,0,0,0,0,0,0,0,0,0,0,0,0,0,0,0,0,0,0,0,7,1839846,111995697,36367444,0,0,0,0,0,0,0,0,0,0,0,0,0,0,0,0,0,0,0,0,0,0,0,0,0,0,0,0,0,0,0,0,0,0,0,0,0,12875038720,4565123072,785830,278633,36305597,506,0,96,786432,111037601,811153,6,3421820376,12884901888,24050,680202117,0,0,0,0,0,0,0,0,0,0,0,0,0,0,0,0,0,0,16319383,116215689,0,468,1202,7661,620,32639030,35,0,0,0,0,0,0,0,1,0,0,0,0,0,0,0,0,0,0,21665089,0,36305371,660690,0,0,0,0,0,0,0,0,16384,0,0,0,0,0,0,0,0,0,0,0,3263,422,0,0,0,0,0,49609321,0,147,0,2,422,3263,0,0,0,0,0,0,0,0,0,0,0,0,0,0,0,0,0,0,0,0,0,0,0,0,0,0,0,0,0,0,0,0,0,0,0,0,0,0,0,0,0,0,0,0,0,0,0,0,0,0,0,0,0,0,256373876,0,0,0,461408713,0,0,0,0,0,0,0,79542417,112033988,293607546,156883261440,69498629,0,0,0,0,0,0,0,0,0,0,0,0,0,0,0,0,0,0,0,0,0,0,0,0,0,0,0,0,0,0,0,388,0,0,0,0,0,0,0
1782975681.783,0,0,0,0,0,0,0,707840065,1831719438848,792260126208,0,0,0,0,0,0,0,0,0,0,0,0,0,0,0,0,0,0,0,0,0,0,0,0,0,0,0,0,0,0,0,0,0,0,0,0,0,0,0,0,0,0,0,0,0,0,0,0,0,0,0,0,0,0,0,0,0,0,7,1839878,112052608,36383515,0,0,0,0,0,0,0,0,0,0,0,0,0,0,0,0,0,0,0,0,0,0,0,0,0,0,0,0,0,0,0,0,0,0,0,0,0,12874612736,4571889664,785803,279046,36321668,531,0,97,786432,111094456,811153,6,3422650595,12884901888,24050,680314143,0,0,0,0,0,0,0,0,0,0,0,0,0,0,0,0,0,0,16324232,116220538,0,468,1202,7661,620,32648724,35,0,0,0,0,0,0,0,1,0,0,0,0,0,0,0,0,0,0,21670667,0,36321442,661004,0,0,0,0,0,0,0,0,16384,0,0,0,0,0,0,0,0,0,0,0,3264,422,0,0,0,0,0,49624063,0,147,0,2,422,3264,0,0,0,0,0,0,0,0,0,0,0,0,0,0,0,0,0,0,0,0,0,0,0,0,0,0,0,0,0,0,0,0,0,0,0,0,0,0,0,0,0,0,0,0,0,0,0,0,0,0,0,0,0,0,256453226,0,0,0,461491019,0,0,0,0,0,0,0,79576347,112090773,293703198,156924645888,69527895,1,1,0,0,0,0,0,0,0,0,0,0,0,0,0,0,0,0,0,0,0,0,0,0,0,0,0,0,0,0,0,442,0,0,0,0,0,0,0
1782975682.851,0,0,0,0,0,0,0,708007259,1832644823552,792570753024,0,0,0,0,0,0,0,0,0,0,0,0,0,0,0,0,0,0,0,0,0,0,0,0,0,0,0,0,0,0,0,0,0,0,0,0,0,0,0,0,0,0,0,0,0,0,0,0,0,0,0,0,0,0,0,0,0,0,7,1839897,112109215,36399584,0,0,0,0,0,0,0,0,0,0,0,0,0,0,0,0,0,0,0,0,0,0,0,0,0,0,0,0,0,0,0,0,0,0,0,0,0,12875874304,4578000896,785880,279419,36337737,454,0,99,786432,111151002,811153,6,3423477379,12884901888,24050,680425339,0,0,0,0,0,0,0,0,0,0,0,0,0,0,0,0,0,0,16329068,116225374,0,468,1202,7661,620,32658395,35,0,0,0,0,0,0,0,1,0,0,0,0,0,0,0,0,0,0,21676227,0,36337511,661317,0,0,0,0,0,0,0,0,16384,0,0,0,0,0,0,0,0,0,0,0,3265,422,0,0,0,0,0,49638778,0,147,0,2,422,3265,0,0,0,0,0,0,0,0,0,0,0,0,0,0,0,0,0,0,0,0,0,0,0,0,0,0,0,0,0,0,0,0,0,0,0,0,0,0,0,0,0,0,0,0,0,0,0,0,0,0,0,0,0,0,256532884,0,0,0,461573088,0,0,0,0,0,0,0,79609855,112147261,293799159,156966064128,69556698,1,0,0,0,0,0,0,0,0,0,0,0,0,0,0,0,0,0,0,0,0,0,0,0,0,0,0,0,0,0,0,513,0,0,0,0,0,0,0
1782975683.919,0,0,0,0,0,0,0,708174616,1833569913344,792885083648,0,0,0,0,0,0,0,0,0,0,0,0,0,0,0,0,0,0,0,0,0,0,0,0,0,0,0,0,0,0,0,0,0,0,0,0,0,0,0,0,0,0,0,0,0,0,0,0,0,0,0,0,0,0,0,0,0,0,7,1839931,112165801,36415853,0,0,0,0,0,0,0,0,0,0,0,0,0,0,0,0,0,0,0,0,0,0,0,0,0,0,0,0,0,0,0,0,0,0,0,0,0,12875366400,4580425728,785850,279567,36354006,485,0,96,786432,111207515,811153,6,3424305381,12884901888,24050,680536598,0,0,0,0,0,0,0,0,0,0,0,0,0,0,0,0,0,0,16333911,116230218,0,468,1202,7661,620,32668088,35,0,0,0,0,0,0,0,1,0,0,0,0,0,0,0,0,0,0,21681794,0,36353780,661631,0,0,0,0,0,0,0,0,16384,0,0,0,0,0,0,0,0,0,0,0,3266,422,0,0,0,0,0,49653503,0,147,0,2,422,3266,0,0,0,0,0,0,0,0,0,0,0,0,0,0,0,0,0,0,0,0,0,0,0,0,0,0,0,0,0,0,0,0,0,0,0,0,0,0,0,0,0,0,0,0,0,0,0,0,0,0,0,0,0,0,256612673,0,0,0,461655412,0,0,0,0,0,0,0,79643617,112203721,293895460,157007698432,69585659,1,0,0,0,0,0,0,0,0,0,0,0,0,0,0,0,0,0,0,0,0,0,0,0,0,0,0,0,0,0,0,562,0,0,0,0,0,0,0
1782975684.988,0,0,0,0,0,0,0,708342645,1834499951104,793198782464,0,0,0,0,0,0,0,0,0,0,0,0,0,0,0,0,0,0,0,0,0,0,0,0,0,0,0,0,0,0,0,0,0,0,0,0,0,0,0,0,0,0,0,0,0,0,0,0,0,0,0,0,0,0,0,0,0,0,7,1839965,112222707,36432081,0,0,0,0,0,0,0,0,0,0,0,0,0,0,0,0,0,0,0,0,0,0,0,0,0,0,0,0,0,0,0,0,0,0,0,0,0,12875284480,4587782144,785845,280016,36370234,489,0,96,786432,111264358,811153,6,3425136895,12884901888,24050,680648965,0,0,0,0,0,0,0,0,0,0,0,0,0,0,0,0,0,0,16338770,116235077,0,468,1202,7661,620,32677806,35,0,0,0,0,0,0,0,1,0,0,0,0,0,0,0,0,0,0,21687382,0,36370008,661952,0,0,0,0,0,0,0,0,16384,0,0,0,0,0,0,0,0,0,0,0,3267,422,0,0,0,0,0,49668276,0,147,0,2,422,3267,0,0,0,0,0,0,0,0,0,0,0,0,0,0,0,0,0,0,0,0,0,0,0,0,0,0,0,0,0,0,0,0,0,0,0,0,0,0,0,0,0,0,0,0,0,0,0,0,0,0,0,0,0,0,256692354,0,0,0,461737891,0,0,0,0,0,0,0,79677573,112260493,293991582,157049277440,69614755,1,1,0,0,0,0,0,0,0,0,0,0,0,0,0,0,0,0,0,0,0,0,0,0,0,0,0,0,0,0,0,618,0,0,0,0,0,0,0
1782975686.054,0,0,0,0,0,0,0,708512027,1835443390976,793515563008,0,0,0,0,0,0,0,0,0,0,0,0,0,0,0,0,0,0,0,0,0,0,0,0,0,0,0,0,0,0,0,0,0,0,0,0,0,0,0,0,0,0,0,0,0,0,0,0,0,0,0,0,0,0,0,0,0,0,7,1839991,112280422,36448475,0,0,0,0,0,0,0,0,0,0,0,0,0,0,0,0,0,0,0,0,0,0,0,0,0,0,0,0,0,0,0,0,0,0,0,0,0,12876857344,4592795648,785941,280322,36386615,394,0,96,786432,111322015,811153,6,3425975400,12884901888,24050,680761705,0,0,0,0,0,0,0,0,0,0,0,0,0,0,0,0,0,0,16343675,116239981,0,468,1202,7661,620,32687612,35,0,0,0,0,0,0,0,1,0,0,0,0,0,0,0,0,0,0,21693016,0,36386406,662267,0,0,0,0,0,0,0,0,16384,0,0,0,0,0,0,0,0,0,0,0,3268,422,0,0,0,0,0,49683188,0,147,0,2,422,3268,0,0,0,0,0,0,0,0,0,0,0,0,0,0,0,0,0,0,0,0,0,0,0,0,0,0,0,0,0,0,0,0,0,0,0,0,0,0,0,0,0,0,0,0,0,0,0,0,0,0,0,0,0,0,256772651,0,0,0,461821065,0,0,0,0,0,0,0,79711807,112318057,294088520,157091193344,69644259,1,1,0,0,0,0,0,0,0,0,0,0,0,0,0,0,0,0,0,0,0,0,0,0,0,0,0,0,0,0,0,717,0,0,0,0,0,0,0
1782975687.123,0,0,0,0,0,0,0,708677522,1836364237312,793828087808,0,0,0,0,0,0,0,0,0,0,0,0,0,0,0,0,0,0,0,0,0,0,0,0,0,0,0,0,0,0,0,0,0,0,0,0,0,0,0,0,0,0,0,0,0,0,0,0,0,0,0,0,0,0,0,0,0,0,7,1840016,112336746,36464674,0,0,0,0,0,0,0,0,0,0,0,0,0,0,0,0,0,0,0,0,0,0,0,0,0,0,0,0,0,0,0,0,0,0,0,0,0,12876300288,4593172480,785907,280345,36402827,428,0,97,786432,111378284,811153,6,3426794514,12884901888,24050,680871610,0,0,0,0,0,0,0,0,0,0,0,0,0,0,0,0,0,0,16348464,116244770,0,468,1202,7661,620,32697185,35,0,0,0,0,0,0,0,1,0,0,0,0,0,0,0,0,0,0,21698520,0,36402601,662579,0,0,0,0,0,0,0,0,16384,0,0,0,0,0,0,0,0,0,0,0,3269,422,0,0,0,0,0,49697783,0,147,0,2,422,3269,0,0,0,0,0,0,0,0,0,0,0,0,0,0,0,0,0,0,0,0,0,0,0,0,0,0,0,0,0,0,0,0,0,0,0,0,0,0,0,0,0,0,0,0,0,0,0,0,0,0,0,0,0,0,256851873,0,0,0,461902432,0,0,0,0,0,0,0,79745418,112374237,294184154,157132345856,69673101,0,0,0,0,0,0,0,0,0,0,0,0,0,0,0,0,0,0,0,0,0,0,0,0,0,0,0,0,0,0,0,751,0,0,0,0,0,0,0
1782975688.187,0,0,0,0,0,0,0,708843558,1837286803968,794138466816,0,0,0,0,0,0,0,0,0,0,0,0,0,0,0,0,0,0,0,0,0,0,0,0,0,0,0,0,0,0,0,0,0,0,0,0,0,0,0,0,0,0,0,0,0,0,0,0,0,0,0,0,0,0,0,0,0,0,7,1840046,112393190,36480727,0,0,0,0,0,0,0,0,0,0,0,0,0,0,0,0,0,0,0,0,0,0,0,0,0,0,0,0,0,0,0,0,0,0,0,0,0,12877086720,4596137984,785955,280526,36418880,381,0,96,786432,111434659,811153,6,3427616370,12884901888,24050,680982507,0,0,0,0,0,0,0,0,0,0,0,0,0,0,0,0,0,0,16353263,116249570,0,468,1202,7661,620,32706784,35,0,0,0,0,0,0,0,1,0,0,0,0,0,0,0,0,0,0,21704034,0,36418654,662893,0,0,0,0,0,0,0,0,16384,0,0,0,0,0,0,0,0,0,0,0,3270,422,0,0,0,0,0,49712364,0,147,0,2,422,3270,0,0,0,0,0,0,0,0,0,0,0,0,0,0,0,0,0,0,0,0,0,0,0,0,0,0,0,0,0,0,0,0,0,0,0,0,0,0,0,0,0,0,0,0,0,0,0,0,0,0,0,0,0,0,256930821,0,0,0,461984003,0,0,0,0,0,0,0,79779126,112430549,294279407,157173632512,69702012,1,1,0,0,0,0,0,0,0,0,0,0,0,0,0,0,0,0,0,0,0,0,0,0,0,0,0,0,0,0,0,736,0,0,0,0,0,0,0
1782975689.256,0,0,0,0,0,0,0,709008376,1838206077440,794450689536,0,0,0,0,0,0,0,0,0,0,0,0,0,0,0,0,0,0,0,0,0,0,0,0,0,0,0,0,0,0,0,0,0,0,0,0,0,0,0,0,0,0,0,0,0,0,0,0,0,0,0,0,0,0,0,0,0,0,7,1840073,112449404,36496938,0,0,0,0,0,0,0,0,0,0,0,0,0,0,0,0,0,0,0,0,0,0,0,0,0,0,0,0,0,0,0,0,0,0,0,0,0,12873285632,4596072448,785722,280522,36435091,613,0,97,786432,111490812,811153,6,3428431916,12884901888,24050,681092338,0,0,0,0,0,0,0,0,0,0,0,0,0,0,0,0,0,0,16358033,116254338,0,468,1202,7661,620,32716327,35,0,0,0,0,0,0,0,1,0,0,0,0,0,0,0,0,0,0,21709514,0,36434865,663202,0,0,0,0,0,0,0,0,16384,0,0,0,0,0,0,0,0,0,0,0,3271,422,0,0,0,0,0,49726830,0,147,0,2,422,3271,0,0,0,0,0,0,0,0,0,0,0,0,0,0,0,0,0,0,0,0,0,0,0,0,0,0,0,0,0,0,0,0,0,0,0,0,0,0,0,0,0,0,0,0,0,0,0,0,0,0,0,0,0,0,257009360,0,0,0,462065117,0,0,0,0,0,0,0,79812205,112486642,294374383,157214438400,69730550,1,0,0,0,0,0,0,0,0,0,0,0,0,0,0,0,0,0,0,0,0,0,0,0,0,0,0,0,0,0,0,681,0,0,0,0,0,0,0
1782975690.325,0,0,0,0,0,0,0,709173980,1839128873472,794761178112,0,0,0,0,0,0,0,0,0,0,0,0,0,0,0,0,0,0,0,0,0,0,0,0,0,0,0,0,0,0,0,0,0,0,0,0,0,0,0,0,0,0,0,0,0,0,0,0,0,0,0,0,0,0,0,0,0,0,7,1840109,112505831,36513008,0,0,0,0,0,0,0,0,0,0,0,0,0,0,0,0,0,0,0,0,0,0,0,0,0,0,0,0,0,0,0,0,0,0,0,0,0,12876070912,4599349248,785893,280722,36451162,441,0,96,786432,111547177,811153,6,3429252179,12884901888,24050,681203174,0,0,0,0,0,0,0,0,0,0,0,0,0,0,0,0,0,0,16362823,116259128,0,468,1202,7661,620,32725905,35,0,0,0,0,0,0,0,1,0,0,0,0,0,0,0,0,0,0,21715014,0,36450936,663507,0,0,0,0,0,0,0,0,16384,0,0,0,0,0,0,0,0,0,0,0,3272,422,0,0,0,0,0,49741410,0,147,0,2,422,3272,0,0,0,0,0,0,0,0,0,0,0,0,0,0,0,0,0,0,0,0,0,0,0,0,0,0,0,0,0,0,0,0,0,0,0,0,0,0,0,0,0,0,0,0,0,0,0,0,0,0,0,0,0,0,257088446,0,0,0,462146524,0,0,0,0,0,0,0,79846232,112542942,294469766,157255782400,69759952,1,0,0,0,0,0,0,0,0,0,0,0,0,0,0,0,0,0,0,0,0,0,0,0,0,0,0,0,0,0,0,643,0,0,0,0,0,0,0
1782975691.392,0,0,0,0,0,0,0,709336532,1840033548800,795105121280,0,0,0,0,0,0,0,0,0,0,0,0,0,0,0,0,0,0,0,0,0,0,0,0,0,0,0,0,0,0,0,0,0,0,0,0,0,0,0,0,0,0,0,0,0,0,0,0,0,0,0,0,0,0,0,0,0,0,7,1840142,112561148,36531103,0,0,0,0,0,0,0,0,0,0,0,0,0,0,0,0,0,0,0,0,0,0,0,0,0,0,0,0,0,0,0,0,0,0,0,0,0,12874629120,4565745664,785805,278671,36466978,528,0,96,786432,111602434,811153,6,3430057088,12884901888,24050,681312230,0,0,0,0,0,0,0,0,0,0,0,0,0,0,0,0,0,0,16367525,116263831,0,468,1202,7661,620,32735310,35,0,0,0,0,0,0,0,1,0,0,0,0,0,0,0,0,0,0,21720425,0,36468800,663830,0,0,0,0,0,0,0,0,16384,0,0,0,0,0,0,0,0,0,0,0,3273,422,0,0,0,0,0,49755706,0,147,0,2,422,3273,0,0,0,0,0,0,0,0,0,0,0,0,0,0,0,0,0,0,0,0,0,0,0,0,0,0,0,0,0,0,0,0,0,0,0,0,0,0,0,0,0,0,0,0,0,0,0,0,0,0,0,0,0,0,257165940,0,0,0,462226558,0,0,0,0,0,0,0,79879265,112598141,294565589,157296294400,69788059,1,0,0,0,0,0,0,0,0,0,0,0,0,0,0,0,0,0,0,0,0,0,0,0,0,0,0,0,0,0,0,543,0,0,0,0,0,0,0
1782975692.456,0,0,0,0,0,0,0,709501056,1840946579968,795440131072,0,0,0,0,0,0,0,0,0,0,0,0,0,0,0,0,0,0,0,0,0,0,0,0,0,0,0,0,0,0,0,0,0,0,0,0,0,0,0,0,0,0,0,0,0,0,0,0,0,0,0,0,0,0,0,0,0,0,7,1840160,112616991,36548753,0,0,0,0,0,0,0,0,0,0,0,0,0,0,0,0,0,0,0,0,0,0,0,0,0,0,0,0,0,0,0,0,0,0,0,0,0,12875366400,4541415424,785851,277186,36486906,487,0,97,786432,111658213,811153,6,3430870731,12884901888,24050,681421692,0,0,0,0,0,0,0,0,0,0,0,0,0,0,0,0,0,0,16372285,116268591,0,468,1202,7661,620,32744832,35,0,0,0,0,0,0,0,1,0,0,0,0,0,0,0,0,0,0,21725896,0,36486680,664154,0,0,0,0,0,0,0,0,16384,0,0,0,0,0,0,0,0,0,0,0,3275,422,0,0,0,0,0,49770190,0,147,0,2,422,3275,0,0,0,0,0,0,0,0,0,0,0,0,0,0,0,0,0,0,0,0,0,0,0,0,0,0,0,0,0,0,0,0,0,0,0,0,0,0,0,0,0,0,0,0,0,0,0,0,0,0,0,0,0,0,257244204,0,0,0,462307436,0,0,0,0,0,0,0,79912695,112653845,294661712,157337043456,69816647,0,0,0,0,0,0,0,0,0,0,0,0,0,0,0,0,0,0,0,0,0,0,0,0,0,0,0,0,0,0,0,507,0,0,0,0,0,0,0
1782975693.525,0,0,0,0,0,0,0,709669289,1841882499584,795750849536,0,0,0,0,0,0,0,0,0,0,0,0,0,0,0,0,0,0,0,0,0,0,0,0,0,0,0,0,0,0,0,0,0,0,0,0,0,0,0,0,0,0,0,0,0,0,0,0,0,0,0,0,0,0,0,0,0,0,7,1840180,112674221,36564813,0,0,0,0,0,0,0,0,0,0,0,0,0,0,0,0,0,0,0,0,0,0,0,0,0,0,0,0,0,0,0,0,0,0,0,0,0,12876562432,4549378048,785923,277672,36502966,412,0,97,786432,111715375,811153,6,3431703651,12884901888,24050,681533977,0,0,0,0,0,0,0,0,0,0,0,0,0,0,0,0,0,0,16377155,116273461,0,468,1202,7661,620,32754569,35,0,0,0,0,0,0,0,1,0,0,0,0,0,0,0,0,0,0,21731488,0,36502740,664475,0,0,0,0,0,0,0,0,16384,0,0,0,0,0,0,0,0,0,0,0,3276,422,0,0,0,0,0,49785003,0,147,0,2,422,3276,0,0,0,0,0,0,0,0,0,0,0,0,0,0,0,0,0,0,0,0,0,0,0,0,0,0,0,0,0,0,0,0,0,0,0,0,0,0,0,0,0,0,0,0,0,0,0,0,0,0,0,0,0,0,257323676,0,0,0,462390075,0,0,0,0,0,0,0,79946662,112710949,294757457,157378517504,69845811,0,1,0,0,0,0,0,0,0,0,0,0,0,0,0,0,0,0,0,0,0,0,0,0,0,0,0,0,0,0,0,565,0,0,0,0,0,0,0
1782975694.590,0,0,0,0,0,0,0,709835866,1842811423232,796060693504,0,0,0,0,0,0,0,0,0,0,0,0,0,0,0,0,0,0,0,0,0,0,0,0,0,0,0,0,0,0,0,0,0,0,0,0,0,0,0,0,0,0,0,0,0,0,0,0,0,0,0,0,0,0,0,0,0,0,7,1840213,112731050,36580868,0,0,0,0,0,0,0,0,0,0,0,0,0,0,0,0,0,0,0,0,0,0,0,0,0,0,0,0,0,0,0,0,0,0,0,0,0,12877561856,4554047488,785984,277957,36519021,350,0,96,786432,111772137,811153,6,3432528469,12884901888,24050,681645332,0,0,0,0,0,0,0,0,0,0,0,0,0,0,0,0,0,0,16381969,116278274,0,468,1202,7661,620,32764195,35,0,0,0,0,0,0,0,1,0,0,0,0,0,0,0,0,0,0,21737022,0,36518795,664788,0,0,0,0,0,0,0,0,16384,0,0,0,0,0,0,0,0,0,0,0,3277,422,0,0,0,0,0,49799621,0,147,0,2,422,3277,0,0,0,0,0,0,0,0,0,0,0,0,0,0,0,0,0,0,0,0,0,0,0,0,0,0,0,0,0,0,0,0,0,0,0,0,0,0,0,0,0,0,0,0,0,0,0,0,0,0,0,0,0,0,257401878,0,0,0,462471902,0,0,0,0,0,0,0,79979674,112767665,294851915,157419242496,69874224,0,0,0,0,0,0,0,0,0,0,0,0,0,0,0,0,0,0,0,0,0,0,0,0,0,0,0,0,0,0,0,561,0,0,0,0,0,0,0
1782975695.657,0,0,0,0,0,0,0,710003007,1843739167232,796371534336,0,0,0,0,0,0,0,0,0,0,0,0,0,0,0,0,0,0,0,0,0,0,0,0,0,0,0,0,0,0,0,0,0,0,0,0,0,0,0,0,0,0,0,0,0,0,0,0,0,0,0,0,0,0,0,0,0,0,7,1840239,112787799,36596969,0,0,0,0,0,0,0,0,0,0,0,0,0,0,0,0,0,0,0,0,0,0,0,0,0,0,0,0,0,0,0,0,0,0,0,0,0,12879691776,4561223680,786114,278395,36535122,222,0,96,786432,111828816,811153,6,3433355639,12884901888,24050,681756677,0,0,0,0,0,0,0,0,0,0,0,0,0,0,0,0,0,0,16386806,116283112,0,468,1202,7661,620,32773870,35,0,0,0,0,0,0,0,1,0,0,0,0,0,0,0,0,0,0,21742585,0,36534896,665098,0,0,0,0,0,0,0,0,16384,0,0,0,0,0,0,0,0,0,0,0,3278,422,0,0,0,0,0,49814312,0,147,0,2,422,3278,0,0,0,0,0,0,0,0,0,0,0,0,0,0,0,0,0,0,0,0,0,0,0,0,0,0,0,0,0,0,0,0,0,0,0,0,0,0,0,0,0,0,0,0,0,0,0,0,0,0,0,0,0,0,257480492,0,0,0,462554015,0,0,0,0,0,0,0,80012956,112824264,294946831,157460210688,69902919,0,0,0,0,0,0,0,0,0,0,0,0,0,0,0,0,0,0,0,0,0,0,0,0,0,0,0,0,0,0,0,601,0,0,0,0,0,0,0
1782975696.725,0,0,0,0,0,0,0,710169579,1844663470592,796681521152,0,0,0,0,0,0,0,0,0,0,0,0,0,0,0,0,0,0,0,0,0,0,0,0,0,0,0,0,0,0,0,0,0,0,0,0,0,0,0,0,0,0,0,0,0,0,0,0,0,0,0,0,0,0,0,0,0,0,7,1840263,112844374,36613034,0,0,0,0,0,0,0,0,0,0,0,0,0,0,0,0,0,0,0,0,0,0,0,0,0,0,0,0,0,0,0,0,0,0,0,0,0,12877479936,4567531520,785979,278780,36551187,356,0,97,786432,111885328,811153,6,3434180135,12884901888,24050,681868023,0,0,0,0,0,0,0,0,0,0,0,0,0,0,0,0,0,0,16391615,116287921,0,468,1202,7661,620,32783497,35,0,0,0,0,0,0,0,1,0,0,0,0,0,0,0,0,0,0,21748117,0,36550961,665420,0,0,0,0,0,0,0,0,16384,0,0,0,0,0,0,0,0,0,0,0,3279,422,0,0,0,0,0,49828924,0,147,0,2,422,3279,0,0,0,0,0,0,0,0,0,0,0,0,0,0,0,0,0,0,0,0,0,0,0,0,0,0,0,0,0,0,0,0,0,0,0,0,0,0,0,0,0,0,0,0,0,0,0,0,0,0,0,0,0,0,257558603,0,0,0,462635750,0,0,0,0,0,0,0,80046347,112880708,295041243,157500968448,69931574,1,0,0,0,0,0,0,0,0,0,0,0,0,0,0,0,0,0,0,0,0,0,0,0,0,0,0,0,0,0,0,624,0,0,0,0,0,0,0
1782975697.793,0,0,0,0,0,0,0,710335742,1845589297664,796994384896,0,0,0,0,0,0,0,0,0,0,0,0,0,0,0,0,0,0,0,0,0,0,0,0,0,0,0,0,0,0,0,0,0,0,0,0,0,0,0,0,0,0,0,0,0,0,0,0,0,0,0,0,0,0,0,0,0,0,7,1840287,112901002,36629253,0,0,0,0,0,0,0,0,0,0,0,0,0,0,0,0,0,0,0,0,0,0,0,0,0,0,0,0,0,0,0,0,0,0,0,0,0,12876824576,4568268800,785939,278825,36567406,397,0,97,786432,111941901,811153,6,3435003454,12884901888,24050,681978731,0,0,0,0,0,0,0,0,0,0,0,0,0,0,0,0,0,0,16396428,116292734,0,468,1202,7661,620,32793124,35,0,0,0,0,0,0,0,1,0,0,0,0,0,0,0,0,0,0,21753652,0,36567180,665741,0,0,0,0,0,0,0,0,16384,0,0,0,0,0,0,0,0,0,0,0,3280,422,0,0,0,0,0,49843564,0,147,0,2,422,3280,0,0,0,0,0,0,0,0,0,0,0,0,0,0,0,0,0,0,0,0,0,0,0,0,0,0,0,0,0,0,0,0,0,0,0,0,0,0,0,0,0,0,0,0,0,0,0,0,0,0,0,0,0,0,257637939,0,0,0,462717437,0,0,0,0,0,0,0,80080437,112937226,295137044,157542241792,69960848,1,0,0,0,0,0,0,0,0,0,0,0,0,0,0,0,0,0,0,0,0,0,0,0,0,0,0,0,0,0,0,658,0,0,0,0,0,0,0
1782975698.857,0,0,0,0,0,0,0,710502315,1846515845632,797306708992,0,0,0,0,0,0,0,0,0,0,0,0,0,0,0,0,0,0,0,0,0,0,0,0,0,0,0,0,0,0,0,0,0,0,0,0,0,0,0,0,0,0,0,0,0,0,0,0,0,0,0,0,0,0,0,0,0,0,7,1840317,112957676,36645442,0,0,0,0,0,0,0,0,0,0,0,0,0,0,0,0,0,0,0,0,0,0,0,0,0,0,0,0,0,0,0,0,0,0,0,0,0,12881592320,4571856896,786230,279044,36583595,106,0,97,786432,111998515,811153,6,3435827645,12884901888,24050,682089714,0,0,0,0,0,0,0,0,0,0,0,0,0,0,0,0,0,0,16401249,116297554,0,468,1202,7661,620,32802759,35,0,0,0,0,0,0,0,1,0,0,0,0,0,0,0,0,0,0,21759196,0,36583369,666051,0,0,0,0,0,0,0,0,16384,0,0,0,0,0,0,0,0,0,0,0,3281,422,0,0,0,0,0,49858229,0,147,0,2,422,3281,0,0,0,0,0,0,0,0,0,0,0,0,0,0,0,0,0,0,0,0,0,0,0,0,0,0,0,0,0,0,0,0,0,0,0,0,0,0,0,0,0,0,0,0,0,0,0,0,0,0,0,0,0,0,257716987,0,0,0,462799317,0,0,0,0,0,0,0,80114119,112993758,295232510,157583287808,69989935,1,0,0,0,0,0,0,0,0,0,0,0,0,0,0,0,0,0,0,0,0,0,0,0,0,0,0,0,0,0,0,676,0,0,0,0,0,0,0
1782975699.926,0,0,0,0,0,0,0,710669488,1847444736512,797622747648,0,0,0,0,0,0,0,0,0,0,0,0,0,0,0,0,0,0,0,0,0,0,0,0,0,0,0,0,0,0,0,0,0,0,0,0,0,0,0,0,0,0,0,0,0,0,0,0,0,0,0,0,0,0,0,0,0,0,7,1840351,113014511,36661822,0,0,0,0,0,0,0,0,0,0,0,0,0,0,0,0,0,0,0,0,0,0,0,0,0,0,0,0,0,0,0,0,0,0,0,0,0,12877529088,4574396416,785982,279199,36599975,353,0,96,786432,112055278,811153,6,3436654705,12884901888,24050,682200894,0,0,0,0,0,0,0,0,0,0,0,0,0,0,0,0,0,0,16406091,116302398,0,468,1202,7661,620,32812447,35,0,0,0,0,0,0,0,1,0,0,0,0,0,0,0,0,0,0,21764762,0,36599749,666376,0,0,0,0,0,0,0,0,16384,0,0,0,0,0,0,0,0,0,0,0,3282,422,0,0,0,0,0,49872930,0,147,0,2,422,3282,0,0,0,0,0,0,0,0,0,0,0,0,0,0,0,0,0,0,0,0,0,0,0,0,0,0,0,0,0,0,0,0,0,0,0,0,0,0,0,0,0,0,0,0,0,0,0,0,0,0,0,0,0,0,257796700,0,0,0,462881513,0,0,0,0,0,0,0,80148165,113050425,295328829,157624852992,70019123,1,1,0,0,0,0,0,0,0,0,0,0,0,0,0,0,0,0,0,0,0,0,0,0,0,0,0,0,0,0,0,720,0,0,0,0,0,0,0
1782975700.995,0,0,0,0,0,0,0,710837453,1848376134144,797936870400,0,0,0,0,0,0,0,0,0,0,0,0,0,0,0,0,0,0,0,0,0,0,0,0,0,0,0,0,0,0,0,0,0,0,0,0,0,0,0,0,0,0,0,0,0,0,0,0,0,0,0,0,0,0,0,0,0,0,7,1840380,113071483,36678093,0,0,0,0,0,0,0,0,0,0,0,0,0,0,0,0,0,0,0,0,0,0,0,0,0,0,0,0,0,0,0,0,0,0,0,0,0,12876234752,4577787904,785903,279406,36616246,432,0,96,786432,112112183,811153,6,3437485583,12884901888,24050,682312502,0,0,0,0,0,0,0,0,0,0,0,0,0,0,0,0,0,0,16410951,116307258,0,468,1202,7661,620,32822167,35,0,0,0,0,0,0,0,1,0,0,0,0,0,0,0,0,0,0,21770347,0,36616020,666686,0,0,0,0,0,0,0,0,16384,0,0,0,0,0,0,0,0,0,0,0,3283,422,0,0,0,0,0,49887721,0,147,0,2,422,3283,0,0,0,0,0,0,0,0,0,0,0,0,0,0,0,0,0,0,0,0,0,0,0,0,0,0,0,0,0,0,0,0,0,0,0,0,0,0,0,0,0,0,0,0,0,0,0,0,0,0,0,0,0,0,257876323,0,0,0,462964056,0,0,0,0,0,0,0,80181724,113107240,295424955,157666350592,70048020,1,0,0,0,0,0,0,0,0,0,0,0,0,0,0,0,0,0,0,0,0,0,0,0,0,0,0,0,0,0,0,799,0,0,0,0,0,0,0
1782975702.061,0,0,0,0,0,0,0,711002893,1849297553920,798244166144,0,0,0,0,0,0,0,0,0,0,0,0,0,0,0,0,0,0,0,0,0,0,0,0,0,0,0,0,0,0,0,0,0,0,0,0,0,0,0,0,0,0,0,0,0,0,0,0,0,0,0,0,0,0,0,0,0,0,7,1840404,113127854,36693988,0,0,0,0,0,0,0,0,0,0,0,0,0,0,0,0,0,0,0,0,0,0,0,0,0,0,0,0,0,0,0,0,0,0,0,0,0,12880576512,4585897984,786168,279901,36632141,168,0,96,786432,112168503,811153,6,3438305181,12884901888,24050,682422876,0,0,0,0,0,0,0,0,0,0,0,0,0,0,0,0,0,0,16415742,116312049,0,468,1202,7661,620,32831744,35,0,0,0,0,0,0,0,1,0,0,0,0,0,0,0,0,0,0,21775852,0,36631915,667000,0,0,0,0,0,0,0,0,16384,0,0,0,0,0,0,0,0,0,0,0,3284,422,0,0,0,0,0,49902290,0,147,0,2,422,3284,0,0,0,0,0,0,0,0,0,0,0,0,0,0,0,0,0,0,0,0,0,0,0,0,0,0,0,0,0,0,0,0,0,0,0,0,0,0,0,0,0,0,0,0,0,0,0,0,0,0,0,0,0,0,257954832,0,0,0,463045454,0,0,0,0,0,0,0,80215356,113163461,295519580,157707272704,70076924,1,0,0,0,0,0,0,0,0,0,0,0,0,0,0,0,0,0,0,0,0,0,0,0,0,0,0,0,0,0,0,764,0,0,0,0,0,0,0
1782975703.128,0,0,0,0,0,0,0,711168753,1850221021696,798557882880,0,0,0,0,0,0,0,0,0,0,0,0,0,0,0,0,0,0,0,0,0,0,0,0,0,0,0,0,0,0,0,0,0,0,0,0,0,0,0,0,0,0,0,0,0,0,0,0,0,0,0,0,0,0,0,0,0,0,7,1840431,113184330,36710265,0,0,0,0,0,0,0,0,0,0,0,0,0,0,0,0,0,0,0,0,0,0,0,0,0,0,0,0,0,0,0,0,0,0,0,0,0,12874973184,4585390080,785826,279870,36648418,510,0,96,786432,112224907,811153,6,3439126186,12884901888,24050,682532818,0,0,0,0,0,0,0,0,0,0,0,0,0,0,0,0,0,0,16420547,116316854,0,468,1202,7661,620,32841358,35,0,0,0,0,0,0,0,1,0,0,0,0,0,0,0,0,0,0,21781376,0,36648192,667311,0,0,0,0,0,0,0,0,16384,0,0,0,0,0,0,0,0,0,0,0,3285,422,0,0,0,0,0,49916890,0,147,0,2,422,3285,0,0,0,0,0,0,0,0,0,0,0,0,0,0,0,0,0,0,0,0,0,0,0,0,0,0,0,0,0,0,0,0,0,0,0,0,0,0,0,0,0,0,0,0,0,0,0,0,0,0,0,0,0,0,258033394,0,0,0,463127133,0,0,0,0,0,0,0,80248855,113219786,295614637,157748295168,70105716,1,1,0,0,0,0,0,0,0,0,0,0,0,0,0,0,0,0,0,0,0,0,0,0,0,0,0,0,0,0,0,733,0,0,0,0,0,0,0
1782975704.194,0,0,0,0,0,0,0,711334570,1851147225600,798867615744,0,0,0,0,0,0,0,0,0,0,0,0,0,0,0,0,0,0,0,0,0,0,0,0,0,0,0,0,0,0,0,0,0,0,0,0,0,0,0,0,0,0,0,0,0,0,0,0,0,0,0,0,0,0,0,0,0,0,7,1840473,113240998,36726413,0,0,0,0,0,0,0,0,0,0,0,0,0,0,0,0,0,0,0,0,0,0,0,0,0,0,0,0,0,0,0,0,0,0,0,0,0,12876988416,4589862912,785949,280143,36664521,386,0,96,786432,112281512,811153,6,3439947705,12884901888,24050,682643917,0,0,0,0,0,0,0,0,0,0,0,0,0,0,0,0,0,0,16425343,116321650,0,468,1202,7661,620,32850950,35,0,0,0,0,0,0,0,1,0,0,0,0,0,0,0,0,0,0,21786888,0,36664354,667628,0,0,0,0,0,0,0,0,16384,0,0,0,0,0,0,0,0,0,0,0,3286,422,0,0,0,0,0,49931481,0,147,0,2,422,3286,0,0,0,0,0,0,0,0,0,0,0,0,0,0,0,0,0,0,0,0,0,0,0,0,0,0,0,0,0,0,0,0,0,0,0,0,0,0,0,0,0,0,0,0,0,0,0,0,0,0,0,0,0,0,258107535,0,0,0,463208607,0,0,0,0,0,0,0,80280407,113276320,295705173,157787172864,70132617,0,0,0,0,0,0,0,0,0,0,0,0,0,0,0,0,0,0,0,0,0,0,0,0,0,0,0,0,0,0,0,734,0,0,0,0,0,0,0
1782975705.262,0,0,0,0,0,0,0,711500247,1852070857216,799179232256,0,0,0,0,0,0,0,0,0,0,0,0,0,0,0,0,0,0,0,0,0,0,0,0,0,0,0,0,0,0,0,0,0,0,0,0,0,0,0,0,0,0,0,0,0,0,0,0,0,0,0,0,0,0,0,0,0,0,7,1840493,113297497,36742624,0,0,0,0,0,0,0,0,0,0,0,0,0,0,0,0,0,0,0,0,0,0,0,0,0,0,0,0,0,0,0,0,0,0,0,0,0,12877168640,4593287168,785960,280352,36680777,376,0,96,786432,112337946,811153,6,3440768128,12884901888,24050,682754283,0,0,0,0,0,0,0,0,0,0,0,0,0,0,0,0,0,0,16430139,116326446,0,468,1202,7661,620,32860546,35,0,0,0,0,0,0,0,1,0,0,0,0,0,0,0,0,0,0,21792405,0,36680551,667946,0,0,0,0,0,0,0,0,16384,0,0,0,0,0,0,0,0,0,0,0,3287,422,0,0,0,0,0,49946063,0,147,0,2,422,3287,0,0,0,0,0,0,0,0,0,0,0,0,0,0,0,0,0,0,0,0,0,0,0,0,0,0,0,0,0,0,0,0,0,0,0,0,0,0,0,0,0,0,0,0,0,0,0,0,0,0,0,0,0,0,258184554,0,0,0,463290055,0,0,0,0,0,0,0,80313437,113332671,295798635,157827304448,70160900,1,1,0,0,0,0,0,0,0,0,0,0,0,0,0,0,0,0,0,0,0,0,0,0,0,0,0,0,0,0,0,739,0,0,0,0,0,0,0
1782975706.324,0,0,0,0,0,0,0,711665886,1852994570752,799485475328,0,0,0,0,0,0,0,0,0,0,0,0,0,0,0,0,0,0,0,0,0,0,0,0,0,0,0,0,0,0,0,0,0,0,0,0,0,0,0,0,0,0,0,0,0,0,0,0,0,0,0,0,0,0,0,0,0,0,7,1840518,113354004,36758469,0,0,0,0,0,0,0,0,0,0,0,0,0,0,0,0,0,0,0,0,0,0,0,0,0,0,0,0,0,0,0,0,0,0,0,0,0,12879396864,4602150912,786096,280893,36696622,240,0,96,786432,112394400,811153,6,3441588150,12884901888,24050,682864415,0,0,0,0,0,0,0,0,0,0,0,0,0,0,0,0,0,0,16434935,116331242,0,468,1202,7661,620,32870135,35,0,0,0,0,0,0,0,1,0,0,0,0,0,0,0,0,0,0,21797920,0,36696396,668250,0,0,0,0,0,0,0,0,16384,0,0,0,0,0,0,0,0,0,0,0,3288,422,0,0,0,0,0,49960645,0,147,0,2,422,3288,0,0,0,0,0,0,0,0,0,0,0,0,0,0,0,0,0,0,0,0,0,0,0,0,0,0,0,0,0,0,0,0,0,0,0,0,0,0,0,0,0,0,0,0,0,0,0,0,0,0,0,0,0,0,258262762,0,0,0,463371569,0,0,0,0,0,0,0,80346138,113389032,295892879,157868016640,70189077,1,0,0,0,0,0,0,0,0,0,0,0,0,0,0,0,0,0,0,0,0,0,0,0,0,0,0,0,0,0,0,726,0,0,0,0,0,0,0
1782975707.391,0,0,0,0,0,0,0,711831428,1853913041408,799836185600,0,0,0,0,0,0,0,0,0,0,0,0,0,0,0,0,0,0,0,0,0,0,0,0,0,0,0,0,0,0,0,0,0,0,0,0,0,0,0,0,0,0,0,0,0,0,0,0,0,0,0,0,0,0,0,0,0,0,7,1840540,113410165,36776979,0,0,0,0,0,0,0,0,0,0,0,0,0,0,0,0,0,0,0,0,0,0,0,0,0,0,0,0,0,0,0,0,0,0,0,0,0,12877922304,4564516864,786006,278596,36712882,330,0,96,786432,112450495,811153,6,3442407048,12884901888,24050,682974177,0,0,0,0,0,0,0,0,0,0,0,0,0,0,0,0,0,0,16439724,116336031,0,468,1202,7661,620,32879712,35,0,0,0,0,0,0,0,1,0,0,0,0,0,0,0,0,0,0,21803423,0,36714832,668584,0,0,0,0,0,0,0,0,16384,0,0,0,0,0,0,0,0,0,0,0,3289,422,0,0,0,0,0,49975228,0,147,0,2,422,3289,0,0,0,0,0,0,0,0,0,0,0,0,0,0,0,0,0,0,0,0,0,0,0,0,0,0,0,0,0,0,0,0,0,0,0,0,0,0,0,0,0,0,0,0,0,0,0,0,0,0,0,0,0,0,258341269,0,0,0,463452959,0,0,0,0,0,0,0,80378738,113445054,295990155,157908876800,70216723,1,0,0,0,0,0,0,0,0,0,0,0,0,0,0,0,0,0,0,0,0,0,0,0,0,0,0,0,0,0,0,703,0,0,0,0,0,0,0
1782975708.456,0,0,0,0,0,0,0,711996394,1854829120000,800171608064,0,0,0,0,0,0,0,0,0,0,0,0,0,0,0,0,0,0,0,0,0,0,0,0,0,0,0,0,0,0,0,0,0,0,0,0,0,0,0,0,0,0,0,0,0,0,0,0,0,0,0,0,0,0,0,0,0,0,7,1840569,113466211,36794662,0,0,0,0,0,0,0,0,0,0,0,0,0,0,0,0,0,0,0,0,0,0,0,0,0,0,0,0,0,0,0,0,0,0,0,0,0,12873859072,4542775296,785758,277269,36732815,578,0,96,786432,112506475,811153,6,3443223878,12884901888,24050,683084589,0,0,0,0,0,0,0,0,0,0,0,0,0,0,0,0,0,0,16444500,116340807,0,468,1202,7661,620,32889266,35,0,0,0,0,0,0,0,1,0,0,0,0,0,0,0,0,0,0,21808912,0,36732589,668912,0,0,0,0,0,0,0,0,16384,0,0,0,0,0,0,0,0,0,0,0,3291,422,0,0,0,0,0,49989737,0,147,0,2,422,3291,0,0,0,0,0,0,0,0,0,0,0,0,0,0,0,0,0,0,0,0,0,0,0,0,0,0,0,0,0,0,0,0,0,0,0,0,0,0,0,0,0,0,0,0,0,0,0,0,0,0,0,0,0,0,258419568,0,0,0,463534070,0,0,0,0,0,0,0,80412338,113500946,296086335,157949705216,70245404,1,1,0,0,0,0,0,0,0,0,0,0,0,0,0,0,0,0,0,0,0,0,0,0,0,0,0,0,0,0,0,680,0,0,0,0,0,0,0
1782975709.520,0,0,0,0,0,0,0,712162749,1855751948800,800482289664,0,0,0,0,0,0,0,0,0,0,0,0,0,0,0,0,0,0,0,0,0,0,0,0,0,0,0,0,0,0,0,0,0,0,0,0,0,0,0,0,0,0,0,0,0,0,0,0,0,0,0,0,0,0,0,0,0,0,7,1840596,113522658,36810743,0,0,0,0,0,0,0,0,0,0,0,0,0,0,0,0,0,0,0,0,0,0,0,0,0,0,0,0,0,0,0,0,0,0,0,0,0,12874268672,4548608000,785783,277625,36748896,552,0,96,786432,112562867,811153,6,3444046880,12884901888,24050,683195199,0,0,0,0,0,0,0,0,0,0,0,0,0,0,0,0,0,0,16449318,116345625,0,468,1202,7661,620,32898900,35,0,0,0,0,0,0,0,1,0,0,0,0,0,0,0,0,0,0,21814452,0,36748670,669225,0,0,0,0,0,0,0,0,16384,0,0,0,0,0,0,0,0,0,0,0,3292,422,0,0,0,0,0,50004368,0,147,0,2,422,3292,0,0,0,0,0,0,0,0,0,0,0,0,0,0,0,0,0,0,0,0,0,0,0,0,0,0,0,0,0,0,0,0,0,0,0,0,0,0,0,0,0,0,0,0,0,0,0,0,0,0,0,0,0,0,258498901,0,0,0,463615888,0,0,0,0,0,0,0,80446572,113557242,296181970,157990979584,70274910,1,0,0,0,0,0,0,0,0,0,0,0,0,0,0,0,0,0,0,0,0,0,0,0,0,0,0,0,0,0,0,709,0,0,0,0,0,0,0
1782975710.588,0,0,0,0,0,0,0,712328941,1856678660608,800795453952,0,0,0,0,0,0,0,0,0,0,0,0,0,0,0,0,0,0,0,0,0,0,0,0,0,0,0,0,0,0,0,0,0,0,0,0,0,0,0,0,0,0,0,0,0,0,0,0,0,0,0,0,0,0,0,0,0,0,7,1840618,113579350,36826984,0,0,0,0,0,0,0,0,0,0,0,0,0,0,0,0,0,0,0,0,0,0,0,0,0,0,0,0,0,0,0,0,0,0,0,0,0,12874727424,4553392128,785811,277917,36765137,524,0,96,786432,112619499,811153,6,3444870215,12884901888,24050,683305521,0,0,0,0,0,0,0,0,0,0,0,0,0,0,0,0,0,0,16454134,116350440,0,468,1202,7661,620,32908530,35,0,0,0,0,0,0,0,1,0,0,0,0,0,0,0,0,0,0,21819986,0,36764911,669542,0,0,0,0,0,0,0,0,16384,0,0,0,0,0,0,0,0,0,0,0,3293,422,0,0,0,0,0,50019006,0,147,0,2,422,3293,0,0,0,0,0,0,0,0,0,0,0,0,0,0,0,0,0,0,0,0,0,0,0,0,0,0,0,0,0,0,0,0,0,0,0,0,0,0,0,0,0,0,0,0,0,0,0,0,0,0,0,0,0,0,258577936,0,0,0,463697641,0,0,0,0,0,0,0,80480685,113613794,296277480,158032081408,70304168,1,0,0,0,0,0,0,0,0,0,0,0,0,0,0,0,0,0,0,0,0,0,0,0,0,0,0,0,0,0,0,707,0,0,0,0,0,0,0
1782975711.654,0,0,0,0,0,0,0,712496481,1857607191040,801105395200,0,0,0,0,0,0,0,0,0,0,0,0,0,0,0,0,0,0,0,0,0,0,0,0,0,0,0,0,0,0,0,0,0,0,0,0,0,0,0,0,0,0,0,0,0,0,0,0,0,0,0,0,0,0,0,0,0,0,7,1840642,113636142,36843023,0,0,0,0,0,0,0,0,0,0,0,0,0,0,0,0,0,0,0,0,0,0,0,0,0,0,0,0,0,0,0,0,0,0,0,0,0,12877070336,4560322560,785954,278340,36781176,382,0,96,786432,112676238,811153,6,3445699258,12884901888,24050,683417133,0,0,0,0,0,0,0,0,0,0,0,0,0,0,0,0,0,0,16458977,116355283,0,468,1202,7661,620,32918218,35,0,0,0,0,0,0,0,1,0,0,0,0,0,0,0,0,0,0,21825551,0,36780950,669855,0,0,0,0,0,0,0,0,16384,0,0,0,0,0,0,0,0,0,0,0,3294,422,0,0,0,0,0,50033730,0,147,0,2,422,3294,0,0,0,0,0,0,0,0,0,0,0,0,0,0,0,0,0,0,0,0,0,0,0,0,0,0,0,0,0,0,0,0,0,0,0,0,0,0,0,0,0,0,0,0,0,0,0,0,0,0,0,0,0,0,258657039,0,0,0,463779968,0,0,0,0,0,0,0,80514919,113670437,296372851,158073253376,70333644,1,0,0,0,0,0,0,0,0,0,0,0,0,0,0,0,0,0,0,0,0,0,0,0,0,0,0,0,0,0,0,723,0,0,0,0,0,0,0
1782975712.722,0,0,0,0,0,0,0,712663156,1858532280832,801418905600,0,0,0,0,0,0,0,0,0,0,0,0,0,0,0,0,0,0,0,0,0,0,0,0,0,0,0,0,0,0,0,0,0,0,0,0,0,0,0,0,0,0,0,0,0,0,0,0,0,0,0,0,0,0,0,0,0,0,7,1840663,113692730,36859308,0,0,0,0,0,0,0,0,0,0,0,0,0,0,0,0,0,0,0,0,0,0,0,0,0,0,0,0,0,0,0,0,0,0,0,0,0,12874760192,4563763200,785814,278550,36797425,523,0,96,786432,112732757,811153,6,3446523877,12884901888,24050,683527740,0,0,0,0,0,0,0,0,0,0,0,0,0,0,0,0,0,0,16463807,116360114,0,468,1202,7661,620,32927884,35,0,0,0,0,0,0,0,1,0,0,0,0,0,0,0,0,0,0,21831104,0,36797245,670168,0,0,0,0,0,0,0,0,16384,0,0,0,0,0,0,0,0,0,0,0,3295,422,0,0,0,0,0,50048413,0,147,0,2,422,3295,0,0,0,0,0,0,0,0,0,0,0,0,0,0,0,0,0,0,0,0,0,0,0,0,0,0,0,0,0,0,0,0,0,0,0,0,0,0,0,0,0,0,0,0,0,0,0,0,0,0,0,0,0,0,258735994,0,0,0,463861974,0,0,0,0,0,0,0,80548658,113726883,296468321,158114226176,70362643,0,0,0,0,0,0,0,0,0,0,0,0,0,0,0,0,0,0,0,0,0,0,0,0,0,0,0,0,0,0,0,747,0,0,0,0,0,0,0
1782975713.788,0,0,0,0,0,0,0,712829845,1859460401664,801732337152,0,0,0,0,0,0,0,0,0,0,0,0,0,0,0,0,0,0,0,0,0,0,0,0,0,0,0,0,0,0,0,0,0,0,0,0,0,0,0,0,0,0,0,0,0,0,0,0,0,0,0,0,0,0,0,0,0,0,7,1840687,113749495,36875575,0,0,0,0,0,0,0,0,0,0,0,0,0,0,0,0,0,0,0,0,0,0,0,0,0,0,0,0,0,0,0,0,0,0,0,0,0,12876333056,4566614016,785907,278724,36813728,426,0,97,786432,112789464,811153,6,3447348684,12884901888,24050,683638560,0,0,0,0,0,0,0,0,0,0,0,0,0,0,0,0,0,0,16468637,116364943,0,468,1202,7661,620,32937533,35,0,0,0,0,0,0,0,1,0,0,0,0,0,0,0,0,0,0,21836652,0,36813502,670487,0,0,0,0,0,0,0,0,16384,0,0,0,0,0,0,0,0,0,0,0,3296,422,0,0,0,0,0,50063100,0,147,0,2,422,3296,0,0,0,0,0,0,0,0,0,0,0,0,0,0,0,0,0,0,0,0,0,0,0,0,0,0,0,0,0,0,0,0,0,0,0,0,0,0,0,0,0,0,0,0,0,0,0,0,0,0,0,0,0,0,258815212,0,0,0,463943983,0,0,0,0,0,0,0,80582362,113783493,296564015,158155513344,70391565,0,0,0,0,0,0,0,0,0,0,0,0,0,0,0,0,0,0,0,0,0,0,0,0,0,0,0,0,0,0,0,748,0,0,0,0,0,0,0
1782975714.854,0,0,0,0,0,0,0,712997698,1860392307200,802046503424,0,0,0,0,0,0,0,0,0,0,0,0,0,0,0,0,0,0,0,0,0,0,0,0,0,0,0,0,0,0,0,0,0,0,0,0,0,0,0,0,0,0,0,0,0,0,0,0,0,0,0,0,0,0,0,0,0,0,7,1840714,113806515,36891854,0,0,0,0,0,0,0,0,0,0,0,0,0,0,0,0,0,0,0,0,0,0,0,0,0,0,0,0,0,0,0,0,0,0,0,0,0,12876955648,4571791360,785946,279040,36830007,389,0,97,786432,112846426,811153,6,3448179488,12884901888,24050,683750239,0,0,0,0,0,0,0,0,0,0,0,0,0,0,0,0,0,0,16473491,116369798,0,468,1202,7661,620,32947248,35,0,0,0,0,0,0,0,1,0,0,0,0,0,0,0,0,0,0,21842234,0,36829781,670806,0,0,0,0,0,0,0,0,16384,0,0,0,0,0,0,0,0,0,0,0,3297,422,0,0,0,0,0,50077867,0,147,0,2,422,3297,0,0,0,0,0,0,0,0,0,0,0,0,0,0,0,0,0,0,0,0,0,0,0,0,0,0,0,0,0,0,0,0,0,0,0,0,0,0,0,0,0,0,0,0,0,0,0,0,0,0,0,0,0,0,258894986,0,0,0,464026485,0,0,0,0,0,0,0,80616796,113840374,296660281,158197007360,70421253,1,0,0,0,0,0,0,0,0,0,0,0,0,0,0,0,0,0,0,0,0,0,0,0,0,0,0,0,0,0,0,770,0,0,0,0,0,0,0
1782975715.922,0,0,0,0,0,0,0,713164074,1861316725248,802355723776,0,0,0,0,0,0,0,0,0,0,0,0,0,0,0,0,0,0,0,0,0,0,0,0,0,0,0,0,0,0,0,0,0,0,0,0,0,0,0,0,0,0,0,0,0,0,0,0,0,0,0,0,0,0,0,0,0,0,7,1840741,113863053,36907884,0,0,0,0,0,0,0,0,0,0,0,0,0,0,0,0,0,0,0,0,0,0,0,0,0,0,0,0,0,0,0,0,0,0,0,0,0,12875399168,4578197504,785852,279431,36846037,483,0,97,786432,112902894,811153,6,3449001765,12884901888,24050,683860399,0,0,0,0,0,0,0,0,0,0,0,0,0,0,0,0,0,0,16478310,116374617,0,468,1202,7661,620,32956885,35,0,0,0,0,0,0,0,1,0,0,0,0,0,0,0,0,0,0,21847768,0,36845811,671124,0,0,0,0,0,0,0,0,16384,0,0,0,0,0,0,0,0,0,0,0,3298,422,0,0,0,0,0,50092537,0,147,0,2,422,3298,0,0,0,0,0,0,0,0,0,0,0,0,0,0,0,0,0,0,0,0,0,0,0,0,0,0,0,0,0,0,0,0,0,0,0,0,0,0,0,0,0,0,0,0,0,0,0,0,0,0,0,0,0,0,258973032,0,0,0,464108331,0,0,0,0,0,0,0,80650287,113896773,296754589,158237592576,70450020,1,1,0,0,0,0,0,0,0,0,0,0,0,0,0,0,0,0,0,0,0,0,0,0,0,0,0,0,0,0,0,769,0,0,0,0,0,0,0
1782975716.989,0,0,0,0,0,0,0,713331237,1862245173760,802668151808,0,0,0,0,0,0,0,0,0,0,0,0,0,0,0,0,0,0,0,0,0,0,0,0,0,0,0,0,0,0,0,0,0,0,0,0,0,0,0,0,0,0,0,0,0,0,0,0,0,0,0,0,0,0,0,0,0,0,7,1840776,113919843,36924071,0,0,0,0,0,0,0,0,0,0,0,0,0,0,0,0,0,0,0,0,0,0,0,0,0,0,0,0,0,0,0,0,0,0,0,0,0,12874481664,4585996288,785796,279907,36862206,540,0,96,786432,112959625,811153,6,3449829273,12884901888,24050,683972122,0,0,0,0,0,0,0,0,0,0,0,0,0,0,0,0,0,0,16483152,116379455,0,468,1202,7661,620,32966567,35,0,0,0,0,0,0,0,1,0,0,0,0,0,0,0,0,0,0,21853327,0,36861980,671447,0,0,0,0,0,0,0,0,16384,0,0,0,0,0,0,0,0,0,0,0,3299,422,0,0,0,0,0,50107263,0,147,0,2,422,3299,0,0,0,0,0,0,0,0,0,0,0,0,0,0,0,0,0,0,0,0,0,0,0,0,0,0,0,0,0,0,0,0,0,0,0,0,0,0,0,0,0,0,0,0,0,0,0,0,0,0,0,0,0,0,259051933,0,0,0,464190509,0,0,0,0,0,0,0,80684246,113953423,296849930,158278799872,70479153,1,0,0,0,0,0,0,0,0,0,0,0,0,0,0,0,0,0,0,0,0,0,0,0,0,0,0,0,0,0,0,803,0,0,0,0,0,0,0
1782975718.057,0,0,0,0,0,0,0,713498387,1863169083904,802978724352,0,0,0,0,0,0,0,0,0,0,0,0,0,0,0,0,0,0,0,0,0,0,0,0,0,0,0,0,0,0,0,0,0,0,0,0,0,0,0,0,0,0,0,0,0,0,0,0,0,0,0,0,0,0,0,0,0,0,7,1840804,113976346,36940189,0,0,0,0,0,0,0,0,0,0,0,0,0,0,0,0,0,0,0,0,0,0,0,0,0,0,0,0,0,0,0,0,0,0,0,0,0,12879380480,4592713728,786095,280317,36878342,238,0,97,786432,113016075,811153,6,3450655943,12884901888,24050,684083986,0,0,0,0,0,0,0,0,0,0,0,0,0,0,0,0,0,0,16487978,116384285,0,468,1202,7661,620,32976219,35,0,0,0,0,0,0,0,1,0,0,0,0,0,0,0,0,0,0,21858877,0,36878116,671760,0,0,0,0,0,0,0,0,16384,0,0,0,0,0,0,0,0,0,0,0,3300,422,0,0,0,0,0,50121944,0,147,0,2,422,3300,0,0,0,0,0,0,0,0,0,0,0,0,0,0,0,0,0,0,0,0,0,0,0,0,0,0,0,0,0,0,0,0,0,0,0,0,0,0,0,0,0,0,0,0,0,0,0,0,0,0,0,0,0,0,259130378,0,0,0,464272556,0,0,0,0,0,0,0,80718219,114009785,296944686,158319517184,70508337,1,0,0,0,0,0,0,0,0,0,0,0,0,0,0,0,0,0,0,0,0,0,0,0,0,0,0,0,0,0,0,841,0,0,0,0,0,0,0
1782975719.122,0,0,0,0,0,0,0,713664893,1864096680448,803290844160,0,0,0,0,0,0,0,0,0,0,0,0,0,0,0,0,0,0,0,0,0,0,0,0,0,0,0,0,0,0,0,0,0,0,0,0,0,0,0,0,0,0,0,0,0,0,0,0,0,0,0,0,0,0,0,0,0,0,7,1840824,114033083,36956384,0,0,0,0,0,0,0,0,0,0,0,0,0,0,0,0,0,0,0,0,0,0,0,0,0,0,0,0,0,0,0,0,0,0,0,0,0,12875513856,4596793344,785859,280566,36894537,476,0,96,786432,113072749,811153,6,3451479688,12884901888,24050,684194355,0,0,0,0,0,0,0,0,0,0,0,0,0,0,0,0,0,0,16492798,116389103,0,468,1202,7661,620,32985858,35,0,0,0,0,0,0,0,1,0,0,0,0,0,0,0,0,0,0,21864414,0,36894311,672069,0,0,0,0,0,0,0,0,16384,0,0,0,0,0,0,0,0,0,0,0,3301,422,0,0,0,0,0,50136629,0,147,0,2,422,3301,0,0,0,0,0,0,0,0,0,0,0,0,0,0,0,0,0,0,0,0,0,0,0,0,0,0,0,0,0,0,0,0,0,0,0,0,0,0,0,0,0,0,0,0,0,0,0,0,0,0,0,0,0,0,259208842,0,0,0,464354394,0,0,0,0,0,0,0,80751433,114066371,297039564,158360318976,70536883,0,0,0,0,0,0,0,0,0,0,0,0,0,0,0,0,0,0,0,0,0,0,0,0,0,0,0,0,0,0,0,867,0,0,0,0,0,0,0
1782975720.187,0,0,0,0,0,0,0,713830758,1865025178112,803601951232,0,0,0,0,0,0,0,0,0,0,0,0,0,0,0,0,0,0,0,0,0,0,0,0,0,0,0,0,0,0,0,0,0,0,0,0,0,0,0,0,0,0,0,0,0,0,0,0,0,0,0,0,0,0,0,0,0,0,7,1840852,114089886,36972499,0,0,0,0,0,0,0,0,0,0,0,0,0,0,0,0,0,0,0,0,0,0,0,0,0,0,0,0,0,0,0,0,0,0,0,0,0,12879101952,4600250368,786077,280777,36910652,257,0,97,786432,113129500,811153,6,3452300700,12884901888,24050,684304489,0,0,0,0,0,0,0,0,0,0,0,0,0,0,0,0,0,0,16497604,116393911,0,468,1202,7661,620,32995478,35,0,0,0,0,0,0,0,1,0,0,0,0,0,0,0,0,0,0,21869935,0,36910426,672377,0,0,0,0,0,0,0,0,16384,0,0,0,0,0,0,0,0,0,0,0,3302,422,0,0,0,0,0,50151238,0,147,0,2,422,3302,0,0,0,0,0,0,0,0,0,0,0,0,0,0,0,0,0,0,0,0,0,0,0,0,0,0,0,0,0,0,0,0,0,0,0,0,0,0,0,0,0,0,0,0,0,0,0,0,0,0,0,0,0,0,259287821,0,0,0,464436012,0,0,0,0,0,0,0,80784966,114123014,297134869,158401465856,70565689,1,1,0,0,0,0,0,0,0,0,0,0,0,0,0,0,0,0,0,0,0,0,0,0,0,0,0,0,0,0,0,852,0,0,0,0,0,0,0
1782975721.256,0,0,0,0,0,0,0,713997551,1865954937344,803915394048,0,0,0,0,0,0,0,0,0,0,0,0,0,0,0,0,0,0,0,0,0,0,0,0,0,0,0,0,0,0,0,0,0,0,0,0,0,0,0,0,0,0,0,0,0,0,0,0,0,0,0,0,0,0,0,0,0,0,7,1840883,114146764,36988747,0,0,0,0,0,0,0,0,0,0,0,0,0,0,0,0,0,0,0,0,0,0,0,0,0,0,0,0,0,0,0,0,0,0,0,0,0,12875153408,4603396096,785837,280969,36926900,499,0,96,786432,113186313,811153,6,3453126146,12884901888,24050,684415342,0,0,0,0,0,0,0,0,0,0,0,0,0,0,0,0,0,0,16502434,116398740,0,468,1202,7661,620,33005134,35,0,0,0,0,0,0,0,1,0,0,0,0,0,0,0,0,0,0,21875485,0,36926674,672698,0,0,0,0,0,0,0,0,16384,0,0,0,0,0,0,0,0,0,0,0,3303,422,0,0,0,0,0,50165917,0,147,0,2,422,3303,0,0,0,0,0,0,0,0,0,0,0,0,0,0,0,0,0,0,0,0,0,0,0,0,0,0,0,0,0,0,0,0,0,0,0,0,0,0,0,0,0,0,0,0,0,0,0,0,0,0,0,0,0,0,259366688,0,0,0,464518072,0,0,0,0,0,0,0,80819134,114179761,297230224,158442578432,70595066,1,1,0,0,0,0,0,0,0,0,0,0,0,0,0,0,0,0,0,0,0,0,0,0,0,0,0,0,0,0,0,873,0,0,0,0,0,0,0
1782975722.324,0,0,0,0,0,0,0,714164064,1866885351936,804232355328,0,0,0,0,0,0,0,0,0,0,0,0,0,0,0,0,0,0,0,0,0,0,0,0,0,0,0,0,0,0,0,0,0,0,0,0,0,0,0,0,0,0,0,0,0,0,0,0,0,0,0,0,0,0,0,0,0,0,7,1840909,114203676,37005206,0,0,0,0,0,0,0,0,0,0,0,0,0,0,0,0,0,0,0,0,0,0,0,0,0,0,0,0,0,0,0,0,0,0,0,0,0,12874563584,4600446976,785802,280789,36943359,535,0,97,786432,113243172,811153,6,3453950242,12884901888,24050,684525841,0,0,0,0,0,0,0,0,0,0,0,0,0,0,0,0,0,0,16507251,116403557,0,468,1202,7661,620,33014766,35,0,0,0,0,0,0,0,1,0,0,0,0,0,0,0,0,0,0,21881022,0,36943137,673020,0,0,0,0,0,0,0,0,16384,0,0,0,0,0,0,0,0,0,0,0,3304,422,0,0,0,0,0,50180559,0,147,0,2,422,3304,0,0,0,0,0,0,0,0,0,0,0,0,0,0,0,0,0,0,0,0,0,0,0,0,0,0,0,0,0,0,0,0,0,0,0,0,0,0,0,0,0,0,0,0,0,0,0,0,0,0,0,0,0,0,259446186,0,0,0,464599900,0,0,0,0,0,0,0,80853388,114236530,297326401,158483886592,70624477,0,0,0,0,0,0,0,0,0,0,0,0,0,0,0,0,0,0,0,0,0,0,0,0,0,0,0,0,0,0,0,916,0,0,0,0,0,0,0
1782975723.393,0,0,0,0,0,0,0,714326569,1867786521088,804573237760,0,0,0,0,0,0,0,0,0,0,0,0,0,0,0,0,0,0,0,0,0,0,0,0,0,0,0,0,0,0,0,0,0,0,0,0,0,0,0,0,0,0,0,0,0,0,0,0,0,0,0,0,0,0,0,0,0,0,7,1840938,114258814,37023116,0,0,0,0,0,0,0,0,0,0,0,0,0,0,0,0,0,0,0,0,0,0,0,0,0,0,0,0,0,0,0,0,0,0,0,0,0,12874563584,4567007232,785801,278748,36959152,534,0,96,786432,113298249,811153,6,3454755174,12884901888,24050,684634408,0,0,0,0,0,0,0,0,0,0,0,0,0,0,0,0,0,0,16511959,116408264,0,468,1202,7661,620,33024182,35,0,0,0,0,0,0,0,1,0,0,0,0,0,0,0,0,0,0,21886432,0,36960974,673350,0,0,0,0,0,0,0,0,16384,0,0,0,0,0,0,0,0,0,0,0,3305,422,0,0,0,0,0,50194883,0,147,0,2,422,3305,0,0,0,0,0,0,0,0,0,0,0,0,0,0,0,0,0,0,0,0,0,0,0,0,0,0,0,0,0,0,0,0,0,0,0,0,0,0,0,0,0,0,0,0,0,0,0,0,0,0,0,0,0,0,259523914,0,0,0,464679966,0,0,0,0,0,0,0,80886199,114291537,297422299,158524509696,70652232,1,0,0,0,0,0,0,0,0,0,0,0,0,0,0,0,0,0,0,0,0,0,0,0,0,0,0,0,0,0,0,804,0,0,0,0,0,0,0
1782975724.460,0,0,0,0,0,0,0,714486284,1868677761536,804904811520,0,0,0,0,0,0,0,0,0,0,0,0,0,0,0,0,0,0,0,0,0,0,0,0,0,0,0,0,0,0,0,0,0,0,0,0,0,0,0,0,0,0,0,0,0,0,0,0,0,0,0,0,0,0,0,0,0,0,7,1840967,114313336,37040653,0,0,0,0,0,0,0,0,0,0,0,0,0,0,0,0,0,0,0,0,0,0,0,0,0,0,0,0,0,0,0,0,0,0,0,0,0,12874121216,4536172544,785774,276866,36978799,562,0,96,786432,113352709,811153,6,3455545862,12884901888,24050,684740450,0,0,0,0,0,0,0,0,0,0,0,0,0,0,0,0,0,0,16516584,116412889,0,468,1202,7661,620,33033434,35,0,0,0,0,0,0,0,1,0,0,0,0,0,0,0,0,0,0,21891748,0,36978581,673675,0,0,0,0,0,0,0,0,16384,0,0,0,0,0,0,0,0,0,0,0,3307,422,0,0,0,0,0,50208946,0,147,0,2,422,3307,0,0,0,0,0,0,0,0,0,0,0,0,0,0,0,0,0,0,0,0,0,0,0,0,0,0,0,0,0,0,0,0,0,0,0,0,0,0,0,0,0,0,0,0,0,0,0,0,0,0,0,0,0,0,259599478,0,0,0,464758726,0,0,0,0,0,0,0,80917171,114345911,297515626,158563787776,70678407,1,0,0,0,0,0,0,0,0,0,0,0,0,0,0,0,0,0,0,0,0,0,0,0,0,0,0,0,0,0,0,636,0,0,0,0,0,0,0
1782975725.523,0,0,0,0,0,0,0,714649389,1869579749888,805210411008,0,0,0,0,0,0,0,0,0,0,0,0,0,0,0,0,0,0,0,0,0,0,0,0,0,0,0,0,0,0,0,0,0,0,0,0,0,0,0,0,0,0,0,0,0,0,0,0,0,0,0,0,0,0,0,0,0,0,7,1840995,114368501,37056470,0,0,0,0,0,0,0,0,0,0,0,0,0,0,0,0,0,0,0,0,0,0,0,0,0,0,0,0,0,0,0,0,0,0,0,0,0,12875005952,4540039168,785828,277102,36994610,508,0,96,786432,113407802,811153,6,3456353106,12884901888,24050,684849420,0,0,0,0,0,0,0,0,0,0,0,0,0,0,0,0,0,0,16521309,116417614,0,468,1202,7661,620,33042883,35,0,0,0,0,0,0,0,1,0,0,0,0,0,0,0,0,0,0,21897175,0,36994384,673985,0,0,0,0,0,0,0,0,16384,0,0,0,0,0,0,0,0,0,0,0,3308,422,0,0,0,0,0,50223304,0,147,0,2,422,3308,0,0,0,0,0,0,0,0,0,0,0,0,0,0,0,0,0,0,0,0,0,0,0,0,0,0,0,0,0,0,0,0,0,0,0,0,0,0,0,0,0,0,0,0,0,0,0,0,0,0,0,0,0,0,259676984,0,0,0,464839011,0,0,0,0,0,0,0,80948870,114400959,297609172,158604172800,70705341,1,1,0,0,0,0,0,0,0,0,0,0,0,0,0,0,0,0,0,0,0,0,0,0,0,0,0,0,0,0,0,552,0,0,0,0,0,0,0
1782975726.591,0,0,0,0,0,0,0,714812685,1870488734208,805518645760,0,0,0,0,0,0,0,0,0,0,0,0,0,0,0,0,0,0,0,0,0,0,0,0,0,0,0,0,0,0,0,0,0,0,0,0,0,0,0,0,0,0,0,0,0,0,0,0,0,0,0,0,0,0,0,0,0,0,7,1841019,114424095,37072456,0,0,0,0,0,0,0,0,0,0,0,0,0,0,0,0,0,0,0,0,0,0,0,0,0,0,0,0,0,0,0,0,0,0,0,0,0,12873531392,4542480384,785738,277251,37010609,595,0,96,786432,113463335,811153,6,3457161552,12884901888,24050,684958294,0,0,0,0,0,0,0,0,0,0,0,0,0,0,0,0,0,0,16526033,116422338,0,468,1202,7661,620,33052326,35,0,0,0,0,0,0,0,1,0,0,0,0,0,0,0,0,0,0,21902610,0,37010383,674294,0,0,0,0,0,0,0,0,16384,0,0,0,0,0,0,0,0,0,0,0,3309,422,0,0,0,0,0,50237687,0,147,0,2,422,3309,0,0,0,0,0,0,0,0,0,0,0,0,0,0,0,0,0,0,0,0,0,0,0,0,0,0,0,0,0,0,0,0,0,0,0,0,0,0,0,0,0,0,0,0,0,0,0,0,0,0,0,0,0,0,259755404,0,0,0,464919420,0,0,0,0,0,0,0,80980754,114456420,297703795,158644881408,70732618,0,0,0,0,0,0,0,0,0,0,0,0,0,0,0,0,0,0,0,0,0,0,0,0,0,0,0,0,0,0,0,451,0,0,0,0,0,0,0
1782975727.658,0,0,0,0,0,0,0,714978302,1871407630848,805827301888,0,0,0,0,0,0,0,0,0,0,0,0,0,0,0,0,0,0,0,0,0,0,0,0,0,0,0,0,0,0,0,0,0,0,0,0,0,0,0,0,0,0,0,0,0,0,0,0,0,0,0,0,0,0,0,0,0,0,7,1841048,114480308,37088423,0,0,0,0,0,0,0,0,0,0,0,0,0,0,0,0,0,0,0,0,0,0,0,0,0,0,0,0,0,0,0,0,0,0,0,0,0,12874711040,4547592192,785810,277563,37026576,526,0,97,786432,113519487,811153,6,3457980637,12884901888,24050,685068145,0,0,0,0,0,0,0,0,0,0,0,0,0,0,0,0,0,0,16530834,116427137,0,468,1202,7661,620,33061930,35,0,0,0,0,0,0,0,1,0,0,0,0,0,0,0,0,0,0,21908125,0,37026350,674600,0,0,0,0,0,0,0,0,16384,0,0,0,0,0,0,0,0,0,0,0,3310,422,0,0,0,0,0,50252254,0,147,0,2,422,3310,0,0,0,0,0,0,0,0,0,0,0,0,0,0,0,0,0,0,0,0,0,0,0,0,0,0,0,0,0,0,0,0,0,0,0,0,0,0,0,0,0,0,0,0,0,0,0,0,0,0,0,0,0,0,259834705,0,0,0,465000882,0,0,0,0,0,0,0,81014339,114512510,297799263,158686025728,70761581,1,1,0,0,0,0,0,0,0,0,0,0,0,0,0,0,0,0,0,0,0,0,0,0,0,0,0,0,0,0,0,443,0,0,0,0,0,0,0
1782975728.724,0,0,0,0,0,0,0,715147152,1872342354432,806141616640,0,0,0,0,0,0,0,0,0,0,0,0,0,0,0,0,0,0,0,0,0,0,0,0,0,0,0,0,0,0,0,0,0,0,0,0,0,0,0,0,0,0,0,0,0,0,0,0,0,0,0,0,0,0,0,0,0,0,7,1841071,114537490,37104725,0,0,0,0,0,0,0,0,0,0,0,0,0,0,0,0,0,0,0,0,0,0,0,0,0,0,0,0,0,0,0,0,0,0,0,0,0,12876169216,4552130560,785899,277840,37042878,437,0,96,786432,113576611,811153,6,3458816032,12884901888,24050,685180333,0,0,0,0,0,0,0,0,0,0,0,0,0,0,0,0,0,0,16535721,116432025,0,468,1202,7661,620,33071708,35,0,0,0,0,0,0,0,1,0,0,0,0,0,0,0,0,0,0,21913736,0,37042652,674916,0,0,0,0,0,0,0,0,16384,0,0,0,0,0,0,0,0,0,0,0,3311,422,0,0,0,0,0,50267120,0,147,0,2,422,3311,0,0,0,0,0,0,0,0,0,0,0,0,0,0,0,0,0,0,0,0,0,0,0,0,0,0,0,0,0,0,0,0,0,0,0,0,0,0,0,0,0,0,0,0,0,0,0,0,0,0,0,0,0,0,259913264,0,0,0,465083826,0,0,0,0,0,0,0,81048386,114569547,297894364,158726999040,70790705,1,0,0,0,0,0,0,0,0,0,0,0,0,0,0,0,0,0,0,0,0,0,0,0,0,0,0,0,0,0,0,521,0,0,0,0,0,0,0
1782975729.791,0,0,0,0,0,0,0,715313396,1873265330688,806455232000,0,0,0,0,0,0,0,0,0,0,0,0,0,0,0,0,0,0,0,0,0,0,0,0,0,0,0,0,0,0,0,0,0,0,0,0,0,0,0,0,0,0,0,0,0,0,0,0,0,0,0,0,0,0,0,0,0,0,7,1841094,114593946,37121053,0,0,0,0,0,0,0,0,0,0,0,0,0,0,0,0,0,0,0,0,0,0,0,0,0,0,0,0,0,0,0,0,0,0,0,0,0,12874973184,4553588736,785826,277929,37059206,510,0,97,786432,113633009,811153,6,3459638330,12884901888,24050,685290491,0,0,0,0,0,0,0,0,0,0,0,0,0,0,0,0,0,0,16540538,116436842,0,468,1202,7661,620,33081341,35,0,0,0,0,0,0,0,1,0,0,0,0,0,0,0,0,0,0,21919274,0,37058980,675231,0,0,0,0,0,0,0,0,16384,0,0,0,0,0,0,0,0,0,0,0,3312,422,0,0,0,0,0,50281754,0,147,0,2,422,3312,0,0,0,0,0,0,0,0,0,0,0,0,0,0,0,0,0,0,0,0,0,0,0,0,0,0,0,0,0,0,0,0,0,0,0,0,0,0,0,0,0,0,0,0,0,0,0,0,0,0,0,0,0,0,259990883,0,0,0,465165625,0,0,0,0,0,0,0,81081782,114625887,297988528,158767333376,70819285,1,0,0,0,0,0,0,0,0,0,0,0,0,0,0,0,0,0,0,0,0,0,0,0,0,0,0,0,0,0,0,555,0,0,0,0,0,0,0
1782975730.855,0,0,0,0,0,0,0,715480566,1874190502400,806765999104,0,0,0,0,0,0,0,0,0,0,0,0,0,0,0,0,0,0,0,0,0,0,0,0,0,0,0,0,0,0,0,0,0,0,0,0,0,0,0,0,0,0,0,0,0,0,0,0,0,0,0,0,0,0,0,0,0,0,7,1841129,114650543,37137137,0,0,0,0,0,0,0,0,0,0,0,0,0,0,0,0,0,0,0,0,0,0,0,0,0,0,0,0,0,0,0,0,0,0,0,0,0,12878069760,4558815232,786015,278248,37075290,320,0,96,786432,113689550,811153,6,3460464998,12884901888,24050,685402149,0,0,0,0,0,0,0,0,0,0,0,0,0,0,0,0,0,0,16545366,116441670,0,468,1202,7661,620,33090991,35,0,0,0,0,0,0,0,1,0,0,0,0,0,0,0,0,0,0,21924830,0,37075064,675545,0,0,0,0,0,0,0,0,16384,0,0,0,0,0,0,0,0,0,0,0,3313,422,0,0,0,0,0,50296471,0,147,0,2,422,3313,0,0,0,0,0,0,0,0,0,0,0,0,0,0,0,0,0,0,0,0,0,0,0,0,0,0,0,0,0,0,0,0,0,0,0,0,0,0,0,0,0,0,0,0,0,0,0,0,0,0,0,0,0,0,260069830,0,0,0,465247665,0,0,0,0,0,0,0,81115838,114682371,298083799,158808486912,70848557,1,0,0,0,0,0,0,0,0,0,0,0,0,0,0,0,0,0,0,0,0,0,0,0,0,0,0,0,0,0,0,584,0,0,0,0,0,0,0
1782975731.921,0,0,0,0,0,0,0,715647241,1875116739072,807076443648,0,0,0,0,0,0,0,0,0,0,0,0,0,0,0,0,0,0,0,0,0,0,0,0,0,0,0,0,0,0,0,0,0,0,0,0,0,0,0,0,0,0,0,0,0,0,0,0,0,0,0,0,0,0,0,0,0,0,7,1841149,114707199,37153198,0,0,0,0,0,0,0,0,0,0,0,0,0,0,0,0,0,0,0,0,0,0,0,0,0,0,0,0,0,0,0,0,0,0,0,0,0,12876595200,4564074496,785925,278569,37091351,411,0,96,786432,113746147,811153,6,3461289924,12884901888,24050,685513288,0,0,0,0,0,0,0,0,0,0,0,0,0,0,0,0,0,0,16550191,116446497,0,468,1202,7661,620,33100655,35,0,0,0,0,0,0,0,1,0,0,0,0,0,0,0,0,0,0,21930378,0,37091125,675858,0,0,0,0,0,0,0,0,16384,0,0,0,0,0,0,0,0,0,0,0,3314,422,0,0,0,0,0,50311134,0,147,0,2,422,3314,0,0,0,0,0,0,0,0,0,0,0,0,0,0,0,0,0,0,0,0,0,0,0,0,0,0,0,0,0,0,0,0,0,0,0,0,0,0,0,0,0,0,0,0,0,0,0,0,0,0,0,0,0,0,260149192,0,0,0,465329584,0,0,0,0,0,0,0,81149888,114738882,298179434,158849739264,70877884,1,1,0,0,0,0,0,0,0,0,0,0,0,0,0,0,0,0,0,0,0,0,0,0,0,0,0,0,0,0,0,603,0,0,0,0,0,0,0
1782975732.989,0,0,0,0,0,0,0,715813856,1876039731712,807386369024,0,0,0,0,0,0,0,0,0,0,0,0,0,0,0,0,0,0,0,0,0,0,0,0,0,0,0,0,0,0,0,0,0,0,0,0,0,0,0,0,0,0,0,0,0,0,0,0,0,0,0,0,0,0,0,0,0,0,7,1841175,114763658,37169226,0,0,0,0,0,0,0,0,0,0,0,0,0,0,0,0,0,0,0,0,0,0,0,0,0,0,0,0,0,0,0,0,0,0,0,0,0,12880494592,4570824704,786163,278981,37107379,172,0,97,786432,113802548,811153,6,3462113939,12884901888,24050,685624269,0,0,0,0,0,0,0,0,0,0,0,0,0,0,0,0,0,0,16555015,116451320,0,468,1202,7661,620,33110293,35,0,0,0,0,0,0,0,1,0,0,0,0,0,0,0,0,0,0,21935924,0,37107153,676175,0,0,0,0,0,0,0,0,16384,0,0,0,0,0,0,0,0,0,0,0,3315,422,0,0,0,0,0,50325795,0,147,0,2,422,3315,0,0,0,0,0,0,0,0,0,0,0,0,0,0,0,0,0,0,0,0,0,0,0,0,0,0,0,0,0,0,0,0,0,0,0,0,0,0,0,0,0,0,0,0,0,0,0,0,0,0,0,0,0,0,260228006,0,0,0,465411521,0,0,0,0,0,0,0,81183769,114795213,298274504,158890923008,70907028,1,0,0,0,0,0,0,0,0,0,0,0,0,0,0,0,0,0,0,0,0,0,0,0,0,0,0,0,0,0,0,626,0,0,0,0,0,0,0
1782975734.052,0,0,0,0,0,0,0,715980264,1876965820928,807698100736,0,0,0,0,0,0,0,0,0,0,0,0,0,0,0,0,0,0,0,0,0,0,0,0,0,0,0,0,0,0,0,0,0,0,0,0,0,0,0,0,0,0,0,0,0,0,0,0,0,0,0,0,0,0,0,0,0,0,7,1841213,114820295,37185373,0,0,0,0,0,0,0,0,0,0,0,0,0,0,0,0,0,0,0,0,0,0,0,0,0,0,0,0,0,0,0,0,0,0,0,0,0,12873744384,4576182272,785751,279308,37123526,583,0,96,786432,113859111,811153,6,3462937222,12884901888,24050,685735032,0,0,0,0,0,0,0,0,0,0,0,0,0,0,0,0,0,0,16559831,116456137,0,468,1202,7661,620,33119928,35,0,0,0,0,0,0,0,1,0,0,0,0,0,0,0,0,0,0,21941460,0,37123300,676490,0,0,0,0,0,0,0,0,16384,0,0,0,0,0,0,0,0,0,0,0,3316,422,0,0,0,0,0,50340446,0,147,0,2,422,3316,0,0,0,0,0,0,0,0,0,0,0,0,0,0,0,0,0,0,0,0,0,0,0,0,0,0,0,0,0,0,0,0,0,0,0,0,0,0,0,0,0,0,0,0,0,0,0,0,0,0,0,0,0,0,260306692,0,0,0,465493294,0,0,0,0,0,0,0,81218064,114851716,298369562,158931985408,70936389,0,0,0,0,0,0,0,0,0,0,0,0,0,0,0,0,0,0,0,0,0,0,0,0,0,0,0,0,0,0,0,666,0,0,0,0,0,0,0
1782975735.117,0,0,0,0,0,0,0,716147449,1877895465472,808010293248,0,0,0,0,0,0,0,0,0,0,0,0,0,0,0,0,0,0,0,0,0,0,0,0,0,0,0,0,0,0,0,0,0,0,0,0,0,0,0,0,0,0,0,0,0,0,0,0,0,0,0,0,0,0,0,0,0,0,7,1841232,114877179,37201522,0,0,0,0,0,0,0,0,0,0,0,0,0,0,0,0,0,0,0,0,0,0,0,0,0,0,0,0,0,0,0,0,0,0,0,0,0,12877660160,4582948864,785990,279721,37139675,345,0,96,786432,113915928,811153,6,3463764741,12884901888,24050,685846075,0,0,0,0,0,0,0,0,0,0,0,0,0,0,0,0,0,0,16564677,116460983,0,468,1202,7661,620,33129621,35,0,0,0,0,0,0,0,1,0,0,0,0,0,0,0,0,0,0,21947028,0,37139449,676802,0,0,0,0,0,0,0,0,16384,0,0,0,0,0,0,0,0,0,0,0,3317,422,0,0,0,0,0,50355163,0,147,0,2,422,3317,0,0,0,0,0,0,0,0,0,0,0,0,0,0,0,0,0,0,0,0,0,0,0,0,0,0,0,0,0,0,0,0,0,0,0,0,0,0,0,0,0,0,0,0,0,0,0,0,0,0,0,0,0,0,260386153,0,0,0,465575529,0,0,0,0,0,0,0,81252234,114908456,298465408,158973481472,70965829,0,0,0,0,0,0,0,0,0,0,0,0,0,0,0,0,0,0,0,0,0,0,0,0,0,0,0,0,0,0,0,690,0,0,0,0,0,0,0
1782975736.186,0,0,0,0,0,0,0,716314812,1878830451200,808323711488,0,0,0,0,0,0,0,0,0,0,0,0,0,0,0,0,0,0,0,0,0,0,0,0,0,0,0,0,0,0,0,0,0,0,0,0,0,0,0,0,0,0,0,0,0,0,0,0,0,0,0,0,0,0,0,0,0,0,7,1841258,114934366,37217789,0,0,0,0,0,0,0,0,0,0,0,0,0,0,0,0,0,0,0,0,0,0,0,0,0,0,0,0,0,0,0,0,0,0,0,0,0,12877168640,4589092864,785960,280096,37155942,376,0,96,786432,113973052,811153,6,3464593411,12884901888,24050,685957775,0,0,0,0,0,0,0,0,0,0,0,0,0,0,0,0,0,0,16569511,116465817,0,468,1202,7661,620,33139287,35,0,0,0,0,0,0,0,1,0,0,0,0,0,0,0,0,0,0,21952582,0,37155716,677120,0,0,0,0,0,0,0,0,16384,0,0,0,0,0,0,0,0,0,0,0,3318,422,0,0,0,0,0,50369870,0,147,0,2,422,3318,0,0,0,0,0,0,0,0,0,0,0,0,0,0,0,0,0,0,0,0,0,0,0,0,0,0,0,0,0,0,0,0,0,0,0,0,0,0,0,0,0,0,0,0,0,0,0,0,0,0,0,0,0,0,260464307,0,0,0,465657653,0,0,0,0,0,0,0,81285908,114965504,298560080,159014257664,70994673,0,0,0,0,0,0,0,0,0,0,0,0,0,0,0,0,0,0,0,0,0,0,0,0,0,0,0,0,0,0,0,722,0,0,0,0,0,0,0
1782975737.254,0,0,0,0,0,0,0,716481223,1879753787904,808634987008,0,0,0,0,0,0,0,0,0,0,0,0,0,0,0,0,0,0,0,0,0,0,0,0,0,0,0,0,0,0,0,0,0,0,0,0,0,0,0,0,0,0,0,0,0,0,0,0,0,0,0,0,0,0,0,0,0,0,7,1841288,114990853,37233991,0,0,0,0,0,0,0,0,0,0,0,0,0,0,0,0,0,0,0,0,0,0,0,0,0,0,0,0,0,0,0,0,0,0,0,0,0,12874285056,4593762304,785783,280381,37172144,552,0,97,786432,114029479,811153,6,3465416428,12884901888,24050,686068636,0,0,0,0,0,0,0,0,0,0,0,0,0,0,0,0,0,0,16574328,116470633,0,468,1202,7661,620,33148921,35,0,0,0,0,0,0,0,1,0,0,0,0,0,0,0,0,0,0,21958123,0,37171918,677442,0,0,0,0,0,0,0,0,16384,0,0,0,0,0,0,0,0,0,0,0,3319,422,0,0,0,0,0,50384506,0,147,0,2,422,3319,0,0,0,0,0,0,0,0,0,0,0,0,0,0,0,0,0,0,0,0,0,0,0,0,0,0,0,0,0,0,0,0,0,0,0,0,0,0,0,0,0,0,0,0,0,0,0,0,0,0,0,0,0,0,260540616,0,0,0,465739485,0,0,0,0,0,0,0,81319091,115021875,298652820,159053975552,71022876,0,0,0,0,0,0,0,0,0,0,0,0,0,0,0,0,0,0,0,0,0,0,0,0,0,0,0,0,0,0,0,713,0,0,0,0,0,0,0
1782975738.321,0,0,0,0,0,0,0,716647185,1880683006464,808945058304,0,0,0,0,0,0,0,0,0,0,0,0,0,0,0,0,0,0,0,0,0,0,0,0,0,0,0,0,0,0,0,0,0,0,0,0,0,0,0,0,0,0,0,0,0,0,0,0,0,0,0,0,0,0,0,0,0,0,7,1841318,115047711,37250057,0,0,0,0,0,0,0,0,0,0,0,0,0,0,0,0,0,0,0,0,0,0,0,0,0,0,0,0,0,0,0,0,0,0,0,0,0,12874137600,4600168448,785775,280772,37188210,561,0,97,786432,114086272,811153,6,3466238291,12884901888,24050,686179110,0,0,0,0,0,0,0,0,0,0,0,0,0,0,0,0,0,0,16579129,116475435,0,468,1202,7661,620,33158528,35,0,0,0,0,0,0,0,1,0,0,0,0,0,0,0,0,0,0,21963638,0,37187984,677756,0,0,0,0,0,0,0,0,16384,0,0,0,0,0,0,0,0,0,0,0,3320,422,0,0,0,0,0,50399119,0,147,0,2,422,3320,0,0,0,0,0,0,0,0,0,0,0,0,0,0,0,0,0,0,0,0,0,0,0,0,0,0,0,0,0,0,0,0,0,0,0,0,0,0,0,0,0,0,0,0,0,0,0,0,0,0,0,0,0,0,260618915,0,0,0,465821044,0,0,0,0,0,0,0,81353008,115078592,298747427,159094727680,71052164,1,0,0,0,0,0,0,0,0,0,0,0,0,0,0,0,0,0,0,0,0,0,0,0,0,0,0,0,0,0,0,722,0,0,0,0,0,0,0
1782975739.388,0,0,0,0,0,0,0,716810410,1881589860864,809288428544,0,0,0,0,0,0,0,0,0,0,0,0,0,0,0,0,0,0,0,0,0,0,0,0,0,0,0,0,0,0,0,0,0,0,0,0,0,0,0,0,0,0,0,0,0,0,0,0,0,0,0,0,0,0,0,0,0,0,7,1841338,115103156,37268165,0,0,0,0,0,0,0,0,0,0,0,0,0,0,0,0,0,0,0,0,0,0,0,0,0,0,0,0,0,0,0,0,0,0,0,0,0,12876349440,4564254720,785910,278580,37204269,428,0,96,786432,114141660,811153,6,3467046252,12884901888,24050,686287930,0,0,0,0,0,0,0,0,0,0,0,0,0,0,0,0,0,0,16583856,116480162,0,468,1202,7661,620,33167978,35,0,0,0,0,0,0,0,1,0,0,0,0,0,0,0,0,0,0,21969070,0,37206091,678084,0,0,0,0,0,0,0,0,16384,0,0,0,0,0,0,0,0,0,0,0,3321,422,0,0,0,0,0,50413494,0,147,0,2,422,3321,0,0,0,0,0,0,0,0,0,0,0,0,0,0,0,0,0,0,0,0,0,0,0,0,0,0,0,0,0,0,0,0,0,0,0,0,0,0,0,0,0,0,0,0,0,0,0,0,0,0,0,0,0,0,260696640,0,0,0,465901422,0,0,0,0,0,0,0,81386509,115133895,298843500,159135152640,71080726,1,0,0,0,0,0,0,0,0,0,0,0,0,0,0,0,0,0,0,0,0,0,0,0,0,0,0,0,0,0,0,635,0,0,0,0,0,0,0
1782975740.452,0,0,0,0,0,0,0,716973783,1882503154176,809628822016,0,0,0,0,0,0,0,0,0,0,0,0,0,0,0,0,0,0,0,0,0,0,0,0,0,0,0,0,0,0,0,0,0,0,0,0,0,0,0,0,0,0,0,0,0,0,0,0,0,0,0,0,0,0,0,0,0,0,7,1841361,115159021,37286135,0,0,0,0,0,0,0,0,0,0,0,0,0,0,0,0,0,0,0,0,0,0,0,0,0,0,0,0,0,0,0,0,0,0,0,0,0,12876251136,4534370304,785905,276756,37224288,430,0,96,786432,114197457,811153,6,3467855462,12884901888,24050,686396946,0,0,0,0,0,0,0,0,0,0,0,0,0,0,0,0,0,0,16588593,116484897,0,468,1202,7661,620,33177447,35,0,0,0,0,0,0,0,1,0,0,0,0,0,0,0,0,0,0,21974514,0,37224062,678405,0,0,0,0,0,0,0,0,16384,0,0,0,0,0,0,0,0,0,0,0,3323,422,0,0,0,0,0,50427864,0,147,0,2,422,3323,0,0,0,0,0,0,0,0,0,0,0,0,0,0,0,0,0,0,0,0,0,0,0,0,0,0,0,0,0,0,0,0,0,0,0,0,0,0,0,0,0,0,0,0,0,0,0,0,0,0,0,0,0,0,260774020,0,0,0,465981938,0,0,0,0,0,0,0,81419772,115189621,298939052,159175472128,71109000,1,1,0,0,0,0,0,0,0,0,0,0,0,0,0,0,0,0,0,0,0,0,0,0,0,0,0,0,0,0,0,552,0,0,0,0,0,0,0
1782975741.519,0,0,0,0,0,0,0,717139142,1883424885248,809943534080,0,0,0,0,0,0,0,0,0,0,0,0,0,0,0,0,0,0,0,0,0,0,0,0,0,0,0,0,0,0,0,0,0,0,0,0,0,0,0,0,0,0,0,0,0,0,0,0,0,0,0,0,0,0,0,0,0,0,7,1841386,115215387,37302468,0,0,0,0,0,0,0,0,0,0,0,0,0,0,0,0,0,0,0,0,0,0,0,0,0,0,0,0,0,0,0,0,0,0,0,0,0,12874039296,4534796288,785771,276782,37240621,567,0,97,786432,114253770,811153,6,3468673742,12884901888,24050,686506780,0,0,0,0,0,0,0,0,0,0,0,0,0,0,0,0,0,0,16593379,116489684,0,468,1202,7661,620,33187019,35,0,0,0,0,0,0,0,1,0,0,0,0,0,0,0,0,0,0,21980016,0,37240395,678718,0,0,0,0,0,0,0,0,16384,0,0,0,0,0,0,0,0,0,0,0,3324,422,0,0,0,0,0,50442434,0,147,0,2,422,3324,0,0,0,0,0,0,0,0,0,0,0,0,0,0,0,0,0,0,0,0,0,0,0,0,0,0,0,0,0,0,0,0,0,0,0,0,0,0,0,0,0,0,0,0,0,0,0,0,0,0,0,0,0,0,260852567,0,0,0,466063279,0,0,0,0,0,0,0,81453786,115245848,299034155,159216479744,71138311,1,1,0,0,0,0,0,0,0,0,0,0,0,0,0,0,0,0,0,0,0,0,0,0,0,0,0,0,0,0,0,538,0,0,0,0,0,0,0
1782975742.587,0,0,0,0,0,0,0,717302695,1884334180864,810250582528,0,0,0,0,0,0,0,0,0,0,0,0,0,0,0,0,0,0,0,0,0,0,0,0,0,0,0,0,0,0,0,0,0,0,0,0,0,0,0,0,0,0,0,0,0,0,0,0,0,0,0,0,0,0,0,0,0,0,7,1841417,115270990,37318341,0,0,0,0,0,0,0,0,0,0,0,0,0,0,0,0,0,0,0,0,0,0,0,0,0,0,0,0,0,0,0,0,0,0,0,0,0,12876120064,4540432384,785895,277126,37256494,439,0,97,786432,114309305,811153,6,3469483235,12884901888,24050,686616005,0,0,0,0,0,0,0,0,0,0,0,0,0,0,0,0,0,0,16598109,116494415,0,468,1202,7661,620,33196484,35,0,0,0,0,0,0,0,1,0,0,0,0,0,0,0,0,0,0,21985455,0,37256268,679032,0,0,0,0,0,0,0,0,16384,0,0,0,0,0,0,0,0,0,0,0,3325,422,0,0,0,0,0,50456840,0,147,0,2,422,3325,0,0,0,0,0,0,0,0,0,0,0,0,0,0,0,0,0,0,0,0,0,0,0,0,0,0,0,0,0,0,0,0,0,0,0,0,0,0,0,0,0,0,0,0,0,0,0,0,0,0,0,0,0,0,260931233,0,0,0,466143681,0,0,0,0,0,0,0,81485969,115301354,299128926,159257360384,71165844,1,0,0,0,0,0,0,0,0,0,0,0,0,0,0,0,0,0,0,0,0,0,0,0,0,0,0,0,0,0,0,476,0,0,0,0,0,0,0
1782975743.651,0,0,0,0,0,0,0,717467097,1885249817088,810557180416,0,0,0,0,0,0,0,0,0,0,0,0,0,0,0,0,0,0,0,0,0,0,0,0,0,0,0,0,0,0,0,0,0,0,0,0,0,0,0,0,0,0,0,0,0,0,0,0,0,0,0,0,0,0,0,0,0,0,7,1841442,115326982,37334185,0,0,0,0,0,0,0,0,0,0,0,0,0,0,0,0,0,0,0,0,0,0,0,0,0,0,0,0,0,0,0,0,0,0,0,0,0,12877004800,4545216512,785950,277418,37272327,386,0,97,786432,114365226,811153,6,3470297338,12884901888,24050,686725884,0,0,0,0,0,0,0,0,0,0,0,0,0,0,0,0,0,0,16602860,116499165,0,468,1202,7661,620,33205987,35,0,0,0,0,0,0,0,1,0,0,0,0,0,0,0,0,0,0,21990921,0,37272101,679338,0,0,0,0,0,0,0,0,16384,0,0,0,0,0,0,0,0,0,0,0,3326,422,0,0,0,0,0,50471277,0,147,0,2,422,3326,0,0,0,0,0,0,0,0,0,0,0,0,0,0,0,0,0,0,0,0,0,0,0,0,0,0,0,0,0,0,0,0,0,0,0,0,0,0,0,0,0,0,0,0,0,0,0,0,0,0,0,0,0,0,261009318,0,0,0,466224519,0,0,0,0,0,0,0,81518033,115357221,299223086,159297982464,71193308,1,1,0,0,0,0,0,0,0,0,0,0,0,0,0,0,0,0,0,0,0,0,0,0,0,0,0,0,0,0,0,427,0,0,0,0,0,0,0
1782975744.719,0,0,0,0,0,0,0,717630424,1886161373696,810866376192,0,0,0,0,0,0,0,0,0,0,0,0,0,0,0,0,0,0,0,0,0,0,0,0,0,0,0,0,0,0,0,0,0,0,0,0,0,0,0,0,0,0,0,0,0,0,0,0,0,0,0,0,0,0,0,0,0,0,7,1841467,115382769,37350230,0,0,0,0,0,0,0,0,0,0,0,0,0,0,0,0,0,0,0,0,0,0,0,0,0,0,0,0,0,0,0,0,0,0,0,0,0,12877266944,4546560000,785966,277500,37288383,368,0,96,786432,114420939,811153,6,3471105802,12884901888,24050,686834499,0,0,0,0,0,0,0,0,0,0,0,0,0,0,0,0,0,0,16607594,116503900,0,468,1202,7661,620,33215448,35,0,0,0,0,0,0,0,1,0,0,0,0,0,0,0,0,0,0,21996362,0,37288157,679646,0,0,0,0,0,0,0,0,16384,0,0,0,0,0,0,0,0,0,0,0,3327,422,0,0,0,0,0,50485665,0,147,0,2,422,3327,0,0,0,0,0,0,0,0,0,0,0,0,0,0,0,0,0,0,0,0,0,0,0,0,0,0,0,0,0,0,0,0,0,0,0,0,0,0,0,0,0,0,0,0,0,0,0,0,0,0,0,0,0,0,261086598,0,0,0,466304927,0,0,0,0,0,0,0,81549863,115412864,299316624,159338189312,71220436,1,0,0,0,0,0,0,0,0,0,0,0,0,0,0,0,0,0,0,0,0,0,0,0,0,0,0,0,0,0,0,376,0,0,0,0,0,0,0
1782975745.790,0,0,0,0,0,0,0,717795727,1887078533632,811176964608,0,0,0,0,0,0,0,0,0,0,0,0,0,0,0,0,0,0,0,0,0,0,0,0,0,0,0,0,0,0,0,0,0,0,0,0,0,0,0,0,0,0,0,0,0,0,0,0,0,0,0,0,0,0,0,0,0,0,7,1841498,115438894,37366367,0,0,0,0,0,0,0,0,0,0,0,0,0,0,0,0,0,0,0,0,0,0,0,0,0,0,0,0,0,0,0,0,0,0,0,0,0,12875268096,4550852608,785843,277762,37304520,492,0,97,786432,114477000,811153,6,3471924090,12884901888,24050,686944936,0,0,0,0,0,0,0,0,0,0,0,0,0,0,0,0,0,0,16612372,116508679,0,468,1202,7661,620,33225009,35,0,0,0,0,0,0,0,1,0,0,0,0,0,0,0,0,0,0,22001858,0,37304294,679962,0,0,0,0,0,0,0,0,16384,0,0,0,0,0,0,0,0,0,0,0,3328,422,0,0,0,0,0,50500213,0,147,0,2,422,3328,0,0,0,0,0,0,0,0,0,0,0,0,0,0,0,0,0,0,0,0,0,0,0,0,0,0,0,0,0,0,0,0,0,0,0,0,0,0,0,0,0,0,0,0,0,0,0,0,0,0,0,0,0,0,261163821,0,0,0,466386222,0,0,0,0,0,0,0,81582025,115468834,299410200,159378447872,71247761,0,0,0,0,0,0,0,0,0,0,0,0,0,0,0,0,0,0,0,0,0,0,0,0,0,0,0,0,0,0,0,363,0,0,0,0,0,0,0
1782975746.858,0,0,0,0,0,0,0,717963156,1888009865728,811489843200,0,0,0,0,0,0,0,0,0,0,0,0,0,0,0,0,0,0,0,0,0,0,0,0,0,0,0,0,0,0,0,0,0,0,0,0,0,0,0,0,0,0,0,0,0,0,0,0,0,0,0,0,0,0,0,0,0,0,7,1841515,115495867,37382587,0,0,0,0,0,0,0,0,0,0,0,0,0,0,0,0,0,0,0,0,0,0,0,0,0,0,0,0,0,0,0,0,0,0,0,0,0,12876939264,4556292096,785946,278094,37320740,389,0,96,786432,114533909,811153,6,3472752039,12884901888,24050,687055761,0,0,0,0,0,0,0,0,0,0,0,0,0,0,0,0,0,0,16617223,116513530,0,468,1202,7661,620,33234712,35,0,0,0,0,0,0,0,1,0,0,0,0,0,0,0,0,0,0,22007441,0,37320514,680282,0,0,0,0,0,0,0,0,16384,0,0,0,0,0,0,0,0,0,0,0,3329,422,0,0,0,0,0,50514989,0,147,0,2,422,3329,0,0,0,0,0,0,0,0,0,0,0,0,0,0,0,0,0,0,0,0,0,0,0,0,0,0,0,0,0,0,0,0,0,0,0,0,0,0,0,0,0,0,0,0,0,0,0,0,0,0,0,0,0,0,261243016,0,0,0,466468463,0,0,0,0,0,0,0,81616182,115525673,299505837,159419553280,71277035,0,0,0,0,0,0,0,0,0,0,0,0,0,0,0,0,0,0,0,0,0,0,0,0,0,0,0,0,0,0,0,443,0,0,0,0,0,0,0
1782975747.927,0,0,0,0,0,0,0,718130174,1888934709760,811804928000,0,0,0,0,0,0,0,0,0,0,0,0,0,0,0,0,0,0,0,0,0,0,0,0,0,0,0,0,0,0,0,0,0,0,0,0,0,0,0,0,0,0,0,0,0,0,0,0,0,0,0,0,0,0,0,0,0,0,7,1841539,115552445,37398932,0,0,0,0,0,0,0,0,0,0,0,0,0,0,0,0,0,0,0,0,0,0,0,0,0,0,0,0,0,0,0,0,0,0,0,0,0,12877430784,4558782464,785975,278246,37337085,359,0,97,786432,114590416,811153,6,3473577937,12884901888,24050,687166673,0,0,0,0,0,0,0,0,0,0,0,0,0,0,0,0,0,0,16622058,116518365,0,468,1202,7661,620,33244384,35,0,0,0,0,0,0,0,1,0,0,0,0,0,0,0,0,0,0,22012995,0,37336859,680594,0,0,0,0,0,0,0,0,16384,0,0,0,0,0,0,0,0,0,0,0,3330,422,0,0,0,0,0,50529705,0,147,0,2,422,3330,0,0,0,0,0,0,0,0,0,0,0,0,0,0,0,0,0,0,0,0,0,0,0,0,0,0,0,0,0,0,0,0,0,0,0,0,0,0,0,0,0,0,0,0,0,0,0,0,0,0,0,0,0,0,261322136,0,0,0,466550614,0,0,0,0,0,0,0,81649754,115582097,299601512,159460669440,71305824,1,0,0,0,0,0,0,0,0,0,0,0,0,0,0,0,0,0,0,0,0,0,0,0,0,0,0,0,0,0,0,446,0,0,0,0,0,0,0
1782975748.994,0,0,0,0,0,0,0,718296154,1889854491136,812113413120,0,0,0,0,0,0,0,0,0,0,0,0,0,0,0,0,0,0,0,0,0,0,0,0,0,0,0,0,0,0,0,0,0,0,0,0,0,0,0,0,0,0,0,0,0,0,0,0,0,0,0,0,0,0,0,0,0,0,7,1841568,115608710,37414870,0,0,0,0,0,0,0,0,0,0,0,0,0,0,0,0,0,0,0,0,0,0,0,0,0,0,0,0,0,0,0,0,0,0,0,0,0,12878266368,4565843968,786026,278677,37353023,308,0,97,786432,114646611,811153,6,3474399416,12884901888,24050,687277344,0,0,0,0,0,0,0,0,0,0,0,0,0,0,0,0,0,0,16626862,116523169,0,468,1202,7661,620,33253993,35,0,0,0,0,0,0,0,1,0,0,0,0,0,0,0,0,0,0,22018517,0,37352797,680904,0,0,0,0,0,0,0,0,16384,0,0,0,0,0,0,0,0,0,0,0,3331,422,0,0,0,0,0,50544286,0,147,0,2,422,3331,0,0,0,0,0,0,0,0,0,0,0,0,0,0,0,0,0,0,0,0,0,0,0,0,0,0,0,0,0,0,0,0,0,0,0,0,0,0,0,0,0,0,0,0,0,0,0,0,0,0,0,0,0,0,261400650,0,0,0,466632272,0,0,0,0,0,0,0,81683957,115638226,299696157,159501706752,71335323,1,0,0,0,0,0,0,0,0,0,0,0,0,0,0,0,0,0,0,0,0,0,0,0,0,0,0,0,0,0,0,430,0,0,0,0,0,0,0
1782975750.061,0,0,0,0,0,0,0,718462876,1890787576320,812424776192,0,0,0,0,0,0,0,0,0,0,0,0,0,0,0,0,0,0,0,0,0,0,0,0,0,0,0,0,0,0,0,0,0,0,0,0,0,0,0,0,0,0,0,0,0,0,0,0,0,0,0,0,0,0,0,0,0,0,7,1841594,115665802,37431041,0,0,0,0,0,0,0,0,0,0,0,0,0,0,0,0,0,0,0,0,0,0,0,0,0,0,0,0,0,0,0,0,0,0,0,0,0,12876185600,4570038272,785900,278933,37369194,434,0,96,786432,114703637,811153,6,3475224753,12884901888,24050,687388304,0,0,0,0,0,0,0,0,0,0,0,0,0,0,0,0,0,0,16631686,116527992,0,468,1202,7661,620,33263636,35,0,0,0,0,0,0,0,1,0,0,0,0,0,0,0,0,0,0,22024067,0,37368968,681221,0,0,0,0,0,0,0,0,16384,0,0,0,0,0,0,0,0,0,0,0,3332,422,0,0,0,0,0,50558971,0,147,0,2,422,3332,0,0,0,0,0,0,0,0,0,0,0,0,0,0,0,0,0,0,0,0,0,0,0,0,0,0,0,0,0,0,0,0,0,0,0,0,0,0,0,0,0,0,0,0,0,0,0,0,0,0,0,0,0,0,261478128,0,0,0,466714168,0,0,0,0,0,0,0,81717368,115695181,299790011,159541953536,71363920,0,0,0,0,0,0,0,0,0,0,0,0,0,0,0,0,0,0,0,0,0,0,0,0,0,0,0,0,0,0,0,460,0,0,0,0,0,0,0
1782975751.125,0,0,0,0,0,0,0,718629524,1891710372352,812736246784,0,0,0,0,0,0,0,0,0,0,0,0,0,0,0,0,0,0,0,0,0,0,0,0,0,0,0,0,0,0,0,0,0,0,0,0,0,0,0,0,0,0,0,0,0,0,0,0,0,0,0,0,0,0,0,0,0,0,7,1841620,115722279,37447191,0,0,0,0,0,0,0,0,0,0,0,0,0,0,0,0,0,0,0,0,0,0,0,0,0,0,0,0,0,0,0,0,0,0,0,0,0,12876120064,4575133696,785896,279244,37385344,438,0,96,786432,114760040,811153,6,3476049407,12884901888,24050,687499139,0,0,0,0,0,0,0,0,0,0,0,0,0,0,0,0,0,0,16636514,116532820,0,468,1202,7661,620,33273293,35,0,0,0,0,0,0,0,1,0,0,0,0,0,0,0,0,0,0,22029613,0,37385118,681536,0,0,0,0,0,0,0,0,16384,0,0,0,0,0,0,0,0,0,0,0,3333,422,0,0,0,0,0,50573649,0,147,0,2,422,3333,0,0,0,0,0,0,0,0,0,0,0,0,0,0,0,0,0,0,0,0,0,0,0,0,0,0,0,0,0,0,0,0,0,0,0,0,0,0,0,0,0,0,0,0,0,0,0,0,0,0,0,0,0,0,261556936,0,0,0,466796090,0,0,0,0,0,0,0,81751532,115751506,299885195,159582935040,71393138,0,0,0,0,0,0,0,0,0,0,0,0,0,0,0,0,0,0,0,0,0,0,0,0,0,0,0,0,0,0,0,493,0,0,0,0,0,0,0
1782975752.191,0,0,0,0,0,0,0,718796504,1892640033280,813049449984,0,0,0,0,0,0,0,0,0,0,0,0,0,0,0,0,0,0,0,0,0,0,0,0,0,0,0,0,0,0,0,0,0,0,0,0,0,0,0,0,0,0,0,0,0,0,0,0,0,0,0,0,0,0,0,0,0,0,7,1841646,115779159,37463440,0,0,0,0,0,0,0,0,0,0,0,0,0,0,0,0,0,0,0,0,0,0,0,0,0,0,0,0,0,0,0,0,0,0,0,0,0,12879773696,4579704832,786118,279523,37401593,217,0,97,786432,114816868,811153,6,3476875644,12884901888,24050,687610521,0,0,0,0,0,0,0,0,0,0,0,0,0,0,0,0,0,0,16641341,116537647,0,468,1202,7661,620,33282952,35,0,0,0,0,0,0,0,1,0,0,0,0,0,0,0,0,0,0,22035161,0,37401367,681854,0,0,0,0,0,0,0,0,16384,0,0,0,0,0,0,0,0,0,0,0,3334,422,0,0,0,0,0,50588315,0,147,0,2,422,3334,0,0,0,0,0,0,0,0,0,0,0,0,0,0,0,0,0,0,0,0,0,0,0,0,0,0,0,0,0,0,0,0,0,0,0,0,0,0,0,0,0,0,0,0,0,0,0,0,0,0,0,0,0,0,261636107,0,0,0,466878024,0,0,0,0,0,0,0,81785819,115808254,299980841,159624023040,71422613,1,0,0,0,0,0,0,0,0,0,0,0,0,0,0,0,0,0,0,0,0,0,0,0,0,0,0,0,0,0,0,519,0,0,0,0,0,0,0
1782975753.260,0,0,0,0,0,0,0,718962910,1893569890816,813363738112,0,0,0,0,0,0,0,0,0,0,0,0,0,0,0,0,0,0,0,0,0,0,0,0,0,0,0,0,0,0,0,0,0,0,0,0,0,0,0,0,0,0,0,0,0,0,0,0,0,0,0,0,0,0,0,0,0,0,7,1841676,115836038,37479716,0,0,0,0,0,0,0,0,0,0,0,0,0,0,0,0,0,0,0,0,0,0,0,0,0,0,0,0,0,0,0,0,0,0,0,0,0,12875022336,4582064128,785829,279667,37417869,507,0,96,786432,114873688,811153,6,3477699674,12884901888,24050,687721701,0,0,0,0,0,0,0,0,0,0,0,0,0,0,0,0,0,0,16646153,116542460,0,468,1202,7661,620,33292570,35,0,0,0,0,0,0,0,1,0,0,0,0,0,0,0,0,0,0,22040690,0,37417643,682175,0,0,0,0,0,0,0,0,16384,0,0,0,0,0,0,0,0,0,0,0,3335,422,0,0,0,0,0,50602920,0,147,0,2,422,3335,0,0,0,0,0,0,0,0,0,0,0,0,0,0,0,0,0,0,0,0,0,0,0,0,0,0,0,0,0,0,0,0,0,0,0,0,0,0,0,0,0,0,0,0,0,0,0,0,0,0,0,0,0,0,261715401,0,0,0,466959808,0,0,0,0,0,0,0,81820137,115864985,300076636,159665390592,71452008,1,0,0,0,0,0,0,0,0,0,0,0,0,0,0,0,0,0,0,0,0,0,0,0,0,0,0,0,0,0,0,520,0,0,0,0,0,0,0
1782975754.327,0,0,0,0,0,0,0,719129897,1894497896960,813673620992,0,0,0,0,0,0,0,0,0,0,0,0,0,0,0,0,0,0,0,0,0,0,0,0,0,0,0,0,0,0,0,0,0,0,0,0,0,0,0,0,0,0,0,0,0,0,0,0,0,0,0,0,0,0,0,0,0,0,7,1841710,115892808,37495783,0,0,0,0,0,0,0,0,0,0,0,0,0,0,0,0,0,0,0,0,0,0,0,0,0,0,0,0,0,0,0,0,0,0,0,0,0,12875513856,4587864064,785859,280021,37433936,476,0,97,786432,114930401,811153,6,3478526287,12884901888,24050,687832739,0,0,0,0,0,0,0,0,0,0,0,0,0,0,0,0,0,0,16650991,116547297,0,468,1202,7661,620,33302250,35,0,0,0,0,0,0,0,1,0,0,0,0,0,0,0,0,0,0,22046245,0,37433710,682490,0,0,0,0,0,0,0,0,16384,0,0,0,0,0,0,0,0,0,0,0,3336,422,0,0,0,0,0,50617632,0,147,0,2,422,3336,0,0,0,0,0,0,0,0,0,0,0,0,0,0,0,0,0,0,0,0,0,0,0,0,0,0,0,0,0,0,0,0,0,0,0,0,0,0,0,0,0,0,0,0,0,0,0,0,0,0,0,0,0,0,261793327,0,0,0,467041918,0,0,0,0,0,0,0,81853864,115921595,300170876,159706084864,71480931,0,0,0,0,0,0,0,0,0,0,0,0,0,0,0,0,0,0,0,0,0,0,0,0,0,0,0,0,0,0,0,549,0,0,0,0,0,0,0
1782975755.396,0,0,0,0,0,0,0,719293780,1895410354688,814029148672,0,0,0,0,0,0,0,0,0,0,0,0,0,0,0,0,0,0,0,0,0,0,0,0,0,0,0,0,0,0,0,0,0,0,0,0,0,0,0,0,0,0,0,0,0,0,0,0,0,0,0,0,0,0,0,0,0,0,7,1841722,115948612,37514713,0,0,0,0,0,0,0,0,0,0,0,0,0,0,0,0,0,0,0,0,0,0,0,0,0,0,0,0,0,0,0,0,0,0,0,0,0,12877332480,4544053248,785970,277347,37450187,366,0,96,786432,114986130,811153,6,3479337701,12884901888,24050,687941796,0,0,0,0,0,0,0,0,0,0,0,0,0,0,0,0,0,0,16655730,116552035,0,468,1202,7661,620,33311723,35,0,0,0,0,0,0,0,1,0,0,0,0,0,0,0,0,0,0,22051696,0,37452521,682815,0,0,0,0,0,0,0,0,16384,0,0,0,0,0,0,0,0,0,0,0,3337,422,0,0,0,0,0,50632035,0,147,0,2,422,3337,0,0,0,0,0,0,0,0,0,0,0,0,0,0,0,0,0,0,0,0,0,0,0,0,0,0,0,0,0,0,0,0,0,0,0,0,0,0,0,0,0,0,0,0,0,0,0,0,0,0,0,0,0,0,261868949,0,0,0,467122511,0,0,0,0,0,0,0,81886497,115977268,300265688,159745382912,71508529,1,0,0,0,0,0,0,0,0,0,0,0,0,0,0,0,0,0,0,0,0,0,0,0,0,0,0,0,0,0,0,499,0,0,0,0,0,0,0
1782975756.463,0,0,0,0,0,0,0,719462243,1896344652288,814362308608,0,0,0,0,0,0,0,0,0,0,0,0,0,0,0,0,0,0,0,0,0,0,0,0,0,0,0,0,0,0,0,0,0,0,0,0,0,0,0,0,0,0,0,0,0,0,0,0,0,0,0,0,0,0,0,0,0,0,7,1841742,116005766,37532201,0,0,0,0,0,0,0,0,0,0,0,0,0,0,0,0,0,0,0,0,0,0,0,0,0,0,0,0,0,0,0,0,0,0,0,0,0,12878479360,4531830784,786040,276601,37470354,296,0,96,786432,115043217,811153,6,3480171425,12884901888,24050,688053893,0,0,0,0,0,0,0,0,0,0,0,0,0,0,0,0,0,0,16660610,116556917,0,468,1202,7661,620,33321487,35,0,0,0,0,0,0,0,1,0,0,0,0,0,0,0,0,0,0,22057307,0,37470128,683136,0,0,0,0,0,0,0,0,16384,0,0,0,0,0,0,0,0,0,0,0,3339,422,0,0,0,0,0,50646881,0,147,0,2,422,3339,0,0,0,0,0,0,0,0,0,0,0,0,0,0,0,0,0,0,0,0,0,0,0,0,0,0,0,0,0,0,0,0,0,0,0,0,0,0,0,0,0,0,0,0,0,0,0,0,0,0,0,0,0,0,261948091,0,0,0,467205334,0,0,0,0,0,0,0,81920801,116034272,300362518,159786629120,71538061,0,0,0,0,0,0,0,0,0,0,0,0,0,0,0,0,0,0,0,0,0,0,0,0,0,0,0,0,0,0,0,551,0,0,0,0,0,0,0
1782975757.529,0,0,0,0,0,0,0,719632023,1897286601216,814676738560,0,0,0,0,0,0,0,0,0,0,0,0,0,0,0,0,0,0,0,0,0,0,0,0,0,0,0,0,0,0,0,0,0,0,0,0,0,0,0,0,0,0,0,0,0,0,0,0,0,0,0,0,0,0,0,0,0,0,7,1841764,116063403,37548496,0,0,0,0,0,0,0,0,0,0,0,0,0,0,0,0,0,0,0,0,0,0,0,0,0,0,0,0,0,0,0,0,0,0,0,0,0,12875939840,4539105280,785885,277045,37486630,452,0,97,786432,115100794,811153,6,3481011332,12884901888,24050,688167027,0,0,0,0,0,0,0,0,0,0,0,0,0,0,0,0,0,0,16665523,116561829,0,468,1202,7661,620,33331312,35,0,0,0,0,0,0,0,1,0,0,0,0,0,0,0,0,0,0,22062950,0,37486437,683449,0,0,0,0,0,0,0,0,16384,0,0,0,0,0,0,0,0,0,0,0,3340,422,0,0,0,0,0,50661805,0,147,0,2,422,3340,0,0,0,0,0,0,0,0,0,0,0,0,0,0,0,0,0,0,0,0,0,0,0,0,0,0,0,0,0,0,0,0,0,0,0,0,0,0,0,0,0,0,0,0,0,0,0,0,0,0,0,0,0,0,262026632,0,0,0,467288622,0,0,0,0,0,0,0,81955337,116091763,300457590,159827545088,71567768,0,0,0,0,0,0,0,0,0,0,0,0,0,0,0,0,0,0,0,0,0,0,0,0,0,0,0,0,0,0,0,641,0,0,0,0,0,0,0
1782975758.597,0,0,0,0,0,0,0,719802175,1898231876096,814989255168,0,0,0,0,0,0,0,0,0,0,0,0,0,0,0,0,0,0,0,0,0,0,0,0,0,0,0,0,0,0,0,0,0,0,0,0,0,0,0,0,0,0,0,0,0,0,0,0,0,0,0,0,0,0,0,0,0,0,7,1841787,116121238,37564671,0,0,0,0,0,0,0,0,0,0,0,0,0,0,0,0,0,0,0,0,0,0,0,0,0,0,0,0,0,0,0,0,0,0,0,0,0,12877791232,4548968448,785999,277647,37502824,338,0,97,786432,115158569,811153,6,3481853028,12884901888,24050,688279857,0,0,0,0,0,0,0,0,0,0,0,0,0,0,0,0,0,0,16670446,116566752,0,468,1202,7661,620,33341161,35,0,0,0,0,0,0,0,1,0,0,0,0,0,0,0,0,0,0,22068616,0,37502598,683777,0,0,0,0,0,0,0,0,16384,0,0,0,0,0,0,0,0,0,0,0,3341,422,0,0,0,0,0,50676798,0,147,0,2,422,3341,0,0,0,0,0,0,0,0,0,0,0,0,0,0,0,0,0,0,0,0,0,0,0,0,0,0,0,0,0,0,0,0,0,0,0,0,0,0,0,0,0,0,0,0,0,0,0,0,0,0,0,0,0,0,262106080,0,0,0,467372229,0,0,0,0,0,0,0,81990213,116149461,300553444,159868864512,71597656,0,1,0,0,0,0,0,0,0,0,0,0,0,0,0,0,0,0,0,0,0,0,0,0,0,0,0,0,0,0,0,758,0,0,0,0,0,0,0
1782975759.666,0,0,0,0,0,0,0,719970211,1899169319424,815302874624,0,0,0,0,0,0,0,0,0,0,0,0,0,0,0,0,0,0,0,0,0,0,0,0,0,0,0,0,0,0,0,0,0,0,0,0,0,0,0,0,0,0,0,0,0,0,0,0,0,0,0,0,0,0,0,0,0,0,7,1841807,116178592,37580969,0,0,0,0,0,0,0,0,0,0,0,0,0,0,0,0,0,0,0,0,0,0,0,0,0,0,0,0,0,0,0,0,0,0,0,0,0,12879003648,4551507968,786072,277801,37519122,263,0,97,786432,115215858,811153,6,3482685068,12884901888,24050,688391797,0,0,0,0,0,0,0,0,0,0,0,0,0,0,0,0,0,0,16675302,116571609,0,468,1202,7661,620,33350872,35,0,0,0,0,0,0,0,1,0,0,0,0,0,0,0,0,0,0,22074200,0,37518896,684096,0,0,0,0,0,0,0,0,16384,0,0,0,0,0,0,0,0,0,0,0,3342,422,0,0,0,0,0,50691557,0,147,0,2,422,3342,0,0,0,0,0,0,0,0,0,0,0,0,0,0,0,0,0,0,0,0,0,0,0,0,0,0,0,0,0,0,0,0,0,0,0,0,0,0,0,0,0,0,0,0,0,0,0,0,0,0,0,0,0,0,262183901,0,0,0,467454690,0,0,0,0,0,0,0,82024209,116206646,300647796,159909345792,71626685,1,0,0,0,0,0,0,0,0,0,0,0,0,0,0,0,0,0,0,0,0,0,0,0,0,0,0,0,0,0,0,787,0,0,0,0,0,0,0
1782975760.734,0,0,0,0,0,0,0,720134936,1900086528512,815614392320,0,0,0,0,0,0,0,0,0,0,0,0,0,0,0,0,0,0,0,0,0,0,0,0,0,0,0,0,0,0,0,0,0,0,0,0,0,0,0,0,0,0,0,0,0,0,0,0,0,0,0,0,0,0,0,0,0,0,7,1841837,116234684,37597171,0,0,0,0,0,0,0,0,0,0,0,0,0,0,0,0,0,0,0,0,0,0,0,0,0,0,0,0,0,0,0,0,0,0,0,0,0,12879167488,4553195520,786082,277905,37535324,254,0,97,786432,115271880,811153,6,3483500143,12884901888,24050,688501536,0,0,0,0,0,0,0,0,0,0,0,0,0,0,0,0,0,0,16680075,116576381,0,468,1202,7661,620,33360417,35,0,0,0,0,0,0,0,1,0,0,0,0,0,0,0,0,0,0,22079679,0,37535098,684405,0,0,0,0,0,0,0,0,16384,0,0,0,0,0,0,0,0,0,0,0,3343,422,0,0,0,0,0,50706065,0,147,0,2,422,3343,0,0,0,0,0,0,0,0,0,0,0,0,0,0,0,0,0,0,0,0,0,0,0,0,0,0,0,0,0,0,0,0,0,0,0,0,0,0,0,0,0,0,0,0,0,0,0,0,0,0,0,0,0,0,262260695,0,0,0,467535699,0,0,0,0,0,0,0,82055566,116262614,300741023,159949406720,71653379,1,0,0,0,0,0,0,0,0,0,0,0,0,0,0,0,0,0,0,0,0,0,0,0,0,0,0,0,0,0,0,760,0,0,0,0,0,0,0
1782975761.804,0,0,0,0,0,0,0,720300734,1901003311616,815926010880,0,0,0,0,0,0,0,0,0,0,0,0,0,0,0,0,0,0,0,0,0,0,0,0,0,0,0,0,0,0,0,0,0,0,0,0,0,0,0,0,0,0,0,0,0,0,0,0,0,0,0,0,0,0,0,0,0,0,7,1841864,116290780,37613300,0,0,0,0,0,0,0,0,0,0,0,0,0,0,0,0,0,0,0,0,0,0,0,0,0,0,0,0,0,0,0,0,0,0,0,0,0,12875694080,4554063872,785869,277958,37551453,465,0,98,786432,115327906,811153,6,3484320101,12884901888,24050,688611983,0,0,0,0,0,0,0,0,0,0,0,0,0,0,0,0,0,0,16684869,116581174,0,468,1202,7661,620,33370002,35,0,0,0,0,0,0,0,1,0,0,0,0,0,0,0,0,0,0,22085194,0,37551227,684710,0,0,0,0,0,0,0,0,16384,0,0,0,0,0,0,0,0,0,0,0,3344,422,0,0,0,0,0,50720649,0,147,0,2,422,3344,0,0,0,0,0,0,0,0,0,0,0,0,0,0,0,0,0,0,0,0,0,0,0,0,0,0,0,0,0,0,0,0,0,0,0,0,0,0,0,0,0,0,0,0,0,0,0,0,0,0,0,0,0,0,262340247,0,0,0,467617197,0,0,0,0,0,0,0,82087526,116318577,300836909,159990695424,71680753,0,1,0,0,0,0,0,0,0,0,0,0,0,0,0,0,0,0,0,0,0,0,0,0,0,0,0,0,0,0,0,772,0,0,0,0,0,0,0
1782975762.868,0,0,0,0,0,0,0,720467336,1901929007616,816234027008,0,0,0,0,0,0,0,0,0,0,0,0,0,0,0,0,0,0,0,0,0,0,0,0,0,0,0,0,0,0,0,0,0,0,0,0,0,0,0,0,0,0,0,0,0,0,0,0,0,0,0,0,0,0,0,0,0,0,7,1841907,116347403,37629260,0,0,0,0,0,0,0,0,0,0,0,0,0,0,0,0,0,0,0,0,0,0,0,0,0,0,0,0,0,0,0,0,0,0,0,0,0,12879560704,4561862656,786106,278434,37567413,230,0,96,786432,115384461,811153,6,3485145161,12884901888,24050,688723775,0,0,0,0,0,0,0,0,0,0,0,0,0,0,0,0,0,0,16689686,116585993,0,468,1202,7661,620,33379642,35,0,0,0,0,0,0,0,1,0,0,0,0,0,0,0,0,0,0,22090736,0,37567187,685018,0,0,0,0,0,0,0,0,16384,0,0,0,0,0,0,0,0,0,0,0,3345,422,0,0,0,0,0,50735271,0,147,0,2,422,3345,0,0,0,0,0,0,0,0,0,0,0,0,0,0,0,0,0,0,0,0,0,0,0,0,0,0,0,0,0,0,0,0,0,0,0,0,0,0,0,0,0,0,0,0,0,0,0,0,0,0,0,0,0,0,262417497,0,0,0,467699069,0,0,0,0,0,0,0,82119278,116375066,300930332,160031119360,71707879,0,0,0,0,0,0,0,0,0,0,0,0,0,0,0,0,0,0,0,0,0,0,0,0,0,0,0,0,0,0,0,768,0,0,0,0,0,0,0
1782975763.937,0,0,0,0,0,0,0,720634927,1902857406976,816546885120,0,0,0,0,0,0,0,0,0,0,0,0,0,0,0,0,0,0,0,0,0,0,0,0,0,0,0,0,0,0,0,0,0,0,0,0,0,0,0,0,0,0,0,0,0,0,0,0,0,0,0,0,0,0,0,0,0,0,7,1841938,116404194,37645443,0,0,0,0,0,0,0,0,0,0,0,0,0,0,0,0,0,0,0,0,0,0,0,0,0,0,0,0,0,0,0,0,0,0,0,0,0,12875284480,4567580672,785845,278783,37583596,491,0,96,786432,115441189,811153,6,3485973988,12884901888,24050,688835211,0,0,0,0,0,0,0,0,0,0,0,0,0,0,0,0,0,0,16694535,116590842,0,468,1202,7661,620,33389339,35,0,0,0,0,0,0,0,1,0,0,0,0,0,0,0,0,0,0,22096312,0,37583370,685347,0,0,0,0,0,0,0,0,16384,0,0,0,0,0,0,0,0,0,0,0,3346,422,0,0,0,0,0,50750013,0,147,0,2,422,3346,0,0,0,0,0,0,0,0,0,0,0,0,0,0,0,0,0,0,0,0,0,0,0,0,0,0,0,0,0,0,0,0,0,0,0,0,0,0,0,0,0,0,0,0,0,0,0,0,0,0,0,0,0,0,262496908,0,0,0,467781356,0,0,0,0,0,0,0,82152188,116431734,301026177,160072640000,71735906,1,0,0,0,0,0,0,0,0,0,0,0,0,0,0,0,0,0,0,0,0,0,0,0,0,0,0,0,0,0,0,816,0,0,0,0,0,0,0
1782975765.006,0,0,0,0,0,0,0,720801851,1903780383232,816859631104,0,0,0,0,0,0,0,0,0,0,0,0,0,0,0,0,0,0,0,0,0,0,0,0,0,0,0,0,0,0,0,0,0,0,0,0,0,0,0,0,0,0,0,0,0,0,0,0,0,0,0,0,0,0,0,0,0,0,7,1841970,116460642,37661645,0,0,0,0,0,0,0,0,0,0,0,0,0,0,0,0,0,0,0,0,0,0,0,0,0,0,0,0,0,0,0,0,0,0,0,0,0,12875153408,4572135424,785836,279060,37599798,499,0,97,786432,115497562,811153,6,3486799534,12884901888,24050,688946294,0,0,0,0,0,0,0,0,0,0,0,0,0,0,0,0,0,0,16699364,116595669,0,468,1202,7661,620,33398992,35,0,0,0,0,0,0,0,1,0,0,0,0,0,0,0,0,0,0,22101868,0,37599572,685657,0,0,0,0,0,0,0,0,16384,0,0,0,0,0,0,0,0,0,0,0,3347,422,0,0,0,0,0,50764682,0,147,0,2,422,3347,0,0,0,0,0,0,0,0,0,0,0,0,0,0,0,0,0,0,0,0,0,0,0,0,0,0,0,0,0,0,0,0,0,0,0,0,0,0,0,0,0,0,0,0,0,0,0,0,0,0,0,0,0,0,262576460,0,0,0,467863417,0,0,0,0,0,0,0,82185361,116488058,301122147,160113939456,71764323,1,0,0,0,0,0,0,0,0,0,0,0,0,0,0,0,0,0,0,0,0,0,0,0,0,0,0,0,0,0,0,845,0,0,0,0,0,0,0
1782975766.073,0,0,0,0,0,0,0,720967154,1904700312064,817167927296,0,0,0,0,0,0,0,0,0,0,0,0,0,0,0,0,0,0,0,0,0,0,0,0,0,0,0,0,0,0,0,0,0,0,0,0,0,0,0,0,0,0,0,0,0,0,0,0,0,0,0,0,0,0,0,0,0,0,7,1841997,116516910,37677607,0,0,0,0,0,0,0,0,0,0,0,0,0,0,0,0,0,0,0,0,0,0,0,0,0,0,0,0,0,0,0,0,0,0,0,0,0,12875415552,4576329728,785853,279317,37615741,483,0,96,786432,115553758,811153,6,3487617606,12884901888,24050,689056264,0,0,0,0,0,0,0,0,0,0,0,0,0,0,0,0,0,0,16704151,116600457,0,468,1202,7661,620,33408571,35,0,0,0,0,0,0,0,1,0,0,0,0,0,0,0,0,0,0,22107379,0,37615536,685976,0,0,0,0,0,0,0,0,16384,0,0,0,0,0,0,0,0,0,0,0,3348,422,0,0,0,0,0,50779220,0,147,0,2,422,3348,0,0,0,0,0,0,0,0,0,0,0,0,0,0,0,0,0,0,0,0,0,0,0,0,0,0,0,0,0,0,0,0,0,0,0,0,0,0,0,0,0,0,0,0,0,0,0,0,0,0,0,0,0,0,262654685,0,0,0,467944694,0,0,0,0,0,0,0,82218369,116544210,301216559,160154654208,71792551,1,0,0,0,0,0,0,0,0,0,0,0,0,0,0,0,0,0,0,0,0,0,0,0,0,0,0,0,0,0,0,841,0,0,0,0,0,0,0
1782975767.141,0,0,0,0,0,0,0,721131916,1905617029632,817477934592,0,0,0,0,0,0,0,0,0,0,0,0,0,0,0,0,0,0,0,0,0,0,0,0,0,0,0,0,0,0,0,0,0,0,0,0,0,0,0,0,0,0,0,0,0,0,0,0,0,0,0,0,0,0,0,0,0,0,7,1842023,116572980,37693649,0,0,0,0,0,0,0,0,0,0,0,0,0,0,0,0,0,0,0,0,0,0,0,0,0,0,0,0,0,0,0,0,0,0,0,0,0,12877201408,4580114432,785962,279548,37631802,373,0,96,786432,115609778,811153,6,3488432341,12884901888,24050,689165772,0,0,0,0,0,0,0,0,0,0,0,0,0,0,0,0,0,0,16708921,116605228,0,468,1202,7661,620,33418107,35,0,0,0,0,0,0,0,1,0,0,0,0,0,0,0,0,0,0,22112862,0,37631576,686279,0,0,0,0,0,0,0,0,16384,0,0,0,0,0,0,0,0,0,0,0,3349,422,0,0,0,0,0,50793721,0,147,0,2,422,3349,0,0,0,0,0,0,0,0,0,0,0,0,0,0,0,0,0,0,0,0,0,0,0,0,0,0,0,0,0,0,0,0,0,0,0,0,0,0,0,0,0,0,0,0,0,0,0,0,0,0,0,0,0,0,262733966,0,0,0,468025734,0,0,0,0,0,0,0,82250720,116600145,301312096,160195883008,71820293,1,1,0,0,0,0,0,0,0,0,0,0,0,0,0,0,0,0,0,0,0,0,0,0,0,0,0,0,0,0,0,786,0,0,0,0,0,0,0
1782975768.207,0,0,0,0,0,0,0,721295704,1906526800384,817786450944,0,0,0,0,0,0,0,0,0,0,0,0,0,0,0,0,0,0,0,0,0,0,0,0,0,0,0,0,0,0,0,0,0,0,0,0,0,0,0,0,0,0,0,0,0,0,0,0,0,0,0,0,0,0,0,0,0,0,7,1842048,116628638,37709631,0,0,0,0,0,0,0,0,0,0,0,0,0,0,0,0,0,0,0,0,0,0,0,0,0,0,0,0,0,0,0,0,0,0,0,0,0,12873760768,4583325696,785752,279744,37647784,583,0,96,786432,115665378,811153,6,3489242663,12884901888,24050,689274520,0,0,0,0,0,0,0,0,0,0,0,0,0,0,0,0,0,0,16713669,116609975,0,468,1202,7661,620,33427604,35,0,0,0,0,0,0,0,1,0,0,0,0,0,0,0,0,0,0,22118321,0,37647558,686585,0,0,0,0,0,0,0,0,16384,0,0,0,0,0,0,0,0,0,0,0,3350,422,0,0,0,0,0,50808167,0,147,0,2,422,3350,0,0,0,0,0,0,0,0,0,0,0,0,0,0,0,0,0,0,0,0,0,0,0,0,0,0,0,0,0,0,0,0,0,0,0,0,0,0,0,0,0,0,0,0,0,0,0,0,0,0,0,0,0,0,262812174,0,0,0,468106461,0,0,0,0,0,0,0,82283095,116655696,301406510,160236577280,71848017,1,1,0,0,0,0,0,0,0,0,0,0,0,0,0,0,0,0,0,0,0,0,0,0,0,0,0,0,0,0,0,716,0,0,0,0,0,0,0
1782975769.271,0,0,0,0,0,0,0,721460765,1907445811712,818096429056,0,0,0,0,0,0,0,0,0,0,0,0,0,0,0,0,0,0,0,0,0,0,0,0,0,0,0,0,0,0,0,0,0,0,0,0,0,0,0,0,0,0,0,0,0,0,0,0,0,0,0,0,0,0,0,0,0,0,7,1842080,116684868,37725706,0,0,0,0,0,0,0,0,0,0,0,0,0,0,0,0,0,0,0,0,0,0,0,0,0,0,0,0,0,0,0,0,0,0,0,0,0,12876185600,4587569152,785900,280003,37663859,435,0,96,786432,115721539,811153,6,3490059336,12884901888,24050,689384443,0,0,0,0,0,0,0,0,0,0,0,0,0,0,0,0,0,0,16718447,116614753,0,468,1202,7661,620,33437157,35,0,0,0,0,0,0,0,1,0,0,0,0,0,0,0,0,0,0,22123811,0,37663633,686897,0,0,0,0,0,0,0,0,16384,0,0,0,0,0,0,0,0,0,0,0,3351,422,0,0,0,0,0,50822659,0,147,0,2,422,3351,0,0,0,0,0,0,0,0,0,0,0,0,0,0,0,0,0,0,0,0,0,0,0,0,0,0,0,0,0,0,0,0,0,0,0,0,0,0,0,0,0,0,0,0,0,0,0,0,0,0,0,0,0,0,262890080,0,0,0,468187621,0,0,0,0,0,0,0,82315917,116711802,301500725,160277156352,71876070,1,0,0,0,0,0,0,0,0,0,0,0,0,0,0,0,0,0,0,0,0,0,0,0,0,0,0,0,0,0,0,688,0,0,0,0,0,0,0
1782975770.336,0,0,0,0,0,0,0,721626420,1908368312832,818407429120,0,0,0,0,0,0,0,0,0,0,0,0,0,0,0,0,0,0,0,0,0,0,0,0,0,0,0,0,0,0,0,0,0,0,0,0,0,0,0,0,0,0,0,0,0,0,0,0,0,0,0,0,0,0,0,0,0,0,7,1842103,116741297,37741826,0,0,0,0,0,0,0,0,0,0,0,0,0,0,0,0,0,0,0,0,0,0,0,0,0,0,0,0,0,0,0,0,0,0,0,0,0,12875137024,4593664000,785836,280375,37679979,500,0,96,786432,115777909,811153,6,3490879264,12884901888,24050,689494862,0,0,0,0,0,0,0,0,0,0,0,0,0,0,0,0,0,0,16723237,116619544,0,468,1202,7661,620,33446739,35,0,0,0,0,0,0,0,1,0,0,0,0,0,0,0,0,0,0,22129317,0,37679753,687214,0,0,0,0,0,0,0,0,16384,0,0,0,0,0,0,0,0,0,0,0,3352,422,0,0,0,0,0,50837231,0,147,0,2,422,3352,0,0,0,0,0,0,0,0,0,0,0,0,0,0,0,0,0,0,0,0,0,0,0,0,0,0,0,0,0,0,0,0,0,0,0,0,0,0,0,0,0,0,0,0,0,0,0,0,0,0,0,0,0,0,262968828,0,0,0,468269018,0,0,0,0,0,0,0,82348351,116768081,301595821,160318087168,71903779,0,0,0,0,0,0,0,0,0,0,0,0,0,0,0,0,0,0,0,0,0,0,0,0,0,0,0,0,0,0,0,671,0,0,0,0,0,0,0
1782975771.405,0,0,0,0,0,0,0,721791849,1909290125824,818765555712,0,0,0,0,0,0,0,0,0,0,0,0,0,0,0,0,0,0,0,0,0,0,0,0,0,0,0,0,0,0,0,0,0,0,0,0,0,0,0,0,0,0,0,0,0,0,0,0,0,0,0,0,0,0,0,0,0,0,7,1842131,116797671,37760820,0,0,0,0,0,0,0,0,0,0,0,0,0,0,0,0,0,0,0,0,0,0,0,0,0,0,0,0,0,0,0,0,0,0,0,0,0,12877545472,4550164480,785983,277720,37696013,353,0,97,786432,115834231,811153,6,3491698038,12884901888,24050,689605003,0,0,0,0,0,0,0,0,0,0,0,0,0,0,0,0,0,0,16728026,116624333,0,468,1202,7661,620,33456321,35,0,0,0,0,0,0,0,1,0,0,0,0,0,0,0,0,0,0,22134825,0,37698731,687551,0,0,0,0,0,0,0,0,16384,0,0,0,0,0,0,0,0,0,0,0,3353,422,0,0,0,0,0,50851811,0,147,0,2,422,3353,0,0,0,0,0,0,0,0,0,0,0,0,0,0,0,0,0,0,0,0,0,0,0,0,0,0,0,0,0,0,0,0,0,0,0,0,0,0,0,0,0,0,0,0,0,0,0,0,0,0,0,0,0,0,263046273,0,0,0,468350406,0,0,0,0,0,0,0,82381338,116824304,301692514,160358390784,71931702,1,0,0,0,0,0,0,0,0,0,0,0,0,0,0,0,0,0,0,0,0,0,0,0,0,0,0,0,0,0,0,649,0,0,0,0,0,0,0
1782975772.470,0,0,0,0,0,0,0,721960274,1910227978752,819096402432,0,0,0,0,0,0,0,0,0,0,0,0,0,0,0,0,0,0,0,0,0,0,0,0,0,0,0,0,0,0,0,0,0,0,0,0,0,0,0,0,0,0,0,0,0,0,0,0,0,0,0,0,0,0,0,0,0,0,7,1842154,116855044,37778204,0,0,0,0,0,0,0,0,0,0,0,0,0,0,0,0,0,0,0,0,0,0,0,0,0,0,0,0,0,0,0,0,0,0,0,0,0,12875841536,4539285504,785879,277055,37716357,456,0,96,786432,115891532,811153,6,3492530747,12884901888,24050,689716483,0,0,0,0,0,0,0,0,0,0,0,0,0,0,0,0,0,0,16732902,116629209,0,468,1202,7661,620,33466076,35,0,0,0,0,0,0,0,1,0,0,0,0,0,0,0,0,0,0,22140424,0,37716131,687877,0,0,0,0,0,0,0,0,16384,0,0,0,0,0,0,0,0,0,0,0,3355,422,0,0,0,0,0,50866664,0,147,0,2,422,3355,0,0,0,0,0,0,0,0,0,0,0,0,0,0,0,0,0,0,0,0,0,0,0,0,0,0,0,0,0,0,0,0,0,0,0,0,0,0,0,0,0,0,0,0,0,0,0,0,0,0,0,0,0,0,263125003,0,0,0,468433085,0,0,0,0,0,0,0,82415866,116881560,301788829,160399284736,71961146,1,1,0,0,0,0,0,0,0,0,0,0,0,0,0,0,0,0,0,0,0,0,0,0,0,0,0,0,0,0,0,735,0,0,0,0,0,0,0
1782975773.536,0,0,0,0,0,0,0,722129674,1911172254208,819411753984,0,0,0,0,0,0,0,0,0,0,0,0,0,0,0,0,0,0,0,0,0,0,0,0,0,0,0,0,0,0,0,0,0,0,0,0,0,0,0,0,0,0,0,0,0,0,0,0,0,0,0,0,0,0,0,0,0,0,7,1842186,116912811,37794553,0,0,0,0,0,0,0,0,0,0,0,0,0,0,0,0,0,0,0,0,0,0,0,0,0,0,0,0,0,0,0,0,0,0,0,0,0,12881166336,4544200704,786204,277356,37732706,131,0,96,786432,115949250,811153,6,3493369361,12884901888,24050,689829295,0,0,0,0,0,0,0,0,0,0,0,0,0,0,0,0,0,0,16737804,116634110,0,468,1202,7661,620,33475878,35,0,0,0,0,0,0,0,1,0,0,0,0,0,0,0,0,0,0,22146058,0,37732480,688190,0,0,0,0,0,0,0,0,16384,0,0,0,0,0,0,0,0,0,0,0,3356,422,0,0,0,0,0,50881543,0,147,0,2,422,3356,0,0,0,0,0,0,0,0,0,0,0,0,0,0,0,0,0,0,0,0,0,0,0,0,0,0,0,0,0,0,0,0,0,0,0,0,0,0,0,0,0,0,0,0,0,0,0,0,0,0,0,0,0,0,263204395,0,0,0,468516377,0,0,0,0,0,0,0,82450665,116939192,301884785,160440779776,71991102,0,0,0,0,0,0,0,0,0,0,0,0,0,0,0,0,0,0,0,0,0,0,0,0,0,0,0,0,0,0,0,831,0,0,0,0,0,0,0
1782975774.604,0,0,0,0,0,0,0,722297373,1912102177280,819729205248,0,0,0,0,0,0,0,0,0,0,0,0,0,0,0,0,0,0,0,0,0,0,0,0,0,0,0,0,0,0,0,0,0,0,0,0,0,0,0,0,0,0,0,0,0,0,0,0,0,0,0,0,0,0,0,0,0,0,7,1842217,116969699,37811063,0,0,0,0,0,0,0,0,0,0,0,0,0,0,0,0,0,0,0,0,0,0,0,0,0,0,0,0,0,0,0,0,0,0,0,0,0,12873383936,4545085440,785729,277410,37749216,607,0,96,786432,116006073,811153,6,3494198696,12884901888,24050,689940381,0,0,0,0,0,0,0,0,0,0,0,0,0,0,0,0,0,0,16742665,116638971,0,468,1202,7661,620,33485596,35,0,0,0,0,0,0,0,1,0,0,0,0,0,0,0,0,0,0,22151646,0,37748990,688510,0,0,0,0,0,0,0,0,16384,0,0,0,0,0,0,0,0,0,0,0,3357,422,0,0,0,0,0,50896314,0,147,0,2,422,3357,0,0,0,0,0,0,0,0,0,0,0,0,0,0,0,0,0,0,0,0,0,0,0,0,0,0,0,0,0,0,0,0,0,0,0,0,0,0,0,0,0,0,0,0,0,0,0,0,0,0,0,0,0,0,263283123,0,0,0,468598834,0,0,0,0,0,0,0,82485020,116995953,301980266,160481822720,72020365,0,0,0,0,0,0,0,0,0,0,0,0,0,0,0,0,0,0,0,0,0,0,0,0,0,0,0,0,0,0,0,894,0,0,0,0,0,0,0
1782975775.668,0,0,0,0,0,0,0,722466459,1913041324544,820044544512,0,0,0,0,0,0,0,0,0,0,0,0,0,0,0,0,0,0,0,0,0,0,0,0,0,0,0,0,0,0,0,0,0,0,0,0,0,0,0,0,0,0,0,0,0,0,0,0,0,0,0,0,0,0,0,0,0,0,7,1842246,117027155,37827387,0,0,0,0,0,0,0,0,0,0,0,0,0,0,0,0,0,0,0,0,0,0,0,0,0,0,0,0,0,0,0,0,0,0,0,0,0,12875612160,4550705152,785865,277753,37765540,471,0,96,786432,116063452,811153,6,3495035230,12884901888,24050,690052593,0,0,0,0,0,0,0,0,0,0,0,0,0,0,0,0,0,0,16747561,116643865,0,468,1202,7661,620,33495387,35,0,0,0,0,0,0,0,1,0,0,0,0,0,0,0,0,0,0,22157266,0,37765314,688826,0,0,0,0,0,0,0,0,16384,0,0,0,0,0,0,0,0,0,0,0,3358,422,0,0,0,0,0,50911179,0,147,0,2,422,3358,0,0,0,0,0,0,0,0,0,0,0,0,0,0,0,0,0,0,0,0,0,0,0,0,0,0,0,0,0,0,0,0,0,0,0,0,0,0,0,0,0,0,0,0,0,0,0,0,0,0,0,0,0,0,263363042,0,0,0,468681860,0,0,0,0,0,0,0,82519941,117053270,302076739,160523475456,72050362,1,1,0,0,0,0,0,0,0,0,0,0,0,0,0,0,0,0,0,0,0,0,0,0,0,0,0,0,0,0,0,998,0,0,0,0,0,0,0
1782975776.737,0,0,0,0,0,0,0,722632136,1913964759552,820355935744,0,0,0,0,0,0,0,0,0,0,0,0,0,0,0,0,0,0,0,0,0,0,0,0,0,0,0,0,0,0,0,0,0,0,0,0,0,0,0,0,0,0,0,0,0,0,0,0,0,0,0,0,0,0,0,0,0,0,7,1842271,117083649,37843532,0,0,0,0,0,0,0,0,0,0,0,0,0,0,0,0,0,0,0,0,0,0,0,0,0,0,0,0,0,0,0,0,0,0,0,0,0,12875005952,4553785344,785828,277941,37781685,508,0,96,786432,116119886,811153,6,3495855918,12884901888,24050,690162844,0,0,0,0,0,0,0,0,0,0,0,0,0,0,0,0,0,0,16752360,116648666,0,468,1202,7661,620,33504986,35,0,0,0,0,0,0,0,1,0,0,0,0,0,0,0,0,0,0,22162788,0,37781459,689141,0,0,0,0,0,0,0,0,16384,0,0,0,0,0,0,0,0,0,0,0,3359,422,0,0,0,0,0,50925790,0,147,0,2,422,3359,0,0,0,0,0,0,0,0,0,0,0,0,0,0,0,0,0,0,0,0,0,0,0,0,0,0,0,0,0,0,0,0,0,0,0,0,0,0,0,0,0,0,0,0,0,0,0,0,0,0,0,0,0,0,263441864,0,0,0,468763374,0,0,0,0,0,0,0,82553659,117109626,302171933,160564329984,72079242,1,0,0,0,0,0,0,0,0,0,0,0,0,0,0,0,0,0,0,0,0,0,0,0,0,0,0,0,0,0,0,1002,0,0,0,0,0,0,0
1782975777.803,0,0,0,0,0,0,0,722798234,1914889718272,820667333632,0,0,0,0,0,0,0,0,0,0,0,0,0,0,0,0,0,0,0,0,0,0,0,0,0,0,0,0,0,0,0,0,0,0,0,0,0,0,0,0,0,0,0,0,0,0,0,0,0,0,0,0,0,0,0,0,0,0,7,1842301,117140252,37859653,0,0,0,0,0,0,0,0,0,0,0,0,0,0,0,0,0,0,0,0,0,0,0,0,0,0,0,0,0,0,0,0,0,0,0,0,0,12873908224,4558061568,785761,278202,37797806,575,0,96,786432,116176420,811153,6,3496677770,12884901888,24050,690273277,0,0,0,0,0,0,0,0,0,0,0,0,0,0,0,0,0,0,16757164,116653468,0,468,1202,7661,620,33514592,35,0,0,0,0,0,0,0,1,0,0,0,0,0,0,0,0,0,0,22168310,0,37797580,689456,0,0,0,0,0,0,0,0,16384,0,0,0,0,0,0,0,0,0,0,0,3360,422,0,0,0,0,0,50940380,0,147,0,2,422,3360,0,0,0,0,0,0,0,0,0,0,0,0,0,0,0,0,0,0,0,0,0,0,0,0,0,0,0,0,0,0,0,0,0,0,0,0,0,0,0,0,0,0,0,0,0,0,0,0,0,0,0,0,0,0,263520639,0,0,0,468845009,0,0,0,0,0,0,0,82585814,117166092,302267049,160605411328,72106583,0,0,0,0,0,0,0,0,0,0,0,0,0,0,0,0,0,0,0,0,0,0,0,0,0,0,0,0,0,0,0,991,0,0,0,0,0,0,0
1782975778.871,0,0,0,0,0,0,0,722964712,1915815217664,820977653760,0,0,0,0,0,0,0,0,0,0,0,0,0,0,0,0,0,0,0,0,0,0,0,0,0,0,0,0,0,0,0,0,0,0,0,0,0,0,0,0,0,0,0,0,0,0,0,0,0,0,0,0,0,0,0,0,0,0,7,1842326,117196876,37875709,0,0,0,0,0,0,0,0,0,0,0,0,0,0,0,0,0,0,0,0,0,0,0,0,0,0,0,0,0,0,0,0,0,0,0,0,0,12875776000,4564353024,785875,278586,37813862,461,0,96,786432,116232975,811153,6,3497501550,12884901888,24050,690384356,0,0,0,0,0,0,0,0,0,0,0,0,0,0,0,0,0,0,16761979,116658285,0,468,1202,7661,620,33524223,35,0,0,0,0,0,0,0,1,0,0,0,0,0,0,0,0,0,0,22173846,0,37813636,689771,0,0,0,0,0,0,0,0,16384,0,0,0,0,0,0,0,0,0,0,0,3361,422,0,0,0,0,0,50955020,0,147,0,2,422,3361,0,0,0,0,0,0,0,0,0,0,0,0,0,0,0,0,0,0,0,0,0,0,0,0,0,0,0,0,0,0,0,0,0,0,0,0,0,0,0,0,0,0,0,0,0,0,0,0,0,0,0,0,0,0,263599838,0,0,0,468926820,0,0,0,0,0,0,0,82618164,117222548,302362546,160646633472,72134172,1,1,0,0,0,0,0,0,0,0,0,0,0,0,0,0,0,0,0,0,0,0,0,0,0,0,0,0,0,0,0,971,0,0,0,0,0,0,0
1782975779.939,0,0,0,0,0,0,0,723130287,1916738734592,821286037504,0,0,0,0,0,0,0,0,0,0,0,0,0,0,0,0,0,0,0,0,0,0,0,0,0,0,0,0,0,0,0,0,0,0,0,0,0,0,0,0,0,0,0,0,0,0,0,0,0,0,0,0,0,0,0,0,0,0,7,1842355,117253355,37891671,0,0,0,0,0,0,0,0,0,0,0,0,0,0,0,0,0,0,0,0,0,0,0,0,0,0,0,0,0,0,0,0,0,0,0,0,0,12876857344,4571168768,785941,279002,37829824,394,0,97,786432,116289380,811153,6,3498321943,12884901888,24050,690495133,0,0,0,0,0,0,0,0,0,0,0,0,0,0,0,0,0,0,16766770,116663076,0,468,1202,7661,620,33533814,35,0,0,0,0,0,0,0,1,0,0,0,0,0,0,0,0,0,0,22179360,0,37829598,690083,0,0,0,0,0,0,0,0,16384,0,0,0,0,0,0,0,0,0,0,0,3362,422,0,0,0,0,0,50969566,0,147,0,2,422,3362,0,0,0,0,0,0,0,0,0,0,0,0,0,0,0,0,0,0,0,0,0,0,0,0,0,0,0,0,0,0,0,0,0,0,0,0,0,0,0,0,0,0,0,0,0,0,0,0,0,0,0,0,0,0,263678352,0,0,0,469008205,0,0,0,0,0,0,0,82650778,117278902,302457238,160687562240,72161910,1,1,0,0,0,0,0,0,0,0,0,0,0,0,0,0,0,0,0,0,0,0,0,0,0,0,0,0,0,0,0,986,0,0,0,0,0,0,0
1782975781.003,0,0,0,0,0,0,0,723294985,1917659597312,821595582976,0,0,0,0,0,0,0,0,0,0,0,0,0,0,0,0,0,0,0,0,0,0,0,0,0,0,0,0,0,0,0,0,0,0,0,0,0,0,0,0,0,0,0,0,0,0,0,0,0,0,0,0,0,0,0,0,0,0,7,1842377,117309691,37907723,0,0,0,0,0,0,0,0,0,0,0,0,0,0,0,0,0,0,0,0,0,0,0,0,0,0,0,0,0,0,0,0,0,0,0,0,0,12874842112,4576034816,785818,279299,37845876,522,0,96,786432,116345644,811153,6,3499137102,12884901888,24050,690604635,0,0,0,0,0,0,0,0,0,0,0,0,0,0,0,0,0,0,16771537,116667843,0,468,1202,7661,620,33543345,35,0,0,0,0,0,0,0,1,0,0,0,0,0,0,0,0,0,0,22184838,0,37845650,690389,0,0,0,0,0,0,0,0,16384,0,0,0,0,0,0,0,0,0,0,0,3363,422,0,0,0,0,0,50984030,0,147,0,2,422,3363,0,0,0,0,0,0,0,0,0,0,0,0,0,0,0,0,0,0,0,0,0,0,0,0,0,0,0,0,0,0,0,0,0,0,0,0,0,0,0,0,0,0,0,0,0,0,0,0,0,0,0,0,0,0,263756459,0,0,0,469089225,0,0,0,0,0,0,0,82682985,117335103,302551616,160728217600,72189429,1,0,0,0,0,0,0,0,0,0,0,0,0,0,0,0,0,0,0,0,0,0,0,0,0,0,0,0,0,0,0,931,0,0,0,0,0,0,0
1782975782.070,0,0,0,0,0,0,0,723460552,1918583065088,821906614272,0,0,0,0,0,0,0,0,0,0,0,0,0,0,0,0,0,0,0,0,0,0,0,0,0,0,0,0,0,0,0,0,0,0,0,0,0,0,0,0,0,0,0,0,0,0,0,0,0,0,0,0,0,0,0,0,0,0,7,1842410,117366169,37923879,0,0,0,0,0,0,0,0,0,0,0,0,0,0,0,0,0,0,0,0,0,0,0,0,0,0,0,0,0,0,0,0,0,0,0,0,0,12875104256,4579442688,785834,279507,37862032,498,0,96,786432,116402057,811153,6,3499956779,12884901888,24050,690715256,0,0,0,0,0,0,0,0,0,0,0,0,0,0,0,0,0,0,16776327,116672633,0,468,1202,7661,620,33552923,35,0,0,0,0,0,0,0,1,0,0,0,0,0,0,0,0,0,0,22190349,0,37861806,690707,0,0,0,0,0,0,0,0,16384,0,0,0,0,0,0,0,0,0,0,0,3364,422,0,0,0,0,0,50998603,0,147,0,2,422,3364,0,0,0,0,0,0,0,0,0,0,0,0,0,0,0,0,0,0,0,0,0,0,0,0,0,0,0,0,0,0,0,0,0,0,0,0,0,0,0,0,0,0,0,0,0,0,0,0,0,0,0,0,0,0,263833714,0,0,0,469170585,0,0,0,0,0,0,0,82714950,117391436,302645259,160768449024,72216410,1,0,0,0,0,0,0,0,0,0,0,0,0,0,0,0,0,0,0,0,0,0,0,0,0,0,0,0,0,0,0,930,0,0,0,0,0,0,0
1782975783.139,0,0,0,0,0,0,0,723625759,1919504402944,822217295360,0,0,0,0,0,0,0,0,0,0,0,0,0,0,0,0,0,0,0,0,0,0,0,0,0,0,0,0,0,0,0,0,0,0,0,0,0,0,0,0,0,0,0,0,0,0,0,0,0,0,0,0,0,0,0,0,0,0,7,1842442,117422522,37940012,0,0,0,0,0,0,0,0,0,0,0,0,0,0,0,0,0,0,0,0,0,0,0,0,0,0,0,0,0,0,0,0,0,0,0,0,0,12873531392,4582309888,785738,279682,37878119,598,0,96,786432,116458341,811153,6,3500774396,12884901888,24050,690824748,0,0,0,0,0,0,0,0,0,0,0,0,0,0,0,0,0,0,16781112,116677416,0,468,1202,7661,620,33562492,35,0,0,0,0,0,0,0,1,0,0,0,0,0,0,0,0,0,0,22195851,0,37877952,691018,0,0,0,0,0,0,0,0,16384,0,0,0,0,0,0,0,0,0,0,0,3365,422,0,0,0,0,0,51013129,0,147,0,2,422,3365,0,0,0,0,0,0,0,0,0,0,0,0,0,0,0,0,0,0,0,0,0,0,0,0,0,0,0,0,0,0,0,0,0,0,0,0,0,0,0,0,0,0,0,0,0,0,0,0,0,0,0,0,0,0,263911510,0,0,0,469251848,0,0,0,0,0,0,0,82747259,117447639,302739417,160808847872,72244024,1,1,0,0,0,0,0,0,0,0,0,0,0,0,0,0,0,0,0,0,0,0,0,0,0,0,0,0,0,0,0,917,0,0,0,0,0,0,0
1782975784.206,0,0,0,0,0,0,0,723790406,1920419744256,822527257600,0,0,0,0,0,0,0,0,0,0,0,0,0,0,0,0,0,0,0,0,0,0,0,0,0,0,0,0,0,0,0,0,0,0,0,0,0,0,0,0,0,0,0,0,0,0,0,0,0,0,0,0,0,0,0,0,0,0,7,1842471,117478516,37956089,0,0,0,0,0,0,0,0,0,0,0,0,0,0,0,0,0,0,0,0,0,0,0,0,0,0,0,0,0,0,0,0,0,0,0,0,0,12877676544,4585209856,785991,279859,37894242,344,0,96,786432,116514266,811153,6,3501589249,12884901888,24050,690934098,0,0,0,0,0,0,0,0,0,0,0,0,0,0,0,0,0,0,16785880,116682186,0,468,1202,7661,620,33572027,35,0,0,0,0,0,0,0,1,0,0,0,0,0,0,0,0,0,0,22201334,0,37894016,691332,0,0,0,0,0,0,0,0,16384,0,0,0,0,0,0,0,0,0,0,0,3366,422,0,0,0,0,0,51027639,0,147,0,2,422,3366,0,0,0,0,0,0,0,0,0,0,0,0,0,0,0,0,0,0,0,0,0,0,0,0,0,0,0,0,0,0,0,0,0,0,0,0,0,0,0,0,0,0,0,0,0,0,0,0,0,0,0,0,0,0,263989901,0,0,0,469332921,0,0,0,0,0,0,0,82779557,117503499,302834101,160849616384,72271544,1,0,0,0,0,0,0,0,0,0,0,0,0,0,0,0,0,0,0,0,0,0,0,0,0,0,0,0,0,0,0,877,0,0,0,0,0,0,0
1782975785.271,0,0,0,0,0,0,0,723955627,1921344719360,822838209536,0,0,0,0,0,0,0,0,0,0,0,0,0,0,0,0,0,0,0,0,0,0,0,0,0,0,0,0,0,0,0,0,0,0,0,0,0,0,0,0,0,0,0,0,0,0,0,0,0,0,0,0,0,0,0,0,0,0,7,1842492,117535082,37972197,0,0,0,0,0,0,0,0,0,0,0,0,0,0,0,0,0,0,0,0,0,0,0,0,0,0,0,0,0,0,0,0,0,0,0,0,0,12882591744,4588486656,786291,280059,37910350,45,0,96,786432,116570775,811153,6,3502407392,12884901888,24050,691044300,0,0,0,0,0,0,0,0,0,0,0,0,0,0,0,0,0,0,16790661,116686967,0,468,1202,7661,620,33581596,35,0,0,0,0,0,0,0,1,0,0,0,0,0,0,0,0,0,0,22206835,0,37910124,691638,0,0,0,0,0,0,0,0,16384,0,0,0,0,0,0,0,0,0,0,0,3367,422,0,0,0,0,0,51042188,0,147,0,2,422,3367,0,0,0,0,0,0,0,0,0,0,0,0,0,0,0,0,0,0,0,0,0,0,0,0,0,0,0,0,0,0,0,0,0,0,0,0,0,0,0,0,0,0,0,0,0,0,0,0,0,0,0,0,0,0,264068619,0,0,0,469414197,0,0,0,0,0,0,0,82812474,117559920,302929138,160890528768,72299793,1,1,0,0,0,0,0,0,0,0,0,0,0,0,0,0,0,0,0,0,0,0,0,0,0,0,0,0,0,0,0,830,0,0,0,0,0,0,0
1782975786.340,0,0,0,0,0,0,0,724120851,1922266466816,823148210688,0,0,0,0,0,0,0,0,0,0,0,0,0,0,0,0,0,0,0,0,0,0,0,0,0,0,0,0,0,0,0,0,0,0,0,0,0,0,0,0,0,0,0,0,0,0,0,0,0,0,0,0,0,0,0,0,0,0,7,1842513,117591473,37988217,0,0,0,0,0,0,0,0,0,0,0,0,0,0,0,0,0,0,0,0,0,0,0,0,0,0,0,0,0,0,0,0,0,0,0,0,0,12877103104,4594450432,785956,280423,37926370,380,0,96,786432,116627094,811153,6,3503224919,12884901888,24050,691153940,0,0,0,0,0,0,0,0,0,0,0,0,0,0,0,0,0,0,16795447,116691753,0,468,1202,7661,620,33591166,35,0,0,0,0,0,0,0,1,0,0,0,0,0,0,0,0,0,0,22212333,0,37926144,691948,0,0,0,0,0,0,0,0,16384,0,0,0,0,0,0,0,0,0,0,0,3368,422,0,0,0,0,0,51056749,0,147,0,2,422,3368,0,0,0,0,0,0,0,0,0,0,0,0,0,0,0,0,0,0,0,0,0,0,0,0,0,0,0,0,0,0,0,0,0,0,0,0,0,0,0,0,0,0,0,0,0,0,0,0,0,0,0,0,0,0,264148051,0,0,0,469495438,0,0,0,0,0,0,0,82845353,117616168,303024819,160931812352,72328000,1,0,0,0,0,0,0,0,0,0,0,0,0,0,0,0,0,0,0,0,0,0,0,0,0,0,0,0,0,0,0,859,0,0,0,0,0,0,0
1782975787.408,0,0,0,0,0,0,0,724282908,1923167128064,823499099648,0,0,0,0,0,0,0,0,0,0,0,0,0,0,0,0,0,0,0,0,0,0,0,0,0,0,0,0,0,0,0,0,0,0,0,0,0,0,0,0,0,0,0,0,0,0,0,0,0,0,0,0,0,0,0,0,0,0,7,1842555,117646564,38006846,0,0,0,0,0,0,0,0,0,0,0,0,0,0,0,0,0,0,0,0,0,0,0,0,0,0,0,0,0,0,0,0,0,0,0,0,0,12877266944,4550000640,785966,277710,37941990,369,0,96,786432,116682118,811153,6,3504027265,12884901888,24050,691262123,0,0,0,0,0,0,0,0,0,0,0,0,0,0,0,0,0,0,16800138,116696443,0,468,1202,7661,620,33600540,35,0,0,0,0,0,0,0,1,0,0,0,0,0,0,0,0,0,0,22217732,0,37944708,692276,0,0,0,0,0,0,0,0,16384,0,0,0,0,0,0,0,0,0,0,0,3369,422,0,0,0,0,0,51071019,0,147,0,2,422,3369,0,0,0,0,0,0,0,0,0,0,0,0,0,0,0,0,0,0,0,0,0,0,0,0,0,0,0,0,0,0,0,0,0,0,0,0,0,0,0,0,0,0,0,0,0,0,0,0,0,0,0,0,0,0,264223450,0,0,0,469575206,0,0,0,0,0,0,0,82876593,117671150,303119106,160971091456,72354192,1,0,0,0,0,0,0,0,0,0,0,0,0,0,0,0,0,0,0,0,0,0,0,0,0,0,0,0,0,0,0,780,0,0,0,0,0,0,0
1782975788.474,0,0,0,0,0,0,0,724447160,1924086221312,823823149056,0,0,0,0,0,0,0,0,0,0,0,0,0,0,0,0,0,0,0,0,0,0,0,0,0,0,0,0,0,0,0,0,0,0,0,0,0,0,0,0,0,0,0,0,0,0,0,0,0,0,0,0,0,0,0,0,0,0,7,1842581,117702783,38023792,0,0,0,0,0,0,0,0,0,0,0,0,0,0,0,0,0,0,0,0,0,0,0,0,0,0,0,0,0,0,0,0,0,0,0,0,0,12874694656,4540809216,785809,277149,37961945,529,0,96,786432,116738276,811153,6,3504840540,12884901888,24050,691371785,0,0,0,0,0,0,0,0,0,0,0,0,0,0,0,0,0,0,16804888,116701194,0,468,1202,7661,620,33610041,35,0,0,0,0,0,0,0,1,0,0,0,0,0,0,0,0,0,0,22223197,0,37961719,692598,0,0,0,0,0,0,0,0,16384,0,0,0,0,0,0,0,0,0,0,0,3371,422,0,0,0,0,0,51085476,0,147,0,2,422,3371,0,0,0,0,0,0,0,0,0,0,0,0,0,0,0,0,0,0,0,0,0,0,0,0,0,0,0,0,0,0,0,0,0,0,0,0,0,0,0,0,0,0,0,0,0,0,0,0,0,0,0,0,0,0,264301551,0,0,0,469655945,0,0,0,0,0,0,0,82909630,117727236,303214369,161011918336,72382334,1,0,0,0,0,0,0,0,0,0,0,0,0,0,0,0,0,0,0,0,0,0,0,0,0,0,0,0,0,0,0,732,0,0,0,0,0,0,0
1782975789.542,0,0,0,0,0,0,0,724615141,1925020797440,824136654336,0,0,0,0,0,0,0,0,0,0,0,0,0,0,0,0,0,0,0,0,0,0,0,0,0,0,0,0,0,0,0,0,0,0,0,0,0,0,0,0,0,0,0,0,0,0,0,0,0,0,0,0,0,0,0,0,0,0,7,1842606,117759946,38040015,0,0,0,0,0,0,0,0,0,0,0,0,0,0,0,0,0,0,0,0,0,0,0,0,0,0,0,0,0,0,0,0,0,0,0,0,0,12876808192,4548624384,785938,277626,37978156,398,0,96,786432,116795372,811153,6,3505671616,12884901888,24050,691483418,0,0,0,0,0,0,0,0,0,0,0,0,0,0,0,0,0,0,16809750,116706056,0,468,1202,7661,620,33619764,35,0,0,0,0,0,0,0,1,0,0,0,0,0,0,0,0,0,0,22228786,0,37977930,692904,0,0,0,0,0,0,0,0,16384,0,0,0,0,0,0,0,0,0,0,0,3372,422,0,0,0,0,0,51100264,0,147,0,2,422,3372,0,0,0,0,0,0,0,0,0,0,0,0,0,0,0,0,0,0,0,0,0,0,0,0,0,0,0,0,0,0,0,0,0,0,0,0,0,0,0,0,0,0,0,0,0,0,0,0,0,0,0,0,0,0,264381406,0,0,0,469738452,0,0,0,0,0,0,0,82944289,117784259,303310675,161053395456,72412157,1,0,0,0,0,0,0,0,0,0,0,0,0,0,0,0,0,0,0,0,0,0,0,0,0,0,0,0,0,0,0,781,0,0,0,0,0,0,0
1782975790.607,0,0,0,0,0,0,0,724784695,1925964368384,824453740032,0,0,0,0,0,0,0,0,0,0,0,0,0,0,0,0,0,0,0,0,0,0,0,0,0,0,0,0,0,0,0,0,0,0,0,0,0,0,0,0,0,0,0,0,0,0,0,0,0,0,0,0,0,0,0,0,0,0,7,1842636,117817686,38056458,0,0,0,0,0,0,0,0,0,0,0,0,0,0,0,0,0,0,0,0,0,0,0,0,0,0,0,0,0,0,0,0,0,0,0,0,0,12877250560,4553228288,785965,277907,37994611,369,0,97,786432,116853045,811153,6,3506510239,12884901888,24050,691595780,0,0,0,0,0,0,0,0,0,0,0,0,0,0,0,0,0,0,16814658,116710964,0,468,1202,7661,620,33629582,35,0,0,0,0,0,0,0,1,0,0,0,0,0,0,0,0,0,0,22234422,0,37994385,693235,0,0,0,0,0,0,0,0,16384,0,0,0,0,0,0,0,0,0,0,0,3373,422,0,0,0,0,0,51115186,0,147,0,2,422,3373,0,0,0,0,0,0,0,0,0,0,0,0,0,0,0,0,0,0,0,0,0,0,0,0,0,0,0,0,0,0,0,0,0,0,0,0,0,0,0,0,0,0,0,0,0,0,0,0,0,0,0,0,0,0,264461939,0,0,0,469821700,0,0,0,0,0,0,0,82979768,117841848,303407871,161095245312,72442564,1,1,0,0,0,0,0,0,0,0,0,0,0,0,0,0,0,0,0,0,0,0,0,0,0,0,0,0,0,0,0,892,0,0,0,0,0,0,0
1782975791.676,0,0,0,0,0,0,0,724954559,1926906300928,824767867904,0,0,0,0,0,0,0,0,0,0,0,0,0,0,0,0,0,0,0,0,0,0,0,0,0,0,0,0,0,0,0,0,0,0,0,0,0,0,0,0,0,0,0,0,0,0,0,0,0,0,0,0,0,0,0,0,0,0,7,1842667,117875324,38072711,0,0,0,0,0,0,0,0,0,0,0,0,0,0,0,0,0,0,0,0,0,0,0,0,0,0,0,0,0,0,0,0,0,0,0,0,0,12875415552,4560355328,785853,278342,38010864,483,0,96,786432,116910620,811153,6,3507349798,12884901888,24050,691708541,0,0,0,0,0,0,0,0,0,0,0,0,0,0,0,0,0,0,16819575,116715880,0,468,1202,7661,620,33639420,35,0,0,0,0,0,0,0,1,0,0,0,0,0,0,0,0,0,0,22240078,0,38010638,693560,0,0,0,0,0,0,0,0,16384,0,0,0,0,0,0,0,0,0,0,0,3374,422,0,0,0,0,0,51130139,0,147,0,2,422,3374,0,0,0,0,0,0,0,0,0,0,0,0,0,0,0,0,0,0,0,0,0,0,0,0,0,0,0,0,0,0,0,0,0,0,0,0,0,0,0,0,0,0,0,0,0,0,0,0,0,0,0,0,0,0,264541926,0,0,0,469905127,0,0,0,0,0,0,0,83014764,117899348,303504354,161136902656,72472484,1,1,0,0,0,0,0,0,0,0,0,0,0,0,0,0,0,0,0,0,0,0,0,0,0,0,0,0,0,0,0,1012,0,0,0,0,0,0,0
1782975792.741,0,0,0,0,0,0,0,725123632,1927851854336,825086220288,0,0,0,0,0,0,0,0,0,0,0,0,0,0,0,0,0,0,0,0,0,0,0,0,0,0,0,0,0,0,0,0,0,0,0,0,0,0,0,0,0,0,0,0,0,0,0,0,0,0,0,0,0,0,0,0,0,0,7,1842700,117933151,38089207,0,0,0,0,0,0,0,0,0,0,0,0,0,0,0,0,0,0,0,0,0,0,0,0,0,0,0,0,0,0,0,0,0,0,0,0,0,12876152832,4561731584,785898,278426,38027307,439,0,96,786432,116968398,811153,6,3508186146,12884901888,24050,691820766,0,0,0,0,0,0,0,0,0,0,0,0,0,0,0,0,0,0,16824471,116720777,0,468,1202,7661,620,33649208,35,0,0,0,0,0,0,0,1,0,0,0,0,0,0,0,0,0,0,22245701,0,38027141,693873,0,0,0,0,0,0,0,0,16384,0,0,0,0,0,0,0,0,0,0,0,3375,422,0,0,0,0,0,51145054,0,147,0,2,422,3375,0,0,0,0,0,0,0,0,0,0,0,0,0,0,0,0,0,0,0,0,0,0,0,0,0,0,0,0,0,0,0,0,0,0,0,0,0,0,0,0,0,0,0,0,0,0,0,0,0,0,0,0,0,0,264621062,0,0,0,469988244,0,0,0,0,0,0,0,83049162,117957033,303600234,161178161152,72501945,1,0,0,0,0,0,0,0,0,0,0,0,0,0,0,0,0,0,0,0,0,0,0,0,0,0,0,0,0,0,0,1090,0,0,0,0,0,0,0
1782975793.806,0,0,0,0,0,0,0,725291898,1928788068864,825401970688,0,0,0,0,0,0,0,0,0,0,0,0,0,0,0,0,0,0,0,0,0,0,0,0,0,0,0,0,0,0,0,0,0,0,0,0,0,0,0,0,0,0,0,0,0,0,0,0,0,0,0,0,0,0,0,0,0,0,7,1842736,117990436,38105599,0,0,0,0,0,0,0,0,0,0,0,0,0,0,0,0,0,0,0,0,0,0,0,0,0,0,0,0,0,0,0,0,0,0,0,0,0,12878233600,4565827584,786026,278676,38043752,314,0,96,786432,117025617,811153,6,3509019140,12884901888,24050,691932743,0,0,0,0,0,0,0,0,0,0,0,0,0,0,0,0,0,0,16829341,116725647,0,468,1202,7661,620,33658953,35,0,0,0,0,0,0,0,1,0,0,0,0,0,0,0,0,0,0,22251300,0,38043526,694201,0,0,0,0,0,0,0,0,16384,0,0,0,0,0,0,0,0,0,0,0,3376,422,0,0,0,0,0,51159877,0,147,0,2,422,3376,0,0,0,0,0,0,0,0,0,0,0,0,0,0,0,0,0,0,0,0,0,0,0,0,0,0,0,0,0,0,0,0,0,0,0,0,0,0,0,0,0,0,0,0,0,0,0,0,0,0,0,0,0,0,264699640,0,0,0,470070921,0,0,0,0,0,0,0,83083324,118014174,303695420,161219258880,72531151,0,0,0,0,0,0,0,0,0,0,0,0,0,0,0,0,0,0,0,0,0,0,0,0,0,0,0,0,0,0,0,1149,0,0,0,0,0,0,0
1782975794.873,0,0,0,0,0,0,0,725458272,1929712732672,825715006976,0,0,0,0,0,0,0,0,0,0,0,0,0,0,0,0,0,0,0,0,0,0,0,0,0,0,0,0,0,0,0,0,0,0,0,0,0,0,0,0,0,0,0,0,0,0,0,0,0,0,0,0,0,0,0,0,0,0,7,1842758,118047004,38121817,0,0,0,0,0,0,0,0,0,0,0,0,0,0,0,0,0,0,0,0,0,0,0,0,0,0,0,0,0,0,0,0,0,0,0,0,0,12878512128,4569972736,786042,278929,38059970,294,0,97,786432,117082115,811153,6,3509841986,12884901888,24050,692043442,0,0,0,0,0,0,0,0,0,0,0,0,0,0,0,0,0,0,16834152,116730458,0,468,1202,7661,620,33668573,35,0,0,0,0,0,0,0,1,0,0,0,0,0,0,0,0,0,0,22256832,0,38059744,694509,0,0,0,0,0,0,0,0,16384,0,0,0,0,0,0,0,0,0,0,0,3377,422,0,0,0,0,0,51174501,0,147,0,2,422,3377,0,0,0,0,0,0,0,0,0,0,0,0,0,0,0,0,0,0,0,0,0,0,0,0,0,0,0,0,0,0,0,0,0,0,0,0,0,0,0,0,0,0,0,0,0,0,0,0,0,0,0,0,0,0,264778455,0,0,0,470152694,0,0,0,0,0,0,0,83116433,118070581,303790676,161260229120,72559662,1,0,0,0,0,0,0,0,0,0,0,0,0,0,0,0,0,0,0,0,0,0,0,0,0,0,0,0,0,0,0,1143,0,0,0,0,0,0,0
1782975795.942,0,0,0,0,0,0,0,725623964,1930631809536,826028608512,0,0,0,0,0,0,0,0,0,0,0,0,0,0,0,0,0,0,0,0,0,0,0,0,0,0,0,0,0,0,0,0,0,0,0,0,0,0,0,0,0,0,0,0,0,0,0,0,0,0,0,0,0,0,0,0,0,0,7,1842782,118103226,38138090,0,0,0,0,0,0,0,0,0,0,0,0,0,0,0,0,0,0,0,0,0,0,0,0,0,0,0,0,0,0,0,0,0,0,0,0,0,12875972608,4568465408,785887,278837,38076243,448,0,96,786432,117138265,811153,6,3510661897,12884901888,24050,692153675,0,0,0,0,0,0,0,0,0,0,0,0,0,0,0,0,0,0,16838949,116735257,0,468,1202,7661,620,33678170,35,0,0,0,0,0,0,0,1,0,0,0,0,0,0,0,0,0,0,22262348,0,38076017,694828,0,0,0,0,0,0,0,0,16384,0,0,0,0,0,0,0,0,0,0,0,3378,422,0,0,0,0,0,51189084,0,147,0,2,422,3378,0,0,0,0,0,0,0,0,0,0,0,0,0,0,0,0,0,0,0,0,0,0,0,0,0,0,0,0,0,0,0,0,0,0,0,0,0,0,0,0,0,0,0,0,0,0,0,0,0,0,0,0,0,0,264856806,0,0,0,470234217,0,0,0,0,0,0,0,83149429,118126667,303885538,161300968448,72587822,1,0,0,0,0,0,0,0,0,0,0,0,0,0,0,0,0,0,0,0,0,0,0,0,0,0,0,0,0,0,0,1139,0,0,0,0,0,0,0
1782975797.010,0,0,0,0,0,0,0,725789699,1931558898176,826338720256,0,0,0,0,0,0,0,0,0,0,0,0,0,0,0,0,0,0,0,0,0,0,0,0,0,0,0,0,0,0,0,0,0,0,0,0,0,0,0,0,0,0,0,0,0,0,0,0,0,0,0,0,0,0,0,0,0,0,7,1842809,118159934,38154114,0,0,0,0,0,0,0,0,0,0,0,0,0,0,0,0,0,0,0,0,0,0,0,0,0,0,0,0,0,0,0,0,0,0,0,0,0,12873105408,4573167616,785712,279124,38092267,624,0,96,786432,117194898,811153,6,3511482248,12884901888,24050,692263664,0,0,0,0,0,0,0,0,0,0,0,0,0,0,0,0,0,0,16843753,116740060,0,468,1202,7661,620,33687778,35,0,0,0,0,0,0,0,1,0,0,0,0,0,0,0,0,0,0,22267868,0,38092041,695142,0,0,0,0,0,0,0,0,16384,0,0,0,0,0,0,0,0,0,0,0,3379,422,0,0,0,0,0,51203668,0,147,0,2,422,3379,0,0,0,0,0,0,0,0,0,0,0,0,0,0,0,0,0,0,0,0,0,0,0,0,0,0,0,0,0,0,0,0,0,0,0,0,0,0,0,0,0,0,0,0,0,0,0,0,0,0,0,0,0,0,264935976,0,0,0,470315769,0,0,0,0,0,0,0,83181629,118183203,303980961,161342227456,72615285,1,0,0,0,0,0,0,0,0,0,0,0,0,0,0,0,0,0,0,0,0,0,0,0,0,0,0,0,0,0,0,1148,0,0,0,0,0,0,0
1782975798.080,0,0,0,0,0,0,0,725955937,1932481563136,826650467328,0,0,0,0,0,0,0,0,0,0,0,0,0,0,0,0,0,0,0,0,0,0,0,0,0,0,0,0,0,0,0,0,0,0,0,0,0,0,0,0,0,0,0,0,0,0,0,0,0,0,0,0,0,0,0,0,0,0,7,1842850,118216372,38170211,0,0,0,0,0,0,0,0,0,0,0,0,0,0,0,0,0,0,0,0,0,0,0,0,0,0,0,0,0,0,0,0,0,0,0,0,0,12876890112,4577476608,785943,279388,38108327,394,0,96,786432,117251272,811153,6,3512304956,12884901888,24050,692374391,0,0,0,0,0,0,0,0,0,0,0,0,0,0,0,0,0,0,16848564,116744872,0,468,1202,7661,620,33697399,35,0,0,0,0,0,0,0,1,0,0,0,0,0,0,0,0,0,0,22273398,0,38108101,695454,0,0,0,0,0,0,0,0,16384,0,0,0,0,0,0,0,0,0,0,0,3380,422,0,0,0,0,0,51218318,0,147,0,2,422,3380,0,0,0,0,0,0,0,0,0,0,0,0,0,0,0,0,0,0,0,0,0,0,0,0,0,0,0,0,0,0,0,0,0,0,0,0,0,0,0,0,0,0,0,0,0,0,0,0,0,0,0,0,0,0,265015242,0,0,0,470397480,0,0,0,0,0,0,0,83214200,118239516,304076577,161383671296,72643078,1,1,0,0,0,0,0,0,0,0,0,0,0,0,0,0,0,0,0,0,0,0,0,0,0,0,0,0,0,0,0,1149,0,0,0,0,0,0,0
1782975799.148,0,0,0,0,0,0,0,726125810,1933425838592,826969189888,0,0,0,0,0,0,0,0,0,0,0,0,0,0,0,0,0,0,0,0,0,0,0,0,0,0,0,0,0,0,0,0,0,0,0,0,0,0,0,0,0,0,0,0,0,0,0,0,0,0,0,0,0,0,0,0,0,0,7,1842877,118274118,38186740,0,0,0,0,0,0,0,0,0,0,0,0,0,0,0,0,0,0,0,0,0,0,0,0,0,0,0,0,0,0,0,0,0,0,0,0,0,12876775424,4580212736,785936,279554,38124893,400,0,96,786432,117308960,811153,6,3513147092,12884901888,24050,692488693,0,0,0,0,0,0,0,0,0,0,0,0,0,0,0,0,0,0,16853483,116749791,0,468,1202,7661,620,33707233,35,0,0,0,0,0,0,0,1,0,0,0,0,0,0,0,0,0,0,22279057,0,38124667,695779,0,0,0,0,0,0,0,0,16384,0,0,0,0,0,0,0,0,0,0,0,3381,422,0,0,0,0,0,51233275,0,147,0,2,422,3381,0,0,0,0,0,0,0,0,0,0,0,0,0,0,0,0,0,0,0,0,0,0,0,0,0,0,0,0,0,0,0,0,0,0,0,0,0,0,0,0,0,0,0,0,0,0,0,0,0,0,0,0,0,0,265095592,0,0,0,470481729,0,0,0,0,0,0,0,83248760,118297105,304173625,161425415168,72672626,1,1,0,0,0,0,0,0,0,0,0,0,0,0,0,0,0,0,0,0,0,0,0,0,0,0,0,0,0,0,0,471,0,0,0,0,0,0,0
1782975800.218,0,0,0,0,0,0,0,726296721,1934374996480,827286973952,0,0,0,0,0,0,0,0,0,0,0,0,0,0,0,0,0,0,0,0,0,0,0,0,0,0,0,0,0,0,0,0,0,0,0,0,0,0,0,0,0,0,0,0,0,0,0,0,0,0,0,0,0,0,0,0,0,0,7,1842899,118332188,38203207,0,0,0,0,0,0,0,0,0,0,0,0,0,0,0,0,0,0,0,0,0,0,0,0,0,0,0,0,0,0,0,0,0,0,0,0,0,12875431936,4587077632,785854,279974,38141342,481,0,99,786432,117366970,811153,6,3513993899,12884901888,24050,692603295,0,0,0,0,0,0,0,0,0,0,0,0,0,0,0,0,0,0,16858429,116754737,0,468,1202,7661,620,33717127,35,0,0,0,0,0,0,0,1,0,0,0,0,0,0,0,0,0,0,22284745,0,38141116,696095,0,0,0,0,0,0,0,0,16384,0,0,0,0,0,0,0,0,0,0,0,3382,422,0,0,0,0,0,51248323,0,147,0,2,422,3382,0,0,0,0,0,0,0,0,0,0,0,0,0,0,0,0,0,0,0,0,0,0,0,0,0,0,0,0,0,0,0,0,0,0,0,0,0,0,0,0,0,0,0,0,0,0,0,0,0,0,0,0,0,0,265175942,0,0,0,470566050,0,0,0,0,0,0,0,83284297,118355023,304270707,161467204608,72703274,0,0,0,0,0,0,0,0,0,0,0,0,0,0,0,0,0,0,0,0,0,0,0,0,0,0,0,0,0,0,0,165,0,0,0,0,0,0,0
1782975801.287,0,0,0,0,0,0,0,726466264,1935319681536,827603011072,0,0,0,0,0,0,0,0,0,0,0,0,0,0,0,0,0,0,0,0,0,0,0,0,0,0,0,0,0,0,0,0,0,0,0,0,0,0,0,0,0,0,0,0,0,0,0,0,0,0,0,0,0,0,0,0,0,0,7,1842923,118390000,38219607,0,0,0,0,0,0,0,0,0,0,0,0,0,0,0,0,0,0,0,0,0,0,0,0,0,0,0,0,0,0,0,0,0,0,0,0,0,12873662464,4594515968,785746,280427,38157760,589,0,96,786432,117424718,811153,6,3514832967,12884901888,24050,692715560,0,0,0,0,0,0,0,0,0,0,0,0,0,0,0,0,0,0,16863344,116759651,0,468,1202,7661,620,33726959,35,0,0,0,0,0,0,0,1,0,0,0,0,0,0,0,0,0,0,22290390,0,38157534,696420,0,0,0,0,0,0,0,0,16384,0,0,0,0,0,0,0,0,0,0,0,3383,422,0,0,0,0,0,51263246,0,147,0,2,422,3383,0,0,0,0,0,0,0,0,0,0,0,0,0,0,0,0,0,0,0,0,0,0,0,0,0,0,0,0,0,0,0,0,0,0,0,0,0,0,0,0,0,0,0,0,0,0,0,0,0,0,0,0,0,0,265255988,0,0,0,470649364,0,0,0,0,0,0,0,83319869,118412690,304367362,161508727808,72733844,0,1,0,0,0,0,0,0,0,0,0,0,0,0,0,0,0,0,0,0,0,0,0,0,0,0,0,0,0,0,0,265,0,0,0,0,0,0,0
1782975802.355,0,0,0,0,0,0,0,726635703,1936256436736,827915550720,0,0,0,0,0,0,0,0,0,0,0,0,0,0,0,0,0,0,0,0,0,0,0,0,0,0,0,0,0,0,0,0,0,0,0,0,0,0,0,0,0,0,0,0,0,0,0,0,0,0,0,0,0,0,0,0,0,0,7,1842948,118447301,38235721,0,0,0,0,0,0,0,0,0,0,0,0,0,0,0,0,0,0,0,0,0,0,0,0,0,0,0,0,0,0,0,0,0,0,0,0,0,12876169216,4601741312,785901,280868,38173865,437,0,96,786432,117481951,811153,6,3515671219,12884901888,24050,692828175,0,0,0,0,0,0,0,0,0,0,0,0,0,0,0,0,0,0,16868252,116764559,0,468,1202,7661,620,33736779,35,0,0,0,0,0,0,0,1,0,0,0,0,0,0,0,0,0,0,22296038,0,38173639,696735,0,0,0,0,0,0,0,0,16384,0,0,0,0,0,0,0,0,0,0,0,3384,422,0,0,0,0,0,51278158,0,147,0,2,422,3384,0,0,0,0,0,0,0,0,0,0,0,0,0,0,0,0,0,0,0,0,0,0,0,0,0,0,0,0,0,0,0,0,0,0,0,0,0,0,0,0,0,0,0,0,0,0,0,0,0,0,0,0,0,0,265335862,0,0,0,470732655,0,0,0,0,0,0,0,83354884,118469859,304463588,161550456320,72763896,1,0,0,0,0,0,0,0,0,0,0,0,0,0,0,0,0,0,0,0,0,0,0,0,0,0,0,0,0,0,0,358,0,0,0,0,0,0,0
1782975803.419,0,0,0,0,0,0,0,726800589,1937175235072,828286038016,0,0,0,0,0,0,0,0,0,0,0,0,0,0,0,0,0,0,0,0,0,0,0,0,0,0,0,0,0,0,0,0,0,0,0,0,0,0,0,0,0,0,0,0,0,0,0,0,0,0,0,0,0,0,0,0,0,0,7,1842973,118503499,38255503,0,0,0,0,0,0,0,0,0,0,0,0,0,0,0,0,0,0,0,0,0,0,0,0,0,0,0,0,0,0,0,0,0,0,0,0,0,12876742656,4542808064,785934,277271,38189973,400,0,96,786432,117538072,811153,6,3516486910,12884901888,24050,692937661,0,0,0,0,0,0,0,0,0,0,0,0,0,0,0,0,0,0,16873022,116769330,0,468,1202,7661,620,33746316,35,0,0,0,0,0,0,0,1,0,0,0,0,0,0,0,0,0,0,22301524,0,38193331,697069,0,0,0,0,0,0,0,0,16384,0,0,0,0,0,0,0,0,0,0,0,3385,422,0,0,0,0,0,51292664,0,147,0,2,422,3385,0,0,0,0,0,0,0,0,0,0,0,0,0,0,0,0,0,0,0,0,0,0,0,0,0,0,0,0,0,0,0,0,0,0,0,0,0,0,0,0,0,0,0,0,0,0,0,0,0,0,0,0,0,0,265414635,0,0,0,470813743,0,0,0,0,0,0,0,83389188,118525959,304562375,161591374336,72792941,1,0,0,0,0,0,0,0,0,0,0,0,0,0,0,0,0,0,0,0,0,0,0,0,0,0,0,0,0,0,0,277,0,0,0,0,0,0,0
1782975804.483,0,0,0,0,0,0,0,726970430,1938119887360,828609685504,0,0,0,0,0,0,0,0,0,0,0,0,0,0,0,0,0,0,0,0,0,0,0,0,0,0,0,0,0,0,0,0,0,0,0,0,0,0,0,0,0,0,0,0,0,0,0,0,0,0,0,0,0,0,0,0,0,0,7,1843003,118561272,38272326,0,0,0,0,0,0,0,0,0,0,0,0,0,0,0,0,0,0,0,0,0,0,0,0,0,0,0,0,0,0,0,0,0,0,0,0,0,12873924608,4545314816,785762,277424,38210444,574,0,96,786432,117595776,811153,6,3517327064,12884901888,24050,693050738,0,0,0,0,0,0,0,0,0,0,0,0,0,0,0,0,0,0,16877938,116774245,0,468,1202,7661,620,33756147,35,0,0,0,0,0,0,0,1,0,0,0,0,0,0,0,0,0,0,22307171,0,38210218,697394,0,0,0,0,0,0,0,0,16384,0,0,0,0,0,0,0,0,0,0,0,3387,422,0,0,0,0,0,51307627,0,147,0,2,422,3387,0,0,0,0,0,0,0,0,0,0,0,0,0,0,0,0,0,0,0,0,0,0,0,0,0,0,0,0,0,0,0,0,0,0,0,0,0,0,0,0,0,0,0,0,0,0,0,0,0,0,0,0,0,0,265495758,0,0,0,470897138,0,0,0,0,0,0,0,83424647,118583600,304660542,161633500672,72823416,1,0,0,0,0,0,0,0,0,0,0,0,0,0,0,0,0,0,0,0,0,0,0,0,0,0,0,0,0,0,0,382,0,0,0,0,0,0,0
1782975805.551,0,0,0,0,0,0,0,727140081,1939065571840,828925643264,0,0,0,0,0,0,0,0,0,0,0,0,0,0,0,0,0,0,0,0,0,0,0,0,0,0,0,0,0,0,0,0,0,0,0,0,0,0,0,0,0,0,0,0,0,0,0,0,0,0,0,0,0,0,0,0,0,0,7,1843036,118619119,38288694,0,0,0,0,0,0,0,0,0,0,0,0,0,0,0,0,0,0,0,0,0,0,0,0,0,0,0,0,0,0,0,0,0,0,0,0,0,12876742656,4549623808,785934,277687,38226847,402,0,96,786432,117653561,811153,6,3518165915,12884901888,24050,693163071,0,0,0,0,0,0,0,0,0,0,0,0,0,0,0,0,0,0,16882848,116779155,0,468,1202,7661,620,33765967,35,0,0,0,0,0,0,0,1,0,0,0,0,0,0,0,0,0,0,22312819,0,38226621,697714,0,0,0,0,0,0,0,0,16384,0,0,0,0,0,0,0,0,0,0,0,3388,422,0,0,0,0,0,51322513,0,147,0,2,422,3388,0,0,0,0,0,0,0,0,0,0,0,0,0,0,0,0,0,0,0,0,0,0,0,0,0,0,0,0,0,0,0,0,0,0,0,0,0,0,0,0,0,0,0,0,0,0,0,0,0,0,0,0,0,0,265576032,0,0,0,470980504,0,0,0,0,0,0,0,83459786,118641312,304757402,161675341824,72853641,1,0,0,0,0,0,0,0,0,0,0,0,0,0,0,0,0,0,0,0,0,0,0,0,0,0,0,0,0,0,0,473,0,0,0,0,0,0,0
1782975806.617,0,0,0,0,0,0,0,727311882,1940022659584,829243512832,0,0,0,0,0,0,0,0,0,0,0,0,0,0,0,0,0,0,0,0,0,0,0,0,0,0,0,0,0,0,0,0,0,0,0,0,0,0,0,0,0,0,0,0,0,0,0,0,0,0,0,0,0,0,0,0,0,0,7,1843062,118677625,38305244,0,0,0,0,0,0,0,0,0,0,0,0,0,0,0,0,0,0,0,0,0,0,0,0,0,0,0,0,0,0,0,0,0,0,0,0,0,12878856192,4555128832,786063,278023,38243397,271,0,96,786432,117712003,811153,6,3519015810,12884901888,24050,693277234,0,0,0,0,0,0,0,0,0,0,0,0,0,0,0,0,0,0,16887823,116784130,0,468,1202,7661,620,33775912,35,0,0,0,0,0,0,0,1,0,0,0,0,0,0,0,0,0,0,22318541,0,38243171,698030,0,0,0,0,0,0,0,0,16384,0,0,0,0,0,0,0,0,0,0,0,3389,422,0,0,0,0,0,51337655,0,147,0,2,422,3389,0,0,0,0,0,0,0,0,0,0,0,0,0,0,0,0,0,0,0,0,0,0,0,0,0,0,0,0,0,0,0,0,0,0,0,0,0,0,0,0,0,0,0,0,0,0,0,0,0,0,0,0,0,0,265654078,0,0,0,471064739,0,0,0,0,0,0,0,83493613,118699682,304852240,161715979776,72882533,0,0,0,0,0,0,0,0,0,0,0,0,0,0,0,0,0,0,0,0,0,0,0,0,0,0,0,0,0,0,0,670,0,0,0,0,0,0,0
1782975807.685,0,0,0,0,0,0,0,727481834,1940969966080,829560689664,0,0,0,0,0,0,0,0,0,0,0,0,0,0,0,0,0,0,0,0,0,0,0,0,0,0,0,0,0,0,0,0,0,0,0,0,0,0,0,0,0,0,0,0,0,0,0,0,0,0,0,0,0,0,0,0,0,0,7,1843091,118735562,38321698,0,0,0,0,0,0,0,0,0,0,0,0,0,0,0,0,0,0,0,0,0,0,0,0,0,0,0,0,0,0,0,0,0,0,0,0,0,12878266368,4561797120,786027,278430,38259851,308,0,96,786432,117769881,811153,6,3519856587,12884901888,24050,693390258,0,0,0,0,0,0,0,0,0,0,0,0,0,0,0,0,0,0,16892737,116789044,0,468,1202,7661,620,33785744,35,0,0,0,0,0,0,0,1,0,0,0,0,0,0,0,0,0,0,22324188,0,38259625,698352,0,0,0,0,0,0,0,0,16384,0,0,0,0,0,0,0,0,0,0,0,3390,422,0,0,0,0,0,51352590,0,147,0,2,422,3390,0,0,0,0,0,0,0,0,0,0,0,0,0,0,0,0,0,0,0,0,0,0,0,0,0,0,0,0,0,0,0,0,0,0,0,0,0,0,0,0,0,0,0,0,0,0,0,0,0,0,0,0,0,0,265733939,0,0,0,471148193,0,0,0,0,0,0,0,83528947,118757496,304948786,161757517312,72912805,0,0,0,0,0,0,0,0,0,0,0,0,0,0,0,0,0,0,0,0,0,0,0,0,0,0,0,0,0,0,0,777,0,0,0,0,0,0,0
1782975808.752,0,0,0,0,0,0,0,727651275,1941914405376,829878203392,0,0,0,0,0,0,0,0,0,0,0,0,0,0,0,0,0,0,0,0,0,0,0,0,0,0,0,0,0,0,0,0,0,0,0,0,0,0,0,0,0,0,0,0,0,0,0,0,0,0,0,0,0,0,0,0,0,0,7,1843122,118793331,38338142,0,0,0,0,0,0,0,0,0,0,0,0,0,0,0,0,0,0,0,0,0,0,0,0,0,0,0,0,0,0,0,0,0,0,0,0,0,12876398592,4567973888,785913,278807,38276295,425,0,96,786432,117827596,811153,6,3520695066,12884901888,24050,693502525,0,0,0,0,0,0,0,0,0,0,0,0,0,0,0,0,0,0,16897640,116793947,0,468,1202,7661,620,33795560,35,0,0,0,0,0,0,0,1,0,0,0,0,0,0,0,0,0,0,22329824,0,38276069,698676,0,0,0,0,0,0,0,0,16384,0,0,0,0,0,0,0,0,0,0,0,3391,422,0,0,0,0,0,51367486,0,147,0,2,422,3391,0,0,0,0,0,0,0,0,0,0,0,0,0,0,0,0,0,0,0,0,0,0,0,0,0,0,0,0,0,0,0,0,0,0,0,0,0,0,0,0,0,0,0,0,0,0,0,0,0,0,0,0,0,0,265814435,0,0,0,471231409,0,0,0,0,0,0,0,83564070,118815150,305045947,161799410688,72942906,1,0,0,0,0,0,0,0,0,0,0,0,0,0,0,0,0,0,0,0,0,0,0,0,0,0,0,0,0,0,0,862,0,0,0,0,0,0,0
1782975809.819,0,0,0,0,0,0,0,727820568,1942859008512,830194306560,0,0,0,0,0,0,0,0,0,0,0,0,0,0,0,0,0,0,0,0,0,0,0,0,0,0,0,0,0,0,0,0,0,0,0,0,0,0,0,0,0,0,0,0,0,0,0,0,0,0,0,0,0,0,0,0,0,0,7,1843150,118851110,38354524,0,0,0,0,0,0,0,0,0,0,0,0,0,0,0,0,0,0,0,0,0,0,0,0,0,0,0,0,0,0,0,0,0,0,0,0,0,12876513280,4572987392,785920,279113,38292677,416,0,96,786432,117885302,811153,6,3521533137,12884901888,24050,693615313,0,0,0,0,0,0,0,0,0,0,0,0,0,0,0,0,0,0,16902546,116798852,0,468,1202,7661,620,33805363,35,0,0,0,0,0,0,0,1,0,0,0,0,0,0,0,0,0,0,22335463,0,38292451,698990,0,0,0,0,0,0,0,0,16384,0,0,0,0,0,0,0,0,0,0,0,3392,422,0,0,0,0,0,51382382,0,147,0,2,422,3392,0,0,0,0,0,0,0,0,0,0,0,0,0,0,0,0,0,0,0,0,0,0,0,0,0,0,0,0,0,0,0,0,0,0,0,0,0,0,0,0,0,0,0,0,0,0,0,0,0,0,0,0,0,0,265894439,0,0,0,471314561,0,0,0,0,0,0,0,83599027,118872809,305142552,161841102848,72972980,1,1,0,0,0,0,0,0,0,0,0,0,0,0,0,0,0,0,0,0,0,0,0,0,0,0,0,0,0,0,0,935,0,0,0,0,0,0,0
1782975810.887,0,0,0,0,0,0,0,727989660,1943799843328,830512951296,0,0,0,0,0,0,0,0,0,0,0,0,0,0,0,0,0,0,0,0,0,0,0,0,0,0,0,0,0,0,0,0,0,0,0,0,0,0,0,0,0,0,0,0,0,0,0,0,0,0,0,0,0,0,0,0,0,0,7,1843183,118908631,38371074,0,0,0,0,0,0,0,0,0,0,0,0,0,0,0,0,0,0,0,0,0,0,0,0,0,0,0,0,0,0,0,0,0,0,0,0,0,12873465856,4574871552,785735,279228,38309210,602,0,96,786432,117942769,811153,6,3522369764,12884901888,24050,693727424,0,0,0,0,0,0,0,0,0,0,0,0,0,0,0,0,0,0,16907442,116803748,0,468,1202,7661,620,33815158,35,0,0,0,0,0,0,0,1,0,0,0,0,0,0,0,0,0,0,22341091,0,38309009,699307,0,0,0,0,0,0,0,0,16384,0,0,0,0,0,0,0,0,0,0,0,3393,422,0,0,0,0,0,51397290,0,147,0,2,422,3393,0,0,0,0,0,0,0,0,0,0,0,0,0,0,0,0,0,0,0,0,0,0,0,0,0,0,0,0,0,0,0,0,0,0,0,0,0,0,0,0,0,0,0,0,0,0,0,0,0,0,0,0,0,0,265974063,0,0,0,471397613,0,0,0,0,0,0,0,83634154,118930196,305238990,161882450944,73003152,1,0,0,0,0,0,0,0,0,0,0,0,0,0,0,0,0,0,0,0,0,0,0,0,0,0,0,0,0,0,0,1011,0,0,0,0,0,0,0
1782975811.955,0,0,0,0,0,0,0,728157779,1944737024512,830826013184,0,0,0,0,0,0,0,0,0,0,0,0,0,0,0,0,0,0,0,0,0,0,0,0,0,0,0,0,0,0,0,0,0,0,0,0,0,0,0,0,0,0,0,0,0,0,0,0,0,0,0,0,0,0,0,0,0,0,7,1843214,118965977,38387329,0,0,0,0,0,0,0,0,0,0,0,0,0,0,0,0,0,0,0,0,0,0,0,0,0,0,0,0,0,0,0,0,0,0,0,0,0,12881117184,4580474880,786201,279570,38325482,135,0,96,786432,118000046,811153,6,3523201893,12884901888,24050,693839614,0,0,0,0,0,0,0,0,0,0,0,0,0,0,0,0,0,0,16912304,116808610,0,468,1202,7661,620,33824881,35,0,0,0,0,0,0,0,1,0,0,0,0,0,0,0,0,0,0,22346675,0,38325256,699622,0,0,0,0,0,0,0,0,16384,0,0,0,0,0,0,0,0,0,0,0,3394,422,0,0,0,0,0,51412080,0,147,0,2,422,3394,0,0,0,0,0,0,0,0,0,0,0,0,0,0,0,0,0,0,0,0,0,0,0,0,0,0,0,0,0,0,0,0,0,0,0,0,0,0,0,0,0,0,0,0,0,0,0,0,0,0,0,0,0,0,266052786,0,0,0,471480173,0,0,0,0,0,0,0,83668725,118987416,305334196,161923306496,73032863,0,0,0,0,0,0,0,0,0,0,0,0,0,0,0,0,0,0,0,0,0,0,0,0,0,0,0,0,0,0,0,1081,0,0,0,0,0,0,0
1782975813.022,0,0,0,0,0,0,0,728325413,1945668356608,831138943488,0,0,0,0,0,0,0,0,0,0,0,0,0,0,0,0,0,0,0,0,0,0,0,0,0,0,0,0,0,0,0,0,0,0,0,0,0,0,0,0,0,0,0,0,0,0,0,0,0,0,0,0,0,0,0,0,0,0,7,1843237,119022944,38403571,0,0,0,0,0,0,0,0,0,0,0,0,0,0,0,0,0,0,0,0,0,0,0,0,0,0,0,0,0,0,0,0,0,0,0,0,0,12873154560,4587864064,785715,280021,38341724,620,0,96,786432,118056944,811153,6,3524031332,12884901888,24050,693951218,0,0,0,0,0,0,0,0,0,0,0,0,0,0,0,0,0,0,16917156,116813460,0,468,1202,7661,620,33834591,35,0,0,0,0,0,0,0,1,0,0,0,0,0,0,0,0,0,0,22352246,0,38341498,699947,0,0,0,0,0,0,0,0,16384,0,0,0,0,0,0,0,0,0,0,0,3395,422,0,0,0,0,0,51426819,0,147,0,2,422,3395,0,0,0,0,0,0,0,0,0,0,0,0,0,0,0,0,0,0,0,0,0,0,0,0,0,0,0,0,0,0,0,0,0,0,0,0,0,0,0,0,0,0,0,0,0,0,0,0,0,0,0,0,0,0,266131589,0,0,0,471562532,0,0,0,0,0,0,0,83701920,119044216,305429472,161964377088,73061267,1,0,0,0,0,0,0,0,0,0,0,0,0,0,0,0,0,0,0,0,0,0,0,0,0,0,0,0,0,0,0,1132,0,0,0,0,0,0,0
1782975814.090,0,0,0,0,0,0,0,728492957,1946596837888,831448612352,0,0,0,0,0,0,0,0,0,0,0,0,0,0,0,0,0,0,0,0,0,0,0,0,0,0,0,0,0,0,0,0,0,0,0,0,0,0,0,0,0,0,0,0,0,0,0,0,0,0,0,0,0,0,0,0,0,0,7,1843269,119079745,38419598,0,0,0,0,0,0,0,0,0,0,0,0,0,0,0,0,0,0,0,0,0,0,0,0,0,0,0,0,0,0,0,0,0,0,0,0,0,12880396288,4595679232,786157,280498,38357751,179,0,96,786432,118113679,811153,6,3524859609,12884901888,24050,694062675,0,0,0,0,0,0,0,0,0,0,0,0,0,0,0,0,0,0,16921999,116818305,0,468,1202,7661,620,33844274,35,0,0,0,0,0,0,0,1,0,0,0,0,0,0,0,0,0,0,22357810,0,38357525,700267,0,0,0,0,0,0,0,0,16384,0,0,0,0,0,0,0,0,0,0,0,3396,422,0,0,0,0,0,51441575,0,147,0,2,422,3396,0,0,0,0,0,0,0,0,0,0,0,0,0,0,0,0,0,0,0,0,0,0,0,0,0,0,0,0,0,0,0,0,0,0,0,0,0,0,0,0,0,0,0,0,0,0,0,0,0,0,0,0,0,0,266210649,0,0,0,471644843,0,0,0,0,0,0,0,83735257,119100847,305524794,162005680640,73089896,1,0,0,0,0,0,0,0,0,0,0,0,0,0,0,0,0,0,0,0,0,0,0,0,0,0,0,0,0,0,0,1182,0,0,0,0,0,0,0
1782975815.158,0,0,0,0,0,0,0,728659082,1947518618112,831763333632,0,0,0,0,0,0,0,0,0,0,0,0,0,0,0,0,0,0,0,0,0,0,0,0,0,0,0,0,0,0,0,0,0,0,0,0,0,0,0,0,0,0,0,0,0,0,0,0,0,0,0,0,0,0,0,0,0,0,7,1843294,119136141,38435942,0,0,0,0,0,0,0,0,0,0,0,0,0,0,0,0,0,0,0,0,0,0,0,0,0,0,0,0,0,0,0,0,0,0,0,0,0,12876824576,4597383168,785939,280602,38374095,396,0,96,786432,118170009,811153,6,3525681719,12884901888,24050,694173548,0,0,0,0,0,0,0,0,0,0,0,0,0,0,0,0,0,0,16926813,116823118,0,468,1202,7661,620,33853897,35,0,0,0,0,0,0,0,1,0,0,0,0,0,0,0,0,0,0,22363345,0,38373869,700586,0,0,0,0,0,0,0,0,16384,0,0,0,0,0,0,0,0,0,0,0,3397,422,0,0,0,0,0,51456212,0,147,0,2,422,3397,0,0,0,0,0,0,0,0,0,0,0,0,0,0,0,0,0,0,0,0,0,0,0,0,0,0,0,0,0,0,0,0,0,0,0,0,0,0,0,0,0,0,0,0,0,0,0,0,0,0,0,0,0,0,266289920,0,0,0,471726521,0,0,0,0,0,0,0,83767608,119157090,305620642,162046882816,73117524,0,0,0,0,0,0,0,0,0,0,0,0,0,0,0,0,0,0,0,0,0,0,0,0,0,0,0,0,0,0,0,1189,0,0,0,0,0,0,0
1782975816.227,0,0,0,0,0,0,0,728824997,1948447492608,832074379776,0,0,0,0,0,0,0,0,0,0,0,0,0,0,0,0,0,0,0,0,0,0,0,0,0,0,0,0,0,0,0,0,0,0,0,0,0,0,0,0,0,0,0,0,0,0,0,0,0,0,0,0,0,0,0,0,0,0,7,1843320,119192943,38452069,0,0,0,0,0,0,0,0,0,0,0,0,0,0,0,0,0,0,0,0,0,0,0,0,0,0,0,0,0,0,0,0,0,0,0,0,0,12874612736,4601266176,785804,280839,38390179,532,0,96,786432,118226751,811153,6,3526503004,12884901888,24050,694283652,0,0,0,0,0,0,0,0,0,0,0,0,0,0,0,0,0,0,16931615,116827921,0,468,1202,7661,620,33863503,35,0,0,0,0,0,0,0,1,0,0,0,0,0,0,0,0,0,0,22368865,0,38389953,700897,0,0,0,0,0,0,0,0,16384,0,0,0,0,0,0,0,0,0,0,0,3398,422,0,0,0,0,0,51470785,0,147,0,2,422,3398,0,0,0,0,0,0,0,0,0,0,0,0,0,0,0,0,0,0,0,0,0,0,0,0,0,0,0,0,0,0,0,0,0,0,0,0,0,0,0,0,0,0,0,0,0,0,0,0,0,0,0,0,0,0,266368354,0,0,0,471808131,0,0,0,0,0,0,0,83800399,119213778,305715473,162087657472,73145589,1,1,0,0,0,0,0,0,0,0,0,0,0,0,0,0,0,0,0,0,0,0,0,0,0,0,0,0,0,0,0,1205,0,0,0,0,0,0,0
1782975817.295,0,0,0,0,0,0,0,728993445,1949386131968,832392859136,0,0,0,0,0,0,0,0,0,0,0,0,0,0,0,0,0,0,0,0,0,0,0,0,0,0,0,0,0,0,0,0,0,0,0,0,0,0,0,0,0,0,0,0,0,0,0,0,0,0,0,0,0,0,0,0,0,0,7,1843352,119250358,38468616,0,0,0,0,0,0,0,0,0,0,0,0,0,0,0,0,0,0,0,0,0,0,0,0,0,0,0,0,0,0,0,0,0,0,0,0,0,12874350592,4602626048,785788,280922,38406769,548,0,96,786432,118284110,811153,6,3527339455,12884901888,24050,694398400,0,0,0,0,0,0,0,0,0,0,0,0,0,0,0,0,0,0,16936492,116832798,0,468,1202,7661,620,33873257,35,0,0,0,0,0,0,0,1,0,0,0,0,0,0,0,0,0,0,22374488,0,38406543,701218,0,0,0,0,0,0,0,0,16384,0,0,0,0,0,0,0,0,0,0,0,3399,422,0,0,0,0,0,51485605,0,147,0,2,422,3399,0,0,0,0,0,0,0,0,0,0,0,0,0,0,0,0,0,0,0,0,0,0,0,0,0,0,0,0,0,0,0,0,0,0,0,0,0,0,0,0,0,0,0,0,0,0,0,0,0,0,0,0,0,0,266448703,0,0,0,471892077,0,0,0,0,0,0,0,83834483,119271059,305812555,162129526784,73174757,0,0,0,0,0,0,0,0,0,0,0,0,0,0,0,0,0,0,0,0,0,0,0,0,0,0,0,0,0,0,0,88,0,0,0,0,0,0,0
1782975818.363,0,0,0,0,0,0,0,729160931,1950322706944,832716057600,0,0,0,0,0,0,0,0,0,0,0,0,0,0,0,0,0,0,0,0,0,0,0,0,0,0,0,0,0,0,0,0,0,0,0,0,0,0,0,0,0,0,0,0,0,0,0,0,0,0,0,0,0,0,0,0,0,0,7,1843374,119307657,38485470,0,0,0,0,0,0,0,0,0,0,0,0,0,0,0,0,0,0,0,0,0,0,0,0,0,0,0,0,0,0,0,0,0,0,0,0,0,12876693504,4599693312,785931,280743,38423132,404,0,97,786432,118341337,811153,6,3528168995,12884901888,24050,694510203,0,0,0,0,0,0,0,0,0,0,0,0,0,0,0,0,0,0,16941336,116837642,0,468,1202,7661,620,33882949,35,0,0,0,0,0,0,0,1,0,0,0,0,0,0,0,0,0,0,22380060,0,38423418,701539,0,0,0,0,0,0,0,0,16384,0,0,0,0,0,0,0,0,0,0,0,3400,422,0,0,0,0,0,51500326,0,147,0,2,422,3400,0,0,0,0,0,0,0,0,0,0,0,0,0,0,0,0,0,0,0,0,0,0,0,0,0,0,0,0,0,0,0,0,0,0,0,0,0,0,0,0,0,0,0,0,0,0,0,0,0,0,0,0,0,0,266527695,0,0,0,471974376,0,0,0,0,0,0,0,83869608,119328219,305908657,162170688000,73204839,0,0,0,0,0,0,0,0,0,0,0,0,0,0,0,0,0,0,0,0,0,0,0,0,0,0,0,0,0,0,0,122,0,0,0,0,0,0,0
1782975819.426,0,0,0,0,0,0,0,729326194,1951246551552,833084021248,0,0,0,0,0,0,0,0,0,0,0,0,0,0,0,0,0,0,0,0,0,0,0,0,0,0,0,0,0,0,0,0,0,0,0,0,0,0,0,0,0,0,0,0,0,0,0,0,0,0,0,0,0,0,0,0,0,0,7,1843401,119364183,38505078,0,0,0,0,0,0,0,0,0,0,0,0,0,0,0,0,0,0,0,0,0,0,0,0,0,0,0,0,0,0,0,0,0,0,0,0,0,12876824576,4546805760,785939,277515,38443231,397,0,96,786432,118397798,811153,6,3528987656,12884901888,24050,694620651,0,0,0,0,0,0,0,0,0,0,0,0,0,0,0,0,0,0,16946123,116842429,0,468,1202,7661,620,33892516,35,0,0,0,0,0,0,0,1,0,0,0,0,0,0,0,0,0,0,22385555,0,38443005,701888,0,0,0,0,0,0,0,0,16384,0,0,0,0,0,0,0,0,0,0,0,3401,422,0,0,0,0,0,51514882,0,147,0,2,422,3401,0,0,0,0,0,0,0,0,0,0,0,0,0,0,0,0,0,0,0,0,0,0,0,0,0,0,0,0,0,0,0,0,0,0,0,0,0,0,0,0,0,0,0,0,0,0,0,0,0,0,0,0,0,0,266606538,0,0,0,472055639,0,0,0,0,0,0,0,83904026,119384591,306007349,162211739136,73233996,1,0,0,0,0,0,0,0,0,0,0,0,0,0,0,0,0,0,0,0,0,0,0,0,0,0,0,0,0,0,0,98,0,0,0,0,0,0,0
1782975820.494,0,0,0,0,0,0,0,729496165,1952196872704,833404410368,0,0,0,0,0,0,0,0,0,0,0,0,0,0,0,0,0,0,0,0,0,0,0,0,0,0,0,0,0,0,0,0,0,0,0,0,0,0,0,0,0,0,0,0,0,0,0,0,0,0,0,0,0,0,0,0,0,0,7,1843444,119422316,38521691,0,0,0,0,0,0,0,0,0,0,0,0,0,0,0,0,0,0,0,0,0,0,0,0,0,0,0,0,0,0,0,0,0,0,0,0,0,12872794112,4551311360,785694,277790,38459741,642,0,97,786432,118455871,811153,6,3529829319,12884901888,24050,694733590,0,0,0,0,0,0,0,0,0,0,0,0,0,0,0,0,0,0,16951047,116847350,0,468,1202,7661,620,33902366,35,0,0,0,0,0,0,0,1,0,0,0,0,0,0,0,0,0,0,22391205,0,38459583,702216,0,0,0,0,0,0,0,0,16384,0,0,0,0,0,0,0,0,0,0,0,3403,422,0,0,0,0,0,51529854,0,147,0,2,422,3403,0,0,0,0,0,0,0,0,0,0,0,0,0,0,0,0,0,0,0,0,0,0,0,0,0,0,0,0,0,0,0,0,0,0,0,0,0,0,0,0,0,0,0,0,0,0,0,0,0,0,0,0,0,0,266686219,0,0,0,472139129,0,0,0,0,0,0,0,83939184,119442567,306103900,162253310976,73264269,1,0,0,0,0,0,0,0,0,0,0,0,0,0,0,0,0,0,0,0,0,0,0,0,0,0,0,0,0,0,0,203,0,0,0,0,0,0,0
1782975821.563,0,0,0,0,0,0,0,729664937,1953142311424,833718942208,0,0,0,0,0,0,0,0,0,0,0,0,0,0,0,0,0,0,0,0,0,0,0,0,0,0,0,0,0,0,0,0,0,0,0,0,0,0,0,0,0,0,0,0,0,0,0,0,0,0,0,0,0,0,0,0,0,0,7,1843468,119480149,38538020,0,0,0,0,0,0,0,0,0,0,0,0,0,0,0,0,0,0,0,0,0,0,0,0,0,0,0,0,0,0,0,0,0,0,0,0,0,12876136448,4558077952,785897,278203,38476173,439,0,96,786432,118513631,811153,6,3530665138,12884901888,24050,694845658,0,0,0,0,0,0,0,0,0,0,0,0,0,0,0,0,0,0,16955926,116852232,0,468,1202,7661,620,33912126,35,0,0,0,0,0,0,0,1,0,0,0,0,0,0,0,0,0,0,22396816,0,38475947,702532,0,0,0,0,0,0,0,0,16384,0,0,0,0,0,0,0,0,0,0,0,3404,422,0,0,0,0,0,51544732,0,147,0,2,422,3404,0,0,0,0,0,0,0,0,0,0,0,0,0,0,0,0,0,0,0,0,0,0,0,0,0,0,0,0,0,0,0,0,0,0,0,0,0,0,0,0,0,0,0,0,0,0,0,0,0,0,0,0,0,0,266765644,0,0,0,472222028,0,0,0,0,0,0,0,83974150,119500262,306199859,162294611968,73294357,0,1,0,0,0,0,0,0,0,0,0,0,0,0,0,0,0,0,0,0,0,0,0,0,0,0,0,0,0,0,0,284,0,0,0,0,0,0,0
1782975822.628,0,0,0,0,0,0,0,729834674,1954084899328,834035993600,0,0,0,0,0,0,0,0,0,0,0,0,0,0,0,0,0,0,0,0,0,0,0,0,0,0,0,0,0,0,0,0,0,0,0,0,0,0,0,0,0,0,0,0,0,0,0,0,0,0,0,0,0,0,0,0,0,0,7,1843493,119537788,38554477,0,0,0,0,0,0,0,0,0,0,0,0,0,0,0,0,0,0,0,0,0,0,0,0,0,0,0,0,0,0,0,0,0,0,0,0,0,12874645504,4562960384,785806,278501,38492630,529,0,96,786432,118571207,811153,6,3531504541,12884901888,24050,694957934,0,0,0,0,0,0,0,0,0,0,0,0,0,0,0,0,0,0,16960846,116857151,0,468,1202,7661,620,33921961,35,0,0,0,0,0,0,0,1,0,0,0,0,0,0,0,0,0,0,22402468,0,38492404,702850,0,0,0,0,0,0,0,0,16384,0,0,0,0,0,0,0,0,0,0,0,3405,422,0,0,0,0,0,51559669,0,147,0,2,422,3405,0,0,0,0,0,0,0,0,0,0,0,0,0,0,0,0,0,0,0,0,0,0,0,0,0,0,0,0,0,0,0,0,0,0,0,0,0,0,0,0,0,0,0,0,0,0,0,0,0,0,0,0,0,0,266845402,0,0,0,472305399,0,0,0,0,0,0,0,84009735,119557754,306296282,162336034816,73324946,0,0,0,0,0,0,0,0,0,0,0,0,0,0,0,0,0,0,0,0,0,0,0,0,0,0,0,0,0,0,0,384,0,0,0,0,0,0,0
1782975823.697,0,0,0,0,0,0,0,730004110,1955030075904,834355443712,0,0,0,0,0,0,0,0,0,0,0,0,0,0,0,0,0,0,0,0,0,0,0,0,0,0,0,0,0,0,0,0,0,0,0,0,0,0,0,0,0,0,0,0,0,0,0,0,0,0,0,0,0,0,0,0,0,0,7,1843525,119595591,38571053,0,0,0,0,0,0,0,0,0,0,0,0,0,0,0,0,0,0,0,0,0,0,0,0,0,0,0,0,0,0,0,0,0,0,0,0,0,12873793536,4568432640,785754,278835,38509182,581,0,96,786432,118628943,811153,6,3532343293,12884901888,24050,695070880,0,0,0,0,0,0,0,0,0,0,0,0,0,0,0,0,0,0,16965748,116862052,0,468,1202,7661,620,33931764,35,0,0,0,0,0,0,0,1,0,0,0,0,0,0,0,0,0,0,22408099,0,38508956,703172,0,0,0,0,0,0,0,0,16384,0,0,0,0,0,0,0,0,0,0,0,3406,422,0,0,0,0,0,51574594,0,147,0,2,422,3406,0,0,0,0,0,0,0,0,0,0,0,0,0,0,0,0,0,0,0,0,0,0,0,0,0,0,0,0,0,0,0,0,0,0,0,0,0,0,0,0,0,0,0,0,0,0,0,0,0,0,0,0,0,0,266925163,0,0,0,472388634,0,0,0,0,0,0,0,84044651,119615424,306392860,162377663488,73354939,1,0,0,0,0,0,0,0,0,0,0,0,0,0,0,0,0,0,0,0,0,0,0,0,0,0,0,0,0,0,0,468,0,0,0,0,0,0,0
1782975824.764,0,0,0,0,0,0,0,730173655,1955975219712,834675109376,0,0,0,0,0,0,0,0,0,0,0,0,0,0,0,0,0,0,0,0,0,0,0,0,0,0,0,0,0,0,0,0,0,0,0,0,0,0,0,0,0,0,0,0,0,0,0,0,0,0,0,0,0,0,0,0,0,0,7,1843558,119653421,38587626,0,0,0,0,0,0,0,0,0,0,0,0,0,0,0,0,0,0,0,0,0,0,0,0,0,0,0,0,0,0,0,0,0,0,0,0,0,12874416128,4573478912,785792,279144,38525740,545,0,96,786432,118686709,811153,6,3533183256,12884901888,24050,695183638,0,0,0,0,0,0,0,0,0,0,0,0,0,0,0,0,0,0,16970657,116866963,0,468,1202,7661,620,33941587,35,0,0,0,0,0,0,0,1,0,0,0,0,0,0,0,0,0,0,22413749,0,38525557,703494,0,0,0,0,0,0,0,0,16384,0,0,0,0,0,0,0,0,0,0,0,3407,422,0,0,0,0,0,51589540,0,147,0,2,422,3407,0,0,0,0,0,0,0,0,0,0,0,0,0,0,0,0,0,0,0,0,0,0,0,0,0,0,0,0,0,0,0,0,0,0,0,0,0,0,0,0,0,0,0,0,0,0,0,0,0,0,0,0,0,0,267006159,0,0,0,472471888,0,0,0,0,0,0,0,84080248,119673117,306490682,162419794432,73385535,0,0,0,0,0,0,0,0,0,0,0,0,0,0,0,0,0,0,0,0,0,0,0,0,0,0,0,0,0,0,0,595,0,0,0,0,0,0,0
1782975825.834,0,0,0,0,0,0,0,730343305,1956920576512,834994462720,0,0,0,0,0,0,0,0,0,0,0,0,0,0,0,0,0,0,0,0,0,0,0,0,0,0,0,0,0,0,0,0,0,0,0,0,0,0,0,0,0,0,0,0,0,0,0,0,0,0,0,0,0,0,0,0,0,0,7,1843592,119711259,38604233,0,0,0,0,0,0,0,0,0,0,0,0,0,0,0,0,0,0,0,0,0,0,0,0,0,0,0,0,0,0,0,0,0,0,0,0,0,12873826304,4577247232,785756,279373,38542386,579,0,96,786432,118744478,811153,6,3534022660,12884901888,24050,695296317,0,0,0,0,0,0,0,0,0,0,0,0,0,0,0,0,0,0,16975571,116871876,0,468,1202,7661,620,33951412,35,0,0,0,0,0,0,0,1,0,0,0,0,0,0,0,0,0,0,22419392,0,38542160,703815,0,0,0,0,0,0,0,0,16384,0,0,0,0,0,0,0,0,0,0,0,3408,422,0,0,0,0,0,51604483,0,147,0,2,422,3408,0,0,0,0,0,0,0,0,0,0,0,0,0,0,0,0,0,0,0,0,0,0,0,0,0,0,0,0,0,0,0,0,0,0,0,0,0,0,0,0,0,0,0,0,0,0,0,0,0,0,0,0,0,0,267085719,0,0,0,472555191,0,0,0,0,0,0,0,84115425,119730785,306587060,162461261312,73415746,1,0,0,0,0,0,0,0,0,0,0,0,0,0,0,0,0,0,0,0,0,0,0,0,0,0,0,0,0,0,0,708,0,0,0,0,0,0,0
1782975826.903,0,0,0,0,0,0,0,730513716,1957866703360,835311686656,0,0,0,0,0,0,0,0,0,0,0,0,0,0,0,0,0,0,0,0,0,0,0,0,0,0,0,0,0,0,0,0,0,0,0,0,0,0,0,0,0,0,0,0,0,0,0,0,0,0,0,0,0,0,0,0,0,0,7,1843614,119769132,38620681,0,0,0,0,0,0,0,0,0,0,0,0,0,0,0,0,0,0,0,0,0,0,0,0,0,0,0,0,0,0,0,0,0,0,0,0,0,12875169792,4584456192,785838,279812,38558834,497,0,96,786432,118802308,811153,6,3534865644,12884901888,24050,695409330,0,0,0,0,0,0,0,0,0,0,0,0,0,0,0,0,0,0,16980503,116876809,0,468,1202,7661,620,33961278,35,0,0,0,0,0,0,0,1,0,0,0,0,0,0,0,0,0,0,22425061,0,38558608,704136,0,0,0,0,0,0,0,0,16384,0,0,0,0,0,0,0,0,0,0,0,3409,422,0,0,0,0,0,51619491,0,147,0,2,422,3409,0,0,0,0,0,0,0,0,0,0,0,0,0,0,0,0,0,0,0,0,0,0,0,0,0,0,0,0,0,0,0,0,0,0,0,0,0,0,0,0,0,0,0,0,0,0,0,0,0,0,0,0,0,0,267165758,0,0,0,472638936,0,0,0,0,0,0,0,84150495,119788513,306683757,162502775808,73445833,1,0,0,0,0,0,0,0,0,0,0,0,0,0,0,0,0,0,0,0,0,0,0,0,0,0,0,0,0,0,0,814,0,0,0,0,0,0,0
1782975827.970,0,0,0,0,0,0,0,730684996,1958818122240,835630105088,0,0,0,0,0,0,0,0,0,0,0,0,0,0,0,0,0,0,0,0,0,0,0,0,0,0,0,0,0,0,0,0,0,0,0,0,0,0,0,0,0,0,0,0,0,0,0,0,0,0,0,0,0,0,0,0,0,0,7,1843646,119827332,38637190,0,0,0,0,0,0,0,0,0,0,0,0,0,0,0,0,0,0,0,0,0,0,0,0,0,0,0,0,0,0,0,0,0,0,0,0,0,12874350592,4589912064,785788,280146,38575343,548,0,96,786432,118860439,811153,6,3535712499,12884901888,24050,695523481,0,0,0,0,0,0,0,0,0,0,0,0,0,0,0,0,0,0,16985455,116881759,0,468,1202,7661,620,33971182,35,0,0,0,0,0,0,0,1,0,0,0,0,0,0,0,0,0,0,22430749,0,38575135,704449,0,0,0,0,0,0,0,0,16384,0,0,0,0,0,0,0,0,0,0,0,3410,422,0,0,0,0,0,51634559,0,147,0,2,422,3410,0,0,0,0,0,0,0,0,0,0,0,0,0,0,0,0,0,0,0,0,0,0,0,0,0,0,0,0,0,0,0,0,0,0,0,0,0,0,0,0,0,0,0,0,0,0,0,0,0,0,0,0,0,0,267245925,0,0,0,472722850,0,0,0,0,0,0,0,84185983,119846604,306780658,162544659456,73476434,1,0,0,0,0,0,0,0,0,0,0,0,0,0,0,0,0,0,0,0,0,0,0,0,0,0,0,0,0,0,0,972,0,0,0,0,0,0,0
1782975829.039,0,0,0,0,0,0,0,730853203,1959757089280,835946432000,0,0,0,0,0,0,0,0,0,0,0,0,0,0,0,0,0,0,0,0,0,0,0,0,0,0,0,0,0,0,0,0,0,0,0,0,0,0,0,0,0,0,0,0,0,0,0,0,0,0,0,0,0,0,0,0,0,0,7,1843674,119884797,38653574,0,0,0,0,0,0,0,0,0,0,0,0,0,0,0,0,0,0,0,0,0,0,0,0,0,0,0,0,0,0,0,0,0,0,0,0,0,12876627968,4593876992,785927,280388,38591727,408,0,97,786432,118917833,811153,6,3536545316,12884901888,24050,695635321,0,0,0,0,0,0,0,0,0,0,0,0,0,0,0,0,0,0,16990320,116886626,0,468,1202,7661,620,33980913,35,0,0,0,0,0,0,0,1,0,0,0,0,0,0,0,0,0,0,22436340,0,38591501,704770,0,0,0,0,0,0,0,0,16384,0,0,0,0,0,0,0,0,0,0,0,3411,422,0,0,0,0,0,51649337,0,147,0,2,422,3411,0,0,0,0,0,0,0,0,0,0,0,0,0,0,0,0,0,0,0,0,0,0,0,0,0,0,0,0,0,0,0,0,0,0,0,0,0,0,0,0,0,0,0,0,0,0,0,0,0,0,0,0,0,0,267325957,0,0,0,472805498,0,0,0,0,0,0,0,84221231,119903908,306877287,162586373632,73506704,1,0,0,0,0,0,0,0,0,0,0,0,0,0,0,0,0,0,0,0,0,0,0,0,0,0,0,0,0,0,0,1032,0,0,0,0,0,0,0
1782975830.107,0,0,0,0,0,0,0,731022626,1960696465920,836263088640,0,0,0,0,0,0,0,0,0,0,0,0,0,0,0,0,0,0,0,0,0,0,0,0,0,0,0,0,0,0,0,0,0,0,0,0,0,0,0,0,0,0,0,0,0,0,0,0,0,0,0,0,0,0,0,0,0,0,7,1843706,119942263,38669981,0,0,0,0,0,0,0,0,0,0,0,0,0,0,0,0,0,0,0,0,0,0,0,0,0,0,0,0,0,0,0,0,0,0,0,0,0,12874678272,4597153792,785808,280588,38608134,527,0,96,786432,118975235,811153,6,3537383530,12884901888,24050,695748069,0,0,0,0,0,0,0,0,0,0,0,0,0,0,0,0,0,0,16995229,116891534,0,468,1202,7661,620,33990728,35,0,0,0,0,0,0,0,1,0,0,0,0,0,0,0,0,0,0,22441985,0,38607908,705082,0,0,0,0,0,0,0,0,16384,0,0,0,0,0,0,0,0,0,0,0,3412,422,0,0,0,0,0,51664260,0,147,0,2,422,3412,0,0,0,0,0,0,0,0,0,0,0,0,0,0,0,0,0,0,0,0,0,0,0,0,0,0,0,0,0,0,0,0,0,0,0,0,0,0,0,0,0,0,0,0,0,0,0,0,0,0,0,0,0,0,267405729,0,0,0,472888712,0,0,0,0,0,0,0,84255946,119961238,306973699,162627918336,73536602,0,0,0,0,0,0,0,0,0,0,0,0,0,0,0,0,0,0,0,0,0,0,0,0,0,0,0,0,0,0,0,1126,0,0,0,0,0,0,0
1782975831.176,0,0,0,0,0,0,0,731190090,1961629272576,836576560128,0,0,0,0,0,0,0,0,0,0,0,0,0,0,0,0,0,0,0,0,0,0,0,0,0,0,0,0,0,0,0,0,0,0,0,0,0,0,0,0,0,0,0,0,0,0,0,0,0,0,0,0,0,0,0,0,0,0,7,1843739,119999329,38686243,0,0,0,0,0,0,0,0,0,0,0,0,0,0,0,0,0,0,0,0,0,0,0,0,0,0,0,0,0,0,0,0,0,0,0,0,0,12880035840,4601004032,786135,280823,38624396,200,0,96,786432,119032232,811153,6,3538211918,12884901888,24050,695859309,0,0,0,0,0,0,0,0,0,0,0,0,0,0,0,0,0,0,17000075,116896379,0,468,1202,7661,620,34000419,35,0,0,0,0,0,0,0,1,0,0,0,0,0,0,0,0,0,0,22447558,0,38624170,705404,0,0,0,0,0,0,0,0,16384,0,0,0,0,0,0,0,0,0,0,0,3413,422,0,0,0,0,0,51678997,0,147,0,2,422,3413,0,0,0,0,0,0,0,0,0,0,0,0,0,0,0,0,0,0,0,0,0,0,0,0,0,0,0,0,0,0,0,0,0,0,0,0,0,0,0,0,0,0,0,0,0,0,0,0,0,0,0,0,0,0,267484646,0,0,0,472970913,0,0,0,0,0,0,0,84290086,120018156,307069118,162668957184,73565838,0,0,0,0,0,0,0,0,0,0,0,0,0,0,0,0,0,0,0,0,0,0,0,0,0,0,0,0,0,0,0,1159,0,0,0,0,0,0,0
1782975832.244,0,0,0,0,0,0,0,731354794,1962541582848,836886504448,0,0,0,0,0,0,0,0,0,0,0,0,0,0,0,0,0,0,0,0,0,0,0,0,0,0,0,0,0,0,0,0,0,0,0,0,0,0,0,0,0,0,0,0,0,0,0,0,0,0,0,0,0,0,0,0,0,0,7,1843773,120055117,38702343,0,0,0,0,0,0,0,0,0,0,0,0,0,0,0,0,0,0,0,0,0,0,0,0,0,0,0,0,0,0,0,0,0,0,0,0,0,12876120064,4601970688,785896,280882,38640496,439,0,96,786432,119087947,811153,6,3539028024,12884901888,24050,695969360,0,0,0,0,0,0,0,0,0,0,0,0,0,0,0,0,0,0,17004826,116901132,0,468,1202,7661,620,34009920,35,0,0,0,0,0,0,0,1,0,0,0,0,0,0,0,0,0,0,22453018,0,38640270,705724,0,0,0,0,0,0,0,0,16384,0,0,0,0,0,0,0,0,0,0,0,3414,422,0,0,0,0,0,51693417,0,147,0,2,422,3414,0,0,0,0,0,0,0,0,0,0,0,0,0,0,0,0,0,0,0,0,0,0,0,0,0,0,0,0,0,0,0,0,0,0,0,0,0,0,0,0,0,0,0,0,0,0,0,0,0,0,0,0,0,0,267562021,0,0,0,473051897,0,0,0,0,0,0,0,84322216,120073826,307162830,162709356544,73593306,0,0,0,0,0,0,0,0,0,0,0,0,0,0,0,0,0,0,0,0,0,0,0,0,0,0,0,0,0,0,0,1105,0,0,0,0,0,0,0
1782975833.312,0,0,0,0,0,0,0,731520579,1963465951744,837197921792,0,0,0,0,0,0,0,0,0,0,0,0,0,0,0,0,0,0,0,0,0,0,0,0,0,0,0,0,0,0,0,0,0,0,0,0,0,0,0,0,0,0,0,0,0,0,0,0,0,0,0,0,0,0,0,0,0,0,7,1843799,120111661,38718518,0,0,0,0,0,0,0,0,0,0,0,0,0,0,0,0,0,0,0,0,0,0,0,0,0,0,0,0,0,0,0,0,0,0,0,0,0,12875350016,4605476864,785849,281096,38656671,485,0,97,786432,119144430,811153,6,3539848241,12884901888,24050,696079230,0,0,0,0,0,0,0,0,0,0,0,0,0,0,0,0,0,0,17009648,116905953,0,468,1202,7661,620,34019567,35,0,0,0,0,0,0,0,1,0,0,0,0,0,0,0,0,0,0,22458557,0,38656445,706036,0,0,0,0,0,0,0,0,16384,0,0,0,0,0,0,0,0,0,0,0,3415,422,0,0,0,0,0,51708054,0,147,0,2,422,3415,0,0,0,0,0,0,0,0,0,0,0,0,0,0,0,0,0,0,0,0,0,0,0,0,0,0,0,0,0,0,0,0,0,0,0,0,0,0,0,0,0,0,0,0,0,0,0,0,0,0,0,0,0,0,267640409,0,0,0,473133547,0,0,0,0,0,0,0,84354804,120130248,307257613,162749943808,73621081,1,1,0,0,0,0,0,0,0,0,0,0,0,0,0,0,0,0,0,0,0,0,0,0,0,0,0,0,0,0,0,1123,0,0,0,0,0,0,0
1782975834.381,0,0,0,0,0,0,0,731685530,1964379900416,837532685312,0,0,0,0,0,0,0,0,0,0,0,0,0,0,0,0,0,0,0,0,0,0,0,0,0,0,0,0,0,0,0,0,0,0,0,0,0,0,0,0,0,0,0,0,0,0,0,0,0,0,0,0,0,0,0,0,0,0,7,1843821,120167571,38736049,0,0,0,0,0,0,0,0,0,0,0,0,0,0,0,0,0,0,0,0,0,0,0,0,0,0,0,0,0,0,0,0,0,0,0,0,0,12874776576,4582735872,785814,279708,38672708,522,0,96,786432,119200288,811153,6,3540664358,12884901888,24050,696188944,0,0,0,0,0,0,0,0,0,0,0,0,0,0,0,0,0,0,17014418,116910724,0,468,1202,7661,620,34029112,35,0,0,0,0,0,0,0,1,0,0,0,0,0,0,0,0,0,0,22464041,0,38673890,706363,0,0,0,0,0,0,0,0,16384,0,0,0,0,0,0,0,0,0,0,0,3416,422,0,0,0,0,0,51722564,0,147,0,2,422,3416,0,0,0,0,0,0,0,0,0,0,0,0,0,0,0,0,0,0,0,0,0,0,0,0,0,0,0,0,0,0,0,0,0,0,0,0,0,0,0,0,0,0,0,0,0,0,0,0,0,0,0,0,0,0,267719456,0,0,0,473214684,0,0,0,0,0,0,0,84387584,120186017,307354473,162791080448,73648995,1,0,0,0,0,0,0,0,0,0,0,0,0,0,0,0,0,0,0,0,0,0,0,0,0,0,0,0,0,0,0,1097,0,0,0,0,0,0,0
1782975835.448,0,0,0,0,0,0,0,731850774,1965297764864,837883453440,0,0,0,0,0,0,0,0,0,0,0,0,0,0,0,0,0,0,0,0,0,0,0,0,0,0,0,0,0,0,0,0,0,0,0,0,0,0,0,0,0,0,0,0,0,0,0,0,0,0,0,0,0,0,0,0,0,0,7,1843845,120223713,38754613,0,0,0,0,0,0,0,0,0,0,0,0,0,0,0,0,0,0,0,0,0,0,0,0,0,0,0,0,0,0,0,0,0,0,0,0,0,12873924608,4544086016,785762,277348,38692766,572,0,97,786432,119256364,811153,6,3541482178,12884901888,24050,696299175,0,0,0,0,0,0,0,0,0,0,0,0,0,0,0,0,0,0,17019201,116915506,0,468,1202,7661,620,34038674,35,0,0,0,0,0,0,0,1,0,0,0,0,0,0,0,0,0,0,22469537,0,38692549,706691,0,0,0,0,0,0,0,0,16384,0,0,0,0,0,0,0,0,0,0,0,3417,422,0,0,0,0,0,51737119,0,147,0,2,422,3417,0,0,0,0,0,0,0,0,0,0,0,0,0,0,0,0,0,0,0,0,0,0,0,0,0,0,0,0,0,0,0,0,0,0,0,0,0,0,0,0,0,0,0,0,0,0,0,0,0,0,0,0,0,0,267799181,0,0,0,473295984,0,0,0,0,0,0,0,84420626,120242032,307452983,162832541184,73677114,1,0,0,0,0,0,0,0,0,0,0,0,0,0,0,0,0,0,0,0,0,0,0,0,0,0,0,0,0,0,0,1081,0,0,0,0,0,0,0
1782975836.511,0,0,0,0,0,0,0,732020293,1966236781056,838199933952,0,0,0,0,0,0,0,0,0,0,0,0,0,0,0,0,0,0,0,0,0,0,0,0,0,0,0,0,0,0,0,0,0,0,0,0,0,0,0,0,0,0,0,0,0,0,0,0,0,0,0,0,0,0,0,0,0,0,7,1843868,120281153,38771106,0,0,0,0,0,0,0,0,0,0,0,0,0,0,0,0,0,0,0,0,0,0,0,0,0,0,0,0,0,0,0,0,0,0,0,0,0,12874645504,4549246976,785806,277664,38709259,530,0,96,786432,119313752,811153,6,3542320550,12884901888,24050,696411477,0,0,0,0,0,0,0,0,0,0,0,0,0,0,0,0,0,0,17024109,116920414,0,468,1202,7661,620,34048489,35,0,0,0,0,0,0,0,1,0,0,0,0,0,0,0,0,0,0,22475182,0,38709033,707009,0,0,0,0,0,0,0,0,16384,0,0,0,0,0,0,0,0,0,0,0,3419,422,0,0,0,0,0,51752045,0,147,0,2,422,3419,0,0,0,0,0,0,0,0,0,0,0,0,0,0,0,0,0,0,0,0,0,0,0,0,0,0,0,0,0,0,0,0,0,0,0,0,0,0,0,0,0,0,0,0,0,0,0,0,0,0,0,0,0,0,267877022,0,0,0,473379254,0,0,0,0,0,0,0,84454498,120299331,307547541,162873006592,73706144,0,0,0,0,0,0,0,0,0,0,0,0,0,0,0,0,0,0,0,0,0,0,0,0,0,0,0,0,0,0,0,1148,0,0,0,0,0,0,0
1782975837.579,0,0,0,0,0,0,0,732189542,1967176141312,838517398016,0,0,0,0,0,0,0,0,0,0,0,0,0,0,0,0,0,0,0,0,0,0,0,0,0,0,0,0,0,0,0,0,0,0,0,0,0,0,0,0,0,0,0,0,0,0,0,0,0,0,0,0,0,0,0,0,0,0,7,1843898,120338610,38787600,0,0,0,0,0,0,0,0,0,0,0,0,0,0,0,0,0,0,0,0,0,0,0,0,0,0,0,0,0,0,0,0,0,0,0,0,0,12874088448,4551786496,785772,277819,38725753,563,0,96,786432,119371145,811153,6,3543157786,12884901888,24050,696523927,0,0,0,0,0,0,0,0,0,0,0,0,0,0,0,0,0,0,17029008,116925314,0,468,1202,7661,620,34058289,35,0,0,0,0,0,0,0,1,0,0,0,0,0,0,0,0,0,0,22480814,0,38725527,707329,0,0,0,0,0,0,0,0,16384,0,0,0,0,0,0,0,0,0,0,0,3420,422,0,0,0,0,0,51766960,0,147,0,2,422,3420,0,0,0,0,0,0,0,0,0,0,0,0,0,0,0,0,0,0,0,0,0,0,0,0,0,0,0,0,0,0,0,0,0,0,0,0,0,0,0,0,0,0,0,0,0,0,0,0,0,0,0,0,0,0,267956968,0,0,0,473462451,0,0,0,0,0,0,0,84489267,120356646,307644206,162914479104,73736020,1,0,0,0,0,0,0,0,0,0,0,0,0,0,0,0,0,0,0,0,0,0,0,0,0,0,0,0,0,0,0,1212,0,0,0,0,0,0,0
1782975838.647,0,0,0,0,0,0,0,732358921,1968116615680,838834344960,0,0,0,0,0,0,0,0,0,0,0,0,0,0,0,0,0,0,0,0,0,0,0,0,0,0,0,0,0,0,0,0,0,0,0,0,0,0,0,0,0,0,0,0,0,0,0,0,0,0,0,0,0,0,0,0,0,0,7,1843922,120396124,38804010,0,0,0,0,0,0,0,0,0,0,0,0,0,0,0,0,0,0,0,0,0,0,0,0,0,0,0,0,0,0,0,0,0,0,0,0,0,12874268672,4555325440,785784,278035,38742123,554,0,96,786432,119428603,811153,6,3543999574,12884901888,24050,696639384,0,0,0,0,0,0,0,0,0,0,0,0,0,0,0,0,0,0,17033913,116930219,0,468,1202,7661,620,34068094,35,0,0,0,0,0,0,0,1,0,0,0,0,0,0,0,0,0,0,22486456,0,38741897,707647,0,0,0,0,0,0,0,0,16384,0,0,0,0,0,0,0,0,0,0,0,3421,422,0,0,0,0,0,51781882,0,147,0,2,422,3421,0,0,0,0,0,0,0,0,0,0,0,0,0,0,0,0,0,0,0,0,0,0,0,0,0,0,0,0,0,0,0,0,0,0,0,0,0,0,0,0,0,0,0,0,0,0,0,0,0,0,0,0,0,0,268037919,0,0,0,473546811,0,0,0,0,0,0,0,84524011,120414026,307741820,162956566016,73765884,0,0,0,0,0,0,0,0,0,0,0,0,0,0,0,0,0,0,0,0,0,0,0,0,0,0,0,0,0,0,0,126,0,0,0,0,0,0,0
1782975839.715,0,0,0,0,0,0,0,732528480,1969058499072,839148241920,0,0,0,0,0,0,0,0,0,0,0,0,0,0,0,0,0,0,0,0,0,0,0,0,0,0,0,0,0,0,0,0,0,0,0,0,0,0,0,0,0,0,0,0,0,0,0,0,0,0,0,0,0,0,0,0,0,0,7,1843956,120453739,38820280,0,0,0,0,0,0,0,0,0,0,0,0,0,0,0,0,0,0,0,0,0,0,0,0,0,0,0,0,0,0,0,0,0,0,0,0,0,12878888960,4564238336,786066,278579,38758433,276,0,97,786432,119486160,811153,6,3544838492,12884901888,24050,696751867,0,0,0,0,0,0,0,0,0,0,0,0,0,0,0,0,0,0,17038825,116935131,0,468,1202,7661,620,34077919,35,0,0,0,0,0,0,0,1,0,0,0,0,0,0,0,0,0,0,22492097,0,38758207,707967,0,0,0,0,0,0,0,0,16384,0,0,0,0,0,0,0,0,0,0,0,3422,422,0,0,0,0,0,51796796,0,147,0,2,422,3422,0,0,0,0,0,0,0,0,0,0,0,0,0,0,0,0,0,0,0,0,0,0,0,0,0,0,0,0,0,0,0,0,0,0,0,0,0,0,0,0,0,0,0,0,0,0,0,0,0,0,0,0,0,0,268117607,0,0,0,473630114,0,0,0,0,0,0,0,84558571,120471496,307837985,162998049280,73795571,1,1,0,0,0,0,0,0,0,0,0,0,0,0,0,0,0,0,0,0,0,0,0,0,0,0,0,0,0,0,0,220,0,0,0,0,0,0,0
1782975840.784,0,0,0,0,0,0,0,732697726,1970001725952,839467886080,0,0,0,0,0,0,0,0,0,0,0,0,0,0,0,0,0,0,0,0,0,0,0,0,0,0,0,0,0,0,0,0,0,0,0,0,0,0,0,0,0,0,0,0,0,0,0,0,0,0,0,0,0,0,0,0,0,0,7,1843983,120511442,38836861,0,0,0,0,0,0,0,0,0,0,0,0,0,0,0,0,0,0,0,0,0,0,0,0,0,0,0,0,0,0,0,0,0,0,0,0,0,12875350016,4568711168,785849,278852,38775014,487,0,96,786432,119543789,811153,6,3545676716,12884901888,24050,696864869,0,0,0,0,0,0,0,0,0,0,0,0,0,0,0,0,0,0,17043724,116940029,0,468,1202,7661,620,34087724,35,0,0,0,0,0,0,0,1,0,0,0,0,0,0,0,0,0,0,22497727,0,38774788,708297,0,0,0,0,0,0,0,0,16384,0,0,0,0,0,0,0,0,0,0,0,3423,422,0,0,0,0,0,51811713,0,147,0,2,422,3423,0,0,0,0,0,0,0,0,0,0,0,0,0,0,0,0,0,0,0,0,0,0,0,0,0,0,0,0,0,0,0,0,0,0,0,0,0,0,0,0,0,0,0,0,0,0,0,0,0,0,0,0,0,0,268198282,0,0,0,473713260,0,0,0,0,0,0,0,84593905,120529076,307935468,163039977984,73825889,1,1,0,0,0,0,0,0,0,0,0,0,0,0,0,0,0,0,0,0,0,0,0,0,0,0,0,0,0,0,0,287,0,0,0,0,0,0,0
1782975841.852,0,0,0,0,0,0,0,732868677,1970959747584,839790923776,0,0,0,0,0,0,0,0,0,0,0,0,0,0,0,0,0,0,0,0,0,0,0,0,0,0,0,0,0,0,0,0,0,0,0,0,0,0,0,0,0,0,0,0,0,0,0,0,0,0,0,0,0,0,0,0,0,0,7,1844016,120570023,38853599,0,0,0,0,0,0,0,0,0,0,0,0,0,0,0,0,0,0,0,0,0,0,0,0,0,0,0,0,0,0,0,0,0,0,0,0,0,12876955648,4570677248,785947,278972,38791752,388,0,97,786432,119602318,811153,6,3546523287,12884901888,24050,696978652,0,0,0,0,0,0,0,0,0,0,0,0,0,0,0,0,0,0,17048669,116944974,0,468,1202,7661,620,34097614,35,0,0,0,0,0,0,0,1,0,0,0,0,0,0,0,0,0,0,22503408,0,38791526,708608,0,0,0,0,0,0,0,0,16384,0,0,0,0,0,0,0,0,0,0,0,3424,422,0,0,0,0,0,51826764,0,147,0,2,422,3424,0,0,0,0,0,0,0,0,0,0,0,0,0,0,0,0,0,0,0,0,0,0,0,0,0,0,0,0,0,0,0,0,0,0,0,0,0,0,0,0,0,0,0,0,0,0,0,0,0,0,0,0,0,0,268280302,0,0,0,473797120,0,0,0,0,0,0,0,84629403,120587525,308034463,163082729984,73856418,1,0,0,0,0,0,0,0,0,0,0,0,0,0,0,0,0,0,0,0,0,0,0,0,0,0,0,0,0,0,0,421,0,0,0,0,0,0,0
1782975842.920,0,0,0,0,0,0,0,733038844,1971906464256,840110777856,0,0,0,0,0,0,0,0,0,0,0,0,0,0,0,0,0,0,0,0,0,0,0,0,0,0,0,0,0,0,0,0,0,0,0,0,0,0,0,0,0,0,0,0,0,0,0,0,0,0,0,0,0,0,0,0,0,0,7,1844049,120627945,38870237,0,0,0,0,0,0,0,0,0,0,0,0,0,0,0,0,0,0,0,0,0,0,0,0,0,0,0,0,0,0,0,0,0,0,0,0,0,12877824000,4575756288,786000,279282,38808390,335,0,96,786432,119660178,811153,6,3547365251,12884901888,24050,697092216,0,0,0,0,0,0,0,0,0,0,0,0,0,0,0,0,0,0,17053587,116949893,0,468,1202,7661,620,34107450,35,0,0,0,0,0,0,0,1,0,0,0,0,0,0,0,0,0,0,22509054,0,38808164,708928,0,0,0,0,0,0,0,0,16384,0,0,0,0,0,0,0,0,0,0,0,3425,422,0,0,0,0,0,51841756,0,147,0,2,422,3425,0,0,0,0,0,0,0,0,0,0,0,0,0,0,0,0,0,0,0,0,0,0,0,0,0,0,0,0,0,0,0,0,0,0,0,0,0,0,0,0,0,0,0,0,0,0,0,0,0,0,0,0,0,0,268359371,0,0,0,473880601,0,0,0,0,0,0,0,84663842,120645303,308130405,163123922432,73885969,1,0,0,0,0,0,0,0,0,0,0,0,0,0,0,0,0,0,0,0,0,0,0,0,0,0,0,0,0,0,0,534,0,0,0,0,0,0,0
1782975843.991,0,0,0,0,0,0,0,733208477,1972849134080,840427744768,0,0,0,0,0,0,0,0,0,0,0,0,0,0,0,0,0,0,0,0,0,0,0,0,0,0,0,0,0,0,0,0,0,0,0,0,0,0,0,0,0,0,0,0,0,0,0,0,0,0,0,0,0,0,0,0,0,0,7,1844077,120685607,38886640,0,0,0,0,0,0,0,0,0,0,0,0,0,0,0,0,0,0,0,0,0,0,0,0,0,0,0,0,0,0,0,0,0,0,0,0,0,12877627392,4580556800,785988,279575,38824793,346,0,96,786432,119717789,811153,6,3548204755,12884901888,24050,697205297,0,0,0,0,0,0,0,0,0,0,0,0,0,0,0,0,0,0,17058489,116954796,0,468,1202,7661,620,34117258,35,0,0,0,0,0,0,0,1,0,0,0,0,0,0,0,0,0,0,22514686,0,38824567,709251,0,0,0,0,0,0,0,0,16384,0,0,0,0,0,0,0,0,0,0,0,3426,422,0,0,0,0,0,51856663,0,147,0,2,422,3426,0,0,0,0,0,0,0,0,0,0,0,0,0,0,0,0,0,0,0,0,0,0,0,0,0,0,0,0,0,0,0,0,0,0,0,0,0,0,0,0,0,0,0,0,0,0,0,0,0,0,0,0,0,0,268440012,0,0,0,473963791,0,0,0,0,0,0,0,84698834,120702818,308227696,163166005760,73915975,1,0,0,0,0,0,0,0,0,0,0,0,0,0,0,0,0,0,0,0,0,0,0,0,0,0,0,0,0,0,0,627,0,0,0,0,0,0,0
1782975845.060,0,0,0,0,0,0,0,733377579,1973790886400,840746987008,0,0,0,0,0,0,0,0,0,0,0,0,0,0,0,0,0,0,0,0,0,0,0,0,0,0,0,0,0,0,0,0,0,0,0,0,0,0,0,0,0,0,0,0,0,0,0,0,0,0,0,0,0,0,0,0,0,0,7,1844092,120743199,38903192,0,0,0,0,0,0,0,0,0,0,0,0,0,0,0,0,0,0,0,0,0,0,0,0,0,0,0,0,0,0,0,0,0,0,0,0,0,12874989568,4582359040,785827,279685,38841345,509,0,96,786432,119775318,811153,6,3549040900,12884901888,24050,697316916,0,0,0,0,0,0,0,0,0,0,0,0,0,0,0,0,0,0,17063399,116959705,0,468,1202,7661,620,34127070,35,0,0,0,0,0,0,0,1,0,0,0,0,0,0,0,0,0,0,22520326,0,38841119,709570,0,0,0,0,0,0,0,0,16384,0,0,0,0,0,0,0,0,0,0,0,3427,422,0,0,0,0,0,51871586,0,147,0,2,422,3427,0,0,0,0,0,0,0,0,0,0,0,0,0,0,0,0,0,0,0,0,0,0,0,0,0,0,0,0,0,0,0,0,0,0,0,0,0,0,0,0,0,0,0,0,0,0,0,0,0,0,0,0,0,0,268521311,0,0,0,474046961,0,0,0,0,0,0,0,84734242,120760256,308325764,163208144896,73946504,0,0,0,0,0,0,0,0,0,0,0,0,0,0,0,0,0,0,0,0,0,0,0,0,0,0,0,0,0,0,0,720,0,0,0,0,0,0,0
1782975846.128,0,0,0,0,0,0,0,733545727,1974729820672,841064783360,0,0,0,0,0,0,0,0,0,0,0,0,0,0,0,0,0,0,0,0,0,0,0,0,0,0,0,0,0,0,0,0,0,0,0,0,0,0,0,0,0,0,0,0,0,0,0,0,0,0,0,0,0,0,0,0,0,0,7,1844121,120800620,38919669,0,0,0,0,0,0,0,0,0,0,0,0,0,0,0,0,0,0,0,0,0,0,0,0,0,0,0,0,0,0,0,0,0,0,0,0,0,12875890688,4583473152,785883,279753,38857822,457,0,97,786432,119832692,811153,6,3549873992,12884901888,24050,697429360,0,0,0,0,0,0,0,0,0,0,0,0,0,0,0,0,0,0,17068258,116964563,0,468,1202,7661,620,34136788,35,0,0,0,0,0,0,0,1,0,0,0,0,0,0,0,0,0,0,22525923,0,38857596,709891,0,0,0,0,0,0,0,0,16384,0,0,0,0,0,0,0,0,0,0,0,3428,422,0,0,0,0,0,51886335,0,147,0,2,422,3428,0,0,0,0,0,0,0,0,0,0,0,0,0,0,0,0,0,0,0,0,0,0,0,0,0,0,0,0,0,0,0,0,0,0,0,0,0,0,0,0,0,0,0,0,0,0,0,0,0,0,0,0,0,0,268601715,0,0,0,474129504,0,0,0,0,0,0,0,84768658,120817539,308422873,163249910272,73976150,0,0,0,0,0,0,0,0,0,0,0,0,0,0,0,0,0,0,0,0,0,0,0,0,0,0,0,0,0,0,0,784,0,0,0,0,0,0,0
1782975847.196,0,0,0,0,0,0,0,733715010,1975674980864,841381989888,0,0,0,0,0,0,0,0,0,0,0,0,0,0,0,0,0,0,0,0,0,0,0,0,0,0,0,0,0,0,0,0,0,0,0,0,0,0,0,0,0,0,0,0,0,0,0,0,0,0,0,0,0,0,0,0,0,0,7,1844143,120858442,38936115,0,0,0,0,0,0,0,0,0,0,0,0,0,0,0,0,0,0,0,0,0,0,0,0,0,0,0,0,0,0,0,0,0,0,0,0,0,12873793536,4588453888,785754,280057,38874268,581,0,98,786432,119890457,811153,6,3550711647,12884901888,24050,697541940,0,0,0,0,0,0,0,0,0,0,0,0,0,0,0,0,0,0,17073160,116969467,0,468,1202,7661,620,34146595,35,0,0,0,0,0,0,0,1,0,0,0,0,0,0,0,0,0,0,22531554,0,38874042,710205,0,0,0,0,0,0,0,0,16384,0,0,0,0,0,0,0,0,0,0,0,3429,422,0,0,0,0,0,51901246,0,147,0,2,422,3429,0,0,0,0,0,0,0,0,0,0,0,0,0,0,0,0,0,0,0,0,0,0,0,0,0,0,0,0,0,0,0,0,0,0,0,0,0,0,0,0,0,0,0,0,0,0,0,0,0,0,0,0,0,0,268681894,0,0,0,474212623,0,0,0,0,0,0,0,84803729,120875244,308519735,163291545600,74006273,1,0,0,0,0,0,0,0,0,0,0,0,0,0,0,0,0,0,0,0,0,0,0,0,0,0,0,0,0,0,0,882,0,0,0,0,0,0,0
1782975848.264,0,0,0,0,0,0,0,733884599,1976616356352,841697318400,0,0,0,0,0,0,0,0,0,0,0,0,0,0,0,0,0,0,0,0,0,0,0,0,0,0,0,0,0,0,0,0,0,0,0,0,0,0,0,0,0,0,0,0,0,0,0,0,0,0,0,0,0,0,0,0,0,0,7,1844165,120916049,38952453,0,0,0,0,0,0,0,0,0,0,0,0,0,0,0,0,0,0,0,0,0,0,0,0,0,0,0,0,0,0,0,0,0,0,0,0,0,12875677696,4594139136,785869,280404,38890606,467,0,96,786432,119947997,811153,6,3551550044,12884901888,24050,697654251,0,0,0,0,0,0,0,0,0,0,0,0,0,0,0,0,0,0,17078061,116974368,0,468,1202,7661,620,34156399,35,0,0,0,0,0,0,0,1,0,0,0,0,0,0,0,0,0,0,22537194,0,38890380,710516,0,0,0,0,0,0,0,0,16384,0,0,0,0,0,0,0,0,0,0,0,3430,422,0,0,0,0,0,51916173,0,147,0,2,422,3430,0,0,0,0,0,0,0,0,0,0,0,0,0,0,0,0,0,0,0,0,0,0,0,0,0,0,0,0,0,0,0,0,0,0,0,0,0,0,0,0,0,0,0,0,0,0,0,0,0,0,0,0,0,0,268761890,0,0,0,474295824,0,0,0,0,0,0,0,84838831,120932706,308616302,163333155328,74036613,1,0,0,0,0,0,0,0,0,0,0,0,0,0,0,0,0,0,0,0,0,0,0,0,0,0,0,0,0,0,0,997,0,0,0,0,0,0,0
1782975849.330,0,0,0,0,0,0,0,734054939,1977559239168,842011425280,0,0,0,0,0,0,0,0,0,0,0,0,0,0,0,0,0,0,0,0,0,0,0,0,0,0,0,0,0,0,0,0,0,0,0,0,0,0,0,0,0,0,0,0,0,0,0,0,0,0,0,0,0,0,0,0,0,0,7,1844196,120973716,38968815,0,0,0,0,0,0,0,0,0,0,0,0,0,0,0,0,0,0,0,0,0,0,0,0,0,0,0,0,0,0,0,0,0,0,0,0,0,12878086144,4600135680,786016,280770,38906968,319,0,97,786432,120005590,811153,6,3552392477,12884901888,24050,697767654,0,0,0,0,0,0,0,0,0,0,0,0,0,0,0,0,0,0,17082988,116979295,0,468,1202,7661,620,34166251,35,0,0,0,0,0,0,0,1,0,0,0,0,0,0,0,0,0,0,22542857,0,38906742,710832,0,0,0,0,0,0,0,0,16384,0,0,0,0,0,0,0,0,0,0,0,3431,422,0,0,0,0,0,51931170,0,147,0,2,422,3431,0,0,0,0,0,0,0,0,0,0,0,0,0,0,0,0,0,0,0,0,0,0,0,0,0,0,0,0,0,0,0,0,0,0,0,0,0,0,0,0,0,0,0,0,0,0,0,0,0,0,0,0,0,0,268838780,0,0,0,474379493,0,0,0,0,0,0,0,84871977,120990237,308709774,163373185536,74064798,1,0,0,0,0,0,0,0,0,0,0,0,0,0,0,0,0,0,0,0,0,0,0,0,0,0,0,0,0,0,0,1088,0,0,0,0,0,0,0
1782975850.398,0,0,0,0,0,0,0,734218126,1978461473280,842357357568,0,0,0,0,0,0,0,0,0,0,0,0,0,0,0,0,0,0,0,0,0,0,0,0,0,0,0,0,0,0,0,0,0,0,0,0,0,0,0,0,0,0,0,0,0,0,0,0,0,0,0,0,0,0,0,0,0,0,7,1844223,121028904,38987111,0,0,0,0,0,0,0,0,0,0,0,0,0,0,0,0,0,0,0,0,0,0,0,0,0,0,0,0,0,0,0,0,0,0,0,0,0,12877987840,4563288064,786010,278521,38922960,326,0,96,786432,120060719,811153,6,3553200189,12884901888,24050,697876891,0,0,0,0,0,0,0,0,0,0,0,0,0,0,0,0,0,0,17087710,116984017,0,468,1202,7661,620,34175694,35,0,0,0,0,0,0,0,1,0,0,0,0,0,0,0,0,0,0,22548285,0,38925038,711158,0,0,0,0,0,0,0,0,16384,0,0,0,0,0,0,0,0,0,0,0,3432,422,0,0,0,0,0,51945518,0,147,0,2,422,3432,0,0,0,0,0,0,0,0,0,0,0,0,0,0,0,0,0,0,0,0,0,0,0,0,0,0,0,0,0,0,0,0,0,0,0,0,0,0,0,0,0,0,0,0,0,0,0,0,0,0,0,0,0,0,268916520,0,0,0,474459731,0,0,0,0,0,0,0,84904096,121045308,308806041,163413650432,74092087,1,0,0,0,0,0,0,0,0,0,0,0,0,0,0,0,0,0,0,0,0,0,0,0,0,0,0,0,0,0,0,998,0,0,0,0,0,0,0
1782975851.464,0,0,0,0,0,0,0,734382510,1979374438912,842695330816,0,0,0,0,0,0,0,0,0,0,0,0,0,0,0,0,0,0,0,0,0,0,0,0,0,0,0,0,0,0,0,0,0,0,0,0,0,0,0,0,0,0,0,0,0,0,0,0,0,0,0,0,0,0,0,0,0,0,7,1844243,121084750,39004899,0,0,0,0,0,0,0,0,0,0,0,0,0,0,0,0,0,0,0,0,0,0,0,0,0,0,0,0,0,0,0,0,0,0,0,0,0,12874694656,4538236928,785809,276992,38943013,528,0,96,786432,120116501,811153,6,3554014161,12884901888,24050,697987249,0,0,0,0,0,0,0,0,0,0,0,0,0,0,0,0,0,0,17092464,116988770,0,468,1202,7661,620,34185200,35,0,0,0,0,0,0,0,1,0,0,0,0,0,0,0,0,0,0,22553744,0,38942787,711494,0,0,0,0,0,0,0,0,16384,0,0,0,0,0,0,0,0,0,0,0,3434,422,0,0,0,0,0,51959976,0,147,0,2,422,3434,0,0,0,0,0,0,0,0,0,0,0,0,0,0,0,0,0,0,0,0,0,0,0,0,0,0,0,0,0,0,0,0,0,0,0,0,0,0,0,0,0,0,0,0,0,0,0,0,0,0,0,0,0,0,268995453,0,0,0,474540553,0,0,0,0,0,0,0,84936269,121101006,308903047,163454569472,74119389,1,0,0,0,0,0,0,0,0,0,0,0,0,0,0,0,0,0,0,0,0,0,0,0,0,0,0,0,0,0,0,950,0,0,0,0,0,0,0
1782975852.531,0,0,0,0,0,0,0,734547081,1980293564928,843004338176,0,0,0,0,0,0,0,0,0,0,0,0,0,0,0,0,0,0,0,0,0,0,0,0,0,0,0,0,0,0,0,0,0,0,0,0,0,0,0,0,0,0,0,0,0,0,0,0,0,0,0,0,0,0,0,0,0,0,7,1844270,121140978,39020937,0,0,0,0,0,0,0,0,0,0,0,0,0,0,0,0,0,0,0,0,0,0,0,0,0,0,0,0,0,0,0,0,0,0,0,0,0,12878200832,4542676992,786024,277263,38959090,312,0,97,786432,120172662,811153,6,3554828684,12884901888,24050,698097070,0,0,0,0,0,0,0,0,0,0,0,0,0,0,0,0,0,0,17097225,116993532,0,468,1202,7661,620,34194723,35,0,0,0,0,0,0,0,1,0,0,0,0,0,0,0,0,0,0,22559212,0,38958864,711803,0,0,0,0,0,0,0,0,16384,0,0,0,0,0,0,0,0,0,0,0,3435,422,0,0,0,0,0,51974458,0,147,0,2,422,3435,0,0,0,0,0,0,0,0,0,0,0,0,0,0,0,0,0,0,0,0,0,0,0,0,0,0,0,0,0,0,0,0,0,0,0,0,0,0,0,0,0,0,0,0,0,0,0,0,0,0,0,0,0,0,269073609,0,0,0,474621456,0,0,0,0,0,0,0,84968605,121157110,308997439,163495162880,74147133,1,1,0,0,0,0,0,0,0,0,0,0,0,0,0,0,0,0,0,0,0,0,0,0,0,0,0,0,0,0,0,885,0,0,0,0,0,0,0
1782975853.596,0,0,0,0,0,0,0,734714151,1981221145088,843317279232,0,0,0,0,0,0,0,0,0,0,0,0,0,0,0,0,0,0,0,0,0,0,0,0,0,0,0,0,0,0,0,0,0,0,0,0,0,0,0,0,0,0,0,0,0,0,0,0,0,0,0,0,0,0,0,0,0,0,7,1844296,121197724,39037207,0,0,0,0,0,0,0,0,0,0,0,0,0,0,0,0,0,0,0,0,0,0,0,0,0,0,0,0,0,0,0,0,0,0,0,0,0,12876644352,4544610304,785928,277381,38975360,408,0,96,786432,120229340,811153,6,3555655713,12884901888,24050,698208699,0,0,0,0,0,0,0,0,0,0,0,0,0,0,0,0,0,0,17102051,116998356,0,468,1202,7661,620,34204375,35,0,0,0,0,0,0,0,1,0,0,0,0,0,0,0,0,0,0,22564761,0,38975134,712124,0,0,0,0,0,0,0,0,16384,0,0,0,0,0,0,0,0,0,0,0,3436,422,0,0,0,0,0,51989132,0,147,0,2,422,3436,0,0,0,0,0,0,0,0,0,0,0,0,0,0,0,0,0,0,0,0,0,0,0,0,0,0,0,0,0,0,0,0,0,0,0,0,0,0,0,0,0,0,0,0,0,0,0,0,0,0,0,0,0,0,269151390,0,0,0,474703516,0,0,0,0,0,0,0,85001642,121213713,309091730,163535645184,74175303,1,0,0,0,0,0,0,0,0,0,0,0,0,0,0,0,0,0,0,0,0,0,0,0,0,0,0,0,0,0,0,884,0,0,0,0,0,0,0
1782975854.665,0,0,0,0,0,0,0,734883100,1982167501312,843632324096,0,0,0,0,0,0,0,0,0,0,0,0,0,0,0,0,0,0,0,0,0,0,0,0,0,0,0,0,0,0,0,0,0,0,0,0,0,0,0,0,0,0,0,0,0,0,0,0,0,0,0,0,0,0,0,0,0,0,7,1844323,121255623,39053531,0,0,0,0,0,0,0,0,0,0,0,0,0,0,0,0,0,0,0,0,0,0,0,0,0,0,0,0,0,0,0,0,0,0,0,0,0,12875628544,4554227712,785867,277968,38991684,474,0,96,786432,120287183,811153,6,3556491935,12884901888,24050,698320998,0,0,0,0,0,0,0,0,0,0,0,0,0,0,0,0,0,0,17106944,117003250,0,468,1202,7661,620,34214161,35,0,0,0,0,0,0,0,1,0,0,0,0,0,0,0,0,0,0,22570384,0,38991458,712441,0,0,0,0,0,0,0,0,16384,0,0,0,0,0,0,0,0,0,0,0,3437,422,0,0,0,0,0,52004010,0,147,0,2,422,3437,0,0,0,0,0,0,0,0,0,0,0,0,0,0,0,0,0,0,0,0,0,0,0,0,0,0,0,0,0,0,0,0,0,0,0,0,0,0,0,0,0,0,0,0,0,0,0,0,0,0,0,0,0,0,269231352,0,0,0,474786499,0,0,0,0,0,0,0,85036671,121271439,309188242,163577249280,74205473,1,1,0,0,0,0,0,0,0,0,0,0,0,0,0,0,0,0,0,0,0,0,0,0,0,0,0,0,0,0,0,944,0,0,0,0,0,0,0
1782975855.734,0,0,0,0,0,0,0,735053077,1983114529280,843949273600,0,0,0,0,0,0,0,0,0,0,0,0,0,0,0,0,0,0,0,0,0,0,0,0,0,0,0,0,0,0,0,0,0,0,0,0,0,0,0,0,0,0,0,0,0,0,0,0,0,0,0,0,0,0,0,0,0,0,7,1844346,121313544,39069960,0,0,0,0,0,0,0,0,0,0,0,0,0,0,0,0,0,0,0,0,0,0,0,0,0,0,0,0,0,0,0,0,0,0,0,0,0,12880674816,4560715776,786174,278364,39008113,161,0,97,786432,120345042,811153,6,3557332674,12884901888,24050,698433750,0,0,0,0,0,0,0,0,0,0,0,0,0,0,0,0,0,0,17111861,117008166,0,468,1202,7661,620,34223995,35,0,0,0,0,0,0,0,1,0,0,0,0,0,0,0,0,0,0,22576034,0,39007887,712763,0,0,0,0,0,0,0,0,16384,0,0,0,0,0,0,0,0,0,0,0,3438,422,0,0,0,0,0,52018954,0,147,0,2,422,3438,0,0,0,0,0,0,0,0,0,0,0,0,0,0,0,0,0,0,0,0,0,0,0,0,0,0,0,0,0,0,0,0,0,0,0,0,0,0,0,0,0,0,0,0,0,0,0,0,0,0,0,0,0,0,269311169,0,0,0,474869993,0,0,0,0,0,0,0,85071352,121329197,309284732,163618787840,74235144,1,1,0,0,0,0,0,0,0,0,0,0,0,0,0,0,0,0,0,0,0,0,0,0,0,0,0,0,0,0,0,1025,0,0,0,0,0,0,0
1782975856.798,0,0,0,0,0,0,0,735223796,1984056822272,844267665920,0,0,0,0,0,0,0,0,0,0,0,0,0,0,0,0,0,0,0,0,0,0,0,0,0,0,0,0,0,0,0,0,0,0,0,0,0,0,0,0,0,0,0,0,0,0,0,0,0,0,0,0,0,0,0,0,0,0,7,1844373,121371206,39086509,0,0,0,0,0,0,0,0,0,0,0,0,0,0,0,0,0,0,0,0,0,0,0,0,0,0,0,0,0,0,0,0,0,0,0,0,0,12873908224,4565499904,785761,278656,39024662,574,0,97,786432,120402640,811153,6,3558177044,12884901888,24050,698547505,0,0,0,0,0,0,0,0,0,0,0,0,0,0,0,0,0,0,17116802,117013109,0,468,1202,7661,620,34233876,35,0,0,0,0,0,0,0,1,0,0,0,0,0,0,0,0,0,0,22581712,0,39024436,713081,0,0,0,0,0,0,0,0,16384,0,0,0,0,0,0,0,0,0,0,0,3439,422,0,0,0,0,0,52033959,0,147,0,2,422,3439,0,0,0,0,0,0,0,0,0,0,0,0,0,0,0,0,0,0,0,0,0,0,0,0,0,0,0,0,0,0,0,0,0,0,0,0,0,0,0,0,0,0,0,0,0,0,0,0,0,0,0,0,0,0,269390474,0,0,0,474953807,0,0,0,0,0,0,0,85105331,121386682,309380844,163660109824,74264313,1,1,0,0,0,0,0,0,0,0,0,0,0,0,0,0,0,0,0,0,0,0,0,0,0,0,0,0,0,0,0,1139,0,0,0,0,0,0,0
1782975857.865,0,0,0,0,0,0,0,735393090,1984996755968,844585184256,0,0,0,0,0,0,0,0,0,0,0,0,0,0,0,0,0,0,0,0,0,0,0,0,0,0,0,0,0,0,0,0,0,0,0,0,0,0,0,0,0,0,0,0,0,0,0,0,0,0,0,0,0,0,0,0,0,0,7,1844394,121428718,39102980,0,0,0,0,0,0,0,0,0,0,0,0,0,0,0,0,0,0,0,0,0,0,0,0,0,0,0,0,0,0,0,0,0,0,0,0,0,12876398592,4569923584,785914,278926,39041091,421,0,96,786432,120460086,811153,6,3559014553,12884901888,24050,698659684,0,0,0,0,0,0,0,0,0,0,0,0,0,0,0,0,0,0,17121703,117018010,0,468,1202,7661,620,34243684,35,0,0,0,0,0,0,0,1,0,0,0,0,0,0,0,0,0,0,22587347,0,39040865,713400,0,0,0,0,0,0,0,0,16384,0,0,0,0,0,0,0,0,0,0,0,3440,422,0,0,0,0,0,52048871,0,147,0,2,422,3440,0,0,0,0,0,0,0,0,0,0,0,0,0,0,0,0,0,0,0,0,0,0,0,0,0,0,0,0,0,0,0,0,0,0,0,0,0,0,0,0,0,0,0,0,0,0,0,0,0,0,0,0,0,0,269470708,0,0,0,475036993,0,0,0,0,0,0,0,85140377,121444038,309477774,163701748224,74294505,1,0,0,0,0,0,0,0,0,0,0,0,0,0,0,0,0,0,0,0,0,0,0,0,0,0,0,0,0,0,0,1203,0,0,0,0,0,0,0
1782975858.932,0,0,0,0,0,0,0,735563035,1985936263680,844902088704,0,0,0,0,0,0,0,0,0,0,0,0,0,0,0,0,0,0,0,0,0,0,0,0,0,0,0,0,0,0,0,0,0,0,0,0,0,0,0,0,0,0,0,0,0,0,0,0,0,0,0,0,0,0,0,0,0,0,7,1844425,121486192,39119429,0,0,0,0,0,0,0,0,0,0,0,0,0,0,0,0,0,0,0,0,0,0,0,0,0,0,0,0,0,0,0,0,0,0,0,0,0,12873924608,4575297536,785761,279254,39057582,573,0,96,786432,120517490,811153,6,3559858009,12884901888,24050,698775400,0,0,0,0,0,0,0,0,0,0,0,0,0,0,0,0,0,0,17126624,117022930,0,468,1202,7661,620,34253519,35,0,0,0,0,0,0,0,1,0,0,0,0,0,0,0,0,0,0,22593007,0,39057356,713724,0,0,0,0,0,0,0,0,16384,0,0,0,0,0,0,0,0,0,0,0,3441,422,0,0,0,0,0,52063824,0,147,0,2,422,3441,0,0,0,0,0,0,0,0,0,0,0,0,0,0,0,0,0,0,0,0,0,0,0,0,0,0,0,0,0,0,0,0,0,0,0,0,0,0,0,0,0,0,0,0,0,0,0,0,0,0,0,0,0,0,269550357,0,0,0,475121637,0,0,0,0,0,0,0,85174595,121501361,309574116,163743133696,74323660,0,0,0,0,0,0,0,0,0,0,0,0,0,0,0,0,0,0,0,0,0,0,0,0,0,0,0,0,0,0,0,108,0,0,0,0,0,0,0
1782975860.000,0,0,0,0,0,0,0,735733266,1986882128384,845218861056,0,0,0,0,0,0,0,0,0,0,0,0,0,0,0,0,0,0,0,0,0,0,0,0,0,0,0,0,0,0,0,0,0,0,0,0,0,0,0,0,0,0,0,0,0,0,0,0,0,0,0,0,0,0,0,0,0,0,7,1844451,121544038,39135835,0,0,0,0,0,0,0,0,0,0,0,0,0,0,0,0,0,0,0,0,0,0,0,0,0,0,0,0,0,0,0,0,0,0,0,0,0,12874006528,4581228544,785769,279616,39073988,573,0,97,786432,120575280,811153,6,3560700537,12884901888,24050,698888463,0,0,0,0,0,0,0,0,0,0,0,0,0,0,0,0,0,0,17131552,117027858,0,468,1202,7661,620,34263376,35,0,0,0,0,0,0,0,1,0,0,0,0,0,0,0,0,0,0,22598668,0,39073762,714042,0,0,0,0,0,0,0,0,16384,0,0,0,0,0,0,0,0,0,0,0,3442,422,0,0,0,0,0,52078813,0,147,0,2,422,3442,0,0,0,0,0,0,0,0,0,0,0,0,0,0,0,0,0,0,0,0,0,0,0,0,0,0,0,0,0,0,0,0,0,0,0,0,0,0,0,0,0,0,0,0,0,0,0,0,0,0,0,0,0,0,269631281,0,0,0,475205281,0,0,0,0,0,0,0,85209794,121559060,309671675,163785214976,74353947,1,0,0,0,0,0,0,0,0,0,0,0,0,0,0,0,0,0,0,0,0,0,0,0,0,0,0,0,0,0,0,220,0,0,0,0,0,0,0
1782975861.069,0,0,0,0,0,0,0,735902240,1987825437184,845534957056,0,0,0,0,0,0,0,0,0,0,0,0,0,0,0,0,0,0,0,0,0,0,0,0,0,0,0,0,0,0,0,0,0,0,0,0,0,0,0,0,0,0,0,0,0,0,0,0,0,0,0,0,0,0,0,0,0,0,7,1844473,121601739,39152239,0,0,0,0,0,0,0,0,0,0,0,0,0,0,0,0,0,0,0,0,0,0,0,0,0,0,0,0,0,0,0,0,0,0,0,0,0,12874399744,4585537536,785790,279879,39090392,545,0,97,786432,120632909,811153,6,3561536803,12884901888,24050,699000465,0,0,0,0,0,0,0,0,0,0,0,0,0,0,0,0,0,0,17136444,117032751,0,468,1202,7661,620,34273167,35,0,0,0,0,0,0,0,1,0,0,0,0,0,0,0,0,0,0,22604302,0,39090166,714358,0,0,0,0,0,0,0,0,16384,0,0,0,0,0,0,0,0,0,0,0,3443,422,0,0,0,0,0,52093683,0,147,0,2,422,3443,0,0,0,0,0,0,0,0,0,0,0,0,0,0,0,0,0,0,0,0,0,0,0,0,0,0,0,0,0,0,0,0,0,0,0,0,0,0,0,0,0,0,0,0,0,0,0,0,0,0,0,0,0,0,269710908,0,0,0,475288345,0,0,0,0,0,0,0,85244325,121616603,309767932,163826592768,74383540,0,0,0,0,0,0,0,0,0,0,0,0,0,0,0,0,0,0,0,0,0,0,0,0,0,0,0,0,0,0,0,312,0,0,0,0,0,0,0
1782975862.134,0,0,0,0,0,0,0,736071884,1988771842560,845852418560,0,0,0,0,0,0,0,0,0,0,0,0,0,0,0,0,0,0,0,0,0,0,0,0,0,0,0,0,0,0,0,0,0,0,0,0,0,0,0,0,0,0,0,0,0,0,0,0,0,0,0,0,0,0,0,0,0,0,7,1844506,121659623,39168707,0,0,0,0,0,0,0,0,0,0,0,0,0,0,0,0,0,0,0,0,0,0,0,0,0,0,0,0,0,0,0,0,0,0,0,0,0,12875612160,4590567424,785864,280185,39106860,469,0,98,786432,120690751,811153,6,3562376777,12884901888,24050,699113618,0,0,0,0,0,0,0,0,0,0,0,0,0,0,0,0,0,0,17141354,117037661,0,468,1202,7661,620,34282981,35,0,0,0,0,0,0,0,1,0,0,0,0,0,0,0,0,0,0,22609942,0,39106634,714684,0,0,0,0,0,0,0,0,16384,0,0,0,0,0,0,0,0,0,0,0,3444,422,0,0,0,0,0,52108627,0,147,0,2,422,3444,0,0,0,0,0,0,0,0,0,0,0,0,0,0,0,0,0,0,0,0,0,0,0,0,0,0,0,0,0,0,0,0,0,0,0,0,0,0,0,0,0,0,0,0,0,0,0,0,0,0,0,0,0,0,269791375,0,0,0,475371596,0,0,0,0,0,0,0,85279744,121674344,309865103,163868390912,74413900,1,0,0,0,0,0,0,0,0,0,0,0,0,0,0,0,0,0,0,0,0,0,0,0,0,0,0,0,0,0,0,390,0,0,0,0,0,0,0
1782975863.203,0,0,0,0,0,0,0,736242776,1989724883456,846169374208,0,0,0,0,0,0,0,0,0,0,0,0,0,0,0,0,0,0,0,0,0,0,0,0,0,0,0,0,0,0,0,0,0,0,0,0,0,0,0,0,0,0,0,0,0,0,0,0,0,0,0,0,0,0,0,0,0,0,7,1844528,121717924,39185177,0,0,0,0,0,0,0,0,0,0,0,0,0,0,0,0,0,0,0,0,0,0,0,0,0,0,0,0,0,0,0,0,0,0,0,0,0,12875235328,4593876992,785842,280388,39123330,494,0,96,786432,120748982,811153,6,3563222902,12884901888,24050,699227117,0,0,0,0,0,0,0,0,0,0,0,0,0,0,0,0,0,0,17146301,117042607,0,468,1202,7661,620,34292875,35,0,0,0,0,0,0,0,1,0,0,0,0,0,0,0,0,0,0,22615632,0,39123104,715004,0,0,0,0,0,0,0,0,16384,0,0,0,0,0,0,0,0,0,0,0,3445,422,0,0,0,0,0,52123674,0,147,0,2,422,3445,0,0,0,0,0,0,0,0,0,0,0,0,0,0,0,0,0,0,0,0,0,0,0,0,0,0,0,0,0,0,0,0,0,0,0,0,0,0,0,0,0,0,0,0,0,0,0,0,0,0,0,0,0,0,269869919,0,0,0,475455543,0,0,0,0,0,0,0,85313829,121732478,309960348,163909219328,74443144,1,1,0,0,0,0,0,0,0,0,0,0,0,0,0,0,0,0,0,0,0,0,0,0,0,0,0,0,0,0,0,539,0,0,0,0,0,0,0
1782975864.272,0,0,0,0,0,0,0,736411587,1990666619392,846484040192,0,0,0,0,0,0,0,0,0,0,0,0,0,0,0,0,0,0,0,0,0,0,0,0,0,0,0,0,0,0,0,0,0,0,0,0,0,0,0,0,0,0,0,0,0,0,0,0,0,0,0,0,0,0,0,0,0,0,7,1844560,121775537,39201465,0,0,0,0,0,0,0,0,0,0,0,0,0,0,0,0,0,0,0,0,0,0,0,0,0,0,0,0,0,0,0,0,0,0,0,0,0,12876169216,4600070144,785899,280767,39139599,438,0,97,786432,120806522,811153,6,3564058583,12884901888,24050,699339619,0,0,0,0,0,0,0,0,0,0,0,0,0,0,0,0,0,0,17151188,117047493,0,468,1202,7661,620,34302645,35,0,0,0,0,0,0,0,1,0,0,0,0,0,0,0,0,0,0,22621251,0,39139373,715328,0,0,0,0,0,0,0,0,16384,0,0,0,0,0,0,0,0,0,0,0,3446,422,0,0,0,0,0,52138516,0,147,0,2,422,3446,0,0,0,0,0,0,0,0,0,0,0,0,0,0,0,0,0,0,0,0,0,0,0,0,0,0,0,0,0,0,0,0,0,0,0,0,0,0,0,0,0,0,0,0,0,0,0,0,0,0,0,0,0,0,269949309,0,0,0,475538456,0,0,0,0,0,0,0,85348584,121789945,310056296,163950739968,74472927,1,0,0,0,0,0,0,0,0,0,0,0,0,0,0,0,0,0,0,0,0,0,0,0,0,0,0,0,0,0,0,613,0,0,0,0,0,0,0
1782975865.335,0,0,0,0,0,0,0,736581076,1991613401600,846800271360,0,0,0,0,0,0,0,0,0,0,0,0,0,0,0,0,0,0,0,0,0,0,0,0,0,0,0,0,0,0,0,0,0,0,0,0,0,0,0,0,0,0,0,0,0,0,0,0,0,0,0,0,0,0,0,0,0,0,7,1844585,121833442,39217880,0,0,0,0,0,0,0,0,0,0,0,0,0,0,0,0,0,0,0,0,0,0,0,0,0,0,0,0,0,0,0,0,0,0,0,0,0,12878299136,4609736704,786029,281356,39156033,305,0,96,786432,120864364,811153,6,3564897407,12884901888,24050,699452294,0,0,0,0,0,0,0,0,0,0,0,0,0,0,0,0,0,0,17156091,117052397,0,468,1202,7661,620,34312456,35,0,0,0,0,0,0,0,1,0,0,0,0,0,0,0,0,0,0,22626885,0,39155807,715646,0,0,0,0,0,0,0,0,16384,0,0,0,0,0,0,0,0,0,0,0,3447,422,0,0,0,0,0,52153426,0,147,0,2,422,3447,0,0,0,0,0,0,0,0,0,0,0,0,0,0,0,0,0,0,0,0,0,0,0,0,0,0,0,0,0,0,0,0,0,0,0,0,0,0,0,0,0,0,0,0,0,0,0,0,0,0,0,0,0,0,270029602,0,0,0,475621601,0,0,0,0,0,0,0,85383911,121847715,310153206,163992480256,74503444,0,0,0,0,0,0,0,0,0,0,0,0,0,0,0,0,0,0,0,0,0,0,0,0,0,0,0,0,0,0,0,733,0,0,0,0,0,0,0
1782975866.404,0,0,0,0,0,0,0,736747574,1992538688000,847154363904,0,0,0,0,0,0,0,0,0,0,0,0,0,0,0,0,0,0,0,0,0,0,0,0,0,0,0,0,0,0,0,0,0,0,0,0,0,0,0,0,0,0,0,0,0,0,0,0,0,0,0,0,0,0,0,0,0,0,7,1844621,121890039,39236628,0,0,0,0,0,0,0,0,0,0,0,0,0,0,0,0,0,0,0,0,0,0,0,0,0,0,0,0,0,0,0,0,0,0,0,0,0,12875890688,4572217344,785882,279066,39172207,453,0,96,786432,120920899,811153,6,3565721370,12884901888,24050,699563537,0,0,0,0,0,0,0,0,0,0,0,0,0,0,0,0,0,0,17160900,117057207,0,468,1202,7661,620,34322076,35,0,0,0,0,0,0,0,1,0,0,0,0,0,0,0,0,0,0,22632420,0,39174413,715985,0,0,0,0,0,0,0,0,16384,0,0,0,0,0,0,0,0,0,0,0,3448,422,0,0,0,0,0,52168072,0,147,0,2,422,3448,0,0,0,0,0,0,0,0,0,0,0,0,0,0,0,0,0,0,0,0,0,0,0,0,0,0,0,0,0,0,0,0,0,0,0,0,0,0,0,0,0,0,0,0,0,0,0,0,0,0,0,0,0,0,270108680,0,0,0,475703388,0,0,0,0,0,0,0,85418307,121904170,310251317,164033666560,74532728,1,0,0,0,0,0,0,0,0,0,0,0,0,0,0,0,0,0,0,0,0,0,0,0,0,0,0,0,0,0,0,733,0,0,0,0,0,0,0
1782975867.469,0,0,0,0,0,0,0,736912924,1993456388608,847486082560,0,0,0,0,0,0,0,0,0,0,0,0,0,0,0,0,0,0,0,0,0,0,0,0,0,0,0,0,0,0,0,0,0,0,0,0,0,0,0,0,0,0,0,0,0,0,0,0,0,0,0,0,0,0,0,0,0,0,7,1844655,121946177,39254010,0,0,0,0,0,0,0,0,0,0,0,0,0,0,0,0,0,0,0,0,0,0,0,0,0,0,0,0,0,0,0,0,0,0,0,0,0,12874203136,4553326592,785779,277913,39192163,556,0,96,786432,120976973,811153,6,3566539214,12884901888,24050,699673400,0,0,0,0,0,0,0,0,0,0,0,0,0,0,0,0,0,0,17165685,117061993,0,468,1202,7661,620,34331649,35,0,0,0,0,0,0,0,1,0,0,0,0,0,0,0,0,0,0,22637921,0,39191937,716314,0,0,0,0,0,0,0,0,16384,0,0,0,0,0,0,0,0,0,0,0,3450,422,0,0,0,0,0,52182604,0,147,0,2,422,3450,0,0,0,0,0,0,0,0,0,0,0,0,0,0,0,0,0,0,0,0,0,0,0,0,0,0,0,0,0,0,0,0,0,0,0,0,0,0,0,0,0,0,0,0,0,0,0,0,0,0,0,0,0,0,270187629,0,0,0,475784729,0,0,0,0,0,0,0,85450878,121960169,310347860,164074781696,74560376,1,1,0,0,0,0,0,0,0,0,0,0,0,0,0,0,0,0,0,0,0,0,0,0,0,0,0,0,0,0,0,722,0,0,0,0,0,0,0
1782975868.536,0,0,0,0,0,0,0,737078131,1994378365440,847799101440,0,0,0,0,0,0,0,0,0,0,0,0,0,0,0,0,0,0,0,0,0,0,0,0,0,0,0,0,0,0,0,0,0,0,0,0,0,0,0,0,0,0,0,0,0,0,0,0,0,0,0,0,0,0,0,0,0,0,7,1844690,122002589,39270244,0,0,0,0,0,0,0,0,0,0,0,0,0,0,0,0,0,0,0,0,0,0,0,0,0,0,0,0,0,0,0,0,0,0,0,0,0,12873728000,4552884224,785749,277886,39208397,586,0,97,786432,121033320,811153,6,3567357368,12884901888,24050,699784112,0,0,0,0,0,0,0,0,0,0,0,0,0,0,0,0,0,0,17170463,117066770,0,468,1202,7661,620,34341206,35,0,0,0,0,0,0,0,1,0,0,0,0,0,0,0,0,0,0,22643412,0,39208171,716625,0,0,0,0,0,0,0,0,16384,0,0,0,0,0,0,0,0,0,0,0,3451,422,0,0,0,0,0,52197128,0,147,0,2,422,3451,0,0,0,0,0,0,0,0,0,0,0,0,0,0,0,0,0,0,0,0,0,0,0,0,0,0,0,0,0,0,0,0,0,0,0,0,0,0,0,0,0,0,0,0,0,0,0,0,0,0,0,0,0,0,270266407,0,0,0,475865878,0,0,0,0,0,0,0,85483031,122016463,310443099,164115870720,74587932,1,0,0,0,0,0,0,0,0,0,0,0,0,0,0,0,0,0,0,0,0,0,0,0,0,0,0,0,0,0,0,697,0,0,0,0,0,0,0
1782975869.608,0,0,0,0,0,0,0,737244700,1995303094784,848111861248,0,0,0,0,0,0,0,0,0,0,0,0,0,0,0,0,0,0,0,0,0,0,0,0,0,0,0,0,0,0,0,0,0,0,0,0,0,0,0,0,0,0,0,0,0,0,0,0,0,0,0,0,0,0,0,0,0,0,7,1844716,122059149,39286512,0,0,0,0,0,0,0,0,0,0,0,0,0,0,0,0,0,0,0,0,0,0,0,0,0,0,0,0,0,0,0,0,0,0,0,0,0,12878102528,4555866112,786016,278068,39224665,318,0,97,786432,121089812,811153,6,3568181169,12884901888,24050,699894586,0,0,0,0,0,0,0,0,0,0,0,0,0,0,0,0,0,0,17175284,117071591,0,468,1202,7661,620,34350841,35,0,0,0,0,0,0,0,1,0,0,0,0,0,0,0,0,0,0,22648955,0,39224439,716944,0,0,0,0,0,0,0,0,16384,0,0,0,0,0,0,0,0,0,0,0,3452,422,0,0,0,0,0,52211787,0,147,0,2,422,3452,0,0,0,0,0,0,0,0,0,0,0,0,0,0,0,0,0,0,0,0,0,0,0,0,0,0,0,0,0,0,0,0,0,0,0,0,0,0,0,0,0,0,0,0,0,0,0,0,0,0,0,0,0,0,270344088,0,0,0,475947794,0,0,0,0,0,0,0,85515636,122072901,310537290,164156247040,74615733,0,0,0,0,0,0,0,0,0,0,0,0,0,0,0,0,0,0,0,0,0,0,0,0,0,0,0,0,0,0,0,728,0,0,0,0,0,0,0
1782975870.676,0,0,0,0,0,0,0,737412354,1996229347840,848423840768,0,0,0,0,0,0,0,0,0,0,0,0,0,0,0,0,0,0,0,0,0,0,0,0,0,0,0,0,0,0,0,0,0,0,0,0,0,0,0,0,0,0,0,0,0,0,0,0,0,0,0,0,0,0,0,0,0,0,7,1844745,122115801,39302775,0,0,0,0,0,0,0,0,0,0,0,0,0,0,0,0,0,0,0,0,0,0,0,0,0,0,0,0,0,0,0,0,0,0,0,0,0,12879855616,4562812928,786124,278492,39240928,210,0,97,786432,121146414,811153,6,3569010373,12884901888,24050,700006399,0,0,0,0,0,0,0,0,0,0,0,0,0,0,0,0,0,0,17180137,117076445,0,468,1202,7661,620,34360550,35,0,0,0,0,0,0,0,1,0,0,0,0,0,0,0,0,0,0,22654528,0,39240702,717265,0,0,0,0,0,0,0,0,16384,0,0,0,0,0,0,0,0,0,0,0,3453,422,0,0,0,0,0,52226534,0,147,0,2,422,3453,0,0,0,0,0,0,0,0,0,0,0,0,0,0,0,0,0,0,0,0,0,0,0,0,0,0,0,0,0,0,0,0,0,0,0,0,0,0,0,0,0,0,0,0,0,0,0,0,0,0,0,0,0,0,270420039,0,0,0,476030119,0,0,0,0,0,0,0,85547027,122129416,310629753,164195863552,74642415,1,1,0,0,0,0,0,0,0,0,0,0,0,0,0,0,0,0,0,0,0,0,0,0,0,0,0,0,0,0,0,799,0,0,0,0,0,0,0
1782975871.746,0,0,0,0,0,0,0,737576716,1997149768192,848734417920,0,0,0,0,0,0,0,0,0,0,0,0,0,0,0,0,0,0,0,0,0,0,0,0,0,0,0,0,0,0,0,0,0,0,0,0,0,0,0,0,0,0,0,0,0,0,0,0,0,0,0,0,0,0,0,0,0,0,7,1844777,122172095,39318921,0,0,0,0,0,0,0,0,0,0,0,0,0,0,0,0,0,0,0,0,0,0,0,0,0,0,0,0,0,0,0,0,0,0,0,0,0,12875825152,4565221376,785878,278639,39257074,458,0,96,786432,121202634,811153,6,3569824194,12884901888,24050,700115773,0,0,0,0,0,0,0,0,0,0,0,0,0,0,0,0,0,0,17184898,117081204,0,468,1202,7661,620,34370067,35,0,0,0,0,0,0,0,1,0,0,0,0,0,0,0,0,0,0,22659998,0,39256848,717583,0,0,0,0,0,0,0,0,16384,0,0,0,0,0,0,0,0,0,0,0,3454,422,0,0,0,0,0,52241008,0,147,0,2,422,3454,0,0,0,0,0,0,0,0,0,0,0,0,0,0,0,0,0,0,0,0,0,0,0,0,0,0,0,0,0,0,0,0,0,0,0,0,0,0,0,0,0,0,0,0,0,0,0,0,0,0,0,0,0,0,270497579,0,0,0,476111019,0,0,0,0,0,0,0,85578784,122185591,310723682,164236222976,74669422,0,0,0,0,0,0,0,0,0,0,0,0,0,0,0,0,0,0,0,0,0,0,0,0,0,0,0,0,0,0,0,751,0,0,0,0,0,0,0
1782975872.815,0,0,0,0,0,0,0,737743121,1998074743296,849043752960,0,0,0,0,0,0,0,0,0,0,0,0,0,0,0,0,0,0,0,0,0,0,0,0,0,0,0,0,0,0,0,0,0,0,0,0,0,0,0,0,0,0,0,0,0,0,0,0,0,0,0,0,0,0,0,0,0,0,7,1844807,122228671,39334899,0,0,0,0,0,0,0,0,0,0,0,0,0,0,0,0,0,0,0,0,0,0,0,0,0,0,0,0,0,0,0,0,0,0,0,0,0,12879609856,4572807168,786109,279102,39273052,226,0,96,786432,121259148,811153,6,3570647053,12884901888,24050,700226351,0,0,0,0,0,0,0,0,0,0,0,0,0,0,0,0,0,0,17189709,117086015,0,468,1202,7661,620,34379698,35,0,0,0,0,0,0,0,1,0,0,0,0,0,0,0,0,0,0,22665532,0,39272826,717895,0,0,0,0,0,0,0,0,16384,0,0,0,0,0,0,0,0,0,0,0,3455,422,0,0,0,0,0,52255661,0,147,0,2,422,3455,0,0,0,0,0,0,0,0,0,0,0,0,0,0,0,0,0,0,0,0,0,0,0,0,0,0,0,0,0,0,0,0,0,0,0,0,0,0,0,0,0,0,0,0,0,0,0,0,0,0,0,0,0,0,270577687,0,0,0,476192760,0,0,0,0,0,0,0,85611242,122242023,310820010,164277892608,74697145,1,0,0,0,0,0,0,0,0,0,0,0,0,0,0,0,0,0,0,0,0,0,0,0,0,0,0,0,0,0,0,744,0,0,0,0,0,0,0
1782975873.881,0,0,0,0,0,0,0,737909204,1998999603712,849351922688,0,0,0,0,0,0,0,0,0,0,0,0,0,0,0,0,0,0,0,0,0,0,0,0,0,0,0,0,0,0,0,0,0,0,0,0,0,0,0,0,0,0,0,0,0,0,0,0,0,0,0,0,0,0,0,0,0,0,7,1844837,122285258,39350852,0,0,0,0,0,0,0,0,0,0,0,0,0,0,0,0,0,0,0,0,0,0,0,0,0,0,0,0,0,0,0,0,0,0,0,0,0,12875464704,4583882752,785856,279778,39289005,481,0,96,786432,121315668,811153,6,3571469232,12884901888,24050,700337149,0,0,0,0,0,0,0,0,0,0,0,0,0,0,0,0,0,0,17194523,117090830,0,468,1202,7661,620,34389319,35,0,0,0,0,0,0,0,1,0,0,0,0,0,0,0,0,0,0,22671065,0,39288779,718213,0,0,0,0,0,0,0,0,16384,0,0,0,0,0,0,0,0,0,0,0,3456,422,0,0,0,0,0,52270300,0,147,0,2,422,3456,0,0,0,0,0,0,0,0,0,0,0,0,0,0,0,0,0,0,0,0,0,0,0,0,0,0,0,0,0,0,0,0,0,0,0,0,0,0,0,0,0,0,0,0,0,0,0,0,0,0,0,0,0,0,270656430,0,0,0,476274414,0,0,0,0,0,0,0,85644120,122298471,310914943,164318914048,74725300,1,0,0,0,0,0,0,0,0,0,0,0,0,0,0,0,0,0,0,0,0,0,0,0,0,0,0,0,0,0,0,782,0,0,0,0,0,0,0
1782975874.947,0,0,0,0,0,0,0,738074841,1999922530816,849662259712,0,0,0,0,0,0,0,0,0,0,0,0,0,0,0,0,0,0,0,0,0,0,0,0,0,0,0,0,0,0,0,0,0,0,0,0,0,0,0,0,0,0,0,0,0,0,0,0,0,0,0,0,0,0,0,0,0,0,7,1844861,122341722,39366949,0,0,0,0,0,0,0,0,0,0,0,0,0,0,0,0,0,0,0,0,0,0,0,0,0,0,0,0,0,0,0,0,0,0,0,0,0,12877938688,4586602496,786007,279944,39305102,329,0,96,786432,121372069,811153,6,3572289066,12884901888,24050,700447308,0,0,0,0,0,0,0,0,0,0,0,0,0,0,0,0,0,0,17199310,117095618,0,468,1202,7661,620,34398895,35,0,0,0,0,0,0,0,1,0,0,0,0,0,0,0,0,0,0,22676577,0,39304876,718522,0,0,0,0,0,0,0,0,16384,0,0,0,0,0,0,0,0,0,0,0,3457,422,0,0,0,0,0,52284903,0,147,0,2,422,3457,0,0,0,0,0,0,0,0,0,0,0,0,0,0,0,0,0,0,0,0,0,0,0,0,0,0,0,0,0,0,0,0,0,0,0,0,0,0,0,0,0,0,0,0,0,0,0,0,0,0,0,0,0,0,270734961,0,0,0,476355838,0,0,0,0,0,0,0,85676816,122354818,311009807,164359750144,74753358,1,1,0,0,0,0,0,0,0,0,0,0,0,0,0,0,0,0,0,0,0,0,0,0,0,0,0,0,0,0,0,759,0,0,0,0,0,0,0
1782975876.014,0,0,0,0,0,0,0,738240367,2000839494144,849972590080,0,0,0,0,0,0,0,0,0,0,0,0,0,0,0,0,0,0,0,0,0,0,0,0,0,0,0,0,0,0,0,0,0,0,0,0,0,0,0,0,0,0,0,0,0,0,0,0,0,0,0,0,0,0,0,0,0,0,7,1844897,122397814,39382994,0,0,0,0,0,0,0,0,0,0,0,0,0,0,0,0,0,0,0,0,0,0,0,0,0,0,0,0,0,0,0,0,0,0,0,0,0,12874596352,4591976448,785803,280272,39321097,534,0,96,786432,121428095,811153,6,3573107770,12884901888,24050,700557362,0,0,0,0,0,0,0,0,0,0,0,0,0,0,0,0,0,0,17204104,117100410,0,468,1202,7661,620,34408485,35,0,0,0,0,0,0,0,1,0,0,0,0,0,0,0,0,0,0,22682086,0,39320932,718833,0,0,0,0,0,0,0,0,16384,0,0,0,0,0,0,0,0,0,0,0,3458,422,0,0,0,0,0,52299456,0,147,0,2,422,3458,0,0,0,0,0,0,0,0,0,0,0,0,0,0,0,0,0,0,0,0,0,0,0,0,0,0,0,0,0,0,0,0,0,0,0,0,0,0,0,0,0,0,0,0,0,0,0,0,0,0,0,0,0,0,270814167,0,0,0,476437231,0,0,0,0,0,0,0,85708288,122410790,311105305,164400958464,74780157,1,1,0,0,0,0,0,0,0,0,0,0,0,0,0,0,0,0,0,0,0,0,0,0,0,0,0,0,0,0,0,761,0,0,0,0,0,0,0
1782975877.078,0,0,0,0,0,0,0,738407473,2001768925696,850286070784,0,0,0,0,0,0,0,0,0,0,0,0,0,0,0,0,0,0,0,0,0,0,0,0,0,0,0,0,0,0,0,0,0,0,0,0,0,0,0,0,0,0,0,0,0,0,0,0,0,0,0,0,0,0,0,0,0,0,7,1844921,122454671,39399253,0,0,0,0,0,0,0,0,0,0,0,0,0,0,0,0,0,0,0,0,0,0,0,0,0,0,0,0,0,0,0,0,0,0,0,0,0,12876251136,4597366784,785904,280601,39337406,430,0,98,786432,121484884,811153,6,3573934871,12884901888,24050,700668844,0,0,0,0,0,0,0,0,0,0,0,0,0,0,0,0,0,0,17208934,117105242,0,468,1202,7661,620,34418140,35,0,0,0,0,0,0,0,1,0,0,0,0,0,0,0,0,0,0,22687642,0,39337180,719146,0,0,0,0,0,0,0,0,16384,0,0,0,0,0,0,0,0,0,0,0,3459,422,0,0,0,0,0,52314154,0,147,0,2,422,3459,0,0,0,0,0,0,0,0,0,0,0,0,0,0,0,0,0,0,0,0,0,0,0,0,0,0,0,0,0,0,0,0,0,0,0,0,0,0,0,0,0,0,0,0,0,0,0,0,0,0,0,0,0,0,270893648,0,0,0,476519345,0,0,0,0,0,0,0,85741713,122467486,311201265,164442288128,74808822,1,0,0,0,0,0,0,0,0,0,0,0,0,0,0,0,0,0,0,0,0,0,0,0,0,0,0,0,0,0,0,785,0,0,0,0,0,0,0
1782975878.145,0,0,0,0,0,0,0,738571206,2002676058624,850597913088,0,0,0,0,0,0,0,0,0,0,0,0,0,0,0,0,0,0,0,0,0,0,0,0,0,0,0,0,0,0,0,0,0,0,0,0,0,0,0,0,0,0,0,0,0,0,0,0,0,0,0,0,0,0,0,0,0,0,7,1844948,122510164,39415425,0,0,0,0,0,0,0,0,0,0,0,0,0,0,0,0,0,0,0,0,0,0,0,0,0,0,0,0,0,0,0,0,0,0,0,0,0,12875350016,4596744192,785849,280563,39353578,486,0,96,786432,121540313,811153,6,3574744902,12884901888,24050,700777788,0,0,0,0,0,0,0,0,0,0,0,0,0,0,0,0,0,0,17213674,117109982,0,468,1202,7661,620,34427623,35,0,0,0,0,0,0,0,1,0,0,0,0,0,0,0,0,0,0,22693093,0,39353352,719464,0,0,0,0,0,0,0,0,16384,0,0,0,0,0,0,0,0,0,0,0,3460,422,0,0,0,0,0,52328579,0,147,0,2,422,3460,0,0,0,0,0,0,0,0,0,0,0,0,0,0,0,0,0,0,0,0,0,0,0,0,0,0,0,0,0,0,0,0,0,0,0,0,0,0,0,0,0,0,0,0,0,0,0,0,0,0,0,0,0,0,270971996,0,0,0,476599902,0,0,0,0,0,0,0,85773507,122522854,311295996,164483225600,74835910,0,0,0,0,0,0,0,0,0,0,0,0,0,0,0,0,0,0,0,0,0,0,0,0,0,0,0,0,0,0,0,717,0,0,0,0,0,0,0
1782975879.213,0,0,0,0,0,0,0,738736781,2003595102720,850908983808,0,0,0,0,0,0,0,0,0,0,0,0,0,0,0,0,0,0,0,0,0,0,0,0,0,0,0,0,0,0,0,0,0,0,0,0,0,0,0,0,0,0,0,0,0,0,0,0,0,0,0,0,0,0,0,0,0,0,7,1844975,122566368,39431531,0,0,0,0,0,0,0,0,0,0,0,0,0,0,0,0,0,0,0,0,0,0,0,0,0,0,0,0,0,0,0,0,0,0,0,0,0,12878348288,4599906304,786032,280756,39369684,303,0,97,786432,121596452,811153,6,3575564134,12884901888,24050,700887956,0,0,0,0,0,0,0,0,0,0,0,0,0,0,0,0,0,0,17218472,117114780,0,468,1202,7661,620,34437215,35,0,0,0,0,0,0,0,1,0,0,0,0,0,0,0,0,0,0,22698613,0,39369458,719778,0,0,0,0,0,0,0,0,16384,0,0,0,0,0,0,0,0,0,0,0,3461,422,0,0,0,0,0,52343161,0,147,0,2,422,3461,0,0,0,0,0,0,0,0,0,0,0,0,0,0,0,0,0,0,0,0,0,0,0,0,0,0,0,0,0,0,0,0,0,0,0,0,0,0,0,0,0,0,0,0,0,0,0,0,0,0,0,0,0,0,271051480,0,0,0,476681400,0,0,0,0,0,0,0,85806724,122578935,311391795,164524425728,74864380,1,0,0,0,0,0,0,0,0,0,0,0,0,0,0,0,0,0,0,0,0,0,0,0,0,0,0,0,0,0,0,694,0,0,0,0,0,0,0
1782975880.281,0,0,0,0,0,0,0,738903699,2004527122944,851224211456,0,0,0,0,0,0,0,0,0,0,0,0,0,0,0,0,0,0,0,0,0,0,0,0,0,0,0,0,0,0,0,0,0,0,0,0,0,0,0,0,0,0,0,0,0,0,0,0,0,0,0,0,0,0,0,0,0,0,7,1845005,122623364,39447864,0,0,0,0,0,0,0,0,0,0,0,0,0,0,0,0,0,0,0,0,0,0,0,0,0,0,0,0,0,0,0,0,0,0,0,0,0,12876251136,4601790464,785904,280871,39386017,429,0,98,786432,121653377,811153,6,3576390725,12884901888,24050,700999402,0,0,0,0,0,0,0,0,0,0,0,0,0,0,0,0,0,0,17223300,117119608,0,468,1202,7661,620,34446873,35,0,0,0,0,0,0,0,1,0,0,0,0,0,0,0,0,0,0,22704159,0,39385791,720102,0,0,0,0,0,0,0,0,16384,0,0,0,0,0,0,0,0,0,0,0,3462,422,0,0,0,0,0,52357855,0,147,0,2,422,3462,0,0,0,0,0,0,0,0,0,0,0,0,0,0,0,0,0,0,0,0,0,0,0,0,0,0,0,0,0,0,0,0,0,0,0,0,0,0,0,0,0,0,0,0,0,0,0,0,0,0,0,0,0,0,271131293,0,0,0,476763475,0,0,0,0,0,0,0,85840957,122635788,311488187,164566106624,74893702,1,1,0,0,0,0,0,0,0,0,0,0,0,0,0,0,0,0,0,0,0,0,0,0,0,0,0,0,0,0,0,700,0,0,0,0,0,0,0
1782975881.348,0,0,0,0,0,0,0,739071956,2005466794496,851540796928,0,0,0,0,0,0,0,0,0,0,0,0,0,0,0,0,0,0,0,0,0,0,0,0,0,0,0,0,0,0,0,0,0,0,0,0,0,0,0,0,0,0,0,0,0,0,0,0,0,0,0,0,0,0,0,0,0,0,7,1845028,122680845,39464285,0,0,0,0,0,0,0,0,0,0,0,0,0,0,0,0,0,0,0,0,0,0,0,0,0,0,0,0,0,0,0,0,0,0,0,0,0,12875202560,4603641856,785840,280984,39402438,494,0,96,786432,121710793,811153,6,3577222672,12884901888,24050,701110948,0,0,0,0,0,0,0,0,0,0,0,0,0,0,0,0,0,0,17228173,117124482,0,468,1202,7661,620,34456621,35,0,0,0,0,0,0,0,1,0,0,0,0,0,0,0,0,0,0,22709758,0,39402212,720422,0,0,0,0,0,0,0,0,16384,0,0,0,0,0,0,0,0,0,0,0,3463,422,0,0,0,0,0,52372667,0,147,0,2,422,3463,0,0,0,0,0,0,0,0,0,0,0,0,0,0,0,0,0,0,0,0,0,0,0,0,0,0,0,0,0,0,0,0,0,0,0,0,0,0,0,0,0,0,0,0,0,0,0,0,0,0,0,0,0,0,271211120,0,0,0,476846135,0,0,0,0,0,0,0,85875785,122693103,311584664,164607703040,74923664,1,0,0,0,0,0,0,0,0,0,0,0,0,0,0,0,0,0,0,0,0,0,0,0,0,0,0,0,0,0,0,789,0,0,0,0,0,0,0
1782975882.417,0,0,0,0,0,0,0,739237911,2006387165696,851909877248,0,0,0,0,0,0,0,0,0,0,0,0,0,0,0,0,0,0,0,0,0,0,0,0,0,0,0,0,0,0,0,0,0,0,0,0,0,0,0,0,0,0,0,0,0,0,0,0,0,0,0,0,0,0,0,0,0,0,7,1845061,122737146,39483957,0,0,0,0,0,0,0,0,0,0,0,0,0,0,0,0,0,0,0,0,0,0,0,0,0,0,0,0,0,0,0,0,0,0,0,0,0,12876496896,4550311936,785919,277729,39418526,416,0,96,786432,121767029,811153,6,3578044072,12884901888,24050,701221431,0,0,0,0,0,0,0,0,0,0,0,0,0,0,0,0,0,0,17232971,117129280,0,468,1202,7661,620,34466215,35,0,0,0,0,0,0,0,1,0,0,0,0,0,0,0,0,0,0,22715272,0,39421884,720755,0,0,0,0,0,0,0,0,16384,0,0,0,0,0,0,0,0,0,0,0,3464,422,0,0,0,0,0,52387277,0,147,0,2,422,3464,0,0,0,0,0,0,0,0,0,0,0,0,0,0,0,0,0,0,0,0,0,0,0,0,0,0,0,0,0,0,0,0,0,0,0,0,0,0,0,0,0,0,0,0,0,0,0,0,0,0,0,0,0,0,271289932,0,0,0,476927681,0,0,0,0,0,0,0,85910579,122749246,311683388,164648696320,74953261,1,0,0,0,0,0,0,0,0,0,0,0,0,0,0,0,0,0,0,0,0,0,0,0,0,0,0,0,0,0,0,784,0,0,0,0,0,0,0
1782975883.484,0,0,0,0,0,0,0,739408141,2007333325312,852230487552,0,0,0,0,0,0,0,0,0,0,0,0,0,0,0,0,0,0,0,0,0,0,0,0,0,0,0,0,0,0,0,0,0,0,0,0,0,0,0,0,0,0,0,0,0,0,0,0,0,0,0,0,0,0,0,0,0,0,7,1845092,122795021,39500595,0,0,0,0,0,0,0,0,0,0,0,0,0,0,0,0,0,0,0,0,0,0,0,0,0,0,0,0,0,0,0,0,0,0,0,0,0,12874629120,4552638464,785805,277871,39438730,532,0,96,786432,121824821,811153,6,3578886592,12884901888,24050,701334462,0,0,0,0,0,0,0,0,0,0,0,0,0,0,0,0,0,0,17237904,117134212,0,468,1202,7661,620,34476088,35,0,0,0,0,0,0,0,1,0,0,0,0,0,0,0,0,0,0,22720941,0,39438504,721076,0,0,0,0,0,0,0,0,16384,0,0,0,0,0,0,0,0,0,0,0,3466,422,0,0,0,0,0,52402292,0,147,0,2,422,3466,0,0,0,0,0,0,0,0,0,0,0,0,0,0,0,0,0,0,0,0,0,0,0,0,0,0,0,0,0,0,0,0,0,0,0,0,0,0,0,0,0,0,0,0,0,0,0,0,0,0,0,0,0,0,271370390,0,0,0,477011325,0,0,0,0,0,0,0,85946372,122806975,311780721,164690621952,74984116,0,0,0,0,0,0,0,0,0,0,0,0,0,0,0,0,0,0,0,0,0,0,0,0,0,0,0,0,0,0,0,893,0,0,0,0,0,0,0
1782975884.554,0,0,0,0,0,0,0,739577818,2008280910336,852547281408,0,0,0,0,0,0,0,0,0,0,0,0,0,0,0,0,0,0,0,0,0,0,0,0,0,0,0,0,0,0,0,0,0,0,0,0,0,0,0,0,0,0,0,0,0,0,0,0,0,0,0,0,0,0,0,0,0,0,7,1845128,122852964,39516967,0,0,0,0,0,0,0,0,0,0,0,0,0,0,0,0,0,0,0,0,0,0,0,0,0,0,0,0,0,0,0,0,0,0,0,0,0,12875923456,4558028800,785883,278200,39455112,449,0,97,786432,121882702,811153,6,3579726652,12884901888,24050,701447410,0,0,0,0,0,0,0,0,0,0,0,0,0,0,0,0,0,0,17242814,117139121,0,468,1202,7661,620,34485907,35,0,0,0,0,0,0,0,1,0,0,0,0,0,0,0,0,0,0,22726583,0,39454886,721395,0,0,0,0,0,0,0,0,16384,0,0,0,0,0,0,0,0,0,0,0,3467,422,0,0,0,0,0,52417204,0,147,0,2,422,3467,0,0,0,0,0,0,0,0,0,0,0,0,0,0,0,0,0,0,0,0,0,0,0,0,0,0,0,0,0,0,0,0,0,0,0,0,0,0,0,0,0,0,0,0,0,0,0,0,0,0,0,0,0,0,271451205,0,0,0,477094677,0,0,0,0,0,0,0,85981908,122864771,311878146,164732738560,75014639,1,0,0,0,0,0,0,0,0,0,0,0,0,0,0,0,0,0,0,0,0,0,0,0,0,0,0,0,0,0,0,956,0,0,0,0,0,0,0
1782975885.622,0,0,0,0,0,0,0,739743855,2009203345920,852857729024,0,0,0,0,0,0,0,0,0,0,0,0,0,0,0,0,0,0,0,0,0,0,0,0,0,0,0,0,0,0,0,0,0,0,0,0,0,0,0,0,0,0,0,0,0,0,0,0,0,0,0,0,0,0,0,0,0,0,7,1845150,122909393,39533065,0,0,0,0,0,0,0,0,0,0,0,0,0,0,0,0,0,0,0,0,0,0,0,0,0,0,0,0,0,0,0,0,0,0,0,0,0,12875038720,4560961536,785829,278379,39471218,506,0,97,786432,121939047,811153,6,3580548412,12884901888,24050,701558693,0,0,0,0,0,0,0,0,0,0,0,0,0,0,0,0,0,0,17247609,117143915,0,468,1202,7661,620,34495495,35,0,0,0,0,0,0,0,1,0,0,0,0,0,0,0,0,0,0,22732088,0,39470992,721718,0,0,0,0,0,0,0,0,16384,0,0,0,0,0,0,0,0,0,0,0,3468,422,0,0,0,0,0,52431785,0,147,0,2,422,3468,0,0,0,0,0,0,0,0,0,0,0,0,0,0,0,0,0,0,0,0,0,0,0,0,0,0,0,0,0,0,0,0,0,0,0,0,0,0,0,0,0,0,0,0,0,0,0,0,0,0,0,0,0,0,271529618,0,0,0,477176168,0,0,0,0,0,0,0,86014011,122921049,311972876,164773552128,75041941,0,0,0,0,0,0,0,0,0,0,0,0,0,0,0,0,0,0,0,0,0,0,0,0,0,0,0,0,0,0,0,938,0,0,0,0,0,0,0
1782975886.690,0,0,0,0,0,0,0,739908642,2010121865728,853168849920,0,0,0,0,0,0,0,0,0,0,0,0,0,0,0,0,0,0,0,0,0,0,0,0,0,0,0,0,0,0,0,0,0,0,0,0,0,0,0,0,0,0,0,0,0,0,0,0,0,0,0,0,0,0,0,0,0,0,7,1845186,122965568,39549213,0,0,0,0,0,0,0,0,0,0,0,0,0,0,0,0,0,0,0,0,0,0,0,0,0,0,0,0,0,0,0,0,0,0,0,0,0,12875694080,4562714624,785870,278486,39487366,466,0,96,786432,121995164,811153,6,3581364246,12884901888,24050,701669181,0,0,0,0,0,0,0,0,0,0,0,0,0,0,0,0,0,0,17252378,117148686,0,468,1202,7661,620,34505030,35,0,0,0,0,0,0,0,1,0,0,0,0,0,0,0,0,0,0,22737568,0,39487140,722023,0,0,0,0,0,0,0,0,16384,0,0,0,0,0,0,0,0,0,0,0,3469,422,0,0,0,0,0,52446285,0,147,0,2,422,3469,0,0,0,0,0,0,0,0,0,0,0,0,0,0,0,0,0,0,0,0,0,0,0,0,0,0,0,0,0,0,0,0,0,0,0,0,0,0,0,0,0,0,0,0,0,0,0,0,0,0,0,0,0,0,271607766,0,0,0,477257232,0,0,0,0,0,0,0,86046202,122977099,312067397,164814402048,75069599,0,0,0,0,0,0,0,0,0,0,0,0,0,0,0,0,0,0,0,0,0,0,0,0,0,0,0,0,0,0,0,897,0,0,0,0,0,0,0
1782975887.754,0,0,0,0,0,0,0,740073378,2011037616640,853476181504,0,0,0,0,0,0,0,0,0,0,0,0,0,0,0,0,0,0,0,0,0,0,0,0,0,0,0,0,0,0,0,0,0,0,0,0,0,0,0,0,0,0,0,0,0,0,0,0,0,0,0,0,0,0,0,0,0,0,7,1845217,123021586,39565126,0,0,0,0,0,0,0,0,0,0,0,0,0,0,0,0,0,0,0,0,0,0,0,0,0,0,0,0,0,0,0,0,0,0,0,0,0,12877447168,4567597056,785977,278784,39503279,358,0,96,786432,122051120,811153,6,3582179603,12884901888,24050,701778858,0,0,0,0,0,0,0,0,0,0,0,0,0,0,0,0,0,0,17257145,117153454,0,468,1202,7661,620,34514574,35,0,0,0,0,0,0,0,1,0,0,0,0,0,0,0,0,0,0,22743048,0,39503053,722339,0,0,0,0,0,0,0,0,16384,0,0,0,0,0,0,0,0,0,0,0,3470,422,0,0,0,0,0,52460772,0,147,0,2,422,3470,0,0,0,0,0,0,0,0,0,0,0,0,0,0,0,0,0,0,0,0,0,0,0,0,0,0,0,0,0,0,0,0,0,0,0,0,0,0,0,0,0,0,0,0,0,0,0,0,0,0,0,0,0,0,271685730,0,0,0,477338293,0,0,0,0,0,0,0,86078722,123032941,312161499,164855091200,75097336,1,1,0,0,0,0,0,0,0,0,0,0,0,0,0,0,0,0,0,0,0,0,0,0,0,0,0,0,0,0,0,827,0,0,0,0,0,0,0
1782975888.820,0,0,0,0,0,0,0,740239314,2011958512128,853787462144,0,0,0,0,0,0,0,0,0,0,0,0,0,0,0,0,0,0,0,0,0,0,0,0,0,0,0,0,0,0,0,0,0,0,0,0,0,0,0,0,0,0,0,0,0,0,0,0,0,0,0,0,0,0,0,0,0,0,7,1845244,123077932,39581251,0,0,0,0,0,0,0,0,0,0,0,0,0,0,0,0,0,0,0,0,0,0,0,0,0,0,0,0,0,0,0,0,0,0,0,0,0,12876906496,4572037120,785944,279055,39519404,391,0,96,786432,122107390,811153,6,3583000784,12884901888,24050,701889620,0,0,0,0,0,0,0,0,0,0,0,0,0,0,0,0,0,0,17261946,117158253,0,468,1202,7661,620,34524169,35,0,0,0,0,0,0,0,1,0,0,0,0,0,0,0,0,0,0,22748562,0,39519178,722646,0,0,0,0,0,0,0,0,16384,0,0,0,0,0,0,0,0,0,0,0,3471,422,0,0,0,0,0,52475361,0,147,0,2,422,3471,0,0,0,0,0,0,0,0,0,0,0,0,0,0,0,0,0,0,0,0,0,0,0,0,0,0,0,0,0,0,0,0,0,0,0,0,0,0,0,0,0,0,0,0,0,0,0,0,0,0,0,0,0,0,271764492,0,0,0,477419837,0,0,0,0,0,0,0,86111840,123089144,312256614,164896196096,75125805,1,1,0,0,0,0,0,0,0,0,0,0,0,0,0,0,0,0,0,0,0,0,0,0,0,0,0,0,0,0,0,814,0,0,0,0,0,0,0
1782975889.887,0,0,0,0,0,0,0,740408331,2012900329984,854103299072,0,0,0,0,0,0,0,0,0,0,0,0,0,0,0,0,0,0,0,0,0,0,0,0,0,0,0,0,0,0,0,0,0,0,0,0,0,0,0,0,0,0,0,0,0,0,0,0,0,0,0,0,0,0,0,0,0,0,7,1845280,123135534,39597638,0,0,0,0,0,0,0,0,0,0,0,0,0,0,0,0,0,0,0,0,0,0,0,0,0,0,0,0,0,0,0,0,0,0,0,0,0,12876447744,4578115584,785916,279426,39535791,419,0,96,786432,122164922,811153,6,3583837603,12884901888,24050,702002152,0,0,0,0,0,0,0,0,0,0,0,0,0,0,0,0,0,0,17266832,117163139,0,468,1202,7661,620,34533946,35,0,0,0,0,0,0,0,1,0,0,0,0,0,0,0,0,0,0,22754179,0,39535566,722968,0,0,0,0,0,0,0,0,16384,0,0,0,0,0,0,0,0,0,0,0,3472,422,0,0,0,0,0,52490227,0,147,0,2,422,3472,0,0,0,0,0,0,0,0,0,0,0,0,0,0,0,0,0,0,0,0,0,0,0,0,0,0,0,0,0,0,0,0,0,0,0,0,0,0,0,0,0,0,0,0,0,0,0,0,0,0,0,0,0,0,271843531,0,0,0,477502771,0,0,0,0,0,0,0,86147134,123146588,312352266,164937395712,75156031,0,0,0,0,0,0,0,0,0,0,0,0,0,0,0,0,0,0,0,0,0,0,0,0,0,0,0,0,0,0,0,907,0,0,0,0,0,0,0
1782975890.951,0,0,0,0,0,0,0,740578211,2013846850048,854422294528,0,0,0,0,0,0,0,0,0,0,0,0,0,0,0,0,0,0,0,0,0,0,0,0,0,0,0,0,0,0,0,0,0,0,0,0,0,0,0,0,0,0,0,0,0,0,0,0,0,0,0,0,0,0,0,0,0,0,7,1845310,123193445,39614195,0,0,0,0,0,0,0,0,0,0,0,0,0,0,0,0,0,0,0,0,0,0,0,0,0,0,0,0,0,0,0,0,0,0,0,0,0,12874481664,4583424000,785797,279750,39552335,540,0,96,786432,122222766,811153,6,3584678359,12884901888,24050,702115407,0,0,0,0,0,0,0,0,0,0,0,0,0,0,0,0,0,0,17271752,117168060,0,468,1202,7661,620,34543779,35,0,0,0,0,0,0,0,1,0,0,0,0,0,0,0,0,0,0,22759828,0,39552109,723285,0,0,0,0,0,0,0,0,16384,0,0,0,0,0,0,0,0,0,0,0,3473,422,0,0,0,0,0,52505195,0,147,0,2,422,3473,0,0,0,0,0,0,0,0,0,0,0,0,0,0,0,0,0,0,0,0,0,0,0,0,0,0,0,0,0,0,0,0,0,0,0,0,0,0,0,0,0,0,0,0,0,0,0,0,0,0,0,0,0,0,271922854,0,0,0,477586165,0,0,0,0,0,0,0,86182200,123204325,312448366,164978664960,75186118,0,0,0,0,0,0,0,0,0,0,0,0,0,0,0,0,0,0,0,0,0,0,0,0,0,0,0,0,0,0,0,1012,0,0,0,0,0,0,0
1782975892.017,0,0,0,0,0,0,0,740749269,2014798694912,854738797056,0,0,0,0,0,0,0,0,0,0,0,0,0,0,0,0,0,0,0,0,0,0,0,0,0,0,0,0,0,0,0,0,0,0,0,0,0,0,0,0,0,0,0,0,0,0,0,0,0,0,0,0,0,0,0,0,0,0,7,1845342,123251680,39630587,0,0,0,0,0,0,0,0,0,0,0,0,0,0,0,0,0,0,0,0,0,0,0,0,0,0,0,0,0,0,0,0,0,0,0,0,0,12877185024,4590764032,785961,280198,39568740,375,0,96,786432,122280956,811153,6,3585523902,12884901888,24050,702228734,0,0,0,0,0,0,0,0,0,0,0,0,0,0,0,0,0,0,17276702,117173010,0,468,1202,7661,620,34553679,35,0,0,0,0,0,0,0,1,0,0,0,0,0,0,0,0,0,0,22765520,0,39568514,723603,0,0,0,0,0,0,0,0,16384,0,0,0,0,0,0,0,0,0,0,0,3474,422,0,0,0,0,0,52520236,0,147,0,2,422,3474,0,0,0,0,0,0,0,0,0,0,0,0,0,0,0,0,0,0,0,0,0,0,0,0,0,0,0,0,0,0,0,0,0,0,0,0,0,0,0,0,0,0,0,0,0,0,0,0,0,0,0,0,0,0,272003120,0,0,0,477670142,0,0,0,0,0,0,0,86217470,123262418,312545239,165020419584,75216425,1,0,0,0,0,0,0,0,0,0,0,0,0,0,0,0,0,0,0,0,0,0,0,0,0,0,0,0,0,0,0,1120,0,0,0,0,0,0,0
1782975893.088,0,0,0,0,0,0,0,740918830,2015743560192,855054729728,0,0,0,0,0,0,0,0,0,0,0,0,0,0,0,0,0,0,0,0,0,0,0,0,0,0,0,0,0,0,0,0,0,0,0,0,0,0,0,0,0,0,0,0,0,0,0,0,0,0,0,0,0,0,0,0,0,0,7,1845368,123309474,39646975,0,0,0,0,0,0,0,0,0,0,0,0,0,0,0,0,0,0,0,0,0,0,0,0,0,0,0,0,0,0,0,0,0,0,0,0,0,12878856192,4595990528,786063,280517,39585128,275,0,97,786432,122338680,811153,6,3586363357,12884901888,24050,702341304,0,0,0,0,0,0,0,0,0,0,0,0,0,0,0,0,0,0,17281616,117177924,0,468,1202,7661,620,34563509,35,0,0,0,0,0,0,0,1,0,0,0,0,0,0,0,0,0,0,22771176,0,39584902,723922,0,0,0,0,0,0,0,0,16384,0,0,0,0,0,0,0,0,0,0,0,3475,422,0,0,0,0,0,52535147,0,147,0,2,422,3475,0,0,0,0,0,0,0,0,0,0,0,0,0,0,0,0,0,0,0,0,0,0,0,0,0,0,0,0,0,0,0,0,0,0,0,0,0,0,0,0,0,0,0,0,0,0,0,0,0,0,0,0,0,0,272082711,0,0,0,477753570,0,0,0,0,0,0,0,86252948,123320063,312641443,165061864960,75246947,0,0,0,0,0,0,0,0,0,0,0,0,0,0,0,0,0,0,0,0,0,0,0,0,0,0,0,0,0,0,0,1199,0,0,0,0,0,0,0
1782975894.156,0,0,0,0,0,0,0,741088487,2016690473472,855375129088,0,0,0,0,0,0,0,0,0,0,0,0,0,0,0,0,0,0,0,0,0,0,0,0,0,0,0,0,0,0,0,0,0,0,0,0,0,0,0,0,0,0,0,0,0,0,0,0,0,0,0,0,0,0,0,0,0,0,7,1845395,123367375,39663561,0,0,0,0,0,0,0,0,0,0,0,0,0,0,0,0,0,0,0,0,0,0,0,0,0,0,0,0,0,0,0,0,0,0,0,0,0,12878086144,4598808576,786016,280689,39601714,320,0,97,786432,122396517,811153,6,3587206524,12884901888,24050,702457333,0,0,0,0,0,0,0,0,0,0,0,0,0,0,0,0,0,0,17286528,117182833,0,468,1202,7661,620,34573331,35,0,0,0,0,0,0,0,1,0,0,0,0,0,0,0,0,0,0,22776823,0,39601488,724240,0,0,0,0,0,0,0,0,16384,0,0,0,0,0,0,0,0,0,0,0,3476,422,0,0,0,0,0,52550076,0,147,0,2,422,3476,0,0,0,0,0,0,0,0,0,0,0,0,0,0,0,0,0,0,0,0,0,0,0,0,0,0,0,0,0,0,0,0,0,0,0,0,0,0,0,0,0,0,0,0,0,0,0,0,0,0,0,0,0,0,272164461,0,0,0,477838004,0,0,0,0,0,0,0,86288514,123377818,312740014,165104430592,75277583,1,0,0,0,0,0,0,0,0,0,0,0,0,0,0,0,0,0,0,0,0,0,0,0,0,0,0,0,0,0,0,96,0,0,0,0,0,0,0
1782975895.225,0,0,0,0,0,0,0,741257204,2017629964800,855693043712,0,0,0,0,0,0,0,0,0,0,0,0,0,0,0,0,0,0,0,0,0,0,0,0,0,0,0,0,0,0,0,0,0,0,0,0,0,0,0,0,0,0,0,0,0,0,0,0,0,0,0,0,0,0,0,0,0,0,7,1845420,123424858,39680058,0,0,0,0,0,0,0,0,0,0,0,0,0,0,0,0,0,0,0,0,0,0,0,0,0,0,0,0,0,0,0,0,0,0,0,0,0,12878692352,4604297216,786053,281024,39618211,281,0,96,786432,122453936,811153,6,3588041345,12884901888,24050,702569441,0,0,0,0,0,0,0,0,0,0,0,0,0,0,0,0,0,0,17291412,117187718,0,468,1202,7661,620,34583103,35,0,0,0,0,0,0,0,1,0,0,0,0,0,0,0,0,0,0,22782435,0,39617985,724556,0,0,0,0,0,0,0,0,16384,0,0,0,0,0,0,0,0,0,0,0,3477,422,0,0,0,0,0,52564942,0,147,0,2,422,3477,0,0,0,0,0,0,0,0,0,0,0,0,0,0,0,0,0,0,0,0,0,0,0,0,0,0,0,0,0,0,0,0,0,0,0,0,0,0,0,0,0,0,0,0,0,0,0,0,0,0,0,0,0,0,272244265,0,0,0,477920907,0,0,0,0,0,0,0,86323818,123435172,312836546,165145888768,75307927,0,0,0,0,0,0,0,0,0,0,0,0,0,0,0,0,0,0,0,0,0,0,0,0,0,0,0,0,0,0,0,156,0,0,0,0,0,0,0
1782975896.291,0,0,0,0,0,0,0,741426354,2018570717696,856007670784,0,0,0,0,0,0,0,0,0,0,0,0,0,0,0,0,0,0,0,0,0,0,0,0,0,0,0,0,0,0,0,0,0,0,0,0,0,0,0,0,0,0,0,0,0,0,0,0,0,0,0,0,0,0,0,0,0,0,7,1845455,123482414,39696386,0,0,0,0,0,0,0,0,0,0,0,0,0,0,0,0,0,0,0,0,0,0,0,0,0,0,0,0,0,0,0,0,0,0,0,0,0,12876349440,4609802240,785910,281360,39634539,427,0,97,786432,122511434,811153,6,3588878880,12884901888,24050,702682384,0,0,0,0,0,0,0,0,0,0,0,0,0,0,0,0,0,0,17296302,117192610,0,468,1202,7661,620,34592883,35,0,0,0,0,0,0,0,1,0,0,0,0,0,0,0,0,0,0,22788060,0,39634313,724869,0,0,0,0,0,0,0,0,16384,0,0,0,0,0,0,0,0,0,0,0,3478,422,0,0,0,0,0,52579831,0,147,0,2,422,3478,0,0,0,0,0,0,0,0,0,0,0,0,0,0,0,0,0,0,0,0,0,0,0,0,0,0,0,0,0,0,0,0,0,0,0,0,0,0,0,0,0,0,0,0,0,0,0,0,0,0,0,0,0,0,272323429,0,0,0,478003919,0,0,0,0,0,0,0,86358606,123492568,312932240,165187074048,75337877,1,1,0,0,0,0,0,0,0,0,0,0,0,0,0,0,0,0,0,0,0,0,0,0,0,0,0,0,0,0,0,216,0,0,0,0,0,0,0
1782975897.360,0,0,0,0,0,0,0,741595421,2019513174528,856328728576,0,0,0,0,0,0,0,0,0,0,0,0,0,0,0,0,0,0,0,0,0,0,0,0,0,0,0,0,0,0,0,0,0,0,0,0,0,0,0,0,0,0,0,0,0,0,0,0,0,0,0,0,0,0,0,0,0,0,7,1845498,123540059,39713091,0,0,0,0,0,0,0,0,0,0,0,0,0,0,0,0,0,0,0,0,0,0,0,0,0,0,0,0,0,0,0,0,0,0,0,0,0,12875694080,4611112960,785870,281440,39650988,465,0,96,786432,122569016,811153,6,3589716136,12884901888,24050,702795026,0,0,0,0,0,0,0,0,0,0,0,0,0,0,0,0,0,0,17301190,117197498,0,468,1202,7661,620,34602659,35,0,0,0,0,0,0,0,1,0,0,0,0,0,0,0,0,0,0,22793685,0,39651018,725188,0,0,0,0,0,0,0,0,16384,0,0,0,0,0,0,0,0,0,0,0,3479,422,0,0,0,0,0,52594720,0,147,0,2,422,3479,0,0,0,0,0,0,0,0,0,0,0,0,0,0,0,0,0,0,0,0,0,0,0,0,0,0,0,0,0,0,0,0,0,0,0,0,0,0,0,0,0,0,0,0,0,0,0,0,0,0,0,0,0,0,272402565,0,0,0,478086876,0,0,0,0,0,0,0,86393677,123550101,313028321,165228422144,75367848,1,0,0,0,0,0,0,0,0,0,0,0,0,0,0,0,0,0,0,0,0,0,0,0,0,0,0,0,0,0,0,316,0,0,0,0,0,0,0
1782975898.429,0,0,0,0,0,0,0,741761439,2020438460928,856700253184,0,0,0,0,0,0,0,0,0,0,0,0,0,0,0,0,0,0,0,0,0,0,0,0,0,0,0,0,0,0,0,0,0,0,0,0,0,0,0,0,0,0,0,0,0,0,0,0,0,0,0,0,0,0,0,0,0,0,7,1845526,123596649,39732914,0,0,0,0,0,0,0,0,0,0,0,0,0,0,0,0,0,0,0,0,0,0,0,0,0,0,0,0,0,0,0,0,0,0,0,0,0,12876234752,4556242944,785903,278091,39671040,434,0,96,786432,122625535,811153,6,3590538409,12884901888,24050,702906279,0,0,0,0,0,0,0,0,0,0,0,0,0,0,0,0,0,0,17305996,117202304,0,468,1202,7661,620,34612270,35,0,0,0,0,0,0,0,1,0,0,0,0,0,0,0,0,0,0,22799205,0,39670814,725527,0,0,0,0,0,0,0,0,16384,0,0,0,0,0,0,0,0,0,0,0,3480,422,0,0,0,0,0,52609337,0,147,0,2,422,3480,0,0,0,0,0,0,0,0,0,0,0,0,0,0,0,0,0,0,0,0,0,0,0,0,0,0,0,0,0,0,0,0,0,0,0,0,0,0,0,0,0,0,0,0,0,0,0,0,0,0,0,0,0,0,272481421,0,0,0,478168530,0,0,0,0,0,0,0,86427959,123606524,313127249,165269570560,75396921,1,0,0,0,0,0,0,0,0,0,0,0,0,0,0,0,0,0,0,0,0,0,0,0,0,0,0,0,0,0,0,276,0,0,0,0,0,0,0
1782975899.497,0,0,0,0,0,0,0,741930358,2021380098560,857019505664,0,0,0,0,0,0,0,0,0,0,0,0,0,0,0,0,0,0,0,0,0,0,0,0,0,0,0,0,0,0,0,0,0,0,0,0,0,0,0,0,0,0,0,0,0,0,0,0,0,0,0,0,0,0,0,0,0,0,7,1845560,123654234,39749508,0,0,0,0,0,0,0,0,0,0,0,0,0,0,0,0,0,0,0,0,0,0,0,0,0,0,0,0,0,0,0,0,0,0,0,0,0,12875218944,4557684736,785841,278180,39687577,496,0,96,786432,122683051,811153,6,3591374265,12884901888,24050,703018433,0,0,0,0,0,0,0,0,0,0,0,0,0,0,0,0,0,0,17310884,117207190,0,468,1202,7661,620,34622046,35,0,0,0,0,0,0,0,1,0,0,0,0,0,0,0,0,0,0,22804821,0,39687437,725852,0,0,0,0,0,0,0,0,16384,0,0,0,0,0,0,0,0,0,0,0,3482,422,0,0,0,0,0,52624191,0,147,0,2,422,3482,0,0,0,0,0,0,0,0,0,0,0,0,0,0,0,0,0,0,0,0,0,0,0,0,0,0,0,0,0,0,0,0,0,0,0,0,0,0,0,0,0,0,0,0,0,0,0,0,0,0,0,0,0,0,272560731,0,0,0,478251450,0,0,0,0,0,0,0,86463356,123663953,313223403,165310960640,75427356,0,0,0,0,0,0,0,0,0,0,0,0,0,0,0,0,0,0,0,0,0,0,0,0,0,0,0,0,0,0,0,356,0,0,0,0,0,0,0
1782975900.563,0,0,0,0,0,0,0,742099596,2022323341824,857335592448,0,0,0,0,0,0,0,0,0,0,0,0,0,0,0,0,0,0,0,0,0,0,0,0,0,0,0,0,0,0,0,0,0,0,0,0,0,0,0,0,0,0,0,0,0,0,0,0,0,0,0,0,0,0,0,0,0,0,7,1845586,123711941,39765893,0,0,0,0,0,0,0,0,0,0,0,0,0,0,0,0,0,0,0,0,0,0,0,0,0,0,0,0,0,0,0,0,0,0,0,0,0,12874874880,4564140032,785820,278573,39704046,516,0,96,786432,122740707,811153,6,3592211782,12884901888,24050,703131215,0,0,0,0,0,0,0,0,0,0,0,0,0,0,0,0,0,0,17315784,117212092,0,468,1202,7661,620,34631845,35,0,0,0,0,0,0,0,1,0,0,0,0,0,0,0,0,0,0,22810455,0,39703820,726167,0,0,0,0,0,0,0,0,16384,0,0,0,0,0,0,0,0,0,0,0,3483,422,0,0,0,0,0,52639101,0,147,0,2,422,3483,0,0,0,0,0,0,0,0,0,0,0,0,0,0,0,0,0,0,0,0,0,0,0,0,0,0,0,0,0,0,0,0,0,0,0,0,0,0,0,0,0,0,0,0,0,0,0,0,0,0,0,0,0,0,272640862,0,0,0,478334567,0,0,0,0,0,0,0,86498529,123721493,313320137,165352646656,75457667,1,0,0,0,0,0,0,0,0,0,0,0,0,0,0,0,0,0,0,0,0,0,0,0,0,0,0,0,0,0,0,444,0,0,0,0,0,0,0
1782975901.631,0,0,0,0,0,0,0,742268960,2023268289024,857652104192,0,0,0,0,0,0,0,0,0,0,0,0,0,0,0,0,0,0,0,0,0,0,0,0,0,0,0,0,0,0,0,0,0,0,0,0,0,0,0,0,0,0,0,0,0,0,0,0,0,0,0,0,0,0,0,0,0,0,7,1845616,123769731,39782287,0,0,0,0,0,0,0,0,0,0,0,0,0,0,0,0,0,0,0,0,0,0,0,0,0,0,0,0,0,0,0,0,0,0,0,0,0,12878102528,4569006080,786017,278870,39720440,316,0,96,786432,122798443,811153,6,3593050717,12884901888,24050,703244403,0,0,0,0,0,0,0,0,0,0,0,0,0,0,0,0,0,0,17320679,117216986,0,468,1202,7661,620,34641636,35,0,0,0,0,0,0,0,1,0,0,0,0,0,0,0,0,0,0,22816075,0,39720214,726479,0,0,0,0,0,0,0,0,16384,0,0,0,0,0,0,0,0,0,0,0,3484,422,0,0,0,0,0,52653965,0,147,0,2,422,3484,0,0,0,0,0,0,0,0,0,0,0,0,0,0,0,0,0,0,0,0,0,0,0,0,0,0,0,0,0,0,0,0,0,0,0,0,0,0,0,0,0,0,0,0,0,0,0,0,0,0,0,0,0,0,272720722,0,0,0,478417753,0,0,0,0,0,0,0,86533794,123779147,313416604,165394411008,75487992,1,0,0,0,0,0,0,0,0,0,0,0,0,0,0,0,0,0,0,0,0,0,0,0,0,0,0,0,0,0,0,489,0,0,0,0,0,0,0
1782975902.697,0,0,0,0,0,0,0,742435573,2024195557888,857966189568,0,0,0,0,0,0,0,0,0,0,0,0,0,0,0,0,0,0,0,0,0,0,0,0,0,0,0,0,0,0,0,0,0,0,0,0,0,0,0,0,0,0,0,0,0,0,0,0,0,0,0,0,0,0,0,0,0,0,7,1845645,123826454,39798595,0,0,0,0,0,0,0,0,0,0,0,0,0,0,0,0,0,0,0,0,0,0,0,0,0,0,0,0,0,0,0,0,0,0,0,0,0,12875694080,4570218496,785870,278944,39736748,466,0,96,786432,122855096,811153,6,3593874925,12884901888,24050,703355065,0,0,0,0,0,0,0,0,0,0,0,0,0,0,0,0,0,0,17325504,117221809,0,468,1202,7661,620,34651283,35,0,0,0,0,0,0,0,1,0,0,0,0,0,0,0,0,0,0,22821618,0,39736522,726798,0,0,0,0,0,0,0,0,16384,0,0,0,0,0,0,0,0,0,0,0,3485,422,0,0,0,0,0,52668647,0,147,0,2,422,3485,0,0,0,0,0,0,0,0,0,0,0,0,0,0,0,0,0,0,0,0,0,0,0,0,0,0,0,0,0,0,0,0,0,0,0,0,0,0,0,0,0,0,0,0,0,0,0,0,0,0,0,0,0,0,272799060,0,0,0,478499653,0,0,0,0,0,0,0,86567820,123835721,313511471,165435342336,75517130,1,0,0,0,0,0,0,0,0,0,0,0,0,0,0,0,0,0,0,0,0,0,0,0,0,0,0,0,0,0,0,509,0,0,0,0,0,0,0
1782975903.760,0,0,0,0,0,0,0,742599780,2025106524672,858274065920,0,0,0,0,0,0,0,0,0,0,0,0,0,0,0,0,0,0,0,0,0,0,0,0,0,0,0,0,0,0,0,0,0,0,0,0,0,0,0,0,0,0,0,0,0,0,0,0,0,0,0,0,0,0,0,0,0,0,7,1845671,123882173,39814569,0,0,0,0,0,0,0,0,0,0,0,0,0,0,0,0,0,0,0,0,0,0,0,0,0,0,0,0,0,0,0,0,0,0,0,0,0,12875546624,4575346688,785860,279257,39752722,475,0,97,786432,122910746,811153,6,3594688232,12884901888,24050,703465163,0,0,0,0,0,0,0,0,0,0,0,0,0,0,0,0,0,0,17330252,117226559,0,468,1202,7661,620,34660781,35,0,0,0,0,0,0,0,1,0,0,0,0,0,0,0,0,0,0,22827075,0,39752496,727097,0,0,0,0,0,0,0,0,16384,0,0,0,0,0,0,0,0,0,0,0,3486,422,0,0,0,0,0,52683097,0,147,0,2,422,3486,0,0,0,0,0,0,0,0,0,0,0,0,0,0,0,0,0,0,0,0,0,0,0,0,0,0,0,0,0,0,0,0,0,0,0,0,0,0,0,0,0,0,0,0,0,0,0,0,0,0,0,0,0,0,272876726,0,0,0,478580332,0,0,0,0,0,0,0,86600152,123891296,313605324,165475706880,75545067,1,0,0,0,0,0,0,0,0,0,0,0,0,0,0,0,0,0,0,0,0,0,0,0,0,0,0,0,0,0,0,470,0,0,0,0,0,0,0
1782975904.826,0,0,0,0,0,0,0,742765333,2026025339392,858585804288,0,0,0,0,0,0,0,0,0,0,0,0,0,0,0,0,0,0,0,0,0,0,0,0,0,0,0,0,0,0,0,0,0,0,0,0,0,0,0,0,0,0,0,0,0,0,0,0,0,0,0,0,0,0,0,0,0,0,7,1845694,123938395,39830751,0,0,0,0,0,0,0,0,0,0,0,0,0,0,0,0,0,0,0,0,0,0,0,0,0,0,0,0,0,0,0,0,0,0,0,0,0,12875841536,4578607104,785879,279456,39768904,457,0,96,786432,122966912,811153,6,3595507488,12884901888,24050,703574959,0,0,0,0,0,0,0,0,0,0,0,0,0,0,0,0,0,0,17335050,117231355,0,468,1202,7661,620,34670375,35,0,0,0,0,0,0,0,1,0,0,0,0,0,0,0,0,0,0,22832589,0,39768678,727415,0,0,0,0,0,0,0,0,16384,0,0,0,0,0,0,0,0,0,0,0,3487,422,0,0,0,0,0,52697691,0,147,0,2,422,3487,0,0,0,0,0,0,0,0,0,0,0,0,0,0,0,0,0,0,0,0,0,0,0,0,0,0,0,0,0,0,0,0,0,0,0,0,0,0,0,0,0,0,0,0,0,0,0,0,0,0,0,0,0,0,272955285,0,0,0,478661791,0,0,0,0,0,0,0,86632831,123947367,313700292,165516485632,75573065,1,0,0,0,0,0,0,0,0,0,0,0,0,0,0,0,0,0,0,0,0,0,0,0,0,0,0,0,0,0,0,437,0,0,0,0,0,0,0
1782975905.890,0,0,0,0,0,0,0,742930938,2026948577792,858897904640,0,0,0,0,0,0,0,0,0,0,0,0,0,0,0,0,0,0,0,0,0,0,0,0,0,0,0,0,0,0,0,0,0,0,0,0,0,0,0,0,0,0,0,0,0,0,0,0,0,0,0,0,0,0,0,0,0,0,7,1845726,123994874,39846922,0,0,0,0,0,0,0,0,0,0,0,0,0,0,0,0,0,0,0,0,0,0,0,0,0,0,0,0,0,0,0,0,0,0,0,0,0,12874661888,4583653376,785807,279764,39785075,529,0,96,786432,123023326,811153,6,3596327022,12884901888,24050,703685129,0,0,0,0,0,0,0,0,0,0,0,0,0,0,0,0,0,0,17339845,117236153,0,468,1202,7661,620,34679968,35,0,0,0,0,0,0,0,1,0,0,0,0,0,0,0,0,0,0,22838101,0,39784849,727731,0,0,0,0,0,0,0,0,16384,0,0,0,0,0,0,0,0,0,0,0,3488,422,0,0,0,0,0,52712280,0,147,0,2,422,3488,0,0,0,0,0,0,0,0,0,0,0,0,0,0,0,0,0,0,0,0,0,0,0,0,0,0,0,0,0,0,0,0,0,0,0,0,0,0,0,0,0,0,0,0,0,0,0,0,0,0,0,0,0,0,273034432,0,0,0,478743294,0,0,0,0,0,0,0,86665514,124003722,313795820,165557774336,75601108,0,0,0,0,0,0,0,0,0,0,0,0,0,0,0,0,0,0,0,0,0,0,0,0,0,0,0,0,0,0,0,421,0,0,0,0,0,0,0
1782975906.958,0,0,0,0,0,0,0,743097180,2027871193600,859210295296,0,0,0,0,0,0,0,0,0,0,0,0,0,0,0,0,0,0,0,0,0,0,0,0,0,0,0,0,0,0,0,0,0,0,0,0,0,0,0,0,0,0,0,0,0,0,0,0,0,0,0,0,0,0,0,0,0,0,7,1845755,124051307,39863139,0,0,0,0,0,0,0,0,0,0,0,0,0,0,0,0,0,0,0,0,0,0,0,0,0,0,0,0,0,0,0,0,0,0,0,0,0,12876103680,4586029056,785895,279909,39801292,439,0,96,786432,123079705,811153,6,3597150056,12884901888,24050,703796203,0,0,0,0,0,0,0,0,0,0,0,0,0,0,0,0,0,0,17344659,117240965,0,468,1202,7661,620,34689599,35,0,0,0,0,0,0,0,1,0,0,0,0,0,0,0,0,0,0,22843632,0,39801066,728045,0,0,0,0,0,0,0,0,16384,0,0,0,0,0,0,0,0,0,0,0,3489,422,0,0,0,0,0,52726907,0,147,0,2,422,3489,0,0,0,0,0,0,0,0,0,0,0,0,0,0,0,0,0,0,0,0,0,0,0,0,0,0,0,0,0,0,0,0,0,0,0,0,0,0,0,0,0,0,0,0,0,0,0,0,0,0,0,0,0,0,273113073,0,0,0,478825055,0,0,0,0,0,0,0,86698602,124059996,313890913,165598651904,75629484,1,0,0,0,0,0,0,0,0,0,0,0,0,0,0,0,0,0,0,0,0,0,0,0,0,0,0,0,0,0,0,426,0,0,0,0,0,0,0
1782975908.026,0,0,0,0,0,0,0,743267592,2028817369600,859524852736,0,0,0,0,0,0,0,0,0,0,0,0,0,0,0,0,0,0,0,0,0,0,0,0,0,0,0,0,0,0,0,0,0,0,0,0,0,0,0,0,0,0,0,0,0,0,0,0,0,0,0,0,0,0,0,0,0,0,7,1845781,124109186,39879486,0,0,0,0,0,0,0,0,0,0,0,0,0,0,0,0,0,0,0,0,0,0,0,0,0,0,0,0,0,0,0,0,0,0,0,0,0,12877578240,4594204672,785985,280408,39817639,349,0,96,786432,123137523,811153,6,3597993294,12884901888,24050,703909551,0,0,0,0,0,0,0,0,0,0,0,0,0,0,0,0,0,0,17349591,117245898,0,468,1202,7661,620,34699460,35,0,0,0,0,0,0,0,1,0,0,0,0,0,0,0,0,0,0,22849301,0,39817413,728360,0,0,0,0,0,0,0,0,16384,0,0,0,0,0,0,0,0,0,0,0,3490,422,0,0,0,0,0,52741931,0,147,0,2,422,3490,0,0,0,0,0,0,0,0,0,0,0,0,0,0,0,0,0,0,0,0,0,0,0,0,0,0,0,0,0,0,0,0,0,0,0,0,0,0,0,0,0,0,0,0,0,0,0,0,0,0,0,0,0,0,273190050,0,0,0,478908710,0,0,0,0,0,0,0,86732324,124117746,313984472,165638934016,75658299,1,0,0,0,0,0,0,0,0,0,0,0,0,0,0,0,0,0,0,0,0,0,0,0,0,0,0,0,0,0,0,538,0,0,0,0,0,0,0
1782975909.095,0,0,0,0,0,0,0,743437258,2029760793088,859846224896,0,0,0,0,0,0,0,0,0,0,0,0,0,0,0,0,0,0,0,0,0,0,0,0,0,0,0,0,0,0,0,0,0,0,0,0,0,0,0,0,0,0,0,0,0,0,0,0,0,0,0,0,0,0,0,0,0,0,7,1845820,124166886,39896194,0,0,0,0,0,0,0,0,0,0,0,0,0,0,0,0,0,0,0,0,0,0,0,0,0,0,0,0,0,0,0,0,0,0,0,0,0,12876906496,4596711424,785944,280561,39834337,391,0,96,786432,123195160,811153,6,3598832791,12884901888,24050,704022539,0,0,0,0,0,0,0,0,0,0,0,0,0,0,0,0,0,0,17354498,117250806,0,468,1202,7661,620,34709274,35,0,0,0,0,0,0,0,1,0,0,0,0,0,0,0,0,0,0,22854941,0,39834131,728679,0,0,0,0,0,0,0,0,16384,0,0,0,0,0,0,0,0,0,0,0,3491,422,0,0,0,0,0,52756844,0,147,0,2,422,3491,0,0,0,0,0,0,0,0,0,0,0,0,0,0,0,0,0,0,0,0,0,0,0,0,0,0,0,0,0,0,0,0,0,0,0,0,0,0,0,0,0,0,0,0,0,0,0,0,0,0,0,0,0,0,273269257,0,0,0,478991976,0,0,0,0,0,0,0,86766643,124175294,314080637,165680326144,75687580,0,0,0,0,0,0,0,0,0,0,0,0,0,0,0,0,0,0,0,0,0,0,0,0,0,0,0,0,0,0,0,631,0,0,0,0,0,0,0
1782975910.165,0,0,0,0,0,0,0,743606205,2030703348224,860165042176,0,0,0,0,0,0,0,0,0,0,0,0,0,0,0,0,0,0,0,0,0,0,0,0,0,0,0,0,0,0,0,0,0,0,0,0,0,0,0,0,0,0,0,0,0,0,0,0,0,0,0,0,0,0,0,0,0,0,7,1845853,124224567,39912767,0,0,0,0,0,0,0,0,0,0,0,0,0,0,0,0,0,0,0,0,0,0,0,0,0,0,0,0,0,0,0,0,0,0,0,0,0,12879921152,4599332864,786128,280721,39850920,207,0,96,786432,123252766,811153,6,3599669369,12884901888,24050,704135055,0,0,0,0,0,0,0,0,0,0,0,0,0,0,0,0,0,0,17359390,117255697,0,468,1202,7661,620,34719059,35,0,0,0,0,0,0,0,1,0,0,0,0,0,0,0,0,0,0,22860557,0,39850694,729002,0,0,0,0,0,0,0,0,16384,0,0,0,0,0,0,0,0,0,0,0,3492,422,0,0,0,0,0,52771721,0,147,0,2,422,3492,0,0,0,0,0,0,0,0,0,0,0,0,0,0,0,0,0,0,0,0,0,0,0,0,0,0,0,0,0,0,0,0,0,0,0,0,0,0,0,0,0,0,0,0,0,0,0,0,0,0,0,0,0,0,273348311,0,0,0,479074993,0,0,0,0,0,0,0,86801664,124232822,314176499,165721615360,75717497,1,0,0,0,0,0,0,0,0,0,0,0,0,0,0,0,0,0,0,0,0,0,0,0,0,0,0,0,0,0,0,712,0,0,0,0,0,0,0
1782975911.233,0,0,0,0,0,0,0,743775552,2031643789824,860481848832,0,0,0,0,0,0,0,0,0,0,0,0,0,0,0,0,0,0,0,0,0,0,0,0,0,0,0,0,0,0,0,0,0,0,0,0,0,0,0,0,0,0,0,0,0,0,0,0,0,0,0,0,0,0,0,0,0,0,7,1845887,124282099,39929219,0,0,0,0,0,0,0,0,0,0,0,0,0,0,0,0,0,0,0,0,0,0,0,0,0,0,0,0,0,0,0,0,0,0,0,0,0,12875350016,4601053184,785849,280826,39867372,487,0,96,786432,123310240,811153,6,3600507392,12884901888,24050,704247913,0,0,0,0,0,0,0,0,0,0,0,0,0,0,0,0,0,0,17364289,117260598,0,468,1202,7661,620,34728858,35,0,0,0,0,0,0,0,1,0,0,0,0,0,0,0,0,0,0,22866188,0,39867146,729325,0,0,0,0,0,0,0,0,16384,0,0,0,0,0,0,0,0,0,0,0,3493,422,0,0,0,0,0,52786636,0,147,0,2,422,3493,0,0,0,0,0,0,0,0,0,0,0,0,0,0,0,0,0,0,0,0,0,0,0,0,0,0,0,0,0,0,0,0,0,0,0,0,0,0,0,0,0,0,0,0,0,0,0,0,0,0,0,0,0,0,273427695,0,0,0,479158085,0,0,0,0,0,0,0,86837083,124290204,314272574,165762994688,75747927,1,0,0,0,0,0,0,0,0,0,0,0,0,0,0,0,0,0,0,0,0,0,0,0,0,0,0,0,0,0,0,807,0,0,0,0,0,0,0
1782975912.298,0,0,0,0,0,0,0,743946250,2032594504192,860801213440,0,0,0,0,0,0,0,0,0,0,0,0,0,0,0,0,0,0,0,0,0,0,0,0,0,0,0,0,0,0,0,0,0,0,0,0,0,0,0,0,0,0,0,0,0,0,0,0,0,0,0,0,0,0,0,0,0,0,7,1845911,124340252,39945791,0,0,0,0,0,0,0,0,0,0,0,0,0,0,0,0,0,0,0,0,0,0,0,0,0,0,0,0,0,0,0,0,0,0,0,0,0,12876414976,4606066688,785914,281132,39883944,421,0,96,786432,123368322,811153,6,3601351774,12884901888,24050,704361135,0,0,0,0,0,0,0,0,0,0,0,0,0,0,0,0,0,0,17369239,117265547,0,468,1202,7661,620,34738759,35,0,0,0,0,0,0,0,1,0,0,0,0,0,0,0,0,0,0,22871877,0,39883718,729644,0,0,0,0,0,0,0,0,16384,0,0,0,0,0,0,0,0,0,0,0,3494,422,0,0,0,0,0,52801697,0,147,0,2,422,3494,0,0,0,0,0,0,0,0,0,0,0,0,0,0,0,0,0,0,0,0,0,0,0,0,0,0,0,0,0,0,0,0,0,0,0,0,0,0,0,0,0,0,0,0,0,0,0,0,0,0,0,0,0,0,273507839,0,0,0,479241995,0,0,0,0,0,0,0,86872484,124348206,314369518,165804710400,75778342,1,0,0,0,0,0,0,0,0,0,0,0,0,0,0,0,0,0,0,0,0,0,0,0,0,0,0,0,0,0,0,959,0,0,0,0,0,0,0
1782975913.361,0,0,0,0,0,0,0,744116131,2033535552000,861122496000,0,0,0,0,0,0,0,0,0,0,0,0,0,0,0,0,0,0,0,0,0,0,0,0,0,0,0,0,0,0,0,0,0,0,0,0,0,0,0,0,0,0,0,0,0,0,0,0,0,0,0,0,0,0,0,0,0,0,7,1845943,124397819,39962469,0,0,0,0,0,0,0,0,0,0,0,0,0,0,0,0,0,0,0,0,0,0,0,0,0,0,0,0,0,0,0,0,0,0,0,0,0,12875776000,4606181376,785875,281139,39900341,461,0,97,786432,123425837,811153,6,3602191854,12884901888,24050,704474444,0,0,0,0,0,0,0,0,0,0,0,0,0,0,0,0,0,0,17374148,117270457,0,468,1202,7661,620,34748575,35,0,0,0,0,0,0,0,1,0,0,0,0,0,0,0,0,0,0,22877517,0,39900393,729964,0,0,0,0,0,0,0,0,16384,0,0,0,0,0,0,0,0,0,0,0,3495,422,0,0,0,0,0,52816620,0,147,0,2,422,3495,0,0,0,0,0,0,0,0,0,0,0,0,0,0,0,0,0,0,0,0,0,0,0,0,0,0,0,0,0,0,0,0,0,0,0,0,0,0,0,0,0,0,0,0,0,0,0,0,0,0,0,0,0,0,273587855,0,0,0,479325314,0,0,0,0,0,0,0,86907826,124405645,314466461,165846474752,75808741,1,0,0,0,0,0,0,0,0,0,0,0,0,0,0,0,0,0,0,0,0,0,0,0,0,0,0,0,0,0,0,1040,0,0,0,0,0,0,0
1782975914.429,0,0,0,0,0,0,0,744281577,2034458380800,861488021504,0,0,0,0,0,0,0,0,0,0,0,0,0,0,0,0,0,0,0,0,0,0,0,0,0,0,0,0,0,0,0,0,0,0,0,0,0,0,0,0,0,0,0,0,0,0,0,0,0,0,0,0,0,0,0,0,0,0,7,1845974,124454285,39981945,0,0,0,0,0,0,0,0,0,0,0,0,0,0,0,0,0,0,0,0,0,0,0,0,0,0,0,0,0,0,0,0,0,0,0,0,0,12877201408,4556587008,785962,278113,39916592,376,0,96,786432,123482245,811153,6,3603010466,12884901888,24050,704584738,0,0,0,0,0,0,0,0,0,0,0,0,0,0,0,0,0,0,17378929,117275238,0,468,1202,7661,620,34758135,35,0,0,0,0,0,0,0,1,0,0,0,0,0,0,0,0,0,0,22883010,0,39919822,730298,0,0,0,0,0,0,0,0,16384,0,0,0,0,0,0,0,0,0,0,0,3496,422,0,0,0,0,0,52831161,0,147,0,2,422,3496,0,0,0,0,0,0,0,0,0,0,0,0,0,0,0,0,0,0,0,0,0,0,0,0,0,0,0,0,0,0,0,0,0,0,0,0,0,0,0,0,0,0,0,0,0,0,0,0,0,0,0,0,0,0,273666232,0,0,0,479406647,0,0,0,0,0,0,0,86942241,124461961,314564546,165887352320,75837843,1,0,0,0,0,0,0,0,0,0,0,0,0,0,0,0,0,0,0,0,0,0,0,0,0,0,0,0,0,0,0,1000,0,0,0,0,0,0,0
1782975915.494,0,0,0,0,0,0,0,744448561,2035394972160,861809790464,0,0,0,0,0,0,0,0,0,0,0,0,0,0,0,0,0,0,0,0,0,0,0,0,0,0,0,0,0,0,0,0,0,0,0,0,0,0,0,0,0,0,0,0,0,0,0,0,0,0,0,0,0,0,0,0,0,0,7,1845998,124511579,39998707,0,0,0,0,0,0,0,0,0,0,0,0,0,0,0,0,0,0,0,0,0,0,0,0,0,0,0,0,0,0,0,0,0,0,0,0,0,12875595776,4552458240,785864,277860,39936860,470,0,97,786432,123539463,811153,6,3603837821,12884901888,24050,704695763,0,0,0,0,0,0,0,0,0,0,0,0,0,0,0,0,0,0,17383770,117280079,0,468,1202,7661,620,34767821,35,0,0,0,0,0,0,0,1,0,0,0,0,0,0,0,0,0,0,22888575,0,39936634,730630,0,0,0,0,0,0,0,0,16384,0,0,0,0,0,0,0,0,0,0,0,3498,422,0,0,0,0,0,52845880,0,147,0,2,422,3498,0,0,0,0,0,0,0,0,0,0,0,0,0,0,0,0,0,0,0,0,0,0,0,0,0,0,0,0,0,0,0,0,0,0,0,0,0,0,0,0,0,0,0,0,0,0,0,0,0,0,0,0,0,0,273745686,0,0,0,479488792,0,0,0,0,0,0,0,86977104,124519111,314660987,165928802816,75867780,0,0,0,0,0,0,0,0,0,0,0,0,0,0,0,0,0,0,0,0,0,0,0,0,0,0,0,0,0,0,0,1007,0,0,0,0,0,0,0
1782975916.561,0,0,0,0,0,0,0,744617679,2036337379840,862127271936,0,0,0,0,0,0,0,0,0,0,0,0,0,0,0,0,0,0,0,0,0,0,0,0,0,0,0,0,0,0,0,0,0,0,0,0,0,0,0,0,0,0,0,0,0,0,0,0,0,0,0,0,0,0,0,0,0,0,7,1846028,124569236,40015155,0,0,0,0,0,0,0,0,0,0,0,0,0,0,0,0,0,0,0,0,0,0,0,0,0,0,0,0,0,0,0,0,0,0,0,0,0,12874514432,4556800000,785798,278125,39953308,536,0,96,786432,123597056,811153,6,3604675241,12884901888,24050,704808347,0,0,0,0,0,0,0,0,0,0,0,0,0,0,0,0,0,0,17388663,117284972,0,468,1202,7661,620,34777605,35,0,0,0,0,0,0,0,1,0,0,0,0,0,0,0,0,0,0,22894193,0,39953094,730953,0,0,0,0,0,0,0,0,16384,0,0,0,0,0,0,0,0,0,0,0,3499,422,0,0,0,0,0,52860762,0,147,0,2,422,3499,0,0,0,0,0,0,0,0,0,0,0,0,0,0,0,0,0,0,0,0,0,0,0,0,0,0,0,0,0,0,0,0,0,0,0,0,0,0,0,0,0,0,0,0,0,0,0,0,0,0,0,0,0,0,273826553,0,0,0,479571849,0,0,0,0,0,0,0,87012508,124576598,314758551,165970949632,75898310,0,0,0,0,0,0,0,0,0,0,0,0,0,0,0,0,0,0,0,0,0,0,0,0,0,0,0,0,0,0,0,1064,0,0,0,0,0,0,0
1782975917.629,0,0,0,0,0,0,0,744787405,2037282392576,862441859072,0,0,0,0,0,0,0,0,0,0,0,0,0,0,0,0,0,0,0,0,0,0,0,0,0,0,0,0,0,0,0,0,0,0,0,0,0,0,0,0,0,0,0,0,0,0,0,0,0,0,0,0,0,0,0,0,0,0,7,1846062,124627052,40031444,0,0,0,0,0,0,0,0,0,0,0,0,0,0,0,0,0,0,0,0,0,0,0,0,0,0,0,0,0,0,0,0,0,0,0,0,0,12878512128,4563206144,786042,278516,39969597,294,0,96,786432,123654799,811153,6,3605514666,12884901888,24050,704921063,0,0,0,0,0,0,0,0,0,0,0,0,0,0,0,0,0,0,17393571,117289879,0,468,1202,7661,620,34787423,35,0,0,0,0,0,0,0,1,0,0,0,0,0,0,0,0,0,0,22899831,0,39969371,731263,0,0,0,0,0,0,0,0,16384,0,0,0,0,0,0,0,0,0,0,0,3500,422,0,0,0,0,0,52875698,0,147,0,2,422,3500,0,0,0,0,0,0,0,0,0,0,0,0,0,0,0,0,0,0,0,0,0,0,0,0,0,0,0,0,0,0,0,0,0,0,0,0,0,0,0,0,0,0,0,0,0,0,0,0,0,0,0,0,0,0,273906811,0,0,0,479655169,0,0,0,0,0,0,0,87047778,124634257,314855300,166012744192,75928817,1,1,0,0,0,0,0,0,0,0,0,0,0,0,0,0,0,0,0,0,0,0,0,0,0,0,0,0,0,0,0,1144,0,0,0,0,0,0,0
1782975918.698,0,0,0,0,0,0,0,744957481,2038231665152,862758365696,0,0,0,0,0,0,0,0,0,0,0,0,0,0,0,0,0,0,0,0,0,0,0,0,0,0,0,0,0,0,0,0,0,0,0,0,0,0,0,0,0,0,0,0,0,0,0,0,0,0,0,0,0,0,0,0,0,0,7,1846102,124685132,40047861,0,0,0,0,0,0,0,0,0,0,0,0,0,0,0,0,0,0,0,0,0,0,0,0,0,0,0,0,0,0,0,0,0,0,0,0,0,12877627392,4569300992,785988,278888,39986014,348,0,96,786432,123712823,811153,6,3606356995,12884901888,24050,705034566,0,0,0,0,0,0,0,0,0,0,0,0,0,0,0,0,0,0,17398491,117294800,0,468,1202,7661,620,34797264,35,0,0,0,0,0,0,0,1,0,0,0,0,0,0,0,0,0,0,22905490,0,39985788,731591,0,0,0,0,0,0,0,0,16384,0,0,0,0,0,0,0,0,0,0,0,3501,422,0,0,0,0,0,52890665,0,147,0,2,422,3501,0,0,0,0,0,0,0,0,0,0,0,0,0,0,0,0,0,0,0,0,0,0,0,0,0,0,0,0,0,0,0,0,0,0,0,0,0,0,0,0,0,0,0,0,0,0,0,0,0,0,0,0,0,0,273987019,0,0,0,479738652,0,0,0,0,0,0,0,87083307,124692184,314952166,166054476288,75959234,1,0,0,0,0,0,0,0,0,0,0,0,0,0,0,0,0,0,0,0,0,0,0,0,0,0,0,0,0,0,0,1244,0,0,0,0,0,0,0
1782975919.765,0,0,0,0,0,0,0,745128627,2039185787392,863078252032,0,0,0,0,0,0,0,0,0,0,0,0,0,0,0,0,0,0,0,0,0,0,0,0,0,0,0,0,0,0,0,0,0,0,0,0,0,0,0,0,0,0,0,0,0,0,0,0,0,0,0,0,0,0,0,0,0,0,7,1846127,124743485,40064400,0,0,0,0,0,0,0,0,0,0,0,0,0,0,0,0,0,0,0,0,0,0,0,0,0,0,0,0,0,0,0,0,0,0,0,0,0,12877316096,4574347264,785969,279196,40002553,367,0,96,786432,123771103,811153,6,3607206484,12884901888,24050,705150605,0,0,0,0,0,0,0,0,0,0,0,0,0,0,0,0,0,0,17403448,117299755,0,468,1202,7661,620,34807176,35,0,0,0,0,0,0,0,1,0,0,0,0,0,0,0,0,0,0,22911193,0,40002327,731917,0,0,0,0,0,0,0,0,16384,0,0,0,0,0,0,0,0,0,0,0,3502,422,0,0,0,0,0,52905734,0,147,0,2,422,3502,0,0,0,0,0,0,0,0,0,0,0,0,0,0,0,0,0,0,0,0,0,0,0,0,0,0,0,0,0,0,0,0,0,0,0,0,0,0,0,0,0,0,0,0,0,0,0,0,0,0,0,0,0,0,274069097,0,0,0,479823832,0,0,0,0,0,0,0,87119104,124750407,315051000,166097161216,75990031,0,0,0,0,0,0,0,0,0,0,0,0,0,0,0,0,0,0,0,0,0,0,0,0,0,0,0,0,0,0,0,211,0,0,0,0,0,0,0
1782975920.833,0,0,0,0,0,0,0,745297296,2040119314944,863393438720,0,0,0,0,0,0,0,0,0,0,0,0,0,0,0,0,0,0,0,0,0,0,0,0,0,0,0,0,0,0,0,0,0,0,0,0,0,0,0,0,0,0,0,0,0,0,0,0,0,0,0,0,0,0,0,0,0,0,7,1846155,124800580,40080725,0,0,0,0,0,0,0,0,0,0,0,0,0,0,0,0,0,0,0,0,0,0,0,0,0,0,0,0,0,0,0,0,0,0,0,0,0,12876005376,4577198080,785891,279370,40018878,451,0,96,786432,123828137,811153,6,3608040908,12884901888,24050,705263305,0,0,0,0,0,0,0,0,0,0,0,0,0,0,0,0,0,0,17408322,117304629,0,468,1202,7661,620,34816930,35,0,0,0,0,0,0,0,1,0,0,0,0,0,0,0,0,0,0,22916801,0,40018652,732237,0,0,0,0,0,0,0,0,16384,0,0,0,0,0,0,0,0,0,0,0,3503,422,0,0,0,0,0,52920532,0,147,0,2,422,3503,0,0,0,0,0,0,0,0,0,0,0,0,0,0,0,0,0,0,0,0,0,0,0,0,0,0,0,0,0,0,0,0,0,0,0,0,0,0,0,0,0,0,0,0,0,0,0,0,0,0,0,0,0,0,274149093,0,0,0,479906643,0,0,0,0,0,0,0,87153558,124807365,315147547,166138795520,76019550,1,0,0,0,0,0,0,0,0,0,0,0,0,0,0,0,0,0,0,0,0,0,0,0,0,0,0,0,0,0,0,266,0,0,0,0,0,0,0
1782975921.901,0,0,0,0,0,0,0,745461368,2041034770944,863700823552,0,0,0,0,0,0,0,0,0,0,0,0,0,0,0,0,0,0,0,0,0,0,0,0,0,0,0,0,0,0,0,0,0,0,0,0,0,0,0,0,0,0,0,0,0,0,0,0,0,0,0,0,0,0,0,0,0,0,7,1846181,124856591,40096638,0,0,0,0,0,0,0,0,0,0,0,0,0,0,0,0,0,0,0,0,0,0,0,0,0,0,0,0,0,0,0,0,0,0,0,0,0,12881444864,4583030784,786221,279726,40034791,115,0,96,786432,123884082,811153,6,3608852532,12884901888,24050,705372250,0,0,0,0,0,0,0,0,0,0,0,0,0,0,0,0,0,0,17413073,117309381,0,468,1202,7661,620,34826437,35,0,0,0,0,0,0,0,1,0,0,0,0,0,0,0,0,0,0,22922260,0,40034565,732542,0,0,0,0,0,0,0,0,16384,0,0,0,0,0,0,0,0,0,0,0,3504,422,0,0,0,0,0,52935001,0,147,0,2,422,3504,0,0,0,0,0,0,0,0,0,0,0,0,0,0,0,0,0,0,0,0,0,0,0,0,0,0,0,0,0,0,0,0,0,0,0,0,0,0,0,0,0,0,0,0,0,0,0,0,0,0,0,0,0,0,274227775,0,0,0,479987357,0,0,0,0,0,0,0,87185102,124863227,315242354,166179796992,76046468,1,1,0,0,0,0,0,0,0,0,0,0,0,0,0,0,0,0,0,0,0,0,0,0,0,0,0,0,0,0,0,230,0,0,0,0,0,0,0
1782975922.969,0,0,0,0,0,0,0,745627880,2041961368064,864012592640,0,0,0,0,0,0,0,0,0,0,0,0,0,0,0,0,0,0,0,0,0,0,0,0,0,0,0,0,0,0,0,0,0,0,0,0,0,0,0,0,0,0,0,0,0,0,0,0,0,0,0,0,0,0,0,0,0,0,7,1846208,124913257,40112766,0,0,0,0,0,0,0,0,0,0,0,0,0,0,0,0,0,0,0,0,0,0,0,0,0,0,0,0,0,0,0,0,0,0,0,0,0,12878938112,4586536960,786068,279940,40050919,268,0,96,786432,123940683,811153,6,3609676459,12884901888,24050,705483101,0,0,0,0,0,0,0,0,0,0,0,0,0,0,0,0,0,0,17417897,117314205,0,468,1202,7661,620,34836073,35,0,0,0,0,0,0,0,1,0,0,0,0,0,0,0,0,0,0,22927800,0,40050693,732852,0,0,0,0,0,0,0,0,16384,0,0,0,0,0,0,0,0,0,0,0,3505,422,0,0,0,0,0,52949671,0,147,0,2,422,3505,0,0,0,0,0,0,0,0,0,0,0,0,0,0,0,0,0,0,0,0,0,0,0,0,0,0,0,0,0,0,0,0,0,0,0,0,0,0,0,0,0,0,0,0,0,0,0,0,0,0,0,0,0,0,274307325,0,0,0,480069204,0,0,0,0,0,0,0,87218330,124919749,315338281,166221465088,76075067,0,0,0,0,0,0,0,0,0,0,0,0,0,0,0,0,0,0,0,0,0,0,0,0,0,0,0,0,0,0,0,274,0,0,0,0,0,0,0
1782975924.037,0,0,0,0,0,0,0,745792948,2042882984448,864324268544,0,0,0,0,0,0,0,0,0,0,0,0,0,0,0,0,0,0,0,0,0,0,0,0,0,0,0,0,0,0,0,0,0,0,0,0,0,0,0,0,0,0,0,0,0,0,0,0,0,0,0,0,0,0,0,0,0,0,7,1846238,124969634,40128931,0,0,0,0,0,0,0,0,0,0,0,0,0,0,0,0,0,0,0,0,0,0,0,0,0,0,0,0,0,0,0,0,0,0,0,0,0,12874006528,4590600192,785766,280188,40067084,569,0,97,786432,123997005,811153,6,3610493088,12884901888,24050,705593061,0,0,0,0,0,0,0,0,0,0,0,0,0,0,0,0,0,0,17422674,117318982,0,468,1202,7661,620,34845630,35,0,0,0,0,0,0,0,1,0,0,0,0,0,0,0,0,0,0,22933292,0,40066858,733170,0,0,0,0,0,0,0,0,16384,0,0,0,0,0,0,0,0,0,0,0,3506,422,0,0,0,0,0,52964202,0,147,0,2,422,3506,0,0,0,0,0,0,0,0,0,0,0,0,0,0,0,0,0,0,0,0,0,0,0,0,0,0,0,0,0,0,0,0,0,0,0,0,0,0,0,0,0,0,0,0,0,0,0,0,0,0,0,0,0,0,274385697,0,0,0,480150357,0,0,0,0,0,0,0,87250986,124975993,315433067,166262264832,76103078,1,1,0,0,0,0,0,0,0,0,0,0,0,0,0,0,0,0,0,0,0,0,0,0,0,0,0,0,0,0,0,242,0,0,0,0,0,0,0
1782975925.106,0,0,0,0,0,0,0,745959891,2043816577536,864638561792,0,0,0,0,0,0,0,0,0,0,0,0,0,0,0,0,0,0,0,0,0,0,0,0,0,0,0,0,0,0,0,0,0,0,0,0,0,0,0,0,0,0,0,0,0,0,0,0,0,0,0,0,0,0,0,0,0,0,7,1846269,125026731,40145269,0,0,0,0,0,0,0,0,0,0,0,0,0,0,0,0,0,0,0,0,0,0,0,0,0,0,0,0,0,0,0,0,0,0,0,0,0,12877791232,4593336320,785998,280354,40083422,336,0,96,786432,124054026,811153,6,3611319082,12884901888,24050,705704167,0,0,0,0,0,0,0,0,0,0,0,0,0,0,0,0,0,0,17427501,117323809,0,468,1202,7661,620,34855288,35,0,0,0,0,0,0,0,1,0,0,0,0,0,0,0,0,0,0,22938836,0,40083196,733483,0,0,0,0,0,0,0,0,16384,0,0,0,0,0,0,0,0,0,0,0,3507,422,0,0,0,0,0,52978882,0,147,0,2,422,3507,0,0,0,0,0,0,0,0,0,0,0,0,0,0,0,0,0,0,0,0,0,0,0,0,0,0,0,0,0,0,0,0,0,0,0,0,0,0,0,0,0,0,0,0,0,0,0,0,0,0,0,0,0,0,274464238,0,0,0,480232416,0,0,0,0,0,0,0,87284655,125032965,315528174,166303110656,76132016,1,0,0,0,0,0,0,0,0,0,0,0,0,0,0,0,0,0,0,0,0,0,0,0,0,0,0,0,0,0,0,242,0,0,0,0,0,0,0
1782975926.171,0,0,0,0,0,0,0,746130537,2044769487360,864959873536,0,0,0,0,0,0,0,0,0,0,0,0,0,0,0,0,0,0,0,0,0,0,0,0,0,0,0,0,0,0,0,0,0,0,0,0,0,0,0,0,0,0,0,0,0,0,0,0,0,0,0,0,0,0,0,0,0,0,7,1846302,125085019,40161961,0,0,0,0,0,0,0,0,0,0,0,0,0,0,0,0,0,0,0,0,0,0,0,0,0,0,0,0,0,0,0,0,0,0,0,0,0,12876234752,4596416512,785903,280543,40100114,432,0,98,786432,124112259,811153,6,3612163387,12884901888,24050,705817296,0,0,0,0,0,0,0,0,0,0,0,0,0,0,0,0,0,0,17432445,117328752,0,468,1202,7661,620,34865171,35,0,0,0,0,0,0,0,1,0,0,0,0,0,0,0,0,0,0,22944512,0,40099888,733807,0,0,0,0,0,0,0,0,16384,0,0,0,0,0,0,0,0,0,0,0,3508,422,0,0,0,0,0,52993920,0,147,0,2,422,3508,0,0,0,0,0,0,0,0,0,0,0,0,0,0,0,0,0,0,0,0,0,0,0,0,0,0,0,0,0,0,0,0,0,0,0,0,0,0,0,0,0,0,0,0,0,0,0,0,0,0,0,0,0,0,274544242,0,0,0,480316183,0,0,0,0,0,0,0,87320246,125091103,315625108,166344792064,76162508,1,0,0,0,0,0,0,0,0,0,0,0,0,0,0,0,0,0,0,0,0,0,0,0,0,0,0,0,0,0,0,379,0,0,0,0,0,0,0
1782975927.239,0,0,0,0,0,0,0,746302105,2045719054848,865278485504,0,0,0,0,0,0,0,0,0,0,0,0,0,0,0,0,0,0,0,0,0,0,0,0,0,0,0,0,0,0,0,0,0,0,0,0,0,0,0,0,0,0,0,0,0,0,0,0,0,0,0,0,0,0,0,0,0,0,7,1846328,125143102,40178468,0,0,0,0,0,0,0,0,0,0,0,0,0,0,0,0,0,0,0,0,0,0,0,0,0,0,0,0,0,0,0,0,0,0,0,0,0,12874153984,4603117568,785776,280952,40116564,561,0,97,786432,124170281,811153,6,3613011681,12884901888,24050,705931100,0,0,0,0,0,0,0,0,0,0,0,0,0,0,0,0,0,0,17437409,117333715,0,468,1202,7661,620,34875097,35,0,0,0,0,0,0,0,1,0,0,0,0,0,0,0,0,0,0,22950202,0,40116398,734132,0,0,0,0,0,0,0,0,16384,0,0,0,0,0,0,0,0,0,0,0,3509,422,0,0,0,0,0,53008997,0,147,0,2,422,3509,0,0,0,0,0,0,0,0,0,0,0,0,0,0,0,0,0,0,0,0,0,0,0,0,0,0,0,0,0,0,0,0,0,0,0,0,0,0,0,0,0,0,0,0,0,0,0,0,0,0,0,0,0,0,274625149,0,0,0,480400305,0,0,0,0,0,0,0,87355797,125149054,315722786,166386852864,76192950,1,0,0,0,0,0,0,0,0,0,0,0,0,0,0,0,0,0,0,0,0,0,0,0,0,0,0,0,0,0,0,586,0,0,0,0,0,0,0
1782975928.311,0,0,0,0,0,0,0,746471894,2046663657984,865597769216,0,0,0,0,0,0,0,0,0,0,0,0,0,0,0,0,0,0,0,0,0,0,0,0,0,0,0,0,0,0,0,0,0,0,0,0,0,0,0,0,0,0,0,0,0,0,0,0,0,0,0,0,0,0,0,0,0,0,7,1846365,125200894,40195032,0,0,0,0,0,0,0,0,0,0,0,0,0,0,0,0,0,0,0,0,0,0,0,0,0,0,0,0,0,0,0,0,0,0,0,0,0,12874842112,4606050304,785817,281131,40133185,518,0,97,786432,124228015,811153,6,3613851241,12884901888,24050,706043625,0,0,0,0,0,0,0,0,0,0,0,0,0,0,0,0,0,0,17442324,117338631,0,468,1202,7661,620,34884929,35,0,0,0,0,0,0,0,1,0,0,0,0,0,0,0,0,0,0,22955845,0,40132959,734443,0,0,0,0,0,0,0,0,16384,0,0,0,0,0,0,0,0,0,0,0,3510,422,0,0,0,0,0,53023922,0,147,0,2,422,3510,0,0,0,0,0,0,0,0,0,0,0,0,0,0,0,0,0,0,0,0,0,0,0,0,0,0,0,0,0,0,0,0,0,0,0,0,0,0,0,0,0,0,0,0,0,0,0,0,0,0,0,0,0,0,274705423,0,0,0,480483728,0,0,0,0,0,0,0,87390944,125206737,315819844,166428682752,76223309,1,1,0,0,0,0,0,0,0,0,0,0,0,0,0,0,0,0,0,0,0,0,0,0,0,0,0,0,0,0,0,661,0,0,0,0,0,0,0
1782975929.378,0,0,0,0,0,0,0,746639584,2047598889472,865931617792,0,0,0,0,0,0,0,0,0,0,0,0,0,0,0,0,0,0,0,0,0,0,0,0,0,0,0,0,0,0,0,0,0,0,0,0,0,0,0,0,0,0,0,0,0,0,0,0,0,0,0,0,0,0,0,0,0,0,7,1846406,125258102,40212539,0,0,0,0,0,0,0,0,0,0,0,0,0,0,0,0,0,0,0,0,0,0,0,0,0,0,0,0,0,0,0,0,0,0,0,0,0,12874760192,4590796800,785813,280201,40149655,523,0,96,786432,124285162,811153,6,3614681283,12884901888,24050,706155460,0,0,0,0,0,0,0,0,0,0,0,0,0,0,0,0,0,0,17447176,117343482,0,468,1202,7661,620,34894633,35,0,0,0,0,0,0,0,1,0,0,0,0,0,0,0,0,0,0,22961420,0,40150371,734765,0,0,0,0,0,0,0,0,16384,0,0,0,0,0,0,0,0,0,0,0,3511,422,0,0,0,0,0,53038659,0,147,0,2,422,3511,0,0,0,0,0,0,0,0,0,0,0,0,0,0,0,0,0,0,0,0,0,0,0,0,0,0,0,0,0,0,0,0,0,0,0,0,0,0,0,0,0,0,0,0,0,0,0,0,0,0,0,0,0,0,274784070,0,0,0,480566147,0,0,0,0,0,0,0,87425169,125263811,315916227,166469741568,76252466,1,0,0,0,0,0,0,0,0,0,0,0,0,0,0,0,0,0,0,0,0,0,0,0,0,0,0,0,0,0,0,688,0,0,0,0,0,0,0
1782975930.444,0,0,0,0,0,0,0,746805809,2048529533440,866294280192,0,0,0,0,0,0,0,0,0,0,0,0,0,0,0,0,0,0,0,0,0,0,0,0,0,0,0,0,0,0,0,0,0,0,0,0,0,0,0,0,0,0,0,0,0,0,0,0,0,0,0,0,0,0,0,0,0,0,7,1846435,125315029,40231832,0,0,0,0,0,0,0,0,0,0,0,0,0,0,0,0,0,0,0,0,0,0,0,0,0,0,0,0,0,0,0,0,0,0,0,0,0,12877922304,4542627840,786006,277260,40169985,329,0,97,786432,124342026,811153,6,3615504451,12884901888,24050,706265798,0,0,0,0,0,0,0,0,0,0,0,0,0,0,0,0,0,0,17451992,117348296,0,468,1202,7661,620,34904267,35,0,0,0,0,0,0,0,1,0,0,0,0,0,0,0,0,0,0,22966959,0,40169759,735108,0,0,0,0,0,0,0,0,16384,0,0,0,0,0,0,0,0,0,0,0,3512,422,0,0,0,0,0,53053280,0,147,0,2,422,3512,0,0,0,0,0,0,0,0,0,0,0,0,0,0,0,0,0,0,0,0,0,0,0,0,0,0,0,0,0,0,0,0,0,0,0,0,0,0,0,0,0,0,0,0,0,0,0,0,0,0,0,0,0,0,274862742,0,0,0,480647882,0,0,0,0,0,0,0,87459867,125320607,316014403,166510626304,76281715,1,0,0,0,0,0,0,0,0,0,0,0,0,0,0,0,0,0,0,0,0,0,0,0,0,0,0,0,0,0,0,703,0,0,0,0,0,0,0
1782975931.512,0,0,0,0,0,0,0,746975439,2049474136576,866610405888,0,0,0,0,0,0,0,0,0,0,0,0,0,0,0,0,0,0,0,0,0,0,0,0,0,0,0,0,0,0,0,0,0,0,0,0,0,0,0,0,0,0,0,0,0,0,0,0,0,0,0,0,0,0,0,0,0,0,7,1846467,125372811,40248245,0,0,0,0,0,0,0,0,0,0,0,0,0,0,0,0,0,0,0,0,0,0,0,0,0,0,0,0,0,0,0,0,0,0,0,0,0,12878692352,4549279744,786053,277666,40186398,283,0,96,786432,124399736,811153,6,3616343637,12884901888,24050,706378794,0,0,0,0,0,0,0,0,0,0,0,0,0,0,0,0,0,0,17456891,117353197,0,468,1202,7661,620,34914065,35,0,0,0,0,0,0,0,1,0,0,0,0,0,0,0,0,0,0,22972589,0,40186172,735434,0,0,0,0,0,0,0,0,16384,0,0,0,0,0,0,0,0,0,0,0,3514,422,0,0,0,0,0,53068131,0,147,0,2,422,3514,0,0,0,0,0,0,0,0,0,0,0,0,0,0,0,0,0,0,0,0,0,0,0,0,0,0,0,0,0,0,0,0,0,0,0,0,0,0,0,0,0,0,0,0,0,0,0,0,0,0,0,0,0,0,274941863,0,0,0,480731023,0,0,0,0,0,0,0,87494978,125378253,316110191,166551852032,76311781,0,0,0,0,0,0,0,0,0,0,0,0,0,0,0,0,0,0,0,0,0,0,0,0,0,0,0,0,0,0,0,810,0,0,0,0,0,0,0
1782975932.580,0,0,0,0,0,0,0,747143240,2050408516096,866922795008,0,0,0,0,0,0,0,0,0,0,0,0,0,0,0,0,0,0,0,0,0,0,0,0,0,0,0,0,0,0,0,0,0,0,0,0,0,0,0,0,0,0,0,0,0,0,0,0,0,0,0,0,0,0,0,0,0,0,7,1846492,125429977,40264453,0,0,0,0,0,0,0,0,0,0,0,0,0,0,0,0,0,0,0,0,0,0,0,0,0,0,0,0,0,0,0,0,0,0,0,0,0,12874874880,4554817536,785819,278004,40202604,516,0,97,786432,124456836,811153,6,3617174045,12884901888,24050,706490476,0,0,0,0,0,0,0,0,0,0,0,0,0,0,0,0,0,0,17461751,117358058,0,468,1202,7661,620,34923780,35,0,0,0,0,0,0,0,1,0,0,0,0,0,0,0,0,0,0,22978174,0,40202408,735745,0,0,0,0,0,0,0,0,16384,0,0,0,0,0,0,0,0,0,0,0,3515,422,0,0,0,0,0,53082895,0,147,0,2,422,3515,0,0,0,0,0,0,0,0,0,0,0,0,0,0,0,0,0,0,0,0,0,0,0,0,0,0,0,0,0,0,0,0,0,0,0,0,0,0,0,0,0,0,0,0,0,0,0,0,0,0,0,0,0,0,275020636,0,0,0,480813454,0,0,0,0,0,0,0,87529455,125435276,316205415,166592781312,76341434,1,0,0,0,0,0,0,0,0,0,0,0,0,0,0,0,0,0,0,0,0,0,0,0,0,0,0,0,0,0,0,874,0,0,0,0,0,0,0
1782975933.648,0,0,0,0,0,0,0,747313722,2051361262080,867240126976,0,0,0,0,0,0,0,0,0,0,0,0,0,0,0,0,0,0,0,0,0,0,0,0,0,0,0,0,0,0,0,0,0,0,0,0,0,0,0,0,0,0,0,0,0,0,0,0,0,0,0,0,0,0,0,0,0,0,7,1846524,125488276,40280921,0,0,0,0,0,0,0,0,0,0,0,0,0,0,0,0,0,0,0,0,0,0,0,0,0,0,0,0,0,0,0,0,0,0,0,0,0,12875759616,4561141760,785874,278390,40219073,462,0,96,786432,124515059,811153,6,3618017361,12884901888,24050,706603607,0,0,0,0,0,0,0,0,0,0,0,0,0,0,0,0,0,0,17466690,117362998,0,468,1202,7661,620,34933661,35,0,0,0,0,0,0,0,1,0,0,0,0,0,0,0,0,0,0,22983857,0,40218869,736064,0,0,0,0,0,0,0,0,16384,0,0,0,0,0,0,0,0,0,0,0,3516,422,0,0,0,0,0,53097890,0,147,0,2,422,3516,0,0,0,0,0,0,0,0,0,0,0,0,0,0,0,0,0,0,0,0,0,0,0,0,0,0,0,0,0,0,0,0,0,0,0,0,0,0,0,0,0,0,0,0,0,0,0,0,0,0,0,0,0,0,275100639,0,0,0,480897162,0,0,0,0,0,0,0,87564948,125493419,316302107,166634430976,76371987,0,0,0,0,0,0,0,0,0,0,0,0,0,0,0,0,0,0,0,0,0,0,0,0,0,0,0,0,0,0,0,1003,0,0,0,0,0,0,0
1782975934.716,0,0,0,0,0,0,0,747483160,2052308126208,867558042624,0,0,0,0,0,0,0,0,0,0,0,0,0,0,0,0,0,0,0,0,0,0,0,0,0,0,0,0,0,0,0,0,0,0,0,0,0,0,0,0,0,0,0,0,0,0,0,0,0,0,0,0,0,0,0,0,0,0,7,1846551,125546192,40297420,0,0,0,0,0,0,0,0,0,0,0,0,0,0,0,0,0,0,0,0,0,0,0,0,0,0,0,0,0,0,0,0,0,0,0,0,0,12875563008,4564467712,785862,278593,40235573,473,0,96,786432,124572907,811153,6,3618855600,12884901888,24050,706715675,0,0,0,0,0,0,0,0,0,0,0,0,0,0,0,0,0,0,17471588,117367897,0,468,1202,7661,620,34943463,35,0,0,0,0,0,0,0,1,0,0,0,0,0,0,0,0,0,0,22989492,0,40235347,736384,0,0,0,0,0,0,0,0,16384,0,0,0,0,0,0,0,0,0,0,0,3517,422,0,0,0,0,0,53112789,0,147,0,2,422,3517,0,0,0,0,0,0,0,0,0,0,0,0,0,0,0,0,0,0,0,0,0,0,0,0,0,0,0,0,0,0,0,0,0,0,0,0,0,0,0,0,0,0,0,0,0,0,0,0,0,0,0,0,0,0,275180660,0,0,0,480980373,0,0,0,0,0,0,0,87600487,125551192,316398854,166676102144,76402514,1,0,0,0,0,0,0,0,0,0,0,0,0,0,0,0,0,0,0,0,0,0,0,0,0,0,0,0,0,0,0,1094,0,0,0,0,0,0,0
1782975935.785,0,0,0,0,0,0,0,747652578,2053253073408,867876756480,0,0,0,0,0,0,0,0,0,0,0,0,0,0,0,0,0,0,0,0,0,0,0,0,0,0,0,0,0,0,0,0,0,0,0,0,0,0,0,0,0,0,0,0,0,0,0,0,0,0,0,0,0,0,0,0,0,0,7,1846584,125603994,40313970,0,0,0,0,0,0,0,0,0,0,0,0,0,0,0,0,0,0,0,0,0,0,0,0,0,0,0,0,0,0,0,0,0,0,0,0,0,12873908224,4567318528,785761,278767,40252123,575,0,96,786432,124630647,811153,6,3619694644,12884901888,24050,706828676,0,0,0,0,0,0,0,0,0,0,0,0,0,0,0,0,0,0,17476489,117372796,0,468,1202,7661,620,34953265,35,0,0,0,0,0,0,0,1,0,0,0,0,0,0,0,0,0,0,22995126,0,40251897,736708,0,0,0,0,0,0,0,0,16384,0,0,0,0,0,0,0,0,0,0,0,3518,422,0,0,0,0,0,53127683,0,147,0,2,422,3518,0,0,0,0,0,0,0,0,0,0,0,0,0,0,0,0,0,0,0,0,0,0,0,0,0,0,0,0,0,0,0,0,0,0,0,0,0,0,0,0,0,0,0,0,0,0,0,0,0,0,0,0,0,0,275260884,0,0,0,481063486,0,0,0,0,0,0,0,87635878,125608862,316495872,166717782528,76432802,1,0,0,0,0,0,0,0,0,0,0,0,0,0,0,0,0,0,0,0,0,0,0,0,0,0,0,0,0,0,0,1223,0,0,0,0,0,0,0
1782975936.851,0,0,0,0,0,0,0,747821450,2054196480512,868194579456,0,0,0,0,0,0,0,0,0,0,0,0,0,0,0,0,0,0,0,0,0,0,0,0,0,0,0,0,0,0,0,0,0,0,0,0,0,0,0,0,0,0,0,0,0,0,0,0,0,0,0,0,0,0,0,0,0,0,7,1846607,125661688,40330439,0,0,0,0,0,0,0,0,0,0,0,0,0,0,0,0,0,0,0,0,0,0,0,0,0,0,0,0,0,0,0,0,0,0,0,0,0,12877758464,4572348416,785997,279074,40268592,341,0,96,786432,124688277,811153,6,3620533340,12884901888,24050,706943833,0,0,0,0,0,0,0,0,0,0,0,0,0,0,0,0,0,0,17481380,117377688,0,468,1202,7661,620,34963049,35,0,0,0,0,0,0,0,1,0,0,0,0,0,0,0,0,0,0,23000743,0,40268366,737031,0,0,0,0,0,0,0,0,16384,0,0,0,0,0,0,0,0,0,0,0,3519,422,0,0,0,0,0,53142534,0,147,0,2,422,3519,0,0,0,0,0,0,0,0,0,0,0,0,0,0,0,0,0,0,0,0,0,0,0,0,0,0,0,0,0,0,0,0,0,0,0,0,0,0,0,0,0,0,0,0,0,0,0,0,0,0,0,0,0,0,275341299,0,0,0,481147639,0,0,0,0,0,0,0,87671226,125666432,316592998,166759669248,76463097,0,0,0,0,0,0,0,0,0,0,0,0,0,0,0,0,0,0,0,0,0,0,0,0,0,0,0,0,0,0,0,86,0,0,0,0,0,0,0
1782975937.914,0,0,0,0,0,0,0,747991067,2055138626048,868512493056,0,0,0,0,0,0,0,0,0,0,0,0,0,0,0,0,0,0,0,0,0,0,0,0,0,0,0,0,0,0,0,0,0,0,0,0,0,0,0,0,0,0,0,0,0,0,0,0,0,0,0,0,0,0,0,0,0,0,7,1846633,125719324,40346948,0,0,0,0,0,0,0,0,0,0,0,0,0,0,0,0,0,0,0,0,0,0,0,0,0,0,0,0,0,0,0,0,0,0,0,0,0,12880035840,4575772672,786135,279283,40285101,201,0,96,786432,124745858,811153,6,3621372734,12884901888,24050,707056458,0,0,0,0,0,0,0,0,0,0,0,0,0,0,0,0,0,0,17486291,117382599,0,468,1202,7661,620,34972866,35,0,0,0,0,0,0,0,1,0,0,0,0,0,0,0,0,0,0,23006389,0,40284875,737341,0,0,0,0,0,0,0,0,16384,0,0,0,0,0,0,0,0,0,0,0,3520,422,0,0,0,0,0,53157454,0,147,0,2,422,3520,0,0,0,0,0,0,0,0,0,0,0,0,0,0,0,0,0,0,0,0,0,0,0,0,0,0,0,0,0,0,0,0,0,0,0,0,0,0,0,0,0,0,0,0,0,0,0,0,0,0,0,0,0,0,275420939,0,0,0,481230952,0,0,0,0,0,0,0,87706423,125723920,316689363,166801050624,76493377,0,0,0,0,0,0,0,0,0,0,0,0,0,0,0,0,0,0,0,0,0,0,0,0,0,0,0,0,0,0,0,181,0,0,0,0,0,0,0
1782975938.979,0,0,0,0,0,0,0,748159865,2056078510592,868829752832,0,0,0,0,0,0,0,0,0,0,0,0,0,0,0,0,0,0,0,0,0,0,0,0,0,0,0,0,0,0,0,0,0,0,0,0,0,0,0,0,0,0,0,0,0,0,0,0,0,0,0,0,0,0,0,0,0,0,7,1846664,125776832,40363399,0,0,0,0,0,0,0,0,0,0,0,0,0,0,0,0,0,0,0,0,0,0,0,0,0,0,0,0,0,0,0,0,0,0,0,0,0,12877922304,4580638720,786006,279580,40301552,329,0,96,786432,124803300,811153,6,3622207941,12884901888,24050,707168963,0,0,0,0,0,0,0,0,0,0,0,0,0,0,0,0,0,0,17491179,117387486,0,468,1202,7661,620,34982645,35,0,0,0,0,0,0,0,1,0,0,0,0,0,0,0,0,0,0,23012004,0,40301326,737658,0,0,0,0,0,0,0,0,16384,0,0,0,0,0,0,0,0,0,0,0,3521,422,0,0,0,0,0,53172319,0,147,0,2,422,3521,0,0,0,0,0,0,0,0,0,0,0,0,0,0,0,0,0,0,0,0,0,0,0,0,0,0,0,0,0,0,0,0,0,0,0,0,0,0,0,0,0,0,0,0,0,0,0,0,0,0,0,0,0,0,275500452,0,0,0,481313857,0,0,0,0,0,0,0,87741233,125781285,316785560,166842506752,76523215,1,1,0,0,0,0,0,0,0,0,0,0,0,0,0,0,0,0,0,0,0,0,0,0,0,0,0,0,0,0,0,251,0,0,0,0,0,0,0
1782975940.047,0,0,0,0,0,0,0,748326433,2057005271552,869142093824,0,0,0,0,0,0,0,0,0,0,0,0,0,0,0,0,0,0,0,0,0,0,0,0,0,0,0,0,0,0,0,0,0,0,0,0,0,0,0,0,0,0,0,0,0,0,0,0,0,0,0,0,0,0,0,0,0,0,7,1846689,125833538,40379597,0,0,0,0,0,0,0,0,0,0,0,0,0,0,0,0,0,0,0,0,0,0,0,0,0,0,0,0,0,0,0,0,0,0,0,0,0,12875022336,4584062976,785829,279789,40317750,507,0,96,786432,124859932,811153,6,3623032132,12884901888,24050,707279892,0,0,0,0,0,0,0,0,0,0,0,0,0,0,0,0,0,0,17495997,117392306,0,468,1202,7661,620,34992278,35,0,0,0,0,0,0,0,1,0,0,0,0,0,0,0,0,0,0,23017548,0,40317524,737978,0,0,0,0,0,0,0,0,16384,0,0,0,0,0,0,0,0,0,0,0,3522,422,0,0,0,0,0,53186970,0,147,0,2,422,3522,0,0,0,0,0,0,0,0,0,0,0,0,0,0,0,0,0,0,0,0,0,0,0,0,0,0,0,0,0,0,0,0,0,0,0,0,0,0,0,0,0,0,0,0,0,0,0,0,0,0,0,0,0,0,275579438,0,0,0,481395761,0,0,0,0,0,0,0,87774138,125837850,316880971,166883679744,76551256,0,0,0,0,0,0,0,0,0,0,0,0,0,0,0,0,0,0,0,0,0,0,0,0,0,0,0,0,0,0,0,254,0,0,0,0,0,0,0
1782975941.115,0,0,0,0,0,0,0,748492062,2057932884480,869454304256,0,0,0,0,0,0,0,0,0,0,0,0,0,0,0,0,0,0,0,0,0,0,0,0,0,0,0,0,0,0,0,0,0,0,0,0,0,0,0,0,0,0,0,0,0,0,0,0,0,0,0,0,0,0,0,0,0,0,7,1846716,125890286,40395758,0,0,0,0,0,0,0,0,0,0,0,0,0,0,0,0,0,0,0,0,0,0,0,0,0,0,0,0,0,0,0,0,0,0,0,0,0,12874481664,4588781568,785795,280077,40333911,539,0,98,786432,124916619,811153,6,3623851624,12884901888,24050,707390179,0,0,0,0,0,0,0,0,0,0,0,0,0,0,0,0,0,0,17500792,117397101,0,468,1202,7661,620,35001865,35,0,0,0,0,0,0,0,1,0,0,0,0,0,0,0,0,0,0,23023056,0,40333685,738299,0,0,0,0,0,0,0,0,16384,0,0,0,0,0,0,0,0,0,0,0,3523,422,0,0,0,0,0,53201551,0,147,0,2,422,3523,0,0,0,0,0,0,0,0,0,0,0,0,0,0,0,0,0,0,0,0,0,0,0,0,0,0,0,0,0,0,0,0,0,0,0,0,0,0,0,0,0,0,0,0,0,0,0,0,0,0,0,0,0,0,275659113,0,0,0,481477165,0,0,0,0,0,0,0,87806966,125894464,316977044,166925117440,76579402,0,0,0,0,0,0,0,0,0,0,0,0,0,0,0,0,0,0,0,0,0,0,0,0,0,0,0,0,0,0,0,220,0,0,0,0,0,0,0
1782975942.183,0,0,0,0,0,0,0,748657254,2058851977728,869765409280,0,0,0,0,0,0,0,0,0,0,0,0,0,0,0,0,0,0,0,0,0,0,0,0,0,0,0,0,0,0,0,0,0,0,0,0,0,0,0,0,0,0,0,0,0,0,0,0,0,0,0,0,0,0,0,0,0,0,7,1846738,125946501,40411905,0,0,0,0,0,0,0,0,0,0,0,0,0,0,0,0,0,0,0,0,0,0,0,0,0,0,0,0,0,0,0,0,0,0,0,0,0,12876529664,4591288320,785921,280230,40350031,414,0,96,786432,124972755,811153,6,3624669594,12884901888,24050,707500358,0,0,0,0,0,0,0,0,0,0,0,0,0,0,0,0,0,0,17505572,117401879,0,468,1202,7661,620,35011428,35,0,0,0,0,0,0,0,1,0,0,0,0,0,0,0,0,0,0,23028551,0,40349833,738612,0,0,0,0,0,0,0,0,16384,0,0,0,0,0,0,0,0,0,0,0,3524,422,0,0,0,0,0,53216098,0,147,0,2,422,3524,0,0,0,0,0,0,0,0,0,0,0,0,0,0,0,0,0,0,0,0,0,0,0,0,0,0,0,0,0,0,0,0,0,0,0,0,0,0,0,0,0,0,0,0,0,0,0,0,0,0,0,0,0,0,275737407,0,0,0,481558381,0,0,0,0,0,0,0,87839475,125950538,317071717,166965896704,76607216,1,0,0,0,0,0,0,0,0,0,0,0,0,0,0,0,0,0,0,0,0,0,0,0,0,0,0,0,0,0,0,217,0,0,0,0,0,0,0
1782975943.249,0,0,0,0,0,0,0,748822229,2059773872640,870080915456,0,0,0,0,0,0,0,0,0,0,0,0,0,0,0,0,0,0,0,0,0,0,0,0,0,0,0,0,0,0,0,0,0,0,0,0,0,0,0,0,0,0,0,0,0,0,0,0,0,0,0,0,0,0,0,0,0,0,7,1846760,126002893,40428274,0,0,0,0,0,0,0,0,0,0,0,0,0,0,0,0,0,0,0,0,0,0,0,0,0,0,0,0,0,0,0,0,0,0,0,0,0,12873744384,4590419968,785750,280177,40366427,585,0,97,786432,125029082,811153,6,3625486786,12884901888,24050,707610853,0,0,0,0,0,0,0,0,0,0,0,0,0,0,0,0,0,0,17510345,117406652,0,468,1202,7661,620,35020976,35,0,0,0,0,0,0,0,1,0,0,0,0,0,0,0,0,0,0,23034043,0,40366201,738931,0,0,0,0,0,0,0,0,16384,0,0,0,0,0,0,0,0,0,0,0,3525,422,0,0,0,0,0,53230607,0,147,0,2,422,3525,0,0,0,0,0,0,0,0,0,0,0,0,0,0,0,0,0,0,0,0,0,0,0,0,0,0,0,0,0,0,0,0,0,0,0,0,0,0,0,0,0,0,0,0,0,0,0,0,0,0,0,0,0,0,275816792,0,0,0,481639472,0,0,0,0,0,0,0,87872233,126006801,317167710,167007204352,76635208,0,0,0,0,0,0,0,0,0,0,0,0,0,0,0,0,0,0,0,0,0,0,0,0,0,0,0,0,0,0,0,199,0,0,0,0,0,0,0
1782975944.313,0,0,0,0,0,0,0,748991668,2060716952064,870399237120,0,0,0,0,0,0,0,0,0,0,0,0,0,0,0,0,0,0,0,0,0,0,0,0,0,0,0,0,0,0,0,0,0,0,0,0,0,0,0,0,0,0,0,0,0,0,0,0,0,0,0,0,0,0,0,0,0,0,7,1846788,126060596,40444793,0,0,0,0,0,0,0,0,0,0,0,0,0,0,0,0,0,0,0,0,0,0,0,0,0,0,0,0,0,0,0,0,0,0,0,0,0,12876333056,4597170176,785909,280589,40382946,427,0,96,786432,125086709,811153,6,3626325182,12884901888,24050,707723648,0,0,0,0,0,0,0,0,0,0,0,0,0,0,0,0,0,0,17515250,117411557,0,468,1202,7661,620,35030785,35,0,0,0,0,0,0,0,1,0,0,0,0,0,0,0,0,0,0,23039676,0,40382720,739249,0,0,0,0,0,0,0,0,16384,0,0,0,0,0,0,0,0,0,0,0,3526,422,0,0,0,0,0,53245493,0,147,0,2,422,3526,0,0,0,0,0,0,0,0,0,0,0,0,0,0,0,0,0,0,0,0,0,0,0,0,0,0,0,0,0,0,0,0,0,0,0,0,0,0,0,0,0,0,0,0,0,0,0,0,0,0,0,0,0,0,275896814,0,0,0,481722669,0,0,0,0,0,0,0,87907237,126064356,317264498,167048945152,76665260,0,0,0,0,0,0,0,0,0,0,0,0,0,0,0,0,0,0,0,0,0,0,0,0,0,0,0,0,0,0,0,312,0,0,0,0,0,0,0
1782975945.381,0,0,0,0,0,0,0,749160422,2061658868224,870738338304,0,0,0,0,0,0,0,0,0,0,0,0,0,0,0,0,0,0,0,0,0,0,0,0,0,0,0,0,0,0,0,0,0,0,0,0,0,0,0,0,0,0,0,0,0,0,0,0,0,0,0,0,0,0,0,0,0,0,7,1846817,126118198,40462565,0,0,0,0,0,0,0,0,0,0,0,0,0,0,0,0,0,0,0,0,0,0,0,0,0,0,0,0,0,0,0,0,0,0,0,0,0,12877889536,4580442112,786004,279568,40399356,331,0,96,786432,125144241,811153,6,3627160389,12884901888,24050,707836585,0,0,0,0,0,0,0,0,0,0,0,0,0,0,0,0,0,0,17520122,117416430,0,468,1202,7661,620,35040529,35,0,0,0,0,0,0,0,1,0,0,0,0,0,0,0,0,0,0,23045280,0,40400410,739571,0,0,0,0,0,0,0,0,16384,0,0,0,0,0,0,0,0,0,0,0,3527,422,0,0,0,0,0,53260308,0,147,0,2,422,3527,0,0,0,0,0,0,0,0,0,0,0,0,0,0,0,0,0,0,0,0,0,0,0,0,0,0,0,0,0,0,0,0,0,0,0,0,0,0,0,0,0,0,0,0,0,0,0,0,0,0,0,0,0,0,275977023,0,0,0,481805388,0,0,0,0,0,0,0,87942140,126121805,317362727,167090804224,76695174,1,0,0,0,0,0,0,0,0,0,0,0,0,0,0,0,0,0,0,0,0,0,0,0,0,0,0,0,0,0,0,383,0,0,0,0,0,0,0
1782975946.449,0,0,0,0,0,0,0,749326599,2062592756224,871095177728,0,0,0,0,0,0,0,0,0,0,0,0,0,0,0,0,0,0,0,0,0,0,0,0,0,0,0,0,0,0,0,0,0,0,0,0,0,0,0,0,0,0,0,0,0,0,0,0,0,0,0,0,0,0,0,0,0,0,7,1846840,126175312,40481510,0,0,0,0,0,0,0,0,0,0,0,0,0,0,0,0,0,0,0,0,0,0,0,0,0,0,0,0,0,0,0,0,0,0,0,0,0,12874481664,4539777024,785796,277086,40419663,539,0,96,786432,125201287,811153,6,3627983691,12884901888,24050,707947152,0,0,0,0,0,0,0,0,0,0,0,0,0,0,0,0,0,0,17524929,117421238,0,468,1202,7661,620,35050146,35,0,0,0,0,0,0,0,1,0,0,0,0,0,0,0,0,0,0,23050806,0,40419437,739910,0,0,0,0,0,0,0,0,16384,0,0,0,0,0,0,0,0,0,0,0,3528,422,0,0,0,0,0,53274912,0,147,0,2,422,3528,0,0,0,0,0,0,0,0,0,0,0,0,0,0,0,0,0,0,0,0,0,0,0,0,0,0,0,0,0,0,0,0,0,0,0,0,0,0,0,0,0,0,0,0,0,0,0,0,0,0,0,0,0,0,276055569,0,0,0,481887027,0,0,0,0,0,0,0,87976444,126178805,317460444,167131652608,76724291,1,1,0,0,0,0,0,0,0,0,0,0,0,0,0,0,0,0,0,0,0,0,0,0,0,0,0,0,0,0,0,388,0,0,0,0,0,0,0
1782975947.517,0,0,0,0,0,0,0,749497522,2063546173952,871413573120,0,0,0,0,0,0,0,0,0,0,0,0,0,0,0,0,0,0,0,0,0,0,0,0,0,0,0,0,0,0,0,0,0,0,0,0,0,0,0,0,0,0,0,0,0,0,0,0,0,0,0,0,0,0,0,0,0,0,7,1846865,126233627,40497990,0,0,0,0,0,0,0,0,0,0,0,0,0,0,0,0,0,0,0,0,0,0,0,0,0,0,0,0,0,0,0,0,0,0,0,0,0,12874891264,4548050944,785820,277591,40436143,515,0,97,786432,125259535,811153,6,3628829911,12884901888,24050,708061155,0,0,0,0,0,0,0,0,0,0,0,0,0,0,0,0,0,0,17529873,117426182,0,468,1202,7661,620,35060032,35,0,0,0,0,0,0,0,1,0,0,0,0,0,0,0,0,0,0,23056487,0,40435917,740230,0,0,0,0,0,0,0,0,16384,0,0,0,0,0,0,0,0,0,0,0,3530,422,0,0,0,0,0,53289933,0,147,0,2,422,3530,0,0,0,0,0,0,0,0,0,0,0,0,0,0,0,0,0,0,0,0,0,0,0,0,0,0,0,0,0,0,0,0,0,0,0,0,0,0,0,0,0,0,0,0,0,0,0,0,0,0,0,0,0,0,276137026,0,0,0,481970947,0,0,0,0,0,0,0,88012187,126236968,317558606,167174111232,76754965,1,0,0,0,0,0,0,0,0,0,0,0,0,0,0,0,0,0,0,0,0,0,0,0,0,0,0,0,0,0,0,497,0,0,0,0,0,0,0
1782975948.585,0,0,0,0,0,0,0,749666419,2064488040960,871729339904,0,0,0,0,0,0,0,0,0,0,0,0,0,0,0,0,0,0,0,0,0,0,0,0,0,0,0,0,0,0,0,0,0,0,0,0,0,0,0,0,0,0,0,0,0,0,0,0,0,0,0,0,0,0,0,0,0,0,7,1846900,126291245,40514391,0,0,0,0,0,0,0,0,0,0,0,0,0,0,0,0,0,0,0,0,0,0,0,0,0,0,0,0,0,0,0,0,0,0,0,0,0,12875808768,4556685312,785877,278118,40452544,460,0,96,786432,125317097,811153,6,3629665571,12884901888,24050,708173799,0,0,0,0,0,0,0,0,0,0,0,0,0,0,0,0,0,0,17534759,117431069,0,468,1202,7661,620,35069809,35,0,0,0,0,0,0,0,1,0,0,0,0,0,0,0,0,0,0,23062100,0,40452318,740545,0,0,0,0,0,0,0,0,16384,0,0,0,0,0,0,0,0,0,0,0,3531,422,0,0,0,0,0,53304795,0,147,0,2,422,3531,0,0,0,0,0,0,0,0,0,0,0,0,0,0,0,0,0,0,0,0,0,0,0,0,0,0,0,0,0,0,0,0,0,0,0,0,0,0,0,0,0,0,0,0,0,0,0,0,0,0,0,0,0,0,276215918,0,0,0,482053827,0,0,0,0,0,0,0,88046781,126294459,317654125,167215300608,76784671,0,0,0,0,0,0,0,0,0,0,0,0,0,0,0,0,0,0,0,0,0,0,0,0,0,0,0,0,0,0,0,583,0,0,0,0,0,0,0
1782975949.651,0,0,0,0,0,0,0,749835097,2065426287104,872043537920,0,0,0,0,0,0,0,0,0,0,0,0,0,0,0,0,0,0,0,0,0,0,0,0,0,0,0,0,0,0,0,0,0,0,0,0,0,0,0,0,0,0,0,0,0,0,0,0,0,0,0,0,0,0,0,0,0,0,7,1846925,126348648,40530703,0,0,0,0,0,0,0,0,0,0,0,0,0,0,0,0,0,0,0,0,0,0,0,0,0,0,0,0,0,0,0,0,0,0,0,0,0,12874366976,4563189760,785789,278515,40468856,546,0,96,786432,125374431,811153,6,3630500537,12884901888,24050,708286079,0,0,0,0,0,0,0,0,0,0,0,0,0,0,0,0,0,0,17539641,117435951,0,468,1202,7661,620,35079574,35,0,0,0,0,0,0,0,1,0,0,0,0,0,0,0,0,0,0,23067710,0,40468630,740859,0,0,0,0,0,0,0,0,16384,0,0,0,0,0,0,0,0,0,0,0,3532,422,0,0,0,0,0,53319625,0,147,0,2,422,3532,0,0,0,0,0,0,0,0,0,0,0,0,0,0,0,0,0,0,0,0,0,0,0,0,0,0,0,0,0,0,0,0,0,0,0,0,0,0,0,0,0,0,0,0,0,0,0,0,0,0,0,0,0,0,276294891,0,0,0,482136699,0,0,0,0,0,0,0,88081623,126351711,317749630,167256381440,76814602,1,0,0,0,0,0,0,0,0,0,0,0,0,0,0,0,0,0,0,0,0,0,0,0,0,0,0,0,0,0,0,655,0,0,0,0,0,0,0
1782975950.716,0,0,0,0,0,0,0,750001839,2066356554240,872357272064,0,0,0,0,0,0,0,0,0,0,0,0,0,0,0,0,0,0,0,0,0,0,0,0,0,0,0,0,0,0,0,0,0,0,0,0,0,0,0,0,0,0,0,0,0,0,0,0,0,0,0,0,0,0,0,0,0,0,7,1846951,126405562,40546990,0,0,0,0,0,0,0,0,0,0,0,0,0,0,0,0,0,0,0,0,0,0,0,0,0,0,0,0,0,0,0,0,0,0,0,0,0,12875923456,4567826432,785884,278798,40485107,450,0,97,786432,125431266,811153,6,3631326113,12884901888,24050,708397121,0,0,0,0,0,0,0,0,0,0,0,0,0,0,0,0,0,0,17544473,117440782,0,468,1202,7661,620,35089237,35,0,0,0,0,0,0,0,1,0,0,0,0,0,0,0,0,0,0,23073265,0,40484881,741185,0,0,0,0,0,0,0,0,16384,0,0,0,0,0,0,0,0,0,0,0,3533,422,0,0,0,0,0,53334308,0,147,0,2,422,3533,0,0,0,0,0,0,0,0,0,0,0,0,0,0,0,0,0,0,0,0,0,0,0,0,0,0,0,0,0,0,0,0,0,0,0,0,0,0,0,0,0,0,0,0,0,0,0,0,0,0,0,0,0,0,276373934,0,0,0,482218636,0,0,0,0,0,0,0,88116019,126408492,317845222,167297326592,76844079,1,0,0,0,0,0,0,0,0,0,0,0,0,0,0,0,0,0,0,0,0,0,0,0,0,0,0,0,0,0,0,682,0,0,0,0,0,0,0
1782975951.782,0,0,0,0,0,0,0,750171283,2067297126912,872671683072,0,0,0,0,0,0,0,0,0,0,0,0,0,0,0,0,0,0,0,0,0,0,0,0,0,0,0,0,0,0,0,0,0,0,0,0,0,0,0,0,0,0,0,0,0,0,0,0,0,0,0,0,0,0,0,0,0,0,7,1846980,126463112,40563285,0,0,0,0,0,0,0,0,0,0,0,0,0,0,0,0,0,0,0,0,0,0,0,0,0,0,0,0,0,0,0,0,0,0,0,0,0,12878741504,4574625792,786056,279213,40501438,280,0,96,786432,125488756,811153,6,3632164116,12884901888,24050,708509698,0,0,0,0,0,0,0,0,0,0,0,0,0,0,0,0,0,0,17549375,117445684,0,468,1202,7661,620,35099034,35,0,0,0,0,0,0,0,1,0,0,0,0,0,0,0,0,0,0,23078899,0,40501212,741515,0,0,0,0,0,0,0,0,16384,0,0,0,0,0,0,0,0,0,0,0,3534,422,0,0,0,0,0,53349202,0,147,0,2,422,3534,0,0,0,0,0,0,0,0,0,0,0,0,0,0,0,0,0,0,0,0,0,0,0,0,0,0,0,0,0,0,0,0,0,0,0,0,0,0,0,0,0,0,0,0,0,0,0,0,0,0,0,0,0,0,276453741,0,0,0,482301901,0,0,0,0,0,0,0,88151301,126465921,317941531,167338802688,76874265,1,0,0,0,0,0,0,0,0,0,0,0,0,0,0,0,0,0,0,0,0,0,0,0,0,0,0,0,0,0,0,750,0,0,0,0,0,0,0
1782975952.848,0,0,0,0,0,0,0,750340727,2068243565056,872988404736,0,0,0,0,0,0,0,0,0,0,0,0,0,0,0,0,0,0,0,0,0,0,0,0,0,0,0,0,0,0,0,0,0,0,0,0,0,0,0,0,0,0,0,0,0,0,0,0,0,0,0,0,0,0,0,0,0,0,7,1847005,126520989,40579708,0,0,0,0,0,0,0,0,0,0,0,0,0,0,0,0,0,0,0,0,0,0,0,0,0,0,0,0,0,0,0,0,0,0,0,0,0,12879052800,4579262464,786075,279496,40517861,261,0,96,786432,125546567,811153,6,3633002842,12884901888,24050,708622228,0,0,0,0,0,0,0,0,0,0,0,0,0,0,0,0,0,0,17554281,117450590,0,468,1202,7661,620,35108848,35,0,0,0,0,0,0,0,1,0,0,0,0,0,0,0,0,0,0,23084532,0,40517635,741831,0,0,0,0,0,0,0,0,16384,0,0,0,0,0,0,0,0,0,0,0,3535,422,0,0,0,0,0,53364099,0,147,0,2,422,3535,0,0,0,0,0,0,0,0,0,0,0,0,0,0,0,0,0,0,0,0,0,0,0,0,0,0,0,0,0,0,0,0,0,0,0,0,0,0,0,0,0,0,0,0,0,0,0,0,0,0,0,0,0,0,276533633,0,0,0,482385106,0,0,0,0,0,0,0,88186537,126523673,318038073,167380300800,76904587,1,1,0,0,0,0,0,0,0,0,0,0,0,0,0,0,0,0,0,0,0,0,0,0,0,0,0,0,0,0,0,842,0,0,0,0,0,0,0
1782975953.917,0,0,0,0,0,0,0,750510084,2069189954048,873307308032,0,0,0,0,0,0,0,0,0,0,0,0,0,0,0,0,0,0,0,0,0,0,0,0,0,0,0,0,0,0,0,0,0,0,0,0,0,0,0,0,0,0,0,0,0,0,0,0,0,0,0,0,0,0,0,0,0,0,7,1847019,126578859,40596336,0,0,0,0,0,0,0,0,0,0,0,0,0,0,0,0,0,0,0,0,0,0,0,0,0,0,0,0,0,0,0,0,0,0,0,0,0,12873711616,4581064704,785749,279605,40534489,589,0,96,786432,125604363,811153,6,3633840108,12884901888,24050,708734608,0,0,0,0,0,0,0,0,0,0,0,0,0,0,0,0,0,0,17559178,117455488,0,468,1202,7661,620,35118645,35,0,0,0,0,0,0,0,1,0,0,0,0,0,0,0,0,0,0,23090163,0,40534263,742148,0,0,0,0,0,0,0,0,16384,0,0,0,0,0,0,0,0,0,0,0,3536,422,0,0,0,0,0,53378980,0,147,0,2,422,3536,0,0,0,0,0,0,0,0,0,0,0,0,0,0,0,0,0,0,0,0,0,0,0,0,0,0,0,0,0,0,0,0,0,0,0,0,0,0,0,0,0,0,0,0,0,0,0,0,0,0,0,0,0,0,276611076,0,0,0,482468202,0,0,0,0,0,0,0,88220775,126581427,318132376,167420649984,76933888,1,0,0,0,0,0,0,0,0,0,0,0,0,0,0,0,0,0,0,0,0,0,0,0,0,0,0,0,0,0,0,935,0,0,0,0,0,0,0
1782975954.983,0,0,0,0,0,0,0,750681350,2070142372352,873629035520,0,0,0,0,0,0,0,0,0,0,0,0,0,0,0,0,0,0,0,0,0,0,0,0,0,0,0,0,0,0,0,0,0,0,0,0,0,0,0,0,0,0,0,0,0,0,0,0,0,0,0,0,0,0,0,0,0,0,7,1847049,126637124,40613024,0,0,0,0,0,0,0,0,0,0,0,0,0,0,0,0,0,0,0,0,0,0,0,0,0,0,0,0,0,0,0,0,0,0,0,0,0,12876955648,4584308736,785947,279804,40551177,388,0,96,786432,125662573,811153,6,3634686920,12884901888,24050,708848365,0,0,0,0,0,0,0,0,0,0,0,0,0,0,0,0,0,0,17564134,117460444,0,468,1202,7661,620,35128553,35,0,0,0,0,0,0,0,1,0,0,0,0,0,0,0,0,0,0,23095856,0,40550951,742467,0,0,0,0,0,0,0,0,16384,0,0,0,0,0,0,0,0,0,0,0,3537,422,0,0,0,0,0,53394057,0,147,0,2,422,3537,0,0,0,0,0,0,0,0,0,0,0,0,0,0,0,0,0,0,0,0,0,0,0,0,0,0,0,0,0,0,0,0,0,0,0,0,0,0,0,0,0,0,0,0,0,0,0,0,0,0,0,0,0,0,276692269,0,0,0,482552307,0,0,0,0,0,0,0,88256022,126639567,318230513,167462907392,76964213,0,0,0,0,0,0,0,0,0,0,0,0,0,0,0,0,0,0,0,0,0,0,0,0,0,0,0,0,0,0,0,1070,0,0,0,0,0,0,0
1782975956.051,0,0,0,0,0,0,0,750850925,2071086631424,873944309760,0,0,0,0,0,0,0,0,0,0,0,0,0,0,0,0,0,0,0,0,0,0,0,0,0,0,0,0,0,0,0,0,0,0,0,0,0,0,0,0,0,0,0,0,0,0,0,0,0,0,0,0,0,0,0,0,0,0,7,1847079,126694881,40629351,0,0,0,0,0,0,0,0,0,0,0,0,0,0,0,0,0,0,0,0,0,0,0,0,0,0,0,0,0,0,0,0,0,0,0,0,0,12876464128,4590370816,785918,280174,40567504,419,0,96,786432,125720260,811153,6,3635526119,12884901888,24050,708961245,0,0,0,0,0,0,0,0,0,0,0,0,0,0,0,0,0,0,17569041,117465351,0,468,1202,7661,620,35138371,35,0,0,0,0,0,0,0,1,0,0,0,0,0,0,0,0,0,0,23101504,0,40567278,742788,0,0,0,0,0,0,0,0,16384,0,0,0,0,0,0,0,0,0,0,0,3538,422,0,0,0,0,0,53408970,0,147,0,2,422,3538,0,0,0,0,0,0,0,0,0,0,0,0,0,0,0,0,0,0,0,0,0,0,0,0,0,0,0,0,0,0,0,0,0,0,0,0,0,0,0,0,0,0,0,0,0,0,0,0,0,0,0,0,0,0,276772451,0,0,0,482635523,0,0,0,0,0,0,0,88291732,126697171,318327266,167504635904,76994944,0,1,0,0,0,0,0,0,0,0,0,0,0,0,0,0,0,0,0,0,0,0,0,0,0,0,0,0,0,0,0,1181,0,0,0,0,0,0,0
1782975957.118,0,0,0,0,0,0,0,751017305,2072013933056,874256947712,0,0,0,0,0,0,0,0,0,0,0,0,0,0,0,0,0,0,0,0,0,0,0,0,0,0,0,0,0,0,0,0,0,0,0,0,0,0,0,0,0,0,0,0,0,0,0,0,0,0,0,0,0,0,0,0,0,0,7,1847108,126751597,40645521,0,0,0,0,0,0,0,0,0,0,0,0,0,0,0,0,0,0,0,0,0,0,0,0,0,0,0,0,0,0,0,0,0,0,0,0,0,12877250560,4593254400,785965,280350,40583648,369,0,97,786432,125776919,811153,6,3636349748,12884901888,24050,709072505,0,0,0,0,0,0,0,0,0,0,0,0,0,0,0,0,0,0,17573852,117470160,0,468,1202,7661,620,35147989,35,0,0,0,0,0,0,0,1,0,0,0,0,0,0,0,0,0,0,23107028,0,40583467,743098,0,0,0,0,0,0,0,0,16384,0,0,0,0,0,0,0,0,0,0,0,3539,422,0,0,0,0,0,53423573,0,147,0,2,422,3539,0,0,0,0,0,0,0,0,0,0,0,0,0,0,0,0,0,0,0,0,0,0,0,0,0,0,0,0,0,0,0,0,0,0,0,0,0,0,0,0,0,0,0,0,0,0,0,0,0,0,0,0,0,0,276851768,0,0,0,482717226,0,0,0,0,0,0,0,88325253,126753749,318422963,167545980416,77023801,1,1,0,0,0,0,0,0,0,0,0,0,0,0,0,0,0,0,0,0,0,0,0,0,0,0,0,0,0,0,0,1185,0,0,0,0,0,0,0
1782975958.184,0,0,0,0,0,0,0,751182298,2072937728512,874568302080,0,0,0,0,0,0,0,0,0,0,0,0,0,0,0,0,0,0,0,0,0,0,0,0,0,0,0,0,0,0,0,0,0,0,0,0,0,0,0,0,0,0,0,0,0,0,0,0,0,0,0,0,0,0,0,0,0,0,7,1847134,126808085,40661663,0,0,0,0,0,0,0,0,0,0,0,0,0,0,0,0,0,0,0,0,0,0,0,0,0,0,0,0,0,0,0,0,0,0,0,0,0,12874252288,4595679232,785781,280498,40599816,554,0,97,786432,125833343,811153,6,3637166832,12884901888,24050,709182299,0,0,0,0,0,0,0,0,0,0,0,0,0,0,0,0,0,0,17578627,117474935,0,468,1202,7661,620,35157539,35,0,0,0,0,0,0,0,1,0,0,0,0,0,0,0,0,0,0,23112516,0,40599590,743406,0,0,0,0,0,0,0,0,16384,0,0,0,0,0,0,0,0,0,0,0,3540,422,0,0,0,0,0,53438085,0,147,0,2,422,3540,0,0,0,0,0,0,0,0,0,0,0,0,0,0,0,0,0,0,0,0,0,0,0,0,0,0,0,0,0,0,0,0,0,0,0,0,0,0,0,0,0,0,0,0,0,0,0,0,0,0,0,0,0,0,276930635,0,0,0,482798382,0,0,0,0,0,0,0,88357740,126810111,318518172,167586972672,77051706,0,0,0,0,0,0,0,0,0,0,0,0,0,0,0,0,0,0,0,0,0,0,0,0,0,0,0,0,0,0,0,1138,0,0,0,0,0,0,0
1782975959.254,0,0,0,0,0,0,0,751347090,2073860557312,874878737408,0,0,0,0,0,0,0,0,0,0,0,0,0,0,0,0,0,0,0,0,0,0,0,0,0,0,0,0,0,0,0,0,0,0,0,0,0,0,0,0,0,0,0,0,0,0,0,0,0,0,0,0,0,0,0,0,0,0,7,1847165,126864513,40677720,0,0,0,0,0,0,0,0,0,0,0,0,0,0,0,0,0,0,0,0,0,0,0,0,0,0,0,0,0,0,0,0,0,0,0,0,0,12876447744,4598972416,785916,280699,40615858,421,0,96,786432,125889714,811153,6,3637982615,12884901888,24050,709292083,0,0,0,0,0,0,0,0,0,0,0,0,0,0,0,0,0,0,17583400,117479709,0,468,1202,7661,620,35167086,35,0,0,0,0,0,0,0,1,0,0,0,0,0,0,0,0,0,0,23118005,0,40615632,743725,0,0,0,0,0,0,0,0,16384,0,0,0,0,0,0,0,0,0,0,0,3541,422,0,0,0,0,0,53452633,0,147,0,2,422,3541,0,0,0,0,0,0,0,0,0,0,0,0,0,0,0,0,0,0,0,0,0,0,0,0,0,0,0,0,0,0,0,0,0,0,0,0,0,0,0,0,0,0,0,0,0,0,0,0,0,0,0,0,0,0,277009754,0,0,0,482879453,0,0,0,0,0,0,0,88389922,126866422,318613600,167628179456,77079216,1,0,0,0,0,0,0,0,0,0,0,0,0,0,0,0,0,0,0,0,0,0,0,0,0,0,0,0,0,0,0,1122,0,0,0,0,0,0,0
1782975960.322,0,0,0,0,0,0,0,751512461,2074781993472,875190983168,0,0,0,0,0,0,0,0,0,0,0,0,0,0,0,0,0,0,0,0,0,0,0,0,0,0,0,0,0,0,0,0,0,0,0,0,0,0,0,0,0,0,0,0,0,0,0,0,0,0,0,0,0,0,0,0,0,0,7,1847201,126920879,40693924,0,0,0,0,0,0,0,0,0,0,0,0,0,0,0,0,0,0,0,0,0,0,0,0,0,0,0,0,0,0,0,0,0,0,0,0,0,12877152256,4601167872,785958,280833,40632077,374,0,97,786432,125946026,811153,6,3638800823,12884901888,24050,709402556,0,0,0,0,0,0,0,0,0,0,0,0,0,0,0,0,0,0,17588183,117484492,0,468,1202,7661,620,35176653,35,0,0,0,0,0,0,0,1,0,0,0,0,0,0,0,0,0,0,23123504,0,40631851,744033,0,0,0,0,0,0,0,0,16384,0,0,0,0,0,0,0,0,0,0,0,3542,422,0,0,0,0,0,53467140,0,147,0,2,422,3542,0,0,0,0,0,0,0,0,0,0,0,0,0,0,0,0,0,0,0,0,0,0,0,0,0,0,0,0,0,0,0,0,0,0,0,0,0,0,0,0,0,0,0,0,0,0,0,0,0,0,0,0,0,0,277088602,0,0,0,482960676,0,0,0,0,0,0,0,88422981,126922645,318708862,167669120512,77107587,1,0,0,0,0,0,0,0,0,0,0,0,0,0,0,0,0,0,0,0,0,0,0,0,0,0,0,0,0,0,0,1083,0,0,0,0,0,0,0
1782975961.391,0,0,0,0,0,0,0,751679000,2075707247104,875532992512,0,0,0,0,0,0,0,0,0,0,0,0,0,0,0,0,0,0,0,0,0,0,0,0,0,0,0,0,0,0,0,0,0,0,0,0,0,0,0,0,0,0,0,0,0,0,0,0,0,0,0,0,0,0,0,0,0,0,7,1847225,126977480,40711954,0,0,0,0,0,0,0,0,0,0,0,0,0,0,0,0,0,0,0,0,0,0,0,0,0,0,0,0,0,0,0,0,0,0,0,0,0,12877070336,4573593600,785954,279150,40648254,382,0,96,786432,126002565,811153,6,3639625087,12884901888,24050,709513366,0,0,0,0,0,0,0,0,0,0,0,0,0,0,0,0,0,0,17593000,117489308,0,468,1202,7661,620,35186288,35,0,0,0,0,0,0,0,1,0,0,0,0,0,0,0,0,0,0,23129042,0,40649820,744365,0,0,0,0,0,0,0,0,16384,0,0,0,0,0,0,0,0,0,0,0,3543,422,0,0,0,0,0,53481788,0,147,0,2,422,3543,0,0,0,0,0,0,0,0,0,0,0,0,0,0,0,0,0,0,0,0,0,0,0,0,0,0,0,0,0,0,0,0,0,0,0,0,0,0,0,0,0,0,0,0,0,0,0,0,0,0,0,0,0,0,277167267,0,0,0,483042561,0,0,0,0,0,0,0,88456633,126979091,318805818,167709963264,77136421,1,0,0,0,0,0,0,0,0,0,0,0,0,0,0,0,0,0,0,0,0,0,0,0,0,0,0,0,0,0,0,1083,0,0,0,0,0,0,0
1782975962.459,0,0,0,0,0,0,0,751847230,2076642445824,875881217536,0,0,0,0,0,0,0,0,0,0,0,0,0,0,0,0,0,0,0,0,0,0,0,0,0,0,0,0,0,0,0,0,0,0,0,0,0,0,0,0,0,0,0,0,0,0,0,0,0,0,0,0,0,0,0,0,0,0,7,1847253,127034690,40730470,0,0,0,0,0,0,0,0,0,0,0,0,0,0,0,0,0,0,0,0,0,0,0,0,0,0,0,0,0,0,0,0,0,0,0,0,0,12874072064,4541431808,785771,277187,40668623,565,0,96,786432,126059706,811153,6,3640456869,12884901888,24050,709625028,0,0,0,0,0,0,0,0,0,0,0,0,0,0,0,0,0,0,17597873,117494183,0,468,1202,7661,620,35196035,35,0,0,0,0,0,0,0,1,0,0,0,0,0,0,0,0,0,0,23134644,0,40668397,744702,0,0,0,0,0,0,0,0,16384,0,0,0,0,0,0,0,0,0,0,0,3544,422,0,0,0,0,0,53496593,0,147,0,2,422,3544,0,0,0,0,0,0,0,0,0,0,0,0,0,0,0,0,0,0,0,0,0,0,0,0,0,0,0,0,0,0,0,0,0,0,0,0,0,0,0,0,0,0,0,0,0,0,0,0,0,0,0,0,0,0,277242645,0,0,0,483125242,0,0,0,0,0,0,0,88489461,127036178,318899955,167749048832,77164139,0,0,0,0,0,0,0,0,0,0,0,0,0,0,0,0,0,0,0,0,0,0,0,0,0,0,0,0,0,0,0,1136,0,0,0,0,0,0,0
1782975963.524,0,0,0,0,0,0,0,752017949,2077584656896,876194704896,0,0,0,0,0,0,0,0,0,0,0,0,0,0,0,0,0,0,0,0,0,0,0,0,0,0,0,0,0,0,0,0,0,0,0,0,0,0,0,0,0,0,0,0,0,0,0,0,0,0,0,0,0,0,0,0,0,0,7,1847289,127092336,40746648,0,0,0,0,0,0,0,0,0,0,0,0,0,0,0,0,0,0,0,0,0,0,0,0,0,0,0,0,0,0,0,0,0,0,0,0,0,12879659008,4551557120,786111,277805,40684801,223,0,98,786432,126117281,811153,6,3641304019,12884901888,24050,709741374,0,0,0,0,0,0,0,0,0,0,0,0,0,0,0,0,0,0,17602806,117499116,0,468,1202,7661,620,35205899,35,0,0,0,0,0,0,0,1,0,0,0,0,0,0,0,0,0,0,23140318,0,40684575,745013,0,0,0,0,0,0,0,0,16384,0,0,0,0,0,0,0,0,0,0,0,3546,422,0,0,0,0,0,53511573,0,147,0,2,422,3546,0,0,0,0,0,0,0,0,0,0,0,0,0,0,0,0,0,0,0,0,0,0,0,0,0,0,0,0,0,0,0,0,0,0,0,0,0,0,0,0,0,0,0,0,0,0,0,0,0,0,0,0,0,0,277323470,0,0,0,483210143,0,0,0,0,0,0,0,88524355,127093675,318997186,167791157248,77194120,0,1,0,0,0,0,0,0,0,0,0,0,0,0,0,0,0,0,0,0,0,0,0,0,0,0,0,0,0,0,0,54,0,0,0,0,0,0,0
1782975964.593,0,0,0,0,0,0,0,752186348,2078524557824,876512817664,0,0,0,0,0,0,0,0,0,0,0,0,0,0,0,0,0,0,0,0,0,0,0,0,0,0,0,0,0,0,0,0,0,0,0,0,0,0,0,0,0,0,0,0,0,0,0,0,0,0,0,0,0,0,0,0,0,0,7,1847309,127149824,40763181,0,0,0,0,0,0,0,0,0,0,0,0,0,0,0,0,0,0,0,0,0,0,0,0,0,0,0,0,0,0,0,0,0,0,0,0,0,12874924032,4553801728,785823,277942,40701334,511,0,97,786432,126174713,811153,6,3642137551,12884901888,24050,709853262,0,0,0,0,0,0,0,0,0,0,0,0,0,0,0,0,0,0,17607683,117503993,0,468,1202,7661,620,35215654,35,0,0,0,0,0,0,0,1,0,0,0,0,0,0,0,0,0,0,23145923,0,40701108,745328,0,0,0,0,0,0,0,0,16384,0,0,0,0,0,0,0,0,0,0,0,3547,422,0,0,0,0,0,53526405,0,147,0,2,422,3547,0,0,0,0,0,0,0,0,0,0,0,0,0,0,0,0,0,0,0,0,0,0,0,0,0,0,0,0,0,0,0,0,0,0,0,0,0,0,0,0,0,0,0,0,0,0,0,0,0,0,0,0,0,0,277403168,0,0,0,483292896,0,0,0,0,0,0,0,88559360,127151020,319093642,167832565760,77224318,1,0,0,0,0,0,0,0,0,0,0,0,0,0,0,0,0,0,0,0,0,0,0,0,0,0,0,0,0,0,0,120,0,0,0,0,0,0,0
1782975965.656,0,0,0,0,0,0,0,752356179,2079469341184,876830376448,0,0,0,0,0,0,0,0,0,0,0,0,0,0,0,0,0,0,0,0,0,0,0,0,0,0,0,0,0,0,0,0,0,0,0,0,0,0,0,0,0,0,0,0,0,0,0,0,0,0,0,0,0,0,0,0,0,0,7,1847338,127207639,40779654,0,0,0,0,0,0,0,0,0,0,0,0,0,0,0,0,0,0,0,0,0,0,0,0,0,0,0,0,0,0,0,0,0,0,0,0,0,12873973760,4558290944,785765,278216,40717807,570,0,96,786432,126232465,811153,6,3642977828,12884901888,24050,709966231,0,0,0,0,0,0,0,0,0,0,0,0,0,0,0,0,0,0,17612598,117508908,0,468,1202,7661,620,35225482,35,0,0,0,0,0,0,0,1,0,0,0,0,0,0,0,0,0,0,23151576,0,40717581,745643,0,0,0,0,0,0,0,0,16384,0,0,0,0,0,0,0,0,0,0,0,3548,422,0,0,0,0,0,53541349,0,147,0,2,422,3548,0,0,0,0,0,0,0,0,0,0,0,0,0,0,0,0,0,0,0,0,0,0,0,0,0,0,0,0,0,0,0,0,0,0,0,0,0,0,0,0,0,0,0,0,0,0,0,0,0,0,0,0,0,0,277483071,0,0,0,483376265,0,0,0,0,0,0,0,88594373,127208702,319190251,167874176000,77254357,0,0,0,0,0,0,0,0,0,0,0,0,0,0,0,0,0,0,0,0,0,0,0,0,0,0,0,0,0,0,0,235,0,0,0,0,0,0,0
1782975966.724,0,0,0,0,0,0,0,752524421,2080410012160,877148867072,0,0,0,0,0,0,0,0,0,0,0,0,0,0,0,0,0,0,0,0,0,0,0,0,0,0,0,0,0,0,0,0,0,0,0,0,0,0,0,0,0,0,0,0,0,0,0,0,0,0,0,0,0,0,0,0,0,0,7,1847366,127265182,40796188,0,0,0,0,0,0,0,0,0,0,0,0,0,0,0,0,0,0,0,0,0,0,0,0,0,0,0,0,0,0,0,0,0,0,0,0,0,12875825152,4557979648,785878,278197,40734341,457,0,96,786432,126289948,811153,6,3643810532,12884901888,24050,710078571,0,0,0,0,0,0,0,0,0,0,0,0,0,0,0,0,0,0,17617467,117513776,0,468,1202,7661,620,35235223,35,0,0,0,0,0,0,0,1,0,0,0,0,0,0,0,0,0,0,23157172,0,40734115,745965,0,0,0,0,0,0,0,0,16384,0,0,0,0,0,0,0,0,0,0,0,3549,422,0,0,0,0,0,53556118,0,147,0,2,422,3549,0,0,0,0,0,0,0,0,0,0,0,0,0,0,0,0,0,0,0,0,0,0,0,0,0,0,0,0,0,0,0,0,0,0,0,0,0,0,0,0,0,0,0,0,0,0,0,0,0,0,0,0,0,0,277563067,0,0,0,483458866,0,0,0,0,0,0,0,88629007,127266121,319286997,167915855872,77284039,0,1,0,0,0,0,0,0,0,0,0,0,0,0,0,0,0,0,0,0,0,0,0,0,0,0,0,0,0,0,0,330,0,0,0,0,0,0,0
1782975967.793,0,0,0,0,0,0,0,752690969,2081336347136,877460324352,0,0,0,0,0,0,0,0,0,0,0,0,0,0,0,0,0,0,0,0,0,0,0,0,0,0,0,0,0,0,0,0,0,0,0,0,0,0,0,0,0,0,0,0,0,0,0,0,0,0,0,0,0,0,0,0,0,0,7,1847398,127321860,40812357,0,0,0,0,0,0,0,0,0,0,0,0,0,0,0,0,0,0,0,0,0,0,0,0,0,0,0,0,0,0,0,0,0,0,0,0,0,12876267520,4561207296,785905,278394,40750510,429,0,97,786432,126346555,811153,6,3644634797,12884901888,24050,710189295,0,0,0,0,0,0,0,0,0,0,0,0,0,0,0,0,0,0,17622283,117518592,0,468,1202,7661,620,35244851,35,0,0,0,0,0,0,0,1,0,0,0,0,0,0,0,0,0,0,23162711,0,40750284,746275,0,0,0,0,0,0,0,0,16384,0,0,0,0,0,0,0,0,0,0,0,3550,422,0,0,0,0,0,53570781,0,147,0,2,422,3550,0,0,0,0,0,0,0,0,0,0,0,0,0,0,0,0,0,0,0,0,0,0,0,0,0,0,0,0,0,0,0,0,0,0,0,0,0,0,0,0,0,0,0,0,0,0,0,0,0,0,0,0,0,0,277640985,0,0,0,483540687,0,0,0,0,0,0,0,88662664,127322657,319381319,167956523008,77312940,0,0,0,0,0,0,0,0,0,0,0,0,0,0,0,0,0,0,0,0,0,0,0,0,0,0,0,0,0,0,0,337,0,0,0,0,0,0,0
1782975968.858,0,0,0,0,0,0,0,752856784,2082263960064,877774461952,0,0,0,0,0,0,0,0,0,0,0,0,0,0,0,0,0,0,0,0,0,0,0,0,0,0,0,0,0,0,0,0,0,0,0,0,0,0,0,0,0,0,0,0,0,0,0,0,0,0,0,0,0,0,0,0,0,0,7,1847428,127378608,40828675,0,0,0,0,0,0,0,0,0,0,0,0,0,0,0,0,0,0,0,0,0,0,0,0,0,0,0,0,0,0,0,0,0,0,0,0,0,12880150528,4562321408,786143,278462,40766828,193,0,96,786432,126403253,811153,6,3645455777,12884901888,24050,710299357,0,0,0,0,0,0,0,0,0,0,0,0,0,0,0,0,0,0,17627089,117523399,0,468,1202,7661,620,35254468,35,0,0,0,0,0,0,0,1,0,0,0,0,0,0,0,0,0,0,23168239,0,40766602,746594,0,0,0,0,0,0,0,0,16384,0,0,0,0,0,0,0,0,0,0,0,3551,422,0,0,0,0,0,53585400,0,147,0,2,422,3551,0,0,0,0,0,0,0,0,0,0,0,0,0,0,0,0,0,0,0,0,0,0,0,0,0,0,0,0,0,0,0,0,0,0,0,0,0,0,0,0,0,0,0,0,0,0,0,0,0,0,0,0,0,0,277719427,0,0,0,483622287,0,0,0,0,0,0,0,88695666,127379288,319476301,167997338112,77341211,1,0,0,0,0,0,0,0,0,0,0,0,0,0,0,0,0,0,0,0,0,0,0,0,0,0,0,0,0,0,0,320,0,0,0,0,0,0,0
1782975969.922,0,0,0,0,0,0,0,753023046,2083189361152,878087760896,0,0,0,0,0,0,0,0,0,0,0,0,0,0,0,0,0,0,0,0,0,0,0,0,0,0,0,0,0,0,0,0,0,0,0,0,0,0,0,0,0,0,0,0,0,0,0,0,0,0,0,0,0,0,0,0,0,0,7,1847455,127435209,40844931,0,0,0,0,0,0,0,0,0,0,0,0,0,0,0,0,0,0,0,0,0,0,0,0,0,0,0,0,0,0,0,0,0,0,0,0,0,12874940416,4565254144,785824,278641,40783084,510,0,96,786432,126459791,811153,6,3646278521,12884901888,24050,710409652,0,0,0,0,0,0,0,0,0,0,0,0,0,0,0,0,0,0,17631907,117528216,0,468,1202,7661,620,35264104,35,0,0,0,0,0,0,0,1,0,0,0,0,0,0,0,0,0,0,23173776,0,40782858,746920,0,0,0,0,0,0,0,0,16384,0,0,0,0,0,0,0,0,0,0,0,3552,422,0,0,0,0,0,53600031,0,147,0,2,422,3552,0,0,0,0,0,0,0,0,0,0,0,0,0,0,0,0,0,0,0,0,0,0,0,0,0,0,0,0,0,0,0,0,0,0,0,0,0,0,0,0,0,0,0,0,0,0,0,0,0,0,0,0,0,0,277797852,0,0,0,483704110,0,0,0,0,0,0,0,88728971,127435756,319571240,168038103552,77369512,1,0,0,0,0,0,0,0,0,0,0,0,0,0,0,0,0,0,0,0,0,0,0,0,0,0,0,0,0,0,0,311,0,0,0,0,0,0,0
1782975970.990,0,0,0,0,0,0,0,753188685,2084112435712,878400882176,0,0,0,0,0,0,0,0,0,0,0,0,0,0,0,0,0,0,0,0,0,0,0,0,0,0,0,0,0,0,0,0,0,0,0,0,0,0,0,0,0,0,0,0,0,0,0,0,0,0,0,0,0,0,0,0,0,0,7,1847481,127491665,40861179,0,0,0,0,0,0,0,0,0,0,0,0,0,0,0,0,0,0,0,0,0,0,0,0,0,0,0,0,0,0,0,0,0,0,0,0,0,12873990144,4567220224,785766,278760,40799332,569,0,96,786432,126516180,811153,6,3647097783,12884901888,24050,710519499,0,0,0,0,0,0,0,0,0,0,0,0,0,0,0,0,0,0,17636707,117533016,0,468,1202,7661,620,35273703,35,0,0,0,0,0,0,0,1,0,0,0,0,0,0,0,0,0,0,23179294,0,40799106,747232,0,0,0,0,0,0,0,0,16384,0,0,0,0,0,0,0,0,0,0,0,3553,422,0,0,0,0,0,53614614,0,147,0,2,422,3553,0,0,0,0,0,0,0,0,0,0,0,0,0,0,0,0,0,0,0,0,0,0,0,0,0,0,0,0,0,0,0,0,0,0,0,0,0,0,0,0,0,0,0,0,0,0,0,0,0,0,0,0,0,0,277876689,0,0,0,483785589,0,0,0,0,0,0,0,88762195,127492079,319666520,168079025664,77397926,1,0,0,0,0,0,0,0,0,0,0,0,0,0,0,0,0,0,0,0,0,0,0,0,0,0,0,0,0,0,0,327,0,0,0,0,0,0,0
1782975972.058,0,0,0,0,0,0,0,753354199,2085034183168,878710684672,0,0,0,0,0,0,0,0,0,0,0,0,0,0,0,0,0,0,0,0,0,0,0,0,0,0,0,0,0,0,0,0,0,0,0,0,0,0,0,0,0,0,0,0,0,0,0,0,0,0,0,0,0,0,0,0,0,0,7,1847511,127548043,40877236,0,0,0,0,0,0,0,0,0,0,0,0,0,0,0,0,0,0,0,0,0,0,0,0,0,0,0,0,0,0,0,0,0,0,0,0,0,12874481664,4575117312,785796,279243,40815389,540,0,96,786432,126572485,811153,6,3647916988,12884901888,24050,710629784,0,0,0,0,0,0,0,0,0,0,0,0,0,0,0,0,0,0,17641497,117537807,0,468,1202,7661,620,35283277,35,0,0,0,0,0,0,0,1,0,0,0,0,0,0,0,0,0,0,23184801,0,40815163,747545,0,0,0,0,0,0,0,0,16384,0,0,0,0,0,0,0,0,0,0,0,3554,422,0,0,0,0,0,53629184,0,147,0,2,422,3554,0,0,0,0,0,0,0,0,0,0,0,0,0,0,0,0,0,0,0,0,0,0,0,0,0,0,0,0,0,0,0,0,0,0,0,0,0,0,0,0,0,0,0,0,0,0,0,0,0,0,0,0,0,0,277954610,0,0,0,483866948,0,0,0,0,0,0,0,88795373,127548335,319760742,168119529984,77426249,0,0,0,0,0,0,0,0,0,0,0,0,0,0,0,0,0,0,0,0,0,0,0,0,0,0,0,0,0,0,0,310,0,0,0,0,0,0,0
1782975973.121,0,0,0,0,0,0,0,753520698,2085956848128,879020042752,0,0,0,0,0,0,0,0,0,0,0,0,0,0,0,0,0,0,0,0,0,0,0,0,0,0,0,0,0,0,0,0,0,0,0,0,0,0,0,0,0,0,0,0,0,0,0,0,0,0,0,0,0,0,0,0,0,0,7,1847547,127604495,40893278,0,0,0,0,0,0,0,0,0,0,0,0,0,0,0,0,0,0,0,0,0,0,0,0,0,0,0,0,0,0,0,0,0,0,0,0,0,12874858496,4582129664,785819,279671,40831431,517,0,96,786432,126628869,811153,6,3648740750,12884901888,24050,710740741,0,0,0,0,0,0,0,0,0,0,0,0,0,0,0,0,0,0,17646310,117542620,0,468,1202,7661,620,35292908,35,0,0,0,0,0,0,0,1,0,0,0,0,0,0,0,0,0,0,23190331,0,40831205,747859,0,0,0,0,0,0,0,0,16384,0,0,0,0,0,0,0,0,0,0,0,3555,422,0,0,0,0,0,53643780,0,147,0,2,422,3555,0,0,0,0,0,0,0,0,0,0,0,0,0,0,0,0,0,0,0,0,0,0,0,0,0,0,0,0,0,0,0,0,0,0,0,0,0,0,0,0,0,0,0,0,0,0,0,0,0,0,0,0,0,0,278032182,0,0,0,483948756,0,0,0,0,0,0,0,88828362,127604642,319854590,168160056320,77454475,0,0,0,0,0,0,0,0,0,0,0,0,0,0,0,0,0,0,0,0,0,0,0,0,0,0,0,0,0,0,0,313,0,0,0,0,0,0,0
1782975974.189,0,0,0,0,0,0,0,753685261,2086878890496,879330712064,0,0,0,0,0,0,0,0,0,0,0,0,0,0,0,0,0,0,0,0,0,0,0,0,0,0,0,0,0,0,0,0,0,0,0,0,0,0,0,0,0,0,0,0,0,0,0,0,0,0,0,0,0,0,0,0,0,0,7,1847570,127660899,40909424,0,0,0,0,0,0,0,0,0,0,0,0,0,0,0,0,0,0,0,0,0,0,0,0,0,0,0,0,0,0,0,0,0,0,0,0,0,12873531392,4585013248,785738,279847,40847529,598,0,97,786432,126685214,811153,6,3649555951,12884901888,24050,710850765,0,0,0,0,0,0,0,0,0,0,0,0,0,0,0,0,0,0,17651067,117547377,0,468,1202,7661,620,35302420,35,0,0,0,0,0,0,0,1,0,0,0,0,0,0,0,0,0,0,23195805,0,40847357,748177,0,0,0,0,0,0,0,0,16384,0,0,0,0,0,0,0,0,0,0,0,3556,422,0,0,0,0,0,53658244,0,147,0,2,422,3556,0,0,0,0,0,0,0,0,0,0,0,0,0,0,0,0,0,0,0,0,0,0,0,0,0,0,0,0,0,0,0,0,0,0,0,0,0,0,0,0,0,0,0,0,0,0,0,0,0,0,0,0,0,0,278109736,0,0,0,484029605,0,0,0,0,0,0,0,88861239,127660902,319948530,168200339456,77482584,0,0,0,0,0,0,0,0,0,0,0,0,0,0,0,0,0,0,0,0,0,0,0,0,0,0,0,0,0,0,0,289,0,0,0,0,0,0,0
1782975975.256,0,0,0,0,0,0,0,753851515,2087805176320,879639964672,0,0,0,0,0,0,0,0,0,0,0,0,0,0,0,0,0,0,0,0,0,0,0,0,0,0,0,0,0,0,0,0,0,0,0,0,0,0,0,0,0,0,0,0,0,0,0,0,0,0,0,0,0,0,0,0,0,0,7,1847601,127717574,40925531,0,0,0,0,0,0,0,0,0,0,0,0,0,0,0,0,0,0,0,0,0,0,0,0,0,0,0,0,0,0,0,0,0,0,0,0,0,12876349440,4588961792,785910,280087,40863684,424,0,96,786432,126741825,811153,6,3650378796,12884901888,24050,710961579,0,0,0,0,0,0,0,0,0,0,0,0,0,0,0,0,0,0,17655875,117552185,0,468,1202,7661,620,35312036,35,0,0,0,0,0,0,0,1,0,0,0,0,0,0,0,0,0,0,23201334,0,40863481,748494,0,0,0,0,0,0,0,0,16384,0,0,0,0,0,0,0,0,0,0,0,3557,422,0,0,0,0,0,53672871,0,147,0,2,422,3557,0,0,0,0,0,0,0,0,0,0,0,0,0,0,0,0,0,0,0,0,0,0,0,0,0,0,0,0,0,0,0,0,0,0,0,0,0,0,0,0,0,0,0,0,0,0,0,0,0,0,0,0,0,0,278185573,0,0,0,484111218,0,0,0,0,0,0,0,88892905,127717433,320040740,168239922176,77509584,1,0,0,0,0,0,0,0,0,0,0,0,0,0,0,0,0,0,0,0,0,0,0,0,0,0,0,0,0,0,0,282,0,0,0,0,0,0,0
1782975976.325,0,0,0,0,0,0,0,754018392,2088740997632,879952941568,0,0,0,0,0,0,0,0,0,0,0,0,0,0,0,0,0,0,0,0,0,0,0,0,0,0,0,0,0,0,0,0,0,0,0,0,0,0,0,0,0,0,0,0,0,0,0,0,0,0,0,0,0,0,0,0,0,0,7,1847624,127774799,40941849,0,0,0,0,0,0,0,0,0,0,0,0,0,0,0,0,0,0,0,0,0,0,0,0,0,0,0,0,0,0,0,0,0,0,0,0,0,12876529664,4592091136,785921,280279,40880002,413,0,96,786432,126798990,811153,6,3651205008,12884901888,24050,711072305,0,0,0,0,0,0,0,0,0,0,0,0,0,0,0,0,0,0,17660707,117557015,0,468,1202,7661,620,35321699,35,0,0,0,0,0,0,0,1,0,0,0,0,0,0,0,0,0,0,23206884,0,40879776,748806,0,0,0,0,0,0,0,0,16384,0,0,0,0,0,0,0,0,0,0,0,3558,422,0,0,0,0,0,53687583,0,147,0,2,422,3558,0,0,0,0,0,0,0,0,0,0,0,0,0,0,0,0,0,0,0,0,0,0,0,0,0,0,0,0,0,0,0,0,0,0,0,0,0,0,0,0,0,0,0,0,0,0,0,0,0,0,0,0,0,0,278262022,0,0,0,484193293,0,0,0,0,0,0,0,88925535,127774508,320133731,168279641088,77537530,1,0,0,0,0,0,0,0,0,0,0,0,0,0,0,0,0,0,0,0,0,0,0,0,0,0,0,0,0,0,0,316,0,0,0,0,0,0,0
1782975977.395,0,0,0,0,0,0,0,754175014,2089613609472,880283957248,0,0,0,0,0,0,0,0,0,0,0,0,0,0,0,0,0,0,0,0,0,0,0,0,0,0,0,0,0,0,0,0,0,0,0,0,0,0,0,0,0,0,0,0,0,0,0,0,0,0,0,0,0,0,0,0,0,0,7,1847645,127828158,40959246,0,0,0,0,0,0,0,0,0,0,0,0,0,0,0,0,0,0,0,0,0,0,0,0,0,0,0,0,0,0,0,0,0,0,0,0,0,12873334784,4562386944,785726,278466,40895467,607,0,96,786432,126852273,811153,6,3651979863,12884901888,24050,711176526,0,0,0,0,0,0,0,0,0,0,0,0,0,0,0,0,0,0,17665235,117561545,0,468,1202,7661,620,35330759,35,0,0,0,0,0,0,0,1,0,0,0,0,0,0,0,0,0,0,23212090,0,40896905,749136,0,0,0,0,0,0,0,0,16384,0,0,0,0,0,0,0,0,0,0,0,3559,422,0,0,0,0,0,53701368,0,147,0,2,422,3559,0,0,0,0,0,0,0,0,0,0,0,0,0,0,0,0,0,0,0,0,0,0,0,0,0,0,0,0,0,0,0,0,0,0,0,0,0,0,0,0,0,0,0,0,0,0,0,0,0,0,0,0,0,0,278337895,0,0,0,484270332,0,0,0,0,0,0,0,88952909,127827757,320227222,168319036416,77560294,1,1,0,0,0,0,0,0,0,0,0,0,0,0,0,0,0,0,0,0,0,0,0,0,0,0,0,0,0,0,0,223,0,0,0,0,0,0,0
1782975978.458,0,0,0,0,0,0,0,754340124,2090534373888,880625282048,0,0,0,0,0,0,0,0,0,0,0,0,0,0,0,0,0,0,0,0,0,0,0,0,0,0,0,0,0,0,0,0,0,0,0,0,0,0,0,0,0,0,0,0,0,0,0,0,0,0,0,0,0,0,0,0,0,0,7,1847672,127884500,40977366,0,0,0,0,0,0,0,0,0,0,0,0,0,0,0,0,0,0,0,0,0,0,0,0,0,0,0,0,0,0,0,0,0,0,0,0,0,12882345984,4535599104,786276,276831,40915519,59,0,96,786432,126908557,811153,6,3652794784,12884901888,24050,711284897,0,0,0,0,0,0,0,0,0,0,0,0,0,0,0,0,0,0,17670007,117566317,0,468,1202,7661,620,35340301,35,0,0,0,0,0,0,0,1,0,0,0,0,0,0,0,0,0,0,23217578,0,40915293,749468,0,0,0,0,0,0,0,0,16384,0,0,0,0,0,0,0,0,0,0,0,3560,422,0,0,0,0,0,53715873,0,147,0,2,422,3560,0,0,0,0,0,0,0,0,0,0,0,0,0,0,0,0,0,0,0,0,0,0,0,0,0,0,0,0,0,0,0,0,0,0,0,0,0,0,0,0,0,0,0,0,0,0,0,0,0,0,0,0,0,0,278415109,0,0,0,484350710,0,0,0,0,0,0,0,88986126,127883946,320322801,168359220736,77588737,1,1,0,0,0,0,0,0,0,0,0,0,0,0,0,0,0,0,0,0,0,0,0,0,0,0,0,0,0,0,0,930,0,0,0,0,0,0,0
1782975979.524,0,0,0,0,0,0,0,754507233,2091466639872,880937564160,0,0,0,0,0,0,0,0,0,0,0,0,0,0,0,0,0,0,0,0,0,0,0,0,0,0,0,0,0,0,0,0,0,0,0,0,0,0,0,0,0,0,0,0,0,0,0,0,0,0,0,0,0,0,0,0,0,0,7,1847699,127941527,40993592,0,0,0,0,0,0,0,0,0,0,0,0,0,0,0,0,0,0,0,0,0,0,0,0,0,0,0,0,0,0,0,0,0,0,0,0,0,12877414400,4543496192,785975,277312,40931745,359,0,96,786432,126965510,811153,6,3653625103,12884901888,24050,711398438,0,0,0,0,0,0,0,0,0,0,0,0,0,0,0,0,0,0,17674845,117571155,0,468,1202,7661,620,35349980,35,0,0,0,0,0,0,0,1,0,0,0,0,0,0,0,0,0,0,23223139,0,40931519,749789,0,0,0,0,0,0,0,0,16384,0,0,0,0,0,0,0,0,0,0,0,3562,422,0,0,0,0,0,53730584,0,147,0,2,422,3562,0,0,0,0,0,0,0,0,0,0,0,0,0,0,0,0,0,0,0,0,0,0,0,0,0,0,0,0,0,0,0,0,0,0,0,0,0,0,0,0,0,0,0,0,0,0,0,0,0,0,0,0,0,0,278492432,0,0,0,484433713,0,0,0,0,0,0,0,89019737,127940828,320416605,168399570432,77617481,1,1,0,0,0,0,0,0,0,0,0,0,0,0,0,0,0,0,0,0,0,0,0,0,0,0,0,0,0,0,0,46,0,0,0,0,0,0,0
1782975980.593,0,0,0,0,0,0,0,754675481,2092404525568,881252940800,0,0,0,0,0,0,0,0,0,0,0,0,0,0,0,0,0,0,0,0,0,0,0,0,0,0,0,0,0,0,0,0,0,0,0,0,0,0,0,0,0,0,0,0,0,0,0,0,0,0,0,0,0,0,0,0,0,0,7,1847726,127998916,41009982,0,0,0,0,0,0,0,0,0,0,0,0,0,0,0,0,0,0,0,0,0,0,0,0,0,0,0,0,0,0,0,0,0,0,0,0,0,12874547200,4549492736,785800,277679,40948135,535,0,98,786432,127022841,811153,6,3654458295,12884901888,24050,711510686,0,0,0,0,0,0,0,0,0,0,0,0,0,0,0,0,0,0,17679720,117576030,0,468,1202,7661,620,35359729,35,0,0,0,0,0,0,0,1,0,0,0,0,0,0,0,0,0,0,23228736,0,40947909,750114,0,0,0,0,0,0,0,0,16384,0,0,0,0,0,0,0,0,0,0,0,3563,422,0,0,0,0,0,53745406,0,147,0,2,422,3563,0,0,0,0,0,0,0,0,0,0,0,0,0,0,0,0,0,0,0,0,0,0,0,0,0,0,0,0,0,0,0,0,0,0,0,0,0,0,0,0,0,0,0,0,0,0,0,0,0,0,0,0,0,0,278570948,0,0,0,484516413,0,0,0,0,0,0,0,89054529,127998086,320511746,168440364544,77647370,1,0,0,0,0,0,0,0,0,0,0,0,0,0,0,0,0,0,0,0,0,0,0,0,0,0,0,0,0,0,0,95,0,0,0,0,0,0,0
1782975981.662,0,0,0,0,0,0,0,754843204,2093338298880,881567041536,0,0,0,0,0,0,0,0,0,0,0,0,0,0,0,0,0,0,0,0,0,0,0,0,0,0,0,0,0,0,0,0,0,0,0,0,0,0,0,0,0,0,0,0,0,0,0,0,0,0,0,0,0,0,0,0,0,0,7,1847756,128056045,41026303,0,0,0,0,0,0,0,0,0,0,0,0,0,0,0,0,0,0,0,0,0,0,0,0,0,0,0,0,0,0,0,0,0,0,0,0,0,12876431360,4553342976,785915,277914,40964456,421,0,96,786432,127079902,811153,6,3655287807,12884901888,24050,711621390,0,0,0,0,0,0,0,0,0,0,0,0,0,0,0,0,0,0,17684578,117580888,0,468,1202,7661,620,35369444,35,0,0,0,0,0,0,0,1,0,0,0,0,0,0,0,0,0,0,23234318,0,40964230,750431,0,0,0,0,0,0,0,0,16384,0,0,0,0,0,0,0,0,0,0,0,3564,422,0,0,0,0,0,53760204,0,147,0,2,422,3564,0,0,0,0,0,0,0,0,0,0,0,0,0,0,0,0,0,0,0,0,0,0,0,0,0,0,0,0,0,0,0,0,0,0,0,0,0,0,0,0,0,0,0,0,0,0,0,0,0,0,0,0,0,0,278649812,0,0,0,484598845,0,0,0,0,0,0,0,89089300,128055063,320607159,168481318912,77677228,0,0,0,0,0,0,0,0,0,0,0,0,0,0,0,0,0,0,0,0,0,0,0,0,0,0,0,0,0,0,0,160,0,0,0,0,0,0,0
1782975982.727,0,0,0,0,0,0,0,755012283,2094283819520,881886063616,0,0,0,0,0,0,0,0,0,0,0,0,0,0,0,0,0,0,0,0,0,0,0,0,0,0,0,0,0,0,0,0,0,0,0,0,0,0,0,0,0,0,0,0,0,0,0,0,0,0,0,0,0,0,0,0,0,0,7,1847784,128113882,41042884,0,0,0,0,0,0,0,0,0,0,0,0,0,0,0,0,0,0,0,0,0,0,0,0,0,0,0,0,0,0,0,0,0,0,0,0,0,12877709312,4559208448,785993,278272,40980974,343,0,96,786432,127137678,811153,6,3656124605,12884901888,24050,711733579,0,0,0,0,0,0,0,0,0,0,0,0,0,0,0,0,0,0,17689475,117585785,0,468,1202,7661,620,35379238,35,0,0,0,0,0,0,0,1,0,0,0,0,0,0,0,0,0,0,23239944,0,40980812,750754,0,0,0,0,0,0,0,0,16384,0,0,0,0,0,0,0,0,0,0,0,3565,422,0,0,0,0,0,53775133,0,147,0,2,422,3565,0,0,0,0,0,0,0,0,0,0,0,0,0,0,0,0,0,0,0,0,0,0,0,0,0,0,0,0,0,0,0,0,0,0,0,0,0,0,0,0,0,0,0,0,0,0,0,0,0,0,0,0,0,0,278729619,0,0,0,484681969,0,0,0,0,0,0,0,89124133,128112761,320703785,168522667520,77707149,0,0,0,0,0,0,0,0,0,0,0,0,0,0,0,0,0,0,0,0,0,0,0,0,0,0,0,0,0,0,0,250,0,0,0,0,0,0,0
1782975983.796,0,0,0,0,0,0,0,755182040,2095226620416,882203890688,0,0,0,0,0,0,0,0,0,0,0,0,0,0,0,0,0,0,0,0,0,0,0,0,0,0,0,0,0,0,0,0,0,0,0,0,0,0,0,0,0,0,0,0,0,0,0,0,0,0,0,0,0,0,0,0,0,0,7,1847815,128171571,41059392,0,0,0,0,0,0,0,0,0,0,0,0,0,0,0,0,0,0,0,0,0,0,0,0,0,0,0,0,0,0,0,0,0,0,0,0,0,12874481664,4564271104,785797,278581,40997545,540,0,97,786432,127195309,811153,6,3656964612,12884901888,24050,711846600,0,0,0,0,0,0,0,0,0,0,0,0,0,0,0,0,0,0,17694385,117590694,0,468,1202,7661,620,35389060,35,0,0,0,0,0,0,0,1,0,0,0,0,0,0,0,0,0,0,23245590,0,40997319,751081,0,0,0,0,0,0,0,0,16384,0,0,0,0,0,0,0,0,0,0,0,3566,422,0,0,0,0,0,53790051,0,147,0,2,422,3566,0,0,0,0,0,0,0,0,0,0,0,0,0,0,0,0,0,0,0,0,0,0,0,0,0,0,0,0,0,0,0,0,0,0,0,0,0,0,0,0,0,0,0,0,0,0,0,0,0,0,0,0,0,0,278809261,0,0,0,484765266,0,0,0,0,0,0,0,89159084,128170311,320800158,168564035584,77737274,1,0,0,0,0,0,0,0,0,0,0,0,0,0,0,0,0,0,0,0,0,0,0,0,0,0,0,0,0,0,0,365,0,0,0,0,0,0,0
1782975984.863,0,0,0,0,0,0,0,755350432,2096169601536,882521245696,0,0,0,0,0,0,0,0,0,0,0,0,0,0,0,0,0,0,0,0,0,0,0,0,0,0,0,0,0,0,0,0,0,0,0,0,0,0,0,0,0,0,0,0,0,0,0,0,0,0,0,0,0,0,0,0,0,0,7,1847835,128229249,41075882,0,0,0,0,0,0,0,0,0,0,0,0,0,0,0,0,0,0,0,0,0,0,0,0,0,0,0,0,0,0,0,0,0,0,0,0,0,12876038144,4570988544,785891,278991,41014035,446,0,96,786432,127252925,811153,6,3657798292,12884901888,24050,711958657,0,0,0,0,0,0,0,0,0,0,0,0,0,0,0,0,0,0,17699254,117595564,0,468,1202,7661,620,35398795,35,0,0,0,0,0,0,0,1,0,0,0,0,0,0,0,0,0,0,23251188,0,41013809,751398,0,0,0,0,0,0,0,0,16384,0,0,0,0,0,0,0,0,0,0,0,3567,422,0,0,0,0,0,53804849,0,147,0,2,422,3567,0,0,0,0,0,0,0,0,0,0,0,0,0,0,0,0,0,0,0,0,0,0,0,0,0,0,0,0,0,0,0,0,0,0,0,0,0,0,0,0,0,0,0,0,0,0,0,0,0,0,0,0,0,0,278888302,0,0,0,484847894,0,0,0,0,0,0,0,89194446,128227866,320895917,168605165056,77767628,0,0,0,0,0,0,0,0,0,0,0,0,0,0,0,0,0,0,0,0,0,0,0,0,0,0,0,0,0,0,0,427,0,0,0,0,0,0,0
1782975985.929,0,0,0,0,0,0,0,755520248,2097117137408,882838227968,0,0,0,0,0,0,0,0,0,0,0,0,0,0,0,0,0,0,0,0,0,0,0,0,0,0,0,0,0,0,0,0,0,0,0,0,0,0,0,0,0,0,0,0,0,0,0,0,0,0,0,0,0,0,0,0,0,0,7,1847862,128287209,41092335,0,0,0,0,0,0,0,0,0,0,0,0,0,0,0,0,0,0,0,0,0,0,0,0,0,0,0,0,0,0,0,0,0,0,0,0,0,12877332480,4576149504,785970,279306,41030488,365,0,97,786432,127310819,811153,6,3658638892,12884901888,24050,712071490,0,0,0,0,0,0,0,0,0,0,0,0,0,0,0,0,0,0,17704175,117600484,0,468,1202,7661,620,35408635,35,0,0,0,0,0,0,0,1,0,0,0,0,0,0,0,0,0,0,23256847,0,41030262,751717,0,0,0,0,0,0,0,0,16384,0,0,0,0,0,0,0,0,0,0,0,3568,422,0,0,0,0,0,53819841,0,147,0,2,422,3568,0,0,0,0,0,0,0,0,0,0,0,0,0,0,0,0,0,0,0,0,0,0,0,0,0,0,0,0,0,0,0,0,0,0,0,0,0,0,0,0,0,0,0,0,0,0,0,0,0,0,0,0,0,0,278967860,0,0,0,484931292,0,0,0,0,0,0,0,89229643,128285684,320992159,168646557184,77797883,1,0,0,0,0,0,0,0,0,0,0,0,0,0,0,0,0,0,0,0,0,0,0,0,0,0,0,0,0,0,0,552,0,0,0,0,0,0,0
1782975986.996,0,0,0,0,0,0,0,755688925,2098055055872,883152257024,0,0,0,0,0,0,0,0,0,0,0,0,0,0,0,0,0,0,0,0,0,0,0,0,0,0,0,0,0,0,0,0,0,0,0,0,0,0,0,0,0,0,0,0,0,0,0,0,0,0,0,0,0,0,0,0,0,0,7,1847888,128344572,41108653,0,0,0,0,0,0,0,0,0,0,0,0,0,0,0,0,0,0,0,0,0,0,0,0,0,0,0,0,0,0,0,0,0,0,0,0,0,12878741504,4579540992,786056,279513,41046806,280,0,96,786432,127368112,811153,6,3659473716,12884901888,24050,712183546,0,0,0,0,0,0,0,0,0,0,0,0,0,0,0,0,0,0,17709052,117605360,0,468,1202,7661,620,35418409,35,0,0,0,0,0,0,0,1,0,0,0,0,0,0,0,0,0,0,23262453,0,41046580,752035,0,0,0,0,0,0,0,0,16384,0,0,0,0,0,0,0,0,0,0,0,3569,422,0,0,0,0,0,53834660,0,147,0,2,422,3569,0,0,0,0,0,0,0,0,0,0,0,0,0,0,0,0,0,0,0,0,0,0,0,0,0,0,0,0,0,0,0,0,0,0,0,0,0,0,0,0,0,0,0,0,0,0,0,0,0,0,0,0,0,0,279045839,0,0,0,485014210,0,0,0,0,0,0,0,89264580,128342887,321086683,168687225856,77827908,1,0,0,0,0,0,0,0,0,0,0,0,0,0,0,0,0,0,0,0,0,0,0,0,0,0,0,0,0,0,0,604,0,0,0,0,0,0,0
1782975988.061,0,0,0,0,0,0,0,755858868,2098997447168,883468096512,0,0,0,0,0,0,0,0,0,0,0,0,0,0,0,0,0,0,0,0,0,0,0,0,0,0,0,0,0,0,0,0,0,0,0,0,0,0,0,0,0,0,0,0,0,0,0,0,0,0,0,0,0,0,0,0,0,0,7,1847907,128402230,41125046,0,0,0,0,0,0,0,0,0,0,0,0,0,0,0,0,0,0,0,0,0,0,0,0,0,0,0,0,0,0,0,0,0,0,0,0,0,12879544320,4583604224,786106,279761,41063199,233,0,97,786432,127425702,811153,6,3660313562,12884901888,24050,712296082,0,0,0,0,0,0,0,0,0,0,0,0,0,0,0,0,0,0,17713981,117610291,0,468,1202,7661,620,35428248,35,0,0,0,0,0,0,0,1,0,0,0,0,0,0,0,0,0,0,23268119,0,41062973,752348,0,0,0,0,0,0,0,0,16384,0,0,0,0,0,0,0,0,0,0,0,3570,422,0,0,0,0,0,53849643,0,147,0,2,422,3570,0,0,0,0,0,0,0,0,0,0,0,0,0,0,0,0,0,0,0,0,0,0,0,0,0,0,0,0,0,0,0,0,0,0,0,0,0,0,0,0,0,0,0,0,0,0,0,0,0,0,0,0,0,0,279125353,0,0,0,485097693,0,0,0,0,0,0,0,89299166,128400406,321182798,168728493056,77857669,1,0,0,0,0,0,0,0,0,0,0,0,0,0,0,0,0,0,0,0,0,0,0,0,0,0,0,0,0,0,0,722,0,0,0,0,0,0,0
1782975989.131,0,0,0,0,0,0,0,756029020,2099946703360,883786636288,0,0,0,0,0,0,0,0,0,0,0,0,0,0,0,0,0,0,0,0,0,0,0,0,0,0,0,0,0,0,0,0,0,0,0,0,0,0,0,0,0,0,0,0,0,0,0,0,0,0,0,0,0,0,0,0,0,0,7,1847935,128460292,41141578,0,0,0,0,0,0,0,0,0,0,0,0,0,0,0,0,0,0,0,0,0,0,0,0,0,0,0,0,0,0,0,0,0,0,0,0,0,12876464128,4587110400,785917,279975,41079731,419,0,96,786432,127483689,811153,6,3661156014,12884901888,24050,712409155,0,0,0,0,0,0,0,0,0,0,0,0,0,0,0,0,0,0,17718908,117615216,0,468,1202,7661,620,35438105,35,0,0,0,0,0,0,0,1,0,0,0,0,0,0,0,0,0,0,23273775,0,41079505,752676,0,0,0,0,0,0,0,0,16384,0,0,0,0,0,0,0,0,0,0,0,3571,422,0,0,0,0,0,53864618,0,147,0,2,422,3571,0,0,0,0,0,0,0,0,0,0,0,0,0,0,0,0,0,0,0,0,0,0,0,0,0,0,0,0,0,0,0,0,0,0,0,0,0,0,0,0,0,0,0,0,0,0,0,0,0,0,0,0,0,0,279205507,0,0,0,485181235,0,0,0,0,0,0,0,89335003,128458313,321279738,168770270208,77888491,0,1,0,0,0,0,0,0,0,0,0,0,0,0,0,0,0,0,0,0,0,0,0,0,0,0,0,0,0,0,0,819,0,0,0,0,0,0,0
1782975990.199,0,0,0,0,0,0,0,756200640,2100900497920,884106135040,0,0,0,0,0,0,0,0,0,0,0,0,0,0,0,0,0,0,0,0,0,0,0,0,0,0,0,0,0,0,0,0,0,0,0,0,0,0,0,0,0,0,0,0,0,0,0,0,0,0,0,0,0,0,0,0,0,0,7,1847963,128518666,41158141,0,0,0,0,0,0,0,0,0,0,0,0,0,0,0,0,0,0,0,0,0,0,0,0,0,0,0,0,0,0,0,0,0,0,0,0,0,12875710464,4593369088,785870,280357,41096294,465,0,97,786432,127542009,811153,6,3662004129,12884901888,24050,712522942,0,0,0,0,0,0,0,0,0,0,0,0,0,0,0,0,0,0,17723866,117620176,0,468,1202,7661,620,35448019,35,0,0,0,0,0,0,0,1,0,0,0,0,0,0,0,0,0,0,23279480,0,41096068,753002,0,0,0,0,0,0,0,0,16384,0,0,0,0,0,0,0,0,0,0,0,3572,422,0,0,0,0,0,53879695,0,147,0,2,422,3572,0,0,0,0,0,0,0,0,0,0,0,0,0,0,0,0,0,0,0,0,0,0,0,0,0,0,0,0,0,0,0,0,0,0,0,0,0,0,0,0,0,0,0,0,0,0,0,0,0,0,0,0,0,0,279286456,0,0,0,485265394,0,0,0,0,0,0,0,89370951,128516539,321377509,168812386304,77919375,0,0,0,0,0,0,0,0,0,0,0,0,0,0,0,0,0,0,0,0,0,0,0,0,0,0,0,0,0,0,0,954,0,0,0,0,0,0,0
1782975991.267,0,0,0,0,0,0,0,756369838,2101845527040,884422104576,0,0,0,0,0,0,0,0,0,0,0,0,0,0,0,0,0,0,0,0,0,0,0,0,0,0,0,0,0,0,0,0,0,0,0,0,0,0,0,0,0,0,0,0,0,0,0,0,0,0,0,0,0,0,0,0,0,0,7,1847996,128576458,41174553,0,0,0,0,0,0,0,0,0,0,0,0,0,0,0,0,0,0,0,0,0,0,0,0,0,0,0,0,0,0,0,0,0,0,0,0,0,12876087296,4597907456,785894,280634,41112706,441,0,97,786432,127599738,811153,6,3662841420,12884901888,24050,712635471,0,0,0,0,0,0,0,0,0,0,0,0,0,0,0,0,0,0,17728763,117625072,0,468,1202,7661,620,35457816,35,0,0,0,0,0,0,0,1,0,0,0,0,0,0,0,0,0,0,23285102,0,41112480,753317,0,0,0,0,0,0,0,0,16384,0,0,0,0,0,0,0,0,0,0,0,3573,422,0,0,0,0,0,53894560,0,147,0,2,422,3573,0,0,0,0,0,0,0,0,0,0,0,0,0,0,0,0,0,0,0,0,0,0,0,0,0,0,0,0,0,0,0,0,0,0,0,0,0,0,0,0,0,0,0,0,0,0,0,0,0,0,0,0,0,0,279364523,0,0,0,485348465,0,0,0,0,0,0,0,89405291,128574198,321472200,168853075968,77948839,1,0,0,0,0,0,0,0,0,0,0,0,0,0,0,0,0,0,0,0,0,0,0,0,0,0,0,0,0,0,0,1023,0,0,0,0,0,0,0
1782975992.334,0,0,0,0,0,0,0,756538648,2102789556736,884735240704,0,0,0,0,0,0,0,0,0,0,0,0,0,0,0,0,0,0,0,0,0,0,0,0,0,0,0,0,0,0,0,0,0,0,0,0,0,0,0,0,0,0,0,0,0,0,0,0,0,0,0,0,0,0,0,0,0,0,7,1848018,128634231,41190899,0,0,0,0,0,0,0,0,0,0,0,0,0,0,0,0,0,0,0,0,0,0,0,0,0,0,0,0,0,0,0,0,0,0,0,0,0,12878381056,4601708544,786034,280866,41129052,302,0,96,786432,127657448,811153,6,3663676798,12884901888,24050,712747243,0,0,0,0,0,0,0,0,0,0,0,0,0,0,0,0,0,0,17733657,117629967,0,468,1202,7661,620,35467602,35,0,0,0,0,0,0,0,1,0,0,0,0,0,0,0,0,0,0,23290733,0,41128826,753638,0,0,0,0,0,0,0,0,16384,0,0,0,0,0,0,0,0,0,0,0,3574,422,0,0,0,0,0,53909438,0,147,0,2,422,3574,0,0,0,0,0,0,0,0,0,0,0,0,0,0,0,0,0,0,0,0,0,0,0,0,0,0,0,0,0,0,0,0,0,0,0,0,0,0,0,0,0,0,0,0,0,0,0,0,0,0,0,0,0,0,279439894,0,0,0,485431466,0,0,0,0,0,0,0,89438878,128631818,321564165,168892316672,77977487,1,0,0,0,0,0,0,0,0,0,0,0,0,0,0,0,0,0,0,0,0,0,0,0,0,0,0,0,0,0,0,1116,0,0,0,0,0,0,0
1782975993.402,0,0,0,0,0,0,0,756706269,2103719102976,885083202560,0,0,0,0,0,0,0,0,0,0,0,0,0,0,0,0,0,0,0,0,0,0,0,0,0,0,0,0,0,0,0,0,0,0,0,0,0,0,0,0,0,0,0,0,0,0,0,0,0,0,0,0,0,0,0,0,0,0,7,1848033,128691079,41209132,0,0,0,0,0,0,0,0,0,0,0,0,0,0,0,0,0,0,0,0,0,0,0,0,0,0,0,0,0,0,0,0,0,0,0,0,0,12873629696,4573822976,785744,279164,41145059,592,0,96,786432,127714223,811153,6,3664506129,12884901888,24050,712858686,0,0,0,0,0,0,0,0,0,0,0,0,0,0,0,0,0,0,17738503,117634813,0,468,1202,7661,620,35477297,35,0,0,0,0,0,0,0,1,0,0,0,0,0,0,0,0,0,0,23296304,0,41146881,753974,0,0,0,0,0,0,0,0,16384,0,0,0,0,0,0,0,0,0,0,0,3575,422,0,0,0,0,0,53924160,0,147,0,2,422,3575,0,0,0,0,0,0,0,0,0,0,0,0,0,0,0,0,0,0,0,0,0,0,0,0,0,0,0,0,0,0,0,0,0,0,0,0,0,0,0,0,0,0,0,0,0,0,0,0,0,0,0,0,0,0,279519450,0,0,0,485513823,0,0,0,0,0,0,0,89473696,128688531,321662216,168933554176,78006981,1,0,0,0,0,0,0,0,0,0,0,0,0,0,0,0,0,0,0,0,0,0,0,0,0,0,0,0,0,0,0,1152,0,0,0,0,0,0,0
1782975994.466,0,0,0,0,0,0,0,756873577,2104656562688,885425533952,0,0,0,0,0,0,0,0,0,0,0,0,0,0,0,0,0,0,0,0,0,0,0,0,0,0,0,0,0,0,0,0,0,0,0,0,0,0,0,0,0,0,0,0,0,0,0,0,0,0,0,0,0,0,0,0,0,0,7,1848048,128748447,41227301,0,0,0,0,0,0,0,0,0,0,0,0,0,0,0,0,0,0,0,0,0,0,0,0,0,0,0,0,0,0,0,0,0,0,0,0,0,12874891264,4545740800,785820,277450,41165454,514,0,97,786432,127771520,811153,6,3665333881,12884901888,24050,712969551,0,0,0,0,0,0,0,0,0,0,0,0,0,0,0,0,0,0,17743352,117639660,0,468,1202,7661,620,35486990,35,0,0,0,0,0,0,0,1,0,0,0,0,0,0,0,0,0,0,23301875,0,41165228,754315,0,0,0,0,0,0,0,0,16384,0,0,0,0,0,0,0,0,0,0,0,3577,422,0,0,0,0,0,53938923,0,147,0,2,422,3577,0,0,0,0,0,0,0,0,0,0,0,0,0,0,0,0,0,0,0,0,0,0,0,0,0,0,0,0,0,0,0,0,0,0,0,0,0,0,0,0,0,0,0,0,0,0,0,0,0,0,0,0,0,0,279598470,0,0,0,485596043,0,0,0,0,0,0,0,89508619,128745743,321759628,168974577664,78036679,1,0,0,0,0,0,0,0,0,0,0,0,0,0,0,0,0,0,0,0,0,0,0,0,0,0,0,0,0,0,0,1201,0,0,0,0,0,0,0
1782975995.534,0,0,0,0,0,0,0,757042585,2105601067520,885742685184,0,0,0,0,0,0,0,0,0,0,0,0,0,0,0,0,0,0,0,0,0,0,0,0,0,0,0,0,0,0,0,0,0,0,0,0,0,0,0,0,0,0,0,0,0,0,0,0,0,0,0,0,0,0,0,0,0,0,7,1848070,128806248,41243744,0,0,0,0,0,0,0,0,0,0,0,0,0,0,0,0,0,0,0,0,0,0,0,0,0,0,0,0,0,0,0,0,0,0,0,0,0,12876169216,4549296128,785898,277667,41181897,437,0,97,786432,127829259,811153,6,3666173517,12884901888,24050,713084164,0,0,0,0,0,0,0,0,0,0,0,0,0,0,0,0,0,0,17748245,117644554,0,468,1202,7661,620,35496775,35,0,0,0,0,0,0,0,1,0,0,0,0,0,0,0,0,0,0,23307508,0,41181671,754631,0,0,0,0,0,0,0,0,16384,0,0,0,0,0,0,0,0,0,0,0,3578,422,0,0,0,0,0,53953800,0,147,0,2,422,3578,0,0,0,0,0,0,0,0,0,0,0,0,0,0,0,0,0,0,0,0,0,0,0,0,0,0,0,0,0,0,0,0,0,0,0,0,0,0,0,0,0,0,0,0,0,0,0,0,0,0,0,0,0,0,279678844,0,0,0,485680260,0,0,0,0,0,0,0,89543487,128803387,321856666,169016247296,78066695,1,0,0,0,0,0,0,0,0,0,0,0,0,0,0,0,0,0,0,0,0,0,0,0,0,0,0,0,0,0,0,105,0,0,0,0,0,0,0
1782975996.602,0,0,0,0,0,0,0,757212294,2106546997760,886058934272,0,0,0,0,0,0,0,0,0,0,0,0,0,0,0,0,0,0,0,0,0,0,0,0,0,0,0,0,0,0,0,0,0,0,0,0,0,0,0,0,0,0,0,0,0,0,0,0,0,0,0,0,0,0,0,0,0,0,7,1848093,128864110,41260150,0,0,0,0,0,0,0,0,0,0,0,0,0,0,0,0,0,0,0,0,0,0,0,0,0,0,0,0,0,0,0,0,0,0,0,0,0,12877676544,4555980800,785991,278075,41198303,345,0,96,786432,127887042,811153,6,3667012743,12884901888,24050,713196714,0,0,0,0,0,0,0,0,0,0,0,0,0,0,0,0,0,0,17753166,117649475,0,468,1202,7661,620,35506617,35,0,0,0,0,0,0,0,1,0,0,0,0,0,0,0,0,0,0,23313159,0,41198077,754953,0,0,0,0,0,0,0,0,16384,0,0,0,0,0,0,0,0,0,0,0,3579,422,0,0,0,0,0,53968753,0,147,0,2,422,3579,0,0,0,0,0,0,0,0,0,0,0,0,0,0,0,0,0,0,0,0,0,0,0,0,0,0,0,0,0,0,0,0,0,0,0,0,0,0,0,0,0,0,0,0,0,0,0,0,0,0,0,0,0,0,279758537,0,0,0,485763629,0,0,0,0,0,0,0,89578467,128861104,321953008,169057618944,78096755,1,1,0,0,0,0,0,0,0,0,0,0,0,0,0,0,0,0,0,0,0,0,0,0,0,0,0,0,0,0,0,213,0,0,0,0,0,0,0
1782975997.670,0,0,0,0,0,0,0,757382552,2107492551168,886377023488,0,0,0,0,0,0,0,0,0,0,0,0,0,0,0,0,0,0,0,0,0,0,0,0,0,0,0,0,0,0,0,0,0,0,0,0,0,0,0,0,0,0,0,0,0,0,0,0,0,0,0,0,0,0,0,0,0,0,7,1848119,128921943,41276686,0,0,0,0,0,0,0,0,0,0,0,0,0,0,0,0,0,0,0,0,0,0,0,0,0,0,0,0,0,0,0,0,0,0,0,0,0,12874579968,4561272832,785802,278398,41214839,532,0,96,786432,127944815,811153,6,3667854471,12884901888,24050,713309262,0,0,0,0,0,0,0,0,0,0,0,0,0,0,0,0,0,0,17758093,117654402,0,468,1202,7661,620,35516472,35,0,0,0,0,0,0,0,1,0,0,0,0,0,0,0,0,0,0,23318817,0,41214613,755271,0,0,0,0,0,0,0,0,16384,0,0,0,0,0,0,0,0,0,0,0,3580,422,0,0,0,0,0,53983732,0,147,0,2,422,3580,0,0,0,0,0,0,0,0,0,0,0,0,0,0,0,0,0,0,0,0,0,0,0,0,0,0,0,0,0,0,0,0,0,0,0,0,0,0,0,0,0,0,0,0,0,0,0,0,0,0,0,0,0,0,279837619,0,0,0,485847250,0,0,0,0,0,0,0,89612927,128918787,322048891,169098744832,78126215,0,0,0,0,0,0,0,0,0,0,0,0,0,0,0,0,0,0,0,0,0,0,0,0,0,0,0,0,0,0,0,341,0,0,0,0,0,0,0
1782975998.737,0,0,0,0,0,0,0,757551789,2108433746432,886690737664,0,0,0,0,0,0,0,0,0,0,0,0,0,0,0,0,0,0,0,0,0,0,0,0,0,0,0,0,0,0,0,0,0,0,0,0,0,0,0,0,0,0,0,0,0,0,0,0,0,0,0,0,0,0,0,0,0,0,7,1848149,128979517,41293036,0,0,0,0,0,0,0,0,0,0,0,0,0,0,0,0,0,0,0,0,0,0,0,0,0,0,0,0,0,0,0,0,0,0,0,0,0,12875726848,4567056384,785872,278751,41231189,462,0,97,786432,128002324,811153,6,3668691451,12884901888,24050,713421515,0,0,0,0,0,0,0,0,0,0,0,0,0,0,0,0,0,0,17762991,117659301,0,468,1202,7661,620,35526273,35,0,0,0,0,0,0,0,1,0,0,0,0,0,0,0,0,0,0,23324443,0,41230963,755572,0,0,0,0,0,0,0,0,16384,0,0,0,0,0,0,0,0,0,0,0,3581,422,0,0,0,0,0,53998633,0,147,0,2,422,3581,0,0,0,0,0,0,0,0,0,0,0,0,0,0,0,0,0,0,0,0,0,0,0,0,0,0,0,0,0,0,0,0,0,0,0,0,0,0,0,0,0,0,0,0,0,0,0,0,0,0,0,0,0,0,279913761,0,0,0,485930377,0,0,0,0,0,0,0,89646483,128976222,322141589,169138406400,78154961,1,0,0,0,0,0,0,0,0,0,0,0,0,0,0,0,0,0,0,0,0,0,0,0,0,0,0,0,0,0,0,433,0,0,0,0,0,0,0
1782975999.801,0,0,0,0,0,0,0,757720495,2109376268800,887005105664,0,0,0,0,0,0,0,0,0,0,0,0,0,0,0,0,0,0,0,0,0,0,0,0,0,0,0,0,0,0,0,0,0,0,0,0,0,0,0,0,0,0,0,0,0,0,0,0,0,0,0,0,0,0,0,0,0,0,7,1848183,129037173,41309320,0,0,0,0,0,0,0,0,0,0,0,0,0,0,0,0,0,0,0,0,0,0,0,0,0,0,0,0,0,0,0,0,0,0,0,0,0,12877430784,4572446720,785976,279080,41247473,358,0,96,786432,128059922,811153,6,3669526646,12884901888,24050,713534120,0,0,0,0,0,0,0,0,0,0,0,0,0,0,0,0,0,0,17767871,117664177,0,468,1202,7661,620,35536030,35,0,0,0,0,0,0,0,1,0,0,0,0,0,0,0,0,0,0,23330053,0,41247247,755887,0,0,0,0,0,0,0,0,16384,0,0,0,0,0,0,0,0,0,0,0,3582,422,0,0,0,0,0,54013457,0,147,0,2,422,3582,0,0,0,0,0,0,0,0,0,0,0,0,0,0,0,0,0,0,0,0,0,0,0,0,0,0,0,0,0,0,0,0,0,0,0,0,0,0,0,0,0,0,0,0,0,0,0,0,0,0,0,0,0,0,279992864,0,0,0,486013175,0,0,0,0,0,0,0,89681393,129033730,322237193,169179794944,78184892,1,1,0,0,0,0,0,0,0,0,0,0,0,0,0,0,0,0,0,0,0,0,0,0,0,0,0,0,0,0,0,501,0,0,0,0,0,0,0
1782976000.865,0,0,0,0,0,0,0,757889940,2110318971392,887319535104,0,0,0,0,0,0,0,0,0,0,0,0,0,0,0,0,0,0,0,0,0,0,0,0,0,0,0,0,0,0,0,0,0,0,0,0,0,0,0,0,0,0,0,0,0,0,0,0,0,0,0,0,0,0,0,0,0,0,7,1848207,129094851,41325612,0,0,0,0,0,0,0,0,0,0,0,0,0,0,0,0,0,0,0,0,0,0,0,0,0,0,0,0,0,0,0,0,0,0,0,0,0,12878381056,4579803136,786034,279529,41263765,302,0,96,786432,128117529,811153,6,3670365393,12884901888,24050,713647050,0,0,0,0,0,0,0,0,0,0,0,0,0,0,0,0,0,0,17772769,117669078,0,468,1202,7661,620,35545828,35,0,0,0,0,0,0,0,1,0,0,0,0,0,0,0,0,0,0,23335689,0,41263539,756199,0,0,0,0,0,0,0,0,16384,0,0,0,0,0,0,0,0,0,0,0,3583,422,0,0,0,0,0,54028374,0,147,0,2,422,3583,0,0,0,0,0,0,0,0,0,0,0,0,0,0,0,0,0,0,0,0,0,0,0,0,0,0,0,0,0,0,0,0,0,0,0,0,0,0,0,0,0,0,0,0,0,0,0,0,0,0,0,0,0,0,280072217,0,0,0,486096310,0,0,0,0,0,0,0,89716026,129091237,322333068,169221083648,78214723,0,0,0,0,0,0,0,0,0,0,0,0,0,0,0,0,0,0,0,0,0,0,0,0,0,0,0,0,0,0,0,589,0,0,0,0,0,0,0
1782976001.931,0,0,0,0,0,0,0,758059605,2111259412992,887635939328,0,0,0,0,0,0,0,0,0,0,0,0,0,0,0,0,0,0,0,0,0,0,0,0,0,0,0,0,0,0,0,0,0,0,0,0,0,0,0,0,0,0,0,0,0,0,0,0,0,0,0,0,0,0,0,0,0,0,7,1848228,129152379,41342030,0,0,0,0,0,0,0,0,0,0,0,0,0,0,0,0,0,0,0,0,0,0,0,0,0,0,0,0,0,0,0,0,0,0,0,0,0,12875628544,4586766336,785867,279955,41280157,471,0,96,786432,128174987,811153,6,3671204142,12884901888,24050,713759629,0,0,0,0,0,0,0,0,0,0,0,0,0,0,0,0,0,0,17777685,117673995,0,468,1202,7661,620,35555660,35,0,0,0,0,0,0,0,1,0,0,0,0,0,0,0,0,0,0,23341337,0,41279931,756512,0,0,0,0,0,0,0,0,16384,0,0,0,0,0,0,0,0,0,0,0,3584,422,0,0,0,0,0,54043308,0,147,0,2,422,3584,0,0,0,0,0,0,0,0,0,0,0,0,0,0,0,0,0,0,0,0,0,0,0,0,0,0,0,0,0,0,0,0,0,0,0,0,0,0,0,0,0,0,0,0,0,0,0,0,0,0,0,0,0,0,280151592,0,0,0,486179649,0,0,0,0,0,0,0,89750808,129148652,322429089,169262221312,78244640,1,0,0,0,0,0,0,0,0,0,0,0,0,0,0,0,0,0,0,0,0,0,0,0,0,0,0,0,0,0,0,701,0,0,0,0,0,0,0
1782976002.998,0,0,0,0,0,0,0,758229444,2112203868672,887953649664,0,0,0,0,0,0,0,0,0,0,0,0,0,0,0,0,0,0,0,0,0,0,0,0,0,0,0,0,0,0,0,0,0,0,0,0,0,0,0,0,0,0,0,0,0,0,0,0,0,0,0,0,0,0,0,0,0,0,7,1848250,129210137,41358542,0,0,0,0,0,0,0,0,0,0,0,0,0,0,0,0,0,0,0,0,0,0,0,0,0,0,0,0,0,0,0,0,0,0,0,0,0,12878757888,4590764032,786056,280198,41296695,279,0,97,786432,128232676,811153,6,3672043982,12884901888,24050,713872556,0,0,0,0,0,0,0,0,0,0,0,0,0,0,0,0,0,0,17782591,117678901,0,468,1202,7661,620,35565471,35,0,0,0,0,0,0,0,1,0,0,0,0,0,0,0,0,0,0,23346976,0,41296469,756830,0,0,0,0,0,0,0,0,16384,0,0,0,0,0,0,0,0,0,0,0,3585,422,0,0,0,0,0,54058217,0,147,0,2,422,3585,0,0,0,0,0,0,0,0,0,0,0,0,0,0,0,0,0,0,0,0,0,0,0,0,0,0,0,0,0,0,0,0,0,0,0,0,0,0,0,0,0,0,0,0,0,0,0,0,0,0,0,0,0,0,280231027,0,0,0,486262958,0,0,0,0,0,0,0,89785866,129206274,322525248,169303469568,78274816,1,0,0,0,0,0,0,0,0,0,0,0,0,0,0,0,0,0,0,0,0,0,0,0,0,0,0,0,0,0,0,820,0,0,0,0,0,0,0
1782976004.065,0,0,0,0,0,0,0,758401451,2113157515776,888272427520,0,0,0,0,0,0,0,0,0,0,0,0,0,0,0,0,0,0,0,0,0,0,0,0,0,0,0,0,0,0,0,0,0,0,0,0,0,0,0,0,0,0,0,0,0,0,0,0,0,0,0,0,0,0,0,0,0,0,7,1848282,129268493,41375075,0,0,0,0,0,0,0,0,0,0,0,0,0,0,0,0,0,0,0,0,0,0,0,0,0,0,0,0,0,0,0,0,0,0,0,0,0,12875612160,4596645888,785865,280557,41313228,471,0,96,786432,128290967,811153,6,3672894227,12884901888,24050,713986921,0,0,0,0,0,0,0,0,0,0,0,0,0,0,0,0,0,0,17787569,117683879,0,468,1202,7661,620,35575426,35,0,0,0,0,0,0,0,1,0,0,0,0,0,0,0,0,0,0,23352695,0,41313002,757151,0,0,0,0,0,0,0,0,16384,0,0,0,0,0,0,0,0,0,0,0,3586,422,0,0,0,0,0,54073340,0,147,0,2,422,3586,0,0,0,0,0,0,0,0,0,0,0,0,0,0,0,0,0,0,0,0,0,0,0,0,0,0,0,0,0,0,0,0,0,0,0,0,0,0,0,0,0,0,0,0,0,0,0,0,0,0,0,0,0,0,280310714,0,0,0,486347327,0,0,0,0,0,0,0,89820964,129264486,322621703,169345074688,78304998,1,0,0,0,0,0,0,0,0,0,0,0,0,0,0,0,0,0,0,0,0,0,0,0,0,0,0,0,0,0,0,988,0,0,0,0,0,0,0
1782976005.134,0,0,0,0,0,0,0,758571891,2114105166336,888591771136,0,0,0,0,0,0,0,0,0,0,0,0,0,0,0,0,0,0,0,0,0,0,0,0,0,0,0,0,0,0,0,0,0,0,0,0,0,0,0,0,0,0,0,0,0,0,0,0,0,0,0,0,0,0,0,0,0,0,7,1848304,129326459,41391652,0,0,0,0,0,0,0,0,0,0,0,0,0,0,0,0,0,0,0,0,0,0,0,0,0,0,0,0,0,0,0,0,0,0,0,0,0,12877185024,4599693312,785961,280743,41329805,375,0,96,786432,128348871,811153,6,3673737145,12884901888,24050,714100120,0,0,0,0,0,0,0,0,0,0,0,0,0,0,0,0,0,0,17792506,117688815,0,468,1202,7661,620,35585301,35,0,0,0,0,0,0,0,1,0,0,0,0,0,0,0,0,0,0,23358366,0,41329579,757464,0,0,0,0,0,0,0,0,16384,0,0,0,0,0,0,0,0,0,0,0,3587,422,0,0,0,0,0,54088366,0,147,0,2,422,3587,0,0,0,0,0,0,0,0,0,0,0,0,0,0,0,0,0,0,0,0,0,0,0,0,0,0,0,0,0,0,0,0,0,0,0,0,0,0,0,0,0,0,0,0,0,0,0,0,0,0,0,0,0,0,280390522,0,0,0,486430981,0,0,0,0,0,0,0,89855960,129322334,322718314,169386464768,78335160,1,0,0,0,0,0,0,0,0,0,0,0,0,0,0,0,0,0,0,0,0,0,0,0,0,0,0,0,0,0,0,1101,0,0,0,0,0,0,0
1782976006.203,0,0,0,0,0,0,0,758741362,2115054914048,888910461440,0,0,0,0,0,0,0,0,0,0,0,0,0,0,0,0,0,0,0,0,0,0,0,0,0,0,0,0,0,0,0,0,0,0,0,0,0,0,0,0,0,0,0,0,0,0,0,0,0,0,0,0,0,0,0,0,0,0,7,1848331,129384546,41408204,0,0,0,0,0,0,0,0,0,0,0,0,0,0,0,0,0,0,0,0,0,0,0,0,0,0,0,0,0,0,0,0,0,0,0,0,0,12878036992,4602724352,786013,280928,41346357,323,0,97,786432,128406901,811153,6,3674575527,12884901888,24050,714212693,0,0,0,0,0,0,0,0,0,0,0,0,0,0,0,0,0,0,17797406,117693716,0,468,1202,7661,620,35595107,35,0,0,0,0,0,0,0,1,0,0,0,0,0,0,0,0,0,0,23363996,0,41346131,757784,0,0,0,0,0,0,0,0,16384,0,0,0,0,0,0,0,0,0,0,0,3588,422,0,0,0,0,0,54103268,0,147,0,2,422,3588,0,0,0,0,0,0,0,0,0,0,0,0,0,0,0,0,0,0,0,0,0,0,0,0,0,0,0,0,0,0,0,0,0,0,0,0,0,0,0,0,0,0,0,0,0,0,0,0,0,0,0,0,0,0,280469869,0,0,0,486514146,0,0,0,0,0,0,0,89891128,129380284,322814457,169427789824,78365292,1,0,0,0,0,0,0,0,0,0,0,0,0,0,0,0,0,0,0,0,0,0,0,0,0,0,0,0,0,0,0,1185,0,0,0,0,0,0,0
1782976007.272,0,0,0,0,0,0,0,758911189,2115996436992,889229762560,0,0,0,0,0,0,0,0,0,0,0,0,0,0,0,0,0,0,0,0,0,0,0,0,0,0,0,0,0,0,0,0,0,0,0,0,0,0,0,0,0,0,0,0,0,0,0,0,0,0,0,0,0,0,0,0,0,0,7,1848361,129442129,41424748,0,0,0,0,0,0,0,0,0,0,0,0,0,0,0,0,0,0,0,0,0,0,0,0,0,0,0,0,0,0,0,0,0,0,0,0,0,12877987840,4607655936,786010,281229,41362901,324,0,96,786432,128464437,811153,6,3675419150,12884901888,24050,714328697,0,0,0,0,0,0,0,0,0,0,0,0,0,0,0,0,0,0,17802321,117698628,0,468,1202,7661,620,35604933,35,0,0,0,0,0,0,0,1,0,0,0,0,0,0,0,0,0,0,23369650,0,41362675,758101,0,0,0,0,0,0,0,0,16384,0,0,0,0,0,0,0,0,0,0,0,3589,422,0,0,0,0,0,54118190,0,147,0,2,422,3589,0,0,0,0,0,0,0,0,0,0,0,0,0,0,0,0,0,0,0,0,0,0,0,0,0,0,0,0,0,0,0,0,0,0,0,0,0,0,0,0,0,0,0,0,0,0,0,0,0,0,0,0,0,0,280549952,0,0,0,486598786,0,0,0,0,0,0,0,89925788,129437731,322911301,169469606400,78395116,0,0,0,0,0,0,0,0,0,0,0,0,0,0,0,0,0,0,0,0,0,0,0,0,0,0,0,0,0,0,0,88,0,0,0,0,0,0,0
1782976008.341,0,0,0,0,0,0,0,759081212,2116939303424,889547277824,0,0,0,0,0,0,0,0,0,0,0,0,0,0,0,0,0,0,0,0,0,0,0,0,0,0,0,0,0,0,0,0,0,0,0,0,0,0,0,0,0,0,0,0,0,0,0,0,0,0,0,0,0,0,0,0,0,0,7,1848379,129499814,41441228,0,0,0,0,0,0,0,0,0,0,0,0,0,0,0,0,0,0,0,0,0,0,0,0,0,0,0,0,0,0,0,0,0,0,0,0,0,12877774848,4614045696,785997,281619,41379381,338,0,96,786432,128522055,811153,6,3676259530,12884901888,24050,714441420,0,0,0,0,0,0,0,0,0,0,0,0,0,0,0,0,0,0,17807239,117703549,0,468,1202,7661,620,35614771,35,0,0,0,0,0,0,0,1,0,0,0,0,0,0,0,0,0,0,23375299,0,41379155,758418,0,0,0,0,0,0,0,0,16384,0,0,0,0,0,0,0,0,0,0,0,3590,422,0,0,0,0,0,54133170,0,147,0,2,422,3590,0,0,0,0,0,0,0,0,0,0,0,0,0,0,0,0,0,0,0,0,0,0,0,0,0,0,0,0,0,0,0,0,0,0,0,0,0,0,0,0,0,0,0,0,0,0,0,0,0,0,0,0,0,0,280629838,0,0,0,486682188,0,0,0,0,0,0,0,89960825,129495292,323007896,169511116288,78425243,1,0,0,0,0,0,0,0,0,0,0,0,0,0,0,0,0,0,0,0,0,0,0,0,0,0,0,0,0,0,0,200,0,0,0,0,0,0,0
1782976009.406,0,0,0,0,0,0,0,759248218,2117867194880,889895909888,0,0,0,0,0,0,0,0,0,0,0,0,0,0,0,0,0,0,0,0,0,0,0,0,0,0,0,0,0,0,0,0,0,0,0,0,0,0,0,0,0,0,0,0,0,0,0,0,0,0,0,0,0,0,0,0,0,0,7,1848407,129556581,41459671,0,0,0,0,0,0,0,0,0,0,0,0,0,0,0,0,0,0,0,0,0,0,0,0,0,0,0,0,0,0,0,0,0,0,0,0,0,12876759040,4581687296,785935,279644,41395514,401,0,96,786432,128578754,811153,6,3677085658,12884901888,24050,714552340,0,0,0,0,0,0,0,0,0,0,0,0,0,0,0,0,0,0,17812077,117708386,0,468,1202,7661,620,35624443,35,0,0,0,0,0,0,0,1,0,0,0,0,0,0,0,0,0,0,23380860,0,41397464,758741,0,0,0,0,0,0,0,0,16384,0,0,0,0,0,0,0,0,0,0,0,3591,422,0,0,0,0,0,54147870,0,147,0,2,422,3591,0,0,0,0,0,0,0,0,0,0,0,0,0,0,0,0,0,0,0,0,0,0,0,0,0,0,0,0,0,0,0,0,0,0,0,0,0,0,0,0,0,0,0,0,0,0,0,0,0,0,0,0,0,0,280707933,0,0,0,486764287,0,0,0,0,0,0,0,89995165,129551936,323104696,169551713792,78454541,1,0,0,0,0,0,0,0,0,0,0,0,0,0,0,0,0,0,0,0,0,0,0,0,0,0,0,0,0,0,0,242,0,0,0,0,0,0,0
1782976010.472,0,0,0,0,0,0,0,759416543,2118804507136,890239691776,0,0,0,0,0,0,0,0,0,0,0,0,0,0,0,0,0,0,0,0,0,0,0,0,0,0,0,0,0,0,0,0,0,0,0,0,0,0,0,0,0,0,0,0,0,0,0,0,0,0,0,0,0,0,0,0,0,0,7,1848436,129613907,41477818,0,0,0,0,0,0,0,0,0,0,0,0,0,0,0,0,0,0,0,0,0,0,0,0,0,0,0,0,0,0,0,0,0,0,0,0,0,12874252288,4557275136,785782,278154,41415971,554,0,97,786432,128636042,811153,6,3677918291,12884901888,24050,714664510,0,0,0,0,0,0,0,0,0,0,0,0,0,0,0,0,0,0,17816943,117713252,0,468,1202,7661,620,35634175,35,0,0,0,0,0,0,0,1,0,0,0,0,0,0,0,0,0,0,23386443,0,41415745,759071,0,0,0,0,0,0,0,0,16384,0,0,0,0,0,0,0,0,0,0,0,3593,422,0,0,0,0,0,54162645,0,147,0,2,422,3593,0,0,0,0,0,0,0,0,0,0,0,0,0,0,0,0,0,0,0,0,0,0,0,0,0,0,0,0,0,0,0,0,0,0,0,0,0,0,0,0,0,0,0,0,0,0,0,0,0,0,0,0,0,0,280785961,0,0,0,486846923,0,0,0,0,0,0,0,90029439,129609138,323201092,169592263680,78483748,1,0,0,0,0,0,0,0,0,0,0,0,0,0,0,0,0,0,0,0,0,0,0,0,0,0,0,0,0,0,0,283,0,0,0,0,0,0,0
1782976011.539,0,0,0,0,0,0,0,759586392,2119748471296,890557163520,0,0,0,0,0,0,0,0,0,0,0,0,0,0,0,0,0,0,0,0,0,0,0,0,0,0,0,0,0,0,0,0,0,0,0,0,0,0,0,0,0,0,0,0,0,0,0,0,0,0,0,0,0,0,0,0,0,0,7,1848468,129671648,41494280,0,0,0,0,0,0,0,0,0,0,0,0,0,0,0,0,0,0,0,0,0,0,0,0,0,0,0,0,0,0,0,0,0,0,0,0,0,12878249984,4562059264,786026,278446,41432433,309,0,96,786432,128693734,811153,6,3678758427,12884901888,24050,714777142,0,0,0,0,0,0,0,0,0,0,0,0,0,0,0,0,0,0,17821860,117718170,0,468,1202,7661,620,35644010,35,0,0,0,0,0,0,0,1,0,0,0,0,0,0,0,0,0,0,23392098,0,41432207,759388,0,0,0,0,0,0,0,0,16384,0,0,0,0,0,0,0,0,0,0,0,3594,422,0,0,0,0,0,54177609,0,147,0,2,422,3594,0,0,0,0,0,0,0,0,0,0,0,0,0,0,0,0,0,0,0,0,0,0,0,0,0,0,0,0,0,0,0,0,0,0,0,0,0,0,0,0,0,0,0,0,0,0,0,0,0,0,0,0,0,0,280865802,0,0,0,486930343,0,0,0,0,0,0,0,90063709,129666750,323297623,169633953792,78513098,1,0,0,0,0,0,0,0,0,0,0,0,0,0,0,0,0,0,0,0,0,0,0,0,0,0,0,0,0,0,0,406,0,0,0,0,0,0,0
1782976012.606,0,0,0,0,0,0,0,759751948,2120671447552,890872034304,0,0,0,0,0,0,0,0,0,0,0,0,0,0,0,0,0,0,0,0,0,0,0,0,0,0,0,0,0,0,0,0,0,0,0,0,0,0,0,0,0,0,0,0,0,0,0,0,0,0,0,0,0,0,0,0,0,0,7,1848496,129728117,41510654,0,0,0,0,0,0,0,0,0,0,0,0,0,0,0,0,0,0,0,0,0,0,0,0,0,0,0,0,0,0,0,0,0,0,0,0,0,12873891840,4563304448,785760,278522,41448807,576,0,96,786432,128750147,811153,6,3679577899,12884901888,24050,714887741,0,0,0,0,0,0,0,0,0,0,0,0,0,0,0,0,0,0,17826649,117722958,0,468,1202,7661,620,35653589,35,0,0,0,0,0,0,0,1,0,0,0,0,0,0,0,0,0,0,23397601,0,41448581,759705,0,0,0,0,0,0,0,0,16384,0,0,0,0,0,0,0,0,0,0,0,3595,422,0,0,0,0,0,54192146,0,147,0,2,422,3595,0,0,0,0,0,0,0,0,0,0,0,0,0,0,0,0,0,0,0,0,0,0,0,0,0,0,0,0,0,0,0,0,0,0,0,0,0,0,0,0,0,0,0,0,0,0,0,0,0,0,0,0,0,0,280943463,0,0,0,487011656,0,0,0,0,0,0,0,90096326,129723076,323391896,169674387456,78540911,1,0,0,0,0,0,0,0,0,0,0,0,0,0,0,0,0,0,0,0,0,0,0,0,0,0,0,0,0,0,0,396,0,0,0,0,0,0,0
1782976013.672,0,0,0,0,0,0,0,759918410,2121599371776,891182496768,0,0,0,0,0,0,0,0,0,0,0,0,0,0,0,0,0,0,0,0,0,0,0,0,0,0,0,0,0,0,0,0,0,0,0,0,0,0,0,0,0,0,0,0,0,0,0,0,0,0,0,0,0,0,0,0,0,0,7,1848520,129784856,41526742,0,0,0,0,0,0,0,0,0,0,0,0,0,0,0,0,0,0,0,0,0,0,0,0,0,0,0,0,0,0,0,0,0,0,0,0,0,12881379328,4573380608,786216,279137,41464895,118,0,98,786432,128806806,811153,6,3680401457,12884901888,24050,714998591,0,0,0,0,0,0,0,0,0,0,0,0,0,0,0,0,0,0,17831467,117727777,0,468,1202,7661,620,35663224,35,0,0,0,0,0,0,0,1,0,0,0,0,0,0,0,0,0,0,23403142,0,41464669,760013,0,0,0,0,0,0,0,0,16384,0,0,0,0,0,0,0,0,0,0,0,3596,422,0,0,0,0,0,54206793,0,147,0,2,422,3596,0,0,0,0,0,0,0,0,0,0,0,0,0,0,0,0,0,0,0,0,0,0,0,0,0,0,0,0,0,0,0,0,0,0,0,0,0,0,0,0,0,0,0,0,0,0,0,0,0,0,0,0,0,0,281021847,0,0,0,487093497,0,0,0,0,0,0,0,90129475,129779696,323486596,169715223040,78569346,1,0,0,0,0,0,0,0,0,0,0,0,0,0,0,0,0,0,0,0,0,0,0,0,0,0,0,0,0,0,0,391,0,0,0,0,0,0,0
1782976014.741,0,0,0,0,0,0,0,760083708,2122522610176,891495709184,0,0,0,0,0,0,0,0,0,0,0,0,0,0,0,0,0,0,0,0,0,0,0,0,0,0,0,0,0,0,0,0,0,0,0,0,0,0,0,0,0,0,0,0,0,0,0,0,0,0,0,0,0,0,0,0,0,0,7,1848543,129841311,41543013,0,0,0,0,0,0,0,0,0,0,0,0,0,0,0,0,0,0,0,0,0,0,0,0,0,0,0,0,0,0,0,0,0,0,0,0,0,12875612160,4577411072,785865,279383,41481166,473,0,96,786432,128863182,811153,6,3681219199,12884901888,24050,715108076,0,0,0,0,0,0,0,0,0,0,0,0,0,0,0,0,0,0,17836252,117732561,0,468,1202,7661,620,35672799,35,0,0,0,0,0,0,0,1,0,0,0,0,0,0,0,0,0,0,23408641,0,41480940,760336,0,0,0,0,0,0,0,0,16384,0,0,0,0,0,0,0,0,0,0,0,3597,422,0,0,0,0,0,54221322,0,147,0,2,422,3597,0,0,0,0,0,0,0,0,0,0,0,0,0,0,0,0,0,0,0,0,0,0,0,0,0,0,0,0,0,0,0,0,0,0,0,0,0,0,0,0,0,0,0,0,0,0,0,0,0,0,0,0,0,0,281099902,0,0,0,487174798,0,0,0,0,0,0,0,90162174,129836031,323581145,169755826688,78597237,1,0,0,0,0,0,0,0,0,0,0,0,0,0,0,0,0,0,0,0,0,0,0,0,0,0,0,0,0,0,0,386,0,0,0,0,0,0,0
1782976015.809,0,0,0,0,0,0,0,760249724,2123446667776,891808775680,0,0,0,0,0,0,0,0,0,0,0,0,0,0,0,0,0,0,0,0,0,0,0,0,0,0,0,0,0,0,0,0,0,0,0,0,0,0,0,0,0,0,0,0,0,0,0,0,0,0,0,0,0,0,0,0,0,0,7,1848571,129897825,41559264,0,0,0,0,0,0,0,0,0,0,0,0,0,0,0,0,0,0,0,0,0,0,0,0,0,0,0,0,0,0,0,0,0,0,0,0,0,12873662464,4581556224,785746,279636,41497417,590,0,96,786432,128919629,811153,6,3682040982,12884901888,24050,715218950,0,0,0,0,0,0,0,0,0,0,0,0,0,0,0,0,0,0,17841059,117737369,0,468,1202,7661,620,35682410,35,0,0,0,0,0,0,0,1,0,0,0,0,0,0,0,0,0,0,23414164,0,41497191,760651,0,0,0,0,0,0,0,0,16384,0,0,0,0,0,0,0,0,0,0,0,3598,422,0,0,0,0,0,54235943,0,147,0,2,422,3598,0,0,0,0,0,0,0,0,0,0,0,0,0,0,0,0,0,0,0,0,0,0,0,0,0,0,0,0,0,0,0,0,0,0,0,0,0,0,0,0,0,0,0,0,0,0,0,0,0,0,0,0,0,0,281177997,0,0,0,487256411,0,0,0,0,0,0,0,90195223,129892413,323675705,169796475392,78625569,0,0,0,0,0,0,0,0,0,0,0,0,0,0,0,0,0,0,0,0,0,0,0,0,0,0,0,0,0,0,0,401,0,0,0,0,0,0,0
1782976016.878,0,0,0,0,0,0,0,760419188,2124390435328,892124295168,0,0,0,0,0,0,0,0,0,0,0,0,0,0,0,0,0,0,0,0,0,0,0,0,0,0,0,0,0,0,0,0,0,0,0,0,0,0,0,0,0,0,0,0,0,0,0,0,0,0,0,0,0,0,0,0,0,0,7,1848596,129955580,41575647,0,0,0,0,0,0,0,0,0,0,0,0,0,0,0,0,0,0,0,0,0,0,0,0,0,0,0,0,0,0,0,0,0,0,0,0,0,12877905920,4587257856,786004,279984,41513800,330,0,97,786432,128977314,811153,6,3682880201,12884901888,24050,715332493,0,0,0,0,0,0,0,0,0,0,0,0,0,0,0,0,0,0,17845951,117742261,0,468,1202,7661,620,35692197,35,0,0,0,0,0,0,0,1,0,0,0,0,0,0,0,0,0,0,23419783,0,41513574,760970,0,0,0,0,0,0,0,0,16384,0,0,0,0,0,0,0,0,0,0,0,3599,422,0,0,0,0,0,54250813,0,147,0,2,422,3599,0,0,0,0,0,0,0,0,0,0,0,0,0,0,0,0,0,0,0,0,0,0,0,0,0,0,0,0,0,0,0,0,0,0,0,0,0,0,0,0,0,0,0,0,0,0,0,0,0,0,0,0,0,0,281256603,0,0,0,487339465,0,0,0,0,0,0,0,90230648,129950010,323770907,169837416960,78656041,1,0,0,0,0,0,0,0,0,0,0,0,0,0,0,0,0,0,0,0,0,0,0,0,0,0,0,0,0,0,0,466,0,0,0,0,0,0,0
1782976017.947,0,0,0,0,0,0,0,760588987,2125335382528,892445627904,0,0,0,0,0,0,0,0,0,0,0,0,0,0,0,0,0,0,0,0,0,0,0,0,0,0,0,0,0,0,0,0,0,0,0,0,0,0,0,0,0,0,0,0,0,0,0,0,0,0,0,0,0,0,0,0,0,0,7,1848623,130013397,41592341,0,0,0,0,0,0,0,0,0,0,0,0,0,0,0,0,0,0,0,0,0,0,0,0,0,0,0,0,0,0,0,0,0,0,0,0,0,12878430208,4590026752,786037,280153,41530494,298,0,96,786432,129035065,811153,6,3683720244,12884901888,24050,715445196,0,0,0,0,0,0,0,0,0,0,0,0,0,0,0,0,0,0,17850873,117747183,0,468,1202,7661,620,35702035,35,0,0,0,0,0,0,0,1,0,0,0,0,0,0,0,0,0,0,23425437,0,41530268,761286,0,0,0,0,0,0,0,0,16384,0,0,0,0,0,0,0,0,0,0,0,3600,422,0,0,0,0,0,54265803,0,147,0,2,422,3600,0,0,0,0,0,0,0,0,0,0,0,0,0,0,0,0,0,0,0,0,0,0,0,0,0,0,0,0,0,0,0,0,0,0,0,0,0,0,0,0,0,0,0,0,0,0,0,0,0,0,0,0,0,0,281335867,0,0,0,487422886,0,0,0,0,0,0,0,90265749,130007674,323867101,169878763008,78686243,0,0,0,0,0,0,0,0,0,0,0,0,0,0,0,0,0,0,0,0,0,0,0,0,0,0,0,0,0,0,0,583,0,0,0,0,0,0,0
1782976019.015,0,0,0,0,0,0,0,760759354,2126281722368,892762572800,0,0,0,0,0,0,0,0,0,0,0,0,0,0,0,0,0,0,0,0,0,0,0,0,0,0,0,0,0,0,0,0,0,0,0,0,0,0,0,0,0,0,0,0,0,0,0,0,0,0,0,0,0,0,0,0,0,0,7,1848656,130071284,41608787,0,0,0,0,0,0,0,0,0,0,0,0,0,0,0,0,0,0,0,0,0,0,0,0,0,0,0,0,0,0,0,0,0,0,0,0,0,12880347136,4597710848,786154,280622,41546940,181,0,96,786432,129092891,811153,6,3684562719,12884901888,24050,715558294,0,0,0,0,0,0,0,0,0,0,0,0,0,0,0,0,0,0,17855802,117752112,0,468,1202,7661,620,35711898,35,0,0,0,0,0,0,0,1,0,0,0,0,0,0,0,0,0,0,23431098,0,41546714,761600,0,0,0,0,0,0,0,0,16384,0,0,0,0,0,0,0,0,0,0,0,3601,422,0,0,0,0,0,54280761,0,147,0,2,422,3601,0,0,0,0,0,0,0,0,0,0,0,0,0,0,0,0,0,0,0,0,0,0,0,0,0,0,0,0,0,0,0,0,0,0,0,0,0,0,0,0,0,0,0,0,0,0,0,0,0,0,0,0,0,0,281415653,0,0,0,487506553,0,0,0,0,0,0,0,90301016,130065437,323963563,169920287232,78716556,1,1,0,0,0,0,0,0,0,0,0,0,0,0,0,0,0,0,0,0,0,0,0,0,0,0,0,0,0,0,0,697,0,0,0,0,0,0,0
1782976020.083,0,0,0,0,0,0,0,760928782,2127229340160,893082781184,0,0,0,0,0,0,0,0,0,0,0,0,0,0,0,0,0,0,0,0,0,0,0,0,0,0,0,0,0,0,0,0,0,0,0,0,0,0,0,0,0,0,0,0,0,0,0,0,0,0,0,0,0,0,0,0,0,0,7,1848686,130129244,41625420,0,0,0,0,0,0,0,0,0,0,0,0,0,0,0,0,0,0,0,0,0,0,0,0,0,0,0,0,0,0,0,0,0,0,0,0,0,12873121792,4598415360,785712,280665,41563522,623,0,96,786432,129150782,811153,6,3685401088,12884901888,24050,715670714,0,0,0,0,0,0,0,0,0,0,0,0,0,0,0,0,0,0,17860707,117757015,0,468,1202,7661,620,35721703,35,0,0,0,0,0,0,0,1,0,0,0,0,0,0,0,0,0,0,23436733,0,41563355,761926,0,0,0,0,0,0,0,0,16384,0,0,0,0,0,0,0,0,0,0,0,3602,422,0,0,0,0,0,54295673,0,147,0,2,422,3602,0,0,0,0,0,0,0,0,0,0,0,0,0,0,0,0,0,0,0,0,0,0,0,0,0,0,0,0,0,0,0,0,0,0,0,0,0,0,0,0,0,0,0,0,0,0,0,0,0,0,0,0,0,0,281495373,0,0,0,487589749,0,0,0,0,0,0,0,90336092,130123250,324060176,169961860608,78746580,1,0,0,0,0,0,0,0,0,0,0,0,0,0,0,0,0,0,0,0,0,0,0,0,0,0,0,0,0,0,0,757,0,0,0,0,0,0,0
1782976021.151,0,0,0,0,0,0,0,761097895,2128171977216,893394610688,0,0,0,0,0,0,0,0,0,0,0,0,0,0,0,0,0,0,0,0,0,0,0,0,0,0,0,0,0,0,0,0,0,0,0,0,0,0,0,0,0,0,0,0,0,0,0,0,0,0,0,0,0,0,0,0,0,0,7,1848709,130186905,41641602,0,0,0,0,0,0,0,0,0,0,0,0,0,0,0,0,0,0,0,0,0,0,0,0,0,0,0,0,0,0,0,0,0,0,0,0,0,12876922880,4608131072,785945,281258,41579755,390,0,96,786432,129208383,811153,6,3686238043,12884901888,24050,715783199,0,0,0,0,0,0,0,0,0,0,0,0,0,0,0,0,0,0,17865599,117761910,0,468,1202,7661,620,35731491,35,0,0,0,0,0,0,0,1,0,0,0,0,0,0,0,0,0,0,23442360,0,41579529,762248,0,0,0,0,0,0,0,0,16384,0,0,0,0,0,0,0,0,0,0,0,3603,422,0,0,0,0,0,54310568,0,147,0,2,422,3603,0,0,0,0,0,0,0,0,0,0,0,0,0,0,0,0,0,0,0,0,0,0,0,0,0,0,0,0,0,0,0,0,0,0,0,0,0,0,0,0,0,0,0,0,0,0,0,0,0,0,0,0,0,0,281574126,0,0,0,487672789,0,0,0,0,0,0,0,90371482,130180781,324155343,170002724864,78776981,0,0,0,0,0,0,0,0,0,0,0,0,0,0,0,0,0,0,0,0,0,0,0,0,0,0,0,0,0,0,0,851,0,0,0,0,0,0,0
1782976022.214,0,0,0,0,0,0,0,761267917,2129118071296,893710640640,0,0,0,0,0,0,0,0,0,0,0,0,0,0,0,0,0,0,0,0,0,0,0,0,0,0,0,0,0,0,0,0,0,0,0,0,0,0,0,0,0,0,0,0,0,0,0,0,0,0,0,0,0,0,0,0,0,0,7,1848743,130244789,41657961,0,0,0,0,0,0,0,0,0,0,0,0,0,0,0,0,0,0,0,0,0,0,0,0,0,0,0,0,0,0,0,0,0,0,0,0,0,12877021184,4613505024,785951,281586,41596099,385,0,98,786432,129266214,811153,6,3687079420,12884901888,24050,715896386,0,0,0,0,0,0,0,0,0,0,0,0,0,0,0,0,0,0,17870520,117766831,0,468,1202,7661,620,35741333,35,0,0,0,0,0,0,0,1,0,0,0,0,0,0,0,0,0,0,23448017,0,41595873,762563,0,0,0,0,0,0,0,0,16384,0,0,0,0,0,0,0,0,0,0,0,3604,422,0,0,0,0,0,54325521,0,147,0,2,422,3604,0,0,0,0,0,0,0,0,0,0,0,0,0,0,0,0,0,0,0,0,0,0,0,0,0,0,0,0,0,0,0,0,0,0,0,0,0,0,0,0,0,0,0,0,0,0,0,0,0,0,0,0,0,0,281653521,0,0,0,487756235,0,0,0,0,0,0,0,90406978,130238509,324251355,170044148736,78807524,0,0,0,0,0,0,0,0,0,0,0,0,0,0,0,0,0,0,0,0,0,0,0,0,0,0,0,0,0,0,0,956,0,0,0,0,0,0,0
1782976023.281,0,0,0,0,0,0,0,761437281,2130070014464,894029607936,0,0,0,0,0,0,0,0,0,0,0,0,0,0,0,0,0,0,0,0,0,0,0,0,0,0,0,0,0,0,0,0,0,0,0,0,0,0,0,0,0,0,0,0,0,0,0,0,0,0,0,0,0,0,0,0,0,0,7,1848767,130303027,41674584,0,0,0,0,0,0,0,0,0,0,0,0,0,0,0,0,0,0,0,0,0,0,0,0,0,0,0,0,0,0,0,0,0,0,0,0,0,12877185024,4615356416,785961,281699,41612737,374,0,96,786432,129324387,811153,6,3687916983,12884901888,24050,716008043,0,0,0,0,0,0,0,0,0,0,0,0,0,0,0,0,0,0,17875426,117771736,0,468,1202,7661,620,35751144,35,0,0,0,0,0,0,0,1,0,0,0,0,0,0,0,0,0,0,23453657,0,41612511,762899,0,0,0,0,0,0,0,0,16384,0,0,0,0,0,0,0,0,0,0,0,3605,422,0,0,0,0,0,54340455,0,147,0,2,422,3605,0,0,0,0,0,0,0,0,0,0,0,0,0,0,0,0,0,0,0,0,0,0,0,0,0,0,0,0,0,0,0,0,0,0,0,0,0,0,0,0,0,0,0,0,0,0,0,0,0,0,0,0,0,0,281731187,0,0,0,487839443,0,0,0,0,0,0,0,90441500,130296624,324345862,170084498944,78836880,1,0,0,0,0,0,0,0,0,0,0,0,0,0,0,0,0,0,0,0,0,0,0,0,0,0,0,0,0,0,0,1046,0,0,0,0,0,0,0
1782976024.351,0,0,0,0,0,0,0,761606950,2131017861632,894346523648,0,0,0,0,0,0,0,0,0,0,0,0,0,0,0,0,0,0,0,0,0,0,0,0,0,0,0,0,0,0,0,0,0,0,0,0,0,0,0,0,0,0,0,0,0,0,0,0,0,0,0,0,0,0,0,0,0,0,7,1848785,130360987,41691033,0,0,0,0,0,0,0,0,0,0,0,0,0,0,0,0,0,0,0,0,0,0,0,0,0,0,0,0,0,0,0,0,0,0,0,0,0,12874481664,4622172160,785796,282115,41629178,536,0,96,786432,129382290,811153,6,3688757227,12884901888,24050,716121192,0,0,0,0,0,0,0,0,0,0,0,0,0,0,0,0,0,0,17880335,117776645,0,468,1202,7661,620,35760964,35,0,0,0,0,0,0,0,1,0,0,0,0,0,0,0,0,0,0,23459299,0,41628952,763218,0,0,0,0,0,0,0,0,16384,0,0,0,0,0,0,0,0,0,0,0,3606,422,0,0,0,0,0,54355398,0,147,0,2,422,3606,0,0,0,0,0,0,0,0,0,0,0,0,0,0,0,0,0,0,0,0,0,0,0,0,0,0,0,0,0,0,0,0,0,0,0,0,0,0,0,0,0,0,0,0,0,0,0,0,0,0,0,0,0,0,281811060,0,0,0,487922742,0,0,0,0,0,0,0,90476511,130354462,324442426,170125902336,78866921,1,0,0,0,0,0,0,0,0,0,0,0,0,0,0,0,0,0,0,0,0,0,0,0,0,0,0,0,0,0,0,1137,0,0,0,0,0,0,0
1782976025.419,0,0,0,0,0,0,0,761774629,2131954190848,894710956544,0,0,0,0,0,0,0,0,0,0,0,0,0,0,0,0,0,0,0,0,0,0,0,0,0,0,0,0,0,0,0,0,0,0,0,0,0,0,0,0,0,0,0,0,0,0,0,0,0,0,0,0,0,0,0,0,0,0,7,1848821,130418268,41710387,0,0,0,0,0,0,0,0,0,0,0,0,0,0,0,0,0,0,0,0,0,0,0,0,0,0,0,0,0,0,0,0,0,0,0,0,0,12875497472,4576542720,785859,279330,41645342,477,0,96,786432,129439508,811153,6,3689586704,12884901888,24050,716232484,0,0,0,0,0,0,0,0,0,0,0,0,0,0,0,0,0,0,17885186,117781497,0,468,1202,7661,620,35770665,35,0,0,0,0,0,0,0,1,0,0,0,0,0,0,0,0,0,0,23464885,0,41648316,763559,0,0,0,0,0,0,0,0,16384,0,0,0,0,0,0,0,0,0,0,0,3607,422,0,0,0,0,0,54370157,0,147,0,2,422,3607,0,0,0,0,0,0,0,0,0,0,0,0,0,0,0,0,0,0,0,0,0,0,0,0,0,0,0,0,0,0,0,0,0,0,0,0,0,0,0,0,0,0,0,0,0,0,0,0,0,0,0,0,0,0,281890432,0,0,0,488005052,0,0,0,0,0,0,0,90511448,130411595,324541403,170167251968,78896569,1,0,0,0,0,0,0,0,0,0,0,0,0,0,0,0,0,0,0,0,0,0,0,0,0,0,0,0,0,0,0,1176,0,0,0,0,0,0,0
1782976026.487,0,0,0,0,0,0,0,761943002,2132899383808,895038772224,0,0,0,0,0,0,0,0,0,0,0,0,0,0,0,0,0,0,0,0,0,0,0,0,0,0,0,0,0,0,0,0,0,0,0,0,0,0,0,0,0,0,0,0,0,0,0,0,0,0,0,0,0,0,0,0,0,0,7,1848856,130476092,41727565,0,0,0,0,0,0,0,0,0,0,0,0,0,0,0,0,0,0,0,0,0,0,0,0,0,0,0,0,0,0,0,0,0,0,0,0,0,12875726848,4564877312,785872,278618,41665718,464,0,96,786432,129497263,811153,6,3690423912,12884901888,24050,716347271,0,0,0,0,0,0,0,0,0,0,0,0,0,0,0,0,0,0,17890059,117786369,0,468,1202,7661,620,35780414,35,0,0,0,0,0,0,0,1,0,0,0,0,0,0,0,0,0,0,23470489,0,41665492,763889,0,0,0,0,0,0,0,0,16384,0,0,0,0,0,0,0,0,0,0,0,3609,422,0,0,0,0,0,54384976,0,147,0,2,422,3609,0,0,0,0,0,0,0,0,0,0,0,0,0,0,0,0,0,0,0,0,0,0,0,0,0,0,0,0,0,0,0,0,0,0,0,0,0,0,0,0,0,0,0,0,0,0,0,0,0,0,0,0,0,0,281967742,0,0,0,488088972,0,0,0,0,0,0,0,90545476,130469274,324636108,170207576576,78925505,1,0,0,0,0,0,0,0,0,0,0,0,0,0,0,0,0,0,0,0,0,0,0,0,0,0,0,0,0,0,0,51,0,0,0,0,0,0,0
1782976027.557,0,0,0,0,0,0,0,762112475,2133841332736,895353729536,0,0,0,0,0,0,0,0,0,0,0,0,0,0,0,0,0,0,0,0,0,0,0,0,0,0,0,0,0,0,0,0,0,0,0,0,0,0,0,0,0,0,0,0,0,0,0,0,0,0,0,0,0,0,0,0,0,0,7,1848891,130533725,41743888,0,0,0,0,0,0,0,0,0,0,0,0,0,0,0,0,0,0,0,0,0,0,0,0,0,0,0,0,0,0,0,0,0,0,0,0,0,12876955648,4571234304,785947,279006,41682041,388,0,96,786432,129554827,811153,6,3691262835,12884901888,24050,716460455,0,0,0,0,0,0,0,0,0,0,0,0,0,0,0,0,0,0,17894960,117791271,0,468,1202,7661,620,35790211,35,0,0,0,0,0,0,0,1,0,0,0,0,0,0,0,0,0,0,23476119,0,41681815,764200,0,0,0,0,0,0,0,0,16384,0,0,0,0,0,0,0,0,0,0,0,3610,422,0,0,0,0,0,54399890,0,147,0,2,422,3610,0,0,0,0,0,0,0,0,0,0,0,0,0,0,0,0,0,0,0,0,0,0,0,0,0,0,0,0,0,0,0,0,0,0,0,0,0,0,0,0,0,0,0,0,0,0,0,0,0,0,0,0,0,0,282047148,0,0,0,488172174,0,0,0,0,0,0,0,90580448,130526759,324732057,170248995328,78955562,1,1,0,0,0,0,0,0,0,0,0,0,0,0,0,0,0,0,0,0,0,0,0,0,0,0,0,0,0,0,0,113,0,0,0,0,0,0,0
1782976028.622,0,0,0,0,0,0,0,762280576,2134781168128,895669388288,0,0,0,0,0,0,0,0,0,0,0,0,0,0,0,0,0,0,0,0,0,0,0,0,0,0,0,0,0,0,0,0,0,0,0,0,0,0,0,0,0,0,0,0,0,0,0,0,0,0,0,0,0,0,0,0,0,0,7,1848918,130591193,41760310,0,0,0,0,0,0,0,0,0,0,0,0,0,0,0,0,0,0,0,0,0,0,0,0,0,0,0,0,0,0,0,0,0,0,0,0,0,12876038144,4572987392,785890,279113,41698463,445,0,97,786432,129612241,811153,6,3692094993,12884901888,24050,716572029,0,0,0,0,0,0,0,0,0,0,0,0,0,0,0,0,0,0,17899832,117796142,0,468,1202,7661,620,35799960,35,0,0,0,0,0,0,0,1,0,0,0,0,0,0,0,0,0,0,23481721,0,41698237,764517,0,0,0,0,0,0,0,0,16384,0,0,0,0,0,0,0,0,0,0,0,3611,422,0,0,0,0,0,54414693,0,147,0,2,422,3611,0,0,0,0,0,0,0,0,0,0,0,0,0,0,0,0,0,0,0,0,0,0,0,0,0,0,0,0,0,0,0,0,0,0,0,0,0,0,0,0,0,0,0,0,0,0,0,0,0,0,0,0,0,0,282124018,0,0,0,488254815,0,0,0,0,0,0,0,90613900,130584117,324825573,170289165824,78983989,1,0,0,0,0,0,0,0,0,0,0,0,0,0,0,0,0,0,0,0,0,0,0,0,0,0,0,0,0,0,0,164,0,0,0,0,0,0,0
1782976029.686,0,0,0,0,0,0,0,762442654,2135686023680,895977175040,0,0,0,0,0,0,0,0,0,0,0,0,0,0,0,0,0,0,0,0,0,0,0,0,0,0,0,0,0,0,0,0,0,0,0,0,0,0,0,0,0,0,0,0,0,0,0,0,0,0,0,0,0,0,0,0,0,0,7,1848938,130646553,41776281,0,0,0,0,0,0,0,0,0,0,0,0,0,0,0,0,0,0,0,0,0,0,0,0,0,0,0,0,0,0,0,0,0,0,0,0,0,12877938688,4573757440,786007,279160,41714434,329,0,96,786432,129667532,811153,6,3692897878,12884901888,24050,716680231,0,0,0,0,0,0,0,0,0,0,0,0,0,0,0,0,0,0,17904518,117800827,0,468,1202,7661,620,35809331,35,0,0,0,0,0,0,0,1,0,0,0,0,0,0,0,0,0,0,23487115,0,41714208,764831,0,0,0,0,0,0,0,0,16384,0,0,0,0,0,0,0,0,0,0,0,3612,422,0,0,0,0,0,54428933,0,147,0,2,422,3612,0,0,0,0,0,0,0,0,0,0,0,0,0,0,0,0,0,0,0,0,0,0,0,0,0,0,0,0,0,0,0,0,0,0,0,0,0,0,0,0,0,0,0,0,0,0,0,0,0,0,0,0,0,0,282201295,0,0,0,488334606,0,0,0,0,0,0,0,90644585,130639331,324919041,170329278976,79010022,1,0,0,0,0,0,0,0,0,0,0,0,0,0,0,0,0,0,0,0,0,0,0,0,0,0,0,0,0,0,0,58,0,0,0,0,0,0,0
1782976030.753,0,0,0,0,0,0,0,762604844,2136590469632,896284344832,0,0,0,0,0,0,0,0,0,0,0,0,0,0,0,0,0,0,0,0,0,0,0,0,0,0,0,0,0,0,0,0,0,0,0,0,0,0,0,0,0,0,0,0,0,0,0,0,0,0,0,0,0,0,0,0,0,0,7,1848967,130701866,41792264,0,0,0,0,0,0,0,0,0,0,0,0,0,0,0,0,0,0,0,0,0,0,0,0,0,0,0,0,0,0,0,0,0,0,0,0,0,12878036992,4574314496,786013,279194,41730417,323,0,96,786432,129722776,811153,6,3693697447,12884901888,24050,716785643,0,0,0,0,0,0,0,0,0,0,0,0,0,0,0,0,0,0,17909221,117805530,0,468,1202,7661,620,35818737,35,0,0,0,0,0,0,0,1,0,0,0,0,0,0,0,0,0,0,23492516,0,41730191,765147,0,0,0,0,0,0,0,0,16384,0,0,0,0,0,0,0,0,0,0,0,3613,422,0,0,0,0,0,54443200,0,147,0,2,422,3613,0,0,0,0,0,0,0,0,0,0,0,0,0,0,0,0,0,0,0,0,0,0,0,0,0,0,0,0,0,0,0,0,0,0,0,0,0,0,0,0,0,0,0,0,0,0,0,0,0,0,0,0,0,0,282277423,0,0,0,488413305,0,0,0,0,0,0,0,90675203,130694511,325011389,170368893952,79036022,1,0,0,0,0,0,0,0,0,0,0,0,0,0,0,0,0,0,0,0,0,0,0,0,0,0,0,0,0,0,0,1164,0,0,0,0,0,0,0
1782976031.818,0,0,0,0,0,0,0,762768419,2137509579264,896596760576,0,0,0,0,0,0,0,0,0,0,0,0,0,0,0,0,0,0,0,0,0,0,0,0,0,0,0,0,0,0,0,0,0,0,0,0,0,0,0,0,0,0,0,0,0,0,0,0,0,0,0,0,0,0,0,0,0,0,7,1848999,130758088,41808487,0,0,0,0,0,0,0,0,0,0,0,0,0,0,0,0,0,0,0,0,0,0,0,0,0,0,0,0,0,0,0,0,0,0,0,0,0,12876791808,4573691904,785937,279156,41746614,398,0,97,786432,129778939,811153,6,3694507235,12884901888,24050,716894213,0,0,0,0,0,0,0,0,0,0,0,0,0,0,0,0,0,0,17913956,117810264,0,468,1202,7661,620,35828203,35,0,0,0,0,0,0,0,1,0,0,0,0,0,0,0,0,0,0,23497958,0,41746414,765463,0,0,0,0,0,0,0,0,16384,0,0,0,0,0,0,0,0,0,0,0,3614,422,0,0,0,0,0,54457614,0,147,0,2,422,3614,0,0,0,0,0,0,0,0,0,0,0,0,0,0,0,0,0,0,0,0,0,0,0,0,0,0,0,0,0,0,0,0,0,0,0,0,0,0,0,0,0,0,0,0,0,0,0,0,0,0,0,0,0,0,282355843,0,0,0,488493778,0,0,0,0,0,0,0,90706126,130750560,325106278,170409720832,79062404,0,0,0,0,0,0,0,0,0,0,0,0,0,0,0,0,0,0,0,0,0,0,0,0,0,0,0,0,0,0,0,1125,0,0,0,0,0,0,0
1782976032.890,0,0,0,0,0,0,0,762935966,2138445613568,896908380672,0,0,0,0,0,0,0,0,0,0,0,0,0,0,0,0,0,0,0,0,0,0,0,0,0,0,0,0,0,0,0,0,0,0,0,0,0,0,0,0,0,0,0,0,0,0,0,0,0,0,0,0,0,0,0,0,0,0,7,1849026,130815334,41824642,0,0,0,0,0,0,0,0,0,0,0,0,0,0,0,0,0,0,0,0,0,0,0,0,0,0,0,0,0,0,0,0,0,0,0,0,0,12876906496,4578738176,785944,279464,41762769,391,0,96,786432,129836120,811153,6,3695336561,12884901888,24050,717005757,0,0,0,0,0,0,0,0,0,0,0,0,0,0,0,0,0,0,17918800,117815109,0,468,1202,7661,620,35837893,35,0,0,0,0,0,0,0,1,0,0,0,0,0,0,0,0,0,0,23503530,0,41762569,765778,0,0,0,0,0,0,0,0,16384,0,0,0,0,0,0,0,0,0,0,0,3615,422,0,0,0,0,0,54472351,0,147,0,2,422,3615,0,0,0,0,0,0,0,0,0,0,0,0,0,0,0,0,0,0,0,0,0,0,0,0,0,0,0,0,0,0,0,0,0,0,0,0,0,0,0,0,0,0,0,0,0,0,0,0,0,0,0,0,0,0,282434972,0,0,0,488576103,0,0,0,0,0,0,0,90739697,130807670,325201794,170450825728,79091175,1,0,0,0,0,0,0,0,0,0,0,0,0,0,0,0,0,0,0,0,0,0,0,0,0,0,0,0,0,0,0,1151,0,0,0,0,0,0,0
1782976033.961,0,0,0,0,0,0,0,763101530,2139370080768,897221060096,0,0,0,0,0,0,0,0,0,0,0,0,0,0,0,0,0,0,0,0,0,0,0,0,0,0,0,0,0,0,0,0,0,0,0,0,0,0,0,0,0,0,0,0,0,0,0,0,0,0,0,0,0,0,0,0,0,0,7,1849048,130871884,41840887,0,0,0,0,0,0,0,0,0,0,0,0,0,0,0,0,0,0,0,0,0,0,0,0,0,0,0,0,0,0,0,0,0,0,0,0,0,12874153984,4579901440,785776,279535,41779014,560,0,96,786432,129892610,811153,6,3696155222,12884901888,24050,717115616,0,0,0,0,0,0,0,0,0,0,0,0,0,0,0,0,0,0,17923596,117819904,0,468,1202,7661,620,35847487,35,0,0,0,0,0,0,0,1,0,0,0,0,0,0,0,0,0,0,23509042,0,41778814,766085,0,0,0,0,0,0,0,0,16384,0,0,0,0,0,0,0,0,0,0,0,3616,422,0,0,0,0,0,54486945,0,147,0,2,422,3616,0,0,0,0,0,0,0,0,0,0,0,0,0,0,0,0,0,0,0,0,0,0,0,0,0,0,0,0,0,0,0,0,0,0,0,0,0,0,0,0,0,0,0,0,0,0,0,0,0,0,0,0,0,0,282512961,0,0,0,488657571,0,0,0,0,0,0,0,90772157,130864095,325296209,170491366912,79119026,1,1,0,0,0,0,0,0,0,0,0,0,0,0,0,0,0,0,0,0,0,0,0,0,0,0,0,0,0,0,0,1135,0,0,0,0,0,0,0
1782976035.030,0,0,0,0,0,0,0,763270711,2140309162496,897534445568,0,0,0,0,0,0,0,0,0,0,0,0,0,0,0,0,0,0,0,0,0,0,0,0,0,0,0,0,0,0,0,0,0,0,0,0,0,0,0,0,0,0,0,0,0,0,0,0,0,0,0,0,0,0,0,0,0,0,7,1849076,130929326,41857183,0,0,0,0,0,0,0,0,0,0,0,0,0,0,0,0,0,0,0,0,0,0,0,0,0,0,0,0,0,0,0,0,0,0,0,0,0,12874891264,4585766912,785820,279893,41795310,513,0,98,786432,129949989,811153,6,3696991565,12884901888,24050,717227508,0,0,0,0,0,0,0,0,0,0,0,0,0,0,0,0,0,0,17928494,117824802,0,468,1202,7661,620,35857282,35,0,0,0,0,0,0,0,1,0,0,0,0,0,0,0,0,0,0,23514679,0,41795110,766401,0,0,0,0,0,0,0,0,16384,0,0,0,0,0,0,0,0,0,0,0,3617,422,0,0,0,0,0,54501842,0,147,0,2,422,3617,0,0,0,0,0,0,0,0,0,0,0,0,0,0,0,0,0,0,0,0,0,0,0,0,0,0,0,0,0,0,0,0,0,0,0,0,0,0,0,0,0,0,0,0,0,0,0,0,0,0,0,0,0,0,282590240,0,0,0,488740692,0,0,0,0,0,0,0,90806045,130921420,325390021,170531526656,79148044,1,1,0,0,0,0,0,0,0,0,0,0,0,0,0,0,0,0,0,0,0,0,0,0,0,0,0,0,0,0,0,1232,0,0,0,0,0,0,0
1782976036.099,0,0,0,0,0,0,0,763439607,2141247588864,897851044352,0,0,0,0,0,0,0,0,0,0,0,0,0,0,0,0,0,0,0,0,0,0,0,0,0,0,0,0,0,0,0,0,0,0,0,0,0,0,0,0,0,0,0,0,0,0,0,0,0,0,0,0,0,0,0,0,0,0,7,1849099,130986730,41873576,0,0,0,0,0,0,0,0,0,0,0,0,0,0,0,0,0,0,0,0,0,0,0,0,0,0,0,0,0,0,0,0,0,0,0,0,0,12876021760,4591222784,785890,280226,41811703,447,0,96,786432,130007321,811153,6,3697830851,12884901888,24050,717342806,0,0,0,0,0,0,0,0,0,0,0,0,0,0,0,0,0,0,17933388,117829696,0,468,1202,7661,620,35867073,35,0,0,0,0,0,0,0,1,0,0,0,0,0,0,0,0,0,0,23520308,0,41811503,766712,0,0,0,0,0,0,0,0,16384,0,0,0,0,0,0,0,0,0,0,0,3618,422,0,0,0,0,0,54516712,0,147,0,2,422,3618,0,0,0,0,0,0,0,0,0,0,0,0,0,0,0,0,0,0,0,0,0,0,0,0,0,0,0,0,0,0,0,0,0,0,0,0,0,0,0,0,0,0,0,0,0,0,0,0,0,0,0,0,0,0,282671083,0,0,0,488824867,0,0,0,0,0,0,0,90840690,130978676,325487506,170573603328,79177991,1,0,0,0,0,0,0,0,0,0,0,0,0,0,0,0,0,0,0,0,0,0,0,0,0,0,0,0,0,0,0,116,0,0,0,0,0,0,0
1782976037.167,0,0,0,0,0,0,0,763609386,2142195796480,898169354752,0,0,0,0,0,0,0,0,0,0,0,0,0,0,0,0,0,0,0,0,0,0,0,0,0,0,0,0,0,0,0,0,0,0,0,0,0,0,0,0,0,0,0,0,0,0,0,0,0,0,0,0,0,0,0,0,0,0,7,1849128,131044742,41890138,0,0,0,0,0,0,0,0,0,0,0,0,0,0,0,0,0,0,0,0,0,0,0,0,0,0,0,0,0,0,0,0,0,0,0,0,0,12877201408,4595908608,785961,280512,41828265,374,0,97,786432,130065273,811153,6,3698670672,12884901888,24050,717455555,0,0,0,0,0,0,0,0,0,0,0,0,0,0,0,0,0,0,17938298,117834608,0,468,1202,7661,620,35876890,35,0,0,0,0,0,0,0,1,0,0,0,0,0,0,0,0,0,0,23525956,0,41828065,767039,0,0,0,0,0,0,0,0,16384,0,0,0,0,0,0,0,0,0,0,0,3619,422,0,0,0,0,0,54531651,0,147,0,2,422,3619,0,0,0,0,0,0,0,0,0,0,0,0,0,0,0,0,0,0,0,0,0,0,0,0,0,0,0,0,0,0,0,0,0,0,0,0,0,0,0,0,0,0,0,0,0,0,0,0,0,0,0,0,0,0,282749455,0,0,0,488908129,0,0,0,0,0,0,0,90875368,131036549,325582681,170614445568,79207666,0,0,0,0,0,0,0,0,0,0,0,0,0,0,0,0,0,0,0,0,0,0,0,0,0,0,0,0,0,0,0,261,0,0,0,0,0,0,0
1782976038.236,0,0,0,0,0,0,0,763778786,2143140383232,898488371712,0,0,0,0,0,0,0,0,0,0,0,0,0,0,0,0,0,0,0,0,0,0,0,0,0,0,0,0,0,0,0,0,0,0,0,0,0,0,0,0,0,0,0,0,0,0,0,0,0,0,0,0,0,0,0,0,0,0,7,1849153,131102542,41906698,0,0,0,0,0,0,0,0,0,0,0,0,0,0,0,0,0,0,0,0,0,0,0,0,0,0,0,0,0,0,0,0,0,0,0,0,0,12877053952,4598759424,785953,280686,41844825,383,0,96,786432,130123027,811153,6,3699508644,12884901888,24050,717568050,0,0,0,0,0,0,0,0,0,0,0,0,0,0,0,0,0,0,17943202,117839512,0,468,1202,7661,620,35886696,35,0,0,0,0,0,0,0,1,0,0,0,0,0,0,0,0,0,0,23531591,0,41844625,767365,0,0,0,0,0,0,0,0,16384,0,0,0,0,0,0,0,0,0,0,0,3620,422,0,0,0,0,0,54546578,0,147,0,2,422,3620,0,0,0,0,0,0,0,0,0,0,0,0,0,0,0,0,0,0,0,0,0,0,0,0,0,0,0,0,0,0,0,0,0,0,0,0,0,0,0,0,0,0,0,0,0,0,0,0,0,0,0,0,0,0,282829649,0,0,0,488991390,0,0,0,0,0,0,0,90910245,131094183,325679684,170656136704,79237481,0,1,0,0,0,0,0,0,0,0,0,0,0,0,0,0,0,0,0,0,0,0,0,0,0,0,0,0,0,0,0,331,0,0,0,0,0,0,0
1782976039.302,0,0,0,0,0,0,0,763950039,2144094439936,898808811008,0,0,0,0,0,0,0,0,0,0,0,0,0,0,0,0,0,0,0,0,0,0,0,0,0,0,0,0,0,0,0,0,0,0,0,0,0,0,0,0,0,0,0,0,0,0,0,0,0,0,0,0,0,0,0,0,0,0,7,1849177,131160912,41923342,0,0,0,0,0,0,0,0,0,0,0,0,0,0,0,0,0,0,0,0,0,0,0,0,0,0,0,0,0,0,0,0,0,0,0,0,0,12874825728,4605444096,785817,281094,41861469,517,0,98,786432,130181339,811153,6,3700355448,12884901888,24050,717681577,0,0,0,0,0,0,0,0,0,0,0,0,0,0,0,0,0,0,17948165,117844474,0,468,1202,7661,620,35896626,35,0,0,0,0,0,0,0,1,0,0,0,0,0,0,0,0,0,0,23537288,0,41861269,767687,0,0,0,0,0,0,0,0,16384,0,0,0,0,0,0,0,0,0,0,0,3621,422,0,0,0,0,0,54561659,0,147,0,2,422,3621,0,0,0,0,0,0,0,0,0,0,0,0,0,0,0,0,0,0,0,0,0,0,0,0,0,0,0,0,0,0,0,0,0,0,0,0,0,0,0,0,0,0,0,0,0,0,0,0,0,0,0,0,0,0,282910154,0,0,0,489075520,0,0,0,0,0,0,0,90945602,131152399,325777036,170698030080,79267890,0,1,0,0,0,0,0,0,0,0,0,0,0,0,0,0,0,0,0,0,0,0,0,0,0,0,0,0,0,0,0,443,0,0,0,0,0,0,0
1782976040.370,0,0,0,0,0,0,0,764120257,2145042434560,899133665792,0,0,0,0,0,0,0,0,0,0,0,0,0,0,0,0,0,0,0,0,0,0,0,0,0,0,0,0,0,0,0,0,0,0,0,0,0,0,0,0,0,0,0,0,0,0,0,0,0,0,0,0,0,0,0,0,0,0,7,1849201,131218896,41940272,0,0,0,0,0,0,0,0,0,0,0,0,0,0,0,0,0,0,0,0,0,0,0,0,0,0,0,0,0,0,0,0,0,0,0,0,0,12874612736,4603101184,785804,280951,41878070,532,0,96,786432,130239249,811153,6,3701197052,12884901888,24050,717794413,0,0,0,0,0,0,0,0,0,0,0,0,0,0,0,0,0,0,17953090,117849400,0,468,1202,7661,620,35906471,35,0,0,0,0,0,0,0,1,0,0,0,0,0,0,0,0,0,0,23542946,0,41878126,768015,0,0,0,0,0,0,0,0,16384,0,0,0,0,0,0,0,0,0,0,0,3622,422,0,0,0,0,0,54576639,0,147,0,2,422,3622,0,0,0,0,0,0,0,0,0,0,0,0,0,0,0,0,0,0,0,0,0,0,0,0,0,0,0,0,0,0,0,0,0,0,0,0,0,0,0,0,0,0,0,0,0,0,0,0,0,0,0,0,0,0,282989784,0,0,0,489159083,0,0,0,0,0,0,0,90980971,131210236,325873846,170739432960,79298291,1,0,0,0,0,0,0,0,0,0,0,0,0,0,0,0,0,0,0,0,0,0,0,0,0,0,0,0,0,0,0,555,0,0,0,0,0,0,0
1782976041.438,0,0,0,0,0,0,0,764286362,2145965984256,899506953216,0,0,0,0,0,0,0,0,0,0,0,0,0,0,0,0,0,0,0,0,0,0,0,0,0,0,0,0,0,0,0,0,0,0,0,0,0,0,0,0,0,0,0,0,0,0,0,0,0,0,0,0,0,0,0,0,0,0,7,1849233,131275387,41960202,0,0,0,0,0,0,0,0,0,0,0,0,0,0,0,0,0,0,0,0,0,0,0,0,0,0,0,0,0,0,0,0,0,0,0,0,0,12877332480,4545953792,785970,277463,41894425,366,0,96,786432,130295673,811153,6,3702019275,12884901888,24050,717904945,0,0,0,0,0,0,0,0,0,0,0,0,0,0,0,0,0,0,17957900,117854210,0,468,1202,7661,620,35916093,35,0,0,0,0,0,0,0,1,0,0,0,0,0,0,0,0,0,0,23548476,0,41898129,768356,0,0,0,0,0,0,0,0,16384,0,0,0,0,0,0,0,0,0,0,0,3623,422,0,0,0,0,0,54591238,0,147,0,2,422,3623,0,0,0,0,0,0,0,0,0,0,0,0,0,0,0,0,0,0,0,0,0,0,0,0,0,0,0,0,0,0,0,0,0,0,0,0,0,0,0,0,0,0,0,0,0,0,0,0,0,0,0,0,0,0,283067656,0,0,0,489240812,0,0,0,0,0,0,0,91015520,131266593,325971874,170779967488,79327482,1,1,0,0,0,0,0,0,0,0,0,0,0,0,0,0,0,0,0,0,0,0,0,0,0,0,0,0,0,0,0,543,0,0,0,0,0,0,0
1782976042.506,0,0,0,0,0,0,0,764455316,2146909522432,899823638528,0,0,0,0,0,0,0,0,0,0,0,0,0,0,0,0,0,0,0,0,0,0,0,0,0,0,0,0,0,0,0,0,0,0,0,0,0,0,0,0,0,0,0,0,0,0,0,0,0,0,0,0,0,0,0,0,0,0,7,1849260,131333090,41976647,0,0,0,0,0,0,0,0,0,0,0,0,0,0,0,0,0,0,0,0,0,0,0,0,0,0,0,0,0,0,0,0,0,0,0,0,0,12876644352,4548853760,785928,277640,41914774,403,0,96,786432,130353308,811153,6,3702855191,12884901888,24050,718017263,0,0,0,0,0,0,0,0,0,0,0,0,0,0,0,0,0,0,17962787,117859097,0,468,1202,7661,620,35925869,35,0,0,0,0,0,0,0,1,0,0,0,0,0,0,0,0,0,0,23554088,0,41914574,768684,0,0,0,0,0,0,0,0,16384,0,0,0,0,0,0,0,0,0,0,0,3625,422,0,0,0,0,0,54606105,0,147,0,2,422,3625,0,0,0,0,0,0,0,0,0,0,0,0,0,0,0,0,0,0,0,0,0,0,0,0,0,0,0,0,0,0,0,0,0,0,0,0,0,0,0,0,0,0,0,0,0,0,0,0,0,0,0,0,0,0,283146264,0,0,0,489323748,0,0,0,0,0,0,0,91051031,131324156,326067164,170820841472,79357915,1,0,0,0,0,0,0,0,0,0,0,0,0,0,0,0,0,0,0,0,0,0,0,0,0,0,0,0,0,0,0,599,0,0,0,0,0,0,0
1782976043.570,0,0,0,0,0,0,0,764624150,2147851389440,900140900352,0,0,0,0,0,0,0,0,0,0,0,0,0,0,0,0,0,0,0,0,0,0,0,0,0,0,0,0,0,0,0,0,0,0,0,0,0,0,0,0,0,0,0,0,0,0,0,0,0,0,0,0,0,0,0,0,0,0,7,1849285,131390734,41993147,0,0,0,0,0,0,0,0,0,0,0,0,0,0,0,0,0,0,0,0,0,0,0,0,0,0,0,0,0,0,0,0,0,0,0,0,0,12875235328,4553490432,785842,277923,41931274,494,0,96,786432,130410877,811153,6,3703690397,12884901888,24050,718129019,0,0,0,0,0,0,0,0,0,0,0,0,0,0,0,0,0,0,17967680,117863989,0,468,1202,7661,620,35935653,35,0,0,0,0,0,0,0,1,0,0,0,0,0,0,0,0,0,0,23559703,0,41931074,769010,0,0,0,0,0,0,0,0,16384,0,0,0,0,0,0,0,0,0,0,0,3626,422,0,0,0,0,0,54620969,0,147,0,2,422,3626,0,0,0,0,0,0,0,0,0,0,0,0,0,0,0,0,0,0,0,0,0,0,0,0,0,0,0,0,0,0,0,0,0,0,0,0,0,0,0,0,0,0,0,0,0,0,0,0,0,0,0,0,0,0,283224266,0,0,0,489406763,0,0,0,0,0,0,0,91085858,131381634,326161899,170861465600,79387699,1,1,0,0,0,0,0,0,0,0,0,0,0,0,0,0,0,0,0,0,0,0,0,0,0,0,0,0,0,0,0,677,0,0,0,0,0,0,0
1782976044.640,0,0,0,0,0,0,0,764793832,2148795058688,900457945088,0,0,0,0,0,0,0,0,0,0,0,0,0,0,0,0,0,0,0,0,0,0,0,0,0,0,0,0,0,0,0,0,0,0,0,0,0,0,0,0,0,0,0,0,0,0,0,0,0,0,0,0,0,0,0,0,0,0,7,1849308,131448473,42009621,0,0,0,0,0,0,0,0,0,0,0,0,0,0,0,0,0,0,0,0,0,0,0,0,0,0,0,0,0,0,0,0,0,0,0,0,0,12877152256,4560240640,785959,278335,41947748,376,0,96,786432,130468547,811153,6,3704530313,12884901888,24050,718242250,0,0,0,0,0,0,0,0,0,0,0,0,0,0,0,0,0,0,17972587,117868896,0,468,1202,7661,620,35945467,35,0,0,0,0,0,0,0,1,0,0,0,0,0,0,0,0,0,0,23565338,0,41947548,769324,0,0,0,0,0,0,0,0,16384,0,0,0,0,0,0,0,0,0,0,0,3627,422,0,0,0,0,0,54635911,0,147,0,2,422,3627,0,0,0,0,0,0,0,0,0,0,0,0,0,0,0,0,0,0,0,0,0,0,0,0,0,0,0,0,0,0,0,0,0,0,0,0,0,0,0,0,0,0,0,0,0,0,0,0,0,0,0,0,0,0,283302900,0,0,0,489490012,0,0,0,0,0,0,0,91121029,131439237,326257231,170902437376,79417932,1,0,0,0,0,0,0,0,0,0,0,0,0,0,0,0,0,0,0,0,0,0,0,0,0,0,0,0,0,0,0,772,0,0,0,0,0,0,0
1782976045.707,0,0,0,0,0,0,0,764963130,2149737908736,900774648320,0,0,0,0,0,0,0,0,0,0,0,0,0,0,0,0,0,0,0,0,0,0,0,0,0,0,0,0,0,0,0,0,0,0,0,0,0,0,0,0,0,0,0,0,0,0,0,0,0,0,0,0,0,0,0,0,0,0,7,1849326,131506137,42026090,0,0,0,0,0,0,0,0,0,0,0,0,0,0,0,0,0,0,0,0,0,0,0,0,0,0,0,0,0,0,0,0,0,0,0,0,0,12875186176,4565762048,785839,278672,41964198,496,0,96,786432,130526157,811153,6,3705368347,12884901888,24050,718354572,0,0,0,0,0,0,0,0,0,0,0,0,0,0,0,0,0,0,17977486,117873796,0,468,1202,7661,620,35955265,35,0,0,0,0,0,0,0,1,0,0,0,0,0,0,0,0,0,0,23570974,0,41964026,769645,0,0,0,0,0,0,0,0,16384,0,0,0,0,0,0,0,0,0,0,0,3628,422,0,0,0,0,0,54650799,0,147,0,2,422,3628,0,0,0,0,0,0,0,0,0,0,0,0,0,0,0,0,0,0,0,0,0,0,0,0,0,0,0,0,0,0,0,0,0,0,0,0,0,0,0,0,0,0,0,0,0,0,0,0,0,0,0,0,0,0,283381511,0,0,0,489573098,0,0,0,0,0,0,0,91155858,131496745,326352570,170943258624,79447813,1,1,0,0,0,0,0,0,0,0,0,0,0,0,0,0,0,0,0,0,0,0,0,0,0,0,0,0,0,0,0,839,0,0,0,0,0,0,0
1782976046.774,0,0,0,0,0,0,0,765129833,2150663916032,901084822016,0,0,0,0,0,0,0,0,0,0,0,0,0,0,0,0,0,0,0,0,0,0,0,0,0,0,0,0,0,0,0,0,0,0,0,0,0,0,0,0,0,0,0,0,0,0,0,0,0,0,0,0,0,0,0,0,0,0,7,1849353,131562772,42042172,0,0,0,0,0,0,0,0,0,0,0,0,0,0,0,0,0,0,0,0,0,0,0,0,0,0,0,0,0,0,0,0,0,0,0,0,0,12878774272,4573249536,786058,279129,41980299,278,0,96,786432,130582714,811153,6,3706193432,12884901888,24050,718465359,0,0,0,0,0,0,0,0,0,0,0,0,0,0,0,0,0,0,17982316,117878625,0,468,1202,7661,620,35964923,35,0,0,0,0,0,0,0,1,0,0,0,0,0,0,0,0,0,0,23576525,0,41980099,769959,0,0,0,0,0,0,0,0,16384,0,0,0,0,0,0,0,0,0,0,0,3629,422,0,0,0,0,0,54665471,0,147,0,2,422,3629,0,0,0,0,0,0,0,0,0,0,0,0,0,0,0,0,0,0,0,0,0,0,0,0,0,0,0,0,0,0,0,0,0,0,0,0,0,0,0,0,0,0,0,0,0,0,0,0,0,0,0,0,0,0,283460173,0,0,0,489655111,0,0,0,0,0,0,0,91188051,131553235,326447519,170984038400,79475342,0,0,0,0,0,0,0,0,0,0,0,0,0,0,0,0,0,0,0,0,0,0,0,0,0,0,0,0,0,0,0,869,0,0,0,0,0,0,0
1782976047.839,0,0,0,0,0,0,0,765293686,2151577258496,901395398656,0,0,0,0,0,0,0,0,0,0,0,0,0,0,0,0,0,0,0,0,0,0,0,0,0,0,0,0,0,0,0,0,0,0,0,0,0,0,0,0,0,0,0,0,0,0,0,0,0,0,0,0,0,0,0,0,0,0,7,1849379,131618640,42058338,0,0,0,0,0,0,0,0,0,0,0,0,0,0,0,0,0,0,0,0,0,0,0,0,0,0,0,0,0,0,0,0,0,0,0,0,0,12874121216,4575444992,785774,279263,41996436,561,0,97,786432,130638510,811153,6,3707004369,12884901888,24050,718574516,0,0,0,0,0,0,0,0,0,0,0,0,0,0,0,0,0,0,17987054,117883364,0,468,1202,7661,620,35974403,35,0,0,0,0,0,0,0,1,0,0,0,0,0,0,0,0,0,0,23581970,0,41996275,770280,0,0,0,0,0,0,0,0,16384,0,0,0,0,0,0,0,0,0,0,0,3630,422,0,0,0,0,0,54679876,0,147,0,2,422,3630,0,0,0,0,0,0,0,0,0,0,0,0,0,0,0,0,0,0,0,0,0,0,0,0,0,0,0,0,0,0,0,0,0,0,0,0,0,0,0,0,0,0,0,0,0,0,0,0,0,0,0,0,0,0,283536844,0,0,0,489735675,0,0,0,0,0,0,0,91218390,131608962,326540616,171023873024,79500944,1,0,0,0,0,0,0,0,0,0,0,0,0,0,0,0,0,0,0,0,0,0,0,0,0,0,0,0,0,0,0,818,0,0,0,0,0,0,0
1782976048.907,0,0,0,0,0,0,0,765455675,2152478099968,901700682752,0,0,0,0,0,0,0,0,0,0,0,0,0,0,0,0,0,0,0,0,0,0,0,0,0,0,0,0,0,0,0,0,0,0,0,0,0,0,0,0,0,0,0,0,0,0,0,0,0,0,0,0,0,0,0,0,0,0,7,1849397,131673758,42074157,0,0,0,0,0,0,0,0,0,0,0,0,0,0,0,0,0,0,0,0,0,0,0,0,0,0,0,0,0,0,0,0,0,0,0,0,0,12879855616,4581654528,786124,279642,42012284,211,0,97,786432,130693558,811153,6,3707805935,12884901888,24050,718682150,0,0,0,0,0,0,0,0,0,0,0,0,0,0,0,0,0,0,17991748,117888056,0,468,1202,7661,620,35983792,35,0,0,0,0,0,0,0,1,0,0,0,0,0,0,0,0,0,0,23587367,0,42012084,770587,0,0,0,0,0,0,0,0,16384,0,0,0,0,0,0,0,0,0,0,0,3631,422,0,0,0,0,0,54694105,0,147,0,2,422,3631,0,0,0,0,0,0,0,0,0,0,0,0,0,0,0,0,0,0,0,0,0,0,0,0,0,0,0,0,0,0,0,0,0,0,0,0,0,0,0,0,0,0,0,0,0,0,0,0,0,0,0,0,0,0,283614263,0,0,0,489815513,0,0,0,0,0,0,0,91248916,131663907,326634046,171064137216,79526887,1,1,0,0,0,0,0,0,0,0,0,0,0,0,0,0,0,0,0,0,0,0,0,0,0,0,0,0,0,0,0,721,0,0,0,0,0,0,0
1782976049.973,0,0,0,0,0,0,0,765621240,2153401141760,902014449152,0,0,0,0,0,0,0,0,0,0,0,0,0,0,0,0,0,0,0,0,0,0,0,0,0,0,0,0,0,0,0,0,0,0,0,0,0,0,0,0,0,0,0,0,0,0,0,0,0,0,0,0,0,0,0,0,0,0,7,1849432,131730227,42090455,0,0,0,0,0,0,0,0,0,0,0,0,0,0,0,0,0,0,0,0,0,0,0,0,0,0,0,0,0,0,0,0,0,0,0,0,0,12878266368,4585209856,786027,279859,42028582,307,0,96,786432,130749971,811153,6,3708625722,12884901888,24050,718793032,0,0,0,0,0,0,0,0,0,0,0,0,0,0,0,0,0,0,17996537,117892847,0,468,1202,7661,620,35993369,35,0,0,0,0,0,0,0,1,0,0,0,0,0,0,0,0,0,0,23592873,0,42028382,770913,0,0,0,0,0,0,0,0,16384,0,0,0,0,0,0,0,0,0,0,0,3632,422,0,0,0,0,0,54708694,0,147,0,2,422,3632,0,0,0,0,0,0,0,0,0,0,0,0,0,0,0,0,0,0,0,0,0,0,0,0,0,0,0,0,0,0,0,0,0,0,0,0,0,0,0,0,0,0,0,0,0,0,0,0,0,0,0,0,0,0,283692544,0,0,0,489896866,0,0,0,0,0,0,0,91281741,131720213,326728876,171104944128,79554821,1,1,0,0,0,0,0,0,0,0,0,0,0,0,0,0,0,0,0,0,0,0,0,0,0,0,0,0,0,0,0,705,0,0,0,0,0,0,0
1782976051.041,0,0,0,0,0,0,0,765786820,2154324871680,902327670272,0,0,0,0,0,0,0,0,0,0,0,0,0,0,0,0,0,0,0,0,0,0,0,0,0,0,0,0,0,0,0,0,0,0,0,0,0,0,0,0,0,0,0,0,0,0,0,0,0,0,0,0,0,0,0,0,0,0,7,1849459,131786729,42106739,0,0,0,0,0,0,0,0,0,0,0,0,0,0,0,0,0,0,0,0,0,0,0,0,0,0,0,0,0,0,0,0,0,0,0,0,0,12875972608,4587061248,785887,279972,42044866,450,0,97,786432,130806403,811153,6,3709445723,12884901888,24050,718903194,0,0,0,0,0,0,0,0,0,0,0,0,0,0,0,0,0,0,18001327,117897636,0,468,1202,7661,620,36002950,35,0,0,0,0,0,0,0,1,0,0,0,0,0,0,0,0,0,0,23598376,0,42044666,771232,0,0,0,0,0,0,0,0,16384,0,0,0,0,0,0,0,0,0,0,0,3633,422,0,0,0,0,0,54723259,0,147,0,2,422,3633,0,0,0,0,0,0,0,0,0,0,0,0,0,0,0,0,0,0,0,0,0,0,0,0,0,0,0,0,0,0,0,0,0,0,0,0,0,0,0,0,0,0,0,0,0,0,0,0,0,0,0,0,0,0,283770565,0,0,0,489978246,0,0,0,0,0,0,0,91314282,131776550,326823381,171145452544,79582568,1,0,0,0,0,0,0,0,0,0,0,0,0,0,0,0,0,0,0,0,0,0,0,0,0,0,0,0,0,0,0,684,0,0,0,0,0,0,0
1782976052.110,0,0,0,0,0,0,0,765952677,2155247847936,902641665024,0,0,0,0,0,0,0,0,0,0,0,0,0,0,0,0,0,0,0,0,0,0,0,0,0,0,0,0,0,0,0,0,0,0,0,0,0,0,0,0,0,0,0,0,0,0,0,0,0,0,0,0,0,0,0,0,0,0,7,1849480,131843201,42123051,0,0,0,0,0,0,0,0,0,0,0,0,0,0,0,0,0,0,0,0,0,0,0,0,0,0,0,0,0,0,0,0,0,0,0,0,0,12876038144,4589240320,785891,280105,42061178,445,0,96,786432,130862811,811153,6,3710266077,12884901888,24050,719013578,0,0,0,0,0,0,0,0,0,0,0,0,0,0,0,0,0,0,18006128,117902438,0,468,1202,7661,620,36012553,35,0,0,0,0,0,0,0,1,0,0,0,0,0,0,0,0,0,0,23603902,0,42060978,771559,0,0,0,0,0,0,0,0,16384,0,0,0,0,0,0,0,0,0,0,0,3634,422,0,0,0,0,0,54737843,0,147,0,2,422,3634,0,0,0,0,0,0,0,0,0,0,0,0,0,0,0,0,0,0,0,0,0,0,0,0,0,0,0,0,0,0,0,0,0,0,0,0,0,0,0,0,0,0,0,0,0,0,0,0,0,0,0,0,0,0,283848453,0,0,0,490059783,0,0,0,0,0,0,0,91347865,131832858,326917831,171186135040,79611273,0,0,0,0,0,0,0,0,0,0,0,0,0,0,0,0,0,0,0,0,0,0,0,0,0,0,0,0,0,0,0,669,0,0,0,0,0,0,0
1782976053.176,0,0,0,0,0,0,0,766122078,2156192631296,902956902912,0,0,0,0,0,0,0,0,0,0,0,0,0,0,0,0,0,0,0,0,0,0,0,0,0,0,0,0,0,0,0,0,0,0,0,0,0,0,0,0,0,0,0,0,0,0,0,0,0,0,0,0,0,0,0,0,0,0,7,1849509,131900977,42139409,0,0,0,0,0,0,0,0,0,0,0,0,0,0,0,0,0,0,0,0,0,0,0,0,0,0,0,0,0,0,0,0,0,0,0,0,0,12878004224,4598267904,786011,280656,42077536,325,0,96,786432,130920523,811153,6,3711104767,12884901888,24050,719126384,0,0,0,0,0,0,0,0,0,0,0,0,0,0,0,0,0,0,18011033,117907343,0,468,1202,7661,620,36022366,35,0,0,0,0,0,0,0,1,0,0,0,0,0,0,0,0,0,0,23609537,0,42077336,771879,0,0,0,0,0,0,0,0,16384,0,0,0,0,0,0,0,0,0,0,0,3635,422,0,0,0,0,0,54752752,0,147,0,2,422,3635,0,0,0,0,0,0,0,0,0,0,0,0,0,0,0,0,0,0,0,0,0,0,0,0,0,0,0,0,0,0,0,0,0,0,0,0,0,0,0,0,0,0,0,0,0,0,0,0,0,0,0,0,0,0,283927509,0,0,0,490142968,0,0,0,0,0,0,0,91382451,131890516,327013472,171227288576,79641110,1,1,0,0,0,0,0,0,0,0,0,0,0,0,0,0,0,0,0,0,0,0,0,0,0,0,0,0,0,0,0,750,0,0,0,0,0,0,0
1782976054.244,0,0,0,0,0,0,0,766292048,2157145852416,903275146240,0,0,0,0,0,0,0,0,0,0,0,0,0,0,0,0,0,0,0,0,0,0,0,0,0,0,0,0,0,0,0,0,0,0,0,0,0,0,0,0,0,0,0,0,0,0,0,0,0,0,0,0,0,0,0,0,0,0,7,1849532,131959281,42156002,0,0,0,0,0,0,0,0,0,0,0,0,0,0,0,0,0,0,0,0,0,0,0,0,0,0,0,0,0,0,0,0,0,0,0,0,0,12874334208,4603985920,785787,281005,42094129,548,0,96,786432,130978770,811153,6,3711945768,12884901888,24050,719238877,0,0,0,0,0,0,0,0,0,0,0,0,0,0,0,0,0,0,18015954,117912263,0,468,1202,7661,620,36032200,35,0,0,0,0,0,0,0,1,0,0,0,0,0,0,0,0,0,0,23615190,0,42093929,772207,0,0,0,0,0,0,0,0,16384,0,0,0,0,0,0,0,0,0,0,0,3636,422,0,0,0,0,0,54767702,0,147,0,2,422,3636,0,0,0,0,0,0,0,0,0,0,0,0,0,0,0,0,0,0,0,0,0,0,0,0,0,0,0,0,0,0,0,0,0,0,0,0,0,0,0,0,0,0,0,0,0,0,0,0,0,0,0,0,0,0,284005399,0,0,0,490226473,0,0,0,0,0,0,0,91416430,131948666,327108178,171267774464,79670223,0,1,0,0,0,0,0,0,0,0,0,0,0,0,0,0,0,0,0,0,0,0,0,0,0,0,0,0,0,0,0,860,0,0,0,0,0,0,0
1782976055.312,0,0,0,0,0,0,0,766461796,2158091307520,903589593600,0,0,0,0,0,0,0,0,0,0,0,0,0,0,0,0,0,0,0,0,0,0,0,0,0,0,0,0,0,0,0,0,0,0,0,0,0,0,0,0,0,0,0,0,0,0,0,0,0,0,0,0,0,0,0,0,0,0,7,1849548,132017107,42172306,0,0,0,0,0,0,0,0,0,0,0,0,0,0,0,0,0,0,0,0,0,0,0,0,0,0,0,0,0,0,0,0,0,0,0,0,0,12876365824,4611342336,785911,281454,42110433,424,0,96,786432,131036527,811153,6,3712785338,12884901888,24050,719351362,0,0,0,0,0,0,0,0,0,0,0,0,0,0,0,0,0,0,18020873,117917183,0,468,1202,7661,620,36042038,35,0,0,0,0,0,0,0,1,0,0,0,0,0,0,0,0,0,0,23620844,0,42110233,772524,0,0,0,0,0,0,0,0,16384,0,0,0,0,0,0,0,0,0,0,0,3637,422,0,0,0,0,0,54782653,0,147,0,2,422,3637,0,0,0,0,0,0,0,0,0,0,0,0,0,0,0,0,0,0,0,0,0,0,0,0,0,0,0,0,0,0,0,0,0,0,0,0,0,0,0,0,0,0,0,0,0,0,0,0,0,0,0,0,0,0,284085249,0,0,0,490309868,0,0,0,0,0,0,0,91451505,132006361,327204562,171309203456,79700386,1,0,0,0,0,0,0,0,0,0,0,0,0,0,0,0,0,0,0,0,0,0,0,0,0,0,0,0,0,0,0,952,0,0,0,0,0,0,0
1782976056.380,0,0,0,0,0,0,0,766630310,2159026407936,903919051264,0,0,0,0,0,0,0,0,0,0,0,0,0,0,0,0,0,0,0,0,0,0,0,0,0,0,0,0,0,0,0,0,0,0,0,0,0,0,0,0,0,0,0,0,0,0,0,0,0,0,0,0,0,0,0,0,0,0,7,1849571,132074300,42189528,0,0,0,0,0,0,0,0,0,0,0,0,0,0,0,0,0,0,0,0,0,0,0,0,0,0,0,0,0,0,0,0,0,0,0,0,0,12875415552,4600758272,785853,280808,42126945,483,0,96,786432,131093659,811153,6,3713618863,12884901888,24050,719463434,0,0,0,0,0,0,0,0,0,0,0,0,0,0,0,0,0,0,18025749,117922059,0,468,1202,7661,620,36051788,35,0,0,0,0,0,0,0,1,0,0,0,0,0,0,0,0,0,0,23626444,0,42127385,772847,0,0,0,0,0,0,0,0,16384,0,0,0,0,0,0,0,0,0,0,0,3638,422,0,0,0,0,0,54797511,0,147,0,2,422,3638,0,0,0,0,0,0,0,0,0,0,0,0,0,0,0,0,0,0,0,0,0,0,0,0,0,0,0,0,0,0,0,0,0,0,0,0,0,0,0,0,0,0,0,0,0,0,0,0,0,0,0,0,0,0,284163283,0,0,0,490392580,0,0,0,0,0,0,0,91485520,132063423,327300076,171349755904,79729485,1,0,0,0,0,0,0,0,0,0,0,0,0,0,0,0,0,0,0,0,0,0,0,0,0,0,0,0,0,0,0,1017,0,0,0,0,0,0,0
1782976057.445,0,0,0,0,0,0,0,766796240,2159955380736,904281369088,0,0,0,0,0,0,0,0,0,0,0,0,0,0,0,0,0,0,0,0,0,0,0,0,0,0,0,0,0,0,0,0,0,0,0,0,0,0,0,0,0,0,0,0,0,0,0,0,0,0,0,0,0,0,0,0,0,0,7,1849596,132131129,42208869,0,0,0,0,0,0,0,0,0,0,0,0,0,0,0,0,0,0,0,0,0,0,0,0,0,0,0,0,0,0,0,0,0,0,0,0,0,12878692352,4554604544,786053,277990,42146996,281,0,96,786432,131150427,811153,6,3714440194,12884901888,24050,719573439,0,0,0,0,0,0,0,0,0,0,0,0,0,0,0,0,0,0,18030554,117926863,0,468,1202,7661,620,36061399,35,0,0,0,0,0,0,0,1,0,0,0,0,0,0,0,0,0,0,23631965,0,42146796,773176,0,0,0,0,0,0,0,0,16384,0,0,0,0,0,0,0,0,0,0,0,3639,422,0,0,0,0,0,54812092,0,147,0,2,422,3639,0,0,0,0,0,0,0,0,0,0,0,0,0,0,0,0,0,0,0,0,0,0,0,0,0,0,0,0,0,0,0,0,0,0,0,0,0,0,0,0,0,0,0,0,0,0,0,0,0,0,0,0,0,0,284241192,0,0,0,490474225,0,0,0,0,0,0,0,91519540,132120095,327397516,171390218240,79758347,1,0,0,0,0,0,0,0,0,0,0,0,0,0,0,0,0,0,0,0,0,0,0,0,0,0,0,0,0,0,0,997,0,0,0,0,0,0,0
1782976058.512,0,0,0,0,0,0,0,766966389,2160901016064,904601332224,0,0,0,0,0,0,0,0,0,0,0,0,0,0,0,0,0,0,0,0,0,0,0,0,0,0,0,0,0,0,0,0,0,0,0,0,0,0,0,0,0,0,0,0,0,0,0,0,0,0,0,0,0,0,0,0,0,0,7,1849626,132188991,42225482,0,0,0,0,0,0,0,0,0,0,0,0,0,0,0,0,0,0,0,0,0,0,0,0,0,0,0,0,0,0,0,0,0,0,0,0,0,12875153408,4558077952,785837,278204,42163599,500,0,96,786432,131208239,811153,6,3715281851,12884901888,24050,719686638,0,0,0,0,0,0,0,0,0,0,0,0,0,0,0,0,0,0,18035474,117931784,0,468,1202,7661,620,36071242,35,0,0,0,0,0,0,0,1,0,0,0,0,0,0,0,0,0,0,23637624,0,42163399,773491,0,0,0,0,0,0,0,0,16384,0,0,0,0,0,0,0,0,0,0,0,3641,422,0,0,0,0,0,54827076,0,147,0,2,422,3641,0,0,0,0,0,0,0,0,0,0,0,0,0,0,0,0,0,0,0,0,0,0,0,0,0,0,0,0,0,0,0,0,0,0,0,0,0,0,0,0,0,0,0,0,0,0,0,0,0,0,0,0,0,0,284321028,0,0,0,490557673,0,0,0,0,0,0,0,91555073,132177809,327494205,171431728128,79788922,1,0,0,0,0,0,0,0,0,0,0,0,0,0,0,0,0,0,0,0,0,0,0,0,0,0,0,0,0,0,0,1123,0,0,0,0,0,0,0
1782976059.579,0,0,0,0,0,0,0,767135646,2161842506240,904919507968,0,0,0,0,0,0,0,0,0,0,0,0,0,0,0,0,0,0,0,0,0,0,0,0,0,0,0,0,0,0,0,0,0,0,0,0,0,0,0,0,0,0,0,0,0,0,0,0,0,0,0,0,0,0,0,0,0,0,7,1849658,132246598,42241996,0,0,0,0,0,0,0,0,0,0,0,0,0,0,0,0,0,0,0,0,0,0,0,0,0,0,0,0,0,0,0,0,0,0,0,0,0,12875218944,4563894272,785841,278558,42180123,494,0,96,786432,131265789,811153,6,3716119850,12884901888,24050,719799134,0,0,0,0,0,0,0,0,0,0,0,0,0,0,0,0,0,0,18040378,117936688,0,468,1202,7661,620,36081045,35,0,0,0,0,0,0,0,1,0,0,0,0,0,0,0,0,0,0,23643267,0,42179923,773806,0,0,0,0,0,0,0,0,16384,0,0,0,0,0,0,0,0,0,0,0,3642,422,0,0,0,0,0,54842029,0,147,0,2,422,3642,0,0,0,0,0,0,0,0,0,0,0,0,0,0,0,0,0,0,0,0,0,0,0,0,0,0,0,0,0,0,0,0,0,0,0,0,0,0,0,0,0,0,0,0,0,0,0,0,0,0,0,0,0,0,284400830,0,0,0,490640862,0,0,0,0,0,0,0,91590275,132235267,327590723,171473292800,79819267,1,1,0,0,0,0,0,0,0,0,0,0,0,0,0,0,0,0,0,0,0,0,0,0,0,0,0,0,0,0,0,1196,0,0,0,0,0,0,0
1782976060.642,0,0,0,0,0,0,0,767306334,2162794531328,905236895744,0,0,0,0,0,0,0,0,0,0,0,0,0,0,0,0,0,0,0,0,0,0,0,0,0,0,0,0,0,0,0,0,0,0,0,0,0,0,0,0,0,0,0,0,0,0,0,0,0,0,0,0,0,0,0,0,0,0,7,1849678,132304838,42258451,0,0,0,0,0,0,0,0,0,0,0,0,0,0,0,0,0,0,0,0,0,0,0,0,0,0,0,0,0,0,0,0,0,0,0,0,0,12879380480,4569923584,786095,278926,42196578,241,0,96,786432,131323958,811153,6,3716967432,12884901888,24050,719914942,0,0,0,0,0,0,0,0,0,0,0,0,0,0,0,0,0,0,18045322,117941630,0,468,1202,7661,620,36090935,35,0,0,0,0,0,0,0,1,0,0,0,0,0,0,0,0,0,0,23648956,0,42196378,774120,0,0,0,0,0,0,0,0,16384,0,0,0,0,0,0,0,0,0,0,0,3643,422,0,0,0,0,0,54857055,0,147,0,2,422,3643,0,0,0,0,0,0,0,0,0,0,0,0,0,0,0,0,0,0,0,0,0,0,0,0,0,0,0,0,0,0,0,0,0,0,0,0,0,0,0,0,0,0,0,0,0,0,0,0,0,0,0,0,0,0,284481559,0,0,0,490725825,0,0,0,0,0,0,0,91625643,132293375,327688129,171515206144,79849750,1,0,0,0,0,0,0,0,0,0,0,0,0,0,0,0,0,0,0,0,0,0,0,0,0,0,0,0,0,0,0,155,0,0,0,0,0,0,0
1782976061.709,0,0,0,0,0,0,0,767476138,2163742427648,905554341376,0,0,0,0,0,0,0,0,0,0,0,0,0,0,0,0,0,0,0,0,0,0,0,0,0,0,0,0,0,0,0,0,0,0,0,0,0,0,0,0,0,0,0,0,0,0,0,0,0,0,0,0,0,0,0,0,0,0,7,1849704,132362838,42274907,0,0,0,0,0,0,0,0,0,0,0,0,0,0,0,0,0,0,0,0,0,0,0,0,0,0,0,0,0,0,0,0,0,0,0,0,0,12875530240,4576608256,785859,279334,42213034,480,0,97,786432,131381887,811153,6,3717807956,12884901888,24050,720028007,0,0,0,0,0,0,0,0,0,0,0,0,0,0,0,0,0,0,18050236,117946545,0,468,1202,7661,620,36100762,35,0,0,0,0,0,0,0,1,0,0,0,0,0,0,0,0,0,0,23654609,0,42212834,774442,0,0,0,0,0,0,0,0,16384,0,0,0,0,0,0,0,0,0,0,0,3644,422,0,0,0,0,0,54872018,0,147,0,2,422,3644,0,0,0,0,0,0,0,0,0,0,0,0,0,0,0,0,0,0,0,0,0,0,0,0,0,0,0,0,0,0,0,0,0,0,0,0,0,0,0,0,0,0,0,0,0,0,0,0,0,0,0,0,0,0,284561564,0,0,0,490809171,0,0,0,0,0,0,0,91660905,132351231,327784816,171556831744,79879991,1,0,0,0,0,0,0,0,0,0,0,0,0,0,0,0,0,0,0,0,0,0,0,0,0,0,0,0,0,0,0,250,0,0,0,0,0,0,0
1782976062.777,0,0,0,0,0,0,0,767645278,2164684425728,905872061440,0,0,0,0,0,0,0,0,0,0,0,0,0,0,0,0,0,0,0,0,0,0,0,0,0,0,0,0,0,0,0,0,0,0,0,0,0,0,0,0,0,0,0,0,0,0,0,0,0,0,0,0,0,0,0,0,0,0,7,1849740,132420474,42291407,0,0,0,0,0,0,0,0,0,0,0,0,0,0,0,0,0,0,0,0,0,0,0,0,0,0,0,0,0,0,0,0,0,0,0,0,0,12876398592,4579311616,785913,279499,42229534,423,0,96,786432,131439461,811153,6,3718644705,12884901888,24050,720140617,0,0,0,0,0,0,0,0,0,0,0,0,0,0,0,0,0,0,18055128,117951438,0,468,1202,7661,620,36110547,35,0,0,0,0,0,0,0,1,0,0,0,0,0,0,0,0,0,0,23660232,0,42229334,774766,0,0,0,0,0,0,0,0,16384,0,0,0,0,0,0,0,0,0,0,0,3645,422,0,0,0,0,0,54886891,0,147,0,2,422,3645,0,0,0,0,0,0,0,0,0,0,0,0,0,0,0,0,0,0,0,0,0,0,0,0,0,0,0,0,0,0,0,0,0,0,0,0,0,0,0,0,0,0,0,0,0,0,0,0,0,0,0,0,0,0,284639989,0,0,0,490892169,0,0,0,0,0,0,0,91695945,132408722,327879981,171597784064,79909959,1,0,0,0,0,0,0,0,0,0,0,0,0,0,0,0,0,0,0,0,0,0,0,0,0,0,0,0,0,0,0,339,0,0,0,0,0,0,0
1782976063.845,0,0,0,0,0,0,0,767810240,2165606664704,906186953216,0,0,0,0,0,0,0,0,0,0,0,0,0,0,0,0,0,0,0,0,0,0,0,0,0,0,0,0,0,0,0,0,0,0,0,0,0,0,0,0,0,0,0,0,0,0,0,0,0,0,0,0,0,0,0,0,0,0,7,1849760,132476886,42307734,0,0,0,0,0,0,0,0,0,0,0,0,0,0,0,0,0,0,0,0,0,0,0,0,0,0,0,0,0,0,0,0,0,0,0,0,0,12874579968,4579328000,785803,279500,42245848,535,0,97,786432,131495809,811153,6,3719461301,12884901888,24050,720250065,0,0,0,0,0,0,0,0,0,0,0,0,0,0,0,0,0,0,18059904,117956214,0,468,1202,7661,620,36120101,35,0,0,0,0,0,0,0,1,0,0,0,0,0,0,0,0,0,0,23665718,0,42245693,775078,0,0,0,0,0,0,0,0,16384,0,0,0,0,0,0,0,0,0,0,0,3646,422,0,0,0,0,0,54901432,0,147,0,2,422,3646,0,0,0,0,0,0,0,0,0,0,0,0,0,0,0,0,0,0,0,0,0,0,0,0,0,0,0,0,0,0,0,0,0,0,0,0,0,0,0,0,0,0,0,0,0,0,0,0,0,0,0,0,0,0,284718223,0,0,0,490973344,0,0,0,0,0,0,0,91728410,132464978,327974812,171638471168,79937689,0,0,0,0,0,0,0,0,0,0,0,0,0,0,0,0,0,0,0,0,0,0,0,0,0,0,0,0,0,0,0,328,0,0,0,0,0,0,0
1782976064.912,0,0,0,0,0,0,0,767975173,2166525250048,906497174016,0,0,0,0,0,0,0,0,0,0,0,0,0,0,0,0,0,0,0,0,0,0,0,0,0,0,0,0,0,0,0,0,0,0,0,0,0,0,0,0,0,0,0,0,0,0,0,0,0,0,0,0,0,0,0,0,0,0,7,1849787,132533080,42323886,0,0,0,0,0,0,0,0,0,0,0,0,0,0,0,0,0,0,0,0,0,0,0,0,0,0,0,0,0,0,0,0,0,0,0,0,0,12879200256,4579459072,786084,279508,42262013,250,0,96,786432,131551943,811153,6,3720276978,12884901888,24050,720359151,0,0,0,0,0,0,0,0,0,0,0,0,0,0,0,0,0,0,18064677,117960987,0,468,1202,7661,620,36129648,35,0,0,0,0,0,0,0,1,0,0,0,0,0,0,0,0,0,0,23671202,0,42261813,775399,0,0,0,0,0,0,0,0,16384,0,0,0,0,0,0,0,0,0,0,0,3647,422,0,0,0,0,0,54915948,0,147,0,2,422,3647,0,0,0,0,0,0,0,0,0,0,0,0,0,0,0,0,0,0,0,0,0,0,0,0,0,0,0,0,0,0,0,0,0,0,0,0,0,0,0,0,0,0,0,0,0,0,0,0,0,0,0,0,0,0,284795800,0,0,0,491054452,0,0,0,0,0,0,0,91760176,132521021,328068746,171678809088,79964740,1,0,0,0,0,0,0,0,0,0,0,0,0,0,0,0,0,0,0,0,0,0,0,0,0,0,0,0,0,0,0,322,0,0,0,0,0,0,0
1782976065.982,0,0,0,0,0,0,0,768137657,2167431121408,906805474816,0,0,0,0,0,0,0,0,0,0,0,0,0,0,0,0,0,0,0,0,0,0,0,0,0,0,0,0,0,0,0,0,0,0,0,0,0,0,0,0,0,0,0,0,0,0,0,0,0,0,0,0,0,0,0,0,0,0,7,1849813,132588510,42339918,0,0,0,0,0,0,0,0,0,0,0,0,0,0,0,0,0,0,0,0,0,0,0,0,0,0,0,0,0,0,0,0,0,0,0,0,0,12874612736,4582457344,785804,279691,42278045,532,0,96,786432,131607309,811153,6,3721081577,12884901888,24050,720467874,0,0,0,0,0,0,0,0,0,0,0,0,0,0,0,0,0,0,18069382,117965691,0,468,1202,7661,620,36139052,35,0,0,0,0,0,0,0,1,0,0,0,0,0,0,0,0,0,0,23676610,0,42277845,775710,0,0,0,0,0,0,0,0,16384,0,0,0,0,0,0,0,0,0,0,0,3648,422,0,0,0,0,0,54930240,0,147,0,2,422,3648,0,0,0,0,0,0,0,0,0,0,0,0,0,0,0,0,0,0,0,0,0,0,0,0,0,0,0,0,0,0,0,0,0,0,0,0,0,0,0,0,0,0,0,0,0,0,0,0,0,0,0,0,0,0,284872444,0,0,0,491134501,0,0,0,0,0,0,0,91791324,132576304,328161634,171718630400,79991183,1,0,0,0,0,0,0,0,0,0,0,0,0,0,0,0,0,0,0,0,0,0,0,0,0,0,0,0,0,0,0,183,0,0,0,0,0,0,0
1782976067.050,0,0,0,0,0,0,0,768299836,2168336828928,907111160320,0,0,0,0,0,0,0,0,0,0,0,0,0,0,0,0,0,0,0,0,0,0,0,0,0,0,0,0,0,0,0,0,0,0,0,0,0,0,0,0,0,0,0,0,0,0,0,0,0,0,0,0,0,0,0,0,0,0,7,1849839,132643903,42355800,0,0,0,0,0,0,0,0,0,0,0,0,0,0,0,0,0,0,0,0,0,0,0,0,0,0,0,0,0,0,0,0,0,0,0,0,0,12877119488,4586340352,785957,279928,42293927,378,0,96,786432,131662633,811153,6,3721884499,12884901888,24050,720575367,0,0,0,0,0,0,0,0,0,0,0,0,0,0,0,0,0,0,18074074,117970383,0,468,1202,7661,620,36148447,35,0,0,0,0,0,0,0,1,0,0,0,0,0,0,0,0,0,0,23682013,0,42293727,776023,0,0,0,0,0,0,0,0,16384,0,0,0,0,0,0,0,0,0,0,0,3649,422,0,0,0,0,0,54944520,0,147,0,2,422,3649,0,0,0,0,0,0,0,0,0,0,0,0,0,0,0,0,0,0,0,0,0,0,0,0,0,0,0,0,0,0,0,0,0,0,0,0,0,0,0,0,0,0,0,0,0,0,0,0,0,0,0,0,0,0,284948857,0,0,0,491214315,0,0,0,0,0,0,0,91821703,132631550,328254163,171758258176,80016894,1,0,0,0,0,0,0,0,0,0,0,0,0,0,0,0,0,0,0,0,0,0,0,0,0,0,0,0,0,0,0,90,0,0,0,0,0,0,0
1782976068.119,0,0,0,0,0,0,0,768462996,2169246992896,907420165120,0,0,0,0,0,0,0,0,0,0,0,0,0,0,0,0,0,0,0,0,0,0,0,0,0,0,0,0,0,0,0,0,0,0,0,0,0,0,0,0,0,0,0,0,0,0,0,0,0,0,0,0,0,0,0,0,0,0,7,1849853,132699584,42371841,0,0,0,0,0,0,0,0,0,0,0,0,0,0,0,0,0,0,0,0,0,0,0,0,0,0,0,0,0,0,0,0,0,0,0,0,0,12878282752,4586749952,786029,279953,42309968,309,0,96,786432,131718261,811153,6,3722688448,12884901888,24050,720681237,0,0,0,0,0,0,0,0,0,0,0,0,0,0,0,0,0,0,18078797,117975107,0,468,1202,7661,620,36157887,35,0,0,0,0,0,0,0,1,0,0,0,0,0,0,0,0,0,0,23687436,0,42309768,776339,0,0,0,0,0,0,0,0,16384,0,0,0,0,0,0,0,0,0,0,0,3650,422,0,0,0,0,0,54958867,0,147,0,2,422,3650,0,0,0,0,0,0,0,0,0,0,0,0,0,0,0,0,0,0,0,0,0,0,0,0,0,0,0,0,0,0,0,0,0,0,0,0,0,0,0,0,0,0,0,0,0,0,0,0,0,0,0,0,0,0,285026027,0,0,0,491293426,0,0,0,0,0,0,0,91852425,132687089,328347574,171798390272,80042806,1,1,0,0,0,0,0,0,0,0,0,0,0,0,0,0,0,0,0,0,0,0,0,0,0,0,0,0,0,0,0,1204,0,0,0,0,0,0,0
1782976069.186,0,0,0,0,0,0,0,768624997,2170149030400,907724996608,0,0,0,0,0,0,0,0,0,0,0,0,0,0,0,0,0,0,0,0,0,0,0,0,0,0,0,0,0,0,0,0,0,0,0,0,0,0,0,0,0,0,0,0,0,0,0,0,0,0,0,0,0,0,0,0,0,0,7,1849876,132754715,42387631,0,0,0,0,0,0,0,0,0,0,0,0,0,0,0,0,0,0,0,0,0,0,0,0,0,0,0,0,0,0,0,0,0,0,0,0,0,12873695232,4590141440,785748,280160,42325758,587,0,97,786432,131773330,811153,6,3723490181,12884901888,24050,720788890,0,0,0,0,0,0,0,0,0,0,0,0,0,0,0,0,0,0,18083493,117979802,0,468,1202,7661,620,36167277,35,0,0,0,0,0,0,0,1,0,0,0,0,0,0,0,0,0,0,23692833,0,42325558,776637,0,0,0,0,0,0,0,0,16384,0,0,0,0,0,0,0,0,0,0,0,3651,422,0,0,0,0,0,54973112,0,147,0,2,422,3651,0,0,0,0,0,0,0,0,0,0,0,0,0,0,0,0,0,0,0,0,0,0,0,0,0,0,0,0,0,0,0,0,0,0,0,0,0,0,0,0,0,0,0,0,0,0,0,0,0,0,0,0,0,0,285103107,0,0,0,491373215,0,0,0,0,0,0,0,91883381,132742113,328440671,171838425088,80069216,0,0,0,0,0,0,0,0,0,0,0,0,0,0,0,0,0,0,0,0,0,0,0,0,0,0,0,0,0,0,0,1104,0,0,0,0,0,0,0
1782976070.254,0,0,0,0,0,0,0,768787092,2171053591040,908032187904,0,0,0,0,0,0,0,0,0,0,0,0,0,0,0,0,0,0,0,0,0,0,0,0,0,0,0,0,0,0,0,0,0,0,0,0,0,0,0,0,0,0,0,0,0,0,0,0,0,0,0,0,0,0,0,0,0,0,7,1849913,132810050,42403579,0,0,0,0,0,0,0,0,0,0,0,0,0,0,0,0,0,0,0,0,0,0,0,0,0,0,0,0,0,0,0,0,0,0,0,0,0,12875120640,4591648768,785835,280252,42341706,500,0,96,786432,131828607,811153,6,3724292635,12884901888,24050,720896862,0,0,0,0,0,0,0,0,0,0,0,0,0,0,0,0,0,0,18088182,117984492,0,468,1202,7661,620,36176658,35,0,0,0,0,0,0,0,1,0,0,0,0,0,0,0,0,0,0,23698229,0,42341506,776946,0,0,0,0,0,0,0,0,16384,0,0,0,0,0,0,0,0,0,0,0,3652,422,0,0,0,0,0,54987351,0,147,0,2,422,3652,0,0,0,0,0,0,0,0,0,0,0,0,0,0,0,0,0,0,0,0,0,0,0,0,0,0,0,0,0,0,0,0,0,0,0,0,0,0,0,0,0,0,0,0,0,0,0,0,0,0,0,0,0,0,285179329,0,0,0,491452951,0,0,0,0,0,0,0,91914637,132797286,328533079,171878192128,80095921,1,0,0,0,0,0,0,0,0,0,0,0,0,0,0,0,0,0,0,0,0,0,0,0,0,0,0,0,0,0,0,997,0,0,0,0,0,0,0
1782976071.322,0,0,0,0,0,0,0,768951244,2171962100224,908340762112,0,0,0,0,0,0,0,0,0,0,0,0,0,0,0,0,0,0,0,0,0,0,0,0,0,0,0,0,0,0,0,0,0,0,0,0,0,0,0,0,0,0,0,0,0,0,0,0,0,0,0,0,0,0,0,0,0,0,7,1849943,132865619,42419563,0,0,0,0,0,0,0,0,0,0,0,0,0,0,0,0,0,0,0,0,0,0,0,0,0,0,0,0,0,0,0,0,0,0,0,0,0,12876496896,4593647616,785919,280374,42357690,416,0,97,786432,131884113,811153,6,3725104388,12884901888,24050,721006353,0,0,0,0,0,0,0,0,0,0,0,0,0,0,0,0,0,0,18092932,117989242,0,468,1202,7661,620,36186154,35,0,0,0,0,0,0,0,1,0,0,0,0,0,0,0,0,0,0,23703689,0,42357490,777251,0,0,0,0,0,0,0,0,16384,0,0,0,0,0,0,0,0,0,0,0,3653,422,0,0,0,0,0,55001782,0,147,0,2,422,3653,0,0,0,0,0,0,0,0,0,0,0,0,0,0,0,0,0,0,0,0,0,0,0,0,0,0,0,0,0,0,0,0,0,0,0,0,0,0,0,0,0,0,0,0,0,0,0,0,0,0,0,0,0,0,285256991,0,0,0,491533727,0,0,0,0,0,0,0,91946556,132852711,328626930,171918670848,80123215,1,1,0,0,0,0,0,0,0,0,0,0,0,0,0,0,0,0,0,0,0,0,0,0,0,0,0,0,0,0,0,950,0,0,0,0,0,0,0
1782976072.386,0,0,0,0,0,0,0,769113910,2172873296384,908665017344,0,0,0,0,0,0,0,0,0,0,0,0,0,0,0,0,0,0,0,0,0,0,0,0,0,0,0,0,0,0,0,0,0,0,0,0,0,0,0,0,0,0,0,0,0,0,0,0,0,0,0,0,0,0,0,0,0,0,7,1849971,132921341,42436430,0,0,0,0,0,0,0,0,0,0,0,0,0,0,0,0,0,0,0,0,0,0,0,0,0,0,0,0,0,0,0,0,0,0,0,0,0,12874940416,4581687296,785824,279644,42373564,512,0,96,786432,131939778,811153,6,3725910196,12884901888,24050,721115063,0,0,0,0,0,0,0,0,0,0,0,0,0,0,0,0,0,0,18097637,117993947,0,468,1202,7661,620,36195567,35,0,0,0,0,0,0,0,1,0,0,0,0,0,0,0,0,0,0,23709105,0,42374260,777570,0,0,0,0,0,0,0,0,16384,0,0,0,0,0,0,0,0,0,0,0,3654,422,0,0,0,0,0,55016071,0,147,0,2,422,3654,0,0,0,0,0,0,0,0,0,0,0,0,0,0,0,0,0,0,0,0,0,0,0,0,0,0,0,0,0,0,0,0,0,0,0,0,0,0,0,0,0,0,0,0,0,0,0,0,0,0,0,0,0,0,285334233,0,0,0,491613792,0,0,0,0,0,0,0,91978190,132908270,328721333,171958858240,80149966,1,0,0,0,0,0,0,0,0,0,0,0,0,0,0,0,0,0,0,0,0,0,0,0,0,0,0,0,0,0,0,851,0,0,0,0,0,0,0
1782976073.453,0,0,0,0,0,0,0,769274862,2173776251392,909019401728,0,0,0,0,0,0,0,0,0,0,0,0,0,0,0,0,0,0,0,0,0,0,0,0,0,0,0,0,0,0,0,0,0,0,0,0,0,0,0,0,0,0,0,0,0,0,0,0,0,0,0,0,0,0,0,0,0,0,7,1849995,132976584,42455382,0,0,0,0,0,0,0,0,0,0,0,0,0,0,0,0,0,0,0,0,0,0,0,0,0,0,0,0,0,0,0,0,0,0,0,0,0,12875628544,4534026240,785866,276735,42393509,470,0,96,786432,131994943,811153,6,3726706943,12884901888,24050,721222054,0,0,0,0,0,0,0,0,0,0,0,0,0,0,0,0,0,0,18102299,117998608,0,468,1202,7661,620,36204888,35,0,0,0,0,0,0,0,1,0,0,0,0,0,0,0,0,0,0,23714462,0,42393309,777909,0,0,0,0,0,0,0,0,16384,0,0,0,0,0,0,0,0,0,0,0,3655,422,0,0,0,0,0,55030233,0,147,0,2,422,3655,0,0,0,0,0,0,0,0,0,0,0,0,0,0,0,0,0,0,0,0,0,0,0,0,0,0,0,0,0,0,0,0,0,0,0,0,0,0,0,0,0,0,0,0,0,0,0,0,0,0,0,0,0,0,285410520,0,0,0,491693033,0,0,0,0,0,0,0,92009703,132963367,328816783,171998567424,80176418,0,0,0,0,0,0,0,0,0,0,0,0,0,0,0,0,0,0,0,0,0,0,0,0,0,0,0,0,0,0,0,715,0,0,0,0,0,0,0
1782976074.520,0,0,0,0,0,0,0,769445332,2174726769152,909334838784,0,0,0,0,0,0,0,0,0,0,0,0,0,0,0,0,0,0,0,0,0,0,0,0,0,0,0,0,0,0,0,0,0,0,0,0,0,0,0,0,0,0,0,0,0,0,0,0,0,0,0,0,0,0,0,0,0,0,7,1850025,133034714,42471729,0,0,0,0,0,0,0,0,0,0,0,0,0,0,0,0,0,0,0,0,0,0,0,0,0,0,0,0,0,0,0,0,0,0,0,0,0,12876005376,4544135168,785889,277352,42409856,445,0,96,786432,132053020,811153,6,3727550697,12884901888,24050,721335273,0,0,0,0,0,0,0,0,0,0,0,0,0,0,0,0,0,0,18107234,118003543,0,468,1202,7661,620,36214764,35,0,0,0,0,0,0,0,1,0,0,0,0,0,0,0,0,0,0,23720136,0,42409656,778226,0,0,0,0,0,0,0,0,16384,0,0,0,0,0,0,0,0,0,0,0,3657,422,0,0,0,0,0,55045227,0,147,0,2,422,3657,0,0,0,0,0,0,0,0,0,0,0,0,0,0,0,0,0,0,0,0,0,0,0,0,0,0,0,0,0,0,0,0,0,0,0,0,0,0,0,0,0,0,0,0,0,0,0,0,0,0,0,0,0,0,285489658,0,0,0,491776817,0,0,0,0,0,0,0,92044603,133021368,328912495,172039720448,80206343,0,0,0,0,0,0,0,0,0,0,0,0,0,0,0,0,0,0,0,0,0,0,0,0,0,0,0,0,0,0,0,816,0,0,0,0,0,0,0
1782976075.588,0,0,0,0,0,0,0,769615213,2175672207872,909650548224,0,0,0,0,0,0,0,0,0,0,0,0,0,0,0,0,0,0,0,0,0,0,0,0,0,0,0,0,0,0,0,0,0,0,0,0,0,0,0,0,0,0,0,0,0,0,0,0,0,0,0,0,0,0,0,0,0,0,7,1850051,133092550,42488062,0,0,0,0,0,0,0,0,0,0,0,0,0,0,0,0,0,0,0,0,0,0,0,0,0,0,0,0,0,0,0,0,0,0,0,0,0,12874301440,4553064448,785784,277897,42426189,551,0,97,786432,132110789,811153,6,3728391605,12884901888,24050,721448434,0,0,0,0,0,0,0,0,0,0,0,0,0,0,0,0,0,0,18112149,118008459,0,468,1202,7661,620,36224590,35,0,0,0,0,0,0,0,1,0,0,0,0,0,0,0,0,0,0,23725784,0,42425989,778553,0,0,0,0,0,0,0,0,16384,0,0,0,0,0,0,0,0,0,0,0,3658,422,0,0,0,0,0,55060180,0,147,0,2,422,3658,0,0,0,0,0,0,0,0,0,0,0,0,0,0,0,0,0,0,0,0,0,0,0,0,0,0,0,0,0,0,0,0,0,0,0,0,0,0,0,0,0,0,0,0,0,0,0,0,0,0,0,0,0,0,285569797,0,0,0,491860238,0,0,0,0,0,0,0,92080086,133079048,329009180,172081469952,80236769,1,0,0,0,0,0,0,0,0,0,0,0,0,0,0,0,0,0,0,0,0,0,0,0,0,0,0,0,0,0,0,895,0,0,0,0,0,0,0
1782976076.654,0,0,0,0,0,0,0,769784554,2176620268032,909966451712,0,0,0,0,0,0,0,0,0,0,0,0,0,0,0,0,0,0,0,0,0,0,0,0,0,0,0,0,0,0,0,0,0,0,0,0,0,0,0,0,0,0,0,0,0,0,0,0,0,0,0,0,0,0,0,0,0,0,7,1850081,133150532,42504469,0,0,0,0,0,0,0,0,0,0,0,0,0,0,0,0,0,0,0,0,0,0,0,0,0,0,0,0,0,0,0,0,0,0,0,0,0,12879085568,4559208448,786077,278272,42442596,259,0,96,786432,132168705,811153,6,3729229128,12884901888,24050,721560339,0,0,0,0,0,0,0,0,0,0,0,0,0,0,0,0,0,0,18117059,118013368,0,468,1202,7661,620,36234408,35,0,0,0,0,0,0,0,1,0,0,0,0,0,0,0,0,0,0,23731421,0,42442396,778872,0,0,0,0,0,0,0,0,16384,0,0,0,0,0,0,0,0,0,0,0,3659,422,0,0,0,0,0,55075092,0,147,0,2,422,3659,0,0,0,0,0,0,0,0,0,0,0,0,0,0,0,0,0,0,0,0,0,0,0,0,0,0,0,0,0,0,0,0,0,0,0,0,0,0,0,0,0,0,0,0,0,0,0,0,0,0,0,0,0,0,285648514,0,0,0,491943477,0,0,0,0,0,0,0,92114971,133136908,329104539,172122386944,80266644,1,0,0,0,0,0,0,0,0,0,0,0,0,0,0,0,0,0,0,0,0,0,0,0,0,0,0,0,0,0,0,975,0,0,0,0,0,0,0
1782976077.722,0,0,0,0,0,0,0,769953871,2177560349184,910280764416,0,0,0,0,0,0,0,0,0,0,0,0,0,0,0,0,0,0,0,0,0,0,0,0,0,0,0,0,0,0,0,0,0,0,0,0,0,0,0,0,0,0,0,0,0,0,0,0,0,0,0,0,0,0,0,0,0,0,7,1850102,133208072,42520787,0,0,0,0,0,0,0,0,0,0,0,0,0,0,0,0,0,0,0,0,0,0,0,0,0,0,0,0,0,0,0,0,0,0,0,0,0,12877348864,4569104384,785971,278876,42458914,365,0,97,786432,132226185,811153,6,3730066573,12884901888,24050,721672703,0,0,0,0,0,0,0,0,0,0,0,0,0,0,0,0,0,0,18121963,118018272,0,468,1202,7661,620,36244216,35,0,0,0,0,0,0,0,1,0,0,0,0,0,0,0,0,0,0,23737056,0,42458714,779186,0,0,0,0,0,0,0,0,16384,0,0,0,0,0,0,0,0,0,0,0,3660,422,0,0,0,0,0,55090011,0,147,0,2,422,3660,0,0,0,0,0,0,0,0,0,0,0,0,0,0,0,0,0,0,0,0,0,0,0,0,0,0,0,0,0,0,0,0,0,0,0,0,0,0,0,0,0,0,0,0,0,0,0,0,0,0,0,0,0,0,285726989,0,0,0,492026688,0,0,0,0,0,0,0,92149733,133194283,329199555,172163081728,80296472,1,1,0,0,0,0,0,0,0,0,0,0,0,0,0,0,0,0,0,0,0,0,0,0,0,0,0,0,0,0,0,1064,0,0,0,0,0,0,0
1782976078.787,0,0,0,0,0,0,0,770122829,2178499168768,910597265408,0,0,0,0,0,0,0,0,0,0,0,0,0,0,0,0,0,0,0,0,0,0,0,0,0,0,0,0,0,0,0,0,0,0,0,0,0,0,0,0,0,0,0,0,0,0,0,0,0,0,0,0,0,0,0,0,0,0,7,1850131,133265496,42537178,0,0,0,0,0,0,0,0,0,0,0,0,0,0,0,0,0,0,0,0,0,0,0,0,0,0,0,0,0,0,0,0,0,0,0,0,0,12874940416,4572692480,785826,279095,42475300,514,0,97,786432,132283554,811153,6,3730902310,12884901888,24050,721784981,0,0,0,0,0,0,0,0,0,0,0,0,0,0,0,0,0,0,18126850,118023160,0,468,1202,7661,620,36253988,35,0,0,0,0,0,0,0,1,0,0,0,0,0,0,0,0,0,0,23742672,0,42475112,779500,0,0,0,0,0,0,0,0,16384,0,0,0,0,0,0,0,0,0,0,0,3661,422,0,0,0,0,0,55104885,0,147,0,2,422,3661,0,0,0,0,0,0,0,0,0,0,0,0,0,0,0,0,0,0,0,0,0,0,0,0,0,0,0,0,0,0,0,0,0,0,0,0,0,0,0,0,0,0,0,0,0,0,0,0,0,0,0,0,0,0,285806407,0,0,0,492109600,0,0,0,0,0,0,0,92184821,133251557,329295588,172204495872,80326650,1,0,0,0,0,0,0,0,0,0,0,0,0,0,0,0,0,0,0,0,0,0,0,0,0,0,0,0,0,0,0,1168,0,0,0,0,0,0,0
1782976079.852,0,0,0,0,0,0,0,770289625,2179423767040,910910139904,0,0,0,0,0,0,0,0,0,0,0,0,0,0,0,0,0,0,0,0,0,0,0,0,0,0,0,0,0,0,0,0,0,0,0,0,0,0,0,0,0,0,0,0,0,0,0,0,0,0,0,0,0,0,0,0,0,0,7,1850151,133322076,42553376,0,0,0,0,0,0,0,0,0,0,0,0,0,0,0,0,0,0,0,0,0,0,0,0,0,0,0,0,0,0,0,0,0,0,0,0,0,12876595200,4577034240,785925,279360,42491503,411,0,96,786432,132340080,811153,6,3731726627,12884901888,24050,721895463,0,0,0,0,0,0,0,0,0,0,0,0,0,0,0,0,0,0,18131681,118027991,0,468,1202,7661,620,36263648,35,0,0,0,0,0,0,0,1,0,0,0,0,0,0,0,0,0,0,23748226,0,42491303,779819,0,0,0,0,0,0,0,0,16384,0,0,0,0,0,0,0,0,0,0,0,3662,422,0,0,0,0,0,55119538,0,147,0,2,422,3662,0,0,0,0,0,0,0,0,0,0,0,0,0,0,0,0,0,0,0,0,0,0,0,0,0,0,0,0,0,0,0,0,0,0,0,0,0,0,0,0,0,0,0,0,0,0,0,0,0,0,0,0,0,0,285885846,0,0,0,492191720,0,0,0,0,0,0,0,92218229,133307971,329391444,172245789184,80355149,1,0,0,0,0,0,0,0,0,0,0,0,0,0,0,0,0,0,0,0,0,0,0,0,0,0,0,0,0,0,0,1157,0,0,0,0,0,0,0
1782976080.920,0,0,0,0,0,0,0,770454939,2180341664256,911220672000,0,0,0,0,0,0,0,0,0,0,0,0,0,0,0,0,0,0,0,0,0,0,0,0,0,0,0,0,0,0,0,0,0,0,0,0,0,0,0,0,0,0,0,0,0,0,0,0,0,0,0,0,0,0,0,0,0,0,7,1850171,133378230,42569501,0,0,0,0,0,0,0,0,0,0,0,0,0,0,0,0,0,0,0,0,0,0,0,0,0,0,0,0,0,0,0,0,0,0,0,0,0,12877070336,4580884480,785954,279595,42507628,382,0,96,786432,132396154,811153,6,3732545331,12884901888,24050,722005785,0,0,0,0,0,0,0,0,0,0,0,0,0,0,0,0,0,0,18136466,118032776,0,468,1202,7661,620,36273220,35,0,0,0,0,0,0,0,1,0,0,0,0,0,0,0,0,0,0,23753717,0,42507428,780134,0,0,0,0,0,0,0,0,16384,0,0,0,0,0,0,0,0,0,0,0,3663,422,0,0,0,0,0,55134087,0,147,0,2,422,3663,0,0,0,0,0,0,0,0,0,0,0,0,0,0,0,0,0,0,0,0,0,0,0,0,0,0,0,0,0,0,0,0,0,0,0,0,0,0,0,0,0,0,0,0,0,0,0,0,0,0,0,0,0,0,285964289,0,0,0,492273077,0,0,0,0,0,0,0,92250718,133363998,329486247,172286489088,80382878,1,0,0,0,0,0,0,0,0,0,0,0,0,0,0,0,0,0,0,0,0,0,0,0,0,0,0,0,0,0,0,1076,0,0,0,0,0,0,0
1782976081.988,0,0,0,0,0,0,0,770621042,2181266704896,911535126016,0,0,0,0,0,0,0,0,0,0,0,0,0,0,0,0,0,0,0,0,0,0,0,0,0,0,0,0,0,0,0,0,0,0,0,0,0,0,0,0,0,0,0,0,0,0,0,0,0,0,0,0,0,0,0,0,0,0,7,1850192,133434808,42585821,0,0,0,0,0,0,0,0,0,0,0,0,0,0,0,0,0,0,0,0,0,0,0,0,0,0,0,0,0,0,0,0,0,0,0,0,0,12879937536,4583915520,786128,279780,42523948,205,0,97,786432,132452669,811153,6,3733366635,12884901888,24050,722115783,0,0,0,0,0,0,0,0,0,0,0,0,0,0,0,0,0,0,18141275,118037585,0,468,1202,7661,620,36282844,35,0,0,0,0,0,0,0,1,0,0,0,0,0,0,0,0,0,0,23759243,0,42523748,780443,0,0,0,0,0,0,0,0,16384,0,0,0,0,0,0,0,0,0,0,0,3664,422,0,0,0,0,0,55148724,0,147,0,2,422,3664,0,0,0,0,0,0,0,0,0,0,0,0,0,0,0,0,0,0,0,0,0,0,0,0,0,0,0,0,0,0,0,0,0,0,0,0,0,0,0,0,0,0,0,0,0,0,0,0,0,0,0,0,0,0,286043114,0,0,0,492354769,0,0,0,0,0,0,0,92283042,133420457,329581617,172327474176,80410562,1,0,0,0,0,0,0,0,0,0,0,0,0,0,0,0,0,0,0,0,0,0,0,0,0,0,0,0,0,0,0,1057,0,0,0,0,0,0,0
1782976083.056,0,0,0,0,0,0,0,770786567,2182190959104,911849341440,0,0,0,0,0,0,0,0,0,0,0,0,0,0,0,0,0,0,0,0,0,0,0,0,0,0,0,0,0,0,0,0,0,0,0,0,0,0,0,0,0,0,0,0,0,0,0,0,0,0,0,0,0,0,0,0,0,0,7,1850216,133491349,42602148,0,0,0,0,0,0,0,0,0,0,0,0,0,0,0,0,0,0,0,0,0,0,0,0,0,0,0,0,0,0,0,0,0,0,0,0,0,12873793536,4584914944,785754,279841,42540275,582,0,96,786432,132509138,811153,6,3734186108,12884901888,24050,722225948,0,0,0,0,0,0,0,0,0,0,0,0,0,0,0,0,0,0,18146068,118042378,0,468,1202,7661,620,36292422,35,0,0,0,0,0,0,0,1,0,0,0,0,0,0,0,0,0,0,23764751,0,42540075,780761,0,0,0,0,0,0,0,0,16384,0,0,0,0,0,0,0,0,0,0,0,3665,422,0,0,0,0,0,55163314,0,147,0,2,422,3665,0,0,0,0,0,0,0,0,0,0,0,0,0,0,0,0,0,0,0,0,0,0,0,0,0,0,0,0,0,0,0,0,0,0,0,0,0,0,0,0,0,0,0,0,0,0,0,0,0,0,0,0,0,0,286120963,0,0,0,492436132,0,0,0,0,0,0,0,92316044,133476846,329676033,172367955968,80438759,0,0,0,0,0,0,0,0,0,0,0,0,0,0,0,0,0,0,0,0,0,0,0,0,0,0,0,0,0,0,0,1058,0,0,0,0,0,0,0
1782976084.122,0,0,0,0,0,0,0,770954821,2183127828992,912165516800,0,0,0,0,0,0,0,0,0,0,0,0,0,0,0,0,0,0,0,0,0,0,0,0,0,0,0,0,0,0,0,0,0,0,0,0,0,0,0,0,0,0,0,0,0,0,0,0,0,0,0,0,0,0,0,0,0,0,7,1850243,133548645,42618549,0,0,0,0,0,0,0,0,0,0,0,0,0,0,0,0,0,0,0,0,0,0,0,0,0,0,0,0,0,0,0,0,0,0,0,0,0,12877103104,4592074752,785955,280278,42556676,380,0,97,786432,132566370,811153,6,3735019140,12884901888,24050,722337688,0,0,0,0,0,0,0,0,0,0,0,0,0,0,0,0,0,0,18150935,118047245,0,468,1202,7661,620,36302158,35,0,0,0,0,0,0,0,1,0,0,0,0,0,0,0,0,0,0,23770342,0,42556476,781076,0,0,0,0,0,0,0,0,16384,0,0,0,0,0,0,0,0,0,0,0,3666,422,0,0,0,0,0,55178104,0,147,0,2,422,3666,0,0,0,0,0,0,0,0,0,0,0,0,0,0,0,0,0,0,0,0,0,0,0,0,0,0,0,0,0,0,0,0,0,0,0,0,0,0,0,0,0,0,0,0,0,0,0,0,0,0,0,0,0,0,286200625,0,0,0,492518756,0,0,0,0,0,0,0,92350150,133534011,329772340,172409342976,80468126,1,1,0,0,0,0,0,0,0,0,0,0,0,0,0,0,0,0,0,0,0,0,0,0,0,0,0,0,0,0,0,1105,0,0,0,0,0,0,0
1782976085.188,0,0,0,0,0,0,0,771119648,2184048888320,912476616704,0,0,0,0,0,0,0,0,0,0,0,0,0,0,0,0,0,0,0,0,0,0,0,0,0,0,0,0,0,0,0,0,0,0,0,0,0,0,0,0,0,0,0,0,0,0,0,0,0,0,0,0,0,0,0,0,0,0,7,1850272,133604980,42634681,0,0,0,0,0,0,0,0,0,0,0,0,0,0,0,0,0,0,0,0,0,0,0,0,0,0,0,0,0,0,0,0,0,0,0,0,0,12874170368,4597350400,785777,280600,42572808,558,0,96,786432,132622647,811153,6,3735834995,12884901888,24050,722446797,0,0,0,0,0,0,0,0,0,0,0,0,0,0,0,0,0,0,18155718,118052028,0,468,1202,7661,620,36311729,35,0,0,0,0,0,0,0,1,0,0,0,0,0,0,0,0,0,0,23775843,0,42572608,781394,0,0,0,0,0,0,0,0,16384,0,0,0,0,0,0,0,0,0,0,0,3667,422,0,0,0,0,0,55192635,0,147,0,2,422,3667,0,0,0,0,0,0,0,0,0,0,0,0,0,0,0,0,0,0,0,0,0,0,0,0,0,0,0,0,0,0,0,0,0,0,0,0,0,0,0,0,0,0,0,0,0,0,0,0,0,0,0,0,0,0,286278719,0,0,0,492599992,0,0,0,0,0,0,0,92382001,133590214,329866794,172450078720,80495295,1,0,0,0,0,0,0,0,0,0,0,0,0,0,0,0,0,0,0,0,0,0,0,0,0,0,0,0,0,0,0,1054,0,0,0,0,0,0,0
1782976086.257,0,0,0,0,0,0,0,771286127,2184969538048,912786511360,0,0,0,0,0,0,0,0,0,0,0,0,0,0,0,0,0,0,0,0,0,0,0,0,0,0,0,0,0,0,0,0,0,0,0,0,0,0,0,0,0,0,0,0,0,0,0,0,0,0,0,0,0,0,0,0,0,0,7,1850306,133661326,42650730,0,0,0,0,0,0,0,0,0,0,0,0,0,0,0,0,0,0,0,0,0,0,0,0,0,0,0,0,0,0,0,0,0,0,0,0,0,12877479936,4603330560,785979,280965,42588828,356,0,96,786432,132678914,811153,6,3736658458,12884901888,24050,722557699,0,0,0,0,0,0,0,0,0,0,0,0,0,0,0,0,0,0,18160530,118056839,0,468,1202,7661,620,36321353,35,0,0,0,0,0,0,0,1,0,0,0,0,0,0,0,0,0,0,23781379,0,42588659,781701,0,0,0,0,0,0,0,0,16384,0,0,0,0,0,0,0,0,0,0,0,3668,422,0,0,0,0,0,55207285,0,147,0,2,422,3668,0,0,0,0,0,0,0,0,0,0,0,0,0,0,0,0,0,0,0,0,0,0,0,0,0,0,0,0,0,0,0,0,0,0,0,0,0,0,0,0,0,0,0,0,0,0,0,0,0,0,0,0,0,0,286357313,0,0,0,492681739,0,0,0,0,0,0,0,92414663,133646395,329961671,172490980352,80523252,0,0,0,0,0,0,0,0,0,0,0,0,0,0,0,0,0,0,0,0,0,0,0,0,0,0,0,0,0,0,0,1063,0,0,0,0,0,0,0
1782976087.325,0,0,0,0,0,0,0,771451664,2185889237504,913096742400,0,0,0,0,0,0,0,0,0,0,0,0,0,0,0,0,0,0,0,0,0,0,0,0,0,0,0,0,0,0,0,0,0,0,0,0,0,0,0,0,0,0,0,0,0,0,0,0,0,0,0,0,0,0,0,0,0,0,7,1850337,133717580,42666854,0,0,0,0,0,0,0,0,0,0,0,0,0,0,0,0,0,0,0,0,0,0,0,0,0,0,0,0,0,0,0,0,0,0,0,0,0,12878413824,4607901696,786038,281244,42604981,299,0,98,786432,132735117,811153,6,3737477319,12884901888,24050,722668055,0,0,0,0,0,0,0,0,0,0,0,0,0,0,0,0,0,0,18165319,118061629,0,468,1202,7661,620,36330929,35,0,0,0,0,0,0,0,1,0,0,0,0,0,0,0,0,0,0,23786882,0,42604781,782011,0,0,0,0,0,0,0,0,16384,0,0,0,0,0,0,0,0,0,0,0,3669,422,0,0,0,0,0,55221831,0,147,0,2,422,3669,0,0,0,0,0,0,0,0,0,0,0,0,0,0,0,0,0,0,0,0,0,0,0,0,0,0,0,0,0,0,0,0,0,0,0,0,0,0,0,0,0,0,0,0,0,0,0,0,0,0,0,0,0,0,286434836,0,0,0,492763102,0,0,0,0,0,0,0,92447844,133702524,330055549,172531189248,80551828,1,0,0,0,0,0,0,0,0,0,0,0,0,0,0,0,0,0,0,0,0,0,0,0,0,0,0,0,0,0,0,1043,0,0,0,0,0,0,0
1782976088.389,0,0,0,0,0,0,0,771616552,2186812426752,913428754944,0,0,0,0,0,0,0,0,0,0,0,0,0,0,0,0,0,0,0,0,0,0,0,0,0,0,0,0,0,0,0,0,0,0,0,0,0,0,0,0,0,0,0,0,0,0,0,0,0,0,0,0,0,0,0,0,0,0,7,1850361,133774047,42684254,0,0,0,0,0,0,0,0,0,0,0,0,0,0,0,0,0,0,0,0,0,0,0,0,0,0,0,0,0,0,0,0,0,0,0,0,0,12876857344,4592336896,785941,280294,42621327,395,0,96,786432,132791519,811153,6,3738293554,12884901888,24050,722777580,0,0,0,0,0,0,0,0,0,0,0,0,0,0,0,0,0,0,18170097,118066407,0,468,1202,7661,620,36340481,35,0,0,0,0,0,0,0,1,0,0,0,0,0,0,0,0,0,0,23792380,0,42622151,782335,0,0,0,0,0,0,0,0,16384,0,0,0,0,0,0,0,0,0,0,0,3670,422,0,0,0,0,0,55236345,0,147,0,2,422,3670,0,0,0,0,0,0,0,0,0,0,0,0,0,0,0,0,0,0,0,0,0,0,0,0,0,0,0,0,0,0,0,0,0,0,0,0,0,0,0,0,0,0,0,0,0,0,0,0,0,0,0,0,0,0,286513078,0,0,0,492844301,0,0,0,0,0,0,0,92481155,133758865,330151428,172571884032,80580127,0,0,0,0,0,0,0,0,0,0,0,0,0,0,0,0,0,0,0,0,0,0,0,0,0,0,0,0,0,0,0,995,0,0,0,0,0,0,0
1782976089.457,0,0,0,0,0,0,0,771783932,2187745233408,913790621184,0,0,0,0,0,0,0,0,0,0,0,0,0,0,0,0,0,0,0,0,0,0,0,0,0,0,0,0,0,0,0,0,0,0,0,0,0,0,0,0,0,0,0,0,0,0,0,0,0,0,0,0,0,0,0,0,0,0,7,1850380,133831132,42703499,0,0,0,0,0,0,0,0,0,0,0,0,0,0,0,0,0,0,0,0,0,0,0,0,0,0,0,0,0,0,0,0,0,0,0,0,0,12873580544,4548542464,785741,277621,42641626,593,0,96,786432,132848546,811153,6,3739122010,12884901888,24050,722888977,0,0,0,0,0,0,0,0,0,0,0,0,0,0,0,0,0,0,18174940,118071250,0,468,1202,7661,620,36350171,35,0,0,0,0,0,0,0,1,0,0,0,0,0,0,0,0,0,0,23797951,0,42641426,782674,0,0,0,0,0,0,0,0,16384,0,0,0,0,0,0,0,0,0,0,0,3671,422,0,0,0,0,0,55251068,0,147,0,2,422,3671,0,0,0,0,0,0,0,0,0,0,0,0,0,0,0,0,0,0,0,0,0,0,0,0,0,0,0,0,0,0,0,0,0,0,0,0,0,0,0,0,0,0,0,0,0,0,0,0,0,0,0,0,0,0,286591412,0,0,0,492926568,0,0,0,0,0,0,0,92515309,133815805,330249252,172612499456,80609148,1,1,0,0,0,0,0,0,0,0,0,0,0,0,0,0,0,0,0,0,0,0,0,0,0,0,0,0,0,0,0,1014,0,0,0,0,0,0,0
1782976090.525,0,0,0,0,0,0,0,771952203,2188683184640,914106185728,0,0,0,0,0,0,0,0,0,0,0,0,0,0,0,0,0,0,0,0,0,0,0,0,0,0,0,0,0,0,0,0,0,0,0,0,0,0,0,0,0,0,0,0,0,0,0,0,0,0,0,0,0,0,0,0,0,0,7,1850415,133888510,42719901,0,0,0,0,0,0,0,0,0,0,0,0,0,0,0,0,0,0,0,0,0,0,0,0,0,0,0,0,0,0,0,0,0,0,0,0,0,12875579392,4553015296,785863,277894,42658028,473,0,96,786432,132905847,811153,6,3739954484,12884901888,24050,723000002,0,0,0,0,0,0,0,0,0,0,0,0,0,0,0,0,0,0,18179823,118076132,0,468,1202,7661,620,36359933,35,0,0,0,0,0,0,0,1,0,0,0,0,0,0,0,0,0,0,23803560,0,42657828,782993,0,0,0,0,0,0,0,0,16384,0,0,0,0,0,0,0,0,0,0,0,3673,422,0,0,0,0,0,55265916,0,147,0,2,422,3673,0,0,0,0,0,0,0,0,0,0,0,0,0,0,0,0,0,0,0,0,0,0,0,0,0,0,0,0,0,0,0,0,0,0,0,0,0,0,0,0,0,0,0,0,0,0,0,0,0,0,0,0,0,0,286669897,0,0,0,493009356,0,0,0,0,0,0,0,92549959,133873040,330344360,172653313024,80638874,1,0,0,0,0,0,0,0,0,0,0,0,0,0,0,0,0,0,0,0,0,0,0,0,0,0,0,0,0,0,0,1070,0,0,0,0,0,0,0
1782976091.592,0,0,0,0,0,0,0,772121566,2189625395712,914422137856,0,0,0,0,0,0,0,0,0,0,0,0,0,0,0,0,0,0,0,0,0,0,0,0,0,0,0,0,0,0,0,0,0,0,0,0,0,0,0,0,0,0,0,0,0,0,0,0,0,0,0,0,0,0,0,0,0,0,7,1850438,133946157,42736367,0,0,0,0,0,0,0,0,0,0,0,0,0,0,0,0,0,0,0,0,0,0,0,0,0,0,0,0,0,0,0,0,0,0,0,0,0,12873826304,4557881344,785755,278191,42674488,580,0,97,786432,132963441,811153,6,3740792571,12884901888,24050,723112340,0,0,0,0,0,0,0,0,0,0,0,0,0,0,0,0,0,0,18184723,118081033,0,468,1202,7661,620,36369738,35,0,0,0,0,0,0,0,1,0,0,0,0,0,0,0,0,0,0,23809189,0,42674304,783313,0,0,0,0,0,0,0,0,16384,0,0,0,0,0,0,0,0,0,0,0,3674,422,0,0,0,0,0,55280832,0,147,0,2,422,3674,0,0,0,0,0,0,0,0,0,0,0,0,0,0,0,0,0,0,0,0,0,0,0,0,0,0,0,0,0,0,0,0,0,0,0,0,0,0,0,0,0,0,0,0,0,0,0,0,0,0,0,0,0,0,286746842,0,0,0,493092516,0,0,0,0,0,0,0,92584109,133930524,330438010,172693292032,80668068,1,0,0,0,0,0,0,0,0,0,0,0,0,0,0,0,0,0,0,0,0,0,0,0,0,0,0,0,0,0,0,1157,0,0,0,0,0,0,0
1782976092.661,0,0,0,0,0,0,0,772290895,2190571047424,914736368640,0,0,0,0,0,0,0,0,0,0,0,0,0,0,0,0,0,0,0,0,0,0,0,0,0,0,0,0,0,0,0,0,0,0,0,0,0,0,0,0,0,0,0,0,0,0,0,0,0,0,0,0,0,0,0,0,0,0,7,1850466,134004011,42752686,0,0,0,0,0,0,0,0,0,0,0,0,0,0,0,0,0,0,0,0,0,0,0,0,0,0,0,0,0,0,0,0,0,0,0,0,0,12882690048,4566089728,786296,278692,42690813,38,0,97,786432,133021228,811153,6,3741633744,12884901888,24050,723227715,0,0,0,0,0,0,0,0,0,0,0,0,0,0,0,0,0,0,18189625,118085933,0,468,1202,7661,620,36379540,35,0,0,0,0,0,0,0,1,0,0,0,0,0,0,0,0,0,0,23814826,0,42690613,783628,0,0,0,0,0,0,0,0,16384,0,0,0,0,0,0,0,0,0,0,0,3675,422,0,0,0,0,0,55295735,0,147,0,2,422,3675,0,0,0,0,0,0,0,0,0,0,0,0,0,0,0,0,0,0,0,0,0,0,0,0,0,0,0,0,0,0,0,0,0,0,0,0,0,0,0,0,0,0,0,0,0,0,0,0,0,0,0,0,0,0,286824985,0,0,0,493176891,0,0,0,0,0,0,0,92618000,133988238,330532698,172734043136,80697046,1,1,0,0,0,0,0,0,0,0,0,0,0,0,0,0,0,0,0,0,0,0,0,0,0,0,0,0,0,0,0,58,0,0,0,0,0,0,0
1782976093.727,0,0,0,0,0,0,0,772460402,2191519140352,915052245504,0,0,0,0,0,0,0,0,0,0,0,0,0,0,0,0,0,0,0,0,0,0,0,0,0,0,0,0,0,0,0,0,0,0,0,0,0,0,0,0,0,0,0,0,0,0,0,0,0,0,0,0,0,0,0,0,0,0,7,1850480,134061997,42769086,0,0,0,0,0,0,0,0,0,0,0,0,0,0,0,0,0,0,0,0,0,0,0,0,0,0,0,0,0,0,0,0,0,0,0,0,0,12875939840,4572250112,785885,279068,42707213,450,0,98,786432,133079161,811153,6,3742472210,12884901888,24050,723339696,0,0,0,0,0,0,0,0,0,0,0,0,0,0,0,0,0,0,18194535,118090844,0,468,1202,7661,620,36389362,35,0,0,0,0,0,0,0,1,0,0,0,0,0,0,0,0,0,0,23820469,0,42707013,783949,0,0,0,0,0,0,0,0,16384,0,0,0,0,0,0,0,0,0,0,0,3676,422,0,0,0,0,0,55310683,0,147,0,2,422,3676,0,0,0,0,0,0,0,0,0,0,0,0,0,0,0,0,0,0,0,0,0,0,0,0,0,0,0,0,0,0,0,0,0,0,0,0,0,0,0,0,0,0,0,0,0,0,0,0,0,0,0,0,0,0,286904154,0,0,0,493260133,0,0,0,0,0,0,0,92653010,134046110,330628505,172775096832,80727042,0,0,0,0,0,0,0,0,0,0,0,0,0,0,0,0,0,0,0,0,0,0,0,0,0,0,0,0,0,0,0,164,0,0,0,0,0,0,0
1782976094.794,0,0,0,0,0,0,0,772630004,2192467806720,915367809536,0,0,0,0,0,0,0,0,0,0,0,0,0,0,0,0,0,0,0,0,0,0,0,0,0,0,0,0,0,0,0,0,0,0,0,0,0,0,0,0,0,0,0,0,0,0,0,0,0,0,0,0,0,0,0,0,0,0,7,1850516,134120020,42785469,0,0,0,0,0,0,0,0,0,0,0,0,0,0,0,0,0,0,0,0,0,0,0,0,0,0,0,0,0,0,0,0,0,0,0,0,0,12878282752,4580933632,786028,279598,42723596,308,0,96,786432,133137128,811153,6,3743311571,12884901888,24050,723452442,0,0,0,0,0,0,0,0,0,0,0,0,0,0,0,0,0,0,18199445,118095755,0,468,1202,7661,620,36399181,35,0,0,0,0,0,0,0,1,0,0,0,0,0,0,0,0,0,0,23826113,0,42723396,784274,0,0,0,0,0,0,0,0,16384,0,0,0,0,0,0,0,0,0,0,0,3677,422,0,0,0,0,0,55325610,0,147,0,2,422,3677,0,0,0,0,0,0,0,0,0,0,0,0,0,0,0,0,0,0,0,0,0,0,0,0,0,0,0,0,0,0,0,0,0,0,0,0,0,0,0,0,0,0,0,0,0,0,0,0,0,0,0,0,0,0,286983122,0,0,0,493343462,0,0,0,0,0,0,0,92688374,134103986,330724084,172816120320,80757445,1,0,0,0,0,0,0,0,0,0,0,0,0,0,0,0,0,0,0,0,0,0,0,0,0,0,0,0,0,0,0,248,0,0,0,0,0,0,0
1782976095.862,0,0,0,0,0,0,0,772800779,2193417636352,915688845312,0,0,0,0,0,0,0,0,0,0,0,0,0,0,0,0,0,0,0,0,0,0,0,0,0,0,0,0,0,0,0,0,0,0,0,0,0,0,0,0,0,0,0,0,0,0,0,0,0,0,0,0,0,0,0,0,0,0,7,1850543,134178116,42802146,0,0,0,0,0,0,0,0,0,0,0,0,0,0,0,0,0,0,0,0,0,0,0,0,0,0,0,0,0,0,0,0,0,0,0,0,0,12875055104,4583522304,785831,279756,42740273,505,0,96,786432,133195154,811153,6,3744155750,12884901888,24050,723565312,0,0,0,0,0,0,0,0,0,0,0,0,0,0,0,0,0,0,18204389,118100699,0,468,1202,7661,620,36409068,35,0,0,0,0,0,0,0,1,0,0,0,0,0,0,0,0,0,0,23831794,0,42740073,784582,0,0,0,0,0,0,0,0,16384,0,0,0,0,0,0,0,0,0,0,0,3678,422,0,0,0,0,0,55340633,0,147,0,2,422,3678,0,0,0,0,0,0,0,0,0,0,0,0,0,0,0,0,0,0,0,0,0,0,0,0,0,0,0,0,0,0,0,0,0,0,0,0,0,0,0,0,0,0,0,0,0,0,0,0,0,0,0,0,0,0,287063361,0,0,0,493427334,0,0,0,0,0,0,0,92723813,134161944,330821204,172857796608,80788008,1,0,0,0,0,0,0,0,0,0,0,0,0,0,0,0,0,0,0,0,0,0,0,0,0,0,0,0,0,0,0,359,0,0,0,0,0,0,0
1782976096.930,0,0,0,0,0,0,0,772968522,2194352835072,916001613824,0,0,0,0,0,0,0,0,0,0,0,0,0,0,0,0,0,0,0,0,0,0,0,0,0,0,0,0,0,0,0,0,0,0,0,0,0,0,0,0,0,0,0,0,0,0,0,0,0,0,0,0,0,0,0,0,0,0,7,1850569,134235303,42818353,0,0,0,0,0,0,0,0,0,0,0,0,0,0,0,0,0,0,0,0,0,0,0,0,0,0,0,0,0,0,0,0,0,0,0,0,0,12876693504,4590649344,785931,280192,42756463,405,0,97,786432,133252278,811153,6,3744985871,12884901888,24050,723676639,0,0,0,0,0,0,0,0,0,0,0,0,0,0,0,0,0,0,18209249,118105558,0,468,1202,7661,620,36418784,35,0,0,0,0,0,0,0,1,0,0,0,0,0,0,0,0,0,0,23837383,0,42756263,784898,0,0,0,0,0,0,0,0,16384,0,0,0,0,0,0,0,0,0,0,0,3679,422,0,0,0,0,0,55355405,0,147,0,2,422,3679,0,0,0,0,0,0,0,0,0,0,0,0,0,0,0,0,0,0,0,0,0,0,0,0,0,0,0,0,0,0,0,0,0,0,0,0,0,0,0,0,0,0,0,0,0,0,0,0,0,0,0,0,0,0,287142358,0,0,0,493509697,0,0,0,0,0,0,0,92757798,134219001,330916649,172898845696,80817176,1,0,0,0,0,0,0,0,0,0,0,0,0,0,0,0,0,0,0,0,0,0,0,0,0,0,0,0,0,0,0,440,0,0,0,0,0,0,0
1782976097.998,0,0,0,0,0,0,0,773133455,2195272829440,916312912896,0,0,0,0,0,0,0,0,0,0,0,0,0,0,0,0,0,0,0,0,0,0,0,0,0,0,0,0,0,0,0,0,0,0,0,0,0,0,0,0,0,0,0,0,0,0,0,0,0,0,0,0,0,0,0,0,0,0,7,1850596,134291592,42834543,0,0,0,0,0,0,0,0,0,0,0,0,0,0,0,0,0,0,0,0,0,0,0,0,0,0,0,0,0,0,0,0,0,0,0,0,0,12875563008,4591321088,785862,280232,42772670,474,0,97,786432,133308507,811153,6,3745802087,12884901888,24050,723786280,0,0,0,0,0,0,0,0,0,0,0,0,0,0,0,0,0,0,18214026,118110335,0,468,1202,7661,620,36428342,35,0,0,0,0,0,0,0,1,0,0,0,0,0,0,0,0,0,0,23842880,0,42772470,785216,0,0,0,0,0,0,0,0,16384,0,0,0,0,0,0,0,0,0,0,0,3680,422,0,0,0,0,0,55369924,0,147,0,2,422,3680,0,0,0,0,0,0,0,0,0,0,0,0,0,0,0,0,0,0,0,0,0,0,0,0,0,0,0,0,0,0,0,0,0,0,0,0,0,0,0,0,0,0,0,0,0,0,0,0,0,0,0,0,0,0,287219438,0,0,0,493590881,0,0,0,0,0,0,0,92790193,134275137,331010123,172938968576,80844796,1,0,0,0,0,0,0,0,0,0,0,0,0,0,0,0,0,0,0,0,0,0,0,0,0,0,0,0,0,0,0,417,0,0,0,0,0,0,0
1782976099.067,0,0,0,0,0,0,0,773297615,2196191742464,916624239104,0,0,0,0,0,0,0,0,0,0,0,0,0,0,0,0,0,0,0,0,0,0,0,0,0,0,0,0,0,0,0,0,0,0,0,0,0,0,0,0,0,0,0,0,0,0,0,0,0,0,0,0,0,0,0,0,0,0,7,1850624,134347820,42850721,0,0,0,0,0,0,0,0,0,0,0,0,0,0,0,0,0,0,0,0,0,0,0,0,0,0,0,0,0,0,0,0,0,0,0,0,0,12876496896,4591026176,785918,280214,42788848,417,0,97,786432,133364668,811153,6,3746614339,12884901888,24050,723895097,0,0,0,0,0,0,0,0,0,0,0,0,0,0,0,0,0,0,18218780,118115089,0,468,1202,7661,620,36437849,35,0,0,0,0,0,0,0,1,0,0,0,0,0,0,0,0,0,0,23848345,0,42788648,785532,0,0,0,0,0,0,0,0,16384,0,0,0,0,0,0,0,0,0,0,0,3681,422,0,0,0,0,0,55384373,0,147,0,2,422,3681,0,0,0,0,0,0,0,0,0,0,0,0,0,0,0,0,0,0,0,0,0,0,0,0,0,0,0,0,0,0,0,0,0,0,0,0,0,0,0,0,0,0,0,0,0,0,0,0,0,0,0,0,0,0,287297097,0,0,0,493671648,0,0,0,0,0,0,0,92822178,134331221,331104166,172979316224,80871986,1,1,0,0,0,0,0,0,0,0,0,0,0,0,0,0,0,0,0,0,0,0,0,0,0,0,0,0,0,0,0,395,0,0,0,0,0,0,0
1782976100.133,0,0,0,0,0,0,0,773462152,2197108378112,916936636928,0,0,0,0,0,0,0,0,0,0,0,0,0,0,0,0,0,0,0,0,0,0,0,0,0,0,0,0,0,0,0,0,0,0,0,0,0,0,0,0,0,0,0,0,0,0,0,0,0,0,0,0,0,0,0,0,0,0,7,1850650,134403861,42866941,0,0,0,0,0,0,0,0,0,0,0,0,0,0,0,0,0,0,0,0,0,0,0,0,0,0,0,0,0,0,0,0,0,0,0,0,0,12875972608,4592500736,785886,280304,42805068,449,0,96,786432,133420654,811153,6,3747428560,12884901888,24050,724004645,0,0,0,0,0,0,0,0,0,0,0,0,0,0,0,0,0,0,18223543,118119852,0,468,1202,7661,620,36447374,35,0,0,0,0,0,0,0,1,0,0,0,0,0,0,0,0,0,0,23853823,0,42804868,785846,0,0,0,0,0,0,0,0,16384,0,0,0,0,0,0,0,0,0,0,0,3682,422,0,0,0,0,0,55398885,0,147,0,2,422,3682,0,0,0,0,0,0,0,0,0,0,0,0,0,0,0,0,0,0,0,0,0,0,0,0,0,0,0,0,0,0,0,0,0,0,0,0,0,0,0,0,0,0,0,0,0,0,0,0,0,0,0,0,0,0,287375278,0,0,0,493752606,0,0,0,0,0,0,0,92854854,134387149,331198810,173020172800,80899895,0,0,0,0,0,0,0,0,0,0,0,0,0,0,0,0,0,0,0,0,0,0,0,0,0,0,0,0,0,0,0,374,0,0,0,0,0,0,0
1782976101.201,0,0,0,0,0,0,0,773627271,2198031763968,917247381504,0,0,0,0,0,0,0,0,0,0,0,0,0,0,0,0,0,0,0,0,0,0,0,0,0,0,0,0,0,0,0,0,0,0,0,0,0,0,0,0,0,0,0,0,0,0,0,0,0,0,0,0,0,0,0,0,0,0,7,1850672,134460352,42883074,0,0,0,0,0,0,0,0,0,0,0,0,0,0,0,0,0,0,0,0,0,0,0,0,0,0,0,0,0,0,0,0,0,0,0,0,0,12878299136,4595515392,786028,280488,42821201,307,0,97,786432,133477099,811153,6,3748245825,12884901888,24050,724114528,0,0,0,0,0,0,0,0,0,0,0,0,0,0,0,0,0,0,18228322,118124630,0,468,1202,7661,620,36456937,35,0,0,0,0,0,0,0,1,0,0,0,0,0,0,0,0,0,0,23859312,0,42821001,786158,0,0,0,0,0,0,0,0,16384,0,0,0,0,0,0,0,0,0,0,0,3683,422,0,0,0,0,0,55413393,0,147,0,2,422,3683,0,0,0,0,0,0,0,0,0,0,0,0,0,0,0,0,0,0,0,0,0,0,0,0,0,0,0,0,0,0,0,0,0,0,0,0,0,0,0,0,0,0,0,0,0,0,0,0,0,0,0,0,0,0,287453393,0,0,0,493833847,0,0,0,0,0,0,0,92887035,134443487,331293289,173060728832,80927314,1,0,0,0,0,0,0,0,0,0,0,0,0,0,0,0,0,0,0,0,0,0,0,0,0,0,0,0,0,0,0,307,0,0,0,0,0,0,0
1782976102.269,0,0,0,0,0,0,0,773790034,2198938634752,917552982528,0,0,0,0,0,0,0,0,0,0,0,0,0,0,0,0,0,0,0,0,0,0,0,0,0,0,0,0,0,0,0,0,0,0,0,0,0,0,0,0,0,0,0,0,0,0,0,0,0,0,0,0,0,0,0,0,0,0,7,1850694,134515828,42898950,0,0,0,0,0,0,0,0,0,0,0,0,0,0,0,0,0,0,0,0,0,0,0,0,0,0,0,0,0,0,0,0,0,0,0,0,0,12878888960,4601724928,786065,280867,42837077,270,0,96,786432,133532505,811153,6,3749051597,12884901888,24050,724223100,0,0,0,0,0,0,0,0,0,0,0,0,0,0,0,0,0,0,18233038,118129347,0,468,1202,7661,620,36466367,35,0,0,0,0,0,0,0,1,0,0,0,0,0,0,0,0,0,0,23864740,0,42836877,786476,0,0,0,0,0,0,0,0,16384,0,0,0,0,0,0,0,0,0,0,0,3684,422,0,0,0,0,0,55427744,0,147,0,2,422,3684,0,0,0,0,0,0,0,0,0,0,0,0,0,0,0,0,0,0,0,0,0,0,0,0,0,0,0,0,0,0,0,0,0,0,0,0,0,0,0,0,0,0,0,0,0,0,0,0,0,0,0,0,0,0,287529894,0,0,0,493914028,0,0,0,0,0,0,0,92917393,134498825,331385904,173100392448,80953065,0,0,0,0,0,0,0,0,0,0,0,0,0,0,0,0,0,0,0,0,0,0,0,0,0,0,0,0,0,0,0,204,0,0,0,0,0,0,0
1782976103.340,0,0,0,0,0,0,0,773952953,2199845341696,917860829696,0,0,0,0,0,0,0,0,0,0,0,0,0,0,0,0,0,0,0,0,0,0,0,0,0,0,0,0,0,0,0,0,0,0,0,0,0,0,0,0,0,0,0,0,0,0,0,0,0,0,0,0,0,0,0,0,0,0,7,1850723,134571307,42914914,0,0,0,0,0,0,0,0,0,0,0,0,0,0,0,0,0,0,0,0,0,0,0,0,0,0,0,0,0,0,0,0,0,0,0,0,0,12877185024,4605050880,785961,281070,42853041,375,0,96,786432,133587928,811153,6,3749858270,12884901888,24050,724331447,0,0,0,0,0,0,0,0,0,0,0,0,0,0,0,0,0,0,18237760,118134069,0,468,1202,7661,620,36475812,35,0,0,0,0,0,0,0,1,0,0,0,0,0,0,0,0,0,0,23870168,0,42852841,786788,0,0,0,0,0,0,0,0,16384,0,0,0,0,0,0,0,0,0,0,0,3685,422,0,0,0,0,0,55442086,0,147,0,2,422,3685,0,0,0,0,0,0,0,0,0,0,0,0,0,0,0,0,0,0,0,0,0,0,0,0,0,0,0,0,0,0,0,0,0,0,0,0,0,0,0,0,0,0,0,0,0,0,0,0,0,0,0,0,0,0,287607561,0,0,0,493994302,0,0,0,0,0,0,0,92947412,134554168,331479771,173140764672,80978467,0,0,0,0,0,0,0,0,0,0,0,0,0,0,0,0,0,0,0,0,0,0,0,0,0,0,0,0,0,0,0,146,0,0,0,0,0,0,0
1782976104.405,0,0,0,0,0,0,0,774111390,2200733059584,918191023616,0,0,0,0,0,0,0,0,0,0,0,0,0,0,0,0,0,0,0,0,0,0,0,0,0,0,0,0,0,0,0,0,0,0,0,0,0,0,0,0,0,0,0,0,0,0,0,0,0,0,0,0,0,0,0,0,0,0,7,1850752,134625582,42932357,0,0,0,0,0,0,0,0,0,0,0,0,0,0,0,0,0,0,0,0,0,0,0,0,0,0,0,0,0,0,0,0,0,0,0,0,0,12877283328,4577771520,785967,279405,42868692,369,0,96,786432,133642127,811153,6,3750639282,12884901888,24050,724434297,0,0,0,0,0,0,0,0,0,0,0,0,0,0,0,0,0,0,18242345,118138655,0,468,1202,7661,620,36484978,35,0,0,0,0,0,0,0,1,0,0,0,0,0,0,0,0,0,0,23875444,0,42870284,787106,0,0,0,0,0,0,0,0,16384,0,0,0,0,0,0,0,0,0,0,0,3686,422,0,0,0,0,0,55456036,0,147,0,2,422,3686,0,0,0,0,0,0,0,0,0,0,0,0,0,0,0,0,0,0,0,0,0,0,0,0,0,0,0,0,0,0,0,0,0,0,0,0,0,0,0,0,0,0,0,0,0,0,0,0,0,0,0,0,0,0,287681849,0,0,0,494071221,0,0,0,0,0,0,0,92977147,134608326,331571741,173179529216,81003524,1,0,0,0,0,0,0,0,0,0,0,0,0,0,0,0,0,0,0,0,0,0,0,0,0,0,0,0,0,0,0,1150,0,0,0,0,0,0,0
1782976105.472,0,0,0,0,0,0,0,774269342,2201618369024,918528324096,0,0,0,0,0,0,0,0,0,0,0,0,0,0,0,0,0,0,0,0,0,0,0,0,0,0,0,0,0,0,0,0,0,0,0,0,0,0,0,0,0,0,0,0,0,0,0,0,0,0,0,0,0,0,0,0,0,0,7,1850782,134679731,42950235,0,0,0,0,0,0,0,0,0,0,0,0,0,0,0,0,0,0,0,0,0,0,0,0,0,0,0,0,0,0,0,0,0,0,0,0,0,12876873728,4540743680,785942,277145,42888362,393,0,96,786432,133696210,811153,6,3751421910,12884901888,24050,724540407,0,0,0,0,0,0,0,0,0,0,0,0,0,0,0,0,0,0,18246911,118143218,0,468,1202,7661,620,36494111,35,0,0,0,0,0,0,0,1,0,0,0,0,0,0,0,0,0,0,23880689,0,42888162,787434,0,0,0,0,0,0,0,0,16384,0,0,0,0,0,0,0,0,0,0,0,3688,422,0,0,0,0,0,55469916,0,147,0,2,422,3688,0,0,0,0,0,0,0,0,0,0,0,0,0,0,0,0,0,0,0,0,0,0,0,0,0,0,0,0,0,0,0,0,0,0,0,0,0,0,0,0,0,0,0,0,0,0,0,0,0,0,0,0,0,0,287755744,0,0,0,494149045,0,0,0,0,0,0,0,93005770,134662349,331663755,173218123776,81027286,0,0,0,0,0,0,0,0,0,0,0,0,0,0,0,0,0,0,0,0,0,0,0,0,0,0,0,0,0,0,0,907,0,0,0,0,0,0,0
1782976106.541,0,0,0,0,0,0,0,774433764,2202532841984,918836995072,0,0,0,0,0,0,0,0,0,0,0,0,0,0,0,0,0,0,0,0,0,0,0,0,0,0,0,0,0,0,0,0,0,0,0,0,0,0,0,0,0,0,0,0,0,0,0,0,0,0,0,0,0,0,0,0,0,0,7,1850802,134735675,42966261,0,0,0,0,0,0,0,0,0,0,0,0,0,0,0,0,0,0,0,0,0,0,0,0,0,0,0,0,0,0,0,0,0,0,0,0,0,12876578816,4545200128,785924,277417,42904388,411,0,96,786432,133752086,811153,6,3752235356,12884901888,24050,724649833,0,0,0,0,0,0,0,0,0,0,0,0,0,0,0,0,0,0,18251668,118147976,0,468,1202,7661,620,36503634,35,0,0,0,0,0,0,0,1,0,0,0,0,0,0,0,0,0,0,23886157,0,42904188,787750,0,0,0,0,0,0,0,0,16384,0,0,0,0,0,0,0,0,0,0,0,3689,422,0,0,0,0,0,55484376,0,147,0,2,422,3689,0,0,0,0,0,0,0,0,0,0,0,0,0,0,0,0,0,0,0,0,0,0,0,0,0,0,0,0,0,0,0,0,0,0,0,0,0,0,0,0,0,0,0,0,0,0,0,0,0,0,0,0,0,0,287833398,0,0,0,494229925,0,0,0,0,0,0,0,93038277,134718144,331757672,173258476544,81055051,1,0,0,0,0,0,0,0,0,0,0,0,0,0,0,0,0,0,0,0,0,0,0,0,0,0,0,0,0,0,0,865,0,0,0,0,0,0,0
1782976107.608,0,0,0,0,0,0,0,774600286,2203461421568,919151280128,0,0,0,0,0,0,0,0,0,0,0,0,0,0,0,0,0,0,0,0,0,0,0,0,0,0,0,0,0,0,0,0,0,0,0,0,0,0,0,0,0,0,0,0,0,0,0,0,0,0,0,0,0,0,0,0,0,0,7,1850833,134792481,42982583,0,0,0,0,0,0,0,0,0,0,0,0,0,0,0,0,0,0,0,0,0,0,0,0,0,0,0,0,0,0,0,0,0,0,0,0,0,12874612736,4547969024,785805,277586,42920710,531,0,96,786432,133808825,811153,6,3753059115,12884901888,24050,724760351,0,0,0,0,0,0,0,0,0,0,0,0,0,0,0,0,0,0,18256487,118152796,0,468,1202,7661,620,36513268,35,0,0,0,0,0,0,0,1,0,0,0,0,0,0,0,0,0,0,23891698,0,42920510,788064,0,0,0,0,0,0,0,0,16384,0,0,0,0,0,0,0,0,0,0,0,3690,422,0,0,0,0,0,55499027,0,147,0,2,422,3690,0,0,0,0,0,0,0,0,0,0,0,0,0,0,0,0,0,0,0,0,0,0,0,0,0,0,0,0,0,0,0,0,0,0,0,0,0,0,0,0,0,0,0,0,0,0,0,0,0,0,0,0,0,0,287911575,0,0,0,494311787,0,0,0,0,0,0,0,93072241,134774801,331852415,173299196416,81084104,1,1,0,0,0,0,0,0,0,0,0,0,0,0,0,0,0,0,0,0,0,0,0,0,0,0,0,0,0,0,0,856,0,0,0,0,0,0,0
1782976108.673,0,0,0,0,0,0,0,774768415,2204402862592,919468641280,0,0,0,0,0,0,0,0,0,0,0,0,0,0,0,0,0,0,0,0,0,0,0,0,0,0,0,0,0,0,0,0,0,0,0,0,0,0,0,0,0,0,0,0,0,0,0,0,0,0,0,0,0,0,0,0,0,0,7,1850857,134850059,42999078,0,0,0,0,0,0,0,0,0,0,0,0,0,0,0,0,0,0,0,0,0,0,0,0,0,0,0,0,0,0,0,0,0,0,0,0,0,12878020608,4550180864,786012,277721,42937205,324,0,96,786432,133866341,811153,6,3753891355,12884901888,24050,724872436,0,0,0,0,0,0,0,0,0,0,0,0,0,0,0,0,0,0,18261352,118157660,0,468,1202,7661,620,36522992,35,0,0,0,0,0,0,0,1,0,0,0,0,0,0,0,0,0,0,23897289,0,42937005,788386,0,0,0,0,0,0,0,0,16384,0,0,0,0,0,0,0,0,0,0,0,3691,422,0,0,0,0,0,55513807,0,147,0,2,422,3691,0,0,0,0,0,0,0,0,0,0,0,0,0,0,0,0,0,0,0,0,0,0,0,0,0,0,0,0,0,0,0,0,0,0,0,0,0,0,0,0,0,0,0,0,0,0,0,0,0,0,0,0,0,0,287989930,0,0,0,494394348,0,0,0,0,0,0,0,93107266,134832238,331947495,173339996160,81114117,0,0,0,0,0,0,0,0,0,0,0,0,0,0,0,0,0,0,0,0,0,0,0,0,0,0,0,0,0,0,0,895,0,0,0,0,0,0,0
1782976109.739,0,0,0,0,0,0,0,774938632,2205353691648,919783033344,0,0,0,0,0,0,0,0,0,0,0,0,0,0,0,0,0,0,0,0,0,0,0,0,0,0,0,0,0,0,0,0,0,0,0,0,0,0,0,0,0,0,0,0,0,0,0,0,0,0,0,0,0,0,0,0,0,0,7,1850879,134908199,43015347,0,0,0,0,0,0,0,0,0,0,0,0,0,0,0,0,0,0,0,0,0,0,0,0,0,0,0,0,0,0,0,0,0,0,0,0,0,12876316672,4558831616,785908,278249,42953474,427,0,97,786432,133924411,811153,6,3754733186,12884901888,24050,724984994,0,0,0,0,0,0,0,0,0,0,0,0,0,0,0,0,0,0,18266278,118162587,0,468,1202,7661,620,36532847,35,0,0,0,0,0,0,0,1,0,0,0,0,0,0,0,0,0,0,23902951,0,42953274,788709,0,0,0,0,0,0,0,0,16384,0,0,0,0,0,0,0,0,0,0,0,3692,422,0,0,0,0,0,55528795,0,147,0,2,422,3692,0,0,0,0,0,0,0,0,0,0,0,0,0,0,0,0,0,0,0,0,0,0,0,0,0,0,0,0,0,0,0,0,0,0,0,0,0,0,0,0,0,0,0,0,0,0,0,0,0,0,0,0,0,0,288069397,0,0,0,494478006,0,0,0,0,0,0,0,93142794,134890260,332043451,173381409280,81144635,0,0,0,0,0,0,0,0,0,0,0,0,0,0,0,0,0,0,0,0,0,0,0,0,0,0,0,0,0,0,0,1005,0,0,0,0,0,0,0
1782976110.807,0,0,0,0,0,0,0,775109753,2206305667584,920105172992,0,0,0,0,0,0,0,0,0,0,0,0,0,0,0,0,0,0,0,0,0,0,0,0,0,0,0,0,0,0,0,0,0,0,0,0,0,0,0,0,0,0,0,0,0,0,0,0,0,0,0,0,0,0,0,0,0,0,7,1850902,134966429,43032087,0,0,0,0,0,0,0,0,0,0,0,0,0,0,0,0,0,0,0,0,0,0,0,0,0,0,0,0,0,0,0,0,0,0,0,0,0,12873695232,4564631552,785748,278603,42970214,588,0,96,786432,133982580,811153,6,3755579746,12884901888,24050,725098738,0,0,0,0,0,0,0,0,0,0,0,0,0,0,0,0,0,0,18271237,118167546,0,468,1202,7661,620,36542759,35,0,0,0,0,0,0,0,1,0,0,0,0,0,0,0,0,0,0,23908651,0,42970014,789033,0,0,0,0,0,0,0,0,16384,0,0,0,0,0,0,0,0,0,0,0,3693,422,0,0,0,0,0,55543844,0,147,0,2,422,3693,0,0,0,0,0,0,0,0,0,0,0,0,0,0,0,0,0,0,0,0,0,0,0,0,0,0,0,0,0,0,0,0,0,0,0,0,0,0,0,0,0,0,0,0,0,0,0,0,0,0,0,0,0,0,288149037,0,0,0,494561946,0,0,0,0,0,0,0,93178515,134948344,332140033,173422869504,81175322,0,0,0,0,0,0,0,0,0,0,0,0,0,0,0,0,0,0,0,0,0,0,0,0,0,0,0,0,0,0,0,1186,0,0,0,0,0,0,0
1782976111.876,0,0,0,0,0,0,0,775278944,2207248828928,920422981632,0,0,0,0,0,0,0,0,0,0,0,0,0,0,0,0,0,0,0,0,0,0,0,0,0,0,0,0,0,0,0,0,0,0,0,0,0,0,0,0,0,0,0,0,0,0,0,0,0,0,0,0,0,0,0,0,0,0,7,1850936,135024147,43048552,0,0,0,0,0,0,0,0,0,0,0,0,0,0,0,0,0,0,0,0,0,0,0,0,0,0,0,0,0,0,0,0,0,0,0,0,0,12877447168,4570251264,785977,278946,42986679,358,0,97,786432,134040234,811153,6,3756419785,12884901888,24050,725214203,0,0,0,0,0,0,0,0,0,0,0,0,0,0,0,0,0,0,18276122,118172432,0,468,1202,7661,620,36552534,35,0,0,0,0,0,0,0,1,0,0,0,0,0,0,0,0,0,0,23914268,0,42986479,789345,0,0,0,0,0,0,0,0,16384,0,0,0,0,0,0,0,0,0,0,0,3694,422,0,0,0,0,0,55558731,0,147,0,2,422,3694,0,0,0,0,0,0,0,0,0,0,0,0,0,0,0,0,0,0,0,0,0,0,0,0,0,0,0,0,0,0,0,0,0,0,0,0,0,0,0,0,0,0,0,0,0,0,0,0,0,0,0,0,0,0,288228952,0,0,0,494646149,0,0,0,0,0,0,0,93214012,135005899,332236623,173464499712,81205854,1,1,0,0,0,0,0,0,0,0,0,0,0,0,0,0,0,0,0,0,0,0,0,0,0,0,0,0,0,0,0,59,0,0,0,0,0,0,0
1782976112.943,0,0,0,0,0,0,0,775446707,2208182880768,920735428608,0,0,0,0,0,0,0,0,0,0,0,0,0,0,0,0,0,0,0,0,0,0,0,0,0,0,0,0,0,0,0,0,0,0,0,0,0,0,0,0,0,0,0,0,0,0,0,0,0,0,0,0,0,0,0,0,0,0,7,1850963,135081285,43064748,0,0,0,0,0,0,0,0,0,0,0,0,0,0,0,0,0,0,0,0,0,0,0,0,0,0,0,0,0,0,0,0,0,0,0,0,0,12876824576,4575674368,785939,279277,43002875,395,0,96,786432,134097308,811153,6,3757250501,12884901888,24050,725325832,0,0,0,0,0,0,0,0,0,0,0,0,0,0,0,0,0,0,18280979,118177288,0,468,1202,7661,620,36562252,35,0,0,0,0,0,0,0,1,0,0,0,0,0,0,0,0,0,0,23919851,0,43002675,789663,0,0,0,0,0,0,0,0,16384,0,0,0,0,0,0,0,0,0,0,0,3695,422,0,0,0,0,0,55573516,0,147,0,2,422,3695,0,0,0,0,0,0,0,0,0,0,0,0,0,0,0,0,0,0,0,0,0,0,0,0,0,0,0,0,0,0,0,0,0,0,0,0,0,0,0,0,0,0,0,0,0,0,0,0,0,0,0,0,0,0,288308136,0,0,0,494728549,0,0,0,0,0,0,0,93248337,135062922,332332244,173505567744,81235230,0,0,0,0,0,0,0,0,0,0,0,0,0,0,0,0,0,0,0,0,0,0,0,0,0,0,0,0,0,0,0,91,0,0,0,0,0,0,0
1782976114.012,0,0,0,0,0,0,0,775611060,2209106037248,921046918656,0,0,0,0,0,0,0,0,0,0,0,0,0,0,0,0,0,0,0,0,0,0,0,0,0,0,0,0,0,0,0,0,0,0,0,0,0,0,0,0,0,0,0,0,0,0,0,0,0,0,0,0,0,0,0,0,0,0,7,1850986,135137742,43080949,0,0,0,0,0,0,0,0,0,0,0,0,0,0,0,0,0,0,0,0,0,0,0,0,0,0,0,0,0,0,0,0,0,0,0,0,0,12873809920,4577378304,785754,279381,43019076,579,0,98,786432,134153689,811153,6,3758061099,12884901888,24050,725432017,0,0,0,0,0,0,0,0,0,0,0,0,0,0,0,0,0,0,18285737,118182046,0,468,1202,7661,620,36571766,35,0,0,0,0,0,0,0,1,0,0,0,0,0,0,0,0,0,0,23925319,0,43018876,789979,0,0,0,0,0,0,0,0,16384,0,0,0,0,0,0,0,0,0,0,0,3696,422,0,0,0,0,0,55587969,0,147,0,2,422,3696,0,0,0,0,0,0,0,0,0,0,0,0,0,0,0,0,0,0,0,0,0,0,0,0,0,0,0,0,0,0,0,0,0,0,0,0,0,0,0,0,0,0,0,0,0,0,0,0,0,0,0,0,0,0,288385557,0,0,0,494808286,0,0,0,0,0,0,0,93280667,135119241,332426093,173545754624,81262830,0,0,0,0,0,0,0,0,0,0,0,0,0,0,0,0,0,0,0,0,0,0,0,0,0,0,0,0,0,0,0,1238,0,0,0,0,0,0,0
1782976115.081,0,0,0,0,0,0,0,775776043,2210025654784,921360261632,0,0,0,0,0,0,0,0,0,0,0,0,0,0,0,0,0,0,0,0,0,0,0,0,0,0,0,0,0,0,0,0,0,0,0,0,0,0,0,0,0,0,0,0,0,0,0,0,0,0,0,0,0,0,0,0,0,0,7,1851014,135193995,43097249,0,0,0,0,0,0,0,0,0,0,0,0,0,0,0,0,0,0,0,0,0,0,0,0,0,0,0,0,0,0,0,0,0,0,0,0,0,12875841536,4578869248,785879,279472,43035376,457,0,96,786432,134209869,811153,6,3758877653,12884901888,24050,725541808,0,0,0,0,0,0,0,0,0,0,0,0,0,0,0,0,0,0,18290513,118186821,0,468,1202,7661,620,36581322,35,0,0,0,0,0,0,0,1,0,0,0,0,0,0,0,0,0,0,23930803,0,43035176,790288,0,0,0,0,0,0,0,0,16384,0,0,0,0,0,0,0,0,0,0,0,3697,422,0,0,0,0,0,55602495,0,147,0,2,422,3697,0,0,0,0,0,0,0,0,0,0,0,0,0,0,0,0,0,0,0,0,0,0,0,0,0,0,0,0,0,0,0,0,0,0,0,0,0,0,0,0,0,0,0,0,0,0,0,0,0,0,0,0,0,0,288462846,0,0,0,494889468,0,0,0,0,0,0,0,93313321,135175379,332519914,173585989632,81290719,1,0,0,0,0,0,0,0,0,0,0,0,0,0,0,0,0,0,0,0,0,0,0,0,0,0,0,0,0,0,0,1210,0,0,0,0,0,0,0
1782976116.146,0,0,0,0,0,0,0,775940967,2210946468352,921669729280,0,0,0,0,0,0,0,0,0,0,0,0,0,0,0,0,0,0,0,0,0,0,0,0,0,0,0,0,0,0,0,0,0,0,0,0,0,0,0,0,0,0,0,0,0,0,0,0,0,0,0,0,0,0,0,0,0,0,7,1851040,135250330,43113303,0,0,0,0,0,0,0,0,0,0,0,0,0,0,0,0,0,0,0,0,0,0,0,0,0,0,0,0,0,0,0,0,0,0,0,0,0,12877053952,4583538688,785953,279756,43051430,383,0,96,786432,134266142,811153,6,3759693321,12884901888,24050,725650946,0,0,0,0,0,0,0,0,0,0,0,0,0,0,0,0,0,0,18295293,118191602,0,468,1202,7661,620,36590876,35,0,0,0,0,0,0,0,1,0,0,0,0,0,0,0,0,0,0,23936297,0,43051230,790606,0,0,0,0,0,0,0,0,16384,0,0,0,0,0,0,0,0,0,0,0,3698,422,0,0,0,0,0,55617026,0,147,0,2,422,3698,0,0,0,0,0,0,0,0,0,0,0,0,0,0,0,0,0,0,0,0,0,0,0,0,0,0,0,0,0,0,0,0,0,0,0,0,0,0,0,0,0,0,0,0,0,0,0,0,0,0,0,0,0,0,288540582,0,0,0,494970642,0,0,0,0,0,0,0,93345562,135231582,332613945,173626386944,81318221,1,0,0,0,0,0,0,0,0,0,0,0,0,0,0,0,0,0,0,0,0,0,0,0,0,0,0,0,0,0,0,1205,0,0,0,0,0,0,0
1782976117.215,0,0,0,0,0,0,0,776110355,2211893643776,921988880896,0,0,0,0,0,0,0,0,0,0,0,0,0,0,0,0,0,0,0,0,0,0,0,0,0,0,0,0,0,0,0,0,0,0,0,0,0,0,0,0,0,0,0,0,0,0,0,0,0,0,0,0,0,0,0,0,0,0,7,1851067,135308261,43129834,0,0,0,0,0,0,0,0,0,0,0,0,0,0,0,0,0,0,0,0,0,0,0,0,0,0,0,0,0,0,0,0,0,0,0,0,0,12875595776,4587110400,785864,279975,43067961,471,0,98,786432,134324008,811153,6,3760534568,12884901888,24050,725765618,0,0,0,0,0,0,0,0,0,0,0,0,0,0,0,0,0,0,18300207,118196516,0,468,1202,7661,620,36600704,35,0,0,0,0,0,0,0,1,0,0,0,0,0,0,0,0,0,0,23941953,0,43067761,790925,0,0,0,0,0,0,0,0,16384,0,0,0,0,0,0,0,0,0,0,0,3699,422,0,0,0,0,0,55631953,0,147,0,2,422,3699,0,0,0,0,0,0,0,0,0,0,0,0,0,0,0,0,0,0,0,0,0,0,0,0,0,0,0,0,0,0,0,0,0,0,0,0,0,0,0,0,0,0,0,0,0,0,0,0,0,0,0,0,0,0,288621131,0,0,0,495055167,0,0,0,0,0,0,0,93381052,135289359,332711253,173668325376,81348810,0,0,0,0,0,0,0,0,0,0,0,0,0,0,0,0,0,0,0,0,0,0,0,0,0,0,0,0,0,0,0,93,0,0,0,0,0,0,0
1782976118.278,0,0,0,0,0,0,0,776279708,2212841507328,922308092416,0,0,0,0,0,0,0,0,0,0,0,0,0,0,0,0,0,0,0,0,0,0,0,0,0,0,0,0,0,0,0,0,0,0,0,0,0,0,0,0,0,0,0,0,0,0,0,0,0,0,0,0,0,0,0,0,0,0,7,1851093,135366241,43146397,0,0,0,0,0,0,0,0,0,0,0,0,0,0,0,0,0,0,0,0,0,0,0,0,0,0,0,0,0,0,0,0,0,0,0,0,0,12874416128,4591337472,785791,280233,43084453,544,0,98,786432,134381934,811153,6,3761372359,12884901888,24050,725877060,0,0,0,0,0,0,0,0,0,0,0,0,0,0,0,0,0,0,18305114,118201424,0,468,1202,7661,620,36610517,35,0,0,0,0,0,0,0,1,0,0,0,0,0,0,0,0,0,0,23947596,0,43084328,791241,0,0,0,0,0,0,0,0,16384,0,0,0,0,0,0,0,0,0,0,0,3700,422,0,0,0,0,0,55646835,0,147,0,2,422,3700,0,0,0,0,0,0,0,0,0,0,0,0,0,0,0,0,0,0,0,0,0,0,0,0,0,0,0,0,0,0,0,0,0,0,0,0,0,0,0,0,0,0,0,0,0,0,0,0,0,0,0,0,0,0,288701156,0,0,0,495138423,0,0,0,0,0,0,0,93416534,135347173,332808073,173709898752,81379302,1,0,0,0,0,0,0,0,0,0,0,0,0,0,0,0,0,0,0,0,0,0,0,0,0,0,0,0,0,0,0,201,0,0,0,0,0,0,0
1782976119.346,0,0,0,0,0,0,0,776448965,2213787585024,922625974784,0,0,0,0,0,0,0,0,0,0,0,0,0,0,0,0,0,0,0,0,0,0,0,0,0,0,0,0,0,0,0,0,0,0,0,0,0,0,0,0,0,0,0,0,0,0,0,0,0,0,0,0,0,0,0,0,0,0,7,1851114,135424121,43162910,0,0,0,0,0,0,0,0,0,0,0,0,0,0,0,0,0,0,0,0,0,0,0,0,0,0,0,0,0,0,0,0,0,0,0,0,0,12875644928,4597956608,785867,280637,43101037,468,0,96,786432,134439744,811153,6,3762210162,12884901888,24050,725990051,0,0,0,0,0,0,0,0,0,0,0,0,0,0,0,0,0,0,18310013,118206322,0,468,1202,7661,620,36620313,35,0,0,0,0,0,0,0,1,0,0,0,0,0,0,0,0,0,0,23953235,0,43100837,791569,0,0,0,0,0,0,0,0,16384,0,0,0,0,0,0,0,0,0,0,0,3701,422,0,0,0,0,0,55661731,0,147,0,2,422,3701,0,0,0,0,0,0,0,0,0,0,0,0,0,0,0,0,0,0,0,0,0,0,0,0,0,0,0,0,0,0,0,0,0,0,0,0,0,0,0,0,0,0,0,0,0,0,0,0,0,0,0,0,0,0,288780423,0,0,0,495221544,0,0,0,0,0,0,0,93452016,135404915,332904087,173751199744,81409602,1,0,0,0,0,0,0,0,0,0,0,0,0,0,0,0,0,0,0,0,0,0,0,0,0,0,0,0,0,0,0,257,0,0,0,0,0,0,0
1782976120.412,0,0,0,0,0,0,0,776612836,2214702418432,922969629696,0,0,0,0,0,0,0,0,0,0,0,0,0,0,0,0,0,0,0,0,0,0,0,0,0,0,0,0,0,0,0,0,0,0,0,0,0,0,0,0,0,0,0,0,0,0,0,0,0,0,0,0,0,0,0,0,0,0,7,1851145,135480059,43181044,0,0,0,0,0,0,0,0,0,0,0,0,0,0,0,0,0,0,0,0,0,0,0,0,0,0,0,0,0,0,0,0,0,0,0,0,0,12876480512,4567957504,785918,278806,43116978,417,0,96,786432,134495608,811153,6,3763021482,12884901888,24050,726098967,0,0,0,0,0,0,0,0,0,0,0,0,0,0,0,0,0,0,18314753,118211062,0,468,1202,7661,620,36629800,35,0,0,0,0,0,0,0,1,0,0,0,0,0,0,0,0,0,0,23958682,0,43118954,791896,0,0,0,0,0,0,0,0,16384,0,0,0,0,0,0,0,0,0,0,0,3702,422,0,0,0,0,0,55676140,0,147,0,2,422,3702,0,0,0,0,0,0,0,0,0,0,0,0,0,0,0,0,0,0,0,0,0,0,0,0,0,0,0,0,0,0,0,0,0,0,0,0,0,0,0,0,0,0,0,0,0,0,0,0,0,0,0,0,0,0,288857791,0,0,0,495302172,0,0,0,0,0,0,0,93484705,135460722,332999819,173791396352,81437320,0,0,0,0,0,0,0,0,0,0,0,0,0,0,0,0,0,0,0,0,0,0,0,0,0,0,0,0,0,0,0,200,0,0,0,0,0,0,0
1782976121.479,0,0,0,0,0,0,0,776776823,2215614958080,923307438080,0,0,0,0,0,0,0,0,0,0,0,0,0,0,0,0,0,0,0,0,0,0,0,0,0,0,0,0,0,0,0,0,0,0,0,0,0,0,0,0,0,0,0,0,0,0,0,0,0,0,0,0,0,0,0,0,0,0,7,1851182,135535875,43198892,0,0,0,0,0,0,0,0,0,0,0,0,0,0,0,0,0,0,0,0,0,0,0,0,0,0,0,0,0,0,0,0,0,0,0,0,0,12876300288,4541759488,785907,277207,43137019,428,0,96,786432,134551369,811153,6,3763832079,12884901888,24050,726207560,0,0,0,0,0,0,0,0,0,0,0,0,0,0,0,0,0,0,18319505,118215814,0,468,1202,7661,620,36639301,35,0,0,0,0,0,0,0,1,0,0,0,0,0,0,0,0,0,0,23964145,0,43136819,792227,0,0,0,0,0,0,0,0,16384,0,0,0,0,0,0,0,0,0,0,0,3704,422,0,0,0,0,0,55690570,0,147,0,2,422,3704,0,0,0,0,0,0,0,0,0,0,0,0,0,0,0,0,0,0,0,0,0,0,0,0,0,0,0,0,0,0,0,0,0,0,0,0,0,0,0,0,0,0,0,0,0,0,0,0,0,0,0,0,0,0,288934382,0,0,0,495382871,0,0,0,0,0,0,0,93516905,135516390,333094469,173831156224,81464454,1,1,0,0,0,0,0,0,0,0,0,0,0,0,0,0,0,0,0,0,0,0,0,0,0,0,0,0,0,0,0,160,0,0,0,0,0,0,0
1782976122.546,0,0,0,0,0,0,0,776941221,2216535575040,923617876480,0,0,0,0,0,0,0,0,0,0,0,0,0,0,0,0,0,0,0,0,0,0,0,0,0,0,0,0,0,0,0,0,0,0,0,0,0,0,0,0,0,0,0,0,0,0,0,0,0,0,0,0,0,0,0,0,0,0,7,1851204,135592178,43215026,0,0,0,0,0,0,0,0,0,0,0,0,0,0,0,0,0,0,0,0,0,0,0,0,0,0,0,0,0,0,0,0,0,0,0,0,0,12875382784,4545396736,785851,277429,43153153,485,0,96,786432,134607603,811153,6,3764646170,12884901888,24050,726317018,0,0,0,0,0,0,0,0,0,0,0,0,0,0,0,0,0,0,18324264,118220572,0,468,1202,7661,620,36648819,35,0,0,0,0,0,0,0,1,0,0,0,0,0,0,0,0,0,0,23969621,0,43152953,792538,0,0,0,0,0,0,0,0,16384,0,0,0,0,0,0,0,0,0,0,0,3705,422,0,0,0,0,0,55705032,0,147,0,2,422,3705,0,0,0,0,0,0,0,0,0,0,0,0,0,0,0,0,0,0,0,0,0,0,0,0,0,0,0,0,0,0,0,0,0,0,0,0,0,0,0,0,0,0,0,0,0,0,0,0,0,0,0,0,0,0,289011590,0,0,0,495463833,0,0,0,0,0,0,0,93548762,135572582,333188030,173871213568,81491615,1,0,0,0,0,0,0,0,0,0,0,0,0,0,0,0,0,0,0,0,0,0,0,0,0,0,0,0,0,0,0,110,0,0,0,0,0,0,0
1782976123.611,0,0,0,0,0,0,0,777106103,2217455045120,923927289344,0,0,0,0,0,0,0,0,0,0,0,0,0,0,0,0,0,0,0,0,0,0,0,0,0,0,0,0,0,0,0,0,0,0,0,0,0,0,0,0,0,0,0,0,0,0,0,0,0,0,0,0,0,0,0,0,0,0,7,1851228,135648435,43231103,0,0,0,0,0,0,0,0,0,0,0,0,0,0,0,0,0,0,0,0,0,0,0,0,0,0,0,0,0,0,0,0,0,0,0,0,0,12877103104,4550033408,785955,277712,43169230,378,0,98,786432,134663806,811153,6,3765462166,12884901888,24050,726426815,0,0,0,0,0,0,0,0,0,0,0,0,0,0,0,0,0,0,18329037,118225345,0,468,1202,7661,620,36658371,35,0,0,0,0,0,0,0,1,0,0,0,0,0,0,0,0,0,0,23975108,0,43169030,792856,0,0,0,0,0,0,0,0,16384,0,0,0,0,0,0,0,0,0,0,0,3706,422,0,0,0,0,0,55719550,0,147,0,2,422,3706,0,0,0,0,0,0,0,0,0,0,0,0,0,0,0,0,0,0,0,0,0,0,0,0,0,0,0,0,0,0,0,0,0,0,0,0,0,0,0,0,0,0,0,0,0,0,0,0,0,0,0,0,0,0,289088696,0,0,0,495544887,0,0,0,0,0,0,0,93580949,135628700,333281451,173911336960,81519047,1,0,0,0,0,0,0,0,0,0,0,0,0,0,0,0,0,0,0,0,0,0,0,0,0,0,0,0,0,0,0,83,0,0,0,0,0,0,0
1782976124.680,0,0,0,0,0,0,0,777276229,2218401319424,924244765184,0,0,0,0,0,0,0,0,0,0,0,0,0,0,0,0,0,0,0,0,0,0,0,0,0,0,0,0,0,0,0,0,0,0,0,0,0,0,0,0,0,0,0,0,0,0,0,0,0,0,0,0,0,0,0,0,0,0,7,1851258,135706321,43247558,0,0,0,0,0,0,0,0,0,0,0,0,0,0,0,0,0,0,0,0,0,0,0,0,0,0,0,0,0,0,0,0,0,0,0,0,0,12876349440,4555997184,785910,278076,43185685,425,0,97,786432,134721638,811153,6,3766303269,12884901888,24050,726539376,0,0,0,0,0,0,0,0,0,0,0,0,0,0,0,0,0,0,18333965,118230274,0,468,1202,7661,620,36668222,35,0,0,0,0,0,0,0,1,0,0,0,0,0,0,0,0,0,0,23980771,0,43185485,793177,0,0,0,0,0,0,0,0,16384,0,0,0,0,0,0,0,0,0,0,0,3707,422,0,0,0,0,0,55734527,0,147,0,2,422,3707,0,0,0,0,0,0,0,0,0,0,0,0,0,0,0,0,0,0,0,0,0,0,0,0,0,0,0,0,0,0,0,0,0,0,0,0,0,0,0,0,0,0,0,0,0,0,0,0,0,0,0,0,0,0,289168566,0,0,0,495628473,0,0,0,0,0,0,0,93615981,135686463,333378007,173952902656,81548989,1,0,0,0,0,0,0,0,0,0,0,0,0,0,0,0,0,0,0,0,0,0,0,0,0,0,0,0,0,0,0,191,0,0,0,0,0,0,0
1782976125.746,0,0,0,0,0,0,0,777444727,2219346201088,924564162560,0,0,0,0,0,0,0,0,0,0,0,0,0,0,0,0,0,0,0,0,0,0,0,0,0,0,0,0,0,0,0,0,0,0,0,0,0,0,0,0,0,0,0,0,0,0,0,0,0,0,0,0,0,0,0,0,0,0,7,1851279,135764137,43264142,0,0,0,0,0,0,0,0,0,0,0,0,0,0,0,0,0,0,0,0,0,0,0,0,0,0,0,0,0,0,0,0,0,0,0,0,0,12874907648,4560224256,785821,278334,43202269,514,0,97,786432,134779381,811153,6,3767137577,12884901888,24050,726651129,0,0,0,0,0,0,0,0,0,0,0,0,0,0,0,0,0,0,18338847,118235154,0,468,1202,7661,620,36677981,35,0,0,0,0,0,0,0,1,0,0,0,0,0,0,0,0,0,0,23986372,0,43202069,793491,0,0,0,0,0,0,0,0,16384,0,0,0,0,0,0,0,0,0,0,0,3708,422,0,0,0,0,0,55749361,0,147,0,2,422,3708,0,0,0,0,0,0,0,0,0,0,0,0,0,0,0,0,0,0,0,0,0,0,0,0,0,0,0,0,0,0,0,0,0,0,0,0,0,0,0,0,0,0,0,0,0,0,0,0,0,0,0,0,0,0,289248021,0,0,0,495711245,0,0,0,0,0,0,0,93651377,135744119,333474254,173994313728,81579389,0,0,0,0,0,0,0,0,0,0,0,0,0,0,0,0,0,0,0,0,0,0,0,0,0,0,0,0,0,0,0,272,0,0,0,0,0,0,0
1782976126.814,0,0,0,0,0,0,0,777613272,2220287494656,924881638912,0,0,0,0,0,0,0,0,0,0,0,0,0,0,0,0,0,0,0,0,0,0,0,0,0,0,0,0,0,0,0,0,0,0,0,0,0,0,0,0,0,0,0,0,0,0,0,0,0,0,0,0,0,0,0,0,0,0,7,1851308,135821713,43280604,0,0,0,0,0,0,0,0,0,0,0,0,0,0,0,0,0,0,0,0,0,0,0,0,0,0,0,0,0,0,0,0,0,0,0,0,0,12878626816,4564910080,786049,278621,43218701,288,0,96,786432,134836890,811153,6,3767971811,12884901888,24050,726762928,0,0,0,0,0,0,0,0,0,0,0,0,0,0,0,0,0,0,18343721,118240030,0,468,1202,7661,620,36687732,35,0,0,0,0,0,0,0,1,0,0,0,0,0,0,0,0,0,0,23991980,0,43218501,793797,0,0,0,0,0,0,0,0,16384,0,0,0,0,0,0,0,0,0,0,0,3709,422,0,0,0,0,0,55764189,0,147,0,2,422,3709,0,0,0,0,0,0,0,0,0,0,0,0,0,0,0,0,0,0,0,0,0,0,0,0,0,0,0,0,0,0,0,0,0,0,0,0,0,0,0,0,0,0,0,0,0,0,0,0,0,0,0,0,0,0,289327505,0,0,0,495794068,0,0,0,0,0,0,0,93686055,135801563,333570436,174035670528,81609300,0,0,0,0,0,0,0,0,0,0,0,0,0,0,0,0,0,0,0,0,0,0,0,0,0,0,0,0,0,0,0,335,0,0,0,0,0,0,0
1782976127.879,0,0,0,0,0,0,0,777782053,2221231065600,925195646976,0,0,0,0,0,0,0,0,0,0,0,0,0,0,0,0,0,0,0,0,0,0,0,0,0,0,0,0,0,0,0,0,0,0,0,0,0,0,0,0,0,0,0,0,0,0,0,0,0,0,0,0,0,0,0,0,0,0,7,1851331,135879425,43296887,0,0,0,0,0,0,0,0,0,0,0,0,0,0,0,0,0,0,0,0,0,0,0,0,0,0,0,0,0,0,0,0,0,0,0,0,0,12878266368,4572200960,786028,279065,43235014,306,0,98,786432,134894549,811153,6,3768806969,12884901888,24050,726875389,0,0,0,0,0,0,0,0,0,0,0,0,0,0,0,0,0,0,18348609,118244917,0,468,1202,7661,620,36697507,35,0,0,0,0,0,0,0,1,0,0,0,0,0,0,0,0,0,0,23997598,0,43234814,794114,0,0,0,0,0,0,0,0,16384,0,0,0,0,0,0,0,0,0,0,0,3710,422,0,0,0,0,0,55779061,0,147,0,2,422,3710,0,0,0,0,0,0,0,0,0,0,0,0,0,0,0,0,0,0,0,0,0,0,0,0,0,0,0,0,0,0,0,0,0,0,0,0,0,0,0,0,0,0,0,0,0,0,0,0,0,0,0,0,0,0,289406817,0,0,0,495876996,0,0,0,0,0,0,0,93720929,135859133,333666253,174076898816,81639244,1,0,0,0,0,0,0,0,0,0,0,0,0,0,0,0,0,0,0,0,0,0,0,0,0,0,0,0,0,0,0,385,0,0,0,0,0,0,0
1782976128.948,0,0,0,0,0,0,0,777950916,2222171572736,925511383552,0,0,0,0,0,0,0,0,0,0,0,0,0,0,0,0,0,0,0,0,0,0,0,0,0,0,0,0,0,0,0,0,0,0,0,0,0,0,0,0,0,0,0,0,0,0,0,0,0,0,0,0,0,0,0,0,0,0,7,1851361,135936987,43313273,0,0,0,0,0,0,0,0,0,0,0,0,0,0,0,0,0,0,0,0,0,0,0,0,0,0,0,0,0,0,0,0,0,0,0,0,0,12877512704,4577787904,785981,279406,43251400,355,0,96,786432,134952052,811153,6,3769642030,12884901888,24050,726987038,0,0,0,0,0,0,0,0,0,0,0,0,0,0,0,0,0,0,18353499,118249808,0,468,1202,7661,620,36707287,35,0,0,0,0,0,0,0,1,0,0,0,0,0,0,0,0,0,0,24003223,0,43251200,794437,0,0,0,0,0,0,0,0,16384,0,0,0,0,0,0,0,0,0,0,0,3711,422,0,0,0,0,0,55793915,0,147,0,2,422,3711,0,0,0,0,0,0,0,0,0,0,0,0,0,0,0,0,0,0,0,0,0,0,0,0,0,0,0,0,0,0,0,0,0,0,0,0,0,0,0,0,0,0,0,0,0,0,0,0,0,0,0,0,0,0,289485685,0,0,0,495960012,0,0,0,0,0,0,0,93756079,135916536,333761740,174118000640,81669296,0,0,0,0,0,0,0,0,0,0,0,0,0,0,0,0,0,0,0,0,0,0,0,0,0,0,0,0,0,0,0,446,0,0,0,0,0,0,0
1782976130.011,0,0,0,0,0,0,0,778116715,2223092156928,925821357568,0,0,0,0,0,0,0,0,0,0,0,0,0,0,0,0,0,0,0,0,0,0,0,0,0,0,0,0,0,0,0,0,0,0,0,0,0,0,0,0,0,0,0,0,0,0,0,0,0,0,0,0,0,0,0,0,0,0,7,1851391,135993279,43329343,0,0,0,0,0,0,0,0,0,0,0,0,0,0,0,0,0,0,0,0,0,0,0,0,0,0,0,0,0,0,0,0,0,0,0,0,0,12875120640,4581638144,785835,279640,43267441,500,0,97,786432,135008264,811153,6,3770462168,12884901888,24050,727096938,0,0,0,0,0,0,0,0,0,0,0,0,0,0,0,0,0,0,18358302,118254611,0,468,1202,7661,620,36716892,35,0,0,0,0,0,0,0,1,0,0,0,0,0,0,0,0,0,0,24008747,0,43267272,794756,0,0,0,0,0,0,0,0,16384,0,0,0,0,0,0,0,0,0,0,0,3712,422,0,0,0,0,0,55808509,0,147,0,2,422,3712,0,0,0,0,0,0,0,0,0,0,0,0,0,0,0,0,0,0,0,0,0,0,0,0,0,0,0,0,0,0,0,0,0,0,0,0,0,0,0,0,0,0,0,0,0,0,0,0,0,0,0,0,0,0,289563894,0,0,0,496041601,0,0,0,0,0,0,0,93789360,135972697,333856258,174158696448,81697631,0,0,0,0,0,0,0,0,0,0,0,0,0,0,0,0,0,0,0,0,0,0,0,0,0,0,0,0,0,0,0,438,0,0,0,0,0,0,0
1782976131.080,0,0,0,0,0,0,0,778281981,2224014592512,926132443136,0,0,0,0,0,0,0,0,0,0,0,0,0,0,0,0,0,0,0,0,0,0,0,0,0,0,0,0,0,0,0,0,0,0,0,0,0,0,0,0,0,0,0,0,0,0,0,0,0,0,0,0,0,0,0,0,0,0,7,1851419,136049694,43345457,0,0,0,0,0,0,0,0,0,0,0,0,0,0,0,0,0,0,0,0,0,0,0,0,0,0,0,0,0,0,0,0,0,0,0,0,0,12875481088,4588175360,785857,280040,43283580,479,0,97,786432,135064604,811153,6,3771280278,12884901888,24050,727206750,0,0,0,0,0,0,0,0,0,0,0,0,0,0,0,0,0,0,18363086,118259393,0,468,1202,7661,620,36726460,35,0,0,0,0,0,0,0,1,0,0,0,0,0,0,0,0,0,0,24014249,0,43283380,795072,0,0,0,0,0,0,0,0,16384,0,0,0,0,0,0,0,0,0,0,0,3713,422,0,0,0,0,0,55823095,0,147,0,2,422,3713,0,0,0,0,0,0,0,0,0,0,0,0,0,0,0,0,0,0,0,0,0,0,0,0,0,0,0,0,0,0,0,0,0,0,0,0,0,0,0,0,0,0,0,0,0,0,0,0,0,0,0,0,0,0,289642840,0,0,0,496122867,0,0,0,0,0,0,0,93822118,136028974,333951555,174199748096,81725594,1,0,0,0,0,0,0,0,0,0,0,0,0,0,0,0,0,0,0,0,0,0,0,0,0,0,0,0,0,0,0,431,0,0,0,0,0,0,0
1782976132.146,0,0,0,0,0,0,0,778447919,2224937486848,926443664384,0,0,0,0,0,0,0,0,0,0,0,0,0,0,0,0,0,0,0,0,0,0,0,0,0,0,0,0,0,0,0,0,0,0,0,0,0,0,0,0,0,0,0,0,0,0,0,0,0,0,0,0,0,0,0,0,0,0,7,1851455,136106134,43361581,0,0,0,0,0,0,0,0,0,0,0,0,0,0,0,0,0,0,0,0,0,0,0,0,0,0,0,0,0,0,0,0,0,0,0,0,0,12877119488,4595417088,785957,280482,43299705,380,0,96,786432,135120979,811153,6,3772100611,12884901888,24050,727316731,0,0,0,0,0,0,0,0,0,0,0,0,0,0,0,0,0,0,18367888,118264197,0,468,1202,7661,620,36736064,35,0,0,0,0,0,0,0,1,0,0,0,0,0,0,0,0,0,0,24019778,0,43299505,795382,0,0,0,0,0,0,0,0,16384,0,0,0,0,0,0,0,0,0,0,0,3714,422,0,0,0,0,0,55837708,0,147,0,2,422,3714,0,0,0,0,0,0,0,0,0,0,0,0,0,0,0,0,0,0,0,0,0,0,0,0,0,0,0,0,0,0,0,0,0,0,0,0,0,0,0,0,0,0,0,0,0,0,0,0,0,0,0,0,0,0,289722075,0,0,0,496204424,0,0,0,0,0,0,0,93854076,136085302,334047133,174240887296,81753046,0,1,0,0,0,0,0,0,0,0,0,0,0,0,0,0,0,0,0,0,0,0,0,0,0,0,0,0,0,0,0,428,0,0,0,0,0,0,0
1782976133.215,0,0,0,0,0,0,0,778614859,2225866213888,926759022592,0,0,0,0,0,0,0,0,0,0,0,0,0,0,0,0,0,0,0,0,0,0,0,0,0,0,0,0,0,0,0,0,0,0,0,0,0,0,0,0,0,0,0,0,0,0,0,0,0,0,0,0,0,0,0,0,0,0,7,1851477,136162959,43377942,0,0,0,0,0,0,0,0,0,0,0,0,0,0,0,0,0,0,0,0,0,0,0,0,0,0,0,0,0,0,0,0,0,0,0,0,0,12877643776,4597596160,785989,280615,43316069,347,0,96,786432,135177745,811153,6,3772926266,12884901888,24050,727427654,0,0,0,0,0,0,0,0,0,0,0,0,0,0,0,0,0,0,18372725,118269033,0,468,1202,7661,620,36745737,35,0,0,0,0,0,0,0,1,0,0,0,0,0,0,0,0,0,0,24025341,0,43315869,795699,0,0,0,0,0,0,0,0,16384,0,0,0,0,0,0,0,0,0,0,0,3715,422,0,0,0,0,0,55852427,0,147,0,2,422,3715,0,0,0,0,0,0,0,0,0,0,0,0,0,0,0,0,0,0,0,0,0,0,0,0,0,0,0,0,0,0,0,0,0,0,0,0,0,0,0,0,0,0,0,0,0,0,0,0,0,0,0,0,0,0,289801549,0,0,0,496286541,0,0,0,0,0,0,0,93887618,136141980,334143177,174282277888,81781697,0,0,0,0,0,0,0,0,0,0,0,0,0,0,0,0,0,0,0,0,0,0,0,0,0,0,0,0,0,0,0,433,0,0,0,0,0,0,0
1782976134.283,0,0,0,0,0,0,0,778785271,2226814028288,927075711488,0,0,0,0,0,0,0,0,0,0,0,0,0,0,0,0,0,0,0,0,0,0,0,0,0,0,0,0,0,0,0,0,0,0,0,0,0,0,0,0,0,0,0,0,0,0,0,0,0,0,0,0,0,0,0,0,0,0,7,1851502,136220922,43394391,0,0,0,0,0,0,0,0,0,0,0,0,0,0,0,0,0,0,0,0,0,0,0,0,0,0,0,0,0,0,0,0,0,0,0,0,0,12875776000,4603936768,785877,281001,43332518,461,0,97,786432,135235648,811153,6,3773768962,12884901888,24050,727540354,0,0,0,0,0,0,0,0,0,0,0,0,0,0,0,0,0,0,18377660,118273968,0,468,1202,7661,620,36755611,35,0,0,0,0,0,0,0,1,0,0,0,0,0,0,0,0,0,0,24031015,0,43332318,796020,0,0,0,0,0,0,0,0,16384,0,0,0,0,0,0,0,0,0,0,0,3716,422,0,0,0,0,0,55867455,0,147,0,2,422,3716,0,0,0,0,0,0,0,0,0,0,0,0,0,0,0,0,0,0,0,0,0,0,0,0,0,0,0,0,0,0,0,0,0,0,0,0,0,0,0,0,0,0,0,0,0,0,0,0,0,0,0,0,0,0,289880677,0,0,0,496370236,0,0,0,0,0,0,0,93922911,136199786,334238984,174323412992,81811955,1,0,0,0,0,0,0,0,0,0,0,0,0,0,0,0,0,0,0,0,0,0,0,0,0,0,0,0,0,0,0,571,0,0,0,0,0,0,0
1782976135.353,0,0,0,0,0,0,0,778955022,2227757943296,927394462720,0,0,0,0,0,0,0,0,0,0,0,0,0,0,0,0,0,0,0,0,0,0,0,0,0,0,0,0,0,0,0,0,0,0,0,0,0,0,0,0,0,0,0,0,0,0,0,0,0,0,0,0,0,0,0,0,0,0,7,1851532,136278668,43410967,0,0,0,0,0,0,0,0,0,0,0,0,0,0,0,0,0,0,0,0,0,0,0,0,0,0,0,0,0,0,0,0,0,0,0,0,0,12875513856,4606476288,785859,281157,43349094,476,0,97,786432,135293336,811153,6,3774607996,12884901888,24050,727652877,0,0,0,0,0,0,0,0,0,0,0,0,0,0,0,0,0,0,18382571,118278879,0,468,1202,7661,620,36765432,35,0,0,0,0,0,0,0,1,0,0,0,0,0,0,0,0,0,0,24036656,0,43348894,796350,0,0,0,0,0,0,0,0,16384,0,0,0,0,0,0,0,0,0,0,0,3717,422,0,0,0,0,0,55882359,0,147,0,2,422,3717,0,0,0,0,0,0,0,0,0,0,0,0,0,0,0,0,0,0,0,0,0,0,0,0,0,0,0,0,0,0,0,0,0,0,0,0,0,0,0,0,0,0,0,0,0,0,0,0,0,0,0,0,0,0,289959962,0,0,0,496453570,0,0,0,0,0,0,0,93958056,136257388,334335106,174364674048,81842083,0,0,0,0,0,0,0,0,0,0,0,0,0,0,0,0,0,0,0,0,0,0,0,0,0,0,0,0,0,0,0,690,0,0,0,0,0,0,0
1782976136.422,0,0,0,0,0,0,0,779121204,2228685359616,927757197312,0,0,0,0,0,0,0,0,0,0,0,0,0,0,0,0,0,0,0,0,0,0,0,0,0,0,0,0,0,0,0,0,0,0,0,0,0,0,0,0,0,0,0,0,0,0,0,0,0,0,0,0,0,0,0,0,0,0,7,1851558,136335393,43430243,0,0,0,0,0,0,0,0,0,0,0,0,0,0,0,0,0,0,0,0,0,0,0,0,0,0,0,0,0,0,0,0,0,0,0,0,0,12875579392,4561420288,785863,278407,43365381,473,0,96,786432,135350007,811153,6,3775430700,12884901888,24050,727763889,0,0,0,0,0,0,0,0,0,0,0,0,0,0,0,0,0,0,18387383,118283692,0,468,1202,7661,620,36775059,35,0,0,0,0,0,0,0,1,0,0,0,0,0,0,0,0,0,0,24042185,0,43368125,796690,0,0,0,0,0,0,0,0,16384,0,0,0,0,0,0,0,0,0,0,0,3718,422,0,0,0,0,0,55896986,0,147,0,2,422,3718,0,0,0,0,0,0,0,0,0,0,0,0,0,0,0,0,0,0,0,0,0,0,0,0,0,0,0,0,0,0,0,0,0,0,0,0,0,0,0,0,0,0,0,0,0,0,0,0,0,0,0,0,0,0,290038475,0,0,0,496535352,0,0,0,0,0,0,0,93992804,136313982,334433151,174405623808,81871543,1,0,0,0,0,0,0,0,0,0,0,0,0,0,0,0,0,0,0,0,0,0,0,0,0,0,0,0,0,0,0,678,0,0,0,0,0,0,0
1782976137.490,0,0,0,0,0,0,0,779289230,2229622770176,928087819776,0,0,0,0,0,0,0,0,0,0,0,0,0,0,0,0,0,0,0,0,0,0,0,0,0,0,0,0,0,0,0,0,0,0,0,0,0,0,0,0,0,0,0,0,0,0,0,0,0,0,0,0,0,0,0,0,0,0,7,1851581,136392738,43447569,0,0,0,0,0,0,0,0,0,0,0,0,0,0,0,0,0,0,0,0,0,0,0,0,0,0,0,0,0,0,0,0,0,0,0,0,0,12873547776,4549525504,785739,277681,43385696,597,0,97,786432,135407309,811153,6,3776262525,12884901888,24050,727875745,0,0,0,0,0,0,0,0,0,0,0,0,0,0,0,0,0,0,18392252,118288559,0,468,1202,7661,620,36784794,35,0,0,0,0,0,0,0,1,0,0,0,0,0,0,0,0,0,0,24047775,0,43385496,797018,0,0,0,0,0,0,0,0,16384,0,0,0,0,0,0,0,0,0,0,0,3720,422,0,0,0,0,0,55911798,0,147,0,2,422,3720,0,0,0,0,0,0,0,0,0,0,0,0,0,0,0,0,0,0,0,0,0,0,0,0,0,0,0,0,0,0,0,0,0,0,0,0,0,0,0,0,0,0,0,0,0,0,0,0,0,0,0,0,0,0,290117122,0,0,0,496617894,0,0,0,0,0,0,0,94027764,136371193,334529343,174446487552,81901411,1,0,0,0,0,0,0,0,0,0,0,0,0,0,0,0,0,0,0,0,0,0,0,0,0,0,0,0,0,0,0,748,0,0,0,0,0,0,0
1782976138.554,0,0,0,0,0,0,0,779455413,2230556674560,928400287232,0,0,0,0,0,0,0,0,0,0,0,0,0,0,0,0,0,0,0,0,0,0,0,0,0,0,0,0,0,0,0,0,0,0,0,0,0,0,0,0,0,0,0,0,0,0,0,0,0,0,0,0,0,0,0,0,0,0,7,1851605,136449879,43463786,0,0,0,0,0,0,0,0,0,0,0,0,0,0,0,0,0,0,0,0,0,0,0,0,0,0,0,0,0,0,0,0,0,0,0,0,0,12877692928,4555145216,785992,278024,43401913,343,0,96,786432,135464380,811153,6,3777085942,12884901888,24050,727986526,0,0,0,0,0,0,0,0,0,0,0,0,0,0,0,0,0,0,18397062,118293370,0,468,1202,7661,620,36794412,35,0,0,0,0,0,0,0,1,0,0,0,0,0,0,0,0,0,0,24053299,0,43401713,797331,0,0,0,0,0,0,0,0,16384,0,0,0,0,0,0,0,0,0,0,0,3721,422,0,0,0,0,0,55926439,0,147,0,2,422,3721,0,0,0,0,0,0,0,0,0,0,0,0,0,0,0,0,0,0,0,0,0,0,0,0,0,0,0,0,0,0,0,0,0,0,0,0,0,0,0,0,0,0,0,0,0,0,0,0,0,0,0,0,0,0,290195216,0,0,0,496699629,0,0,0,0,0,0,0,94061184,136428162,334623884,174487254016,81930238,1,0,0,0,0,0,0,0,0,0,0,0,0,0,0,0,0,0,0,0,0,0,0,0,0,0,0,0,0,0,0,726,0,0,0,0,0,0,0
1782976139.620,0,0,0,0,0,0,0,779621054,2231480617472,928713177600,0,0,0,0,0,0,0,0,0,0,0,0,0,0,0,0,0,0,0,0,0,0,0,0,0,0,0,0,0,0,0,0,0,0,0,0,0,0,0,0,0,0,0,0,0,0,0,0,0,0,0,0,0,0,0,0,0,0,7,1851631,136506396,43480027,0,0,0,0,0,0,0,0,0,0,0,0,0,0,0,0,0,0,0,0,0,0,0,0,0,0,0,0,0,0,0,0,0,0,0,0,0,12875759616,4557225984,785874,278151,43418154,462,0,96,786432,135520832,811153,6,3777906336,12884901888,24050,728096915,0,0,0,0,0,0,0,0,0,0,0,0,0,0,0,0,0,0,18401853,118298162,0,468,1202,7661,620,36803997,35,0,0,0,0,0,0,0,1,0,0,0,0,0,0,0,0,0,0,24058806,0,43417954,797645,0,0,0,0,0,0,0,0,16384,0,0,0,0,0,0,0,0,0,0,0,3722,422,0,0,0,0,0,55941041,0,147,0,2,422,3722,0,0,0,0,0,0,0,0,0,0,0,0,0,0,0,0,0,0,0,0,0,0,0,0,0,0,0,0,0,0,0,0,0,0,0,0,0,0,0,0,0,0,0,0,0,0,0,0,0,0,0,0,0,0,290273578,0,0,0,496781109,0,0,0,0,0,0,0,94094094,136484535,334718720,174528035328,81958391,1,0,0,0,0,0,0,0,0,0,0,0,0,0,0,0,0,0,0,0,0,0,0,0,0,0,0,0,0,0,0,689,0,0,0,0,0,0,0
1782976140.688,0,0,0,0,0,0,0,779786034,2232407181824,929021975552,0,0,0,0,0,0,0,0,0,0,0,0,0,0,0,0,0,0,0,0,0,0,0,0,0,0,0,0,0,0,0,0,0,0,0,0,0,0,0,0,0,0,0,0,0,0,0,0,0,0,0,0,0,0,0,0,0,0,7,1851657,136563059,43496049,0,0,0,0,0,0,0,0,0,0,0,0,0,0,0,0,0,0,0,0,0,0,0,0,0,0,0,0,0,0,0,0,0,0,0,0,0,12880642048,4563386368,786173,278526,43434176,161,0,96,786432,135577432,811153,6,3778722915,12884901888,24050,728206154,0,0,0,0,0,0,0,0,0,0,0,0,0,0,0,0,0,0,18406637,118302945,0,468,1202,7661,620,36813565,35,0,0,0,0,0,0,0,1,0,0,0,0,0,0,0,0,0,0,24064306,0,43433976,797954,0,0,0,0,0,0,0,0,16384,0,0,0,0,0,0,0,0,0,0,0,3723,422,0,0,0,0,0,55955596,0,147,0,2,422,3723,0,0,0,0,0,0,0,0,0,0,0,0,0,0,0,0,0,0,0,0,0,0,0,0,0,0,0,0,0,0,0,0,0,0,0,0,0,0,0,0,0,0,0,0,0,0,0,0,0,0,0,0,0,0,290350966,0,0,0,496862298,0,0,0,0,0,0,0,94127165,136541034,334812363,174568334336,81986878,0,0,0,0,0,0,0,0,0,0,0,0,0,0,0,0,0,0,0,0,0,0,0,0,0,0,0,0,0,0,0,691,0,0,0,0,0,0,0
1782976141.760,0,0,0,0,0,0,0,779950544,2233325996544,929334512640,0,0,0,0,0,0,0,0,0,0,0,0,0,0,0,0,0,0,0,0,0,0,0,0,0,0,0,0,0,0,0,0,0,0,0,0,0,0,0,0,0,0,0,0,0,0,0,0,0,0,0,0,0,0,0,0,0,0,7,1851683,136619273,43512310,0,0,0,0,0,0,0,0,0,0,0,0,0,0,0,0,0,0,0,0,0,0,0,0,0,0,0,0,0,0,0,0,0,0,0,0,0,12877561856,4563320832,785984,278523,43450437,352,0,96,786432,135633582,811153,6,3779537377,12884901888,24050,728316046,0,0,0,0,0,0,0,0,0,0,0,0,0,0,0,0,0,0,18411399,118307708,0,468,1202,7661,620,36823086,35,0,0,0,0,0,0,0,1,0,0,0,0,0,0,0,0,0,0,24069786,0,43450237,798274,0,0,0,0,0,0,0,0,16384,0,0,0,0,0,0,0,0,0,0,0,3724,422,0,0,0,0,0,55970059,0,147,0,2,422,3724,0,0,0,0,0,0,0,0,0,0,0,0,0,0,0,0,0,0,0,0,0,0,0,0,0,0,0,0,0,0,0,0,0,0,0,0,0,0,0,0,0,0,0,0,0,0,0,0,0,0,0,0,0,0,290428115,0,0,0,496943188,0,0,0,0,0,0,0,94159965,136597095,334906012,174608519168,82014904,1,0,0,0,0,0,0,0,0,0,0,0,0,0,0,0,0,0,0,0,0,0,0,0,0,0,0,0,0,0,0,669,0,0,0,0,0,0,0
1782976142.826,0,0,0,0,0,0,0,780118905,2234268240384,929649909760,0,0,0,0,0,0,0,0,0,0,0,0,0,0,0,0,0,0,0,0,0,0,0,0,0,0,0,0,0,0,0,0,0,0,0,0,0,0,0,0,0,0,0,0,0,0,0,0,0,0,0,0,0,0,0,0,0,0,7,1851712,136676933,43528678,0,0,0,0,0,0,0,0,0,0,0,0,0,0,0,0,0,0,0,0,0,0,0,0,0,0,0,0,0,0,0,0,0,0,0,0,0,12875038720,4567449600,785829,278775,43466805,506,0,97,786432,135691175,811153,6,3780370768,12884901888,24050,728427972,0,0,0,0,0,0,0,0,0,0,0,0,0,0,0,0,0,0,18416273,118312581,0,468,1202,7661,620,36832836,35,0,0,0,0,0,0,0,1,0,0,0,0,0,0,0,0,0,0,24075386,0,43466605,798602,0,0,0,0,0,0,0,0,16384,0,0,0,0,0,0,0,0,0,0,0,3725,422,0,0,0,0,0,55984887,0,147,0,2,422,3725,0,0,0,0,0,0,0,0,0,0,0,0,0,0,0,0,0,0,0,0,0,0,0,0,0,0,0,0,0,0,0,0,0,0,0,0,0,0,0,0,0,0,0,0,0,0,0,0,0,0,0,0,0,0,290508107,0,0,0,497025942,0,0,0,0,0,0,0,94194711,136654648,335002615,174650137600,82044757,1,0,0,0,0,0,0,0,0,0,0,0,0,0,0,0,0,0,0,0,0,0,0,0,0,0,0,0,0,0,0,739,0,0,0,0,0,0,0
1782976143.890,0,0,0,0,0,0,0,780287394,2235207109120,929965553152,0,0,0,0,0,0,0,0,0,0,0,0,0,0,0,0,0,0,0,0,0,0,0,0,0,0,0,0,0,0,0,0,0,0,0,0,0,0,0,0,0,0,0,0,0,0,0,0,0,0,0,0,0,0,0,0,0,0,7,1851733,136734396,43545070,0,0,0,0,0,0,0,0,0,0,0,0,0,0,0,0,0,0,0,0,0,0,0,0,0,0,0,0,0,0,0,0,0,0,0,0,0,12875464704,4570071040,785856,278935,43483197,480,0,96,786432,135748570,811153,6,3781203868,12884901888,24050,728538996,0,0,0,0,0,0,0,0,0,0,0,0,0,0,0,0,0,0,18421154,118317461,0,468,1202,7661,620,36842596,35,0,0,0,0,0,0,0,1,0,0,0,0,0,0,0,0,0,0,24080998,0,43482941,798920,0,0,0,0,0,0,0,0,16384,0,0,0,0,0,0,0,0,0,0,0,3726,422,0,0,0,0,0,55999724,0,147,0,2,422,3726,0,0,0,0,0,0,0,0,0,0,0,0,0,0,0,0,0,0,0,0,0,0,0,0,0,0,0,0,0,0,0,0,0,0,0,0,0,0,0,0,0,0,0,0,0,0,0,0,0,0,0,0,0,0,290587173,0,0,0,497108806,0,0,0,0,0,0,0,94229802,136711942,335098314,174691272704,82074886,1,0,0,0,0,0,0,0,0,0,0,0,0,0,0,0,0,0,0,0,0,0,0,0,0,0,0,0,0,0,0,801,0,0,0,0,0,0,0
1782976144.957,0,0,0,0,0,0,0,780456722,2236150172160,930282673152,0,0,0,0,0,0,0,0,0,0,0,0,0,0,0,0,0,0,0,0,0,0,0,0,0,0,0,0,0,0,0,0,0,0,0,0,0,0,0,0,0,0,0,0,0,0,0,0,0,0,0,0,0,0,0,0,0,0,7,1851760,136792074,43561506,0,0,0,0,0,0,0,0,0,0,0,0,0,0,0,0,0,0,0,0,0,0,0,0,0,0,0,0,0,0,0,0,0,0,0,0,0,12875497472,4577132544,785858,279366,43499633,476,0,96,786432,135806183,811153,6,3782041402,12884901888,24050,728650992,0,0,0,0,0,0,0,0,0,0,0,0,0,0,0,0,0,0,18426061,118322370,0,468,1202,7661,620,36852408,35,0,0,0,0,0,0,0,1,0,0,0,0,0,0,0,0,0,0,24086641,0,43499377,799240,0,0,0,0,0,0,0,0,16384,0,0,0,0,0,0,0,0,0,0,0,3727,422,0,0,0,0,0,56014636,0,147,0,2,422,3727,0,0,0,0,0,0,0,0,0,0,0,0,0,0,0,0,0,0,0,0,0,0,0,0,0,0,0,0,0,0,0,0,0,0,0,0,0,0,0,0,0,0,0,0,0,0,0,0,0,0,0,0,0,0,290667187,0,0,0,497192073,0,0,0,0,0,0,0,94265043,136769485,335195012,174732915200,82105162,0,0,0,0,0,0,0,0,0,0,0,0,0,0,0,0,0,0,0,0,0,0,0,0,0,0,0,0,0,0,0,886,0,0,0,0,0,0,0
1782976146.022,0,0,0,0,0,0,0,780627036,2237097937408,930597238784,0,0,0,0,0,0,0,0,0,0,0,0,0,0,0,0,0,0,0,0,0,0,0,0,0,0,0,0,0,0,0,0,0,0,0,0,0,0,0,0,0,0,0,0,0,0,0,0,0,0,0,0,0,0,0,0,0,0,7,1851782,136850031,43577795,0,0,0,0,0,0,0,0,0,0,0,0,0,0,0,0,0,0,0,0,0,0,0,0,0,0,0,0,0,0,0,0,0,0,0,0,0,12876824576,4585979904,785939,279906,43515922,399,0,97,786432,135864077,811153,6,3782884103,12884901888,24050,728763863,0,0,0,0,0,0,0,0,0,0,0,0,0,0,0,0,0,0,18430992,118327300,0,468,1202,7661,620,36862275,35,0,0,0,0,0,0,0,1,0,0,0,0,0,0,0,0,0,0,24092304,0,43515666,799562,0,0,0,0,0,0,0,0,16384,0,0,0,0,0,0,0,0,0,0,0,3728,422,0,0,0,0,0,56029623,0,147,0,2,422,3728,0,0,0,0,0,0,0,0,0,0,0,0,0,0,0,0,0,0,0,0,0,0,0,0,0,0,0,0,0,0,0,0,0,0,0,0,0,0,0,0,0,0,0,0,0,0,0,0,0,0,0,0,0,0,290747302,0,0,0,497275642,0,0,0,0,0,0,0,94300524,136827296,335291648,174774487040,82135785,1,0,0,0,0,0,0,0,0,0,0,0,0,0,0,0,0,0,0,0,0,0,0,0,0,0,0,0,0,0,0,1004,0,0,0,0,0,0,0
1782976147.090,0,0,0,0,0,0,0,780792899,2238025533952,930911120384,0,0,0,0,0,0,0,0,0,0,0,0,0,0,0,0,0,0,0,0,0,0,0,0,0,0,0,0,0,0,0,0,0,0,0,0,0,0,0,0,0,0,0,0,0,0,0,0,0,0,0,0,0,0,0,0,0,0,7,1851806,136906764,43594100,0,0,0,0,0,0,0,0,0,0,0,0,0,0,0,0,0,0,0,0,0,0,0,0,0,0,0,0,0,0,0,0,0,0,0,0,0,12875038720,4590010368,785829,280152,43532227,505,0,97,786432,135920727,811153,6,3783705413,12884901888,24050,728874027,0,0,0,0,0,0,0,0,0,0,0,0,0,0,0,0,0,0,18435790,118332098,0,468,1202,7661,620,36871871,35,0,0,0,0,0,0,0,1,0,0,0,0,0,0,0,0,0,0,24097819,0,43531971,799871,0,0,0,0,0,0,0,0,16384,0,0,0,0,0,0,0,0,0,0,0,3729,422,0,0,0,0,0,56044211,0,147,0,2,422,3729,0,0,0,0,0,0,0,0,0,0,0,0,0,0,0,0,0,0,0,0,0,0,0,0,0,0,0,0,0,0,0,0,0,0,0,0,0,0,0,0,0,0,0,0,0,0,0,0,0,0,0,0,0,0,290825546,0,0,0,497357221,0,0,0,0,0,0,0,94333477,136883891,335386420,174815187968,82164103,1,0,0,0,0,0,0,0,0,0,0,0,0,0,0,0,0,0,0,0,0,0,0,0,0,0,0,0,0,0,0,974,0,0,0,0,0,0,0
1782976148.157,0,0,0,0,0,0,0,780956243,2238940924416,931219633152,0,0,0,0,0,0,0,0,0,0,0,0,0,0,0,0,0,0,0,0,0,0,0,0,0,0,0,0,0,0,0,0,0,0,0,0,0,0,0,0,0,0,0,0,0,0,0,0,0,0,0,0,0,0,0,0,0,0,7,1851847,136962754,43610082,0,0,0,0,0,0,0,0,0,0,0,0,0,0,0,0,0,0,0,0,0,0,0,0,0,0,0,0,0,0,0,0,0,0,0,0,0,12877135872,4593827840,785958,280385,43548209,378,0,97,786432,135976654,811153,6,3784514239,12884901888,24050,728983308,0,0,0,0,0,0,0,0,0,0,0,0,0,0,0,0,0,0,18440523,118336831,0,468,1202,7661,620,36881336,35,0,0,0,0,0,0,0,1,0,0,0,0,0,0,0,0,0,0,24103261,0,43547953,800178,0,0,0,0,0,0,0,0,16384,0,0,0,0,0,0,0,0,0,0,0,3730,422,0,0,0,0,0,56058613,0,147,0,2,422,3730,0,0,0,0,0,0,0,0,0,0,0,0,0,0,0,0,0,0,0,0,0,0,0,0,0,0,0,0,0,0,0,0,0,0,0,0,0,0,0,0,0,0,0,0,0,0,0,0,0,0,0,0,0,0,290903403,0,0,0,497437631,0,0,0,0,0,0,0,94364943,136939768,335480482,174855787520,82190976,1,1,0,0,0,0,0,0,0,0,0,0,0,0,0,0,0,0,0,0,0,0,0,0,0,0,0,0,0,0,0,895,0,0,0,0,0,0,0
1782976149.225,0,0,0,0,0,0,0,781119519,2239851104768,931528745472,0,0,0,0,0,0,0,0,0,0,0,0,0,0,0,0,0,0,0,0,0,0,0,0,0,0,0,0,0,0,0,0,0,0,0,0,0,0,0,0,0,0,0,0,0,0,0,0,0,0,0,0,0,0,0,0,0,0,7,1851875,137018426,43626114,0,0,0,0,0,0,0,0,0,0,0,0,0,0,0,0,0,0,0,0,0,0,0,0,0,0,0,0,0,0,0,0,0,0,0,0,0,12879331328,4598136832,786092,280648,43564241,246,0,97,786432,136032271,811153,6,3785322214,12884901888,24050,729091815,0,0,0,0,0,0,0,0,0,0,0,0,0,0,0,0,0,0,18445244,118341553,0,468,1202,7661,620,36890786,35,0,0,0,0,0,0,0,1,0,0,0,0,0,0,0,0,0,0,24108694,0,43563985,800488,0,0,0,0,0,0,0,0,16384,0,0,0,0,0,0,0,0,0,0,0,3731,422,0,0,0,0,0,56072981,0,147,0,2,422,3731,0,0,0,0,0,0,0,0,0,0,0,0,0,0,0,0,0,0,0,0,0,0,0,0,0,0,0,0,0,0,0,0,0,0,0,0,0,0,0,0,0,0,0,0,0,0,0,0,0,0,0,0,0,0,290981404,0,0,0,497517985,0,0,0,0,0,0,0,94396812,136995327,335574752,174896387072,82218261,0,0,0,0,0,0,0,0,0,0,0,0,0,0,0,0,0,0,0,0,0,0,0,0,0,0,0,0,0,0,0,806,0,0,0,0,0,0,0
1782976150.291,0,0,0,0,0,0,0,781288350,2240796248576,931845272576,0,0,0,0,0,0,0,0,0,0,0,0,0,0,0,0,0,0,0,0,0,0,0,0,0,0,0,0,0,0,0,0,0,0,0,0,0,0,0,0,0,0,0,0,0,0,0,0,0,0,0,0,0,0,0,0,0,0,7,1851894,137076237,43642543,0,0,0,0,0,0,0,0,0,0,0,0,0,0,0,0,0,0,0,0,0,0,0,0,0,0,0,0,0,0,0,0,0,0,0,0,0,12878692352,4603396096,786052,280969,43580670,285,0,98,786432,136090030,811153,6,3786158151,12884901888,24050,729204150,0,0,0,0,0,0,0,0,0,0,0,0,0,0,0,0,0,0,18450129,118346438,0,468,1202,7661,620,36900545,35,0,0,0,0,0,0,0,1,0,0,0,0,0,0,0,0,0,0,24114305,0,43580414,800794,0,0,0,0,0,0,0,0,16384,0,0,0,0,0,0,0,0,0,0,0,3732,422,0,0,0,0,0,56087835,0,147,0,2,422,3732,0,0,0,0,0,0,0,0,0,0,0,0,0,0,0,0,0,0,0,0,0,0,0,0,0,0,0,0,0,0,0,0,0,0,0,0,0,0,0,0,0,0,0,0,0,0,0,0,0,0,0,0,0,0,291061214,0,0,0,497600907,0,0,0,0,0,0,0,94431641,137052995,335671202,174937821184,82248231,1,1,0,0,0,0,0,0,0,0,0,0,0,0,0,0,0,0,0,0,0,0,0,0,0,0,0,0,0,0,0,883,0,0,0,0,0,0,0
1782976151.360,0,0,0,0,0,0,0,781457346,2241742932480,932168978944,0,0,0,0,0,0,0,0,0,0,0,0,0,0,0,0,0,0,0,0,0,0,0,0,0,0,0,0,0,0,0,0,0,0,0,0,0,0,0,0,0,0,0,0,0,0,0,0,0,0,0,0,0,0,0,0,0,0,7,1851926,137134154,43659400,0,0,0,0,0,0,0,0,0,0,0,0,0,0,0,0,0,0,0,0,0,0,0,0,0,0,0,0,0,0,0,0,0,0,0,0,0,12875317248,4605542400,785847,281101,43597499,490,0,96,786432,136147884,811153,6,3786994844,12884901888,24050,729316425,0,0,0,0,0,0,0,0,0,0,0,0,0,0,0,0,0,0,18455022,118351331,0,468,1202,7661,620,36910333,35,0,0,0,0,0,0,0,1,0,0,0,0,0,0,0,0,0,0,24119927,0,43597289,801114,0,0,0,0,0,0,0,0,16384,0,0,0,0,0,0,0,0,0,0,0,3733,422,0,0,0,0,0,56102707,0,147,0,2,422,3733,0,0,0,0,0,0,0,0,0,0,0,0,0,0,0,0,0,0,0,0,0,0,0,0,0,0,0,0,0,0,0,0,0,0,0,0,0,0,0,0,0,0,0,0,0,0,0,0,0,0,0,0,0,0,291140683,0,0,0,497683894,0,0,0,0,0,0,0,94466758,137110751,335767785,174979251712,82278310,0,0,0,0,0,0,0,0,0,0,0,0,0,0,0,0,0,0,0,0,0,0,0,0,0,0,0,0,0,0,0,960,0,0,0,0,0,0,0
1782976152.429,0,0,0,0,0,0,0,781623924,2242675427840,932538203648,0,0,0,0,0,0,0,0,0,0,0,0,0,0,0,0,0,0,0,0,0,0,0,0,0,0,0,0,0,0,0,0,0,0,0,0,0,0,0,0,0,0,0,0,0,0,0,0,0,0,0,0,0,0,0,0,0,0,7,1851950,137191190,43678956,0,0,0,0,0,0,0,0,0,0,0,0,0,0,0,0,0,0,0,0,0,0,0,0,0,0,0,0,0,0,0,0,0,0,0,0,0,12875890688,4555374592,785882,278038,43614002,453,0,96,786432,136204858,811153,6,3787819236,12884901888,24050,729426993,0,0,0,0,0,0,0,0,0,0,0,0,0,0,0,0,0,0,18459845,118356154,0,468,1202,7661,620,36919978,35,0,0,0,0,0,0,0,1,0,0,0,0,0,0,0,0,0,0,24125471,0,43616818,801450,0,0,0,0,0,0,0,0,16384,0,0,0,0,0,0,0,0,0,0,0,3734,422,0,0,0,0,0,56117371,0,147,0,2,422,3734,0,0,0,0,0,0,0,0,0,0,0,0,0,0,0,0,0,0,0,0,0,0,0,0,0,0,0,0,0,0,0,0,0,0,0,0,0,0,0,0,0,0,0,0,0,0,0,0,0,0,0,0,0,0,291219534,0,0,0,497765742,0,0,0,0,0,0,0,94501613,137167646,335866424,175020280320,82307774,1,0,0,0,0,0,0,0,0,0,0,0,0,0,0,0,0,0,0,0,0,0,0,0,0,0,0,0,0,0,0,976,0,0,0,0,0,0,0
1782976153.494,0,0,0,0,0,0,0,781792906,2243615607296,932870043648,0,0,0,0,0,0,0,0,0,0,0,0,0,0,0,0,0,0,0,0,0,0,0,0,0,0,0,0,0,0,0,0,0,0,0,0,0,0,0,0,0,0,0,0,0,0,0,0,0,0,0,0,0,0,0,0,0,0,7,1851971,137248711,43696417,0,0,0,0,0,0,0,0,0,0,0,0,0,0,0,0,0,0,0,0,0,0,0,0,0,0,0,0,0,0,0,0,0,0,0,0,0,12875661312,4544069632,785868,277348,43634544,468,0,96,786432,136262310,811153,6,3788654907,12884901888,24050,729538500,0,0,0,0,0,0,0,0,0,0,0,0,0,0,0,0,0,0,18464740,118361047,0,468,1202,7661,620,36929767,35,0,0,0,0,0,0,0,1,0,0,0,0,0,0,0,0,0,0,24131098,0,43634288,801781,0,0,0,0,0,0,0,0,16384,0,0,0,0,0,0,0,0,0,0,0,3736,422,0,0,0,0,0,56132231,0,147,0,2,422,3736,0,0,0,0,0,0,0,0,0,0,0,0,0,0,0,0,0,0,0,0,0,0,0,0,0,0,0,0,0,0,0,0,0,0,0,0,0,0,0,0,0,0,0,0,0,0,0,0,0,0,0,0,0,0,291299468,0,0,0,497848794,0,0,0,0,0,0,0,94537124,137225003,335964007,175061835776,82338093,1,0,0,0,0,0,0,0,0,0,0,0,0,0,0,0,0,0,0,0,0,0,0,0,0,0,0,0,0,0,0,1065,0,0,0,0,0,0,0
1782976154.560,0,0,0,0,0,0,0,781963328,2244564273664,933184627712,0,0,0,0,0,0,0,0,0,0,0,0,0,0,0,0,0,0,0,0,0,0,0,0,0,0,0,0,0,0,0,0,0,0,0,0,0,0,0,0,0,0,0,0,0,0,0,0,0,0,0,0,0,0,0,0,0,0,7,1851998,137306734,43712695,0,0,0,0,0,0,0,0,0,0,0,0,0,0,0,0,0,0,0,0,0,0,0,0,0,0,0,0,0,0,0,0,0,0,0,0,0,12881592320,4556062720,786230,278080,43650822,106,0,96,786432,136320277,811153,6,3789497953,12884901888,24050,729651392,0,0,0,0,0,0,0,0,0,0,0,0,0,0,0,0,0,0,18469674,118365982,0,468,1202,7661,620,36939645,35,0,0,0,0,0,0,0,1,0,0,0,0,0,0,0,0,0,0,24136768,0,43650566,802094,0,0,0,0,0,0,0,0,16384,0,0,0,0,0,0,0,0,0,0,0,3737,422,0,0,0,0,0,56147246,0,147,0,2,422,3737,0,0,0,0,0,0,0,0,0,0,0,0,0,0,0,0,0,0,0,0,0,0,0,0,0,0,0,0,0,0,0,0,0,0,0,0,0,0,0,0,0,0,0,0,0,0,0,0,0,0,0,0,0,0,291379001,0,0,0,497932532,0,0,0,0,0,0,0,94572392,137282888,336060045,175103308288,82368461,1,0,0,0,0,0,0,0,0,0,0,0,0,0,0,0,0,0,0,0,0,0,0,0,0,0,0,0,0,0,0,1201,0,0,0,0,0,0,0
1782976155.632,0,0,0,0,0,0,0,782132318,2245505059328,933503883776,0,0,0,0,0,0,0,0,0,0,0,0,0,0,0,0,0,0,0,0,0,0,0,0,0,0,0,0,0,0,0,0,0,0,0,0,0,0,0,0,0,0,0,0,0,0,0,0,0,0,0,0,0,0,0,0,0,0,7,1852019,137364284,43729259,0,0,0,0,0,0,0,0,0,0,0,0,0,0,0,0,0,0,0,0,0,0,0,0,0,0,0,0,0,0,0,0,0,0,0,0,0,12875563008,4559863808,785862,278312,43667386,474,0,96,786432,136377765,811153,6,3790337166,12884901888,24050,729766100,0,0,0,0,0,0,0,0,0,0,0,0,0,0,0,0,0,0,18474572,118370879,0,468,1202,7661,620,36949433,35,0,0,0,0,0,0,0,1,0,0,0,0,0,0,0,0,0,0,24142410,0,43667130,802421,0,0,0,0,0,0,0,0,16384,0,0,0,0,0,0,0,0,0,0,0,3738,422,0,0,0,0,0,56162135,0,147,0,2,422,3738,0,0,0,0,0,0,0,0,0,0,0,0,0,0,0,0,0,0,0,0,0,0,0,0,0,0,0,0,0,0,0,0,0,0,0,0,0,0,0,0,0,0,0,0,0,0,0,0,0,0,0,0,0,0,291458829,0,0,0,498016791,0,0,0,0,0,0,0,94607597,137340284,336156701,175144696320,82398551,0,0,0,0,0,0,0,0,0,0,0,0,0,0,0,0,0,0,0,0,0,0,0,0,0,0,0,0,0,0,0,94,0,0,0,0,0,0,0
1782976156.698,0,0,0,0,0,0,0,782298131,2246429559296,933819032064,0,0,0,0,0,0,0,0,0,0,0,0,0,0,0,0,0,0,0,0,0,0,0,0,0,0,0,0,0,0,0,0,0,0,0,0,0,0,0,0,0,0,0,0,0,0,0,0,0,0,0,0,0,0,0,0,0,0,7,1852056,137420868,43745600,0,0,0,0,0,0,0,0,0,0,0,0,0,0,0,0,0,0,0,0,0,0,0,0,0,0,0,0,0,0,0,0,0,0,0,0,0,12874760192,4563058688,785813,278507,43683727,522,0,98,786432,136434292,811153,6,3791157542,12884901888,24050,729876315,0,0,0,0,0,0,0,0,0,0,0,0,0,0,0,0,0,0,18479374,118375682,0,468,1202,7661,620,36959038,35,0,0,0,0,0,0,0,1,0,0,0,0,0,0,0,0,0,0,24147932,0,43683471,802741,0,0,0,0,0,0,0,0,16384,0,0,0,0,0,0,0,0,0,0,0,3739,422,0,0,0,0,0,56176742,0,147,0,2,422,3739,0,0,0,0,0,0,0,0,0,0,0,0,0,0,0,0,0,0,0,0,0,0,0,0,0,0,0,0,0,0,0,0,0,0,0,0,0,0,0,0,0,0,0,0,0,0,0,0,0,0,0,0,0,0,291537928,0,0,0,498098359,0,0,0,0,0,0,0,94640822,137396726,336252385,175185922048,82426993,1,0,0,0,0,0,0,0,0,0,0,0,0,0,0,0,0,0,0,0,0,0,0,0,0,0,0,0,0,0,0,97,0,0,0,0,0,0,0
1782976157.766,0,0,0,0,0,0,0,782462678,2247345965568,934132669440,0,0,0,0,0,0,0,0,0,0,0,0,0,0,0,0,0,0,0,0,0,0,0,0,0,0,0,0,0,0,0,0,0,0,0,0,0,0,0,0,0,0,0,0,0,0,0,0,0,0,0,0,0,0,0,0,0,0,7,1852080,137476917,43761872,0,0,0,0,0,0,0,0,0,0,0,0,0,0,0,0,0,0,0,0,0,0,0,0,0,0,0,0,0,0,0,0,0,0,0,0,0,12874727424,4565434368,785811,278652,43699999,522,0,96,786432,136490276,811153,6,3791971497,12884901888,24050,729985632,0,0,0,0,0,0,0,0,0,0,0,0,0,0,0,0,0,0,18484134,118380442,0,468,1202,7661,620,36968562,35,0,0,0,0,0,0,0,1,0,0,0,0,0,0,0,0,0,0,24153404,0,43699743,803054,0,0,0,0,0,0,0,0,16384,0,0,0,0,0,0,0,0,0,0,0,3740,422,0,0,0,0,0,56191193,0,147,0,2,422,3740,0,0,0,0,0,0,0,0,0,0,0,0,0,0,0,0,0,0,0,0,0,0,0,0,0,0,0,0,0,0,0,0,0,0,0,0,0,0,0,0,0,0,0,0,0,0,0,0,0,0,0,0,0,0,291616247,0,0,0,498179369,0,0,0,0,0,0,0,94673272,137452640,336347190,175226677248,82454678,0,0,0,0,0,0,0,0,0,0,0,0,0,0,0,0,0,0,0,0,0,0,0,0,0,0,0,0,0,0,0,48,0,0,0,0,0,0,0
1782976158.835,0,0,0,0,0,0,0,782628582,2248266992128,934442922496,0,0,0,0,0,0,0,0,0,0,0,0,0,0,0,0,0,0,0,0,0,0,0,0,0,0,0,0,0,0,0,0,0,0,0,0,0,0,0,0,0,0,0,0,0,0,0,0,0,0,0,0,0,0,0,0,0,0,7,1852109,137533260,43777968,0,0,0,0,0,0,0,0,0,0,0,0,0,0,0,0,0,0,0,0,0,0,0,0,0,0,0,0,0,0,0,0,0,0,0,0,0,12880789504,4570513408,786181,278961,43716095,155,0,97,786432,136546555,811153,6,3792790452,12884901888,24050,730095029,0,0,0,0,0,0,0,0,0,0,0,0,0,0,0,0,0,0,18488940,118385247,0,468,1202,7661,620,36978169,35,0,0,0,0,0,0,0,1,0,0,0,0,0,0,0,0,0,0,24158925,0,43715839,803372,0,0,0,0,0,0,0,0,16384,0,0,0,0,0,0,0,0,0,0,0,3741,422,0,0,0,0,0,56205778,0,147,0,2,422,3741,0,0,0,0,0,0,0,0,0,0,0,0,0,0,0,0,0,0,0,0,0,0,0,0,0,0,0,0,0,0,0,0,0,0,0,0,0,0,0,0,0,0,0,0,0,0,0,0,0,0,0,0,0,0,291693914,0,0,0,498260653,0,0,0,0,0,0,0,94706244,137508850,336441173,175267041280,82482900,1,1,0,0,0,0,0,0,0,0,0,0,0,0,0,0,0,0,0,0,0,0,0,0,0,0,0,0,0,0,0,381,0,0,0,0,0,0,0
1782976159.901,0,0,0,0,0,0,0,782795314,2249197341184,934756815360,0,0,0,0,0,0,0,0,0,0,0,0,0,0,0,0,0,0,0,0,0,0,0,0,0,0,0,0,0,0,0,0,0,0,0,0,0,0,0,0,0,0,0,0,0,0,0,0,0,0,0,0,0,0,0,0,0,0,7,1852129,137590168,43794271,0,0,0,0,0,0,0,0,0,0,0,0,0,0,0,0,0,0,0,0,0,0,0,0,0,0,0,0,0,0,0,0,0,0,0,0,0,12880461824,4575526912,786161,279268,43732398,175,0,96,786432,136603400,811153,6,3793613738,12884901888,24050,730203850,0,0,0,0,0,0,0,0,0,0,0,0,0,0,0,0,0,0,18493766,118390074,0,468,1202,7661,620,36987821,35,0,0,0,0,0,0,0,1,0,0,0,0,0,0,0,0,0,0,24164471,0,43732142,803682,0,0,0,0,0,0,0,0,16384,0,0,0,0,0,0,0,0,0,0,0,3742,422,0,0,0,0,0,56220438,0,147,0,2,422,3742,0,0,0,0,0,0,0,0,0,0,0,0,0,0,0,0,0,0,0,0,0,0,0,0,0,0,0,0,0,0,0,0,0,0,0,0,0,0,0,0,0,0,0,0,0,0,0,0,0,0,0,0,0,0,291772985,0,0,0,498341788,0,0,0,0,0,0,0,94739181,137565628,336536795,175307985408,82511177,0,0,0,0,0,0,0,0,0,0,0,0,0,0,0,0,0,0,0,0,0,0,0,0,0,0,0,0,0,0,0,1234,0,0,0,0,0,0,0
1782976160.968,0,0,0,0,0,0,0,782963788,2250137684480,935074464256,0,0,0,0,0,0,0,0,0,0,0,0,0,0,0,0,0,0,0,0,0,0,0,0,0,0,0,0,0,0,0,0,0,0,0,0,0,0,0,0,0,0,0,0,0,0,0,0,0,0,0,0,0,0,0,0,0,0,7,1852154,137647708,43810719,0,0,0,0,0,0,0,0,0,0,0,0,0,0,0,0,0,0,0,0,0,0,0,0,0,0,0,0,0,0,0,0,0,0,0,0,0,12880658432,4578869248,786173,279472,43748846,162,0,96,786432,136660867,811153,6,3794450745,12884901888,24050,730318198,0,0,0,0,0,0,0,0,0,0,0,0,0,0,0,0,0,0,18498649,118394956,0,468,1202,7661,620,36997589,35,0,0,0,0,0,0,0,1,0,0,0,0,0,0,0,0,0,0,24170080,0,43748590,803997,0,0,0,0,0,0,0,0,16384,0,0,0,0,0,0,0,0,0,0,0,3743,422,0,0,0,0,0,56235264,0,147,0,2,422,3743,0,0,0,0,0,0,0,0,0,0,0,0,0,0,0,0,0,0,0,0,0,0,0,0,0,0,0,0,0,0,0,0,0,0,0,0,0,0,0,0,0,0,0,0,0,0,0,0,0,0,0,0,0,0,291853670,0,0,0,498425847,0,0,0,0,0,0,0,94774336,137623036,336634151,175349987840,82541330,1,0,0,0,0,0,0,0,0,0,0,0,0,0,0,0,0,0,0,0,0,0,0,0,0,0,0,0,0,0,0,70,0,0,0,0,0,0,0
1782976162.036,0,0,0,0,0,0,0,783132580,2251080829440,935392508416,0,0,0,0,0,0,0,0,0,0,0,0,0,0,0,0,0,0,0,0,0,0,0,0,0,0,0,0,0,0,0,0,0,0,0,0,0,0,0,0,0,0,0,0,0,0,0,0,0,0,0,0,0,0,0,0,0,0,7,1852181,137705421,43827234,0,0,0,0,0,0,0,0,0,0,0,0,0,0,0,0,0,0,0,0,0,0,0,0,0,0,0,0,0,0,0,0,0,0,0,0,0,12876464128,4585373696,785918,279869,43765361,415,0,98,786432,136718518,811153,6,3795286290,12884901888,24050,730430118,0,0,0,0,0,0,0,0,0,0,0,0,0,0,0,0,0,0,18503548,118399856,0,468,1202,7661,620,37007384,35,0,0,0,0,0,0,0,1,0,0,0,0,0,0,0,0,0,0,24175712,0,43765105,804320,0,0,0,0,0,0,0,0,16384,0,0,0,0,0,0,0,0,0,0,0,3744,422,0,0,0,0,0,56250169,0,147,0,2,422,3744,0,0,0,0,0,0,0,0,0,0,0,0,0,0,0,0,0,0,0,0,0,0,0,0,0,0,0,0,0,0,0,0,0,0,0,0,0,0,0,0,0,0,0,0,0,0,0,0,0,0,0,0,0,0,291933146,0,0,0,498508949,0,0,0,0,0,0,0,94809470,137680620,336730385,175391404544,82571534,0,0,0,0,0,0,0,0,0,0,0,0,0,0,0,0,0,0,0,0,0,0,0,0,0,0,0,0,0,0,0,147,0,0,0,0,0,0,0
1782976163.104,0,0,0,0,0,0,0,783300333,2252020779520,935704180224,0,0,0,0,0,0,0,0,0,0,0,0,0,0,0,0,0,0,0,0,0,0,0,0,0,0,0,0,0,0,0,0,0,0,0,0,0,0,0,0,0,0,0,0,0,0,0,0,0,0,0,0,0,0,0,0,0,0,7,1852196,137762927,43843404,0,0,0,0,0,0,0,0,0,0,0,0,0,0,0,0,0,0,0,0,0,0,0,0,0,0,0,0,0,0,0,0,0,0,0,0,0,12878446592,4593106944,786037,280341,43781531,297,0,97,786432,136775956,811153,6,3796116926,12884901888,24050,730540841,0,0,0,0,0,0,0,0,0,0,0,0,0,0,0,0,0,0,18508405,118404713,0,468,1202,7661,620,37017106,35,0,0,0,0,0,0,0,1,0,0,0,0,0,0,0,0,0,0,24181298,0,43781275,804637,0,0,0,0,0,0,0,0,16384,0,0,0,0,0,0,0,0,0,0,0,3745,422,0,0,0,0,0,56264948,0,147,0,2,422,3745,0,0,0,0,0,0,0,0,0,0,0,0,0,0,0,0,0,0,0,0,0,0,0,0,0,0,0,0,0,0,0,0,0,0,0,0,0,0,0,0,0,0,0,0,0,0,0,0,0,0,0,0,0,0,292011622,0,0,0,498591476,0,0,0,0,0,0,0,94844115,137737984,336825254,175432163840,82601243,1,0,0,0,0,0,0,0,0,0,0,0,0,0,0,0,0,0,0,0,0,0,0,0,0,0,0,0,0,0,0,193,0,0,0,0,0,0,0
1782976164.171,0,0,0,0,0,0,0,783464914,2252934531584,936015861248,0,0,0,0,0,0,0,0,0,0,0,0,0,0,0,0,0,0,0,0,0,0,0,0,0,0,0,0,0,0,0,0,0,0,0,0,0,0,0,0,0,0,0,0,0,0,0,0,0,0,0,0,0,0,0,0,0,0,7,1852212,137818830,43859607,0,0,0,0,0,0,0,0,0,0,0,0,0,0,0,0,0,0,0,0,0,0,0,0,0,0,0,0,0,0,0,0,0,0,0,0,0,12876578816,4595351552,785923,280478,43797734,412,0,97,786432,136831795,811153,6,3796930710,12884901888,24050,730650311,0,0,0,0,0,0,0,0,0,0,0,0,0,0,0,0,0,0,18513171,118409479,0,468,1202,7661,620,37026630,35,0,0,0,0,0,0,0,1,0,0,0,0,0,0,0,0,0,0,24186775,0,43797478,804959,0,0,0,0,0,0,0,0,16384,0,0,0,0,0,0,0,0,0,0,0,3746,422,0,0,0,0,0,56279454,0,147,0,2,422,3746,0,0,0,0,0,0,0,0,0,0,0,0,0,0,0,0,0,0,0,0,0,0,0,0,0,0,0,0,0,0,0,0,0,0,0,0,0,0,0,0,0,0,0,0,0,0,0,0,0,0,0,0,0,0,292089701,0,0,0,498672394,0,0,0,0,0,0,0,94876193,137793762,336919780,175472663040,82628375,1,1,0,0,0,0,0,0,0,0,0,0,0,0,0,0,0,0,0,0,0,0,0,0,0,0,0,0,0,0,0,176,0,0,0,0,0,0,0
1782976165.240,0,0,0,0,0,0,0,783629764,2253854509568,936326589440,0,0,0,0,0,0,0,0,0,0,0,0,0,0,0,0,0,0,0,0,0,0,0,0,0,0,0,0,0,0,0,0,0,0,0,0,0,0,0,0,0,0,0,0,0,0,0,0,0,0,0,0,0,0,0,0,0,0,7,1852235,137875127,43875743,0,0,0,0,0,0,0,0,0,0,0,0,0,0,0,0,0,0,0,0,0,0,0,0,0,0,0,0,0,0,0,0,0,0,0,0,0,12875104256,4598710272,785836,280683,43813870,505,0,96,786432,136888017,811153,6,3797746971,12884901888,24050,730759607,0,0,0,0,0,0,0,0,0,0,0,0,0,0,0,0,0,0,18517947,118414254,0,468,1202,7661,620,37036186,35,0,0,0,0,0,0,0,1,0,0,0,0,0,0,0,0,0,0,24192263,0,43813614,805273,0,0,0,0,0,0,0,0,16384,0,0,0,0,0,0,0,0,0,0,0,3747,422,0,0,0,0,0,56293955,0,147,0,2,422,3747,0,0,0,0,0,0,0,0,0,0,0,0,0,0,0,0,0,0,0,0,0,0,0,0,0,0,0,0,0,0,0,0,0,0,0,0,0,0,0,0,0,0,0,0,0,0,0,0,0,0,0,0,0,0,292167791,0,0,0,498753566,0,0,0,0,0,0,0,94908516,137849916,337014237,175513172992,82656107,1,0,0,0,0,0,0,0,0,0,0,0,0,0,0,0,0,0,0,0,0,0,0,0,0,0,0,0,0,0,0,131,0,0,0,0,0,0,0
1782976166.306,0,0,0,0,0,0,0,783794384,2254771063296,936637792768,0,0,0,0,0,0,0,0,0,0,0,0,0,0,0,0,0,0,0,0,0,0,0,0,0,0,0,0,0,0,0,0,0,0,0,0,0,0,0,0,0,0,0,0,0,0,0,0,0,0,0,0,0,0,0,0,0,0,7,1852262,137931186,43891923,0,0,0,0,0,0,0,0,0,0,0,0,0,0,0,0,0,0,0,0,0,0,0,0,0,0,0,0,0,0,0,0,0,0,0,0,0,12876398592,4600659968,785913,280802,43830050,422,0,96,786432,136943996,811153,6,3798560571,12884901888,24050,730868126,0,0,0,0,0,0,0,0,0,0,0,0,0,0,0,0,0,0,18522716,118419022,0,468,1202,7661,620,37045721,35,0,0,0,0,0,0,0,1,0,0,0,0,0,0,0,0,0,0,24197737,0,43829794,805586,0,0,0,0,0,0,0,0,16384,0,0,0,0,0,0,0,0,0,0,0,3748,422,0,0,0,0,0,56308440,0,147,0,2,422,3748,0,0,0,0,0,0,0,0,0,0,0,0,0,0,0,0,0,0,0,0,0,0,0,0,0,0,0,0,0,0,0,0,0,0,0,0,0,0,0,0,0,0,0,0,0,0,0,0,0,0,0,0,0,0,292245183,0,0,0,498834394,0,0,0,0,0,0,0,94941601,137905860,337108016,175553489408,82684528,1,0,0,0,0,0,0,0,0,0,0,0,0,0,0,0,0,0,0,0,0,0,0,0,0,0,0,0,0,0,0,341,0,0,0,0,0,0,0
1782976167.372,0,0,0,0,0,0,0,783961521,2255697119744,936951975936,0,0,0,0,0,0,0,0,0,0,0,0,0,0,0,0,0,0,0,0,0,0,0,0,0,0,0,0,0,0,0,0,0,0,0,0,0,0,0,0,0,0,0,0,0,0,0,0,0,0,0,0,0,0,0,0,0,0,7,1852288,137987839,43908221,0,0,0,0,0,0,0,0,0,0,0,0,0,0,0,0,0,0,0,0,0,0,0,0,0,0,0,0,0,0,0,0,0,0,0,0,0,12876529664,4606115840,785921,281134,43846311,415,0,97,786432,137000603,811153,6,3799388211,12884901888,24050,730979868,0,0,0,0,0,0,0,0,0,0,0,0,0,0,0,0,0,0,18527556,118423864,0,468,1202,7661,620,37055400,35,0,0,0,0,0,0,0,1,0,0,0,0,0,0,0,0,0,0,24203303,0,43846055,805903,0,0,0,0,0,0,0,0,16384,0,0,0,0,0,0,0,0,0,0,0,3749,422,0,0,0,0,0,56323161,0,147,0,2,422,3749,0,0,0,0,0,0,0,0,0,0,0,0,0,0,0,0,0,0,0,0,0,0,0,0,0,0,0,0,0,0,0,0,0,0,0,0,0,0,0,0,0,0,0,0,0,0,0,0,0,0,0,0,0,0,292323858,0,0,0,498916808,0,0,0,0,0,0,0,94975339,137962372,337203269,175594303488,82713487,1,1,0,0,0,0,0,0,0,0,0,0,0,0,0,0,0,0,0,0,0,0,0,0,0,0,0,0,0,0,0,104,0,0,0,0,0,0,0
1782976168.441,0,0,0,0,0,0,0,784127742,2256626780672,937326885376,0,0,0,0,0,0,0,0,0,0,0,0,0,0,0,0,0,0,0,0,0,0,0,0,0,0,0,0,0,0,0,0,0,0,0,0,0,0,0,0,0,0,0,0,0,0,0,0,0,0,0,0,0,0,0,0,0,0,7,1852312,138044727,43928290,0,0,0,0,0,0,0,0,0,0,0,0,0,0,0,0,0,0,0,0,0,0,0,0,0,0,0,0,0,0,0,0,0,0,0,0,0,12877004800,4549279744,785950,277666,43866417,385,0,97,786432,137057428,811153,6,3800210548,12884901888,24050,731090131,0,0,0,0,0,0,0,0,0,0,0,0,0,0,0,0,0,0,18532367,118428674,0,468,1202,7661,620,37065024,35,0,0,0,0,0,0,0,1,0,0,0,0,0,0,0,0,0,0,24208830,0,43866161,806251,0,0,0,0,0,0,0,0,16384,0,0,0,0,0,0,0,0,0,0,0,3750,422,0,0,0,0,0,56337772,0,147,0,2,422,3750,0,0,0,0,0,0,0,0,0,0,0,0,0,0,0,0,0,0,0,0,0,0,0,0,0,0,0,0,0,0,0,0,0,0,0,0,0,0,0,0,0,0,0,0,0,0,0,0,0,0,0,0,0,0,292401635,0,0,0,498998492,0,0,0,0,0,0,0,95010249,138019088,337301326,175634782208,82742987,1,0,0,0,0,0,0,0,0,0,0,0,0,0,0,0,0,0,0,0,0,0,0,0,0,0,0,0,0,0,0,119,0,0,0,0,0,0,0
1782976169.514,0,0,0,0,0,0,0,784297184,2257567730176,937643149312,0,0,0,0,0,0,0,0,0,0,0,0,0,0,0,0,0,0,0,0,0,0,0,0,0,0,0,0,0,0,0,0,0,0,0,0,0,0,0,0,0,0,0,0,0,0,0,0,0,0,0,0,0,0,0,0,0,0,7,1852333,138102274,43944688,0,0,0,0,0,0,0,0,0,0,0,0,0,0,0,0,0,0,0,0,0,0,0,0,0,0,0,0,0,0,0,0,0,0,0,0,0,12875956224,4556406784,785886,278101,43882815,450,0,97,786432,137114916,811153,6,3801048037,12884901888,24050,731202215,0,0,0,0,0,0,0,0,0,0,0,0,0,0,0,0,0,0,18537277,118433585,0,468,1202,7661,620,37074847,35,0,0,0,0,0,0,0,1,0,0,0,0,0,0,0,0,0,0,24214476,0,43882559,806566,0,0,0,0,0,0,0,0,16384,0,0,0,0,0,0,0,0,0,0,0,3752,422,0,0,0,0,0,56352706,0,147,0,2,422,3752,0,0,0,0,0,0,0,0,0,0,0,0,0,0,0,0,0,0,0,0,0,0,0,0,0,0,0,0,0,0,0,0,0,0,0,0,0,0,0,0,0,0,0,0,0,0,0,0,0,0,0,0,0,0,292481277,0,0,0,499081753,0,0,0,0,0,0,0,95045948,138076515,337397610,175676244992,82773767,0,0,0,0,0,0,0,0,0,0,0,0,0,0,0,0,0,0,0,0,0,0,0,0,0,0,0,0,0,0,0,221,0,0,0,0,0,0,0
1782976170.583,0,0,0,0,0,0,0,784465660,2258506648064,937960435200,0,0,0,0,0,0,0,0,0,0,0,0,0,0,0,0,0,0,0,0,0,0,0,0,0,0,0,0,0,0,0,0,0,0,0,0,0,0,0,0,0,0,0,0,0,0,0,0,0,0,0,0,0,0,0,0,0,0,7,1852362,138159689,43961189,0,0,0,0,0,0,0,0,0,0,0,0,0,0,0,0,0,0,0,0,0,0,0,0,0,0,0,0,0,0,0,0,0,0,0,0,0,12874989568,4559863808,785827,278312,43899300,508,0,96,786432,137172259,811153,6,3801881621,12884901888,24050,731313807,0,0,0,0,0,0,0,0,0,0,0,0,0,0,0,0,0,0,18542155,118438461,0,468,1202,7661,620,37084601,35,0,0,0,0,0,0,0,1,0,0,0,0,0,0,0,0,0,0,24220080,0,43899044,806881,0,0,0,0,0,0,0,0,16384,0,0,0,0,0,0,0,0,0,0,0,3753,422,0,0,0,0,0,56367517,0,147,0,2,422,3753,0,0,0,0,0,0,0,0,0,0,0,0,0,0,0,0,0,0,0,0,0,0,0,0,0,0,0,0,0,0,0,0,0,0,0,0,0,0,0,0,0,0,0,0,0,0,0,0,0,0,0,0,0,0,292559990,0,0,0,499164534,0,0,0,0,0,0,0,95080795,138133811,337493053,175717176320,82803726,1,1,0,0,0,0,0,0,0,0,0,0,0,0,0,0,0,0,0,0,0,0,0,0,0,0,0,0,0,0,0,289,0,0,0,0,0,0,0
1782976171.646,0,0,0,0,0,0,0,784635536,2259450890752,938277978112,0,0,0,0,0,0,0,0,0,0,0,0,0,0,0,0,0,0,0,0,0,0,0,0,0,0,0,0,0,0,0,0,0,0,0,0,0,0,0,0,0,0,0,0,0,0,0,0,0,0,0,0,0,0,0,0,0,0,7,1852382,138217471,43977695,0,0,0,0,0,0,0,0,0,0,0,0,0,0,0,0,0,0,0,0,0,0,0,0,0,0,0,0,0,0,0,0,0,0,0,0,0,12881264640,4563795968,786210,278552,43915822,124,0,96,786432,137229971,811153,6,3802721019,12884901888,24050,731425596,0,0,0,0,0,0,0,0,0,0,0,0,0,0,0,0,0,0,18547080,118443386,0,468,1202,7661,620,37094450,35,0,0,0,0,0,0,0,1,0,0,0,0,0,0,0,0,0,0,24225747,0,43915566,807204,0,0,0,0,0,0,0,0,16384,0,0,0,0,0,0,0,0,0,0,0,3754,422,0,0,0,0,0,56382502,0,147,0,2,422,3754,0,0,0,0,0,0,0,0,0,0,0,0,0,0,0,0,0,0,0,0,0,0,0,0,0,0,0,0,0,0,0,0,0,0,0,0,0,0,0,0,0,0,0,0,0,0,0,0,0,0,0,0,0,0,292639250,0,0,0,499248094,0,0,0,0,0,0,0,95115937,138191429,337589045,175758342656,82833784,1,0,0,0,0,0,0,0,0,0,0,0,0,0,0,0,0,0,0,0,0,0,0,0,0,0,0,0,0,0,0,415,0,0,0,0,0,0,0
1782976172.715,0,0,0,0,0,0,0,784804197,2260397591040,938598945280,0,0,0,0,0,0,0,0,0,0,0,0,0,0,0,0,0,0,0,0,0,0,0,0,0,0,0,0,0,0,0,0,0,0,0,0,0,0,0,0,0,0,0,0,0,0,0,0,0,0,0,0,0,0,0,0,0,0,7,1852419,138275387,43994355,0,0,0,0,0,0,0,0,0,0,0,0,0,0,0,0,0,0,0,0,0,0,0,0,0,0,0,0,0,0,0,0,0,0,0,0,0,12875644928,4566040576,785867,278689,43932482,469,0,96,786432,137287833,811153,6,3803556039,12884901888,24050,731537256,0,0,0,0,0,0,0,0,0,0,0,0,0,0,0,0,0,0,18551968,118448276,0,468,1202,7661,620,37104225,35,0,0,0,0,0,0,0,1,0,0,0,0,0,0,0,0,0,0,24231366,0,43932226,807532,0,0,0,0,0,0,0,0,16384,0,0,0,0,0,0,0,0,0,0,0,3755,422,0,0,0,0,0,56397360,0,147,0,2,422,3755,0,0,0,0,0,0,0,0,0,0,0,0,0,0,0,0,0,0,0,0,0,0,0,0,0,0,0,0,0,0,0,0,0,0,0,0,0,0,0,0,0,0,0,0,0,0,0,0,0,0,0,0,0,0,292719210,0,0,0,499331041,0,0,0,0,0,0,0,95151200,138249187,337685901,175799973376,82863965,1,0,0,0,0,0,0,0,0,0,0,0,0,0,0,0,0,0,0,0,0,0,0,0,0,0,0,0,0,0,0,454,0,0,0,0,0,0,0
1782976173.784,0,0,0,0,0,0,0,784972872,2261343422976,938916250112,0,0,0,0,0,0,0,0,0,0,0,0,0,0,0,0,0,0,0,0,0,0,0,0,0,0,0,0,0,0,0,0,0,0,0,0,0,0,0,0,0,0,0,0,0,0,0,0,0,0,0,0,0,0,0,0,0,0,7,1852441,138333248,44010822,0,0,0,0,0,0,0,0,0,0,0,0,0,0,0,0,0,0,0,0,0,0,0,0,0,0,0,0,0,0,0,0,0,0,0,0,0,12877070336,4570890240,785954,278985,43948949,381,0,96,786432,137345627,811153,6,3804390864,12884901888,24050,731648926,0,0,0,0,0,0,0,0,0,0,0,0,0,0,0,0,0,0,18556851,118453158,0,468,1202,7661,620,37113993,35,0,0,0,0,0,0,0,1,0,0,0,0,0,0,0,0,0,0,24236975,0,43948693,807836,0,0,0,0,0,0,0,0,16384,0,0,0,0,0,0,0,0,0,0,0,3756,422,0,0,0,0,0,56412179,0,147,0,2,422,3756,0,0,0,0,0,0,0,0,0,0,0,0,0,0,0,0,0,0,0,0,0,0,0,0,0,0,0,0,0,0,0,0,0,0,0,0,0,0,0,0,0,0,0,0,0,0,0,0,0,0,0,0,0,0,292799172,0,0,0,499413966,0,0,0,0,0,0,0,95186216,138306916,337782540,175841526784,82894094,1,1,0,0,0,0,0,0,0,0,0,0,0,0,0,0,0,0,0,0,0,0,0,0,0,0,0,0,0,0,0,532,0,0,0,0,0,0,0
1782976174.850,0,0,0,0,0,0,0,785137706,2262261107200,939228873728,0,0,0,0,0,0,0,0,0,0,0,0,0,0,0,0,0,0,0,0,0,0,0,0,0,0,0,0,0,0,0,0,0,0,0,0,0,0,0,0,0,0,0,0,0,0,0,0,0,0,0,0,0,0,0,0,0,0,7,1852471,138389384,44027074,0,0,0,0,0,0,0,0,0,0,0,0,0,0,0,0,0,0,0,0,0,0,0,0,0,0,0,0,0,0,0,0,0,0,0,0,0,12874579968,4573282304,785803,279131,43965201,532,0,96,786432,137401700,811153,6,3805206469,12884901888,24050,731758153,0,0,0,0,0,0,0,0,0,0,0,0,0,0,0,0,0,0,18561626,118457934,0,468,1202,7661,620,37123542,35,0,0,0,0,0,0,0,1,0,0,0,0,0,0,0,0,0,0,24242466,0,43964945,808157,0,0,0,0,0,0,0,0,16384,0,0,0,0,0,0,0,0,0,0,0,3757,422,0,0,0,0,0,56426679,0,147,0,2,422,3757,0,0,0,0,0,0,0,0,0,0,0,0,0,0,0,0,0,0,0,0,0,0,0,0,0,0,0,0,0,0,0,0,0,0,0,0,0,0,0,0,0,0,0,0,0,0,0,0,0,0,0,0,0,0,292877000,0,0,0,499495045,0,0,0,0,0,0,0,95218647,138362934,337876851,175882110976,82921752,1,0,0,0,0,0,0,0,0,0,0,0,0,0,0,0,0,0,0,0,0,0,0,0,0,0,0,0,0,0,0,519,0,0,0,0,0,0,0
1782976175.914,0,0,0,0,0,0,0,785301655,2263181347328,939536898560,0,0,0,0,0,0,0,0,0,0,0,0,0,0,0,0,0,0,0,0,0,0,0,0,0,0,0,0,0,0,0,0,0,0,0,0,0,0,0,0,0,0,0,0,0,0,0,0,0,0,0,0,0,0,0,0,0,0,7,1852499,138445657,44043026,0,0,0,0,0,0,0,0,0,0,0,0,0,0,0,0,0,0,0,0,0,0,0,0,0,0,0,0,0,0,0,0,0,0,0,0,0,12877316096,4579115008,785969,279487,43981075,367,0,96,786432,137457908,811153,6,3806018499,12884901888,24050,731867712,0,0,0,0,0,0,0,0,0,0,0,0,0,0,0,0,0,0,18566371,118462677,0,468,1202,7661,620,37133029,35,0,0,0,0,0,0,0,1,0,0,0,0,0,0,0,0,0,0,24247919,0,43980901,808462,0,0,0,0,0,0,0,0,16384,0,0,0,0,0,0,0,0,0,0,0,3758,422,0,0,0,0,0,56441104,0,147,0,2,422,3758,0,0,0,0,0,0,0,0,0,0,0,0,0,0,0,0,0,0,0,0,0,0,0,0,0,0,0,0,0,0,0,0,0,0,0,0,0,0,0,0,0,0,0,0,0,0,0,0,0,0,0,0,0,0,292955209,0,0,0,499575742,0,0,0,0,0,0,0,95251186,138419104,337971238,175922882560,82949603,1,0,0,0,0,0,0,0,0,0,0,0,0,0,0,0,0,0,0,0,0,0,0,0,0,0,0,0,0,0,0,455,0,0,0,0,0,0,0
1782976176.977,0,0,0,0,0,0,0,785467647,2264100833792,939848228352,0,0,0,0,0,0,0,0,0,0,0,0,0,0,0,0,0,0,0,0,0,0,0,0,0,0,0,0,0,0,0,0,0,0,0,0,0,0,0,0,0,0,0,0,0,0,0,0,0,0,0,0,0,0,0,0,0,0,7,1852528,138501909,44059180,0,0,0,0,0,0,0,0,0,0,0,0,0,0,0,0,0,0,0,0,0,0,0,0,0,0,0,0,0,0,0,0,0,0,0,0,0,12877774848,4581998592,785996,279663,43997307,338,0,97,786432,137514094,811153,6,3806839318,12884901888,24050,731977932,0,0,0,0,0,0,0,0,0,0,0,0,0,0,0,0,0,0,18571175,118467483,0,468,1202,7661,620,37142640,35,0,0,0,0,0,0,0,1,0,0,0,0,0,0,0,0,0,0,24253440,0,43997051,808776,0,0,0,0,0,0,0,0,16384,0,0,0,0,0,0,0,0,0,0,0,3759,422,0,0,0,0,0,56455710,0,147,0,2,422,3759,0,0,0,0,0,0,0,0,0,0,0,0,0,0,0,0,0,0,0,0,0,0,0,0,0,0,0,0,0,0,0,0,0,0,0,0,0,0,0,0,0,0,0,0,0,0,0,0,0,0,0,0,0,0,293033893,0,0,0,499657379,0,0,0,0,0,0,0,95284595,138475229,338066308,175963874304,82978208,1,0,0,0,0,0,0,0,0,0,0,0,0,0,0,0,0,0,0,0,0,0,0,0,0,0,0,0,0,0,0,442,0,0,0,0,0,0,0
1782976178.043,0,0,0,0,0,0,0,785633990,2265027791360,940161530880,0,0,0,0,0,0,0,0,0,0,0,0,0,0,0,0,0,0,0,0,0,0,0,0,0,0,0,0,0,0,0,0,0,0,0,0,0,0,0,0,0,0,0,0,0,0,0,0,0,0,0,0,0,0,0,0,0,0,7,1852564,138558618,44075425,0,0,0,0,0,0,0,0,0,0,0,0,0,0,0,0,0,0,0,0,0,0,0,0,0,0,0,0,0,0,0,0,0,0,0,0,0,12876627968,4584505344,785927,279816,44013552,409,0,96,786432,137570743,811153,6,3807662836,12884901888,24050,732089059,0,0,0,0,0,0,0,0,0,0,0,0,0,0,0,0,0,0,18575990,118472297,0,468,1202,7661,620,37152268,35,0,0,0,0,0,0,0,1,0,0,0,0,0,0,0,0,0,0,24258968,0,44013296,809099,0,0,0,0,0,0,0,0,16384,0,0,0,0,0,0,0,0,0,0,0,3760,422,0,0,0,0,0,56470353,0,147,0,2,422,3760,0,0,0,0,0,0,0,0,0,0,0,0,0,0,0,0,0,0,0,0,0,0,0,0,0,0,0,0,0,0,0,0,0,0,0,0,0,0,0,0,0,0,0,0,0,0,0,0,0,0,0,0,0,0,293112463,0,0,0,499739158,0,0,0,0,0,0,0,95317960,138531796,338161340,176004931072,83006672,0,1,0,0,0,0,0,0,0,0,0,0,0,0,0,0,0,0,0,0,0,0,0,0,0,0,0,0,0,0,0,441,0,0,0,0,0,0,0
1782976179.110,0,0,0,0,0,0,0,785802179,2265971067392,940476135936,0,0,0,0,0,0,0,0,0,0,0,0,0,0,0,0,0,0,0,0,0,0,0,0,0,0,0,0,0,0,0,0,0,0,0,0,0,0,0,0,0,0,0,0,0,0,0,0,0,0,0,0,0,0,0,0,0,0,7,1852598,138616329,44091761,0,0,0,0,0,0,0,0,0,0,0,0,0,0,0,0,0,0,0,0,0,0,0,0,0,0,0,0,0,0,0,0,0,0,0,0,0,12881772544,4590878720,786241,280205,44029888,95,0,96,786432,137628384,811153,6,3808495725,12884901888,24050,732200714,0,0,0,0,0,0,0,0,0,0,0,0,0,0,0,0,0,0,18580867,118477174,0,468,1202,7661,620,37162022,35,0,0,0,0,0,0,0,1,0,0,0,0,0,0,0,0,0,0,24264577,0,44029632,809413,0,0,0,0,0,0,0,0,16384,0,0,0,0,0,0,0,0,0,0,0,3761,422,0,0,0,0,0,56485166,0,147,0,2,422,3761,0,0,0,0,0,0,0,0,0,0,0,0,0,0,0,0,0,0,0,0,0,0,0,0,0,0,0,0,0,0,0,0,0,0,0,0,0,0,0,0,0,0,0,0,0,0,0,0,0,0,0,0,0,0,293190883,0,0,0,499821967,0,0,0,0,0,0,0,95352927,138589348,338256333,176045897216,83036800,0,0,0,0,0,0,0,0,0,0,0,0,0,0,0,0,0,0,0,0,0,0,0,0,0,0,0,0,0,0,0,488,0,0,0,0,0,0,0
1782976180.172,0,0,0,0,0,0,0,785970754,2266911574528,940791181824,0,0,0,0,0,0,0,0,0,0,0,0,0,0,0,0,0,0,0,0,0,0,0,0,0,0,0,0,0,0,0,0,0,0,0,0,0,0,0,0,0,0,0,0,0,0,0,0,0,0,0,0,0,0,0,0,0,0,7,1852627,138673858,44108122,0,0,0,0,0,0,0,0,0,0,0,0,0,0,0,0,0,0,0,0,0,0,0,0,0,0,0,0,0,0,0,0,0,0,0,0,0,12877774848,4596547584,785997,280551,44046249,339,0,96,786432,137685842,811153,6,3809329895,12884901888,24050,732312360,0,0,0,0,0,0,0,0,0,0,0,0,0,0,0,0,0,0,18585743,118482050,0,468,1202,7661,620,37171779,35,0,0,0,0,0,0,0,1,0,0,0,0,0,0,0,0,0,0,24270184,0,44045993,809736,0,0,0,0,0,0,0,0,16384,0,0,0,0,0,0,0,0,0,0,0,3762,422,0,0,0,0,0,56499987,0,147,0,2,422,3762,0,0,0,0,0,0,0,0,0,0,0,0,0,0,0,0,0,0,0,0,0,0,0,0,0,0,0,0,0,0,0,0,0,0,0,0,0,0,0,0,0,0,0,0,0,0,0,0,0,0,0,0,0,0,293269746,0,0,0,499904769,0,0,0,0,0,0,0,95387853,138646730,338351793,176086834688,83066756,1,0,0,0,0,0,0,0,0,0,0,0,0,0,0,0,0,0,0,0,0,0,0,0,0,0,0,0,0,0,0,542,0,0,0,0,0,0,0
1782976181.238,0,0,0,0,0,0,0,786136563,2267834862080,941105079808,0,0,0,0,0,0,0,0,0,0,0,0,0,0,0,0,0,0,0,0,0,0,0,0,0,0,0,0,0,0,0,0,0,0,0,0,0,0,0,0,0,0,0,0,0,0,0,0,0,0,0,0,0,0,0,0,0,0,7,1852652,138730337,44124412,0,0,0,0,0,0,0,0,0,0,0,0,0,0,0,0,0,0,0,0,0,0,0,0,0,0,0,0,0,0,0,0,0,0,0,0,0,12879904768,4597415936,786127,280604,44062539,209,0,96,786432,137742254,811153,6,3810150211,12884901888,24050,732422569,0,0,0,0,0,0,0,0,0,0,0,0,0,0,0,0,0,0,18590550,118486859,0,468,1202,7661,620,37181392,35,0,0,0,0,0,0,0,1,0,0,0,0,0,0,0,0,0,0,24275713,0,44062283,810047,0,0,0,0,0,0,0,0,16384,0,0,0,0,0,0,0,0,0,0,0,3763,422,0,0,0,0,0,56514616,0,147,0,2,422,3763,0,0,0,0,0,0,0,0,0,0,0,0,0,0,0,0,0,0,0,0,0,0,0,0,0,0,0,0,0,0,0,0,0,0,0,0,0,0,0,0,0,0,0,0,0,0,0,0,0,0,0,0,0,0,293347902,0,0,0,499986384,0,0,0,0,0,0,0,95420224,138703067,338446461,176127523840,83094423,1,0,0,0,0,0,0,0,0,0,0,0,0,0,0,0,0,0,0,0,0,0,0,0,0,0,0,0,0,0,0,550,0,0,0,0,0,0,0
1782976182.304,0,0,0,0,0,0,0,786299970,2268749269504,941413392896,0,0,0,0,0,0,0,0,0,0,0,0,0,0,0,0,0,0,0,0,0,0,0,0,0,0,0,0,0,0,0,0,0,0,0,0,0,0,0,0,0,0,0,0,0,0,0,0,0,0,0,0,0,0,0,0,0,0,7,1852681,138786285,44140429,0,0,0,0,0,0,0,0,0,0,0,0,0,0,0,0,0,0,0,0,0,0,0,0,0,0,0,0,0,0,0,0,0,0,0,0,0,12877004800,4600659968,785950,280802,44078556,385,0,97,786432,137798133,811153,6,3810959465,12884901888,24050,732531383,0,0,0,0,0,0,0,0,0,0,0,0,0,0,0,0,0,0,18595275,118491583,0,468,1202,7661,620,37190842,35,0,0,0,0,0,0,0,1,0,0,0,0,0,0,0,0,0,0,24281139,0,44078300,810351,0,0,0,0,0,0,0,0,16384,0,0,0,0,0,0,0,0,0,0,0,3764,422,0,0,0,0,0,56528971,0,147,0,2,422,3764,0,0,0,0,0,0,0,0,0,0,0,0,0,0,0,0,0,0,0,0,0,0,0,0,0,0,0,0,0,0,0,0,0,0,0,0,0,0,0,0,0,0,0,0,0,0,0,0,0,0,0,0,0,0,293424673,0,0,0,500066796,0,0,0,0,0,0,0,95451629,138758878,338539468,176167495680,83121324,1,0,0,0,0,0,0,0,0,0,0,0,0,0,0,0,0,0,0,0,0,0,0,0,0,0,0,0,0,0,0,450,0,0,0,0,0,0,0
1782976183.374,0,0,0,0,0,0,0,786464510,2269667920384,941723038720,0,0,0,0,0,0,0,0,0,0,0,0,0,0,0,0,0,0,0,0,0,0,0,0,0,0,0,0,0,0,0,0,0,0,0,0,0,0,0,0,0,0,0,0,0,0,0,0,0,0,0,0,0,0,0,0,0,0,7,1852709,138842500,44156505,0,0,0,0,0,0,0,0,0,0,0,0,0,0,0,0,0,0,0,0,0,0,0,0,0,0,0,0,0,0,0,0,0,0,0,0,0,12878888960,4602839040,786065,280935,44094632,271,0,96,786432,137854285,811153,6,3811773660,12884901888,24050,732640906,0,0,0,0,0,0,0,0,0,0,0,0,0,0,0,0,0,0,18600041,118496350,0,468,1202,7661,620,37200373,35,0,0,0,0,0,0,0,1,0,0,0,0,0,0,0,0,0,0,24286622,0,44094376,810655,0,0,0,0,0,0,0,0,16384,0,0,0,0,0,0,0,0,0,0,0,3765,422,0,0,0,0,0,56543454,0,147,0,2,422,3765,0,0,0,0,0,0,0,0,0,0,0,0,0,0,0,0,0,0,0,0,0,0,0,0,0,0,0,0,0,0,0,0,0,0,0,0,0,0,0,0,0,0,0,0,0,0,0,0,0,0,0,0,0,0,293502453,0,0,0,500147790,0,0,0,0,0,0,0,95484228,138814972,338633554,176208001536,83149318,0,0,0,0,0,0,0,0,0,0,0,0,0,0,0,0,0,0,0,0,0,0,0,0,0,0,0,0,0,0,0,397,0,0,0,0,0,0,0
1782976184.440,0,0,0,0,0,0,0,786628562,2270582327808,942091919360,0,0,0,0,0,0,0,0,0,0,0,0,0,0,0,0,0,0,0,0,0,0,0,0,0,0,0,0,0,0,0,0,0,0,0,0,0,0,0,0,0,0,0,0,0,0,0,0,0,0,0,0,0,0,0,0,0,0,7,1852731,138898422,44176158,0,0,0,0,0,0,0,0,0,0,0,0,0,0,0,0,0,0,0,0,0,0,0,0,0,0,0,0,0,0,0,0,0,0,0,0,0,12877529088,4547870720,785982,277580,44110569,354,0,97,786432,137910144,811153,6,3812585178,12884901888,24050,732749427,0,0,0,0,0,0,0,0,0,0,0,0,0,0,0,0,0,0,18604793,118501102,0,468,1202,7661,620,37209883,35,0,0,0,0,0,0,0,1,0,0,0,0,0,0,0,0,0,0,24292089,0,44114025,810997,0,0,0,0,0,0,0,0,16384,0,0,0,0,0,0,0,0,0,0,0,3766,422,0,0,0,0,0,56557878,0,147,0,2,422,3766,0,0,0,0,0,0,0,0,0,0,0,0,0,0,0,0,0,0,0,0,0,0,0,0,0,0,0,0,0,0,0,0,0,0,0,0,0,0,0,0,0,0,0,0,0,0,0,0,0,0,0,0,0,0,293580512,0,0,0,500228559,0,0,0,0,0,0,0,95517807,138870749,338731511,176248468992,83177775,1,0,0,0,0,0,0,0,0,0,0,0,0,0,0,0,0,0,0,0,0,0,0,0,0,0,0,0,0,0,0,329,0,0,0,0,0,0,0
1782976185.506,0,0,0,0,0,0,0,786798187,2271522851328,942413513216,0,0,0,0,0,0,0,0,0,0,0,0,0,0,0,0,0,0,0,0,0,0,0,0,0,0,0,0,0,0,0,0,0,0,0,0,0,0,0,0,0,0,0,0,0,0,0,0,0,0,0,0,0,0,0,0,0,0,7,1852758,138955972,44192935,0,0,0,0,0,0,0,0,0,0,0,0,0,0,0,0,0,0,0,0,0,0,0,0,0,0,0,0,0,0,0,0,0,0,0,0,0,12874498048,4549689344,785797,277691,44131062,539,0,96,786432,137967626,811153,6,3813423463,12884901888,24050,732861895,0,0,0,0,0,0,0,0,0,0,0,0,0,0,0,0,0,0,18609705,118506013,0,468,1202,7661,620,37219706,35,0,0,0,0,0,0,0,1,0,0,0,0,0,0,0,0,0,0,24297727,0,44130806,811323,0,0,0,0,0,0,0,0,16384,0,0,0,0,0,0,0,0,0,0,0,3768,422,0,0,0,0,0,56572803,0,147,0,2,422,3768,0,0,0,0,0,0,0,0,0,0,0,0,0,0,0,0,0,0,0,0,0,0,0,0,0,0,0,0,0,0,0,0,0,0,0,0,0,0,0,0,0,0,0,0,0,0,0,0,0,0,0,0,0,0,293660036,0,0,0,500311908,0,0,0,0,0,0,0,95553213,138928140,338828018,176289874432,83208158,1,1,0,0,0,0,0,0,0,0,0,0,0,0,0,0,0,0,0,0,0,0,0,0,0,0,0,0,0,0,0,405,0,0,0,0,0,0,0
1782976186.574,0,0,0,0,0,0,0,786967618,2272464161280,942728949760,0,0,0,0,0,0,0,0,0,0,0,0,0,0,0,0,0,0,0,0,0,0,0,0,0,0,0,0,0,0,0,0,0,0,0,0,0,0,0,0,0,0,0,0,0,0,0,0,0,0,0,0,0,0,0,0,0,0,7,1852779,139013547,44209308,0,0,0,0,0,0,0,0,0,0,0,0,0,0,0,0,0,0,0,0,0,0,0,0,0,0,0,0,0,0,0,0,0,0,0,0,0,12875202560,4556226560,785840,278090,44147435,496,0,97,786432,138025139,811153,6,3814261713,12884901888,24050,732974060,0,0,0,0,0,0,0,0,0,0,0,0,0,0,0,0,0,0,18614609,118510917,0,468,1202,7661,620,37229515,35,0,0,0,0,0,0,0,1,0,0,0,0,0,0,0,0,0,0,24303364,0,44147179,811639,0,0,0,0,0,0,0,0,16384,0,0,0,0,0,0,0,0,0,0,0,3769,422,0,0,0,0,0,56587700,0,147,0,2,422,3769,0,0,0,0,0,0,0,0,0,0,0,0,0,0,0,0,0,0,0,0,0,0,0,0,0,0,0,0,0,0,0,0,0,0,0,0,0,0,0,0,0,0,0,0,0,0,0,0,0,0,0,0,0,0,293739392,0,0,0,500395170,0,0,0,0,0,0,0,95588295,138985585,338923976,176331181056,83238440,1,0,0,0,0,0,0,0,0,0,0,0,0,0,0,0,0,0,0,0,0,0,0,0,0,0,0,0,0,0,0,485,0,0,0,0,0,0,0
1782976187.641,0,0,0,0,0,0,0,787137551,2273408944640,943045449728,0,0,0,0,0,0,0,0,0,0,0,0,0,0,0,0,0,0,0,0,0,0,0,0,0,0,0,0,0,0,0,0,0,0,0,0,0,0,0,0,0,0,0,0,0,0,0,0,0,0,0,0,0,0,0,0,0,0,7,1852815,139071335,44225829,0,0,0,0,0,0,0,0,0,0,0,0,0,0,0,0,0,0,0,0,0,0,0,0,0,0,0,0,0,0,0,0,0,0,0,0,0,12875972608,4560994304,785887,278380,44163956,447,0,97,786432,138082865,811153,6,3815102518,12884901888,24050,733087244,0,0,0,0,0,0,0,0,0,0,0,0,0,0,0,0,0,0,18619529,118515837,0,468,1202,7661,620,37239350,35,0,0,0,0,0,0,0,1,0,0,0,0,0,0,0,0,0,0,24309019,0,44163700,811959,0,0,0,0,0,0,0,0,16384,0,0,0,0,0,0,0,0,0,0,0,3770,422,0,0,0,0,0,56602674,0,147,0,2,422,3770,0,0,0,0,0,0,0,0,0,0,0,0,0,0,0,0,0,0,0,0,0,0,0,0,0,0,0,0,0,0,0,0,0,0,0,0,0,0,0,0,0,0,0,0,0,0,0,0,0,0,0,0,0,0,293815661,0,0,0,500478638,0,0,0,0,0,0,0,95622141,139043254,339017023,176371004416,83267329,1,0,0,0,0,0,0,0,0,0,0,0,0,0,0,0,0,0,0,0,0,0,0,0,0,0,0,0,0,0,0,552,0,0,0,0,0,0,0
1782976188.706,0,0,0,0,0,0,0,787307738,2274362313216,943362063360,0,0,0,0,0,0,0,0,0,0,0,0,0,0,0,0,0,0,0,0,0,0,0,0,0,0,0,0,0,0,0,0,0,0,0,0,0,0,0,0,0,0,0,0,0,0,0,0,0,0,0,0,0,0,0,0,0,0,7,1852840,139129661,44242386,0,0,0,0,0,0,0,0,0,0,0,0,0,0,0,0,0,0,0,0,0,0,0,0,0,0,0,0,0,0,0,0,0,0,0,0,0,12876529664,4566827008,785922,278737,44180513,413,0,97,786432,138141133,811153,6,3815944597,12884901888,24050,733199443,0,0,0,0,0,0,0,0,0,0,0,0,0,0,0,0,0,0,18624461,118520770,0,468,1202,7661,620,37249215,35,0,0,0,0,0,0,0,1,0,0,0,0,0,0,0,0,0,0,24314690,0,44180257,812281,0,0,0,0,0,0,0,0,16384,0,0,0,0,0,0,0,0,0,0,0,3771,422,0,0,0,0,0,56617668,0,147,0,2,422,3771,0,0,0,0,0,0,0,0,0,0,0,0,0,0,0,0,0,0,0,0,0,0,0,0,0,0,0,0,0,0,0,0,0,0,0,0,0,0,0,0,0,0,0,0,0,0,0,0,0,0,0,0,0,0,293891712,0,0,0,500562372,0,0,0,0,0,0,0,95655892,139101439,339109871,176410578432,83296082,1,0,0,0,0,0,0,0,0,0,0,0,0,0,0,0,0,0,0,0,0,0,0,0,0,0,0,0,0,0,0,656,0,0,0,0,0,0,0
1782976189.775,0,0,0,0,0,0,0,787476831,2275303442944,943677918720,0,0,0,0,0,0,0,0,0,0,0,0,0,0,0,0,0,0,0,0,0,0,0,0,0,0,0,0,0,0,0,0,0,0,0,0,0,0,0,0,0,0,0,0,0,0,0,0,0,0,0,0,0,0,0,0,0,0,7,1852865,139187235,44258774,0,0,0,0,0,0,0,0,0,0,0,0,0,0,0,0,0,0,0,0,0,0,0,0,0,0,0,0,0,0,0,0,0,0,0,0,0,12877053952,4575461376,785952,279264,44196901,383,0,97,786432,138198646,811153,6,3816781489,12884901888,24050,733311652,0,0,0,0,0,0,0,0,0,0,0,0,0,0,0,0,0,0,18629361,118525669,0,468,1202,7661,620,37259015,35,0,0,0,0,0,0,0,1,0,0,0,0,0,0,0,0,0,0,24320323,0,44196645,812596,0,0,0,0,0,0,0,0,16384,0,0,0,0,0,0,0,0,0,0,0,3772,422,0,0,0,0,0,56632584,0,147,0,2,422,3772,0,0,0,0,0,0,0,0,0,0,0,0,0,0,0,0,0,0,0,0,0,0,0,0,0,0,0,0,0,0,0,0,0,0,0,0,0,0,0,0,0,0,0,0,0,0,0,0,0,0,0,0,0,0,293971099,0,0,0,500645473,0,0,0,0,0,0,0,95690687,139158872,339205880,176451913216,83326072,0,0,0,0,0,0,0,0,0,0,0,0,0,0,0,0,0,0,0,0,0,0,0,0,0,0,0,0,0,0,0,723,0,0,0,0,0,0,0
1782976190.843,0,0,0,0,0,0,0,787644805,2276245735936,943993383936,0,0,0,0,0,0,0,0,0,0,0,0,0,0,0,0,0,0,0,0,0,0,0,0,0,0,0,0,0,0,0,0,0,0,0,0,0,0,0,0,0,0,0,0,0,0,0,0,0,0,0,0,0,0,0,0,0,0,7,1852887,139244873,44275156,0,0,0,0,0,0,0,0,0,0,0,0,0,0,0,0,0,0,0,0,0,0,0,0,0,0,0,0,0,0,0,0,0,0,0,0,0,12877643776,4581720064,785990,279646,44213283,346,0,96,786432,138256236,811153,6,3817612581,12884901888,24050,733422823,0,0,0,0,0,0,0,0,0,0,0,0,0,0,0,0,0,0,18634232,118530540,0,468,1202,7661,620,37268753,35,0,0,0,0,0,0,0,1,0,0,0,0,0,0,0,0,0,0,24325921,0,44213027,812911,0,0,0,0,0,0,0,0,16384,0,0,0,0,0,0,0,0,0,0,0,3773,422,0,0,0,0,0,56647395,0,147,0,2,422,3773,0,0,0,0,0,0,0,0,0,0,0,0,0,0,0,0,0,0,0,0,0,0,0,0,0,0,0,0,0,0,0,0,0,0,0,0,0,0,0,0,0,0,0,0,0,0,0,0,0,0,0,0,0,0,294049626,0,0,0,500728140,0,0,0,0,0,0,0,95724823,139216356,339301016,176492844032,83355460,0,0,0,0,0,0,0,0,0,0,0,0,0,0,0,0,0,0,0,0,0,0,0,0,0,0,0,0,0,0,0,785,0,0,0,0,0,0,0
1782976191.911,0,0,0,0,0,0,0,787810589,2277168531968,944307935232,0,0,0,0,0,0,0,0,0,0,0,0,0,0,0,0,0,0,0,0,0,0,0,0,0,0,0,0,0,0,0,0,0,0,0,0,0,0,0,0,0,0,0,0,0,0,0,0,0,0,0,0,0,0,0,0,0,0,7,1852913,139301305,44291486,0,0,0,0,0,0,0,0,0,0,0,0,0,0,0,0,0,0,0,0,0,0,0,0,0,0,0,0,0,0,0,0,0,0,0,0,0,12877381632,4583047168,785972,279727,44229613,363,0,96,786432,138312612,811153,6,3818432516,12884901888,24050,733532295,0,0,0,0,0,0,0,0,0,0,0,0,0,0,0,0,0,0,18639034,118535343,0,468,1202,7661,620,37278361,35,0,0,0,0,0,0,0,1,0,0,0,0,0,0,0,0,0,0,24331443,0,44229357,813224,0,0,0,0,0,0,0,0,16384,0,0,0,0,0,0,0,0,0,0,0,3774,422,0,0,0,0,0,56661995,0,147,0,2,422,3774,0,0,0,0,0,0,0,0,0,0,0,0,0,0,0,0,0,0,0,0,0,0,0,0,0,0,0,0,0,0,0,0,0,0,0,0,0,0,0,0,0,0,0,0,0,0,0,0,0,0,0,0,0,0,294128649,0,0,0,500809769,0,0,0,0,0,0,0,95758459,139272655,339396596,176533876224,83384375,1,0,0,0,0,0,0,0,0,0,0,0,0,0,0,0,0,0,0,0,0,0,0,0,0,0,0,0,0,0,0,768,0,0,0,0,0,0,0
1782976192.974,0,0,0,0,0,0,0,787976167,2278088837632,944621176832,0,0,0,0,0,0,0,0,0,0,0,0,0,0,0,0,0,0,0,0,0,0,0,0,0,0,0,0,0,0,0,0,0,0,0,0,0,0,0,0,0,0,0,0,0,0,0,0,0,0,0,0,0,0,0,0,0,0,7,1852932,139357636,44307740,0,0,0,0,0,0,0,0,0,0,0,0,0,0,0,0,0,0,0,0,0,0,0,0,0,0,0,0,0,0,0,0,0,0,0,0,0,12877824000,4586029056,786000,279909,44245867,336,0,96,786432,138368877,811153,6,3819252116,12884901888,24050,733642743,0,0,0,0,0,0,0,0,0,0,0,0,0,0,0,0,0,0,18643832,118540139,0,468,1202,7661,620,37287957,35,0,0,0,0,0,0,0,1,0,0,0,0,0,0,0,0,0,0,24336955,0,44245611,813536,0,0,0,0,0,0,0,0,16384,0,0,0,0,0,0,0,0,0,0,0,3775,422,0,0,0,0,0,56676591,0,147,0,2,422,3775,0,0,0,0,0,0,0,0,0,0,0,0,0,0,0,0,0,0,0,0,0,0,0,0,0,0,0,0,0,0,0,0,0,0,0,0,0,0,0,0,0,0,0,0,0,0,0,0,0,0,0,0,0,0,294207686,0,0,0,500891323,0,0,0,0,0,0,0,95790927,139328839,339492127,176574959104,83412139,1,0,0,0,0,0,0,0,0,0,0,0,0,0,0,0,0,0,0,0,0,0,0,0,0,0,0,0,0,0,0,731,0,0,0,0,0,0,0
1782976194.042,0,0,0,0,0,0,0,788140724,2279009208832,944934653952,0,0,0,0,0,0,0,0,0,0,0,0,0,0,0,0,0,0,0,0,0,0,0,0,0,0,0,0,0,0,0,0,0,0,0,0,0,0,0,0,0,0,0,0,0,0,0,0,0,0,0,0,0,0,0,0,0,0,7,1852948,139413932,44324018,0,0,0,0,0,0,0,0,0,0,0,0,0,0,0,0,0,0,0,0,0,0,0,0,0,0,0,0,0,0,0,0,0,0,0,0,0,12876398592,4587847680,785913,280020,44262145,423,0,96,786432,138425101,811153,6,3820066910,12884901888,24050,733751741,0,0,0,0,0,0,0,0,0,0,0,0,0,0,0,0,0,0,18648601,118544910,0,468,1202,7661,620,37297493,35,0,0,0,0,0,0,0,1,0,0,0,0,0,0,0,0,0,0,24342441,0,44261889,813852,0,0,0,0,0,0,0,0,16384,0,0,0,0,0,0,0,0,0,0,0,3776,422,0,0,0,0,0,56691098,0,147,0,2,422,3776,0,0,0,0,0,0,0,0,0,0,0,0,0,0,0,0,0,0,0,0,0,0,0,0,0,0,0,0,0,0,0,0,0,0,0,0,0,0,0,0,0,0,0,0,0,0,0,0,0,0,0,0,0,0,294286354,0,0,0,500972313,0,0,0,0,0,0,0,95824092,139384995,339587308,176615827456,83440534,1,1,0,0,0,0,0,0,0,0,0,0,0,0,0,0,0,0,0,0,0,0,0,0,0,0,0,0,0,0,0,729,0,0,0,0,0,0,0
1782976195.108,0,0,0,0,0,0,0,788307601,2279940540928,945249978368,0,0,0,0,0,0,0,0,0,0,0,0,0,0,0,0,0,0,0,0,0,0,0,0,0,0,0,0,0,0,0,0,0,0,0,0,0,0,0,0,0,0,0,0,0,0,0,0,0,0,0,0,0,0,0,0,0,0,7,1852965,139470893,44340387,0,0,0,0,0,0,0,0,0,0,0,0,0,0,0,0,0,0,0,0,0,0,0,0,0,0,0,0,0,0,0,0,0,0,0,0,0,12880723968,4592336896,786177,280294,44278514,157,0,96,786432,138482010,811153,6,3820892546,12884901888,24050,733862213,0,0,0,0,0,0,0,0,0,0,0,0,0,0,0,0,0,0,18653436,118549742,0,468,1202,7661,620,37307160,35,0,0,0,0,0,0,0,1,0,0,0,0,0,0,0,0,0,0,24347997,0,44278258,814171,0,0,0,0,0,0,0,0,16384,0,0,0,0,0,0,0,0,0,0,0,3777,422,0,0,0,0,0,56705819,0,147,0,2,422,3777,0,0,0,0,0,0,0,0,0,0,0,0,0,0,0,0,0,0,0,0,0,0,0,0,0,0,0,0,0,0,0,0,0,0,0,0,0,0,0,0,0,0,0,0,0,0,0,0,0,0,0,0,0,0,294365563,0,0,0,501054440,0,0,0,0,0,0,0,95856688,139441808,339683115,176656855040,83468451,1,1,0,0,0,0,0,0,0,0,0,0,0,0,0,0,0,0,0,0,0,0,0,0,0,0,0,0,0,0,0,735,0,0,0,0,0,0,0
1782976196.173,0,0,0,0,0,0,0,788474972,2280877509120,945563630080,0,0,0,0,0,0,0,0,0,0,0,0,0,0,0,0,0,0,0,0,0,0,0,0,0,0,0,0,0,0,0,0,0,0,0,0,0,0,0,0,0,0,0,0,0,0,0,0,0,0,0,0,0,0,0,0,0,0,7,1852991,139528202,44356730,0,0,0,0,0,0,0,0,0,0,0,0,0,0,0,0,0,0,0,0,0,0,0,0,0,0,0,0,0,0,0,0,0,0,0,0,0,12878561280,4598169600,786045,280650,44294857,291,0,96,786432,138539269,811153,6,3821720702,12884901888,24050,733972907,0,0,0,0,0,0,0,0,0,0,0,0,0,0,0,0,0,0,18658289,118554594,0,468,1202,7661,620,37316867,35,0,0,0,0,0,0,0,1,0,0,0,0,0,0,0,0,0,0,24353573,0,44294601,814495,0,0,0,0,0,0,0,0,16384,0,0,0,0,0,0,0,0,0,0,0,3778,422,0,0,0,0,0,56720571,0,147,0,2,422,3778,0,0,0,0,0,0,0,0,0,0,0,0,0,0,0,0,0,0,0,0,0,0,0,0,0,0,0,0,0,0,0,0,0,0,0,0,0,0,0,0,0,0,0,0,0,0,0,0,0,0,0,0,0,0,294442656,0,0,0,501136742,0,0,0,0,0,0,0,95889973,139498986,339776815,176696791552,83496889,1,0,0,0,0,0,0,0,0,0,0,0,0,0,0,0,0,0,0,0,0,0,0,0,0,0,0,0,0,0,0,774,0,0,0,0,0,0,0
1782976197.241,0,0,0,0,0,0,0,788643411,2281814018560,945881541632,0,0,0,0,0,0,0,0,0,0,0,0,0,0,0,0,0,0,0,0,0,0,0,0,0,0,0,0,0,0,0,0,0,0,0,0,0,0,0,0,0,0,0,0,0,0,0,0,0,0,0,0,0,0,0,0,0,0,7,1853021,139585492,44373250,0,0,0,0,0,0,0,0,0,0,0,0,0,0,0,0,0,0,0,0,0,0,0,0,0,0,0,0,0,0,0,0,0,0,0,0,0,12875776000,4600578048,785875,280797,44311377,460,0,96,786432,138596493,811153,6,3822553395,12884901888,24050,734083797,0,0,0,0,0,0,0,0,0,0,0,0,0,0,0,0,0,0,18663167,118559474,0,468,1202,7661,620,37326623,35,0,0,0,0,0,0,0,1,0,0,0,0,0,0,0,0,0,0,24359181,0,44311121,814816,0,0,0,0,0,0,0,0,16384,0,0,0,0,0,0,0,0,0,0,0,3779,422,0,0,0,0,0,56735418,0,147,0,2,422,3779,0,0,0,0,0,0,0,0,0,0,0,0,0,0,0,0,0,0,0,0,0,0,0,0,0,0,0,0,0,0,0,0,0,0,0,0,0,0,0,0,0,0,0,0,0,0,0,0,0,0,0,0,0,0,294521727,0,0,0,501219592,0,0,0,0,0,0,0,95924074,139556124,339872622,176737943040,83525928,1,1,0,0,0,0,0,0,0,0,0,0,0,0,0,0,0,0,0,0,0,0,0,0,0,0,0,0,0,0,0,842,0,0,0,0,0,0,0
1782976198.310,0,0,0,0,0,0,0,788809434,2282742417920,946195487232,0,0,0,0,0,0,0,0,0,0,0,0,0,0,0,0,0,0,0,0,0,0,0,0,0,0,0,0,0,0,0,0,0,0,0,0,0,0,0,0,0,0,0,0,0,0,0,0,0,0,0,0,0,0,0,0,0,0,7,1853042,139642263,44389547,0,0,0,0,0,0,0,0,0,0,0,0,0,0,0,0,0,0,0,0,0,0,0,0,0,0,0,0,0,0,0,0,0,0,0,0,0,12878004224,4602822656,786012,280934,44327674,324,0,97,786432,138653202,811153,6,3823375121,12884901888,24050,734193888,0,0,0,0,0,0,0,0,0,0,0,0,0,0,0,0,0,0,18667978,118564286,0,468,1202,7661,620,37336247,35,0,0,0,0,0,0,0,1,0,0,0,0,0,0,0,0,0,0,24364712,0,44327418,815128,0,0,0,0,0,0,0,0,16384,0,0,0,0,0,0,0,0,0,0,0,3780,422,0,0,0,0,0,56750052,0,147,0,2,422,3780,0,0,0,0,0,0,0,0,0,0,0,0,0,0,0,0,0,0,0,0,0,0,0,0,0,0,0,0,0,0,0,0,0,0,0,0,0,0,0,0,0,0,0,0,0,0,0,0,0,0,0,0,0,0,294600463,0,0,0,501301294,0,0,0,0,0,0,0,95956952,139612760,339967887,176778787840,83554054,1,1,0,0,0,0,0,0,0,0,0,0,0,0,0,0,0,0,0,0,0,0,0,0,0,0,0,0,0,0,0,838,0,0,0,0,0,0,0
1782976199.378,0,0,0,0,0,0,0,788973674,2283663510016,946511847936,0,0,0,0,0,0,0,0,0,0,0,0,0,0,0,0,0,0,0,0,0,0,0,0,0,0,0,0,0,0,0,0,0,0,0,0,0,0,0,0,0,0,0,0,0,0,0,0,0,0,0,0,0,0,0,0,0,0,7,1853074,139698589,44405992,0,0,0,0,0,0,0,0,0,0,0,0,0,0,0,0,0,0,0,0,0,0,0,0,0,0,0,0,0,0,0,0,0,0,0,0,0,12875350016,4601085952,785849,280828,44343843,487,0,96,786432,138709467,811153,6,3824188577,12884901888,24050,734302954,0,0,0,0,0,0,0,0,0,0,0,0,0,0,0,0,0,0,18672732,118569040,0,468,1202,7661,620,37345755,35,0,0,0,0,0,0,0,1,0,0,0,0,0,0,0,0,0,0,24370174,0,44343843,815447,0,0,0,0,0,0,0,0,16384,0,0,0,0,0,0,0,0,0,0,0,3781,422,0,0,0,0,0,56764512,0,147,0,2,422,3781,0,0,0,0,0,0,0,0,0,0,0,0,0,0,0,0,0,0,0,0,0,0,0,0,0,0,0,0,0,0,0,0,0,0,0,0,0,0,0,0,0,0,0,0,0,0,0,0,0,0,0,0,0,0,294678382,0,0,0,501382121,0,0,0,0,0,0,0,95989798,139668965,340062503,176819365376,83582033,1,0,0,0,0,0,0,0,0,0,0,0,0,0,0,0,0,0,0,0,0,0,0,0,0,0,0,0,0,0,0,777,0,0,0,0,0,0,0
1782976200.447,0,0,0,0,0,0,0,789134394,2284560747008,946872225792,0,0,0,0,0,0,0,0,0,0,0,0,0,0,0,0,0,0,0,0,0,0,0,0,0,0,0,0,0,0,0,0,0,0,0,0,0,0,0,0,0,0,0,0,0,0,0,0,0,0,0,0,0,0,0,0,0,0,7,1853093,139753466,44425159,0,0,0,0,0,0,0,0,0,0,0,0,0,0,0,0,0,0,0,0,0,0,0,0,0,0,0,0,0,0,0,0,0,0,0,0,0,12875038720,4547133440,785830,277535,44359792,505,0,96,786432,138764293,811153,6,3824984132,12884901888,24050,734409610,0,0,0,0,0,0,0,0,0,0,0,0,0,0,0,0,0,0,18677391,118573700,0,468,1202,7661,620,37355069,35,0,0,0,0,0,0,0,1,0,0,0,0,0,0,0,0,0,0,24375531,0,44362992,815783,0,0,0,0,0,0,0,0,16384,0,0,0,0,0,0,0,0,0,0,0,3782,422,0,0,0,0,0,56778665,0,147,0,2,422,3782,0,0,0,0,0,0,0,0,0,0,0,0,0,0,0,0,0,0,0,0,0,0,0,0,0,0,0,0,0,0,0,0,0,0,0,0,0,0,0,0,0,0,0,0,0,0,0,0,0,0,0,0,0,0,294754169,0,0,0,501461377,0,0,0,0,0,0,0,96021764,139723713,340157681,176858745856,83608886,1,0,0,0,0,0,0,0,0,0,0,0,0,0,0,0,0,0,0,0,0,0,0,0,0,0,0,0,0,0,0,657,0,0,0,0,0,0,0
1782976201.515,0,0,0,0,0,0,0,789301495,2285488704000,947191818752,0,0,0,0,0,0,0,0,0,0,0,0,0,0,0,0,0,0,0,0,0,0,0,0,0,0,0,0,0,0,0,0,0,0,0,0,0,0,0,0,0,0,0,0,0,0,0,0,0,0,0,0,0,0,0,0,0,0,7,1853123,139810260,44441899,0,0,0,0,0,0,0,0,0,0,0,0,0,0,0,0,0,0,0,0,0,0,0,0,0,0,0,0,0,0,0,0,0,0,0,0,0,12875399168,4545118208,785852,277412,44380026,484,0,96,786432,138821024,811153,6,3825811468,12884901888,24050,734520673,0,0,0,0,0,0,0,0,0,0,0,0,0,0,0,0,0,0,18682230,118578539,0,468,1202,7661,620,37364759,35,0,0,0,0,0,0,0,1,0,0,0,0,0,0,0,0,0,0,24381093,0,44379770,816099,0,0,0,0,0,0,0,0,16384,0,0,0,0,0,0,0,0,0,0,0,3784,422,0,0,0,0,0,56793372,0,147,0,2,422,3784,0,0,0,0,0,0,0,0,0,0,0,0,0,0,0,0,0,0,0,0,0,0,0,0,0,0,0,0,0,0,0,0,0,0,0,0,0,0,0,0,0,0,0,0,0,0,0,0,0,0,0,0,0,0,294832322,0,0,0,501543623,0,0,0,0,0,0,0,96055565,139780331,340252805,176899598336,83637725,1,0,0,0,0,0,0,0,0,0,0,0,0,0,0,0,0,0,0,0,0,0,0,0,0,0,0,0,0,0,0,702,0,0,0,0,0,0,0
1782976202.584,0,0,0,0,0,0,0,789472157,2286442842624,947510098944,0,0,0,0,0,0,0,0,0,0,0,0,0,0,0,0,0,0,0,0,0,0,0,0,0,0,0,0,0,0,0,0,0,0,0,0,0,0,0,0,0,0,0,0,0,0,0,0,0,0,0,0,0,0,0,0,0,0,7,1853147,139868646,44458410,0,0,0,0,0,0,0,0,0,0,0,0,0,0,0,0,0,0,0,0,0,0,0,0,0,0,0,0,0,0,0,0,0,0,0,0,0,12879953920,4553474048,786130,277922,44396537,205,0,97,786432,138879357,811153,6,3826655165,12884901888,24050,734633357,0,0,0,0,0,0,0,0,0,0,0,0,0,0,0,0,0,0,18687175,118583484,0,468,1202,7661,620,37374640,35,0,0,0,0,0,0,0,1,0,0,0,0,0,0,0,0,0,0,24386776,0,44396281,816421,0,0,0,0,0,0,0,0,16384,0,0,0,0,0,0,0,0,0,0,0,3785,422,0,0,0,0,0,56808400,0,147,0,2,422,3785,0,0,0,0,0,0,0,0,0,0,0,0,0,0,0,0,0,0,0,0,0,0,0,0,0,0,0,0,0,0,0,0,0,0,0,0,0,0,0,0,0,0,0,0,0,0,0,0,0,0,0,0,0,0,294912214,0,0,0,501627421,0,0,0,0,0,0,0,96091008,139838567,340349434,176941086208,83668119,0,0,0,0,0,0,0,0,0,0,0,0,0,0,0,0,0,0,0,0,0,0,0,0,0,0,0,0,0,0,0,835,0,0,0,0,0,0,0
1782976203.653,0,0,0,0,0,0,0,789641467,2287389477376,947826548736,0,0,0,0,0,0,0,0,0,0,0,0,0,0,0,0,0,0,0,0,0,0,0,0,0,0,0,0,0,0,0,0,0,0,0,0,0,0,0,0,0,0,0,0,0,0,0,0,0,0,0,0,0,0,0,0,0,0,7,1853171,139926539,44474847,0,0,0,0,0,0,0,0,0,0,0,0,0,0,0,0,0,0,0,0,0,0,0,0,0,0,0,0,0,0,0,0,0,0,0,0,0,12877086720,4562436096,785955,278469,44412974,381,0,96,786432,138937175,811153,6,3827492390,12884901888,24050,734745542,0,0,0,0,0,0,0,0,0,0,0,0,0,0,0,0,0,0,18692084,118588391,0,468,1202,7661,620,37384453,35,0,0,0,0,0,0,0,1,0,0,0,0,0,0,0,0,0,0,24392414,0,44412718,816743,0,0,0,0,0,0,0,0,16384,0,0,0,0,0,0,0,0,0,0,0,3786,422,0,0,0,0,0,56823302,0,147,0,2,422,3786,0,0,0,0,0,0,0,0,0,0,0,0,0,0,0,0,0,0,0,0,0,0,0,0,0,0,0,0,0,0,0,0,0,0,0,0,0,0,0,0,0,0,0,0,0,0,0,0,0,0,0,0,0,0,294991752,0,0,0,501710638,0,0,0,0,0,0,0,96126294,139896323,340445622,176982288384,83698373,1,0,0,0,0,0,0,0,0,0,0,0,0,0,0,0,0,0,0,0,0,0,0,0,0,0,0,0,0,0,0,926,0,0,0,0,0,0,0
1782976204.721,0,0,0,0,0,0,0,789809459,2288326199808,948142518784,0,0,0,0,0,0,0,0,0,0,0,0,0,0,0,0,0,0,0,0,0,0,0,0,0,0,0,0,0,0,0,0,0,0,0,0,0,0,0,0,0,0,0,0,0,0,0,0,0,0,0,0,0,0,0,0,0,0,7,1853199,139983831,44491271,0,0,0,0,0,0,0,0,0,0,0,0,0,0,0,0,0,0,0,0,0,0,0,0,0,0,0,0,0,0,0,0,0,0,0,0,0,12878118912,4563320832,786018,278523,44429398,318,0,96,786432,138994387,811153,6,3828323662,12884901888,24050,734856541,0,0,0,0,0,0,0,0,0,0,0,0,0,0,0,0,0,0,18696950,118593259,0,468,1202,7661,620,37394187,35,0,0,0,0,0,0,0,1,0,0,0,0,0,0,0,0,0,0,24398009,0,44429142,817063,0,0,0,0,0,0,0,0,16384,0,0,0,0,0,0,0,0,0,0,0,3787,422,0,0,0,0,0,56838109,0,147,0,2,422,3787,0,0,0,0,0,0,0,0,0,0,0,0,0,0,0,0,0,0,0,0,0,0,0,0,0,0,0,0,0,0,0,0,0,0,0,0,0,0,0,0,0,0,0,0,0,0,0,0,0,0,0,0,0,0,295070290,0,0,0,501793312,0,0,0,0,0,0,0,96161090,139953452,340540808,177023118848,83728216,1,0,0,0,0,0,0,0,0,0,0,0,0,0,0,0,0,0,0,0,0,0,0,0,0,0,0,0,0,0,0,957,0,0,0,0,0,0,0
1782976205.789,0,0,0,0,0,0,0,789978814,2289272850944,948458119168,0,0,0,0,0,0,0,0,0,0,0,0,0,0,0,0,0,0,0,0,0,0,0,0,0,0,0,0,0,0,0,0,0,0,0,0,0,0,0,0,0,0,0,0,0,0,0,0,0,0,0,0,0,0,0,0,0,0,7,1853227,140041724,44507623,0,0,0,0,0,0,0,0,0,0,0,0,0,0,0,0,0,0,0,0,0,0,0,0,0,0,0,0,0,0,0,0,0,0,0,0,0,12874350592,4571463680,785788,279019,44445750,547,0,96,786432,139052211,811153,6,3829161667,12884901888,24050,734968752,0,0,0,0,0,0,0,0,0,0,0,0,0,0,0,0,0,0,18701859,118598168,0,468,1202,7661,620,37404003,35,0,0,0,0,0,0,0,1,0,0,0,0,0,0,0,0,0,0,24403650,0,44445494,817382,0,0,0,0,0,0,0,0,16384,0,0,0,0,0,0,0,0,0,0,0,3788,422,0,0,0,0,0,56853031,0,147,0,2,422,3788,0,0,0,0,0,0,0,0,0,0,0,0,0,0,0,0,0,0,0,0,0,0,0,0,0,0,0,0,0,0,0,0,0,0,0,0,0,0,0,0,0,0,0,0,0,0,0,0,0,0,0,0,0,0,295150093,0,0,0,501876516,0,0,0,0,0,0,0,96196609,140011193,340637208,177064701440,83758778,1,0,0,0,0,0,0,0,0,0,0,0,0,0,0,0,0,0,0,0,0,0,0,0,0,0,0,0,0,0,0,1066,0,0,0,0,0,0,0
1782976206.857,0,0,0,0,0,0,0,790148294,2290218027520,948775223808,0,0,0,0,0,0,0,0,0,0,0,0,0,0,0,0,0,0,0,0,0,0,0,0,0,0,0,0,0,0,0,0,0,0,0,0,0,0,0,0,0,0,0,0,0,0,0,0,0,0,0,0,0,0,0,0,0,0,7,1853257,140099534,44524057,0,0,0,0,0,0,0,0,0,0,0,0,0,0,0,0,0,0,0,0,0,0,0,0,0,0,0,0,0,0,0,0,0,0,0,0,0,12874252288,4578885632,785782,279473,44462184,553,0,96,786432,139109955,811153,6,3829999780,12884901888,24050,735081529,0,0,0,0,0,0,0,0,0,0,0,0,0,0,0,0,0,0,18706761,118603070,0,468,1202,7661,620,37413809,35,0,0,0,0,0,0,0,1,0,0,0,0,0,0,0,0,0,0,24409289,0,44461928,817702,0,0,0,0,0,0,0,0,16384,0,0,0,0,0,0,0,0,0,0,0,3789,422,0,0,0,0,0,56867936,0,147,0,2,422,3789,0,0,0,0,0,0,0,0,0,0,0,0,0,0,0,0,0,0,0,0,0,0,0,0,0,0,0,0,0,0,0,0,0,0,0,0,0,0,0,0,0,0,0,0,0,0,0,0,0,0,0,0,0,0,295229786,0,0,0,501959728,0,0,0,0,0,0,0,96231914,140068872,340733556,177106228224,83789071,1,0,0,0,0,0,0,0,0,0,0,0,0,0,0,0,0,0,0,0,0,0,0,0,0,0,0,0,0,0,0,1153,0,0,0,0,0,0,0
1782976207.925,0,0,0,0,0,0,0,790315938,2291159108096,949091964928,0,0,0,0,0,0,0,0,0,0,0,0,0,0,0,0,0,0,0,0,0,0,0,0,0,0,0,0,0,0,0,0,0,0,0,0,0,0,0,0,0,0,0,0,0,0,0,0,0,0,0,0,0,0,0,0,0,0,7,1853281,140157090,44540505,0,0,0,0,0,0,0,0,0,0,0,0,0,0,0,0,0,0,0,0,0,0,0,0,0,0,0,0,0,0,0,0,0,0,0,0,0,12875776000,4582424576,785875,279689,44478632,459,0,97,786432,139167448,811153,6,3830830390,12884901888,24050,735192479,0,0,0,0,0,0,0,0,0,0,0,0,0,0,0,0,0,0,18711623,118607932,0,468,1202,7661,620,37423532,35,0,0,0,0,0,0,0,1,0,0,0,0,0,0,0,0,0,0,24414870,0,44478376,818015,0,0,0,0,0,0,0,0,16384,0,0,0,0,0,0,0,0,0,0,0,3790,422,0,0,0,0,0,56882701,0,147,0,2,422,3790,0,0,0,0,0,0,0,0,0,0,0,0,0,0,0,0,0,0,0,0,0,0,0,0,0,0,0,0,0,0,0,0,0,0,0,0,0,0,0,0,0,0,0,0,0,0,0,0,0,0,0,0,0,0,295309019,0,0,0,502042254,0,0,0,0,0,0,0,96267353,140126262,340829459,177147422208,83819599,0,0,0,0,0,0,0,0,0,0,0,0,0,0,0,0,0,0,0,0,0,0,0,0,0,0,0,0,0,0,0,1173,0,0,0,0,0,0,0
1782976208.990,0,0,0,0,0,0,0,790485320,2292106693120,949408989184,0,0,0,0,0,0,0,0,0,0,0,0,0,0,0,0,0,0,0,0,0,0,0,0,0,0,0,0,0,0,0,0,0,0,0,0,0,0,0,0,0,0,0,0,0,0,0,0,0,0,0,0,0,0,0,0,0,0,7,1853305,140215062,44556944,0,0,0,0,0,0,0,0,0,0,0,0,0,0,0,0,0,0,0,0,0,0,0,0,0,0,0,0,0,0,0,0,0,0,0,0,0,12874940416,4589912064,785824,280146,44495071,512,0,96,786432,139225342,811153,6,3831668408,12884901888,24050,735304877,0,0,0,0,0,0,0,0,0,0,0,0,0,0,0,0,0,0,18716521,118612830,0,468,1202,7661,620,37433333,35,0,0,0,0,0,0,0,1,0,0,0,0,0,0,0,0,0,0,24420500,0,44494815,818333,0,0,0,0,0,0,0,0,16384,0,0,0,0,0,0,0,0,0,0,0,3791,422,0,0,0,0,0,56897599,0,147,0,2,422,3791,0,0,0,0,0,0,0,0,0,0,0,0,0,0,0,0,0,0,0,0,0,0,0,0,0,0,0,0,0,0,0,0,0,0,0,0,0,0,0,0,0,0,0,0,0,0,0,0,0,0,0,0,0,0,295388863,0,0,0,502125438,0,0,0,0,0,0,0,96302835,140184103,340925971,177188921344,83850128,0,0,0,0,0,0,0,0,0,0,0,0,0,0,0,0,0,0,0,0,0,0,0,0,0,0,0,0,0,0,0,1235,0,0,0,0,0,0,0
1782976210.057,0,0,0,0,0,0,0,790652551,2293041269248,949723508224,0,0,0,0,0,0,0,0,0,0,0,0,0,0,0,0,0,0,0,0,0,0,0,0,0,0,0,0,0,0,0,0,0,0,0,0,0,0,0,0,0,0,0,0,0,0,0,0,0,0,0,0,0,0,0,0,0,0,7,1853327,140272222,44573268,0,0,0,0,0,0,0,0,0,0,0,0,0,0,0,0,0,0,0,0,0,0,0,0,0,0,0,0,0,0,0,0,0,0,0,0,0,12875350016,4592943104,785849,280331,44511395,487,0,96,786432,139282449,811153,6,3832499496,12884901888,24050,735418450,0,0,0,0,0,0,0,0,0,0,0,0,0,0,0,0,0,0,18721370,118617678,0,468,1202,7661,620,37443028,35,0,0,0,0,0,0,0,1,0,0,0,0,0,0,0,0,0,0,24426069,0,44511139,818656,0,0,0,0,0,0,0,0,16384,0,0,0,0,0,0,0,0,0,0,0,3792,422,0,0,0,0,0,56912352,0,147,0,2,422,3792,0,0,0,0,0,0,0,0,0,0,0,0,0,0,0,0,0,0,0,0,0,0,0,0,0,0,0,0,0,0,0,0,0,0,0,0,0,0,0,0,0,0,0,0,0,0,0,0,0,0,0,0,0,0,295467965,0,0,0,502208845,0,0,0,0,0,0,0,96337384,140241136,341021646,177229987328,83879767,0,0,0,0,0,0,0,0,0,0,0,0,0,0,0,0,0,0,0,0,0,0,0,0,0,0,0,0,0,0,0,88,0,0,0,0,0,0,0
1782976211.123,0,0,0,0,0,0,0,790817868,2293966260736,950035249664,0,0,0,0,0,0,0,0,0,0,0,0,0,0,0,0,0,0,0,0,0,0,0,0,0,0,0,0,0,0,0,0,0,0,0,0,0,0,0,0,0,0,0,0,0,0,0,0,0,0,0,0,0,0,0,0,0,0,7,1853366,140328797,44589455,0,0,0,0,0,0,0,0,0,0,0,0,0,0,0,0,0,0,0,0,0,0,0,0,0,0,0,0,0,0,0,0,0,0,0,0,0,12876660736,4596580352,785929,280553,44527582,406,0,96,786432,139338947,811153,6,3833317105,12884901888,24050,735528011,0,0,0,0,0,0,0,0,0,0,0,0,0,0,0,0,0,0,18726153,118622462,0,468,1202,7661,620,37452597,35,0,0,0,0,0,0,0,1,0,0,0,0,0,0,0,0,0,0,24431566,0,44527326,818966,0,0,0,0,0,0,0,0,16384,0,0,0,0,0,0,0,0,0,0,0,3793,422,0,0,0,0,0,56926883,0,147,0,2,422,3793,0,0,0,0,0,0,0,0,0,0,0,0,0,0,0,0,0,0,0,0,0,0,0,0,0,0,0,0,0,0,0,0,0,0,0,0,0,0,0,0,0,0,0,0,0,0,0,0,0,0,0,0,0,0,295545526,0,0,0,502290095,0,0,0,0,0,0,0,96369932,140297574,341115589,177270459392,83907527,1,0,0,0,0,0,0,0,0,0,0,0,0,0,0,0,0,0,0,0,0,0,0,0,0,0,0,0,0,0,0,143,0,0,0,0,0,0,0
1782976212.192,0,0,0,0,0,0,0,790982901,2294891383296,950351225856,0,0,0,0,0,0,0,0,0,0,0,0,0,0,0,0,0,0,0,0,0,0,0,0,0,0,0,0,0,0,0,0,0,0,0,0,0,0,0,0,0,0,0,0,0,0,0,0,0,0,0,0,0,0,0,0,0,0,7,1853395,140385390,44605914,0,0,0,0,0,0,0,0,0,0,0,0,0,0,0,0,0,0,0,0,0,0,0,0,0,0,0,0,0,0,0,0,0,0,0,0,0,12878397440,4596137984,786035,280526,44544041,300,0,96,786432,139395489,811153,6,3834130997,12884901888,24050,735634835,0,0,0,0,0,0,0,0,0,0,0,0,0,0,0,0,0,0,18730933,118627242,0,468,1202,7661,620,37462151,35,0,0,0,0,0,0,0,1,0,0,0,0,0,0,0,0,0,0,24437065,0,44543785,819278,0,0,0,0,0,0,0,0,16384,0,0,0,0,0,0,0,0,0,0,0,3794,422,0,0,0,0,0,56941392,0,147,0,2,422,3794,0,0,0,0,0,0,0,0,0,0,0,0,0,0,0,0,0,0,0,0,0,0,0,0,0,0,0,0,0,0,0,0,0,0,0,0,0,0,0,0,0,0,0,0,0,0,0,0,0,0,0,0,0,0,295623077,0,0,0,502370208,0,0,0,0,0,0,0,96402340,140354038,341209855,177310756864,83935172,1,0,0,0,0,0,0,0,0,0,0,0,0,0,0,0,0,0,0,0,0,0,0,0,0,0,0,0,0,0,0,1227,0,0,0,0,0,0,0
1782976213.260,0,0,0,0,0,0,0,791148458,2295812737536,950661400064,0,0,0,0,0,0,0,0,0,0,0,0,0,0,0,0,0,0,0,0,0,0,0,0,0,0,0,0,0,0,0,0,0,0,0,0,0,0,0,0,0,0,0,0,0,0,0,0,0,0,0,0,0,0,0,0,0,0,7,1853409,140441741,44622012,0,0,0,0,0,0,0,0,0,0,0,0,0,0,0,0,0,0,0,0,0,0,0,0,0,0,0,0,0,0,0,0,0,0,0,0,0,12878888960,4601741312,786065,280868,44560139,271,0,96,786432,139451779,811153,6,3834951481,12884901888,24050,735746069,0,0,0,0,0,0,0,0,0,0,0,0,0,0,0,0,0,0,18735728,118632036,0,468,1202,7661,620,37471743,35,0,0,0,0,0,0,0,1,0,0,0,0,0,0,0,0,0,0,24442581,0,44559883,819594,0,0,0,0,0,0,0,0,16384,0,0,0,0,0,0,0,0,0,0,0,3795,422,0,0,0,0,0,56956006,0,147,0,2,422,3795,0,0,0,0,0,0,0,0,0,0,0,0,0,0,0,0,0,0,0,0,0,0,0,0,0,0,0,0,0,0,0,0,0,0,0,0,0,0,0,0,0,0,0,0,0,0,0,0,0,0,0,0,0,0,295701393,0,0,0,502452226,0,0,0,0,0,0,0,96434836,140410238,341304491,177351424512,83962973,1,0,0,0,0,0,0,0,0,0,0,0,0,0,0,0,0,0,0,0,0,0,0,0,0,0,0,0,0,0,0,655,0,0,0,0,0,0,0
1782976214.327,0,0,0,0,0,0,0,791312942,2296730241536,950972385280,0,0,0,0,0,0,0,0,0,0,0,0,0,0,0,0,0,0,0,0,0,0,0,0,0,0,0,0,0,0,0,0,0,0,0,0,0,0,0,0,0,0,0,0,0,0,0,0,0,0,0,0,0,0,0,0,0,0,7,1853437,140497855,44638196,0,0,0,0,0,0,0,0,0,0,0,0,0,0,0,0,0,0,0,0,0,0,0,0,0,0,0,0,0,0,0,0,0,0,0,0,0,12877119488,4604919808,785957,281062,44576323,377,0,97,786432,139507833,811153,6,3835763720,12884901888,24050,735853877,0,0,0,0,0,0,0,0,0,0,0,0,0,0,0,0,0,0,18740494,118636802,0,468,1202,7661,620,37481278,35,0,0,0,0,0,0,0,1,0,0,0,0,0,0,0,0,0,0,24448052,0,44576067,819914,0,0,0,0,0,0,0,0,16384,0,0,0,0,0,0,0,0,0,0,0,3796,422,0,0,0,0,0,56970473,0,147,0,2,422,3796,0,0,0,0,0,0,0,0,0,0,0,0,0,0,0,0,0,0,0,0,0,0,0,0,0,0,0,0,0,0,0,0,0,0,0,0,0,0,0,0,0,0,0,0,0,0,0,0,0,0,0,0,0,0,295778185,0,0,0,502532629,0,0,0,0,0,0,0,96466913,140466206,341397717,177391314432,83990297,1,0,0,0,0,0,0,0,0,0,0,0,0,0,0,0,0,0,0,0,0,0,0,0,0,0,0,0,0,0,0,1199,0,0,0,0,0,0,0
1782976215.394,0,0,0,0,0,0,0,791476051,2297643485696,951294721536,0,0,0,0,0,0,0,0,0,0,0,0,0,0,0,0,0,0,0,0,0,0,0,0,0,0,0,0,0,0,0,0,0,0,0,0,0,0,0,0,0,0,0,0,0,0,0,0,0,0,0,0,0,0,0,0,0,0,7,1853467,140553712,44655054,0,0,0,0,0,0,0,0,0,0,0,0,0,0,0,0,0,0,0,0,0,0,0,0,0,0,0,0,0,0,0,0,0,0,0,0,0,12874743808,4592484352,785813,280304,44592474,524,0,96,786432,139563613,811153,6,3836571876,12884901888,24050,735962575,0,0,0,0,0,0,0,0,0,0,0,0,0,0,0,0,0,0,18745217,118641525,0,468,1202,7661,620,37490721,35,0,0,0,0,0,0,0,1,0,0,0,0,0,0,0,0,0,0,24453485,0,44592730,820218,0,0,0,0,0,0,0,0,16384,0,0,0,0,0,0,0,0,0,0,0,3797,422,0,0,0,0,0,56984860,0,147,0,2,422,3797,0,0,0,0,0,0,0,0,0,0,0,0,0,0,0,0,0,0,0,0,0,0,0,0,0,0,0,0,0,0,0,0,0,0,0,0,0,0,0,0,0,0,0,0,0,0,0,0,0,0,0,0,0,0,295854957,0,0,0,502612937,0,0,0,0,0,0,0,96498429,140521940,341491591,177431324160,84017209,1,1,0,0,0,0,0,0,0,0,0,0,0,0,0,0,0,0,0,0,0,0,0,0,0,0,0,0,0,0,0,1124,0,0,0,0,0,0,0
1782976216.457,0,0,0,0,0,0,0,791638637,2298550159872,951655627264,0,0,0,0,0,0,0,0,0,0,0,0,0,0,0,0,0,0,0,0,0,0,0,0,0,0,0,0,0,0,0,0,0,0,0,0,0,0,0,0,0,0,0,0,0,0,0,0,0,0,0,0,0,0,0,0,0,0,7,1853489,140609180,44674425,0,0,0,0,0,0,0,0,0,0,0,0,0,0,0,0,0,0,0,0,0,0,0,0,0,0,0,0,0,0,0,0,0,0,0,0,0,12875890688,4539957248,785882,277097,44612552,454,0,96,786432,139619030,811153,6,3837376716,12884901888,24050,736070666,0,0,0,0,0,0,0,0,0,0,0,0,0,0,0,0,0,0,18749926,118646235,0,468,1202,7661,620,37500145,35,0,0,0,0,0,0,0,1,0,0,0,0,0,0,0,0,0,0,24458899,0,44612296,820553,0,0,0,0,0,0,0,0,16384,0,0,0,0,0,0,0,0,0,0,0,3798,422,0,0,0,0,0,56999157,0,147,0,2,422,3798,0,0,0,0,0,0,0,0,0,0,0,0,0,0,0,0,0,0,0,0,0,0,0,0,0,0,0,0,0,0,0,0,0,0,0,0,0,0,0,0,0,0,0,0,0,0,0,0,0,0,0,0,0,0,295928779,0,0,0,502692992,0,0,0,0,0,0,0,96529231,140577271,341585021,177469581312,84042921,1,1,0,0,0,0,0,0,0,0,0,0,0,0,0,0,0,0,0,0,0,0,0,0,0,0,0,0,0,0,0,1038,0,0,0,0,0,0,0
1782976217.524,0,0,0,0,0,0,0,791802104,2299466615296,951965917184,0,0,0,0,0,0,0,0,0,0,0,0,0,0,0,0,0,0,0,0,0,0,0,0,0,0,0,0,0,0,0,0,0,0,0,0,0,0,0,0,0,0,0,0,0,0,0,0,0,0,0,0,0,0,0,0,0,0,7,1853513,140665232,44690668,0,0,0,0,0,0,0,0,0,0,0,0,0,0,0,0,0,0,0,0,0,0,0,0,0,0,0,0,0,0,0,0,0,0,0,0,0,12875579392,4538449920,785863,277005,44628795,472,0,97,786432,139675010,811153,6,3838185359,12884901888,24050,736178225,0,0,0,0,0,0,0,0,0,0,0,0,0,0,0,0,0,0,18754672,118650981,0,468,1202,7661,620,37509630,35,0,0,0,0,0,0,0,1,0,0,0,0,0,0,0,0,0,0,24464358,0,44628539,820865,0,0,0,0,0,0,0,0,16384,0,0,0,0,0,0,0,0,0,0,0,3800,422,0,0,0,0,0,57013608,0,147,0,2,422,3800,0,0,0,0,0,0,0,0,0,0,0,0,0,0,0,0,0,0,0,0,0,0,0,0,0,0,0,0,0,0,0,0,0,0,0,0,0,0,0,0,0,0,0,0,0,0,0,0,0,0,0,0,0,0,296002417,0,0,0,502773542,0,0,0,0,0,0,0,96559528,140633196,341675142,177507869696,84068633,1,0,0,0,0,0,0,0,0,0,0,0,0,0,0,0,0,0,0,0,0,0,0,0,0,0,0,0,0,0,0,1010,0,0,0,0,0,0,0
1782976218.591,0,0,0,0,0,0,0,791970176,2300398537216,952281038336,0,0,0,0,0,0,0,0,0,0,0,0,0,0,0,0,0,0,0,0,0,0,0,0,0,0,0,0,0,0,0,0,0,0,0,0,0,0,0,0,0,0,0,0,0,0,0,0,0,0,0,0,0,0,0,0,0,0,7,1853542,140722213,44707080,0,0,0,0,0,0,0,0,0,0,0,0,0,0,0,0,0,0,0,0,0,0,0,0,0,0,0,0,0,0,0,0,0,0,0,0,0,12878479360,4542087168,786040,277227,44645207,296,0,96,786432,139731938,811153,6,3839016207,12884901888,24050,736289685,0,0,0,0,0,0,0,0,0,0,0,0,0,0,0,0,0,0,18759541,118655850,0,468,1202,7661,620,37519369,35,0,0,0,0,0,0,0,1,0,0,0,0,0,0,0,0,0,0,24469954,0,44644951,821186,0,0,0,0,0,0,0,0,16384,0,0,0,0,0,0,0,0,0,0,0,3801,422,0,0,0,0,0,57028417,0,147,0,2,422,3801,0,0,0,0,0,0,0,0,0,0,0,0,0,0,0,0,0,0,0,0,0,0,0,0,0,0,0,0,0,0,0,0,0,0,0,0,0,0,0,0,0,0,0,0,0,0,0,0,0,0,0,0,0,0,296079792,0,0,0,502856179,0,0,0,0,0,0,0,96593266,140690039,341769170,177548166144,84097519,1,0,0,0,0,0,0,0,0,0,0,0,0,0,0,0,0,0,0,0,0,0,0,0,0,0,0,0,0,0,0,1067,0,0,0,0,0,0,0
1782976219.655,0,0,0,0,0,0,0,792138739,2301336734208,952596161024,0,0,0,0,0,0,0,0,0,0,0,0,0,0,0,0,0,0,0,0,0,0,0,0,0,0,0,0,0,0,0,0,0,0,0,0,0,0,0,0,0,0,0,0,0,0,0,0,0,0,0,0,0,0,0,0,0,0,7,1853568,140779629,44723468,0,0,0,0,0,0,0,0,0,0,0,0,0,0,0,0,0,0,0,0,0,0,0,0,0,0,0,0,0,0,0,0,0,0,0,0,0,12877676544,4547706880,785991,277569,44661568,344,0,97,786432,139789288,811153,6,3839850237,12884901888,24050,736401181,0,0,0,0,0,0,0,0,0,0,0,0,0,0,0,0,0,0,18764422,118660728,0,468,1202,7661,620,37529135,35,0,0,0,0,0,0,0,1,0,0,0,0,0,0,0,0,0,0,24475562,0,44661312,821510,0,0,0,0,0,0,0,0,16384,0,0,0,0,0,0,0,0,0,0,0,3802,422,0,0,0,0,0,57043230,0,147,0,2,422,3802,0,0,0,0,0,0,0,0,0,0,0,0,0,0,0,0,0,0,0,0,0,0,0,0,0,0,0,0,0,0,0,0,0,0,0,0,0,0,0,0,0,0,0,0,0,0,0,0,0,0,0,0,0,0,296157720,0,0,0,502939075,0,0,0,0,0,0,0,96627374,140747311,341863713,177588744704,84126835,0,1,0,0,0,0,0,0,0,0,0,0,0,0,0,0,0,0,0,0,0,0,0,0,0,0,0,0,0,0,0,1134,0,0,0,0,0,0,0
1782976220.723,0,0,0,0,0,0,0,792307757,2302278273536,952911448576,0,0,0,0,0,0,0,0,0,0,0,0,0,0,0,0,0,0,0,0,0,0,0,0,0,0,0,0,0,0,0,0,0,0,0,0,0,0,0,0,0,0,0,0,0,0,0,0,0,0,0,0,0,0,0,0,0,0,7,1853598,140837218,44739818,0,0,0,0,0,0,0,0,0,0,0,0,0,0,0,0,0,0,0,0,0,0,0,0,0,0,0,0,0,0,0,0,0,0,0,0,0,12875022336,4556275712,785829,278093,44677945,506,0,96,786432,139846819,811153,6,3840687264,12884901888,24050,736514503,0,0,0,0,0,0,0,0,0,0,0,0,0,0,0,0,0,0,18769310,118665619,0,468,1202,7661,620,37538907,35,0,0,0,0,0,0,0,1,0,0,0,0,0,0,0,0,0,0,24481189,0,44677689,821833,0,0,0,0,0,0,0,0,16384,0,0,0,0,0,0,0,0,0,0,0,3803,422,0,0,0,0,0,57058085,0,147,0,2,422,3803,0,0,0,0,0,0,0,0,0,0,0,0,0,0,0,0,0,0,0,0,0,0,0,0,0,0,0,0,0,0,0,0,0,0,0,0,0,0,0,0,0,0,0,0,0,0,0,0,0,0,0,0,0,0,296237372,0,0,0,503022489,0,0,0,0,0,0,0,96661964,140804763,341959911,177630288896,84156542,1,1,0,0,0,0,0,0,0,0,0,0,0,0,0,0,0,0,0,0,0,0,0,0,0,0,0,0,0,0,0,812,0,0,0,0,0,0,0
1782976221.791,0,0,0,0,0,0,0,792476675,2303218174464,953227514368,0,0,0,0,0,0,0,0,0,0,0,0,0,0,0,0,0,0,0,0,0,0,0,0,0,0,0,0,0,0,0,0,0,0,0,0,0,0,0,0,0,0,0,0,0,0,0,0,0,0,0,0,0,0,0,0,0,0,7,1853620,140894723,44756251,0,0,0,0,0,0,0,0,0,0,0,0,0,0,0,0,0,0,0,0,0,0,0,0,0,0,0,0,0,0,0,0,0,0,0,0,0,12875776000,4562944000,785876,278501,44694348,462,0,96,786432,139904258,811153,6,3841524992,12884901888,24050,736628241,0,0,0,0,0,0,0,0,0,0,0,0,0,0,0,0,0,0,18774209,118670518,0,468,1202,7661,620,37548707,35,0,0,0,0,0,0,0,1,0,0,0,0,0,0,0,0,0,0,24486819,0,44694092,822144,0,0,0,0,0,0,0,0,16384,0,0,0,0,0,0,0,0,0,0,0,3804,422,0,0,0,0,0,57072995,0,147,0,2,422,3804,0,0,0,0,0,0,0,0,0,0,0,0,0,0,0,0,0,0,0,0,0,0,0,0,0,0,0,0,0,0,0,0,0,0,0,0,0,0,0,0,0,0,0,0,0,0,0,0,0,0,0,0,0,0,296315286,0,0,0,503106278,0,0,0,0,0,0,0,96695825,140862129,342054531,177670859776,84185485,0,0,0,0,0,0,0,0,0,0,0,0,0,0,0,0,0,0,0,0,0,0,0,0,0,0,0,0,0,0,0,151,0,0,0,0,0,0,0
1782976222.859,0,0,0,0,0,0,0,792646151,2304164006400,953542583296,0,0,0,0,0,0,0,0,0,0,0,0,0,0,0,0,0,0,0,0,0,0,0,0,0,0,0,0,0,0,0,0,0,0,0,0,0,0,0,0,0,0,0,0,0,0,0,0,0,0,0,0,0,0,0,0,0,0,7,1853638,140952586,44772629,0,0,0,0,0,0,0,0,0,0,0,0,0,0,0,0,0,0,0,0,0,0,0,0,0,0,0,0,0,0,0,0,0,0,0,0,0,12874481664,4570693632,785796,278973,44710735,539,0,96,786432,139962058,811153,6,3842363225,12884901888,24050,736740632,0,0,0,0,0,0,0,0,0,0,0,0,0,0,0,0,0,0,18779113,118675422,0,468,1202,7661,620,37558512,35,0,0,0,0,0,0,0,1,0,0,0,0,0,0,0,0,0,0,24492460,0,44710501,822472,0,0,0,0,0,0,0,0,16384,0,0,0,0,0,0,0,0,0,0,0,3805,422,0,0,0,0,0,57087911,0,147,0,2,422,3805,0,0,0,0,0,0,0,0,0,0,0,0,0,0,0,0,0,0,0,0,0,0,0,0,0,0,0,0,0,0,0,0,0,0,0,0,0,0,0,0,0,0,0,0,0,0,0,0,0,0,0,0,0,0,296393057,0,0,0,503189573,0,0,0,0,0,0,0,96730585,140919855,342148907,177711383552,84215195,1,1,0,0,0,0,0,0,0,0,0,0,0,0,0,0,0,0,0,0,0,0,0,0,0,0,0,0,0,0,0,223,0,0,0,0,0,0,0
1782976223.925,0,0,0,0,0,0,0,792816908,2305116441088,953862860288,0,0,0,0,0,0,0,0,0,0,0,0,0,0,0,0,0,0,0,0,0,0,0,0,0,0,0,0,0,0,0,0,0,0,0,0,0,0,0,0,0,0,0,0,0,0,0,0,0,0,0,0,0,0,0,0,0,0,7,1853660,141010838,44789266,0,0,0,0,0,0,0,0,0,0,0,0,0,0,0,0,0,0,0,0,0,0,0,0,0,0,0,0,0,0,0,0,0,0,0,0,0,12875104256,4576821248,785834,279346,44727393,501,0,96,786432,140020250,811153,6,3843208348,12884901888,24050,736853580,0,0,0,0,0,0,0,0,0,0,0,0,0,0,0,0,0,0,18784060,118680369,0,468,1202,7661,620,37568405,35,0,0,0,0,0,0,0,1,0,0,0,0,0,0,0,0,0,0,24498150,0,44727137,822793,0,0,0,0,0,0,0,0,16384,0,0,0,0,0,0,0,0,0,0,0,3806,422,0,0,0,0,0,57102926,0,147,0,2,422,3806,0,0,0,0,0,0,0,0,0,0,0,0,0,0,0,0,0,0,0,0,0,0,0,0,0,0,0,0,0,0,0,0,0,0,0,0,0,0,0,0,0,0,0,0,0,0,0,0,0,0,0,0,0,0,296473006,0,0,0,503273457,0,0,0,0,0,0,0,96765789,140977964,342245722,177752912896,84245388,0,1,0,0,0,0,0,0,0,0,0,0,0,0,0,0,0,0,0,0,0,0,0,0,0,0,0,0,0,0,0,366,0,0,0,0,0,0,0
1782976224.992,0,0,0,0,0,0,0,792985254,2306059684352,954178431488,0,0,0,0,0,0,0,0,0,0,0,0,0,0,0,0,0,0,0,0,0,0,0,0,0,0,0,0,0,0,0,0,0,0,0,0,0,0,0,0,0,0,0,0,0,0,0,0,0,0,0,0,0,0,0,0,0,0,7,1853689,141068539,44805630,0,0,0,0,0,0,0,0,0,0,0,0,0,0,0,0,0,0,0,0,0,0,0,0,0,0,0,0,0,0,0,0,0,0,0,0,0,12878233600,4585275392,786025,279863,44743757,310,0,97,786432,140077894,811153,6,3844041777,12884901888,24050,736964855,0,0,0,0,0,0,0,0,0,0,0,0,0,0,0,0,0,0,18788939,118685248,0,468,1202,7661,620,37578169,35,0,0,0,0,0,0,0,1,0,0,0,0,0,0,0,0,0,0,24503762,0,44743501,823117,0,0,0,0,0,0,0,0,16384,0,0,0,0,0,0,0,0,0,0,0,3807,422,0,0,0,0,0,57117780,0,147,0,2,422,3807,0,0,0,0,0,0,0,0,0,0,0,0,0,0,0,0,0,0,0,0,0,0,0,0,0,0,0,0,0,0,0,0,0,0,0,0,0,0,0,0,0,0,0,0,0,0,0,0,0,0,0,0,0,0,296552295,0,0,0,503356241,0,0,0,0,0,0,0,96800825,141035512,342341606,177794187264,84275372,1,1,0,0,0,0,0,0,0,0,0,0,0,0,0,0,0,0,0,0,0,0,0,0,0,0,0,0,0,0,0,432,0,0,0,0,0,0,0
1782976226.057,0,0,0,0,0,0,0,793154473,2307006188032,954497880064,0,0,0,0,0,0,0,0,0,0,0,0,0,0,0,0,0,0,0,0,0,0,0,0,0,0,0,0,0,0,0,0,0,0,0,0,0,0,0,0,0,0,0,0,0,0,0,0,0,0,0,0,0,0,0,0,0,0,7,1853711,141126412,44822238,0,0,0,0,0,0,0,0,0,0,0,0,0,0,0,0,0,0,0,0,0,0,0,0,0,0,0,0,0,0,0,0,0,0,0,0,0,12874481664,4588453888,785797,280057,44760338,538,0,96,786432,140135708,811153,6,3844878440,12884901888,24050,737076733,0,0,0,0,0,0,0,0,0,0,0,0,0,0,0,0,0,0,18793844,118690153,0,468,1202,7661,620,37587979,35,0,0,0,0,0,0,0,1,0,0,0,0,0,0,0,0,0,0,24509393,0,44760082,823441,0,0,0,0,0,0,0,0,16384,0,0,0,0,0,0,0,0,0,0,0,3808,422,0,0,0,0,0,57132669,0,147,0,2,422,3808,0,0,0,0,0,0,0,0,0,0,0,0,0,0,0,0,0,0,0,0,0,0,0,0,0,0,0,0,0,0,0,0,0,0,0,0,0,0,0,0,0,0,0,0,0,0,0,0,0,0,0,0,0,0,296631513,0,0,0,503439501,0,0,0,0,0,0,0,96835470,141093272,342437662,177835223040,84305030,1,0,0,0,0,0,0,0,0,0,0,0,0,0,0,0,0,0,0,0,0,0,0,0,0,0,0,0,0,0,0,523,0,0,0,0,0,0,0
1782976227.126,0,0,0,0,0,0,0,793323697,2307948792320,954814165504,0,0,0,0,0,0,0,0,0,0,0,0,0,0,0,0,0,0,0,0,0,0,0,0,0,0,0,0,0,0,0,0,0,0,0,0,0,0,0,0,0,0,0,0,0,0,0,0,0,0,0,0,0,0,0,0,0,0,7,1853732,141184112,44838665,0,0,0,0,0,0,0,0,0,0,0,0,0,0,0,0,0,0,0,0,0,0,0,0,0,0,0,0,0,0,0,0,0,0,0,0,0,12878315520,4594024448,786031,280397,44776792,307,0,97,786432,140193340,811153,6,3845715628,12884901888,24050,737188883,0,0,0,0,0,0,0,0,0,0,0,0,0,0,0,0,0,0,18798744,118695053,0,468,1202,7661,620,37597775,35,0,0,0,0,0,0,0,1,0,0,0,0,0,0,0,0,0,0,24515031,0,44776536,823760,0,0,0,0,0,0,0,0,16384,0,0,0,0,0,0,0,0,0,0,0,3809,422,0,0,0,0,0,57147555,0,147,0,2,422,3809,0,0,0,0,0,0,0,0,0,0,0,0,0,0,0,0,0,0,0,0,0,0,0,0,0,0,0,0,0,0,0,0,0,0,0,0,0,0,0,0,0,0,0,0,0,0,0,0,0,0,0,0,0,0,296710917,0,0,0,503522620,0,0,0,0,0,0,0,96870537,141150782,342533705,177876420096,84335178,0,0,0,0,0,0,0,0,0,0,0,0,0,0,0,0,0,0,0,0,0,0,0,0,0,0,0,0,0,0,0,597,0,0,0,0,0,0,0
1782976228.195,0,0,0,0,0,0,0,793492743,2308889676288,955129506304,0,0,0,0,0,0,0,0,0,0,0,0,0,0,0,0,0,0,0,0,0,0,0,0,0,0,0,0,0,0,0,0,0,0,0,0,0,0,0,0,0,0,0,0,0,0,0,0,0,0,0,0,0,0,0,0,0,0,7,1853755,141241673,44855031,0,0,0,0,0,0,0,0,0,0,0,0,0,0,0,0,0,0,0,0,0,0,0,0,0,0,0,0,0,0,0,0,0,0,0,0,0,12875251712,4598595584,785843,280676,44793154,493,0,96,786432,140250838,811153,6,3846551512,12884901888,24050,737300387,0,0,0,0,0,0,0,0,0,0,0,0,0,0,0,0,0,0,18803643,118699952,0,468,1202,7661,620,37607570,35,0,0,0,0,0,0,0,1,0,0,0,0,0,0,0,0,0,0,24520657,0,44792898,824075,0,0,0,0,0,0,0,0,16384,0,0,0,0,0,0,0,0,0,0,0,3810,422,0,0,0,0,0,57162444,0,147,0,2,422,3810,0,0,0,0,0,0,0,0,0,0,0,0,0,0,0,0,0,0,0,0,0,0,0,0,0,0,0,0,0,0,0,0,0,0,0,0,0,0,0,0,0,0,0,0,0,0,0,0,0,0,0,0,0,0,296789956,0,0,0,503605690,0,0,0,0,0,0,0,96905242,141208177,342629368,177917378560,84365032,0,0,0,0,0,0,0,0,0,0,0,0,0,0,0,0,0,0,0,0,0,0,0,0,0,0,0,0,0,0,0,692,0,0,0,0,0,0,0
1782976229.264,0,0,0,0,0,0,0,793658236,2309810883072,955440837632,0,0,0,0,0,0,0,0,0,0,0,0,0,0,0,0,0,0,0,0,0,0,0,0,0,0,0,0,0,0,0,0,0,0,0,0,0,0,0,0,0,0,0,0,0,0,0,0,0,0,0,0,0,0,0,0,0,0,7,1853782,141298041,44871189,0,0,0,0,0,0,0,0,0,0,0,0,0,0,0,0,0,0,0,0,0,0,0,0,0,0,0,0,0,0,0,0,0,0,0,0,0,12873154560,4601626624,785715,280862,44809284,621,0,97,786432,140307130,811153,6,3847369938,12884901888,24050,737409890,0,0,0,0,0,0,0,0,0,0,0,0,0,0,0,0,0,0,18808444,118704751,0,468,1202,7661,620,37617179,35,0,0,0,0,0,0,0,1,0,0,0,0,0,0,0,0,0,0,24526173,0,44809066,824385,0,0,0,0,0,0,0,0,16384,0,0,0,0,0,0,0,0,0,0,0,3811,422,0,0,0,0,0,57177014,0,147,0,2,422,3811,0,0,0,0,0,0,0,0,0,0,0,0,0,0,0,0,0,0,0,0,0,0,0,0,0,0,0,0,0,0,0,0,0,0,0,0,0,0,0,0,0,0,0,0,0,0,0,0,0,0,0,0,0,0,296868314,0,0,0,503687254,0,0,0,0,0,0,0,96937613,141264416,342724063,177958068224,84392741,1,1,0,0,0,0,0,0,0,0,0,0,0,0,0,0,0,0,0,0,0,0,0,0,0,0,0,0,0,0,0,681,0,0,0,0,0,0,0
1782976230.329,0,0,0,0,0,0,0,793825877,2310742641152,955754806272,0,0,0,0,0,0,0,0,0,0,0,0,0,0,0,0,0,0,0,0,0,0,0,0,0,0,0,0,0,0,0,0,0,0,0,0,0,0,0,0,0,0,0,0,0,0,0,0,0,0,0,0,0,0,0,0,0,0,7,1853801,141355045,44887477,0,0,0,0,0,0,0,0,0,0,0,0,0,0,0,0,0,0,0,0,0,0,0,0,0,0,0,0,0,0,0,0,0,0,0,0,0,12875120640,4606017536,785833,281129,44825604,499,0,100,786432,140364087,811153,6,3848199000,12884901888,24050,737520737,0,0,0,0,0,0,0,0,0,0,0,0,0,0,0,0,0,0,18813298,118709607,0,468,1202,7661,620,37626883,35,0,0,0,0,0,0,0,1,0,0,0,0,0,0,0,0,0,0,24531750,0,44825348,824706,0,0,0,0,0,0,0,0,16384,0,0,0,0,0,0,0,0,0,0,0,3812,422,0,0,0,0,0,57191771,0,147,0,2,422,3812,0,0,0,0,0,0,0,0,0,0,0,0,0,0,0,0,0,0,0,0,0,0,0,0,0,0,0,0,0,0,0,0,0,0,0,0,0,0,0,0,0,0,0,0,0,0,0,0,0,0,0,0,0,0,296947787,0,0,0,503769680,0,0,0,0,0,0,0,96970729,141321289,342820073,177999377408,84421007,1,1,0,0,0,0,0,0,0,0,0,0,0,0,0,0,0,0,0,0,0,0,0,0,0,0,0,0,0,0,0,740,0,0,0,0,0,0,0
1782976231.399,0,0,0,0,0,0,0,793989243,2311655262720,956087683072,0,0,0,0,0,0,0,0,0,0,0,0,0,0,0,0,0,0,0,0,0,0,0,0,0,0,0,0,0,0,0,0,0,0,0,0,0,0,0,0,0,0,0,0,0,0,0,0,0,0,0,0,0,0,0,0,0,0,7,1853819,141410864,44904970,0,0,0,0,0,0,0,0,0,0,0,0,0,0,0,0,0,0,0,0,0,0,0,0,0,0,0,0,0,0,0,0,0,0,0,0,0,12874596352,4585111552,785802,279853,44841945,532,0,97,786432,140419854,811153,6,3849007470,12884901888,24050,737629205,0,0,0,0,0,0,0,0,0,0,0,0,0,0,0,0,0,0,18818032,118714339,0,468,1202,7661,620,37636350,35,0,0,0,0,0,0,0,1,0,0,0,0,0,0,0,0,0,0,24537186,0,44842841,825024,0,0,0,0,0,0,0,0,16384,0,0,0,0,0,0,0,0,0,0,0,3813,422,0,0,0,0,0,57206148,0,147,0,2,422,3813,0,0,0,0,0,0,0,0,0,0,0,0,0,0,0,0,0,0,0,0,0,0,0,0,0,0,0,0,0,0,0,0,0,0,0,0,0,0,0,0,0,0,0,0,0,0,0,0,0,0,0,0,0,0,297025989,0,0,0,503850163,0,0,0,0,0,0,0,97002250,141376995,342915998,178039982592,84447705,1,0,0,0,0,0,0,0,0,0,0,0,0,0,0,0,0,0,0,0,0,0,0,0,0,0,0,0,0,0,0,670,0,0,0,0,0,0,0
1782976232.467,0,0,0,0,0,0,0,794148286,2312547125760,956435517952,0,0,0,0,0,0,0,0,0,0,0,0,0,0,0,0,0,0,0,0,0,0,0,0,0,0,0,0,0,0,0,0,0,0,0,0,0,0,0,0,0,0,0,0,0,0,0,0,0,0,0,0,0,0,0,0,0,0,7,1853842,141465435,44923468,0,0,0,0,0,0,0,0,0,0,0,0,0,0,0,0,0,0,0,0,0,0,0,0,0,0,0,0,0,0,0,0,0,0,0,0,0,12882706432,4542234624,786298,277236,44861595,36,0,98,786432,140474353,811153,6,3849794324,12884901888,24050,737734626,0,0,0,0,0,0,0,0,0,0,0,0,0,0,0,0,0,0,18822636,118718945,0,468,1202,7661,620,37645565,35,0,0,0,0,0,0,0,1,0,0,0,0,0,0,0,0,0,0,24542485,0,44861339,825339,0,0,0,0,0,0,0,0,16384,0,0,0,0,0,0,0,0,0,0,0,3814,422,0,0,0,0,0,57220161,0,147,0,2,422,3814,0,0,0,0,0,0,0,0,0,0,0,0,0,0,0,0,0,0,0,0,0,0,0,0,0,0,0,0,0,0,0,0,0,0,0,0,0,0,0,0,0,0,0,0,0,0,0,0,0,0,0,0,0,0,297101632,0,0,0,503928611,0,0,0,0,0,0,0,97032441,141431428,343010362,178079208448,84473194,0,0,0,0,0,0,0,0,0,0,0,0,0,0,0,0,0,0,0,0,0,0,0,0,0,0,0,0,0,0,0,487,0,0,0,0,0,0,0
1782976233.534,0,0,0,0,0,0,0,794313255,2313470003712,956747131392,0,0,0,0,0,0,0,0,0,0,0,0,0,0,0,0,0,0,0,0,0,0,0,0,0,0,0,0,0,0,0,0,0,0,0,0,0,0,0,0,0,0,0,0,0,0,0,0,0,0,0,0,0,0,0,0,0,0,7,1853871,141521885,44939623,0,0,0,0,0,0,0,0,0,0,0,0,0,0,0,0,0,0,0,0,0,0,0,0,0,0,0,0,0,0,0,0,0,0,0,0,0,12876529664,4546953216,785921,277524,44877750,413,0,96,786432,140530743,811153,6,3850610660,12884901888,24050,737843874,0,0,0,0,0,0,0,0,0,0,0,0,0,0,0,0,0,0,18827415,118723724,0,468,1202,7661,620,37655115,35,0,0,0,0,0,0,0,1,0,0,0,0,0,0,0,0,0,0,24547979,0,44877494,825662,0,0,0,0,0,0,0,0,16384,0,0,0,0,0,0,0,0,0,0,0,3816,422,0,0,0,0,0,57234688,0,147,0,2,422,3816,0,0,0,0,0,0,0,0,0,0,0,0,0,0,0,0,0,0,0,0,0,0,0,0,0,0,0,0,0,0,0,0,0,0,0,0,0,0,0,0,0,0,0,0,0,0,0,0,0,0,0,0,0,0,297180671,0,0,0,504009757,0,0,0,0,0,0,0,97065401,141487725,343105792,178120283648,84501289,0,0,0,0,0,0,0,0,0,0,0,0,0,0,0,0,0,0,0,0,0,0,0,0,0,0,0,0,0,0,0,456,0,0,0,0,0,0,0
1782976234.601,0,0,0,0,0,0,0,794478652,2314390702592,957060629504,0,0,0,0,0,0,0,0,0,0,0,0,0,0,0,0,0,0,0,0,0,0,0,0,0,0,0,0,0,0,0,0,0,0,0,0,0,0,0,0,0,0,0,0,0,0,0,0,0,0,0,0,0,0,0,0,0,0,7,1853902,141578197,44955921,0,0,0,0,0,0,0,0,0,0,0,0,0,0,0,0,0,0,0,0,0,0,0,0,0,0,0,0,0,0,0,0,0,0,0,0,0,12877037568,4549738496,785952,277694,44894048,383,0,97,786432,140586996,811153,6,3851428974,12884901888,24050,737953709,0,0,0,0,0,0,0,0,0,0,0,0,0,0,0,0,0,0,18832210,118728517,0,468,1202,7661,620,37664706,35,0,0,0,0,0,0,0,1,0,0,0,0,0,0,0,0,0,0,24553484,0,44893792,825978,0,0,0,0,0,0,0,0,16384,0,0,0,0,0,0,0,0,0,0,0,3817,422,0,0,0,0,0,57249265,0,147,0,2,422,3817,0,0,0,0,0,0,0,0,0,0,0,0,0,0,0,0,0,0,0,0,0,0,0,0,0,0,0,0,0,0,0,0,0,0,0,0,0,0,0,0,0,0,0,0,0,0,0,0,0,0,0,0,0,0,297258926,0,0,0,504091220,0,0,0,0,0,0,0,97097999,141543882,343200545,178160913408,84529132,1,0,0,0,0,0,0,0,0,0,0,0,0,0,0,0,0,0,0,0,0,0,0,0,0,0,0,0,0,0,0,452,0,0,0,0,0,0,0
1782976235.672,0,0,0,0,0,0,0,794647044,2315333765632,957374310912,0,0,0,0,0,0,0,0,0,0,0,0,0,0,0,0,0,0,0,0,0,0,0,0,0,0,0,0,0,0,0,0,0,0,0,0,0,0,0,0,0,0,0,0,0,0,0,0,0,0,0,0,0,0,0,0,0,0,7,1853924,141635921,44972213,0,0,0,0,0,0,0,0,0,0,0,0,0,0,0,0,0,0,0,0,0,0,0,0,0,0,0,0,0,0,0,0,0,0,0,0,0,12876447744,4556603392,785916,278113,44910337,420,0,96,786432,140644664,811153,6,3852261722,12884901888,24050,738064537,0,0,0,0,0,0,0,0,0,0,0,0,0,0,0,0,0,0,18837093,118733402,0,468,1202,7661,620,37674473,35,0,0,0,0,0,0,0,1,0,0,0,0,0,0,0,0,0,0,24559101,0,44910091,826298,0,0,0,0,0,0,0,0,16384,0,0,0,0,0,0,0,0,0,0,0,3818,422,0,0,0,0,0,57264149,0,147,0,2,422,3818,0,0,0,0,0,0,0,0,0,0,0,0,0,0,0,0,0,0,0,0,0,0,0,0,0,0,0,0,0,0,0,0,0,0,0,0,0,0,0,0,0,0,0,0,0,0,0,0,0,0,0,0,0,0,297337640,0,0,0,504174116,0,0,0,0,0,0,0,97132437,141601436,343295783,178201754112,84558623,1,0,0,0,0,0,0,0,0,0,0,0,0,0,0,0,0,0,0,0,0,0,0,0,0,0,0,0,0,0,0,504,0,0,0,0,0,0,0
1782976236.740,0,0,0,0,0,0,0,794816564,2316284889600,957691994624,0,0,0,0,0,0,0,0,0,0,0,0,0,0,0,0,0,0,0,0,0,0,0,0,0,0,0,0,0,0,0,0,0,0,0,0,0,0,0,0,0,0,0,0,0,0,0,0,0,0,0,0,0,0,0,0,0,0,7,1853948,141694103,44988698,0,0,0,0,0,0,0,0,0,0,0,0,0,0,0,0,0,0,0,0,0,0,0,0,0,0,0,0,0,0,0,0,0,0,0,0,0,12876496896,4562288640,785919,278461,44926764,418,0,97,786432,140702785,811153,6,3853100217,12884901888,24050,738176648,0,0,0,0,0,0,0,0,0,0,0,0,0,0,0,0,0,0,18842000,118738309,0,468,1202,7661,620,37684286,35,0,0,0,0,0,0,0,1,0,0,0,0,0,0,0,0,0,0,24564740,0,44926574,826617,0,0,0,0,0,0,0,0,16384,0,0,0,0,0,0,0,0,0,0,0,3819,422,0,0,0,0,0,57279073,0,147,0,2,422,3819,0,0,0,0,0,0,0,0,0,0,0,0,0,0,0,0,0,0,0,0,0,0,0,0,0,0,0,0,0,0,0,0,0,0,0,0,0,0,0,0,0,0,0,0,0,0,0,0,0,0,0,0,0,0,297417424,0,0,0,504257403,0,0,0,0,0,0,0,97167874,141659468,343392273,178243270656,84589019,1,1,0,0,0,0,0,0,0,0,0,0,0,0,0,0,0,0,0,0,0,0,0,0,0,0,0,0,0,0,0,591,0,0,0,0,0,0,0
1782976237.809,0,0,0,0,0,0,0,794986677,2317233654272,958011642368,0,0,0,0,0,0,0,0,0,0,0,0,0,0,0,0,0,0,0,0,0,0,0,0,0,0,0,0,0,0,0,0,0,0,0,0,0,0,0,0,0,0,0,0,0,0,0,0,0,0,0,0,0,0,0,0,0,0,7,1853972,141752131,45005404,0,0,0,0,0,0,0,0,0,0,0,0,0,0,0,0,0,0,0,0,0,0,0,0,0,0,0,0,0,0,0,0,0,0,0,0,0,12873793536,4564533248,785754,278597,44943531,581,0,96,786432,140760753,811153,6,3853941703,12884901888,24050,738289197,0,0,0,0,0,0,0,0,0,0,0,0,0,0,0,0,0,0,18846928,118743237,0,468,1202,7661,620,37694145,35,0,0,0,0,0,0,0,1,0,0,0,0,0,0,0,0,0,0,24570405,0,44943275,826937,0,0,0,0,0,0,0,0,16384,0,0,0,0,0,0,0,0,0,0,0,3820,422,0,0,0,0,0,57294042,0,147,0,2,422,3820,0,0,0,0,0,0,0,0,0,0,0,0,0,0,0,0,0,0,0,0,0,0,0,0,0,0,0,0,0,0,0,0,0,0,0,0,0,0,0,0,0,0,0,0,0,0,0,0,0,0,0,0,0,0,297494113,0,0,0,504341028,0,0,0,0,0,0,0,97201791,141717344,343485900,178283125760,84617848,0,1,0,0,0,0,0,0,0,0,0,0,0,0,0,0,0,0,0,0,0,0,0,0,0,0,0,0,0,0,0,712,0,0,0,0,0,0,0
1782976238.876,0,0,0,0,0,0,0,795156236,2318179256832,958327657472,0,0,0,0,0,0,0,0,0,0,0,0,0,0,0,0,0,0,0,0,0,0,0,0,0,0,0,0,0,0,0,0,0,0,0,0,0,0,0,0,0,0,0,0,0,0,0,0,0,0,0,0,0,0,0,0,0,0,7,1853990,141809992,45021810,0,0,0,0,0,0,0,0,0,0,0,0,0,0,0,0,0,0,0,0,0,0,0,0,0,0,0,0,0,0,0,0,0,0,0,0,0,12873564160,4569858048,785740,278922,44959934,595,0,96,786432,140818557,811153,6,3854779595,12884901888,24050,738400737,0,0,0,0,0,0,0,0,0,0,0,0,0,0,0,0,0,0,18851841,118748148,0,468,1202,7661,620,37703970,35,0,0,0,0,0,0,0,1,0,0,0,0,0,0,0,0,0,0,24576057,0,44959678,827260,0,0,0,0,0,0,0,0,16384,0,0,0,0,0,0,0,0,0,0,0,3821,422,0,0,0,0,0,57308968,0,147,0,2,422,3821,0,0,0,0,0,0,0,0,0,0,0,0,0,0,0,0,0,0,0,0,0,0,0,0,0,0,0,0,0,0,0,0,0,0,0,0,0,0,0,0,0,0,0,0,0,0,0,0,0,0,0,0,0,0,297573344,0,0,0,504424321,0,0,0,0,0,0,0,97236434,141775063,343581798,178324170240,84647502,0,0,0,0,0,0,0,0,0,0,0,0,0,0,0,0,0,0,0,0,0,0,0,0,0,0,0,0,0,0,0,833,0,0,0,0,0,0,0
1782976239.945,0,0,0,0,0,0,0,795325362,2319126694400,958643930624,0,0,0,0,0,0,0,0,0,0,0,0,0,0,0,0,0,0,0,0,0,0,0,0,0,0,0,0,0,0,0,0,0,0,0,0,0,0,0,0,0,0,0,0,0,0,0,0,0,0,0,0,0,0,0,0,0,0,7,1854007,141867965,45038287,0,0,0,0,0,0,0,0,0,0,0,0,0,0,0,0,0,0,0,0,0,0,0,0,0,0,0,0,0,0,0,0,0,0,0,0,0,12877053952,4574117888,785954,279182,44976414,383,0,98,786432,140876441,811153,6,3855616425,12884901888,24050,738512452,0,0,0,0,0,0,0,0,0,0,0,0,0,0,0,0,0,0,18856747,118753055,0,468,1202,7661,620,37713778,35,0,0,0,0,0,0,0,1,0,0,0,0,0,0,0,0,0,0,24581692,0,44976158,827570,0,0,0,0,0,0,0,0,16384,0,0,0,0,0,0,0,0,0,0,0,3822,422,0,0,0,0,0,57323866,0,147,0,2,422,3822,0,0,0,0,0,0,0,0,0,0,0,0,0,0,0,0,0,0,0,0,0,0,0,0,0,0,0,0,0,0,0,0,0,0,0,0,0,0,0,0,0,0,0,0,0,0,0,0,0,0,0,0,0,0,297651305,0,0,0,504507576,0,0,0,0,0,0,0,97271321,141832892,343676452,178364581376,84677436,0,1,0,0,0,0,0,0,0,0,0,0,0,0,0,0,0,0,0,0,0,0,0,0,0,0,0,0,0,0,0,930,0,0,0,0,0,0,0
1782976241.013,0,0,0,0,0,0,0,795494120,2320065677824,958960557568,0,0,0,0,0,0,0,0,0,0,0,0,0,0,0,0,0,0,0,0,0,0,0,0,0,0,0,0,0,0,0,0,0,0,0,0,0,0,0,0,0,0,0,0,0,0,0,0,0,0,0,0,0,0,0,0,0,0,7,1854037,141925408,45054765,0,0,0,0,0,0,0,0,0,0,0,0,0,0,0,0,0,0,0,0,0,0,0,0,0,0,0,0,0,0,0,0,0,0,0,0,0,12873629696,4578852864,785744,279471,44992892,592,0,96,786432,140933836,811153,6,3856451486,12884901888,24050,738624464,0,0,0,0,0,0,0,0,0,0,0,0,0,0,0,0,0,0,18861638,118757947,0,468,1202,7661,620,37723561,35,0,0,0,0,0,0,0,1,0,0,0,0,0,0,0,0,0,0,24587321,0,44992636,827888,0,0,0,0,0,0,0,0,16384,0,0,0,0,0,0,0,0,0,0,0,3823,422,0,0,0,0,0,57338737,0,147,0,2,422,3823,0,0,0,0,0,0,0,0,0,0,0,0,0,0,0,0,0,0,0,0,0,0,0,0,0,0,0,0,0,0,0,0,0,0,0,0,0,0,0,0,0,0,0,0,0,0,0,0,0,0,0,0,0,0,297729332,0,0,0,504590549,0,0,0,0,0,0,0,97305789,141890197,343771176,178405185024,84706938,1,0,0,0,0,0,0,0,0,0,0,0,0,0,0,0,0,0,0,0,0,0,0,0,0,0,0,0,0,0,0,1011,0,0,0,0,0,0,0
1782976242.082,0,0,0,0,0,0,0,795662457,2321002924544,959272960000,0,0,0,0,0,0,0,0,0,0,0,0,0,0,0,0,0,0,0,0,0,0,0,0,0,0,0,0,0,0,0,0,0,0,0,0,0,0,0,0,0,0,0,0,0,0,0,0,0,0,0,0,0,0,0,0,0,0,7,1854063,141982722,45071039,0,0,0,0,0,0,0,0,0,0,0,0,0,0,0,0,0,0,0,0,0,0,0,0,0,0,0,0,0,0,0,0,0,0,0,0,0,12877676544,4587110400,785991,279975,45009166,345,0,96,786432,140991093,811153,6,3857284528,12884901888,24050,738736038,0,0,0,0,0,0,0,0,0,0,0,0,0,0,0,0,0,0,18866516,118762825,0,468,1202,7661,620,37733321,35,0,0,0,0,0,0,0,1,0,0,0,0,0,0,0,0,0,0,24592932,0,45008910,828204,0,0,0,0,0,0,0,0,16384,0,0,0,0,0,0,0,0,0,0,0,3824,422,0,0,0,0,0,57353580,0,147,0,2,422,3824,0,0,0,0,0,0,0,0,0,0,0,0,0,0,0,0,0,0,0,0,0,0,0,0,0,0,0,0,0,0,0,0,0,0,0,0,0,0,0,0,0,0,0,0,0,0,0,0,0,0,0,0,0,0,297805183,0,0,0,504673380,0,0,0,0,0,0,0,97339794,141947375,343863531,178444790272,84735914,0,0,0,0,0,0,0,0,0,0,0,0,0,0,0,0,0,0,0,0,0,0,0,0,0,0,0,0,0,0,0,1054,0,0,0,0,0,0,0
1782976243.150,0,0,0,0,0,0,0,795831736,2321947937280,959589933056,0,0,0,0,0,0,0,0,0,0,0,0,0,0,0,0,0,0,0,0,0,0,0,0,0,0,0,0,0,0,0,0,0,0,0,0,0,0,0,0,0,0,0,0,0,0,0,0,0,0,0,0,0,0,0,0,0,0,7,1854089,142040545,45087484,0,0,0,0,0,0,0,0,0,0,0,0,0,0,0,0,0,0,0,0,0,0,0,0,0,0,0,0,0,0,0,0,0,0,0,0,0,12880084992,4594204672,786138,280408,45025611,197,0,96,786432,141048850,811153,6,3858122506,12884901888,24050,738848530,0,0,0,0,0,0,0,0,0,0,0,0,0,0,0,0,0,0,18871417,118767725,0,468,1202,7661,620,37743124,35,0,0,0,0,0,0,0,1,0,0,0,0,0,0,0,0,0,0,24598566,0,45025355,828524,0,0,0,0,0,0,0,0,16384,0,0,0,0,0,0,0,0,0,0,0,3825,422,0,0,0,0,0,57368443,0,147,0,2,422,3825,0,0,0,0,0,0,0,0,0,0,0,0,0,0,0,0,0,0,0,0,0,0,0,0,0,0,0,0,0,0,0,0,0,0,0,0,0,0,0,0,0,0,0,0,0,0,0,0,0,0,0,0,0,0,297884443,0,0,0,504756596,0,0,0,0,0,0,0,97375375,142005021,343959443,178486003200,84766499,0,0,0,0,0,0,0,0,0,0,0,0,0,0,0,0,0,0,0,0,0,0,0,0,0,0,0,0,0,0,0,1140,0,0,0,0,0,0,0
1782976244.219,0,0,0,0,0,0,0,795999320,2322887019008,959906000896,0,0,0,0,0,0,0,0,0,0,0,0,0,0,0,0,0,0,0,0,0,0,0,0,0,0,0,0,0,0,0,0,0,0,0,0,0,0,0,0,0,0,0,0,0,0,0,0,0,0,0,0,0,0,0,0,0,0,7,1854125,142098000,45103872,0,0,0,0,0,0,0,0,0,0,0,0,0,0,0,0,0,0,0,0,0,0,0,0,0,0,0,0,0,0,0,0,0,0,0,0,0,12875235328,4598267904,785842,280656,45041999,493,0,97,786432,141106248,811153,6,3858952162,12884901888,24050,738959823,0,0,0,0,0,0,0,0,0,0,0,0,0,0,0,0,0,0,18876267,118772575,0,468,1202,7661,620,37752824,35,0,0,0,0,0,0,0,1,0,0,0,0,0,0,0,0,0,0,24604141,0,45041743,828845,0,0,0,0,0,0,0,0,16384,0,0,0,0,0,0,0,0,0,0,0,3826,422,0,0,0,0,0,57383219,0,147,0,2,422,3826,0,0,0,0,0,0,0,0,0,0,0,0,0,0,0,0,0,0,0,0,0,0,0,0,0,0,0,0,0,0,0,0,0,0,0,0,0,0,0,0,0,0,0,0,0,0,0,0,0,0,0,0,0,0,297963953,0,0,0,504838932,0,0,0,0,0,0,0,97410230,142062368,344055576,178527417856,84796363,1,1,0,0,0,0,0,0,0,0,0,0,0,0,0,0,0,0,0,0,0,0,0,0,0,0,0,0,0,0,0,1193,0,0,0,0,0,0,0
1782976245.286,0,0,0,0,0,0,0,796168643,2323831409152,960222953472,0,0,0,0,0,0,0,0,0,0,0,0,0,0,0,0,0,0,0,0,0,0,0,0,0,0,0,0,0,0,0,0,0,0,0,0,0,0,0,0,0,0,0,0,0,0,0,0,0,0,0,0,0,0,0,0,0,0,7,1854145,142155757,45120277,0,0,0,0,0,0,0,0,0,0,0,0,0,0,0,0,0,0,0,0,0,0,0,0,0,0,0,0,0,0,0,0,0,0,0,0,0,12879429632,4606820352,786098,281178,45058404,238,0,96,786432,141163957,811153,6,3859792787,12884901888,24050,739074382,0,0,0,0,0,0,0,0,0,0,0,0,0,0,0,0,0,0,18881183,118777491,0,468,1202,7661,620,37762651,35,0,0,0,0,0,0,0,1,0,0,0,0,0,0,0,0,0,0,24609801,0,45058148,829164,0,0,0,0,0,0,0,0,16384,0,0,0,0,0,0,0,0,0,0,0,3827,422,0,0,0,0,0,57398165,0,147,0,2,422,3827,0,0,0,0,0,0,0,0,0,0,0,0,0,0,0,0,0,0,0,0,0,0,0,0,0,0,0,0,0,0,0,0,0,0,0,0,0,0,0,0,0,0,0,0,0,0,0,0,0,0,0,0,0,0,298044706,0,0,0,504923474,0,0,0,0,0,0,0,97445932,142119987,344152960,178569337856,84827024,0,0,0,0,0,0,0,0,0,0,0,0,0,0,0,0,0,0,0,0,0,0,0,0,0,0,0,0,0,0,0,90,0,0,0,0,0,0,0
1782976246.350,0,0,0,0,0,0,0,796335125,2324757875200,960537155072,0,0,0,0,0,0,0,0,0,0,0,0,0,0,0,0,0,0,0,0,0,0,0,0,0,0,0,0,0,0,0,0,0,0,0,0,0,0,0,0,0,0,0,0,0,0,0,0,0,0,0,0,0,0,0,0,0,0,7,1854167,142212436,45136610,0,0,0,0,0,0,0,0,0,0,0,0,0,0,0,0,0,0,0,0,0,0,0,0,0,0,0,0,0,0,0,0,0,0,0,0,0,12875792384,4609376256,785876,281334,45074737,460,0,96,786432,141220564,811153,6,3860616922,12884901888,24050,739185194,0,0,0,0,0,0,0,0,0,0,0,0,0,0,0,0,0,0,18885996,118782304,0,468,1202,7661,620,37772276,35,0,0,0,0,0,0,0,1,0,0,0,0,0,0,0,0,0,0,24615332,0,45074481,829482,0,0,0,0,0,0,0,0,16384,0,0,0,0,0,0,0,0,0,0,0,3828,422,0,0,0,0,0,57412793,0,147,0,2,422,3828,0,0,0,0,0,0,0,0,0,0,0,0,0,0,0,0,0,0,0,0,0,0,0,0,0,0,0,0,0,0,0,0,0,0,0,0,0,0,0,0,0,0,0,0,0,0,0,0,0,0,0,0,0,0,298122971,0,0,0,505005286,0,0,0,0,0,0,0,97479462,142176528,344247791,178609972224,84855849,1,0,0,0,0,0,0,0,0,0,0,0,0,0,0,0,0,0,0,0,0,0,0,0,0,0,0,0,0,0,0,98,0,0,0,0,0,0,0
1782976247.418,0,0,0,0,0,0,0,796497044,2325664385536,960878590464,0,0,0,0,0,0,0,0,0,0,0,0,0,0,0,0,0,0,0,0,0,0,0,0,0,0,0,0,0,0,0,0,0,0,0,0,0,0,0,0,0,0,0,0,0,0,0,0,0,0,0,0,0,0,0,0,0,0,7,1854186,142267886,45154673,0,0,0,0,0,0,0,0,0,0,0,0,0,0,0,0,0,0,0,0,0,0,0,0,0,0,0,0,0,0,0,0,0,0,0,0,0,12876562432,4575625216,785923,279274,45090748,413,0,96,786432,141275950,811153,6,3861414938,12884901888,24050,739289042,0,0,0,0,0,0,0,0,0,0,0,0,0,0,0,0,0,0,18890690,118786999,0,468,1202,7661,620,37781665,35,0,0,0,0,0,0,0,1,0,0,0,0,0,0,0,0,0,0,24620723,0,45092540,829803,0,0,0,0,0,0,0,0,16384,0,0,0,0,0,0,0,0,0,0,0,3829,422,0,0,0,0,0,57427063,0,147,0,2,422,3829,0,0,0,0,0,0,0,0,0,0,0,0,0,0,0,0,0,0,0,0,0,0,0,0,0,0,0,0,0,0,0,0,0,0,0,0,0,0,0,0,0,0,0,0,0,0,0,0,0,0,0,0,0,0,298198867,0,0,0,505083943,0,0,0,0,0,0,0,97511378,142231856,344342013,178649319936,84882818,1,0,0,0,0,0,0,0,0,0,0,0,0,0,0,0,0,0,0,0,0,0,0,0,0,0,0,0,0,0,0,1184,0,0,0,0,0,0,0
1782976248.485,0,0,0,0,0,0,0,796658445,2326568503808,961214982656,0,0,0,0,0,0,0,0,0,0,0,0,0,0,0,0,0,0,0,0,0,0,0,0,0,0,0,0,0,0,0,0,0,0,0,0,0,0,0,0,0,0,0,0,0,0,0,0,0,0,0,0,0,0,0,0,0,0,7,1854214,142323174,45172400,0,0,0,0,0,0,0,0,0,0,0,0,0,0,0,0,0,0,0,0,0,0,0,0,0,0,0,0,0,0,0,0,0,0,0,0,0,12877283328,4548591616,785967,277624,45110459,368,0,96,786432,141331181,811153,6,3862213288,12884901888,24050,739395938,0,0,0,0,0,0,0,0,0,0,0,0,0,0,0,0,0,0,18895369,118791677,0,468,1202,7661,620,37791026,35,0,0,0,0,0,0,0,1,0,0,0,0,0,0,0,0,0,0,24626102,0,45110281,830128,0,0,0,0,0,0,0,0,16384,0,0,0,0,0,0,0,0,0,0,0,3831,422,0,0,0,0,0,57441284,0,147,0,2,422,3831,0,0,0,0,0,0,0,0,0,0,0,0,0,0,0,0,0,0,0,0,0,0,0,0,0,0,0,0,0,0,0,0,0,0,0,0,0,0,0,0,0,0,0,0,0,0,0,0,0,0,0,0,0,0,298276028,0,0,0,505163475,0,0,0,0,0,0,0,97543043,142287029,344437127,178689442816,84909601,1,0,0,0,0,0,0,0,0,0,0,0,0,0,0,0,0,0,0,0,0,0,0,0,0,0,0,0,0,0,0,1072,0,0,0,0,0,0,0
1782976249.551,0,0,0,0,0,0,0,796820789,2327468689920,961523792896,0,0,0,0,0,0,0,0,0,0,0,0,0,0,0,0,0,0,0,0,0,0,0,0,0,0,0,0,0,0,0,0,0,0,0,0,0,0,0,0,0,0,0,0,0,0,0,0,0,0,0,0,0,0,0,0,0,0,7,1854235,142378245,45188452,0,0,0,0,0,0,0,0,0,0,0,0,0,0,0,0,0,0,0,0,0,0,0,0,0,0,0,0,0,0,0,0,0,0,0,0,0,12878626816,4550115328,786049,277717,45126579,287,0,96,786432,141386178,811153,6,3863015828,12884901888,24050,739503399,0,0,0,0,0,0,0,0,0,0,0,0,0,0,0,0,0,0,18900071,118796380,0,468,1202,7661,620,37800433,35,0,0,0,0,0,0,0,1,0,0,0,0,0,0,0,0,0,0,24631512,0,45126323,830443,0,0,0,0,0,0,0,0,16384,0,0,0,0,0,0,0,0,0,0,0,3832,422,0,0,0,0,0,57455566,0,147,0,2,422,3832,0,0,0,0,0,0,0,0,0,0,0,0,0,0,0,0,0,0,0,0,0,0,0,0,0,0,0,0,0,0,0,0,0,0,0,0,0,0,0,0,0,0,0,0,0,0,0,0,0,0,0,0,0,0,298353417,0,0,0,505243492,0,0,0,0,0,0,0,97573603,142341973,344530762,178729656832,84935418,1,0,0,0,0,0,0,0,0,0,0,0,0,0,0,0,0,0,0,0,0,0,0,0,0,0,0,0,0,0,0,980,0,0,0,0,0,0,0
1782976250.619,0,0,0,0,0,0,0,796984437,2328378771968,961834194944,0,0,0,0,0,0,0,0,0,0,0,0,0,0,0,0,0,0,0,0,0,0,0,0,0,0,0,0,0,0,0,0,0,0,0,0,0,0,0,0,0,0,0,0,0,0,0,0,0,0,0,0,0,0,0,0,0,0,7,1854259,142433928,45204550,0,0,0,0,0,0,0,0,0,0,0,0,0,0,0,0,0,0,0,0,0,0,0,0,0,0,0,0,0,0,0,0,0,0,0,0,0,12876054528,4549689344,785892,277691,45142677,441,0,97,786432,141441796,811153,6,3863825724,12884901888,24050,739612077,0,0,0,0,0,0,0,0,0,0,0,0,0,0,0,0,0,0,18904811,118801119,0,468,1202,7661,620,37809908,35,0,0,0,0,0,0,0,1,0,0,0,0,0,0,0,0,0,0,24636958,0,45142421,830757,0,0,0,0,0,0,0,0,16384,0,0,0,0,0,0,0,0,0,0,0,3833,422,0,0,0,0,0,57469996,0,147,0,2,422,3833,0,0,0,0,0,0,0,0,0,0,0,0,0,0,0,0,0,0,0,0,0,0,0,0,0,0,0,0,0,0,0,0,0,0,0,0,0,0,0,0,0,0,0,0,0,0,0,0,0,0,0,0,0,0,298431549,0,0,0,505324107,0,0,0,0,0,0,0,97604842,142397520,344625226,178770280960,84961989,1,1,0,0,0,0,0,0,0,0,0,0,0,0,0,0,0,0,0,0,0,0,0,0,0,0,0,0,0,0,0,915,0,0,0,0,0,0,0
1782976251.688,0,0,0,0,0,0,0,797150198,2329305631232,962145295360,0,0,0,0,0,0,0,0,0,0,0,0,0,0,0,0,0,0,0,0,0,0,0,0,0,0,0,0,0,0,0,0,0,0,0,0,0,0,0,0,0,0,0,0,0,0,0,0,0,0,0,0,0,0,0,0,0,0,7,1854276,142490608,45220683,0,0,0,0,0,0,0,0,0,0,0,0,0,0,0,0,0,0,0,0,0,0,0,0,0,0,0,0,0,0,0,0,0,0,0,0,0,12877152256,4556144640,785959,278085,45158810,376,0,97,786432,141498422,811153,6,3864645621,12884901888,24050,739721866,0,0,0,0,0,0,0,0,0,0,0,0,0,0,0,0,0,0,18909621,118805930,0,468,1202,7661,620,37819531,35,0,0,0,0,0,0,0,1,0,0,0,0,0,0,0,0,0,0,24642489,0,45158554,831065,0,0,0,0,0,0,0,0,16384,0,0,0,0,0,0,0,0,0,0,0,3834,422,0,0,0,0,0,57484636,0,147,0,2,422,3834,0,0,0,0,0,0,0,0,0,0,0,0,0,0,0,0,0,0,0,0,0,0,0,0,0,0,0,0,0,0,0,0,0,0,0,0,0,0,0,0,0,0,0,0,0,0,0,0,0,0,0,0,0,0,298509696,0,0,0,505405786,0,0,0,0,0,0,0,97637373,142454090,344719716,178810870272,84989937,1,0,0,0,0,0,0,0,0,0,0,0,0,0,0,0,0,0,0,0,0,0,0,0,0,0,0,0,0,0,0,916,0,0,0,0,0,0,0
1782976252.756,0,0,0,0,0,0,0,797318466,2330246973952,962456892928,0,0,0,0,0,0,0,0,0,0,0,0,0,0,0,0,0,0,0,0,0,0,0,0,0,0,0,0,0,0,0,0,0,0,0,0,0,0,0,0,0,0,0,0,0,0,0,0,0,0,0,0,0,0,0,0,0,0,7,1854300,142548180,45236804,0,0,0,0,0,0,0,0,0,0,0,0,0,0,0,0,0,0,0,0,0,0,0,0,0,0,0,0,0,0,0,0,0,0,0,0,0,12878970880,4566253568,786069,278702,45174931,266,0,97,786432,141555930,811153,6,3865477945,12884901888,24050,739833069,0,0,0,0,0,0,0,0,0,0,0,0,0,0,0,0,0,0,18914493,118810801,0,468,1202,7661,620,37829277,35,0,0,0,0,0,0,0,1,0,0,0,0,0,0,0,0,0,0,24648091,0,45174675,831384,0,0,0,0,0,0,0,0,16384,0,0,0,0,0,0,0,0,0,0,0,3835,422,0,0,0,0,0,57499452,0,147,0,2,422,3835,0,0,0,0,0,0,0,0,0,0,0,0,0,0,0,0,0,0,0,0,0,0,0,0,0,0,0,0,0,0,0,0,0,0,0,0,0,0,0,0,0,0,0,0,0,0,0,0,0,0,0,0,0,0,298588784,0,0,0,505488537,0,0,0,0,0,0,0,97671633,142511522,344815154,178852056064,85019319,1,1,0,0,0,0,0,0,0,0,0,0,0,0,0,0,0,0,0,0,0,0,0,0,0,0,0,0,0,0,0,967,0,0,0,0,0,0,0
1782976253.825,0,0,0,0,0,0,0,797487114,2331191429632,962771999744,0,0,0,0,0,0,0,0,0,0,0,0,0,0,0,0,0,0,0,0,0,0,0,0,0,0,0,0,0,0,0,0,0,0,0,0,0,0,0,0,0,0,0,0,0,0,0,0,0,0,0,0,0,0,0,0,0,0,7,1854313,142605959,45253151,0,0,0,0,0,0,0,0,0,0,0,0,0,0,0,0,0,0,0,0,0,0,0,0,0,0,0,0,0,0,0,0,0,0,0,0,0,12878741504,4570415104,786056,278956,45191278,279,0,96,786432,141613637,811153,6,3866312084,12884901888,24050,739944094,0,0,0,0,0,0,0,0,0,0,0,0,0,0,0,0,0,0,18919386,118815693,0,468,1202,7661,620,37839055,35,0,0,0,0,0,0,0,1,0,0,0,0,0,0,0,0,0,0,24653709,0,45191022,831698,0,0,0,0,0,0,0,0,16384,0,0,0,0,0,0,0,0,0,0,0,3836,422,0,0,0,0,0,57514332,0,147,0,2,422,3836,0,0,0,0,0,0,0,0,0,0,0,0,0,0,0,0,0,0,0,0,0,0,0,0,0,0,0,0,0,0,0,0,0,0,0,0,0,0,0,0,0,0,0,0,0,0,0,0,0,0,0,0,0,0,298668074,0,0,0,505571515,0,0,0,0,0,0,0,97706882,142569177,344911028,178893175808,85049681,0,0,0,0,0,0,0,0,0,0,0,0,0,0,0,0,0,0,0,0,0,0,0,0,0,0,0,0,0,0,0,1062,0,0,0,0,0,0,0
1782976254.891,0,0,0,0,0,0,0,797655942,2332132542976,963089554944,0,0,0,0,0,0,0,0,0,0,0,0,0,0,0,0,0,0,0,0,0,0,0,0,0,0,0,0,0,0,0,0,0,0,0,0,0,0,0,0,0,0,0,0,0,0,0,0,0,0,0,0,0,0,0,0,0,0,7,1854334,142663519,45269616,0,0,0,0,0,0,0,0,0,0,0,0,0,0,0,0,0,0,0,0,0,0,0,0,0,0,0,0,0,0,0,0,0,0,0,0,0,12875022336,4576804864,785829,279346,45207731,506,0,96,786432,141671121,811153,6,3867147133,12884901888,24050,740055952,0,0,0,0,0,0,0,0,0,0,0,0,0,0,0,0,0,0,18924278,118820587,0,468,1202,7661,620,37848845,35,0,0,0,0,0,0,0,1,0,0,0,0,0,0,0,0,0,0,24659328,0,45207493,832015,0,0,0,0,0,0,0,0,16384,0,0,0,0,0,0,0,0,0,0,0,3837,422,0,0,0,0,0,57529222,0,147,0,2,422,3837,0,0,0,0,0,0,0,0,0,0,0,0,0,0,0,0,0,0,0,0,0,0,0,0,0,0,0,0,0,0,0,0,0,0,0,0,0,0,0,0,0,0,0,0,0,0,0,0,0,0,0,0,0,0,298747669,0,0,0,505654555,0,0,0,0,0,0,0,97742211,142626605,345007310,178934563328,85080035,1,0,0,0,0,0,0,0,0,0,0,0,0,0,0,0,0,0,0,0,0,0,0,0,0,0,0,0,0,0,0,1127,0,0,0,0,0,0,0
1782976255.960,0,0,0,0,0,0,0,797824169,2333074393600,963405592064,0,0,0,0,0,0,0,0,0,0,0,0,0,0,0,0,0,0,0,0,0,0,0,0,0,0,0,0,0,0,0,0,0,0,0,0,0,0,0,0,0,0,0,0,0,0,0,0,0,0,0,0,0,0,0,0,0,0,7,1854362,142721118,45286024,0,0,0,0,0,0,0,0,0,0,0,0,0,0,0,0,0,0,0,0,0,0,0,0,0,0,0,0,0,0,0,0,0,0,0,0,0,12876677120,4582653952,785929,279703,45224140,405,0,97,786432,141728658,811153,6,3867979206,12884901888,24050,740167021,0,0,0,0,0,0,0,0,0,0,0,0,0,0,0,0,0,0,18929152,118825461,0,468,1202,7661,620,37858593,35,0,0,0,0,0,0,0,1,0,0,0,0,0,0,0,0,0,0,24664934,0,45223884,832336,0,0,0,0,0,0,0,0,16384,0,0,0,0,0,0,0,0,0,0,0,3838,422,0,0,0,0,0,57544048,0,147,0,2,422,3838,0,0,0,0,0,0,0,0,0,0,0,0,0,0,0,0,0,0,0,0,0,0,0,0,0,0,0,0,0,0,0,0,0,0,0,0,0,0,0,0,0,0,0,0,0,0,0,0,0,0,0,0,0,0,298826831,0,0,0,505737314,0,0,0,0,0,0,0,97777198,142684086,345103106,178975553024,85109985,1,0,0,0,0,0,0,0,0,0,0,0,0,0,0,0,0,0,0,0,0,0,0,0,0,0,0,0,0,0,0,1209,0,0,0,0,0,0,0
1782976257.023,0,0,0,0,0,0,0,797992175,2334011197952,963722067456,0,0,0,0,0,0,0,0,0,0,0,0,0,0,0,0,0,0,0,0,0,0,0,0,0,0,0,0,0,0,0,0,0,0,0,0,0,0,0,0,0,0,0,0,0,0,0,0,0,0,0,0,0,0,0,0,0,0,7,1854390,142778435,45302471,0,0,0,0,0,0,0,0,0,0,0,0,0,0,0,0,0,0,0,0,0,0,0,0,0,0,0,0,0,0,0,0,0,0,0,0,0,12877905920,4587732992,786005,280013,45240598,328,0,97,786432,141785920,811153,6,3868814093,12884901888,24050,740281600,0,0,0,0,0,0,0,0,0,0,0,0,0,0,0,0,0,0,18934009,118830318,0,468,1202,7661,620,37868310,35,0,0,0,0,0,0,0,1,0,0,0,0,0,0,0,0,0,0,24670522,0,45240342,832654,0,0,0,0,0,0,0,0,16384,0,0,0,0,0,0,0,0,0,0,0,3839,422,0,0,0,0,0,57558800,0,147,0,2,422,3839,0,0,0,0,0,0,0,0,0,0,0,0,0,0,0,0,0,0,0,0,0,0,0,0,0,0,0,0,0,0,0,0,0,0,0,0,0,0,0,0,0,0,0,0,0,0,0,0,0,0,0,0,0,0,298905580,0,0,0,505821011,0,0,0,0,0,0,0,97812036,142741268,345198514,179016581120,85139981,1,0,0,0,0,0,0,0,0,0,0,0,0,0,0,0,0,0,0,0,0,0,0,0,0,0,0,0,0,0,0,57,0,0,0,0,0,0,0
1782976258.091,0,0,0,0,0,0,0,798161130,2334955751936,964037968384,0,0,0,0,0,0,0,0,0,0,0,0,0,0,0,0,0,0,0,0,0,0,0,0,0,0,0,0,0,0,0,0,0,0,0,0,0,0,0,0,0,0,0,0,0,0,0,0,0,0,0,0,0,0,0,0,0,0,7,1854403,142836227,45318886,0,0,0,0,0,0,0,0,0,0,0,0,0,0,0,0,0,0,0,0,0,0,0,0,0,0,0,0,0,0,0,0,0,0,0,0,0,12878168064,4594335744,786020,280416,45257013,315,0,97,786432,141843635,811153,6,3869649638,12884901888,24050,740393111,0,0,0,0,0,0,0,0,0,0,0,0,0,0,0,0,0,0,18938904,118835213,0,468,1202,7661,620,37878098,35,0,0,0,0,0,0,0,1,0,0,0,0,0,0,0,0,0,0,24676150,0,45256757,832972,0,0,0,0,0,0,0,0,16384,0,0,0,0,0,0,0,0,0,0,0,3840,422,0,0,0,0,0,57573670,0,147,0,2,422,3840,0,0,0,0,0,0,0,0,0,0,0,0,0,0,0,0,0,0,0,0,0,0,0,0,0,0,0,0,0,0,0,0,0,0,0,0,0,0,0,0,0,0,0,0,0,0,0,0,0,0,0,0,0,0,298984142,0,0,0,505904126,0,0,0,0,0,0,0,97847151,142798906,345293729,179057438720,85170237,0,1,0,0,0,0,0,0,0,0,0,0,0,0,0,0,0,0,0,0,0,0,0,0,0,0,0,0,0,0,0,148,0,0,0,0,0,0,0
1782976259.158,0,0,0,0,0,0,0,798330206,2335901190656,964353613824,0,0,0,0,0,0,0,0,0,0,0,0,0,0,0,0,0,0,0,0,0,0,0,0,0,0,0,0,0,0,0,0,0,0,0,0,0,0,0,0,0,0,0,0,0,0,0,0,0,0,0,0,0,0,0,0,0,0,7,1854419,142894057,45335398,0,0,0,0,0,0,0,0,0,0,0,0,0,0,0,0,0,0,0,0,0,0,0,0,0,0,0,0,0,0,0,0,0,0,0,0,0,12876054528,4599529472,785892,280733,45273446,444,0,96,786432,141901400,811153,6,3870485543,12884901888,24050,740504232,0,0,0,0,0,0,0,0,0,0,0,0,0,0,0,0,0,0,18943812,118840120,0,468,1202,7661,620,37887914,35,0,0,0,0,0,0,0,1,0,0,0,0,0,0,0,0,0,0,24681788,0,45273301,833296,0,0,0,0,0,0,0,0,16384,0,0,0,0,0,0,0,0,0,0,0,3841,422,0,0,0,0,0,57588585,0,147,0,2,422,3841,0,0,0,0,0,0,0,0,0,0,0,0,0,0,0,0,0,0,0,0,0,0,0,0,0,0,0,0,0,0,0,0,0,0,0,0,0,0,0,0,0,0,0,0,0,0,0,0,0,0,0,0,0,0,299058727,0,0,0,505987279,0,0,0,0,0,0,0,97880308,142856586,345385089,179096219136,85198468,1,0,0,0,0,0,0,0,0,0,0,0,0,0,0,0,0,0,0,0,0,0,0,0,0,0,0,0,0,0,0,265,0,0,0,0,0,0,0
1782976260.221,0,0,0,0,0,0,0,798498970,2336842336768,964669704192,0,0,0,0,0,0,0,0,0,0,0,0,0,0,0,0,0,0,0,0,0,0,0,0,0,0,0,0,0,0,0,0,0,0,0,0,0,0,0,0,0,0,0,0,0,0,0,0,0,0,0,0,0,0,0,0,0,0,7,1854444,142951649,45351862,0,0,0,0,0,0,0,0,0,0,0,0,0,0,0,0,0,0,0,0,0,0,0,0,0,0,0,0,0,0,0,0,0,0,0,0,0,12878462976,4605526016,786039,281099,45289931,296,0,96,786432,141958926,811153,6,3871320554,12884901888,24050,740615809,0,0,0,0,0,0,0,0,0,0,0,0,0,0,0,0,0,0,18948708,118845015,0,468,1202,7661,620,37897699,35,0,0,0,0,0,0,0,1,0,0,0,0,0,0,0,0,0,0,24687417,0,45289733,833609,0,0,0,0,0,0,0,0,16384,0,0,0,0,0,0,0,0,0,0,0,3842,422,0,0,0,0,0,57603465,0,147,0,2,422,3842,0,0,0,0,0,0,0,0,0,0,0,0,0,0,0,0,0,0,0,0,0,0,0,0,0,0,0,0,0,0,0,0,0,0,0,0,0,0,0,0,0,0,0,0,0,0,0,0,0,0,0,0,0,0,299136335,0,0,0,506070359,0,0,0,0,0,0,0,97915230,142914027,345479354,179136543232,85228407,1,1,0,0,0,0,0,0,0,0,0,0,0,0,0,0,0,0,0,0,0,0,0,0,0,0,0,0,0,0,0,345,0,0,0,0,0,0,0
1782976261.289,0,0,0,0,0,0,0,798666920,2337777715712,964984847360,0,0,0,0,0,0,0,0,0,0,0,0,0,0,0,0,0,0,0,0,0,0,0,0,0,0,0,0,0,0,0,0,0,0,0,0,0,0,0,0,0,0,0,0,0,0,0,0,0,0,0,0,0,0,0,0,0,0,7,1854457,143008878,45368240,0,0,0,0,0,0,0,0,0,0,0,0,0,0,0,0,0,0,0,0,0,0,0,0,0,0,0,0,0,0,0,0,0,0,0,0,0,12875251712,4611866624,785843,281486,45306306,493,0,96,786432,142016091,811153,6,3872151307,12884901888,24050,740726823,0,0,0,0,0,0,0,0,0,0,0,0,0,0,0,0,0,0,18953569,118849878,0,468,1202,7661,620,37907424,35,0,0,0,0,0,0,0,1,0,0,0,0,0,0,0,0,0,0,24693013,0,45306108,833934,0,0,0,0,0,0,0,0,16384,0,0,0,0,0,0,0,0,0,0,0,3843,422,0,0,0,0,0,57618225,0,147,0,2,422,3843,0,0,0,0,0,0,0,0,0,0,0,0,0,0,0,0,0,0,0,0,0,0,0,0,0,0,0,0,0,0,0,0,0,0,0,0,0,0,0,0,0,0,0,0,0,0,0,0,0,0,0,0,0,0,299214480,0,0,0,506152955,0,0,0,0,0,0,0,97949764,142971092,345574139,179177060352,85258048,0,0,0,0,0,0,0,0,0,0,0,0,0,0,0,0,0,0,0,0,0,0,0,0,0,0,0,0,0,0,0,406,0,0,0,0,0,0,0
1782976262.357,0,0,0,0,0,0,0,798834845,2338714126848,965301888000,0,0,0,0,0,0,0,0,0,0,0,0,0,0,0,0,0,0,0,0,0,0,0,0,0,0,0,0,0,0,0,0,0,0,0,0,0,0,0,0,0,0,0,0,0,0,0,0,0,0,0,0,0,0,0,0,0,0,7,1854475,143066166,45384745,0,0,0,0,0,0,0,0,0,0,0,0,0,0,0,0,0,0,0,0,0,0,0,0,0,0,0,0,0,0,0,0,0,0,0,0,0,12877758464,4614586368,785996,281652,45322814,340,0,96,786432,142073323,811153,6,3872981492,12884901888,24050,740837791,0,0,0,0,0,0,0,0,0,0,0,0,0,0,0,0,0,0,18958444,118854752,0,468,1202,7661,620,37917176,35,0,0,0,0,0,0,0,1,0,0,0,0,0,0,0,0,0,0,24698617,0,45322616,834257,0,0,0,0,0,0,0,0,16384,0,0,0,0,0,0,0,0,0,0,0,3844,422,0,0,0,0,0,57633032,0,147,0,2,422,3844,0,0,0,0,0,0,0,0,0,0,0,0,0,0,0,0,0,0,0,0,0,0,0,0,0,0,0,0,0,0,0,0,0,0,0,0,0,0,0,0,0,0,0,0,0,0,0,0,0,0,0,0,0,0,299293381,0,0,0,506235612,0,0,0,0,0,0,0,97984801,143028244,345669755,179218056704,85288155,0,0,0,0,0,0,0,0,0,0,0,0,0,0,0,0,0,0,0,0,0,0,0,0,0,0,0,0,0,0,0,467,0,0,0,0,0,0,0
1782976263.423,0,0,0,0,0,0,0,799001421,2339644721664,965658090496,0,0,0,0,0,0,0,0,0,0,0,0,0,0,0,0,0,0,0,0,0,0,0,0,0,0,0,0,0,0,0,0,0,0,0,0,0,0,0,0,0,0,0,0,0,0,0,0,0,0,0,0,0,0,0,0,0,0,7,1854499,143123092,45403623,0,0,0,0,0,0,0,0,0,0,0,0,0,0,0,0,0,0,0,0,0,0,0,0,0,0,0,0,0,0,0,0,0,0,0,0,0,12874104832,4575461376,785773,279264,45339240,562,0,96,786432,142130179,811153,6,3873806174,12884901888,24050,740948281,0,0,0,0,0,0,0,0,0,0,0,0,0,0,0,0,0,0,18963267,118859576,0,468,1202,7661,620,37926819,35,0,0,0,0,0,0,0,1,0,0,0,0,0,0,0,0,0,0,24704159,0,45341346,834586,0,0,0,0,0,0,0,0,16384,0,0,0,0,0,0,0,0,0,0,0,3845,422,0,0,0,0,0,57647689,0,147,0,2,422,3845,0,0,0,0,0,0,0,0,0,0,0,0,0,0,0,0,0,0,0,0,0,0,0,0,0,0,0,0,0,0,0,0,0,0,0,0,0,0,0,0,0,0,0,0,0,0,0,0,0,0,0,0,0,0,299371844,0,0,0,506317551,0,0,0,0,0,0,0,98019280,143085038,345767353,179258768384,85317485,1,0,0,0,0,0,0,0,0,0,0,0,0,0,0,0,0,0,0,0,0,0,0,0,0,0,0,0,0,0,0,452,0,0,0,0,0,0,0
1782976264.490,0,0,0,0,0,0,0,799164228,2340553853440,965992108544,0,0,0,0,0,0,0,0,0,0,0,0,0,0,0,0,0,0,0,0,0,0,0,0,0,0,0,0,0,0,0,0,0,0,0,0,0,0,0,0,0,0,0,0,0,0,0,0,0,0,0,0,0,0,0,0,0,0,7,1854522,143178706,45421224,0,0,0,0,0,0,0,0,0,0,0,0,0,0,0,0,0,0,0,0,0,0,0,0,0,0,0,0,0,0,0,0,0,0,0,0,0,12874760192,4552278016,785813,277849,45359293,522,0,96,786432,142185721,811153,6,3874611913,12884901888,24050,741056402,0,0,0,0,0,0,0,0,0,0,0,0,0,0,0,0,0,0,18967976,118864285,0,468,1202,7661,620,37936237,35,0,0,0,0,0,0,0,1,0,0,0,0,0,0,0,0,0,0,24709576,0,45359095,834905,0,0,0,0,0,0,0,0,16384,0,0,0,0,0,0,0,0,0,0,0,3847,422,0,0,0,0,0,57662015,0,147,0,2,422,3847,0,0,0,0,0,0,0,0,0,0,0,0,0,0,0,0,0,0,0,0,0,0,0,0,0,0,0,0,0,0,0,0,0,0,0,0,0,0,0,0,0,0,0,0,0,0,0,0,0,0,0,0,0,0,299449572,0,0,0,506397738,0,0,0,0,0,0,0,98051506,143140510,345862865,179299113984,85344854,1,0,0,0,0,0,0,0,0,0,0,0,0,0,0,0,0,0,0,0,0,0,0,0,0,0,0,0,0,0,0,343,0,0,0,0,0,0,0
1782976265.557,0,0,0,0,0,0,0,799328765,2341475994112,966300552704,0,0,0,0,0,0,0,0,0,0,0,0,0,0,0,0,0,0,0,0,0,0,0,0,0,0,0,0,0,0,0,0,0,0,0,0,0,0,0,0,0,0,0,0,0,0,0,0,0,0,0,0,0,0,0,0,0,0,7,1854546,143235122,45437338,0,0,0,0,0,0,0,0,0,0,0,0,0,0,0,0,0,0,0,0,0,0,0,0,0,0,0,0,0,0,0,0,0,0,0,0,0,12877561856,4555964416,785984,278074,45375407,351,0,96,786432,142242089,811153,6,3875426151,12884901888,24050,741165297,0,0,0,0,0,0,0,0,0,0,0,0,0,0,0,0,0,0,18972747,118869055,0,468,1202,7661,620,37945782,35,0,0,0,0,0,0,0,1,0,0,0,0,0,0,0,0,0,0,24715056,0,45375209,835222,0,0,0,0,0,0,0,0,16384,0,0,0,0,0,0,0,0,0,0,0,3848,422,0,0,0,0,0,57676516,0,147,0,2,422,3848,0,0,0,0,0,0,0,0,0,0,0,0,0,0,0,0,0,0,0,0,0,0,0,0,0,0,0,0,0,0,0,0,0,0,0,0,0,0,0,0,0,0,0,0,0,0,0,0,0,0,0,0,0,0,299523788,0,0,0,506478757,0,0,0,0,0,0,0,98082575,143196761,345953423,179337712640,85371148,1,0,0,0,0,0,0,0,0,0,0,0,0,0,0,0,0,0,0,0,0,0,0,0,0,0,0,0,0,0,0,320,0,0,0,0,0,0,0
1782976266.625,0,0,0,0,0,0,0,799491309,2342386616832,966610911232,0,0,0,0,0,0,0,0,0,0,0,0,0,0,0,0,0,0,0,0,0,0,0,0,0,0,0,0,0,0,0,0,0,0,0,0,0,0,0,0,0,0,0,0,0,0,0,0,0,0,0,0,0,0,0,0,0,0,7,1854563,143290810,45453501,0,0,0,0,0,0,0,0,0,0,0,0,0,0,0,0,0,0,0,0,0,0,0,0,0,0,0,0,0,0,0,0,0,0,0,0,0,12875005952,4557275136,785828,278154,45391570,508,0,97,786432,142297713,811153,6,3876231021,12884901888,24050,741273281,0,0,0,0,0,0,0,0,0,0,0,0,0,0,0,0,0,0,18977452,118873761,0,468,1202,7661,620,37955196,35,0,0,0,0,0,0,0,1,0,0,0,0,0,0,0,0,0,0,24720464,0,45391372,835539,0,0,0,0,0,0,0,0,16384,0,0,0,0,0,0,0,0,0,0,0,3849,422,0,0,0,0,0,57690835,0,147,0,2,422,3849,0,0,0,0,0,0,0,0,0,0,0,0,0,0,0,0,0,0,0,0,0,0,0,0,0,0,0,0,0,0,0,0,0,0,0,0,0,0,0,0,0,0,0,0,0,0,0,0,0,0,0,0,0,0,299600040,0,0,0,506558850,0,0,0,0,0,0,0,98112419,143252326,346046071,179377227776,85396257,1,1,0,0,0,0,0,0,0,0,0,0,0,0,0,0,0,0,0,0,0,0,0,0,0,0,0,0,0,0,0,231,0,0,0,0,0,0,0
1782976267.693,0,0,0,0,0,0,0,799653053,2343289752064,966919171584,0,0,0,0,0,0,0,0,0,0,0,0,0,0,0,0,0,0,0,0,0,0,0,0,0,0,0,0,0,0,0,0,0,0,0,0,0,0,0,0,0,0,0,0,0,0,0,0,0,0,0,0,0,0,0,0,0,0,7,1854588,143346041,45469495,0,0,0,0,0,0,0,0,0,0,0,0,0,0,0,0,0,0,0,0,0,0,0,0,0,0,0,0,0,0,0,0,0,0,0,0,0,12876349440,4561207296,785910,278393,45407564,426,0,96,786432,142352886,811153,6,3877031200,12884901888,24050,741380822,0,0,0,0,0,0,0,0,0,0,0,0,0,0,0,0,0,0,18982138,118878447,0,468,1202,7661,620,37964563,35,0,0,0,0,0,0,0,1,0,0,0,0,0,0,0,0,0,0,24725852,0,45407366,835837,0,0,0,0,0,0,0,0,16384,0,0,0,0,0,0,0,0,0,0,0,3850,422,0,0,0,0,0,57705095,0,147,0,2,422,3850,0,0,0,0,0,0,0,0,0,0,0,0,0,0,0,0,0,0,0,0,0,0,0,0,0,0,0,0,0,0,0,0,0,0,0,0,0,0,0,0,0,0,0,0,0,0,0,0,0,0,0,0,0,0,299677503,0,0,0,506638517,0,0,0,0,0,0,0,98142937,143307429,346139741,179417460736,85422303,0,0,0,0,0,0,0,0,0,0,0,0,0,0,0,0,0,0,0,0,0,0,0,0,0,0,0,0,0,0,0,115,0,0,0,0,0,0,0
1782976268.760,0,0,0,0,0,0,0,799816839,2344207223296,967229708288,0,0,0,0,0,0,0,0,0,0,0,0,0,0,0,0,0,0,0,0,0,0,0,0,0,0,0,0,0,0,0,0,0,0,0,0,0,0,0,0,0,0,0,0,0,0,0,0,0,0,0,0,0,0,0,0,0,0,7,1854605,143402173,45485607,0,0,0,0,0,0,0,0,0,0,0,0,0,0,0,0,0,0,0,0,0,0,0,0,0,0,0,0,0,0,0,0,0,0,0,0,0,12875907072,4564238336,785883,278579,45423676,451,0,98,786432,142408947,811153,6,3877841625,12884901888,24050,741488543,0,0,0,0,0,0,0,0,0,0,0,0,0,0,0,0,0,0,18986891,118883200,0,468,1202,7661,620,37974076,35,0,0,0,0,0,0,0,1,0,0,0,0,0,0,0,0,0,0,24731319,0,45423478,836143,0,0,0,0,0,0,0,0,16384,0,0,0,0,0,0,0,0,0,0,0,3851,422,0,0,0,0,0,57719549,0,147,0,2,422,3851,0,0,0,0,0,0,0,0,0,0,0,0,0,0,0,0,0,0,0,0,0,0,0,0,0,0,0,0,0,0,0,0,0,0,0,0,0,0,0,0,0,0,0,0,0,0,0,0,0,0,0,0,0,0,299755572,0,0,0,506719271,0,0,0,0,0,0,0,98174441,143363404,346234146,179457928192,85449117,1,0,0,0,0,0,0,0,0,0,0,0,0,0,0,0,0,0,0,0,0,0,0,0,0,0,0,0,0,0,0,88,0,0,0,0,0,0,0
1782976269.825,0,0,0,0,0,0,0,799983849,2345140079104,967542819840,0,0,0,0,0,0,0,0,0,0,0,0,0,0,0,0,0,0,0,0,0,0,0,0,0,0,0,0,0,0,0,0,0,0,0,0,0,0,0,0,0,0,0,0,0,0,0,0,0,0,0,0,0,0,0,0,0,0,7,1854629,143459238,45501856,0,0,0,0,0,0,0,0,0,0,0,0,0,0,0,0,0,0,0,0,0,0,0,0,0,0,0,0,0,0,0,0,0,0,0,0,0,12875005952,4570415104,785828,278956,45439925,507,0,96,786432,142465929,811153,6,3878667689,12884901888,24050,741599109,0,0,0,0,0,0,0,0,0,0,0,0,0,0,0,0,0,0,18991725,118888033,0,468,1202,7661,620,37983735,35,0,0,0,0,0,0,0,1,0,0,0,0,0,0,0,0,0,0,24736875,0,45439727,836464,0,0,0,0,0,0,0,0,16384,0,0,0,0,0,0,0,0,0,0,0,3852,422,0,0,0,0,0,57734256,0,147,0,2,422,3852,0,0,0,0,0,0,0,0,0,0,0,0,0,0,0,0,0,0,0,0,0,0,0,0,0,0,0,0,0,0,0,0,0,0,0,0,0,0,0,0,0,0,0,0,0,0,0,0,0,0,0,0,0,0,299833541,0,0,0,506801407,0,0,0,0,0,0,0,98208537,143420327,346328617,179498497024,85478216,1,0,0,0,0,0,0,0,0,0,0,0,0,0,0,0,0,0,0,0,0,0,0,0,0,0,0,0,0,0,0,112,0,0,0,0,0,0,0
1782976270.891,0,0,0,0,0,0,0,800153275,2346085845504,967861675520,0,0,0,0,0,0,0,0,0,0,0,0,0,0,0,0,0,0,0,0,0,0,0,0,0,0,0,0,0,0,0,0,0,0,0,0,0,0,0,0,0,0,0,0,0,0,0,0,0,0,0,0,0,0,0,0,0,0,7,1854655,143517088,45518403,0,0,0,0,0,0,0,0,0,0,0,0,0,0,0,0,0,0,0,0,0,0,0,0,0,0,0,0,0,0,0,0,0,0,0,0,0,12873646080,4577050624,785745,279361,45456472,591,0,97,786432,142523706,811153,6,3879505556,12884901888,24050,741711123,0,0,0,0,0,0,0,0,0,0,0,0,0,0,0,0,0,0,18996636,118892945,0,468,1202,7661,620,37993558,35,0,0,0,0,0,0,0,1,0,0,0,0,0,0,0,0,0,0,24742515,0,45456274,836783,0,0,0,0,0,0,0,0,16384,0,0,0,0,0,0,0,0,0,0,0,3853,422,0,0,0,0,0,57749197,0,147,0,2,422,3853,0,0,0,0,0,0,0,0,0,0,0,0,0,0,0,0,0,0,0,0,0,0,0,0,0,0,0,0,0,0,0,0,0,0,0,0,0,0,0,0,0,0,0,0,0,0,0,0,0,0,0,0,0,0,299912997,0,0,0,506884690,0,0,0,0,0,0,0,98243545,143478023,346424866,179539811840,85508213,1,0,0,0,0,0,0,0,0,0,0,0,0,0,0,0,0,0,0,0,0,0,0,0,0,0,0,0,0,0,0,233,0,0,0,0,0,0,0
1782976271.960,0,0,0,0,0,0,0,800322861,2347030350336,968178471424,0,0,0,0,0,0,0,0,0,0,0,0,0,0,0,0,0,0,0,0,0,0,0,0,0,0,0,0,0,0,0,0,0,0,0,0,0,0,0,0,0,0,0,0,0,0,0,0,0,0,0,0,0,0,0,0,0,0,7,1854673,143574869,45534842,0,0,0,0,0,0,0,0,0,0,0,0,0,0,0,0,0,0,0,0,0,0,0,0,0,0,0,0,0,0,0,0,0,0,0,0,0,12880969728,4584210432,786192,279798,45472911,143,0,97,786432,142581418,811153,6,3880343818,12884901888,24050,741823086,0,0,0,0,0,0,0,0,0,0,0,0,0,0,0,0,0,0,19001552,118897859,0,468,1202,7661,620,38003388,35,0,0,0,0,0,0,0,1,0,0,0,0,0,0,0,0,0,0,24748158,0,45472713,837097,0,0,0,0,0,0,0,0,16384,0,0,0,0,0,0,0,0,0,0,0,3854,422,0,0,0,0,0,57764133,0,147,0,2,422,3854,0,0,0,0,0,0,0,0,0,0,0,0,0,0,0,0,0,0,0,0,0,0,0,0,0,0,0,0,0,0,0,0,0,0,0,0,0,0,0,0,0,0,0,0,0,0,0,0,0,0,0,0,0,0,299992056,0,0,0,506968046,0,0,0,0,0,0,0,98278914,143535670,346520600,179580900352,85538673,1,1,0,0,0,0,0,0,0,0,0,0,0,0,0,0,0,0,0,0,0,0,0,0,0,0,0,0,0,0,0,321,0,0,0,0,0,0,0
1782976273.029,0,0,0,0,0,0,0,800492994,2347979983360,968496306688,0,0,0,0,0,0,0,0,0,0,0,0,0,0,0,0,0,0,0,0,0,0,0,0,0,0,0,0,0,0,0,0,0,0,0,0,0,0,0,0,0,0,0,0,0,0,0,0,0,0,0,0,0,0,0,0,0,0,7,1854698,143632947,45551348,0,0,0,0,0,0,0,0,0,0,0,0,0,0,0,0,0,0,0,0,0,0,0,0,0,0,0,0,0,0,0,0,0,0,0,0,0,12875792384,4593598464,785876,280371,45489417,460,0,96,786432,142639429,811153,6,3881184979,12884901888,24050,741935270,0,0,0,0,0,0,0,0,0,0,0,0,0,0,0,0,0,0,19006485,118902794,0,468,1202,7661,620,38013256,35,0,0,0,0,0,0,0,1,0,0,0,0,0,0,0,0,0,0,24753831,0,45489219,837415,0,0,0,0,0,0,0,0,16384,0,0,0,0,0,0,0,0,0,0,0,3855,422,0,0,0,0,0,57779119,0,147,0,2,422,3855,0,0,0,0,0,0,0,0,0,0,0,0,0,0,0,0,0,0,0,0,0,0,0,0,0,0,0,0,0,0,0,0,0,0,0,0,0,0,0,0,0,0,0,0,0,0,0,0,0,0,0,0,0,0,300071409,0,0,0,507051721,0,0,0,0,0,0,0,98313874,143593618,346616695,179622067712,85568716,1,0,0,0,0,0,0,0,0,0,0,0,0,0,0,0,0,0,0,0,0,0,0,0,0,0,0,0,0,0,0,419,0,0,0,0,0,0,0
1782976274.096,0,0,0,0,0,0,0,800662264,2348924750336,968816388096,0,0,0,0,0,0,0,0,0,0,0,0,0,0,0,0,0,0,0,0,0,0,0,0,0,0,0,0,0,0,0,0,0,0,0,0,0,0,0,0,0,0,0,0,0,0,0,0,0,0,0,0,0,0,0,0,0,0,7,1854720,143690767,45567982,0,0,0,0,0,0,0,0,0,0,0,0,0,0,0,0,0,0,0,0,0,0,0,0,0,0,0,0,0,0,0,0,0,0,0,0,0,12875153408,4596367360,785837,280540,45506051,499,0,96,786432,142697179,811153,6,3882022658,12884901888,24050,742046958,0,0,0,0,0,0,0,0,0,0,0,0,0,0,0,0,0,0,19011388,118907696,0,468,1202,7661,620,38023067,35,0,0,0,0,0,0,0,1,0,0,0,0,0,0,0,0,0,0,24759470,0,45505853,837743,0,0,0,0,0,0,0,0,16384,0,0,0,0,0,0,0,0,0,0,0,3856,422,0,0,0,0,0,57794026,0,147,0,2,422,3856,0,0,0,0,0,0,0,0,0,0,0,0,0,0,0,0,0,0,0,0,0,0,0,0,0,0,0,0,0,0,0,0,0,0,0,0,0,0,0,0,0,0,0,0,0,0,0,0,0,0,0,0,0,0,300150871,0,0,0,507134989,0,0,0,0,0,0,0,98349585,143651274,346713013,179663352832,85599239,0,0,0,0,0,0,0,0,0,0,0,0,0,0,0,0,0,0,0,0,0,0,0,0,0,0,0,0,0,0,0,521,0,0,0,0,0,0,0
1782976275.164,0,0,0,0,0,0,0,800830167,2349857688064,969130972672,0,0,0,0,0,0,0,0,0,0,0,0,0,0,0,0,0,0,0,0,0,0,0,0,0,0,0,0,0,0,0,0,0,0,0,0,0,0,0,0,0,0,0,0,0,0,0,0,0,0,0,0,0,0,0,0,0,0,7,1854741,143747837,45584371,0,0,0,0,0,0,0,0,0,0,0,0,0,0,0,0,0,0,0,0,0,0,0,0,0,0,0,0,0,0,0,0,0,0,0,0,0,12875481088,4599906304,785857,280756,45522440,479,0,96,786432,142754168,811153,6,3882852466,12884901888,24050,742157050,0,0,0,0,0,0,0,0,0,0,0,0,0,0,0,0,0,0,19016258,118912567,0,468,1202,7661,620,38032802,35,0,0,0,0,0,0,0,1,0,0,0,0,0,0,0,0,0,0,24765066,0,45522242,838058,0,0,0,0,0,0,0,0,16384,0,0,0,0,0,0,0,0,0,0,0,3857,422,0,0,0,0,0,57808862,0,147,0,2,422,3857,0,0,0,0,0,0,0,0,0,0,0,0,0,0,0,0,0,0,0,0,0,0,0,0,0,0,0,0,0,0,0,0,0,0,0,0,0,0,0,0,0,0,0,0,0,0,0,0,0,0,0,0,0,0,300227718,0,0,0,507217632,0,0,0,0,0,0,0,98383607,143708200,346806481,179703161856,85628347,0,0,0,0,0,0,0,0,0,0,0,0,0,0,0,0,0,0,0,0,0,0,0,0,0,0,0,0,0,0,0,595,0,0,0,0,0,0,0
1782976276.229,0,0,0,0,0,0,0,800999252,2350801127936,969448401920,0,0,0,0,0,0,0,0,0,0,0,0,0,0,0,0,0,0,0,0,0,0,0,0,0,0,0,0,0,0,0,0,0,0,0,0,0,0,0,0,0,0,0,0,0,0,0,0,0,0,0,0,0,0,0,0,0,0,7,1854763,143805563,45600850,0,0,0,0,0,0,0,0,0,0,0,0,0,0,0,0,0,0,0,0,0,0,0,0,0,0,0,0,0,0,0,0,0,0,0,0,0,12878299136,4602249216,786029,280899,45538919,306,0,96,786432,142811838,811153,6,3883688427,12884901888,24050,742268840,0,0,0,0,0,0,0,0,0,0,0,0,0,0,0,0,0,0,19021157,118917466,0,468,1202,7661,620,38042600,35,0,0,0,0,0,0,0,1,0,0,0,0,0,0,0,0,0,0,24770692,0,45538721,838379,0,0,0,0,0,0,0,0,16384,0,0,0,0,0,0,0,0,0,0,0,3858,422,0,0,0,0,0,57823762,0,147,0,2,422,3858,0,0,0,0,0,0,0,0,0,0,0,0,0,0,0,0,0,0,0,0,0,0,0,0,0,0,0,0,0,0,0,0,0,0,0,0,0,0,0,0,0,0,0,0,0,0,0,0,0,0,0,0,0,0,300306801,0,0,0,507300756,0,0,0,0,0,0,0,98418570,143765762,346902258,179744253952,85658438,1,1,0,0,0,0,0,0,0,0,0,0,0,0,0,0,0,0,0,0,0,0,0,0,0,0,0,0,0,0,0,677,0,0,0,0,0,0,0
1782976277.295,0,0,0,0,0,0,0,801167709,2351738767872,969764824064,0,0,0,0,0,0,0,0,0,0,0,0,0,0,0,0,0,0,0,0,0,0,0,0,0,0,0,0,0,0,0,0,0,0,0,0,0,0,0,0,0,0,0,0,0,0,0,0,0,0,0,0,0,0,0,0,0,0,7,1854788,143862932,45617251,0,0,0,0,0,0,0,0,0,0,0,0,0,0,0,0,0,0,0,0,0,0,0,0,0,0,0,0,0,0,0,0,0,0,0,0,0,12875005952,4608524288,785828,281282,45555320,508,0,96,786432,142869142,811153,6,3884521606,12884901888,24050,742380226,0,0,0,0,0,0,0,0,0,0,0,0,0,0,0,0,0,0,19026037,118922344,0,468,1202,7661,620,38052356,35,0,0,0,0,0,0,0,1,0,0,0,0,0,0,0,0,0,0,24776299,0,45555122,838690,0,0,0,0,0,0,0,0,16384,0,0,0,0,0,0,0,0,0,0,0,3859,422,0,0,0,0,0,57838611,0,147,0,2,422,3859,0,0,0,0,0,0,0,0,0,0,0,0,0,0,0,0,0,0,0,0,0,0,0,0,0,0,0,0,0,0,0,0,0,0,0,0,0,0,0,0,0,0,0,0,0,0,0,0,0,0,0,0,0,0,300386764,0,0,0,507383568,0,0,0,0,0,0,0,98453629,143822990,346998850,179785668608,85688570,0,0,0,0,0,0,0,0,0,0,0,0,0,0,0,0,0,0,0,0,0,0,0,0,0,0,0,0,0,0,0,736,0,0,0,0,0,0,0
1782976278.362,0,0,0,0,0,0,0,801337256,2352682289664,970081829888,0,0,0,0,0,0,0,0,0,0,0,0,0,0,0,0,0,0,0,0,0,0,0,0,0,0,0,0,0,0,0,0,0,0,0,0,0,0,0,0,0,0,0,0,0,0,0,0,0,0,0,0,0,0,0,0,0,0,7,1854816,143920671,45633671,0,0,0,0,0,0,0,0,0,0,0,0,0,0,0,0,0,0,0,0,0,0,0,0,0,0,0,0,0,0,0,0,0,0,0,0,0,12875694080,4614569984,785870,281650,45571740,466,0,96,786432,142926817,811153,6,3885360635,12884901888,24050,742492123,0,0,0,0,0,0,0,0,0,0,0,0,0,0,0,0,0,0,19030953,118927260,0,468,1202,7661,620,38062193,35,0,0,0,0,0,0,0,1,0,0,0,0,0,0,0,0,0,0,24781944,0,45571542,839011,0,0,0,0,0,0,0,0,16384,0,0,0,0,0,0,0,0,0,0,0,3860,422,0,0,0,0,0,57853528,0,147,0,2,422,3860,0,0,0,0,0,0,0,0,0,0,0,0,0,0,0,0,0,0,0,0,0,0,0,0,0,0,0,0,0,0,0,0,0,0,0,0,0,0,0,0,0,0,0,0,0,0,0,0,0,0,0,0,0,0,300467173,0,0,0,507466991,0,0,0,0,0,0,0,98488977,143880589,347095912,179827378688,85718948,1,1,0,0,0,0,0,0,0,0,0,0,0,0,0,0,0,0,0,0,0,0,0,0,0,0,0,0,0,0,0,833,0,0,0,0,0,0,0
1782976279.430,0,0,0,0,0,0,0,801503297,2353608428032,970439355392,0,0,0,0,0,0,0,0,0,0,0,0,0,0,0,0,0,0,0,0,0,0,0,0,0,0,0,0,0,0,0,0,0,0,0,0,0,0,0,0,0,0,0,0,0,0,0,0,0,0,0,0,0,0,0,0,0,0,7,1854838,143977335,45652645,0,0,0,0,0,0,0,0,0,0,0,0,0,0,0,0,0,0,0,0,0,0,0,0,0,0,0,0,0,0,0,0,0,0,0,0,0,12874924032,4573315072,785822,279132,45588036,512,0,97,786432,142983418,811153,6,3886181908,12884901888,24050,742602173,0,0,0,0,0,0,0,0,0,0,0,0,0,0,0,0,0,0,19035758,118932067,0,468,1202,7661,620,38071804,35,0,0,0,0,0,0,0,1,0,0,0,0,0,0,0,0,0,0,24787469,0,45590526,839352,0,0,0,0,0,0,0,0,16384,0,0,0,0,0,0,0,0,0,0,0,3861,422,0,0,0,0,0,57868124,0,147,0,2,422,3861,0,0,0,0,0,0,0,0,0,0,0,0,0,0,0,0,0,0,0,0,0,0,0,0,0,0,0,0,0,0,0,0,0,0,0,0,0,0,0,0,0,0,0,0,0,0,0,0,0,0,0,0,0,0,300545411,0,0,0,507548610,0,0,0,0,0,0,0,98523592,143937109,347193369,179867910656,85748310,1,0,0,0,0,0,0,0,0,0,0,0,0,0,0,0,0,0,0,0,0,0,0,0,0,0,0,0,0,0,0,843,0,0,0,0,0,0,0
1782976280.495,0,0,0,0,0,0,0,801672014,2354548214272,970776154112,0,0,0,0,0,0,0,0,0,0,0,0,0,0,0,0,0,0,0,0,0,0,0,0,0,0,0,0,0,0,0,0,0,0,0,0,0,0,0,0,0,0,0,0,0,0,0,0,0,0,0,0,0,0,0,0,0,0,7,1854863,144034824,45670354,0,0,0,0,0,0,0,0,0,0,0,0,0,0,0,0,0,0,0,0,0,0,0,0,0,0,0,0,0,0,0,0,0,0,0,0,0,12875038720,4555784192,785830,278063,45608423,505,0,96,786432,143040836,811153,6,3887016321,12884901888,24050,742713328,0,0,0,0,0,0,0,0,0,0,0,0,0,0,0,0,0,0,19040653,118936961,0,468,1202,7661,620,38081590,35,0,0,0,0,0,0,0,1,0,0,0,0,0,0,0,0,0,0,24793093,0,45608225,839687,0,0,0,0,0,0,0,0,16384,0,0,0,0,0,0,0,0,0,0,0,3863,422,0,0,0,0,0,57882981,0,147,0,2,422,3863,0,0,0,0,0,0,0,0,0,0,0,0,0,0,0,0,0,0,0,0,0,0,0,0,0,0,0,0,0,0,0,0,0,0,0,0,0,0,0,0,0,0,0,0,0,0,0,0,0,0,0,0,0,0,300623722,0,0,0,507631610,0,0,0,0,0,0,0,98558515,143994433,347289633,179908630016,85778128,0,0,0,0,0,0,0,0,0,0,0,0,0,0,0,0,0,0,0,0,0,0,0,0,0,0,0,0,0,0,0,921,0,0,0,0,0,0,0
1782976281.563,0,0,0,0,0,0,0,801840228,2355482151424,971092753920,0,0,0,0,0,0,0,0,0,0,0,0,0,0,0,0,0,0,0,0,0,0,0,0,0,0,0,0,0,0,0,0,0,0,0,0,0,0,0,0,0,0,0,0,0,0,0,0,0,0,0,0,0,0,0,0,0,0,7,1854882,144091951,45686808,0,0,0,0,0,0,0,0,0,0,0,0,0,0,0,0,0,0,0,0,0,0,0,0,0,0,0,0,0,0,0,0,0,0,0,0,0,12877365248,4558585856,785972,278234,45624877,363,0,96,786432,143097895,811153,6,3887848014,12884901888,24050,742824601,0,0,0,0,0,0,0,0,0,0,0,0,0,0,0,0,0,0,19045527,118941836,0,468,1202,7661,620,38091342,35,0,0,0,0,0,0,0,1,0,0,0,0,0,0,0,0,0,0,24798697,0,45624679,840004,0,0,0,0,0,0,0,0,16384,0,0,0,0,0,0,0,0,0,0,0,3864,422,0,0,0,0,0,57897801,0,147,0,2,422,3864,0,0,0,0,0,0,0,0,0,0,0,0,0,0,0,0,0,0,0,0,0,0,0,0,0,0,0,0,0,0,0,0,0,0,0,0,0,0,0,0,0,0,0,0,0,0,0,0,0,0,0,0,0,0,300702570,0,0,0,507714391,0,0,0,0,0,0,0,98593233,144051422,347385175,179949514240,85807941,1,1,0,0,0,0,0,0,0,0,0,0,0,0,0,0,0,0,0,0,0,0,0,0,0,0,0,0,0,0,0,983,0,0,0,0,0,0,0
1782976282.632,0,0,0,0,0,0,0,802004464,2356400507392,971404984320,0,0,0,0,0,0,0,0,0,0,0,0,0,0,0,0,0,0,0,0,0,0,0,0,0,0,0,0,0,0,0,0,0,0,0,0,0,0,0,0,0,0,0,0,0,0,0,0,0,0,0,0,0,0,0,0,0,0,7,1854910,144148150,45702994,0,0,0,0,0,0,0,0,0,0,0,0,0,0,0,0,0,0,0,0,0,0,0,0,0,0,0,0,0,0,0,0,0,0,0,0,0,12875956224,4560388096,785887,278344,45641036,448,0,96,786432,143154032,811153,6,3888660987,12884901888,24050,742933125,0,0,0,0,0,0,0,0,0,0,0,0,0,0,0,0,0,0,19050287,118946594,0,468,1202,7661,620,38100861,35,0,0,0,0,0,0,0,1,0,0,0,0,0,0,0,0,0,0,24804164,0,45640875,840320,0,0,0,0,0,0,0,0,16384,0,0,0,0,0,0,0,0,0,0,0,3865,422,0,0,0,0,0,57912270,0,147,0,2,422,3865,0,0,0,0,0,0,0,0,0,0,0,0,0,0,0,0,0,0,0,0,0,0,0,0,0,0,0,0,0,0,0,0,0,0,0,0,0,0,0,0,0,0,0,0,0,0,0,0,0,0,0,0,0,0,300780868,0,0,0,507795322,0,0,0,0,0,0,0,98625931,144107487,347479899,179990299648,85835754,1,0,0,0,0,0,0,0,0,0,0,0,0,0,0,0,0,0,0,0,0,0,0,0,0,0,0,0,0,0,0,952,0,0,0,0,0,0,0
1782976283.700,0,0,0,0,0,0,0,802166049,2357299005952,971711646720,0,0,0,0,0,0,0,0,0,0,0,0,0,0,0,0,0,0,0,0,0,0,0,0,0,0,0,0,0,0,0,0,0,0,0,0,0,0,0,0,0,0,0,0,0,0,0,0,0,0,0,0,0,0,0,0,0,0,7,1854929,144203095,45718905,0,0,0,0,0,0,0,0,0,0,0,0,0,0,0,0,0,0,0,0,0,0,0,0,0,0,0,0,0,0,0,0,0,0,0,0,0,12875005952,4562468864,785827,278471,45656974,508,0,97,786432,143208913,811153,6,3889459911,12884901888,24050,743040118,0,0,0,0,0,0,0,0,0,0,0,0,0,0,0,0,0,0,19054967,118951276,0,468,1202,7661,620,38110222,35,0,0,0,0,0,0,0,1,0,0,0,0,0,0,0,0,0,0,24809547,0,45656776,840626,0,0,0,0,0,0,0,0,16384,0,0,0,0,0,0,0,0,0,0,0,3866,422,0,0,0,0,0,57926491,0,147,0,2,422,3866,0,0,0,0,0,0,0,0,0,0,0,0,0,0,0,0,0,0,0,0,0,0,0,0,0,0,0,0,0,0,0,0,0,0,0,0,0,0,0,0,0,0,0,0,0,0,0,0,0,0,0,0,0,0,300858400,0,0,0,507874931,0,0,0,0,0,0,0,98656024,144162288,347573564,180030628864,85861259,0,1,0,0,0,0,0,0,0,0,0,0,0,0,0,0,0,0,0,0,0,0,0,0,0,0,0,0,0,0,0,854,0,0,0,0,0,0,0
1782976284.768,0,0,0,0,0,0,0,802326438,2358200633856,972018422784,0,0,0,0,0,0,0,0,0,0,0,0,0,0,0,0,0,0,0,0,0,0,0,0,0,0,0,0,0,0,0,0,0,0,0,0,0,0,0,0,0,0,0,0,0,0,0,0,0,0,0,0,0,0,0,0,0,0,7,1854948,144258242,45734836,0,0,0,0,0,0,0,0,0,0,0,0,0,0,0,0,0,0,0,0,0,0,0,0,0,0,0,0,0,0,0,0,0,0,0,0,0,12877152256,4561797120,785960,278430,45672905,378,0,98,786432,143264000,811153,6,3890254191,12884901888,24050,743146541,0,0,0,0,0,0,0,0,0,0,0,0,0,0,0,0,0,0,19059616,118955925,0,468,1202,7661,620,38119522,35,0,0,0,0,0,0,0,1,0,0,0,0,0,0,0,0,0,0,24814896,0,45672707,840930,0,0,0,0,0,0,0,0,16384,0,0,0,0,0,0,0,0,0,0,0,3867,422,0,0,0,0,0,57940615,0,147,0,2,422,3867,0,0,0,0,0,0,0,0,0,0,0,0,0,0,0,0,0,0,0,0,0,0,0,0,0,0,0,0,0,0,0,0,0,0,0,0,0,0,0,0,0,0,0,0,0,0,0,0,0,0,0,0,0,0,300935652,0,0,0,507954095,0,0,0,0,0,0,0,98686541,144217304,347666956,180070707712,85887165,1,0,0,0,0,0,0,0,0,0,0,0,0,0,0,0,0,0,0,0,0,0,0,0,0,0,0,0,0,0,0,697,0,0,0,0,0,0,0
1782976285.835,0,0,0,0,0,0,0,802487993,2359099755008,972324232704,0,0,0,0,0,0,0,0,0,0,0,0,0,0,0,0,0,0,0,0,0,0,0,0,0,0,0,0,0,0,0,0,0,0,0,0,0,0,0,0,0,0,0,0,0,0,0,0,0,0,0,0,0,0,0,0,0,0,7,1854971,144313244,45750701,0,0,0,0,0,0,0,0,0,0,0,0,0,0,0,0,0,0,0,0,0,0,0,0,0,0,0,0,0,0,0,0,0,0,0,0,0,12875218944,4566876160,785841,278740,45688770,495,0,96,786432,143318931,811153,6,3891053403,12884901888,24050,743253971,0,0,0,0,0,0,0,0,0,0,0,0,0,0,0,0,0,0,19064291,118960601,0,468,1202,7661,620,38128865,35,0,0,0,0,0,0,0,1,0,0,0,0,0,0,0,0,0,0,24820272,0,45688572,841241,0,0,0,0,0,0,0,0,16384,0,0,0,0,0,0,0,0,0,0,0,3868,422,0,0,0,0,0,57954815,0,147,0,2,422,3868,0,0,0,0,0,0,0,0,0,0,0,0,0,0,0,0,0,0,0,0,0,0,0,0,0,0,0,0,0,0,0,0,0,0,0,0,0,0,0,0,0,0,0,0,0,0,0,0,0,0,0,0,0,0,301013365,0,0,0,508033618,0,0,0,0,0,0,0,98716277,144272153,347760760,180110965760,85912339,1,1,0,0,0,0,0,0,0,0,0,0,0,0,0,0,0,0,0,0,0,0,0,0,0,0,0,0,0,0,0,583,0,0,0,0,0,0,0
1782976286.902,0,0,0,0,0,0,0,802655922,2360037345792,972640300032,0,0,0,0,0,0,0,0,0,0,0,0,0,0,0,0,0,0,0,0,0,0,0,0,0,0,0,0,0,0,0,0,0,0,0,0,0,0,0,0,0,0,0,0,0,0,0,0,0,0,0,0,0,0,0,0,0,0,7,1854992,144370594,45767127,0,0,0,0,0,0,0,0,0,0,0,0,0,0,0,0,0,0,0,0,0,0,0,0,0,0,0,0,0,0,0,0,0,0,0,0,0,12877824000,4570726400,786000,278975,45705196,336,0,96,786432,143376217,811153,6,3891883494,12884901888,24050,743364155,0,0,0,0,0,0,0,0,0,0,0,0,0,0,0,0,0,0,19069161,118965470,0,468,1202,7661,620,38138608,35,0,0,0,0,0,0,0,1,0,0,0,0,0,0,0,0,0,0,24825871,0,45704998,841549,0,0,0,0,0,0,0,0,16384,0,0,0,0,0,0,0,0,0,0,0,3869,422,0,0,0,0,0,57969593,0,147,0,2,422,3869,0,0,0,0,0,0,0,0,0,0,0,0,0,0,0,0,0,0,0,0,0,0,0,0,0,0,0,0,0,0,0,0,0,0,0,0,0,0,0,0,0,0,0,0,0,0,0,0,0,0,0,0,0,0,301093059,0,0,0,508116320,0,0,0,0,0,0,0,98750509,144329385,347857092,180152264192,85941721,1,0,0,0,0,0,0,0,0,0,0,0,0,0,0,0,0,0,0,0,0,0,0,0,0,0,0,0,0,0,0,640,0,0,0,0,0,0,0
1782976287.971,0,0,0,0,0,0,0,802826145,2360985815552,972958536704,0,0,0,0,0,0,0,0,0,0,0,0,0,0,0,0,0,0,0,0,0,0,0,0,0,0,0,0,0,0,0,0,0,0,0,0,0,0,0,0,0,0,0,0,0,0,0,0,0,0,0,0,0,0,0,0,0,0,7,1855022,144428599,45783675,0,0,0,0,0,0,0,0,0,0,0,0,0,0,0,0,0,0,0,0,0,0,0,0,0,0,0,0,0,0,0,0,0,0,0,0,0,12876300288,4577722368,785906,279402,45721744,430,0,100,786432,143434156,811153,6,3892725716,12884901888,24050,743477054,0,0,0,0,0,0,0,0,0,0,0,0,0,0,0,0,0,0,19074097,118970405,0,468,1202,7661,620,38148478,35,0,0,0,0,0,0,0,1,0,0,0,0,0,0,0,0,0,0,24831540,0,45721546,841872,0,0,0,0,0,0,0,0,16384,0,0,0,0,0,0,0,0,0,0,0,3870,422,0,0,0,0,0,57984619,0,147,0,2,422,3870,0,0,0,0,0,0,0,0,0,0,0,0,0,0,0,0,0,0,0,0,0,0,0,0,0,0,0,0,0,0,0,0,0,0,0,0,0,0,0,0,0,0,0,0,0,0,0,0,0,0,0,0,0,0,301172222,0,0,0,508199948,0,0,0,0,0,0,0,98785978,144387248,347953054,180193421824,85972235,0,0,0,0,0,0,0,0,0,0,0,0,0,0,0,0,0,0,0,0,0,0,0,0,0,0,0,0,0,0,0,770,0,0,0,0,0,0,0
1782976289.039,0,0,0,0,0,0,0,802995659,2361930123776,973272682496,0,0,0,0,0,0,0,0,0,0,0,0,0,0,0,0,0,0,0,0,0,0,0,0,0,0,0,0,0,0,0,0,0,0,0,0,0,0,0,0,0,0,0,0,0,0,0,0,0,0,0,0,0,0,0,0,0,0,7,1855052,144486366,45799992,0,0,0,0,0,0,0,0,0,0,0,0,0,0,0,0,0,0,0,0,0,0,0,0,0,0,0,0,0,0,0,0,0,0,0,0,0,12878266368,4585701376,786027,279889,45738061,306,0,96,786432,143491845,811153,6,3893564085,12884901888,24050,743588762,0,0,0,0,0,0,0,0,0,0,0,0,0,0,0,0,0,0,19079009,118975319,0,468,1202,7661,620,38158308,35,0,0,0,0,0,0,0,1,0,0,0,0,0,0,0,0,0,0,24837187,0,45737863,842190,0,0,0,0,0,0,0,0,16384,0,0,0,0,0,0,0,0,0,0,0,3871,422,0,0,0,0,0,57999541,0,147,0,2,422,3871,0,0,0,0,0,0,0,0,0,0,0,0,0,0,0,0,0,0,0,0,0,0,0,0,0,0,0,0,0,0,0,0,0,0,0,0,0,0,0,0,0,0,0,0,0,0,0,0,0,0,0,0,0,0,301251326,0,0,0,508283307,0,0,0,0,0,0,0,98821361,144444874,348048704,180234464256,86002717,0,1,0,0,0,0,0,0,0,0,0,0,0,0,0,0,0,0,0,0,0,0,0,0,0,0,0,0,0,0,0,868,0,0,0,0,0,0,0
1782976290.107,0,0,0,0,0,0,0,803164211,2362871171584,973588103168,0,0,0,0,0,0,0,0,0,0,0,0,0,0,0,0,0,0,0,0,0,0,0,0,0,0,0,0,0,0,0,0,0,0,0,0,0,0,0,0,0,0,0,0,0,0,0,0,0,0,0,0,0,0,0,0,0,0,7,1855069,144543931,45816424,0,0,0,0,0,0,0,0,0,0,0,0,0,0,0,0,0,0,0,0,0,0,0,0,0,0,0,0,0,0,0,0,0,0,0,0,0,12878774272,4590616576,786057,280189,45754449,278,0,98,786432,143549351,811153,6,3894398113,12884901888,24050,743700041,0,0,0,0,0,0,0,0,0,0,0,0,0,0,0,0,0,0,19083893,118980202,0,468,1202,7661,620,38168071,35,0,0,0,0,0,0,0,1,0,0,0,0,0,0,0,0,0,0,24842803,0,45754251,842504,0,0,0,0,0,0,0,0,16384,0,0,0,0,0,0,0,0,0,0,0,3872,422,0,0,0,0,0,58014387,0,147,0,2,422,3872,0,0,0,0,0,0,0,0,0,0,0,0,0,0,0,0,0,0,0,0,0,0,0,0,0,0,0,0,0,0,0,0,0,0,0,0,0,0,0,0,0,0,0,0,0,0,0,0,0,0,0,0,0,0,301329163,0,0,0,508366205,0,0,0,0,0,0,0,98855586,144502304,348143226,180274936320,86032136,1,1,0,0,0,0,0,0,0,0,0,0,0,0,0,0,0,0,0,0,0,0,0,0,0,0,0,0,0,0,0,930,0,0,0,0,0,0,0
1782976291.172,0,0,0,0,0,0,0,803332566,2363814234624,973905166336,0,0,0,0,0,0,0,0,0,0,0,0,0,0,0,0,0,0,0,0,0,0,0,0,0,0,0,0,0,0,0,0,0,0,0,0,0,0,0,0,0,0,0,0,0,0,0,0,0,0,0,0,0,0,0,0,0,0,7,1855088,144601624,45832906,0,0,0,0,0,0,0,0,0,0,0,0,0,0,0,0,0,0,0,0,0,0,0,0,0,0,0,0,0,0,0,0,0,0,0,0,0,12874661888,4597628928,785807,280617,45770949,528,0,96,786432,143606976,811153,6,3895231208,12884901888,24050,743810968,0,0,0,0,0,0,0,0,0,0,0,0,0,0,0,0,0,0,19088775,118985083,0,468,1202,7661,620,38177836,35,0,0,0,0,0,0,0,1,0,0,0,0,0,0,0,0,0,0,24848419,0,45770751,842825,0,0,0,0,0,0,0,0,16384,0,0,0,0,0,0,0,0,0,0,0,3873,422,0,0,0,0,0,58029210,0,147,0,2,422,3873,0,0,0,0,0,0,0,0,0,0,0,0,0,0,0,0,0,0,0,0,0,0,0,0,0,0,0,0,0,0,0,0,0,0,0,0,0,0,0,0,0,0,0,0,0,0,0,0,0,0,0,0,0,0,301408397,0,0,0,508449066,0,0,0,0,0,0,0,98890883,144559867,348239171,180315986944,86062384,0,0,0,0,0,0,0,0,0,0,0,0,0,0,0,0,0,0,0,0,0,0,0,0,0,0,0,0,0,0,0,1001,0,0,0,0,0,0,0
1782976292.242,0,0,0,0,0,0,0,803501472,2364758886912,974222249984,0,0,0,0,0,0,0,0,0,0,0,0,0,0,0,0,0,0,0,0,0,0,0,0,0,0,0,0,0,0,0,0,0,0,0,0,0,0,0,0,0,0,0,0,0,0,0,0,0,0,0,0,0,0,0,0,0,0,7,1855110,144659393,45849404,0,0,0,0,0,0,0,0,0,0,0,0,0,0,0,0,0,0,0,0,0,0,0,0,0,0,0,0,0,0,0,0,0,0,0,0,0,12880674816,4603559936,786176,280979,45787473,162,0,97,786432,143664676,811153,6,3896066801,12884901888,24050,743922460,0,0,0,0,0,0,0,0,0,0,0,0,0,0,0,0,0,0,19093670,118989979,0,468,1202,7661,620,38187629,35,0,0,0,0,0,0,0,1,0,0,0,0,0,0,0,0,0,0,24854038,0,45787275,843136,0,0,0,0,0,0,0,0,16384,0,0,0,0,0,0,0,0,0,0,0,3874,422,0,0,0,0,0,58044097,0,147,0,2,422,3874,0,0,0,0,0,0,0,0,0,0,0,0,0,0,0,0,0,0,0,0,0,0,0,0,0,0,0,0,0,0,0,0,0,0,0,0,0,0,0,0,0,0,0,0,0,0,0,0,0,0,0,0,0,0,301487125,0,0,0,508532134,0,0,0,0,0,0,0,98925888,144617511,348334598,180356847616,86092378,0,0,0,0,0,0,0,0,0,0,0,0,0,0,0,0,0,0,0,0,0,0,0,0,0,0,0,0,0,0,0,1077,0,0,0,0,0,0,0
1782976293.310,0,0,0,0,0,0,0,803670078,2365701835264,974539170304,0,0,0,0,0,0,0,0,0,0,0,0,0,0,0,0,0,0,0,0,0,0,0,0,0,0,0,0,0,0,0,0,0,0,0,0,0,0,0,0,0,0,0,0,0,0,0,0,0,0,0,0,0,0,0,0,0,0,7,1855127,144717084,45865957,0,0,0,0,0,0,0,0,0,0,0,0,0,0,0,0,0,0,0,0,0,0,0,0,0,0,0,0,0,0,0,0,0,0,0,0,0,12874760192,4605362176,785813,281089,45804026,523,0,97,786432,143722300,811153,6,3896900511,12884901888,24050,744033472,0,0,0,0,0,0,0,0,0,0,0,0,0,0,0,0,0,0,19098558,118994867,0,468,1202,7661,620,38197402,35,0,0,0,0,0,0,0,1,0,0,0,0,0,0,0,0,0,0,24859658,0,45803828,843466,0,0,0,0,0,0,0,0,16384,0,0,0,0,0,0,0,0,0,0,0,3875,422,0,0,0,0,0,58058952,0,147,0,2,422,3875,0,0,0,0,0,0,0,0,0,0,0,0,0,0,0,0,0,0,0,0,0,0,0,0,0,0,0,0,0,0,0,0,0,0,0,0,0,0,0,0,0,0,0,0,0,0,0,0,0,0,0,0,0,0,301563709,0,0,0,508615162,0,0,0,0,0,0,0,98959349,144675070,348427990,180396601344,86120820,1,0,0,0,0,0,0,0,0,0,0,0,0,0,0,0,0,0,0,0,0,0,0,0,0,0,0,0,0,0,0,1148,0,0,0,0,0,0,0
1782976294.378,0,0,0,0,0,0,0,803840550,2366652762624,974859452416,0,0,0,0,0,0,0,0,0,0,0,0,0,0,0,0,0,0,0,0,0,0,0,0,0,0,0,0,0,0,0,0,0,0,0,0,0,0,0,0,0,0,0,0,0,0,0,0,0,0,0,0,0,0,0,0,0,0,7,1855151,144775242,45882550,0,0,0,0,0,0,0,0,0,0,0,0,0,0,0,0,0,0,0,0,0,0,0,0,0,0,0,0,0,0,0,0,0,0,0,0,0,12877512704,4610834432,785981,281423,45820619,355,0,96,786432,143780402,811153,6,3897747239,12884901888,24050,744148828,0,0,0,0,0,0,0,0,0,0,0,0,0,0,0,0,0,0,19103503,118999812,0,468,1202,7661,620,38207291,35,0,0,0,0,0,0,0,1,0,0,0,0,0,0,0,0,0,0,24865350,0,45820421,843777,0,0,0,0,0,0,0,0,16384,0,0,0,0,0,0,0,0,0,0,0,3876,422,0,0,0,0,0,58074002,0,147,0,2,422,3876,0,0,0,0,0,0,0,0,0,0,0,0,0,0,0,0,0,0,0,0,0,0,0,0,0,0,0,0,0,0,0,0,0,0,0,0,0,0,0,0,0,0,0,0,0,0,0,0,0,0,0,0,0,0,301645080,0,0,0,508700249,0,0,0,0,0,0,0,98994576,144733102,348526190,180438914560,86151228,1,1,0,0,0,0,0,0,0,0,0,0,0,0,0,0,0,0,0,0,0,0,0,0,0,0,0,0,0,0,0,69,0,0,0,0,0,0,0
1782976295.447,0,0,0,0,0,0,0,804005639,2367576852992,975228429824,0,0,0,0,0,0,0,0,0,0,0,0,0,0,0,0,0,0,0,0,0,0,0,0,0,0,0,0,0,0,0,0,0,0,0,0,0,0,0,0,0,0,0,0,0,0,0,0,0,0,0,0,0,0,0,0,0,0,7,1855170,144831773,45902033,0,0,0,0,0,0,0,0,0,0,0,0,0,0,0,0,0,0,0,0,0,0,0,0,0,0,0,0,0,0,0,0,0,0,0,0,0,12875235328,4563779584,785842,278551,45836957,493,0,97,786432,143836876,811153,6,3898563761,12884901888,24050,744257517,0,0,0,0,0,0,0,0,0,0,0,0,0,0,0,0,0,0,19108289,119004598,0,468,1202,7661,620,38216864,35,0,0,0,0,0,0,0,1,0,0,0,0,0,0,0,0,0,0,24870851,0,45839831,844110,0,0,0,0,0,0,0,0,16384,0,0,0,0,0,0,0,0,0,0,0,3877,422,0,0,0,0,0,58088538,0,147,0,2,422,3877,0,0,0,0,0,0,0,0,0,0,0,0,0,0,0,0,0,0,0,0,0,0,0,0,0,0,0,0,0,0,0,0,0,0,0,0,0,0,0,0,0,0,0,0,0,0,0,0,0,0,0,0,0,0,301722623,0,0,0,508781573,0,0,0,0,0,0,0,99028275,144789498,348623475,180479062016,86179993,1,0,0,0,0,0,0,0,0,0,0,0,0,0,0,0,0,0,0,0,0,0,0,0,0,0,0,0,0,0,0,38,0,0,0,0,0,0,0
1782976296.512,0,0,0,0,0,0,0,804173918,2368514755072,975553284096,0,0,0,0,0,0,0,0,0,0,0,0,0,0,0,0,0,0,0,0,0,0,0,0,0,0,0,0,0,0,0,0,0,0,0,0,0,0,0,0,0,0,0,0,0,0,0,0,0,0,0,0,0,0,0,0,0,0,7,1855193,144889160,45919236,0,0,0,0,0,0,0,0,0,0,0,0,0,0,0,0,0,0,0,0,0,0,0,0,0,0,0,0,0,0,0,0,0,0,0,0,0,12873007104,4554539008,785706,277988,45857280,631,0,96,786432,143894204,811153,6,3899396253,12884901888,24050,744368919,0,0,0,0,0,0,0,0,0,0,0,0,0,0,0,0,0,0,19113170,119009476,0,468,1202,7661,620,38226623,35,0,0,0,0,0,0,0,1,0,0,0,0,0,0,0,0,0,0,24876453,0,45857119,844432,0,0,0,0,0,0,0,0,16384,0,0,0,0,0,0,0,0,0,0,0,3879,422,0,0,0,0,0,58103350,0,147,0,2,422,3879,0,0,0,0,0,0,0,0,0,0,0,0,0,0,0,0,0,0,0,0,0,0,0,0,0,0,0,0,0,0,0,0,0,0,0,0,0,0,0,0,0,0,0,0,0,0,0,0,0,0,0,0,0,0,301801596,0,0,0,508864366,0,0,0,0,0,0,0,99062815,144846739,348719872,180520009216,86209658,1,0,0,0,0,0,0,0,0,0,0,0,0,0,0,0,0,0,0,0,0,0,0,0,0,0,0,0,0,0,0,79,0,0,0,0,0,0,0
1782976297.581,0,0,0,0,0,0,0,804343554,2369462880768,975871514112,0,0,0,0,0,0,0,0,0,0,0,0,0,0,0,0,0,0,0,0,0,0,0,0,0,0,0,0,0,0,0,0,0,0,0,0,0,0,0,0,0,0,0,0,0,0,0,0,0,0,0,0,0,0,0,0,0,0,7,1855214,144947164,45935756,0,0,0,0,0,0,0,0,0,0,0,0,0,0,0,0,0,0,0,0,0,0,0,0,0,0,0,0,0,0,0,0,0,0,0,0,0,12876005376,4560601088,785888,278357,45873825,446,0,98,786432,143952144,811153,6,3900235598,12884901888,24050,744481363,0,0,0,0,0,0,0,0,0,0,0,0,0,0,0,0,0,0,19118083,119014391,0,468,1202,7661,620,38236453,35,0,0,0,0,0,0,0,1,0,0,0,0,0,0,0,0,0,0,24882103,0,45873643,844749,0,0,0,0,0,0,0,0,16384,0,0,0,0,0,0,0,0,0,0,0,3880,422,0,0,0,0,0,58118288,0,147,0,2,422,3880,0,0,0,0,0,0,0,0,0,0,0,0,0,0,0,0,0,0,0,0,0,0,0,0,0,0,0,0,0,0,0,0,0,0,0,0,0,0,0,0,0,0,0,0,0,0,0,0,0,0,0,0,0,0,301881127,0,0,0,508947836,0,0,0,0,0,0,0,99097928,144904614,348816123,180561549312,86239807,0,0,0,0,0,0,0,0,0,0,0,0,0,0,0,0,0,0,0,0,0,0,0,0,0,0,0,0,0,0,0,153,0,0,0,0,0,0,0
1782976298.649,0,0,0,0,0,0,0,804513618,2370406369792,976188940288,0,0,0,0,0,0,0,0,0,0,0,0,0,0,0,0,0,0,0,0,0,0,0,0,0,0,0,0,0,0,0,0,0,0,0,0,0,0,0,0,0,0,0,0,0,0,0,0,0,0,0,0,0,0,0,0,0,0,7,1855233,145004877,45952225,0,0,0,0,0,0,0,0,0,0,0,0,0,0,0,0,0,0,0,0,0,0,0,0,0,0,0,0,0,0,0,0,0,0,0,0,0,12877791232,4565614592,785997,278663,45890294,337,0,97,786432,144009783,811153,6,3901076439,12884901888,24050,744593333,0,0,0,0,0,0,0,0,0,0,0,0,0,0,0,0,0,0,19123012,119019321,0,468,1202,7661,620,38246311,35,0,0,0,0,0,0,0,1,0,0,0,0,0,0,0,0,0,0,24887774,0,45890096,845069,0,0,0,0,0,0,0,0,16384,0,0,0,0,0,0,0,0,0,0,0,3881,422,0,0,0,0,0,58133277,0,147,0,2,422,3881,0,0,0,0,0,0,0,0,0,0,0,0,0,0,0,0,0,0,0,0,0,0,0,0,0,0,0,0,0,0,0,0,0,0,0,0,0,0,0,0,0,0,0,0,0,0,0,0,0,0,0,0,0,0,301961343,0,0,0,509031455,0,0,0,0,0,0,0,99133258,144962200,348913030,180603133952,86270177,1,0,0,0,0,0,0,0,0,0,0,0,0,0,0,0,0,0,0,0,0,0,0,0,0,0,0,0,0,0,0,296,0,0,0,0,0,0,0
1782976299.718,0,0,0,0,0,0,0,804681403,2371343567360,976506171392,0,0,0,0,0,0,0,0,0,0,0,0,0,0,0,0,0,0,0,0,0,0,0,0,0,0,0,0,0,0,0,0,0,0,0,0,0,0,0,0,0,0,0,0,0,0,0,0,0,0,0,0,0,0,0,0,0,0,7,1855249,145062198,45968715,0,0,0,0,0,0,0,0,0,0,0,0,0,0,0,0,0,0,0,0,0,0,0,0,0,0,0,0,0,0,0,0,0,0,0,0,0,12873351168,4568432640,785726,278835,45906784,609,0,96,786432,144067028,811153,6,3901906706,12884901888,24050,744704236,0,0,0,0,0,0,0,0,0,0,0,0,0,0,0,0,0,0,19127876,119024185,0,468,1202,7661,620,38256038,35,0,0,0,0,0,0,0,1,0,0,0,0,0,0,0,0,0,0,24893361,0,45906586,845389,0,0,0,0,0,0,0,0,16384,0,0,0,0,0,0,0,0,0,0,0,3882,422,0,0,0,0,0,58148058,0,147,0,2,422,3882,0,0,0,0,0,0,0,0,0,0,0,0,0,0,0,0,0,0,0,0,0,0,0,0,0,0,0,0,0,0,0,0,0,0,0,0,0,0,0,0,0,0,0,0,0,0,0,0,0,0,0,0,0,0,302041101,0,0,0,509114051,0,0,0,0,0,0,0,99167820,145019382,349009531,180644355584,86299920,1,1,0,0,0,0,0,0,0,0,0,0,0,0,0,0,0,0,0,0,0,0,0,0,0,0,0,0,0,0,0,358,0,0,0,0,0,0,0
1782976300.787,0,0,0,0,0,0,0,804843135,2372252502528,976812843008,0,0,0,0,0,0,0,0,0,0,0,0,0,0,0,0,0,0,0,0,0,0,0,0,0,0,0,0,0,0,0,0,0,0,0,0,0,0,0,0,0,0,0,0,0,0,0,0,0,0,0,0,0,0,0,0,0,0,7,1855268,145117804,45984677,0,0,0,0,0,0,0,0,0,0,0,0,0,0,0,0,0,0,0,0,0,0,0,0,0,0,0,0,0,0,0,0,0,0,0,0,0,12879314944,4571037696,786091,278994,45922746,242,0,97,786432,144122566,811153,6,3902707065,12884901888,24050,744810701,0,0,0,0,0,0,0,0,0,0,0,0,0,0,0,0,0,0,19132567,119028877,0,468,1202,7661,620,38265418,35,0,0,0,0,0,0,0,1,0,0,0,0,0,0,0,0,0,0,24898758,0,45922548,845703,0,0,0,0,0,0,0,0,16384,0,0,0,0,0,0,0,0,0,0,0,3883,422,0,0,0,0,0,58162330,0,147,0,2,422,3883,0,0,0,0,0,0,0,0,0,0,0,0,0,0,0,0,0,0,0,0,0,0,0,0,0,0,0,0,0,0,0,0,0,0,0,0,0,0,0,0,0,0,0,0,0,0,0,0,0,0,0,0,0,0,302117289,0,0,0,509193803,0,0,0,0,0,0,0,99198491,145074860,349101913,180683955712,86326148,0,0,0,0,0,0,0,0,0,0,0,0,0,0,0,0,0,0,0,0,0,0,0,0,0,0,0,0,0,0,0,253,0,0,0,0,0,0,0
1782976301.855,0,0,0,0,0,0,0,805004603,2373153540608,977120510464,0,0,0,0,0,0,0,0,0,0,0,0,0,0,0,0,0,0,0,0,0,0,0,0,0,0,0,0,0,0,0,0,0,0,0,0,0,0,0,0,0,0,0,0,0,0,0,0,0,0,0,0,0,0,0,0,0,0,7,1855287,145172909,46000770,0,0,0,0,0,0,0,0,0,0,0,0,0,0,0,0,0,0,0,0,0,0,0,0,0,0,0,0,0,0,0,0,0,0,0,0,0,12873613312,4568743936,785743,278854,45938839,593,0,96,786432,144177596,811153,6,3903506136,12884901888,24050,744917429,0,0,0,0,0,0,0,0,0,0,0,0,0,0,0,0,0,0,19137250,119033559,0,468,1202,7661,620,38274787,35,0,0,0,0,0,0,0,1,0,0,0,0,0,0,0,0,0,0,24904143,0,45938641,846010,0,0,0,0,0,0,0,0,16384,0,0,0,0,0,0,0,0,0,0,0,3884,422,0,0,0,0,0,58176573,0,147,0,2,422,3884,0,0,0,0,0,0,0,0,0,0,0,0,0,0,0,0,0,0,0,0,0,0,0,0,0,0,0,0,0,0,0,0,0,0,0,0,0,0,0,0,0,0,0,0,0,0,0,0,0,0,0,0,0,0,302191792,0,0,0,509273511,0,0,0,0,0,0,0,99227636,145129821,349192735,180722483200,86350722,1,0,0,0,0,0,0,0,0,0,0,0,0,0,0,0,0,0,0,0,0,0,0,0,0,0,0,0,0,0,0,103,0,0,0,0,0,0,0
1782976302.919,0,0,0,0,0,0,0,805165682,2374050433536,977426017792,0,0,0,0,0,0,0,0,0,0,0,0,0,0,0,0,0,0,0,0,0,0,0,0,0,0,0,0,0,0,0,0,0,0,0,0,0,0,0,0,0,0,0,0,0,0,0,0,0,0,0,0,0,0,0,0,0,0,7,1855306,145227769,46016675,0,0,0,0,0,0,0,0,0,0,0,0,0,0,0,0,0,0,0,0,0,0,0,0,0,0,0,0,0,0,0,0,0,0,0,0,0,12875431936,4569530368,785854,278902,45954744,482,0,96,786432,144232380,811153,6,3904300091,12884901888,24050,745021657,0,0,0,0,0,0,0,0,0,0,0,0,0,0,0,0,0,0,19141919,119038228,0,468,1202,7661,620,38284129,35,0,0,0,0,0,0,0,1,0,0,0,0,0,0,0,0,0,0,24909506,0,45954546,846321,0,0,0,0,0,0,0,0,16384,0,0,0,0,0,0,0,0,0,0,0,3885,422,0,0,0,0,0,58190756,0,147,0,2,422,3885,0,0,0,0,0,0,0,0,0,0,0,0,0,0,0,0,0,0,0,0,0,0,0,0,0,0,0,0,0,0,0,0,0,0,0,0,0,0,0,0,0,0,0,0,0,0,0,0,0,0,0,0,0,0,302267472,0,0,0,509351811,0,0,0,0,0,0,0,99258017,145184548,349284553,180761643008,86376440,1,1,0,0,0,0,0,0,0,0,0,0,0,0,0,0,0,0,0,0,0,0,0,0,0,0,0,0,0,0,0,1147,0,0,0,0,0,0,0
1782976303.984,0,0,0,0,0,0,0,805330395,2374973229568,977737736704,0,0,0,0,0,0,0,0,0,0,0,0,0,0,0,0,0,0,0,0,0,0,0,0,0,0,0,0,0,0,0,0,0,0,0,0,0,0,0,0,0,0,0,0,0,0,0,0,0,0,0,0,0,0,0,0,0,0,7,1855331,145284189,46032891,0,0,0,0,0,0,0,0,0,0,0,0,0,0,0,0,0,0,0,0,0,0,0,0,0,0,0,0,0,0,0,0,0,0,0,0,0,12873416704,4573511680,785732,279145,45970960,604,0,96,786432,144288741,811153,6,3905115555,12884901888,24050,745130808,0,0,0,0,0,0,0,0,0,0,0,0,0,0,0,0,0,0,19146688,119042997,0,468,1202,7661,620,38293667,35,0,0,0,0,0,0,0,1,0,0,0,0,0,0,0,0,0,0,24914985,0,45970762,846636,0,0,0,0,0,0,0,0,16384,0,0,0,0,0,0,0,0,0,0,0,3886,422,0,0,0,0,0,58205266,0,147,0,2,422,3886,0,0,0,0,0,0,0,0,0,0,0,0,0,0,0,0,0,0,0,0,0,0,0,0,0,0,0,0,0,0,0,0,0,0,0,0,0,0,0,0,0,0,0,0,0,0,0,0,0,0,0,0,0,0,302344947,0,0,0,509432853,0,0,0,0,0,0,0,99290553,145240846,349378478,180801771520,86404163,1,1,0,0,0,0,0,0,0,0,0,0,0,0,0,0,0,0,0,0,0,0,0,0,0,0,0,0,0,0,0,1107,0,0,0,0,0,0,0
1782976305.052,0,0,0,0,0,0,0,805497390,2375902317056,978048822272,0,0,0,0,0,0,0,0,0,0,0,0,0,0,0,0,0,0,0,0,0,0,0,0,0,0,0,0,0,0,0,0,0,0,0,0,0,0,0,0,0,0,0,0,0,0,0,0,0,0,0,0,0,0,0,0,0,0,7,1855354,145341033,46049060,0,0,0,0,0,0,0,0,0,0,0,0,0,0,0,0,0,0,0,0,0,0,0,0,0,0,0,0,0,0,0,0,0,0,0,0,0,12877086720,4582096896,785955,279669,45987129,380,0,96,786432,144345531,811153,6,3905941131,12884901888,24050,745241145,0,0,0,0,0,0,0,0,0,0,0,0,0,0,0,0,0,0,19151531,119047841,0,468,1202,7661,620,38303350,35,0,0,0,0,0,0,0,1,0,0,0,0,0,0,0,0,0,0,24920548,0,45986931,846945,0,0,0,0,0,0,0,0,16384,0,0,0,0,0,0,0,0,0,0,0,3887,422,0,0,0,0,0,58220011,0,147,0,2,422,3887,0,0,0,0,0,0,0,0,0,0,0,0,0,0,0,0,0,0,0,0,0,0,0,0,0,0,0,0,0,0,0,0,0,0,0,0,0,0,0,0,0,0,0,0,0,0,0,0,0,0,0,0,0,0,302422428,0,0,0,509515063,0,0,0,0,0,0,0,99323994,145297531,349472367,180841954816,86432909,0,0,0,0,0,0,0,0,0,0,0,0,0,0,0,0,0,0,0,0,0,0,0,0,0,0,0,0,0,0,0,1114,0,0,0,0,0,0,0
1782976306.120,0,0,0,0,0,0,0,805665526,2376846150144,978367147008,0,0,0,0,0,0,0,0,0,0,0,0,0,0,0,0,0,0,0,0,0,0,0,0,0,0,0,0,0,0,0,0,0,0,0,0,0,0,0,0,0,0,0,0,0,0,0,0,0,0,0,0,0,0,0,0,0,0,7,1855377,145398760,46065581,0,0,0,0,0,0,0,0,0,0,0,0,0,0,0,0,0,0,0,0,0,0,0,0,0,0,0,0,0,0,0,0,0,0,0,0,0,12876316672,4585357312,785909,279868,46003642,426,0,98,786432,144403189,811153,6,3906773007,12884901888,24050,745351804,0,0,0,0,0,0,0,0,0,0,0,0,0,0,0,0,0,0,19156408,119052716,0,468,1202,7661,620,38313105,35,0,0,0,0,0,0,0,1,0,0,0,0,0,0,0,0,0,0,24926154,0,46003444,847262,0,0,0,0,0,0,0,0,16384,0,0,0,0,0,0,0,0,0,0,0,3888,422,0,0,0,0,0,58234814,0,147,0,2,422,3888,0,0,0,0,0,0,0,0,0,0,0,0,0,0,0,0,0,0,0,0,0,0,0,0,0,0,0,0,0,0,0,0,0,0,0,0,0,0,0,0,0,0,0,0,0,0,0,0,0,0,0,0,0,0,302502014,0,0,0,509597814,0,0,0,0,0,0,0,99359371,145355119,349568715,180883328000,86463255,1,1,0,0,0,0,0,0,0,0,0,0,0,0,0,0,0,0,0,0,0,0,0,0,0,0,0,0,0,0,0,1176,0,0,0,0,0,0,0
1782976307.184,0,0,0,0,0,0,0,805834921,2377790097920,978683596800,0,0,0,0,0,0,0,0,0,0,0,0,0,0,0,0,0,0,0,0,0,0,0,0,0,0,0,0,0,0,0,0,0,0,0,0,0,0,0,0,0,0,0,0,0,0,0,0,0,0,0,0,0,0,0,0,0,0,7,1855401,145456526,46081953,0,0,0,0,0,0,0,0,0,0,0,0,0,0,0,0,0,0,0,0,0,0,0,0,0,0,0,0,0,0,0,0,0,0,0,0,0,12877987840,4590911488,786010,280207,46020022,326,0,96,786432,144460893,811153,6,3907614206,12884901888,24050,745466124,0,0,0,0,0,0,0,0,0,0,0,0,0,0,0,0,0,0,19161323,119057632,0,468,1202,7661,620,38322937,35,0,0,0,0,0,0,0,1,0,0,0,0,0,0,0,0,0,0,24931816,0,46019824,847579,0,0,0,0,0,0,0,0,16384,0,0,0,0,0,0,0,0,0,0,0,3889,422,0,0,0,0,0,58249751,0,147,0,2,422,3889,0,0,0,0,0,0,0,0,0,0,0,0,0,0,0,0,0,0,0,0,0,0,0,0,0,0,0,0,0,0,0,0,0,0,0,0,0,0,0,0,0,0,0,0,0,0,0,0,0,0,0,0,0,0,302583186,0,0,0,509682440,0,0,0,0,0,0,0,99394533,145412752,349666463,180925343232,86493429,1,0,0,0,0,0,0,0,0,0,0,0,0,0,0,0,0,0,0,0,0,0,0,0,0,0,0,0,0,0,0,75,0,0,0,0,0,0,0
1782976308.252,0,0,0,0,0,0,0,806005087,2378741598720,979004892672,0,0,0,0,0,0,0,0,0,0,0,0,0,0,0,0,0,0,0,0,0,0,0,0,0,0,0,0,0,0,0,0,0,0,0,0,0,0,0,0,0,0,0,0,0,0,0,0,0,0,0,0,0,0,0,0,0,0,7,1855427,145514716,46098636,0,0,0,0,0,0,0,0,0,0,0,0,0,0,0,0,0,0,0,0,0,0,0,0,0,0,0,0,0,0,0,0,0,0,0,0,0,12878446592,4595531776,786038,280489,46036705,297,0,97,786432,144519026,811153,6,3908455529,12884901888,24050,745578367,0,0,0,0,0,0,0,0,0,0,0,0,0,0,0,0,0,0,19166251,119062561,0,468,1202,7661,620,38332788,35,0,0,0,0,0,0,0,1,0,0,0,0,0,0,0,0,0,0,24937480,0,46036507,847898,0,0,0,0,0,0,0,0,16384,0,0,0,0,0,0,0,0,0,0,0,3890,422,0,0,0,0,0,58264717,0,147,0,2,422,3890,0,0,0,0,0,0,0,0,0,0,0,0,0,0,0,0,0,0,0,0,0,0,0,0,0,0,0,0,0,0,0,0,0,0,0,0,0,0,0,0,0,0,0,0,0,0,0,0,0,0,0,0,0,0,302663880,0,0,0,509766099,0,0,0,0,0,0,0,99430038,145470799,349764075,180967325696,86523979,1,0,0,0,0,0,0,0,0,0,0,0,0,0,0,0,0,0,0,0,0,0,0,0,0,0,0,0,0,0,0,176,0,0,0,0,0,0,0
1782976309.321,0,0,0,0,0,0,0,806174542,2379691330048,979322723328,0,0,0,0,0,0,0,0,0,0,0,0,0,0,0,0,0,0,0,0,0,0,0,0,0,0,0,0,0,0,0,0,0,0,0,0,0,0,0,0,0,0,0,0,0,0,0,0,0,0,0,0,0,0,0,0,0,0,7,1855459,145572802,46115177,0,0,0,0,0,0,0,0,0,0,0,0,0,0,0,0,0,0,0,0,0,0,0,0,0,0,0,0,0,0,0,0,0,0,0,0,0,12876021760,4601233408,785890,280837,46053246,446,0,96,786432,144577046,811153,6,3909293979,12884901888,24050,745690390,0,0,0,0,0,0,0,0,0,0,0,0,0,0,0,0,0,0,19171160,119067470,0,468,1202,7661,620,38342608,35,0,0,0,0,0,0,0,1,0,0,0,0,0,0,0,0,0,0,24943122,0,46053048,848212,0,0,0,0,0,0,0,0,16384,0,0,0,0,0,0,0,0,0,0,0,3891,422,0,0,0,0,0,58279651,0,147,0,2,422,3891,0,0,0,0,0,0,0,0,0,0,0,0,0,0,0,0,0,0,0,0,0,0,0,0,0,0,0,0,0,0,0,0,0,0,0,0,0,0,0,0,0,0,0,0,0,0,0,0,0,0,0,0,0,0,302742787,0,0,0,509849410,0,0,0,0,0,0,0,99464289,145528755,349859750,181008325632,86553434,1,0,0,0,0,0,0,0,0,0,0,0,0,0,0,0,0,0,0,0,0,0,0,0,0,0,0,0,0,0,0,274,0,0,0,0,0,0,0
1782976310.389,0,0,0,0,0,0,0,806342872,2380633639424,979648108032,0,0,0,0,0,0,0,0,0,0,0,0,0,0,0,0,0,0,0,0,0,0,0,0,0,0,0,0,0,0,0,0,0,0,0,0,0,0,0,0,0,0,0,0,0,0,0,0,0,0,0,0,0,0,0,0,0,0,7,1855478,145630448,46132160,0,0,0,0,0,0,0,0,0,0,0,0,0,0,0,0,0,0,0,0,0,0,0,0,0,0,0,0,0,0,0,0,0,0,0,0,0,12873416704,4596695040,785731,280560,46069674,606,0,96,786432,144634624,811153,6,3910127103,12884901888,24050,745801473,0,0,0,0,0,0,0,0,0,0,0,0,0,0,0,0,0,0,19176044,119072354,0,468,1202,7661,620,38352378,35,0,0,0,0,0,0,0,1,0,0,0,0,0,0,0,0,0,0,24948734,0,46070062,848536,0,0,0,0,0,0,0,0,16384,0,0,0,0,0,0,0,0,0,0,0,3892,422,0,0,0,0,0,58294502,0,147,0,2,422,3892,0,0,0,0,0,0,0,0,0,0,0,0,0,0,0,0,0,0,0,0,0,0,0,0,0,0,0,0,0,0,0,0,0,0,0,0,0,0,0,0,0,0,0,0,0,0,0,0,0,0,0,0,0,0,302821875,0,0,0,509932287,0,0,0,0,0,0,0,99499238,145586279,349956062,181049340928,86583423,0,0,0,0,0,0,0,0,0,0,0,0,0,0,0,0,0,0,0,0,0,0,0,0,0,0,0,0,0,0,0,314,0,0,0,0,0,0,0
1782976311.457,0,0,0,0,0,0,0,806507722,2381552863744,980011650048,0,0,0,0,0,0,0,0,0,0,0,0,0,0,0,0,0,0,0,0,0,0,0,0,0,0,0,0,0,0,0,0,0,0,0,0,0,0,0,0,0,0,0,0,0,0,0,0,0,0,0,0,0,0,0,0,0,0,7,1855496,145686669,46151522,0,0,0,0,0,0,0,0,0,0,0,0,0,0,0,0,0,0,0,0,0,0,0,0,0,0,0,0,0,0,0,0,0,0,0,0,0,12874498048,4549279744,785797,277666,46085737,539,0,97,786432,144690770,811153,6,3910943028,12884901888,24050,745910728,0,0,0,0,0,0,0,0,0,0,0,0,0,0,0,0,0,0,19180822,119077131,0,468,1202,7661,620,38361930,35,0,0,0,0,0,0,0,1,0,0,0,0,0,0,0,0,0,0,24954224,0,46089251,848875,0,0,0,0,0,0,0,0,16384,0,0,0,0,0,0,0,0,0,0,0,3893,422,0,0,0,0,0,58309039,0,147,0,2,422,3893,0,0,0,0,0,0,0,0,0,0,0,0,0,0,0,0,0,0,0,0,0,0,0,0,0,0,0,0,0,0,0,0,0,0,0,0,0,0,0,0,0,0,0,0,0,0,0,0,0,0,0,0,0,0,302899374,0,0,0,510013505,0,0,0,0,0,0,0,99533185,145642358,350053167,181089528832,86612219,1,0,0,0,0,0,0,0,0,0,0,0,0,0,0,0,0,0,0,0,0,0,0,0,0,0,0,0,0,0,0,259,0,0,0,0,0,0,0
1782976312.523,0,0,0,0,0,0,0,806676289,2382494747136,980332709888,0,0,0,0,0,0,0,0,0,0,0,0,0,0,0,0,0,0,0,0,0,0,0,0,0,0,0,0,0,0,0,0,0,0,0,0,0,0,0,0,0,0,0,0,0,0,0,0,0,0,0,0,0,0,0,0,0,0,7,1855524,145744305,46168253,0,0,0,0,0,0,0,0,0,0,0,0,0,0,0,0,0,0,0,0,0,0,0,0,0,0,0,0,0,0,0,0,0,0,0,0,0,12877086720,4550295552,785955,277728,46106322,381,0,96,786432,144748333,811153,6,3911777241,12884901888,24050,746022223,0,0,0,0,0,0,0,0,0,0,0,0,0,0,0,0,0,0,19185707,119082015,0,468,1202,7661,620,38371701,35,0,0,0,0,0,0,0,1,0,0,0,0,0,0,0,0,0,0,24959833,0,46106124,849197,0,0,0,0,0,0,0,0,16384,0,0,0,0,0,0,0,0,0,0,0,3895,422,0,0,0,0,0,58323903,0,147,0,2,422,3895,0,0,0,0,0,0,0,0,0,0,0,0,0,0,0,0,0,0,0,0,0,0,0,0,0,0,0,0,0,0,0,0,0,0,0,0,0,0,0,0,0,0,0,0,0,0,0,0,0,0,0,0,0,0,302979403,0,0,0,510096420,0,0,0,0,0,0,0,99568369,145699834,350150145,181131211776,86642404,0,0,0,0,0,0,0,0,0,0,0,0,0,0,0,0,0,0,0,0,0,0,0,0,0,0,0,0,0,0,0,351,0,0,0,0,0,0,0
1782976313.592,0,0,0,0,0,0,0,806844203,2383431371264,980649254912,0,0,0,0,0,0,0,0,0,0,0,0,0,0,0,0,0,0,0,0,0,0,0,0,0,0,0,0,0,0,0,0,0,0,0,0,0,0,0,0,0,0,0,0,0,0,0,0,0,0,0,0,0,0,0,0,0,0,7,1855542,145801613,46184715,0,0,0,0,0,0,0,0,0,0,0,0,0,0,0,0,0,0,0,0,0,0,0,0,0,0,0,0,0,0,0,0,0,0,0,0,0,12876480512,4554440704,785918,277981,46122784,418,0,96,786432,144805567,811153,6,3912607855,12884901888,24050,746133146,0,0,0,0,0,0,0,0,0,0,0,0,0,0,0,0,0,0,19190572,119086881,0,468,1202,7661,620,38381429,35,0,0,0,0,0,0,0,1,0,0,0,0,0,0,0,0,0,0,24965423,0,46122586,849512,0,0,0,0,0,0,0,0,16384,0,0,0,0,0,0,0,0,0,0,0,3896,422,0,0,0,0,0,58338702,0,147,0,2,422,3896,0,0,0,0,0,0,0,0,0,0,0,0,0,0,0,0,0,0,0,0,0,0,0,0,0,0,0,0,0,0,0,0,0,0,0,0,0,0,0,0,0,0,0,0,0,0,0,0,0,0,0,0,0,0,303058267,0,0,0,510178994,0,0,0,0,0,0,0,99602996,145756981,350245705,181172181504,86672205,1,0,0,0,0,0,0,0,0,0,0,0,0,0,0,0,0,0,0,0,0,0,0,0,0,0,0,0,0,0,0,410,0,0,0,0,0,0,0
1782976314.657,0,0,0,0,0,0,0,807013321,2384371059200,980969178624,0,0,0,0,0,0,0,0,0,0,0,0,0,0,0,0,0,0,0,0,0,0,0,0,0,0,0,0,0,0,0,0,0,0,0,0,0,0,0,0,0,0,0,0,0,0,0,0,0,0,0,0,0,0,0,0,0,0,7,1855561,145859117,46201342,0,0,0,0,0,0,0,0,0,0,0,0,0,0,0,0,0,0,0,0,0,0,0,0,0,0,0,0,0,0,0,0,0,0,0,0,0,12874219520,4557176832,785780,278147,46139411,555,0,96,786432,144863025,811153,6,3913443797,12884901888,24050,746244505,0,0,0,0,0,0,0,0,0,0,0,0,0,0,0,0,0,0,19195470,119091780,0,468,1202,7661,620,38391229,35,0,0,0,0,0,0,0,1,0,0,0,0,0,0,0,0,0,0,24971055,0,46139213,849825,0,0,0,0,0,0,0,0,16384,0,0,0,0,0,0,0,0,0,0,0,3897,422,0,0,0,0,0,58353627,0,147,0,2,422,3897,0,0,0,0,0,0,0,0,0,0,0,0,0,0,0,0,0,0,0,0,0,0,0,0,0,0,0,0,0,0,0,0,0,0,0,0,0,0,0,0,0,0,0,0,0,0,0,0,0,0,0,0,0,0,303138314,0,0,0,510262180,0,0,0,0,0,0,0,99638101,145814354,350342584,181213650944,86702563,1,0,0,0,0,0,0,0,0,0,0,0,0,0,0,0,0,0,0,0,0,0,0,0,0,0,0,0,0,0,0,521,0,0,0,0,0,0,0
1782976315.726,0,0,0,0,0,0,0,807183911,2385326574080,981290038272,0,0,0,0,0,0,0,0,0,0,0,0,0,0,0,0,0,0,0,0,0,0,0,0,0,0,0,0,0,0,0,0,0,0,0,0,0,0,0,0,0,0,0,0,0,0,0,0,0,0,0,0,0,0,0,0,0,0,7,1855587,145917579,46218007,0,0,0,0,0,0,0,0,0,0,0,0,0,0,0,0,0,0,0,0,0,0,0,0,0,0,0,0,0,0,0,0,0,0,0,0,0,12876087296,4563107840,785894,278510,46156076,442,0,96,786432,144921428,811153,6,3914287795,12884901888,24050,746356982,0,0,0,0,0,0,0,0,0,0,0,0,0,0,0,0,0,0,19200420,119096730,0,468,1202,7661,620,38401127,35,0,0,0,0,0,0,0,1,0,0,0,0,0,0,0,0,0,0,24976735,0,46155878,850139,0,0,0,0,0,0,0,0,16384,0,0,0,0,0,0,0,0,0,0,0,3898,422,0,0,0,0,0,58368688,0,147,0,2,422,3898,0,0,0,0,0,0,0,0,0,0,0,0,0,0,0,0,0,0,0,0,0,0,0,0,0,0,0,0,0,0,0,0,0,0,0,0,0,0,0,0,0,0,0,0,0,0,0,0,0,0,0,0,0,0,303218612,0,0,0,510346034,0,0,0,0,0,0,0,99673548,145872698,350439786,181255433216,86733144,0,0,0,0,0,0,0,0,0,0,0,0,0,0,0,0,0,0,0,0,0,0,0,0,0,0,0,0,0,0,0,673,0,0,0,0,0,0,0
1782976316.794,0,0,0,0,0,0,0,807352111,2386267867648,981606498304,0,0,0,0,0,0,0,0,0,0,0,0,0,0,0,0,0,0,0,0,0,0,0,0,0,0,0,0,0,0,0,0,0,0,0,0,0,0,0,0,0,0,0,0,0,0,0,0,0,0,0,0,0,0,0,0,0,0,7,1855605,145975145,46234454,0,0,0,0,0,0,0,0,0,0,0,0,0,0,0,0,0,0,0,0,0,0,0,0,0,0,0,0,0,0,0,0,0,0,0,0,0,12873662464,4568399872,785746,278833,46172523,590,0,96,786432,144978920,811153,6,3915120106,12884901888,24050,746468357,0,0,0,0,0,0,0,0,0,0,0,0,0,0,0,0,0,0,19205292,119101602,0,468,1202,7661,620,38410868,35,0,0,0,0,0,0,0,1,0,0,0,0,0,0,0,0,0,0,24982328,0,46172325,850460,0,0,0,0,0,0,0,0,16384,0,0,0,0,0,0,0,0,0,0,0,3899,422,0,0,0,0,0,58383464,0,147,0,2,422,3899,0,0,0,0,0,0,0,0,0,0,0,0,0,0,0,0,0,0,0,0,0,0,0,0,0,0,0,0,0,0,0,0,0,0,0,0,0,0,0,0,0,0,0,0,0,0,0,0,0,0,0,0,0,0,303297473,0,0,0,510428823,0,0,0,0,0,0,0,99708218,145930105,350535327,181296453120,86762870,1,0,0,0,0,0,0,0,0,0,0,0,0,0,0,0,0,0,0,0,0,0,0,0,0,0,0,0,0,0,0,710,0,0,0,0,0,0,0
1782976317.862,0,0,0,0,0,0,0,807516905,2387189336576,981916132352,0,0,0,0,0,0,0,0,0,0,0,0,0,0,0,0,0,0,0,0,0,0,0,0,0,0,0,0,0,0,0,0,0,0,0,0,0,0,0,0,0,0,0,0,0,0,0,0,0,0,0,0,0,0,0,0,0,0,7,1855621,146031536,46250543,0,0,0,0,0,0,0,0,0,0,0,0,0,0,0,0,0,0,0,0,0,0,0,0,0,0,0,0,0,0,0,0,0,0,0,0,0,12877709312,4572921856,785992,279109,46188612,342,0,97,786432,145035248,811153,6,3915935545,12884901888,24050,746577646,0,0,0,0,0,0,0,0,0,0,0,0,0,0,0,0,0,0,19210065,119106375,0,468,1202,7661,620,38420414,35,0,0,0,0,0,0,0,1,0,0,0,0,0,0,0,0,0,0,24987815,0,46188414,850765,0,0,0,0,0,0,0,0,16384,0,0,0,0,0,0,0,0,0,0,0,3900,422,0,0,0,0,0,58397964,0,147,0,2,422,3900,0,0,0,0,0,0,0,0,0,0,0,0,0,0,0,0,0,0,0,0,0,0,0,0,0,0,0,0,0,0,0,0,0,0,0,0,0,0,0,0,0,0,0,0,0,0,0,0,0,0,0,0,0,0,303375051,0,0,0,510509915,0,0,0,0,0,0,0,99740419,145986345,350629206,181336666624,86790466,1,0,0,0,0,0,0,0,0,0,0,0,0,0,0,0,0,0,0,0,0,0,0,0,0,0,0,0,0,0,0,681,0,0,0,0,0,0,0
1782976318.929,0,0,0,0,0,0,0,807679508,2388098271744,982227766272,0,0,0,0,0,0,0,0,0,0,0,0,0,0,0,0,0,0,0,0,0,0,0,0,0,0,0,0,0,0,0,0,0,0,0,0,0,0,0,0,0,0,0,0,0,0,0,0,0,0,0,0,0,0,0,0,0,0,7,1855640,146087130,46266759,0,0,0,0,0,0,0,0,0,0,0,0,0,0,0,0,0,0,0,0,0,0,0,0,0,0,0,0,0,0,0,0,0,0,0,0,0,12874825728,4573773824,785817,279161,46204828,519,0,96,786432,145090778,811153,6,3916740441,12884901888,24050,746685085,0,0,0,0,0,0,0,0,0,0,0,0,0,0,0,0,0,0,19214779,119111089,0,468,1202,7661,620,38429849,35,0,0,0,0,0,0,0,1,0,0,0,0,0,0,0,0,0,0,24993234,0,46204630,851074,0,0,0,0,0,0,0,0,16384,0,0,0,0,0,0,0,0,0,0,0,3901,422,0,0,0,0,0,58412308,0,147,0,2,422,3901,0,0,0,0,0,0,0,0,0,0,0,0,0,0,0,0,0,0,0,0,0,0,0,0,0,0,0,0,0,0,0,0,0,0,0,0,0,0,0,0,0,0,0,0,0,0,0,0,0,0,0,0,0,0,303452242,0,0,0,510590149,0,0,0,0,0,0,0,99771524,146041823,350722863,181376723968,86816895,0,0,0,0,0,0,0,0,0,0,0,0,0,0,0,0,0,0,0,0,0,0,0,0,0,0,0,0,0,0,0,612,0,0,0,0,0,0,0
1782976319.997,0,0,0,0,0,0,0,807840841,2388990315008,982532868608,0,0,0,0,0,0,0,0,0,0,0,0,0,0,0,0,0,0,0,0,0,0,0,0,0,0,0,0,0,0,0,0,0,0,0,0,0,0,0,0,0,0,0,0,0,0,0,0,0,0,0,0,0,0,0,0,0,0,7,1855657,146141712,46282629,0,0,0,0,0,0,0,0,0,0,0,0,0,0,0,0,0,0,0,0,0,0,0,0,0,0,0,0,0,0,0,0,0,0,0,0,0,12878184448,4574347264,786022,279196,46220698,314,0,96,786432,145145282,811153,6,3917538604,12884901888,24050,746792302,0,0,0,0,0,0,0,0,0,0,0,0,0,0,0,0,0,0,19219454,119115764,0,468,1202,7661,620,38439196,35,0,0,0,0,0,0,0,1,0,0,0,0,0,0,0,0,0,0,24998609,0,46220500,851375,0,0,0,0,0,0,0,0,16384,0,0,0,0,0,0,0,0,0,0,0,3902,422,0,0,0,0,0,58426514,0,147,0,2,422,3902,0,0,0,0,0,0,0,0,0,0,0,0,0,0,0,0,0,0,0,0,0,0,0,0,0,0,0,0,0,0,0,0,0,0,0,0,0,0,0,0,0,0,0,0,0,0,0,0,0,0,0,0,0,0,303528428,0,0,0,510669701,0,0,0,0,0,0,0,99801769,146096250,350815155,181416239104,86842613,1,0,0,0,0,0,0,0,0,0,0,0,0,0,0,0,0,0,0,0,0,0,0,0,0,0,0,0,0,0,0,469,0,0,0,0,0,0,0
1782976321.064,0,0,0,0,0,0,0,808005635,2389912553984,982848173056,0,0,0,0,0,0,0,0,0,0,0,0,0,0,0,0,0,0,0,0,0,0,0,0,0,0,0,0,0,0,0,0,0,0,0,0,0,0,0,0,0,0,0,0,0,0,0,0,0,0,0,0,0,0,0,0,0,0,7,1855682,146198125,46299033,0,0,0,0,0,0,0,0,0,0,0,0,0,0,0,0,0,0,0,0,0,0,0,0,0,0,0,0,0,0,0,0,0,0,0,0,0,12873449472,4574904320,785735,279230,46237102,602,0,96,786432,145201612,811153,6,3918353819,12884901888,24050,746901033,0,0,0,0,0,0,0,0,0,0,0,0,0,0,0,0,0,0,19224238,119120548,0,468,1202,7661,620,38448765,35,0,0,0,0,0,0,0,1,0,0,0,0,0,0,0,0,0,0,25004109,0,46236907,851696,0,0,0,0,0,0,0,0,16384,0,0,0,0,0,0,0,0,0,0,0,3903,422,0,0,0,0,0,58441053,0,147,0,2,422,3903,0,0,0,0,0,0,0,0,0,0,0,0,0,0,0,0,0,0,0,0,0,0,0,0,0,0,0,0,0,0,0,0,0,0,0,0,0,0,0,0,0,0,0,0,0,0,0,0,0,0,0,0,0,0,303606563,0,0,0,510750928,0,0,0,0,0,0,0,99835090,146152504,350909885,181456702976,86871101,1,0,0,0,0,0,0,0,0,0,0,0,0,0,0,0,0,0,0,0,0,0,0,0,0,0,0,0,0,0,0,449,0,0,0,0,0,0,0
1782976322.132,0,0,0,0,0,0,0,808172073,2390840723968,983161351168,0,0,0,0,0,0,0,0,0,0,0,0,0,0,0,0,0,0,0,0,0,0,0,0,0,0,0,0,0,0,0,0,0,0,0,0,0,0,0,0,0,0,0,0,0,0,0,0,0,0,0,0,0,0,0,0,0,0,7,1855700,146254912,46315282,0,0,0,0,0,0,0,0,0,0,0,0,0,0,0,0,0,0,0,0,0,0,0,0,0,0,0,0,0,0,0,0,0,0,0,0,0,12876382208,4579016704,785912,279481,46253351,423,0,96,786432,145258338,811153,6,3919177169,12884901888,24050,747011202,0,0,0,0,0,0,0,0,0,0,0,0,0,0,0,0,0,0,19229057,119125366,0,468,1202,7661,620,38458399,35,0,0,0,0,0,0,0,1,0,0,0,0,0,0,0,0,0,0,25009647,0,46253153,852017,0,0,0,0,0,0,0,0,16384,0,0,0,0,0,0,0,0,0,0,0,3904,422,0,0,0,0,0,58455700,0,147,0,2,422,3904,0,0,0,0,0,0,0,0,0,0,0,0,0,0,0,0,0,0,0,0,0,0,0,0,0,0,0,0,0,0,0,0,0,0,0,0,0,0,0,0,0,0,0,0,0,0,0,0,0,0,0,0,0,0,303685630,0,0,0,510832796,0,0,0,0,0,0,0,99868496,146209157,351005457,181497722880,86899574,1,0,0,0,0,0,0,0,0,0,0,0,0,0,0,0,0,0,0,0,0,0,0,0,0,0,0,0,0,0,0,474,0,0,0,0,0,0,0
1782976323.202,0,0,0,0,0,0,0,808339373,2391775463936,983477528576,0,0,0,0,0,0,0,0,0,0,0,0,0,0,0,0,0,0,0,0,0,0,0,0,0,0,0,0,0,0,0,0,0,0,0,0,0,0,0,0,0,0,0,0,0,0,0,0,0,0,0,0,0,0,0,0,0,0,7,1855716,146312095,46331704,0,0,0,0,0,0,0,0,0,0,0,0,0,0,0,0,0,0,0,0,0,0,0,0,0,0,0,0,0,0,0,0,0,0,0,0,0,12879183872,4584407040,786083,279810,46269773,252,0,96,786432,145315455,811153,6,3920004415,12884901888,24050,747121485,0,0,0,0,0,0,0,0,0,0,0,0,0,0,0,0,0,0,19233907,119130217,0,468,1202,7661,620,38468101,35,0,0,0,0,0,0,0,1,0,0,0,0,0,0,0,0,0,0,25015222,0,46269575,852336,0,0,0,0,0,0,0,0,16384,0,0,0,0,0,0,0,0,0,0,0,3905,422,0,0,0,0,0,58470444,0,147,0,2,422,3905,0,0,0,0,0,0,0,0,0,0,0,0,0,0,0,0,0,0,0,0,0,0,0,0,0,0,0,0,0,0,0,0,0,0,0,0,0,0,0,0,0,0,0,0,0,0,0,0,0,0,0,0,0,0,303764854,0,0,0,510915097,0,0,0,0,0,0,0,99902237,146266212,351101350,181538743808,86928500,0,0,0,0,0,0,0,0,0,0,0,0,0,0,0,0,0,0,0,0,0,0,0,0,0,0,0,0,0,0,0,527,0,0,0,0,0,0,0
1782976324.271,0,0,0,0,0,0,0,808508326,2392721476096,983792532992,0,0,0,0,0,0,0,0,0,0,0,0,0,0,0,0,0,0,0,0,0,0,0,0,0,0,0,0,0,0,0,0,0,0,0,0,0,0,0,0,0,0,0,0,0,0,0,0,0,0,0,0,0,0,0,0,0,0,7,1855736,146369951,46348042,0,0,0,0,0,0,0,0,0,0,0,0,0,0,0,0,0,0,0,0,0,0,0,0,0,0,0,0,0,0,0,0,0,0,0,0,0,12878069760,4590632960,786014,280190,46286111,319,0,97,786432,145373264,811153,6,3920840166,12884901888,24050,747232994,0,0,0,0,0,0,0,0,0,0,0,0,0,0,0,0,0,0,19238806,119135116,0,468,1202,7661,620,38477896,35,0,0,0,0,0,0,0,1,0,0,0,0,0,0,0,0,0,0,25020853,0,46285913,852661,0,0,0,0,0,0,0,0,16384,0,0,0,0,0,0,0,0,0,0,0,3906,422,0,0,0,0,0,58485342,0,147,0,2,422,3906,0,0,0,0,0,0,0,0,0,0,0,0,0,0,0,0,0,0,0,0,0,0,0,0,0,0,0,0,0,0,0,0,0,0,0,0,0,0,0,0,0,0,0,0,0,0,0,0,0,0,0,0,0,0,303844045,0,0,0,510998237,0,0,0,0,0,0,0,99937693,146323919,351197117,181579863552,86958988,1,0,0,0,0,0,0,0,0,0,0,0,0,0,0,0,0,0,0,0,0,0,0,0,0,0,0,0,0,0,0,617,0,0,0,0,0,0,0
1782976325.336,0,0,0,0,0,0,0,808677373,2393668225536,984110351360,0,0,0,0,0,0,0,0,0,0,0,0,0,0,0,0,0,0,0,0,0,0,0,0,0,0,0,0,0,0,0,0,0,0,0,0,0,0,0,0,0,0,0,0,0,0,0,0,0,0,0,0,0,0,0,0,0,0,7,1855756,146427863,46364561,0,0,0,0,0,0,0,0,0,0,0,0,0,0,0,0,0,0,0,0,0,0,0,0,0,0,0,0,0,0,0,0,0,0,0,0,0,12874530816,4596023296,785799,280520,46302592,538,0,96,786432,145431122,811153,6,3921676471,12884901888,24050,747344331,0,0,0,0,0,0,0,0,0,0,0,0,0,0,0,0,0,0,19243709,119140018,0,468,1202,7661,620,38487705,35,0,0,0,0,0,0,0,1,0,0,0,0,0,0,0,0,0,0,25026489,0,46302394,852983,0,0,0,0,0,0,0,0,16384,0,0,0,0,0,0,0,0,0,0,0,3907,422,0,0,0,0,0,58500255,0,147,0,2,422,3907,0,0,0,0,0,0,0,0,0,0,0,0,0,0,0,0,0,0,0,0,0,0,0,0,0,0,0,0,0,0,0,0,0,0,0,0,0,0,0,0,0,0,0,0,0,0,0,0,0,0,0,0,0,0,303923061,0,0,0,511081394,0,0,0,0,0,0,0,99972719,146381683,351292885,181620833280,86989064,0,0,0,0,0,0,0,0,0,0,0,0,0,0,0,0,0,0,0,0,0,0,0,0,0,0,0,0,0,0,0,712,0,0,0,0,0,0,0
1782976326.401,0,0,0,0,0,0,0,808846772,2394605144576,984443046400,0,0,0,0,0,0,0,0,0,0,0,0,0,0,0,0,0,0,0,0,0,0,0,0,0,0,0,0,0,0,0,0,0,0,0,0,0,0,0,0,0,0,0,0,0,0,0,0,0,0,0,0,0,0,0,0,0,0,7,1855781,146485158,46381950,0,0,0,0,0,0,0,0,0,0,0,0,0,0,0,0,0,0,0,0,0,0,0,0,0,0,0,0,0,0,0,0,0,0,0,0,0,12874661888,4589568000,785807,280124,46318899,528,0,96,786432,145488356,811153,6,3922514044,12884901888,24050,747456437,0,0,0,0,0,0,0,0,0,0,0,0,0,0,0,0,0,0,19248616,119144927,0,468,1202,7661,620,38497521,35,0,0,0,0,0,0,0,1,0,0,0,0,0,0,0,0,0,0,25032129,0,46319853,853311,0,0,0,0,0,0,0,0,16384,0,0,0,0,0,0,0,0,0,0,0,3908,422,0,0,0,0,0,58515161,0,147,0,2,422,3908,0,0,0,0,0,0,0,0,0,0,0,0,0,0,0,0,0,0,0,0,0,0,0,0,0,0,0,0,0,0,0,0,0,0,0,0,0,0,0,0,0,0,0,0,0,0,0,0,0,0,0,0,0,0,304002719,0,0,0,511164718,0,0,0,0,0,0,0,100007971,146438856,351390157,181662202880,87019251,1,0,0,0,0,0,0,0,0,0,0,0,0,0,0,0,0,0,0,0,0,0,0,0,0,0,0,0,0,0,0,799,0,0,0,0,0,0,0
1782976327.469,0,0,0,0,0,0,0,809014023,2395531266560,984801349120,0,0,0,0,0,0,0,0,0,0,0,0,0,0,0,0,0,0,0,0,0,0,0,0,0,0,0,0,0,0,0,0,0,0,0,0,0,0,0,0,0,0,0,0,0,0,0,0,0,0,0,0,0,0,0,0,0,0,7,1855801,146541821,46400991,0,0,0,0,0,0,0,0,0,0,0,0,0,0,0,0,0,0,0,0,0,0,0,0,0,0,0,0,0,0,0,0,0,0,0,0,0,12880232448,4549885952,786146,277703,46339060,189,0,97,786432,145544943,811153,6,3923341491,12884901888,24050,747567361,0,0,0,0,0,0,0,0,0,0,0,0,0,0,0,0,0,0,19253459,119149769,0,468,1202,7661,620,38507205,35,0,0,0,0,0,0,0,1,0,0,0,0,0,0,0,0,0,0,25037697,0,46338862,853652,0,0,0,0,0,0,0,0,16384,0,0,0,0,0,0,0,0,0,0,0,3909,422,0,0,0,0,0,58529878,0,147,0,2,422,3909,0,0,0,0,0,0,0,0,0,0,0,0,0,0,0,0,0,0,0,0,0,0,0,0,0,0,0,0,0,0,0,0,0,0,0,0,0,0,0,0,0,0,0,0,0,0,0,0,0,0,0,0,0,0,304081477,0,0,0,511247005,0,0,0,0,0,0,0,100042671,146495398,351488164,181703130112,87048703,0,1,0,0,0,0,0,0,0,0,0,0,0,0,0,0,0,0,0,0,0,0,0,0,0,0,0,0,0,0,0,817,0,0,0,0,0,0,0
1782976328.536,0,0,0,0,0,0,0,809182487,2396467251712,985120024576,0,0,0,0,0,0,0,0,0,0,0,0,0,0,0,0,0,0,0,0,0,0,0,0,0,0,0,0,0,0,0,0,0,0,0,0,0,0,0,0,0,0,0,0,0,0,0,0,0,0,0,0,0,0,0,0,0,0,7,1855829,146599094,46417553,0,0,0,0,0,0,0,0,0,0,0,0,0,0,0,0,0,0,0,0,0,0,0,0,0,0,0,0,0,0,0,0,0,0,0,0,0,12874399744,4553424896,785793,277919,46355622,547,0,96,786432,145602155,811153,6,3924174527,12884901888,24050,747678264,0,0,0,0,0,0,0,0,0,0,0,0,0,0,0,0,0,0,19258346,119154656,0,468,1202,7661,620,38516983,35,0,0,0,0,0,0,0,1,0,0,0,0,0,0,0,0,0,0,25043314,0,46355424,853969,0,0,0,0,0,0,0,0,16384,0,0,0,0,0,0,0,0,0,0,0,3911,422,0,0,0,0,0,58544748,0,147,0,2,422,3911,0,0,0,0,0,0,0,0,0,0,0,0,0,0,0,0,0,0,0,0,0,0,0,0,0,0,0,0,0,0,0,0,0,0,0,0,0,0,0,0,0,0,0,0,0,0,0,0,0,0,0,0,0,0,304160838,0,0,0,511329895,0,0,0,0,0,0,0,100077976,146552519,351584335,181744325120,87079014,1,0,0,0,0,0,0,0,0,0,0,0,0,0,0,0,0,0,0,0,0,0,0,0,0,0,0,0,0,0,0,903,0,0,0,0,0,0,0
1782976329.601,0,0,0,0,0,0,0,809351927,2397413460480,985437345792,0,0,0,0,0,0,0,0,0,0,0,0,0,0,0,0,0,0,0,0,0,0,0,0,0,0,0,0,0,0,0,0,0,0,0,0,0,0,0,0,0,0,0,0,0,0,0,0,0,0,0,0,0,0,0,0,0,0,7,1855850,146656961,46434026,0,0,0,0,0,0,0,0,0,0,0,0,0,0,0,0,0,0,0,0,0,0,0,0,0,0,0,0,0,0,0,0,0,0,0,0,0,12876857344,4563451904,785941,278531,46372083,394,0,98,786432,145659976,811153,6,3925012397,12884901888,24050,747790288,0,0,0,0,0,0,0,0,0,0,0,0,0,0,0,0,0,0,19263248,119159557,0,468,1202,7661,620,38526785,35,0,0,0,0,0,0,0,1,0,0,0,0,0,0,0,0,0,0,25048955,0,46371885,854290,0,0,0,0,0,0,0,0,16384,0,0,0,0,0,0,0,0,0,0,0,3912,422,0,0,0,0,0,58559658,0,147,0,2,422,3912,0,0,0,0,0,0,0,0,0,0,0,0,0,0,0,0,0,0,0,0,0,0,0,0,0,0,0,0,0,0,0,0,0,0,0,0,0,0,0,0,0,0,0,0,0,0,0,0,0,0,0,0,0,0,304240695,0,0,0,511413095,0,0,0,0,0,0,0,100113135,146610263,351680895,181785741824,87109310,1,0,0,0,0,0,0,0,0,0,0,0,0,0,0,0,0,0,0,0,0,0,0,0,0,0,0,0,0,0,0,995,0,0,0,0,0,0,0
1782976330.669,0,0,0,0,0,0,0,809520906,2398355245568,985756673536,0,0,0,0,0,0,0,0,0,0,0,0,0,0,0,0,0,0,0,0,0,0,0,0,0,0,0,0,0,0,0,0,0,0,0,0,0,0,0,0,0,0,0,0,0,0,0,0,0,0,0,0,0,0,0,0,0,0,7,1855870,146714582,46450668,0,0,0,0,0,0,0,0,0,0,0,0,0,0,0,0,0,0,0,0,0,0,0,0,0,0,0,0,0,0,0,0,0,0,0,0,0,12876824576,4565123072,785939,278633,46388737,395,0,96,786432,145717532,811153,6,3925848057,12884901888,24050,747901882,0,0,0,0,0,0,0,0,0,0,0,0,0,0,0,0,0,0,19268148,119164458,0,468,1202,7661,620,38536585,35,0,0,0,0,0,0,0,1,0,0,0,0,0,0,0,0,0,0,25054586,0,46388539,854605,0,0,0,0,0,0,0,0,16384,0,0,0,0,0,0,0,0,0,0,0,3913,422,0,0,0,0,0,58574559,0,147,0,2,422,3913,0,0,0,0,0,0,0,0,0,0,0,0,0,0,0,0,0,0,0,0,0,0,0,0,0,0,0,0,0,0,0,0,0,0,0,0,0,0,0,0,0,0,0,0,0,0,0,0,0,0,0,0,0,0,304319593,0,0,0,511496295,0,0,0,0,0,0,0,100147943,146667736,351776644,181826652672,87139156,0,0,0,0,0,0,0,0,0,0,0,0,0,0,0,0,0,0,0,0,0,0,0,0,0,0,0,0,0,0,0,1065,0,0,0,0,0,0,0
1782976331.736,0,0,0,0,0,0,0,809689508,2399298275840,986075562496,0,0,0,0,0,0,0,0,0,0,0,0,0,0,0,0,0,0,0,0,0,0,0,0,0,0,0,0,0,0,0,0,0,0,0,0,0,0,0,0,0,0,0,0,0,0,0,0,0,0,0,0,0,0,0,0,0,0,7,1855885,146772264,46467224,0,0,0,0,0,0,0,0,0,0,0,0,0,0,0,0,0,0,0,0,0,0,0,0,0,0,0,0,0,0,0,0,0,0,0,0,0,12874039296,4566990848,785769,278747,46405293,567,0,96,786432,145775151,811153,6,3926682161,12884901888,24050,748013014,0,0,0,0,0,0,0,0,0,0,0,0,0,0,0,0,0,0,19273038,119169346,0,468,1202,7661,620,38546367,35,0,0,0,0,0,0,0,1,0,0,0,0,0,0,0,0,0,0,25060199,0,46405095,854931,0,0,0,0,0,0,0,0,16384,0,0,0,0,0,0,0,0,0,0,0,3914,422,0,0,0,0,0,58589400,0,147,0,2,422,3914,0,0,0,0,0,0,0,0,0,0,0,0,0,0,0,0,0,0,0,0,0,0,0,0,0,0,0,0,0,0,0,0,0,0,0,0,0,0,0,0,0,0,0,0,0,0,0,0,0,0,0,0,0,0,304399712,0,0,0,511579228,0,0,0,0,0,0,0,100183256,146725282,351873577,181868190720,87169460,1,1,0,0,0,0,0,0,0,0,0,0,0,0,0,0,0,0,0,0,0,0,0,0,0,0,0,0,0,0,0,1145,0,0,0,0,0,0,0
1782976332.804,0,0,0,0,0,0,0,809859117,2400241568256,986392169472,0,0,0,0,0,0,0,0,0,0,0,0,0,0,0,0,0,0,0,0,0,0,0,0,0,0,0,0,0,0,0,0,0,0,0,0,0,0,0,0,0,0,0,0,0,0,0,0,0,0,0,0,0,0,0,0,0,0,7,1855911,146829965,46483598,0,0,0,0,0,0,0,0,0,0,0,0,0,0,0,0,0,0,0,0,0,0,0,0,0,0,0,0,0,0,0,0,0,0,0,0,0,12875743232,4574183424,785873,279186,46421667,463,0,96,786432,145832767,811153,6,3927524121,12884901888,24050,748128250,0,0,0,0,0,0,0,0,0,0,0,0,0,0,0,0,0,0,19277945,119174254,0,468,1202,7661,620,38556180,35,0,0,0,0,0,0,0,1,0,0,0,0,0,0,0,0,0,0,25065842,0,46421469,855255,0,0,0,0,0,0,0,0,16384,0,0,0,0,0,0,0,0,0,0,0,3915,422,0,0,0,0,0,58604320,0,147,0,2,422,3915,0,0,0,0,0,0,0,0,0,0,0,0,0,0,0,0,0,0,0,0,0,0,0,0,0,0,0,0,0,0,0,0,0,0,0,0,0,0,0,0,0,0,0,0,0,0,0,0,0,0,0,0,0,0,304480762,0,0,0,511663765,0,0,0,0,0,0,0,100219069,146782836,351971242,181910382080,87200218,0,0,0,0,0,0,0,0,0,0,0,0,0,0,0,0,0,0,0,0,0,0,0,0,0,0,0,0,0,0,0,54,0,0,0,0,0,0,0
1782976333.871,0,0,0,0,0,0,0,810025317,2401171982848,986706869248,0,0,0,0,0,0,0,0,0,0,0,0,0,0,0,0,0,0,0,0,0,0,0,0,0,0,0,0,0,0,0,0,0,0,0,0,0,0,0,0,0,0,0,0,0,0,0,0,0,0,0,0,0,0,0,0,0,0,7,1855931,146886862,46499903,0,0,0,0,0,0,0,0,0,0,0,0,0,0,0,0,0,0,0,0,0,0,0,0,0,0,0,0,0,0,0,0,0,0,0,0,0,12875120640,4575657984,785835,279277,46437931,502,0,97,786432,145889596,811153,6,3928346116,12884901888,24050,748237748,0,0,0,0,0,0,0,0,0,0,0,0,0,0,0,0,0,0,19282769,119179078,0,468,1202,7661,620,38565825,35,0,0,0,0,0,0,0,1,0,0,0,0,0,0,0,0,0,0,25071386,0,46437797,855567,0,0,0,0,0,0,0,0,16384,0,0,0,0,0,0,0,0,0,0,0,3916,422,0,0,0,0,0,58618991,0,147,0,2,422,3916,0,0,0,0,0,0,0,0,0,0,0,0,0,0,0,0,0,0,0,0,0,0,0,0,0,0,0,0,0,0,0,0,0,0,0,0,0,0,0,0,0,0,0,0,0,0,0,0,0,0,0,0,0,0,304559973,0,0,0,511745644,0,0,0,0,0,0,0,100252739,146839618,352066993,181951493120,87229067,0,0,0,0,0,0,0,0,0,0,0,0,0,0,0,0,0,0,0,0,0,0,0,0,0,0,0,0,0,0,0,77,0,0,0,0,0,0,0
1782976334.939,0,0,0,0,0,0,0,810191009,2402094844416,987019239936,0,0,0,0,0,0,0,0,0,0,0,0,0,0,0,0,0,0,0,0,0,0,0,0,0,0,0,0,0,0,0,0,0,0,0,0,0,0,0,0,0,0,0,0,0,0,0,0,0,0,0,0,0,0,0,0,0,0,7,1855947,146943320,46516102,0,0,0,0,0,0,0,0,0,0,0,0,0,0,0,0,0,0,0,0,0,0,0,0,0,0,0,0,0,0,0,0,0,0,0,0,0,12875120640,4579344384,785834,279501,46454171,501,0,97,786432,145945995,811153,6,3929165645,12884901888,24050,748347514,0,0,0,0,0,0,0,0,0,0,0,0,0,0,0,0,0,0,19287569,119183879,0,468,1202,7661,620,38575431,35,0,0,0,0,0,0,0,1,0,0,0,0,0,0,0,0,0,0,25076910,0,46453973,855889,0,0,0,0,0,0,0,0,16384,0,0,0,0,0,0,0,0,0,0,0,3917,422,0,0,0,0,0,58633572,0,147,0,2,422,3917,0,0,0,0,0,0,0,0,0,0,0,0,0,0,0,0,0,0,0,0,0,0,0,0,0,0,0,0,0,0,0,0,0,0,0,0,0,0,0,0,0,0,0,0,0,0,0,0,0,0,0,0,0,0,304639153,0,0,0,511827231,0,0,0,0,0,0,0,100285818,146895929,352162596,181992489984,87257356,0,0,0,0,0,0,0,0,0,0,0,0,0,0,0,0,0,0,0,0,0,0,0,0,0,0,0,0,0,0,0,90,0,0,0,0,0,0,0
1782976336.008,0,0,0,0,0,0,0,810356427,2403019573760,987331356672,0,0,0,0,0,0,0,0,0,0,0,0,0,0,0,0,0,0,0,0,0,0,0,0,0,0,0,0,0,0,0,0,0,0,0,0,0,0,0,0,0,0,0,0,0,0,0,0,0,0,0,0,0,0,0,0,0,0,7,1855970,146999874,46532291,0,0,0,0,0,0,0,0,0,0,0,0,0,0,0,0,0,0,0,0,0,0,0,0,0,0,0,0,0,0,0,0,0,0,0,0,0,12879167488,4582719488,786082,279707,46470360,254,0,96,786432,146002486,811153,6,3929984637,12884901888,24050,748457317,0,0,0,0,0,0,0,0,0,0,0,0,0,0,0,0,0,0,19292357,119188668,0,468,1202,7661,620,38585005,35,0,0,0,0,0,0,0,1,0,0,0,0,0,0,0,0,0,0,25082417,0,46470162,856201,0,0,0,0,0,0,0,0,16384,0,0,0,0,0,0,0,0,0,0,0,3918,422,0,0,0,0,0,58648144,0,147,0,2,422,3918,0,0,0,0,0,0,0,0,0,0,0,0,0,0,0,0,0,0,0,0,0,0,0,0,0,0,0,0,0,0,0,0,0,0,0,0,0,0,0,0,0,0,0,0,0,0,0,0,0,0,0,0,0,0,304717259,0,0,0,511908632,0,0,0,0,0,0,0,100318524,146952360,352257112,182033115136,87285408,0,0,0,0,0,0,0,0,0,0,0,0,0,0,0,0,0,0,0,0,0,0,0,0,0,0,0,0,0,0,0,71,0,0,0,0,0,0,0
1782976337.077,0,0,0,0,0,0,0,810521944,2403944909312,987646013952,0,0,0,0,0,0,0,0,0,0,0,0,0,0,0,0,0,0,0,0,0,0,0,0,0,0,0,0,0,0,0,0,0,0,0,0,0,0,0,0,0,0,0,0,0,0,0,0,0,0,0,0,0,0,0,0,0,0,7,1855994,147056464,46548654,0,0,0,0,0,0,0,0,0,0,0,0,0,0,0,0,0,0,0,0,0,0,0,0,0,0,0,0,0,0,0,0,0,0,0,0,0,12878184448,4585537536,786022,279879,46486723,313,0,96,786432,146059014,811153,6,3930800007,12884901888,24050,748563658,0,0,0,0,0,0,0,0,0,0,0,0,0,0,0,0,0,0,19297156,119193467,0,468,1202,7661,620,38594601,35,0,0,0,0,0,0,0,1,0,0,0,0,0,0,0,0,0,0,25087917,0,46486525,856518,0,0,0,0,0,0,0,0,16384,0,0,0,0,0,0,0,0,0,0,0,3919,422,0,0,0,0,0,58662739,0,147,0,2,422,3919,0,0,0,0,0,0,0,0,0,0,0,0,0,0,0,0,0,0,0,0,0,0,0,0,0,0,0,0,0,0,0,0,0,0,0,0,0,0,0,0,0,0,0,0,0,0,0,0,0,0,0,0,0,0,304795258,0,0,0,511989000,0,0,0,0,0,0,0,100351369,147008827,352351712,182073558528,87313554,1,1,0,0,0,0,0,0,0,0,0,0,0,0,0,0,0,0,0,0,0,0,0,0,0,0,0,0,0,0,0,1273,0,0,0,0,0,0,0
1782976338.146,0,0,0,0,0,0,0,810687287,2404867033600,987957293568,0,0,0,0,0,0,0,0,0,0,0,0,0,0,0,0,0,0,0,0,0,0,0,0,0,0,0,0,0,0,0,0,0,0,0,0,0,0,0,0,0,0,0,0,0,0,0,0,0,0,0,0,0,0,0,0,0,0,7,1856015,147112885,46564850,0,0,0,0,0,0,0,0,0,0,0,0,0,0,0,0,0,0,0,0,0,0,0,0,0,0,0,0,0,0,0,0,0,0,0,0,0,12876464128,4589748224,785916,280136,46502919,419,0,97,786432,146115354,811153,6,3931618668,12884901888,24050,748673383,0,0,0,0,0,0,0,0,0,0,0,0,0,0,0,0,0,0,19301948,119198257,0,468,1202,7661,620,38604188,35,0,0,0,0,0,0,0,1,0,0,0,0,0,0,0,0,0,0,25093426,0,46502721,856834,0,0,0,0,0,0,0,0,16384,0,0,0,0,0,0,0,0,0,0,0,3920,422,0,0,0,0,0,58677251,0,147,0,2,422,3920,0,0,0,0,0,0,0,0,0,0,0,0,0,0,0,0,0,0,0,0,0,0,0,0,0,0,0,0,0,0,0,0,0,0,0,0,0,0,0,0,0,0,0,0,0,0,0,0,0,0,0,0,0,0,304872646,0,0,0,512070540,0,0,0,0,0,0,0,100384038,147065112,352445527,182113730560,87341368,1,0,0,0,0,0,0,0,0,0,0,0,0,0,0,0,0,0,0,0,0,0,0,0,0,0,0,0,0,0,0,1158,0,0,0,0,0,0,0
1782976339.214,0,0,0,0,0,0,0,810851730,2405791042048,988269023232,0,0,0,0,0,0,0,0,0,0,0,0,0,0,0,0,0,0,0,0,0,0,0,0,0,0,0,0,0,0,0,0,0,0,0,0,0,0,0,0,0,0,0,0,0,0,0,0,0,0,0,0,0,0,0,0,0,0,7,1856035,147169389,46581048,0,0,0,0,0,0,0,0,0,0,0,0,0,0,0,0,0,0,0,0,0,0,0,0,0,0,0,0,0,0,0,0,0,0,0,0,0,12878479360,4593909760,786039,280390,46519117,295,0,97,786432,146171793,811153,6,3932432669,12884901888,24050,748782230,0,0,0,0,0,0,0,0,0,0,0,0,0,0,0,0,0,0,19306715,119203024,0,468,1202,7661,620,38613719,35,0,0,0,0,0,0,0,1,0,0,0,0,0,0,0,0,0,0,25098905,0,46518919,857138,0,0,0,0,0,0,0,0,16384,0,0,0,0,0,0,0,0,0,0,0,3921,422,0,0,0,0,0,58691759,0,147,0,2,422,3921,0,0,0,0,0,0,0,0,0,0,0,0,0,0,0,0,0,0,0,0,0,0,0,0,0,0,0,0,0,0,0,0,0,0,0,0,0,0,0,0,0,0,0,0,0,0,0,0,0,0,0,0,0,0,304950304,0,0,0,512151464,0,0,0,0,0,0,0,100416457,147121490,352539599,182154101760,87369184,1,0,0,0,0,0,0,0,0,0,0,0,0,0,0,0,0,0,0,0,0,0,0,0,0,0,0,0,0,0,0,1139,0,0,0,0,0,0,0
1782976340.286,0,0,0,0,0,0,0,811016534,2406706350592,988576602112,0,0,0,0,0,0,0,0,0,0,0,0,0,0,0,0,0,0,0,0,0,0,0,0,0,0,0,0,0,0,0,0,0,0,0,0,0,0,0,0,0,0,0,0,0,0,0,0,0,0,0,0,0,0,0,0,0,0,7,1856063,147225369,46597015,0,0,0,0,0,0,0,0,0,0,0,0,0,0,0,0,0,0,0,0,0,0,0,0,0,0,0,0,0,0,0,0,0,0,0,0,0,12874825728,4601462784,785817,280851,46535084,518,0,96,786432,146227704,811153,6,3933247422,12884901888,24050,748891245,0,0,0,0,0,0,0,0,0,0,0,0,0,0,0,0,0,0,19311490,119207801,0,468,1202,7661,620,38623272,35,0,0,0,0,0,0,0,1,0,0,0,0,0,0,0,0,0,0,25104398,0,46534886,857455,0,0,0,0,0,0,0,0,16384,0,0,0,0,0,0,0,0,0,0,0,3922,422,0,0,0,0,0,58706275,0,147,0,2,422,3922,0,0,0,0,0,0,0,0,0,0,0,0,0,0,0,0,0,0,0,0,0,0,0,0,0,0,0,0,0,0,0,0,0,0,0,0,0,0,0,0,0,0,0,0,0,0,0,0,0,0,0,0,0,0,305027254,0,0,0,512232659,0,0,0,0,0,0,0,100448949,147177338,352632756,182194174976,87396949,1,1,0,0,0,0,0,0,0,0,0,0,0,0,0,0,0,0,0,0,0,0,0,0,0,0,0,0,0,0,0,1094,0,0,0,0,0,0,0
1782976341.350,0,0,0,0,0,0,0,811183423,2407638256128,988892960768,0,0,0,0,0,0,0,0,0,0,0,0,0,0,0,0,0,0,0,0,0,0,0,0,0,0,0,0,0,0,0,0,0,0,0,0,0,0,0,0,0,0,0,0,0,0,0,0,0,0,0,0,0,0,0,0,0,0,7,1856082,147282396,46613482,0,0,0,0,0,0,0,0,0,0,0,0,0,0,0,0,0,0,0,0,0,0,0,0,0,0,0,0,0,0,0,0,0,0,0,0,0,12873465856,4603822080,785734,280995,46551551,601,0,96,786432,146284673,811153,6,3934072894,12884901888,24050,749001715,0,0,0,0,0,0,0,0,0,0,0,0,0,0,0,0,0,0,19316326,119212636,0,468,1202,7661,620,38632940,35,0,0,0,0,0,0,0,1,0,0,0,0,0,0,0,0,0,0,25109955,0,46551353,857772,0,0,0,0,0,0,0,0,16384,0,0,0,0,0,0,0,0,0,0,0,3923,422,0,0,0,0,0,58720969,0,147,0,2,422,3923,0,0,0,0,0,0,0,0,0,0,0,0,0,0,0,0,0,0,0,0,0,0,0,0,0,0,0,0,0,0,0,0,0,0,0,0,0,0,0,0,0,0,0,0,0,0,0,0,0,0,0,0,0,0,305105717,0,0,0,512314784,0,0,0,0,0,0,0,100482266,147234209,352727940,182234803712,87425353,1,0,0,0,0,0,0,0,0,0,0,0,0,0,0,0,0,0,0,0,0,0,0,0,0,0,0,0,0,0,0,1120,0,0,0,0,0,0,0
1782976342.417,0,0,0,0,0,0,0,811350465,2408574913024,989235567616,0,0,0,0,0,0,0,0,0,0,0,0,0,0,0,0,0,0,0,0,0,0,0,0,0,0,0,0,0,0,0,0,0,0,0,0,0,0,0,0,0,0,0,0,0,0,0,0,0,0,0,0,0,0,0,0,0,0,7,1856094,147339679,46631572,0,0,0,0,0,0,0,0,0,0,0,0,0,0,0,0,0,0,0,0,0,0,0,0,0,0,0,0,0,0,0,0,0,0,0,0,0,12874956800,4579704832,785825,279523,46567887,510,0,96,786432,146341897,811153,6,3934899646,12884901888,24050,749111991,0,0,0,0,0,0,0,0,0,0,0,0,0,0,0,0,0,0,19321166,119217477,0,468,1202,7661,620,38642621,35,0,0,0,0,0,0,0,1,0,0,0,0,0,0,0,0,0,0,25115520,0,46569353,858104,0,0,0,0,0,0,0,0,16384,0,0,0,0,0,0,0,0,0,0,0,3924,422,0,0,0,0,0,58735672,0,147,0,2,422,3924,0,0,0,0,0,0,0,0,0,0,0,0,0,0,0,0,0,0,0,0,0,0,0,0,0,0,0,0,0,0,0,0,0,0,0,0,0,0,0,0,0,0,0,0,0,0,0,0,0,0,0,0,0,0,305182478,0,0,0,512397019,0,0,0,0,0,0,0,100516452,147291359,352823051,182274567168,87454412,1,0,0,0,0,0,0,0,0,0,0,0,0,0,0,0,0,0,0,0,0,0,0,0,0,0,0,0,0,0,0,1157,0,0,0,0,0,0,0
1782976343.485,0,0,0,0,0,0,0,811518922,2409513355776,989587453440,0,0,0,0,0,0,0,0,0,0,0,0,0,0,0,0,0,0,0,0,0,0,0,0,0,0,0,0,0,0,0,0,0,0,0,0,0,0,0,0,0,0,0,0,0,0,0,0,0,0,0,0,0,0,0,0,0,0,7,1856117,147397082,46650268,0,0,0,0,0,0,0,0,0,0,0,0,0,0,0,0,0,0,0,0,0,0,0,0,0,0,0,0,0,0,0,0,0,0,0,0,0,12874006528,4546707456,785767,277510,46588303,569,0,97,786432,146399243,811153,6,3935732215,12884901888,24050,749223120,0,0,0,0,0,0,0,0,0,0,0,0,0,0,0,0,0,0,19326042,119222351,0,468,1202,7661,620,38652379,35,0,0,0,0,0,0,0,1,0,0,0,0,0,0,0,0,0,0,25121124,0,46588134,858435,0,0,0,0,0,0,0,0,16384,0,0,0,0,0,0,0,0,0,0,0,3926,422,0,0,0,0,0,58750503,0,147,0,2,422,3926,0,0,0,0,0,0,0,0,0,0,0,0,0,0,0,0,0,0,0,0,0,0,0,0,0,0,0,0,0,0,0,0,0,0,0,0,0,0,0,0,0,0,0,0,0,0,0,0,0,0,0,0,0,0,305259915,0,0,0,512479849,0,0,0,0,0,0,0,100550580,147348628,352919385,182314724864,87483296,1,1,0,0,0,0,0,0,0,0,0,0,0,0,0,0,0,0,0,0,0,0,0,0,0,0,0,0,0,0,0,1214,0,0,0,0,0,0,0
1782976344.554,0,0,0,0,0,0,0,811689241,2410463185408,989905614336,0,0,0,0,0,0,0,0,0,0,0,0,0,0,0,0,0,0,0,0,0,0,0,0,0,0,0,0,0,0,0,0,0,0,0,0,0,0,0,0,0,0,0,0,0,0,0,0,0,0,0,0,0,0,0,0,0,0,7,1856139,147455168,46666778,0,0,0,0,0,0,0,0,0,0,0,0,0,0,0,0,0,0,0,0,0,0,0,0,0,0,0,0,0,0,0,0,0,0,0,0,0,12876627968,4555112448,785927,278022,46604847,408,0,96,786432,146457273,811153,6,3936577795,12884901888,24050,749338442,0,0,0,0,0,0,0,0,0,0,0,0,0,0,0,0,0,0,19330981,119227292,0,468,1202,7661,620,38662256,35,0,0,0,0,0,0,0,1,0,0,0,0,0,0,0,0,0,0,25126809,0,46604638,858747,0,0,0,0,0,0,0,0,16384,0,0,0,0,0,0,0,0,0,0,0,3927,422,0,0,0,0,0,58765501,0,147,0,2,422,3927,0,0,0,0,0,0,0,0,0,0,0,0,0,0,0,0,0,0,0,0,0,0,0,0,0,0,0,0,0,0,0,0,0,0,0,0,0,0,0,0,0,0,0,0,0,0,0,0,0,0,0,0,0,0,305340362,0,0,0,512564797,0,0,0,0,0,0,0,100585599,147406586,353016551,182356452352,87513389,1,0,0,0,0,0,0,0,0,0,0,0,0,0,0,0,0,0,0,0,0,0,0,0,0,0,0,0,0,0,0,144,0,0,0,0,0,0,0
1782976345.622,0,0,0,0,0,0,0,811857931,2411411048960,990225405440,0,0,0,0,0,0,0,0,0,0,0,0,0,0,0,0,0,0,0,0,0,0,0,0,0,0,0,0,0,0,0,0,0,0,0,0,0,0,0,0,0,0,0,0,0,0,0,0,0,0,0,0,0,0,0,0,0,0,7,1856163,147513139,46683391,0,0,0,0,0,0,0,0,0,0,0,0,0,0,0,0,0,0,0,0,0,0,0,0,0,0,0,0,0,0,0,0,0,0,0,0,0,12877021184,4558438400,785951,278225,46621460,385,0,96,786432,146515187,811153,6,3937412503,12884901888,24050,749449845,0,0,0,0,0,0,0,0,0,0,0,0,0,0,0,0,0,0,19335874,119232184,0,468,1202,7661,620,38672040,35,0,0,0,0,0,0,0,1,0,0,0,0,0,0,0,0,0,0,25132425,0,46621251,859072,0,0,0,0,0,0,0,0,16384,0,0,0,0,0,0,0,0,0,0,0,3928,422,0,0,0,0,0,58780384,0,147,0,2,422,3928,0,0,0,0,0,0,0,0,0,0,0,0,0,0,0,0,0,0,0,0,0,0,0,0,0,0,0,0,0,0,0,0,0,0,0,0,0,0,0,0,0,0,0,0,0,0,0,0,0,0,0,0,0,0,305419935,0,0,0,512647787,0,0,0,0,0,0,0,100621081,147464411,353112980,182397755392,87543737,1,0,0,0,0,0,0,0,0,0,0,0,0,0,0,0,0,0,0,0,0,0,0,0,0,0,0,0,0,0,0,201,0,0,0,0,0,0,0
1782976346.691,0,0,0,0,0,0,0,812026253,2412350949888,990544380416,0,0,0,0,0,0,0,0,0,0,0,0,0,0,0,0,0,0,0,0,0,0,0,0,0,0,0,0,0,0,0,0,0,0,0,0,0,0,0,0,0,0,0,0,0,0,0,0,0,0,0,0,0,0,0,0,0,0,7,1856190,147570628,46699981,0,0,0,0,0,0,0,0,0,0,0,0,0,0,0,0,0,0,0,0,0,0,0,0,0,0,0,0,0,0,0,0,0,0,0,0,0,12874727424,4559585280,785811,278295,46638050,524,0,97,786432,146572619,811153,6,3938245485,12884901888,24050,749561392,0,0,0,0,0,0,0,0,0,0,0,0,0,0,0,0,0,0,19340748,119237059,0,468,1202,7661,620,38681788,35,0,0,0,0,0,0,0,1,0,0,0,0,0,0,0,0,0,0,25138023,0,46637841,859383,0,0,0,0,0,0,0,0,16384,0,0,0,0,0,0,0,0,0,0,0,3929,422,0,0,0,0,0,58795222,0,147,0,2,422,3929,0,0,0,0,0,0,0,0,0,0,0,0,0,0,0,0,0,0,0,0,0,0,0,0,0,0,0,0,0,0,0,0,0,0,0,0,0,0,0,0,0,0,0,0,0,0,0,0,0,0,0,0,0,0,305499441,0,0,0,512730600,0,0,0,0,0,0,0,100655992,147521755,353209317,182439148544,87573780,1,1,0,0,0,0,0,0,0,0,0,0,0,0,0,0,0,0,0,0,0,0,0,0,0,0,0,0,0,0,0,267,0,0,0,0,0,0,0
1782976347.758,0,0,0,0,0,0,0,812194388,2413290277376,990860196352,0,0,0,0,0,0,0,0,0,0,0,0,0,0,0,0,0,0,0,0,0,0,0,0,0,0,0,0,0,0,0,0,0,0,0,0,0,0,0,0,0,0,0,0,0,0,0,0,0,0,0,0,0,0,0,0,0,0,7,1856215,147628089,46716400,0,0,0,0,0,0,0,0,0,0,0,0,0,0,0,0,0,0,0,0,0,0,0,0,0,0,0,0,0,0,0,0,0,0,0,0,0,12875694080,4564500480,785870,278595,46654469,466,0,96,786432,146630013,811153,6,3939076891,12884901888,24050,749671989,0,0,0,0,0,0,0,0,0,0,0,0,0,0,0,0,0,0,19345623,119241934,0,468,1202,7661,620,38691540,35,0,0,0,0,0,0,0,1,0,0,0,0,0,0,0,0,0,0,25143625,0,46654260,859704,0,0,0,0,0,0,0,0,16384,0,0,0,0,0,0,0,0,0,0,0,3930,422,0,0,0,0,0,58810035,0,147,0,2,422,3930,0,0,0,0,0,0,0,0,0,0,0,0,0,0,0,0,0,0,0,0,0,0,0,0,0,0,0,0,0,0,0,0,0,0,0,0,0,0,0,0,0,0,0,0,0,0,0,0,0,0,0,0,0,0,305578232,0,0,0,512813395,0,0,0,0,0,0,0,100691089,147579055,353304752,182480054272,87603905,1,0,0,0,0,0,0,0,0,0,0,0,0,0,0,0,0,0,0,0,0,0,0,0,0,0,0,0,0,0,0,316,0,0,0,0,0,0,0
1782976348.825,0,0,0,0,0,0,0,812361355,2414229572096,991174412800,0,0,0,0,0,0,0,0,0,0,0,0,0,0,0,0,0,0,0,0,0,0,0,0,0,0,0,0,0,0,0,0,0,0,0,0,0,0,0,0,0,0,0,0,0,0,0,0,0,0,0,0,0,0,0,0,0,0,7,1856236,147685553,46732805,0,0,0,0,0,0,0,0,0,0,0,0,0,0,0,0,0,0,0,0,0,0,0,0,0,0,0,0,0,0,0,0,0,0,0,0,0,12877856768,4569317376,786002,278889,46670874,333,0,97,786432,146687422,811153,6,3939903109,12884901888,24050,749782329,0,0,0,0,0,0,0,0,0,0,0,0,0,0,0,0,0,0,19350461,119246772,0,468,1202,7661,620,38701212,35,0,0,0,0,0,0,0,1,0,0,0,0,0,0,0,0,0,0,25149181,0,46670665,860022,0,0,0,0,0,0,0,0,16384,0,0,0,0,0,0,0,0,0,0,0,3931,422,0,0,0,0,0,58824731,0,147,0,2,422,3931,0,0,0,0,0,0,0,0,0,0,0,0,0,0,0,0,0,0,0,0,0,0,0,0,0,0,0,0,0,0,0,0,0,0,0,0,0,0,0,0,0,0,0,0,0,0,0,0,0,0,0,0,0,0,305654366,0,0,0,512895538,0,0,0,0,0,0,0,100724960,147636382,353397534,182519662592,87633027,1,0,0,0,0,0,0,0,0,0,0,0,0,0,0,0,0,0,0,0,0,0,0,0,0,0,0,0,0,0,0,359,0,0,0,0,0,0,0
1782976349.892,0,0,0,0,0,0,0,812529077,2415169456640,991488978432,0,0,0,0,0,0,0,0,0,0,0,0,0,0,0,0,0,0,0,0,0,0,0,0,0,0,0,0,0,0,0,0,0,0,0,0,0,0,0,0,0,0,0,0,0,0,0,0,0,0,0,0,0,0,0,0,0,0,7,1856256,147743042,46749143,0,0,0,0,0,0,0,0,0,0,0,0,0,0,0,0,0,0,0,0,0,0,0,0,0,0,0,0,0,0,0,0,0,0,0,0,0,12877594624,4574855168,785987,279227,46687212,351,0,97,786432,146744847,811153,6,3940733254,12884901888,24050,749892987,0,0,0,0,0,0,0,0,0,0,0,0,0,0,0,0,0,0,19355324,119251634,0,468,1202,7661,620,38710939,35,0,0,0,0,0,0,0,1,0,0,0,0,0,0,0,0,0,0,25154770,0,46687003,860344,0,0,0,0,0,0,0,0,16384,0,0,0,0,0,0,0,0,0,0,0,3932,422,0,0,0,0,0,58839501,0,147,0,2,422,3932,0,0,0,0,0,0,0,0,0,0,0,0,0,0,0,0,0,0,0,0,0,0,0,0,0,0,0,0,0,0,0,0,0,0,0,0,0,0,0,0,0,0,0,0,0,0,0,0,0,0,0,0,0,0,305733484,0,0,0,512978112,0,0,0,0,0,0,0,100759883,147693758,353493231,182560657920,87663077,1,0,0,0,0,0,0,0,0,0,0,0,0,0,0,0,0,0,0,0,0,0,0,0,0,0,0,0,0,0,0,424,0,0,0,0,0,0,0
1782976350.958,0,0,0,0,0,0,0,812695297,2416100903424,991802612224,0,0,0,0,0,0,0,0,0,0,0,0,0,0,0,0,0,0,0,0,0,0,0,0,0,0,0,0,0,0,0,0,0,0,0,0,0,0,0,0,0,0,0,0,0,0,0,0,0,0,0,0,0,0,0,0,0,0,7,1856273,147800042,46765511,0,0,0,0,0,0,0,0,0,0,0,0,0,0,0,0,0,0,0,0,0,0,0,0,0,0,0,0,0,0,0,0,0,0,0,0,0,12876300288,4578394112,785909,279443,46703580,431,0,96,786432,146801773,811153,6,3941555251,12884901888,24050,750002294,0,0,0,0,0,0,0,0,0,0,0,0,0,0,0,0,0,0,19360149,119256459,0,468,1202,7661,620,38720590,35,0,0,0,0,0,0,0,1,0,0,0,0,0,0,0,0,0,0,25160317,0,46703371,860663,0,0,0,0,0,0,0,0,16384,0,0,0,0,0,0,0,0,0,0,0,3933,422,0,0,0,0,0,58854167,0,147,0,2,422,3933,0,0,0,0,0,0,0,0,0,0,0,0,0,0,0,0,0,0,0,0,0,0,0,0,0,0,0,0,0,0,0,0,0,0,0,0,0,0,0,0,0,0,0,0,0,0,0,0,0,0,0,0,0,0,305809812,0,0,0,513059956,0,0,0,0,0,0,0,100791971,147750591,353586176,182600108032,87690343,0,0,0,0,0,0,0,0,0,0,0,0,0,0,0,0,0,0,0,0,0,0,0,0,0,0,0,0,0,0,0,452,0,0,0,0,0,0,0
1782976352.028,0,0,0,0,0,0,0,812860534,2417021700608,992112752128,0,0,0,0,0,0,0,0,0,0,0,0,0,0,0,0,0,0,0,0,0,0,0,0,0,0,0,0,0,0,0,0,0,0,0,0,0,0,0,0,0,0,0,0,0,0,0,0,0,0,0,0,0,0,0,0,0,0,7,1856289,147856362,46781691,0,0,0,0,0,0,0,0,0,0,0,0,0,0,0,0,0,0,0,0,0,0,0,0,0,0,0,0,0,0,0,0,0,0,0,0,0,12875038720,4581638144,785830,279641,46719760,505,0,96,786432,146858024,811153,6,3942372463,12884901888,24050,750111537,0,0,0,0,0,0,0,0,0,0,0,0,0,0,0,0,0,0,19364936,119261247,0,468,1202,7661,620,38730163,35,0,0,0,0,0,0,0,1,0,0,0,0,0,0,0,0,0,0,25165820,0,46719551,860976,0,0,0,0,0,0,0,0,16384,0,0,0,0,0,0,0,0,0,0,0,3934,422,0,0,0,0,0,58868736,0,147,0,2,422,3934,0,0,0,0,0,0,0,0,0,0,0,0,0,0,0,0,0,0,0,0,0,0,0,0,0,0,0,0,0,0,0,0,0,0,0,0,0,0,0,0,0,0,0,0,0,0,0,0,0,0,0,0,0,0,305885305,0,0,0,513141287,0,0,0,0,0,0,0,100823335,147806774,353678075,182639228416,87717076,1,0,0,0,0,0,0,0,0,0,0,0,0,0,0,0,0,0,0,0,0,0,0,0,0,0,0,0,0,0,0,455,0,0,0,0,0,0,0
1782976353.096,0,0,0,0,0,0,0,813024983,2417939204608,992422583296,0,0,0,0,0,0,0,0,0,0,0,0,0,0,0,0,0,0,0,0,0,0,0,0,0,0,0,0,0,0,0,0,0,0,0,0,0,0,0,0,0,0,0,0,0,0,0,0,0,0,0,0,0,0,0,0,0,0,7,1856312,147912502,46797811,0,0,0,0,0,0,0,0,0,0,0,0,0,0,0,0,0,0,0,0,0,0,0,0,0,0,0,0,0,0,0,0,0,0,0,0,0,12878594048,4582916096,786046,279719,46735880,289,0,97,786432,146914102,811153,6,3943186672,12884901888,24050,750220572,0,0,0,0,0,0,0,0,0,0,0,0,0,0,0,0,0,0,19369693,119266004,0,468,1202,7661,620,38739683,35,0,0,0,0,0,0,0,1,0,0,0,0,0,0,0,0,0,0,25171295,0,46735671,861284,0,0,0,0,0,0,0,0,16384,0,0,0,0,0,0,0,0,0,0,0,3935,422,0,0,0,0,0,58883190,0,147,0,2,422,3935,0,0,0,0,0,0,0,0,0,0,0,0,0,0,0,0,0,0,0,0,0,0,0,0,0,0,0,0,0,0,0,0,0,0,0,0,0,0,0,0,0,0,0,0,0,0,0,0,0,0,0,0,0,0,305962120,0,0,0,513222251,0,0,0,0,0,0,0,100855364,147862763,353771211,182679061504,87744469,1,0,0,0,0,0,0,0,0,0,0,0,0,0,0,0,0,0,0,0,0,0,0,0,0,0,0,0,0,0,0,402,0,0,0,0,0,0,0
1782976354.159,0,0,0,0,0,0,0,813193091,2418874272256,992738054144,0,0,0,0,0,0,0,0,0,0,0,0,0,0,0,0,0,0,0,0,0,0,0,0,0,0,0,0,0,0,0,0,0,0,0,0,0,0,0,0,0,0,0,0,0,0,0,0,0,0,0,0,0,0,0,0,0,0,7,1856334,147969685,46814175,0,0,0,0,0,0,0,0,0,0,0,0,0,0,0,0,0,0,0,0,0,0,0,0,0,0,0,0,0,0,0,0,0,0,0,0,0,12876660736,4588732416,785930,280074,46752244,409,0,96,786432,146971228,811153,6,3944018462,12884901888,24050,750331637,0,0,0,0,0,0,0,0,0,0,0,0,0,0,0,0,0,0,19374574,119270884,0,468,1202,7661,620,38749436,35,0,0,0,0,0,0,0,1,0,0,0,0,0,0,0,0,0,0,25176901,0,46752035,861606,0,0,0,0,0,0,0,0,16384,0,0,0,0,0,0,0,0,0,0,0,3936,422,0,0,0,0,0,58898021,0,147,0,2,422,3936,0,0,0,0,0,0,0,0,0,0,0,0,0,0,0,0,0,0,0,0,0,0,0,0,0,0,0,0,0,0,0,0,0,0,0,0,0,0,0,0,0,0,0,0,0,0,0,0,0,0,0,0,0,0,306041672,0,0,0,513305091,0,0,0,0,0,0,0,100889718,147919801,353867359,182720318464,87773927,1,0,0,0,0,0,0,0,0,0,0,0,0,0,0,0,0,0,0,0,0,0,0,0,0,0,0,0,0,0,0,440,0,0,0,0,0,0,0
1782976355.224,0,0,0,0,0,0,0,813359626,2419804768768,993051172352,0,0,0,0,0,0,0,0,0,0,0,0,0,0,0,0,0,0,0,0,0,0,0,0,0,0,0,0,0,0,0,0,0,0,0,0,0,0,0,0,0,0,0,0,0,0,0,0,0,0,0,0,0,0,0,0,0,0,7,1856356,148026620,46830458,0,0,0,0,0,0,0,0,0,0,0,0,0,0,0,0,0,0,0,0,0,0,0,0,0,0,0,0,0,0,0,0,0,0,0,0,0,12875431936,4594958336,785854,280454,46768527,482,0,96,786432,147028106,811153,6,3944842878,12884901888,24050,750441952,0,0,0,0,0,0,0,0,0,0,0,0,0,0,0,0,0,0,19379404,119275715,0,468,1202,7661,620,38759099,35,0,0,0,0,0,0,0,1,0,0,0,0,0,0,0,0,0,0,25182455,0,46768318,861918,0,0,0,0,0,0,0,0,16384,0,0,0,0,0,0,0,0,0,0,0,3937,422,0,0,0,0,0,58912714,0,147,0,2,422,3937,0,0,0,0,0,0,0,0,0,0,0,0,0,0,0,0,0,0,0,0,0,0,0,0,0,0,0,0,0,0,0,0,0,0,0,0,0,0,0,0,0,0,0,0,0,0,0,0,0,0,0,0,0,0,306118972,0,0,0,513387146,0,0,0,0,0,0,0,100923159,147976582,353961174,182760460800,87802590,0,0,0,0,0,0,0,0,0,0,0,0,0,0,0,0,0,0,0,0,0,0,0,0,0,0,0,0,0,0,0,432,0,0,0,0,0,0,0
1782976356.292,0,0,0,0,0,0,0,813525074,2420724402688,993362309120,0,0,0,0,0,0,0,0,0,0,0,0,0,0,0,0,0,0,0,0,0,0,0,0,0,0,0,0,0,0,0,0,0,0,0,0,0,0,0,0,0,0,0,0,0,0,0,0,0,0,0,0,0,0,0,0,0,0,7,1856387,148082871,46846615,0,0,0,0,0,0,0,0,0,0,0,0,0,0,0,0,0,0,0,0,0,0,0,0,0,0,0,0,0,0,0,0,0,0,0,0,0,12875448320,4598972416,785855,280699,46784684,481,0,96,786432,147084292,811153,6,3945661335,12884901888,24050,750551439,0,0,0,0,0,0,0,0,0,0,0,0,0,0,0,0,0,0,19384200,119280510,0,468,1202,7661,620,38768688,35,0,0,0,0,0,0,0,1,0,0,0,0,0,0,0,0,0,0,25187972,0,46784475,862228,0,0,0,0,0,0,0,0,16384,0,0,0,0,0,0,0,0,0,0,0,3938,422,0,0,0,0,0,58927308,0,147,0,2,422,3938,0,0,0,0,0,0,0,0,0,0,0,0,0,0,0,0,0,0,0,0,0,0,0,0,0,0,0,0,0,0,0,0,0,0,0,0,0,0,0,0,0,0,0,0,0,0,0,0,0,0,0,0,0,0,306197170,0,0,0,513468616,0,0,0,0,0,0,0,100955907,148032702,354055754,182801126912,87830731,0,0,0,0,0,0,0,0,0,0,0,0,0,0,0,0,0,0,0,0,0,0,0,0,0,0,0,0,0,0,0,417,0,0,0,0,0,0,0
1782976357.361,0,0,0,0,0,0,0,813687847,2421636090368,993667602432,0,0,0,0,0,0,0,0,0,0,0,0,0,0,0,0,0,0,0,0,0,0,0,0,0,0,0,0,0,0,0,0,0,0,0,0,0,0,0,0,0,0,0,0,0,0,0,0,0,0,0,0,0,0,0,0,0,0,7,1856399,148138636,46862463,0,0,0,0,0,0,0,0,0,0,0,0,0,0,0,0,0,0,0,0,0,0,0,0,0,0,0,0,0,0,0,0,0,0,0,0,0,12874301440,4604444672,785786,281033,46800532,553,0,97,786432,147140001,811153,6,3946467409,12884901888,24050,750659264,0,0,0,0,0,0,0,0,0,0,0,0,0,0,0,0,0,0,19388918,119285229,0,468,1202,7661,620,38778124,35,0,0,0,0,0,0,0,1,0,0,0,0,0,0,0,0,0,0,25193394,0,46800323,862544,0,0,0,0,0,0,0,0,16384,0,0,0,0,0,0,0,0,0,0,0,3939,422,0,0,0,0,0,58941647,0,147,0,2,422,3939,0,0,0,0,0,0,0,0,0,0,0,0,0,0,0,0,0,0,0,0,0,0,0,0,0,0,0,0,0,0,0,0,0,0,0,0,0,0,0,0,0,0,0,0,0,0,0,0,0,0,0,0,0,0,306274281,0,0,0,513548825,0,0,0,0,0,0,0,100987312,148088333,354148958,182841026048,87857649,1,1,0,0,0,0,0,0,0,0,0,0,0,0,0,0,0,0,0,0,0,0,0,0,0,0,0,0,0,0,0,355,0,0,0,0,0,0,0
1782976358.430,0,0,0,0,0,0,0,813849801,2422541912576,994016728576,0,0,0,0,0,0,0,0,0,0,0,0,0,0,0,0,0,0,0,0,0,0,0,0,0,0,0,0,0,0,0,0,0,0,0,0,0,0,0,0,0,0,0,0,0,0,0,0,0,0,0,0,0,0,0,0,0,0,7,1856418,148194049,46881071,0,0,0,0,0,0,0,0,0,0,0,0,0,0,0,0,0,0,0,0,0,0,0,0,0,0,0,0,0,0,0,0,0,0,0,0,0,12876906496,4562911232,785945,278498,46816455,392,0,97,786432,147195346,811153,6,3947269362,12884901888,24050,750766733,0,0,0,0,0,0,0,0,0,0,0,0,0,0,0,0,0,0,19393610,119289920,0,468,1202,7661,620,38787512,35,0,0,0,0,0,0,0,1,0,0,0,0,0,0,0,0,0,0,25198792,0,46818934,862874,0,0,0,0,0,0,0,0,16384,0,0,0,0,0,0,0,0,0,0,0,3940,422,0,0,0,0,0,58955897,0,147,0,2,422,3940,0,0,0,0,0,0,0,0,0,0,0,0,0,0,0,0,0,0,0,0,0,0,0,0,0,0,0,0,0,0,0,0,0,0,0,0,0,0,0,0,0,0,0,0,0,0,0,0,0,0,0,0,0,0,306348517,0,0,0,513628701,0,0,0,0,0,0,0,101017945,148143611,354242075,182879570432,87883426,0,0,0,0,0,0,0,0,0,0,0,0,0,0,0,0,0,0,0,0,0,0,0,0,0,0,0,0,0,0,0,217,0,0,0,0,0,0,0
1782976359.496,0,0,0,0,0,0,0,814016713,2423476898304,994353953792,0,0,0,0,0,0,0,0,0,0,0,0,0,0,0,0,0,0,0,0,0,0,0,0,0,0,0,0,0,0,0,0,0,0,0,0,0,0,0,0,0,0,0,0,0,0,0,0,0,0,0,0,0,0,0,0,0,0,7,1856431,148251245,46898934,0,0,0,0,0,0,0,0,0,0,0,0,0,0,0,0,0,0,0,0,0,0,0,0,0,0,0,0,0,0,0,0,0,0,0,0,0,12874153984,4542201856,785775,277234,46837003,559,0,96,786432,147252471,811153,6,3948094733,12884901888,24050,750876589,0,0,0,0,0,0,0,0,0,0,0,0,0,0,0,0,0,0,19398450,119294761,0,468,1202,7661,620,38797190,35,0,0,0,0,0,0,0,1,0,0,0,0,0,0,0,0,0,0,25204350,0,46836794,863212,0,0,0,0,0,0,0,0,16384,0,0,0,0,0,0,0,0,0,0,0,3942,422,0,0,0,0,0,58970602,0,147,0,2,422,3942,0,0,0,0,0,0,0,0,0,0,0,0,0,0,0,0,0,0,0,0,0,0,0,0,0,0,0,0,0,0,0,0,0,0,0,0,0,0,0,0,0,0,0,0,0,0,0,0,0,0,0,0,0,0,306423257,0,0,0,513710894,0,0,0,0,0,0,0,101051120,148200660,354334956,182918334976,87911368,0,0,0,0,0,0,0,0,0,0,0,0,0,0,0,0,0,0,0,0,0,0,0,0,0,0,0,0,0,0,0,254,0,0,0,0,0,0,0
1782976360.564,0,0,0,0,0,0,0,814185667,2424419912192,994669976064,0,0,0,0,0,0,0,0,0,0,0,0,0,0,0,0,0,0,0,0,0,0,0,0,0,0,0,0,0,0,0,0,0,0,0,0,0,0,0,0,0,0,0,0,0,0,0,0,0,0,0,0,0,0,0,0,0,0,7,1856450,148308928,46915344,0,0,0,0,0,0,0,0,0,0,0,0,0,0,0,0,0,0,0,0,0,0,0,0,0,0,0,0,0,0,0,0,0,0,0,0,0,12875055104,4551671808,785831,277812,46853413,505,0,96,786432,147310088,811153,6,3948930574,12884901888,24050,750987804,0,0,0,0,0,0,0,0,0,0,0,0,0,0,0,0,0,0,19403350,119299660,0,468,1202,7661,620,38806992,35,0,0,0,0,0,0,0,1,0,0,0,0,0,0,0,0,0,0,25209987,0,46853204,863536,0,0,0,0,0,0,0,0,16384,0,0,0,0,0,0,0,0,0,0,0,3943,422,0,0,0,0,0,58985492,0,147,0,2,422,3943,0,0,0,0,0,0,0,0,0,0,0,0,0,0,0,0,0,0,0,0,0,0,0,0,0,0,0,0,0,0,0,0,0,0,0,0,0,0,0,0,0,0,0,0,0,0,0,0,0,0,0,0,0,0,306502565,0,0,0,513794037,0,0,0,0,0,0,0,101085969,148258199,354430909,182959501312,87941248,0,0,0,0,0,0,0,0,0,0,0,0,0,0,0,0,0,0,0,0,0,0,0,0,0,0,0,0,0,0,0,343,0,0,0,0,0,0,0
1782976361.631,0,0,0,0,0,0,0,814354793,2425363417600,994986741760,0,0,0,0,0,0,0,0,0,0,0,0,0,0,0,0,0,0,0,0,0,0,0,0,0,0,0,0,0,0,0,0,0,0,0,0,0,0,0,0,0,0,0,0,0,0,0,0,0,0,0,0,0,0,0,0,0,0,7,1856468,148366646,46931829,0,0,0,0,0,0,0,0,0,0,0,0,0,0,0,0,0,0,0,0,0,0,0,0,0,0,0,0,0,0,0,0,0,0,0,0,0,12876726272,4558749696,785933,278244,46869898,403,0,96,786432,147367750,811153,6,3949767105,12884901888,24050,751099585,0,0,0,0,0,0,0,0,0,0,0,0,0,0,0,0,0,0,19408251,119304562,0,468,1202,7661,620,38816794,35,0,0,0,0,0,0,0,1,0,0,0,0,0,0,0,0,0,0,25215625,0,46869689,863855,0,0,0,0,0,0,0,0,16384,0,0,0,0,0,0,0,0,0,0,0,3944,422,0,0,0,0,0,59000397,0,147,0,2,422,3944,0,0,0,0,0,0,0,0,0,0,0,0,0,0,0,0,0,0,0,0,0,0,0,0,0,0,0,0,0,0,0,0,0,0,0,0,0,0,0,0,0,0,0,0,0,0,0,0,0,0,0,0,0,0,306582007,0,0,0,513877226,0,0,0,0,0,0,0,101121396,148315798,354527059,183000684032,87971617,1,1,0,0,0,0,0,0,0,0,0,0,0,0,0,0,0,0,0,0,0,0,0,0,0,0,0,0,0,0,0,397,0,0,0,0,0,0,0
1782976362.699,0,0,0,0,0,0,0,814523822,2426310035968,995304602624,0,0,0,0,0,0,0,0,0,0,0,0,0,0,0,0,0,0,0,0,0,0,0,0,0,0,0,0,0,0,0,0,0,0,0,0,0,0,0,0,0,0,0,0,0,0,0,0,0,0,0,0,0,0,0,0,0,0,7,1856488,148424552,46948355,0,0,0,0,0,0,0,0,0,0,0,0,0,0,0,0,0,0,0,0,0,0,0,0,0,0,0,0,0,0,0,0,0,0,0,0,0,12877398016,4560551936,785974,278354,46886425,362,0,96,786432,147425585,811153,6,3950603640,12884901888,24050,751211096,0,0,0,0,0,0,0,0,0,0,0,0,0,0,0,0,0,0,19413153,119309463,0,468,1202,7661,620,38826596,35,0,0,0,0,0,0,0,1,0,0,0,0,0,0,0,0,0,0,25221260,0,46886216,864169,0,0,0,0,0,0,0,0,16384,0,0,0,0,0,0,0,0,0,0,0,3945,422,0,0,0,0,0,59015277,0,147,0,2,422,3945,0,0,0,0,0,0,0,0,0,0,0,0,0,0,0,0,0,0,0,0,0,0,0,0,0,0,0,0,0,0,0,0,0,0,0,0,0,0,0,0,0,0,0,0,0,0,0,0,0,0,0,0,0,0,306661060,0,0,0,513960477,0,0,0,0,0,0,0,101156654,148373560,354622870,183041677824,88001846,1,1,0,0,0,0,0,0,0,0,0,0,0,0,0,0,0,0,0,0,0,0,0,0,0,0,0,0,0,0,0,495,0,0,0,0,0,0,0
1782976363.768,0,0,0,0,0,0,0,814693149,2427253688832,995622360064,0,0,0,0,0,0,0,0,0,0,0,0,0,0,0,0,0,0,0,0,0,0,0,0,0,0,0,0,0,0,0,0,0,0,0,0,0,0,0,0,0,0,0,0,0,0,0,0,0,0,0,0,0,0,0,0,0,0,7,1856512,148482283,46964853,0,0,0,0,0,0,0,0,0,0,0,0,0,0,0,0,0,0,0,0,0,0,0,0,0,0,0,0,0,0,0,0,0,0,0,0,0,12876611584,4566532096,785926,278719,46902922,410,0,96,786432,147483234,811153,6,3951440536,12884901888,24050,751322536,0,0,0,0,0,0,0,0,0,0,0,0,0,0,0,0,0,0,19418057,119314368,0,468,1202,7661,620,38836409,35,0,0,0,0,0,0,0,1,0,0,0,0,0,0,0,0,0,0,25226896,0,46902713,864489,0,0,0,0,0,0,0,0,16384,0,0,0,0,0,0,0,0,0,0,0,3946,422,0,0,0,0,0,59030193,0,147,0,2,422,3946,0,0,0,0,0,0,0,0,0,0,0,0,0,0,0,0,0,0,0,0,0,0,0,0,0,0,0,0,0,0,0,0,0,0,0,0,0,0,0,0,0,0,0,0,0,0,0,0,0,0,0,0,0,0,306740823,0,0,0,514043686,0,0,0,0,0,0,0,101191826,148431158,354719359,183083056128,88032088,0,0,0,0,0,0,0,0,0,0,0,0,0,0,0,0,0,0,0,0,0,0,0,0,0,0,0,0,0,0,0,618,0,0,0,0,0,0,0
1782976364.836,0,0,0,0,0,0,0,814862956,2428200995328,995940534272,0,0,0,0,0,0,0,0,0,0,0,0,0,0,0,0,0,0,0,0,0,0,0,0,0,0,0,0,0,0,0,0,0,0,0,0,0,0,0,0,0,0,0,0,0,0,0,0,0,0,0,0,0,0,0,0,0,0,7,1856528,148540244,46981435,0,0,0,0,0,0,0,0,0,0,0,0,0,0,0,0,0,0,0,0,0,0,0,0,0,0,0,0,0,0,0,0,0,0,0,0,0,12878266368,4571332608,786027,279012,46919504,309,0,96,786432,147541129,811153,6,3952280581,12884901888,24050,751434402,0,0,0,0,0,0,0,0,0,0,0,0,0,0,0,0,0,0,19422980,119319291,0,468,1202,7661,620,38846253,35,0,0,0,0,0,0,0,1,0,0,0,0,0,0,0,0,0,0,25232554,0,46919295,864808,0,0,0,0,0,0,0,0,16384,0,0,0,0,0,0,0,0,0,0,0,3947,422,0,0,0,0,0,59045176,0,147,0,2,422,3947,0,0,0,0,0,0,0,0,0,0,0,0,0,0,0,0,0,0,0,0,0,0,0,0,0,0,0,0,0,0,0,0,0,0,0,0,0,0,0,0,0,0,0,0,0,0,0,0,0,0,0,0,0,0,306819065,0,0,0,514127261,0,0,0,0,0,0,0,101226549,148488982,354814424,183123594752,88061908,0,0,0,0,0,0,0,0,0,0,0,0,0,0,0,0,0,0,0,0,0,0,0,0,0,0,0,0,0,0,0,734,0,0,0,0,0,0,0
1782976365.904,0,0,0,0,0,0,0,815031073,2429137799680,996257927680,0,0,0,0,0,0,0,0,0,0,0,0,0,0,0,0,0,0,0,0,0,0,0,0,0,0,0,0,0,0,0,0,0,0,0,0,0,0,0,0,0,0,0,0,0,0,0,0,0,0,0,0,0,0,0,0,0,0,7,1856548,148597551,46998023,0,0,0,0,0,0,0,0,0,0,0,0,0,0,0,0,0,0,0,0,0,0,0,0,0,0,0,0,0,0,0,0,0,0,0,0,0,12876267520,4571873280,785905,279045,46936092,431,0,96,786432,147598370,811153,6,3953112228,12884901888,24050,751545838,0,0,0,0,0,0,0,0,0,0,0,0,0,0,0,0,0,0,19427851,119324162,0,468,1202,7661,620,38855990,35,0,0,0,0,0,0,0,1,0,0,0,0,0,0,0,0,0,0,25238154,0,46935883,865131,0,0,0,0,0,0,0,0,16384,0,0,0,0,0,0,0,0,0,0,0,3948,422,0,0,0,0,0,59059974,0,147,0,2,422,3948,0,0,0,0,0,0,0,0,0,0,0,0,0,0,0,0,0,0,0,0,0,0,0,0,0,0,0,0,0,0,0,0,0,0,0,0,0,0,0,0,0,0,0,0,0,0,0,0,0,0,0,0,0,0,306895275,0,0,0,514209956,0,0,0,0,0,0,0,101260508,148546157,354907470,183163243008,88090920,1,0,0,0,0,0,0,0,0,0,0,0,0,0,0,0,0,0,0,0,0,0,0,0,0,0,0,0,0,0,0,814,0,0,0,0,0,0,0
1782976366.973,0,0,0,0,0,0,0,815199355,2430077504000,996570965504,0,0,0,0,0,0,0,0,0,0,0,0,0,0,0,0,0,0,0,0,0,0,0,0,0,0,0,0,0,0,0,0,0,0,0,0,0,0,0,0,0,0,0,0,0,0,0,0,0,0,0,0,0,0,0,0,0,0,7,1856562,148655024,47014238,0,0,0,0,0,0,0,0,0,0,0,0,0,0,0,0,0,0,0,0,0,0,0,0,0,0,0,0,0,0,0,0,0,0,0,0,0,12879937536,4580589568,786129,279577,46952307,205,0,96,786432,147655791,811153,6,3953944599,12884901888,24050,751656388,0,0,0,0,0,0,0,0,0,0,0,0,0,0,0,0,0,0,19432735,119329045,0,468,1202,7661,620,38865757,35,0,0,0,0,0,0,0,1,0,0,0,0,0,0,0,0,0,0,25243760,0,46952098,865448,0,0,0,0,0,0,0,0,16384,0,0,0,0,0,0,0,0,0,0,0,3949,422,0,0,0,0,0,59074832,0,147,0,2,422,3949,0,0,0,0,0,0,0,0,0,0,0,0,0,0,0,0,0,0,0,0,0,0,0,0,0,0,0,0,0,0,0,0,0,0,0,0,0,0,0,0,0,0,0,0,0,0,0,0,0,0,0,0,0,0,306974912,0,0,0,514292842,0,0,0,0,0,0,0,101295541,148603515,355003538,183204468736,88121063,1,0,0,0,0,0,0,0,0,0,0,0,0,0,0,0,0,0,0,0,0,0,0,0,0,0,0,0,0,0,0,894,0,0,0,0,0,0,0
1782976368.041,0,0,0,0,0,0,0,815363622,2430995352064,996880491520,0,0,0,0,0,0,0,0,0,0,0,0,0,0,0,0,0,0,0,0,0,0,0,0,0,0,0,0,0,0,0,0,0,0,0,0,0,0,0,0,0,0,0,0,0,0,0,0,0,0,0,0,0,0,0,0,0,0,7,1856584,148711179,47030290,0,0,0,0,0,0,0,0,0,0,0,0,0,0,0,0,0,0,0,0,0,0,0,0,0,0,0,0,0,0,0,0,0,0,0,0,0,12874858496,4583686144,785819,279766,46968359,516,0,97,786432,147711887,811153,6,3954757449,12884901888,24050,751765162,0,0,0,0,0,0,0,0,0,0,0,0,0,0,0,0,0,0,19437493,119333804,0,468,1202,7661,620,38875277,35,0,0,0,0,0,0,0,1,0,0,0,0,0,0,0,0,0,0,25249228,0,46968150,865762,0,0,0,0,0,0,0,0,16384,0,0,0,0,0,0,0,0,0,0,0,3950,422,0,0,0,0,0,59089296,0,147,0,2,422,3950,0,0,0,0,0,0,0,0,0,0,0,0,0,0,0,0,0,0,0,0,0,0,0,0,0,0,0,0,0,0,0,0,0,0,0,0,0,0,0,0,0,0,0,0,0,0,0,0,0,0,0,0,0,0,307053173,0,0,0,514373777,0,0,0,0,0,0,0,101327877,148659536,355098093,183245049856,88148739,1,1,0,0,0,0,0,0,0,0,0,0,0,0,0,0,0,0,0,0,0,0,0,0,0,0,0,0,0,0,0,846,0,0,0,0,0,0,0
1782976369.109,0,0,0,0,0,0,0,815527746,2431914265088,997188982272,0,0,0,0,0,0,0,0,0,0,0,0,0,0,0,0,0,0,0,0,0,0,0,0,0,0,0,0,0,0,0,0,0,0,0,0,0,0,0,0,0,0,0,0,0,0,0,0,0,0,0,0,0,0,0,0,0,0,7,1856601,148767413,47046310,0,0,0,0,0,0,0,0,0,0,0,0,0,0,0,0,0,0,0,0,0,0,0,0,0,0,0,0,0,0,0,0,0,0,0,0,0,12876496896,4588961792,785919,280088,46984379,416,0,96,786432,147768056,811153,6,3955570050,12884901888,24050,751873982,0,0,0,0,0,0,0,0,0,0,0,0,0,0,0,0,0,0,19442251,119338562,0,468,1202,7661,620,38884791,35,0,0,0,0,0,0,0,1,0,0,0,0,0,0,0,0,0,0,25254685,0,46984170,866071,0,0,0,0,0,0,0,0,16384,0,0,0,0,0,0,0,0,0,0,0,3951,422,0,0,0,0,0,59103775,0,147,0,2,422,3951,0,0,0,0,0,0,0,0,0,0,0,0,0,0,0,0,0,0,0,0,0,0,0,0,0,0,0,0,0,0,0,0,0,0,0,0,0,0,0,0,0,0,0,0,0,0,0,0,0,0,0,0,0,0,307130879,0,0,0,514454637,0,0,0,0,0,0,0,101359982,148715627,355192059,183285290496,88176251,0,1,0,0,0,0,0,0,0,0,0,0,0,0,0,0,0,0,0,0,0,0,0,0,0,0,0,0,0,0,0,800,0,0,0,0,0,0,0
1782976370.177,0,0,0,0,0,0,0,815692416,2432835144192,997500014592,0,0,0,0,0,0,0,0,0,0,0,0,0,0,0,0,0,0,0,0,0,0,0,0,0,0,0,0,0,0,0,0,0,0,0,0,0,0,0,0,0,0,0,0,0,0,0,0,0,0,0,0,0,0,0,0,0,0,7,1856630,148823723,47062488,0,0,0,0,0,0,0,0,0,0,0,0,0,0,0,0,0,0,0,0,0,0,0,0,0,0,0,0,0,0,0,0,0,0,0,0,0,12876578816,4590993408,785926,280212,47000557,411,0,97,786432,147824302,811153,6,3956384906,12884901888,24050,751982762,0,0,0,0,0,0,0,0,0,0,0,0,0,0,0,0,0,0,19447023,119343334,0,468,1202,7661,620,38894340,35,0,0,0,0,0,0,0,1,0,0,0,0,0,0,0,0,0,0,25260164,0,47000348,866387,0,0,0,0,0,0,0,0,16384,0,0,0,0,0,0,0,0,0,0,0,3952,422,0,0,0,0,0,59118302,0,147,0,2,422,3952,0,0,0,0,0,0,0,0,0,0,0,0,0,0,0,0,0,0,0,0,0,0,0,0,0,0,0,0,0,0,0,0,0,0,0,0,0,0,0,0,0,0,0,0,0,0,0,0,0,0,0,0,0,0,307208187,0,0,0,514535835,0,0,0,0,0,0,0,101392299,148771784,355285777,183325477888,88203825,1,0,0,0,0,0,0,0,0,0,0,0,0,0,0,0,0,0,0,0,0,0,0,0,0,0,0,0,0,0,0,739,0,0,0,0,0,0,0
1782976371.246,0,0,0,0,0,0,0,815858931,2433764788736,997813107200,0,0,0,0,0,0,0,0,0,0,0,0,0,0,0,0,0,0,0,0,0,0,0,0,0,0,0,0,0,0,0,0,0,0,0,0,0,0,0,0,0,0,0,0,0,0,0,0,0,0,0,0,0,0,0,0,0,0,7,1856648,148880594,47078767,0,0,0,0,0,0,0,0,0,0,0,0,0,0,0,0,0,0,0,0,0,0,0,0,0,0,0,0,0,0,0,0,0,0,0,0,0,12878069760,4593467392,786015,280363,47016836,321,0,96,786432,147881103,811153,6,3957208623,12884901888,24050,752092363,0,0,0,0,0,0,0,0,0,0,0,0,0,0,0,0,0,0,19451855,119348165,0,468,1202,7661,620,38903999,35,0,0,0,0,0,0,0,1,0,0,0,0,0,0,0,0,0,0,25265720,0,47016627,866712,0,0,0,0,0,0,0,0,16384,0,0,0,0,0,0,0,0,0,0,0,3953,422,0,0,0,0,0,59132984,0,147,0,2,422,3953,0,0,0,0,0,0,0,0,0,0,0,0,0,0,0,0,0,0,0,0,0,0,0,0,0,0,0,0,0,0,0,0,0,0,0,0,0,0,0,0,0,0,0,0,0,0,0,0,0,0,0,0,0,0,307286451,0,0,0,514617899,0,0,0,0,0,0,0,101425800,148828509,355380578,183366014976,88232566,0,1,0,0,0,0,0,0,0,0,0,0,0,0,0,0,0,0,0,0,0,0,0,0,0,0,0,0,0,0,0,760,0,0,0,0,0,0,0
1782976372.312,0,0,0,0,0,0,0,816029509,2434725169664,998133071872,0,0,0,0,0,0,0,0,0,0,0,0,0,0,0,0,0,0,0,0,0,0,0,0,0,0,0,0,0,0,0,0,0,0,0,0,0,0,0,0,0,0,0,0,0,0,0,0,0,0,0,0,0,0,0,0,0,0,7,1856664,148939346,47095413,0,0,0,0,0,0,0,0,0,0,0,0,0,0,0,0,0,0,0,0,0,0,0,0,0,0,0,0,0,0,0,0,0,0,0,0,0,12873842688,4598824960,785757,280690,47033417,580,0,96,786432,147939800,811153,6,3958052479,12884901888,24050,752204635,0,0,0,0,0,0,0,0,0,0,0,0,0,0,0,0,0,0,19456801,119353110,0,468,1202,7661,620,38913889,35,0,0,0,0,0,0,0,1,0,0,0,0,0,0,0,0,0,0,25271398,0,47033278,867039,0,0,0,0,0,0,0,0,16384,0,0,0,0,0,0,0,0,0,0,0,3954,422,0,0,0,0,0,59148013,0,147,0,2,422,3954,0,0,0,0,0,0,0,0,0,0,0,0,0,0,0,0,0,0,0,0,0,0,0,0,0,0,0,0,0,0,0,0,0,0,0,0,0,0,0,0,0,0,0,0,0,0,0,0,0,0,0,0,0,0,307365598,0,0,0,514701795,0,0,0,0,0,0,0,101461546,148887117,355476609,183407078912,88263288,1,0,0,0,0,0,0,0,0,0,0,0,0,0,0,0,0,0,0,0,0,0,0,0,0,0,0,0,0,0,0,881,0,0,0,0,0,0,0
1782976373.381,0,0,0,0,0,0,0,816195626,2435652176384,998446537728,0,0,0,0,0,0,0,0,0,0,0,0,0,0,0,0,0,0,0,0,0,0,0,0,0,0,0,0,0,0,0,0,0,0,0,0,0,0,0,0,0,0,0,0,0,0,0,0,0,0,0,0,0,0,0,0,0,0,7,1856682,148996064,47111711,0,0,0,0,0,0,0,0,0,0,0,0,0,0,0,0,0,0,0,0,0,0,0,0,0,0,0,0,0,0,0,0,0,0,0,0,0,12877987840,4601430016,786009,280849,47049780,328,0,97,786432,147996440,811153,6,3958873596,12884901888,24050,752313972,0,0,0,0,0,0,0,0,0,0,0,0,0,0,0,0,0,0,19461618,119357925,0,468,1202,7661,620,38923527,35,0,0,0,0,0,0,0,1,0,0,0,0,0,0,0,0,0,0,25276932,0,47049571,867351,0,0,0,0,0,0,0,0,16384,0,0,0,0,0,0,0,0,0,0,0,3955,422,0,0,0,0,0,59162613,0,147,0,2,422,3955,0,0,0,0,0,0,0,0,0,0,0,0,0,0,0,0,0,0,0,0,0,0,0,0,0,0,0,0,0,0,0,0,0,0,0,0,0,0,0,0,0,0,0,0,0,0,0,0,0,0,0,0,0,0,307444267,0,0,0,514783607,0,0,0,0,0,0,0,101494492,148943701,355571800,183447755776,88291480,1,0,0,0,0,0,0,0,0,0,0,0,0,0,0,0,0,0,0,0,0,0,0,0,0,0,0,0,0,0,0,865,0,0,0,0,0,0,0
1782976374.451,0,0,0,0,0,0,0,816356120,2436543810048,998798414336,0,0,0,0,0,0,0,0,0,0,0,0,0,0,0,0,0,0,0,0,0,0,0,0,0,0,0,0,0,0,0,0,0,0,0,0,0,0,0,0,0,0,0,0,0,0,0,0,0,0,0,0,0,0,0,0,0,0,7,1856706,149050601,47130356,0,0,0,0,0,0,0,0,0,0,0,0,0,0,0,0,0,0,0,0,0,0,0,0,0,0,0,0,0,0,0,0,0,0,0,0,0,12876922880,4559290368,785945,278277,47065569,390,0,96,786432,148050923,811153,6,3959667710,12884901888,24050,752420839,0,0,0,0,0,0,0,0,0,0,0,0,0,0,0,0,0,0,19466267,119362577,0,468,1202,7661,620,38932826,35,0,0,0,0,0,0,0,1,0,0,0,0,0,0,0,0,0,0,25282288,0,47068176,867682,0,0,0,0,0,0,0,0,16384,0,0,0,0,0,0,0,0,0,0,0,3956,422,0,0,0,0,0,59176756,0,147,0,2,422,3956,0,0,0,0,0,0,0,0,0,0,0,0,0,0,0,0,0,0,0,0,0,0,0,0,0,0,0,0,0,0,0,0,0,0,0,0,0,0,0,0,0,0,0,0,0,0,0,0,0,0,0,0,0,0,307519839,0,0,0,514862856,0,0,0,0,0,0,0,101525858,148998118,355666275,183486994944,88318052,1,0,0,0,0,0,0,0,0,0,0,0,0,0,0,0,0,0,0,0,0,0,0,0,0,0,0,0,0,0,0,704,0,0,0,0,0,0,0
1782976375.513,0,0,0,0,0,0,0,816518101,2437450287616,999121072640,0,0,0,0,0,0,0,0,0,0,0,0,0,0,0,0,0,0,0,0,0,0,0,0,0,0,0,0,0,0,0,0,0,0,0,0,0,0,0,0,0,0,0,0,0,0,0,0,0,0,0,0,0,0,0,0,0,0,7,1856725,149106068,47147327,0,0,0,0,0,0,0,0,0,0,0,0,0,0,0,0,0,0,0,0,0,0,0,0,0,0,0,0,0,0,0,0,0,0,0,0,0,12873957376,4545806336,785764,277454,47085396,572,0,96,786432,148106326,811153,6,3960469319,12884901888,24050,752527781,0,0,0,0,0,0,0,0,0,0,0,0,0,0,0,0,0,0,19470961,119367271,0,468,1202,7661,620,38942210,35,0,0,0,0,0,0,0,1,0,0,0,0,0,0,0,0,0,0,25287689,0,47085187,868007,0,0,0,0,0,0,0,0,16384,0,0,0,0,0,0,0,0,0,0,0,3958,422,0,0,0,0,0,59191033,0,147,0,2,422,3958,0,0,0,0,0,0,0,0,0,0,0,0,0,0,0,0,0,0,0,0,0,0,0,0,0,0,0,0,0,0,0,0,0,0,0,0,0,0,0,0,0,0,0,0,0,0,0,0,0,0,0,0,0,0,307596820,0,0,0,514942716,0,0,0,0,0,0,0,101557439,149053452,355760477,183526927360,88344913,0,0,0,0,0,0,0,0,0,0,0,0,0,0,0,0,0,0,0,0,0,0,0,0,0,0,0,0,0,0,0,610,0,0,0,0,0,0,0
1782976376.577,0,0,0,0,0,0,0,816682022,2438370068992,999433212928,0,0,0,0,0,0,0,0,0,0,0,0,0,0,0,0,0,0,0,0,0,0,0,0,0,0,0,0,0,0,0,0,0,0,0,0,0,0,0,0,0,0,0,0,0,0,0,0,0,0,0,0,0,0,0,0,0,0,7,1856752,149162335,47163615,0,0,0,0,0,0,0,0,0,0,0,0,0,0,0,0,0,0,0,0,0,0,0,0,0,0,0,0,0,0,0,0,0,0,0,0,0,12875907072,4545429504,785883,277431,47101684,454,0,99,786432,148162523,811153,6,3961280789,12884901888,24050,752636721,0,0,0,0,0,0,0,0,0,0,0,0,0,0,0,0,0,0,19475715,119372025,0,468,1202,7661,620,38951719,35,0,0,0,0,0,0,0,1,0,0,0,0,0,0,0,0,0,0,25293157,0,47101477,868322,0,0,0,0,0,0,0,0,16384,0,0,0,0,0,0,0,0,0,0,0,3959,422,0,0,0,0,0,59205489,0,147,0,2,422,3959,0,0,0,0,0,0,0,0,0,0,0,0,0,0,0,0,0,0,0,0,0,0,0,0,0,0,0,0,0,0,0,0,0,0,0,0,0,0,0,0,0,0,0,0,0,0,0,0,0,0,0,0,0,0,307672968,0,0,0,515023569,0,0,0,0,0,0,0,101590106,149109569,355853108,183566669824,88372786,0,0,0,0,0,0,0,0,0,0,0,0,0,0,0,0,0,0,0,0,0,0,0,0,0,0,0,0,0,0,0,554,0,0,0,0,0,0,0
1782976377.645,0,0,0,0,0,0,0,816849114,2439303006720,999746231296,0,0,0,0,0,0,0,0,0,0,0,0,0,0,0,0,0,0,0,0,0,0,0,0,0,0,0,0,0,0,0,0,0,0,0,0,0,0,0,0,0,0,0,0,0,0,0,0,0,0,0,0,0,0,0,0,0,0,7,1856781,149219397,47179911,0,0,0,0,0,0,0,0,0,0,0,0,0,0,0,0,0,0,0,0,0,0,0,0,0,0,0,0,0,0,0,0,0,0,0,0,0,12879495168,4551278592,786102,277788,47117980,234,0,96,786432,148219531,811153,6,3962107229,12884901888,24050,752746771,0,0,0,0,0,0,0,0,0,0,0,0,0,0,0,0,0,0,19480559,119376869,0,468,1202,7661,620,38961410,35,0,0,0,0,0,0,0,1,0,0,0,0,0,0,0,0,0,0,25298725,0,47117771,868641,0,0,0,0,0,0,0,0,16384,0,0,0,0,0,0,0,0,0,0,0,3960,422,0,0,0,0,0,59220216,0,147,0,2,422,3960,0,0,0,0,0,0,0,0,0,0,0,0,0,0,0,0,0,0,0,0,0,0,0,0,0,0,0,0,0,0,0,0,0,0,0,0,0,0,0,0,0,0,0,0,0,0,0,0,0,0,0,0,0,0,307750266,0,0,0,515105807,0,0,0,0,0,0,0,101624298,149166496,355946952,183606856192,88402085,1,0,0,0,0,0,0,0,0,0,0,0,0,0,0,0,0,0,0,0,0,0,0,0,0,0,0,0,0,0,0,626,0,0,0,0,0,0,0
1782976378.710,0,0,0,0,0,0,0,817018394,2440253147648,1000063090688,0,0,0,0,0,0,0,0,0,0,0,0,0,0,0,0,0,0,0,0,0,0,0,0,0,0,0,0,0,0,0,0,0,0,0,0,0,0,0,0,0,0,0,0,0,0,0,0,0,0,0,0,0,0,0,0,0,0,7,1856799,149277534,47196413,0,0,0,0,0,0,0,0,0,0,0,0,0,0,0,0,0,0,0,0,0,0,0,0,0,0,0,0,0,0,0,0,0,0,0,0,0,12874547200,4555358208,785801,278037,47134477,535,0,97,786432,148277601,811153,6,3962944641,12884901888,24050,752858274,0,0,0,0,0,0,0,0,0,0,0,0,0,0,0,0,0,0,19485467,119381776,0,468,1202,7661,620,38971231,35,0,0,0,0,0,0,0,1,0,0,0,0,0,0,0,0,0,0,25304365,0,47134268,868962,0,0,0,0,0,0,0,0,16384,0,0,0,0,0,0,0,0,0,0,0,3961,422,0,0,0,0,0,59235129,0,147,0,2,422,3961,0,0,0,0,0,0,0,0,0,0,0,0,0,0,0,0,0,0,0,0,0,0,0,0,0,0,0,0,0,0,0,0,0,0,0,0,0,0,0,0,0,0,0,0,0,0,0,0,0,0,0,0,0,0,307828149,0,0,0,515189074,0,0,0,0,0,0,0,101658919,149224480,356041575,183647257600,88431651,1,0,0,0,0,0,0,0,0,0,0,0,0,0,0,0,0,0,0,0,0,0,0,0,0,0,0,0,0,0,0,743,0,0,0,0,0,0,0
1782976379.779,0,0,0,0,0,0,0,817188369,2441200077312,1000379743232,0,0,0,0,0,0,0,0,0,0,0,0,0,0,0,0,0,0,0,0,0,0,0,0,0,0,0,0,0,0,0,0,0,0,0,0,0,0,0,0,0,0,0,0,0,0,0,0,0,0,0,0,0,0,0,0,0,0,7,1856820,149335459,47212874,0,0,0,0,0,0,0,0,0,0,0,0,0,0,0,0,0,0,0,0,0,0,0,0,0,0,0,0,0,0,0,0,0,0,0,0,0,12879757312,4562845696,786118,278494,47150943,217,0,97,786432,148335477,811153,6,3963785582,12884901888,24050,752970632,0,0,0,0,0,0,0,0,0,0,0,0,0,0,0,0,0,0,19490392,119386702,0,468,1202,7661,620,38981075,35,0,0,0,0,0,0,0,1,0,0,0,0,0,0,0,0,0,0,25310023,0,47150734,869280,0,0,0,0,0,0,0,0,16384,0,0,0,0,0,0,0,0,0,0,0,3962,422,0,0,0,0,0,59250115,0,147,0,2,422,3962,0,0,0,0,0,0,0,0,0,0,0,0,0,0,0,0,0,0,0,0,0,0,0,0,0,0,0,0,0,0,0,0,0,0,0,0,0,0,0,0,0,0,0,0,0,0,0,0,0,0,0,0,0,0,307907264,0,0,0,515272750,0,0,0,0,0,0,0,101693989,149282261,356137373,183688288768,88461776,0,0,0,0,0,0,0,0,0,0,0,0,0,0,0,0,0,0,0,0,0,0,0,0,0,0,0,0,0,0,0,833,0,0,0,0,0,0,0
1782976380.847,0,0,0,0,0,0,0,817356937,2442141157888,1000698253312,0,0,0,0,0,0,0,0,0,0,0,0,0,0,0,0,0,0,0,0,0,0,0,0,0,0,0,0,0,0,0,0,0,0,0,0,0,0,0,0,0,0,0,0,0,0,0,0,0,0,0,0,0,0,0,0,0,0,7,1856831,149393030,47229453,0,0,0,0,0,0,0,0,0,0,0,0,0,0,0,0,0,0,0,0,0,0,0,0,0,0,0,0,0,0,0,0,0,0,0,0,0,12875399168,4566499328,785852,278717,47167522,484,0,96,786432,148392969,811153,6,3964619507,12884901888,24050,753081629,0,0,0,0,0,0,0,0,0,0,0,0,0,0,0,0,0,0,19495287,119391596,0,468,1202,7661,620,38990869,35,0,0,0,0,0,0,0,1,0,0,0,0,0,0,0,0,0,0,25315645,0,47167313,869607,0,0,0,0,0,0,0,0,16384,0,0,0,0,0,0,0,0,0,0,0,3963,422,0,0,0,0,0,59264999,0,147,0,2,422,3963,0,0,0,0,0,0,0,0,0,0,0,0,0,0,0,0,0,0,0,0,0,0,0,0,0,0,0,0,0,0,0,0,0,0,0,0,0,0,0,0,0,0,0,0,0,0,0,0,0,0,0,0,0,0,307986528,0,0,0,515355820,0,0,0,0,0,0,0,101729188,149339685,356233444,183729288704,88491952,1,0,0,0,0,0,0,0,0,0,0,0,0,0,0,0,0,0,0,0,0,0,0,0,0,0,0,0,0,0,0,879,0,0,0,0,0,0,0
1782976381.915,0,0,0,0,0,0,0,817525918,2443087153664,1001014126592,0,0,0,0,0,0,0,0,0,0,0,0,0,0,0,0,0,0,0,0,0,0,0,0,0,0,0,0,0,0,0,0,0,0,0,0,0,0,0,0,0,0,0,0,0,0,0,0,0,0,0,0,0,0,0,0,0,0,7,1856851,149450901,47245842,0,0,0,0,0,0,0,0,0,0,0,0,0,0,0,0,0,0,0,0,0,0,0,0,0,0,0,0,0,0,0,0,0,0,0,0,0,12879314944,4573872128,786091,279167,47183911,244,0,96,786432,148450770,811153,6,3965454789,12884901888,24050,753192640,0,0,0,0,0,0,0,0,0,0,0,0,0,0,0,0,0,0,19500186,119396493,0,468,1202,7661,620,39000661,35,0,0,0,0,0,0,0,1,0,0,0,0,0,0,0,0,0,0,25321276,0,47183702,869933,0,0,0,0,0,0,0,0,16384,0,0,0,0,0,0,0,0,0,0,0,3964,422,0,0,0,0,0,59279887,0,147,0,2,422,3964,0,0,0,0,0,0,0,0,0,0,0,0,0,0,0,0,0,0,0,0,0,0,0,0,0,0,0,0,0,0,0,0,0,0,0,0,0,0,0,0,0,0,0,0,0,0,0,0,0,0,0,0,0,0,308066427,0,0,0,515438989,0,0,0,0,0,0,0,101764547,149397401,356329971,183770689536,88522373,1,1,0,0,0,0,0,0,0,0,0,0,0,0,0,0,0,0,0,0,0,0,0,0,0,0,0,0,0,0,0,980,0,0,0,0,0,0,0
1782976382.984,0,0,0,0,0,0,0,817692955,2444021303808,1001327391744,0,0,0,0,0,0,0,0,0,0,0,0,0,0,0,0,0,0,0,0,0,0,0,0,0,0,0,0,0,0,0,0,0,0,0,0,0,0,0,0,0,0,0,0,0,0,0,0,0,0,0,0,0,0,0,0,0,0,7,1856872,149508033,47262115,0,0,0,0,0,0,0,0,0,0,0,0,0,0,0,0,0,0,0,0,0,0,0,0,0,0,0,0,0,0,0,0,0,0,0,0,0,12877086720,4578803712,785955,279468,47200184,379,0,97,786432,148507845,811153,6,3966281168,12884901888,24050,753303304,0,0,0,0,0,0,0,0,0,0,0,0,0,0,0,0,0,0,19505022,119401328,0,468,1202,7661,620,39010342,35,0,0,0,0,0,0,0,1,0,0,0,0,0,0,0,0,0,0,25326839,0,47199975,870254,0,0,0,0,0,0,0,0,16384,0,0,0,0,0,0,0,0,0,0,0,3965,422,0,0,0,0,0,59294591,0,147,0,2,422,3965,0,0,0,0,0,0,0,0,0,0,0,0,0,0,0,0,0,0,0,0,0,0,0,0,0,0,0,0,0,0,0,0,0,0,0,0,0,0,0,0,0,0,0,0,0,0,0,0,0,0,0,0,0,0,308144808,0,0,0,515521137,0,0,0,0,0,0,0,101799178,149454406,356424877,183811351040,88552157,1,0,0,0,0,0,0,0,0,0,0,0,0,0,0,0,0,0,0,0,0,0,0,0,0,0,0,0,0,0,0,1005,0,0,0,0,0,0,0
1782976384.049,0,0,0,0,0,0,0,817860585,2444962286080,1001642958336,0,0,0,0,0,0,0,0,0,0,0,0,0,0,0,0,0,0,0,0,0,0,0,0,0,0,0,0,0,0,0,0,0,0,0,0,0,0,0,0,0,0,0,0,0,0,0,0,0,0,0,0,0,0,0,0,0,0,7,1856891,149565571,47278494,0,0,0,0,0,0,0,0,0,0,0,0,0,0,0,0,0,0,0,0,0,0,0,0,0,0,0,0,0,0,0,0,0,0,0,0,0,12873138176,4583915520,785714,279780,47216536,621,0,96,786432,148565316,811153,6,3967110907,12884901888,24050,753413897,0,0,0,0,0,0,0,0,0,0,0,0,0,0,0,0,0,0,19509887,119406196,0,468,1202,7661,620,39020061,35,0,0,0,0,0,0,0,1,0,0,0,0,0,0,0,0,0,0,25332432,0,47216327,870580,0,0,0,0,0,0,0,0,16384,0,0,0,0,0,0,0,0,0,0,0,3966,422,0,0,0,0,0,59309403,0,147,0,2,422,3966,0,0,0,0,0,0,0,0,0,0,0,0,0,0,0,0,0,0,0,0,0,0,0,0,0,0,0,0,0,0,0,0,0,0,0,0,0,0,0,0,0,0,0,0,0,0,0,0,0,0,0,0,0,0,308223902,0,0,0,515603703,0,0,0,0,0,0,0,101834099,149511819,356520608,183852361728,88582130,0,0,0,0,0,0,0,0,0,0,0,0,0,0,0,0,0,0,0,0,0,0,0,0,0,0,0,0,0,0,0,1045,0,0,0,0,0,0,0
1782976385.114,0,0,0,0,0,0,0,818025441,2445884901888,1001956525056,0,0,0,0,0,0,0,0,0,0,0,0,0,0,0,0,0,0,0,0,0,0,0,0,0,0,0,0,0,0,0,0,0,0,0,0,0,0,0,0,0,0,0,0,0,0,0,0,0,0,0,0,0,0,0,0,0,0,7,1856911,149622030,47294831,0,0,0,0,0,0,0,0,0,0,0,0,0,0,0,0,0,0,0,0,0,0,0,0,0,0,0,0,0,0,0,0,0,0,0,0,0,12880560128,4583817216,786167,279774,47232900,169,0,96,786432,148621723,811153,6,3967927180,12884901888,24050,753522813,0,0,0,0,0,0,0,0,0,0,0,0,0,0,0,0,0,0,19514676,119410983,0,468,1202,7661,620,39029642,35,0,0,0,0,0,0,0,1,0,0,0,0,0,0,0,0,0,0,25337935,0,47232691,870891,0,0,0,0,0,0,0,0,16384,0,0,0,0,0,0,0,0,0,0,0,3967,422,0,0,0,0,0,59323948,0,147,0,2,422,3967,0,0,0,0,0,0,0,0,0,0,0,0,0,0,0,0,0,0,0,0,0,0,0,0,0,0,0,0,0,0,0,0,0,0,0,0,0,0,0,0,0,0,0,0,0,0,0,0,0,0,0,0,0,0,308301798,0,0,0,515685023,0,0,0,0,0,0,0,101866728,149568115,356615060,183892710400,88610087,1,0,0,0,0,0,0,0,0,0,0,0,0,0,0,0,0,0,0,0,0,0,0,0,0,0,0,0,0,0,0,1014,0,0,0,0,0,0,0
1782976386.183,0,0,0,0,0,0,0,818190535,2446807665152,1002271235584,0,0,0,0,0,0,0,0,0,0,0,0,0,0,0,0,0,0,0,0,0,0,0,0,0,0,0,0,0,0,0,0,0,0,0,0,0,0,0,0,0,0,0,0,0,0,0,0,0,0,0,0,0,0,0,0,0,0,7,1856932,149678463,47311192,0,0,0,0,0,0,0,0,0,0,0,0,0,0,0,0,0,0,0,0,0,0,0,0,0,0,0,0,0,0,0,0,0,0,0,0,0,12876152832,4584652800,785898,279825,47249261,438,0,96,786432,148678086,811153,6,3968744150,12884901888,24050,753632040,0,0,0,0,0,0,0,0,0,0,0,0,0,0,0,0,0,0,19519454,119415763,0,468,1202,7661,620,39039200,35,0,0,0,0,0,0,0,1,0,0,0,0,0,0,0,0,0,0,25343434,0,47249052,871202,0,0,0,0,0,0,0,0,16384,0,0,0,0,0,0,0,0,0,0,0,3968,422,0,0,0,0,0,59338483,0,147,0,2,422,3968,0,0,0,0,0,0,0,0,0,0,0,0,0,0,0,0,0,0,0,0,0,0,0,0,0,0,0,0,0,0,0,0,0,0,0,0,0,0,0,0,0,0,0,0,0,0,0,0,0,0,0,0,0,0,308380207,0,0,0,515766324,0,0,0,0,0,0,0,101898995,149624406,356710038,183933437952,88637725,1,1,0,0,0,0,0,0,0,0,0,0,0,0,0,0,0,0,0,0,0,0,0,0,0,0,0,0,0,0,0,985,0,0,0,0,0,0,0
1782976387.251,0,0,0,0,0,0,0,818354845,2447726709248,1002583103488,0,0,0,0,0,0,0,0,0,0,0,0,0,0,0,0,0,0,0,0,0,0,0,0,0,0,0,0,0,0,0,0,0,0,0,0,0,0,0,0,0,0,0,0,0,0,0,0,0,0,0,0,0,0,0,0,0,0,7,1856944,149734666,47327422,0,0,0,0,0,0,0,0,0,0,0,0,0,0,0,0,0,0,0,0,0,0,0,0,0,0,0,0,0,0,0,0,0,0,0,0,0,12875366400,4586520576,785849,279939,47265491,486,0,97,786432,148734226,811153,6,3969556313,12884901888,24050,753739604,0,0,0,0,0,0,0,0,0,0,0,0,0,0,0,0,0,0,19524225,119420534,0,468,1202,7661,620,39048744,35,0,0,0,0,0,0,0,1,0,0,0,0,0,0,0,0,0,0,25348919,0,47265282,871517,0,0,0,0,0,0,0,0,16384,0,0,0,0,0,0,0,0,0,0,0,3969,422,0,0,0,0,0,59352957,0,147,0,2,422,3969,0,0,0,0,0,0,0,0,0,0,0,0,0,0,0,0,0,0,0,0,0,0,0,0,0,0,0,0,0,0,0,0,0,0,0,0,0,0,0,0,0,0,0,0,0,0,0,0,0,0,0,0,0,0,308458166,0,0,0,515847411,0,0,0,0,0,0,0,101931159,149680504,356804462,183973767680,88665317,0,0,0,0,0,0,0,0,0,0,0,0,0,0,0,0,0,0,0,0,0,0,0,0,0,0,0,0,0,0,0,955,0,0,0,0,0,0,0
1782976388.318,0,0,0,0,0,0,0,818521338,2448656206336,1002896965120,0,0,0,0,0,0,0,0,0,0,0,0,0,0,0,0,0,0,0,0,0,0,0,0,0,0,0,0,0,0,0,0,0,0,0,0,0,0,0,0,0,0,0,0,0,0,0,0,0,0,0,0,0,0,0,0,0,0,7,1856962,149791526,47343771,0,0,0,0,0,0,0,0,0,0,0,0,0,0,0,0,0,0,0,0,0,0,0,0,0,0,0,0,0,0,0,0,0,0,0,0,0,12874334208,4590764032,785787,280198,47281840,549,0,96,786432,148791040,811153,6,3970379500,12884901888,24050,753849215,0,0,0,0,0,0,0,0,0,0,0,0,0,0,0,0,0,0,19529054,119425364,0,468,1202,7661,620,39058396,35,0,0,0,0,0,0,0,1,0,0,0,0,0,0,0,0,0,0,25354467,0,47281631,871832,0,0,0,0,0,0,0,0,16384,0,0,0,0,0,0,0,0,0,0,0,3970,422,0,0,0,0,0,59367649,0,147,0,2,422,3970,0,0,0,0,0,0,0,0,0,0,0,0,0,0,0,0,0,0,0,0,0,0,0,0,0,0,0,0,0,0,0,0,0,0,0,0,0,0,0,0,0,0,0,0,0,0,0,0,0,0,0,0,0,0,308535549,0,0,0,515929387,0,0,0,0,0,0,0,101964069,149737238,356898431,184013834240,88693399,1,1,0,0,0,0,0,0,0,0,0,0,0,0,0,0,0,0,0,0,0,0,0,0,0,0,0,0,0,0,0,985,0,0,0,0,0,0,0
1782976389.382,0,0,0,0,0,0,0,818690654,2449601563136,1003213668352,0,0,0,0,0,0,0,0,0,0,0,0,0,0,0,0,0,0,0,0,0,0,0,0,0,0,0,0,0,0,0,0,0,0,0,0,0,0,0,0,0,0,0,0,0,0,0,0,0,0,0,0,0,0,0,0,0,0,7,1856976,149849372,47360171,0,0,0,0,0,0,0,0,0,0,0,0,0,0,0,0,0,0,0,0,0,0,0,0,0,0,0,0,0,0,0,0,0,0,0,0,0,12874842112,4599250944,785818,280716,47298172,505,0,108,786432,148848804,811153,6,3971217399,12884901888,24050,753961268,0,0,0,0,0,0,0,0,0,0,0,0,0,0,0,0,0,0,19533959,119430267,0,468,1202,7661,620,39068215,35,0,0,0,0,0,0,0,1,0,0,0,0,0,0,0,0,0,0,25360106,0,47297963,872154,0,0,0,0,0,0,0,0,16384,0,0,0,0,0,0,0,0,0,0,0,3971,422,0,0,0,0,0,59382564,0,147,0,2,422,3971,0,0,0,0,0,0,0,0,0,0,0,0,0,0,0,0,0,0,0,0,0,0,0,0,0,0,0,0,0,0,0,0,0,0,0,0,0,0,0,0,0,0,0,0,0,0,0,0,0,0,0,0,0,0,308614776,0,0,0,516012725,0,0,0,0,0,0,0,101998943,149794909,356994319,184054943232,88723398,0,0,0,0,0,0,0,0,0,0,0,0,0,0,0,0,0,0,0,0,0,0,0,0,0,0,0,0,0,0,0,1057,0,0,0,0,0,0,0
1782976390.450,0,0,0,0,0,0,0,818856217,2450527144448,1003580219392,0,0,0,0,0,0,0,0,0,0,0,0,0,0,0,0,0,0,0,0,0,0,0,0,0,0,0,0,0,0,0,0,0,0,0,0,0,0,0,0,0,0,0,0,0,0,0,0,0,0,0,0,0,0,0,0,0,0,7,1856996,149905974,47379601,0,0,0,0,0,0,0,0,0,0,0,0,0,0,0,0,0,0,0,0,0,0,0,0,0,0,0,0,0,0,0,0,0,0,0,0,0,12875415552,4550328320,785853,277730,47314276,484,0,96,786432,148905342,811153,6,3972036393,12884901888,24050,754070244,0,0,0,0,0,0,0,0,0,0,0,0,0,0,0,0,0,0,19538759,119435067,0,468,1202,7661,620,39077810,35,0,0,0,0,0,0,0,1,0,0,0,0,0,0,0,0,0,0,25365629,0,47317267,872484,0,0,0,0,0,0,0,0,16384,0,0,0,0,0,0,0,0,0,0,0,3972,422,0,0,0,0,0,59397179,0,147,0,2,422,3972,0,0,0,0,0,0,0,0,0,0,0,0,0,0,0,0,0,0,0,0,0,0,0,0,0,0,0,0,0,0,0,0,0,0,0,0,0,0,0,0,0,0,0,0,0,0,0,0,0,0,0,0,0,0,308692977,0,0,0,516094293,0,0,0,0,0,0,0,102033195,149851375,357092190,184095463936,88752520,0,0,0,0,0,0,0,0,0,0,0,0,0,0,0,0,0,0,0,0,0,0,0,0,0,0,0,0,0,0,0,1062,0,0,0,0,0,0,0
1782976391.516,0,0,0,0,0,0,0,819023676,2451460819456,1003902391296,0,0,0,0,0,0,0,0,0,0,0,0,0,0,0,0,0,0,0,0,0,0,0,0,0,0,0,0,0,0,0,0,0,0,0,0,0,0,0,0,0,0,0,0,0,0,0,0,0,0,0,0,0,0,0,0,0,0,7,1857018,149963094,47396618,0,0,0,0,0,0,0,0,0,0,0,0,0,0,0,0,0,0,0,0,0,0,0,0,0,0,0,0,0,0,0,0,0,0,0,0,0,12874694656,4543856640,785809,277335,47334687,527,0,96,786432,148962398,811153,6,3972864592,12884901888,24050,754180670,0,0,0,0,0,0,0,0,0,0,0,0,0,0,0,0,0,0,19543618,119439928,0,468,1202,7661,620,39087527,35,0,0,0,0,0,0,0,1,0,0,0,0,0,0,0,0,0,0,25371219,0,47334478,872809,0,0,0,0,0,0,0,0,16384,0,0,0,0,0,0,0,0,0,0,0,3974,422,0,0,0,0,0,59411932,0,147,0,2,422,3974,0,0,0,0,0,0,0,0,0,0,0,0,0,0,0,0,0,0,0,0,0,0,0,0,0,0,0,0,0,0,0,0,0,0,0,0,0,0,0,0,0,0,0,0,0,0,0,0,0,0,0,0,0,0,308770695,0,0,0,516176779,0,0,0,0,0,0,0,102067602,149908365,357187137,184135731200,88781988,1,0,0,0,0,0,0,0,0,0,0,0,0,0,0,0,0,0,0,0,0,0,0,0,0,0,0,0,0,0,0,1089,0,0,0,0,0,0,0
1782976392.584,0,0,0,0,0,0,0,819190883,2452398000640,1004214998528,0,0,0,0,0,0,0,0,0,0,0,0,0,0,0,0,0,0,0,0,0,0,0,0,0,0,0,0,0,0,0,0,0,0,0,0,0,0,0,0,0,0,0,0,0,0,0,0,0,0,0,0,0,0,0,0,0,0,7,1857033,150020408,47412845,0,0,0,0,0,0,0,0,0,0,0,0,0,0,0,0,0,0,0,0,0,0,0,0,0,0,0,0,0,0,0,0,0,0,0,0,0,12877627392,4551442432,785988,277798,47350913,347,0,96,786432,149019648,811153,6,3973691964,12884901888,24050,754291057,0,0,0,0,0,0,0,0,0,0,0,0,0,0,0,0,0,0,19548465,119444775,0,468,1202,7661,620,39097219,35,0,0,0,0,0,0,0,1,0,0,0,0,0,0,0,0,0,0,25376793,0,47350711,873131,0,0,0,0,0,0,0,0,16384,0,0,0,0,0,0,0,0,0,0,0,3975,422,0,0,0,0,0,59426676,0,147,0,2,422,3975,0,0,0,0,0,0,0,0,0,0,0,0,0,0,0,0,0,0,0,0,0,0,0,0,0,0,0,0,0,0,0,0,0,0,0,0,0,0,0,0,0,0,0,0,0,0,0,0,0,0,0,0,0,0,308849415,0,0,0,516259074,0,0,0,0,0,0,0,102101194,149965560,357282350,184176513536,88810828,1,0,0,0,0,0,0,0,0,0,0,0,0,0,0,0,0,0,0,0,0,0,0,0,0,0,0,0,0,0,0,1139,0,0,0,0,0,0,0
1782976393.653,0,0,0,0,0,0,0,819356081,2453319567872,1004526594560,0,0,0,0,0,0,0,0,0,0,0,0,0,0,0,0,0,0,0,0,0,0,0,0,0,0,0,0,0,0,0,0,0,0,0,0,0,0,0,0,0,0,0,0,0,0,0,0,0,0,0,0,0,0,0,0,0,0,7,1857049,150076778,47429088,0,0,0,0,0,0,0,0,0,0,0,0,0,0,0,0,0,0,0,0,0,0,0,0,0,0,0,0,0,0,0,0,0,0,0,0,0,12874694656,4553736192,785809,277938,47367154,527,0,96,786432,149075954,811153,6,3974508517,12884901888,24050,754399774,0,0,0,0,0,0,0,0,0,0,0,0,0,0,0,0,0,0,19553255,119449566,0,468,1202,7661,620,39106799,35,0,0,0,0,0,0,0,1,0,0,0,0,0,0,0,0,0,0,25382298,0,47366945,873451,0,0,0,0,0,0,0,0,16384,0,0,0,0,0,0,0,0,0,0,0,3976,422,0,0,0,0,0,59441217,0,147,0,2,422,3976,0,0,0,0,0,0,0,0,0,0,0,0,0,0,0,0,0,0,0,0,0,0,0,0,0,0,0,0,0,0,0,0,0,0,0,0,0,0,0,0,0,0,0,0,0,0,0,0,0,0,0,0,0,0,308925999,0,0,0,516340491,0,0,0,0,0,0,0,102132332,150021806,357375450,184216267264,88837015,1,1,0,0,0,0,0,0,0,0,0,0,0,0,0,0,0,0,0,0,0,0,0,0,0,0,0,0,0,0,0,1105,0,0,0,0,0,0,0
1782976394.720,0,0,0,0,0,0,0,819520878,2454240283136,1004837691904,0,0,0,0,0,0,0,0,0,0,0,0,0,0,0,0,0,0,0,0,0,0,0,0,0,0,0,0,0,0,0,0,0,0,0,0,0,0,0,0,0,0,0,0,0,0,0,0,0,0,0,0,0,0,0,0,0,0,7,1857065,150133105,47445253,0,0,0,0,0,0,0,0,0,0,0,0,0,0,0,0,0,0,0,0,0,0,0,0,0,0,0,0,0,0,0,0,0,0,0,0,0,12875743232,4557438976,785873,278164,47383322,466,0,96,786432,149132210,811153,6,3975324397,12884901888,24050,754509204,0,0,0,0,0,0,0,0,0,0,0,0,0,0,0,0,0,0,19558025,119454336,0,468,1202,7661,620,39116346,35,0,0,0,0,0,0,0,1,0,0,0,0,0,0,0,0,0,0,25387783,0,47383113,873762,0,0,0,0,0,0,0,0,16384,0,0,0,0,0,0,0,0,0,0,0,3977,422,0,0,0,0,0,59455720,0,147,0,2,422,3977,0,0,0,0,0,0,0,0,0,0,0,0,0,0,0,0,0,0,0,0,0,0,0,0,0,0,0,0,0,0,0,0,0,0,0,0,0,0,0,0,0,0,0,0,0,0,0,0,0,0,0,0,0,0,309004226,0,0,0,516421638,0,0,0,0,0,0,0,102164169,150077990,357470061,184256818176,88864291,1,0,0,0,0,0,0,0,0,0,0,0,0,0,0,0,0,0,0,0,0,0,0,0,0,0,0,0,0,0,0,1087,0,0,0,0,0,0,0
1782976395.785,0,0,0,0,0,0,0,819687498,2455171992064,1005151535616,0,0,0,0,0,0,0,0,0,0,0,0,0,0,0,0,0,0,0,0,0,0,0,0,0,0,0,0,0,0,0,0,0,0,0,0,0,0,0,0,0,0,0,0,0,0,0,0,0,0,0,0,0,0,0,0,0,0,7,1857083,150190102,47461640,0,0,0,0,0,0,0,0,0,0,0,0,0,0,0,0,0,0,0,0,0,0,0,0,0,0,0,0,0,0,0,0,0,0,0,0,0,12882296832,4562927616,786273,278499,47399709,62,0,96,786432,149189149,811153,6,3976148063,12884901888,24050,754619160,0,0,0,0,0,0,0,0,0,0,0,0,0,0,0,0,0,0,19562859,119459169,0,468,1202,7661,620,39126007,35,0,0,0,0,0,0,0,1,0,0,0,0,0,0,0,0,0,0,25393340,0,47399500,874074,0,0,0,0,0,0,0,0,16384,0,0,0,0,0,0,0,0,0,0,0,3978,422,0,0,0,0,0,59470427,0,147,0,2,422,3978,0,0,0,0,0,0,0,0,0,0,0,0,0,0,0,0,0,0,0,0,0,0,0,0,0,0,0,0,0,0,0,0,0,0,0,0,0,0,0,0,0,0,0,0,0,0,0,0,0,0,0,0,0,0,309080768,0,0,0,516503703,0,0,0,0,0,0,0,102196747,150134861,357563215,184296504832,88892081,1,1,0,0,0,0,0,0,0,0,0,0,0,0,0,0,0,0,0,0,0,0,0,0,0,0,0,0,0,0,0,1131,0,0,0,0,0,0,0
1782976396.853,0,0,0,0,0,0,0,819857291,2456119691776,1005471217152,0,0,0,0,0,0,0,0,0,0,0,0,0,0,0,0,0,0,0,0,0,0,0,0,0,0,0,0,0,0,0,0,0,0,0,0,0,0,0,0,0,0,0,0,0,0,0,0,0,0,0,0,0,0,0,0,0,0,7,1857104,150248073,47478241,0,0,0,0,0,0,0,0,0,0,0,0,0,0,0,0,0,0,0,0,0,0,0,0,0,0,0,0,0,0,0,0,0,0,0,0,0,12878004224,4566974464,786011,278746,47416310,324,0,96,786432,149247058,811153,6,3976987720,12884901888,24050,754731306,0,0,0,0,0,0,0,0,0,0,0,0,0,0,0,0,0,0,19567773,119464083,0,468,1202,7661,620,39135835,35,0,0,0,0,0,0,0,1,0,0,0,0,0,0,0,0,0,0,25399000,0,47416101,874396,0,0,0,0,0,0,0,0,16384,0,0,0,0,0,0,0,0,0,0,0,3979,422,0,0,0,0,0,59485373,0,147,0,2,422,3979,0,0,0,0,0,0,0,0,0,0,0,0,0,0,0,0,0,0,0,0,0,0,0,0,0,0,0,0,0,0,0,0,0,0,0,0,0,0,0,0,0,0,0,0,0,0,0,0,0,0,0,0,0,0,309160877,0,0,0,516587158,0,0,0,0,0,0,0,102231994,150192712,357660164,184338126336,88922392,0,0,0,0,0,0,0,0,0,0,0,0,0,0,0,0,0,0,0,0,0,0,0,0,0,0,0,0,0,0,0,1246,0,0,0,0,0,0,0
1782976397.925,0,0,0,0,0,0,0,820025522,2457063131648,1005788196352,0,0,0,0,0,0,0,0,0,0,0,0,0,0,0,0,0,0,0,0,0,0,0,0,0,0,0,0,0,0,0,0,0,0,0,0,0,0,0,0,0,0,0,0,0,0,0,0,0,0,0,0,0,0,0,0,0,0,7,1857122,150305791,47494707,0,0,0,0,0,0,0,0,0,0,0,0,0,0,0,0,0,0,0,0,0,0,0,0,0,0,0,0,0,0,0,0,0,0,0,0,0,12879265792,4571086848,786088,278997,47432776,248,0,96,786432,149304708,811153,6,3977824030,12884901888,24050,754845206,0,0,0,0,0,0,0,0,0,0,0,0,0,0,0,0,0,0,19572656,119468965,0,468,1202,7661,620,39145608,35,0,0,0,0,0,0,0,1,0,0,0,0,0,0,0,0,0,0,25404609,0,47432567,874706,0,0,0,0,0,0,0,0,16384,0,0,0,0,0,0,0,0,0,0,0,3980,422,0,0,0,0,0,59500236,0,147,0,2,422,3980,0,0,0,0,0,0,0,0,0,0,0,0,0,0,0,0,0,0,0,0,0,0,0,0,0,0,0,0,0,0,0,0,0,0,0,0,0,0,0,0,0,0,0,0,0,0,0,0,0,0,0,0,0,0,309240918,0,0,0,516671276,0,0,0,0,0,0,0,102266968,150250292,357756894,184379593216,88952631,1,0,0,0,0,0,0,0,0,0,0,0,0,0,0,0,0,0,0,0,0,0,0,0,0,0,0,0,0,0,0,71,0,0,0,0,0,0,0
