timestamp,adaptive_hash_pages_added,adaptive_hash_pages_removed,adaptive_hash_rows_added,adaptive_hash_rows_deleted_no_hash_entry,adaptive_hash_rows_removed,adaptive_hash_rows_updated,adaptive_hash_searches,adaptive_hash_searches_btree,buffer_data_reads,buffer_data_written,buffer_flush_adaptive,buffer_flush_adaptive_avg_pass,buffer_flush_adaptive_avg_time_est,buffer_flush_adaptive_avg_time_slot,buffer_flush_adaptive_avg_time_thread,buffer_flush_adaptive_pages,buffer_flush_adaptive_total_pages,buffer_flush_avg_page_rate,buffer_flush_avg_pass,buffer_flush_avg_time,buffer_flush_background,buffer_flush_background_pages,buffer_flush_background_total_pages,buffer_flush_batches,buffer_flush_batch_num_scan,buffer_flush_batch_pages,buffer_flush_batch_scanned,buffer_flush_batch_scanned_per_call,buffer_flush_batch_total_pages,buffer_flush_lsn_avg_rate,buffer_flush_neighbor,buffer_flush_neighbor_pages,buffer_flush_neighbor_total_pages,buffer_flush_n_to_flush_by_age,buffer_flush_n_to_flush_by_dirty_page,buffer_flush_n_to_flush_requested,buffer_flush_pct_for_dirty,buffer_flush_pct_for_lsn,buffer_flush_sync,buffer_flush_sync_pages,buffer_flush_sync_total_pages,buffer_flush_sync_waits,buffer_LRU_batches_evict,buffer_LRU_batches_flush,buffer_LRU_batch_evict_pages,buffer_LRU_batch_evict_total_pages,buffer_LRU_batch_flush_avg_pass,buffer_LRU_batch_flush_avg_time_est,buffer_LRU_batch_flush_avg_time_slot,buffer_LRU_batch_flush_avg_time_thread,buffer_LRU_batch_flush_pages,buffer_LRU_batch_flush_total_pages,buffer_LRU_batch_num_scan,buffer_LRU_batch_scanned,buffer_LRU_batch_scanned_per_call,buffer_LRU_get_free_loops,buffer_LRU_get_free_search,buffer_LRU_get_free_waits,buffer_LRU_search_num_scan,buffer_LRU_search_scanned,buffer_LRU_search_scanned_per_call,buffer_LRU_single_flush_failure_count,buffer_LRU_single_flush_num_scan,buffer_LRU_single_flush_scanned,buffer_LRU_single_flush_scanned_per_call,buffer_LRU_unzip_search_num_scan,buffer_LRU_unzip_search_scanned,buffer_LRU_unzip_search_scanned_per_call,buffer_pages0_read,buffer_pages_created,buffer_pages_read,buffer_pages_written,buffer_page_read_blob,buffer_page_read_fsp_hdr,buffer_page_read_ibuf_bitmap,buffer_page_read_ibuf_free_list,buffer_page_read_index_ibuf_leaf,buffer_page_read_index_ibuf_non_leaf,buffer_page_read_index_inode,buffer_page_read_index_leaf,buffer_page_read_index_non_leaf,buffer_page_read_other,buffer_page_read_rseg_array,buffer_page_read_system_page,buffer_page_read_trx_system,buffer_page_read_undo_log,buffer_page_read_xdes,buffer_page_read_zblob,buffer_page_read_zblob2,buffer_page_written_blob,buffer_page_written_fsp_hdr,buffer_page_written_ibuf_bitmap,buffer_page_written_ibuf_free_list,buffer_page_written_index_ibuf_leaf,buffer_page_written_index_ibuf_non_leaf,buffer_page_written_index_inode,buffer_page_written_index_leaf,buffer_page_written_index_non_leaf,buffer_page_written_on_log_no_waits,buffer_page_written_on_log_waits,buffer_page_written_on_log_wait_loops,buffer_page_written_other,buffer_page_written_rseg_array,buffer_page_written_system_page,buffer_page_written_trx_system,buffer_page_written_undo_log,buffer_page_written_xdes,buffer_page_written_zblob,buffer_page_written_zblob2,buffer_pool_bytes_data,buffer_pool_bytes_dirty,buffer_pool_pages_data,buffer_pool_pages_dirty,buffer_pool_pages_flushed,buffer_pool_pages_free,buffer_pool_pages_lru_flushed,buffer_pool_pages_misc,buffer_pool_pages_total,buffer_pool_reads,buffer_pool_read_ahead,buffer_pool_read_ahead_evicted,buffer_pool_read_requests,buffer_pool_size,buffer_pool_wait_free,buffer_pool_write_requests,compression_pad_decrements,compression_pad_increments,compress_pages_compressed,compress_pages_decompressed,cpu_n,cpu_stime_abs,cpu_stime_pct,cpu_utime_abs,cpu_utime_pct,dblwr_async_requests,dblwr_flush_requests,dblwr_flush_wait_events,dblwr_sync_requests,ddl_background_drop_tables,ddl_log_file_alter_table,ddl_online_create_index,ddl_pending_alter_table,ddl_sort_file_alter_table,dml_deletes,dml_inserts,dml_reads,dml_system_deletes,dml_system_inserts,dml_system_reads,dml_system_updates,dml_updates,file_num_open_files,ibuf_merges,ibuf_merges_delete,ibuf_merges_delete_mark,ibuf_merges_discard_delete,ibuf_merges_discard_delete_mark,ibuf_merges_discard_insert,ibuf_merges_insert,ibuf_size,icp_attempts,icp_match,icp_no_match,icp_out_of_range,index_page_discards,index_page_merge_attempts,index_page_merge_successful,index_page_reorg_attempts,index_page_reorg_successful,index_page_splits,innodb_activity_count,innodb_background_drop_table_usec,innodb_dblwr_pages_written,innodb_dblwr_writes,innodb_dict_lru_count,innodb_dict_lru_usec,innodb_ibuf_merge_usec,innodb_master_active_loops,innodb_master_idle_loops,innodb_master_purge_usec,innodb_master_thread_sleeps,innodb_mem_validate_usec,innodb_page_size,innodb_rwlock_sx_os_waits,innodb_rwlock_sx_spin_rounds,innodb_rwlock_sx_spin_waits,innodb_rwlock_s_os_waits,innodb_rwlock_s_spin_rounds,innodb_rwlock_s_spin_waits,innodb_rwlock_x_os_waits,innodb_rwlock_x_spin_rounds,innodb_rwlock_x_spin_waits,lock_deadlocks,lock_deadlock_false_positives,lock_deadlock_rounds,lock_rec_grant_attempts,lock_rec_locks,lock_rec_lock_created,lock_rec_lock_removed,lock_rec_lock_requests,lock_rec_lock_waits,lock_rec_release_attempts,lock_row_lock_current_waits,lock_row_lock_time,lock_row_lock_time_avg,lock_row_lock_time_max,lock_row_lock_waits,lock_schedule_refreshes,lock_table_locks,lock_table_lock_created,lock_table_lock_removed,lock_table_lock_waits,lock_threads_waiting,lock_timeouts,log_checkpoints,log_concurrency_margin,log_flusher_no_waits,log_flusher_waits,log_flusher_wait_loops,log_flush_avg_time,log_flush_lsn_avg_rate,log_flush_max_time,log_flush_notifier_no_waits,log_flush_notifier_waits,log_flush_notifier_wait_loops,log_flush_total_time,log_free_space,log_full_block_writes,log_lsn_archived,log_lsn_buf_dirty_pages_added,log_lsn_buf_pool_oldest_approx,log_lsn_buf_pool_oldest_lwm,log_lsn_checkpoint_age,log_lsn_current,log_lsn_last_checkpoint,log_lsn_last_flush,log_max_modified_age_async,log_max_modified_age_sync,log_next_file,log_on_buffer_space_no_waits,log_on_buffer_space_waits,log_on_buffer_space_wait_loops,log_on_file_space_no_waits,log_on_file_space_waits,log_on_file_space_wait_loops,log_on_flush_no_waits,log_on_flush_waits,log_on_flush_wait_loops,log_on_recent_closed_wait_loops,log_on_recent_written_wait_loops,log_on_write_no_waits,log_on_write_waits,log_on_write_wait_loops,log_padded,log_partial_block_writes,log_waits,log_writer_no_waits,log_writer_on_archiver_waits,log_writer_on_file_space_waits,log_writer_on_tracker_waits,log_writer_waits,log_writer_wait_loops,log_writes,log_write_notifier_no_waits,log_write_notifier_waits,log_write_notifier_wait_loops,log_write_requests,log_write_to_file_requests_interval,metadata_table_handles_closed,metadata_table_handles_opened,metadata_table_reference_count,module_cpu,module_dblwr,module_page_track,os_data_fsyncs,os_data_reads,os_data_writes,os_log_bytes_written,os_log_fsyncs,os_log_pending_fsyncs,os_log_pending_writes,os_pending_reads,os_pending_writes,page_track_checkpoint_partial_flush_request,page_track_full_block_writes,page_track_partial_block_writes,page_track_resets,purge_del_mark_records,purge_dml_delay_usec,purge_invoked,purge_resume_count,purge_stop_count,purge_truncate_history_count,purge_truncate_history_usec,purge_undo_log_pages,purge_upd_exist_or_extern_records,sampled_pages_read,sampled_pages_skipped,trx_active_transactions,trx_allocations,trx_commits_insert_update,trx_nl_ro_commits,trx_on_log_no_waits,trx_on_log_waits,trx_on_log_wait_loops,trx_rollbacks,trx_rollbacks_savepoint,trx_rollback_active,trx_ro_commits,trx_rseg_current_size,trx_rseg_history_len,trx_rw_commits,trx_undo_slots_cached,trx_undo_slots_used,undo_truncate_count,undo_truncate_done_logging_count,undo_truncate_start_logging_count,undo_truncate_usec
1782468891.004,0,0,0,0,0,0,0,1458224698,6108339997184,2217370899968,0,0,0,0,0,0,0,0,0,0,0,0,0,0,0,0,0,0,0,0,0,0,0,0,0,0,0,0,0,0,0,0,0,0,0,0,0,0,0,0,0,0,0,0,0,0,0,0,0,0,0,0,0,0,0,0,0,0,7,1917133,374275928,111466971,0,0,0,0,0,0,0,0,0,0,0,0,0,0,0,0,0,0,0,0,0,0,0,0,0,0,0,0,0,0,0,0,0,0,0,0,0,12873416704,3418832896,785731,208669,111390914,605,0,96,786432,372644894,811172,11,7162585821,12884901888,90293,1173554397,0,0,0,0,0,0,0,0,0,0,0,0,0,0,0,0,0,0,38296035,138194030,0,468,1202,7661,620,76592542,35,0,0,0,0,0,0,0,1,0,0,0,0,0,0,0,0,0,0,46794527,0,111389369,1970737,0,0,0,0,0,0,0,0,16384,0,0,0,0,0,0,0,0,0,0,0,6719,400,0,0,0,0,0,116422320,0,158,0,4,400,6719,0,0,0,0,0,0,0,0,0,0,0,0,0,0,0,0,0,0,0,0,0,0,0,0,0,0,0,0,0,0,0,0,0,0,0,0,0,0,0,0,0,0,0,0,0,0,0,0,0,0,0,0,0,0,580737348,0,0,0,835833902,0,0,0,0,0,0,0,174424742,372997962,693879554,325325502464,144631543,0,0,0,0,0,0,0,0,0,0,0,0,0,0,0,0,0,0,0,0,0,0,0,0,0,0,0,0,0,0,0,1296,0,0,0,0,0,0,0
1782468892.069,0,0,0,0,0,0,0,1458224698,6108339997184,2217566197760,0,0,0,0,0,0,0,0,0,0,0,0,0,0,0,0,0,0,0,0,0,0,0,0,0,0,0,0,0,0,0,0,0,0,0,0,0,0,0,0,0,0,0,0,0,0,0,0,0,0,0,0,0,0,0,0,0,0,7,1917133,374275928,111478891,0,0,0,0,0,0,0,0,0,0,0,0,0,0,0,0,0,0,0,0,0,0,0,0,0,0,0,0,0,0,0,0,0,0,0,0,0,12873416704,3223535616,785731,196749,111400914,605,0,96,786432,372644894,811172,11,7162585821,12884901888,90293,1173554397,0,0,0,0,0,0,0,0,0,0,0,0,0,0,0,0,0,0,38296035,138194030,0,468,1202,7661,620,76592542,35,0,0,0,0,0,0,0,1,0,0,0,0,0,0,0,0,0,0,46794527,0,111401289,1970832,0,0,0,0,0,0,0,0,16384,0,0,0,0,0,0,0,0,0,0,0,6721,400,0,0,0,0,0,116422320,0,158,0,4,400,6721,0,0,0,0,0,0,0,0,0,0,0,0,0,0,0,0,0,0,0,0,0,0,0,0,0,0,0,0,0,0,0,0,0,0,0,0,0,0,0,0,0,0,0,0,0,0,0,0,0,0,0,0,0,0,580737348,0,0,0,835833902,0,0,0,0,0,0,0,174426624,372997962,693891566,325325502464,144631545,0,0,0,0,0,0,0,0,0,0,0,0,0,0,0,0,0,0,0,0,0,0,0,0,0,0,0,0,0,0,0,1296,0,0,0,0,0,0,0
1782468893.944,0,0,0,0,0,0,0,1458224698,6108339997184,2217767787520,0,0,0,0,0,0,0,0,0,0,0,0,0,0,0,0,0,0,0,0,0,0,0,0,0,0,0,0,0,0,0,0,0,0,0,0,0,0,0,0,0,0,0,0,0,0,0,0,0,0,0,0,0,0,0,0,0,0,7,1917133,374275928,111491193,0,0,0,0,0,0,0,0,0,0,0,0,0,0,0,0,0,0,0,0,0,0,0,0,0,0,0,0,0,0,0,0,0,0,0,0,0,12873416704,3021979648,785731,184447,111410914,605,0,96,786432,372644894,811172,11,7162585821,12884901888,90293,1173554397,0,0,0,0,0,0,0,0,0,0,0,0,0,0,0,0,0,0,38296035,138194030,0,468,1202,7661,620,76592542,35,0,0,0,0,0,0,0,1,0,0,0,0,0,0,0,0,0,0,46794527,0,111413465,1970930,0,0,0,0,0,0,0,0,16384,0,0,0,0,0,0,0,0,0,0,0,6722,400,0,0,0,0,0,116422320,0,158,0,4,400,6722,0,0,0,0,0,0,0,0,0,0,0,0,0,0,0,0,0,0,0,0,0,0,0,0,0,0,0,0,0,0,0,0,0,0,0,0,0,0,0,0,0,0,0,0,0,0,0,0,0,0,0,0,0,0,580737348,0,0,0,835833902,0,0,0,0,0,0,0,174428574,372997962,693903962,325325502464,144631549,0,0,0,0,0,0,0,0,0,0,0,0,0,0,0,0,0,0,0,0,0,0,0,0,0,0,0,0,0,0,0,1296,0,0,0,0,0,0,0
1782468895.546,0,0,0,0,0,0,0,1458224698,6108339997184,2217954828288,0,0,0,0,0,0,0,0,0,0,0,0,0,0,0,0,0,0,0,0,0,0,0,0,0,0,0,0,0,0,0,0,0,0,0,0,0,0,0,0,0,0,0,0,0,0,0,0,0,0,0,0,0,0,0,0,0,0,7,1917133,374275928,111502611,0,0,0,0,0,0,0,0,0,0,0,0,0,0,0,0,0,0,0,0,0,0,0,0,0,0,0,0,0,0,0,0,0,0,0,0,0,12873416704,2834907136,785731,173029,111420914,605,0,96,786432,372644894,811172,11,7162585821,12884901888,90293,1173554397,0,0,0,0,0,0,0,0,0,0,0,0,0,0,0,0,0,0,38296035,138194030,0,468,1202,7661,620,76592542,35,0,0,0,0,0,0,0,1,0,0,0,0,0,0,0,0,0,0,46794527,0,111425009,1971022,0,0,0,0,0,0,0,0,16384,0,0,0,0,0,0,0,0,0,0,0,6724,400,0,0,0,0,0,116422320,0,158,0,4,400,6724,0,0,0,0,0,0,0,0,0,0,0,0,0,0,0,0,0,0,0,0,0,0,0,0,0,0,0,0,0,0,0,0,0,0,0,0,0,0,0,0,0,0,0,0,0,0,0,0,0,0,0,0,0,0,580737348,0,0,0,835833902,0,0,0,0,0,0,0,174430443,372997962,693915471,325325502464,144631553,0,0,0,0,0,0,0,0,0,0,0,0,0,0,0,0,0,0,0,0,0,0,0,0,0,0,0,0,0,0,0,1296,0,0,0,0,0,0,0
1782468896.991,0,0,0,0,0,0,0,1458224698,6108339997184,2218197115392,0,0,0,0,0,0,0,0,0,0,0,0,0,0,0,0,0,0,0,0,0,0,0,0,0,0,0,0,0,0,0,0,0,0,0,0,0,0,0,0,0,0,0,0,0,0,0,0,0,0,0,0,0,0,0,0,0,0,7,1917133,374275928,111517393,0,0,0,0,0,0,0,0,0,0,0,0,0,0,0,0,0,0,0,0,0,0,0,0,0,0,0,0,0,0,0,0,0,0,0,0,0,12873416704,2592718848,785731,158247,111440914,605,0,96,786432,372644894,811172,11,7162585821,12884901888,90293,1173554397,0,0,0,0,0,0,0,0,0,0,0,0,0,0,0,0,0,0,38296035,138194030,0,468,1202,7661,620,76592542,35,0,0,0,0,0,0,0,1,0,0,0,0,0,0,0,0,0,0,46794527,0,111439753,1971140,0,0,0,0,0,0,0,0,16384,0,0,0,0,0,0,0,0,0,0,0,6725,400,0,0,0,0,0,116422320,0,158,0,4,400,6725,0,0,0,0,0,0,0,0,0,0,0,0,0,0,0,0,0,0,0,0,0,0,0,0,0,0,0,0,0,0,0,0,0,0,0,0,0,0,0,0,0,0,0,0,0,0,0,0,0,0,0,0,0,0,580737348,0,0,0,835833902,0,0,0,0,0,0,0,174432786,372997962,693930385,325325502464,144631555,0,0,0,0,0,0,0,0,0,0,0,0,0,0,0,0,0,0,0,0,0,0,0,0,0,0,0,0,0,0,0,1296,0,0,0,0,0,0,0
1782468898.436,0,0,0,0,0,0,0,1458491070,6109887187456,2218670374400,0,0,0,0,0,0,0,0,0,0,0,0,0,0,0,0,0,0,0,0,0,0,0,0,0,0,0,0,0,0,0,0,0,0,0,0,0,0,0,0,0,0,0,0,0,0,0,0,0,0,0,0,0,0,0,0,0,0,7,1917156,374370987,111542304,0,0,0,0,0,0,0,0,0,0,0,0,0,0,0,0,0,0,0,0,0,0,0,0,0,0,0,0,0,0,0,0,0,0,0,0,0,12879151104,2836840448,786080,173146,111461310,254,0,97,786432,372739559,811172,11,7163926142,12884901888,109203,1173728466,0,0,0,0,0,0,0,0,0,0,0,0,0,0,0,0,0,0,38303921,138201915,0,468,1202,7661,620,76608334,35,0,0,0,0,0,0,0,1,0,0,0,0,0,0,0,0,0,0,46803462,0,111461557,1971508,0,0,0,0,0,0,0,0,16384,0,0,0,0,0,0,0,0,0,0,0,6726,400,0,0,0,0,0,116446292,0,158,0,4,400,6726,0,0,0,0,0,0,0,0,0,0,0,0,0,0,0,0,0,0,0,0,0,0,0,0,0,0,0,0,0,0,0,0,0,0,0,0,0,0,0,0,0,0,0,0,0,0,0,0,0,0,0,0,0,0,580838234,0,0,0,835967579,0,0,0,0,0,0,0,174449837,373092387,694059514,325378909696,144640158,1,0,0,0,0,0,0,0,0,0,0,0,0,0,0,0,0,0,0,0,0,0,0,0,0,0,0,0,0,0,0,523,0,0,0,0,0,0,0
1782468899.513,0,0,0,0,0,0,0,1458834430,6111859853824,2219168151040,0,0,0,0,0,0,0,0,0,0,0,0,0,0,0,0,0,0,0,0,0,0,0,0,0,0,0,0,0,0,0,0,0,0,0,0,0,0,0,0,0,0,0,0,0,0,0,0,0,0,0,0,0,0,0,0,0,0,7,1917186,374492347,111567256,0,0,0,0,0,0,0,0,0,0,0,0,0,0,0,0,0,0,0,0,0,0,0,0,0,0,0,0,0,0,0,0,0,0,0,0,0,12883312640,3177955328,786335,193967,111483457,0,0,97,786432,372860448,811172,11,7165655458,12884901888,109358,1173954216,0,0,0,0,0,0,0,0,0,0,0,0,0,0,0,0,0,0,38314086,138212080,0,468,1202,7661,620,76628664,35,0,0,0,0,0,0,0,1,0,0,0,0,0,0,0,0,0,0,46814986,0,111486161,1972017,0,0,0,0,0,0,0,0,16384,0,0,0,0,0,0,0,0,0,0,0,6727,400,0,0,0,0,0,116477183,0,158,0,4,400,6727,0,0,0,0,0,0,0,0,0,0,0,0,0,0,0,0,0,0,0,0,0,0,0,0,0,0,0,0,0,0,0,0,0,0,0,0,0,0,0,0,0,0,0,0,0,0,0,0,0,0,0,0,0,0,580988758,0,0,0,836140110,0,0,0,0,0,0,0,174466521,373212817,694235329,325457048576,144650783,1,0,0,0,0,0,0,0,0,0,0,0,0,0,0,0,0,0,0,0,0,0,0,0,0,0,0,0,0,0,0,276,0,0,0,0,0,0,0
1782468900.594,0,0,0,0,0,0,0,1459196912,6113953581568,2219695020544,0,0,0,0,0,0,0,0,0,0,0,0,0,0,0,0,0,0,0,0,0,0,0,0,0,0,0,0,0,0,0,0,0,0,0,0,0,0,0,0,0,0,0,0,0,0,0,0,0,0,0,0,0,0,0,0,0,0,7,1917211,374621148,111593838,0,0,0,0,0,0,0,0,0,0,0,0,0,0,0,0,0,0,0,0,0,0,0,0,0,0,0,0,0,0,0,0,0,0,0,0,0,12877463552,3466772480,785978,211595,111514397,358,0,97,786432,372988694,811172,11,7167481210,12884901888,109986,1174188870,0,0,0,0,0,0,0,0,0,0,0,0,0,0,0,0,0,0,38324849,138222840,0,468,1202,7661,620,76650189,35,0,0,0,0,0,0,0,1,0,0,0,0,0,0,0,0,0,0,46827179,0,111512852,1972546,0,0,0,0,0,0,0,0,16384,0,0,0,0,0,0,0,0,0,0,0,6729,400,0,0,0,0,0,116509872,0,158,0,4,400,6729,0,0,0,0,0,0,0,0,0,0,0,0,0,0,0,0,0,0,0,0,0,0,0,0,0,0,0,0,0,0,0,0,0,0,0,0,0,0,0,0,0,0,0,0,0,0,0,0,0,0,0,0,0,0,581140504,0,0,0,836320966,0,0,0,0,0,0,0,174486231,373340549,694414155,325536081408,144663373,1,0,0,0,0,0,0,0,0,0,0,0,0,0,0,0,0,0,0,0,0,0,0,0,0,0,0,0,0,0,0,1752,0,0,0,0,0,0,0
1782468901.674,0,0,0,0,0,0,0,1459560787,6116057041408,2220241844736,0,0,0,0,0,0,0,0,0,0,0,0,0,0,0,0,0,0,0,0,0,0,0,0,0,0,0,0,0,0,0,0,0,0,0,0,0,0,0,0,0,0,0,0,0,0,0,0,0,0,0,0,0,0,0,0,0,0,7,1917239,374750568,111621612,0,0,0,0,0,0,0,0,0,0,0,0,0,0,0,0,0,0,0,0,0,0,0,0,0,0,0,0,0,0,0,0,0,0,0,0,0,12876234752,3695689728,785903,225567,111541967,430,0,98,786432,373117526,811172,11,7169316591,12884901888,110867,1174427876,0,0,0,0,0,0,0,0,0,0,0,0,0,0,0,0,0,0,38335656,138233648,0,468,1202,7661,620,76671796,35,0,0,0,0,0,0,0,1,0,0,0,0,0,0,0,0,0,0,46839431,0,111540422,1973068,0,0,0,0,0,0,0,0,16384,0,0,0,0,0,0,0,0,0,0,0,6730,400,0,0,0,0,0,116542670,0,158,0,4,400,6730,0,0,0,0,0,0,0,0,0,0,0,0,0,0,0,0,0,0,0,0,0,0,0,0,0,0,0,0,0,0,0,0,0,0,0,0,0,0,0,0,0,0,0,0,0,0,0,0,0,0,0,0,0,0,581291513,0,0,0,836503825,0,0,0,0,0,0,0,174506661,373468945,694593465,325614855680,144676393,1,0,0,0,0,0,0,0,0,0,0,0,0,0,0,0,0,0,0,0,0,0,0,0,0,0,0,0,0,0,0,1667,0,0,0,0,0,0,0
1782468902.760,0,0,0,0,0,0,0,1459930149,6118190172672,2220803104768,0,0,0,0,0,0,0,0,0,0,0,0,0,0,0,0,0,0,0,0,0,0,0,0,0,0,0,0,0,0,0,0,0,0,0,0,0,0,0,0,0,0,0,0,0,0,0,0,0,0,0,0,0,0,0,0,0,0,7,1917263,374881781,111650163,0,0,0,0,0,0,0,0,0,0,0,0,0,0,0,0,0,0,0,0,0,0,0,0,0,0,0,0,0,0,0,0,0,0,0,0,0,12876251136,3889020928,785904,237367,111570289,433,0,96,786432,373248172,811172,11,7171179468,12884901888,111556,1174669644,0,0,0,0,0,0,0,0,0,0,0,0,0,0,0,0,0,0,38346632,138244623,0,468,1202,7661,620,76693751,35,0,0,0,0,0,0,0,1,0,0,0,0,0,0,0,0,0,0,46851872,0,111568744,1973587,0,0,0,0,0,0,0,0,16384,0,0,0,0,0,0,0,0,0,0,0,6731,401,0,0,0,0,0,116576076,0,159,0,4,401,6731,0,0,0,0,1,0,0,0,0,0,0,0,0,0,0,0,0,0,0,0,0,0,0,0,0,0,0,0,0,0,0,0,0,0,0,0,0,0,0,0,0,0,0,0,0,0,0,0,0,0,0,0,0,0,581445001,0,0,0,836689364,0,0,0,0,0,0,0,174527094,373599038,694776004,325694823936,144689491,1,0,0,0,0,0,0,0,0,0,0,0,0,0,0,0,0,0,0,0,0,0,0,0,0,0,0,0,0,0,0,1741,0,0,0,0,0,0,0
1782468903.842,0,0,0,0,0,0,0,1460285800,6120242268672,2221358500864,0,0,0,0,0,0,0,0,0,0,0,0,0,0,0,0,0,0,0,0,0,0,0,0,0,0,0,0,0,0,0,0,0,0,0,0,0,0,0,0,0,0,0,0,0,0,0,0,0,0,0,0,0,0,0,0,0,0,7,1917289,375008057,111678501,0,0,0,0,0,0,0,0,0,0,0,0,0,0,0,0,0,0,0,0,0,0,0,0,0,0,0,0,0,0,0,0,0,0,0,0,0,12877316096,4046864384,785969,247000,111598153,366,0,96,786432,373373983,811172,11,7172974474,12884901888,113235,1174903789,0,0,0,0,0,0,0,0,0,0,0,0,0,0,0,0,0,0,38357191,138255182,0,468,1202,7661,620,76714876,35,0,0,0,0,0,0,0,1,0,0,0,0,0,0,0,0,0,0,46863824,0,111596608,1974067,0,0,0,0,0,0,0,0,16384,0,0,0,0,0,0,0,0,0,0,0,6732,401,0,0,0,0,0,116608165,0,159,0,4,401,6732,0,0,0,0,0,0,0,0,0,0,0,0,0,0,0,0,0,0,0,0,0,0,0,0,0,0,0,0,0,0,0,0,0,0,0,0,0,0,0,0,0,0,0,0,0,0,0,0,0,0,0,0,0,0,581595362,0,0,0,836868453,0,0,0,0,0,0,0,174548156,373724257,694955414,325773034496,144703306,1,0,0,0,0,0,0,0,0,0,0,0,0,0,0,0,0,0,0,0,0,0,0,0,0,0,0,0,0,0,0,1414,0,0,0,0,0,0,0
1782468904.925,0,0,0,0,0,0,0,1460644967,6122317007360,2221928331776,0,0,0,0,0,0,0,0,0,0,0,0,0,0,0,0,0,0,0,0,0,0,0,0,0,0,0,0,0,0,0,0,0,0,0,0,0,0,0,0,0,0,0,0,0,0,0,0,0,0,0,0,0,0,0,0,0,0,7,1917322,375135716,111707674,0,0,0,0,0,0,0,0,0,0,0,0,0,0,0,0,0,0,0,0,0,0,0,0,0,0,0,0,0,0,0,0,0,0,0,0,0,12881018880,4181442560,786195,255215,111627033,143,0,97,786432,373501087,811172,11,7174788887,12884901888,114192,1175141946,0,0,0,0,0,0,0,0,0,0,0,0,0,0,0,0,0,0,38367856,138265847,0,468,1202,7661,620,76736201,35,0,0,0,0,0,0,0,1,0,0,0,0,0,0,0,0,0,0,46875906,0,111625539,1974562,0,0,0,0,0,0,0,0,16384,0,0,0,0,0,0,0,0,0,0,0,6733,401,0,0,0,0,0,116640566,0,159,0,4,401,6733,0,0,0,0,0,0,0,0,0,0,0,0,0,0,0,0,0,0,0,0,0,0,0,0,0,0,0,0,0,0,0,0,0,0,0,0,0,0,0,0,0,0,0,0,0,0,0,0,0,0,0,0,0,0,581747468,0,0,0,837049805,0,0,0,0,0,0,0,174568406,373850910,695137182,325852052480,144716044,1,1,0,0,0,0,0,0,0,0,0,0,0,0,0,0,0,0,0,0,0,0,0,0,0,0,0,0,0,0,0,368,0,0,0,0,0,0,0
1782468906.008,0,0,0,0,0,0,0,1460999546,6124359551488,2222493761024,0,0,0,0,0,0,0,0,0,0,0,0,0,0,0,0,0,0,0,0,0,0,0,0,0,0,0,0,0,0,0,0,0,0,0,0,0,0,0,0,0,0,0,0,0,0,0,0,0,0,0,0,0,0,0,0,0,0,7,1917345,375261418,111736711,0,0,0,0,0,0,0,0,0,0,0,0,0,0,0,0,0,0,0,0,0,0,0,0,0,0,0,0,0,0,0,0,0,0,0,0,0,12878462976,4300013568,786039,262452,111655661,295,0,97,786432,373626272,811172,11,7176576911,12884901888,116051,1175374371,0,0,0,0,0,0,0,0,0,0,0,0,0,0,0,0,0,0,38378366,138276358,0,468,1202,7661,620,76757229,35,0,0,0,0,0,0,0,1,0,0,0,0,0,0,0,0,0,0,46887811,0,111654116,1975052,0,0,0,0,0,0,0,0,16384,0,0,0,0,0,0,0,0,0,0,0,6734,401,0,0,0,0,0,116672548,0,159,0,4,401,6734,0,0,0,0,0,0,0,0,0,0,0,0,0,0,0,0,0,0,0,0,0,0,0,0,0,0,0,0,0,0,0,0,0,0,0,0,0,0,0,0,0,0,0,0,0,0,0,0,0,0,0,0,0,0,581895075,0,0,0,837227684,0,0,0,0,0,0,0,174588304,373975499,695314556,325929020928,144728514,0,1,0,0,0,0,0,0,0,0,0,0,0,0,0,0,0,0,0,0,0,0,0,0,0,0,0,0,0,0,0,634,0,0,0,0,0,0,0
1782468907.089,0,0,0,0,0,0,0,1461349039,6126371965440,2223062741504,0,0,0,0,0,0,0,0,0,0,0,0,0,0,0,0,0,0,0,0,0,0,0,0,0,0,0,0,0,0,0,0,0,0,0,0,0,0,0,0,0,0,0,0,0,0,0,0,0,0,0,0,0,0,0,0,0,0,7,1917367,375385229,111765974,0,0,0,0,0,0,0,0,0,0,0,0,0,0,0,0,0,0,0,0,0,0,0,0,0,0,0,0,0,0,0,0,0,0,0,0,0,12877053952,4397236224,785953,268387,111684078,378,0,99,786432,373749581,811172,11,7178336987,12884901888,118442,1175603008,0,0,0,0,0,0,0,0,0,0,0,0,0,0,0,0,0,0,38388741,138286734,0,468,1202,7661,620,76777975,35,0,0,0,0,0,0,0,1,0,0,0,0,0,0,0,0,0,0,46899574,0,111682603,1975521,0,0,0,0,0,0,0,0,16384,0,0,0,0,0,0,0,0,0,0,0,6735,401,0,0,0,0,0,116704046,0,159,0,4,401,6735,0,0,0,0,0,0,0,0,0,0,0,0,0,0,0,0,0,0,0,0,0,0,0,0,0,0,0,0,0,0,0,0,0,0,0,0,0,0,0,0,0,0,0,0,0,0,0,0,0,0,0,0,0,0,582042655,0,0,0,837403480,0,0,0,0,0,0,0,174609218,374098346,695492409,326005742080,144741880,1,0,0,0,0,0,0,0,0,0,0,0,0,0,0,0,0,0,0,0,0,0,0,0,0,0,0,0,0,0,0,439,0,0,0,0,0,0,0
1782468908.171,0,0,0,0,0,0,0,1461697358,6128380807680,2223650852352,0,0,0,0,0,0,0,0,0,0,0,0,0,0,0,0,0,0,0,0,0,0,0,0,0,0,0,0,0,0,0,0,0,0,0,0,0,0,0,0,0,0,0,0,0,0,0,0,0,0,0,0,0,0,0,0,0,0,7,1917397,375508793,111796479,0,0,0,0,0,0,0,0,0,0,0,0,0,0,0,0,0,0,0,0,0,0,0,0,0,0,0,0,0,0,0,0,0,0,0,0,0,12878987264,4470915072,786071,272883,111714069,265,0,96,786432,373872621,811172,11,7180090646,12884901888,119865,1175828790,0,0,0,0,0,0,0,0,0,0,0,0,0,0,0,0,0,0,38399088,138297078,0,468,1202,7661,620,76798661,35,0,0,0,0,0,0,0,1,0,0,0,0,0,0,0,0,0,0,46911286,0,111712588,1975990,0,0,0,0,0,0,0,0,16384,0,0,0,0,0,0,0,0,0,0,0,6736,401,0,0,0,0,0,116735496,0,159,0,4,401,6736,0,0,0,0,0,0,0,0,0,0,0,0,0,0,0,0,0,0,0,0,0,0,0,0,0,0,0,0,0,0,0,0,0,0,0,0,0,0,0,0,0,0,0,0,0,0,0,0,0,0,0,0,0,0,582189168,0,0,0,837577703,0,0,0,0,0,0,0,174628950,374220899,695670112,326082045440,144754336,1,0,0,0,0,0,0,0,0,0,0,0,0,0,0,0,0,0,0,0,0,0,0,0,0,0,0,0,0,0,0,1288,0,0,0,0,0,0,0
1782468909.253,0,0,0,0,0,0,0,1462032190,6130308696576,2224219008000,0,0,0,0,0,0,0,0,0,0,0,0,0,0,0,0,0,0,0,0,0,0,0,0,0,0,0,0,0,0,0,0,0,0,0,0,0,0,0,0,0,0,0,0,0,0,0,0,0,0,0,0,0,0,0,0,0,0,7,1917418,375627397,111825924,0,0,0,0,0,0,0,0,0,0,0,0,0,0,0,0,0,0,0,0,0,0,0,0,0,0,0,0,0,0,0,0,0,0,0,0,0,12876546048,4538073088,785923,276982,111743191,416,0,97,786432,373990696,811172,11,7181780351,12884901888,121426,1176049826,0,0,0,0,0,0,0,0,0,0,0,0,0,0,0,0,0,0,38409004,138306996,0,468,1202,7661,620,76818504,35,0,0,0,0,0,0,0,1,0,0,0,0,0,0,0,0,0,0,46922522,0,111741646,1976437,0,0,0,0,0,0,0,0,16384,0,0,0,0,0,0,0,0,0,0,0,6738,401,0,0,0,0,0,116765618,0,159,0,4,401,6738,0,0,0,0,0,0,0,0,0,0,0,0,0,0,0,0,0,0,0,0,0,0,0,0,0,0,0,0,0,0,0,0,0,0,0,0,0,0,0,0,0,0,0,0,0,0,0,0,0,0,0,0,0,0,582331421,0,0,0,837746432,0,0,0,0,0,0,0,174646579,374338522,695842402,326156154880,144765307,1,0,0,0,0,0,0,0,0,0,0,0,0,0,0,0,0,0,0,0,0,0,0,0,0,0,0,0,0,0,0,629,0,0,0,0,0,0,0
1782468910.344,0,0,0,0,0,0,0,1462357901,6132190874112,2224773870080,0,0,0,0,0,0,0,0,0,0,0,0,0,0,0,0,0,0,0,0,0,0,0,0,0,0,0,0,0,0,0,0,0,0,0,0,0,0,0,0,0,0,0,0,0,0,0,0,0,0,0,0,0,0,0,0,0,0,7,1917434,375743185,111854612,0,0,0,0,0,0,0,0,0,0,0,0,0,0,0,0,0,0,0,0,0,0,0,0,0,0,0,0,0,0,0,0,0,0,0,0,0,12878495744,4605116416,786041,281074,111771338,295,0,96,786432,374105968,811172,11,7183420793,12884901888,123331,1176261799,0,0,0,0,0,0,0,0,0,0,0,0,0,0,0,0,0,0,38418675,138316668,0,468,1202,7661,620,76837846,35,0,0,0,0,0,0,0,1,0,0,0,0,0,0,0,0,0,0,46933483,0,111769793,1976866,0,0,0,0,0,0,0,0,16384,0,0,0,0,0,0,0,0,0,0,0,6739,401,0,0,0,0,0,116795019,0,159,0,4,401,6739,0,0,0,0,0,0,0,0,0,0,0,0,0,0,0,0,0,0,0,0,0,0,0,0,0,0,0,0,0,0,0,0,0,0,0,0,0,0,0,0,0,0,0,0,0,0,0,0,0,0,0,0,0,0,582470843,0,0,0,837909431,0,0,0,0,0,0,0,174664203,374453408,696011289,326228444160,144776508,1,1,0,0,0,0,0,0,0,0,0,0,0,0,0,0,0,0,0,0,0,0,0,0,0,0,0,0,0,0,0,1332,0,0,0,0,0,0,0
1782468911.431,0,0,0,0,0,0,0,1462663537,6133953579520,2225342520832,0,0,0,0,0,0,0,0,0,0,0,0,0,0,0,0,0,0,0,0,0,0,0,0,0,0,0,0,0,0,0,0,0,0,0,0,0,0,0,0,0,0,0,0,0,0,0,0,0,0,0,0,0,0,0,0,0,0,7,1917463,375851617,111884352,0,0,0,0,0,0,0,0,0,0,0,0,0,0,0,0,0,0,0,0,0,0,0,0,0,0,0,0,0,0,0,0,0,0,0,0,0,12879593472,4619616256,786108,281959,111798354,212,0,112,786432,374213877,811172,11,7184960030,12884901888,124972,1176461710,0,0,0,0,0,0,0,0,0,0,0,0,0,0,0,0,0,0,38427753,138325744,0,468,1202,7661,620,76855986,35,0,0,0,0,0,0,0,1,0,0,0,0,0,0,0,0,0,0,46943763,0,111799037,1977262,0,0,0,0,0,0,0,0,16384,0,0,0,0,0,0,0,0,0,0,0,6740,401,0,0,0,0,0,116822576,0,159,0,4,401,6740,0,0,0,0,0,0,0,0,0,0,0,0,0,0,0,0,0,0,0,0,0,0,0,0,0,0,0,0,0,0,0,0,0,0,0,0,0,0,0,0,0,0,0,0,0,0,0,0,0,0,0,0,0,0,582605990,0,0,0,838062727,0,0,0,0,0,0,0,174679460,374560982,696176866,326298677248,144786915,1,0,0,0,0,0,0,0,0,0,0,0,0,0,0,0,0,0,0,0,0,0,0,0,0,0,0,0,0,0,0,1541,0,0,0,0,0,0,0
1782468912.514,0,0,0,0,0,0,0,1462994092,6135856826880,2225958025728,0,0,0,0,0,0,0,0,0,0,0,0,0,0,0,0,0,0,0,0,0,0,0,0,0,0,0,0,0,0,0,0,0,0,0,0,0,0,0,0,0,0,0,0,0,0,0,0,0,0,0,0,0,0,0,0,0,0,7,1917491,375968738,111916819,0,0,0,0,0,0,0,0,0,0,0,0,0,0,0,0,0,0,0,0,0,0,0,0,0,0,0,0,0,0,0,0,0,0,0,0,0,12883132416,4628938752,786325,282528,111827137,10,0,97,786432,374330450,811172,11,7186626172,12884901888,126668,1176677339,0,0,0,0,0,0,0,0,0,0,0,0,0,0,0,0,0,0,38437582,138335576,0,468,1202,7661,620,76875655,35,0,0,0,0,0,0,0,1,0,0,0,0,0,0,0,0,0,0,46954891,0,111830570,1977717,0,0,0,0,0,0,0,0,16384,0,0,0,0,0,0,0,0,0,0,0,6741,401,0,0,0,0,0,116852454,0,159,0,4,401,6741,0,0,0,0,0,0,0,0,0,0,0,0,0,0,0,0,0,0,0,0,0,0,0,0,0,0,0,0,0,0,0,0,0,0,0,0,0,0,0,0,0,0,0,0,0,0,0,0,0,0,0,0,0,0,582745237,0,0,0,838229046,0,0,0,0,0,0,0,174698825,374677115,696349341,326371164672,144799223,1,1,0,0,0,0,0,0,0,0,0,0,0,0,0,0,0,0,0,0,0,0,0,0,0,0,0,0,0,0,0,1274,0,0,0,0,0,0,0
1782468913.597,0,0,0,0,0,0,0,1463323466,6137750325760,2226544780800,0,0,0,0,0,0,0,0,0,0,0,0,0,0,0,0,0,0,0,0,0,0,0,0,0,0,0,0,0,0,0,0,0,0,0,0,0,0,0,0,0,0,0,0,0,0,0,0,0,0,0,0,0,0,0,0,0,0,7,1917518,376085251,111947541,0,0,0,0,0,0,0,0,0,0,0,0,0,0,0,0,0,0,0,0,0,0,0,0,0,0,0,0,0,0,0,0,0,0,0,0,0,12877021184,4661968896,785950,284544,111862340,383,0,97,786432,374446408,811172,11,7188284095,12884901888,128968,1176892268,0,0,0,0,0,0,0,0,0,0,0,0,0,0,0,0,0,0,38447335,138345328,0,468,1202,7661,620,76895157,35,0,0,0,0,0,0,0,1,0,0,0,0,0,0,0,0,0,0,46965930,0,111860847,1978161,0,0,0,0,0,0,0,0,16384,0,0,0,0,0,0,0,0,0,0,0,6742,401,0,0,0,0,0,116882070,0,159,0,4,401,6742,0,0,0,0,0,0,0,0,0,0,0,0,0,0,0,0,0,0,0,0,0,0,0,0,0,0,0,0,0,0,0,0,0,0,0,0,0,0,0,0,0,0,0,0,0,0,0,0,0,0,0,0,0,0,582883631,0,0,0,838394203,0,0,0,0,0,0,0,174718433,374792673,696519380,326443292672,144811537,1,0,0,0,0,0,0,0,0,0,0,0,0,0,0,0,0,0,0,0,0,0,0,0,0,0,0,0,0,0,0,1695,0,0,0,0,0,0,0
1782468914.680,0,0,0,0,0,0,0,1463656704,6139664665088,2227148460032,0,0,0,0,0,0,0,0,0,0,0,0,0,0,0,0,0,0,0,0,0,0,0,0,0,0,0,0,0,0,0,0,0,0,0,0,0,0,0,0,0,0,0,0,0,0,0,0,0,0,0,0,0,0,0,0,0,0,7,1917542,376203027,111979256,0,0,0,0,0,0,0,0,0,0,0,0,0,0,0,0,0,0,0,0,0,0,0,0,0,0,0,0,0,0,0,0,0,0,0,0,0,12877660160,4697604096,785990,286719,111893326,346,0,96,786432,374563656,811172,11,7189965930,12884901888,131210,1177113021,0,0,0,0,0,0,0,0,0,0,0,0,0,0,0,0,0,0,38457222,138355216,0,468,1202,7661,620,76914927,35,0,0,0,0,0,0,0,1,0,0,0,0,0,0,0,0,0,0,46977115,0,111891833,1978611,0,0,0,0,0,0,0,0,16384,0,0,0,0,0,0,0,0,0,0,0,6743,401,0,0,0,0,0,116912102,0,159,0,4,401,6743,0,0,0,0,0,0,0,0,0,0,0,0,0,0,0,0,0,0,0,0,0,0,0,0,0,0,0,0,0,0,0,0,0,0,0,0,0,0,0,0,0,0,0,0,0,0,0,0,0,0,0,0,0,0,583024597,0,0,0,838562583,0,0,0,0,0,0,0,174737553,374909461,696692890,326516545536,144823337,1,0,0,0,0,0,0,0,0,0,0,0,0,0,0,0,0,0,0,0,0,0,0,0,0,0,0,0,0,0,0,646,0,0,0,0,0,0,0
1782468915.769,0,0,0,0,0,0,0,1463991385,6141591996928,2227754877952,0,0,0,0,0,0,0,0,0,0,0,0,0,0,0,0,0,0,0,0,0,0,0,0,0,0,0,0,0,0,0,0,0,0,0,0,0,0,0,0,0,0,0,0,0,0,0,0,0,0,0,0,0,0,0,0,0,0,7,1917565,376321576,112011086,0,0,0,0,0,0,0,0,0,0,0,0,0,0,0,0,0,0,0,0,0,0,0,0,0,0,0,0,0,0,0,0,0,0,0,0,0,12876414976,4737744896,785915,289169,111924643,423,0,96,786432,374681630,811172,11,7191652729,12884901888,132816,1177331987,0,0,0,0,0,0,0,0,0,0,0,0,0,0,0,0,0,0,38467146,138365136,0,468,1202,7661,620,76934786,35,0,0,0,0,0,0,0,1,0,0,0,0,0,0,0,0,0,0,46988332,0,111923150,1979065,0,0,0,0,0,0,0,0,16384,0,0,0,0,0,0,0,0,0,0,0,6744,401,0,0,0,0,0,116942256,0,159,0,4,401,6744,0,0,0,0,0,0,0,0,0,0,0,0,0,0,0,0,0,0,0,0,0,0,0,0,0,0,0,0,0,0,0,0,0,0,0,0,0,0,0,0,0,0,0,0,0,0,0,0,0,0,0,0,0,0,583164897,0,0,0,838730620,0,0,0,0,0,0,0,174757431,375027037,696865736,326589641216,144835774,1,1,0,0,0,0,0,0,0,0,0,0,0,0,0,0,0,0,0,0,0,0,0,0,0,0,0,0,0,0,0,661,0,0,0,0,0,0,0
1782468916.857,0,0,0,0,0,0,0,1464324207,6143504353792,2228358634496,0,0,0,0,0,0,0,0,0,0,0,0,0,0,0,0,0,0,0,0,0,0,0,0,0,0,0,0,0,0,0,0,0,0,0,0,0,0,0,0,0,0,0,0,0,0,0,0,0,0,0,0,0,0,0,0,0,0,7,1917583,376439258,112042756,0,0,0,0,0,0,0,0,0,0,0,0,0,0,0,0,0,0,0,0,0,0,0,0,0,0,0,0,0,0,0,0,0,0,0,0,0,12880068608,4781129728,786138,291816,111955599,199,0,96,786432,374798761,811172,11,7193327147,12884901888,134950,1177547178,0,0,0,0,0,0,0,0,0,0,0,0,0,0,0,0,0,0,38477031,138375024,0,468,1202,7661,620,76954548,35,0,0,0,0,0,0,0,1,0,0,0,0,0,0,0,0,0,0,46999540,0,111954106,1979508,0,0,0,0,0,0,0,0,16384,0,0,0,0,0,0,0,0,0,0,0,6745,401,0,0,0,0,0,116972316,0,159,0,4,401,6745,0,0,0,0,0,0,0,0,0,0,0,0,0,0,0,0,0,0,0,0,0,0,0,0,0,0,0,0,0,0,0,0,0,0,0,0,0,0,0,0,0,0,0,0,0,0,0,0,0,0,0,0,0,0,583305235,0,0,0,838896680,0,0,0,0,0,0,0,174776926,375143687,697038609,326662727680,144848133,1,0,0,0,0,0,0,0,0,0,0,0,0,0,0,0,0,0,0,0,0,0,0,0,0,0,0,0,0,0,0,1957,0,0,0,0,0,0,0
1782468917.948,0,0,0,0,0,0,0,1464655135,6145416366592,2228963953152,0,0,0,0,0,0,0,0,0,0,0,0,0,0,0,0,0,0,0,0,0,0,0,0,0,0,0,0,0,0,0,0,0,0,0,0,0,0,0,0,0,0,0,0,0,0,0,0,0,0,0,0,0,0,0,0,0,0,7,1917604,376556874,112074571,0,0,0,0,0,0,0,0,0,0,0,0,0,0,0,0,0,0,0,0,0,0,0,0,0,0,0,0,0,0,0,0,0,0,0,0,0,12881035264,4824907776,786196,294489,111986871,131,0,102,786432,374915864,811172,11,7194996110,12884901888,136637,1177765582,0,0,0,0,0,0,0,0,0,0,0,0,0,0,0,0,0,0,38486847,138384839,0,468,1202,7661,620,76974187,35,0,0,0,0,0,0,0,1,0,0,0,0,0,0,0,0,0,0,47010655,0,111985378,1979948,0,0,0,0,0,0,0,0,16384,0,0,0,0,0,0,0,0,0,0,0,6746,401,0,0,0,0,0,117002115,0,159,0,4,401,6746,0,0,0,0,0,0,0,0,0,0,0,0,0,0,0,0,0,0,0,0,0,0,0,0,0,0,0,0,0,0,0,0,0,0,0,0,0,0,0,0,0,0,0,0,0,0,0,0,0,0,0,0,0,0,583445021,0,0,0,839063061,0,0,0,0,0,0,0,174796123,375260326,697210899,326735377408,144860251,0,0,0,0,0,0,0,0,0,0,0,0,0,0,0,0,0,0,0,0,0,0,0,0,0,0,0,0,0,0,0,1689,0,0,0,0,0,0,0
1782468919.037,0,0,0,0,0,0,0,1464971167,6147239168512,2229541937152,0,0,0,0,0,0,0,0,0,0,0,0,0,0,0,0,0,0,0,0,0,0,0,0,0,0,0,0,0,0,0,0,0,0,0,0,0,0,0,0,0,0,0,0,0,0,0,0,0,0,0,0,0,0,0,0,0,0,7,1917627,376669030,112104852,0,0,0,0,0,0,0,0,0,0,0,0,0,0,0,0,0,0,0,0,0,0,0,0,0,0,0,0,0,0,0,0,0,0,0,0,0,12881739776,4867440640,786239,297085,112016405,97,0,97,786432,375027552,811172,11,7196591146,12884901888,138597,1177975020,0,0,0,0,0,0,0,0,0,0,0,0,0,0,0,0,0,0,38496211,138394202,0,468,1202,7661,620,76992914,35,0,0,0,0,0,0,0,1,0,0,0,0,0,0,0,0,0,0,47021279,0,112014912,1980358,0,0,0,0,0,0,0,0,16384,0,0,0,0,0,0,0,0,0,0,0,6747,401,0,0,0,0,0,117030617,0,159,0,4,401,6747,0,0,0,0,0,0,0,0,0,0,0,0,0,0,0,0,0,0,0,0,0,0,0,0,0,0,0,0,0,0,0,0,0,0,0,0,0,0,0,0,0,0,0,0,0,0,0,0,0,0,0,0,0,0,583581268,0,0,0,839222736,0,0,0,0,0,0,0,174814410,375371574,697378291,326806138880,144872208,1,0,0,0,0,0,0,0,0,0,0,0,0,0,0,0,0,0,0,0,0,0,0,0,0,0,0,0,0,0,0,496,0,0,0,0,0,0,0
1782468920.124,0,0,0,0,0,0,0,1465271548,6148961552896,2230097558016,0,0,0,0,0,0,0,0,0,0,0,0,0,0,0,0,0,0,0,0,0,0,0,0,0,0,0,0,0,0,0,0,0,0,0,0,0,0,0,0,0,0,0,0,0,0,0,0,0,0,0,0,0,0,0,0,0,0,7,1917642,376774980,112133876,0,0,0,0,0,0,0,0,0,0,0,0,0,0,0,0,0,0,0,0,0,0,0,0,0,0,0,0,0,0,0,0,0,0,0,0,0,12877070336,4902109184,785954,299201,112044594,382,0,97,786432,375133042,811172,11,7198098981,12884901888,141324,1178168431,0,0,0,0,0,0,0,0,0,0,0,0,0,0,0,0,0,0,38505113,138403106,0,468,1202,7661,620,77010723,35,0,0,0,0,0,0,0,1,0,0,0,0,0,0,0,0,0,0,47031367,0,112043101,1980751,0,0,0,0,0,0,0,0,16384,0,0,0,0,0,0,0,0,0,0,0,6748,401,0,0,0,0,0,117057705,0,159,0,4,401,6748,0,0,0,0,0,0,0,0,0,0,0,0,0,0,0,0,0,0,0,0,0,0,0,0,0,0,0,0,0,0,0,0,0,0,0,0,0,0,0,0,0,0,0,0,0,0,0,0,0,0,0,0,0,0,583715333,0,0,0,839372257,0,0,0,0,0,0,0,174829524,375476663,697542357,326875440128,144881899,0,0,0,0,0,0,0,0,0,0,0,0,0,0,0,0,0,0,0,0,0,0,0,0,0,0,0,0,0,0,0,1713,0,0,0,0,0,0,0
1782468921.210,0,0,0,0,0,0,0,1465591039,6150804720128,2230676451840,0,0,0,0,0,0,0,0,0,0,0,0,0,0,0,0,0,0,0,0,0,0,0,0,0,0,0,0,0,0,0,0,0,0,0,0,0,0,0,0,0,0,0,0,0,0,0,0,0,0,0,0,0,0,0,0,0,0,7,1917666,376888352,112164261,0,0,0,0,0,0,0,0,0,0,0,0,0,0,0,0,0,0,0,0,0,0,0,0,0,0,0,0,0,0,0,0,0,0,0,0,0,12879691776,4945985536,786113,301879,112074028,224,0,98,786432,375245915,811172,11,7199709953,12884901888,144645,1178378778,0,0,0,0,0,0,0,0,0,0,0,0,0,0,0,0,0,0,38514574,138412566,0,468,1202,7661,620,77029650,35,0,0,0,0,0,0,0,1,0,0,0,0,0,0,0,0,0,0,47042077,0,112072535,1981173,0,0,0,0,0,0,0,0,16384,0,0,0,0,0,0,0,0,0,0,0,6749,401,0,0,0,0,0,117086414,0,159,0,4,401,6749,0,0,0,0,0,0,0,0,0,0,0,0,0,0,0,0,0,0,0,0,0,0,0,0,0,0,0,0,0,0,0,0,0,0,0,0,0,0,0,0,0,0,0,0,0,0,0,0,0,0,0,0,0,0,583850863,0,0,0,839532879,0,0,0,0,0,0,0,174848755,375589184,697709416,326946009600,144894205,1,0,0,0,0,0,0,0,0,0,0,0,0,0,0,0,0,0,0,0,0,0,0,0,0,0,0,0,0,0,0,1326,0,0,0,0,0,0,0
1782468922.301,0,0,0,0,0,0,0,1465931573,6152762427904,2231284826624,0,0,0,0,0,0,0,0,0,0,0,0,0,0,0,0,0,0,0,0,0,0,0,0,0,0,0,0,0,0,0,0,0,0,0,0,0,0,0,0,0,0,0,0,0,0,0,0,0,0,0,0,0,0,0,0,0,0,7,1917691,377008807,112196112,0,0,0,0,0,0,0,0,0,0,0,0,0,0,0,0,0,0,0,0,0,0,0,0,0,0,0,0,0,0,0,0,0,0,0,0,0,12880429056,4994859008,786159,304862,112105361,175,0,97,786432,375365815,811172,11,7201428450,12884901888,146229,1178604691,0,0,0,0,0,0,0,0,0,0,0,0,0,0,0,0,0,0,38524696,138422687,0,468,1202,7661,620,77049884,35,0,0,0,0,0,0,0,1,0,0,0,0,0,0,0,0,0,0,47053548,0,112103868,1981616,0,0,0,0,0,0,0,0,16384,0,0,0,0,0,0,0,0,0,0,0,6751,401,0,0,0,0,0,117117168,0,159,0,4,401,6751,0,0,0,0,0,0,0,0,0,0,0,0,0,0,0,0,0,0,0,0,0,0,0,0,0,0,0,0,0,0,0,0,0,0,0,0,0,0,0,0,0,0,0,0,0,0,0,0,0,0,0,0,0,0,583993843,0,0,0,839704913,0,0,0,0,0,0,0,174868591,375708608,697884966,327020424704,144906807,1,0,0,0,0,0,0,0,0,0,0,0,0,0,0,0,0,0,0,0,0,0,0,0,0,0,0,0,0,0,0,343,0,0,0,0,0,0,0
1782468923.390,0,0,0,0,0,0,0,1466259385,6154646538752,2231898543104,0,0,0,0,0,0,0,0,0,0,0,0,0,0,0,0,0,0,0,0,0,0,0,0,0,0,0,0,0,0,0,0,0,0,0,0,0,0,0,0,0,0,0,0,0,0,0,0,0,0,0,0,0,0,0,0,0,0,7,1917724,377124740,112228453,0,0,0,0,0,0,0,0,0,0,0,0,0,0,0,0,0,0,0,0,0,0,0,0,0,0,0,0,0,0,0,0,0,0,0,0,0,12879659008,5014847488,786112,306083,112135705,225,0,97,786432,375481212,811172,11,7203080119,12884901888,148165,1178819289,0,0,0,0,0,0,0,0,0,0,0,0,0,0,0,0,0,0,38534422,138432408,0,468,1202,7661,620,77069333,35,0,0,0,0,0,0,0,1,0,0,0,0,0,0,0,0,0,0,47064558,0,112135492,1982057,0,0,0,0,0,0,0,0,16384,0,0,0,0,0,0,0,0,0,0,0,6752,401,0,0,0,0,0,117146757,0,159,0,4,401,6752,0,0,0,0,0,0,0,0,0,0,0,0,0,0,0,0,0,0,0,0,0,0,0,0,0,0,0,0,0,0,0,0,0,0,0,0,0,0,0,0,0,0,0,0,0,0,0,0,0,0,0,0,0,0,584132601,0,0,0,839869216,0,0,0,0,0,0,0,174888532,375823517,698056956,327092619776,144919665,0,0,0,0,0,0,0,0,0,0,0,0,0,0,0,0,0,0,0,0,0,0,0,0,0,0,0,0,0,0,0,691,0,0,0,0,0,0,0
1782468924.474,0,0,0,0,0,0,0,1466584903,6156522015232,2232525130240,0,0,0,0,0,0,0,0,0,0,0,0,0,0,0,0,0,0,0,0,0,0,0,0,0,0,0,0,0,0,0,0,0,0,0,0,0,0,0,0,0,0,0,0,0,0,0,0,0,0,0,0,0,0,0,0,0,0,7,1917747,377240085,112261543,0,0,0,0,0,0,0,0,0,0,0,0,0,0,0,0,0,0,0,0,0,0,0,0,0,0,0,0,0,0,0,0,0,0,0,0,0,12878675968,5013389312,786051,305993,112165796,282,0,98,786432,375596072,811172,11,7204720660,12884901888,149986,1179032747,0,0,0,0,0,0,0,0,0,0,0,0,0,0,0,0,0,0,38544082,138442073,0,468,1202,7661,620,77088653,35,0,0,0,0,0,0,0,1,0,0,0,0,0,0,0,0,0,0,47075499,0,112168008,1982502,0,0,0,0,0,0,0,0,16384,0,0,0,0,0,0,0,0,0,0,0,6753,401,0,0,0,0,0,117176106,0,159,0,4,401,6753,0,0,0,0,0,0,0,0,0,0,0,0,0,0,0,0,0,0,0,0,0,0,0,0,0,0,0,0,0,0,0,0,0,0,0,0,0,0,0,0,0,0,0,0,0,0,0,0,0,0,0,0,0,0,584270249,0,0,0,840032800,0,0,0,0,0,0,0,174907885,375937909,698228470,327164170240,144931876,1,0,0,0,0,0,0,0,0,0,0,0,0,0,0,0,0,0,0,0,0,0,0,0,0,0,0,0,0,0,0,536,0,0,0,0,0,0,0
1782468925.554,0,0,0,0,0,0,0,1466917344,6158432356864,2233128439808,0,0,0,0,0,0,0,0,0,0,0,0,0,0,0,0,0,0,0,0,0,0,0,0,0,0,0,0,0,0,0,0,0,0,0,0,0,0,0,0,0,0,0,0,0,0,0,0,0,0,0,0,0,0,0,0,0,0,7,1917764,377357627,112293331,0,0,0,0,0,0,0,0,0,0,0,0,0,0,0,0,0,0,0,0,0,0,0,0,0,0,0,0,0,0,0,0,0,0,0,0,0,12880330752,5038424064,786153,307521,112200530,182,0,96,786432,375713094,811172,11,7206394307,12884901888,152191,1179249131,0,0,0,0,0,0,0,0,0,0,0,0,0,0,0,0,0,0,38553927,138451919,0,468,1202,7661,620,77108345,35,0,0,0,0,0,0,0,1,0,0,0,0,0,0,0,0,0,0,47086652,0,112199037,1982932,0,0,0,0,0,0,0,0,16384,0,0,0,0,0,0,0,0,0,0,0,6754,401,0,0,0,0,0,117206047,0,159,0,4,401,6754,0,0,0,0,0,0,0,0,0,0,0,0,0,0,0,0,0,0,0,0,0,0,0,0,0,0,0,0,0,0,0,0,0,0,0,0,0,0,0,0,0,0,0,0,0,0,0,0,0,0,0,0,0,0,584408792,0,0,0,840199318,0,0,0,0,0,0,0,174927629,376054405,698399696,327236186112,144944369,0,0,0,0,0,0,0,0,0,0,0,0,0,0,0,0,0,0,0,0,0,0,0,0,0,0,0,0,0,0,0,909,0,0,0,0,0,0,0
1782468926.638,0,0,0,0,0,0,0,1467248602,6160340191744,2233720282112,0,0,0,0,0,0,0,0,0,0,0,0,0,0,0,0,0,0,0,0,0,0,0,0,0,0,0,0,0,0,0,0,0,0,0,0,0,0,0,0,0,0,0,0,0,0,0,0,0,0,0,0,0,0,0,0,0,0,7,1917785,377475000,112324357,0,0,0,0,0,0,0,0,0,0,0,0,0,0,0,0,0,0,0,0,0,0,0,0,0,0,0,0,0,0,0,0,0,0,0,0,0,12879527936,5073993728,786104,309692,112230827,232,0,97,786432,375829998,811172,11,7208065618,12884901888,154215,1179467165,0,0,0,0,0,0,0,0,0,0,0,0,0,0,0,0,0,0,38563795,138461787,0,468,1202,7661,620,77128076,35,0,0,0,0,0,0,0,1,0,0,0,0,0,0,0,0,0,0,47097826,0,112229396,1983371,0,0,0,0,0,0,0,0,16384,0,0,0,0,0,0,0,0,0,0,0,6755,401,0,0,0,0,0,117235996,0,159,0,4,401,6755,0,0,0,0,0,0,0,0,0,0,0,0,0,0,0,0,0,0,0,0,0,0,0,0,0,0,0,0,0,0,0,0,0,0,0,0,0,0,0,0,0,0,0,0,0,0,0,0,0,0,0,0,0,0,584546743,0,0,0,840366328,0,0,0,0,0,0,0,174948327,376170847,698569543,327308004352,144957558,1,0,0,0,0,0,0,0,0,0,0,0,0,0,0,0,0,0,0,0,0,0,0,0,0,0,0,0,0,0,0,478,0,0,0,0,0,0,0
1782468927.723,0,0,0,0,0,0,0,1467582462,6162253089280,2234315549696,0,0,0,0,0,0,0,0,0,0,0,0,0,0,0,0,0,0,0,0,0,0,0,0,0,0,0,0,0,0,0,0,0,0,0,0,0,0,0,0,0,0,0,0,0,0,0,0,0,0,0,0,0,0,0,0,0,0,7,1917808,377592704,112355514,0,0,0,0,0,0,0,0,0,0,0,0,0,0,0,0,0,0,0,0,0,0,0,0,0,0,0,0,0,0,0,0,0,0,0,0,0,12878823424,5105876992,786061,311637,112261292,274,0,96,786432,375947183,811172,11,7209743687,12884901888,156135,1179683242,0,0,0,0,0,0,0,0,0,0,0,0,0,0,0,0,0,0,38573680,138471671,0,468,1202,7661,620,77147848,35,0,0,0,0,0,0,0,1,0,0,0,0,0,0,0,0,0,0,47109010,0,112259929,1983803,0,0,0,0,0,0,0,0,16384,0,0,0,0,0,0,0,0,0,0,0,6756,401,0,0,0,0,0,117266040,0,159,0,4,401,6756,0,0,0,0,0,0,0,0,0,0,0,0,0,0,0,0,0,0,0,0,0,0,0,0,0,0,0,0,0,0,0,0,0,0,0,0,0,0,0,0,0,0,0,0,0,0,0,0,0,0,0,0,0,0,584686631,0,0,0,840532605,0,0,0,0,0,0,0,174968272,376287654,698741370,327380790272,144970188,1,0,0,0,0,0,0,0,0,0,0,0,0,0,0,0,0,0,0,0,0,0,0,0,0,0,0,0,0,0,0,1766,0,0,0,0,0,0,0
1782468928.812,0,0,0,0,0,0,0,1467907479,6164124060160,2234911223808,0,0,0,0,0,0,0,0,0,0,0,0,0,0,0,0,0,0,0,0,0,0,0,0,0,0,0,0,0,0,0,0,0,0,0,0,0,0,0,0,0,0,0,0,0,0,0,0,0,0,0,0,0,0,0,0,0,0,7,1917834,377707849,112386799,0,0,0,0,0,0,0,0,0,0,0,0,0,0,0,0,0,0,0,0,0,0,0,0,0,0,0,0,0,0,0,0,0,0,0,0,0,12879298560,5120360448,786089,312522,112291874,246,0,97,786432,376061826,811172,11,7211383483,12884901888,158437,1179897692,0,0,0,0,0,0,0,0,0,0,0,0,0,0,0,0,0,0,38583333,138481324,0,468,1202,7661,620,77167156,35,0,0,0,0,0,0,0,1,0,0,0,0,0,0,0,0,0,0,47119923,0,112290492,1984215,0,0,0,0,0,0,0,0,16384,0,0,0,0,0,0,0,0,0,0,0,6757,401,0,0,0,0,0,117295405,0,159,0,4,401,6757,0,0,0,0,0,0,0,0,0,0,0,0,0,0,0,0,0,0,0,0,0,0,0,0,0,0,0,0,0,0,0,0,0,0,0,0,0,0,0,0,0,0,0,0,0,0,0,0,0,0,0,0,0,0,584825485,0,0,0,840696584,0,0,0,0,0,0,0,174987240,376401921,698912346,327452895744,144982459,1,0,0,0,0,0,0,0,0,0,0,0,0,0,0,0,0,0,0,0,0,0,0,0,0,0,0,0,0,0,0,1072,0,0,0,0,0,0,0
1782468929.900,0,0,0,0,0,0,0,1468201781,6165808679424,2235461591040,0,0,0,0,0,0,0,0,0,0,0,0,0,0,0,0,0,0,0,0,0,0,0,0,0,0,0,0,0,0,0,0,0,0,0,0,0,0,0,0,0,0,0,0,0,0,0,0,0,0,0,0,0,0,0,0,0,0,7,1917861,377811415,112415513,0,0,0,0,0,0,0,0,0,0,0,0,0,0,0,0,0,0,0,0,0,0,0,0,0,0,0,0,0,0,0,0,0,0,0,0,0,12878544896,5124915200,786044,312800,112319984,292,0,96,786432,376164912,811172,11,7212867252,12884901888,160573,1180091855,0,0,0,0,0,0,0,0,0,0,0,0,0,0,0,0,0,0,38592056,138490045,0,468,1202,7661,620,77184595,35,0,0,0,0,0,0,0,1,0,0,0,0,0,0,0,0,0,0,47129807,0,112318539,1984595,0,0,0,0,0,0,0,0,16384,0,0,0,0,0,0,0,0,0,0,0,6758,401,0,0,0,0,0,117321935,0,159,0,4,401,6758,0,0,0,0,0,0,0,0,0,0,0,0,0,0,0,0,0,0,0,0,0,0,0,0,0,0,0,0,0,0,0,0,0,0,0,0,0,0,0,0,0,0,0,0,0,0,0,0,0,0,0,0,0,0,584959515,0,0,0,840844959,0,0,0,0,0,0,0,174999917,376504692,699075926,327522171904,144989982,1,1,0,0,0,0,0,0,0,0,0,0,0,0,0,0,0,0,0,0,0,0,0,0,0,0,0,0,0,0,0,443,0,0,0,0,0,0,0
1782468930.987,0,0,0,0,0,0,0,1468504506,6167553264128,2236020034560,0,0,0,0,0,0,0,0,0,0,0,0,0,0,0,0,0,0,0,0,0,0,0,0,0,0,0,0,0,0,0,0,0,0,0,0,0,0,0,0,0,0,0,0,0,0,0,0,0,0,0,0,0,0,0,0,0,0,7,1917881,377918803,112444861,0,0,0,0,0,0,0,0,0,0,0,0,0,0,0,0,0,0,0,0,0,0,0,0,0,0,0,0,0,0,0,0,0,0,0,0,0,12879495168,5133713408,786103,313337,112347922,230,0,100,786432,376271857,811172,11,7214387945,12884901888,164129,1180287194,0,0,0,0,0,0,0,0,0,0,0,0,0,0,0,0,0,0,38601018,138499010,0,468,1202,7661,620,77202537,35,0,0,0,0,0,0,0,1,0,0,0,0,0,0,0,0,0,0,47139927,0,112346429,1984966,0,0,0,0,0,0,0,0,16384,0,0,0,0,0,0,0,0,0,0,0,6759,401,0,0,0,0,0,117349162,0,159,0,4,401,6759,0,0,0,0,0,0,0,0,0,0,0,0,0,0,0,0,0,0,0,0,0,0,0,0,0,0,0,0,0,0,0,0,0,0,0,0,0,0,0,0,0,0,0,0,0,0,0,0,0,0,0,0,0,0,585089195,0,0,0,840995728,0,0,0,0,0,0,0,175020999,376611161,699236448,327589326336,145004226,1,1,0,0,0,0,0,0,0,0,0,0,0,0,0,0,0,0,0,0,0,0,0,0,0,0,0,0,0,0,0,1492,0,0,0,0,0,0,0
1782468932.077,0,0,0,0,0,0,0,1468814543,6169335417344,2236588948480,0,0,0,0,0,0,0,0,0,0,0,0,0,0,0,0,0,0,0,0,0,0,0,0,0,0,0,0,0,0,0,0,0,0,0,0,0,0,0,0,0,0,0,0,0,0,0,0,0,0,0,0,0,0,0,0,0,0,7,1917897,378028468,112474754,0,0,0,0,0,0,0,0,0,0,0,0,0,0,0,0,0,0,0,0,0,0,0,0,0,0,0,0,0,0,0,0,0,0,0,0,0,12878069760,5145346048,786015,314046,112376668,319,0,99,786432,376381007,811172,11,7215953303,12884901888,167317,1180493516,0,0,0,0,0,0,0,0,0,0,0,0,0,0,0,0,0,0,38610203,138508196,0,468,1202,7661,620,77220904,35,0,0,0,0,0,0,0,1,0,0,0,0,0,0,0,0,0,0,47150319,0,112375175,1985340,0,0,0,0,0,0,0,0,16384,0,0,0,0,0,0,0,0,0,0,0,6760,401,0,0,0,0,0,117377130,0,159,0,4,401,6760,0,0,0,0,0,0,0,0,0,0,0,0,0,0,0,0,0,0,0,0,0,0,0,0,0,0,0,0,0,0,0,0,0,0,0,0,0,0,0,0,0,0,0,0,0,0,0,0,0,0,0,0,0,0,585219629,0,0,0,841152504,0,0,0,0,0,0,0,175042168,376719891,699398114,327657270272,145018318,1,0,0,0,0,0,0,0,0,0,0,0,0,0,0,0,0,0,0,0,0,0,0,0,0,0,0,0,0,0,0,371,0,0,0,0,0,0,0
1782468933.163,0,0,0,0,0,0,0,1469125947,6171128384000,2237158617600,0,0,0,0,0,0,0,0,0,0,0,0,0,0,0,0,0,0,0,0,0,0,0,0,0,0,0,0,0,0,0,0,0,0,0,0,0,0,0,0,0,0,0,0,0,0,0,0,0,0,0,0,0,0,0,0,0,0,7,1917914,378138887,112504609,0,0,0,0,0,0,0,0,0,0,0,0,0,0,0,0,0,0,0,0,0,0,0,0,0,0,0,0,0,0,0,0,0,0,0,0,0,12881100800,5154504704,786200,314606,112405089,133,0,99,786432,376490978,811172,11,7217520824,12884901888,171124,1180696755,0,0,0,0,0,0,0,0,0,0,0,0,0,0,0,0,0,0,38619444,138517435,0,468,1202,7661,620,77239371,35,0,0,0,0,0,0,0,1,0,0,0,0,0,0,0,0,0,0,47160759,0,112403669,1985725,0,0,0,0,0,0,0,0,16384,0,0,0,0,0,0,0,0,0,0,0,6761,401,0,0,0,0,0,117405251,0,159,0,4,401,6761,0,0,0,0,0,0,0,0,0,0,0,0,0,0,0,0,0,0,0,0,0,0,0,0,0,0,0,0,0,0,0,0,0,0,0,0,0,0,0,0,0,0,0,0,0,0,0,0,0,0,0,0,0,0,585353422,0,0,0,841308746,0,0,0,0,0,0,0,175062982,376829292,699563306,327726645760,145031978,1,0,0,0,0,0,0,0,0,0,0,0,0,0,0,0,0,0,0,0,0,0,0,0,0,0,0,0,0,0,0,393,0,0,0,0,0,0,0
1782468934.252,0,0,0,0,0,0,0,1469436849,6172907244032,2237727008256,0,0,0,0,0,0,0,0,0,0,0,0,0,0,0,0,0,0,0,0,0,0,0,0,0,0,0,0,0,0,0,0,0,0,0,0,0,0,0,0,0,0,0,0,0,0,0,0,0,0,0,0,0,0,0,0,0,0,7,1917939,378248367,112534485,0,0,0,0,0,0,0,0,0,0,0,0,0,0,0,0,0,0,0,0,0,0,0,0,0,0,0,0,0,0,0,0,0,0,0,0,0,12878741504,5161877504,786058,315056,112433487,277,0,100,786432,376600000,811172,11,7219086375,12884901888,175618,1180899693,0,0,0,0,0,0,0,0,0,0,0,0,0,0,0,0,0,0,38628671,138526664,0,468,1202,7661,620,77257827,35,0,0,0,0,0,0,0,1,0,0,0,0,0,0,0,0,0,0,47171188,0,112431994,1986107,0,0,0,0,0,0,0,0,16384,0,0,0,0,0,0,0,0,0,0,0,6763,401,0,0,0,0,0,117433254,0,159,0,4,401,6763,0,0,0,0,0,0,0,0,0,0,0,0,0,0,0,0,0,0,0,0,0,0,0,0,0,0,0,0,0,0,0,0,0,0,0,0,0,0,0,0,0,0,0,0,0,0,0,0,0,0,0,0,0,0,585484572,0,0,0,841464895,0,0,0,0,0,0,0,175083812,376937838,699726009,327794942976,145045554,0,1,0,0,0,0,0,0,0,0,0,0,0,0,0,0,0,0,0,0,0,0,0,0,0,0,0,0,0,0,0,531,0,0,0,0,0,0,0
1782468935.341,0,0,0,0,0,0,0,1469753443,6174729128448,2238303947264,0,0,0,0,0,0,0,0,0,0,0,0,0,0,0,0,0,0,0,0,0,0,0,0,0,0,0,0,0,0,0,0,0,0,0,0,0,0,0,0,0,0,0,0,0,0,0,0,0,0,0,0,0,0,0,0,0,0,7,1917961,378360478,112564808,0,0,0,0,0,0,0,0,0,0,0,0,0,0,0,0,0,0,0,0,0,0,0,0,0,0,0,0,0,0,0,0,0,0,0,0,0,12877217792,5172756480,785963,315720,112462534,354,0,114,786432,376711629,811172,11,7220679812,12884901888,178779,1181104583,0,0,0,0,0,0,0,0,0,0,0,0,0,0,0,0,0,0,38638053,138536046,0,468,1202,7661,620,77276600,35,0,0,0,0,0,0,0,1,0,0,0,0,0,0,0,0,0,0,47181798,0,112461041,1986504,0,0,0,0,0,0,0,0,16384,0,0,0,0,0,0,0,0,0,0,0,6764,401,0,0,0,0,0,117461796,0,159,0,4,401,6764,0,0,0,0,0,0,0,0,0,0,0,0,0,0,0,0,0,0,0,0,0,0,0,0,0,0,0,0,0,0,0,0,0,0,0,0,0,0,0,0,0,0,0,0,0,0,0,0,0,0,0,0,0,0,585617516,0,0,0,841622818,0,0,0,0,0,0,0,175104367,377048960,699890546,327864051200,145058982,1,0,0,0,0,0,0,0,0,0,0,0,0,0,0,0,0,0,0,0,0,0,0,0,0,0,0,0,0,0,0,1599,0,0,0,0,0,0,0
1782468936.428,0,0,0,0,0,0,0,1470069756,6176551078400,2238915098624,0,0,0,0,0,0,0,0,0,0,0,0,0,0,0,0,0,0,0,0,0,0,0,0,0,0,0,0,0,0,0,0,0,0,0,0,0,0,0,0,0,0,0,0,0,0,0,0,0,0,0,0,0,0,0,0,0,0,7,1917977,378472555,112597151,0,0,0,0,0,0,0,0,0,0,0,0,0,0,0,0,0,0,0,0,0,0,0,0,0,0,0,0,0,0,0,0,0,0,0,0,0,12883263488,5148377088,786333,314232,112491845,6,0,97,786432,376823245,811172,11,7222276731,12884901888,181487,1181314193,0,0,0,0,0,0,0,0,0,0,0,0,0,0,0,0,0,0,38647450,138545444,0,468,1202,7661,620,77295391,35,0,0,0,0,0,0,0,1,0,0,0,0,0,0,0,0,0,0,47192434,0,112492528,1986920,0,0,0,0,0,0,0,0,16384,0,0,0,0,0,0,0,0,0,0,0,6765,401,0,0,0,0,0,117490365,0,159,0,4,401,6765,0,0,0,0,0,0,0,0,0,0,0,0,0,0,0,0,0,0,0,0,0,0,0,0,0,0,0,0,0,0,0,0,0,0,0,0,0,0,0,0,0,0,0,0,0,0,0,0,0,0,0,0,0,0,585752537,0,0,0,841782731,0,0,0,0,0,0,0,175124077,377160067,700059080,327934345728,145071678,1,1,0,0,0,0,0,0,0,0,0,0,0,0,0,0,0,0,0,0,0,0,0,0,0,0,0,0,0,0,0,516,0,0,0,0,0,0,0
1782468937.509,0,0,0,0,0,0,0,1470380788,6178344159744,2239519851520,0,0,0,0,0,0,0,0,0,0,0,0,0,0,0,0,0,0,0,0,0,0,0,0,0,0,0,0,0,0,0,0,0,0,0,0,0,0,0,0,0,0,0,0,0,0,0,0,0,0,0,0,0,0,0,0,0,0,7,1918002,378582856,112629213,0,0,0,0,0,0,0,0,0,0,0,0,0,0,0,0,0,0,0,0,0,0,0,0,0,0,0,0,0,0,0,0,0,0,0,0,0,12881362944,5121310720,786216,312580,112520831,118,0,96,786432,376933080,811172,11,7223842092,12884901888,184174,1181516478,0,0,0,0,0,0,0,0,0,0,0,0,0,0,0,0,0,0,38656679,138554670,0,468,1202,7661,620,77313855,35,0,0,0,0,0,0,0,1,0,0,0,0,0,0,0,0,0,0,47202890,0,112523434,1987338,0,0,0,0,0,0,0,0,16384,0,0,0,0,0,0,0,0,0,0,0,6766,401,0,0,0,0,0,117518398,0,159,0,4,401,6766,0,0,0,0,0,0,0,0,0,0,0,0,0,0,0,0,0,0,0,0,0,0,0,0,0,0,0,0,0,0,0,0,0,0,0,0,0,0,0,0,0,0,0,0,0,0,0,0,0,0,0,0,0,0,585883958,0,0,0,841938406,0,0,0,0,0,0,0,175143651,377269485,700223751,328002561536,145084157,1,0,0,0,0,0,0,0,0,0,0,0,0,0,0,0,0,0,0,0,0,0,0,0,0,0,0,0,0,0,0,939,0,0,0,0,0,0,0
1782468938.589,0,0,0,0,0,0,0,1470701336,6180181019136,2240103494144,0,0,0,0,0,0,0,0,0,0,0,0,0,0,0,0,0,0,0,0,0,0,0,0,0,0,0,0,0,0,0,0,0,0,0,0,0,0,0,0,0,0,0,0,0,0,0,0,0,0,0,0,0,0,0,0,0,0,7,1918026,378695856,112659917,0,0,0,0,0,0,0,0,0,0,0,0,0,0,0,0,0,0,0,0,0,0,0,0,0,0,0,0,0,0,0,0,0,0,0,0,0,12877365248,5128781824,785972,313036,112554641,360,0,96,786432,377045572,811172,11,7225453953,12884901888,187028,1181724108,0,0,0,0,0,0,0,0,0,0,0,0,0,0,0,0,0,0,38666183,138564176,0,468,1202,7661,620,77332856,35,0,0,0,0,0,0,0,1,0,0,0,0,0,0,0,0,0,0,47213647,0,112553192,1987751,0,0,0,0,0,0,0,0,16384,0,0,0,0,0,0,0,0,0,0,0,6767,401,0,0,0,0,0,117547291,0,159,0,4,401,6767,0,0,0,0,0,0,0,0,0,0,0,0,0,0,0,0,0,0,0,0,0,0,0,0,0,0,0,0,0,0,0,0,0,0,0,0,0,0,0,0,0,0,0,0,0,0,0,0,0,0,0,0,0,0,586019297,0,0,0,842098507,0,0,0,0,0,0,0,175163872,377381601,700390956,328072837632,145097123,1,0,0,0,0,0,0,0,0,0,0,0,0,0,0,0,0,0,0,0,0,0,0,0,0,0,0,0,0,0,0,1886,0,0,0,0,0,0,0
1782468939.674,0,0,0,0,0,0,0,1470998259,6181885037056,2240649719296,0,0,0,0,0,0,0,0,0,0,0,0,0,0,0,0,0,0,0,0,0,0,0,0,0,0,0,0,0,0,0,0,0,0,0,0,0,0,0,0,0,0,0,0,0,0,0,0,0,0,0,0,0,0,0,0,0,0,7,1918048,378800628,112688394,0,0,0,0,0,0,0,0,0,0,0,0,0,0,0,0,0,0,0,0,0,0,0,0,0,0,0,0,0,0,0,0,0,0,0,0,0,12880084992,5131681792,786137,313213,112582083,195,0,98,786432,377149868,811172,11,7226950039,12884901888,189860,1181919693,0,0,0,0,0,0,0,0,0,0,0,0,0,0,0,0,0,0,38674971,138572965,0,468,1202,7661,620,77350433,35,0,0,0,0,0,0,0,1,0,0,0,0,0,0,0,0,0,0,47223605,0,112580734,1988133,0,0,0,0,0,0,0,0,16384,0,0,0,0,0,0,0,0,0,0,0,6769,402,0,0,0,0,0,117574020,0,161,0,4,402,6769,0,0,0,0,1,0,0,0,0,0,0,0,0,0,0,0,0,0,0,0,0,0,0,0,0,0,0,0,0,0,0,0,0,0,0,0,0,0,0,0,0,0,0,0,0,0,0,0,0,0,0,0,0,0,586152623,0,0,0,842247945,0,0,0,0,0,0,0,175177419,377485583,700553851,328141895680,145104698,1,1,0,0,0,0,0,0,0,0,0,0,0,0,0,0,0,0,0,0,0,0,0,0,0,0,0,0,0,0,0,1499,0,0,0,0,0,0,0
1782468940.762,0,0,0,0,0,0,0,1471318810,6183728368128,2241234187264,0,0,0,0,0,0,0,0,0,0,0,0,0,0,0,0,0,0,0,0,0,0,0,0,0,0,0,0,0,0,0,0,0,0,0,0,0,0,0,0,0,0,0,0,0,0,0,0,0,0,0,0,0,0,0,0,0,0,7,1918069,378914051,112718968,0,0,0,0,0,0,0,0,0,0,0,0,0,0,0,0,0,0,0,0,0,0,0,0,0,0,0,0,0,0,0,0,0,0,0,0,0,12878217216,5145067520,786023,314030,112611804,307,0,100,786432,377262777,811172,11,7228566218,12884901888,192781,1182131083,0,0,0,0,0,0,0,0,0,0,0,0,0,0,0,0,0,0,38684470,138582464,0,468,1202,7661,620,77369443,35,0,0,0,0,0,0,0,1,0,0,0,0,0,0,0,0,0,0,47234356,0,112610375,1988535,0,0,0,0,0,0,0,0,16384,0,0,0,0,0,0,0,0,0,0,0,6770,402,0,0,0,0,0,117602899,0,161,0,4,402,6770,0,0,0,0,0,0,0,0,0,0,0,0,0,0,0,0,0,0,0,0,0,0,0,0,0,0,0,0,0,0,0,0,0,0,0,0,0,0,0,0,0,0,0,0,0,0,0,0,0,0,0,0,0,0,586292523,0,0,0,842409441,0,0,0,0,0,0,0,175195741,377598096,700725382,328214445568,145116346,1,1,0,0,0,0,0,0,0,0,0,0,0,0,0,0,0,0,0,0,0,0,0,0,0,0,0,0,0,0,0,852,0,0,0,0,0,0,0
1782468941.848,0,0,0,0,0,0,0,1471642144,6185587460608,2241823299584,0,0,0,0,0,0,0,0,0,0,0,0,0,0,0,0,0,0,0,0,0,0,0,0,0,0,0,0,0,0,0,0,0,0,0,0,0,0,0,0,0,0,0,0,0,0,0,0,0,0,0,0,0,0,0,0,0,0,7,1918091,379028510,112749906,0,0,0,0,0,0,0,0,0,0,0,0,0,0,0,0,0,0,0,0,0,0,0,0,0,0,0,0,0,0,0,0,0,0,0,0,0,12879183872,5156012032,786083,314698,112641669,220,0,130,786432,377376738,811172,11,7230197465,12884901888,195938,1182344506,0,0,0,0,0,0,0,0,0,0,0,0,0,0,0,0,0,0,38694071,138592068,0,468,1202,7661,620,77388633,35,0,0,0,0,0,0,0,1,0,0,0,0,0,0,0,0,0,0,47245235,0,112640176,1988945,0,0,0,0,0,0,0,0,16384,0,0,0,0,0,0,0,0,0,0,0,6771,402,0,0,0,0,0,117632119,0,161,0,4,402,6771,0,0,0,0,0,0,0,0,0,0,0,0,0,0,0,0,0,0,0,0,0,0,0,0,0,0,0,0,0,0,0,0,0,0,0,0,0,0,0,0,0,0,0,0,0,0,0,0,0,0,0,0,0,0,586429079,0,0,0,842572415,0,0,0,0,0,0,0,175215807,377711504,700894172,328285429760,145129252,1,1,0,0,0,0,0,0,0,0,0,0,0,0,0,0,0,0,0,0,0,0,0,0,0,0,0,0,0,0,0,340,0,0,0,0,0,0,0
1782468942.936,0,0,0,0,0,0,0,1471968474,6187467573760,2242422796800,0,0,0,0,0,0,0,0,0,0,0,0,0,0,0,0,0,0,0,0,0,0,0,0,0,0,0,0,0,0,0,0,0,0,0,0,0,0,0,0,0,0,0,0,0,0,0,0,0,0,0,0,0,0,0,0,0,0,7,1918111,379144107,112781478,0,0,0,0,0,0,0,0,0,0,0,0,0,0,0,0,0,0,0,0,0,0,0,0,0,0,0,0,0,0,0,0,0,0,0,0,0,12877168640,5169643520,785960,315530,112672312,374,0,96,786432,377491813,811172,11,7231839707,12884901888,198317,1182556003,0,0,0,0,0,0,0,0,0,0,0,0,0,0,0,0,0,0,38703761,138601755,0,468,1202,7661,620,77408010,35,0,0,0,0,0,0,0,1,0,0,0,0,0,0,0,0,0,0,47256205,0,112670819,1989370,0,0,0,0,0,0,0,0,16384,0,0,0,0,0,0,0,0,0,0,0,6772,402,0,0,0,0,0,117661555,0,161,0,4,402,6772,0,0,0,0,0,0,0,0,0,0,0,0,0,0,0,0,0,0,0,0,0,0,0,0,0,0,0,0,0,0,0,0,0,0,0,0,0,0,0,0,0,0,0,0,0,0,0,0,0,0,0,0,0,0,586564142,0,0,0,842735575,0,0,0,0,0,0,0,175235539,377826171,701061877,328355800576,145141682,1,0,0,0,0,0,0,0,0,0,0,0,0,0,0,0,0,0,0,0,0,0,0,0,0,0,0,0,0,0,0,1272,0,0,0,0,0,0,0
1782468944.021,0,0,0,0,0,0,0,1472303248,6189383666176,2243029797888,0,0,0,0,0,0,0,0,0,0,0,0,0,0,0,0,0,0,0,0,0,0,0,0,0,0,0,0,0,0,0,0,0,0,0,0,0,0,0,0,0,0,0,0,0,0,0,0,0,0,0,0,0,0,0,0,0,0,7,1918133,379261989,112813398,0,0,0,0,0,0,0,0,0,0,0,0,0,0,0,0,0,0,0,0,0,0,0,0,0,0,0,0,0,0,0,0,0,0,0,0,0,12878626816,5185470464,786049,316497,112703309,282,0,97,786432,377609139,811172,11,7233523597,12884901888,200342,1182773634,0,0,0,0,0,0,0,0,0,0,0,0,0,0,0,0,0,0,38713685,138611677,0,468,1202,7661,620,77427868,35,0,0,0,0,0,0,0,1,0,0,0,0,0,0,0,0,0,0,47267429,0,112701885,1989798,0,0,0,0,0,0,0,0,16384,0,0,0,0,0,0,0,0,0,0,0,6773,402,0,0,0,0,0,117691665,0,161,0,4,402,6773,0,0,0,0,0,0,0,0,0,0,0,0,0,0,0,0,0,0,0,0,0,0,0,0,0,0,0,0,0,0,0,0,0,0,0,0,0,0,0,0,0,0,0,0,0,0,0,0,0,0,0,0,0,0,586703031,0,0,0,842902837,0,0,0,0,0,0,0,175255209,377943044,701233688,328428086272,145153890,1,1,0,0,0,0,0,0,0,0,0,0,0,0,0,0,0,0,0,0,0,0,0,0,0,0,0,0,0,0,0,2033,0,0,0,0,0,0,0
1782468945.111,0,0,0,0,0,0,0,1472637782,6191304428032,2243642849280,0,0,0,0,0,0,0,0,0,0,0,0,0,0,0,0,0,0,0,0,0,0,0,0,0,0,0,0,0,0,0,0,0,0,0,0,0,0,0,0,0,0,0,0,0,0,0,0,0,0,0,0,0,0,0,0,0,0,7,1918155,379380161,112845664,0,0,0,0,0,0,0,0,0,0,0,0,0,0,0,0,0,0,0,0,0,0,0,0,0,0,0,0,0,0,0,0,0,0,0,0,0,12880003072,5195317248,786132,317097,112734956,195,0,105,786432,377726776,811172,11,7235208251,12884901888,202525,1182992341,0,0,0,0,0,0,0,0,0,0,0,0,0,0,0,0,0,0,38723618,138621610,0,468,1202,7661,620,77447724,35,0,0,0,0,0,0,0,1,0,0,0,0,0,0,0,0,0,0,47278673,0,112733463,1990231,0,0,0,0,0,0,0,0,16384,0,0,0,0,0,0,0,0,0,0,0,6774,402,0,0,0,0,0,117721835,0,161,0,4,402,6774,0,0,0,0,0,0,0,0,0,0,0,0,0,0,0,0,0,0,0,0,0,0,0,0,0,0,0,0,0,0,0,0,0,0,0,0,0,0,0,0,0,0,0,0,0,0,0,0,0,0,0,0,0,0,586843540,0,0,0,843070563,0,0,0,0,0,0,0,175274741,378060192,701407355,328501292032,145166098,1,0,0,0,0,0,0,0,0,0,0,0,0,0,0,0,0,0,0,0,0,0,0,0,0,0,0,0,0,0,0,2335,0,0,0,0,0,0,0
1782468946.202,0,0,0,0,0,0,0,1472963388,6193178479104,2244245918720,0,0,0,0,0,0,0,0,0,0,0,0,0,0,0,0,0,0,0,0,0,0,0,0,0,0,0,0,0,0,0,0,0,0,0,0,0,0,0,0,0,0,0,0,0,0,0,0,0,0,0,0,0,0,0,0,0,0,7,1918185,379495492,112877410,0,0,0,0,0,0,0,0,0,0,0,0,0,0,0,0,0,0,0,0,0,0,0,0,0,0,0,0,0,0,0,0,0,0,0,0,0,12878594048,5201788928,786048,317492,112765594,287,0,98,786432,377841601,811172,11,7236850589,12884901888,205706,1183206622,0,0,0,0,0,0,0,0,0,0,0,0,0,0,0,0,0,0,38733274,138631266,0,468,1202,7661,620,77467047,35,0,0,0,0,0,0,0,1,0,0,0,0,0,0,0,0,0,0,47289626,0,112764101,1990647,0,0,0,0,0,0,0,0,16384,0,0,0,0,0,0,0,0,0,0,0,6775,402,0,0,0,0,0,117751182,0,161,0,4,402,6775,0,0,0,0,0,0,0,0,0,0,0,0,0,0,0,0,0,0,0,0,0,0,0,0,0,0,0,0,0,0,0,0,0,0,0,0,0,0,0,0,0,0,0,0,0,0,0,0,0,0,0,0,0,0,586980728,0,0,0,843234398,0,0,0,0,0,0,0,175294762,378174610,701577520,328572837376,145178940,1,1,0,0,0,0,0,0,0,0,0,0,0,0,0,0,0,0,0,0,0,0,0,0,0,0,0,0,0,0,0,2105,0,0,0,0,0,0,0
1782468947.293,0,0,0,0,0,0,0,1473287348,6195043256832,2244848189952,0,0,0,0,0,0,0,0,0,0,0,0,0,0,0,0,0,0,0,0,0,0,0,0,0,0,0,0,0,0,0,0,0,0,0,0,0,0,0,0,0,0,0,0,0,0,0,0,0,0,0,0,0,0,0,0,0,0,7,1918206,379610218,112909080,0,0,0,0,0,0,0,0,0,0,0,0,0,0,0,0,0,0,0,0,0,0,0,0,0,0,0,0,0,0,0,0,0,0,0,0,0,12877381632,5210603520,785973,318030,112796372,362,0,96,786432,377955833,811172,11,7238488334,12884901888,208312,1183422897,0,0,0,0,0,0,0,0,0,0,0,0,0,0,0,0,0,0,38742903,138640899,0,468,1202,7661,620,77486293,35,0,0,0,0,0,0,0,1,0,0,0,0,0,0,0,0,0,0,47300529,0,112794879,1991071,0,0,0,0,0,0,0,0,16384,0,0,0,0,0,0,0,0,0,0,0,6777,402,0,0,0,0,0,117780440,0,161,0,4,402,6777,0,0,0,0,0,0,0,0,0,0,0,0,0,0,0,0,0,0,0,0,0,0,0,0,0,0,0,0,0,0,0,0,0,0,0,0,0,0,0,0,0,0,0,0,0,0,0,0,0,0,0,0,0,0,587119097,0,0,0,843399061,0,0,0,0,0,0,0,175315005,378288368,701748556,328644750336,145191888,1,0,0,0,0,0,0,0,0,0,0,0,0,0,0,0,0,0,0,0,0,0,0,0,0,0,0,0,0,0,0,257,0,0,0,0,0,0,0
1782468948.384,0,0,0,0,0,0,0,1473609053,6196890896896,2245453649408,0,0,0,0,0,0,0,0,0,0,0,0,0,0,0,0,0,0,0,0,0,0,0,0,0,0,0,0,0,0,0,0,0,0,0,0,0,0,0,0,0,0,0,0,0,0,0,0,0,0,0,0,0,0,0,0,0,0,7,1918226,379723895,112941024,0,0,0,0,0,0,0,0,0,0,0,0,0,0,0,0,0,0,0,0,0,0,0,0,0,0,0,0,0,0,0,0,0,0,0,0,0,12883148800,5212307456,786325,318134,112826620,0,0,107,786432,378069001,811172,11,7240106532,12884901888,210652,1183631135,0,0,0,0,0,0,0,0,0,0,0,0,0,0,0,0,0,0,38752447,138650443,0,468,1202,7661,620,77505380,35,0,0,0,0,0,0,0,1,0,0,0,0,0,0,0,0,0,0,47311328,0,112825822,1991492,0,0,0,0,0,0,0,0,16384,0,0,0,0,0,0,0,0,0,0,0,6778,402,0,0,0,0,0,117809462,0,161,0,4,402,6778,0,0,0,0,0,0,0,0,0,0,0,0,0,0,0,0,0,0,0,0,0,0,0,0,0,0,0,0,0,0,0,0,0,0,0,0,0,0,0,0,0,0,0,0,0,0,0,0,0,0,0,0,0,0,587254963,0,0,0,843559376,0,0,0,0,0,0,0,175333930,378401070,701917268,328715421696,145204001,1,0,0,0,0,0,0,0,0,0,0,0,0,0,0,0,0,0,0,0,0,0,0,0,0,0,0,0,0,0,0,1499,0,0,0,0,0,0,0
1782468949.471,0,0,0,0,0,0,0,1473893775,6198536555008,2246024666112,0,0,0,0,0,0,0,0,0,0,0,0,0,0,0,0,0,0,0,0,0,0,0,0,0,0,0,0,0,0,0,0,0,0,0,0,0,0,0,0,0,0,0,0,0,0,0,0,0,0,0,0,0,0,0,0,0,0,7,1918239,379825128,112971057,0,0,0,0,0,0,0,0,0,0,0,0,0,0,0,0,0,0,0,0,0,0,0,0,0,0,0,0,0,0,0,0,0,0,0,0,0,12883001344,5185110016,786316,316474,112853713,0,0,116,786432,378169798,811172,11,7241541216,12884901888,215291,1183817438,0,0,0,0,0,0,0,0,0,0,0,0,0,0,0,0,0,0,38760881,138658875,0,468,1202,7661,620,77522271,35,0,0,0,0,0,0,0,1,0,0,0,0,0,0,0,0,0,0,47320888,0,112854524,1991855,0,0,0,0,0,0,0,0,16384,0,0,0,0,0,0,0,0,0,0,0,6779,402,0,0,0,0,0,117835108,0,161,0,4,402,6779,0,0,0,0,0,0,0,0,0,0,0,0,0,0,0,0,0,0,0,0,0,0,0,0,0,0,0,0,0,0,0,0,0,0,0,0,0,0,0,0,0,0,0,0,0,0,0,0,0,0,0,0,0,0,587384597,0,0,0,843702342,0,0,0,0,0,0,0,175347681,378501479,702078628,328782555136,145212382,1,0,0,0,0,0,0,0,0,0,0,0,0,0,0,0,0,0,0,0,0,0,0,0,0,0,0,0,0,0,0,1451,0,0,0,0,0,0,0
1782468950.552,0,0,0,0,0,0,0,1474211774,6200359963136,2246648338432,0,0,0,0,0,0,0,0,0,0,0,0,0,0,0,0,0,0,0,0,0,0,0,0,0,0,0,0,0,0,0,0,0,0,0,0,0,0,0,0,0,0,0,0,0,0,0,0,0,0,0,0,0,0,0,0,0,0,7,1918266,379937246,113004264,0,0,0,0,0,0,0,0,0,0,0,0,0,0,0,0,0,0,0,0,0,0,0,0,0,0,0,0,0,0,0,0,0,0,0,0,0,12882116608,5161893888,786263,315057,112888110,73,0,96,786432,378281418,811172,11,7243138152,12884901888,217927,1184023468,0,0,0,0,0,0,0,0,0,0,0,0,0,0,0,0,0,0,38770299,138668292,0,468,1202,7661,620,77541085,35,0,0,0,0,0,0,0,1,0,0,0,0,0,0,0,0,0,0,47331541,0,112886779,1992272,0,0,0,0,0,0,0,0,16384,0,0,0,0,0,0,0,0,0,0,0,6780,402,0,0,0,0,0,117863690,0,161,0,4,402,6780,0,0,0,0,0,0,0,0,0,0,0,0,0,0,0,0,0,0,0,0,0,0,0,0,0,0,0,0,0,0,0,0,0,0,0,0,0,0,0,0,0,0,0,0,0,0,0,0,0,0,0,0,0,0,587521596,0,0,0,843860848,0,0,0,0,0,0,0,175365835,378612700,702249919,328853725696,145223773,1,0,0,0,0,0,0,0,0,0,0,0,0,0,0,0,0,0,0,0,0,0,0,0,0,0,0,0,0,0,0,2508,0,0,0,0,0,0,0
1782468951.642,0,0,0,0,0,0,0,1474541023,6202260638208,2247258480640,0,0,0,0,0,0,0,0,0,0,0,0,0,0,0,0,0,0,0,0,0,0,0,0,0,0,0,0,0,0,0,0,0,0,0,0,0,0,0,0,0,0,0,0,0,0,0,0,0,0,0,0,0,0,0,0,0,0,7,1918293,380054156,113036310,0,0,0,0,0,0,0,0,0,0,0,0,0,0,0,0,0,0,0,0,0,0,0,0,0,0,0,0,0,0,0,0,0,0,0,0,0,12879118336,5178048512,786080,316043,112919527,256,0,100,786432,378397824,811172,11,7244804234,12884901888,219914,1184244272,0,0,0,0,0,0,0,0,0,0,0,0,0,0,0,0,0,0,38780075,138678066,0,468,1202,7661,620,77560639,35,0,0,0,0,0,0,0,1,0,0,0,0,0,0,0,0,0,0,47342620,0,112918034,1992700,0,0,0,0,0,0,0,0,16384,0,0,0,0,0,0,0,0,0,0,0,6781,402,0,0,0,0,0,117893422,0,161,0,4,402,6781,0,0,0,0,0,0,0,0,0,0,0,0,0,0,0,0,0,0,0,0,0,0,0,0,0,0,0,0,0,0,0,0,0,0,0,0,0,0,0,0,0,0,0,0,0,0,0,0,0,0,0,0,0,0,587662391,0,0,0,844028168,0,0,0,0,0,0,0,175385552,378728632,702423697,328926983168,145236255,1,0,0,0,0,0,0,0,0,0,0,0,0,0,0,0,0,0,0,0,0,0,0,0,0,0,0,0,0,0,0,545,0,0,0,0,0,0,0
1782468952.728,0,0,0,0,0,0,0,1474877093,6204194933248,2247874871808,0,0,0,0,0,0,0,0,0,0,0,0,0,0,0,0,0,0,0,0,0,0,0,0,0,0,0,0,0,0,0,0,0,0,0,0,0,0,0,0,0,0,0,0,0,0,0,0,0,0,0,0,0,0,0,0,0,0,7,1918316,380173193,113068741,0,0,0,0,0,0,0,0,0,0,0,0,0,0,0,0,0,0,0,0,0,0,0,0,0,0,0,0,0,0,0,0,0,0,0,0,0,12877119488,5197168640,785958,317210,112951083,376,0,96,786432,378516307,811172,11,7246495383,12884901888,222360,1184462815,0,0,0,0,0,0,0,0,0,0,0,0,0,0,0,0,0,0,38790027,138688022,0,468,1202,7661,620,77580548,35,0,0,0,0,0,0,0,1,0,0,0,0,0,0,0,0,0,0,47353877,0,112949632,1993128,0,0,0,0,0,0,0,0,16384,0,0,0,0,0,0,0,0,0,0,0,6782,402,0,0,0,0,0,117923669,0,161,0,4,402,6782,0,0,0,0,0,0,0,0,0,0,0,0,0,0,0,0,0,0,0,0,0,0,0,0,0,0,0,0,0,0,0,0,0,0,0,0,0,0,0,0,0,0,0,0,0,0,0,0,0,0,0,0,0,0,587802810,0,0,0,844195644,0,0,0,0,0,0,0,175404672,378846614,702597490,329000050176,145248084,1,0,0,0,0,0,0,0,0,0,0,0,0,0,0,0,0,0,0,0,0,0,0,0,0,0,0,0,0,0,0,1694,0,0,0,0,0,0,0
1782468953.818,0,0,0,0,0,0,0,1475206598,6206093527552,2248479484928,0,0,0,0,0,0,0,0,0,0,0,0,0,0,0,0,0,0,0,0,0,0,0,0,0,0,0,0,0,0,0,0,0,0,0,0,0,0,0,0,0,0,0,0,0,0,0,0,0,0,0,0,0,0,0,0,0,0,7,1918339,380290036,113100539,0,0,0,0,0,0,0,0,0,0,0,0,0,0,0,0,0,0,0,0,0,0,0,0,0,0,0,0,0,0,0,0,0,0,0,0,0,12879527936,5212798976,786104,318164,112982088,234,0,98,786432,378632616,811172,11,7248159016,12884901888,224575,1184680944,0,0,0,0,0,0,0,0,0,0,0,0,0,0,0,0,0,0,38799822,138697815,0,468,1202,7661,620,77600137,35,0,0,0,0,0,0,0,1,0,0,0,0,0,0,0,0,0,0,47364950,0,112980595,1993556,0,0,0,0,0,0,0,0,16384,0,0,0,0,0,0,0,0,0,0,0,6783,402,0,0,0,0,0,117953477,0,161,0,4,402,6783,0,0,0,0,0,0,0,0,0,0,0,0,0,0,0,0,0,0,0,0,0,0,0,0,0,0,0,0,0,0,0,0,0,0,0,0,0,0,0,0,0,0,0,0,0,0,0,0,0,0,0,0,0,0,587941897,0,0,0,844362082,0,0,0,0,0,0,0,175424512,378962415,702769287,329072302080,145260557,1,0,0,0,0,0,0,0,0,0,0,0,0,0,0,0,0,0,0,0,0,0,0,0,0,0,0,0,0,0,0,801,0,0,0,0,0,0,0
1782468954.905,0,0,0,0,0,0,0,1475536135,6207993203200,2249085450240,0,0,0,0,0,0,0,0,0,0,0,0,0,0,0,0,0,0,0,0,0,0,0,0,0,0,0,0,0,0,0,0,0,0,0,0,0,0,0,0,0,0,0,0,0,0,0,0,0,0,0,0,0,0,0,0,0,0,7,1918360,380406964,113132419,0,0,0,0,0,0,0,0,0,0,0,0,0,0,0,0,0,0,0,0,0,0,0,0,0,0,0,0,0,0,0,0,0,0,0,0,0,12880248832,5224873984,786148,318901,113012995,151,0,133,786432,378749006,811172,11,7249820952,12884901888,227165,1184897462,0,0,0,0,0,0,0,0,0,0,0,0,0,0,0,0,0,0,38809605,138707599,0,468,1202,7661,620,77619705,35,0,0,0,0,0,0,0,1,0,0,0,0,0,0,0,0,0,0,47376021,0,113011566,1993985,0,0,0,0,0,0,0,0,16384,0,0,0,0,0,0,0,0,0,0,0,6784,402,0,0,0,0,0,117983190,0,161,0,4,402,6784,0,0,0,0,0,0,0,0,0,0,0,0,0,0,0,0,0,0,0,0,0,0,0,0,0,0,0,0,0,0,0,0,0,0,0,0,0,0,0,0,0,0,0,0,0,0,0,0,0,0,0,0,0,0,588080361,0,0,0,844527739,0,0,0,0,0,0,0,175444811,379078302,702940728,329144252416,145273336,0,0,0,0,0,0,0,0,0,0,0,0,0,0,0,0,0,0,0,0,0,0,0,0,0,0,0,0,0,0,0,573,0,0,0,0,0,0,0
1782468955.991,0,0,0,0,0,0,0,1475867527,6209894025728,2249695063040,0,0,0,0,0,0,0,0,0,0,0,0,0,0,0,0,0,0,0,0,0,0,0,0,0,0,0,0,0,0,0,0,0,0,0,0,0,0,0,0,0,0,0,0,0,0,0,0,0,0,0,0,0,0,0,0,0,0,7,1918394,380523878,113164462,0,0,0,0,0,0,0,0,0,0,0,0,0,0,0,0,0,0,0,0,0,0,0,0,0,0,0,0,0,0,0,0,0,0,0,0,0,12879298560,5235441664,786090,319545,113044352,247,0,96,786432,378865425,811172,11,7251491659,12884901888,229184,1185115795,0,0,0,0,0,0,0,0,0,0,0,0,0,0,0,0,0,0,38819420,138717418,0,468,1202,7661,620,77639340,35,0,0,0,0,0,0,0,1,0,0,0,0,0,0,0,0,0,0,47387136,0,113042919,1994421,0,0,0,0,0,0,0,0,16384,0,0,0,0,0,0,0,0,0,0,0,6785,402,0,0,0,0,0,118013024,0,161,0,4,402,6785,0,0,0,0,0,0,0,0,0,0,0,0,0,0,0,0,0,0,0,0,0,0,0,0,0,0,0,0,0,0,0,0,0,0,0,0,0,0,0,0,0,0,0,0,0,0,0,0,0,0,0,0,0,0,588220491,0,0,0,844694239,0,0,0,0,0,0,0,175464343,379194309,703113715,329217248256,145285584,1,1,0,0,0,0,0,0,0,0,0,0,0,0,0,0,0,0,0,0,0,0,0,0,0,0,0,0,0,0,0,465,0,0,0,0,0,0,0
1782468957.081,0,0,0,0,0,0,0,1476194619,6211778595328,2250296566784,0,0,0,0,0,0,0,0,0,0,0,0,0,0,0,0,0,0,0,0,0,0,0,0,0,0,0,0,0,0,0,0,0,0,0,0,0,0,0,0,0,0,0,0,0,0,0,0,0,0,0,0,0,0,0,0,0,0,7,1918423,380639806,113196066,0,0,0,0,0,0,0,0,0,0,0,0,0,0,0,0,0,0,0,0,0,0,0,0,0,0,0,0,0,0,0,0,0,0,0,0,0,12877873152,5246812160,785999,320240,113075225,330,0,97,786432,378980852,811172,11,7253137129,12884901888,231425,1185328409,0,0,0,0,0,0,0,0,0,0,0,0,0,0,0,0,0,0,38829131,138727130,0,468,1202,7661,620,77658764,35,0,0,0,0,0,0,0,1,0,0,0,0,0,0,0,0,0,0,47398120,0,113073732,1994842,0,0,0,0,0,0,0,0,16384,0,0,0,0,0,0,0,0,0,0,0,6786,402,0,0,0,0,0,118042513,0,161,0,4,402,6786,0,0,0,0,0,0,0,0,0,0,0,0,0,0,0,0,0,0,0,0,0,0,0,0,0,0,0,0,0,0,0,0,0,0,0,0,0,0,0,0,0,0,0,0,0,0,0,0,0,0,0,0,0,0,588359571,0,0,0,844857862,0,0,0,0,0,0,0,175483198,379309294,703285301,329289548288,145297550,1,0,0,0,0,0,0,0,0,0,0,0,0,0,0,0,0,0,0,0,0,0,0,0,0,0,0,0,0,0,0,1149,0,0,0,0,0,0,0
1782468958.173,0,0,0,0,0,0,0,1476499274,6213530749440,2250859367424,0,0,0,0,0,0,0,0,0,0,0,0,0,0,0,0,0,0,0,0,0,0,0,0,0,0,0,0,0,0,0,0,0,0,0,0,0,0,0,0,0,0,0,0,0,0,0,0,0,0,0,0,0,0,0,0,0,0,7,1918447,380747581,113225555,0,0,0,0,0,0,0,0,0,0,0,0,0,0,0,0,0,0,0,0,0,0,0,0,0,0,0,0,0,0,0,0,0,0,0,0,0,12882624512,5256593408,786293,320837,113103864,33,0,106,786432,379088177,811172,11,7254673134,12884901888,234360,1185527784,0,0,0,0,0,0,0,0,0,0,0,0,0,0,0,0,0,0,38838153,138736150,0,468,1202,7661,620,77676808,35,0,0,0,0,0,0,0,1,0,0,0,0,0,0,0,0,0,0,47408334,0,113102371,1995237,0,0,0,0,0,0,0,0,16384,0,0,0,0,0,0,0,0,0,0,0,6787,402,0,0,0,0,0,118069922,0,161,0,4,402,6787,0,0,0,0,0,0,0,0,0,0,0,0,0,0,0,0,0,0,0,0,0,0,0,0,0,0,0,0,0,0,0,0,0,0,0,0,0,0,0,0,0,0,0,0,0,0,0,0,0,0,0,0,0,0,588492812,0,0,0,845010643,0,0,0,0,0,0,0,175500492,379416149,703449027,329358606848,145308893,1,0,0,0,0,0,0,0,0,0,0,0,0,0,0,0,0,0,0,0,0,0,0,0,0,0,0,0,0,0,0,1267,0,0,0,0,0,0,0
1782468959.257,0,0,0,0,0,0,0,1476806850,6215303662080,2251435982848,0,0,0,0,0,0,0,0,0,0,0,0,0,0,0,0,0,0,0,0,0,0,0,0,0,0,0,0,0,0,0,0,0,0,0,0,0,0,0,0,0,0,0,0,0,0,0,0,0,0,0,0,0,0,0,0,0,0,7,1918474,380856621,113255759,0,0,0,0,0,0,0,0,0,0,0,0,0,0,0,0,0,0,0,0,0,0,0,0,0,0,0,0,0,0,0,0,0,0,0,0,0,12879642624,5255446528,786111,320766,113133205,224,0,98,786432,379196709,811172,11,7256223948,12884901888,236765,1185731533,0,0,0,0,0,0,0,0,0,0,0,0,0,0,0,0,0,0,38847263,138745262,0,468,1202,7661,620,77695027,35,0,0,0,0,0,0,0,1,0,0,0,0,0,0,0,0,0,0,47418663,0,113131838,1995640,0,0,0,0,0,0,0,0,16384,0,0,0,0,0,0,0,0,0,0,0,6788,402,0,0,0,0,0,118097596,0,161,0,4,402,6788,0,0,0,0,0,0,0,0,0,0,0,0,0,0,0,0,0,0,0,0,0,0,0,0,0,0,0,0,0,0,0,0,0,0,0,0,0,0,0,0,0,0,0,0,0,0,0,0,0,0,0,0,0,0,588628904,0,0,0,845165857,0,0,0,0,0,0,0,175517327,379524341,703616204,329429328896,145319757,1,1,0,0,0,0,0,0,0,0,0,0,0,0,0,0,0,0,0,0,0,0,0,0,0,0,0,0,0,0,0,357,0,0,0,0,0,0,0
1782468960.342,0,0,0,0,0,0,0,1477116989,6217097218560,2252015312384,0,0,0,0,0,0,0,0,0,0,0,0,0,0,0,0,0,0,0,0,0,0,0,0,0,0,0,0,0,0,0,0,0,0,0,0,0,0,0,0,0,0,0,0,0,0,0,0,0,0,0,0,0,0,0,0,0,0,7,1918492,380966982,113286162,0,0,0,0,0,0,0,0,0,0,0,0,0,0,0,0,0,0,0,0,0,0,0,0,0,0,0,0,0,0,0,0,0,0,0,0,0,12880560128,5258657792,786166,320963,113162685,165,0,99,786432,379306570,811172,11,7257785643,12884901888,239268,1185933082,0,0,0,0,0,0,0,0,0,0,0,0,0,0,0,0,0,0,38856475,138754470,0,468,1202,7661,620,77713444,35,0,0,0,0,0,0,0,1,0,0,0,0,0,0,0,0,0,0,47429085,0,113161318,1996029,0,0,0,0,0,0,0,0,16384,0,0,0,0,0,0,0,0,0,0,0,6790,402,0,0,0,0,0,118125608,0,161,0,4,402,6790,0,0,0,0,0,0,0,0,0,0,0,0,0,0,0,0,0,0,0,0,0,0,0,0,0,0,0,0,0,0,0,0,0,0,0,0,0,0,0,0,0,0,0,0,0,0,0,0,0,0,0,0,0,0,588763858,0,0,0,845321017,0,0,0,0,0,0,0,175535722,379633807,703782590,329499304448,145331784,1,0,0,0,0,0,0,0,0,0,0,0,0,0,0,0,0,0,0,0,0,0,0,0,0,0,0,0,0,0,0,1018,0,0,0,0,0,0,0
1782468961.428,0,0,0,0,0,0,0,1477435150,6218928540160,2252642338816,0,0,0,0,0,0,0,0,0,0,0,0,0,0,0,0,0,0,0,0,0,0,0,0,0,0,0,0,0,0,0,0,0,0,0,0,0,0,0,0,0,0,0,0,0,0,0,0,0,0,0,0,0,0,0,0,0,0,7,1918514,381079690,113319304,0,0,0,0,0,0,0,0,0,0,0,0,0,0,0,0,0,0,0,0,0,0,0,0,0,0,0,0,0,0,0,0,0,0,0,0,0,12879790080,5228380160,786120,319115,113193116,214,0,97,786432,379418789,811172,11,7259388436,12884901888,241412,1186141059,0,0,0,0,0,0,0,0,0,0,0,0,0,0,0,0,0,0,38865924,138763921,0,468,1202,7661,620,77732342,35,0,0,0,0,0,0,0,1,0,0,0,0,0,0,0,0,0,0,47439778,0,113193541,1996449,0,0,0,0,0,0,0,0,16384,0,0,0,0,0,0,0,0,0,0,0,6791,402,0,0,0,0,0,118154321,0,161,0,4,402,6791,0,0,0,0,0,0,0,0,0,0,0,0,0,0,0,0,0,0,0,0,0,0,0,0,0,0,0,0,0,0,0,0,0,0,0,0,0,0,0,0,0,0,0,0,0,0,0,0,0,0,0,0,0,0,588899228,0,0,0,845480562,0,0,0,0,0,0,0,175554225,379745558,703951995,329569747968,145343469,1,0,0,0,0,0,0,0,0,0,0,0,0,0,0,0,0,0,0,0,0,0,0,0,0,0,0,0,0,0,0,1192,0,0,0,0,0,0,0
1782468962.507,0,0,0,0,0,0,0,1477748890,6220731779584,2253258105856,0,0,0,0,0,0,0,0,0,0,0,0,0,0,0,0,0,0,0,0,0,0,0,0,0,0,0,0,0,0,0,0,0,0,0,0,0,0,0,0,0,0,0,0,0,0,0,0,0,0,0,0,0,0,0,0,0,0,7,1918538,381190608,113352110,0,0,0,0,0,0,0,0,0,0,0,0,0,0,0,0,0,0,0,0,0,0,0,0,0,0,0,0,0,0,0,0,0,0,0,0,0,12877299712,5197037568,785967,317202,113226727,367,0,97,786432,379529213,811172,11,7260967776,12884901888,244615,1186345604,0,0,0,0,0,0,0,0,0,0,0,0,0,0,0,0,0,0,38875211,138773210,0,468,1202,7661,620,77750916,35,0,0,0,0,0,0,0,1,0,0,0,0,0,0,0,0,0,0,47450277,0,113225434,1996867,0,0,0,0,0,0,0,0,16384,0,0,0,0,0,0,0,0,0,0,0,6792,402,0,0,0,0,0,118182554,0,161,0,4,402,6792,0,0,0,0,0,0,0,0,0,0,0,0,0,0,0,0,0,0,0,0,0,0,0,0,0,0,0,0,0,0,0,0,0,0,0,0,0,0,0,0,0,0,0,0,0,0,0,0,0,0,0,0,0,0,589032800,0,0,0,845637345,0,0,0,0,0,0,0,175574487,379855551,704119595,329639310336,145356407,1,0,0,0,0,0,0,0,0,0,0,0,0,0,0,0,0,0,0,0,0,0,0,0,0,0,0,0,0,0,0,1962,0,0,0,0,0,0,0
1782468963.592,0,0,0,0,0,0,0,1478079599,6222631258624,2253859210752,0,0,0,0,0,0,0,0,0,0,0,0,0,0,0,0,0,0,0,0,0,0,0,0,0,0,0,0,0,0,0,0,0,0,0,0,0,0,0,0,0,0,0,0,0,0,0,0,0,0,0,0,0,0,0,0,0,0,7,1918558,381307467,113383703,0,0,0,0,0,0,0,0,0,0,0,0,0,0,0,0,0,0,0,0,0,0,0,0,0,0,0,0,0,0,0,0,0,0,0,0,0,12879724544,5208817664,786116,317921,113257486,186,0,129,786432,379645547,811172,11,7262632026,12884901888,247030,1186560212,0,0,0,0,0,0,0,0,0,0,0,0,0,0,0,0,0,0,38885019,138783020,0,468,1202,7661,620,77770540,35,0,0,0,0,0,0,0,1,0,0,0,0,0,0,0,0,0,0,47461361,0,113256119,1997292,0,0,0,0,0,0,0,0,16384,0,0,0,0,0,0,0,0,0,0,0,6793,402,0,0,0,0,0,118212415,0,161,0,4,402,6793,0,0,0,0,0,0,0,0,0,0,0,0,0,0,0,0,0,0,0,0,0,0,0,0,0,0,0,0,0,0,0,0,0,0,0,0,0,0,0,0,0,0,0,0,0,0,0,0,0,0,0,0,0,0,589170614,0,0,0,845802441,0,0,0,0,0,0,0,175594447,379971385,704290075,329711081472,145368986,1,0,0,0,0,0,0,0,0,0,0,0,0,0,0,0,0,0,0,0,0,0,0,0,0,0,0,0,0,0,0,2989,0,0,0,0,0,0,0
1782468964.678,0,0,0,0,0,0,0,1478413494,6224555051520,2254475375616,0,0,0,0,0,0,0,0,0,0,0,0,0,0,0,0,0,0,0,0,0,0,0,0,0,0,0,0,0,0,0,0,0,0,0,0,0,0,0,0,0,0,0,0,0,0,0,0,0,0,0,0,0,0,0,0,0,0,7,1918576,381425754,113416103,0,0,0,0,0,0,0,0,0,0,0,0,0,0,0,0,0,0,0,0,0,0,0,0,0,0,0,0,0,0,0,0,0,0,0,0,0,12879790080,5213110272,786120,318183,113289270,209,0,100,786432,379763279,811172,11,7264321570,12884901888,248897,1186784782,0,0,0,0,0,0,0,0,0,0,0,0,0,0,0,0,0,0,38894924,138792922,0,468,1202,7661,620,77790352,35,0,0,0,0,0,0,0,1,0,0,0,0,0,0,0,0,0,0,47472564,0,113287775,1997729,0,0,0,0,0,0,0,0,16384,0,0,0,0,0,0,0,0,0,0,0,6794,402,0,0,0,0,0,118242471,0,161,0,4,402,6794,0,0,0,0,0,0,0,0,0,0,0,0,0,0,0,0,0,0,0,0,0,0,0,0,0,0,0,0,0,0,0,0,0,0,0,0,0,0,0,0,0,0,0,0,0,0,0,0,0,0,0,0,0,0,589312577,0,0,0,845972433,0,0,0,0,0,0,0,175614053,380088723,704465165,329784852480,145381240,1,0,0,0,0,0,0,0,0,0,0,0,0,0,0,0,0,0,0,0,0,0,0,0,0,0,0,0,0,0,0,628,0,0,0,0,0,0,0
1782468965.771,0,0,0,0,0,0,0,1478739834,6226432281088,2255073881600,0,0,0,0,0,0,0,0,0,0,0,0,0,0,0,0,0,0,0,0,0,0,0,0,0,0,0,0,0,0,0,0,0,0,0,0,0,0,0,0,0,0,0,0,0,0,0,0,0,0,0,0,0,0,0,0,0,0,7,1918608,381541270,113447631,0,0,0,0,0,0,0,0,0,0,0,0,0,0,0,0,0,0,0,0,0,0,0,0,0,0,0,0,0,0,0,0,0,0,0,0,0,12878757888,5222039552,786058,318728,113319840,277,0,96,786432,379878252,811172,11,7265963987,12884901888,251333,1186997097,0,0,0,0,0,0,0,0,0,0,0,0,0,0,0,0,0,0,38904610,138802612,0,468,1202,7661,620,77809715,35,0,0,0,0,0,0,0,1,0,0,0,0,0,0,0,0,0,0,47483536,0,113318345,1998143,0,0,0,0,0,0,0,0,16384,0,0,0,0,0,0,0,0,0,0,0,6795,402,0,0,0,0,0,118271945,0,161,0,4,402,6795,0,0,0,0,0,0,0,0,0,0,0,0,0,0,0,0,0,0,0,0,0,0,0,0,0,0,0,0,0,0,0,0,0,0,0,0,0,0,0,0,0,0,0,0,0,0,0,0,0,0,0,0,0,0,589448511,0,0,0,846135602,0,0,0,0,0,0,0,175633918,380203268,704633692,329855568896,145393958,1,1,0,0,0,0,0,0,0,0,0,0,0,0,0,0,0,0,0,0,0,0,0,0,0,0,0,0,0,0,0,1432,0,0,0,0,0,0,0
1782468966.858,0,0,0,0,0,0,0,1479062566,6228295059968,2255673403392,0,0,0,0,0,0,0,0,0,0,0,0,0,0,0,0,0,0,0,0,0,0,0,0,0,0,0,0,0,0,0,0,0,0,0,0,0,0,0,0,0,0,0,0,0,0,0,0,0,0,0,0,0,0,0,0,0,0,7,1918637,381655939,113479122,0,0,0,0,0,0,0,0,0,0,0,0,0,0,0,0,0,0,0,0,0,0,0,0,0,0,0,0,0,0,0,0,0,0,0,0,0,12878741504,5223317504,786056,318806,113350565,279,0,98,786432,379992400,811172,11,7267594222,12884901888,253313,1187211763,0,0,0,0,0,0,0,0,0,0,0,0,0,0,0,0,0,0,38914200,138812201,0,468,1202,7661,620,77828909,35,0,0,0,0,0,0,0,1,0,0,0,0,0,0,0,0,0,0,47494389,0,113349148,1998559,0,0,0,0,0,0,0,0,16384,0,0,0,0,0,0,0,0,0,0,0,6796,402,0,0,0,0,0,118301082,0,161,0,4,402,6796,0,0,0,0,0,0,0,0,0,0,0,0,0,0,0,0,0,0,0,0,0,0,0,0,0,0,0,0,0,0,0,0,0,0,0,0,0,0,0,0,0,0,0,0,0,0,0,0,0,0,0,0,0,0,589587268,0,0,0,846298866,0,0,0,0,0,0,0,175653073,380316984,704804777,329927762432,145406322,1,1,0,0,0,0,0,0,0,0,0,0,0,0,0,0,0,0,0,0,0,0,0,0,0,0,0,0,0,0,0,364,0,0,0,0,0,0,0
1782468967.949,0,0,0,0,0,0,0,1479364780,6230027799040,2256231934976,0,0,0,0,0,0,0,0,0,0,0,0,0,0,0,0,0,0,0,0,0,0,0,0,0,0,0,0,0,0,0,0,0,0,0,0,0,0,0,0,0,0,0,0,0,0,0,0,0,0,0,0,0,0,0,0,0,0,7,1918654,381762536,113508353,0,0,0,0,0,0,0,0,0,0,0,0,0,0,0,0,0,0,0,0,0,0,0,0,0,0,0,0,0,0,0,0,0,0,0,0,0,12882001920,5225283584,786255,318926,113378600,78,0,96,786432,380098537,811172,11,7269114664,12884901888,257454,1187409266,0,0,0,0,0,0,0,0,0,0,0,0,0,0,0,0,0,0,38923149,138821148,0,468,1202,7661,620,77846799,35,0,0,0,0,0,0,0,1,0,0,0,0,0,0,0,0,0,0,47504513,0,113377105,1998939,0,0,0,0,0,0,0,0,16384,0,0,0,0,0,0,0,0,0,0,0,6797,402,0,0,0,0,0,118328321,0,161,0,4,402,6797,0,0,0,0,0,0,0,0,0,0,0,0,0,0,0,0,0,0,0,0,0,0,0,0,0,0,0,0,0,0,0,0,0,0,0,0,0,0,0,0,0,0,0,0,0,0,0,0,0,0,0,0,0,0,589720463,0,0,0,846450254,0,0,0,0,0,0,0,175670513,380422715,704968647,329996871680,145417789,1,1,0,0,0,0,0,0,0,0,0,0,0,0,0,0,0,0,0,0,0,0,0,0,0,0,0,0,0,0,0,496,0,0,0,0,0,0,0
1782468969.037,0,0,0,0,0,0,0,1479686119,6231874947584,2256824868352,0,0,0,0,0,0,0,0,0,0,0,0,0,0,0,0,0,0,0,0,0,0,0,0,0,0,0,0,0,0,0,0,0,0,0,0,0,0,0,0,0,0,0,0,0,0,0,0,0,0,0,0,0,0,0,0,0,0,7,1918670,381876145,113539472,0,0,0,0,0,0,0,0,0,0,0,0,0,0,0,0,0,0,0,0,0,0,0,0,0,0,0,0,0,0,0,0,0,0,0,0,0,12876529664,5231476736,785922,319304,113408906,416,0,99,786432,380211664,811172,11,7270729632,12884901888,259566,1187616861,0,0,0,0,0,0,0,0,0,0,0,0,0,0,0,0,0,0,38932670,138830665,0,468,1202,7661,620,77865836,35,0,0,0,0,0,0,0,1,0,0,0,0,0,0,0,0,0,0,47515288,0,113407482,1999355,0,0,0,0,0,0,0,0,16384,0,0,0,0,0,0,0,0,0,0,0,6798,402,0,0,0,0,0,118357215,0,161,0,4,402,6798,0,0,0,0,0,0,0,0,0,0,0,0,0,0,0,0,0,0,0,0,0,0,0,0,0,0,0,0,0,0,0,0,0,0,0,0,0,0,0,0,0,0,0,0,0,0,0,0,0,0,0,0,0,0,589859199,0,0,0,846610357,0,0,0,0,0,0,0,175689400,380535403,705139411,330068755456,145430056,1,0,0,0,0,0,0,0,0,0,0,0,0,0,0,0,0,0,0,0,0,0,0,0,0,0,0,0,0,0,0,1767,0,0,0,0,0,0,0
1782468970.125,0,0,0,0,0,0,0,1480000727,6233681644032,2257403855872,0,0,0,0,0,0,0,0,0,0,0,0,0,0,0,0,0,0,0,0,0,0,0,0,0,0,0,0,0,0,0,0,0,0,0,0,0,0,0,0,0,0,0,0,0,0,0,0,0,0,0,0,0,0,0,0,0,0,7,1918690,381987329,113569781,0,0,0,0,0,0,0,0,0,0,0,0,0,0,0,0,0,0,0,0,0,0,0,0,0,0,0,0,0,0,0,0,0,0,0,0,0,12878954496,5236064256,786071,319584,113438154,267,0,96,786432,380322321,811172,11,7272316538,12884901888,262353,1187825233,0,0,0,0,0,0,0,0,0,0,0,0,0,0,0,0,0,0,38941998,138839997,0,468,1202,7661,620,77884489,35,0,0,0,0,0,0,0,1,0,0,0,0,0,0,0,0,0,0,47525836,0,113436659,1999754,0,0,0,0,0,0,0,0,16384,0,0,0,0,0,0,0,0,0,0,0,6799,402,0,0,0,0,0,118385592,0,161,0,4,402,6799,0,0,0,0,0,0,0,0,0,0,0,0,0,0,0,0,0,0,0,0,0,0,0,0,0,0,0,0,0,0,0,0,0,0,0,0,0,0,0,0,0,0,0,0,0,0,0,0,0,0,0,0,0,0,589996692,0,0,0,846769235,0,0,0,0,0,0,0,175707954,380645625,705308406,330140127744,145442197,1,0,0,0,0,0,0,0,0,0,0,0,0,0,0,0,0,0,0,0,0,0,0,0,0,0,0,0,0,0,0,800,0,0,0,0,0,0,0
1782468971.213,0,0,0,0,0,0,0,1480327966,6235567720960,2258003473920,0,0,0,0,0,0,0,0,0,0,0,0,0,0,0,0,0,0,0,0,0,0,0,0,0,0,0,0,0,0,0,0,0,0,0,0,0,0,0,0,0,0,0,0,0,0,0,0,0,0,0,0,0,0,0,0,0,0,7,1918713,382103348,113601329,0,0,0,0,0,0,0,0,0,0,0,0,0,0,0,0,0,0,0,0,0,0,0,0,0,0,0,0,0,0,0,0,0,0,0,0,0,12880986112,5241733120,786193,319930,113468855,134,0,104,786432,380437871,811172,11,7273966660,12884901888,264943,1188040892,0,0,0,0,0,0,0,0,0,0,0,0,0,0,0,0,0,0,38951703,138849703,0,468,1202,7661,620,77903914,35,0,0,0,0,0,0,0,1,0,0,0,0,0,0,0,0,0,0,47536822,0,113467360,2000181,0,0,0,0,0,0,0,0,16384,0,0,0,0,0,0,0,0,0,0,0,6801,403,0,0,0,0,0,118415064,0,163,0,4,403,6801,0,0,0,0,0,0,0,0,0,0,0,0,0,0,0,0,0,0,0,0,0,0,0,0,0,0,0,0,0,0,0,0,0,0,0,0,0,0,0,0,0,0,0,0,0,0,0,0,0,0,0,0,0,0,590135429,0,0,0,846934008,0,0,0,0,0,0,0,175728150,380760779,705479704,330212186624,145455266,1,1,0,0,0,0,0,0,0,0,0,0,0,0,0,0,0,0,0,0,0,0,0,0,0,0,0,0,0,0,0,293,0,0,0,0,0,0,0
1782468972.304,0,0,0,0,0,0,0,1480661335,6237483616768,2258613792768,0,0,0,0,0,0,0,0,0,0,0,0,0,0,0,0,0,0,0,0,0,0,0,0,0,0,0,0,0,0,0,0,0,0,0,0,0,0,0,0,0,0,0,0,0,0,0,0,0,0,0,0,0,0,0,0,0,0,7,1918738,382221185,113633486,0,0,0,0,0,0,0,0,0,0,0,0,0,0,0,0,0,0,0,0,0,0,0,0,0,0,0,0,0,0,0,0,0,0,0,0,0,12877758464,5248139264,785996,320321,113500291,339,0,98,786432,380555177,811172,11,7275646095,12884901888,267146,1188259135,0,0,0,0,0,0,0,0,0,0,0,0,0,0,0,0,0,0,38961602,138859600,0,468,1202,7661,620,77923698,35,0,0,0,0,0,0,0,1,0,0,0,0,0,0,0,0,0,0,47548013,0,113498796,2000618,0,0,0,0,0,0,0,0,16384,0,0,0,0,0,0,0,0,0,0,0,6802,403,0,0,0,0,0,118445139,0,163,0,4,403,6802,0,0,0,0,0,0,0,0,0,0,0,0,0,0,0,0,0,0,0,0,0,0,0,0,0,0,0,0,0,0,0,0,0,0,0,0,0,0,0,0,0,0,0,0,0,0,0,0,0,0,0,0,0,0,590274584,0,0,0,847101371,0,0,0,0,0,0,0,175747532,380877527,705651893,330284600832,145467395,1,1,0,0,0,0,0,0,0,0,0,0,0,0,0,0,0,0,0,0,0,0,0,0,0,0,0,0,0,0,0,428,0,0,0,0,0,0,0
1782468973.396,0,0,0,0,0,0,0,1480990355,6239382997504,2259239602688,0,0,0,0,0,0,0,0,0,0,0,0,0,0,0,0,0,0,0,0,0,0,0,0,0,0,0,0,0,0,0,0,0,0,0,0,0,0,0,0,0,0,0,0,0,0,0,0,0,0,0,0,0,0,0,0,0,0,7,1918765,382338059,113666568,0,0,0,0,0,0,0,0,0,0,0,0,0,0,0,0,0,0,0,0,0,0,0,0,0,0,0,0,0,0,0,0,0,0,0,0,0,12883279872,5235195904,786332,319531,113531265,2,0,98,786432,380671558,811172,11,7277300480,12884901888,269182,1188470755,0,0,0,0,0,0,0,0,0,0,0,0,0,0,0,0,0,0,38971386,138869385,0,468,1202,7661,620,77943281,35,0,0,0,0,0,0,0,1,0,0,0,0,0,0,0,0,0,0,47559085,0,113530797,2001050,0,0,0,0,0,0,0,0,16384,0,0,0,0,0,0,0,0,0,0,0,6803,403,0,0,0,0,0,118474911,0,163,0,4,403,6803,0,0,0,0,0,0,0,0,0,0,0,0,0,0,0,0,0,0,0,0,0,0,0,0,0,0,0,0,0,0,0,0,0,0,0,0,0,0,0,0,0,0,0,0,0,0,0,0,0,0,0,0,0,0,590411219,0,0,0,847265217,0,0,0,0,0,0,0,175766745,380993456,705822420,330355717120,145479612,1,0,0,0,0,0,0,0,0,0,0,0,0,0,0,0,0,0,0,0,0,0,0,0,0,0,0,0,0,0,0,1976,0,0,0,0,0,0,0
1782468974.479,0,0,0,0,0,0,0,1481312647,6241237780992,2259866091520,0,0,0,0,0,0,0,0,0,0,0,0,0,0,0,0,0,0,0,0,0,0,0,0,0,0,0,0,0,0,0,0,0,0,0,0,0,0,0,0,0,0,0,0,0,0,0,0,0,0,0,0,0,0,0,0,0,0,7,1918790,382452196,113699859,0,0,0,0,0,0,0,0,0,0,0,0,0,0,0,0,0,0,0,0,0,0,0,0,0,0,0,0,0,0,0,0,0,0,0,0,0,12883001344,5211455488,786316,318082,113561275,0,0,115,786432,380785228,811172,11,7278931171,12884901888,271963,1188685894,0,0,0,0,0,0,0,0,0,0,0,0,0,0,0,0,0,0,38980962,138878958,0,468,1202,7661,620,77962421,35,0,0,0,0,0,0,0,1,0,0,0,0,0,0,0,0,0,0,47569920,0,113563338,2001477,0,0,0,0,0,0,0,0,16384,0,0,0,0,0,0,0,0,0,0,0,6804,403,0,0,0,0,0,118504045,0,163,0,4,403,6804,0,0,0,0,0,0,0,0,0,0,0,0,0,0,0,0,0,0,0,0,0,0,0,0,0,0,0,0,0,0,0,0,0,0,0,0,0,0,0,0,0,0,0,0,0,0,0,0,0,0,0,0,0,0,590547565,0,0,0,847428744,0,0,0,0,0,0,0,175786231,381106601,705993267,330426696704,145491462,1,0,0,0,0,0,0,0,0,0,0,0,0,0,0,0,0,0,0,0,0,0,0,0,0,0,0,0,0,0,0,506,0,0,0,0,0,0,0
1782468975.562,0,0,0,0,0,0,0,1481632023,6243075394048,2260469916160,0,0,0,0,0,0,0,0,0,0,0,0,0,0,0,0,0,0,0,0,0,0,0,0,0,0,0,0,0,0,0,0,0,0,0,0,0,0,0,0,0,0,0,0,0,0,0,0,0,0,0,0,0,0,0,0,0,0,7,1918815,382565221,113731717,0,0,0,0,0,0,0,0,0,0,0,0,0,0,0,0,0,0,0,0,0,0,0,0,0,0,0,0,0,0,0,0,0,0,0,0,0,12879593472,5201444864,786108,317470,113595581,226,0,96,786432,380897790,811172,11,7280536963,12884901888,275269,1188891312,0,0,0,0,0,0,0,0,0,0,0,0,0,0,0,0,0,0,38990427,138888420,0,468,1202,7661,620,77981348,35,0,0,0,0,0,0,0,1,0,0,0,0,0,0,0,0,0,0,47580618,0,113594086,2001891,0,0,0,0,0,0,0,0,16384,0,0,0,0,0,0,0,0,0,0,0,6805,403,0,0,0,0,0,118532796,0,163,0,4,403,6805,0,0,0,0,0,0,0,0,0,0,0,0,0,0,0,0,0,0,0,0,0,0,0,0,0,0,0,0,0,0,0,0,0,0,0,0,0,0,0,0,0,0,0,0,0,0,0,0,0,0,0,0,0,0,590682880,0,0,0,847587218,0,0,0,0,0,0,0,175806126,381218734,706161673,330496986624,145503910,1,0,0,0,0,0,0,0,0,0,0,0,0,0,0,0,0,0,0,0,0,0,0,0,0,0,0,0,0,0,0,2304,0,0,0,0,0,0,0
1782468976.646,0,0,0,0,0,0,0,1481943739,6244863117824,2261046481920,0,0,0,0,0,0,0,0,0,0,0,0,0,0,0,0,0,0,0,0,0,0,0,0,0,0,0,0,0,0,0,0,0,0,0,0,0,0,0,0,0,0,0,0,0,0,0,0,0,0,0,0,0,0,0,0,0,0,7,1918844,382675171,113761886,0,0,0,0,0,0,0,0,0,0,0,0,0,0,0,0,0,0,0,0,0,0,0,0,0,0,0,0,0,0,0,0,0,0,0,0,0,12880379904,5205737472,786156,317733,113624990,181,0,96,786432,381007263,811172,11,7282112411,12884901888,277563,1189100067,0,0,0,0,0,0,0,0,0,0,0,0,0,0,0,0,0,0,38999654,138897652,0,468,1202,7661,620,77999799,35,0,0,0,0,0,0,0,1,0,0,0,0,0,0,0,0,0,0,47591064,0,113623495,2002289,0,0,0,0,0,0,0,0,16384,0,0,0,0,0,0,0,0,0,0,0,6806,403,0,0,0,0,0,118560871,0,163,0,4,403,6806,0,0,0,0,0,0,0,0,0,0,0,0,0,0,0,0,0,0,0,0,0,0,0,0,0,0,0,0,0,0,0,0,0,0,0,0,0,0,0,0,0,0,0,0,0,0,0,0,0,0,0,0,0,0,590820475,0,0,0,847745670,0,0,0,0,0,0,0,175823397,381327798,706330389,330568334336,145515234,1,0,0,0,0,0,0,0,0,0,0,0,0,0,0,0,0,0,0,0,0,0,0,0,0,0,0,0,0,0,0,431,0,0,0,0,0,0,0
1782468977.730,0,0,0,0,0,0,0,1482263068,6246697601536,2261636792320,0,0,0,0,0,0,0,0,0,0,0,0,0,0,0,0,0,0,0,0,0,0,0,0,0,0,0,0,0,0,0,0,0,0,0,0,0,0,0,0,0,0,0,0,0,0,0,0,0,0,0,0,0,0,0,0,0,0,7,1918860,382787987,113792924,0,0,0,0,0,0,0,0,0,0,0,0,0,0,0,0,0,0,0,0,0,0,0,0,0,0,0,0,0,0,0,0,0,0,0,0,0,12878249984,5209554944,786027,317967,113655118,307,0,101,786432,381119561,811172,11,7283713100,12884901888,280380,1189303061,0,0,0,0,0,0,0,0,0,0,0,0,0,0,0,0,0,0,39009115,138907116,0,468,1202,7661,620,78018723,35,0,0,0,0,0,0,0,1,0,0,0,0,0,0,0,0,0,0,47601791,0,113653623,2002695,0,0,0,0,0,0,0,0,16384,0,0,0,0,0,0,0,0,0,0,0,6807,403,0,0,0,0,0,118589666,0,163,0,4,403,6807,0,0,0,0,0,0,0,0,0,0,0,0,0,0,0,0,0,0,0,0,0,0,0,0,0,0,0,0,0,0,0,0,0,0,0,0,0,0,0,0,0,0,0,0,0,0,0,0,0,0,0,0,0,0,590957834,0,0,0,847903542,0,0,0,0,0,0,0,175841851,381439804,706499830,330639713792,145527373,1,0,0,0,0,0,0,0,0,0,0,0,0,0,0,0,0,0,0,0,0,0,0,0,0,0,0,0,0,0,0,2846,0,0,0,0,0,0,0
1782468978.820,0,0,0,0,0,0,0,1482578817,6248518076928,2262224140288,0,0,0,0,0,0,0,0,0,0,0,0,0,0,0,0,0,0,0,0,0,0,0,0,0,0,0,0,0,0,0,0,0,0,0,0,0,0,0,0,0,0,0,0,0,0,0,0,0,0,0,0,0,0,0,0,0,0,7,1918887,382899977,113823751,0,0,0,0,0,0,0,0,0,0,0,0,0,0,0,0,0,0,0,0,0,0,0,0,0,0,0,0,0,0,0,0,0,0,0,0,0,12875563008,5215027200,785861,318300,113685163,473,0,99,786432,381231044,811172,11,7285310820,12884901888,282642,1189514819,0,0,0,0,0,0,0,0,0,0,0,0,0,0,0,0,0,0,39018480,138916477,0,468,1202,7661,620,78037463,35,0,0,0,0,0,0,0,1,0,0,0,0,0,0,0,0,0,0,47612391,0,113683701,2003111,0,0,0,0,0,0,0,0,16384,0,0,0,0,0,0,0,0,0,0,0,6808,403,0,0,0,0,0,118618128,0,163,0,4,403,6808,0,0,0,0,0,0,0,0,0,0,0,0,0,0,0,0,0,0,0,0,0,0,0,0,0,0,0,0,0,0,0,0,0,0,0,0,0,0,0,0,0,0,0,0,0,0,0,0,0,0,0,0,0,0,591094599,0,0,0,848063801,0,0,0,0,0,0,0,175860530,381550915,706668319,330710829056,145539460,1,0,0,0,0,0,0,0,0,0,0,0,0,0,0,0,0,0,0,0,0,0,0,0,0,0,0,0,0,0,0,1044,0,0,0,0,0,0,0
1782468979.908,0,0,0,0,0,0,0,1482901124,6250375727616,2262820394496,0,0,0,0,0,0,0,0,0,0,0,0,0,0,0,0,0,0,0,0,0,0,0,0,0,0,0,0,0,0,0,0,0,0,0,0,0,0,0,0,0,0,0,0,0,0,0,0,0,0,0,0,0,0,0,0,0,0,7,1918916,383014238,113855025,0,0,0,0,0,0,0,0,0,0,0,0,0,0,0,0,0,0,0,0,0,0,0,0,0,0,0,0,0,0,0,0,0,0,0,0,0,12879560704,5223792640,786105,318835,113715753,226,0,100,786432,381344785,811172,11,7286935905,12884901888,285007,1189726019,0,0,0,0,0,0,0,0,0,0,0,0,0,0,0,0,0,0,39028030,138926026,0,468,1202,7661,620,78056569,35,0,0,0,0,0,0,0,1,0,0,0,0,0,0,0,0,0,0,47623212,0,113714258,2003523,0,0,0,0,0,0,0,0,16384,0,0,0,0,0,0,0,0,0,0,0,6809,403,0,0,0,0,0,118647152,0,163,0,4,403,6809,0,0,0,0,0,0,0,0,0,0,0,0,0,0,0,0,0,0,0,0,0,0,0,0,0,0,0,0,0,0,0,0,0,0,0,0,0,0,0,0,0,0,0,0,0,0,0,0,0,0,0,0,0,0,591234006,0,0,0,848225444,0,0,0,0,0,0,0,175878181,381664159,706839887,330783345664,145550714,0,0,0,0,0,0,0,0,0,0,0,0,0,0,0,0,0,0,0,0,0,0,0,0,0,0,0,0,0,0,0,1303,0,0,0,0,0,0,0
1782468980.999,0,0,0,0,0,0,0,1483230122,6252266146304,2263423612416,0,0,0,0,0,0,0,0,0,0,0,0,0,0,0,0,0,0,0,0,0,0,0,0,0,0,0,0,0,0,0,0,0,0,0,0,0,0,0,0,0,0,0,0,0,0,0,0,0,0,0,0,0,0,0,0,0,0,7,1918940,383130624,113886691,0,0,0,0,0,0,0,0,0,0,0,0,0,0,0,0,0,0,0,0,0,0,0,0,0,0,0,0,0,0,0,0,0,0,0,0,0,12879036416,5238095872,786075,319708,113746716,223,0,134,786432,381460634,811172,11,7288594548,12884901888,286950,1189941500,0,0,0,0,0,0,0,0,0,0,0,0,0,0,0,0,0,0,39037802,138935799,0,468,1202,7661,620,78076100,35,0,0,0,0,0,0,0,1,0,0,0,0,0,0,0,0,0,0,47634282,0,113745221,2003945,0,0,0,0,0,0,0,0,16384,0,0,0,0,0,0,0,0,0,0,0,6810,403,0,0,0,0,0,118676872,0,163,0,4,403,6810,0,0,0,0,0,0,0,0,0,0,0,0,0,0,0,0,0,0,0,0,0,0,0,0,0,0,0,0,0,0,0,0,0,0,0,0,0,0,0,0,0,0,0,0,0,0,0,0,0,0,0,0,0,0,591373377,0,0,0,848390608,0,0,0,0,0,0,0,175897562,381779530,707011798,330855994368,145562919,1,0,0,0,0,0,0,0,0,0,0,0,0,0,0,0,0,0,0,0,0,0,0,0,0,0,0,0,0,0,0,1494,0,0,0,0,0,0,0
1782468982.087,0,0,0,0,0,0,0,1483552926,6254126418432,2264024240128,0,0,0,0,0,0,0,0,0,0,0,0,0,0,0,0,0,0,0,0,0,0,0,0,0,0,0,0,0,0,0,0,0,0,0,0,0,0,0,0,0,0,0,0,0,0,0,0,0,0,0,0,0,0,0,0,0,0,7,1918956,383245005,113918303,0,0,0,0,0,0,0,0,0,0,0,0,0,0,0,0,0,0,0,0,0,0,0,0,0,0,0,0,0,0,0,0,0,0,0,0,0,12876939264,5246173184,785946,320201,113777332,392,0,97,786432,381574474,811172,11,7290222392,12884901888,289667,1190154578,0,0,0,0,0,0,0,0,0,0,0,0,0,0,0,0,0,0,39047393,138945394,0,468,1202,7661,620,78095279,35,0,0,0,0,0,0,0,1,0,0,0,0,0,0,0,0,0,0,47645155,0,113775908,2004358,0,0,0,0,0,0,0,0,16384,0,0,0,0,0,0,0,0,0,0,0,6811,403,0,0,0,0,0,118705983,0,163,0,4,403,6811,0,0,0,0,0,0,0,0,0,0,0,0,0,0,0,0,0,0,0,0,0,0,0,0,0,0,0,0,0,0,0,0,0,0,0,0,0,0,0,0,0,0,0,0,0,0,0,0,0,0,0,0,0,0,591510237,0,0,0,848553411,0,0,0,0,0,0,0,175917874,381892986,707181326,330927171584,145575978,1,0,0,0,0,0,0,0,0,0,0,0,0,0,0,0,0,0,0,0,0,0,0,0,0,0,0,0,0,0,0,910,0,0,0,0,0,0,0
1782468983.175,0,0,0,0,0,0,0,1483873566,6255964719616,2264613642240,0,0,0,0,0,0,0,0,0,0,0,0,0,0,0,0,0,0,0,0,0,0,0,0,0,0,0,0,0,0,0,0,0,0,0,0,0,0,0,0,0,0,0,0,0,0,0,0,0,0,0,0,0,0,0,0,0,0,7,1918973,383358123,113949394,0,0,0,0,0,0,0,0,0,0,0,0,0,0,0,0,0,0,0,0,0,0,0,0,0,0,0,0,0,0,0,0,0,0,0,0,0,12877021184,5256085504,785951,320806,113807371,384,0,96,786432,381687090,811172,11,7291835011,12884901888,292692,1190361834,0,0,0,0,0,0,0,0,0,0,0,0,0,0,0,0,0,0,39056897,138954900,0,468,1202,7661,620,78114290,35,0,0,0,0,0,0,0,1,0,0,0,0,0,0,0,0,0,0,47655902,0,113805876,2004769,0,0,0,0,0,0,0,0,16384,0,0,0,0,0,0,0,0,0,0,0,6813,403,0,0,0,0,0,118734896,0,163,0,4,403,6813,0,0,0,0,0,0,0,0,0,0,0,0,0,0,0,0,0,0,0,0,0,0,0,0,0,0,0,0,0,0,0,0,0,0,0,0,0,0,0,0,0,0,0,0,0,0,0,0,0,0,0,0,0,0,591642208,0,0,0,848713415,0,0,0,0,0,0,0,175938421,382005087,707345606,330995988992,145589131,0,0,0,0,0,0,0,0,0,0,0,0,0,0,0,0,0,0,0,0,0,0,0,0,0,0,0,0,0,0,0,1940,0,0,0,0,0,0,0
1782468984.262,0,0,0,0,0,0,0,1484201790,6257849797120,2265215371264,0,0,0,0,0,0,0,0,0,0,0,0,0,0,0,0,0,0,0,0,0,0,0,0,0,0,0,0,0,0,0,0,0,0,0,0,0,0,0,0,0,0,0,0,0,0,0,0,0,0,0,0,0,0,0,0,0,0,7,1918995,383474083,113980996,0,0,0,0,0,0,0,0,0,0,0,0,0,0,0,0,0,0,0,0,0,0,0,0,0,0,0,0,0,0,0,0,0,0,0,0,0,12877840384,5267931136,786001,321529,113838202,331,0,98,786432,381802526,811172,11,7293493395,12884901888,294849,1190580223,0,0,0,0,0,0,0,0,0,0,0,0,0,0,0,0,0,0,39066638,138964637,0,468,1202,7661,620,78133789,35,0,0,0,0,0,0,0,1,0,0,0,0,0,0,0,0,0,0,47666923,0,113836707,2005196,0,0,0,0,0,0,0,0,16384,0,0,0,0,0,0,0,0,0,0,0,6814,403,0,0,0,0,0,118764424,0,163,0,4,403,6814,0,0,0,0,0,0,0,0,0,0,0,0,0,0,0,0,0,0,0,0,0,0,0,0,0,0,0,0,0,0,0,0,0,0,0,0,0,0,0,0,0,0,0,0,0,0,0,0,0,0,0,0,0,0,591781075,0,0,0,848879716,0,0,0,0,0,0,0,175958413,382120148,707516918,331068307968,145601904,1,0,0,0,0,0,0,0,0,0,0,0,0,0,0,0,0,0,0,0,0,0,0,0,0,0,0,0,0,0,0,624,0,0,0,0,0,0,0
1782468985.350,0,0,0,0,0,0,0,1484515444,6259651136000,2265794583040,0,0,0,0,0,0,0,0,0,0,0,0,0,0,0,0,0,0,0,0,0,0,0,0,0,0,0,0,0,0,0,0,0,0,0,0,0,0,0,0,0,0,0,0,0,0,0,0,0,0,0,0,0,0,0,0,0,0,7,1919015,383584938,114011444,0,0,0,0,0,0,0,0,0,0,0,0,0,0,0,0,0,0,0,0,0,0,0,0,0,0,0,0,0,0,0,0,0,0,0,0,0,12881657856,5278203904,786233,322156,113867717,98,0,102,786432,381912901,811172,11,7295074225,12884901888,297394,1190785370,0,0,0,0,0,0,0,0,0,0,0,0,0,0,0,0,0,0,39075947,138973949,0,468,1202,7661,620,78152406,35,0,0,0,0,0,0,0,1,0,0,0,0,0,0,0,0,0,0,47677467,0,113866222,2005599,0,0,0,0,0,0,0,0,16384,0,0,0,0,0,0,0,0,0,0,0,6815,403,0,0,0,0,0,118792765,0,163,0,4,403,6815,0,0,0,0,0,0,0,0,0,0,0,0,0,0,0,0,0,0,0,0,0,0,0,0,0,0,0,0,0,0,0,0,0,0,0,0,0,0,0,0,0,0,0,0,0,0,0,0,0,0,0,0,0,0,591914243,0,0,0,849037275,0,0,0,0,0,0,0,175977163,382230017,707681576,331137649664,145614220,1,0,0,0,0,0,0,0,0,0,0,0,0,0,0,0,0,0,0,0,0,0,0,0,0,0,0,0,0,0,0,665,0,0,0,0,0,0,0
1782468986.432,0,0,0,0,0,0,0,1484805447,6261317143040,2266368484352,0,0,0,0,0,0,0,0,0,0,0,0,0,0,0,0,0,0,0,0,0,0,0,0,0,0,0,0,0,0,0,0,0,0,0,0,0,0,0,0,0,0,0,0,0,0,0,0,0,0,0,0,0,0,0,0,0,0,7,1919036,383687400,114041811,0,0,0,0,0,0,0,0,0,0,0,0,0,0,0,0,0,0,0,0,0,0,0,0,0,0,0,0,0,0,0,0,0,0,0,0,0,12882247680,5251252224,786270,320511,113895290,63,0,99,786432,382014905,811172,11,7296532589,12884901888,300152,1190974750,0,0,0,0,0,0,0,0,0,0,0,0,0,0,0,0,0,0,39084562,138982563,0,468,1202,7661,620,78169631,35,0,0,0,0,0,0,0,1,0,0,0,0,0,0,0,0,0,0,47687223,0,113895715,2005982,0,0,0,0,0,0,0,0,16384,0,0,0,0,0,0,0,0,0,0,0,6816,403,0,0,0,0,0,118818967,0,163,0,4,403,6816,0,0,0,0,0,0,0,0,0,0,0,0,0,0,0,0,0,0,0,0,0,0,0,0,0,0,0,0,0,0,0,0,0,0,0,0,0,0,0,0,0,0,0,0,0,0,0,0,0,0,0,0,0,0,592043392,0,0,0,849182627,0,0,0,0,0,0,0,175994301,382331703,707842100,331204534272,145625680,1,0,0,0,0,0,0,0,0,0,0,0,0,0,0,0,0,0,0,0,0,0,0,0,0,0,0,0,0,0,0,688,0,0,0,0,0,0,0
1782468987.512,0,0,0,0,0,0,0,1485124472,6263149873664,2266997361664,0,0,0,0,0,0,0,0,0,0,0,0,0,0,0,0,0,0,0,0,0,0,0,0,0,0,0,0,0,0,0,0,0,0,0,0,0,0,0,0,0,0,0,0,0,0,0,0,0,0,0,0,0,0,0,0,0,0,7,1919059,383800076,114075213,0,0,0,0,0,0,0,0,0,0,0,0,0,0,0,0,0,0,0,0,0,0,0,0,0,0,0,0,0,0,0,0,0,0,0,0,0,12878954496,5220974592,786069,318663,113929819,266,0,96,786432,382127086,811172,11,7298136624,12884901888,302674,1191181692,0,0,0,0,0,0,0,0,0,0,0,0,0,0,0,0,0,0,39093999,138991999,0,468,1202,7661,620,78188495,35,0,0,0,0,0,0,0,1,0,0,0,0,0,0,0,0,0,0,47697907,0,113928324,2006410,0,0,0,0,0,0,0,0,16384,0,0,0,0,0,0,0,0,0,0,0,6817,403,0,0,0,0,0,118847670,0,163,0,4,403,6817,0,0,0,0,0,0,0,0,0,0,0,0,0,0,0,0,0,0,0,0,0,0,0,0,0,0,0,0,0,0,0,0,0,0,0,0,0,0,0,0,0,0,0,0,0,0,0,0,0,0,0,0,0,0,592178425,0,0,0,849341482,0,0,0,0,0,0,0,176013788,382443477,708011543,331274845696,145638092,1,0,0,0,0,0,0,0,0,0,0,0,0,0,0,0,0,0,0,0,0,0,0,0,0,0,0,0,0,0,0,1903,0,0,0,0,0,0,0
1782468988.594,0,0,0,0,0,0,0,1485444301,6264985963008,2267586896384,0,0,0,0,0,0,0,0,0,0,0,0,0,0,0,0,0,0,0,0,0,0,0,0,0,0,0,0,0,0,0,0,0,0,0,0,0,0,0,0,0,0,0,0,0,0,0,0,0,0,0,0,0,0,0,0,0,0,7,1919083,383912999,114106158,0,0,0,0,0,0,0,0,0,0,0,0,0,0,0,0,0,0,0,0,0,0,0,0,0,0,0,0,0,0,0,0,0,0,0,0,0,12881428480,5228871680,786220,319145,113959849,114,0,98,786432,382239535,811172,11,7299747004,12884901888,305278,1191391104,0,0,0,0,0,0,0,0,0,0,0,0,0,0,0,0,0,0,39103460,139001462,0,468,1202,7661,620,78207427,35,0,0,0,0,0,0,0,1,0,0,0,0,0,0,0,0,0,0,47708620,0,113958354,2006816,0,0,0,0,0,0,0,0,16384,0,0,0,0,0,0,0,0,0,0,0,6818,403,0,0,0,0,0,118876421,0,163,0,4,403,6818,0,0,0,0,0,0,0,0,0,0,0,0,0,0,0,0,0,0,0,0,0,0,0,0,0,0,0,0,0,0,0,0,0,0,0,0,0,0,0,0,0,0,0,0,0,0,0,0,0,0,0,0,0,0,592314147,0,0,0,849501745,0,0,0,0,0,0,0,176032523,382555499,708179255,331345369600,145649991,1,0,0,0,0,0,0,0,0,0,0,0,0,0,0,0,0,0,0,0,0,0,0,0,0,0,0,0,0,0,0,2117,0,0,0,0,0,0,0
1782468989.676,0,0,0,0,0,0,0,1485758682,6266790840832,2268169412608,0,0,0,0,0,0,0,0,0,0,0,0,0,0,0,0,0,0,0,0,0,0,0,0,0,0,0,0,0,0,0,0,0,0,0,0,0,0,0,0,0,0,0,0,0,0,0,0,0,0,0,0,0,0,0,0,0,0,7,1919108,384024097,114136694,0,0,0,0,0,0,0,0,0,0,0,0,0,0,0,0,0,0,0,0,0,0,0,0,0,0,0,0,0,0,0,0,0,0,0,0,0,12879675392,5235556352,786114,319554,113989604,222,0,99,786432,382350154,811172,11,7301336685,12884901888,307652,1191601652,0,0,0,0,0,0,0,0,0,0,0,0,0,0,0,0,0,0,39112802,139010804,0,468,1202,7661,620,78226116,35,0,0,0,0,0,0,0,1,0,0,0,0,0,0,0,0,0,0,47719192,0,113988109,2007219,0,0,0,0,0,0,0,0,16384,0,0,0,0,0,0,0,0,0,0,0,6819,403,0,0,0,0,0,118904798,0,163,0,4,403,6819,0,0,0,0,0,0,0,0,0,0,0,0,0,0,0,0,0,0,0,0,0,0,0,0,0,0,0,0,0,0,0,0,0,0,0,0,0,0,0,0,0,0,0,0,0,0,0,0,0,0,0,0,0,0,592452562,0,0,0,849661555,0,0,0,0,0,0,0,176050078,382665671,708349137,331417177600,145661343,0,0,0,0,0,0,0,0,0,0,0,0,0,0,0,0,0,0,0,0,0,0,0,0,0,0,0,0,0,0,0,418,0,0,0,0,0,0,0
1782468990.766,0,0,0,0,0,0,0,1486089638,6268695054848,2268775532544,0,0,0,0,0,0,0,0,0,0,0,0,0,0,0,0,0,0,0,0,0,0,0,0,0,0,0,0,0,0,0,0,0,0,0,0,0,0,0,0,0,0,0,0,0,0,0,0,0,0,0,0,0,0,0,0,0,0,7,1919141,384141334,114168585,0,0,0,0,0,0,0,0,0,0,0,0,0,0,0,0,0,0,0,0,0,0,0,0,0,0,0,0,0,0,0,0,0,0,0,0,0,12879314944,5246926848,786090,320247,114020569,215,0,126,786432,382466892,811172,11,7303001708,12884901888,310436,1191815688,0,0,0,0,0,0,0,0,0,0,0,0,0,0,0,0,0,0,39122619,139020617,0,468,1202,7661,620,78245748,35,0,0,0,0,0,0,0,1,0,0,0,0,0,0,0,0,0,0,47730298,0,114019074,2007642,0,0,0,0,0,0,0,0,16384,0,0,0,0,0,0,0,0,0,0,0,6820,403,0,0,0,0,0,118934667,0,163,0,4,403,6820,0,0,0,0,0,0,0,0,0,0,0,0,0,0,0,0,0,0,0,0,0,0,0,0,0,0,0,0,0,0,0,0,0,0,0,0,0,0,0,0,0,0,0,0,0,0,0,0,0,0,0,0,0,0,592590704,0,0,0,849826313,0,0,0,0,0,0,0,176070130,382781852,708520311,331489126912,145673952,0,0,0,0,0,0,0,0,0,0,0,0,0,0,0,0,0,0,0,0,0,0,0,0,0,0,0,0,0,0,0,1863,0,0,0,0,0,0,0
1782468991.855,0,0,0,0,0,0,0,1486413463,6270566861312,2269377415680,0,0,0,0,0,0,0,0,0,0,0,0,0,0,0,0,0,0,0,0,0,0,0,0,0,0,0,0,0,0,0,0,0,0,0,0,0,0,0,0,0,0,0,0,0,0,0,0,0,0,0,0,0,0,0,0,0,0,7,1919172,384256498,114200211,0,0,0,0,0,0,0,0,0,0,0,0,0,0,0,0,0,0,0,0,0,0,0,0,0,0,0,0,0,0,0,0,0,0,0,0,0,12879839232,5251334144,786123,320516,114051175,212,0,97,786432,382581534,811172,11,7304639566,12884901888,313334,1192031781,0,0,0,0,0,0,0,0,0,0,0,0,0,0,0,0,0,0,39132244,139030246,0,468,1202,7661,620,78264985,35,0,0,0,0,0,0,0,1,0,0,0,0,0,0,0,0,0,0,47741207,0,114049680,2008058,0,0,0,0,0,0,0,0,16384,0,0,0,0,0,0,0,0,0,0,0,6821,403,0,0,0,0,0,118963896,0,163,0,4,403,6821,0,0,0,0,0,0,0,0,0,0,0,0,0,0,0,0,0,0,0,0,0,0,0,0,0,0,0,0,0,0,0,0,0,0,0,0,0,0,0,0,0,0,0,0,0,0,0,0,0,0,0,0,0,0,592728221,0,0,0,849990408,0,0,0,0,0,0,0,176090205,382896095,708690605,331560867840,145686795,1,0,0,0,0,0,0,0,0,0,0,0,0,0,0,0,0,0,0,0,0,0,0,0,0,0,0,0,0,0,0,513,0,0,0,0,0,0,0
1782468992.940,0,0,0,0,0,0,0,1486746285,6272479431168,2269989006336,0,0,0,0,0,0,0,0,0,0,0,0,0,0,0,0,0,0,0,0,0,0,0,0,0,0,0,0,0,0,0,0,0,0,0,0,0,0,0,0,0,0,0,0,0,0,0,0,0,0,0,0,0,0,0,0,0,0,7,1919203,384374190,114232396,0,0,0,0,0,0,0,0,0,0,0,0,0,0,0,0,0,0,0,0,0,0,0,0,0,0,0,0,0,0,0,0,0,0,0,0,0,12879233024,5259427840,786089,321010,114082645,245,0,100,786432,382698649,811172,11,7306314050,12884901888,315164,1192247297,0,0,0,0,0,0,0,0,0,0,0,0,0,0,0,0,0,0,39142124,139040125,0,468,1202,7661,620,78284735,35,0,0,0,0,0,0,0,1,0,0,0,0,0,0,0,0,0,0,47752389,0,114081150,2008488,0,0,0,0,0,0,0,0,16384,0,0,0,0,0,0,0,0,0,0,0,6822,403,0,0,0,0,0,118993918,0,163,0,4,403,6822,0,0,0,0,0,0,0,0,0,0,0,0,0,0,0,0,0,0,0,0,0,0,0,0,0,0,0,0,0,0,0,0,0,0,0,0,0,0,0,0,0,0,0,0,0,0,0,0,0,0,0,0,0,0,592867473,0,0,0,850156413,0,0,0,0,0,0,0,176109796,383012833,708862900,331633483264,145699167,1,0,0,0,0,0,0,0,0,0,0,0,0,0,0,0,0,0,0,0,0,0,0,0,0,0,0,0,0,0,0,1725,0,0,0,0,0,0,0
1782468994.031,0,0,0,0,0,0,0,1487072182,6274359446016,2270590329856,0,0,0,0,0,0,0,0,0,0,0,0,0,0,0,0,0,0,0,0,0,0,0,0,0,0,0,0,0,0,0,0,0,0,0,0,0,0,0,0,0,0,0,0,0,0,0,0,0,0,0,0,0,0,0,0,0,0,7,1919225,384489897,114264022,0,0,0,0,0,0,0,0,0,0,0,0,0,0,0,0,0,0,0,0,0,0,0,0,0,0,0,0,0,0,0,0,0,0,0,0,0,12878446592,5265227776,786037,321364,114113272,295,0,97,786432,382813873,811172,11,7307957788,12884901888,317681,1192460501,0,0,0,0,0,0,0,0,0,0,0,0,0,0,0,0,0,0,39151776,139049778,0,468,1202,7661,620,78304059,35,0,0,0,0,0,0,0,1,0,0,0,0,0,0,0,0,0,0,47763316,0,114111777,2008909,0,0,0,0,0,0,0,0,16384,0,0,0,0,0,0,0,0,0,0,0,6823,403,0,0,0,0,0,119023302,0,163,0,4,403,6823,0,0,0,0,0,0,0,0,0,0,0,0,0,0,0,0,0,0,0,0,0,0,0,0,0,0,0,0,0,0,0,0,0,0,0,0,0,0,0,0,0,0,0,0,0,0,0,0,0,0,0,0,0,0,593004931,0,0,0,850319875,0,0,0,0,0,0,0,176130521,383127600,709033067,331704937472,145712482,1,0,0,0,0,0,0,0,0,0,0,0,0,0,0,0,0,0,0,0,0,0,0,0,0,0,0,0,0,0,0,1843,0,0,0,0,0,0,0
1782468995.122,0,0,0,0,0,0,0,1487382887,6276150004224,2271170035712,0,0,0,0,0,0,0,0,0,0,0,0,0,0,0,0,0,0,0,0,0,0,0,0,0,0,0,0,0,0,0,0,0,0,0,0,0,0,0,0,0,0,0,0,0,0,0,0,0,0,0,0,0,0,0,0,0,0,7,1919247,384600074,114294438,0,0,0,0,0,0,0,0,0,0,0,0,0,0,0,0,0,0,0,0,0,0,0,0,0,0,0,0,0,0,0,0,0,0,0,0,0,12879527936,5264293888,786104,321307,114142911,231,0,97,786432,382923545,811172,11,7309523152,12884901888,320235,1192664480,0,0,0,0,0,0,0,0,0,0,0,0,0,0,0,0,0,0,39160993,139058991,0,468,1202,7661,620,78322484,35,0,0,0,0,0,0,0,1,0,0,0,0,0,0,0,0,0,0,47773755,0,114141416,2009314,0,0,0,0,0,0,0,0,16384,0,0,0,0,0,0,0,0,0,0,0,6824,403,0,0,0,0,0,119051300,0,163,0,4,403,6824,0,0,0,0,0,0,0,0,0,0,0,0,0,0,0,0,0,0,0,0,0,0,0,0,0,0,0,0,0,0,0,0,0,0,0,0,0,0,0,0,0,0,0,0,0,0,0,0,0,0,0,0,0,0,593140159,0,0,0,850476558,0,0,0,0,0,0,0,176148714,383236915,709199706,331775122944,145724299,1,0,0,0,0,0,0,0,0,0,0,0,0,0,0,0,0,0,0,0,0,0,0,0,0,0,0,0,0,0,0,1275,0,0,0,0,0,0,0
1782468996.208,0,0,0,0,0,0,0,1487694241,6277941971456,2271748952064,0,0,0,0,0,0,0,0,0,0,0,0,0,0,0,0,0,0,0,0,0,0,0,0,0,0,0,0,0,0,0,0,0,0,0,0,0,0,0,0,0,0,0,0,0,0,0,0,0,0,0,0,0,0,0,0,0,0,7,1919269,384710242,114324822,0,0,0,0,0,0,0,0,0,0,0,0,0,0,0,0,0,0,0,0,0,0,0,0,0,0,0,0,0,0,0,0,0,0,0,0,0,12878364672,5267783680,786033,321520,114171849,297,0,100,786432,383033226,811172,11,7311093551,12884901888,324142,1192870339,0,0,0,0,0,0,0,0,0,0,0,0,0,0,0,0,0,0,39170229,139068227,0,468,1202,7661,620,78340964,35,0,0,0,0,0,0,0,1,0,0,0,0,0,0,0,0,0,0,47784214,0,114170478,2009720,0,0,0,0,0,0,0,0,16384,0,0,0,0,0,0,0,0,0,0,0,6826,403,0,0,0,0,0,119079368,0,163,0,4,403,6826,0,0,0,0,0,0,0,0,0,0,0,0,0,0,0,0,0,0,0,0,0,0,0,0,0,0,0,0,0,0,0,0,0,0,0,0,0,0,0,0,0,0,0,0,0,0,0,0,0,0,0,0,0,0,593274943,0,0,0,850633663,0,0,0,0,0,0,0,176167889,383346161,709366356,331845164032,145736673,1,1,0,0,0,0,0,0,0,0,0,0,0,0,0,0,0,0,0,0,0,0,0,0,0,0,0,0,0,0,0,397,0,0,0,0,0,0,0
1782468997.297,0,0,0,0,0,0,0,1488027865,6279867124224,2272357347328,0,0,0,0,0,0,0,0,0,0,0,0,0,0,0,0,0,0,0,0,0,0,0,0,0,0,0,0,0,0,0,0,0,0,0,0,0,0,0,0,0,0,0,0,0,0,0,0,0,0,0,0,0,0,0,0,0,0,7,1919292,384828693,114356787,0,0,0,0,0,0,0,0,0,0,0,0,0,0,0,0,0,0,0,0,0,0,0,0,0,0,0,0,0,0,0,0,0,0,0,0,0,12879331328,5281808384,786092,322376,114203137,243,0,96,786432,383151124,811172,11,7312774948,12884901888,326110,1193088453,0,0,0,0,0,0,0,0,0,0,0,0,0,0,0,0,0,0,39180121,139078122,0,468,1202,7661,620,78360753,35,0,0,0,0,0,0,0,1,0,0,0,0,0,0,0,0,0,0,47795420,0,114201642,2010148,0,0,0,0,0,0,0,0,16384,0,0,0,0,0,0,0,0,0,0,0,6827,403,0,0,0,0,0,119109429,0,163,0,4,403,6827,0,0,0,0,0,0,0,0,0,0,0,0,0,0,0,0,0,0,0,0,0,0,0,0,0,0,0,0,0,0,0,0,0,0,0,0,0,0,0,0,0,0,0,0,0,0,0,0,0,0,0,0,0,0,593415400,0,0,0,850801040,0,0,0,0,0,0,0,176187731,383463562,709539680,331918313472,145749425,1,0,0,0,0,0,0,0,0,0,0,0,0,0,0,0,0,0,0,0,0,0,0,0,0,0,0,0,0,0,0,676,0,0,0,0,0,0,0
1782468998.391,0,0,0,0,0,0,0,1488352964,6281747302912,2272976262144,0,0,0,0,0,0,0,0,0,0,0,0,0,0,0,0,0,0,0,0,0,0,0,0,0,0,0,0,0,0,0,0,0,0,0,0,0,0,0,0,0,0,0,0,0,0,0,0,0,0,0,0,0,0,0,0,0,0,7,1919318,384944357,114389295,0,0,0,0,0,0,0,0,0,0,0,0,0,0,0,0,0,0,0,0,0,0,0,0,0,0,0,0,0,0,0,0,0,0,0,0,0,12883050496,5272354816,786318,321799,114234053,2,0,111,786432,383266225,811172,11,7314415566,12884901888,328750,1193301917,0,0,0,0,0,0,0,0,0,0,0,0,0,0,0,0,0,0,39189798,139087796,0,468,1202,7661,620,78380099,35,0,0,0,0,0,0,0,1,0,0,0,0,0,0,0,0,0,0,47806377,0,114233070,2010564,0,0,0,0,0,0,0,0,16384,0,0,0,0,0,0,0,0,0,0,0,6828,403,0,0,0,0,0,119138824,0,163,0,4,403,6828,0,0,0,0,0,0,0,0,0,0,0,0,0,0,0,0,0,0,0,0,0,0,0,0,0,0,0,0,0,0,0,0,0,0,0,0,0,0,0,0,0,0,0,0,0,0,0,0,0,0,0,0,0,0,593555770,0,0,0,850964724,0,0,0,0,0,0,0,176206064,383578280,709713562,331991148544,145761240,1,0,0,0,0,0,0,0,0,0,0,0,0,0,0,0,0,0,0,0,0,0,0,0,0,0,0,0,0,0,0,458,0,0,0,0,0,0,0
1782468999.478,0,0,0,0,0,0,0,1488651280,6283461757440,2273593897984,0,0,0,0,0,0,0,0,0,0,0,0,0,0,0,0,0,0,0,0,0,0,0,0,0,0,0,0,0,0,0,0,0,0,0,0,0,0,0,0,0,0,0,0,0,0,0,0,0,0,0,0,0,0,0,0,0,0,7,1919340,385049871,114422330,0,0,0,0,0,0,0,0,0,0,0,0,0,0,0,0,0,0,0,0,0,0,0,0,0,0,0,0,0,0,0,0,0,0,0,0,0,12882132992,5208080384,786263,317877,114262764,72,0,97,786432,383371284,811172,11,7315917088,12884901888,331378,1193495276,0,0,0,0,0,0,0,0,0,0,0,0,0,0,0,0,0,0,39198657,139096655,0,468,1202,7661,620,78397826,35,0,0,0,0,0,0,0,1,0,0,0,0,0,0,0,0,0,0,47816407,0,114265236,2010973,0,0,0,0,0,0,0,0,16384,0,0,0,0,0,0,0,0,0,0,0,6829,403,0,0,0,0,0,119165763,0,163,0,4,403,6829,0,0,0,0,0,0,0,0,0,0,0,0,0,0,0,0,0,0,0,0,0,0,0,0,0,0,0,0,0,0,0,0,0,0,0,0,0,0,0,0,0,0,0,0,0,0,0,0,0,0,0,0,0,0,593686084,0,0,0,851113296,0,0,0,0,0,0,0,176223014,383682961,709877906,332058885120,145772252,1,0,0,0,0,0,0,0,0,0,0,0,0,0,0,0,0,0,0,0,0,0,0,0,0,0,0,0,0,0,0,1617,0,0,0,0,0,0,0
1782469000.557,0,0,0,0,0,0,0,1488974800,6285325502976,2274190716928,0,0,0,0,0,0,0,0,0,0,0,0,0,0,0,0,0,0,0,0,0,0,0,0,0,0,0,0,0,0,0,0,0,0,0,0,0,0,0,0,0,0,0,0,0,0,0,0,0,0,0,0,0,0,0,0,0,0,7,1919364,385164558,114453729,0,0,0,0,0,0,0,0,0,0,0,0,0,0,0,0,0,0,0,0,0,0,0,0,0,0,0,0,0,0,0,0,0,0,0,0,0,12877496320,5213552640,785980,318211,114297268,354,0,97,786432,383485473,811172,11,7317550287,12884901888,334624,1193709888,0,0,0,0,0,0,0,0,0,0,0,0,0,0,0,0,0,0,39208225,139106222,0,468,1202,7661,620,78416956,35,0,0,0,0,0,0,0,1,0,0,0,0,0,0,0,0,0,0,47827227,0,114295773,2011388,0,0,0,0,0,0,0,0,16384,0,0,0,0,0,0,0,0,0,0,0,6830,403,0,0,0,0,0,119194824,0,163,0,4,403,6830,0,0,0,0,0,0,0,0,0,0,0,0,0,0,0,0,0,0,0,0,0,0,0,0,0,0,0,0,0,0,0,0,0,0,0,0,0,0,0,0,0,0,0,0,0,0,0,0,0,0,0,0,0,0,593823151,0,0,0,851276377,0,0,0,0,0,0,0,176243285,383796665,710047594,332130278400,145785233,1,0,0,0,0,0,0,0,0,0,0,0,0,0,0,0,0,0,0,0,0,0,0,0,0,0,0,0,0,0,0,825,0,0,0,0,0,0,0
1782469001.637,0,0,0,0,0,0,0,1489301222,6287202683392,2274788641280,0,0,0,0,0,0,0,0,0,0,0,0,0,0,0,0,0,0,0,0,0,0,0,0,0,0,0,0,0,0,0,0,0,0,0,0,0,0,0,0,0,0,0,0,0,0,0,0,0,0,0,0,0,0,0,0,0,0,7,1919393,385280076,114485204,0,0,0,0,0,0,0,0,0,0,0,0,0,0,0,0,0,0,0,0,0,0,0,0,0,0,0,0,0,0,0,0,0,0,0,0,0,12877430784,5221875712,785976,318718,114327864,360,0,97,786432,383600436,811172,11,7319195351,12884901888,337237,1193923596,0,0,0,0,0,0,0,0,0,0,0,0,0,0,0,0,0,0,39217900,139115898,0,468,1202,7661,620,78436312,35,0,0,0,0,0,0,0,1,0,0,0,0,0,0,0,0,0,0,47838166,0,114326369,2011812,0,0,0,0,0,0,0,0,16384,0,0,0,0,0,0,0,0,0,0,0,6831,403,0,0,0,0,0,119224238,0,163,0,4,403,6831,0,0,0,0,0,0,0,0,0,0,0,0,0,0,0,0,0,0,0,0,0,0,0,0,0,0,0,0,0,0,0,0,0,0,0,0,0,0,0,0,0,0,0,0,0,0,0,0,0,0,0,0,0,0,593959521,0,0,0,851440020,0,0,0,0,0,0,0,176263694,383911194,710216530,332201221120,145798316,1,1,0,0,0,0,0,0,0,0,0,0,0,0,0,0,0,0,0,0,0,0,0,0,0,0,0,0,0,0,0,1154,0,0,0,0,0,0,0
1782469002.726,0,0,0,0,0,0,0,1489631056,6289099491840,2275394222592,0,0,0,0,0,0,0,0,0,0,0,0,0,0,0,0,0,0,0,0,0,0,0,0,0,0,0,0,0,0,0,0,0,0,0,0,0,0,0,0,0,0,0,0,0,0,0,0,0,0,0,0,0,0,0,0,0,0,7,1919418,385396747,114517064,0,0,0,0,0,0,0,0,0,0,0,0,0,0,0,0,0,0,0,0,0,0,0,0,0,0,0,0,0,0,0,0,0,0,0,0,0,12879577088,5225906176,786107,318964,114358835,218,0,107,786432,383716562,811172,11,7320860327,12884901888,339809,1194141228,0,0,0,0,0,0,0,0,0,0,0,0,0,0,0,0,0,0,39227687,139125683,0,468,1202,7661,620,78455888,35,0,0,0,0,0,0,0,1,0,0,0,0,0,0,0,0,0,0,47849244,0,114357430,2012236,0,0,0,0,0,0,0,0,16384,0,0,0,0,0,0,0,0,0,0,0,6832,403,0,0,0,0,0,119253970,0,163,0,4,403,6832,0,0,0,0,0,0,0,0,0,0,0,0,0,0,0,0,0,0,0,0,0,0,0,0,0,0,0,0,0,0,0,0,0,0,0,0,0,0,0,0,0,0,0,0,0,0,0,0,0,0,0,0,0,0,594097795,0,0,0,851606386,0,0,0,0,0,0,0,176283717,384026821,710387623,332273165312,145811018,1,1,0,0,0,0,0,0,0,0,0,0,0,0,0,0,0,0,0,0,0,0,0,0,0,0,0,0,0,0,0,504,0,0,0,0,0,0,0
1782469003.814,0,0,0,0,0,0,0,1489953521,6290956667392,2275992791040,0,0,0,0,0,0,0,0,0,0,0,0,0,0,0,0,0,0,0,0,0,0,0,0,0,0,0,0,0,0,0,0,0,0,0,0,0,0,0,0,0,0,0,0,0,0,0,0,0,0,0,0,0,0,0,0,0,0,7,1919451,385511034,114548557,0,0,0,0,0,0,0,0,0,0,0,0,0,0,0,0,0,0,0,0,0,0,0,0,0,0,0,0,0,0,0,0,0,0,0,0,0,12877856768,5230903296,786002,319269,114389145,333,0,97,786432,383830340,811172,11,7322480939,12884901888,343437,1194349770,0,0,0,0,0,0,0,0,0,0,0,0,0,0,0,0,0,0,39237257,139135251,0,468,1202,7661,620,78475018,35,0,0,0,0,0,0,0,1,0,0,0,0,0,0,0,0,0,0,47860080,0,114387650,2012638,0,0,0,0,0,0,0,0,16384,0,0,0,0,0,0,0,0,0,0,0,6833,403,0,0,0,0,0,119283018,0,163,0,4,403,6833,0,0,0,0,0,0,0,0,0,0,0,0,0,0,0,0,0,0,0,0,0,0,0,0,0,0,0,0,0,0,0,0,0,0,0,0,0,0,0,0,0,0,0,0,0,0,0,0,0,0,0,0,0,0,594234402,0,0,0,851766787,0,0,0,0,0,0,0,176303740,384140178,710557085,332344262144,145823694,1,1,0,0,0,0,0,0,0,0,0,0,0,0,0,0,0,0,0,0,0,0,0,0,0,0,0,0,0,0,0,1997,0,0,0,0,0,0,0
1782469004.899,0,0,0,0,0,0,0,1490256091,6292693944832,2276556160000,0,0,0,0,0,0,0,0,0,0,0,0,0,0,0,0,0,0,0,0,0,0,0,0,0,0,0,0,0,0,0,0,0,0,0,0,0,0,0,0,0,0,0,0,0,0,0,0,0,0,0,0,0,0,0,0,0,0,7,1919478,385617843,114578056,0,0,0,0,0,0,0,0,0,0,0,0,0,0,0,0,0,0,0,0,0,0,0,0,0,0,0,0,0,0,0,0,0,0,0,0,0,12877152256,5237096448,785957,319647,114417561,374,0,97,786432,383936737,811172,11,7324006645,12884901888,346227,1194549538,0,0,0,0,0,0,0,0,0,0,0,0,0,0,0,0,0,0,39246221,139144216,0,468,1202,7661,620,78492947,35,0,0,0,0,0,0,0,1,0,0,0,0,0,0,0,0,0,0,47870219,0,114416066,2013026,0,0,0,0,0,0,0,0,16384,0,0,0,0,0,0,0,0,0,0,0,6834,403,0,0,0,0,0,119310287,0,163,0,4,403,6834,0,0,0,0,0,0,0,0,0,0,0,0,0,0,0,0,0,0,0,0,0,0,0,0,0,0,0,0,0,0,0,0,0,0,0,0,0,0,0,0,0,0,0,0,0,0,0,0,0,0,0,0,0,0,594366962,0,0,0,851919216,0,0,0,0,0,0,0,176321472,384246150,710720353,332413196288,145835320,1,0,0,0,0,0,0,0,0,0,0,0,0,0,0,0,0,0,0,0,0,0,0,0,0,0,0,0,0,0,0,1479,0,0,0,0,0,0,0
1782469005.989,0,0,0,0,0,0,0,1490575262,6294532966912,2277149093888,0,0,0,0,0,0,0,0,0,0,0,0,0,0,0,0,0,0,0,0,0,0,0,0,0,0,0,0,0,0,0,0,0,0,0,0,0,0,0,0,0,0,0,0,0,0,0,0,0,0,0,0,0,0,0,0,0,0,7,1919498,385730980,114609248,0,0,0,0,0,0,0,0,0,0,0,0,0,0,0,0,0,0,0,0,0,0,0,0,0,0,0,0,0,0,0,0,0,0,0,0,0,12876922880,5239111680,785946,319770,114447638,395,0,96,786432,384049345,811172,11,7325617273,12884901888,348904,1194761316,0,0,0,0,0,0,0,0,0,0,0,0,0,0,0,0,0,0,39255674,139153671,0,468,1202,7661,620,78511857,35,0,0,0,0,0,0,0,1,0,0,0,0,0,0,0,0,0,0,47880920,0,114446143,2013431,0,0,0,0,0,0,0,0,16384,0,0,0,0,0,0,0,0,0,0,0,6835,403,0,0,0,0,0,119339061,0,163,0,4,403,6835,0,0,0,0,0,0,0,0,0,0,0,0,0,0,0,0,0,0,0,0,0,0,0,0,0,0,0,0,0,0,0,0,0,0,0,0,0,0,0,0,0,0,0,0,0,0,0,0,0,0,0,0,0,0,594503180,0,0,0,852080173,0,0,0,0,0,0,0,176340493,384358331,710889003,332484035072,145847371,1,0,0,0,0,0,0,0,0,0,0,0,0,0,0,0,0,0,0,0,0,0,0,0,0,0,0,0,0,0,0,519,0,0,0,0,0,0,0
1782469007.077,0,0,0,0,0,0,0,1490906465,6296441162240,2277755307008,0,0,0,0,0,0,0,0,0,0,0,0,0,0,0,0,0,0,0,0,0,0,0,0,0,0,0,0,0,0,0,0,0,0,0,0,0,0,0,0,0,0,0,0,0,0,0,0,0,0,0,0,0,0,0,0,0,0,7,1919516,385848406,114641114,0,0,0,0,0,0,0,0,0,0,0,0,0,0,0,0,0,0,0,0,0,0,0,0,0,0,0,0,0,0,0,0,0,0,0,0,0,12882345984,5248073728,786275,320317,114478659,57,0,99,786432,384166271,811172,11,7327284674,12884901888,351144,1194976568,0,0,0,0,0,0,0,0,0,0,0,0,0,0,0,0,0,0,39265504,139163502,0,468,1202,7661,620,78531517,35,0,0,0,0,0,0,0,1,0,0,0,0,0,0,0,0,0,0,47892046,0,114477164,2013861,0,0,0,0,0,0,0,0,16384,0,0,0,0,0,0,0,0,0,0,0,6836,403,0,0,0,0,0,119368930,0,163,0,4,403,6836,0,0,0,0,0,0,0,0,0,0,0,0,0,0,0,0,0,0,0,0,0,0,0,0,0,0,0,0,0,0,0,0,0,0,0,0,0,0,0,0,0,0,0,0,0,0,0,0,0,0,0,0,0,0,594642505,0,0,0,852245843,0,0,0,0,0,0,0,176360260,384474765,711061188,332556538880,145859801,1,1,0,0,0,0,0,0,0,0,0,0,0,0,0,0,0,0,0,0,0,0,0,0,0,0,0,0,0,0,0,1449,0,0,0,0,0,0,0
1782469008.170,0,0,0,0,0,0,0,1491236517,6298341313024,2278361995776,0,0,0,0,0,0,0,0,0,0,0,0,0,0,0,0,0,0,0,0,0,0,0,0,0,0,0,0,0,0,0,0,0,0,0,0,0,0,0,0,0,0,0,0,0,0,0,0,0,0,0,0,0,0,0,0,0,0,7,1919544,385965289,114672914,0,0,0,0,0,0,0,0,0,0,0,0,0,0,0,0,0,0,0,0,0,0,0,0,0,0,0,0,0,0,0,0,0,0,0,0,0,12878544896,5260034048,786045,321046,114509714,291,0,96,786432,384282653,811172,11,7328947965,12884901888,352785,1195192368,0,0,0,0,0,0,0,0,0,0,0,0,0,0,0,0,0,0,39275300,139173295,0,468,1202,7661,620,78551110,35,0,0,0,0,0,0,0,1,0,0,0,0,0,0,0,0,0,0,47903143,0,114508219,2014297,0,0,0,0,0,0,0,0,16384,0,0,0,0,0,0,0,0,0,0,0,6838,403,0,0,0,0,0,119398681,0,163,0,4,403,6838,0,0,0,0,0,0,0,0,0,0,0,0,0,0,0,0,0,0,0,0,0,0,0,0,0,0,0,0,0,0,0,0,0,0,0,0,0,0,0,0,0,0,0,0,0,0,0,0,0,0,0,0,0,0,594783334,0,0,0,852411281,0,0,0,0,0,0,0,176378805,384590668,711234628,332629741568,145871572,1,1,0,0,0,0,0,0,0,0,0,0,0,0,0,0,0,0,0,0,0,0,0,0,0,0,0,0,0,0,0,1731,0,0,0,0,0,0,0
1782469009.260,0,0,0,0,0,0,0,1491547000,6300126104064,2278944247296,0,0,0,0,0,0,0,0,0,0,0,0,0,0,0,0,0,0,0,0,0,0,0,0,0,0,0,0,0,0,0,0,0,0,0,0,0,0,0,0,0,0,0,0,0,0,0,0,0,0,0,0,0,0,0,0,0,0,7,1919569,386075136,114703521,0,0,0,0,0,0,0,0,0,0,0,0,0,0,0,0,0,0,0,0,0,0,0,0,0,0,0,0,0,0,0,0,0,0,0,0,0,12876529664,5260099584,785920,321051,114539327,411,0,97,786432,384392017,811172,11,7330515706,12884901888,356199,1195397795,0,0,0,0,0,0,0,0,0,0,0,0,0,0,0,0,0,0,39284530,139182527,0,468,1202,7661,620,78569567,35,0,0,0,0,0,0,0,1,0,0,0,0,0,0,0,0,0,0,47913585,0,114537832,2014696,0,0,0,0,0,0,0,0,16384,0,0,0,0,0,0,0,0,0,0,0,6839,403,0,0,0,0,0,119426742,0,163,0,4,403,6839,0,0,0,0,0,0,0,0,0,0,0,0,0,0,0,0,0,0,0,0,0,0,0,0,0,0,0,0,0,0,0,0,0,0,0,0,0,0,0,0,0,0,0,0,0,0,0,0,0,0,0,0,0,0,594919051,0,0,0,852568066,0,0,0,0,0,0,0,176396670,384699610,711402144,332700230656,145882976,1,1,0,0,0,0,0,0,0,0,0,0,0,0,0,0,0,0,0,0,0,0,0,0,0,0,0,0,0,0,0,1008,0,0,0,0,0,0,0
1782469010.352,0,0,0,0,0,0,0,1491877712,6302024321536,2279550177280,0,0,0,0,0,0,0,0,0,0,0,0,0,0,0,0,0,0,0,0,0,0,0,0,0,0,0,0,0,0,0,0,0,0,0,0,0,0,0,0,0,0,0,0,0,0,0,0,0,0,0,0,0,0,0,0,0,0,7,1919591,386191913,114735297,0,0,0,0,0,0,0,0,0,0,0,0,0,0,0,0,0,0,0,0,0,0,0,0,0,0,0,0,0,0,0,0,0,0,0,0,0,12881100800,5270650880,786200,321695,114570425,136,0,96,786432,384508276,811172,11,7332180072,12884901888,358113,1195613217,0,0,0,0,0,0,0,0,0,0,0,0,0,0,0,0,0,0,39294341,139192338,0,468,1202,7661,620,78589181,35,0,0,0,0,0,0,0,1,0,0,0,0,0,0,0,0,0,0,47924696,0,114568930,2015117,0,0,0,0,0,0,0,0,16384,0,0,0,0,0,0,0,0,0,0,0,6840,403,0,0,0,0,0,119456562,0,163,0,4,403,6840,0,0,0,0,0,0,0,0,0,0,0,0,0,0,0,0,0,0,0,0,0,0,0,0,0,0,0,0,0,0,0,0,0,0,0,0,0,0,0,0,0,0,0,0,0,0,0,0,0,0,0,0,0,0,595057920,0,0,0,852733515,0,0,0,0,0,0,0,176416185,384815404,711573649,332772544000,145895493,1,0,0,0,0,0,0,0,0,0,0,0,0,0,0,0,0,0,0,0,0,0,0,0,0,0,0,0,0,0,0,1816,0,0,0,0,0,0,0
1782469011.441,0,0,0,0,0,0,0,1492191672,6303841962496,2280173231104,0,0,0,0,0,0,0,0,0,0,0,0,0,0,0,0,0,0,0,0,0,0,0,0,0,0,0,0,0,0,0,0,0,0,0,0,0,0,0,0,0,0,0,0,0,0,0,0,0,0,0,0,0,0,0,0,0,0,7,1919616,386303739,114768469,0,0,0,0,0,0,0,0,0,0,0,0,0,0,0,0,0,0,0,0,0,0,0,0,0,0,0,0,0,0,0,0,0,0,0,0,0,12878790656,5233623040,786059,319435,114600221,274,0,97,786432,384619599,811172,11,7333766292,12884901888,361322,1195821123,0,0,0,0,0,0,0,0,0,0,0,0,0,0,0,0,0,0,39303658,139201654,0,468,1202,7661,620,78607826,35,0,0,0,0,0,0,0,1,0,0,0,0,0,0,0,0,0,0,47935243,0,114601030,2015529,0,0,0,0,0,0,0,0,16384,0,0,0,0,0,0,0,0,0,0,0,6841,403,0,0,0,0,0,119484856,0,163,0,4,403,6841,0,0,0,0,0,0,0,0,0,0,0,0,0,0,0,0,0,0,0,0,0,0,0,0,0,0,0,0,0,0,0,0,0,0,0,0,0,0,0,0,0,0,0,0,0,0,0,0,0,0,0,0,0,0,595192657,0,0,0,852892037,0,0,0,0,0,0,0,176434975,384926241,711742734,332842554880,145907304,1,0,0,0,0,0,0,0,0,0,0,0,0,0,0,0,0,0,0,0,0,0,0,0,0,0,0,0,0,0,0,811,0,0,0,0,0,0,0
1782469012.525,0,0,0,0,0,0,0,1492507249,6305662224896,2280789858304,0,0,0,0,0,0,0,0,0,0,0,0,0,0,0,0,0,0,0,0,0,0,0,0,0,0,0,0,0,0,0,0,0,0,0,0,0,0,0,0,0,0,0,0,0,0,0,0,0,0,0,0,0,0,0,0,0,0,7,1919641,386415704,114801197,0,0,0,0,0,0,0,0,0,0,0,0,0,0,0,0,0,0,0,0,0,0,0,0,0,0,0,0,0,0,0,0,0,0,0,0,0,12882919424,5208752128,786312,317917,114630099,0,0,120,786432,384731068,811172,11,7335354144,12884901888,364166,1196025759,0,0,0,0,0,0,0,0,0,0,0,0,0,0,0,0,0,0,39313032,139211028,0,468,1202,7661,620,78626572,35,0,0,0,0,0,0,0,1,0,0,0,0,0,0,0,0,0,0,47945840,0,114632444,2015952,0,0,0,0,0,0,0,0,16384,0,0,0,0,0,0,0,0,0,0,0,6842,403,0,0,0,0,0,119513335,0,163,0,4,403,6842,0,0,0,0,0,0,0,0,0,0,0,0,0,0,0,0,0,0,0,0,0,0,0,0,0,0,0,0,0,0,0,0,0,0,0,0,0,0,0,0,0,0,0,0,0,0,0,0,0,0,0,0,0,0,595325323,0,0,0,853049383,0,0,0,0,0,0,0,176454080,385037247,711909154,332911727104,145919285,1,0,0,0,0,0,0,0,0,0,0,0,0,0,0,0,0,0,0,0,0,0,0,0,0,0,0,0,0,0,0,1970,0,0,0,0,0,0,0
1782469013.602,0,0,0,0,0,0,0,1492832918,6307536734720,2281395252736,0,0,0,0,0,0,0,0,0,0,0,0,0,0,0,0,0,0,0,0,0,0,0,0,0,0,0,0,0,0,0,0,0,0,0,0,0,0,0,0,0,0,0,0,0,0,0,0,0,0,0,0,0,0,0,0,0,0,7,1919667,386530966,114833087,0,0,0,0,0,0,0,0,0,0,0,0,0,0,0,0,0,0,0,0,0,0,0,0,0,0,0,0,0,0,0,0,0,0,0,0,0,12881281024,5210308608,786210,318011,114665455,123,0,98,786432,384845763,811172,11,7336999741,12884901888,366372,1196243598,0,0,0,0,0,0,0,0,0,0,0,0,0,0,0,0,0,0,39322670,139220663,0,468,1202,7661,620,78645850,35,0,0,0,0,0,0,0,1,0,0,0,0,0,0,0,0,0,0,47956743,0,114663960,2016372,0,0,0,0,0,0,0,0,16384,0,0,0,0,0,0,0,0,0,0,0,6843,403,0,0,0,0,0,119542589,0,163,0,4,403,6843,0,0,0,0,0,0,0,0,0,0,0,0,0,0,0,0,0,0,0,0,0,0,0,0,0,0,0,0,0,0,0,0,0,0,0,0,0,0,0,0,0,0,0,0,0,0,0,0,0,0,0,0,0,0,595463530,0,0,0,853214334,0,0,0,0,0,0,0,176472757,385151562,712080168,332983869440,145931117,1,0,0,0,0,0,0,0,0,0,0,0,0,0,0,0,0,0,0,0,0,0,0,0,0,0,0,0,0,0,0,555,0,0,0,0,0,0,0
1782469014.686,0,0,0,0,0,0,0,1493137173,6309291362816,2281963116544,0,0,0,0,0,0,0,0,0,0,0,0,0,0,0,0,0,0,0,0,0,0,0,0,0,0,0,0,0,0,0,0,0,0,0,0,0,0,0,0,0,0,0,0,0,0,0,0,0,0,0,0,0,0,0,0,0,0,7,1919688,386638916,114862814,0,0,0,0,0,0,0,0,0,0,0,0,0,0,0,0,0,0,0,0,0,0,0,0,0,0,0,0,0,0,0,0,0,0,0,0,0,12879495168,5215322112,786102,318318,114693948,235,0,98,786432,384953289,811172,11,7338532635,12884901888,369628,1196443064,0,0,0,0,0,0,0,0,0,0,0,0,0,0,0,0,0,0,39331691,139229686,0,468,1202,7661,620,78663900,35,0,0,0,0,0,0,0,1,0,0,0,0,0,0,0,0,0,0,47966967,0,114692453,2016756,0,0,0,0,0,0,0,0,16384,0,0,0,0,0,0,0,0,0,0,0,6844,403,0,0,0,0,0,119570044,0,163,0,4,403,6844,0,0,0,0,0,0,0,0,0,0,0,0,0,0,0,0,0,0,0,0,0,0,0,0,0,0,0,0,0,0,0,0,0,0,0,0,0,0,0,0,0,0,0,0,0,0,0,0,0,0,0,0,0,0,595599152,0,0,0,853367110,0,0,0,0,0,0,0,176490035,385258583,712246867,333054109696,145942142,1,0,0,0,0,0,0,0,0,0,0,0,0,0,0,0,0,0,0,0,0,0,0,0,0,0,0,0,0,0,0,536,0,0,0,0,0,0,0
1782469015.772,0,0,0,0,0,0,0,1493461475,6311155026432,2282561467904,0,0,0,0,0,0,0,0,0,0,0,0,0,0,0,0,0,0,0,0,0,0,0,0,0,0,0,0,0,0,0,0,0,0,0,0,0,0,0,0,0,0,0,0,0,0,0,0,0,0,0,0,0,0,0,0,0,0,7,1919711,386753602,114894343,0,0,0,0,0,0,0,0,0,0,0,0,0,0,0,0,0,0,0,0,0,0,0,0,0,0,0,0,0,0,0,0,0,0,0,0,0,12878053376,5224071168,786014,318852,114724388,321,0,96,786432,385067469,811172,11,7340163122,12884901888,372395,1196653365,0,0,0,0,0,0,0,0,0,0,0,0,0,0,0,0,0,0,39341293,139239290,0,468,1202,7661,620,78683092,35,0,0,0,0,0,0,0,1,0,0,0,0,0,0,0,0,0,0,47977829,0,114722893,2017171,0,0,0,0,0,0,0,0,16384,0,0,0,0,0,0,0,0,0,0,0,6845,403,0,0,0,0,0,119599226,0,163,0,4,403,6845,0,0,0,0,0,0,0,0,0,0,0,0,0,0,0,0,0,0,0,0,0,0,0,0,0,0,0,0,0,0,0,0,0,0,0,0,0,0,0,0,0,0,0,0,0,0,0,0,0,0,0,0,0,0,595735521,0,0,0,853528741,0,0,0,0,0,0,0,176510478,385372326,712415951,333125120000,145955269,1,1,0,0,0,0,0,0,0,0,0,0,0,0,0,0,0,0,0,0,0,0,0,0,0,0,0,0,0,0,0,1628,0,0,0,0,0,0,0
1782469016.862,0,0,0,0,0,0,0,1493796458,6313093384704,2283180509184,0,0,0,0,0,0,0,0,0,0,0,0,0,0,0,0,0,0,0,0,0,0,0,0,0,0,0,0,0,0,0,0,0,0,0,0,0,0,0,0,0,0,0,0,0,0,0,0,0,0,0,0,0,0,0,0,0,0,7,1919738,386872806,114926938,0,0,0,0,0,0,0,0,0,0,0,0,0,0,0,0,0,0,0,0,0,0,0,0,0,0,0,0,0,0,0,0,0,0,0,0,0,12878626816,5233147904,786049,319406,114756201,286,0,101,786432,385186118,811172,11,7341856790,12884901888,374372,1196876140,0,0,0,0,0,0,0,0,0,0,0,0,0,0,0,0,0,0,39351243,139249239,0,468,1202,7661,620,78702991,35,0,0,0,0,0,0,0,1,0,0,0,0,0,0,0,0,0,0,47989100,0,114754706,2017613,0,0,0,0,0,0,0,0,16384,0,0,0,0,0,0,0,0,0,0,0,6846,403,0,0,0,0,0,119629428,0,163,0,4,403,6846,0,0,0,0,0,0,0,0,0,0,0,0,0,0,0,0,0,0,0,0,0,0,0,0,0,0,0,0,0,0,0,0,0,0,0,0,0,0,0,0,0,0,0,0,0,0,0,0,0,0,0,0,0,0,595875542,0,0,0,853698104,0,0,0,0,0,0,0,176530094,385490546,712589526,333198329344,145967344,1,0,0,0,0,0,0,0,0,0,0,0,0,0,0,0,0,0,0,0,0,0,0,0,0,0,0,0,0,0,0,632,0,0,0,0,0,0,0
1782469017.951,0,0,0,0,0,0,0,1494118462,6314941368832,2283778507264,0,0,0,0,0,0,0,0,0,0,0,0,0,0,0,0,0,0,0,0,0,0,0,0,0,0,0,0,0,0,0,0,0,0,0,0,0,0,0,0,0,0,0,0,0,0,0,0,0,0,0,0,0,0,0,0,0,0,7,1919759,386986462,114958304,0,0,0,0,0,0,0,0,0,0,0,0,0,0,0,0,0,0,0,0,0,0,0,0,0,0,0,0,0,0,0,0,0,0,0,0,0,12876316672,5235687424,785908,319561,114786419,425,0,97,786432,385299300,811172,11,7343478834,12884901888,377555,1197085799,0,0,0,0,0,0,0,0,0,0,0,0,0,0,0,0,0,0,39360802,139258797,0,468,1202,7661,620,78722118,35,0,0,0,0,0,0,0,1,0,0,0,0,0,0,0,0,0,0,47999935,0,114784946,2018024,0,0,0,0,0,0,0,0,16384,0,0,0,0,0,0,0,0,0,0,0,6847,403,0,0,0,0,0,119658486,0,163,0,4,403,6847,0,0,0,0,0,0,0,0,0,0,0,0,0,0,0,0,0,0,0,0,0,0,0,0,0,0,0,0,0,0,0,0,0,0,0,0,0,0,0,0,0,0,0,0,0,0,0,0,0,0,0,0,0,0,596014834,0,0,0,853859225,0,0,0,0,0,0,0,176548413,385603228,712761439,333270664192,145978867,1,0,0,0,0,0,0,0,0,0,0,0,0,0,0,0,0,0,0,0,0,0,0,0,0,0,0,0,0,0,0,1306,0,0,0,0,0,0,0
1782469019.041,0,0,0,0,0,0,0,1494439436,6316782586368,2284370483200,0,0,0,0,0,0,0,0,0,0,0,0,0,0,0,0,0,0,0,0,0,0,0,0,0,0,0,0,0,0,0,0,0,0,0,0,0,0,0,0,0,0,0,0,0,0,0,0,0,0,0,0,0,0,0,0,0,0,7,1919785,387099726,114989335,0,0,0,0,0,0,0,0,0,0,0,0,0,0,0,0,0,0,0,0,0,0,0,0,0,0,0,0,0,0,0,0,0,0,0,0,0,12881395712,5245894656,786218,320184,114816826,116,0,96,786432,385412047,811172,11,7345097245,12884901888,379652,1197297054,0,0,0,0,0,0,0,0,0,0,0,0,0,0,0,0,0,0,39370328,139268323,0,468,1202,7661,620,78741160,35,0,0,0,0,0,0,0,1,0,0,0,0,0,0,0,0,0,0,48010716,0,114815331,2018426,0,0,0,0,0,0,0,0,16384,0,0,0,0,0,0,0,0,0,0,0,6848,403,0,0,0,0,0,119687425,0,163,0,4,403,6848,0,0,0,0,0,0,0,0,0,0,0,0,0,0,0,0,0,0,0,0,0,0,0,0,0,0,0,0,0,0,0,0,0,0,0,0,0,0,0,0,0,0,0,0,0,0,0,0,0,0,0,0,0,0,596155046,0,0,0,854020935,0,0,0,0,0,0,0,176566063,385715574,712933441,333343429120,145990497,1,1,0,0,0,0,0,0,0,0,0,0,0,0,0,0,0,0,0,0,0,0,0,0,0,0,0,0,0,0,0,808,0,0,0,0,0,0,0
1782469020.132,0,0,0,0,0,0,0,1494771066,6318692764160,2284980167168,0,0,0,0,0,0,0,0,0,0,0,0,0,0,0,0,0,0,0,0,0,0,0,0,0,0,0,0,0,0,0,0,0,0,0,0,0,0,0,0,0,0,0,0,0,0,0,0,0,0,0,0,0,0,0,0,0,0,7,1919812,387217247,115021326,0,0,0,0,0,0,0,0,0,0,0,0,0,0,0,0,0,0,0,0,0,0,0,0,0,0,0,0,0,0,0,0,0,0,0,0,0,12877430784,5257789440,785976,320910,114848143,357,0,98,786432,385529062,811172,11,7346768435,12884901888,381667,1197513752,0,0,0,0,0,0,0,0,0,0,0,0,0,0,0,0,0,0,39380164,139278158,0,468,1202,7661,620,78760825,35,0,0,0,0,0,0,0,1,0,0,0,0,0,0,0,0,0,0,48021862,0,114846648,2018852,0,0,0,0,0,0,0,0,16384,0,0,0,0,0,0,0,0,0,0,0,6849,403,0,0,0,0,0,119717398,0,163,0,4,403,6849,0,0,0,0,0,0,0,0,0,0,0,0,0,0,0,0,0,0,0,0,0,0,0,0,0,0,0,0,0,0,0,0,0,0,0,0,0,0,0,0,0,0,0,0,0,0,0,0,0,0,0,0,0,0,596296231,0,0,0,854187003,0,0,0,0,0,0,0,176585584,385832071,713107451,333416954368,146002933,1,0,0,0,0,0,0,0,0,0,0,0,0,0,0,0,0,0,0,0,0,0,0,0,0,0,0,0,0,0,0,1153,0,0,0,0,0,0,0
1782469021.218,0,0,0,0,0,0,0,1495103314,6320607119872,2285593938944,0,0,0,0,0,0,0,0,0,0,0,0,0,0,0,0,0,0,0,0,0,0,0,0,0,0,0,0,0,0,0,0,0,0,0,0,0,0,0,0,0,0,0,0,0,0,0,0,0,0,0,0,0,0,0,0,0,0,7,1919843,387335053,115053610,0,0,0,0,0,0,0,0,0,0,0,0,0,0,0,0,0,0,0,0,0,0,0,0,0,0,0,0,0,0,0,0,0,0,0,0,0,12880134144,5265113088,786142,321357,114879755,191,0,97,786432,385646354,811172,11,7348445042,12884901888,383448,1197733898,0,0,0,0,0,0,0,0,0,0,0,0,0,0,0,0,0,0,39390018,139288013,0,468,1202,7661,620,78780545,35,0,0,0,0,0,0,0,1,0,0,0,0,0,0,0,0,0,0,48033009,0,114878260,2019291,0,0,0,0,0,0,0,0,16384,0,0,0,0,0,0,0,0,0,0,0,6851,403,0,0,0,0,0,119747372,0,163,0,4,403,6851,0,0,0,0,0,0,0,0,0,0,0,0,0,0,0,0,0,0,0,0,0,0,0,0,0,0,0,0,0,0,0,0,0,0,0,0,0,0,0,0,0,0,0,0,0,0,0,0,0,0,0,0,0,0,596436549,0,0,0,854354684,0,0,0,0,0,0,0,176605374,385948939,713280823,333489981440,146015499,0,0,0,0,0,0,0,0,0,0,0,0,0,0,0,0,0,0,0,0,0,0,0,0,0,0,0,0,0,0,0,528,0,0,0,0,0,0,0
1782469022.309,0,0,0,0,0,0,0,1495430379,6322485086720,2286200816128,0,0,0,0,0,0,0,0,0,0,0,0,0,0,0,0,0,0,0,0,0,0,0,0,0,0,0,0,0,0,0,0,0,0,0,0,0,0,0,0,0,0,0,0,0,0,0,0,0,0,0,0,0,0,0,0,0,0,7,1919870,387450644,115085528,0,0,0,0,0,0,0,0,0,0,0,0,0,0,0,0,0,0,0,0,0,0,0,0,0,0,0,0,0,0,0,0,0,0,0,0,0,12876709888,5271142400,785932,321726,114910730,402,0,96,786432,385761420,811172,11,7350094028,12884901888,385537,1197948336,0,0,0,0,0,0,0,0,0,0,0,0,0,0,0,0,0,0,39399729,139297727,0,468,1202,7661,620,78799962,35,0,0,0,0,0,0,0,1,0,0,0,0,0,0,0,0,0,0,48044019,0,114909235,2019705,0,0,0,0,0,0,0,0,16384,0,0,0,0,0,0,0,0,0,0,0,6852,403,0,0,0,0,0,119776867,0,163,0,4,403,6852,0,0,0,0,0,0,0,0,0,0,0,0,0,0,0,0,0,0,0,0,0,0,0,0,0,0,0,0,0,0,0,0,0,0,0,0,0,0,0,0,0,0,0,0,0,0,0,0,0,0,0,0,0,0,596575251,0,0,0,854518853,0,0,0,0,0,0,0,176624977,386063559,713452443,333562128384,146028155,1,0,0,0,0,0,0,0,0,0,0,0,0,0,0,0,0,0,0,0,0,0,0,0,0,0,0,0,0,0,0,607,0,0,0,0,0,0,0
1782469023.395,0,0,0,0,0,0,0,1495732409,6324219791872,2286781117952,0,0,0,0,0,0,0,0,0,0,0,0,0,0,0,0,0,0,0,0,0,0,0,0,0,0,0,0,0,0,0,0,0,0,0,0,0,0,0,0,0,0,0,0,0,0,0,0,0,0,0,0,0,0,0,0,0,0,7,1919895,387557335,115116075,0,0,0,0,0,0,0,0,0,0,0,0,0,0,0,0,0,0,0,0,0,0,0,0,0,0,0,0,0,0,0,0,0,0,0,0,0,12880019456,5256314880,786134,320820,114939475,202,0,97,786432,385867655,811172,11,7351611432,12884901888,388458,1198143311,0,0,0,0,0,0,0,0,0,0,0,0,0,0,0,0,0,0,39408695,139306689,0,468,1202,7661,620,78817888,35,0,0,0,0,0,0,0,1,0,0,0,0,0,0,0,0,0,0,48054170,0,114938492,2020093,0,0,0,0,0,0,0,0,16384,0,0,0,0,0,0,0,0,0,0,0,6853,403,0,0,0,0,0,119804110,0,163,0,4,403,6853,0,0,0,0,0,0,0,0,0,0,0,0,0,0,0,0,0,0,0,0,0,0,0,0,0,0,0,0,0,0,0,0,0,0,0,0,0,0,0,0,0,0,0,0,0,0,0,0,0,0,0,0,0,0,596708211,0,0,0,854669268,0,0,0,0,0,0,0,176641239,386169400,713617113,333630980096,146038654,1,0,0,0,0,0,0,0,0,0,0,0,0,0,0,0,0,0,0,0,0,0,0,0,0,0,0,0,0,0,0,1900,0,0,0,0,0,0,0
1782469024.476,0,0,0,0,0,0,0,1496044173,6326010300928,2287398715392,0,0,0,0,0,0,0,0,0,0,0,0,0,0,0,0,0,0,0,0,0,0,0,0,0,0,0,0,0,0,0,0,0,0,0,0,0,0,0,0,0,0,0,0,0,0,0,0,0,0,0,0,0,0,0,0,0,0,7,1919914,387667475,115148905,0,0,0,0,0,0,0,0,0,0,0,0,0,0,0,0,0,0,0,0,0,0,0,0,0,0,0,0,0,0,0,0,0,0,0,0,0,12883312640,5220515840,786335,318635,114968737,0,0,97,786432,385977349,811172,11,7353182669,12884901888,391465,1198348612,0,0,0,0,0,0,0,0,0,0,0,0,0,0,0,0,0,0,39417914,139315910,0,468,1202,7661,620,78836342,35,0,0,0,0,0,0,0,1,0,0,0,0,0,0,0,0,0,0,48064585,0,114970728,2020505,0,0,0,0,0,0,0,0,16384,0,0,0,0,0,0,0,0,0,0,0,6854,403,0,0,0,0,0,119832136,0,163,0,4,403,6854,0,0,0,0,0,0,0,0,0,0,0,0,0,0,0,0,0,0,0,0,0,0,0,0,0,0,0,0,0,0,0,0,0,0,0,0,0,0,0,0,0,0,0,0,0,0,0,0,0,0,0,0,0,0,596842707,0,0,0,854825691,0,0,0,0,0,0,0,176660960,386278680,713785558,333700851200,146051497,1,0,0,0,0,0,0,0,0,0,0,0,0,0,0,0,0,0,0,0,0,0,0,0,0,0,0,0,0,0,0,1601,0,0,0,0,0,0,0
1782469025.558,0,0,0,0,0,0,0,1496362818,6327838329344,2288004301824,0,0,0,0,0,0,0,0,0,0,0,0,0,0,0,0,0,0,0,0,0,0,0,0,0,0,0,0,0,0,0,0,0,0,0,0,0,0,0,0,0,0,0,0,0,0,0,0,0,0,0,0,0,0,0,0,0,0,7,1919941,387779960,115180868,0,0,0,0,0,0,0,0,0,0,0,0,0,0,0,0,0,0,0,0,0,0,0,0,0,0,0,0,0,0,0,0,0,0,0,0,0,12876660736,5209210880,785930,317945,115003153,408,0,98,786432,386089372,811172,11,7354785367,12884901888,394386,1198555970,0,0,0,0,0,0,0,0,0,0,0,0,0,0,0,0,0,0,39427367,139325364,0,468,1202,7661,620,78855247,35,0,0,0,0,0,0,0,1,0,0,0,0,0,0,0,0,0,0,48075277,0,115001658,2020918,0,0,0,0,0,0,0,0,16384,0,0,0,0,0,0,0,0,0,0,0,6855,403,0,0,0,0,0,119860854,0,163,0,4,403,6855,0,0,0,0,0,0,0,0,0,0,0,0,0,0,0,0,0,0,0,0,0,0,0,0,0,0,0,0,0,0,0,0,0,0,0,0,0,0,0,0,0,0,0,0,0,0,0,0,0,0,0,0,0,0,596978777,0,0,0,854985024,0,0,0,0,0,0,0,176681170,386390307,713954708,333771630592,146064590,1,0,0,0,0,0,0,0,0,0,0,0,0,0,0,0,0,0,0,0,0,0,0,0,0,0,0,0,0,0,0,2385,0,0,0,0,0,0,0
1782469026.643,0,0,0,0,0,0,0,1496693379,6329739004416,2288613626880,0,0,0,0,0,0,0,0,0,0,0,0,0,0,0,0,0,0,0,0,0,0,0,0,0,0,0,0,0,0,0,0,0,0,0,0,0,0,0,0,0,0,0,0,0,0,0,0,0,0,0,0,0,0,0,0,0,0,7,1919968,387896861,115212900,0,0,0,0,0,0,0,0,0,0,0,0,0,0,0,0,0,0,0,0,0,0,0,0,0,0,0,0,0,0,0,0,0,0,0,0,0,12875972608,5215961088,785887,318357,115034315,445,0,98,786432,386205765,811172,11,7356453140,12884901888,397365,1198773396,0,0,0,0,0,0,0,0,0,0,0,0,0,0,0,0,0,0,39437169,139335164,0,468,1202,7661,620,78874838,35,0,0,0,0,0,0,0,1,0,0,0,0,0,0,0,0,0,0,48086384,0,115032820,2021344,0,0,0,0,0,0,0,0,16384,0,0,0,0,0,0,0,0,0,0,0,6856,403,0,0,0,0,0,119890676,0,163,0,4,403,6856,0,0,0,0,0,0,0,0,0,0,0,0,0,0,0,0,0,0,0,0,0,0,0,0,0,0,0,0,0,0,0,0,0,0,0,0,0,0,0,0,0,0,0,0,0,0,0,0,0,0,0,0,0,0,597118397,0,0,0,855151219,0,0,0,0,0,0,0,176700818,386506190,714127423,333844248064,146076835,1,0,0,0,0,0,0,0,0,0,0,0,0,0,0,0,0,0,0,0,0,0,0,0,0,0,0,0,0,0,0,2274,0,0,0,0,0,0,0
1782469027.729,0,0,0,0,0,0,0,1497010041,6331579353600,2289201475072,0,0,0,0,0,0,0,0,0,0,0,0,0,0,0,0,0,0,0,0,0,0,0,0,0,0,0,0,0,0,0,0,0,0,0,0,0,0,0,0,0,0,0,0,0,0,0,0,0,0,0,0,0,0,0,0,0,0,7,1919994,388010093,115243824,0,0,0,0,0,0,0,0,0,0,0,0,0,0,0,0,0,0,0,0,0,0,0,0,0,0,0,0,0,0,0,0,0,0,0,0,0,12878938112,5222203392,786067,318738,115063795,267,0,97,786432,386318462,811172,11,7358055027,12884901888,401248,1198983141,0,0,0,0,0,0,0,0,0,0,0,0,0,0,0,0,0,0,39446677,139344675,0,468,1202,7661,620,78893864,35,0,0,0,0,0,0,0,1,0,0,0,0,0,0,0,0,0,0,48097142,0,115062300,2021750,0,0,0,0,0,0,0,0,16384,0,0,0,0,0,0,0,0,0,0,0,6857,403,0,0,0,0,0,119919588,0,163,0,4,403,6857,0,0,0,0,0,0,0,0,0,0,0,0,0,0,0,0,0,0,0,0,0,0,0,0,0,0,0,0,0,0,0,0,0,0,0,0,0,0,0,0,0,0,0,0,0,0,0,0,0,0,0,0,0,0,597252296,0,0,0,855311794,0,0,0,0,0,0,0,176720176,386618445,714293851,333914151936,146089039,1,0,0,0,0,0,0,0,0,0,0,0,0,0,0,0,0,0,0,0,0,0,0,0,0,0,0,0,0,0,0,1061,0,0,0,0,0,0,0
1782469028.815,0,0,0,0,0,0,0,1497325409,6333379480064,2289784286720,0,0,0,0,0,0,0,0,0,0,0,0,0,0,0,0,0,0,0,0,0,0,0,0,0,0,0,0,0,0,0,0,0,0,0,0,0,0,0,0,0,0,0,0,0,0,0,0,0,0,0,0,0,0,0,0,0,0,7,1920016,388120880,115274351,0,0,0,0,0,0,0,0,0,0,0,0,0,0,0,0,0,0,0,0,0,0,0,0,0,0,0,0,0,0,0,0,0,0,0,0,0,12880052224,5228937216,786137,319149,115093430,175,0,124,786432,386428764,811172,11,7359645291,12884901888,403896,1199191860,0,0,0,0,0,0,0,0,0,0,0,0,0,0,0,0,0,0,39455918,139353914,0,468,1202,7661,620,78912349,35,0,0,0,0,0,0,0,1,0,0,0,0,0,0,0,0,0,0,48107606,0,115091935,2022152,0,0,0,0,0,0,0,0,16384,0,0,0,0,0,0,0,0,0,0,0,6858,403,0,0,0,0,0,119947683,0,163,0,4,403,6858,0,0,0,0,0,0,0,0,0,0,0,0,0,0,0,0,0,0,0,0,0,0,0,0,0,0,0,0,0,0,0,0,0,0,0,0,0,0,0,0,0,0,0,0,0,0,0,0,0,0,0,0,0,0,597390089,0,0,0,855470417,0,0,0,0,0,0,0,176737635,386728276,714463202,333985676288,146100238,1,1,0,0,0,0,0,0,0,0,0,0,0,0,0,0,0,0,0,0,0,0,0,0,0,0,0,0,0,0,0,580,0,0,0,0,0,0,0
1782469029.900,0,0,0,0,0,0,0,1497654687,6335270586880,2290388836352,0,0,0,0,0,0,0,0,0,0,0,0,0,0,0,0,0,0,0,0,0,0,0,0,0,0,0,0,0,0,0,0,0,0,0,0,0,0,0,0,0,0,0,0,0,0,0,0,0,0,0,0,0,0,0,0,0,0,7,1920037,388237231,115306109,0,0,0,0,0,0,0,0,0,0,0,0,0,0,0,0,0,0,0,0,0,0,0,0,0,0,0,0,0,0,0,0,0,0,0,0,0,12876464128,5237047296,785916,319645,115124354,419,0,97,786432,386544633,811172,11,7361304714,12884901888,406014,1199406749,0,0,0,0,0,0,0,0,0,0,0,0,0,0,0,0,0,0,39465702,139363697,0,468,1202,7661,620,78931911,35,0,0,0,0,0,0,0,1,0,0,0,0,0,0,0,0,0,0,48118686,0,115122859,2022586,0,0,0,0,0,0,0,0,16384,0,0,0,0,0,0,0,0,0,0,0,6859,403,0,0,0,0,0,119977358,0,163,0,4,403,6859,0,0,0,0,0,0,0,0,0,0,0,0,0,0,0,0,0,0,0,0,0,0,0,0,0,0,0,0,0,0,0,0,0,0,0,0,0,0,0,0,0,0,0,0,0,0,0,0,0,0,0,0,0,0,597529482,0,0,0,855635738,0,0,0,0,0,0,0,176757739,386843667,714635256,334058040832,146112850,1,1,0,0,0,0,0,0,0,0,0,0,0,0,0,0,0,0,0,0,0,0,0,0,0,0,0,0,0,0,0,768,0,0,0,0,0,0,0
1782469030.987,0,0,0,0,0,0,0,1497982032,6337159711232,2290991389184,0,0,0,0,0,0,0,0,0,0,0,0,0,0,0,0,0,0,0,0,0,0,0,0,0,0,0,0,0,0,0,0,0,0,0,0,0,0,0,0,0,0,0,0,0,0,0,0,0,0,0,0,0,0,0,0,0,0,7,1920063,388353451,115337840,0,0,0,0,0,0,0,0,0,0,0,0,0,0,0,0,0,0,0,0,0,0,0,0,0,0,0,0,0,0,0,0,0,0,0,0,0,12878118912,5245583360,786018,320165,115155170,290,0,124,786432,386660379,811172,11,7362953143,12884901888,408382,1199620229,0,0,0,0,0,0,0,0,0,0,0,0,0,0,0,0,0,0,39475417,139373409,0,468,1202,7661,620,78951349,35,0,0,0,0,0,0,0,1,0,0,0,0,0,0,0,0,0,0,48129672,0,115153683,2023004,0,0,0,0,0,0,0,0,16384,0,0,0,0,0,0,0,0,0,0,0,6860,403,0,0,0,0,0,120006920,0,163,0,4,403,6860,0,0,0,0,0,0,0,0,0,0,0,0,0,0,0,0,0,0,0,0,0,0,0,0,0,0,0,0,0,0,0,0,0,0,0,0,0,0,0,0,0,0,0,0,0,0,0,0,0,0,0,0,0,0,597667012,0,0,0,855799437,0,0,0,0,0,0,0,176777850,386958913,714805611,334129742848,146125738,1,1,0,0,0,0,0,0,0,0,0,0,0,0,0,0,0,0,0,0,0,0,0,0,0,0,0,0,0,0,0,1556,0,0,0,0,0,0,0
1782469032.076,0,0,0,0,0,0,0,1498303548,6339016051200,2291585932288,0,0,0,0,0,0,0,0,0,0,0,0,0,0,0,0,0,0,0,0,0,0,0,0,0,0,0,0,0,0,0,0,0,0,0,0,0,0,0,0,0,0,0,0,0,0,0,0,0,0,0,0,0,0,0,0,0,0,7,1920081,388467690,115369114,0,0,0,0,0,0,0,0,0,0,0,0,0,0,0,0,0,0,0,0,0,0,0,0,0,0,0,0,0,0,0,0,0,0,0,0,0,12877873152,5247270912,786006,320267,115185581,332,0,97,786432,386774134,811172,11,7364575661,12884901888,410765,1199832751,0,0,0,0,0,0,0,0,0,0,0,0,0,0,0,0,0,0,39484967,139382964,0,468,1202,7661,620,78970438,35,0,0,0,0,0,0,0,1,0,0,0,0,0,0,0,0,0,0,48140484,0,115184151,2023419,0,0,0,0,0,0,0,0,16384,0,0,0,0,0,0,0,0,0,0,0,6861,403,0,0,0,0,0,120035940,0,163,0,4,403,6861,0,0,0,0,0,0,0,0,0,0,0,0,0,0,0,0,0,0,0,0,0,0,0,0,0,0,0,0,0,0,0,0,0,0,0,0,0,0,0,0,0,0,0,0,0,0,0,0,0,0,0,0,0,0,597803563,0,0,0,855961617,0,0,0,0,0,0,0,176797884,387072277,714974375,334200643072,146138664,1,1,0,0,0,0,0,0,0,0,0,0,0,0,0,0,0,0,0,0,0,0,0,0,0,0,0,0,0,0,0,901,0,0,0,0,0,0,0
1782469033.163,0,0,0,0,0,0,0,1498599847,6340710124032,2292138772480,0,0,0,0,0,0,0,0,0,0,0,0,0,0,0,0,0,0,0,0,0,0,0,0,0,0,0,0,0,0,0,0,0,0,0,0,0,0,0,0,0,0,0,0,0,0,0,0,0,0,0,0,0,0,0,0,0,0,7,1920099,388571916,115398093,0,0,0,0,0,0,0,0,0,0,0,0,0,0,0,0,0,0,0,0,0,0,0,0,0,0,0,0,0,0,0,0,0,0,0,0,0,12878249984,5247811584,786026,320301,115213425,308,0,98,786432,386877931,811172,11,7366066986,12884901888,414918,1200027569,0,0,0,0,0,0,0,0,0,0,0,0,0,0,0,0,0,0,39493735,139391729,0,468,1202,7661,620,78987985,35,0,0,0,0,0,0,0,1,0,0,0,0,0,0,0,0,0,0,48150417,0,115211930,2023792,0,0,0,0,0,0,0,0,16384,0,0,0,0,0,0,0,0,0,0,0,6863,403,0,0,0,0,0,120062626,0,163,0,4,403,6863,0,0,0,0,0,0,0,0,0,0,0,0,0,0,0,0,0,0,0,0,0,0,0,0,0,0,0,0,0,0,0,0,0,0,0,0,0,0,0,0,0,0,0,0,0,0,0,0,0,0,0,0,0,0,597935264,0,0,0,856110403,0,0,0,0,0,0,0,176814326,387175675,715136334,334268841472,146149499,1,0,0,0,0,0,0,0,0,0,0,0,0,0,0,0,0,0,0,0,0,0,0,0,0,0,0,0,0,0,0,594,0,0,0,0,0,0,0
1782469034.250,0,0,0,0,0,0,0,1498932035,6342619253248,2292744641024,0,0,0,0,0,0,0,0,0,0,0,0,0,0,0,0,0,0,0,0,0,0,0,0,0,0,0,0,0,0,0,0,0,0,0,0,0,0,0,0,0,0,0,0,0,0,0,0,0,0,0,0,0,0,0,0,0,0,7,1920116,388689335,115429878,0,0,0,0,0,0,0,0,0,0,0,0,0,0,0,0,0,0,0,0,0,0,0,0,0,0,0,0,0,0,0,0,0,0,0,0,0,12881625088,5259689984,786232,321026,115244227,104,0,96,786432,386994835,811172,11,7367741644,12884901888,417374,1200246099,0,0,0,0,0,0,0,0,0,0,0,0,0,0,0,0,0,0,39503584,139401584,0,468,1202,7661,620,79007676,35,0,0,0,0,0,0,0,1,0,0,0,0,0,0,0,0,0,0,48161584,0,115242732,2024214,0,0,0,0,0,0,0,0,16384,0,0,0,0,0,0,0,0,0,0,0,6864,403,0,0,0,0,0,120092557,0,163,0,4,403,6864,0,0,0,0,0,0,0,0,0,0,0,0,0,0,0,0,0,0,0,0,0,0,0,0,0,0,0,0,0,0,0,0,0,0,0,0,0,0,0,0,0,0,0,0,0,0,0,0,0,0,0,0,0,0,598074550,0,0,0,856277614,0,0,0,0,0,0,0,176834210,387292133,715308492,334341266944,146162168,1,0,0,0,0,0,0,0,0,0,0,0,0,0,0,0,0,0,0,0,0,0,0,0,0,0,0,0,0,0,0,261,0,0,0,0,0,0,0
1782469035.340,0,0,0,0,0,0,0,1499262646,6344532380160,2293357340160,0,0,0,0,0,0,0,0,0,0,0,0,0,0,0,0,0,0,0,0,0,0,0,0,0,0,0,0,0,0,0,0,0,0,0,0,0,0,0,0,0,0,0,0,0,0,0,0,0,0,0,0,0,0,0,0,0,0,7,1920148,388807094,115462145,0,0,0,0,0,0,0,0,0,0,0,0,0,0,0,0,0,0,0,0,0,0,0,0,0,0,0,0,0,0,0,0,0,0,0,0,0,12877611008,5263409152,785987,321253,115275948,349,0,96,786432,387112070,811172,11,7369409354,12884901888,419122,1200462576,0,0,0,0,0,0,0,0,0,0,0,0,0,0,0,0,0,0,39513390,139411389,0,468,1202,7661,620,79027289,35,0,0,0,0,0,0,0,1,0,0,0,0,0,0,0,0,0,0,48172680,0,115274453,2024643,0,0,0,0,0,0,0,0,16384,0,0,0,0,0,0,0,0,0,0,0,6865,403,0,0,0,0,0,120122357,0,163,0,4,403,6865,0,0,0,0,0,0,0,0,0,0,0,0,0,0,0,0,0,0,0,0,0,0,0,0,0,0,0,0,0,0,0,0,0,0,0,0,0,0,0,0,0,0,0,0,0,0,0,0,0,0,0,0,0,0,598214907,0,0,0,856443219,0,0,0,0,0,0,0,176853872,387408873,715481791,334414385152,146174798,1,0,0,0,0,0,0,0,0,0,0,0,0,0,0,0,0,0,0,0,0,0,0,0,0,0,0,0,0,0,0,602,0,0,0,0,0,0,0
1782469036.426,0,0,0,0,0,0,0,1499584141,6346388736512,2293984794624,0,0,0,0,0,0,0,0,0,0,0,0,0,0,0,0,0,0,0,0,0,0,0,0,0,0,0,0,0,0,0,0,0,0,0,0,0,0,0,0,0,0,0,0,0,0,0,0,0,0,0,0,0,0,0,0,0,0,7,1920173,388921325,115495394,0,0,0,0,0,0,0,0,0,0,0,0,0,0,0,0,0,0,0,0,0,0,0,0,0,0,0,0,0,0,0,0,0,0,0,0,0,12882624512,5242880000,786293,320000,115306366,42,0,97,786432,387225828,811172,11,7371029823,12884901888,421826,1200671972,0,0,0,0,0,0,0,0,0,0,0,0,0,0,0,0,0,0,39522960,139420960,0,468,1202,7661,620,79046426,35,0,0,0,0,0,0,0,1,0,0,0,0,0,0,0,0,0,0,48183503,0,115306407,2025063,0,0,0,0,0,0,0,0,16384,0,0,0,0,0,0,0,0,0,0,0,6866,403,0,0,0,0,0,120151440,0,163,0,4,403,6866,0,0,0,0,0,0,0,0,0,0,0,0,0,0,0,0,0,0,0,0,0,0,0,0,0,0,0,0,0,0,0,0,0,0,0,0,0,0,0,0,0,0,0,0,0,0,0,0,0,0,0,0,0,0,598349464,0,0,0,856604326,0,0,0,0,0,0,0,176873420,387522120,715650780,334484417024,146187129,1,0,0,0,0,0,0,0,0,0,0,0,0,0,0,0,0,0,0,0,0,0,0,0,0,0,0,0,0,0,0,1179,0,0,0,0,0,0,0
1782469037.509,0,0,0,0,0,0,0,1499902873,6348217829888,2294593994240,0,0,0,0,0,0,0,0,0,0,0,0,0,0,0,0,0,0,0,0,0,0,0,0,0,0,0,0,0,0,0,0,0,0,0,0,0,0,0,0,0,0,0,0,0,0,0,0,0,0,0,0,0,0,0,0,0,0,7,1920199,389033798,115527490,0,0,0,0,0,0,0,0,0,0,0,0,0,0,0,0,0,0,0,0,0,0,0,0,0,0,0,0,0,0,0,0,0,0,0,0,0,12880986112,5232394240,786193,319360,115336212,141,0,98,786432,387337836,811172,11,7372632182,12884901888,425304,1200878274,0,0,0,0,0,0,0,0,0,0,0,0,0,0,0,0,0,0,39532404,139430406,0,468,1202,7661,620,79065321,35,0,0,0,0,0,0,0,1,0,0,0,0,0,0,0,0,0,0,48194187,0,115337533,2025481,0,0,0,0,0,0,0,0,16384,0,0,0,0,0,0,0,0,0,0,0,6867,403,0,0,0,0,0,120180148,0,163,0,4,403,6867,0,0,0,0,0,0,0,0,0,0,0,0,0,0,0,0,0,0,0,0,0,0,0,0,0,0,0,0,0,0,0,0,0,0,0,0,0,0,0,0,0,0,0,0,0,0,0,0,0,0,0,0,0,0,598483337,0,0,0,856763080,0,0,0,0,0,0,0,176892475,387633643,715818060,334554048512,146199133,1,1,0,0,0,0,0,0,0,0,0,0,0,0,0,0,0,0,0,0,0,0,0,0,0,0,0,0,0,0,0,2417,0,0,0,0,0,0,0
1782469038.588,0,0,0,0,0,0,0,1500214234,6350006782464,2295190779904,0,0,0,0,0,0,0,0,0,0,0,0,0,0,0,0,0,0,0,0,0,0,0,0,0,0,0,0,0,0,0,0,0,0,0,0,0,0,0,0,0,0,0,0,0,0,0,0,0,0,0,0,0,0,0,0,0,0,7,1920221,389143913,115559195,0,0,0,0,0,0,0,0,0,0,0,0,0,0,0,0,0,0,0,0,0,0,0,0,0,0,0,0,0,0,0,0,0,0,0,0,0,12876365824,5210914816,785912,318049,115369924,429,0,97,786432,387447525,811172,11,7374203506,12884901888,428144,1201083907,0,0,0,0,0,0,0,0,0,0,0,0,0,0,0,0,0,0,39541623,139439622,0,468,1202,7661,620,79083754,35,0,0,0,0,0,0,0,1,0,0,0,0,0,0,0,0,0,0,48204633,0,115368429,2025878,0,0,0,0,0,0,0,0,16384,0,0,0,0,0,0,0,0,0,0,0,6868,403,0,0,0,0,0,120208197,0,163,0,4,403,6868,0,0,0,0,0,0,0,0,0,0,0,0,0,0,0,0,0,0,0,0,0,0,0,0,0,0,0,0,0,0,0,0,0,0,0,0,0,0,0,0,0,0,0,0,0,0,0,0,0,0,0,0,0,0,598619535,0,0,0,856920124,0,0,0,0,0,0,0,176909243,387742787,715987015,334624647168,146209894,1,1,0,0,0,0,0,0,0,0,0,0,0,0,0,0,0,0,0,0,0,0,0,0,0,0,0,0,0,0,0,1592,0,0,0,0,0,0,0
1782469039.674,0,0,0,0,0,0,0,1500541035,6351891008000,2295792599040,0,0,0,0,0,0,0,0,0,0,0,0,0,0,0,0,0,0,0,0,0,0,0,0,0,0,0,0,0,0,0,0,0,0,0,0,0,0,0,0,0,0,0,0,0,0,0,0,0,0,0,0,0,0,0,0,0,0,7,1920250,389259902,115590886,0,0,0,0,0,0,0,0,0,0,0,0,0,0,0,0,0,0,0,0,0,0,0,0,0,0,0,0,0,0,0,0,0,0,0,0,0,12876201984,5218091008,785902,318487,115400764,433,0,96,786432,387563000,811172,11,7375848080,12884901888,430280,1201295745,0,0,0,0,0,0,0,0,0,0,0,0,0,0,0,0,0,0,39551316,139449317,0,468,1202,7661,620,79103145,35,0,0,0,0,0,0,0,1,0,0,0,0,0,0,0,0,0,0,48215592,0,115399309,2026304,0,0,0,0,0,0,0,0,16384,0,0,0,0,0,0,0,0,0,0,0,6869,403,0,0,0,0,0,120237671,0,163,0,4,403,6869,0,0,0,0,0,0,0,0,0,0,0,0,0,0,0,0,0,0,0,0,0,0,0,0,0,0,0,0,0,0,0,0,0,0,0,0,0,0,0,0,0,0,0,0,0,0,0,0,0,0,0,0,0,0,598756168,0,0,0,857082761,0,0,0,0,0,0,0,176929315,387857830,716156289,334695733248,146222681,1,0,0,0,0,0,0,0,0,0,0,0,0,0,0,0,0,0,0,0,0,0,0,0,0,0,0,0,0,0,0,3055,0,0,0,0,0,0,0
1782469040.760,0,0,0,0,0,0,0,1500866187,6353767713280,2296392089088,0,0,0,0,0,0,0,0,0,0,0,0,0,0,0,0,0,0,0,0,0,0,0,0,0,0,0,0,0,0,0,0,0,0,0,0,0,0,0,0,0,0,0,0,0,0,0,0,0,0,0,0,0,0,0,0,0,0,7,1920272,389375336,115622425,0,0,0,0,0,0,0,0,0,0,0,0,0,0,0,0,0,0,0,0,0,0,0,0,0,0,0,0,0,0,0,0,0,0,0,0,0,12879069184,5226676224,786076,319011,115431491,258,0,97,786432,387677907,811172,11,7377488735,12884901888,432730,1201511062,0,0,0,0,0,0,0,0,0,0,0,0,0,0,0,0,0,0,39560974,139458971,0,468,1202,7661,620,79122454,35,0,0,0,0,0,0,0,1,0,0,0,0,0,0,0,0,0,0,48226512,0,115429996,2026722,0,0,0,0,0,0,0,0,16384,0,0,0,0,0,0,0,0,0,0,0,6870,403,0,0,0,0,0,120267009,0,163,0,4,403,6870,0,0,0,0,0,0,0,0,0,0,0,0,0,0,0,0,0,0,0,0,0,0,0,0,0,0,0,0,0,0,0,0,0,0,0,0,0,0,0,0,0,0,0,0,0,0,0,0,0,0,0,0,0,0,598892186,0,0,0,857246762,0,0,0,0,0,0,0,176949109,387972309,716324796,334766688256,146235441,1,0,0,0,0,0,0,0,0,0,0,0,0,0,0,0,0,0,0,0,0,0,0,0,0,0,0,0,0,0,0,2328,0,0,0,0,0,0,0
1782469041.850,0,0,0,0,0,0,0,1501184309,6355592792576,2296982140416,0,0,0,0,0,0,0,0,0,0,0,0,0,0,0,0,0,0,0,0,0,0,0,0,0,0,0,0,0,0,0,0,0,0,0,0,0,0,0,0,0,0,0,0,0,0,0,0,0,0,0,0,0,0,0,0,0,0,7,1920295,389487562,115653404,0,0,0,0,0,0,0,0,0,0,0,0,0,0,0,0,0,0,0,0,0,0,0,0,0,0,0,0,0,0,0,0,0,0,0,0,0,12877545472,5232689152,785983,319377,115461650,351,0,96,786432,387789673,811172,11,7379096399,12884901888,435148,1201724582,0,0,0,0,0,0,0,0,0,0,0,0,0,0,0,0,0,0,39570389,139468389,0,468,1202,7661,620,79141298,35,0,0,0,0,0,0,0,1,0,0,0,0,0,0,0,0,0,0,48237186,0,115460155,2027121,0,0,0,0,0,0,0,0,16384,0,0,0,0,0,0,0,0,0,0,0,6871,403,0,0,0,0,0,120295628,0,163,0,4,403,6871,0,0,0,0,0,0,0,0,0,0,0,0,0,0,0,0,0,0,0,0,0,0,0,0,0,0,0,0,0,0,0,0,0,0,0,0,0,0,0,0,0,0,0,0,0,0,0,0,0,0,0,0,0,0,599028493,0,0,0,857408055,0,0,0,0,0,0,0,176967474,388083629,716493027,334837506560,146247260,1,1,0,0,0,0,0,0,0,0,0,0,0,0,0,0,0,0,0,0,0,0,0,0,0,0,0,0,0,0,0,628,0,0,0,0,0,0,0
1782469042.935,0,0,0,0,0,0,0,1501488560,6357343472128,2297548936704,0,0,0,0,0,0,0,0,0,0,0,0,0,0,0,0,0,0,0,0,0,0,0,0,0,0,0,0,0,0,0,0,0,0,0,0,0,0,0,0,0,0,0,0,0,0,0,0,0,0,0,0,0,0,0,0,0,0,7,1920319,389595296,115683193,0,0,0,0,0,0,0,0,0,0,0,0,0,0,0,0,0,0,0,0,0,0,0,0,0,0,0,0,0,0,0,0,0,0,0,0,0,12878725120,5234180096,786056,319469,115489984,279,0,96,786432,387896947,811172,11,7380628161,12884901888,439837,1201923172,0,0,0,0,0,0,0,0,0,0,0,0,0,0,0,0,0,0,39579412,139477412,0,468,1202,7661,620,79159333,35,0,0,0,0,0,0,0,1,0,0,0,0,0,0,0,0,0,0,48247382,0,115488489,2027509,0,0,0,0,0,0,0,0,16384,0,0,0,0,0,0,0,0,0,0,0,6872,403,0,0,0,0,0,120323015,0,163,0,4,403,6872,0,0,0,0,0,0,0,0,0,0,0,0,0,0,0,0,0,0,0,0,0,0,0,0,0,0,0,0,0,0,0,0,0,0,0,0,0,0,0,0,0,0,0,0,0,0,0,0,0,0,0,0,0,0,599161587,0,0,0,857560505,0,0,0,0,0,0,0,176985951,388190433,716657519,334906607104,146259201,1,1,0,0,0,0,0,0,0,0,0,0,0,0,0,0,0,0,0,0,0,0,0,0,0,0,0,0,0,0,0,836,0,0,0,0,0,0,0
1782469044.021,0,0,0,0,0,0,0,1501813526,6359216458240,2298152296448,0,0,0,0,0,0,0,0,0,0,0,0,0,0,0,0,0,0,0,0,0,0,0,0,0,0,0,0,0,0,0,0,0,0,0,0,0,0,0,0,0,0,0,0,0,0,0,0,0,0,0,0,0,0,0,0,0,0,7,1920342,389710564,115714952,0,0,0,0,0,0,0,0,0,0,0,0,0,0,0,0,0,0,0,0,0,0,0,0,0,0,0,0,0,0,0,0,0,0,0,0,0,12877398016,5240225792,785973,319838,115520563,362,0,97,786432,388011684,811172,11,7382263512,12884901888,442941,1202134866,0,0,0,0,0,0,0,0,0,0,0,0,0,0,0,0,0,0,39589043,139487041,0,468,1202,7661,620,79178597,35,0,0,0,0,0,0,0,1,0,0,0,0,0,0,0,0,0,0,48258282,0,115519068,2027924,0,0,0,0,0,0,0,0,16384,0,0,0,0,0,0,0,0,0,0,0,6873,403,0,0,0,0,0,120352277,0,163,0,4,403,6873,0,0,0,0,0,0,0,0,0,0,0,0,0,0,0,0,0,0,0,0,0,0,0,0,0,0,0,0,0,0,0,0,0,0,0,0,0,0,0,0,0,0,0,0,0,0,0,0,0,0,0,0,0,0,599299350,0,0,0,857722885,0,0,0,0,0,0,0,177006241,388304717,716828252,334978245632,146272198,1,1,0,0,0,0,0,0,0,0,0,0,0,0,0,0,0,0,0,0,0,0,0,0,0,0,0,0,0,0,0,1585,0,0,0,0,0,0,0
1782469045.107,0,0,0,0,0,0,0,1502141985,6361108072960,2298758614016,0,0,0,0,0,0,0,0,0,0,0,0,0,0,0,0,0,0,0,0,0,0,0,0,0,0,0,0,0,0,0,0,0,0,0,0,0,0,0,0,0,0,0,0,0,0,0,0,0,0,0,0,0,0,0,0,0,0,7,1920371,389826906,115746857,0,0,0,0,0,0,0,0,0,0,0,0,0,0,0,0,0,0,0,0,0,0,0,0,0,0,0,0,0,0,0,0,0,0,0,0,0,12880035840,5247516672,786133,320283,115551592,200,0,98,786432,388127534,811172,11,7383921485,12884901888,446146,1202352290,0,0,0,0,0,0,0,0,0,0,0,0,0,0,0,0,0,0,39598806,139496804,0,468,1202,7661,620,79198120,35,0,0,0,0,0,0,0,1,0,0,0,0,0,0,0,0,0,0,48269351,0,115550097,2028348,0,0,0,0,0,0,0,0,16384,0,0,0,0,0,0,0,0,0,0,0,6874,403,0,0,0,0,0,120381930,0,163,0,4,403,6874,0,0,0,0,0,0,0,0,0,0,0,0,0,0,0,0,0,0,0,0,0,0,0,0,0,0,0,0,0,0,0,0,0,0,0,0,0,0,0,0,0,0,0,0,0,0,0,0,0,0,0,0,0,0,599438469,0,0,0,857888887,0,0,0,0,0,0,0,177025821,388420123,717000325,335050614784,146284551,1,1,0,0,0,0,0,0,0,0,0,0,0,0,0,0,0,0,0,0,0,0,0,0,0,0,0,0,0,0,0,603,0,0,0,0,0,0,0
1782469046.196,0,0,0,0,0,0,0,1502473995,6363021756928,2299367687168,0,0,0,0,0,0,0,0,0,0,0,0,0,0,0,0,0,0,0,0,0,0,0,0,0,0,0,0,0,0,0,0,0,0,0,0,0,0,0,0,0,0,0,0,0,0,0,0,0,0,0,0,0,0,0,0,0,0,7,1920392,389944689,115778887,0,0,0,0,0,0,0,0,0,0,0,0,0,0,0,0,0,0,0,0,0,0,0,0,0,0,0,0,0,0,0,0,0,0,0,0,0,12877496320,5258657792,785982,320962,115582849,354,0,96,786432,388244754,811172,11,7385595506,12884901888,448484,1202569723,0,0,0,0,0,0,0,0,0,0,0,0,0,0,0,0,0,0,39608652,139506650,0,468,1202,7661,620,79217815,35,0,0,0,0,0,0,0,1,0,0,0,0,0,0,0,0,0,0,48280509,0,115581354,2028779,0,0,0,0,0,0,0,0,16384,0,0,0,0,0,0,0,0,0,0,0,6876,403,0,0,0,0,0,120411842,0,163,0,4,403,6876,0,0,0,0,0,0,0,0,0,0,0,0,0,0,0,0,0,0,0,0,0,0,0,0,0,0,0,0,0,0,0,0,0,0,0,0,0,0,0,0,0,0,0,0,0,0,0,0,0,0,0,0,0,0,599578320,0,0,0,858055329,0,0,0,0,0,0,0,177045990,388536907,717173099,335123153920,146297473,1,1,0,0,0,0,0,0,0,0,0,0,0,0,0,0,0,0,0,0,0,0,0,0,0,0,0,0,0,0,0,848,0,0,0,0,0,0,0
1782469047.287,0,0,0,0,0,0,0,1502803652,6364917336576,2299974405120,0,0,0,0,0,0,0,0,0,0,0,0,0,0,0,0,0,0,0,0,0,0,0,0,0,0,0,0,0,0,0,0,0,0,0,0,0,0,0,0,0,0,0,0,0,0,0,0,0,0,0,0,0,0,0,0,0,0,7,1920410,390061281,115810783,0,0,0,0,0,0,0,0,0,0,0,0,0,0,0,0,0,0,0,0,0,0,0,0,0,0,0,0,0,0,0,0,0,0,0,0,0,12881412096,5266767872,786219,321459,115614106,97,0,117,786432,388360824,811172,11,7387257237,12884901888,450337,1202786242,0,0,0,0,0,0,0,0,0,0,0,0,0,0,0,0,0,0,39618430,139516430,0,468,1202,7661,620,79237378,35,0,0,0,0,0,0,0,1,0,0,0,0,0,0,0,0,0,0,48291585,0,115612611,2029198,0,0,0,0,0,0,0,0,16384,0,0,0,0,0,0,0,0,0,0,0,6877,403,0,0,0,0,0,120441559,0,163,0,4,403,6877,0,0,0,0,0,0,0,0,0,0,0,0,0,0,0,0,0,0,0,0,0,0,0,0,0,0,0,0,0,0,0,0,0,0,0,0,0,0,0,0,0,0,0,0,0,0,0,0,0,0,0,0,0,0,599718708,0,0,0,858221033,0,0,0,0,0,0,0,177064739,388652483,717346155,335195938304,146309548,1,0,0,0,0,0,0,0,0,0,0,0,0,0,0,0,0,0,0,0,0,0,0,0,0,0,0,0,0,0,0,799,0,0,0,0,0,0,0
1782469048.376,0,0,0,0,0,0,0,1503116981,6366719117824,2300565712384,0,0,0,0,0,0,0,0,0,0,0,0,0,0,0,0,0,0,0,0,0,0,0,0,0,0,0,0,0,0,0,0,0,0,0,0,0,0,0,0,0,0,0,0,0,0,0,0,0,0,0,0,0,0,0,0,0,0,7,1920425,390172099,115841942,0,0,0,0,0,0,0,0,0,0,0,0,0,0,0,0,0,0,0,0,0,0,0,0,0,0,0,0,0,0,0,0,0,0,0,0,0,12881969152,5258461184,786254,320951,115643611,79,0,100,786432,388471135,811172,11,7388833144,12884901888,453428,1202989102,0,0,0,0,0,0,0,0,0,0,0,0,0,0,0,0,0,0,39627714,139525713,0,468,1202,7661,620,79255933,35,0,0,0,0,0,0,0,1,0,0,0,0,0,0,0,0,0,0,48302127,0,115642628,2029594,0,0,0,0,0,0,0,0,16384,0,0,0,0,0,0,0,0,0,0,0,6878,403,0,0,0,0,0,120469813,0,163,0,4,403,6878,0,0,0,0,0,0,0,0,0,0,0,0,0,0,0,0,0,0,0,0,0,0,0,0,0,0,0,0,0,0,0,0,0,0,0,0,0,0,0,0,0,0,0,0,0,0,0,0,0,0,0,0,0,0,599853843,0,0,0,858377242,0,0,0,0,0,0,0,177081782,388762377,717513637,335266184192,146320243,1,0,0,0,0,0,0,0,0,0,0,0,0,0,0,0,0,0,0,0,0,0,0,0,0,0,0,0,0,0,0,1804,0,0,0,0,0,0,0
1782469049.467,0,0,0,0,0,0,0,1503437988,6368575687168,2301198258688,0,0,0,0,0,0,0,0,0,0,0,0,0,0,0,0,0,0,0,0,0,0,0,0,0,0,0,0,0,0,0,0,0,0,0,0,0,0,0,0,0,0,0,0,0,0,0,0,0,0,0,0,0,0,0,0,0,0,7,1920451,390286368,115875515,0,0,0,0,0,0,0,0,0,0,0,0,0,0,0,0,0,0,0,0,0,0,0,0,0,0,0,0,0,0,0,0,0,0,0,0,0,12882739200,5229314048,786301,319172,115674282,22,0,111,786432,388584906,811172,11,7390455192,12884901888,455420,1203202451,0,0,0,0,0,0,0,0,0,0,0,0,0,0,0,0,0,0,39637264,139535262,0,468,1202,7661,620,79275047,35,0,0,0,0,0,0,0,1,0,0,0,0,0,0,0,0,0,0,48312950,0,115675603,2030024,0,0,0,0,0,0,0,0,16384,0,0,0,0,0,0,0,0,0,0,0,6879,403,0,0,0,0,0,120498838,0,163,0,4,403,6879,0,0,0,0,0,0,0,0,0,0,0,0,0,0,0,0,0,0,0,0,0,0,0,0,0,0,0,0,0,0,0,0,0,0,0,0,0,0,0,0,0,0,0,0,0,0,0,0,0,0,0,0,0,0,599989717,0,0,0,858539560,0,0,0,0,0,0,0,177100828,388875661,717683916,335336839680,146332266,1,1,0,0,0,0,0,0,0,0,0,0,0,0,0,0,0,0,0,0,0,0,0,0,0,0,0,0,0,0,0,661,0,0,0,0,0,0,0
1782469050.545,0,0,0,0,0,0,0,1503762480,6370448001536,2301823403520,0,0,0,0,0,0,0,0,0,0,0,0,0,0,0,0,0,0,0,0,0,0,0,0,0,0,0,0,0,0,0,0,0,0,0,0,0,0,0,0,0,0,0,0,0,0,0,0,0,0,0,0,0,0,0,0,0,0,7,1920474,390401516,115908637,0,0,0,0,0,0,0,0,0,0,0,0,0,0,0,0,0,0,0,0,0,0,0,0,0,0,0,0,0,0,0,0,0,0,0,0,0,12878675968,5210374144,786053,318016,115709302,282,0,97,786432,388699525,811172,11,7392092083,12884901888,457862,1203415506,0,0,0,0,0,0,0,0,0,0,0,0,0,0,0,0,0,0,39646875,139544875,0,468,1202,7661,620,79294270,35,0,0,0,0,0,0,0,1,0,0,0,0,0,0,0,0,0,0,48323832,0,115707807,2030440,0,0,0,0,0,0,0,0,16384,0,0,0,0,0,0,0,0,0,0,0,6880,403,0,0,0,0,0,120528052,0,163,0,4,403,6880,0,0,0,0,0,0,0,0,0,0,0,0,0,0,0,0,0,0,0,0,0,0,0,0,0,0,0,0,0,0,0,0,0,0,0,0,0,0,0,0,0,0,0,0,0,0,0,0,0,0,0,0,0,0,600127373,0,0,0,858702708,0,0,0,0,0,0,0,177119482,388989893,717855596,335408293376,146344159,1,0,0,0,0,0,0,0,0,0,0,0,0,0,0,0,0,0,0,0,0,0,0,0,0,0,0,0,0,0,0,417,0,0,0,0,0,0,0
1782469051.626,0,0,0,0,0,0,0,1504068170,6372205627904,2302390403584,0,0,0,0,0,0,0,0,0,0,0,0,0,0,0,0,0,0,0,0,0,0,0,0,0,0,0,0,0,0,0,0,0,0,0,0,0,0,0,0,0,0,0,0,0,0,0,0,0,0,0,0,0,0,0,0,0,0,7,1920492,390509641,115938450,0,0,0,0,0,0,0,0,0,0,0,0,0,0,0,0,0,0,0,0,0,0,0,0,0,0,0,0,0,0,0,0,0,0,0,0,0,12874792960,5214650368,785815,318277,115738302,519,0,96,786432,388807167,811172,11,7393626548,12884901888,460403,1203611514,0,0,0,0,0,0,0,0,0,0,0,0,0,0,0,0,0,0,39655927,139553931,0,468,1202,7661,620,79312369,35,0,0,0,0,0,0,0,1,0,0,0,0,0,0,0,0,0,0,48334086,0,115736807,2030830,0,0,0,0,0,0,0,0,16384,0,0,0,0,0,0,0,0,0,0,0,6881,403,0,0,0,0,0,120555573,0,163,0,4,403,6881,0,0,0,0,0,0,0,0,0,0,0,0,0,0,0,0,0,0,0,0,0,0,0,0,0,0,0,0,0,0,0,0,0,0,0,0,0,0,0,0,0,0,0,0,0,0,0,0,0,0,0,0,0,0,600258395,0,0,0,858854329,0,0,0,0,0,0,0,177137252,389097101,718017485,335476243968,146355867,1,1,0,0,0,0,0,0,0,0,0,0,0,0,0,0,0,0,0,0,0,0,0,0,0,0,0,0,0,0,0,2185,0,0,0,0,0,0,0
1782469052.708,0,0,0,0,0,0,0,1504391883,6374063376896,2302990697984,0,0,0,0,0,0,0,0,0,0,0,0,0,0,0,0,0,0,0,0,0,0,0,0,0,0,0,0,0,0,0,0,0,0,0,0,0,0,0,0,0,0,0,0,0,0,0,0,0,0,0,0,0,0,0,0,0,0,7,1920523,390623946,115969944,0,0,0,0,0,0,0,0,0,0,0,0,0,0,0,0,0,0,0,0,0,0,0,0,0,0,0,0,0,0,0,0,0,0,0,0,0,12877430784,5221613568,785977,318702,115769177,360,0,96,786432,388920940,811172,11,7395258134,12884901888,462317,1203825728,0,0,0,0,0,0,0,0,0,0,0,0,0,0,0,0,0,0,39665523,139563527,0,468,1202,7661,620,79331558,35,0,0,0,0,0,0,0,1,0,0,0,0,0,0,0,0,0,0,48344938,0,115767746,2031254,0,0,0,0,0,0,0,0,16384,0,0,0,0,0,0,0,0,0,0,0,6882,403,0,0,0,0,0,120584726,0,163,0,4,403,6882,0,0,0,0,0,0,0,0,0,0,0,0,0,0,0,0,0,0,0,0,0,0,0,0,0,0,0,0,0,0,0,0,0,0,0,0,0,0,0,0,0,0,0,0,0,0,0,0,0,0,0,0,0,0,600399193,0,0,0,859017705,0,0,0,0,0,0,0,177155529,389210446,718190453,335549304320,146367612,1,0,0,0,0,0,0,0,0,0,0,0,0,0,0,0,0,0,0,0,0,0,0,0,0,0,0,0,0,0,0,1178,0,0,0,0,0,0,0
1782469053.794,0,0,0,0,0,0,0,1504721811,6375961971200,2303591458304,0,0,0,0,0,0,0,0,0,0,0,0,0,0,0,0,0,0,0,0,0,0,0,0,0,0,0,0,0,0,0,0,0,0,0,0,0,0,0,0,0,0,0,0,0,0,0,0,0,0,0,0,0,0,0,0,0,0,7,1920554,390740806,116001499,0,0,0,0,0,0,0,0,0,0,0,0,0,0,0,0,0,0,0,0,0,0,0,0,0,0,0,0,0,0,0,0,0,0,0,0,0,12878594048,5235671040,786046,319560,115800124,272,0,114,786432,389037266,811172,11,7396918578,12884901888,464385,1204040913,0,0,0,0,0,0,0,0,0,0,0,0,0,0,0,0,0,0,39675304,139573306,0,468,1202,7661,620,79351114,35,0,0,0,0,0,0,0,1,0,0,0,0,0,0,0,0,0,0,48355997,0,115798629,2031674,0,0,0,0,0,0,0,0,16384,0,0,0,0,0,0,0,0,0,0,0,6883,403,0,0,0,0,0,120614444,0,163,0,4,403,6883,0,0,0,0,0,0,0,0,0,0,0,0,0,0,0,0,0,0,0,0,0,0,0,0,0,0,0,0,0,0,0,0,0,0,0,0,0,0,0,0,0,0,0,0,0,0,0,0,0,0,0,0,0,0,600538217,0,0,0,859182756,0,0,0,0,0,0,0,177175198,389326285,718361804,335621719040,146380085,1,0,0,0,0,0,0,0,0,0,0,0,0,0,0,0,0,0,0,0,0,0,0,0,0,0,0,0,0,0,0,1838,0,0,0,0,0,0,0
1782469054.878,0,0,0,0,0,0,0,1505042474,6377811806720,2304186535936,0,0,0,0,0,0,0,0,0,0,0,0,0,0,0,0,0,0,0,0,0,0,0,0,0,0,0,0,0,0,0,0,0,0,0,0,0,0,0,0,0,0,0,0,0,0,0,0,0,0,0,0,0,0,0,0,0,0,7,1920573,390854562,116032812,0,0,0,0,0,0,0,0,0,0,0,0,0,0,0,0,0,0,0,0,0,0,0,0,0,0,0,0,0,0,0,0,0,0,0,0,0,12878512128,5239095296,786042,319769,115830321,293,0,96,786432,389150518,811172,11,7398536995,12884901888,467652,1204253539,0,0,0,0,0,0,0,0,0,0,0,0,0,0,0,0,0,0,39684825,139582826,0,468,1202,7661,620,79370166,35,0,0,0,0,0,0,0,1,0,0,0,0,0,0,0,0,0,0,48366763,0,115828826,2032085,0,0,0,0,0,0,0,0,16384,0,0,0,0,0,0,0,0,0,0,0,6884,403,0,0,0,0,0,120643347,0,163,0,4,403,6884,0,0,0,0,0,0,0,0,0,0,0,0,0,0,0,0,0,0,0,0,0,0,0,0,0,0,0,0,0,0,0,0,0,0,0,0,0,0,0,0,0,0,0,0,0,0,0,0,0,0,0,0,0,0,600674814,0,0,0,859344784,0,0,0,0,0,0,0,177195189,389439053,718530919,335692686848,146392789,1,0,0,0,0,0,0,0,0,0,0,0,0,0,0,0,0,0,0,0,0,0,0,0,0,0,0,0,0,0,0,887,0,0,0,0,0,0,0
1782469055.968,0,0,0,0,0,0,0,1505372029,6379714136576,2304796006400,0,0,0,0,0,0,0,0,0,0,0,0,0,0,0,0,0,0,0,0,0,0,0,0,0,0,0,0,0,0,0,0,0,0,0,0,0,0,0,0,0,0,0,0,0,0,0,0,0,0,0,0,0,0,0,0,0,0,7,1920599,390971598,116064897,0,0,0,0,0,0,0,0,0,0,0,0,0,0,0,0,0,0,0,0,0,0,0,0,0,0,0,0,0,0,0,0,0,0,0,0,0,12880560128,5245911040,786167,320185,115861493,160,0,104,786432,389267032,811172,11,7400195051,12884901888,469986,1204466524,0,0,0,0,0,0,0,0,0,0,0,0,0,0,0,0,0,0,39694596,139592596,0,468,1202,7661,620,79389708,35,0,0,0,0,0,0,0,1,0,0,0,0,0,0,0,0,0,0,48377819,0,115859998,2032509,0,0,0,0,0,0,0,0,16384,0,0,0,0,0,0,0,0,0,0,0,6885,403,0,0,0,0,0,120673028,0,163,0,4,403,6885,0,0,0,0,0,0,0,0,0,0,0,0,0,0,0,0,0,0,0,0,0,0,0,0,0,0,0,0,0,0,0,0,0,0,0,0,0,0,0,0,0,0,0,0,0,0,0,0,0,0,0,0,0,0,600813370,0,0,0,859508938,0,0,0,0,0,0,0,177215663,389555073,718702506,335764672512,146405685,1,0,0,0,0,0,0,0,0,0,0,0,0,0,0,0,0,0,0,0,0,0,0,0,0,0,0,0,0,0,0,2177,0,0,0,0,0,0,0
1782469057.059,0,0,0,0,0,0,0,1505698201,6381589137920,2305395332096,0,0,0,0,0,0,0,0,0,0,0,0,0,0,0,0,0,0,0,0,0,0,0,0,0,0,0,0,0,0,0,0,0,0,0,0,0,0,0,0,0,0,0,0,0,0,0,0,0,0,0,0,0,0,0,0,0,0,7,1920617,391086975,116096377,0,0,0,0,0,0,0,0,0,0,0,0,0,0,0,0,0,0,0,0,0,0,0,0,0,0,0,0,0,0,0,0,0,0,0,0,0,12879740928,5259427840,786117,321009,115892282,219,0,97,786432,389381915,811172,11,7401841018,12884901888,472119,1204681623,0,0,0,0,0,0,0,0,0,0,0,0,0,0,0,0,0,0,39704282,139602284,0,468,1202,7661,620,79409085,35,0,0,0,0,0,0,0,1,0,0,0,0,0,0,0,0,0,0,48388787,0,115890787,2032926,0,0,0,0,0,0,0,0,16384,0,0,0,0,0,0,0,0,0,0,0,6886,403,0,0,0,0,0,120702492,0,163,0,4,403,6886,0,0,0,0,0,0,0,0,0,0,0,0,0,0,0,0,0,0,0,0,0,0,0,0,0,0,0,0,0,0,0,0,0,0,0,0,0,0,0,0,0,0,0,0,0,0,0,0,0,0,0,0,0,0,600952373,0,0,0,859673296,0,0,0,0,0,0,0,177234788,389669530,718873918,335836888064,146418052,1,0,0,0,0,0,0,0,0,0,0,0,0,0,0,0,0,0,0,0,0,0,0,0,0,0,0,0,0,0,0,1887,0,0,0,0,0,0,0
1782469058.144,0,0,0,0,0,0,0,1506011164,6383387986432,2305978326016,0,0,0,0,0,0,0,0,0,0,0,0,0,0,0,0,0,0,0,0,0,0,0,0,0,0,0,0,0,0,0,0,0,0,0,0,0,0,0,0,0,0,0,0,0,0,0,0,0,0,0,0,0,0,0,0,0,0,7,1920635,391197639,116126902,0,0,0,0,0,0,0,0,0,0,0,0,0,0,0,0,0,0,0,0,0,0,0,0,0,0,0,0,0,0,0,0,0,0,0,0,0,12878643200,5263261696,786050,321244,115921968,284,0,97,786432,389492100,811172,11,7403422577,12884901888,474618,1204889629,0,0,0,0,0,0,0,0,0,0,0,0,0,0,0,0,0,0,39713575,139611578,0,468,1202,7661,620,79427674,35,0,0,0,0,0,0,0,1,0,0,0,0,0,0,0,0,0,0,48399326,0,115920392,2033327,0,0,0,0,0,0,0,0,16384,0,0,0,0,0,0,0,0,0,0,0,6887,403,0,0,0,0,0,120730711,0,163,0,4,403,6887,0,0,0,0,0,0,0,0,0,0,0,0,0,0,0,0,0,0,0,0,0,0,0,0,0,0,0,0,0,0,0,0,0,0,0,0,0,0,0,0,0,0,0,0,0,0,0,0,0,0,0,0,0,0,601090574,0,0,0,859831865,0,0,0,0,0,0,0,177252179,389779308,719043600,335908336128,146429523,1,1,0,0,0,0,0,0,0,0,0,0,0,0,0,0,0,0,0,0,0,0,0,0,0,0,0,0,0,0,0,412,0,0,0,0,0,0,0
1782469059.232,0,0,0,0,0,0,0,1506340926,6385279240704,2306586704384,0,0,0,0,0,0,0,0,0,0,0,0,0,0,0,0,0,0,0,0,0,0,0,0,0,0,0,0,0,0,0,0,0,0,0,0,0,0,0,0,0,0,0,0,0,0,0,0,0,0,0,0,0,0,0,0,0,0,7,1920658,391313961,116158972,0,0,0,0,0,0,0,0,0,0,0,0,0,0,0,0,0,0,0,0,0,0,0,0,0,0,0,0,0,0,0,0,0,0,0,0,0,12880183296,5264490496,786144,321319,115953129,192,0,97,786432,389607908,811172,11,7405077891,12884901888,476899,1205102571,0,0,0,0,0,0,0,0,0,0,0,0,0,0,0,0,0,0,39723343,139621345,0,468,1202,7661,620,79447202,35,0,0,0,0,0,0,0,1,0,0,0,0,0,0,0,0,0,0,48410378,0,115951627,2033744,0,0,0,0,0,0,0,0,16384,0,0,0,0,0,0,0,0,0,0,0,6889,403,0,0,0,0,0,120760374,0,163,0,4,403,6889,0,0,0,0,0,0,0,0,0,0,0,0,0,0,0,0,0,0,0,0,0,0,0,0,0,0,0,0,0,0,0,0,0,0,0,0,0,0,0,0,0,0,0,0,0,0,0,0,0,0,0,0,0,0,601228702,0,0,0,859996060,0,0,0,0,0,0,0,177271137,389894701,719214709,335980237824,146441696,1,0,0,0,0,0,0,0,0,0,0,0,0,0,0,0,0,0,0,0,0,0,0,0,0,0,0,0,0,0,0,1740,0,0,0,0,0,0,0
1782469060.322,0,0,0,0,0,0,0,1506669117,6387169577472,2307194567168,0,0,0,0,0,0,0,0,0,0,0,0,0,0,0,0,0,0,0,0,0,0,0,0,0,0,0,0,0,0,0,0,0,0,0,0,0,0,0,0,0,0,0,0,0,0,0,0,0,0,0,0,0,0,0,0,0,0,7,1920679,391430263,116190967,0,0,0,0,0,0,0,0,0,0,0,0,0,0,0,0,0,0,0,0,0,0,0,0,0,0,0,0,0,0,0,0,0,0,0,0,0,12876496896,5269143552,785917,321603,115984302,414,0,99,786432,389723686,811172,11,7406734899,12884901888,479397,1205319462,0,0,0,0,0,0,0,0,0,0,0,0,0,0,0,0,0,0,39733080,139631082,0,468,1202,7661,620,79466682,35,0,0,0,0,0,0,0,1,0,0,0,0,0,0,0,0,0,0,48421402,0,115982726,2034163,0,0,0,0,0,0,0,0,16384,0,0,0,0,0,0,0,0,0,0,0,6890,403,0,0,0,0,0,120789978,0,163,0,4,403,6890,0,0,0,0,0,0,0,0,0,0,0,0,0,0,0,0,0,0,0,0,0,0,0,0,0,0,0,0,0,0,0,0,0,0,0,0,0,0,0,0,0,0,0,0,0,0,0,0,0,0,0,0,0,0,601367498,0,0,0,860161423,0,0,0,0,0,0,0,177290179,390010004,719386494,336052505600,146453628,1,0,0,0,0,0,0,0,0,0,0,0,0,0,0,0,0,0,0,0,0,0,0,0,0,0,0,0,0,0,0,1151,0,0,0,0,0,0,0
1782469061.409,0,0,0,0,0,0,0,1506965398,6388875184640,2307767091712,0,0,0,0,0,0,0,0,0,0,0,0,0,0,0,0,0,0,0,0,0,0,0,0,0,0,0,0,0,0,0,0,0,0,0,0,0,0,0,0,0,0,0,0,0,0,0,0,0,0,0,0,0,0,0,0,0,0,7,1920686,391535220,116221105,0,0,0,0,0,0,0,0,0,0,0,0,0,0,0,0,0,0,0,0,0,0,0,0,0,0,0,0,0,0,0,0,0,0,0,0,0,12882968576,5251792896,786313,320544,116012527,0,0,118,786432,389828213,811172,11,7408225356,12884901888,482198,1205512245,0,0,0,0,0,0,0,0,0,0,0,0,0,0,0,0,0,0,39741870,139639873,0,468,1202,7661,620,79484250,35,0,0,0,0,0,0,0,1,0,0,0,0,0,0,0,0,0,0,48431353,0,116011719,2034540,0,0,0,0,0,0,0,0,16384,0,0,0,0,0,0,0,0,0,0,0,6891,403,0,0,0,0,0,120816700,0,163,0,4,403,6891,0,0,0,0,0,0,0,0,0,0,0,0,0,0,0,0,0,0,0,0,0,0,0,0,0,0,0,0,0,0,0,0,0,0,0,0,0,0,0,0,0,0,0,0,0,0,0,0,0,0,0,0,0,0,601499414,0,0,0,860309554,0,0,0,0,0,0,0,177306100,390114058,719549511,336120791040,146464240,1,0,0,0,0,0,0,0,0,0,0,0,0,0,0,0,0,0,0,0,0,0,0,0,0,0,0,0,0,0,0,1796,0,0,0,0,0,0,0
1782469062.493,0,0,0,0,0,0,0,1507287296,6390729067008,2308405056512,0,0,0,0,0,0,0,0,0,0,0,0,0,0,0,0,0,0,0,0,0,0,0,0,0,0,0,0,0,0,0,0,0,0,0,0,0,0,0,0,0,0,0,0,0,0,0,0,0,0,0,0,0,0,0,0,0,0,7,1920712,391649226,116254987,0,0,0,0,0,0,0,0,0,0,0,0,0,0,0,0,0,0,0,0,0,0,0,0,0,0,0,0,0,0,0,0,0,0,0,0,0,12880248832,5217140736,786150,318429,116042750,188,0,97,786432,389941724,811172,11,7409848561,12884901888,485239,1205725048,0,0,0,0,0,0,0,0,0,0,0,0,0,0,0,0,0,0,39751405,139649410,0,468,1202,7661,620,79503337,35,0,0,0,0,0,0,0,1,0,0,0,0,0,0,0,0,0,0,48442143,0,116044886,2034966,0,0,0,0,0,0,0,0,16384,0,0,0,0,0,0,0,0,0,0,0,6892,403,0,0,0,0,0,120845708,0,163,0,4,403,6892,0,0,0,0,0,0,0,0,0,0,0,0,0,0,0,0,0,0,0,0,0,0,0,0,0,0,0,0,0,0,0,0,0,0,0,0,0,0,0,0,0,0,0,0,0,0,0,0,0,0,0,0,0,0,601637877,0,0,0,860471936,0,0,0,0,0,0,0,177325371,390227182,719722946,336192727552,146476491,1,0,0,0,0,0,0,0,0,0,0,0,0,0,0,0,0,0,0,0,0,0,0,0,0,0,0,0,0,0,0,961,0,0,0,0,0,0,0
1782469063.577,0,0,0,0,0,0,0,1507614596,6392614111744,2309014538752,0,0,0,0,0,0,0,0,0,0,0,0,0,0,0,0,0,0,0,0,0,0,0,0,0,0,0,0,0,0,0,0,0,0,0,0,0,0,0,0,0,0,0,0,0,0,0,0,0,0,0,0,0,0,0,0,0,0,7,1920732,391765231,116287098,0,0,0,0,0,0,0,0,0,0,0,0,0,0,0,0,0,0,0,0,0,0,0,0,0,0,0,0,0,0,0,0,0,0,0,0,0,12880691200,5216927744,786174,318416,116077560,159,0,97,786432,390057213,811172,11,7411500168,12884901888,488134,1205941232,0,0,0,0,0,0,0,0,0,0,0,0,0,0,0,0,0,0,39761113,139659116,0,468,1202,7661,620,79522733,35,0,0,0,0,0,0,0,1,0,0,0,0,0,0,0,0,0,0,48453127,0,116075984,2035390,0,0,0,0,0,0,0,0,16384,0,0,0,0,0,0,0,0,0,0,0,6893,403,0,0,0,0,0,120875222,0,163,0,4,403,6893,0,0,0,0,0,0,0,0,0,0,0,0,0,0,0,0,0,0,0,0,0,0,0,0,0,0,0,0,0,0,0,0,0,0,0,0,0,0,0,0,0,0,0,0,0,0,0,0,0,0,0,0,0,0,601776547,0,0,0,860636832,0,0,0,0,0,0,0,177345224,390342166,719894867,336264955392,146489117,1,0,0,0,0,0,0,0,0,0,0,0,0,0,0,0,0,0,0,0,0,0,0,0,0,0,0,0,0,0,0,449,0,0,0,0,0,0,0
1782469064.666,0,0,0,0,0,0,0,1507942227,6394500827648,2309624881664,0,0,0,0,0,0,0,0,0,0,0,0,0,0,0,0,0,0,0,0,0,0,0,0,0,0,0,0,0,0,0,0,0,0,0,0,0,0,0,0,0,0,0,0,0,0,0,0,0,0,0,0,0,0,0,0,0,0,7,1920760,391881324,116319200,0,0,0,0,0,0,0,0,0,0,0,0,0,0,0,0,0,0,0,0,0,0,0,0,0,0,0,0,0,0,0,0,0,0,0,0,0,12875923456,5220270080,785884,318620,116108406,451,0,96,786432,390172785,811172,11,7413153761,12884901888,491506,1206157252,0,0,0,0,0,0,0,0,0,0,0,0,0,0,0,0,0,0,39770828,139668831,0,468,1202,7661,620,79542173,35,0,0,0,0,0,0,0,1,0,0,0,0,0,0,0,0,0,0,48464132,0,116106830,2035807,0,0,0,0,0,0,0,0,16384,0,0,0,0,0,0,0,0,0,0,0,6894,403,0,0,0,0,0,120904714,0,163,0,4,403,6894,0,0,0,0,0,0,0,0,0,0,0,0,0,0,0,0,0,0,0,0,0,0,0,0,0,0,0,0,0,0,0,0,0,0,0,0,0,0,0,0,0,0,0,0,0,0,0,0,0,0,0,0,0,0,601917181,0,0,0,860801511,0,0,0,0,0,0,0,177364854,390457250,720068931,336338119168,146501400,1,0,0,0,0,0,0,0,0,0,0,0,0,0,0,0,0,0,0,0,0,0,0,0,0,0,0,0,0,0,0,255,0,0,0,0,0,0,0
1782469065.756,0,0,0,0,0,0,0,1508275527,6396417493504,2310238117888,0,0,0,0,0,0,0,0,0,0,0,0,0,0,0,0,0,0,0,0,0,0,0,0,0,0,0,0,0,0,0,0,0,0,0,0,0,0,0,0,0,0,0,0,0,0,0,0,0,0,0,0,0,0,0,0,0,0,7,1920778,391999207,116351446,0,0,0,0,0,0,0,0,0,0,0,0,0,0,0,0,0,0,0,0,0,0,0,0,0,0,0,0,0,0,0,0,0,0,0,0,0,12880019456,5230624768,786135,319252,116139784,198,0,100,786432,390290151,811172,11,7414832378,12884901888,494218,1206374386,0,0,0,0,0,0,0,0,0,0,0,0,0,0,0,0,0,0,39780721,139678726,0,468,1202,7661,620,79561966,35,0,0,0,0,0,0,0,1,0,0,0,0,0,0,0,0,0,0,48475332,0,116138208,2036229,0,0,0,0,0,0,0,0,16384,0,0,0,0,0,0,0,0,0,0,0,6895,403,0,0,0,0,0,120934775,0,163,0,4,403,6895,0,0,0,0,0,0,0,0,0,0,0,0,0,0,0,0,0,0,0,0,0,0,0,0,0,0,0,0,0,0,0,0,0,0,0,0,0,0,0,0,0,0,0,0,0,0,0,0,0,0,0,0,0,0,602057723,0,0,0,860968267,0,0,0,0,0,0,0,177385028,390574087,720242715,336411299840,146514102,1,1,0,0,0,0,0,0,0,0,0,0,0,0,0,0,0,0,0,0,0,0,0,0,0,0,0,0,0,0,0,893,0,0,0,0,0,0,0
1782469066.841,0,0,0,0,0,0,0,1508600718,6398290004480,2310844447744,0,0,0,0,0,0,0,0,0,0,0,0,0,0,0,0,0,0,0,0,0,0,0,0,0,0,0,0,0,0,0,0,0,0,0,0,0,0,0,0,0,0,0,0,0,0,0,0,0,0,0,0,0,0,0,0,0,0,7,1920807,392114462,116383377,0,0,0,0,0,0,0,0,0,0,0,0,0,0,0,0,0,0,0,0,0,0,0,0,0,0,0,0,0,0,0,0,0,0,0,0,0,12877987840,5234655232,786010,319498,116171095,286,0,136,786432,390404874,811172,11,7416472838,12884901888,496218,1206588369,0,0,0,0,0,0,0,0,0,0,0,0,0,0,0,0,0,0,39790370,139688374,0,468,1202,7661,620,79581258,35,0,0,0,0,0,0,0,1,0,0,0,0,0,0,0,0,0,0,48486263,0,116169544,2036653,0,0,0,0,0,0,0,0,16384,0,0,0,0,0,0,0,0,0,0,0,6896,403,0,0,0,0,0,120964069,0,163,0,4,403,6896,0,0,0,0,0,0,0,0,0,0,0,0,0,0,0,0,0,0,0,0,0,0,0,0,0,0,0,0,0,0,0,0,0,0,0,0,0,0,0,0,0,0,0,0,0,0,0,0,0,0,0,0,0,0,602196032,0,0,0,861131970,0,0,0,0,0,0,0,177403844,390688343,720413728,336483113472,146526244,1,0,0,0,0,0,0,0,0,0,0,0,0,0,0,0,0,0,0,0,0,0,0,0,0,0,0,0,0,0,0,515,0,0,0,0,0,0,0
1782469067.929,0,0,0,0,0,0,0,1508912336,6400084429312,2311423520768,0,0,0,0,0,0,0,0,0,0,0,0,0,0,0,0,0,0,0,0,0,0,0,0,0,0,0,0,0,0,0,0,0,0,0,0,0,0,0,0,0,0,0,0,0,0,0,0,0,0,0,0,0,0,0,0,0,0,7,1920840,392224741,116413723,0,0,0,0,0,0,0,0,0,0,0,0,0,0,0,0,0,0,0,0,0,0,0,0,0,0,0,0,0,0,0,0,0,0,0,0,0,12880510976,5237211136,786164,319655,116200000,172,0,97,786432,390514665,811172,11,7418043798,12884901888,500614,1206793139,0,0,0,0,0,0,0,0,0,0,0,0,0,0,0,0,0,0,39799607,139697612,0,468,1202,7661,620,79599734,35,0,0,0,0,0,0,0,1,0,0,0,0,0,0,0,0,0,0,48496728,0,116198424,2037045,0,0,0,0,0,0,0,0,16384,0,0,0,0,0,0,0,0,0,0,0,6897,403,0,0,0,0,0,120992150,0,163,0,4,403,6897,0,0,0,0,0,0,0,0,0,0,0,0,0,0,0,0,0,0,0,0,0,0,0,0,0,0,0,0,0,0,0,0,0,0,0,0,0,0,0,0,0,0,0,0,0,0,0,0,0,0,0,0,0,0,602332707,0,0,0,861288785,0,0,0,0,0,0,0,177421713,390797824,720582248,336554167808,146537513,1,0,0,0,0,0,0,0,0,0,0,0,0,0,0,0,0,0,0,0,0,0,0,0,0,0,0,0,0,0,0,282,0,0,0,0,0,0,0
1782469069.019,0,0,0,0,0,0,0,1509234835,6401942964736,2312019273728,0,0,0,0,0,0,0,0,0,0,0,0,0,0,0,0,0,0,0,0,0,0,0,0,0,0,0,0,0,0,0,0,0,0,0,0,0,0,0,0,0,0,0,0,0,0,0,0,0,0,0,0,0,0,0,0,0,0,7,1920862,392339160,116445136,0,0,0,0,0,0,0,0,0,0,0,0,0,0,0,0,0,0,0,0,0,0,0,0,0,0,0,0,0,0,0,0,0,0,0,0,0,12877201408,5242028032,785962,319948,116230600,373,0,97,786432,390628592,811172,11,7419664536,12884901888,502968,1207001194,0,0,0,0,0,0,0,0,0,0,0,0,0,0,0,0,0,0,39809166,139707168,0,468,1202,7661,620,79618839,35,0,0,0,0,0,0,0,1,0,0,0,0,0,0,0,0,0,0,48507545,0,116229042,2037465,0,0,0,0,0,0,0,0,16384,0,0,0,0,0,0,0,0,0,0,0,6898,403,0,0,0,0,0,121021149,0,163,0,4,403,6898,0,0,0,0,0,0,0,0,0,0,0,0,0,0,0,0,0,0,0,0,0,0,0,0,0,0,0,0,0,0,0,0,0,0,0,0,0,0,0,0,0,0,0,0,0,0,0,0,0,0,0,0,0,0,602468368,0,0,0,861449348,0,0,0,0,0,0,0,177441484,390911295,720750286,336624777728,146550142,1,0,0,0,0,0,0,0,0,0,0,0,0,0,0,0,0,0,0,0,0,0,0,0,0,0,0,0,0,0,0,1540,0,0,0,0,0,0,0
1782469070.107,0,0,0,0,0,0,0,1509555176,6403796683264,2312613395968,0,0,0,0,0,0,0,0,0,0,0,0,0,0,0,0,0,0,0,0,0,0,0,0,0,0,0,0,0,0,0,0,0,0,0,0,0,0,0,0,0,0,0,0,0,0,0,0,0,0,0,0,0,0,0,0,0,0,7,1920885,392453197,116476368,0,0,0,0,0,0,0,0,0,0,0,0,0,0,0,0,0,0,0,0,0,0,0,0,0,0,0,0,0,0,0,0,0,0,0,0,0,12879511552,5246795776,786104,320238,116261005,232,0,98,786432,390742130,811172,11,7421281428,12884901888,505683,1207212069,0,0,0,0,0,0,0,0,0,0,0,0,0,0,0,0,0,0,39818670,139716676,0,468,1202,7661,620,79637856,35,0,0,0,0,0,0,0,1,0,0,0,0,0,0,0,0,0,0,48518317,0,116259429,2037876,0,0,0,0,0,0,0,0,16384,0,0,0,0,0,0,0,0,0,0,0,6899,403,0,0,0,0,0,121050066,0,163,0,4,403,6899,0,0,0,0,0,0,0,0,0,0,0,0,0,0,0,0,0,0,0,0,0,0,0,0,0,0,0,0,0,0,0,0,0,0,0,0,0,0,0,0,0,0,0,0,0,0,0,0,0,0,0,0,0,0,602606440,0,0,0,861610569,0,0,0,0,0,0,0,177459902,391024402,720920536,336696461824,146561931,0,1,0,0,0,0,0,0,0,0,0,0,0,0,0,0,0,0,0,0,0,0,0,0,0,0,0,0,0,0,0,1207,0,0,0,0,0,0,0
1782469071.191,0,0,0,0,0,0,0,1509863378,6405564926464,2313186824192,0,0,0,0,0,0,0,0,0,0,0,0,0,0,0,0,0,0,0,0,0,0,0,0,0,0,0,0,0,0,0,0,0,0,0,0,0,0,0,0,0,0,0,0,0,0,0,0,0,0,0,0,0,0,0,0,0,0,7,1920916,392561906,116506495,0,0,0,0,0,0,0,0,0,0,0,0,0,0,0,0,0,0,0,0,0,0,0,0,0,0,0,0,0,0,0,0,0,0,0,0,0,12877201408,5248614400,785962,320350,116289833,374,0,96,786432,390850397,811172,11,7422830680,12884901888,509546,1207412325,0,0,0,0,0,0,0,0,0,0,0,0,0,0,0,0,0,0,39827794,139725799,0,468,1202,7661,620,79656111,35,0,0,0,0,0,0,0,1,0,0,0,0,0,0,0,0,0,0,48528641,0,116288257,2038266,0,0,0,0,0,0,0,0,16384,0,0,0,0,0,0,0,0,0,0,0,6901,403,0,0,0,0,0,121077772,0,163,0,4,403,6901,0,0,0,0,0,0,0,0,0,0,0,0,0,0,0,0,0,0,0,0,0,0,0,0,0,0,0,0,0,0,0,0,0,0,0,0,0,0,0,0,0,0,0,0,0,0,0,0,0,0,0,0,0,0,602740418,0,0,0,861764198,0,0,0,0,0,0,0,177478020,391132206,721085982,336766018048,146573738,1,0,0,0,0,0,0,0,0,0,0,0,0,0,0,0,0,0,0,0,0,0,0,0,0,0,0,0,0,0,0,2144,0,0,0,0,0,0,0
1782469072.281,0,0,0,0,0,0,0,1510198902,6407500794368,2313806403072,0,0,0,0,0,0,0,0,0,0,0,0,0,0,0,0,0,0,0,0,0,0,0,0,0,0,0,0,0,0,0,0,0,0,0,0,0,0,0,0,0,0,0,0,0,0,0,0,0,0,0,0,0,0,0,0,0,0,7,1920943,392680990,116539063,0,0,0,0,0,0,0,0,0,0,0,0,0,0,0,0,0,0,0,0,0,0,0,0,0,0,0,0,0,0,0,0,0,0,0,0,0,12875546624,5255069696,785861,320745,116321849,475,0,96,786432,390968898,811172,11,7424523975,12884901888,511217,1207634833,0,0,0,0,0,0,0,0,0,0,0,0,0,0,0,0,0,0,39837756,139735760,0,468,1202,7661,620,79676023,35,0,0,0,0,0,0,0,1,0,0,0,0,0,0,0,0,0,0,48539919,0,116320273,2038699,0,0,0,0,0,0,0,0,16384,0,0,0,0,0,0,0,0,0,0,0,6902,403,0,0,0,0,0,121107993,0,163,0,4,403,6902,0,0,0,0,0,0,0,0,0,0,0,0,0,0,0,0,0,0,0,0,0,0,0,0,0,0,0,0,0,0,0,0,0,0,0,0,0,0,0,0,0,0,0,0,0,0,0,0,0,0,0,0,0,0,602882538,0,0,0,861934047,0,0,0,0,0,0,0,177497233,391250384,721261419,336840022528,146585844,1,1,0,0,0,0,0,0,0,0,0,0,0,0,0,0,0,0,0,0,0,0,0,0,0,0,0,0,0,0,0,870,0,0,0,0,0,0,0
1782469073.372,0,0,0,0,0,0,0,1510526513,6409388231168,2314422633472,0,0,0,0,0,0,0,0,0,0,0,0,0,0,0,0,0,0,0,0,0,0,0,0,0,0,0,0,0,0,0,0,0,0,0,0,0,0,0,0,0,0,0,0,0,0,0,0,0,0,0,0,0,0,0,0,0,0,7,1920967,392797169,116571563,0,0,0,0,0,0,0,0,0,0,0,0,0,0,0,0,0,0,0,0,0,0,0,0,0,0,0,0,0,0,0,0,0,0,0,0,0,12880953344,5249499136,786191,320404,116353102,145,0,96,786432,391084511,811172,11,7426175389,12884901888,513024,1207848911,0,0,0,0,0,0,0,0,0,0,0,0,0,0,0,0,0,0,39847486,139745491,0,468,1202,7661,620,79695482,35,0,0,0,0,0,0,0,1,0,0,0,0,0,0,0,0,0,0,48550946,0,116351782,2039132,0,0,0,0,0,0,0,0,16384,0,0,0,0,0,0,0,0,0,0,0,6903,403,0,0,0,0,0,121137579,0,163,0,4,403,6903,0,0,0,0,0,0,0,0,0,0,0,0,0,0,0,0,0,0,0,0,0,0,0,0,0,0,0,0,0,0,0,0,0,0,0,0,0,0,0,0,0,0,0,0,0,0,0,0,0,0,0,0,0,0,603020219,0,0,0,862098319,0,0,0,0,0,0,0,177516896,391365533,721432423,336911715328,146598266,1,1,0,0,0,0,0,0,0,0,0,0,0,0,0,0,0,0,0,0,0,0,0,0,0,0,0,0,0,0,0,1244,0,0,0,0,0,0,0
1782469074.459,0,0,0,0,0,0,0,1510848226,6411245062656,2315055160320,0,0,0,0,0,0,0,0,0,0,0,0,0,0,0,0,0,0,0,0,0,0,0,0,0,0,0,0,0,0,0,0,0,0,0,0,0,0,0,0,0,0,0,0,0,0,0,0,0,0,0,0,0,0,0,0,0,0,7,1920991,392911388,116605138,0,0,0,0,0,0,0,0,0,0,0,0,0,0,0,0,0,0,0,0,0,0,0,0,0,0,0,0,0,0,0,0,0,0,0,0,0,12880314368,5222842368,786151,318777,116383796,175,0,105,786432,391198232,811172,11,7427794581,12884901888,515568,1208058061,0,0,0,0,0,0,0,0,0,0,0,0,0,0,0,0,0,0,39857014,139755022,0,468,1202,7661,620,79714557,35,0,0,0,0,0,0,0,1,0,0,0,0,0,0,0,0,0,0,48561735,0,116384908,2039560,0,0,0,0,0,0,0,0,16384,0,0,0,0,0,0,0,0,0,0,0,6904,403,0,0,0,0,0,121166549,0,163,0,4,403,6904,0,0,0,0,0,0,0,0,0,0,0,0,0,0,0,0,0,0,0,0,0,0,0,0,0,0,0,0,0,0,0,0,0,0,0,0,0,0,0,0,0,0,0,0,0,0,0,0,0,0,0,0,0,0,603156609,0,0,0,862258949,0,0,0,0,0,0,0,177535830,391478832,721603283,336982525440,146610378,1,0,0,0,0,0,0,0,0,0,0,0,0,0,0,0,0,0,0,0,0,0,0,0,0,0,0,0,0,0,0,2160,0,0,0,0,0,0,0
1782469075.546,0,0,0,0,0,0,0,1511179129,6413147326976,2315687661056,0,0,0,0,0,0,0,0,0,0,0,0,0,0,0,0,0,0,0,0,0,0,0,0,0,0,0,0,0,0,0,0,0,0,0,0,0,0,0,0,0,0,0,0,0,0,0,0,0,0,0,0,0,0,0,0,0,0,7,1921013,393028446,116638692,0,0,0,0,0,0,0,0,0,0,0,0,0,0,0,0,0,0,0,0,0,0,0,0,0,0,0,0,0,0,0,0,0,0,0,0,0,12880117760,5208391680,786140,317895,116419421,185,0,107,786432,391314804,811172,11,7429462463,12884901888,517432,1208274543,0,0,0,0,0,0,0,0,0,0,0,0,0,0,0,0,0,0,39866833,139764841,0,468,1202,7661,620,79734179,35,0,0,0,0,0,0,0,1,0,0,0,0,0,0,0,0,0,0,48572845,0,116417845,2040007,0,0,0,0,0,0,0,0,16384,0,0,0,0,0,0,0,0,0,0,0,6905,403,0,0,0,0,0,121196371,0,163,0,4,403,6905,0,0,0,0,0,0,0,0,0,0,0,0,0,0,0,0,0,0,0,0,0,0,0,0,0,0,0,0,0,0,0,0,0,0,0,0,0,0,0,0,0,0,0,0,0,0,0,0,0,0,0,0,0,0,603296210,0,0,0,862425040,0,0,0,0,0,0,0,177555666,391594808,721777174,337054979584,146622968,1,1,0,0,0,0,0,0,0,0,0,0,0,0,0,0,0,0,0,0,0,0,0,0,0,0,0,0,0,0,0,2194,0,0,0,0,0,0,0
1782469076.630,0,0,0,0,0,0,0,1511499626,6414998243840,2316288567808,0,0,0,0,0,0,0,0,0,0,0,0,0,0,0,0,0,0,0,0,0,0,0,0,0,0,0,0,0,0,0,0,0,0,0,0,0,0,0,0,0,0,0,0,0,0,0,0,0,0,0,0,0,0,0,0,0,0,7,1921037,393142310,116670299,0,0,0,0,0,0,0,0,0,0,0,0,0,0,0,0,0,0,0,0,0,0,0,0,0,0,0,0,0,0,0,0,0,0,0,0,0,12878266368,5207916544,786026,317866,116450151,306,0,97,786432,391428177,811172,11,7431083013,12884901888,519920,1208488133,0,0,0,0,0,0,0,0,0,0,0,0,0,0,0,0,0,0,39876353,139774361,0,468,1202,7661,620,79753234,35,0,0,0,0,0,0,0,1,0,0,0,0,0,0,0,0,0,0,48583618,0,116448575,2040426,0,0,0,0,0,0,0,0,16384,0,0,0,0,0,0,0,0,0,0,0,6906,403,0,0,0,0,0,121225332,0,163,0,4,403,6906,0,0,0,0,0,0,0,0,0,0,0,0,0,0,0,0,0,0,0,0,0,0,0,0,0,0,0,0,0,0,0,0,0,0,0,0,0,0,0,0,0,0,0,0,0,0,0,0,0,0,0,0,0,0,603433873,0,0,0,862587495,0,0,0,0,0,0,0,177575393,391707719,721947499,337126568448,146635816,1,1,0,0,0,0,0,0,0,0,0,0,0,0,0,0,0,0,0,0,0,0,0,0,0,0,0,0,0,0,0,785,0,0,0,0,0,0,0
1782469077.718,0,0,0,0,0,0,0,1511812687,6416797010432,2316872096256,0,0,0,0,0,0,0,0,0,0,0,0,0,0,0,0,0,0,0,0,0,0,0,0,0,0,0,0,0,0,0,0,0,0,0,0,0,0,0,0,0,0,0,0,0,0,0,0,0,0,0,0,0,0,0,0,0,0,7,1921056,393252982,116700926,0,0,0,0,0,0,0,0,0,0,0,0,0,0,0,0,0,0,0,0,0,0,0,0,0,0,0,0,0,0,0,0,0,0,0,0,0,12878495744,5210882048,786042,318047,116479839,298,0,96,786432,391538358,811172,11,7432659344,12884901888,522972,1208692597,0,0,0,0,0,0,0,0,0,0,0,0,0,0,0,0,0,0,39885625,139783629,0,468,1202,7661,620,79771770,35,0,0,0,0,0,0,0,1,0,0,0,0,0,0,0,0,0,0,48594116,0,116478263,2040824,0,0,0,0,0,0,0,0,16384,0,0,0,0,0,0,0,0,0,0,0,6907,403,0,0,0,0,0,121253500,0,163,0,4,403,6907,0,0,0,0,0,0,0,0,0,0,0,0,0,0,0,0,0,0,0,0,0,0,0,0,0,0,0,0,0,0,0,0,0,0,0,0,0,0,0,0,0,0,0,0,0,0,0,0,0,0,0,0,0,0,603570251,0,0,0,862744390,0,0,0,0,0,0,0,177591963,391817413,722115591,337197246464,146646370,1,0,0,0,0,0,0,0,0,0,0,0,0,0,0,0,0,0,0,0,0,0,0,0,0,0,0,0,0,0,0,997,0,0,0,0,0,0,0
1782469078.806,0,0,0,0,0,0,0,1512136856,6418663213568,2317472122368,0,0,0,0,0,0,0,0,0,0,0,0,0,0,0,0,0,0,0,0,0,0,0,0,0,0,0,0,0,0,0,0,0,0,0,0,0,0,0,0,0,0,0,0,0,0,0,0,0,0,0,0,0,0,0,0,0,0,7,1921087,393367724,116732490,0,0,0,0,0,0,0,0,0,0,0,0,0,0,0,0,0,0,0,0,0,0,0,0,0,0,0,0,0,0,0,0,0,0,0,0,0,12876660736,5218074624,785928,318486,116510500,404,0,98,786432,391652605,811172,11,7434289410,12884901888,525493,1208904082,0,0,0,0,0,0,0,0,0,0,0,0,0,0,0,0,0,0,39895221,139793225,0,468,1202,7661,620,79790964,35,0,0,0,0,0,0,0,1,0,0,0,0,0,0,0,0,0,0,48604978,0,116508945,2041244,0,0,0,0,0,0,0,0,16384,0,0,0,0,0,0,0,0,0,0,0,6908,403,0,0,0,0,0,121282659,0,163,0,4,403,6908,0,0,0,0,0,0,0,0,0,0,0,0,0,0,0,0,0,0,0,0,0,0,0,0,0,0,0,0,0,0,0,0,0,0,0,0,0,0,0,0,0,0,0,0,0,0,0,0,0,0,0,0,0,0,603708659,0,0,0,862906480,0,0,0,0,0,0,0,177612536,391931300,722286548,337269214720,146659806,1,0,0,0,0,0,0,0,0,0,0,0,0,0,0,0,0,0,0,0,0,0,0,0,0,0,0,0,0,0,0,1343,0,0,0,0,0,0,0
1782469079.895,0,0,0,0,0,0,0,1512443619,6420429343232,2318045916160,0,0,0,0,0,0,0,0,0,0,0,0,0,0,0,0,0,0,0,0,0,0,0,0,0,0,0,0,0,0,0,0,0,0,0,0,0,0,0,0,0,0,0,0,0,0,0,0,0,0,0,0,0,0,0,0,0,0,7,1921110,393476361,116762637,0,0,0,0,0,0,0,0,0,0,0,0,0,0,0,0,0,0,0,0,0,0,0,0,0,0,0,0,0,0,0,0,0,0,0,0,0,12877070336,5219270656,785954,318559,116539781,380,0,98,786432,391760790,811172,11,7435837708,12884901888,527890,1209107434,0,0,0,0,0,0,0,0,0,0,0,0,0,0,0,0,0,0,39904336,139802341,0,468,1202,7661,620,79809185,35,0,0,0,0,0,0,0,1,0,0,0,0,0,0,0,0,0,0,48615294,0,116538205,2041637,0,0,0,0,0,0,0,0,16384,0,0,0,0,0,0,0,0,0,0,0,6909,403,0,0,0,0,0,121310373,0,163,0,4,403,6909,0,0,0,0,0,0,0,0,0,0,0,0,0,0,0,0,0,0,0,0,0,0,0,0,0,0,0,0,0,0,0,0,0,0,0,0,0,0,0,0,0,0,0,0,0,0,0,0,0,0,0,0,0,0,603840227,0,0,0,863061462,0,0,0,0,0,0,0,177630228,392039076,722449270,337337767936,146671566,1,0,0,0,0,0,0,0,0,0,0,0,0,0,0,0,0,0,0,0,0,0,0,0,0,0,0,0,0,0,0,572,0,0,0,0,0,0,0
1782469080.979,0,0,0,0,0,0,0,1512762497,6422275541504,2318640974848,0,0,0,0,0,0,0,0,0,0,0,0,0,0,0,0,0,0,0,0,0,0,0,0,0,0,0,0,0,0,0,0,0,0,0,0,0,0,0,0,0,0,0,0,0,0,0,0,0,0,0,0,0,0,0,0,0,0,7,1921141,393589949,116793944,0,0,0,0,0,0,0,0,0,0,0,0,0,0,0,0,0,0,0,0,0,0,0,0,0,0,0,0,0,0,0,0,0,0,0,0,0,12881461248,5224644608,786221,318887,116570193,113,0,98,786432,391873848,811172,11,7437442055,12884901888,530266,1209313715,0,0,0,0,0,0,0,0,0,0,0,0,0,0,0,0,0,0,39913781,139811788,0,468,1202,7661,620,79828081,35,0,0,0,0,0,0,0,1,0,0,0,0,0,0,0,0,0,0,48625990,0,116568617,2042048,0,0,0,0,0,0,0,0,16384,0,0,0,0,0,0,0,0,0,0,0,6910,403,0,0,0,0,0,121339074,0,163,0,4,403,6910,0,0,0,0,0,0,0,0,0,0,0,0,0,0,0,0,0,0,0,0,0,0,0,0,0,0,0,0,0,0,0,0,0,0,0,0,0,0,0,0,0,0,0,0,0,0,0,0,0,0,0,0,0,0,603976845,0,0,0,863220313,0,0,0,0,0,0,0,177648806,392151715,722618176,337408960000,146683447,0,1,0,0,0,0,0,0,0,0,0,0,0,0,0,0,0,0,0,0,0,0,0,0,0,0,0,0,0,0,0,1768,0,0,0,0,0,0,0
1782469082.073,0,0,0,0,0,0,0,1513094728,6424188504576,2319250525696,0,0,0,0,0,0,0,0,0,0,0,0,0,0,0,0,0,0,0,0,0,0,0,0,0,0,0,0,0,0,0,0,0,0,0,0,0,0,0,0,0,0,0,0,0,0,0,0,0,0,0,0,0,0,0,0,0,0,7,1921164,393707601,116826043,0,0,0,0,0,0,0,0,0,0,0,0,0,0,0,0,0,0,0,0,0,0,0,0,0,0,0,0,0,0,0,0,0,0,0,0,0,12879609856,5234245632,786108,319473,116601695,196,0,127,786432,391990968,811172,11,7439118485,12884901888,532169,1209534425,0,0,0,0,0,0,0,0,0,0,0,0,0,0,0,0,0,0,39923636,139821642,0,468,1202,7661,620,79847794,35,0,0,0,0,0,0,0,1,0,0,0,0,0,0,0,0,0,0,48637132,0,116600119,2042479,0,0,0,0,0,0,0,0,16384,0,0,0,0,0,0,0,0,0,0,0,6911,403,0,0,0,0,0,121369034,0,163,0,4,403,6911,0,0,0,0,0,0,0,0,0,0,0,0,0,0,0,0,0,0,0,0,0,0,0,0,0,0,0,0,0,0,0,0,0,0,0,0,0,0,0,0,0,0,0,0,0,0,0,0,0,0,0,0,0,0,604115608,0,0,0,863388286,0,0,0,0,0,0,0,177668730,392268333,722789832,337481314816,146696027,1,0,0,0,0,0,0,0,0,0,0,0,0,0,0,0,0,0,0,0,0,0,0,0,0,0,0,0,0,0,0,534,0,0,0,0,0,0,0
1782469083.160,0,0,0,0,0,0,0,1513423991,6426084411904,2319859391488,0,0,0,0,0,0,0,0,0,0,0,0,0,0,0,0,0,0,0,0,0,0,0,0,0,0,0,0,0,0,0,0,0,0,0,0,0,0,0,0,0,0,0,0,0,0,0,0,0,0,0,0,0,0,0,0,0,0,7,1921197,393824231,116858110,0,0,0,0,0,0,0,0,0,0,0,0,0,0,0,0,0,0,0,0,0,0,0,0,0,0,0,0,0,0,0,0,0,0,0,0,0,12879822848,5241667584,786122,319926,116632914,215,0,97,786432,392107072,811172,11,7440778638,12884901888,534538,1209749831,0,0,0,0,0,0,0,0,0,0,0,0,0,0,0,0,0,0,39933420,139831430,0,468,1202,7661,620,79867361,35,0,0,0,0,0,0,0,1,0,0,0,0,0,0,0,0,0,0,48648203,0,116631417,2042906,0,0,0,0,0,0,0,0,16384,0,0,0,0,0,0,0,0,0,0,0,6913,403,0,0,0,0,0,121398783,0,163,0,4,403,6913,0,0,0,0,0,0,0,0,0,0,0,0,0,0,0,0,0,0,0,0,0,0,0,0,0,0,0,0,0,0,0,0,0,0,0,0,0,0,0,0,0,0,0,0,0,0,0,0,0,0,0,0,0,0,604254320,0,0,0,863553263,0,0,0,0,0,0,0,177687642,392384040,722961529,337553474560,146707846,1,0,0,0,0,0,0,0,0,0,0,0,0,0,0,0,0,0,0,0,0,0,0,0,0,0,0,0,0,0,0,1033,0,0,0,0,0,0,0
1782469084.246,0,0,0,0,0,0,0,1513750039,6427951729152,2320458409472,0,0,0,0,0,0,0,0,0,0,0,0,0,0,0,0,0,0,0,0,0,0,0,0,0,0,0,0,0,0,0,0,0,0,0,0,0,0,0,0,0,0,0,0,0,0,0,0,0,0,0,0,0,0,0,0,0,0,7,1921224,393939136,116889640,0,0,0,0,0,0,0,0,0,0,0,0,0,0,0,0,0,0,0,0,0,0,0,0,0,0,0,0,0,0,0,0,0,0,0,0,0,12877365248,5248040960,785971,320315,116663473,362,0,98,786432,392221459,811172,11,7442420756,12884901888,537200,1209962383,0,0,0,0,0,0,0,0,0,0,0,0,0,0,0,0,0,0,39943078,139841084,0,468,1202,7661,620,79886674,35,0,0,0,0,0,0,0,1,0,0,0,0,0,0,0,0,0,0,48659130,0,116661897,2043325,0,0,0,0,0,0,0,0,16384,0,0,0,0,0,0,0,0,0,0,0,6914,403,0,0,0,0,0,121428141,0,163,0,4,403,6914,0,0,0,0,0,0,0,0,0,0,0,0,0,0,0,0,0,0,0,0,0,0,0,0,0,0,0,0,0,0,0,0,0,0,0,0,0,0,0,0,0,0,0,0,0,0,0,0,0,0,0,0,0,0,604391020,0,0,0,863716267,0,0,0,0,0,0,0,177707744,392497973,723130950,337624664576,146720543,1,0,0,0,0,0,0,0,0,0,0,0,0,0,0,0,0,0,0,0,0,0,0,0,0,0,0,0,0,0,0,1700,0,0,0,0,0,0,0
1782469085.335,0,0,0,0,0,0,0,1514085829,6429883730432,2321078609408,0,0,0,0,0,0,0,0,0,0,0,0,0,0,0,0,0,0,0,0,0,0,0,0,0,0,0,0,0,0,0,0,0,0,0,0,0,0,0,0,0,0,0,0,0,0,0,0,0,0,0,0,0,0,0,0,0,0,7,1921256,394057977,116922272,0,0,0,0,0,0,0,0,0,0,0,0,0,0,0,0,0,0,0,0,0,0,0,0,0,0,0,0,0,0,0,0,0,0,0,0,0,12875776000,5255135232,785875,320748,116695211,458,0,96,786432,392339773,811172,11,7444114552,12884901888,539819,1210183717,0,0,0,0,0,0,0,0,0,0,0,0,0,0,0,0,0,0,39953046,139851055,0,468,1202,7661,620,79906609,35,0,0,0,0,0,0,0,1,0,0,0,0,0,0,0,0,0,0,48670413,0,116693635,2043754,0,0,0,0,0,0,0,0,16384,0,0,0,0,0,0,0,0,0,0,0,6915,403,0,0,0,0,0,121458447,0,163,0,4,403,6915,0,0,0,0,0,0,0,0,0,0,0,0,0,0,0,0,0,0,0,0,0,0,0,0,0,0,0,0,0,0,0,0,0,0,0,0,0,0,0,0,0,0,0,0,0,0,0,0,0,0,0,0,0,0,604532045,0,0,0,863885511,0,0,0,0,0,0,0,177727608,392615830,723305591,337698141696,146733144,0,0,0,0,0,0,0,0,0,0,0,0,0,0,0,0,0,0,0,0,0,0,0,0,0,0,0,0,0,0,0,1266,0,0,0,0,0,0,0
1782469086.426,0,0,0,0,0,0,0,1514402986,6431713233408,2321688493056,0,0,0,0,0,0,0,0,0,0,0,0,0,0,0,0,0,0,0,0,0,0,0,0,0,0,0,0,0,0,0,0,0,0,0,0,0,0,0,0,0,0,0,0,0,0,0,0,0,0,0,0,0,0,0,0,0,0,7,1921282,394170542,116954544,0,0,0,0,0,0,0,0,0,0,0,0,0,0,0,0,0,0,0,0,0,0,0,0,0,0,0,0,0,0,0,0,0,0,0,0,0,12880527360,5238636544,786165,319741,116725126,171,0,96,786432,392451805,811172,11,7445713857,12884901888,542721,1210391925,0,0,0,0,0,0,0,0,0,0,0,0,0,0,0,0,0,0,39962476,139860483,0,468,1202,7661,620,79925479,35,0,0,0,0,0,0,0,1,0,0,0,0,0,0,0,0,0,0,48681091,0,116724958,2044169,0,0,0,0,0,0,0,0,16384,0,0,0,0,0,0,0,0,0,0,0,6916,403,0,0,0,0,0,121487114,0,163,0,4,403,6916,0,0,0,0,0,0,0,0,0,0,0,0,0,0,0,0,0,0,0,0,0,0,0,0,0,0,0,0,0,0,0,0,0,0,0,0,0,0,0,0,0,0,0,0,0,0,0,0,0,0,0,0,0,0,604666735,0,0,0,864044894,0,0,0,0,0,0,0,177747194,392727400,723473697,337768150016,146745589,1,0,0,0,0,0,0,0,0,0,0,0,0,0,0,0,0,0,0,0,0,0,0,0,0,0,0,0,0,0,0,1155,0,0,0,0,0,0,0
1782469087.511,0,0,0,0,0,0,0,1514699848,6433421265408,2322280952320,0,0,0,0,0,0,0,0,0,0,0,0,0,0,0,0,0,0,0,0,0,0,0,0,0,0,0,0,0,0,0,0,0,0,0,0,0,0,0,0,0,0,0,0,0,0,0,0,0,0,0,0,0,0,0,0,0,0,7,1921305,394275617,116985669,0,0,0,0,0,0,0,0,0,0,0,0,0,0,0,0,0,0,0,0,0,0,0,0,0,0,0,0,0,0,0,0,0,0,0,0,0,12882526208,5208440832,786287,317898,116753143,48,0,96,786432,392556436,811172,11,7447211907,12884901888,546300,1210588809,0,0,0,0,0,0,0,0,0,0,0,0,0,0,0,0,0,0,39971272,139869279,0,468,1202,7661,620,79943065,35,0,0,0,0,0,0,0,1,0,0,0,0,0,0,0,0,0,0,48691047,0,116754895,2044561,0,0,0,0,0,0,0,0,16384,0,0,0,0,0,0,0,0,0,0,0,6917,403,0,0,0,0,0,121513856,0,163,0,4,403,6917,0,0,0,0,0,0,0,0,0,0,0,0,0,0,0,0,0,0,0,0,0,0,0,0,0,0,0,0,0,0,0,0,0,0,0,0,0,0,0,0,0,0,0,0,0,0,0,0,0,0,0,0,0,0,604800091,0,0,0,864194794,0,0,0,0,0,0,0,177763240,392831615,723639384,337837222912,146755870,1,0,0,0,0,0,0,0,0,0,0,0,0,0,0,0,0,0,0,0,0,0,0,0,0,0,0,0,0,0,0,390,0,0,0,0,0,0,0
1782469088.592,0,0,0,0,0,0,0,1515025091,6435288254976,2322890623488,0,0,0,0,0,0,0,0,0,0,0,0,0,0,0,0,0,0,0,0,0,0,0,0,0,0,0,0,0,0,0,0,0,0,0,0,0,0,0,0,0,0,0,0,0,0,0,0,0,0,0,0,0,0,0,0,0,0,7,1921338,394390412,117018092,0,0,0,0,0,0,0,0,0,0,0,0,0,0,0,0,0,0,0,0,0,0,0,0,0,0,0,0,0,0,0,0,0,0,0,0,0,12875350016,5203296256,785849,317584,116788071,486,0,96,786432,392670741,811172,11,7448844247,12884901888,548995,1210796620,0,0,0,0,0,0,0,0,0,0,0,0,0,0,0,0,0,0,39980889,139878898,0,468,1202,7661,620,79962316,35,0,0,0,0,0,0,0,1,0,0,0,0,0,0,0,0,0,0,48701937,0,116786495,2044989,0,0,0,0,0,0,0,0,16384,0,0,0,0,0,0,0,0,0,0,0,6918,403,0,0,0,0,0,121543090,0,163,0,4,403,6918,0,0,0,0,0,0,0,0,0,0,0,0,0,0,0,0,0,0,0,0,0,0,0,0,0,0,0,0,0,0,0,0,0,0,0,0,0,0,0,0,0,0,0,0,0,0,0,0,0,0,0,0,0,0,604937791,0,0,0,864356010,0,0,0,0,0,0,0,177783575,392945583,723810561,337908831232,146768723,1,0,0,0,0,0,0,0,0,0,0,0,0,0,0,0,0,0,0,0,0,0,0,0,0,0,0,0,0,0,0,2344,0,0,0,0,0,0,0
1782469089.680,0,0,0,0,0,0,0,1515326870,6437020371456,2323450913792,0,0,0,0,0,0,0,0,0,0,0,0,0,0,0,0,0,0,0,0,0,0,0,0,0,0,0,0,0,0,0,0,0,0,0,0,0,0,0,0,0,0,0,0,0,0,0,0,0,0,0,0,0,0,0,0,0,0,7,1921365,394496955,117047409,0,0,0,0,0,0,0,0,0,0,0,0,0,0,0,0,0,0,0,0,0,0,0,0,0,0,0,0,0,0,0,0,0,0,0,0,0,12879249408,5208604672,786087,317908,116816445,246,0,100,786432,392776830,811172,11,7450366746,12884901888,551682,1210996288,0,0,0,0,0,0,0,0,0,0,0,0,0,0,0,0,0,0,39989840,139887847,0,468,1202,7661,620,79980196,35,0,0,0,0,0,0,0,1,0,0,0,0,0,0,0,0,0,0,48712086,0,116814869,2045366,0,0,0,0,0,0,0,0,16384,0,0,0,0,0,0,0,0,0,0,0,6919,403,0,0,0,0,0,121570310,0,163,0,4,403,6919,0,0,0,0,0,0,0,0,0,0,0,0,0,0,0,0,0,0,0,0,0,0,0,0,0,0,0,0,0,0,0,0,0,0,0,0,0,0,0,0,0,0,0,0,0,0,0,0,0,0,0,0,0,0,605072274,0,0,0,864508345,0,0,0,0,0,0,0,177800588,393051239,723975405,337978483712,146780074,1,0,0,0,0,0,0,0,0,0,0,0,0,0,0,0,0,0,0,0,0,0,0,0,0,0,0,0,0,0,0,1451,0,0,0,0,0,0,0
1782469090.764,0,0,0,0,0,0,0,1515656950,6438914509312,2324058028032,0,0,0,0,0,0,0,0,0,0,0,0,0,0,0,0,0,0,0,0,0,0,0,0,0,0,0,0,0,0,0,0,0,0,0,0,0,0,0,0,0,0,0,0,0,0,0,0,0,0,0,0,0,0,0,0,0,0,7,1921379,394613502,117079445,0,0,0,0,0,0,0,0,0,0,0,0,0,0,0,0,0,0,0,0,0,0,0,0,0,0,0,0,0,0,0,0,0,0,0,0,0,12877152256,5218828288,785958,318532,116847376,358,0,116,786432,392892786,811172,11,7452027370,12884901888,554579,1211211439,0,0,0,0,0,0,0,0,0,0,0,0,0,0,0,0,0,0,39999632,139897634,0,468,1202,7661,620,79999783,35,0,0,0,0,0,0,0,1,0,0,0,0,0,0,0,0,0,0,48723185,0,116845800,2045783,0,0,0,0,0,0,0,0,16384,0,0,0,0,0,0,0,0,0,0,0,6920,403,0,0,0,0,0,121600058,0,163,0,4,403,6920,0,0,0,0,0,0,0,0,0,0,0,0,0,0,0,0,0,0,0,0,0,0,0,0,0,0,0,0,0,0,0,0,0,0,0,0,0,0,0,0,0,0,0,0,0,0,0,0,0,0,0,0,0,0,605209149,0,0,0,864673915,0,0,0,0,0,0,0,177820087,393166853,724145457,338049902592,146792407,0,0,0,0,0,0,0,0,0,0,0,0,0,0,0,0,0,0,0,0,0,0,0,0,0,0,0,0,0,0,0,1613,0,0,0,0,0,0,0
1782469091.856,0,0,0,0,0,0,0,1515987182,6440821049856,2324667837440,0,0,0,0,0,0,0,0,0,0,0,0,0,0,0,0,0,0,0,0,0,0,0,0,0,0,0,0,0,0,0,0,0,0,0,0,0,0,0,0,0,0,0,0,0,0,0,0,0,0,0,0,0,0,0,0,0,0,7,1921414,394730824,117111498,0,0,0,0,0,0,0,0,0,0,0,0,0,0,0,0,0,0,0,0,0,0,0,0,0,0,0,0,0,0,0,0,0,0,0,0,0,12876840960,5227020288,785940,319032,116878574,396,0,98,786432,393009564,811172,11,7453695956,12884901888,557169,1211431260,0,0,0,0,0,0,0,0,0,0,0,0,0,0,0,0,0,0,40009447,139907446,0,468,1202,7661,620,80019398,35,0,0,0,0,0,0,0,1,0,0,0,0,0,0,0,0,0,0,48734294,0,116876998,2046211,0,0,0,0,0,0,0,0,16384,0,0,0,0,0,0,0,0,0,0,0,6921,403,0,0,0,0,0,121629907,0,163,0,4,403,6921,0,0,0,0,0,0,0,0,0,0,0,0,0,0,0,0,0,0,0,0,0,0,0,0,0,0,0,0,0,0,0,0,0,0,0,0,0,0,0,0,0,0,0,0,0,0,0,0,0,0,0,0,0,0,605349152,0,0,0,864840860,0,0,0,0,0,0,0,177840107,393283164,724318563,338123043840,146805063,1,0,0,0,0,0,0,0,0,0,0,0,0,0,0,0,0,0,0,0,0,0,0,0,0,0,0,0,0,0,0,582,0,0,0,0,0,0,0
1782469092.949,0,0,0,0,0,0,0,1516319500,6442739993088,2325286761984,0,0,0,0,0,0,0,0,0,0,0,0,0,0,0,0,0,0,0,0,0,0,0,0,0,0,0,0,0,0,0,0,0,0,0,0,0,0,0,0,0,0,0,0,0,0,0,0,0,0,0,0,0,0,0,0,0,0,7,1921433,394848852,117144137,0,0,0,0,0,0,0,0,0,0,0,0,0,0,0,0,0,0,0,0,0,0,0,0,0,0,0,0,0,0,0,0,0,0,0,0,0,12877070336,5230346240,785953,319235,116910199,380,0,97,786432,393127073,811172,11,7455370173,12884901888,559904,1211647818,0,0,0,0,0,0,0,0,0,0,0,0,0,0,0,0,0,0,40019307,139917311,0,468,1202,7661,620,80039124,35,0,0,0,0,0,0,0,1,0,0,0,0,0,0,0,0,0,0,48745461,0,116908623,2046632,0,0,0,0,0,0,0,0,16384,0,0,0,0,0,0,0,0,0,0,0,6922,403,0,0,0,0,0,121659891,0,163,0,4,403,6922,0,0,0,0,0,0,0,0,0,0,0,0,0,0,0,0,0,0,0,0,0,0,0,0,0,0,0,0,0,0,0,0,0,0,0,0,0,0,0,0,0,0,0,0,0,0,0,0,0,0,0,0,0,0,605489939,0,0,0,865007462,0,0,0,0,0,0,0,177859988,393400218,724493082,338196147200,146817634,1,1,0,0,0,0,0,0,0,0,0,0,0,0,0,0,0,0,0,0,0,0,0,0,0,0,0,0,0,0,0,941,0,0,0,0,0,0,0
1782469094.040,0,0,0,0,0,0,0,1516645172,6444614961664,2325888847872,0,0,0,0,0,0,0,0,0,0,0,0,0,0,0,0,0,0,0,0,0,0,0,0,0,0,0,0,0,0,0,0,0,0,0,0,0,0,0,0,0,0,0,0,0,0,0,0,0,0,0,0,0,0,0,0,0,0,7,1921462,394964114,117175882,0,0,0,0,0,0,0,0,0,0,0,0,0,0,0,0,0,0,0,0,0,0,0,0,0,0,0,0,0,0,0,0,0,0,0,0,0,12880740352,5236375552,786178,319603,116940856,157,0,97,786432,393241885,811172,11,7457009324,12884901888,563012,1211860156,0,0,0,0,0,0,0,0,0,0,0,0,0,0,0,0,0,0,40028950,139926950,0,468,1202,7661,620,80058418,35,0,0,0,0,0,0,0,1,0,0,0,0,0,0,0,0,0,0,48756370,0,116939344,2047043,0,0,0,0,0,0,0,0,16384,0,0,0,0,0,0,0,0,0,0,0,6923,403,0,0,0,0,0,121689191,0,163,0,4,403,6923,0,0,0,0,0,0,0,0,0,0,0,0,0,0,0,0,0,0,0,0,0,0,0,0,0,0,0,0,0,0,0,0,0,0,0,0,0,0,0,0,0,0,0,0,0,0,0,0,0,0,0,0,0,0,605626923,0,0,0,865170174,0,0,0,0,0,0,0,177880383,393514490,724662949,338267474944,146830639,1,0,0,0,0,0,0,0,0,0,0,0,0,0,0,0,0,0,0,0,0,0,0,0,0,0,0,0,0,0,0,1611,0,0,0,0,0,0,0
1782469095.132,0,0,0,0,0,0,0,1516973119,6446502840832,2326493743104,0,0,0,0,0,0,0,0,0,0,0,0,0,0,0,0,0,0,0,0,0,0,0,0,0,0,0,0,0,0,0,0,0,0,0,0,0,0,0,0,0,0,0,0,0,0,0,0,0,0,0,0,0,0,0,0,0,0,7,1921486,395080301,117207721,0,0,0,0,0,0,0,0,0,0,0,0,0,0,0,0,0,0,0,0,0,0,0,0,0,0,0,0,0,0,0,0,0,0,0,0,0,12880396288,5242814464,786157,319996,116971747,179,0,97,786432,393357558,811172,11,7458668303,12884901888,565745,1212078922,0,0,0,0,0,0,0,0,0,0,0,0,0,0,0,0,0,0,40038695,139936700,0,468,1202,7661,620,80077915,35,0,0,0,0,0,0,0,1,0,0,0,0,0,0,0,0,0,0,48767412,0,116970249,2047466,0,0,0,0,0,0,0,0,16384,0,0,0,0,0,0,0,0,0,0,0,6924,403,0,0,0,0,0,121718859,0,163,0,4,403,6924,0,0,0,0,0,0,0,0,0,0,0,0,0,0,0,0,0,0,0,0,0,0,0,0,0,0,0,0,0,0,0,0,0,0,0,0,0,0,0,0,0,0,0,0,0,0,0,0,0,0,0,0,0,0,605764229,0,0,0,865336070,0,0,0,0,0,0,0,177900771,393629673,724833218,338339115008,146843650,1,1,0,0,0,0,0,0,0,0,0,0,0,0,0,0,0,0,0,0,0,0,0,0,0,0,0,0,0,0,0,620,0,0,0,0,0,0,0
1782469096.218,0,0,0,0,0,0,0,1517299842,6448383740416,2327100553728,0,0,0,0,0,0,0,0,0,0,0,0,0,0,0,0,0,0,0,0,0,0,0,0,0,0,0,0,0,0,0,0,0,0,0,0,0,0,0,0,0,0,0,0,0,0,0,0,0,0,0,0,0,0,0,0,0,0,7,1921523,395196045,117239638,0,0,0,0,0,0,0,0,0,0,0,0,0,0,0,0,0,0,0,0,0,0,0,0,0,0,0,0,0,0,0,0,0,0,0,0,0,12878643200,5247598592,786049,320288,117002974,287,0,97,786432,393472797,811172,11,7460313772,12884901888,567655,1212291445,0,0,0,0,0,0,0,0,0,0,0,0,0,0,0,0,0,0,40048393,139946397,0,468,1202,7661,620,80097302,35,0,0,0,0,0,0,0,1,0,0,0,0,0,0,0,0,0,0,48778385,0,117001398,2047888,0,0,0,0,0,0,0,0,16384,0,0,0,0,0,0,0,0,0,0,0,6926,403,0,0,0,0,0,121748308,0,163,0,4,403,6926,0,0,0,0,0,0,0,0,0,0,0,0,0,0,0,0,0,0,0,0,0,0,0,0,0,0,0,0,0,0,0,0,0,0,0,0,0,0,0,0,0,0,0,0,0,0,0,0,0,0,0,0,0,0,605902114,0,0,0,865499553,0,0,0,0,0,0,0,177919969,393744424,725003906,338410990080,146855953,1,0,0,0,0,0,0,0,0,0,0,0,0,0,0,0,0,0,0,0,0,0,0,0,0,0,0,0,0,0,0,1327,0,0,0,0,0,0,0
1782469097.305,0,0,0,0,0,0,0,1517610543,6450166958592,2327678826496,0,0,0,0,0,0,0,0,0,0,0,0,0,0,0,0,0,0,0,0,0,0,0,0,0,0,0,0,0,0,0,0,0,0,0,0,0,0,0,0,0,0,0,0,0,0,0,0,0,0,0,0,0,0,0,0,0,0,7,1921546,395305732,117269985,0,0,0,0,0,0,0,0,0,0,0,0,0,0,0,0,0,0,0,0,0,0,0,0,0,0,0,0,0,0,0,0,0,0,0,0,0,12879298560,5251039232,786089,320498,117032767,244,0,97,786432,393582007,811172,11,7461878903,12884901888,569836,1212496152,0,0,0,0,0,0,0,0,0,0,0,0,0,0,0,0,0,0,40057588,139955595,0,468,1202,7661,620,80115706,35,0,0,0,0,0,0,0,1,0,0,0,0,0,0,0,0,0,0,48788806,0,117031191,2048288,0,0,0,0,0,0,0,0,16384,0,0,0,0,0,0,0,0,0,0,0,6927,403,0,0,0,0,0,121776281,0,163,0,4,403,6927,0,0,0,0,0,0,0,0,0,0,0,0,0,0,0,0,0,0,0,0,0,0,0,0,0,0,0,0,0,0,0,0,0,0,0,0,0,0,0,0,0,0,0,0,0,0,0,0,0,0,0,0,0,0,606039658,0,0,0,865655717,0,0,0,0,0,0,0,177936374,393853260,725172584,338482250240,146866705,0,0,0,0,0,0,0,0,0,0,0,0,0,0,0,0,0,0,0,0,0,0,0,0,0,0,0,0,0,0,0,923,0,0,0,0,0,0,0
1782469098.395,0,0,0,0,0,0,0,1517919098,6451950602752,2328269343232,0,0,0,0,0,0,0,0,0,0,0,0,0,0,0,0,0,0,0,0,0,0,0,0,0,0,0,0,0,0,0,0,0,0,0,0,0,0,0,0,0,0,0,0,0,0,0,0,0,0,0,0,0,0,0,0,0,0,7,1921567,395415463,117300893,0,0,0,0,0,0,0,0,0,0,0,0,0,0,0,0,0,0,0,0,0,0,0,0,0,0,0,0,0,0,0,0,0,0,0,0,0,12883148800,5248417792,786326,320338,117062080,0,0,106,786432,393691274,811172,11,7463431640,12884901888,572890,1212696686,0,0,0,0,0,0,0,0,0,0,0,0,0,0,0,0,0,0,40066768,139964770,0,468,1202,7661,620,80134049,35,0,0,0,0,0,0,0,1,0,0,0,0,0,0,0,0,0,0,48799188,0,117061016,2048692,0,0,0,0,0,0,0,0,16384,0,0,0,0,0,0,0,0,0,0,0,6928,403,0,0,0,0,0,121804143,0,163,0,4,403,6928,0,0,0,0,0,0,0,0,0,0,0,0,0,0,0,0,0,0,0,0,0,0,0,0,0,0,0,0,0,0,0,0,0,0,0,0,0,0,0,0,0,0,0,0,0,0,0,0,0,0,0,0,0,0,606174863,0,0,0,865810162,0,0,0,0,0,0,0,177953414,393962091,725339779,338552352256,146877658,1,0,0,0,0,0,0,0,0,0,0,0,0,0,0,0,0,0,0,0,0,0,0,0,0,0,0,0,0,0,0,1539,0,0,0,0,0,0,0
1782469099.484,0,0,0,0,0,0,0,1518225945,6453717617152,2328881055232,0,0,0,0,0,0,0,0,0,0,0,0,0,0,0,0,0,0,0,0,0,0,0,0,0,0,0,0,0,0,0,0,0,0,0,0,0,0,0,0,0,0,0,0,0,0,0,0,0,0,0,0,0,0,0,0,0,0,7,1921584,395524128,117333517,0,0,0,0,0,0,0,0,0,0,0,0,0,0,0,0,0,0,0,0,0,0,0,0,0,0,0,0,0,0,0,0,0,0,0,0,0,12881608704,5212274688,786231,318132,117090729,102,0,99,786432,393799458,811172,11,7464978358,12884901888,576695,1212898945,0,0,0,0,0,0,0,0,0,0,0,0,0,0,0,0,0,0,40075848,139973855,0,468,1202,7661,620,80152223,35,0,0,0,0,0,0,0,1,0,0,0,0,0,0,0,0,0,0,48809457,0,117092481,2049086,0,0,0,0,0,0,0,0,16384,0,0,0,0,0,0,0,0,0,0,0,6929,403,0,0,0,0,0,121831738,0,163,0,4,403,6929,0,0,0,0,0,0,0,0,0,0,0,0,0,0,0,0,0,0,0,0,0,0,0,0,0,0,0,0,0,0,0,0,0,0,0,0,0,0,0,0,0,0,0,0,0,0,0,0,0,0,0,0,0,0,606307964,0,0,0,865964562,0,0,0,0,0,0,0,177972175,394069897,725506852,338621483520,146889837,1,0,0,0,0,0,0,0,0,0,0,0,0,0,0,0,0,0,0,0,0,0,0,0,0,0,0,0,0,0,0,956,0,0,0,0,0,0,0
1782469100.566,0,0,0,0,0,0,0,1518550067,6455586834944,2329498309632,0,0,0,0,0,0,0,0,0,0,0,0,0,0,0,0,0,0,0,0,0,0,0,0,0,0,0,0,0,0,0,0,0,0,0,0,0,0,0,0,0,0,0,0,0,0,0,0,0,0,0,0,0,0,0,0,0,0,7,1921607,395639067,117366197,0,0,0,0,0,0,0,0,0,0,0,0,0,0,0,0,0,0,0,0,0,0,0,0,0,0,0,0,0,0,0,0,0,0,0,0,0,12880363520,5198512128,786155,317292,117125735,180,0,96,786432,393913894,811172,11,7466613916,12884901888,579615,1213112473,0,0,0,0,0,0,0,0,0,0,0,0,0,0,0,0,0,0,40085441,139983448,0,468,1202,7661,620,80171408,35,0,0,0,0,0,0,0,1,0,0,0,0,0,0,0,0,0,0,48820328,0,117124159,2049513,0,0,0,0,0,0,0,0,16384,0,0,0,0,0,0,0,0,0,0,0,6930,403,0,0,0,0,0,121860915,0,163,0,4,403,6930,0,0,0,0,0,0,0,0,0,0,0,0,0,0,0,0,0,0,0,0,0,0,0,0,0,0,0,0,0,0,0,0,0,0,0,0,0,0,0,0,0,0,0,0,0,0,0,0,0,0,0,0,0,0,606445165,0,0,0,866127746,0,0,0,0,0,0,0,177992333,394183870,725677808,338692925440,146902803,1,0,0,0,0,0,0,0,0,0,0,0,0,0,0,0,0,0,0,0,0,0,0,0,0,0,0,0,0,0,0,501,0,0,0,0,0,0,0
1782469101.653,0,0,0,0,0,0,0,1518880223,6457480317440,2330106272768,0,0,0,0,0,0,0,0,0,0,0,0,0,0,0,0,0,0,0,0,0,0,0,0,0,0,0,0,0,0,0,0,0,0,0,0,0,0,0,0,0,0,0,0,0,0,0,0,0,0,0,0,0,0,0,0,0,0,7,1921629,395755622,117398242,0,0,0,0,0,0,0,0,0,0,0,0,0,0,0,0,0,0,0,0,0,0,0,0,0,0,0,0,0,0,0,0,0,0,0,0,0,12882542592,5202821120,786287,317555,117157078,30,0,113,786432,394029937,811172,11,7468278431,12884901888,582132,1213328957,0,0,0,0,0,0,0,0,0,0,0,0,0,0,0,0,0,0,40095251,139993254,0,468,1202,7661,620,80191028,35,0,0,0,0,0,0,0,1,0,0,0,0,0,0,0,0,0,0,48831437,0,117155502,2049939,0,0,0,0,0,0,0,0,16384,0,0,0,0,0,0,0,0,0,0,0,6931,403,0,0,0,0,0,121890693,0,163,0,4,403,6931,0,0,0,0,0,0,0,0,0,0,0,0,0,0,0,0,0,0,0,0,0,0,0,0,0,0,0,0,0,0,0,0,0,0,0,0,0,0,0,0,0,0,0,0,0,0,0,0,0,0,0,0,0,0,606583457,0,0,0,866293858,0,0,0,0,0,0,0,178012091,394299427,725849052,338764907520,146915334,0,0,0,0,0,0,0,0,0,0,0,0,0,0,0,0,0,0,0,0,0,0,0,0,0,0,0,0,0,0,0,447,0,0,0,0,0,0,0
1782469102.744,0,0,0,0,0,0,0,1519210102,6459378043392,2330711213056,0,0,0,0,0,0,0,0,0,0,0,0,0,0,0,0,0,0,0,0,0,0,0,0,0,0,0,0,0,0,0,0,0,0,0,0,0,0,0,0,0,0,0,0,0,0,0,0,0,0,0,0,0,0,0,0,0,0,7,1921656,395872329,117430046,0,0,0,0,0,0,0,0,0,0,0,0,0,0,0,0,0,0,0,0,0,0,0,0,0,0,0,0,0,0,0,0,0,0,0,0,0,12877529088,5213454336,785982,318204,117187804,352,0,97,786432,394146099,811172,11,7469939169,12884901888,585061,1213543486,0,0,0,0,0,0,0,0,0,0,0,0,0,0,0,0,0,0,40105049,140003057,0,468,1202,7661,620,80210620,35,0,0,0,0,0,0,0,1,0,0,0,0,0,0,0,0,0,0,48842529,0,117186289,2050367,0,0,0,0,0,0,0,0,16384,0,0,0,0,0,0,0,0,0,0,0,6932,403,0,0,0,0,0,121920475,0,163,0,4,403,6932,0,0,0,0,0,0,0,0,0,0,0,0,0,0,0,0,0,0,0,0,0,0,0,0,0,0,0,0,0,0,0,0,0,0,0,0,0,0,0,0,0,0,0,0,0,0,0,0,0,0,0,0,0,0,606721978,0,0,0,866458711,0,0,0,0,0,0,0,178032480,394415187,726020573,338837028352,146928014,1,0,0,0,0,0,0,0,0,0,0,0,0,0,0,0,0,0,0,0,0,0,0,0,0,0,0,0,0,0,0,1385,0,0,0,0,0,0,0
1782469103.836,0,0,0,0,0,0,0,1519539044,6461273721344,2331315757056,0,0,0,0,0,0,0,0,0,0,0,0,0,0,0,0,0,0,0,0,0,0,0,0,0,0,0,0,0,0,0,0,0,0,0,0,0,0,0,0,0,0,0,0,0,0,0,0,0,0,0,0,0,0,0,0,0,0,7,1921683,395988940,117461836,0,0,0,0,0,0,0,0,0,0,0,0,0,0,0,0,0,0,0,0,0,0,0,0,0,0,0,0,0,0,0,0,0,0,0,0,0,12877496320,5224022016,785980,318849,117218530,355,0,97,786432,394262195,811172,11,7471596670,12884901888,588153,1213758701,0,0,0,0,0,0,0,0,0,0,0,0,0,0,0,0,0,0,40114816,140012818,0,468,1202,7661,620,80230160,35,0,0,0,0,0,0,0,1,0,0,0,0,0,0,0,0,0,0,48853566,0,117216954,2050778,0,0,0,0,0,0,0,0,16384,0,0,0,0,0,0,0,0,0,0,0,6933,403,0,0,0,0,0,121950103,0,163,0,4,403,6933,0,0,0,0,0,0,0,0,0,0,0,0,0,0,0,0,0,0,0,0,0,0,0,0,0,0,0,0,0,0,0,0,0,0,0,0,0,0,0,0,0,0,0,0,0,0,0,0,0,0,0,0,0,0,606860893,0,0,0,866623591,0,0,0,0,0,0,0,178052279,394530821,726192546,338909349888,146940518,1,0,0,0,0,0,0,0,0,0,0,0,0,0,0,0,0,0,0,0,0,0,0,0,0,0,0,0,0,0,0,1745,0,0,0,0,0,0,0
1782469104.925,0,0,0,0,0,0,0,1519875090,6463220877824,2331941031424,0,0,0,0,0,0,0,0,0,0,0,0,0,0,0,0,0,0,0,0,0,0,0,0,0,0,0,0,0,0,0,0,0,0,0,0,0,0,0,0,0,0,0,0,0,0,0,0,0,0,0,0,0,0,0,0,0,0,7,1921707,396108708,117494751,0,0,0,0,0,0,0,0,0,0,0,0,0,0,0,0,0,0,0,0,0,0,0,0,0,0,0,0,0,0,0,0,0,0,0,0,0,12877004800,5226889216,785950,319025,117250853,388,0,96,786432,394381436,811172,11,7473296320,12884901888,589880,1213981503,0,0,0,0,0,0,0,0,0,0,0,0,0,0,0,0,0,0,40124799,140022803,0,468,1202,7661,620,80250119,35,0,0,0,0,0,0,0,1,0,0,0,0,0,0,0,0,0,0,48864888,0,117249277,2051219,0,0,0,0,0,0,0,0,16384,0,0,0,0,0,0,0,0,0,0,0,6934,403,0,0,0,0,0,121980490,0,163,0,4,403,6934,0,0,0,0,0,0,0,0,0,0,0,0,0,0,0,0,0,0,0,0,0,0,0,0,0,0,0,0,0,0,0,0,0,0,0,0,0,0,0,0,0,0,0,0,0,0,0,0,0,0,0,0,0,0,607003090,0,0,0,866793444,0,0,0,0,0,0,0,178071555,394649515,726368386,338983391232,146952522,1,1,0,0,0,0,0,0,0,0,0,0,0,0,0,0,0,0,0,0,0,0,0,0,0,0,0,0,0,0,0,893,0,0,0,0,0,0,0
1782469106.013,0,0,0,0,0,0,0,1520195832,6465066109440,2332539324928,0,0,0,0,0,0,0,0,0,0,0,0,0,0,0,0,0,0,0,0,0,0,0,0,0,0,0,0,0,0,0,0,0,0,0,0,0,0,0,0,0,0,0,0,0,0,0,0,0,0,0,0,0,0,0,0,0,0,7,1921727,396222183,117526159,0,0,0,0,0,0,0,0,0,0,0,0,0,0,0,0,0,0,0,0,0,0,0,0,0,0,0,0,0,0,0,0,0,0,0,0,0,12876087296,5228412928,785894,319116,117281517,443,0,97,786432,394494427,811172,11,7474909929,12884901888,592074,1214189207,0,0,0,0,0,0,0,0,0,0,0,0,0,0,0,0,0,0,40134310,140032317,0,468,1202,7661,620,80269152,35,0,0,0,0,0,0,0,1,0,0,0,0,0,0,0,0,0,0,48875651,0,117279941,2051640,0,0,0,0,0,0,0,0,16384,0,0,0,0,0,0,0,0,0,0,0,6935,403,0,0,0,0,0,122009440,0,163,0,4,403,6935,0,0,0,0,0,0,0,0,0,0,0,0,0,0,0,0,0,0,0,0,0,0,0,0,0,0,0,0,0,0,0,0,0,0,0,0,0,0,0,0,0,0,0,0,0,0,0,0,0,0,0,0,0,0,607141936,0,0,0,866953921,0,0,0,0,0,0,0,178088921,394762079,726539582,339055451136,146963484,1,0,0,0,0,0,0,0,0,0,0,0,0,0,0,0,0,0,0,0,0,0,0,0,0,0,0,0,0,0,0,1589,0,0,0,0,0,0,0
1782469107.102,0,0,0,0,0,0,0,1520503139,6466840676864,2333113547776,0,0,0,0,0,0,0,0,0,0,0,0,0,0,0,0,0,0,0,0,0,0,0,0,0,0,0,0,0,0,0,0,0,0,0,0,0,0,0,0,0,0,0,0,0,0,0,0,0,0,0,0,0,0,0,0,0,0,7,1921743,396331344,117556322,0,0,0,0,0,0,0,0,0,0,0,0,0,0,0,0,0,0,0,0,0,0,0,0,0,0,0,0,0,0,0,0,0,0,0,0,0,12878594048,5230592000,786047,319250,117310597,288,0,96,786432,394603130,811172,11,7476458748,12884901888,595450,1214391684,0,0,0,0,0,0,0,0,0,0,0,0,0,0,0,0,0,0,40143433,140041440,0,468,1202,7661,620,80287386,35,0,0,0,0,0,0,0,1,0,0,0,0,0,0,0,0,0,0,48885965,0,117309157,2052036,0,0,0,0,0,0,0,0,16384,0,0,0,0,0,0,0,0,0,0,0,6936,403,0,0,0,0,0,122037134,0,163,0,4,403,6936,0,0,0,0,0,0,0,0,0,0,0,0,0,0,0,0,0,0,0,0,0,0,0,0,0,0,0,0,0,0,0,0,0,0,0,0,0,0,0,0,0,0,0,0,0,0,0,0,0,0,0,0,0,0,607276460,0,0,0,867108601,0,0,0,0,0,0,0,178106176,394870356,726705382,339125195776,146974558,1,0,0,0,0,0,0,0,0,0,0,0,0,0,0,0,0,0,0,0,0,0,0,0,0,0,0,0,0,0,0,1058,0,0,0,0,0,0,0
1782469108.190,0,0,0,0,0,0,0,1520804671,6468569041408,2333669855232,0,0,0,0,0,0,0,0,0,0,0,0,0,0,0,0,0,0,0,0,0,0,0,0,0,0,0,0,0,0,0,0,0,0,0,0,0,0,0,0,0,0,0,0,0,0,0,0,0,0,0,0,0,0,0,0,0,0,7,1921771,396437634,117585434,0,0,0,0,0,0,0,0,0,0,0,0,0,0,0,0,0,0,0,0,0,0,0,0,0,0,0,0,0,0,0,0,0,0,0,0,0,12878331904,5239865344,786031,319816,117338737,305,0,96,786432,394708998,811172,11,7477978713,12884901888,598950,1214590960,0,0,0,0,0,0,0,0,0,0,0,0,0,0,0,0,0,0,40152360,140050366,0,468,1202,7661,620,80305245,35,0,0,0,0,0,0,0,1,0,0,0,0,0,0,0,0,0,0,48896077,0,117337300,2052415,0,0,0,0,0,0,0,0,16384,0,0,0,0,0,0,0,0,0,0,0,6938,403,0,0,0,0,0,122064293,0,163,0,4,403,6938,0,0,0,0,0,0,0,0,0,0,0,0,0,0,0,0,0,0,0,0,0,0,0,0,0,0,0,0,0,0,0,0,0,0,0,0,0,0,0,0,0,0,0,0,0,0,0,0,0,0,0,0,0,0,607409562,0,0,0,867260595,0,0,0,0,0,0,0,178122915,394975828,726868708,339194281984,146985570,1,1,0,0,0,0,0,0,0,0,0,0,0,0,0,0,0,0,0,0,0,0,0,0,0,0,0,0,0,0,0,284,0,0,0,0,0,0,0
1782469109.275,0,0,0,0,0,0,0,1521135990,6470476990976,2334276765184,0,0,0,0,0,0,0,0,0,0,0,0,0,0,0,0,0,0,0,0,0,0,0,0,0,0,0,0,0,0,0,0,0,0,0,0,0,0,0,0,0,0,0,0,0,0,0,0,0,0,0,0,0,0,0,0,0,0,7,1921796,396555100,117617321,0,0,0,0,0,0,0,0,0,0,0,0,0,0,0,0,0,0,0,0,0,0,0,0,0,0,0,0,0,0,0,0,0,0,0,0,0,12879609856,5251989504,786109,320556,117369878,212,0,111,786432,394825953,811172,11,7479648302,12884901888,601266,1214807568,0,0,0,0,0,0,0,0,0,0,0,0,0,0,0,0,0,0,40162194,140060198,0,468,1202,7661,620,80324913,35,0,0,0,0,0,0,0,1,0,0,0,0,0,0,0,0,0,0,48907226,0,117368302,2052843,0,0,0,0,0,0,0,0,16384,0,0,0,0,0,0,0,0,0,0,0,6939,403,0,0,0,0,0,122094175,0,163,0,4,403,6939,0,0,0,0,0,0,0,0,0,0,0,0,0,0,0,0,0,0,0,0,0,0,0,0,0,0,0,0,0,0,0,0,0,0,0,0,0,0,0,0,0,0,0,0,0,0,0,0,0,0,0,0,0,0,607549547,0,0,0,867426882,0,0,0,0,0,0,0,178142884,395092245,727041577,339266978304,146997998,1,0,0,0,0,0,0,0,0,0,0,0,0,0,0,0,0,0,0,0,0,0,0,0,0,0,0,0,0,0,0,568,0,0,0,0,0,0,0
1782469110.363,0,0,0,0,0,0,0,1521469640,6472396065280,2334896705536,0,0,0,0,0,0,0,0,0,0,0,0,0,0,0,0,0,0,0,0,0,0,0,0,0,0,0,0,0,0,0,0,0,0,0,0,0,0,0,0,0,0,0,0,0,0,0,0,0,0,0,0,0,0,0,0,0,0,7,1921823,396673178,117649816,0,0,0,0,0,0,0,0,0,0,0,0,0,0,0,0,0,0,0,0,0,0,0,0,0,0,0,0,0,0,0,0,0,0,0,0,0,12882165760,5257101312,786265,320868,117401607,71,0,96,786432,394943499,811172,11,7481325058,12884901888,603046,1215022986,0,0,0,0,0,0,0,0,0,0,0,0,0,0,0,0,0,0,40172084,140070090,0,468,1202,7661,620,80344694,35,0,0,0,0,0,0,0,1,0,0,0,0,0,0,0,0,0,0,48918427,0,117400031,2053276,0,0,0,0,0,0,0,0,16384,0,0,0,0,0,0,0,0,0,0,0,6940,403,0,0,0,0,0,122124240,0,163,0,4,403,6940,0,0,0,0,0,0,0,0,0,0,0,0,0,0,0,0,0,0,0,0,0,0,0,0,0,0,0,0,0,0,0,0,0,0,0,0,0,0,0,0,0,0,0,0,0,0,0,0,0,0,0,0,0,0,607690729,0,0,0,867592829,0,0,0,0,0,0,0,178162337,395209356,727216072,339340500480,147010234,1,0,0,0,0,0,0,0,0,0,0,0,0,0,0,0,0,0,0,0,0,0,0,0,0,0,0,0,0,0,0,2178,0,0,0,0,0,0,0
1782469111.452,0,0,0,0,0,0,0,1521786623,6474226289152,2335530327552,0,0,0,0,0,0,0,0,0,0,0,0,0,0,0,0,0,0,0,0,0,0,0,0,0,0,0,0,0,0,0,0,0,0,0,0,0,0,0,0,0,0,0,0,0,0,0,0,0,0,0,0,0,0,0,0,0,0,7,1921844,396785711,117683564,0,0,0,0,0,0,0,0,0,0,0,0,0,0,0,0,0,0,0,0,0,0,0,0,0,0,0,0,0,0,0,0,0,0,0,0,0,12878004224,5216452608,786011,318387,117431631,324,0,96,786432,395055569,811172,11,7482925072,12884901888,606306,1215233086,0,0,0,0,0,0,0,0,0,0,0,0,0,0,0,0,0,0,40181511,140079518,0,468,1202,7661,620,80363551,35,0,0,0,0,0,0,0,1,0,0,0,0,0,0,0,0,0,0,48929094,0,117432720,2053701,0,0,0,0,0,0,0,0,16384,0,0,0,0,0,0,0,0,0,0,0,6941,403,0,0,0,0,0,122152958,0,163,0,4,403,6941,0,0,0,0,0,0,0,0,0,0,0,0,0,0,0,0,0,0,0,0,0,0,0,0,0,0,0,0,0,0,0,0,0,0,0,0,0,0,0,0,0,0,0,0,0,0,0,0,0,0,0,0,0,0,607824995,0,0,0,867753026,0,0,0,0,0,0,0,178181378,395320916,727385378,339410445312,147022065,1,0,0,0,0,0,0,0,0,0,0,0,0,0,0,0,0,0,0,0,0,0,0,0,0,0,0,0,0,0,0,1109,0,0,0,0,0,0,0
1782469112.534,0,0,0,0,0,0,0,1522109671,6476087233024,2336149393408,0,0,0,0,0,0,0,0,0,0,0,0,0,0,0,0,0,0,0,0,0,0,0,0,0,0,0,0,0,0,0,0,0,0,0,0,0,0,0,0,0,0,0,0,0,0,0,0,0,0,0,0,0,0,0,0,0,0,7,1921867,396900239,117716518,0,0,0,0,0,0,0,0,0,0,0,0,0,0,0,0,0,0,0,0,0,0,0,0,0,0,0,0,0,0,0,0,0,0,0,0,0,12877824000,5199937536,786000,317379,117466515,298,0,132,786432,395169639,811172,11,7484555945,12884901888,608736,1215446618,0,0,0,0,0,0,0,0,0,0,0,0,0,0,0,0,0,0,40191083,140089089,0,468,1202,7661,620,80382685,35,0,0,0,0,0,0,0,1,0,0,0,0,0,0,0,0,0,0,48939925,0,117464916,2054138,0,0,0,0,0,0,0,0,16384,0,0,0,0,0,0,0,0,0,0,0,6942,403,0,0,0,0,0,122182060,0,163,0,4,403,6942,0,0,0,0,0,0,0,0,0,0,0,0,0,0,0,0,0,0,0,0,0,0,0,0,0,0,0,0,0,0,0,0,0,0,0,0,0,0,0,0,0,0,0,0,0,0,0,0,0,0,0,0,0,0,607961157,0,0,0,867915843,0,0,0,0,0,0,0,178200626,395434429,727555374,339481289728,147034175,1,0,0,0,0,0,0,0,0,0,0,0,0,0,0,0,0,0,0,0,0,0,0,0,0,0,0,0,0,0,0,403,0,0,0,0,0,0,0
1782469113.618,0,0,0,0,0,0,0,1522443740,6478008879616,2336764723712,0,0,0,0,0,0,0,0,0,0,0,0,0,0,0,0,0,0,0,0,0,0,0,0,0,0,0,0,0,0,0,0,0,0,0,0,0,0,0,0,0,0,0,0,0,0,0,0,0,0,0,0,0,0,0,0,0,0,7,1921897,397018374,117748861,0,0,0,0,0,0,0,0,0,0,0,0,0,0,0,0,0,0,0,0,0,0,0,0,0,0,0,0,0,0,0,0,0,0,0,0,0,12879904768,5205999616,786127,317750,117498082,210,0,96,786432,395287250,811172,11,7486238791,12884901888,611046,1215664779,0,0,0,0,0,0,0,0,0,0,0,0,0,0,0,0,0,0,40200981,140098986,0,468,1202,7661,620,80402493,35,0,0,0,0,0,0,0,1,0,0,0,0,0,0,0,0,0,0,48951132,0,117496483,2054565,0,0,0,0,0,0,0,0,16384,0,0,0,0,0,0,0,0,0,0,0,6943,403,0,0,0,0,0,122212124,0,163,0,4,403,6943,0,0,0,0,0,0,0,0,0,0,0,0,0,0,0,0,0,0,0,0,0,0,0,0,0,0,0,0,0,0,0,0,0,0,0,0,0,0,0,0,0,0,0,0,0,0,0,0,0,0,0,0,0,0,608102685,0,0,0,868083385,0,0,0,0,0,0,0,178220155,395551627,727730140,339554961920,147046628,1,1,0,0,0,0,0,0,0,0,0,0,0,0,0,0,0,0,0,0,0,0,0,0,0,0,0,0,0,0,0,706,0,0,0,0,0,0,0
1782469114.710,0,0,0,0,0,0,0,1522776174,6479924152832,2337379667968,0,0,0,0,0,0,0,0,0,0,0,0,0,0,0,0,0,0,0,0,0,0,0,0,0,0,0,0,0,0,0,0,0,0,0,0,0,0,0,0,0,0,0,0,0,0,0,0,0,0,0,0,0,0,0,0,0,0,7,1921932,397136183,117781245,0,0,0,0,0,0,0,0,0,0,0,0,0,0,0,0,0,0,0,0,0,0,0,0,0,0,0,0,0,0,0,0,0,0,0,0,0,12879085568,5212454912,786076,318143,117529570,256,0,98,786432,395404503,811172,11,7487912803,12884901888,613515,1215880742,0,0,0,0,0,0,0,0,0,0,0,0,0,0,0,0,0,0,40210864,140108864,0,468,1202,7661,620,80422256,35,0,0,0,0,0,0,0,1,0,0,0,0,0,0,0,0,0,0,48962306,0,117528051,2054995,0,0,0,0,0,0,0,0,16384,0,0,0,0,0,0,0,0,0,0,0,6944,403,0,0,0,0,0,122242142,0,163,0,4,403,6944,0,0,0,0,0,0,0,0,0,0,0,0,0,0,0,0,0,0,0,0,0,0,0,0,0,0,0,0,0,0,0,0,0,0,0,0,0,0,0,0,0,0,0,0,0,0,0,0,0,0,0,0,0,0,608242208,0,0,0,868249677,0,0,0,0,0,0,0,178239458,395668460,727903015,339627561984,147058717,1,0,0,0,0,0,0,0,0,0,0,0,0,0,0,0,0,0,0,0,0,0,0,0,0,0,0,0,0,0,0,1546,0,0,0,0,0,0,0
1782469115.799,0,0,0,0,0,0,0,1523088693,6481733585408,2337963197440,0,0,0,0,0,0,0,0,0,0,0,0,0,0,0,0,0,0,0,0,0,0,0,0,0,0,0,0,0,0,0,0,0,0,0,0,0,0,0,0,0,0,0,0,0,0,0,0,0,0,0,0,0,0,0,0,0,0,7,1921960,397247487,117811941,0,0,0,0,0,0,0,0,0,0,0,0,0,0,0,0,0,0,0,0,0,0,0,0,0,0,0,0,0,0,0,0,0,0,0,0,0,12877070336,5214306304,785954,318256,117559284,382,0,96,786432,395515329,811172,11,7489488816,12884901888,616472,1216086089,0,0,0,0,0,0,0,0,0,0,0,0,0,0,0,0,0,0,40220139,140118139,0,468,1202,7661,620,80440794,35,0,0,0,0,0,0,0,1,0,0,0,0,0,0,0,0,0,0,48972809,0,117557685,2055392,0,0,0,0,0,0,0,0,16384,0,0,0,0,0,0,0,0,0,0,0,6945,403,0,0,0,0,0,122270367,0,163,0,4,403,6945,0,0,0,0,0,0,0,0,0,0,0,0,0,0,0,0,0,0,0,0,0,0,0,0,0,0,0,0,0,0,0,0,0,0,0,0,0,0,0,0,0,0,0,0,0,0,0,0,0,0,0,0,0,0,608376861,0,0,0,868406829,0,0,0,0,0,0,0,178257861,395778838,728069568,339697565184,147070487,1,0,0,0,0,0,0,0,0,0,0,0,0,0,0,0,0,0,0,0,0,0,0,0,0,0,0,0,0,0,0,1345,0,0,0,0,0,0,0
1782469116.883,0,0,0,0,0,0,0,1523386004,6483449235968,2338524797440,0,0,0,0,0,0,0,0,0,0,0,0,0,0,0,0,0,0,0,0,0,0,0,0,0,0,0,0,0,0,0,0,0,0,0,0,0,0,0,0,0,0,0,0,0,0,0,0,0,0,0,0,0,0,0,0,0,0,7,1921975,397353012,117841326,0,0,0,0,0,0,0,0,0,0,0,0,0,0,0,0,0,0,0,0,0,0,0,0,0,0,0,0,0,0,0,0,0,0,0,0,0,12877692928,5215125504,785994,318306,117587295,346,0,96,786432,395620409,811172,11,7490988581,12884901888,620534,1216282837,0,0,0,0,0,0,0,0,0,0,0,0,0,0,0,0,0,0,40228946,140126950,0,468,1202,7661,620,80458407,35,0,0,0,0,0,0,0,1,0,0,0,0,0,0,0,0,0,0,48982780,0,117585696,2055762,0,0,0,0,0,0,0,0,16384,0,0,0,0,0,0,0,0,0,0,0,6946,403,0,0,0,0,0,122297113,0,163,0,4,403,6946,0,0,0,0,0,0,0,0,0,0,0,0,0,0,0,0,0,0,0,0,0,0,0,0,0,0,0,0,0,0,0,0,0,0,0,0,0,0,0,0,0,0,0,0,0,0,0,0,0,0,0,0,0,0,608511619,0,0,0,868556726,0,0,0,0,0,0,0,178273602,395883471,728235216,339767307776,147080435,1,0,0,0,0,0,0,0,0,0,0,0,0,0,0,0,0,0,0,0,0,0,0,0,0,0,0,0,0,0,0,656,0,0,0,0,0,0,0
1782469117.967,0,0,0,0,0,0,0,1523698717,6485245823488,2339104686592,0,0,0,0,0,0,0,0,0,0,0,0,0,0,0,0,0,0,0,0,0,0,0,0,0,0,0,0,0,0,0,0,0,0,0,0,0,0,0,0,0,0,0,0,0,0,0,0,0,0,0,0,0,0,0,0,0,0,7,1921999,397463556,117871748,0,0,0,0,0,0,0,0,0,0,0,0,0,0,0,0,0,0,0,0,0,0,0,0,0,0,0,0,0,0,0,0,0,0,0,0,0,12879429632,5219696640,786098,318585,117616574,237,0,96,786432,395730471,811172,11,7492562260,12884901888,623413,1216487047,0,0,0,0,0,0,0,0,0,0,0,0,0,0,0,0,0,0,40238216,140136218,0,468,1202,7661,620,80476948,35,0,0,0,0,0,0,0,1,0,0,0,0,0,0,0,0,0,0,48993258,0,117614975,2056162,0,0,0,0,0,0,0,0,16384,0,0,0,0,0,0,0,0,0,0,0,6947,403,0,0,0,0,0,122325310,0,163,0,4,403,6947,0,0,0,0,0,0,0,0,0,0,0,0,0,0,0,0,0,0,0,0,0,0,0,0,0,0,0,0,0,0,0,0,0,0,0,0,0,0,0,0,0,0,0,0,0,0,0,0,0,0,0,0,0,0,608647339,0,0,0,868713445,0,0,0,0,0,0,0,178291708,395993112,728402501,339837796864,147092070,1,0,0,0,0,0,0,0,0,0,0,0,0,0,0,0,0,0,0,0,0,0,0,0,0,0,0,0,0,0,0,900,0,0,0,0,0,0,0
1782469119.054,0,0,0,0,0,0,0,1524031268,6487173384704,2339716427264,0,0,0,0,0,0,0,0,0,0,0,0,0,0,0,0,0,0,0,0,0,0,0,0,0,0,0,0,0,0,0,0,0,0,0,0,0,0,0,0,0,0,0,0,0,0,0,0,0,0,0,0,0,0,0,0,0,0,7,1922021,397582149,117903943,0,0,0,0,0,0,0,0,0,0,0,0,0,0,0,0,0,0,0,0,0,0,0,0,0,0,0,0,0,0,0,0,0,0,0,0,0,12879429632,5232132096,786098,319344,117648111,236,0,98,786432,395848560,811172,11,7494241240,12884901888,625678,1216705397,0,0,0,0,0,0,0,0,0,0,0,0,0,0,0,0,0,0,40248084,140146086,0,468,1202,7661,620,80496694,35,0,0,0,0,0,0,0,1,0,0,0,0,0,0,0,0,0,0,49004427,0,117646512,2056604,0,0,0,0,0,0,0,0,16384,0,0,0,0,0,0,0,0,0,0,0,6948,403,0,0,0,0,0,122355327,0,163,0,4,403,6948,0,0,0,0,0,0,0,0,0,0,0,0,0,0,0,0,0,0,0,0,0,0,0,0,0,0,0,0,0,0,0,0,0,0,0,0,0,0,0,0,0,0,0,0,0,0,0,0,0,0,0,0,0,0,608787673,0,0,0,868880752,0,0,0,0,0,0,0,178311576,396110676,728575921,339910715392,147104320,1,1,0,0,0,0,0,0,0,0,0,0,0,0,0,0,0,0,0,0,0,0,0,0,0,0,0,0,0,0,0,677,0,0,0,0,0,0,0
1782469120.144,0,0,0,0,0,0,0,1524362019,6489077631488,2340328892928,0,0,0,0,0,0,0,0,0,0,0,0,0,0,0,0,0,0,0,0,0,0,0,0,0,0,0,0,0,0,0,0,0,0,0,0,0,0,0,0,0,0,0,0,0,0,0,0,0,0,0,0,0,0,0,0,0,0,7,1922038,397699212,117936132,0,0,0,0,0,0,0,0,0,0,0,0,0,0,0,0,0,0,0,0,0,0,0,0,0,0,0,0,0,0,0,0,0,0,0,0,0,12876480512,5236899840,785917,319635,117679614,418,0,98,786432,395965119,811172,11,7495908051,12884901888,627707,1216921766,0,0,0,0,0,0,0,0,0,0,0,0,0,0,0,0,0,0,40257904,140155909,0,468,1202,7661,620,80516325,35,0,0,0,0,0,0,0,1,0,0,0,0,0,0,0,0,0,0,49015549,0,117678015,2057031,0,0,0,0,0,0,0,0,16384,0,0,0,0,0,0,0,0,0,0,0,6949,403,0,0,0,0,0,122385171,0,163,0,4,403,6949,0,0,0,0,0,0,0,0,0,0,0,0,0,0,0,0,0,0,0,0,0,0,0,0,0,0,0,0,0,0,0,0,0,0,0,0,0,0,0,0,0,0,0,0,0,0,0,0,0,0,0,0,0,0,608928804,0,0,0,869046630,0,0,0,0,0,0,0,178331002,396226844,728750064,339984043008,147116744,1,0,0,0,0,0,0,0,0,0,0,0,0,0,0,0,0,0,0,0,0,0,0,0,0,0,0,0,0,0,0,1063,0,0,0,0,0,0,0
1782469121.235,0,0,0,0,0,0,0,1524692772,6490986891776,2340942849536,0,0,0,0,0,0,0,0,0,0,0,0,0,0,0,0,0,0,0,0,0,0,0,0,0,0,0,0,0,0,0,0,0,0,0,0,0,0,0,0,0,0,0,0,0,0,0,0,0,0,0,0,0,0,0,0,0,0,7,1922063,397816694,117968464,0,0,0,0,0,0,0,0,0,0,0,0,0,0,0,0,0,0,0,0,0,0,0,0,0,0,0,0,0,0,0,0,0,0,0,0,0,12882575360,5241225216,786288,319899,117711073,43,0,101,786432,396082081,811172,11,7497578197,12884901888,630030,1217140791,0,0,0,0,0,0,0,0,0,0,0,0,0,0,0,0,0,0,40267721,140165726,0,468,1202,7661,620,80535970,35,0,0,0,0,0,0,0,1,0,0,0,0,0,0,0,0,0,0,49026669,0,117709474,2057455,0,0,0,0,0,0,0,0,16384,0,0,0,0,0,0,0,0,0,0,0,6951,403,0,0,0,0,0,122415006,0,163,0,4,403,6951,0,0,0,0,0,0,0,0,0,0,0,0,0,0,0,0,0,0,0,0,0,0,0,0,0,0,0,0,0,0,0,0,0,0,0,0,0,0,0,0,0,0,0,0,0,0,0,0,0,0,0,0,0,0,609068392,0,0,0,869213439,0,0,0,0,0,0,0,178350277,396343342,728922933,340056614912,147129003,1,1,0,0,0,0,0,0,0,0,0,0,0,0,0,0,0,0,0,0,0,0,0,0,0,0,0,0,0,0,0,395,0,0,0,0,0,0,0
1782469122.327,0,0,0,0,0,0,0,1525018322,6492853471744,2341542245376,0,0,0,0,0,0,0,0,0,0,0,0,0,0,0,0,0,0,0,0,0,0,0,0,0,0,0,0,0,0,0,0,0,0,0,0,0,0,0,0,0,0,0,0,0,0,0,0,0,0,0,0,0,0,0,0,0,0,7,1922080,397931568,118000017,0,0,0,0,0,0,0,0,0,0,0,0,0,0,0,0,0,0,0,0,0,0,0,0,0,0,0,0,0,0,0,0,0,0,0,0,0,12882296832,5248172032,786274,320323,117742014,62,0,100,786432,396196449,811172,11,7499217097,12884901888,632032,1217352419,0,0,0,0,0,0,0,0,0,0,0,0,0,0,0,0,0,0,40277398,140175404,0,468,1202,7661,620,80555315,35,0,0,0,0,0,0,0,1,0,0,0,0,0,0,0,0,0,0,49037637,0,117740415,2057884,0,0,0,0,0,0,0,0,16384,0,0,0,0,0,0,0,0,0,0,0,6952,403,0,0,0,0,0,122444442,0,163,0,4,403,6952,0,0,0,0,0,0,0,0,0,0,0,0,0,0,0,0,0,0,0,0,0,0,0,0,0,0,0,0,0,0,0,0,0,0,0,0,0,0,0,0,0,0,0,0,0,0,0,0,0,0,0,0,0,0,609205751,0,0,0,869376547,0,0,0,0,0,0,0,178369039,396457265,729092645,340127986688,147140721,1,0,0,0,0,0,0,0,0,0,0,0,0,0,0,0,0,0,0,0,0,0,0,0,0,0,0,0,0,0,0,853,0,0,0,0,0,0,0
1782469123.416,0,0,0,0,0,0,0,1525300680,6494480140800,2342091213824,0,0,0,0,0,0,0,0,0,0,0,0,0,0,0,0,0,0,0,0,0,0,0,0,0,0,0,0,0,0,0,0,0,0,0,0,0,0,0,0,0,0,0,0,0,0,0,0,0,0,0,0,0,0,0,0,0,0,7,1922098,398031547,118028922,0,0,0,0,0,0,0,0,0,0,0,0,0,0,0,0,0,0,0,0,0,0,0,0,0,0,0,0,0,0,0,0,0,0,0,0,0,12879904768,5229527040,786127,319185,117768890,185,0,120,786432,396296050,811172,11,7500638019,12884901888,635674,1217536846,0,0,0,0,0,0,0,0,0,0,0,0,0,0,0,0,0,0,40285749,140183754,0,468,1202,7661,620,80572025,35,0,0,0,0,0,0,0,1,0,0,0,0,0,0,0,0,0,0,49047088,0,117768315,2058265,0,0,0,0,0,0,0,0,16384,0,0,0,0,0,0,0,0,0,0,0,6953,403,0,0,0,0,0,122469839,0,163,0,4,403,6953,0,0,0,0,0,0,0,0,0,0,0,0,0,0,0,0,0,0,0,0,0,0,0,0,0,0,0,0,0,0,0,0,0,0,0,0,0,0,0,0,0,0,0,0,0,0,0,0,0,0,0,0,0,0,609331515,0,0,0,869517958,0,0,0,0,0,0,0,178385535,396556426,729248473,340193046016,147151657,1,1,0,0,0,0,0,0,0,0,0,0,0,0,0,0,0,0,0,0,0,0,0,0,0,0,0,0,0,0,0,1056,0,0,0,0,0,0,0
1782469124.496,0,0,0,0,0,0,0,1525586247,6496129370624,2342661410304,0,0,0,0,0,0,0,0,0,0,0,0,0,0,0,0,0,0,0,0,0,0,0,0,0,0,0,0,0,0,0,0,0,0,0,0,0,0,0,0,0,0,0,0,0,0,0,0,0,0,0,0,0,0,0,0,0,0,7,1922114,398132950,118059052,0,0,0,0,0,0,0,0,0,0,0,0,0,0,0,0,0,0,0,0,0,0,0,0,0,0,0,0,0,0,0,0,0,0,0,0,0,12881051648,5198036992,786196,317263,117795953,134,0,102,786432,396397028,811172,11,7502070807,12884901888,640842,1217720445,0,0,0,0,0,0,0,0,0,0,0,0,0,0,0,0,0,0,40294227,140192228,0,468,1202,7661,620,80588971,35,0,0,0,0,0,0,0,1,0,0,0,0,0,0,0,0,0,0,49056669,0,117796914,2058640,0,0,0,0,0,0,0,0,16384,0,0,0,0,0,0,0,0,0,0,0,6954,403,0,0,0,0,0,122495615,0,163,0,4,403,6954,0,0,0,0,0,0,0,0,0,0,0,0,0,0,0,0,0,0,0,0,0,0,0,0,0,0,0,0,0,0,0,0,0,0,0,0,0,0,0,0,0,0,0,0,0,0,0,0,0,0,0,0,0,0,609457342,0,0,0,869659851,0,0,0,0,0,0,0,178401450,396657082,729405984,340258303488,147161672,1,0,0,0,0,0,0,0,0,0,0,0,0,0,0,0,0,0,0,0,0,0,0,0,0,0,0,0,0,0,0,2313,0,0,0,0,0,0,0
1782469125.575,0,0,0,0,0,0,0,1525882201,6497837320704,2343244810752,0,0,0,0,0,0,0,0,0,0,0,0,0,0,0,0,0,0,0,0,0,0,0,0,0,0,0,0,0,0,0,0,0,0,0,0,0,0,0,0,0,0,0,0,0,0,0,0,0,0,0,0,0,0,0,0,0,0,7,1922135,398237963,118089835,0,0,0,0,0,0,0,0,0,0,0,0,0,0,0,0,0,0,0,0,0,0,0,0,0,0,0,0,0,0,0,0,0,0,0,0,0,12879790080,5173018624,786120,315736,117824170,211,0,100,786432,396501618,811172,11,7503562323,12884901888,643723,1217913671,0,0,0,0,0,0,0,0,0,0,0,0,0,0,0,0,0,0,40302999,140201004,0,468,1202,7661,620,80606518,35,0,0,0,0,0,0,0,1,0,0,0,0,0,0,0,0,0,0,49066594,0,117826667,2059028,0,0,0,0,0,0,0,0,16384,0,0,0,0,0,0,0,0,0,0,0,6956,404,0,0,0,0,0,122522217,0,170,0,6,404,6956,0,0,0,0,1,0,0,0,0,0,0,0,0,0,0,0,0,0,0,0,0,0,0,0,0,0,0,0,0,0,0,0,0,0,0,0,0,0,0,0,0,0,0,0,0,0,0,0,0,0,0,0,0,0,609589132,0,0,0,869808282,0,0,0,0,0,0,0,178416179,396761236,729569549,340326495232,147171148,1,0,0,0,0,0,0,0,0,0,0,0,0,0,0,0,0,0,0,0,0,0,0,0,0,0,0,0,0,0,0,2542,0,0,0,0,0,0,0
1782469126.653,0,0,0,0,0,0,0,1526176770,6499522415104,2343797579264,0,0,0,0,0,0,0,0,0,0,0,0,0,0,0,0,0,0,0,0,0,0,0,0,0,0,0,0,0,0,0,0,0,0,0,0,0,0,0,0,0,0,0,0,0,0,0,0,0,0,0,0,0,0,0,0,0,0,7,1922157,398341525,118118860,0,0,0,0,0,0,0,0,0,0,0,0,0,0,0,0,0,0,0,0,0,0,0,0,0,0,0,0,0,0,0,0,0,0,0,0,0,12876906496,5174444032,785944,315823,117856817,392,0,96,786432,396604696,811172,11,7505048304,12884901888,645982,1218110079,0,0,0,0,0,0,0,0,0,0,0,0,0,0,0,0,0,0,40311676,140209681,0,468,1202,7661,620,80623873,35,0,0,0,0,0,0,0,1,0,0,0,0,0,0,0,0,0,0,49076433,0,117855218,2059420,0,0,0,0,0,0,0,0,16384,0,0,0,0,0,0,0,0,0,0,0,6957,404,0,0,0,0,0,122548578,0,170,0,6,404,6957,0,0,0,0,0,0,0,0,0,0,0,0,0,0,0,0,0,0,0,0,0,0,0,0,0,0,0,0,0,0,0,0,0,0,0,0,0,0,0,0,0,0,0,0,0,0,0,0,0,0,0,0,0,0,609724532,0,0,0,869957062,0,0,0,0,0,0,0,178428356,396863999,729734599,340396571648,147177642,1,1,0,0,0,0,0,0,0,0,0,0,0,0,0,0,0,0,0,0,0,0,0,0,0,0,0,0,0,0,0,1202,0,0,0,0,0,0,0
1782469127.735,0,0,0,0,0,0,0,1526470820,6501210245632,2344348430336,0,0,0,0,0,0,0,0,0,0,0,0,0,0,0,0,0,0,0,0,0,0,0,0,0,0,0,0,0,0,0,0,0,0,0,0,0,0,0,0,0,0,0,0,0,0,0,0,0,0,0,0,0,0,0,0,0,0,7,1922187,398445333,118147723,0,0,0,0,0,0,0,0,0,0,0,0,0,0,0,0,0,0,0,0,0,0,0,0,0,0,0,0,0,0,0,0,0,0,0,0,0,12877250560,5179572224,785965,316136,117884171,372,0,96,786432,396708070,811172,11,7506522045,12884901888,650791,1218297374,0,0,0,0,0,0,0,0,0,0,0,0,0,0,0,0,0,0,40320384,140218390,0,468,1202,7661,620,80641301,35,0,0,0,0,0,0,0,1,0,0,0,0,0,0,0,0,0,0,49086285,0,117882572,2059793,0,0,0,0,0,0,0,0,16384,0,0,0,0,0,0,0,0,0,0,0,6958,404,0,0,0,0,0,122575073,0,170,0,6,404,6958,0,0,0,0,0,0,0,0,0,0,0,0,0,0,0,0,0,0,0,0,0,0,0,0,0,0,0,0,0,0,0,0,0,0,0,0,0,0,0,0,0,0,0,0,0,0,0,0,0,0,0,0,0,0,609854852,0,0,0,870102341,0,0,0,0,0,0,0,178443242,396966956,729895297,340464152576,147186642,1,1,0,0,0,0,0,0,0,0,0,0,0,0,0,0,0,0,0,0,0,0,0,0,0,0,0,0,0,0,0,3427,0,0,0,0,0,0,0
1782469128.825,0,0,0,0,0,0,0,1526774883,6502960826880,2344915117056,0,0,0,0,0,0,0,0,0,0,0,0,0,0,0,0,0,0,0,0,0,0,0,0,0,0,0,0,0,0,0,0,0,0,0,0,0,0,0,0,0,0,0,0,0,0,0,0,0,0,0,0,0,0,0,0,0,0,7,1922211,398552963,118177397,0,0,0,0,0,0,0,0,0,0,0,0,0,0,0,0,0,0,0,0,0,0,0,0,0,0,0,0,0,0,0,0,0,0,0,0,0,12877021184,5186060288,785951,316531,117913450,383,0,96,786432,396815262,811172,11,7508059942,12884901888,652519,1218503119,0,0,0,0,0,0,0,0,0,0,0,0,0,0,0,0,0,0,40329379,140227385,0,468,1202,7661,620,80659283,35,0,0,0,0,0,0,0,1,0,0,0,0,0,0,0,0,0,0,49096462,0,117911851,2060198,0,0,0,0,0,0,0,0,16384,0,0,0,0,0,0,0,0,0,0,0,6959,404,0,0,0,0,0,122602410,0,170,0,6,404,6959,0,0,0,0,0,0,0,0,0,0,0,0,0,0,0,0,0,0,0,0,0,0,0,0,0,0,0,0,0,0,0,0,0,0,0,0,0,0,0,0,0,0,0,0,0,0,0,0,0,0,0,0,0,0,609990917,0,0,0,870257137,0,0,0,0,0,0,0,178459286,397073749,730061582,340534620160,147197035,1,0,0,0,0,0,0,0,0,0,0,0,0,0,0,0,0,0,0,0,0,0,0,0,0,0,0,0,0,0,0,996,0,0,0,0,0,0,0
1782469129.912,0,0,0,0,0,0,0,1527074177,6504676608512,2345479535104,0,0,0,0,0,0,0,0,0,0,0,0,0,0,0,0,0,0,0,0,0,0,0,0,0,0,0,0,0,0,0,0,0,0,0,0,0,0,0,0,0,0,0,0,0,0,0,0,0,0,0,0,0,0,0,0,0,0,7,1922233,398658505,118207030,0,0,0,0,0,0,0,0,0,0,0,0,0,0,0,0,0,0,0,0,0,0,0,0,0,0,0,0,0,0,0,0,0,0,0,0,0,12880150528,5183619072,786141,316384,117941964,197,0,98,786432,396920359,811172,11,7509565736,12884901888,655949,1218698539,0,0,0,0,0,0,0,0,0,0,0,0,0,0,0,0,0,0,40338242,140236250,0,468,1202,7661,620,80677019,35,0,0,0,0,0,0,0,1,0,0,0,0,0,0,0,0,0,0,49106501,0,117940365,2060587,0,0,0,0,0,0,0,0,16384,0,0,0,0,0,0,0,0,0,0,0,6960,404,0,0,0,0,0,122629371,0,170,0,6,404,6960,0,0,0,0,0,0,0,0,0,0,0,0,0,0,0,0,0,0,0,0,0,0,0,0,0,0,0,0,0,0,0,0,0,0,0,0,0,0,0,0,0,0,0,0,0,0,0,0,0,0,0,0,0,0,610123181,0,0,0,870406890,0,0,0,0,0,0,0,178475078,397178462,730224572,340603166208,147207023,1,1,0,0,0,0,0,0,0,0,0,0,0,0,0,0,0,0,0,0,0,0,0,0,0,0,0,0,0,0,0,1398,0,0,0,0,0,0,0
1782469130.998,0,0,0,0,0,0,0,1527378041,6506423847424,2346045350912,0,0,0,0,0,0,0,0,0,0,0,0,0,0,0,0,0,0,0,0,0,0,0,0,0,0,0,0,0,0,0,0,0,0,0,0,0,0,0,0,0,0,0,0,0,0,0,0,0,0,0,0,0,0,0,0,0,0,7,1922250,398765948,118236719,0,0,0,0,0,0,0,0,0,0,0,0,0,0,0,0,0,0,0,0,0,0,0,0,0,0,0,0,0,0,0,0,0,0,0,0,0,12880363520,5193220096,786155,316970,117970579,162,0,118,786432,397027338,811172,11,7511096668,12884901888,659855,1218898301,0,0,0,0,0,0,0,0,0,0,0,0,0,0,0,0,0,0,40347246,140245253,0,468,1202,7661,620,80695018,35,0,0,0,0,0,0,0,1,0,0,0,0,0,0,0,0,0,0,49116714,0,117968980,2060968,0,0,0,0,0,0,0,0,16384,0,0,0,0,0,0,0,0,0,0,0,6961,404,0,0,0,0,0,122656753,0,170,0,6,404,6961,0,0,0,0,0,0,0,0,0,0,0,0,0,0,0,0,0,0,0,0,0,0,0,0,0,0,0,0,0,0,0,0,0,0,0,0,0,0,0,0,0,0,0,0,0,0,0,0,0,0,0,0,0,0,610257600,0,0,0,870559595,0,0,0,0,0,0,0,178490917,397285038,730389928,340672723968,147217115,1,1,0,0,0,0,0,0,0,0,0,0,0,0,0,0,0,0,0,0,0,0,0,0,0,0,0,0,0,0,0,1008,0,0,0,0,0,0,0
1782469132.084,0,0,0,0,0,0,0,1527675992,6508139481600,2346606072832,0,0,0,0,0,0,0,0,0,0,0,0,0,0,0,0,0,0,0,0,0,0,0,0,0,0,0,0,0,0,0,0,0,0,0,0,0,0,0,0,0,0,0,0,0,0,0,0,0,0,0,0,0,0,0,0,0,0,7,1922266,398871456,118266172,0,0,0,0,0,0,0,0,0,0,0,0,0,0,0,0,0,0,0,0,0,0,0,0,0,0,0,0,0,0,0,0,0,0,0,0,0,12881281024,5195366400,786211,317100,117999281,98,0,122,786432,397132421,811172,11,7512598217,12884901888,662389,1219094480,0,0,0,0,0,0,0,0,0,0,0,0,0,0,0,0,0,0,40356074,140254082,0,468,1202,7661,620,80712670,35,0,0,0,0,0,0,0,1,0,0,0,0,0,0,0,0,0,0,49126705,0,117997682,2061353,0,0,0,0,0,0,0,0,16384,0,0,0,0,0,0,0,0,0,0,0,6962,404,0,0,0,0,0,122683624,0,170,0,6,404,6962,0,0,0,0,0,0,0,0,0,0,0,0,0,0,0,0,0,0,0,0,0,0,0,0,0,0,0,0,0,0,0,0,0,0,0,0,0,0,0,0,0,0,0,0,0,0,0,0,0,0,0,0,0,0,610388973,0,0,0,870709526,0,0,0,0,0,0,0,178507009,397389709,730551610,340740772864,147227780,1,0,0,0,0,0,0,0,0,0,0,0,0,0,0,0,0,0,0,0,0,0,0,0,0,0,0,0,0,0,0,620,0,0,0,0,0,0,0
1782469133.170,0,0,0,0,0,0,0,1527976822,6509866912256,2347169975808,0,0,0,0,0,0,0,0,0,0,0,0,0,0,0,0,0,0,0,0,0,0,0,0,0,0,0,0,0,0,0,0,0,0,0,0,0,0,0,0,0,0,0,0,0,0,0,0,0,0,0,0,0,0,0,0,0,0,7,1922288,398977723,118295796,0,0,0,0,0,0,0,0,0,0,0,0,0,0,0,0,0,0,0,0,0,0,0,0,0,0,0,0,0,0,0,0,0,0,0,0,0,12880871424,5194334208,786187,317037,118027413,153,0,97,786432,397238241,811172,11,7514111510,12884901888,666951,1219291040,0,0,0,0,0,0,0,0,0,0,0,0,0,0,0,0,0,0,40364991,140262999,0,468,1202,7661,620,80730509,35,0,0,0,0,0,0,0,1,0,0,0,0,0,0,0,0,0,0,49136801,0,118025814,2061722,0,0,0,0,0,0,0,0,16384,0,0,0,0,0,0,0,0,0,0,0,6963,404,0,0,0,0,0,122710719,0,170,0,6,404,6963,0,0,0,0,0,0,0,0,0,0,0,0,0,0,0,0,0,0,0,0,0,0,0,0,0,0,0,0,0,0,0,0,0,0,0,0,0,0,0,0,0,0,0,0,0,0,0,0,0,0,0,0,0,0,610520982,0,0,0,870860238,0,0,0,0,0,0,0,178523311,397495134,730714803,340809348096,147238176,1,0,0,0,0,0,0,0,0,0,0,0,0,0,0,0,0,0,0,0,0,0,0,0,0,0,0,0,0,0,0,819,0,0,0,0,0,0,0
1782469134.256,0,0,0,0,0,0,0,1528288793,6511659633152,2347751603200,0,0,0,0,0,0,0,0,0,0,0,0,0,0,0,0,0,0,0,0,0,0,0,0,0,0,0,0,0,0,0,0,0,0,0,0,0,0,0,0,0,0,0,0,0,0,0,0,0,0,0,0,0,0,0,0,0,0,7,1922310,399087914,118326382,0,0,0,0,0,0,0,0,0,0,0,0,0,0,0,0,0,0,0,0,0,0,0,0,0,0,0,0,0,0,0,0,0,0,0,0,0,12878856192,5195513856,786062,317109,118056756,271,0,97,786432,397347996,811172,11,7515678667,12884901888,671045,1219492949,0,0,0,0,0,0,0,0,0,0,0,0,0,0,0,0,0,0,40374230,140272230,0,468,1202,7661,620,80748986,35,0,0,0,0,0,0,0,1,0,0,0,0,0,0,0,0,0,0,49147243,0,118055157,2062107,0,0,0,0,0,0,0,0,16384,0,0,0,0,0,0,0,0,0,0,0,6964,404,0,0,0,0,0,122738715,0,170,0,6,404,6964,0,0,0,0,0,0,0,0,0,0,0,0,0,0,0,0,0,0,0,0,0,0,0,0,0,0,0,0,0,0,0,0,0,0,0,0,0,0,0,0,0,0,0,0,0,0,0,0,0,0,0,0,0,0,610655676,0,0,0,871015525,0,0,0,0,0,0,0,178540830,397604492,730881373,340879346176,147249337,1,0,0,0,0,0,0,0,0,0,0,0,0,0,0,0,0,0,0,0,0,0,0,0,0,0,0,0,0,0,0,2033,0,0,0,0,0,0,0
1782469135.341,0,0,0,0,0,0,0,1528615379,6513543367168,2348351424000,0,0,0,0,0,0,0,0,0,0,0,0,0,0,0,0,0,0,0,0,0,0,0,0,0,0,0,0,0,0,0,0,0,0,0,0,0,0,0,0,0,0,0,0,0,0,0,0,0,0,0,0,0,0,0,0,0,0,7,1922339,399203824,118357881,0,0,0,0,0,0,0,0,0,0,0,0,0,0,0,0,0,0,0,0,0,0,0,0,0,0,0,0,0,0,0,0,0,0,0,0,0,12877971456,5205688320,786011,317730,118087833,328,0,97,786432,397463406,811172,11,7517326934,12884901888,672508,1219709560,0,0,0,0,0,0,0,0,0,0,0,0,0,0,0,0,0,0,40383918,140281923,0,468,1202,7661,620,80768363,35,0,0,0,0,0,0,0,1,0,0,0,0,0,0,0,0,0,0,49158220,0,118086234,2062530,0,0,0,0,0,0,0,0,16384,0,0,0,0,0,0,0,0,0,0,0,6965,404,0,0,0,0,0,122768149,0,170,0,6,404,6965,0,0,0,0,0,0,0,0,0,0,0,0,0,0,0,0,0,0,0,0,0,0,0,0,0,0,0,0,0,0,0,0,0,0,0,0,0,0,0,0,0,0,0,0,0,0,0,0,0,0,0,0,0,0,610795198,0,0,0,871180351,0,0,0,0,0,0,0,178557626,397719426,731052907,340951896064,147259827,1,1,0,0,0,0,0,0,0,0,0,0,0,0,0,0,0,0,0,0,0,0,0,0,0,0,0,0,0,0,0,1155,0,0,0,0,0,0,0
1782469136.430,0,0,0,0,0,0,0,1528907923,6515227740672,2348918520832,0,0,0,0,0,0,0,0,0,0,0,0,0,0,0,0,0,0,0,0,0,0,0,0,0,0,0,0,0,0,0,0,0,0,0,0,0,0,0,0,0,0,0,0,0,0,0,0,0,0,0,0,0,0,0,0,0,0,7,1922363,399307433,118387771,0,0,0,0,0,0,0,0,0,0,0,0,0,0,0,0,0,0,0,0,0,0,0,0,0,0,0,0,0,0,0,0,0,0,0,0,0,12883263488,5192318976,786332,316914,118115467,0,0,100,786432,397566598,811172,11,7518799763,12884901888,675988,1219900556,0,0,0,0,0,0,0,0,0,0,0,0,0,0,0,0,0,0,40392587,140290594,0,468,1202,7661,620,80785698,35,0,0,0,0,0,0,0,1,0,0,0,0,0,0,0,0,0,0,49168035,0,118114976,2062906,0,0,0,0,0,0,0,0,16384,0,0,0,0,0,0,0,0,0,0,0,6966,404,0,0,0,0,0,122794504,0,170,0,6,404,6966,0,0,0,0,0,0,0,0,0,0,0,0,0,0,0,0,0,0,0,0,0,0,0,0,0,0,0,0,0,0,0,0,0,0,0,0,0,0,0,0,0,0,0,0,0,0,0,0,0,0,0,0,0,0,610925827,0,0,0,871326666,0,0,0,0,0,0,0,178572681,397822227,731214647,341019474432,147269230,1,0,0,0,0,0,0,0,0,0,0,0,0,0,0,0,0,0,0,0,0,0,0,0,0,0,0,0,0,0,0,1563,0,0,0,0,0,0,0
1782469137.509,0,0,0,0,0,0,0,1529224711,6517048297984,2349540006912,0,0,0,0,0,0,0,0,0,0,0,0,0,0,0,0,0,0,0,0,0,0,0,0,0,0,0,0,0,0,0,0,0,0,0,0,0,0,0,0,0,0,0,0,0,0,0,0,0,0,0,0,0,0,0,0,0,0,7,1922386,399419478,118420602,0,0,0,0,0,0,0,0,0,0,0,0,0,0,0,0,0,0,0,0,0,0,0,0,0,0,0,0,0,0,0,0,0,0,0,0,0,12880314368,5166923776,786152,315364,118145228,183,0,96,786432,397678136,811172,11,7520396322,12884901888,679224,1220109396,0,0,0,0,0,0,0,0,0,0,0,0,0,0,0,0,0,0,40401988,140299992,0,468,1202,7661,620,80804507,35,0,0,0,0,0,0,0,1,0,0,0,0,0,0,0,0,0,0,49178675,0,118146573,2063322,0,0,0,0,0,0,0,0,16384,0,0,0,0,0,0,0,0,0,0,0,6967,404,0,0,0,0,0,122823065,0,170,0,6,404,6967,0,0,0,0,0,0,0,0,0,0,0,0,0,0,0,0,0,0,0,0,0,0,0,0,0,0,0,0,0,0,0,0,0,0,0,0,0,0,0,0,0,0,0,0,0,0,0,0,0,0,0,0,0,0,611061692,0,0,0,871486450,0,0,0,0,0,0,0,178591037,397933350,731384445,341089926144,147280787,1,1,0,0,0,0,0,0,0,0,0,0,0,0,0,0,0,0,0,0,0,0,0,0,0,0,0,0,0,0,0,738,0,0,0,0,0,0,0
1782469138.591,0,0,0,0,0,0,0,1529540568,6518864972288,2350145306624,0,0,0,0,0,0,0,0,0,0,0,0,0,0,0,0,0,0,0,0,0,0,0,0,0,0,0,0,0,0,0,0,0,0,0,0,0,0,0,0,0,0,0,0,0,0,0,0,0,0,0,0,0,0,0,0,0,0,7,1922417,399531265,118452762,0,0,0,0,0,0,0,0,0,0,0,0,0,0,0,0,0,0,0,0,0,0,0,0,0,0,0,0,0,0,0,0,0,0,0,0,0,12878331904,5151244288,786031,314407,118179708,304,0,96,786432,397789464,811172,11,7521986765,12884901888,681355,1220316604,0,0,0,0,0,0,0,0,0,0,0,0,0,0,0,0,0,0,40411330,140309334,0,468,1202,7661,620,80823188,35,0,0,0,0,0,0,0,1,0,0,0,0,0,0,0,0,0,0,49189257,0,118178109,2063738,0,0,0,0,0,0,0,0,16384,0,0,0,0,0,0,0,0,0,0,0,6969,404,0,0,0,0,0,122851469,0,170,0,6,404,6969,0,0,0,0,0,0,0,0,0,0,0,0,0,0,0,0,0,0,0,0,0,0,0,0,0,0,0,0,0,0,0,0,0,0,0,0,0,0,0,0,0,0,0,0,0,0,0,0,0,0,0,0,0,0,611196459,0,0,0,871644851,0,0,0,0,0,0,0,178609477,398044222,731552162,341160062464,147292433,0,0,0,0,0,0,0,0,0,0,0,0,0,0,0,0,0,0,0,0,0,0,0,0,0,0,0,0,0,0,0,810,0,0,0,0,0,0,0
1782469139.671,0,0,0,0,0,0,0,1529867790,6520742988288,2350746793472,0,0,0,0,0,0,0,0,0,0,0,0,0,0,0,0,0,0,0,0,0,0,0,0,0,0,0,0,0,0,0,0,0,0,0,0,0,0,0,0,0,0,0,0,0,0,0,0,0,0,0,0,0,0,0,0,0,0,7,1922446,399646783,118484399,0,0,0,0,0,0,0,0,0,0,0,0,0,0,0,0,0,0,0,0,0,0,0,0,0,0,0,0,0,0,0,0,0,0,0,0,0,12876726272,5161959424,785933,315061,118210564,400,0,97,786432,397904485,811172,11,7523636554,12884901888,683854,1220531682,0,0,0,0,0,0,0,0,0,0,0,0,0,0,0,0,0,0,40421041,140319048,0,468,1202,7661,620,80842609,35,0,0,0,0,0,0,0,1,0,0,0,0,0,0,0,0,0,0,49200258,0,118208965,2064159,0,0,0,0,0,0,0,0,16384,0,0,0,0,0,0,0,0,0,0,0,6970,404,0,0,0,0,0,122881030,0,170,0,6,404,6970,0,0,0,0,0,0,0,0,0,0,0,0,0,0,0,0,0,0,0,0,0,0,0,0,0,0,0,0,0,0,0,0,0,0,0,0,0,0,0,0,0,0,0,0,0,0,0,0,0,0,0,0,0,0,611334601,0,0,0,871809339,0,0,0,0,0,0,0,178628170,398158766,731722834,341232025088,147304356,1,0,0,0,0,0,0,0,0,0,0,0,0,0,0,0,0,0,0,0,0,0,0,0,0,0,0,0,0,0,0,751,0,0,0,0,0,0,0
1782469140.762,0,0,0,0,0,0,0,1530193370,6522618989056,2351347913216,0,0,0,0,0,0,0,0,0,0,0,0,0,0,0,0,0,0,0,0,0,0,0,0,0,0,0,0,0,0,0,0,0,0,0,0,0,0,0,0,0,0,0,0,0,0,0,0,0,0,0,0,0,0,0,0,0,0,7,1922463,399762205,118516028,0,0,0,0,0,0,0,0,0,0,0,0,0,0,0,0,0,0,0,0,0,0,0,0,0,0,0,0,0,0,0,0,0,0,0,0,0,12877479936,5170184192,785979,315563,118241372,355,0,96,786432,398019403,811172,11,7525276972,12884901888,686359,1220744107,0,0,0,0,0,0,0,0,0,0,0,0,0,0,0,0,0,0,40430703,140328708,0,468,1202,7661,620,80861938,35,0,0,0,0,0,0,0,1,0,0,0,0,0,0,0,0,0,0,49211188,0,118239835,2064581,0,0,0,0,0,0,0,0,16384,0,0,0,0,0,0,0,0,0,0,0,6971,404,0,0,0,0,0,122910377,0,170,0,6,404,6971,0,0,0,0,0,0,0,0,0,0,0,0,0,0,0,0,0,0,0,0,0,0,0,0,0,0,0,0,0,0,0,0,0,0,0,0,0,0,0,0,0,0,0,0,0,0,0,0,0,0,0,0,0,0,611472756,0,0,0,871972349,0,0,0,0,0,0,0,178647219,398273248,731893571,341303727104,147316386,1,0,0,0,0,0,0,0,0,0,0,0,0,0,0,0,0,0,0,0,0,0,0,0,0,0,0,0,0,0,0,1367,0,0,0,0,0,0,0
1782469141.851,0,0,0,0,0,0,0,1530521916,6524516960768,2351953324032,0,0,0,0,0,0,0,0,0,0,0,0,0,0,0,0,0,0,0,0,0,0,0,0,0,0,0,0,0,0,0,0,0,0,0,0,0,0,0,0,0,0,0,0,0,0,0,0,0,0,0,0,0,0,0,0,0,0,7,1922495,399878963,118547895,0,0,0,0,0,0,0,0,0,0,0,0,0,0,0,0,0,0,0,0,0,0,0,0,0,0,0,0,0,0,0,0,0,0,0,0,0,12876267520,5183586304,785903,316381,118272739,430,0,98,786432,398135649,811172,11,7526932291,12884901888,688185,1220958765,0,0,0,0,0,0,0,0,0,0,0,0,0,0,0,0,0,0,40440453,140338459,0,468,1202,7661,620,80881435,35,0,0,0,0,0,0,0,1,0,0,0,0,0,0,0,0,0,0,49222242,0,118271140,2065009,0,0,0,0,0,0,0,0,16384,0,0,0,0,0,0,0,0,0,0,0,6972,404,0,0,0,0,0,122940003,0,170,0,6,404,6972,0,0,0,0,0,0,0,0,0,0,0,0,0,0,0,0,0,0,0,0,0,0,0,0,0,0,0,0,0,0,0,0,0,0,0,0,0,0,0,0,0,0,0,0,0,0,0,0,0,0,0,0,0,0,611611812,0,0,0,872136982,0,0,0,0,0,0,0,178665385,398389061,732065103,341375951360,147327708,1,0,0,0,0,0,0,0,0,0,0,0,0,0,0,0,0,0,0,0,0,0,0,0,0,0,0,0,0,0,0,1794,0,0,0,0,0,0,0
1782469142.935,0,0,0,0,0,0,0,1530850155,6526406560256,2352558496256,0,0,0,0,0,0,0,0,0,0,0,0,0,0,0,0,0,0,0,0,0,0,0,0,0,0,0,0,0,0,0,0,0,0,0,0,0,0,0,0,0,0,0,0,0,0,0,0,0,0,0,0,0,0,0,0,0,0,7,1922527,399995235,118579711,0,0,0,0,0,0,0,0,0,0,0,0,0,0,0,0,0,0,0,0,0,0,0,0,0,0,0,0,0,0,0,0,0,0,0,0,0,12879806464,5193138176,786121,316964,118303882,200,0,112,786432,398251395,811172,11,7528588548,12884901888,689815,1221175326,0,0,0,0,0,0,0,0,0,0,0,0,0,0,0,0,0,0,40450187,140348189,0,468,1202,7661,620,80900907,35,0,0,0,0,0,0,0,1,0,0,0,0,0,0,0,0,0,0,49233246,0,118302283,2065433,0,0,0,0,0,0,0,0,16384,0,0,0,0,0,0,0,0,0,0,0,6973,404,0,0,0,0,0,122969599,0,170,0,6,404,6973,0,0,0,0,0,0,0,0,0,0,0,0,0,0,0,0,0,0,0,0,0,0,0,0,0,0,0,0,0,0,0,0,0,0,0,0,0,0,0,0,0,0,0,0,0,0,0,0,0,0,0,0,0,0,611751067,0,0,0,872302278,0,0,0,0,0,0,0,178683690,398504394,732236762,341448460288,147339308,1,0,0,0,0,0,0,0,0,0,0,0,0,0,0,0,0,0,0,0,0,0,0,0,0,0,0,0,0,0,0,1271,0,0,0,0,0,0,0
1782469144.025,0,0,0,0,0,0,0,1531171038,6528256412160,2353149689344,0,0,0,0,0,0,0,0,0,0,0,0,0,0,0,0,0,0,0,0,0,0,0,0,0,0,0,0,0,0,0,0,0,0,0,0,0,0,0,0,0,0,0,0,0,0,0,0,0,0,0,0,0,0,0,0,0,0,7,1922546,400109025,118610825,0,0,0,0,0,0,0,0,0,0,0,0,0,0,0,0,0,0,0,0,0,0,0,0,0,0,0,0,0,0,0,0,0,0,0,0,0,12880183296,5202673664,786144,317546,118334057,192,0,97,786432,398364728,811172,11,7530208688,12884901888,692856,1221387995,0,0,0,0,0,0,0,0,0,0,0,0,0,0,0,0,0,0,40459723,140357728,0,468,1202,7661,620,80919967,35,0,0,0,0,0,0,0,1,0,0,0,0,0,0,0,0,0,0,49244045,0,118332458,2065837,0,0,0,0,0,0,0,0,16384,0,0,0,0,0,0,0,0,0,0,0,6974,404,0,0,0,0,0,122998631,0,170,0,6,404,6974,0,0,0,0,0,0,0,0,0,0,0,0,0,0,0,0,0,0,0,0,0,0,0,0,0,0,0,0,0,0,0,0,0,0,0,0,0,0,0,0,0,0,0,0,0,0,0,0,0,0,0,0,0,0,611887459,0,0,0,872464620,0,0,0,0,0,0,0,178701426,398617292,732405326,341519432704,147350528,1,1,0,0,0,0,0,0,0,0,0,0,0,0,0,0,0,0,0,0,0,0,0,0,0,0,0,0,0,0,0,264,0,0,0,0,0,0,0
1782469145.114,0,0,0,0,0,0,0,1531484233,6530059782656,2353732064768,0,0,0,0,0,0,0,0,0,0,0,0,0,0,0,0,0,0,0,0,0,0,0,0,0,0,0,0,0,0,0,0,0,0,0,0,0,0,0,0,0,0,0,0,0,0,0,0,0,0,0,0,0,0,0,0,0,0,7,1922570,400219952,118641420,0,0,0,0,0,0,0,0,0,0,0,0,0,0,0,0,0,0,0,0,0,0,0,0,0,0,0,0,0,0,0,0,0,0,0,0,0,12879970304,5209669632,786132,317973,118364106,186,0,117,786432,398475185,811172,11,7531785398,12884901888,694676,1221592174,0,0,0,0,0,0,0,0,0,0,0,0,0,0,0,0,0,0,40469013,140367020,0,468,1202,7661,620,80938545,35,0,0,0,0,0,0,0,1,0,0,0,0,0,0,0,0,0,0,49254568,0,118362507,2066240,0,0,0,0,0,0,0,0,16384,0,0,0,0,0,0,0,0,0,0,0,6975,404,0,0,0,0,0,123026868,0,170,0,6,404,6975,0,0,0,0,0,0,0,0,0,0,0,0,0,0,0,0,0,0,0,0,0,0,0,0,0,0,0,0,0,0,0,0,0,0,0,0,0,0,0,0,0,0,0,0,0,0,0,0,0,0,0,0,0,0,612024611,0,0,0,872621258,0,0,0,0,0,0,0,178717596,398727346,732573743,341590557696,147360827,1,1,0,0,0,0,0,0,0,0,0,0,0,0,0,0,0,0,0,0,0,0,0,0,0,0,0,0,0,0,0,816,0,0,0,0,0,0,0
1782469146.199,0,0,0,0,0,0,0,1531792340,6531832416768,2354308985856,0,0,0,0,0,0,0,0,0,0,0,0,0,0,0,0,0,0,0,0,0,0,0,0,0,0,0,0,0,0,0,0,0,0,0,0,0,0,0,0,0,0,0,0,0,0,0,0,0,0,0,0,0,0,0,0,0,0,7,1922592,400328976,118671773,0,0,0,0,0,0,0,0,0,0,0,0,0,0,0,0,0,0,0,0,0,0,0,0,0,0,0,0,0,0,0,0,0,0,0,0,0,12881641472,5210177536,786232,318004,118393547,100,0,99,786432,398583728,811172,11,7533337798,12884901888,697474,1221794107,0,0,0,0,0,0,0,0,0,0,0,0,0,0,0,0,0,0,40478123,140376132,0,468,1202,7661,620,80956775,35,0,0,0,0,0,0,0,1,0,0,0,0,0,0,0,0,0,0,49264884,0,118391948,2066632,0,0,0,0,0,0,0,0,16384,0,0,0,0,0,0,0,0,0,0,0,6976,404,0,0,0,0,0,123054520,0,170,0,6,404,6976,0,0,0,0,0,0,0,0,0,0,0,0,0,0,0,0,0,0,0,0,0,0,0,0,0,0,0,0,0,0,0,0,0,0,0,0,0,0,0,0,0,0,0,0,0,0,0,0,0,0,0,0,0,0,612157636,0,0,0,872775776,0,0,0,0,0,0,0,178735342,398835521,732738107,341659689984,147372215,1,0,0,0,0,0,0,0,0,0,0,0,0,0,0,0,0,0,0,0,0,0,0,0,0,0,0,0,0,0,0,652,0,0,0,0,0,0,0
1782469147.293,0,0,0,0,0,0,0,1532119774,6533716445696,2354910784000,0,0,0,0,0,0,0,0,0,0,0,0,0,0,0,0,0,0,0,0,0,0,0,0,0,0,0,0,0,0,0,0,0,0,0,0,0,0,0,0,0,0,0,0,0,0,0,0,0,0,0,0,0,0,0,0,0,0,7,1922613,400444954,118703440,0,0,0,0,0,0,0,0,0,0,0,0,0,0,0,0,0,0,0,0,0,0,0,0,0,0,0,0,0,0,0,0,0,0,0,0,0,12879724544,5222137856,786117,318734,118424292,219,0,99,786432,398699216,811172,11,7534988927,12884901888,700079,1222009542,0,0,0,0,0,0,0,0,0,0,0,0,0,0,0,0,0,0,40487846,140385852,0,468,1202,7661,620,80976221,35,0,0,0,0,0,0,0,1,0,0,0,0,0,0,0,0,0,0,49275901,0,118422693,2067047,0,0,0,0,0,0,0,0,16384,0,0,0,0,0,0,0,0,0,0,0,6977,404,0,0,0,0,0,123084071,0,170,0,6,404,6977,0,0,0,0,0,0,0,0,0,0,0,0,0,0,0,0,0,0,0,0,0,0,0,0,0,0,0,0,0,0,0,0,0,0,0,0,0,0,0,0,0,0,0,0,0,0,0,0,0,0,0,0,0,0,612295681,0,0,0,872940560,0,0,0,0,0,0,0,178754378,398950533,732908833,341731522048,147384221,1,0,0,0,0,0,0,0,0,0,0,0,0,0,0,0,0,0,0,0,0,0,0,0,0,0,0,0,0,0,0,443,0,0,0,0,0,0,0
1782469148.385,0,0,0,0,0,0,0,1532440198,6535556516352,2355511326720,0,0,0,0,0,0,0,0,0,0,0,0,0,0,0,0,0,0,0,0,0,0,0,0,0,0,0,0,0,0,0,0,0,0,0,0,0,0,0,0,0,0,0,0,0,0,0,0,0,0,0,0,0,0,0,0,0,0,7,1922639,400558114,118735035,0,0,0,0,0,0,0,0,0,0,0,0,0,0,0,0,0,0,0,0,0,0,0,0,0,0,0,0,0,0,0,0,0,0,0,0,0,12882984960,5220368384,786314,318626,118454556,20,0,99,786432,398811892,811172,11,7536600984,12884901888,702280,1222217194,0,0,0,0,0,0,0,0,0,0,0,0,0,0,0,0,0,0,40497354,140395359,0,468,1202,7661,620,80995234,35,0,0,0,0,0,0,0,1,0,0,0,0,0,0,0,0,0,0,49286649,0,118453213,2067461,0,0,0,0,0,0,0,0,16384,0,0,0,0,0,0,0,0,0,0,0,6978,404,0,0,0,0,0,123112960,0,170,0,6,404,6978,0,0,0,0,0,0,0,0,0,0,0,0,0,0,0,0,0,0,0,0,0,0,0,0,0,0,0,0,0,0,0,0,0,0,0,0,0,0,0,0,0,0,0,0,0,0,0,0,0,0,0,0,0,0,612432073,0,0,0,873100190,0,0,0,0,0,0,0,178772497,399062743,733077628,341802479104,147395752,1,0,0,0,0,0,0,0,0,0,0,0,0,0,0,0,0,0,0,0,0,0,0,0,0,0,0,0,0,0,0,1745,0,0,0,0,0,0,0
1782469149.470,0,0,0,0,0,0,0,1532752748,6537362622976,2356132893696,0,0,0,0,0,0,0,0,0,0,0,0,0,0,0,0,0,0,0,0,0,0,0,0,0,0,0,0,0,0,0,0,0,0,0,0,0,0,0,0,0,0,0,0,0,0,0,0,0,0,0,0,0,0,0,0,0,0,7,1922661,400669162,118768082,0,0,0,0,0,0,0,0,0,0,0,0,0,0,0,0,0,0,0,0,0,0,0,0,0,0,0,0,0,0,0,0,0,0,0,0,0,12876955648,5185798144,785947,316516,118484097,389,0,96,786432,398922462,811172,11,7538178268,12884901888,705813,1222423482,0,0,0,0,0,0,0,0,0,0,0,0,0,0,0,0,0,0,40506649,140404653,0,468,1202,7661,620,81013817,35,0,0,0,0,0,0,0,1,0,0,0,0,0,0,0,0,0,0,49297170,0,118485314,2067877,0,0,0,0,0,0,0,0,16384,0,0,0,0,0,0,0,0,0,0,0,6979,404,0,0,0,0,0,123141231,0,170,0,6,404,6979,0,0,0,0,0,0,0,0,0,0,0,0,0,0,0,0,0,0,0,0,0,0,0,0,0,0,0,0,0,0,0,0,0,0,0,0,0,0,0,0,0,0,0,0,0,0,0,0,0,0,0,0,0,0,612566883,0,0,0,873257916,0,0,0,0,0,0,0,178790358,399172882,733246812,341872500736,147406688,0,0,0,0,0,0,0,0,0,0,0,0,0,0,0,0,0,0,0,0,0,0,0,0,0,0,0,0,0,0,0,904,0,0,0,0,0,0,0
1782469150.550,0,0,0,0,0,0,0,1533070328,6539199187456,2356749729280,0,0,0,0,0,0,0,0,0,0,0,0,0,0,0,0,0,0,0,0,0,0,0,0,0,0,0,0,0,0,0,0,0,0,0,0,0,0,0,0,0,0,0,0,0,0,0,0,0,0,0,0,0,0,0,0,0,0,7,1922686,400782240,118800895,0,0,0,0,0,0,0,0,0,0,0,0,0,0,0,0,0,0,0,0,0,0,0,0,0,0,0,0,0,0,0,0,0,0,0,0,0,12876595200,5163876352,785926,315179,118518933,409,0,96,786432,399035026,811172,11,7539777008,12884901888,708018,1222629168,0,0,0,0,0,0,0,0,0,0,0,0,0,0,0,0,0,0,40516061,140414067,0,468,1202,7661,620,81032654,35,0,0,0,0,0,0,0,1,0,0,0,0,0,0,0,0,0,0,49307821,0,118517334,2068304,0,0,0,0,0,0,0,0,16384,0,0,0,0,0,0,0,0,0,0,0,6980,404,0,0,0,0,0,123169800,0,170,0,6,404,6980,0,0,0,0,0,0,0,0,0,0,0,0,0,0,0,0,0,0,0,0,0,0,0,0,0,0,0,0,0,0,0,0,0,0,0,0,0,0,0,0,0,0,0,0,0,0,0,0,0,0,0,0,0,0,612701344,0,0,0,873416157,0,0,0,0,0,0,0,178808737,399284998,733414940,341942404608,147418172,1,0,0,0,0,0,0,0,0,0,0,0,0,0,0,0,0,0,0,0,0,0,0,0,0,0,0,0,0,0,0,2069,0,0,0,0,0,0,0
1782469151.632,0,0,0,0,0,0,0,1533396855,6541081119232,2357352768000,0,0,0,0,0,0,0,0,0,0,0,0,0,0,0,0,0,0,0,0,0,0,0,0,0,0,0,0,0,0,0,0,0,0,0,0,0,0,0,0,0,0,0,0,0,0,0,0,0,0,0,0,0,0,0,0,0,0,7,1922709,400898058,118832648,0,0,0,0,0,0,0,0,0,0,0,0,0,0,0,0,0,0,0,0,0,0,0,0,0,0,0,0,0,0,0,0,0,0,0,0,0,12878970880,5171494912,786070,315643,118549734,266,0,98,786432,399150328,811172,11,7541420901,12884901888,711123,1222841286,0,0,0,0,0,0,0,0,0,0,0,0,0,0,0,0,0,0,40525724,140423731,0,468,1202,7661,620,81051964,35,0,0,0,0,0,0,0,1,0,0,0,0,0,0,0,0,0,0,49318767,0,118548135,2068721,0,0,0,0,0,0,0,0,16384,0,0,0,0,0,0,0,0,0,0,0,6982,404,0,0,0,0,0,123199191,0,170,0,6,404,6982,0,0,0,0,0,0,0,0,0,0,0,0,0,0,0,0,0,0,0,0,0,0,0,0,0,0,0,0,0,0,0,0,0,0,0,0,0,0,0,0,0,0,0,0,0,0,0,0,0,0,0,0,0,0,612839452,0,0,0,873579207,0,0,0,0,0,0,0,178827150,399399865,733585833,342014210048,147429632,1,0,0,0,0,0,0,0,0,0,0,0,0,0,0,0,0,0,0,0,0,0,0,0,0,0,0,0,0,0,0,3103,0,0,0,0,0,0,0
1782469152.717,0,0,0,0,0,0,0,1533725234,6542978075136,2357964195328,0,0,0,0,0,0,0,0,0,0,0,0,0,0,0,0,0,0,0,0,0,0,0,0,0,0,0,0,0,0,0,0,0,0,0,0,0,0,0,0,0,0,0,0,0,0,0,0,0,0,0,0,0,0,0,0,0,0,7,1922738,401014726,118864769,0,0,0,0,0,0,0,0,0,0,0,0,0,0,0,0,0,0,0,0,0,0,0,0,0,0,0,0,0,0,0,0,0,0,0,0,0,12875563008,5178212352,785861,316053,118581171,474,0,97,786432,399266495,811172,11,7543085084,12884901888,712727,1223064090,0,0,0,0,0,0,0,0,0,0,0,0,0,0,0,0,0,0,40535469,140433474,0,468,1202,7661,620,81071472,35,0,0,0,0,0,0,0,1,0,0,0,0,0,0,0,0,0,0,49329809,0,118579625,2069145,0,0,0,0,0,0,0,0,16384,0,0,0,0,0,0,0,0,0,0,0,6983,404,0,0,0,0,0,123228814,0,170,0,6,404,6983,0,0,0,0,0,0,0,0,0,0,0,0,0,0,0,0,0,0,0,0,0,0,0,0,0,0,0,0,0,0,0,0,0,0,0,0,0,0,0,0,0,0,0,0,0,0,0,0,0,0,0,0,0,0,612981707,0,0,0,873746764,0,0,0,0,0,0,0,178845214,399515582,733760887,342088249856,147440910,1,1,0,0,0,0,0,0,0,0,0,0,0,0,0,0,0,0,0,0,0,0,0,0,0,0,0,0,0,0,0,446,0,0,0,0,0,0,0
1782469153.803,0,0,0,0,0,0,0,1534045931,6544831334912,2358556226048,0,0,0,0,0,0,0,0,0,0,0,0,0,0,0,0,0,0,0,0,0,0,0,0,0,0,0,0,0,0,0,0,0,0,0,0,0,0,0,0,0,0,0,0,0,0,0,0,0,0,0,0,0,0,0,0,0,0,7,1922753,401128713,118895919,0,0,0,0,0,0,0,0,0,0,0,0,0,0,0,0,0,0,0,0,0,0,0,0,0,0,0,0,0,0,0,0,0,0,0,0,0,12879872000,5187584000,786124,316625,118611804,210,0,98,786432,399379969,811172,11,7544698119,12884901888,714345,1223270938,0,0,0,0,0,0,0,0,0,0,0,0,0,0,0,0,0,0,40544987,140442994,0,468,1202,7661,620,81090503,35,0,0,0,0,0,0,0,1,0,0,0,0,0,0,0,0,0,0,49340592,0,118610205,2069560,0,0,0,0,0,0,0,0,16384,0,0,0,0,0,0,0,0,0,0,0,6984,404,0,0,0,0,0,123257781,0,170,0,6,404,6984,0,0,0,0,0,0,0,0,0,0,0,0,0,0,0,0,0,0,0,0,0,0,0,0,0,0,0,0,0,0,0,0,0,0,0,0,0,0,0,0,0,0,0,0,0,0,0,0,0,0,0,0,0,0,613118052,0,0,0,873906651,0,0,0,0,0,0,0,178862853,399628664,733929049,342159018496,147452178,0,0,0,0,0,0,0,0,0,0,0,0,0,0,0,0,0,0,0,0,0,0,0,0,0,0,0,0,0,0,0,1713,0,0,0,0,0,0,0
1782469154.889,0,0,0,0,0,0,0,1534349918,6546580490752,2359122507264,0,0,0,0,0,0,0,0,0,0,0,0,0,0,0,0,0,0,0,0,0,0,0,0,0,0,0,0,0,0,0,0,0,0,0,0,0,0,0,0,0,0,0,0,0,0,0,0,0,0,0,0,0,0,0,0,0,0,7,1922778,401236247,118925654,0,0,0,0,0,0,0,0,0,0,0,0,0,0,0,0,0,0,0,0,0,0,0,0,0,0,0,0,0,0,0,0,0,0,0,0,0,12882247680,5193957376,786270,317014,118640626,65,0,96,786432,399486997,811172,11,7546231193,12884901888,717302,1223472854,0,0,0,0,0,0,0,0,0,0,0,0,0,0,0,0,0,0,40553996,140452003,0,468,1202,7661,620,81108516,35,0,0,0,0,0,0,0,1,0,0,0,0,0,0,0,0,0,0,49350794,0,118639027,2069950,0,0,0,0,0,0,0,0,16384,0,0,0,0,0,0,0,0,0,0,0,6985,404,0,0,0,0,0,123285198,0,170,0,6,404,6985,0,0,0,0,0,0,0,0,0,0,0,0,0,0,0,0,0,0,0,0,0,0,0,0,0,0,0,0,0,0,0,0,0,0,0,0,0,0,0,0,0,0,0,0,0,0,0,0,0,0,0,0,0,0,613251230,0,0,0,874060098,0,0,0,0,0,0,0,178878455,399735384,734093017,342228244480,147461839,1,0,0,0,0,0,0,0,0,0,0,0,0,0,0,0,0,0,0,0,0,0,0,0,0,0,0,0,0,0,0,794,0,0,0,0,0,0,0
1782469155.977,0,0,0,0,0,0,0,1534671978,6548425705984,2359714700800,0,0,0,0,0,0,0,0,0,0,0,0,0,0,0,0,0,0,0,0,0,0,0,0,0,0,0,0,0,0,0,0,0,0,0,0,0,0,0,0,0,0,0,0,0,0,0,0,0,0,0,0,0,0,0,0,0,0,7,1922810,401349786,118956787,0,0,0,0,0,0,0,0,0,0,0,0,0,0,0,0,0,0,0,0,0,0,0,0,0,0,0,0,0,0,0,0,0,0,0,0,0,12877611008,5207523328,785986,317842,118670859,348,0,99,786432,399600061,811172,11,7547853238,12884901888,719546,1223683973,0,0,0,0,0,0,0,0,0,0,0,0,0,0,0,0,0,0,40563545,140461553,0,468,1202,7661,620,81127613,35,0,0,0,0,0,0,0,1,0,0,0,0,0,0,0,0,0,0,49361610,0,118669260,2070363,0,0,0,0,0,0,0,0,16384,0,0,0,0,0,0,0,0,0,0,0,6986,404,0,0,0,0,0,123314203,0,170,0,6,404,6986,0,0,0,0,0,0,0,0,0,0,0,0,0,0,0,0,0,0,0,0,0,0,0,0,0,0,0,0,0,0,0,0,0,0,0,0,0,0,0,0,0,0,0,0,0,0,0,0,0,0,0,0,0,0,613389090,0,0,0,874221698,0,0,0,0,0,0,0,178896673,399848041,734262994,342299695104,147473276,1,0,0,0,0,0,0,0,0,0,0,0,0,0,0,0,0,0,0,0,0,0,0,0,0,0,0,0,0,0,0,805,0,0,0,0,0,0,0
1782469157.064,0,0,0,0,0,0,0,1535001697,6550324857344,2360324213760,0,0,0,0,0,0,0,0,0,0,0,0,0,0,0,0,0,0,0,0,0,0,0,0,0,0,0,0,0,0,0,0,0,0,0,0,0,0,0,0,0,0,0,0,0,0,0,0,0,0,0,0,0,0,0,0,0,0,7,1922834,401466612,118988896,0,0,0,0,0,0,0,0,0,0,0,0,0,0,0,0,0,0,0,0,0,0,0,0,0,0,0,0,0,0,0,0,0,0,0,0,0,12878282752,5213995008,786028,318237,118702278,303,0,100,786432,399716386,811172,11,7549514192,12884901888,721685,1223899343,0,0,0,0,0,0,0,0,0,0,0,0,0,0,0,0,0,0,40573336,140471343,0,468,1202,7661,620,81147199,35,0,0,0,0,0,0,0,1,0,0,0,0,0,0,0,0,0,0,49372691,0,118700679,2070788,0,0,0,0,0,0,0,0,16384,0,0,0,0,0,0,0,0,0,0,0,6987,404,0,0,0,0,0,123343994,0,170,0,6,404,6987,0,0,0,0,0,0,0,0,0,0,0,0,0,0,0,0,0,0,0,0,0,0,0,0,0,0,0,0,0,0,0,0,0,0,0,0,0,0,0,0,0,0,0,0,0,0,0,0,0,0,0,0,0,0,613528207,0,0,0,874387141,0,0,0,0,0,0,0,178914862,399963824,734434959,342372002304,147484687,1,0,0,0,0,0,0,0,0,0,0,0,0,0,0,0,0,0,0,0,0,0,0,0,0,0,0,0,0,0,0,1115,0,0,0,0,0,0,0
1782469158.149,0,0,0,0,0,0,0,1535321622,6552167123456,2360920015872,0,0,0,0,0,0,0,0,0,0,0,0,0,0,0,0,0,0,0,0,0,0,0,0,0,0,0,0,0,0,0,0,0,0,0,0,0,0,0,0,0,0,0,0,0,0,0,0,0,0,0,0,0,0,0,0,0,0,7,1922848,401579991,119020301,0,0,0,0,0,0,0,0,0,0,0,0,0,0,0,0,0,0,0,0,0,0,0,0,0,0,0,0,0,0,0,0,0,0,0,0,0,12881494016,5218467840,786224,318510,118732778,108,0,97,786432,399829280,811172,11,7551129246,12884901888,723879,1224110150,0,0,0,0,0,0,0,0,0,0,0,0,0,0,0,0,0,0,40582830,140480836,0,468,1202,7661,620,81166190,35,0,0,0,0,0,0,0,1,0,0,0,0,0,0,0,0,0,0,49383432,0,118731260,2071198,0,0,0,0,0,0,0,0,16384,0,0,0,0,0,0,0,0,0,0,0,6988,404,0,0,0,0,0,123372877,0,170,0,6,404,6988,0,0,0,0,0,0,0,0,0,0,0,0,0,0,0,0,0,0,0,0,0,0,0,0,0,0,0,0,0,0,0,0,0,0,0,0,0,0,0,0,0,0,0,0,0,0,0,0,0,0,0,0,0,0,613664094,0,0,0,874548503,0,0,0,0,0,0,0,178933640,400076271,734603187,342442464768,147496752,1,0,0,0,0,0,0,0,0,0,0,0,0,0,0,0,0,0,0,0,0,0,0,0,0,0,0,0,0,0,0,497,0,0,0,0,0,0,0
1782469159.237,0,0,0,0,0,0,0,1535658067,6554103220736,2361542660096,0,0,0,0,0,0,0,0,0,0,0,0,0,0,0,0,0,0,0,0,0,0,0,0,0,0,0,0,0,0,0,0,0,0,0,0,0,0,0,0,0,0,0,0,0,0,0,0,0,0,0,0,0,0,0,0,0,0,7,1922877,401699141,119053114,0,0,0,0,0,0,0,0,0,0,0,0,0,0,0,0,0,0,0,0,0,0,0,0,0,0,0,0,0,0,0,0,0,0,0,0,0,12877053952,5231673344,785953,319316,118764908,382,0,96,786432,399947878,811172,11,7552824981,12884901888,725809,1224330966,0,0,0,0,0,0,0,0,0,0,0,0,0,0,0,0,0,0,40592815,140490820,0,468,1202,7661,620,81186155,35,0,0,0,0,0,0,0,1,0,0,0,0,0,0,0,0,0,0,49394729,0,118763309,2071628,0,0,0,0,0,0,0,0,16384,0,0,0,0,0,0,0,0,0,0,0,6989,404,0,0,0,0,0,123403199,0,170,0,6,404,6989,0,0,0,0,0,0,0,0,0,0,0,0,0,0,0,0,0,0,0,0,0,0,0,0,0,0,0,0,0,0,0,0,0,0,0,0,0,0,0,0,0,0,0,0,0,0,0,0,0,0,0,0,0,0,613805256,0,0,0,874717468,0,0,0,0,0,0,0,178952724,400194443,734777935,342515881472,147508439,1,0,0,0,0,0,0,0,0,0,0,0,0,0,0,0,0,0,0,0,0,0,0,0,0,0,0,0,0,0,0,600,0,0,0,0,0,0,0
1782469160.326,0,0,0,0,0,0,0,1535988605,6556008434176,2362155670016,0,0,0,0,0,0,0,0,0,0,0,0,0,0,0,0,0,0,0,0,0,0,0,0,0,0,0,0,0,0,0,0,0,0,0,0,0,0,0,0,0,0,0,0,0,0,0,0,0,0,0,0,0,0,0,0,0,0,7,1922900,401816389,119085486,0,0,0,0,0,0,0,0,0,0,0,0,0,0,0,0,0,0,0,0,0,0,0,0,0,0,0,0,0,0,0,0,0,0,0,0,0,12877791232,5237587968,785997,319677,118796485,338,0,97,786432,400064588,811172,11,7554491163,12884901888,727988,1224546582,0,0,0,0,0,0,0,0,0,0,0,0,0,0,0,0,0,0,40602629,140500635,0,468,1202,7661,620,81205770,35,0,0,0,0,0,0,0,1,0,0,0,0,0,0,0,0,0,0,49405846,0,118794886,2072052,0,0,0,0,0,0,0,0,16384,0,0,0,0,0,0,0,0,0,0,0,6990,404,0,0,0,0,0,123433045,0,170,0,6,404,6990,0,0,0,0,0,0,0,0,0,0,0,0,0,0,0,0,0,0,0,0,0,0,0,0,0,0,0,0,0,0,0,0,0,0,0,0,0,0,0,0,0,0,0,0,0,0,0,0,0,0,0,0,0,0,613944100,0,0,0,874882871,0,0,0,0,0,0,0,178972163,400310630,734949985,342588016128,147520551,1,0,0,0,0,0,0,0,0,0,0,0,0,0,0,0,0,0,0,0,0,0,0,0,0,0,0,0,0,0,0,1186,0,0,0,0,0,0,0
1782469161.412,0,0,0,0,0,0,0,1536312391,6557871720960,2362774778880,0,0,0,0,0,0,0,0,0,0,0,0,0,0,0,0,0,0,0,0,0,0,0,0,0,0,0,0,0,0,0,0,0,0,0,0,0,0,0,0,0,0,0,0,0,0,0,0,0,0,0,0,0,0,0,0,0,0,7,1922922,401930962,119118264,0,0,0,0,0,0,0,0,0,0,0,0,0,0,0,0,0,0,0,0,0,0,0,0,0,0,0,0,0,0,0,0,0,0,0,0,0,12878479360,5227102208,786041,319037,118827226,295,0,97,786432,400178657,811172,11,7556124351,12884901888,730525,1224758649,0,0,0,0,0,0,0,0,0,0,0,0,0,0,0,0,0,0,40612261,140510266,0,468,1202,7661,620,81225044,35,0,0,0,0,0,0,0,1,0,0,0,0,0,0,0,0,0,0,49416747,0,118826907,2072482,0,0,0,0,0,0,0,0,16384,0,0,0,0,0,0,0,0,0,0,0,6991,404,0,0,0,0,0,123462341,0,170,0,6,404,6991,0,0,0,0,0,0,0,0,0,0,0,0,0,0,0,0,0,0,0,0,0,0,0,0,0,0,0,0,0,0,0,0,0,0,0,0,0,0,0,0,0,0,0,0,0,0,0,0,0,0,0,0,0,0,614080548,0,0,0,875045862,0,0,0,0,0,0,0,178991707,400424256,735120061,342658947584,147532896,1,0,0,0,0,0,0,0,0,0,0,0,0,0,0,0,0,0,0,0,0,0,0,0,0,0,0,0,0,0,0,1098,0,0,0,0,0,0,0
1782469162.494,0,0,0,0,0,0,0,1536627984,6559690279424,2363388606464,0,0,0,0,0,0,0,0,0,0,0,0,0,0,0,0,0,0,0,0,0,0,0,0,0,0,0,0,0,0,0,0,0,0,0,0,0,0,0,0,0,0,0,0,0,0,0,0,0,0,0,0,0,0,0,0,0,0,7,1922943,402042909,119150696,0,0,0,0,0,0,0,0,0,0,0,0,0,0,0,0,0,0,0,0,0,0,0,0,0,0,0,0,0,0,0,0,0,0,0,0,0,12881018880,5206687744,786195,317791,118857013,141,0,96,786432,400290123,811172,11,7557713654,12884901888,733065,1224964182,0,0,0,0,0,0,0,0,0,0,0,0,0,0,0,0,0,0,40621637,140519644,0,468,1202,7661,620,81243796,35,0,0,0,0,0,0,0,1,0,0,0,0,0,0,0,0,0,0,49427344,0,118858358,2072902,0,0,0,0,0,0,0,0,16384,0,0,0,0,0,0,0,0,0,0,0,6992,404,0,0,0,0,0,123490818,0,170,0,6,404,6992,0,0,0,0,0,0,0,0,0,0,0,0,0,0,0,0,0,0,0,0,0,0,0,0,0,0,0,0,0,0,0,0,0,0,0,0,0,0,0,0,0,0,0,0,0,0,0,0,0,0,0,0,0,0,614214850,0,0,0,875204074,0,0,0,0,0,0,0,179010155,400535210,735287690,342728597504,147544498,1,0,0,0,0,0,0,0,0,0,0,0,0,0,0,0,0,0,0,0,0,0,0,0,0,0,0,0,0,0,0,1506,0,0,0,0,0,0,0
1782469163.569,0,0,0,0,0,0,0,1536935755,6561463241216,2363975873536,0,0,0,0,0,0,0,0,0,0,0,0,0,0,0,0,0,0,0,0,0,0,0,0,0,0,0,0,0,0,0,0,0,0,0,0,0,0,0,0,0,0,0,0,0,0,0,0,0,0,0,0,0,0,0,0,0,0,7,1922962,402151994,119181710,0,0,0,0,0,0,0,0,0,0,0,0,0,0,0,0,0,0,0,0,0,0,0,0,0,0,0,0,0,0,0,0,0,0,0,0,0,12880658432,5197545472,786173,317233,118886166,162,0,96,786432,400398751,811172,11,7559264432,12884901888,735985,1225165482,0,0,0,0,0,0,0,0,0,0,0,0,0,0,0,0,0,0,40630751,140528759,0,468,1202,7661,620,81262021,35,0,0,0,0,0,0,0,1,0,0,0,0,0,0,0,0,0,0,49437664,0,118888151,2073295,0,0,0,0,0,0,0,0,16384,0,0,0,0,0,0,0,0,0,0,0,6994,404,0,0,0,0,0,123518529,0,170,0,6,404,6994,0,0,0,0,0,0,0,0,0,0,0,0,0,0,0,0,0,0,0,0,0,0,0,0,0,0,0,0,0,0,0,0,0,0,0,0,0,0,0,0,0,0,0,0,0,0,0,0,0,0,0,0,0,0,614346707,0,0,0,875358117,0,0,0,0,0,0,0,179027693,400643432,735451756,342797084672,147555619,0,0,0,0,0,0,0,0,0,0,0,0,0,0,0,0,0,0,0,0,0,0,0,0,0,0,0,0,0,0,0,1797,0,0,0,0,0,0,0
1782469164.643,0,0,0,0,0,0,0,1537246719,6563250768384,2364562671616,0,0,0,0,0,0,0,0,0,0,0,0,0,0,0,0,0,0,0,0,0,0,0,0,0,0,0,0,0,0,0,0,0,0,0,0,0,0,0,0,0,0,0,0,0,0,0,0,0,0,0,0,0,0,0,0,0,0,7,1922990,402261886,119212907,0,0,0,0,0,0,0,0,0,0,0,0,0,0,0,0,0,0,0,0,0,0,0,0,0,0,0,0,0,0,0,0,0,0,0,0,0,12879429632,5189238784,786099,316726,118920447,236,0,97,786432,400508180,811172,11,7560827374,12884901888,738288,1225366917,0,0,0,0,0,0,0,0,0,0,0,0,0,0,0,0,0,0,40639938,140537947,0,468,1202,7661,620,81280401,35,0,0,0,0,0,0,0,1,0,0,0,0,0,0,0,0,0,0,49448061,0,118918848,2073695,0,0,0,0,0,0,0,0,16384,0,0,0,0,0,0,0,0,0,0,0,6995,404,0,0,0,0,0,123546434,0,170,0,6,404,6995,0,0,0,0,0,0,0,0,0,0,0,0,0,0,0,0,0,0,0,0,0,0,0,0,0,0,0,0,0,0,0,0,0,0,0,0,0,0,0,0,0,0,0,0,0,0,0,0,0,0,0,0,0,0,614480390,0,0,0,875513215,0,0,0,0,0,0,0,179045193,400752470,735617432,342866451456,147567099,1,1,0,0,0,0,0,0,0,0,0,0,0,0,0,0,0,0,0,0,0,0,0,0,0,0,0,0,0,0,0,2737,0,0,0,0,0,0,0
1782469165.731,0,0,0,0,0,0,0,1537577112,6565150132736,2365170527744,0,0,0,0,0,0,0,0,0,0,0,0,0,0,0,0,0,0,0,0,0,0,0,0,0,0,0,0,0,0,0,0,0,0,0,0,0,0,0,0,0,0,0,0,0,0,0,0,0,0,0,0,0,0,0,0,0,0,7,1923005,402378776,119244930,0,0,0,0,0,0,0,0,0,0,0,0,0,0,0,0,0,0,0,0,0,0,0,0,0,0,0,0,0,0,0,0,0,0,0,0,0,12878594048,5197971456,786049,317259,118951770,287,0,97,786432,400624536,811172,11,7562498119,12884901888,740264,1225587737,0,0,0,0,0,0,0,0,0,0,0,0,0,0,0,0,0,0,40649760,140547768,0,468,1202,7661,620,81300041,35,0,0,0,0,0,0,0,1,0,0,0,0,0,0,0,0,0,0,49459178,0,118950171,2074118,0,0,0,0,0,0,0,0,16384,0,0,0,0,0,0,0,0,0,0,0,6996,404,0,0,0,0,0,123576277,0,170,0,6,404,6996,0,0,0,0,0,0,0,0,0,0,0,0,0,0,0,0,0,0,0,0,0,0,0,0,0,0,0,0,0,0,0,0,0,0,0,0,0,0,0,0,0,0,0,0,0,0,0,0,0,0,0,0,0,0,614618858,0,0,0,875680890,0,0,0,0,0,0,0,179064575,400868343,735788751,342938570240,147579270,1,1,0,0,0,0,0,0,0,0,0,0,0,0,0,0,0,0,0,0,0,0,0,0,0,0,0,0,0,0,0,1030,0,0,0,0,0,0,0
1782469166.817,0,0,0,0,0,0,0,1537909117,6567053150720,2365781165056,0,0,0,0,0,0,0,0,0,0,0,0,0,0,0,0,0,0,0,0,0,0,0,0,0,0,0,0,0,0,0,0,0,0,0,0,0,0,0,0,0,0,0,0,0,0,0,0,0,0,0,0,0,0,0,0,0,0,7,1923026,402495850,119277058,0,0,0,0,0,0,0,0,0,0,0,0,0,0,0,0,0,0,0,0,0,0,0,0,0,0,0,0,0,0,0,0,0,0,0,0,0,12878692352,5207490560,786053,317840,118983165,281,0,98,786432,400741044,811172,11,7564172128,12884901888,742262,1225806032,0,0,0,0,0,0,0,0,0,0,0,0,0,0,0,0,0,0,40659602,140557608,0,468,1202,7661,620,81319734,35,0,0,0,0,0,0,0,1,0,0,0,0,0,0,0,0,0,0,49470319,0,118981566,2074549,0,0,0,0,0,0,0,0,16384,0,0,0,0,0,0,0,0,0,0,0,6997,404,0,0,0,0,0,123606173,0,170,0,6,404,6997,0,0,0,0,0,0,0,0,0,0,0,0,0,0,0,0,0,0,0,0,0,0,0,0,0,0,0,0,0,0,0,0,0,0,0,0,0,0,0,0,0,0,0,0,0,0,0,0,0,0,0,0,0,0,614759809,0,0,0,875847949,0,0,0,0,0,0,0,179083560,400984480,735962580,343011676672,147591181,1,0,0,0,0,0,0,0,0,0,0,0,0,0,0,0,0,0,0,0,0,0,0,0,0,0,0,0,0,0,0,752,0,0,0,0,0,0,0
1782469167.903,0,0,0,0,0,0,0,1538233849,6568929413632,2366384071680,0,0,0,0,0,0,0,0,0,0,0,0,0,0,0,0,0,0,0,0,0,0,0,0,0,0,0,0,0,0,0,0,0,0,0,0,0,0,0,0,0,0,0,0,0,0,0,0,0,0,0,0,0,0,0,0,0,0,7,1923044,402611309,119308904,0,0,0,0,0,0,0,0,0,0,0,0,0,0,0,0,0,0,0,0,0,0,0,0,0,0,0,0,0,0,0,0,0,0,0,0,0,12878135296,5211979776,786018,318114,119014044,311,0,99,786432,400855971,811172,11,7565810055,12884901888,745340,1226018243,0,0,0,0,0,0,0,0,0,0,0,0,0,0,0,0,0,0,40669261,140567268,0,468,1202,7661,620,81339046,35,0,0,0,0,0,0,0,1,0,0,0,0,0,0,0,0,0,0,49481261,0,119012445,2074973,0,0,0,0,0,0,0,0,16384,0,0,0,0,0,0,0,0,0,0,0,6998,404,0,0,0,0,0,123635529,0,170,0,6,404,6998,0,0,0,0,0,0,0,0,0,0,0,0,0,0,0,0,0,0,0,0,0,0,0,0,0,0,0,0,0,0,0,0,0,0,0,0,0,0,0,0,0,0,0,0,0,0,0,0,0,0,0,0,0,0,614897222,0,0,0,876011126,0,0,0,0,0,0,0,179103457,401098942,736132899,343082950656,147603617,1,1,0,0,0,0,0,0,0,0,0,0,0,0,0,0,0,0,0,0,0,0,0,0,0,0,0,0,0,0,0,817,0,0,0,0,0,0,0
1782469168.992,0,0,0,0,0,0,0,1538571467,6570870802944,2367004677120,0,0,0,0,0,0,0,0,0,0,0,0,0,0,0,0,0,0,0,0,0,0,0,0,0,0,0,0,0,0,0,0,0,0,0,0,0,0,0,0,0,0,0,0,0,0,0,0,0,0,0,0,0,0,0,0,0,0,7,1923075,402730711,119341601,0,0,0,0,0,0,0,0,0,0,0,0,0,0,0,0,0,0,0,0,0,0,0,0,0,0,0,0,0,0,0,0,0,0,0,0,0,12881346560,5222514688,786216,318757,119046064,119,0,99,786432,400974831,811172,11,7567510497,12884901888,746866,1226238586,0,0,0,0,0,0,0,0,0,0,0,0,0,0,0,0,0,0,40679282,140577287,0,468,1202,7661,620,81359080,35,0,0,0,0,0,0,0,1,0,0,0,0,0,0,0,0,0,0,49492608,0,119044465,2075415,0,0,0,0,0,0,0,0,16384,0,0,0,0,0,0,0,0,0,0,0,6999,404,0,0,0,0,0,123665974,0,170,0,6,404,6999,0,0,0,0,0,0,0,0,0,0,0,0,0,0,0,0,0,0,0,0,0,0,0,0,0,0,0,0,0,0,0,0,0,0,0,0,0,0,0,0,0,0,0,0,0,0,0,0,0,0,0,0,0,0,615036925,0,0,0,876180243,0,0,0,0,0,0,0,179122947,401217386,736305974,343155880448,147615668,1,1,0,0,0,0,0,0,0,0,0,0,0,0,0,0,0,0,0,0,0,0,0,0,0,0,0,0,0,0,0,1383,0,0,0,0,0,0,0
1782469170.084,0,0,0,0,0,0,0,1538905933,6572796791296,2367622077440,0,0,0,0,0,0,0,0,0,0,0,0,0,0,0,0,0,0,0,0,0,0,0,0,0,0,0,0,0,0,0,0,0,0,0,0,0,0,0,0,0,0,0,0,0,0,0,0,0,0,0,0,0,0,0,0,0,0,7,1923109,402849247,119374122,0,0,0,0,0,0,0,0,0,0,0,0,0,0,0,0,0,0,0,0,0,0,0,0,0,0,0,0,0,0,0,0,0,0,0,0,0,12878299136,5232082944,786029,319341,119078002,309,0,96,786432,401092812,811172,11,7569199587,12884901888,748816,1226460099,0,0,0,0,0,0,0,0,0,0,0,0,0,0,0,0,0,0,40689202,140587212,0,468,1202,7661,620,81378925,35,0,0,0,0,0,0,0,1,0,0,0,0,0,0,0,0,0,0,49503833,0,119076403,2075849,0,0,0,0,0,0,0,0,16384,0,0,0,0,0,0,0,0,0,0,0,7000,404,0,0,0,0,0,123696136,0,170,0,6,404,7000,0,0,0,0,0,0,0,0,0,0,0,0,0,0,0,0,0,0,0,0,0,0,0,0,0,0,0,0,0,0,0,0,0,0,0,0,0,0,0,0,0,0,0,0,0,0,0,0,0,0,0,0,0,0,615178465,0,0,0,876349075,0,0,0,0,0,0,0,179142027,401334944,736480767,343229480448,147627659,1,0,0,0,0,0,0,0,0,0,0,0,0,0,0,0,0,0,0,0,0,0,0,0,0,0,0,0,0,0,0,538,0,0,0,0,0,0,0
1782469171.178,0,0,0,0,0,0,0,1539242357,6574731987456,2368244087296,0,0,0,0,0,0,0,0,0,0,0,0,0,0,0,0,0,0,0,0,0,0,0,0,0,0,0,0,0,0,0,0,0,0,0,0,0,0,0,0,0,0,0,0,0,0,0,0,0,0,0,0,0,0,0,0,0,0,7,1923131,402968374,119406871,0,0,0,0,0,0,0,0,0,0,0,0,0,0,0,0,0,0,0,0,0,0,0,0,0,0,0,0,0,0,0,0,0,0,0,0,0,12881068032,5238390784,786198,319726,119110040,138,0,96,786432,401211414,811172,11,7570896282,12884901888,750475,1226681575,0,0,0,0,0,0,0,0,0,0,0,0,0,0,0,0,0,0,40699181,140597188,0,468,1202,7661,620,81398890,35,0,0,0,0,0,0,0,1,0,0,0,0,0,0,0,0,0,0,49515133,0,119108441,2076284,0,0,0,0,0,0,0,0,16384,0,0,0,0,0,0,0,0,0,0,0,7001,404,0,0,0,0,0,123726460,0,170,0,6,404,7001,0,0,0,0,0,0,0,0,0,0,0,0,0,0,0,0,0,0,0,0,0,0,0,0,0,0,0,0,0,0,0,0,0,0,0,0,0,0,0,0,0,0,0,0,0,0,0,0,0,0,0,0,0,0,615319709,0,0,0,876518258,0,0,0,0,0,0,0,179161459,401453094,736655404,343302933504,147639941,1,1,0,0,0,0,0,0,0,0,0,0,0,0,0,0,0,0,0,0,0,0,0,0,0,0,0,0,0,0,0,321,0,0,0,0,0,0,0
1782469172.269,0,0,0,0,0,0,0,1539570083,6576622160384,2368851315200,0,0,0,0,0,0,0,0,0,0,0,0,0,0,0,0,0,0,0,0,0,0,0,0,0,0,0,0,0,0,0,0,0,0,0,0,0,0,0,0,0,0,0,0,0,0,0,0,0,0,0,0,0,0,0,0,0,0,7,1923152,403084643,119438901,0,0,0,0,0,0,0,0,0,0,0,0,0,0,0,0,0,0,0,0,0,0,0,0,0,0,0,0,0,0,0,0,0,0,0,0,0,12881494016,5244567552,786224,320103,119141359,105,0,103,786432,401327174,811172,11,7572544948,12884901888,753135,1226893681,0,0,0,0,0,0,0,0,0,0,0,0,0,0,0,0,0,0,40708897,140606905,0,468,1202,7661,620,81418320,35,0,0,0,0,0,0,0,1,0,0,0,0,0,0,0,0,0,0,49526109,0,119139760,2076700,0,0,0,0,0,0,0,0,16384,0,0,0,0,0,0,0,0,0,0,0,7002,404,0,0,0,0,0,123756017,0,170,0,6,404,7002,0,0,0,0,0,0,0,0,0,0,0,0,0,0,0,0,0,0,0,0,0,0,0,0,0,0,0,0,0,0,0,0,0,0,0,0,0,0,0,0,0,0,0,0,0,0,0,0,0,0,0,0,0,0,615457238,0,0,0,876681473,0,0,0,0,0,0,0,179180637,401568390,736825839,343374417920,147652196,1,0,0,0,0,0,0,0,0,0,0,0,0,0,0,0,0,0,0,0,0,0,0,0,0,0,0,0,0,0,0,1661,0,0,0,0,0,0,0
1782469173.362,0,0,0,0,0,0,0,1539867317,6578336729600,2369411133440,0,0,0,0,0,0,0,0,0,0,0,0,0,0,0,0,0,0,0,0,0,0,0,0,0,0,0,0,0,0,0,0,0,0,0,0,0,0,0,0,0,0,0,0,0,0,0,0,0,0,0,0,0,0,0,0,0,0,7,1923179,403190106,119468268,0,0,0,0,0,0,0,0,0,0,0,0,0,0,0,0,0,0,0,0,0,0,0,0,0,0,0,0,0,0,0,0,0,0,0,0,0,12879560704,5243207680,786106,320020,119169152,229,0,96,786432,401432232,811172,11,7574043750,12884901888,757341,1227089049,0,0,0,0,0,0,0,0,0,0,0,0,0,0,0,0,0,0,40717712,140615723,0,468,1202,7661,620,81435950,35,0,0,0,0,0,0,0,1,0,0,0,0,0,0,0,0,0,0,49536099,0,119167553,2077079,0,0,0,0,0,0,0,0,16384,0,0,0,0,0,0,0,0,0,0,0,7003,404,0,0,0,0,0,123782834,0,170,0,6,404,7003,0,0,0,0,0,0,0,0,0,0,0,0,0,0,0,0,0,0,0,0,0,0,0,0,0,0,0,0,0,0,0,0,0,0,0,0,0,0,0,0,0,0,0,0,0,0,0,0,0,0,0,0,0,0,615588932,0,0,0,876831099,0,0,0,0,0,0,0,179197712,401673034,736988565,343442632192,147662930,1,0,0,0,0,0,0,0,0,0,0,0,0,0,0,0,0,0,0,0,0,0,0,0,0,0,0,0,0,0,0,1307,0,0,0,0,0,0,0
1782469174.445,0,0,0,0,0,0,0,1540181588,6580148931072,2370027434496,0,0,0,0,0,0,0,0,0,0,0,0,0,0,0,0,0,0,0,0,0,0,0,0,0,0,0,0,0,0,0,0,0,0,0,0,0,0,0,0,0,0,0,0,0,0,0,0,0,0,0,0,0,0,0,0,0,0,7,1923197,403301669,119500929,0,0,0,0,0,0,0,0,0,0,0,0,0,0,0,0,0,0,0,0,0,0,0,0,0,0,0,0,0,0,0,0,0,0,0,0,0,12882083840,5216862208,786260,318412,119198760,76,0,96,786432,401543318,811172,11,7575625888,12884901888,760605,1227293435,0,0,0,0,0,0,0,0,0,0,0,0,0,0,0,0,0,0,40727050,140625058,0,468,1202,7661,620,81454635,35,0,0,0,0,0,0,0,1,0,0,0,0,0,0,0,0,0,0,49546657,0,119198825,2077486,0,0,0,0,0,0,0,0,16384,0,0,0,0,0,0,0,0,0,0,0,7004,404,0,0,0,0,0,123811235,0,170,0,6,404,7004,0,0,0,0,0,0,0,0,0,0,0,0,0,0,0,0,0,0,0,0,0,0,0,0,0,0,0,0,0,0,0,0,0,0,0,0,0,0,0,0,0,0,0,0,0,0,0,0,0,0,0,0,0,0,615722065,0,0,0,876988841,0,0,0,0,0,0,0,179216944,401783598,737155560,343511748608,147675175,1,1,0,0,0,0,0,0,0,0,0,0,0,0,0,0,0,0,0,0,0,0,0,0,0,0,0,0,0,0,0,1564,0,0,0,0,0,0,0
1782469175.525,0,0,0,0,0,0,0,1540495135,6581957413376,2370646951424,0,0,0,0,0,0,0,0,0,0,0,0,0,0,0,0,0,0,0,0,0,0,0,0,0,0,0,0,0,0,0,0,0,0,0,0,0,0,0,0,0,0,0,0,0,0,0,0,0,0,0,0,0,0,0,0,0,0,7,1923227,403412965,119534072,0,0,0,0,0,0,0,0,0,0,0,0,0,0,0,0,0,0,0,0,0,0,0,0,0,0,0,0,0,0,0,0,0,0,0,0,0,12881444864,5185290240,786221,316484,119228650,115,0,96,786432,401654115,811172,11,7577207143,12884901888,763239,1227499702,0,0,0,0,0,0,0,0,0,0,0,0,0,0,0,0,0,0,40736362,140634374,0,468,1202,7661,620,81473250,35,0,0,0,0,0,0,0,1,0,0,0,0,0,0,0,0,0,0,49557197,0,119231147,2077911,0,0,0,0,0,0,0,0,16384,0,0,0,0,0,0,0,0,0,0,0,7005,404,0,0,0,0,0,123839561,0,170,0,6,404,7005,0,0,0,0,0,0,0,0,0,0,0,0,0,0,0,0,0,0,0,0,0,0,0,0,0,0,0,0,0,0,0,0,0,0,0,0,0,0,0,0,0,0,0,0,0,0,0,0,0,0,0,0,0,0,615852192,0,0,0,877146544,0,0,0,0,0,0,0,179236760,401893918,737319900,343579581440,147687813,1,1,0,0,0,0,0,0,0,0,0,0,0,0,0,0,0,0,0,0,0,0,0,0,0,0,0,0,0,0,0,1249,0,0,0,0,0,0,0
1782469176.602,0,0,0,0,0,0,0,1540818566,6583821666816,2371252048896,0,0,0,0,0,0,0,0,0,0,0,0,0,0,0,0,0,0,0,0,0,0,0,0,0,0,0,0,0,0,0,0,0,0,0,0,0,0,0,0,0,0,0,0,0,0,0,0,0,0,0,0,0,0,0,0,0,0,7,1923248,403527635,119566041,0,0,0,0,0,0,0,0,0,0,0,0,0,0,0,0,0,0,0,0,0,0,0,0,0,0,0,0,0,0,0,0,0,0,0,0,0,12877594624,5185306624,785986,316486,119263836,351,0,97,786432,401768301,811172,11,7578837790,12884901888,765754,1227711247,0,0,0,0,0,0,0,0,0,0,0,0,0,0,0,0,0,0,40745954,140643962,0,468,1202,7661,620,81492430,35,0,0,0,0,0,0,0,1,0,0,0,0,0,0,0,0,0,0,49568047,0,119262237,2078325,0,0,0,0,0,0,0,0,16384,0,0,0,0,0,0,0,0,0,0,0,7007,404,0,0,0,0,0,123868708,0,170,0,6,404,7007,0,0,0,0,0,0,0,0,0,0,0,0,0,0,0,0,0,0,0,0,0,0,0,0,0,0,0,0,0,0,0,0,0,0,0,0,0,0,0,0,0,0,0,0,0,0,0,0,0,0,0,0,0,0,615988061,0,0,0,877309042,0,0,0,0,0,0,0,179256304,402007573,737488687,343650234368,147700281,1,0,0,0,0,0,0,0,0,0,0,0,0,0,0,0,0,0,0,0,0,0,0,0,0,0,0,0,0,0,0,1230,0,0,0,0,0,0,0
1782469177.687,0,0,0,0,0,0,0,1541146350,6585712806400,2371857973248,0,0,0,0,0,0,0,0,0,0,0,0,0,0,0,0,0,0,0,0,0,0,0,0,0,0,0,0,0,0,0,0,0,0,0,0,0,0,0,0,0,0,0,0,0,0,0,0,0,0,0,0,0,0,0,0,0,0,7,1923272,403643958,119597993,0,0,0,0,0,0,0,0,0,0,0,0,0,0,0,0,0,0,0,0,0,0,0,0,0,0,0,0,0,0,0,0,0,0,0,0,0,12879970304,5194694656,786131,317059,119294987,203,0,97,786432,401884111,811172,11,7580490884,12884901888,768003,1227926779,0,0,0,0,0,0,0,0,0,0,0,0,0,0,0,0,0,0,40755679,140653688,0,468,1202,7661,620,81511887,35,0,0,0,0,0,0,0,1,0,0,0,0,0,0,0,0,0,0,49579064,0,119293388,2078749,0,0,0,0,0,0,0,0,16384,0,0,0,0,0,0,0,0,0,0,0,7008,404,0,0,0,0,0,123898259,0,170,0,6,404,7008,0,0,0,0,0,0,0,0,0,0,0,0,0,0,0,0,0,0,0,0,0,0,0,0,0,0,0,0,0,0,0,0,0,0,0,0,0,0,0,0,0,0,0,0,0,0,0,0,0,0,0,0,0,0,616125476,0,0,0,877474036,0,0,0,0,0,0,0,179276183,402122959,737658964,343721708032,147713022,1,0,0,0,0,0,0,0,0,0,0,0,0,0,0,0,0,0,0,0,0,0,0,0,0,0,0,0,0,0,0,998,0,0,0,0,0,0,0
1782469178.780,0,0,0,0,0,0,0,1541482134,6587657456128,2372481308160,0,0,0,0,0,0,0,0,0,0,0,0,0,0,0,0,0,0,0,0,0,0,0,0,0,0,0,0,0,0,0,0,0,0,0,0,0,0,0,0,0,0,0,0,0,0,0,0,0,0,0,0,0,0,0,0,0,0,7,1923293,403763627,119630836,0,0,0,0,0,0,0,0,0,0,0,0,0,0,0,0,0,0,0,0,0,0,0,0,0,0,0,0,0,0,0,0,0,0,0,0,0,12878381056,5203558400,786034,317600,119326934,302,0,96,786432,402003198,811172,11,7582185119,12884901888,770286,1228146185,0,0,0,0,0,0,0,0,0,0,0,0,0,0,0,0,0,0,40765655,140663663,0,468,1202,7661,620,81531843,35,0,0,0,0,0,0,0,1,0,0,0,0,0,0,0,0,0,0,49590354,0,119325335,2079186,0,0,0,0,0,0,0,0,16384,0,0,0,0,0,0,0,0,0,0,0,7009,404,0,0,0,0,0,123928611,0,170,0,6,404,7009,0,0,0,0,0,0,0,0,0,0,0,0,0,0,0,0,0,0,0,0,0,0,0,0,0,0,0,0,0,0,0,0,0,0,0,0,0,0,0,0,0,0,0,0,0,0,0,0,0,0,0,0,0,0,616266918,0,0,0,877642709,0,0,0,0,0,0,0,179295527,402241542,737834181,343795299328,147724869,1,1,0,0,0,0,0,0,0,0,0,0,0,0,0,0,0,0,0,0,0,0,0,0,0,0,0,0,0,0,0,1229,0,0,0,0,0,0,0
1782469179.873,0,0,0,0,0,0,0,1541807822,6589539355136,2373084871680,0,0,0,0,0,0,0,0,0,0,0,0,0,0,0,0,0,0,0,0,0,0,0,0,0,0,0,0,0,0,0,0,0,0,0,0,0,0,0,0,0,0,0,0,0,0,0,0,0,0,0,0,0,0,0,0,0,0,7,1923321,403879443,119662690,0,0,0,0,0,0,0,0,0,0,0,0,0,0,0,0,0,0,0,0,0,0,0,0,0,0,0,0,0,0,0,0,0,0,0,0,0,12880986112,5206016000,786192,317750,119357825,119,0,123,786432,402118495,811172,11,7583828381,12884901888,772861,1228360640,0,0,0,0,0,0,0,0,0,0,0,0,0,0,0,0,0,0,40775312,140673325,0,468,1202,7661,620,81551160,35,0,0,0,0,0,0,0,1,0,0,0,0,0,0,0,0,0,0,49601290,0,119356226,2079610,0,0,0,0,0,0,0,0,16384,0,0,0,0,0,0,0,0,0,0,0,7010,404,0,0,0,0,0,123957973,0,170,0,6,404,7010,0,0,0,0,0,0,0,0,0,0,0,0,0,0,0,0,0,0,0,0,0,0,0,0,0,0,0,0,0,0,0,0,0,0,0,0,0,0,0,0,0,0,0,0,0,0,0,0,0,0,0,0,0,0,616402548,0,0,0,877806603,0,0,0,0,0,0,0,179315509,402356347,738002751,343865959936,147737471,0,0,0,0,0,0,0,0,0,0,0,0,0,0,0,0,0,0,0,0,0,0,0,0,0,0,0,0,0,0,0,984,0,0,0,0,0,0,0
1782469180.961,0,0,0,0,0,0,0,1542132711,6591416863232,2373689228800,0,0,0,0,0,0,0,0,0,0,0,0,0,0,0,0,0,0,0,0,0,0,0,0,0,0,0,0,0,0,0,0,0,0,0,0,0,0,0,0,0,0,0,0,0,0,0,0,0,0,0,0,0,0,0,0,0,0,7,1923349,403994968,119694494,0,0,0,0,0,0,0,0,0,0,0,0,0,0,0,0,0,0,0,0,0,0,0,0,0,0,0,0,0,0,0,0,0,0,0,0,0,12878675968,5214044160,786053,318240,119388544,282,0,96,786432,402233509,811172,11,7585466197,12884901888,776411,1228573289,0,0,0,0,0,0,0,0,0,0,0,0,0,0,0,0,0,0,40784960,140682971,0,468,1202,7661,620,81570464,35,0,0,0,0,0,0,0,1,0,0,0,0,0,0,0,0,0,0,49612208,0,119386945,2080021,0,0,0,0,0,0,0,0,16384,0,0,0,0,0,0,0,0,0,0,0,7011,404,0,0,0,0,0,123987275,0,170,0,6,404,7011,0,0,0,0,0,0,0,0,0,0,0,0,0,0,0,0,0,0,0,0,0,0,0,0,0,0,0,0,0,0,0,0,0,0,0,0,0,0,0,0,0,0,0,0,0,0,0,0,0,0,0,0,0,0,616540221,0,0,0,877969746,0,0,0,0,0,0,0,179334897,402470865,738173334,343937615872,147749699,1,1,0,0,0,0,0,0,0,0,0,0,0,0,0,0,0,0,0,0,0,0,0,0,0,0,0,0,0,0,0,1080,0,0,0,0,0,0,0
1782469182.051,0,0,0,0,0,0,0,1542449388,6593238125056,2374278150656,0,0,0,0,0,0,0,0,0,0,0,0,0,0,0,0,0,0,0,0,0,0,0,0,0,0,0,0,0,0,0,0,0,0,0,0,0,0,0,0,0,0,0,0,0,0,0,0,0,0,0,0,0,0,0,0,0,0,7,1923371,404106950,119725416,0,0,0,0,0,0,0,0,0,0,0,0,0,0,0,0,0,0,0,0,0,0,0,0,0,0,0,0,0,0,0,0,0,0,0,0,0,12876791808,5220990976,785936,318664,119418757,398,0,97,786432,402344987,811172,11,7587065072,12884901888,778488,1228782717,0,0,0,0,0,0,0,0,0,0,0,0,0,0,0,0,0,0,40794360,140692372,0,468,1202,7661,620,81589260,35,0,0,0,0,0,0,0,1,0,0,0,0,0,0,0,0,0,0,49622853,0,119417158,2080443,0,0,0,0,0,0,0,0,16384,0,0,0,0,0,0,0,0,0,0,0,7012,404,0,0,0,0,0,124015847,0,170,0,6,404,7012,0,0,0,0,0,0,0,0,0,0,0,0,0,0,0,0,0,0,0,0,0,0,0,0,0,0,0,0,0,0,0,0,0,0,0,0,0,0,0,0,0,0,0,0,0,0,0,0,0,0,0,0,0,0,616676034,0,0,0,878129478,0,0,0,0,0,0,0,179353123,402581908,738340845,344008197632,147761289,1,0,0,0,0,0,0,0,0,0,0,0,0,0,0,0,0,0,0,0,0,0,0,0,0,0,0,0,0,0,0,469,0,0,0,0,0,0,0
1782469183.135,0,0,0,0,0,0,0,1542758047,6595008449024,2374852503552,0,0,0,0,0,0,0,0,0,0,0,0,0,0,0,0,0,0,0,0,0,0,0,0,0,0,0,0,0,0,0,0,0,0,0,0,0,0,0,0,0,0,0,0,0,0,0,0,0,0,0,0,0,0,0,0,0,0,7,1923397,404215916,119755644,0,0,0,0,0,0,0,0,0,0,0,0,0,0,0,0,0,0,0,0,0,0,0,0,0,0,0,0,0,0,0,0,0,0,0,0,0,12878364672,5223186432,786033,318799,119447684,302,0,97,786432,402453476,811172,11,7588616457,12884901888,782582,1228982530,0,0,0,0,0,0,0,0,0,0,0,0,0,0,0,0,0,0,40803492,140701501,0,468,1202,7661,620,81607525,35,0,0,0,0,0,0,0,1,0,0,0,0,0,0,0,0,0,0,49633180,0,119446149,2080822,0,0,0,0,0,0,0,0,16384,0,0,0,0,0,0,0,0,0,0,0,7013,404,0,0,0,0,0,124043570,0,170,0,6,404,7013,0,0,0,0,0,0,0,0,0,0,0,0,0,0,0,0,0,0,0,0,0,0,0,0,0,0,0,0,0,0,0,0,0,0,0,0,0,0,0,0,0,0,0,0,0,0,0,0,0,0,0,0,0,0,616809067,0,0,0,878283117,0,0,0,0,0,0,0,179371127,402689978,738505417,344077531136,147772809,1,1,0,0,0,0,0,0,0,0,0,0,0,0,0,0,0,0,0,0,0,0,0,0,0,0,0,0,0,0,0,1665,0,0,0,0,0,0,0
1782469184.226,0,0,0,0,0,0,0,1543088828,6596907551232,2375459537408,0,0,0,0,0,0,0,0,0,0,0,0,0,0,0,0,0,0,0,0,0,0,0,0,0,0,0,0,0,0,0,0,0,0,0,0,0,0,0,0,0,0,0,0,0,0,0,0,0,0,0,0,0,0,0,0,0,0,7,1923428,404332781,119787521,0,0,0,0,0,0,0,0,0,0,0,0,0,0,0,0,0,0,0,0,0,0,0,0,0,0,0,0,0,0,0,0,0,0,0,0,0,12877561856,5236457472,785984,319608,119478743,352,0,98,786432,402569848,811172,11,7590282419,12884901888,784959,1229199932,0,0,0,0,0,0,0,0,0,0,0,0,0,0,0,0,0,0,40813296,140711309,0,468,1202,7661,620,81627126,35,0,0,0,0,0,0,0,1,0,0,0,0,0,0,0,0,0,0,49644286,0,119477144,2081242,0,0,0,0,0,0,0,0,16384,0,0,0,0,0,0,0,0,0,0,0,7014,404,0,0,0,0,0,124073362,0,170,0,6,404,7014,0,0,0,0,0,0,0,0,0,0,0,0,0,0,0,0,0,0,0,0,0,0,0,0,0,0,0,0,0,0,0,0,0,0,0,0,0,0,0,0,0,0,0,0,0,0,0,0,0,0,0,0,0,0,616948339,0,0,0,878449318,0,0,0,0,0,0,0,179391571,402805840,738677555,344150027264,147785853,0,0,0,0,0,0,0,0,0,0,0,0,0,0,0,0,0,0,0,0,0,0,0,0,0,0,0,0,0,0,0,1403,0,0,0,0,0,0,0
1782469185.320,0,0,0,0,0,0,0,1543394544,6598672075264,2376035636224,0,0,0,0,0,0,0,0,0,0,0,0,0,0,0,0,0,0,0,0,0,0,0,0,0,0,0,0,0,0,0,0,0,0,0,0,0,0,0,0,0,0,0,0,0,0,0,0,0,0,0,0,0,0,0,0,0,0,7,1923443,404441348,119817824,0,0,0,0,0,0,0,0,0,0,0,0,0,0,0,0,0,0,0,0,0,0,0,0,0,0,0,0,0,0,0,0,0,0,0,0,0,12879036416,5236293632,786075,319598,119508240,264,0,97,786432,402677971,811172,11,7591825186,12884901888,787827,1229401730,0,0,0,0,0,0,0,0,0,0,0,0,0,0,0,0,0,0,40822378,140720386,0,468,1202,7661,620,81645284,35,0,0,0,0,0,0,0,1,0,0,0,0,0,0,0,0,0,0,49654563,0,119506641,2081644,0,0,0,0,0,0,0,0,16384,0,0,0,0,0,0,0,0,0,0,0,7015,404,0,0,0,0,0,124100968,0,170,0,6,404,7015,0,0,0,0,0,0,0,0,0,0,0,0,0,0,0,0,0,0,0,0,0,0,0,0,0,0,0,0,0,0,0,0,0,0,0,0,0,0,0,0,0,0,0,0,0,0,0,0,0,0,0,0,0,0,617082564,0,0,0,878603290,0,0,0,0,0,0,0,179408127,402913497,738842962,344219790336,147796422,1,1,0,0,0,0,0,0,0,0,0,0,0,0,0,0,0,0,0,0,0,0,0,0,0,0,0,0,0,0,0,922,0,0,0,0,0,0,0
1782469186.403,0,0,0,0,0,0,0,1543692756,6600392051200,2376608932864,0,0,0,0,0,0,0,0,0,0,0,0,0,0,0,0,0,0,0,0,0,0,0,0,0,0,0,0,0,0,0,0,0,0,0,0,0,0,0,0,0,0,0,0,0,0,0,0,0,0,0,0,0,0,0,0,0,0,7,1923460,404547173,119847852,0,0,0,0,0,0,0,0,0,0,0,0,0,0,0,0,0,0,0,0,0,0,0,0,0,0,0,0,0,0,0,0,0,0,0,0,0,12883197952,5227462656,786328,319059,119536849,0,0,103,786432,402783359,811172,11,7593324788,12884901888,790368,1229595653,0,0,0,0,0,0,0,0,0,0,0,0,0,0,0,0,0,0,40831204,140729215,0,468,1202,7661,620,81662937,35,0,0,0,0,0,0,0,1,0,0,0,0,0,0,0,0,0,0,49664565,0,119535762,2082038,0,0,0,0,0,0,0,0,16384,0,0,0,0,0,0,0,0,0,0,0,7016,404,0,0,0,0,0,124127821,0,170,0,6,404,7016,0,0,0,0,0,0,0,0,0,0,0,0,0,0,0,0,0,0,0,0,0,0,0,0,0,0,0,0,0,0,0,0,0,0,0,0,0,0,0,0,0,0,0,0,0,0,0,0,0,0,0,0,0,0,617211800,0,0,0,878752201,0,0,0,0,0,0,0,179423166,403018433,739003045,344286932480,147806068,1,0,0,0,0,0,0,0,0,0,0,0,0,0,0,0,0,0,0,0,0,0,0,0,0,0,0,0,0,0,0,1600,0,0,0,0,0,0,0
1782469187.486,0,0,0,0,0,0,0,1543981189,6602053798400,2377175365120,0,0,0,0,0,0,0,0,0,0,0,0,0,0,0,0,0,0,0,0,0,0,0,0,0,0,0,0,0,0,0,0,0,0,0,0,0,0,0,0,0,0,0,0,0,0,0,0,0,0,0,0,0,0,0,0,0,0,7,1923479,404649381,119878040,0,0,0,0,0,0,0,0,0,0,0,0,0,0,0,0,0,0,0,0,0,0,0,0,0,0,0,0,0,0,0,0,0,0,0,0,0,12880510976,5202018304,786164,317506,119564446,173,0,96,786432,402885159,811172,11,7594777055,12884901888,794475,1229784518,0,0,0,0,0,0,0,0,0,0,0,0,0,0,0,0,0,0,40839757,140737773,0,468,1202,7661,620,81680051,35,0,0,0,0,0,0,0,1,0,0,0,0,0,0,0,0,0,0,49674216,0,119564895,2082406,0,0,0,0,0,0,0,0,16384,0,0,0,0,0,0,0,0,0,0,0,7017,404,0,0,0,0,0,124153765,0,170,0,6,404,7017,0,0,0,0,0,0,0,0,0,0,0,0,0,0,0,0,0,0,0,0,0,0,0,0,0,0,0,0,0,0,0,0,0,0,0,0,0,0,0,0,0,0,0,0,0,0,0,0,0,0,0,0,0,0,617339594,0,0,0,878896659,0,0,0,0,0,0,0,179438827,403119755,739162276,344352932864,147816241,1,0,0,0,0,0,0,0,0,0,0,0,0,0,0,0,0,0,0,0,0,0,0,0,0,0,0,0,0,0,0,1690,0,0,0,0,0,0,0
1782469188.567,0,0,0,0,0,0,0,1544269221,6603716233728,2377753793536,0,0,0,0,0,0,0,0,0,0,0,0,0,0,0,0,0,0,0,0,0,0,0,0,0,0,0,0,0,0,0,0,0,0,0,0,0,0,0,0,0,0,0,0,0,0,0,0,0,0,0,0,0,0,0,0,0,0,7,1923504,404751574,119908725,0,0,0,0,0,0,0,0,0,0,0,0,0,0,0,0,0,0,0,0,0,0,0,0,0,0,0,0,0,0,0,0,0,0,0,0,0,12878839808,5170331648,786062,315572,119592151,273,0,96,786432,402986942,811172,11,7596228868,12884901888,798011,1229973673,0,0,0,0,0,0,0,0,0,0,0,0,0,0,0,0,0,0,40848305,140746320,0,468,1202,7661,620,81697145,35,0,0,0,0,0,0,0,1,0,0,0,0,0,0,0,0,0,0,49683918,0,119594520,2082797,0,0,0,0,0,0,0,0,16384,0,0,0,0,0,0,0,0,0,0,0,7018,404,0,0,0,0,0,124179876,0,170,0,6,404,7018,0,0,0,0,0,0,0,0,0,0,0,0,0,0,0,0,0,0,0,0,0,0,0,0,0,0,0,0,0,0,0,0,0,0,0,0,0,0,0,0,0,0,0,0,0,0,0,0,0,0,0,0,0,0,617466888,0,0,0,879041581,0,0,0,0,0,0,0,179454701,403221192,739321366,344418947072,147826314,1,0,0,0,0,0,0,0,0,0,0,0,0,0,0,0,0,0,0,0,0,0,0,0,0,0,0,0,0,0,0,1258,0,0,0,0,0,0,0
1782469189.644,0,0,0,0,0,0,0,1544569539,6605436340736,2378323695104,0,0,0,0,0,0,0,0,0,0,0,0,0,0,0,0,0,0,0,0,0,0,0,0,0,0,0,0,0,0,0,0,0,0,0,0,0,0,0,0,0,0,0,0,0,0,0,0,0,0,0,0,0,0,0,0,0,0,7,1923529,404857367,119938750,0,0,0,0,0,0,0,0,0,0,0,0,0,0,0,0,0,0,0,0,0,0,0,0,0,0,0,0,0,0,0,0,0,0,0,0,0,12876726272,5161369600,785934,315024,119625263,404,0,97,786432,403092289,811172,11,7597736396,12884901888,800768,1230167133,0,0,0,0,0,0,0,0,0,0,0,0,0,0,0,0,0,0,40857164,140755179,0,468,1202,7661,620,81714862,35,0,0,0,0,0,0,0,1,0,0,0,0,0,0,0,0,0,0,49693941,0,119623664,2083183,0,0,0,0,0,0,0,0,16384,0,0,0,0,0,0,0,0,0,0,0,7020,404,0,0,0,0,0,124206794,0,170,0,6,404,7020,0,0,0,0,0,0,0,0,0,0,0,0,0,0,0,0,0,0,0,0,0,0,0,0,0,0,0,0,0,0,0,0,0,0,0,0,0,0,0,0,0,0,0,0,0,0,0,0,0,0,0,0,0,0,617598687,0,0,0,879190902,0,0,0,0,0,0,0,179469937,403326114,739484130,344487433728,147836031,1,0,0,0,0,0,0,0,0,0,0,0,0,0,0,0,0,0,0,0,0,0,0,0,0,0,0,0,0,0,0,2705,0,0,0,0,0,0,0
1782469190.725,0,0,0,0,0,0,0,1544873748,6607201454592,2378896688128,0,0,0,0,0,0,0,0,0,0,0,0,0,0,0,0,0,0,0,0,0,0,0,0,0,0,0,0,0,0,0,0,0,0,0,0,0,0,0,0,0,0,0,0,0,0,0,0,0,0,0,0,0,0,0,0,0,0,7,1923554,404965881,119968794,0,0,0,0,0,0,0,0,0,0,0,0,0,0,0,0,0,0,0,0,0,0,0,0,0,0,0,0,0,0,0,0,0,0,0,0,0,12878692352,5169332224,786054,315511,119654754,283,0,97,786432,403200321,811172,11,7599274674,12884901888,802622,1230370765,0,0,0,0,0,0,0,0,0,0,0,0,0,0,0,0,0,0,40866252,140764267,0,468,1202,7661,620,81733034,35,0,0,0,0,0,0,0,1,0,0,0,0,0,0,0,0,0,0,49704233,0,119653155,2083580,0,0,0,0,0,0,0,0,16384,0,0,0,0,0,0,0,0,0,0,0,7021,404,0,0,0,0,0,124234439,0,170,0,6,404,7021,0,0,0,0,0,0,0,0,0,0,0,0,0,0,0,0,0,0,0,0,0,0,0,0,0,0,0,0,0,0,0,0,0,0,0,0,0,0,0,0,0,0,0,0,0,0,0,0,0,0,0,0,0,0,617733520,0,0,0,879345544,0,0,0,0,0,0,0,179484844,403433756,739649622,344557361152,147845662,1,0,0,0,0,0,0,0,0,0,0,0,0,0,0,0,0,0,0,0,0,0,0,0,0,0,0,0,0,0,0,771,0,0,0,0,0,0,0
1782469191.815,0,0,0,0,0,0,0,1545186508,6608993389056,2379475854848,0,0,0,0,0,0,0,0,0,0,0,0,0,0,0,0,0,0,0,0,0,0,0,0,0,0,0,0,0,0,0,0,0,0,0,0,0,0,0,0,0,0,0,0,0,0,0,0,0,0,0,0,0,0,0,0,0,0,7,1923577,405076061,119999236,0,0,0,0,0,0,0,0,0,0,0,0,0,0,0,0,0,0,0,0,0,0,0,0,0,0,0,0,0,0,0,0,0,0,0,0,0,12881068032,5174984704,786198,315856,119684071,137,0,96,786432,403310014,811172,11,7600850251,12884901888,805664,1230574650,0,0,0,0,0,0,0,0,0,0,0,0,0,0,0,0,0,0,40875444,140773462,0,468,1202,7661,620,81751429,35,0,0,0,0,0,0,0,1,0,0,0,0,0,0,0,0,0,0,49714644,0,119682472,2083966,0,0,0,0,0,0,0,0,16384,0,0,0,0,0,0,0,0,0,0,0,7022,404,0,0,0,0,0,124262369,0,170,0,6,404,7022,0,0,0,0,0,0,0,0,0,0,0,0,0,0,0,0,0,0,0,0,0,0,0,0,0,0,0,0,0,0,0,0,0,0,0,0,0,0,0,0,0,0,0,0,0,0,0,0,0,0,0,0,0,0,617868920,0,0,0,879501518,0,0,0,0,0,0,0,179501183,403543099,739816546,344627736576,147856010,1,1,0,0,0,0,0,0,0,0,0,0,0,0,0,0,0,0,0,0,0,0,0,0,0,0,0,0,0,0,0,1628,0,0,0,0,0,0,0
1782469192.899,0,0,0,0,0,0,0,1545491467,6610753227264,2380043105280,0,0,0,0,0,0,0,0,0,0,0,0,0,0,0,0,0,0,0,0,0,0,0,0,0,0,0,0,0,0,0,0,0,0,0,0,0,0,0,0,0,0,0,0,0,0,0,0,0,0,0,0,0,0,0,0,0,0,7,1923602,405184321,120029002,0,0,0,0,0,0,0,0,0,0,0,0,0,0,0,0,0,0,0,0,0,0,0,0,0,0,0,0,0,0,0,0,0,0,0,0,0,12881133568,5181538304,786202,316256,119712818,132,0,97,786432,403417814,811172,11,7602388808,12884901888,809321,1230775861,0,0,0,0,0,0,0,0,0,0,0,0,0,0,0,0,0,0,40884494,140782513,0,468,1202,7661,620,81769528,35,0,0,0,0,0,0,0,1,0,0,0,0,0,0,0,0,0,0,49724885,0,119711091,2084349,0,0,0,0,0,0,0,0,16384,0,0,0,0,0,0,0,0,0,0,0,7023,404,0,0,0,0,0,124289880,0,170,0,6,404,7023,0,0,0,0,0,0,0,0,0,0,0,0,0,0,0,0,0,0,0,0,0,0,0,0,0,0,0,0,0,0,0,0,0,0,0,0,0,0,0,0,0,0,0,0,0,0,0,0,0,0,0,0,0,0,618002567,0,0,0,879655351,0,0,0,0,0,0,0,179516758,403650475,739981126,344697001472,147865895,1,0,0,0,0,0,0,0,0,0,0,0,0,0,0,0,0,0,0,0,0,0,0,0,0,0,0,0,0,0,0,977,0,0,0,0,0,0,0
1782469193.991,0,0,0,0,0,0,0,1545818491,6612639795712,2380647851008,0,0,0,0,0,0,0,0,0,0,0,0,0,0,0,0,0,0,0,0,0,0,0,0,0,0,0,0,0,0,0,0,0,0,0,0,0,0,0,0,0,0,0,0,0,0,0,0,0,0,0,0,0,0,0,0,0,0,7,1923628,405300383,120060826,0,0,0,0,0,0,0,0,0,0,0,0,0,0,0,0,0,0,0,0,0,0,0,0,0,0,0,0,0,0,0,0,0,0,0,0,0,12882706432,5194350592,786298,317038,119743692,34,0,101,786432,403533414,811172,11,7604036784,12884901888,812342,1230991274,0,0,0,0,0,0,0,0,0,0,0,0,0,0,0,0,0,0,40894190,140792209,0,468,1202,7661,620,81788925,35,0,0,0,0,0,0,0,1,0,0,0,0,0,0,0,0,0,0,49735881,0,119741965,2084764,0,0,0,0,0,0,0,0,16384,0,0,0,0,0,0,0,0,0,0,0,7024,404,0,0,0,0,0,124319345,0,170,0,6,404,7024,0,0,0,0,0,0,0,0,0,0,0,0,0,0,0,0,0,0,0,0,0,0,0,0,0,0,0,0,0,0,0,0,0,0,0,0,0,0,0,0,0,0,0,0,0,0,0,0,0,0,0,0,0,0,618142385,0,0,0,879819939,0,0,0,0,0,0,0,179535626,403765508,740153799,344769576960,147877839,1,0,0,0,0,0,0,0,0,0,0,0,0,0,0,0,0,0,0,0,0,0,0,0,0,0,0,0,0,0,0,437,0,0,0,0,0,0,0
1782469195.080,0,0,0,0,0,0,0,1546140055,6614487337472,2381244939264,0,0,0,0,0,0,0,0,0,0,0,0,0,0,0,0,0,0,0,0,0,0,0,0,0,0,0,0,0,0,0,0,0,0,0,0,0,0,0,0,0,0,0,0,0,0,0,0,0,0,0,0,0,0,0,0,0,0,7,1923653,405414062,120092292,0,0,0,0,0,0,0,0,0,0,0,0,0,0,0,0,0,0,0,0,0,0,0,0,0,0,0,0,0,0,0,0,0,0,0,0,0,12878888960,5200068608,786065,317387,119774496,273,0,97,786432,403646571,811172,11,7605655444,12884901888,814547,1231200773,0,0,0,0,0,0,0,0,0,0,0,0,0,0,0,0,0,0,40903748,140801765,0,468,1202,7661,620,81808030,35,0,0,0,0,0,0,0,1,0,0,0,0,0,0,0,0,0,0,49746707,0,119772769,2085190,0,0,0,0,0,0,0,0,16384,0,0,0,0,0,0,0,0,0,0,0,7025,404,0,0,0,0,0,124348404,0,170,0,6,404,7025,0,0,0,0,0,0,0,0,0,0,0,0,0,0,0,0,0,0,0,0,0,0,0,0,0,0,0,0,0,0,0,0,0,0,0,0,0,0,0,0,0,0,0,0,0,0,0,0,0,0,0,0,0,0,618277995,0,0,0,879981380,0,0,0,0,0,0,0,179554482,403878210,740321616,344840099840,147889791,1,0,0,0,0,0,0,0,0,0,0,0,0,0,0,0,0,0,0,0,0,0,0,0,0,0,0,0,0,0,0,667,0,0,0,0,0,0,0
1782469196.168,0,0,0,0,0,0,0,1546463192,6616350870016,2381842710528,0,0,0,0,0,0,0,0,0,0,0,0,0,0,0,0,0,0,0,0,0,0,0,0,0,0,0,0,0,0,0,0,0,0,0,0,0,0,0,0,0,0,0,0,0,0,0,0,0,0,0,0,0,0,0,0,0,0,7,1923678,405528763,120123840,0,0,0,0,0,0,0,0,0,0,0,0,0,0,0,0,0,0,0,0,0,0,0,0,0,0,0,0,0,0,0,0,0,0,0,0,0,12876775424,5208162304,785935,317881,119804962,399,0,97,786432,403760720,811172,11,7607280950,12884901888,817167,1231410297,0,0,0,0,0,0,0,0,0,0,0,0,0,0,0,0,0,0,40913318,140811337,0,468,1202,7661,620,81827176,35,0,0,0,0,0,0,0,1,0,0,0,0,0,0,0,0,0,0,49757536,0,119803235,2085601,0,0,0,0,0,0,0,0,16384,0,0,0,0,0,0,0,0,0,0,0,7026,404,0,0,0,0,0,124377528,0,170,0,6,404,7026,0,0,0,0,0,0,0,0,0,0,0,0,0,0,0,0,0,0,0,0,0,0,0,0,0,0,0,0,0,0,0,0,0,0,0,0,0,0,0,0,0,0,0,0,0,0,0,0,0,0,0,0,0,0,618412978,0,0,0,880142611,0,0,0,0,0,0,0,179573732,403991942,740489255,344910324736,147902048,1,0,0,0,0,0,0,0,0,0,0,0,0,0,0,0,0,0,0,0,0,0,0,0,0,0,0,0,0,0,0,1639,0,0,0,0,0,0,0
1782469197.259,0,0,0,0,0,0,0,1546785106,6618207193600,2382441615872,0,0,0,0,0,0,0,0,0,0,0,0,0,0,0,0,0,0,0,0,0,0,0,0,0,0,0,0,0,0,0,0,0,0,0,0,0,0,0,0,0,0,0,0,0,0,0,0,0,0,0,0,0,0,0,0,0,0,7,1923694,405642965,120155421,0,0,0,0,0,0,0,0,0,0,0,0,0,0,0,0,0,0,0,0,0,0,0,0,0,0,0,0,0,0,0,0,0,0,0,0,0,12876054528,5214027776,785892,318239,119835698,441,0,97,786432,403874459,811172,11,7608905443,12884901888,819560,1231623858,0,0,0,0,0,0,0,0,0,0,0,0,0,0,0,0,0,0,40922855,140820873,0,468,1202,7661,620,81846252,35,0,0,0,0,0,0,0,1,0,0,0,0,0,0,0,0,0,0,49768328,0,119833971,2086015,0,0,0,0,0,0,0,0,16384,0,0,0,0,0,0,0,0,0,0,0,7027,404,0,0,0,0,0,124406534,0,170,0,6,404,7027,0,0,0,0,0,0,0,0,0,0,0,0,0,0,0,0,0,0,0,0,0,0,0,0,0,0,0,0,0,0,0,0,0,0,0,0,0,0,0,0,0,0,0,0,0,0,0,0,0,0,0,0,0,0,618547915,0,0,0,880304929,0,0,0,0,0,0,0,179592169,404105186,740656817,344980707840,147913541,0,1,0,0,0,0,0,0,0,0,0,0,0,0,0,0,0,0,0,0,0,0,0,0,0,0,0,0,0,0,0,826,0,0,0,0,0,0,0
1782469198.346,0,0,0,0,0,0,0,1547108281,6620075084288,2383044929024,0,0,0,0,0,0,0,0,0,0,0,0,0,0,0,0,0,0,0,0,0,0,0,0,0,0,0,0,0,0,0,0,0,0,0,0,0,0,0,0,0,0,0,0,0,0,0,0,0,0,0,0,0,0,0,0,0,0,7,1923710,405757877,120187199,0,0,0,0,0,0,0,0,0,0,0,0,0,0,0,0,0,0,0,0,0,0,0,0,0,0,0,0,0,0,0,0,0,0,0,0,0,12875071488,5219385344,785833,318566,119866777,500,0,96,786432,403988866,811172,11,7610535070,12884901888,821606,1231835232,0,0,0,0,0,0,0,0,0,0,0,0,0,0,0,0,0,0,40932458,140830478,0,468,1202,7661,620,81865465,35,0,0,0,0,0,0,0,1,0,0,0,0,0,0,0,0,0,0,49779208,0,119865050,2086438,0,0,0,0,0,0,0,0,16384,0,0,0,0,0,0,0,0,0,0,0,7028,404,0,0,0,0,0,124435765,0,170,0,6,404,7028,0,0,0,0,0,0,0,0,0,0,0,0,0,0,0,0,0,0,0,0,0,0,0,0,0,0,0,0,0,0,0,0,0,0,0,0,0,0,0,0,0,0,0,0,0,0,0,0,0,0,0,0,0,0,618685481,0,0,0,880467370,0,0,0,0,0,0,0,179611376,404219162,740826933,345052144128,147925619,1,0,0,0,0,0,0,0,0,0,0,0,0,0,0,0,0,0,0,0,0,0,0,0,0,0,0,0,0,0,0,857,0,0,0,0,0,0,0
1782469199.434,0,0,0,0,0,0,0,1547428133,6621923396096,2383663300608,0,0,0,0,0,0,0,0,0,0,0,0,0,0,0,0,0,0,0,0,0,0,0,0,0,0,0,0,0,0,0,0,0,0,0,0,0,0,0,0,0,0,0,0,0,0,0,0,0,0,0,0,0,0,0,0,0,0,7,1923738,405871569,120219650,0,0,0,0,0,0,0,0,0,0,0,0,0,0,0,0,0,0,0,0,0,0,0,0,0,0,0,0,0,0,0,0,0,0,0,0,0,12882395136,5208096768,786278,317877,119896801,54,0,98,786432,404102075,811172,11,7612148796,12884901888,824613,1232045386,0,0,0,0,0,0,0,0,0,0,0,0,0,0,0,0,0,0,40941977,140839997,0,468,1202,7661,620,81884499,35,0,0,0,0,0,0,0,1,0,0,0,0,0,0,0,0,0,0,49789995,0,119896354,2086856,0,0,0,0,0,0,0,0,16384,0,0,0,0,0,0,0,0,0,0,0,7029,404,0,0,0,0,0,124464722,0,170,0,6,404,7029,0,0,0,0,0,0,0,0,0,0,0,0,0,0,0,0,0,0,0,0,0,0,0,0,0,0,0,0,0,0,0,0,0,0,0,0,0,0,0,0,0,0,0,0,0,0,0,0,0,0,0,0,0,0,618822656,0,0,0,880628766,0,0,0,0,0,0,0,179629586,404331862,740997628,345123421184,147936928,1,1,0,0,0,0,0,0,0,0,0,0,0,0,0,0,0,0,0,0,0,0,0,0,0,0,0,0,0,0,0,403,0,0,0,0,0,0,0
1782469200.513,0,0,0,0,0,0,0,1547733416,6623689984512,2384273827840,0,0,0,0,0,0,0,0,0,0,0,0,0,0,0,0,0,0,0,0,0,0,0,0,0,0,0,0,0,0,0,0,0,0,0,0,0,0,0,0,0,0,0,0,0,0,0,0,0,0,0,0,0,0,0,0,0,0,7,1923755,405980252,120252468,0,0,0,0,0,0,0,0,0,0,0,0,0,0,0,0,0,0,0,0,0,0,0,0,0,0,0,0,0,0,0,0,0,0,0,0,0,12881870848,5164941312,786246,315243,119925919,88,0,98,786432,404210300,811172,11,7613683017,12884901888,827715,1232241148,0,0,0,0,0,0,0,0,0,0,0,0,0,0,0,0,0,0,40951054,140849074,0,468,1202,7661,620,81902654,35,0,0,0,0,0,0,0,1,0,0,0,0,0,0,0,0,0,0,49800273,0,119928032,2087272,0,0,0,0,0,0,0,0,16384,0,0,0,0,0,0,0,0,0,0,0,7030,404,0,0,0,0,0,124492312,0,170,0,6,404,7030,0,0,0,0,0,0,0,0,0,0,0,0,0,0,0,0,0,0,0,0,0,0,0,0,0,0,0,0,0,0,0,0,0,0,0,0,0,0,0,0,0,0,0,0,0,0,0,0,0,0,0,0,0,0,618951524,0,0,0,880780471,0,0,0,0,0,0,0,179648504,404439692,741160394,345190356992,147948934,1,0,0,0,0,0,0,0,0,0,0,0,0,0,0,0,0,0,0,0,0,0,0,0,0,0,0,0,0,0,0,2085,0,0,0,0,0,0,0
1782469201.591,0,0,0,0,0,0,0,1548033480,6625408027136,2384838860288,0,0,0,0,0,0,0,0,0,0,0,0,0,0,0,0,0,0,0,0,0,0,0,0,0,0,0,0,0,0,0,0,0,0,0,0,0,0,0,0,0,0,0,0,0,0,0,0,0,0,0,0,0,0,0,0,0,0,7,1923776,406085889,120282134,0,0,0,0,0,0,0,0,0,0,0,0,0,0,0,0,0,0,0,0,0,0,0,0,0,0,0,0,0,0,0,0,0,0,0,0,0,12878135296,5162762240,786018,315110,119958760,316,0,97,786432,404315468,811172,11,7615194795,12884901888,830251,1232438831,0,0,0,0,0,0,0,0,0,0,0,0,0,0,0,0,0,0,40959923,140857943,0,468,1202,7661,620,81920391,35,0,0,0,0,0,0,0,1,0,0,0,0,0,0,0,0,0,0,49810314,0,119957033,2087652,0,0,0,0,0,0,0,0,16384,0,0,0,0,0,0,0,0,0,0,0,7032,404,0,0,0,0,0,124519258,0,170,0,6,404,7032,0,0,0,0,0,0,0,0,0,0,0,0,0,0,0,0,0,0,0,0,0,0,0,0,0,0,0,0,0,0,0,0,0,0,0,0,0,0,0,0,0,0,0,0,0,0,0,0,0,0,0,0,0,0,619084601,0,0,0,880931527,0,0,0,0,0,0,0,179663445,404544478,741324147,345259273728,147958401,1,1,0,0,0,0,0,0,0,0,0,0,0,0,0,0,0,0,0,0,0,0,0,0,0,0,0,0,0,0,0,1618,0,0,0,0,0,0,0
1782469202.673,0,0,0,0,0,0,0,1548352383,6627243985408,2385429532672,0,0,0,0,0,0,0,0,0,0,0,0,0,0,0,0,0,0,0,0,0,0,0,0,0,0,0,0,0,0,0,0,0,0,0,0,0,0,0,0,0,0,0,0,0,0,0,0,0,0,0,0,0,0,0,0,0,0,7,1923805,406198805,120313220,0,0,0,0,0,0,0,0,0,0,0,0,0,0,0,0,0,0,0,0,0,0,0,0,0,0,0,0,0,0,0,0,0,0,0,0,0,12877742080,5169709056,785995,315534,119988433,339,0,97,786432,404427905,811172,11,7616797306,12884901888,834725,1232644368,0,0,0,0,0,0,0,0,0,0,0,0,0,0,0,0,0,0,40969349,140867367,0,468,1202,7661,620,81939236,35,0,0,0,0,0,0,0,1,0,0,0,0,0,0,0,0,0,0,49820974,0,119986706,2088051,0,0,0,0,0,0,0,0,16384,0,0,0,0,0,0,0,0,0,0,0,7033,404,0,0,0,0,0,124547916,0,170,0,6,404,7033,0,0,0,0,0,0,0,0,0,0,0,0,0,0,0,0,0,0,0,0,0,0,0,0,0,0,0,0,0,0,0,0,0,0,0,0,0,0,0,0,0,0,0,0,0,0,0,0,0,0,0,0,0,0,619218986,0,0,0,881089730,0,0,0,0,0,0,0,179682486,404656499,741491132,345329120768,147970267,1,0,0,0,0,0,0,0,0,0,0,0,0,0,0,0,0,0,0,0,0,0,0,0,0,0,0,0,0,0,0,3321,0,0,0,0,0,0,0
1782469203.757,0,0,0,0,0,0,0,1548676628,6629115185664,2386029426688,0,0,0,0,0,0,0,0,0,0,0,0,0,0,0,0,0,0,0,0,0,0,0,0,0,0,0,0,0,0,0,0,0,0,0,0,0,0,0,0,0,0,0,0,0,0,0,0,0,0,0,0,0,0,0,0,0,0,7,1923830,406313962,120344747,0,0,0,0,0,0,0,0,0,0,0,0,0,0,0,0,0,0,0,0,0,0,0,0,0,0,0,0,0,0,0,0,0,0,0,0,0,12875202560,5179981824,785842,316162,120019159,496,0,96,786432,404542584,811172,11,7618436183,12884901888,836998,1232861283,0,0,0,0,0,0,0,0,0,0,0,0,0,0,0,0,0,0,40978977,140876996,0,468,1202,7661,620,81958494,35,0,0,0,0,0,0,0,1,0,0,0,0,0,0,0,0,0,0,49831882,0,120017432,2088475,0,0,0,0,0,0,0,0,16384,0,0,0,0,0,0,0,0,0,0,0,7034,404,0,0,0,0,0,124577189,0,170,0,6,404,7034,0,0,0,0,0,0,0,0,0,0,0,0,0,0,0,0,0,0,0,0,0,0,0,0,0,0,0,0,0,0,0,0,0,0,0,0,0,0,0,0,0,0,0,0,0,0,0,0,0,0,0,0,0,0,619357004,0,0,0,881254547,0,0,0,0,0,0,0,179701235,404770676,741661568,345400903168,147982190,1,0,0,0,0,0,0,0,0,0,0,0,0,0,0,0,0,0,0,0,0,0,0,0,0,0,0,0,0,0,0,1478,0,0,0,0,0,0,0
1782469204.848,0,0,0,0,0,0,0,1549003772,6631000607232,2386636759552,0,0,0,0,0,0,0,0,0,0,0,0,0,0,0,0,0,0,0,0,0,0,0,0,0,0,0,0,0,0,0,0,0,0,0,0,0,0,0,0,0,0,0,0,0,0,0,0,0,0,0,0,0,0,0,0,0,0,7,1923861,406429930,120376729,0,0,0,0,0,0,0,0,0,0,0,0,0,0,0,0,0,0,0,0,0,0,0,0,0,0,0,0,0,0,0,0,0,0,0,0,0,12878643200,5185028096,786049,316469,120050547,285,0,98,786432,404658037,811172,11,7620088829,12884901888,838810,1233078733,0,0,0,0,0,0,0,0,0,0,0,0,0,0,0,0,0,0,40988675,140886694,0,468,1202,7661,620,81977895,35,0,0,0,0,0,0,0,1,0,0,0,0,0,0,0,0,0,0,49842868,0,120048905,2088905,0,0,0,0,0,0,0,0,16384,0,0,0,0,0,0,0,0,0,0,0,7035,404,0,0,0,0,0,124606683,0,170,0,6,404,7035,0,0,0,0,0,0,0,0,0,0,0,0,0,0,0,0,0,0,0,0,0,0,0,0,0,0,0,0,0,0,0,0,0,0,0,0,0,0,0,0,0,0,0,0,0,0,0,0,0,0,0,0,0,0,619497302,0,0,0,881419798,0,0,0,0,0,0,0,179719109,404885642,741834441,345473945600,147993243,1,1,0,0,0,0,0,0,0,0,0,0,0,0,0,0,0,0,0,0,0,0,0,0,0,0,0,0,0,0,0,359,0,0,0,0,0,0,0
1782469205.936,0,0,0,0,0,0,0,1549327281,6632863910400,2387234252288,0,0,0,0,0,0,0,0,0,0,0,0,0,0,0,0,0,0,0,0,0,0,0,0,0,0,0,0,0,0,0,0,0,0,0,0,0,0,0,0,0,0,0,0,0,0,0,0,0,0,0,0,0,0,0,0,0,0,7,1923884,406544588,120408244,0,0,0,0,0,0,0,0,0,0,0,0,0,0,0,0,0,0,0,0,0,0,0,0,0,0,0,0,0,0,0,0,0,0,0,0,0,12874285056,5190893568,785785,316827,120081277,550,0,97,786432,404772172,811172,11,7621716936,12884901888,841471,1233288723,0,0,0,0,0,0,0,0,0,0,0,0,0,0,0,0,0,0,40998280,140896298,0,468,1202,7661,620,81997100,35,0,0,0,0,0,0,0,1,0,0,0,0,0,0,0,0,0,0,49853730,0,120079550,2089330,0,0,0,0,0,0,0,0,16384,0,0,0,0,0,0,0,0,0,0,0,7036,404,0,0,0,0,0,124635849,0,170,0,6,404,7036,0,0,0,0,0,0,0,0,0,0,0,0,0,0,0,0,0,0,0,0,0,0,0,0,0,0,0,0,0,0,0,0,0,0,0,0,0,0,0,0,0,0,0,0,0,0,0,0,0,0,0,0,0,0,619633124,0,0,0,881581553,0,0,0,0,0,0,0,179738227,404999315,742002739,345544532992,148005273,1,0,0,0,0,0,0,0,0,0,0,0,0,0,0,0,0,0,0,0,0,0,0,0,0,0,0,0,0,0,0,1166,0,0,0,0,0,0,0
1782469207.027,0,0,0,0,0,0,0,1549657874,6634762603008,2387841264128,0,0,0,0,0,0,0,0,0,0,0,0,0,0,0,0,0,0,0,0,0,0,0,0,0,0,0,0,0,0,0,0,0,0,0,0,0,0,0,0,0,0,0,0,0,0,0,0,0,0,0,0,0,0,0,0,0,0,7,1923911,406661419,120440176,0,0,0,0,0,0,0,0,0,0,0,0,0,0,0,0,0,0,0,0,0,0,0,0,0,0,0,0,0,0,0,0,0,0,0,0,0,12879282176,5202100224,786089,317511,120112425,248,0,97,786432,404888485,811172,11,7623380352,12884901888,844004,1233503493,0,0,0,0,0,0,0,0,0,0,0,0,0,0,0,0,0,0,41008080,140906098,0,468,1202,7661,620,82016701,35,0,0,0,0,0,0,0,1,0,0,0,0,0,0,0,0,0,0,49864838,0,120110698,2089758,0,0,0,0,0,0,0,0,16384,0,0,0,0,0,0,0,0,0,0,0,7037,404,0,0,0,0,0,124665641,0,170,0,6,404,7037,0,0,0,0,0,0,0,0,0,0,0,0,0,0,0,0,0,0,0,0,0,0,0,0,0,0,0,0,0,0,0,0,0,0,0,0,0,0,0,0,0,0,0,0,0,0,0,0,0,0,0,0,0,0,619773252,0,0,0,881746722,0,0,0,0,0,0,0,179756265,405115122,742175627,345617295360,148016505,1,1,0,0,0,0,0,0,0,0,0,0,0,0,0,0,0,0,0,0,0,0,0,0,0,0,0,0,0,0,0,1953,0,0,0,0,0,0,0
1782469208.117,0,0,0,0,0,0,0,1549984423,6636655102464,2388442609152,0,0,0,0,0,0,0,0,0,0,0,0,0,0,0,0,0,0,0,0,0,0,0,0,0,0,0,0,0,0,0,0,0,0,0,0,0,0,0,0,0,0,0,0,0,0,0,0,0,0,0,0,0,0,0,0,0,0,7,1923934,406777843,120471854,0,0,0,0,0,0,0,0,0,0,0,0,0,0,0,0,0,0,0,0,0,0,0,0,0,0,0,0,0,0,0,0,0,0,0,0,0,12880723968,5215289344,786177,318316,120143481,158,0,99,786432,405004366,811172,11,7625031108,12884901888,845998,1233720125,0,0,0,0,0,0,0,0,0,0,0,0,0,0,0,0,0,0,41017782,140915802,0,468,1202,7661,620,82036112,35,0,0,0,0,0,0,0,1,0,0,0,0,0,0,0,0,0,0,49875831,0,120141754,2090187,0,0,0,0,0,0,0,0,16384,0,0,0,0,0,0,0,0,0,0,0,7038,404,0,0,0,0,0,124695151,0,170,0,6,404,7038,0,0,0,0,0,0,0,0,0,0,0,0,0,0,0,0,0,0,0,0,0,0,0,0,0,0,0,0,0,0,0,0,0,0,0,0,0,0,0,0,0,0,0,0,0,0,0,0,0,0,0,0,0,0,619910599,0,0,0,881911902,0,0,0,0,0,0,0,179774773,405230573,742345433,345688798720,148028090,1,0,0,0,0,0,0,0,0,0,0,0,0,0,0,0,0,0,0,0,0,0,0,0,0,0,0,0,0,0,0,915,0,0,0,0,0,0,0
1782469209.208,0,0,0,0,0,0,0,1550309779,6638517848576,2389040337920,0,0,0,0,0,0,0,0,0,0,0,0,0,0,0,0,0,0,0,0,0,0,0,0,0,0,0,0,0,0,0,0,0,0,0,0,0,0,0,0,0,0,0,0,0,0,0,0,0,0,0,0,0,0,0,0,0,0,7,1923953,406892470,120503319,0,0,0,0,0,0,0,0,0,0,0,0,0,0,0,0,0,0,0,0,0,0,0,0,0,0,0,0,0,0,0,0,0,0,0,0,0,12879413248,5224054784,786098,318851,120174230,238,0,98,786432,405118522,811172,11,7626667200,12884901888,848153,1233930979,0,0,0,0,0,0,0,0,0,0,0,0,0,0,0,0,0,0,41027419,140925438,0,468,1202,7661,620,82055388,35,0,0,0,0,0,0,0,1,0,0,0,0,0,0,0,0,0,0,49886742,0,120172503,2090610,0,0,0,0,0,0,0,0,16384,0,0,0,0,0,0,0,0,0,0,0,7039,404,0,0,0,0,0,124724426,0,170,0,6,404,7039,0,0,0,0,0,0,0,0,0,0,0,0,0,0,0,0,0,0,0,0,0,0,0,0,0,0,0,0,0,0,0,0,0,0,0,0,0,0,0,0,0,0,0,0,0,0,0,0,0,0,0,0,0,0,620047583,0,0,0,882073946,0,0,0,0,0,0,0,179793671,405344243,742514688,345759961600,148040056,1,1,0,0,0,0,0,0,0,0,0,0,0,0,0,0,0,0,0,0,0,0,0,0,0,0,0,0,0,0,0,2053,0,0,0,0,0,0,0
1782469210.294,0,0,0,0,0,0,0,1550618676,6640293153280,2389620237312,0,0,0,0,0,0,0,0,0,0,0,0,0,0,0,0,0,0,0,0,0,0,0,0,0,0,0,0,0,0,0,0,0,0,0,0,0,0,0,0,0,0,0,0,0,0,0,0,0,0,0,0,0,0,0,0,0,0,7,1923979,407001690,120533672,0,0,0,0,0,0,0,0,0,0,0,0,0,0,0,0,0,0,0,0,0,0,0,0,0,0,0,0,0,0,0,0,0,0,0,0,0,12880953344,5225201664,786191,318921,120203636,144,0,96,786432,405227275,811172,11,7628224885,12884901888,850568,1234134782,0,0,0,0,0,0,0,0,0,0,0,0,0,0,0,0,0,0,41036569,140934590,0,468,1202,7661,620,82073697,35,0,0,0,0,0,0,0,1,0,0,0,0,0,0,0,0,0,0,49897115,0,120201909,2091012,0,0,0,0,0,0,0,0,16384,0,0,0,0,0,0,0,0,0,0,0,7040,404,0,0,0,0,0,124752234,0,170,0,6,404,7040,0,0,0,0,0,0,0,0,0,0,0,0,0,0,0,0,0,0,0,0,0,0,0,0,0,0,0,0,0,0,0,0,0,0,0,0,0,0,0,0,0,0,0,0,0,0,0,0,0,0,0,0,0,0,620182621,0,0,0,882229074,0,0,0,0,0,0,0,179810326,405452550,742681070,345830039552,148050599,1,0,0,0,0,0,0,0,0,0,0,0,0,0,0,0,0,0,0,0,0,0,0,0,0,0,0,0,0,0,0,1882,0,0,0,0,0,0,0
1782469211.382,0,0,0,0,0,0,0,1550930335,6642082368000,2390209899520,0,0,0,0,0,0,0,0,0,0,0,0,0,0,0,0,0,0,0,0,0,0,0,0,0,0,0,0,0,0,0,0,0,0,0,0,0,0,0,0,0,0,0,0,0,0,0,0,0,0,0,0,0,0,0,0,0,0,7,1923996,407111785,120564802,0,0,0,0,0,0,0,0,0,0,0,0,0,0,0,0,0,0,0,0,0,0,0,0,0,0,0,0,0,0,0,0,0,0,0,0,0,12880756736,5218549760,786179,318515,120233075,157,0,97,786432,405336928,811172,11,7629796841,12884901888,853701,1234342281,0,0,0,0,0,0,0,0,0,0,0,0,0,0,0,0,0,0,41045812,140943830,0,468,1202,7661,620,82092166,35,0,0,0,0,0,0,0,1,0,0,0,0,0,0,0,0,0,0,49907568,0,120231732,2091411,0,0,0,0,0,0,0,0,16384,0,0,0,0,0,0,0,0,0,0,0,7041,404,0,0,0,0,0,124780316,0,170,0,6,404,7041,0,0,0,0,0,0,0,0,0,0,0,0,0,0,0,0,0,0,0,0,0,0,0,0,0,0,0,0,0,0,0,0,0,0,0,0,0,0,0,0,0,0,0,0,0,0,0,0,0,0,0,0,0,0,620318483,0,0,0,882386888,0,0,0,0,0,0,0,179827180,405561666,742849131,345900545024,148061273,1,0,0,0,0,0,0,0,0,0,0,0,0,0,0,0,0,0,0,0,0,0,0,0,0,0,0,0,0,0,0,499,0,0,0,0,0,0,0
1782469212.471,0,0,0,0,0,0,0,1551246318,6643897059840,2390819571200,0,0,0,0,0,0,0,0,0,0,0,0,0,0,0,0,0,0,0,0,0,0,0,0,0,0,0,0,0,0,0,0,0,0,0,0,0,0,0,0,0,0,0,0,0,0,0,0,0,0,0,0,0,0,0,0,0,0,7,1924017,407223391,120597135,0,0,0,0,0,0,0,0,0,0,0,0,0,0,0,0,0,0,0,0,0,0,0,0,0,0,0,0,0,0,0,0,0,0,0,0,0,12878807040,5198069760,786061,317265,120263016,278,0,96,786432,405448021,811172,11,7631383514,12884901888,856979,1234544286,0,0,0,0,0,0,0,0,0,0,0,0,0,0,0,0,0,0,41055190,140953209,0,468,1202,7661,620,82110934,35,0,0,0,0,0,0,0,1,0,0,0,0,0,0,0,0,0,0,49918198,0,120263337,2091823,0,0,0,0,0,0,0,0,16384,0,0,0,0,0,0,0,0,0,0,0,7042,404,0,0,0,0,0,124808841,0,170,0,6,404,7042,0,0,0,0,0,0,0,0,0,0,0,0,0,0,0,0,0,0,0,0,0,0,0,0,0,0,0,0,0,0,0,0,0,0,0,0,0,0,0,0,0,0,0,0,0,0,0,0,0,0,0,0,0,0,620452868,0,0,0,882543965,0,0,0,0,0,0,0,179845227,405672397,743016992,345970354688,148072465,1,0,0,0,0,0,0,0,0,0,0,0,0,0,0,0,0,0,0,0,0,0,0,0,0,0,0,0,0,0,0,2111,0,0,0,0,0,0,0
1782469213.552,0,0,0,0,0,0,0,1551562190,6645713308160,2391440403968,0,0,0,0,0,0,0,0,0,0,0,0,0,0,0,0,0,0,0,0,0,0,0,0,0,0,0,0,0,0,0,0,0,0,0,0,0,0,0,0,0,0,0,0,0,0,0,0,0,0,0,0,0,0,0,0,0,0,7,1924047,407335092,120629941,0,0,0,0,0,0,0,0,0,0,0,0,0,0,0,0,0,0,0,0,0,0,0,0,0,0,0,0,0,0,0,0,0,0,0,0,0,12879560704,5174411264,786106,315821,120292901,221,0,105,786432,405559229,811172,11,7632974769,12884901888,859490,1234751288,0,0,0,0,0,0,0,0,0,0,0,0,0,0,0,0,0,0,41064570,140962590,0,468,1202,7661,620,82129683,35,0,0,0,0,0,0,0,1,0,0,0,0,0,0,0,0,0,0,49928820,0,120295014,2092240,0,0,0,0,0,0,0,0,16384,0,0,0,0,0,0,0,0,0,0,0,7043,404,0,0,0,0,0,124837370,0,170,0,6,404,7043,0,0,0,0,0,0,0,0,0,0,0,0,0,0,0,0,0,0,0,0,0,0,0,0,0,0,0,0,0,0,0,0,0,0,0,0,0,0,0,0,0,0,0,0,0,0,0,0,0,0,0,0,0,0,620587821,0,0,0,882702568,0,0,0,0,0,0,0,179862679,405783226,743185755,346040398848,148083382,0,0,0,0,0,0,0,0,0,0,0,0,0,0,0,0,0,0,0,0,0,0,0,0,0,0,0,0,0,0,0,2204,0,0,0,0,0,0,0
1782469214.632,0,0,0,0,0,0,0,1551884223,6647566273024,2392040377856,0,0,0,0,0,0,0,0,0,0,0,0,0,0,0,0,0,0,0,0,0,0,0,0,0,0,0,0,0,0,0,0,0,0,0,0,0,0,0,0,0,0,0,0,0,0,0,0,0,0,0,0,0,0,0,0,0,0,7,1924078,407449112,120661688,0,0,0,0,0,0,0,0,0,0,0,0,0,0,0,0,0,0,0,0,0,0,0,0,0,0,0,0,0,0,0,0,0,0,0,0,0,12877791232,5177589760,785998,316015,120327558,338,0,97,786432,405672751,811172,11,7634600772,12884901888,863148,1234965429,0,0,0,0,0,0,0,0,0,0,0,0,0,0,0,0,0,0,41074112,140972126,0,468,1202,7661,620,82148769,35,0,0,0,0,0,0,0,1,0,0,0,0,0,0,0,0,0,0,49939616,0,120325831,2092665,0,0,0,0,0,0,0,0,16384,0,0,0,0,0,0,0,0,0,0,0,7045,404,0,0,0,0,0,124866329,0,170,0,6,404,7045,0,0,0,0,0,0,0,0,0,0,0,0,0,0,0,0,0,0,0,0,0,0,0,0,0,0,0,0,0,0,0,0,0,0,0,0,0,0,0,0,0,0,0,0,0,0,0,0,0,0,0,0,0,0,620724893,0,0,0,882865145,0,0,0,0,0,0,0,179882143,405896282,743355778,346111698432,148095419,1,0,0,0,0,0,0,0,0,0,0,0,0,0,0,0,0,0,0,0,0,0,0,0,0,0,0,0,0,0,0,1293,0,0,0,0,0,0,0
1782469215.718,0,0,0,0,0,0,0,1552211525,6649453906432,2392646930944,0,0,0,0,0,0,0,0,0,0,0,0,0,0,0,0,0,0,0,0,0,0,0,0,0,0,0,0,0,0,0,0,0,0,0,0,0,0,0,0,0,0,0,0,0,0,0,0,0,0,0,0,0,0,0,0,0,0,7,1924093,407565226,120693607,0,0,0,0,0,0,0,0,0,0,0,0,0,0,0,0,0,0,0,0,0,0,0,0,0,0,0,0,0,0,0,0,0,0,0,0,0,12878069760,5187764224,786015,316636,120358915,319,0,97,786432,405788365,811172,11,7636251506,12884901888,864761,1235179962,0,0,0,0,0,0,0,0,0,0,0,0,0,0,0,0,0,0,41083822,140981843,0,468,1202,7661,620,82168194,35,0,0,0,0,0,0,0,1,0,0,0,0,0,0,0,0,0,0,49950613,0,120357188,2093098,0,0,0,0,0,0,0,0,16384,0,0,0,0,0,0,0,0,0,0,0,7046,404,0,0,0,0,0,124895912,0,170,0,6,404,7046,0,0,0,0,0,0,0,0,0,0,0,0,0,0,0,0,0,0,0,0,0,0,0,0,0,0,0,0,0,0,0,0,0,0,0,0,0,0,0,0,0,0,0,0,0,0,0,0,0,0,0,0,0,0,620863618,0,0,0,883029730,0,0,0,0,0,0,0,179900365,406011442,743527052,346183634944,148106949,1,0,0,0,0,0,0,0,0,0,0,0,0,0,0,0,0,0,0,0,0,0,0,0,0,0,0,0,0,0,0,1165,0,0,0,0,0,0,0
1782469216.804,0,0,0,0,0,0,0,1552536044,6651324680704,2393249916928,0,0,0,0,0,0,0,0,0,0,0,0,0,0,0,0,0,0,0,0,0,0,0,0,0,0,0,0,0,0,0,0,0,0,0,0,0,0,0,0,0,0,0,0,0,0,0,0,0,0,0,0,0,0,0,0,0,0,7,1924123,407680371,120725448,0,0,0,0,0,0,0,0,0,0,0,0,0,0,0,0,0,0,0,0,0,0,0,0,0,0,0,0,0,0,0,0,0,0,0,0,0,12878725120,5192368128,786054,316917,120389728,280,0,97,786432,405903015,811172,11,7637885965,12884901888,868088,1235391252,0,0,0,0,0,0,0,0,0,0,0,0,0,0,0,0,0,0,41093460,140991479,0,468,1202,7661,620,82187465,35,0,0,0,0,0,0,0,1,0,0,0,0,0,0,0,0,0,0,49961525,0,120388001,2093510,0,0,0,0,0,0,0,0,16384,0,0,0,0,0,0,0,0,0,0,0,7047,404,0,0,0,0,0,124925196,0,170,0,6,404,7047,0,0,0,0,0,0,0,0,0,0,0,0,0,0,0,0,0,0,0,0,0,0,0,0,0,0,0,0,0,0,0,0,0,0,0,0,0,0,0,0,0,0,0,0,0,0,0,0,0,0,0,0,0,0,621000798,0,0,0,883192211,0,0,0,0,0,0,0,179919173,406125619,743697161,346254836224,148118781,1,0,0,0,0,0,0,0,0,0,0,0,0,0,0,0,0,0,0,0,0,0,0,0,0,0,0,0,0,0,0,1752,0,0,0,0,0,0,0
1782469217.897,0,0,0,0,0,0,0,1552862972,6653209332224,2393857719296,0,0,0,0,0,0,0,0,0,0,0,0,0,0,0,0,0,0,0,0,0,0,0,0,0,0,0,0,0,0,0,0,0,0,0,0,0,0,0,0,0,0,0,0,0,0,0,0,0,0,0,0,0,0,0,0,0,0,7,1924143,407796309,120757462,0,0,0,0,0,0,0,0,0,0,0,0,0,0,0,0,0,0,0,0,0,0,0,0,0,0,0,0,0,0,0,0,0,0,0,0,0,12879085568,5201920000,786077,317501,120420918,239,0,117,786432,406018483,811172,11,7639537507,12884901888,870433,1235607618,0,0,0,0,0,0,0,0,0,0,0,0,0,0,0,0,0,0,41103176,141001196,0,468,1202,7661,620,82206898,35,0,0,0,0,0,0,0,1,0,0,0,0,0,0,0,0,0,0,49972538,0,120419191,2093931,0,0,0,0,0,0,0,0,16384,0,0,0,0,0,0,0,0,0,0,0,7048,404,0,0,0,0,0,124954743,0,170,0,6,404,7048,0,0,0,0,0,0,0,0,0,0,0,0,0,0,0,0,0,0,0,0,0,0,0,0,0,0,0,0,0,0,0,0,0,0,0,0,0,0,0,0,0,0,0,0,0,0,0,0,0,0,0,0,0,0,621140521,0,0,0,883357411,0,0,0,0,0,0,0,179936979,406240582,743869740,346327286272,148129834,1,1,0,0,0,0,0,0,0,0,0,0,0,0,0,0,0,0,0,0,0,0,0,0,0,0,0,0,0,0,0,823,0,0,0,0,0,0,0
1782469218.983,0,0,0,0,0,0,0,1553183922,6655056792064,2394450243584,0,0,0,0,0,0,0,0,0,0,0,0,0,0,0,0,0,0,0,0,0,0,0,0,0,0,0,0,0,0,0,0,0,0,0,0,0,0,0,0,0,0,0,0,0,0,0,0,0,0,0,0,0,0,0,0,0,0,7,1924163,407909939,120788708,0,0,0,0,0,0,0,0,0,0,0,0,0,0,0,0,0,0,0,0,0,0,0,0,0,0,0,0,0,0,0,0,0,0,0,0,0,12880396288,5211734016,786156,318099,120451168,173,0,106,786432,406131630,811172,11,7641151329,12884901888,872907,1235814584,0,0,0,0,0,0,0,0,0,0,0,0,0,0,0,0,0,0,41112687,141010707,0,468,1202,7661,620,82225928,35,0,0,0,0,0,0,0,1,0,0,0,0,0,0,0,0,0,0,49983310,0,120449441,2094335,0,0,0,0,0,0,0,0,16384,0,0,0,0,0,0,0,0,0,0,0,7049,404,0,0,0,0,0,124983691,0,170,0,6,404,7049,0,0,0,0,0,0,0,0,0,0,0,0,0,0,0,0,0,0,0,0,0,0,0,0,0,0,0,0,0,0,0,0,0,0,0,0,0,0,0,0,0,0,0,0,0,0,0,0,0,0,0,0,0,0,621274522,0,0,0,883517457,0,0,0,0,0,0,0,179955267,406353257,744036122,346397029376,148141352,1,0,0,0,0,0,0,0,0,0,0,0,0,0,0,0,0,0,0,0,0,0,0,0,0,0,0,0,0,0,0,2057,0,0,0,0,0,0,0
1782469220.068,0,0,0,0,0,0,0,1553483449,6656784337408,2395018469888,0,0,0,0,0,0,0,0,0,0,0,0,0,0,0,0,0,0,0,0,0,0,0,0,0,0,0,0,0,0,0,0,0,0,0,0,0,0,0,0,0,0,0,0,0,0,0,0,0,0,0,0,0,0,0,0,0,0,7,1924185,408016136,120818561,0,0,0,0,0,0,0,0,0,0,0,0,0,0,0,0,0,0,0,0,0,0,0,0,0,0,0,0,0,0,0,0,0,0,0,0,0,12876742656,5206851584,785934,317801,120480228,402,0,97,786432,406237369,811172,11,7642661907,12884901888,875559,1236011495,0,0,0,0,0,0,0,0,0,0,0,0,0,0,0,0,0,0,41121582,141019601,0,468,1202,7661,620,82243732,35,0,0,0,0,0,0,0,1,0,0,0,0,0,0,0,0,0,0,49993377,0,120478501,2094723,0,0,0,0,0,0,0,0,16384,0,0,0,0,0,0,0,0,0,0,0,7050,404,0,0,0,0,0,125010704,0,170,0,6,404,7050,0,0,0,0,0,0,0,0,0,0,0,0,0,0,0,0,0,0,0,0,0,0,0,0,0,0,0,0,0,0,0,0,0,0,0,0,0,0,0,0,0,0,0,0,0,0,0,0,0,0,0,0,0,0,621407135,0,0,0,883668590,0,0,0,0,0,0,0,179970846,406458580,744199478,346465747968,148151328,1,1,0,0,0,0,0,0,0,0,0,0,0,0,0,0,0,0,0,0,0,0,0,0,0,0,0,0,0,0,0,1512,0,0,0,0,0,0,0
1782469221.155,0,0,0,0,0,0,0,1553804947,6658642201088,2395614458368,0,0,0,0,0,0,0,0,0,0,0,0,0,0,0,0,0,0,0,0,0,0,0,0,0,0,0,0,0,0,0,0,0,0,0,0,0,0,0,0,0,0,0,0,0,0,0,0,0,0,0,0,0,0,0,0,0,0,7,1924209,408130434,120850010,0,0,0,0,0,0,0,0,0,0,0,0,0,0,0,0,0,0,0,0,0,0,0,0,0,0,0,0,0,0,0,0,0,0,0,0,0,12875268096,5213143040,785844,318185,120511047,491,0,96,786432,406351185,811172,11,7644281630,12884901888,877698,1236222266,0,0,0,0,0,0,0,0,0,0,0,0,0,0,0,0,0,0,41131121,141029141,0,468,1202,7661,620,82262783,35,0,0,0,0,0,0,0,1,0,0,0,0,0,0,0,0,0,0,50004175,0,120509320,2095147,0,0,0,0,0,0,0,0,16384,0,0,0,0,0,0,0,0,0,0,0,7051,404,0,0,0,0,0,125039661,0,170,0,6,404,7051,0,0,0,0,0,0,0,0,0,0,0,0,0,0,0,0,0,0,0,0,0,0,0,0,0,0,0,0,0,0,0,0,0,0,0,0,0,0,0,0,0,0,0,0,0,0,0,0,0,0,0,0,0,0,621542705,0,0,0,883830025,0,0,0,0,0,0,0,179989236,406571954,744367209,346536230400,148162860,1,0,0,0,0,0,0,0,0,0,0,0,0,0,0,0,0,0,0,0,0,0,0,0,0,0,0,0,0,0,0,1337,0,0,0,0,0,0,0
1782469222.242,0,0,0,0,0,0,0,1554129900,6660511369728,2396216038400,0,0,0,0,0,0,0,0,0,0,0,0,0,0,0,0,0,0,0,0,0,0,0,0,0,0,0,0,0,0,0,0,0,0,0,0,0,0,0,0,0,0,0,0,0,0,0,0,0,0,0,0,0,0,0,0,0,0,7,1924226,408245403,120881628,0,0,0,0,0,0,0,0,0,0,0,0,0,0,0,0,0,0,0,0,0,0,0,0,0,0,0,0,0,0,0,0,0,0,0,0,0,12876660736,5220876288,785929,318657,120541574,404,0,96,786432,406465662,811172,11,7645919090,12884901888,880849,1236434348,0,0,0,0,0,0,0,0,0,0,0,0,0,0,0,0,0,0,41140754,141038773,0,468,1202,7661,620,82282057,35,0,0,0,0,0,0,0,1,0,0,0,0,0,0,0,0,0,0,50015090,0,120539847,2095562,0,0,0,0,0,0,0,0,16384,0,0,0,0,0,0,0,0,0,0,0,7052,404,0,0,0,0,0,125068958,0,170,0,6,404,7052,0,0,0,0,0,0,0,0,0,0,0,0,0,0,0,0,0,0,0,0,0,0,0,0,0,0,0,0,0,0,0,0,0,0,0,0,0,0,0,0,0,0,0,0,0,0,0,0,0,0,0,0,0,0,621681553,0,0,0,883992978,0,0,0,0,0,0,0,180008059,406686010,744538868,346608288256,148174843,1,0,0,0,0,0,0,0,0,0,0,0,0,0,0,0,0,0,0,0,0,0,0,0,0,0,0,0,0,0,0,1556,0,0,0,0,0,0,0
1782469223.333,0,0,0,0,0,0,0,1554456264,6662383585792,2396818436096,0,0,0,0,0,0,0,0,0,0,0,0,0,0,0,0,0,0,0,0,0,0,0,0,0,0,0,0,0,0,0,0,0,0,0,0,0,0,0,0,0,0,0,0,0,0,0,0,0,0,0,0,0,0,0,0,0,0,7,1924248,408360565,120913397,0,0,0,0,0,0,0,0,0,0,0,0,0,0,0,0,0,0,0,0,0,0,0,0,0,0,0,0,0,0,0,0,0,0,0,0,0,12877627392,5228527616,785987,319123,120572425,345,0,97,786432,406580307,811172,11,7647563842,12884901888,883674,1236648928,0,0,0,0,0,0,0,0,0,0,0,0,0,0,0,0,0,0,41150436,141048455,0,468,1202,7661,620,82301422,35,0,0,0,0,0,0,0,1,0,0,0,0,0,0,0,0,0,0,50026048,0,120570698,2095977,0,0,0,0,0,0,0,0,16384,0,0,0,0,0,0,0,0,0,0,0,7053,404,0,0,0,0,0,125098403,0,170,0,6,404,7053,0,0,0,0,0,0,0,0,0,0,0,0,0,0,0,0,0,0,0,0,0,0,0,0,0,0,0,0,0,0,0,0,0,0,0,0,0,0,0,0,0,0,0,0,0,0,0,0,0,0,0,0,0,0,621820235,0,0,0,884157117,0,0,0,0,0,0,0,180026031,406800264,744710286,346680285184,148185962,1,0,0,0,0,0,0,0,0,0,0,0,0,0,0,0,0,0,0,0,0,0,0,0,0,0,0,0,0,0,0,1414,0,0,0,0,0,0,0
1782469224.424,0,0,0,0,0,0,0,1554777691,6664241875456,2397441098240,0,0,0,0,0,0,0,0,0,0,0,0,0,0,0,0,0,0,0,0,0,0,0,0,0,0,0,0,0,0,0,0,0,0,0,0,0,0,0,0,0,0,0,0,0,0,0,0,0,0,0,0,0,0,0,0,0,0,7,1924277,408474958,120946260,0,0,0,0,0,0,0,0,0,0,0,0,0,0,0,0,0,0,0,0,0,0,0,0,0,0,0,0,0,0,0,0,0,0,0,0,0,12880494592,5210112000,786162,318000,120603089,173,0,97,786432,406694204,811172,11,7649186855,12884901888,885699,1236861065,0,0,0,0,0,0,0,0,0,0,0,0,0,0,0,0,0,0,41160004,141058026,0,468,1202,7661,620,82320559,35,0,0,0,0,0,0,0,1,0,0,0,0,0,0,0,0,0,0,50036896,0,120602770,2096401,0,0,0,0,0,0,0,0,16384,0,0,0,0,0,0,0,0,0,0,0,7054,404,0,0,0,0,0,125127474,0,170,0,6,404,7054,0,0,0,0,0,0,0,0,0,0,0,0,0,0,0,0,0,0,0,0,0,0,0,0,0,0,0,0,0,0,0,0,0,0,0,0,0,0,0,0,0,0,0,0,0,0,0,0,0,0,0,0,0,0,621957937,0,0,0,884319568,0,0,0,0,0,0,0,180044460,406913689,744881705,346751784960,148197404,1,0,0,0,0,0,0,0,0,0,0,0,0,0,0,0,0,0,0,0,0,0,0,0,0,0,0,0,0,0,0,541,0,0,0,0,0,0,0
1782469225.509,0,0,0,0,0,0,0,1555091537,6666045458944,2398065280000,0,0,0,0,0,0,0,0,0,0,0,0,0,0,0,0,0,0,0,0,0,0,0,0,0,0,0,0,0,0,0,0,0,0,0,0,0,0,0,0,0,0,0,0,0,0,0,0,0,0,0,0,0,0,0,0,0,0,7,1924306,408585927,120979605,0,0,0,0,0,0,0,0,0,0,0,0,0,0,0,0,0,0,0,0,0,0,0,0,0,0,0,0,0,0,0,0,0,0,0,0,0,12880330752,5172707328,786153,315717,120633446,160,0,119,786432,406804727,811172,11,7650767293,12884901888,888077,1237065494,0,0,0,0,0,0,0,0,0,0,0,0,0,0,0,0,0,0,41169312,141067333,0,468,1202,7661,620,82339175,35,0,0,0,0,0,0,0,1,0,0,0,0,0,0,0,0,0,0,50047443,0,120635431,2096836,0,0,0,0,0,0,0,0,16384,0,0,0,0,0,0,0,0,0,0,0,7055,404,0,0,0,0,0,125155756,0,170,0,6,404,7055,0,0,0,0,0,0,0,0,0,0,0,0,0,0,0,0,0,0,0,0,0,0,0,0,0,0,0,0,0,0,0,0,0,0,0,0,0,0,0,0,0,0,0,0,0,0,0,0,0,0,0,0,0,0,622091449,0,0,0,884476910,0,0,0,0,0,0,0,180062892,407023679,745049378,346821213696,148208847,1,1,0,0,0,0,0,0,0,0,0,0,0,0,0,0,0,0,0,0,0,0,0,0,0,0,0,0,0,0,0,858,0,0,0,0,0,0,0
1782469226.589,0,0,0,0,0,0,0,1555410776,6667888806400,2398670429184,0,0,0,0,0,0,0,0,0,0,0,0,0,0,0,0,0,0,0,0,0,0,0,0,0,0,0,0,0,0,0,0,0,0,0,0,0,0,0,0,0,0,0,0,0,0,0,0,0,0,0,0,0,0,0,0,0,0,7,1924328,408699342,121011604,0,0,0,0,0,0,0,0,0,0,0,0,0,0,0,0,0,0,0,0,0,0,0,0,0,0,0,0,0,0,0,0,0,0,0,0,0,12877119488,5169266688,785957,315507,120668192,377,0,99,786432,406917679,811172,11,7652371603,12884901888,890701,1237269741,0,0,0,0,0,0,0,0,0,0,0,0,0,0,0,0,0,0,41178780,141076800,0,468,1202,7661,620,82358114,35,0,0,0,0,0,0,0,1,0,0,0,0,0,0,0,0,0,0,50058156,0,120666465,2097257,0,0,0,0,0,0,0,0,16384,0,0,0,0,0,0,0,0,0,0,0,7057,404,0,0,0,0,0,125184530,0,170,0,6,404,7057,0,0,0,0,0,0,0,0,0,0,0,0,0,0,0,0,0,0,0,0,0,0,0,0,0,0,0,0,0,0,0,0,0,0,0,0,0,0,0,0,0,0,0,0,0,0,0,0,0,0,0,0,0,0,622226188,0,0,0,884635689,0,0,0,0,0,0,0,180081354,407136149,745217080,346891128320,148220358,1,0,0,0,0,0,0,0,0,0,0,0,0,0,0,0,0,0,0,0,0,0,0,0,0,0,0,0,0,0,0,2527,0,0,0,0,0,0,0
1782469227.672,0,0,0,0,0,0,0,1555731423,6669733906944,2399264469504,0,0,0,0,0,0,0,0,0,0,0,0,0,0,0,0,0,0,0,0,0,0,0,0,0,0,0,0,0,0,0,0,0,0,0,0,0,0,0,0,0,0,0,0,0,0,0,0,0,0,0,0,0,0,0,0,0,0,7,1924350,408812906,121042869,0,0,0,0,0,0,0,0,0,0,0,0,0,0,0,0,0,0,0,0,0,0,0,0,0,0,0,0,0,0,0,0,0,0,0,0,0,12878462976,5177376768,786039,316002,120698597,295,0,97,786432,407030710,811172,11,7653992688,12884901888,893207,1237484375,0,0,0,0,0,0,0,0,0,0,0,0,0,0,0,0,0,0,41188300,141086318,0,468,1202,7661,620,82377153,35,0,0,0,0,0,0,0,1,0,0,0,0,0,0,0,0,0,0,50068932,0,120696998,2097673,0,0,0,0,0,0,0,0,16384,0,0,0,0,0,0,0,0,0,0,0,7058,404,0,0,0,0,0,125213476,0,170,0,6,404,7058,0,0,0,0,0,0,0,0,0,0,0,0,0,0,0,0,0,0,0,0,0,0,0,0,0,0,0,0,0,0,0,0,0,0,0,0,0,0,0,0,0,0,0,0,0,0,0,0,0,0,0,0,0,0,622362613,0,0,0,884798579,0,0,0,0,0,0,0,180099577,407248711,745385657,346962053120,148231841,1,0,0,0,0,0,0,0,0,0,0,0,0,0,0,0,0,0,0,0,0,0,0,0,0,0,0,0,0,0,0,697,0,0,0,0,0,0,0
1782469228.758,0,0,0,0,0,0,0,1556044444,6671534557696,2399844862464,0,0,0,0,0,0,0,0,0,0,0,0,0,0,0,0,0,0,0,0,0,0,0,0,0,0,0,0,0,0,0,0,0,0,0,0,0,0,0,0,0,0,0,0,0,0,0,0,0,0,0,0,0,0,0,0,0,0,7,1924368,408923640,121073397,0,0,0,0,0,0,0,0,0,0,0,0,0,0,0,0,0,0,0,0,0,0,0,0,0,0,0,0,0,0,0,0,0,0,0,0,0,12877512704,5184520192,785981,316438,120728204,354,0,96,786432,407140992,811172,11,7655568208,12884901888,896425,1237688607,0,0,0,0,0,0,0,0,0,0,0,0,0,0,0,0,0,0,41197569,141095585,0,468,1202,7661,620,82395692,35,0,0,0,0,0,0,0,1,0,0,0,0,0,0,0,0,0,0,50079424,0,120726477,2098085,0,0,0,0,0,0,0,0,16384,0,0,0,0,0,0,0,0,0,0,0,7059,404,0,0,0,0,0,125241664,0,170,0,6,404,7059,0,0,0,0,0,0,0,0,0,0,0,0,0,0,0,0,0,0,0,0,0,0,0,0,0,0,0,0,0,0,0,0,0,0,0,0,0,0,0,0,0,0,0,0,0,0,0,0,0,0,0,0,0,0,622496207,0,0,0,884955367,0,0,0,0,0,0,0,180117082,407358525,745550869,347031438848,148242880,1,1,0,0,0,0,0,0,0,0,0,0,0,0,0,0,0,0,0,0,0,0,0,0,0,0,0,0,0,0,0,1016,0,0,0,0,0,0,0
1782469229.842,0,0,0,0,0,0,0,1556354224,6673319168512,2400422706176,0,0,0,0,0,0,0,0,0,0,0,0,0,0,0,0,0,0,0,0,0,0,0,0,0,0,0,0,0,0,0,0,0,0,0,0,0,0,0,0,0,0,0,0,0,0,0,0,0,0,0,0,0,0,0,0,0,0,7,1924387,409033433,121103749,0,0,0,0,0,0,0,0,0,0,0,0,0,0,0,0,0,0,0,0,0,0,0,0,0,0,0,0,0,0,0,0,0,0,0,0,0,12878528512,5190205440,786042,316785,120757754,291,0,98,786432,407250318,811172,11,7657127713,12884901888,898716,1237890513,0,0,0,0,0,0,0,0,0,0,0,0,0,0,0,0,0,0,41206754,141104777,0,468,1202,7661,620,82414061,35,0,0,0,0,0,0,0,1,0,0,0,0,0,0,0,0,0,0,50089832,0,120756083,2098490,0,0,0,0,0,0,0,0,16384,0,0,0,0,0,0,0,0,0,0,0,7060,404,0,0,0,0,0,125269572,0,170,0,6,404,7060,0,0,0,0,0,0,0,0,0,0,0,0,0,0,0,0,0,0,0,0,0,0,0,0,0,0,0,0,0,0,0,0,0,0,0,0,0,0,0,0,0,0,0,0,0,0,0,0,0,0,0,0,0,0,622631780,0,0,0,885110677,0,0,0,0,0,0,0,180133997,407467443,745717710,347101613568,148253493,1,0,0,0,0,0,0,0,0,0,0,0,0,0,0,0,0,0,0,0,0,0,0,0,0,0,0,0,0,0,0,1343,0,0,0,0,0,0,0
1782469230.933,0,0,0,0,0,0,0,1556679917,6675198642688,2401027753472,0,0,0,0,0,0,0,0,0,0,0,0,0,0,0,0,0,0,0,0,0,0,0,0,0,0,0,0,0,0,0,0,0,0,0,0,0,0,0,0,0,0,0,0,0,0,0,0,0,0,0,0,0,0,0,0,0,0,7,1924411,409149042,121135634,0,0,0,0,0,0,0,0,0,0,0,0,0,0,0,0,0,0,0,0,0,0,0,0,0,0,0,0,0,0,0,0,0,0,0,0,0,12877021184,5197332480,785953,317220,120788892,387,0,100,786432,407365433,811172,11,7658770118,12884901888,901167,1238105512,0,0,0,0,0,0,0,0,0,0,0,0,0,0,0,0,0,0,41216421,141114443,0,468,1202,7661,620,82433387,35,0,0,0,0,0,0,0,1,0,0,0,0,0,0,0,0,0,0,50100784,0,120787165,2098916,0,0,0,0,0,0,0,0,16384,0,0,0,0,0,0,0,0,0,0,0,7061,404,0,0,0,0,0,125298957,0,170,0,6,404,7061,0,0,0,0,0,0,0,0,0,0,0,0,0,0,0,0,0,0,0,0,0,0,0,0,0,0,0,0,0,0,0,0,0,0,0,0,0,0,0,0,0,0,0,0,0,0,0,0,0,0,0,0,0,0,622770600,0,0,0,885274851,0,0,0,0,0,0,0,180153559,407582154,745889322,347173536256,148265992,1,0,0,0,0,0,0,0,0,0,0,0,0,0,0,0,0,0,0,0,0,0,0,0,0,0,0,0,0,0,0,574,0,0,0,0,0,0,0
1782469232.025,0,0,0,0,0,0,0,1556998862,6677036861952,2401619747328,0,0,0,0,0,0,0,0,0,0,0,0,0,0,0,0,0,0,0,0,0,0,0,0,0,0,0,0,0,0,0,0,0,0,0,0,0,0,0,0,0,0,0,0,0,0,0,0,0,0,0,0,0,0,0,0,0,0,7,1924431,409262115,121166836,0,0,0,0,0,0,0,0,0,0,0,0,0,0,0,0,0,0,0,0,0,0,0,0,0,0,0,0,0,0,0,0,0,0,0,0,0,12879216640,5204672512,786085,317668,120819126,253,0,96,786432,407478022,811172,11,7660378761,12884901888,903468,1238315125,0,0,0,0,0,0,0,0,0,0,0,0,0,0,0,0,0,0,41225878,141123900,0,468,1202,7661,620,82452301,35,0,0,0,0,0,0,0,1,0,0,0,0,0,0,0,0,0,0,50111502,0,120817527,2099329,0,0,0,0,0,0,0,0,16384,0,0,0,0,0,0,0,0,0,0,0,7062,404,0,0,0,0,0,125327731,0,170,0,6,404,7062,0,0,0,0,0,0,0,0,0,0,0,0,0,0,0,0,0,0,0,0,0,0,0,0,0,0,0,0,0,0,0,0,0,0,0,0,0,0,0,0,0,0,0,0,0,0,0,0,0,0,0,0,0,0,622905521,0,0,0,885435321,0,0,0,0,0,0,0,180172485,407694324,746056389,347243712512,148277926,1,1,0,0,0,0,0,0,0,0,0,0,0,0,0,0,0,0,0,0,0,0,0,0,0,0,0,0,0,0,0,337,0,0,0,0,0,0,0
1782469233.112,0,0,0,0,0,0,0,1557321410,6678907406848,2402218772992,0,0,0,0,0,0,0,0,0,0,0,0,0,0,0,0,0,0,0,0,0,0,0,0,0,0,0,0,0,0,0,0,0,0,0,0,0,0,0,0,0,0,0,0,0,0,0,0,0,0,0,0,0,0,0,0,0,0,7,1924446,409377184,121198433,0,0,0,0,0,0,0,0,0,0,0,0,0,0,0,0,0,0,0,0,0,0,0,0,0,0,0,0,0,0,0,0,0,0,0,0,0,12879151104,5207932928,786082,317867,120850223,258,0,97,786432,407592554,811172,11,7661999984,12884901888,905295,1238521490,0,0,0,0,0,0,0,0,0,0,0,0,0,0,0,0,0,0,41235447,141133466,0,468,1202,7661,620,82471434,35,0,0,0,0,0,0,0,1,0,0,0,0,0,0,0,0,0,0,50122339,0,120848496,2099760,0,0,0,0,0,0,0,0,16384,0,0,0,0,0,0,0,0,0,0,0,7063,404,0,0,0,0,0,125356782,0,170,0,6,404,7063,0,0,0,0,0,0,0,0,0,0,0,0,0,0,0,0,0,0,0,0,0,0,0,0,0,0,0,0,0,0,0,0,0,0,0,0,0,0,0,0,0,0,0,0,0,0,0,0,0,0,0,0,0,0,623040861,0,0,0,885595622,0,0,0,0,0,0,0,180190816,407808438,746224008,347314021888,148289548,1,0,0,0,0,0,0,0,0,0,0,0,0,0,0,0,0,0,0,0,0,0,0,0,0,0,0,0,0,0,0,2177,0,0,0,0,0,0,0
1782469234.198,0,0,0,0,0,0,0,1557648939,6680790780416,2402825918464,0,0,0,0,0,0,0,0,0,0,0,0,0,0,0,0,0,0,0,0,0,0,0,0,0,0,0,0,0,0,0,0,0,0,0,0,0,0,0,0,0,0,0,0,0,0,0,0,0,0,0,0,0,0,0,0,0,0,7,1924466,409493122,121230411,0,0,0,0,0,0,0,0,0,0,0,0,0,0,0,0,0,0,0,0,0,0,0,0,0,0,0,0,0,0,0,0,0,0,0,0,0,12880740352,5214437376,786178,318264,120881348,158,0,98,786432,407707968,811172,11,7663651671,12884901888,907892,1238736972,0,0,0,0,0,0,0,0,0,0,0,0,0,0,0,0,0,0,41245170,141143190,0,468,1202,7661,620,82490882,35,0,0,0,0,0,0,0,1,0,0,0,0,0,0,0,0,0,0,50133357,0,120879621,2100177,0,0,0,0,0,0,0,0,16384,0,0,0,0,0,0,0,0,0,0,0,7064,404,0,0,0,0,0,125386326,0,170,0,6,404,7064,0,0,0,0,0,0,0,0,0,0,0,0,0,0,0,0,0,0,0,0,0,0,0,0,0,0,0,0,0,0,0,0,0,0,0,0,0,0,0,0,0,0,0,0,0,0,0,0,0,0,0,0,0,0,623180350,0,0,0,885760710,0,0,0,0,0,0,0,180209139,407923363,746396422,347386462208,148301045,1,1,0,0,0,0,0,0,0,0,0,0,0,0,0,0,0,0,0,0,0,0,0,0,0,0,0,0,0,0,0,1697,0,0,0,0,0,0,0
1782469235.290,0,0,0,0,0,0,0,1557977213,6682682345984,2403432023040,0,0,0,0,0,0,0,0,0,0,0,0,0,0,0,0,0,0,0,0,0,0,0,0,0,0,0,0,0,0,0,0,0,0,0,0,0,0,0,0,0,0,0,0,0,0,0,0,0,0,0,0,0,0,0,0,0,0,7,1924490,409609456,121262315,0,0,0,0,0,0,0,0,0,0,0,0,0,0,0,0,0,0,0,0,0,0,0,0,0,0,0,0,0,0,0,0,0,0,0,0,0,12878708736,5223972864,786054,318846,120912660,279,0,97,786432,407823759,811172,11,7665306638,12884901888,909693,1238952683,0,0,0,0,0,0,0,0,0,0,0,0,0,0,0,0,0,0,41254921,141152941,0,468,1202,7661,620,82510394,35,0,0,0,0,0,0,0,1,0,0,0,0,0,0,0,0,0,0,50144388,0,120910933,2100606,0,0,0,0,0,0,0,0,16384,0,0,0,0,0,0,0,0,0,0,0,7065,404,0,0,0,0,0,125415975,0,170,0,6,404,7065,0,0,0,0,0,0,0,0,0,0,0,0,0,0,0,0,0,0,0,0,0,0,0,0,0,0,0,0,0,0,0,0,0,0,0,0,0,0,0,0,0,0,0,0,0,0,0,0,0,0,0,0,0,0,623319476,0,0,0,885926233,0,0,0,0,0,0,0,180227178,408038806,746568126,347458703872,148312270,1,1,0,0,0,0,0,0,0,0,0,0,0,0,0,0,0,0,0,0,0,0,0,0,0,0,0,0,0,0,0,1156,0,0,0,0,0,0,0
1782469236.375,0,0,0,0,0,0,0,1558300144,6684546812416,2404033284608,0,0,0,0,0,0,0,0,0,0,0,0,0,0,0,0,0,0,0,0,0,0,0,0,0,0,0,0,0,0,0,0,0,0,0,0,0,0,0,0,0,0,0,0,0,0,0,0,0,0,0,0,0,0,0,0,0,0,7,1924512,409724157,121293912,0,0,0,0,0,0,0,0,0,0,0,0,0,0,0,0,0,0,0,0,0,0,0,0,0,0,0,0,0,0,0,0,0,0,0,0,0,12880510976,5229756416,786164,319198,120943082,169,0,96,786432,407937949,811172,11,7666935444,12884901888,912684,1239165623,0,0,0,0,0,0,0,0,0,0,0,0,0,0,0,0,0,0,41264490,141162511,0,468,1202,7661,620,82529531,35,0,0,0,0,0,0,0,1,0,0,0,0,0,0,0,0,0,0,50155216,0,120941355,2101039,0,0,0,0,0,0,0,0,16384,0,0,0,0,0,0,0,0,0,0,0,7066,404,0,0,0,0,0,125445040,0,170,0,6,404,7066,0,0,0,0,0,0,0,0,0,0,0,0,0,0,0,0,0,0,0,0,0,0,0,0,0,0,0,0,0,0,0,0,0,0,0,0,0,0,0,0,0,0,0,0,0,0,0,0,0,0,0,0,0,0,623456431,0,0,0,886088541,0,0,0,0,0,0,0,180246068,408152529,746737742,347529772544,148323950,1,0,0,0,0,0,0,0,0,0,0,0,0,0,0,0,0,0,0,0,0,0,0,0,0,0,0,0,0,0,0,863,0,0,0,0,0,0,0
1782469237.464,0,0,0,0,0,0,0,1558610398,6686340172288,2404636637184,0,0,0,0,0,0,0,0,0,0,0,0,0,0,0,0,0,0,0,0,0,0,0,0,0,0,0,0,0,0,0,0,0,0,0,0,0,0,0,0,0,0,0,0,0,0,0,0,0,0,0,0,0,0,0,0,0,0,7,1924526,409834500,121325921,0,0,0,0,0,0,0,0,0,0,0,0,0,0,0,0,0,0,0,0,0,0,0,0,0,0,0,0,0,0,0,0,0,0,0,0,0,12878675968,5210292224,786053,318012,120972693,286,0,96,786432,408047820,811172,11,7668499096,12884901888,915340,1239367735,0,0,0,0,0,0,0,0,0,0,0,0,0,0,0,0,0,0,41273715,141171735,0,468,1202,7661,620,82547970,35,0,0,0,0,0,0,0,1,0,0,0,0,0,0,0,0,0,0,50165661,0,120972502,2101447,0,0,0,0,0,0,0,0,16384,0,0,0,0,0,0,0,0,0,0,0,7067,404,0,0,0,0,0,125473086,0,170,0,6,404,7067,0,0,0,0,0,0,0,0,0,0,0,0,0,0,0,0,0,0,0,0,0,0,0,0,0,0,0,0,0,0,0,0,0,0,0,0,0,0,0,0,0,0,0,0,0,0,0,0,0,0,0,0,0,0,623588991,0,0,0,886244126,0,0,0,0,0,0,0,180263617,408261866,746903331,347598494720,148334890,1,0,0,0,0,0,0,0,0,0,0,0,0,0,0,0,0,0,0,0,0,0,0,0,0,0,0,0,0,0,0,1088,0,0,0,0,0,0,0
1782469238.544,0,0,0,0,0,0,0,1558897847,6688005622272,2405217727488,0,0,0,0,0,0,0,0,0,0,0,0,0,0,0,0,0,0,0,0,0,0,0,0,0,0,0,0,0,0,0,0,0,0,0,0,0,0,0,0,0,0,0,0,0,0,0,0,0,0,0,0,0,0,0,0,0,0,7,1924542,409936976,121356595,0,0,0,0,0,0,0,0,0,0,0,0,0,0,0,0,0,0,0,0,0,0,0,0,0,0,0,0,0,0,0,0,0,0,0,0,0,12879265792,5176377344,786088,315941,120999715,248,0,96,786432,408149868,811172,11,7669945643,12884901888,919329,1239554943,0,0,0,0,0,0,0,0,0,0,0,0,0,0,0,0,0,0,41282236,141180258,0,468,1202,7661,620,82565017,35,0,0,0,0,0,0,0,1,0,0,0,0,0,0,0,0,0,0,50175310,0,121001828,2101821,0,0,0,0,0,0,0,0,16384,0,0,0,0,0,0,0,0,0,0,0,7068,404,0,0,0,0,0,125498995,0,170,0,6,404,7068,0,0,0,0,0,0,0,0,0,0,0,0,0,0,0,0,0,0,0,0,0,0,0,0,0,0,0,0,0,0,0,0,0,0,0,0,0,0,0,0,0,0,0,0,0,0,0,0,0,0,0,0,0,0,623717797,0,0,0,886387609,0,0,0,0,0,0,0,180278570,408363433,747064303,347665080832,148344204,1,0,0,0,0,0,0,0,0,0,0,0,0,0,0,0,0,0,0,0,0,0,0,0,0,0,0,0,0,0,0,1780,0,0,0,0,0,0,0
1782469239.624,0,0,0,0,0,0,0,1559227283,6689893534208,2405827548672,0,0,0,0,0,0,0,0,0,0,0,0,0,0,0,0,0,0,0,0,0,0,0,0,0,0,0,0,0,0,0,0,0,0,0,0,0,0,0,0,0,0,0,0,0,0,0,0,0,0,0,0,0,0,0,0,0,0,7,1924562,410053067,121389019,0,0,0,0,0,0,0,0,0,0,0,0,0,0,0,0,0,0,0,0,0,0,0,0,0,0,0,0,0,0,0,0,0,0,0,0,0,12880396288,5175803904,786157,315906,121035365,178,0,97,786432,408265465,811172,11,7671607981,12884901888,921110,1239773708,0,0,0,0,0,0,0,0,0,0,0,0,0,0,0,0,0,0,41291978,141189998,0,468,1202,7661,620,82584496,35,0,0,0,0,0,0,0,1,0,0,0,0,0,0,0,0,0,0,50186342,0,121033713,2102250,0,0,0,0,0,0,0,0,16384,0,0,0,0,0,0,0,0,0,0,0,7070,404,0,0,0,0,0,125528609,0,170,0,6,404,7070,0,0,0,0,0,0,0,0,0,0,0,0,0,0,0,0,0,0,0,0,0,0,0,0,0,0,0,0,0,0,0,0,0,0,0,0,0,0,0,0,0,0,0,0,0,0,0,0,0,0,0,0,0,0,623854516,0,0,0,886554398,0,0,0,0,0,0,0,180297039,408478562,747234094,347736295424,148355727,1,1,0,0,0,0,0,0,0,0,0,0,0,0,0,0,0,0,0,0,0,0,0,0,0,0,0,0,0,0,0,417,0,0,0,0,0,0,0
1782469240.715,0,0,0,0,0,0,0,1559555860,6691795765760,2406437978624,0,0,0,0,0,0,0,0,0,0,0,0,0,0,0,0,0,0,0,0,0,0,0,0,0,0,0,0,0,0,0,0,0,0,0,0,0,0,0,0,0,0,0,0,0,0,0,0,0,0,0,0,0,0,0,0,0,0,7,1924590,410170121,121421156,0,0,0,0,0,0,0,0,0,0,0,0,0,0,0,0,0,0,0,0,0,0,0,0,0,0,0,0,0,0,0,0,0,0,0,0,0,12878299136,5181325312,786029,316243,121067100,307,0,96,786432,408381994,811172,11,7673265189,12884901888,922463,1239988579,0,0,0,0,0,0,0,0,0,0,0,0,0,0,0,0,0,0,41301736,141199755,0,468,1202,7661,620,82604025,35,0,0,0,0,0,0,0,1,0,0,0,0,0,0,0,0,0,0,50197394,0,121065373,2102681,0,0,0,0,0,0,0,0,16384,0,0,0,0,0,0,0,0,0,0,0,7071,404,0,0,0,0,0,125558242,0,170,0,6,404,7071,0,0,0,0,0,0,0,0,0,0,0,0,0,0,0,0,0,0,0,0,0,0,0,0,0,0,0,0,0,0,0,0,0,0,0,0,0,0,0,0,0,0,0,0,0,0,0,0,0,0,0,0,0,0,623994125,0,0,0,886719191,0,0,0,0,0,0,0,180314764,408594637,747406314,347808880128,148366931,1,0,0,0,0,0,0,0,0,0,0,0,0,0,0,0,0,0,0,0,0,0,0,0,0,0,0,0,0,0,0,720,0,0,0,0,0,0,0
1782469241.804,0,0,0,0,0,0,0,1559874472,6693635951104,2407033891328,0,0,0,0,0,0,0,0,0,0,0,0,0,0,0,0,0,0,0,0,0,0,0,0,0,0,0,0,0,0,0,0,0,0,0,0,0,0,0,0,0,0,0,0,0,0,0,0,0,0,0,0,0,0,0,0,0,0,7,1924608,410283336,121452539,0,0,0,0,0,0,0,0,0,0,0,0,0,0,0,0,0,0,0,0,0,0,0,0,0,0,0,0,0,0,0,0,0,0,0,0,0,12879527936,5186617344,786104,316566,121097289,230,0,100,786432,408494711,811172,11,7674871936,12884901888,925725,1240197882,0,0,0,0,0,0,0,0,0,0,0,0,0,0,0,0,0,0,41311206,141209226,0,468,1202,7661,620,82622955,35,0,0,0,0,0,0,0,1,0,0,0,0,0,0,0,0,0,0,50208123,0,121095562,2103093,0,0,0,0,0,0,0,0,16384,0,0,0,0,0,0,0,0,0,0,0,7072,404,0,0,0,0,0,125587031,0,170,0,6,404,7072,0,0,0,0,0,0,0,0,0,0,0,0,0,0,0,0,0,0,0,0,0,0,0,0,0,0,0,0,0,0,0,0,0,0,0,0,0,0,0,0,0,0,0,0,0,0,0,0,0,0,0,0,0,0,624130477,0,0,0,886879451,0,0,0,0,0,0,0,180333592,408706927,747575372,347879664640,148378635,1,0,0,0,0,0,0,0,0,0,0,0,0,0,0,0,0,0,0,0,0,0,0,0,0,0,0,0,0,0,0,569,0,0,0,0,0,0,0
1782469242.896,0,0,0,0,0,0,0,1560207817,6695554206208,2407643231232,0,0,0,0,0,0,0,0,0,0,0,0,0,0,0,0,0,0,0,0,0,0,0,0,0,0,0,0,0,0,0,0,0,0,0,0,0,0,0,0,0,0,0,0,0,0,0,0,0,0,0,0,0,0,0,0,0,0,7,1924626,410401369,121484601,0,0,0,0,0,0,0,0,0,0,0,0,0,0,0,0,0,0,0,0,0,0,0,0,0,0,0,0,0,0,0,0,0,0,0,0,0,12880101376,5201281024,786139,317460,121128810,196,0,97,786432,408612201,811172,11,7676550047,12884901888,927064,1240414745,0,0,0,0,0,0,0,0,0,0,0,0,0,0,0,0,0,0,41321098,141219118,0,468,1202,7661,620,82642733,35,0,0,0,0,0,0,0,1,0,0,0,0,0,0,0,0,0,0,50219318,0,121127145,2103518,0,0,0,0,0,0,0,0,16384,0,0,0,0,0,0,0,0,0,0,0,7073,405,0,0,0,0,0,125617084,0,172,0,6,405,7073,0,0,0,0,1,0,0,0,0,0,0,0,0,0,0,0,0,0,0,0,0,0,0,0,0,0,0,0,0,0,0,0,0,0,0,0,0,0,0,0,0,0,0,0,0,0,0,0,0,0,0,0,0,0,624269864,0,0,0,887046453,0,0,0,0,0,0,0,180351370,408823917,747747424,347952189440,148389751,1,0,0,0,0,0,0,0,0,0,0,0,0,0,0,0,0,0,0,0,0,0,0,0,0,0,0,0,0,0,0,1068,0,0,0,0,0,0,0
1782469243.986,0,0,0,0,0,0,0,1560534299,6697442576896,2408248178176,0,0,0,0,0,0,0,0,0,0,0,0,0,0,0,0,0,0,0,0,0,0,0,0,0,0,0,0,0,0,0,0,0,0,0,0,0,0,0,0,0,0,0,0,0,0,0,0,0,0,0,0,0,0,0,0,0,0,7,1924645,410517499,121516474,0,0,0,0,0,0,0,0,0,0,0,0,0,0,0,0,0,0,0,0,0,0,0,0,0,0,0,0,0,0,0,0,0,0,0,0,0,12874940416,5210161152,785824,318003,121159949,511,0,97,786432,408727835,811172,11,7678195123,12884901888,929560,1240626538,0,0,0,0,0,0,0,0,0,0,0,0,0,0,0,0,0,0,41330782,141228804,0,468,1202,7661,620,82662113,35,0,0,0,0,0,0,0,1,0,0,0,0,0,0,0,0,0,0,50230286,0,121158222,2103948,0,0,0,0,0,0,0,0,16384,0,0,0,0,0,0,0,0,0,0,0,7074,405,0,0,0,0,0,125646505,0,172,0,6,405,7074,0,0,0,0,0,0,0,0,0,0,0,0,0,0,0,0,0,0,0,0,0,0,0,0,0,0,0,0,0,0,0,0,0,0,0,0,0,0,0,0,0,0,0,0,0,0,0,0,0,0,0,0,0,0,624408000,0,0,0,887209970,0,0,0,0,0,0,0,180370199,408939036,747918291,348023878656,148401447,1,1,0,0,0,0,0,0,0,0,0,0,0,0,0,0,0,0,0,0,0,0,0,0,0,0,0,0,0,0,0,1704,0,0,0,0,0,0,0
1782469245.079,0,0,0,0,0,0,0,1560867335,6699362961920,2408861567488,0,0,0,0,0,0,0,0,0,0,0,0,0,0,0,0,0,0,0,0,0,0,0,0,0,0,0,0,0,0,0,0,0,0,0,0,0,0,0,0,0,0,0,0,0,0,0,0,0,0,0,0,0,0,0,0,0,0,7,1924672,410635649,121548751,0,0,0,0,0,0,0,0,0,0,0,0,0,0,0,0,0,0,0,0,0,0,0,0,0,0,0,0,0,0,0,0,0,0,0,0,0,12880068608,5219450880,786137,318571,121191803,185,0,111,786432,408845472,811172,11,7679875234,12884901888,930963,1240844808,0,0,0,0,0,0,0,0,0,0,0,0,0,0,0,0,0,0,41340667,141238689,0,468,1202,7661,620,82681890,35,0,0,0,0,0,0,0,1,0,0,0,0,0,0,0,0,0,0,50241490,0,121190076,2104377,0,0,0,0,0,0,0,0,16384,0,0,0,0,0,0,0,0,0,0,0,7075,405,0,0,0,0,0,125676580,0,172,0,6,405,7075,0,0,0,0,0,0,0,0,0,0,0,0,0,0,0,0,0,0,0,0,0,0,0,0,0,0,0,0,0,0,0,0,0,0,0,0,0,0,0,0,0,0,0,0,0,0,0,0,0,0,0,0,0,0,624548545,0,0,0,887377409,0,0,0,0,0,0,0,180388804,409056173,748091707,348096994816,148412956,1,0,0,0,0,0,0,0,0,0,0,0,0,0,0,0,0,0,0,0,0,0,0,0,0,0,0,0,0,0,0,1523,0,0,0,0,0,0,0
1782469246.169,0,0,0,0,0,0,0,1561188870,6701210667520,2409457250816,0,0,0,0,0,0,0,0,0,0,0,0,0,0,0,0,0,0,0,0,0,0,0,0,0,0,0,0,0,0,0,0,0,0,0,0,0,0,0,0,0,0,0,0,0,0,0,0,0,0,0,0,0,0,0,0,0,0,7,1924695,410749242,121580073,0,0,0,0,0,0,0,0,0,0,0,0,0,0,0,0,0,0,0,0,0,0,0,0,0,0,0,0,0,0,0,0,0,0,0,0,0,12877938688,5227823104,786007,319081,121222047,329,0,96,786432,408958563,811172,11,7681497376,12884901888,934238,1241056730,0,0,0,0,0,0,0,0,0,0,0,0,0,0,0,0,0,0,41350213,141248235,0,468,1202,7661,620,82700977,35,0,0,0,0,0,0,0,1,0,0,0,0,0,0,0,0,0,0,50252295,0,121220320,2104779,0,0,0,0,0,0,0,0,16384,0,0,0,0,0,0,0,0,0,0,0,7076,405,0,0,0,0,0,125705608,0,172,0,6,405,7076,0,0,0,0,0,0,0,0,0,0,0,0,0,0,0,0,0,0,0,0,0,0,0,0,0,0,0,0,0,0,0,0,0,0,0,0,0,0,0,0,0,0,0,0,0,0,0,0,0,0,0,0,0,0,624686460,0,0,0,887539537,0,0,0,0,0,0,0,180407410,409168868,748262087,348168466944,148424627,1,1,0,0,0,0,0,0,0,0,0,0,0,0,0,0,0,0,0,0,0,0,0,0,0,0,0,0,0,0,0,1071,0,0,0,0,0,0,0
1782469247.261,0,0,0,0,0,0,0,1561499842,6703001504256,2410041951232,0,0,0,0,0,0,0,0,0,0,0,0,0,0,0,0,0,0,0,0,0,0,0,0,0,0,0,0,0,0,0,0,0,0,0,0,0,0,0,0,0,0,0,0,0,0,0,0,0,0,0,0,0,0,0,0,0,0,7,1924715,410859428,121610856,0,0,0,0,0,0,0,0,0,0,0,0,0,0,0,0,0,0,0,0,0,0,0,0,0,0,0,0,0,0,0,0,0,0,0,0,0,12878921728,5229559808,786067,319187,121252083,268,0,97,786432,409068322,811172,11,7683066175,12884901888,936433,1241262385,0,0,0,0,0,0,0,0,0,0,0,0,0,0,0,0,0,0,41359441,141257462,0,468,1202,7661,620,82719419,35,0,0,0,0,0,0,0,1,0,0,0,0,0,0,0,0,0,0,50262749,0,121250418,2105177,0,0,0,0,0,0,0,0,16384,0,0,0,0,0,0,0,0,0,0,0,7077,405,0,0,0,0,0,125733644,0,172,0,6,405,7077,0,0,0,0,0,0,0,0,0,0,0,0,0,0,0,0,0,0,0,0,0,0,0,0,0,0,0,0,0,0,0,0,0,0,0,0,0,0,0,0,0,0,0,0,0,0,0,0,0,0,0,0,0,0,624822255,0,0,0,887696417,0,0,0,0,0,0,0,180423133,409278153,748429412,348238860288,148434552,1,0,0,0,0,0,0,0,0,0,0,0,0,0,0,0,0,0,0,0,0,0,0,0,0,0,0,0,0,0,0,394,0,0,0,0,0,0,0
1782469248.350,0,0,0,0,0,0,0,1561817117,6704830302720,2410628235776,0,0,0,0,0,0,0,0,0,0,0,0,0,0,0,0,0,0,0,0,0,0,0,0,0,0,0,0,0,0,0,0,0,0,0,0,0,0,0,0,0,0,0,0,0,0,0,0,0,0,0,0,0,0,0,0,0,0,7,1924743,410971941,121641676,0,0,0,0,0,0,0,0,0,0,0,0,0,0,0,0,0,0,0,0,0,0,0,0,0,0,0,0,0,0,0,0,0,0,0,0,0,12880986112,5238390784,786193,319726,121282076,143,0,96,786432,409180359,811172,11,7684657670,12884901888,938949,1241464724,0,0,0,0,0,0,0,0,0,0,0,0,0,0,0,0,0,0,41368842,141266864,0,468,1202,7661,620,82738220,35,0,0,0,0,0,0,0,1,0,0,0,0,0,0,0,0,0,0,50273389,0,121280349,2105574,0,0,0,0,0,0,0,0,16384,0,0,0,0,0,0,0,0,0,0,0,7078,405,0,0,0,0,0,125762168,0,172,0,6,405,7078,0,0,0,0,0,0,0,0,0,0,0,0,0,0,0,0,0,0,0,0,0,0,0,0,0,0,0,0,0,0,0,0,0,0,0,0,0,0,0,0,0,0,0,0,0,0,0,0,0,0,0,0,0,0,624958656,0,0,0,887853406,0,0,0,0,0,0,0,180440608,409389774,748597587,348309747200,148445714,1,1,0,0,0,0,0,0,0,0,0,0,0,0,0,0,0,0,0,0,0,0,0,0,0,0,0,0,0,0,0,2572,0,0,0,0,0,0,0
1782469249.438,0,0,0,0,0,0,0,1562142896,6706710530560,2411261587456,0,0,0,0,0,0,0,0,0,0,0,0,0,0,0,0,0,0,0,0,0,0,0,0,0,0,0,0,0,0,0,0,0,0,0,0,0,0,0,0,0,0,0,0,0,0,0,0,0,0,0,0,0,0,0,0,0,0,7,1924759,411087694,121675106,0,0,0,0,0,0,0,0,0,0,0,0,0,0,0,0,0,0,0,0,0,0,0,0,0,0,0,0,0,0,0,0,0,0,0,0,0,12882673664,5224382464,786296,318871,121312916,39,0,96,786432,409295587,811172,11,7686303058,12884901888,940881,1241680342,0,0,0,0,0,0,0,0,0,0,0,0,0,0,0,0,0,0,41378524,141276546,0,468,1202,7661,620,82757590,35,0,0,0,0,0,0,0,1,0,0,0,0,0,0,0,0,0,0,50284343,0,121312853,2106003,0,0,0,0,0,0,0,0,16384,0,0,0,0,0,0,0,0,0,0,0,7080,405,0,0,0,0,0,125791589,0,172,0,6,405,7080,0,0,0,0,0,0,0,0,0,0,0,0,0,0,0,0,0,0,0,0,0,0,0,0,0,0,0,0,0,0,0,0,0,0,0,0,0,0,0,0,0,0,0,0,0,0,0,0,0,0,0,0,0,0,625097641,0,0,0,888018023,0,0,0,0,0,0,0,180458869,409504522,748770971,348381832192,148456955,1,0,0,0,0,0,0,0,0,0,0,0,0,0,0,0,0,0,0,0,0,0,0,0,0,0,0,0,0,0,0,1738,0,0,0,0,0,0,0
1782469250.523,0,0,0,0,0,0,0,1562438320,6708409010688,2411843852800,0,0,0,0,0,0,0,0,0,0,0,0,0,0,0,0,0,0,0,0,0,0,0,0,0,0,0,0,0,0,0,0,0,0,0,0,0,0,0,0,0,0,0,0,0,0,0,0,0,0,0,0,0,0,0,0,0,0,7,1924781,411192160,121705972,0,0,0,0,0,0,0,0,0,0,0,0,0,0,0,0,0,0,0,0,0,0,0,0,0,0,0,0,0,0,0,0,0,0,0,0,0,12883329024,5198741504,786336,317306,121341401,0,0,96,786432,409399625,811172,11,7687792891,12884901888,943937,1241875231,0,0,0,0,0,0,0,0,0,0,0,0,0,0,0,0,0,0,41387282,141285303,0,468,1202,7661,620,82775119,35,0,0,0,0,0,0,0,1,0,0,0,0,0,0,0,0,0,0,50294257,0,121342618,2106400,0,0,0,0,0,0,0,0,16384,0,0,0,0,0,0,0,0,0,0,0,7081,405,0,0,0,0,0,125818194,0,172,0,6,405,7081,0,0,0,0,0,0,0,0,0,0,0,0,0,0,0,0,0,0,0,0,0,0,0,0,0,0,0,0,0,0,0,0,0,0,0,0,0,0,0,0,0,0,0,0,0,0,0,0,0,0,0,0,0,0,625228129,0,0,0,888166894,0,0,0,0,0,0,0,180474340,409608167,748933276,348449531904,148466808,1,0,0,0,0,0,0,0,0,0,0,0,0,0,0,0,0,0,0,0,0,0,0,0,0,0,0,0,0,0,0,1099,0,0,0,0,0,0,0
1782469251.598,0,0,0,0,0,0,0,1562730614,6710094170624,2412399131136,0,0,0,0,0,0,0,0,0,0,0,0,0,0,0,0,0,0,0,0,0,0,0,0,0,0,0,0,0,0,0,0,0,0,0,0,0,0,0,0,0,0,0,0,0,0,0,0,0,0,0,0,0,0,0,0,0,0,7,1924804,411295814,121735261,0,0,0,0,0,0,0,0,0,0,0,0,0,0,0,0,0,0,0,0,0,0,0,0,0,0,0,0,0,0,0,0,0,0,0,0,0,12883165184,5196627968,786326,317177,121368674,0,0,107,786432,409502820,811172,11,7689264688,12884901888,950749,1242066174,0,0,0,0,0,0,0,0,0,0,0,0,0,0,0,0,0,0,41395950,141293972,0,468,1202,7661,620,82792456,35,0,0,0,0,0,0,0,1,0,0,0,0,0,0,0,0,0,0,50304077,0,121369891,2106748,0,0,0,0,0,0,0,0,16384,0,0,0,0,0,0,0,0,0,0,0,7082,405,0,0,0,0,0,125844539,0,172,0,6,405,7082,0,0,0,0,0,0,0,0,0,0,0,0,0,0,0,0,0,0,0,0,0,0,0,0,0,0,0,0,0,0,0,0,0,0,0,0,0,0,0,0,0,0,0,0,0,0,0,0,0,0,0,0,0,0,625357817,0,0,0,888313443,0,0,0,0,0,0,0,180490225,409711018,749094297,348516670464,148476485,1,1,0,0,0,0,0,0,0,0,0,0,0,0,0,0,0,0,0,0,0,0,0,0,0,0,0,0,0,0,0,1156,0,0,0,0,0,0,0
1782469252.673,0,0,0,0,0,0,0,1563026719,6711788915200,2412971558912,0,0,0,0,0,0,0,0,0,0,0,0,0,0,0,0,0,0,0,0,0,0,0,0,0,0,0,0,0,0,0,0,0,0,0,0,0,0,0,0,0,0,0,0,0,0,0,0,0,0,0,0,0,0,0,0,0,0,7,1924832,411400045,121765476,0,0,0,0,0,0,0,0,0,0,0,0,0,0,0,0,0,0,0,0,0,0,0,0,0,0,0,0,0,0,0,0,0,0,0,0,0,12878036992,5180129280,786014,316170,121400998,322,0,97,786432,409606587,811172,11,7690751799,12884901888,954194,1242259630,0,0,0,0,0,0,0,0,0,0,0,0,0,0,0,0,0,0,41404682,141302701,0,468,1202,7661,620,82809899,35,0,0,0,0,0,0,0,1,0,0,0,0,0,0,0,0,0,0,50313967,0,121399271,2107133,0,0,0,0,0,0,0,0,16384,0,0,0,0,0,0,0,0,0,0,0,7083,405,0,0,0,0,0,125871073,0,172,0,6,405,7083,0,0,0,0,0,0,0,0,0,0,0,0,0,0,0,0,0,0,0,0,0,0,0,0,0,0,0,0,0,0,0,0,0,0,0,0,0,0,0,0,0,0,0,0,0,0,0,0,0,0,0,0,0,0,625488681,0,0,0,888461356,0,0,0,0,0,0,0,180505544,409814487,749256573,348584484864,148486240,1,1,0,0,0,0,0,0,0,0,0,0,0,0,0,0,0,0,0,0,0,0,0,0,0,0,0,0,0,0,0,1667,0,0,0,0,0,0,0
1782469253.758,0,0,0,0,0,0,0,1563327363,6713523161600,2413537380864,0,0,0,0,0,0,0,0,0,0,0,0,0,0,0,0,0,0,0,0,0,0,0,0,0,0,0,0,0,0,0,0,0,0,0,0,0,0,0,0,0,0,0,0,0,0,0,0,0,0,0,0,0,0,0,0,0,0,7,1924857,411506705,121795108,0,0,0,0,0,0,0,0,0,0,0,0,0,0,0,0,0,0,0,0,0,0,0,0,0,0,0,0,0,0,0,0,0,0,0,0,0,12877660160,5183258624,785990,316361,121429351,344,0,97,786432,409712811,811172,11,7692270446,12884901888,958169,1242459010,0,0,0,0,0,0,0,0,0,0,0,0,0,0,0,0,0,0,41413598,141311620,0,468,1202,7661,620,82827739,35,0,0,0,0,0,0,0,1,0,0,0,0,0,0,0,0,0,0,50324079,0,121427624,2107505,0,0,0,0,0,0,0,0,16384,0,0,0,0,0,0,0,0,0,0,0,7084,405,0,0,0,0,0,125898172,0,172,0,6,405,7084,0,0,0,0,0,0,0,0,0,0,0,0,0,0,0,0,0,0,0,0,0,0,0,0,0,0,0,0,0,0,0,0,0,0,0,0,0,0,0,0,0,0,0,0,0,0,0,0,0,0,0,0,0,0,625622523,0,0,0,888613160,0,0,0,0,0,0,0,180520984,409920301,749421357,348653929472,148496253,1,0,0,0,0,0,0,0,0,0,0,0,0,0,0,0,0,0,0,0,0,0,0,0,0,0,0,0,0,0,0,782,0,0,0,0,0,0,0
1782469254.843,0,0,0,0,0,0,0,1563629681,6715259832832,2414105859584,0,0,0,0,0,0,0,0,0,0,0,0,0,0,0,0,0,0,0,0,0,0,0,0,0,0,0,0,0,0,0,0,0,0,0,0,0,0,0,0,0,0,0,0,0,0,0,0,0,0,0,0,0,0,0,0,0,0,7,1924878,411613495,121824986,0,0,0,0,0,0,0,0,0,0,0,0,0,0,0,0,0,0,0,0,0,0,0,0,0,0,0,0,0,0,0,0,0,0,0,0,0,12878659584,5182504960,786051,316314,121457776,285,0,97,786432,409819152,811172,11,7693791551,12884901888,962695,1242656885,0,0,0,0,0,0,0,0,0,0,0,0,0,0,0,0,0,0,41422536,141320555,0,468,1202,7661,620,82845607,35,0,0,0,0,0,0,0,1,0,0,0,0,0,0,0,0,0,0,50334197,0,121456049,2107875,0,0,0,0,0,0,0,0,16384,0,0,0,0,0,0,0,0,0,0,0,7085,405,0,0,0,0,0,125925320,0,172,0,6,405,7085,0,0,0,0,0,0,0,0,0,0,0,0,0,0,0,0,0,0,0,0,0,0,0,0,0,0,0,0,0,0,0,0,0,0,0,0,0,0,0,0,0,0,0,0,0,0,0,0,0,0,0,0,0,0,625755821,0,0,0,888764832,0,0,0,0,0,0,0,180536906,410026215,749586013,348722965504,148506338,1,0,0,0,0,0,0,0,0,0,0,0,0,0,0,0,0,0,0,0,0,0,0,0,0,0,0,0,0,0,0,672,0,0,0,0,0,0,0
1782469255.929,0,0,0,0,0,0,0,1563932922,6717005777408,2414673046528,0,0,0,0,0,0,0,0,0,0,0,0,0,0,0,0,0,0,0,0,0,0,0,0,0,0,0,0,0,0,0,0,0,0,0,0,0,0,0,0,0,0,0,0,0,0,0,0,0,0,0,0,0,0,0,0,0,0,7,1924903,411720894,121854739,0,0,0,0,0,0,0,0,0,0,0,0,0,0,0,0,0,0,0,0,0,0,0,0,0,0,0,0,0,0,0,0,0,0,0,0,0,12879773696,5187715072,786119,316633,121486810,216,0,96,786432,409926073,811172,11,7695317722,12884901888,965164,1242854848,0,0,0,0,0,0,0,0,0,0,0,0,0,0,0,0,0,0,41431525,141329548,0,468,1202,7661,620,82863598,35,0,0,0,0,0,0,0,1,0,0,0,0,0,0,0,0,0,0,50344395,0,121485151,2108266,0,0,0,0,0,0,0,0,16384,0,0,0,0,0,0,0,0,0,0,0,7086,405,0,0,0,0,0,125952675,0,172,0,6,405,7086,0,0,0,0,0,0,0,0,0,0,0,0,0,0,0,0,0,0,0,0,0,0,0,0,0,0,0,0,0,0,0,0,0,0,0,0,0,0,0,0,0,0,0,0,0,0,0,0,0,0,0,0,0,0,625889994,0,0,0,888916862,0,0,0,0,0,0,0,180552291,410132750,749750660,348792437248,148516459,1,1,0,0,0,0,0,0,0,0,0,0,0,0,0,0,0,0,0,0,0,0,0,0,0,0,0,0,0,0,0,824,0,0,0,0,0,0,0
1782469257.015,0,0,0,0,0,0,0,1564227221,6718704847360,2415227109376,0,0,0,0,0,0,0,0,0,0,0,0,0,0,0,0,0,0,0,0,0,0,0,0,0,0,0,0,0,0,0,0,0,0,0,0,0,0,0,0,0,0,0,0,0,0,0,0,0,0,0,0,0,0,0,0,0,0,7,1924921,411825326,121883714,0,0,0,0,0,0,0,0,0,0,0,0,0,0,0,0,0,0,0,0,0,0,0,0,0,0,0,0,0,0,0,0,0,0,0,0,0,12881018880,5191729152,786194,316878,121515420,139,0,98,786432,410030066,811172,11,7696797906,12884901888,966701,1243046678,0,0,0,0,0,0,0,0,0,0,0,0,0,0,0,0,0,0,41440232,141338252,0,468,1202,7661,620,82881009,35,0,0,0,0,0,0,0,1,0,0,0,0,0,0,0,0,0,0,50354256,0,121513693,2108647,0,0,0,0,0,0,0,0,16384,0,0,0,0,0,0,0,0,0,0,0,7087,405,0,0,0,0,0,125979127,0,172,0,6,405,7087,0,0,0,0,0,0,0,0,0,0,0,0,0,0,0,0,0,0,0,0,0,0,0,0,0,0,0,0,0,0,0,0,0,0,0,0,0,0,0,0,0,0,0,0,0,0,0,0,0,0,0,0,0,0,626023137,0,0,0,889064073,0,0,0,0,0,0,0,180565089,410236388,749913289,348861183488,148524112,1,0,0,0,0,0,0,0,0,0,0,0,0,0,0,0,0,0,0,0,0,0,0,0,0,0,0,0,0,0,0,1127,0,0,0,0,0,0,0
1782469258.103,0,0,0,0,0,0,0,1564551916,6720573786624,2415825103360,0,0,0,0,0,0,0,0,0,0,0,0,0,0,0,0,0,0,0,0,0,0,0,0,0,0,0,0,0,0,0,0,0,0,0,0,0,0,0,0,0,0,0,0,0,0,0,0,0,0,0,0,0,0,0,0,0,0,7,1924947,411940340,121915216,0,0,0,0,0,0,0,0,0,0,0,0,0,0,0,0,0,0,0,0,0,0,0,0,0,0,0,0,0,0,0,0,0,0,0,0,0,12876087296,5203836928,785894,317617,121546255,440,0,98,786432,410144566,811172,11,7698431021,12884901888,968930,1243257331,0,0,0,0,0,0,0,0,0,0,0,0,0,0,0,0,0,0,41449860,141347880,0,468,1202,7661,620,82900257,35,0,0,0,0,0,0,0,1,0,0,0,0,0,0,0,0,0,0,50365165,0,121544528,2109061,0,0,0,0,0,0,0,0,16384,0,0,0,0,0,0,0,0,0,0,0,7088,405,0,0,0,0,0,126008360,0,172,0,6,405,7088,0,0,0,0,0,0,0,0,0,0,0,0,0,0,0,0,0,0,0,0,0,0,0,0,0,0,0,0,0,0,0,0,0,0,0,0,0,0,0,0,0,0,0,0,0,0,0,0,0,0,0,0,0,0,626161536,0,0,0,889226314,0,0,0,0,0,0,0,180582633,410350453,750083928,348932951040,148535274,1,0,0,0,0,0,0,0,0,0,0,0,0,0,0,0,0,0,0,0,0,0,0,0,0,0,0,0,0,0,0,1885,0,0,0,0,0,0,0
1782469259.194,0,0,0,0,0,0,0,1564879080,6722464811520,2416429874176,0,0,0,0,0,0,0,0,0,0,0,0,0,0,0,0,0,0,0,0,0,0,0,0,0,0,0,0,0,0,0,0,0,0,0,0,0,0,0,0,0,0,0,0,0,0,0,0,0,0,0,0,0,0,0,0,0,0,7,1924967,412056682,121947070,0,0,0,0,0,0,0,0,0,0,0,0,0,0,0,0,0,0,0,0,0,0,0,0,0,0,0,0,0,0,0,0,0,0,0,0,0,12878610432,5213585408,786047,318212,121577234,286,0,98,786432,410260397,811172,11,7700082348,12884901888,971427,1243472072,0,0,0,0,0,0,0,0,0,0,0,0,0,0,0,0,0,0,41459576,141357598,0,468,1202,7661,620,82919691,35,0,0,0,0,0,0,0,1,0,0,0,0,0,0,0,0,0,0,50376168,0,121575507,2109483,0,0,0,0,0,0,0,0,16384,0,0,0,0,0,0,0,0,0,0,0,7089,405,0,0,0,0,0,126037884,0,172,0,6,405,7089,0,0,0,0,0,0,0,0,0,0,0,0,0,0,0,0,0,0,0,0,0,0,0,0,0,0,0,0,0,0,0,0,0,0,0,0,0,0,0,0,0,0,0,0,0,0,0,0,0,0,0,0,0,0,626300072,0,0,0,889391013,0,0,0,0,0,0,0,180601262,410465855,750255188,349004932608,148546900,1,1,0,0,0,0,0,0,0,0,0,0,0,0,0,0,0,0,0,0,0,0,0,0,0,0,0,0,0,0,0,1715,0,0,0,0,0,0,0
1782469260.285,0,0,0,0,0,0,0,1565202463,6724325804544,2417027599872,0,0,0,0,0,0,0,0,0,0,0,0,0,0,0,0,0,0,0,0,0,0,0,0,0,0,0,0,0,0,0,0,0,0,0,0,0,0,0,0,0,0,0,0,0,0,0,0,0,0,0,0,0,0,0,0,0,0,7,1924986,412171162,121978521,0,0,0,0,0,0,0,0,0,0,0,0,0,0,0,0,0,0,0,0,0,0,0,0,0,0,0,0,0,0,0,0,0,0,0,0,0,12876791808,5227347968,785937,319052,121607971,398,0,97,786432,410374371,811172,11,7701717539,12884901888,974179,1243688229,0,0,0,0,0,0,0,0,0,0,0,0,0,0,0,0,0,0,41469174,141367195,0,468,1202,7661,620,82938906,35,0,0,0,0,0,0,0,1,0,0,0,0,0,0,0,0,0,0,50387043,0,121606244,2109902,0,0,0,0,0,0,0,0,16384,0,0,0,0,0,0,0,0,0,0,0,7090,405,0,0,0,0,0,126067054,0,172,0,6,405,7090,0,0,0,0,0,0,0,0,0,0,0,0,0,0,0,0,0,0,0,0,0,0,0,0,0,0,0,0,0,0,0,0,0,0,0,0,0,0,0,0,0,0,0,0,0,0,0,0,0,0,0,0,0,0,626438692,0,0,0,889554938,0,0,0,0,0,0,0,180619594,410579440,750426130,349076966912,148558592,1,1,0,0,0,0,0,0,0,0,0,0,0,0,0,0,0,0,0,0,0,0,0,0,0,0,0,0,0,0,0,267,0,0,0,0,0,0,0
1782469261.377,0,0,0,0,0,0,0,1565526173,6726193187328,2417633483264,0,0,0,0,0,0,0,0,0,0,0,0,0,0,0,0,0,0,0,0,0,0,0,0,0,0,0,0,0,0,0,0,0,0,0,0,0,0,0,0,0,0,0,0,0,0,0,0,0,0,0,0,0,0,0,0,0,0,7,1924997,412286092,122010515,0,0,0,0,0,0,0,0,0,0,0,0,0,0,0,0,0,0,0,0,0,0,0,0,0,0,0,0,0,0,0,0,0,0,0,0,0,12881838080,5228003328,786247,319092,121639018,78,0,111,786432,410488788,811172,11,7703345879,12884901888,976456,1243897739,0,0,0,0,0,0,0,0,0,0,0,0,0,0,0,0,0,0,41478767,141376790,0,468,1202,7661,620,82958072,35,0,0,0,0,0,0,0,1,0,0,0,0,0,0,0,0,0,0,50397908,0,121637419,2110317,0,0,0,0,0,0,0,0,16384,0,0,0,0,0,0,0,0,0,0,0,7091,405,0,0,0,0,0,126096255,0,172,0,6,405,7091,0,0,0,0,0,0,0,0,0,0,0,0,0,0,0,0,0,0,0,0,0,0,0,0,0,0,0,0,0,0,0,0,0,0,0,0,0,0,0,0,0,0,0,0,0,0,0,0,0,0,0,0,0,0,626574574,0,0,0,889716442,0,0,0,0,0,0,0,180637212,410693319,750594812,349147842048,148569675,1,1,0,0,0,0,0,0,0,0,0,0,0,0,0,0,0,0,0,0,0,0,0,0,0,0,0,0,0,0,0,1155,0,0,0,0,0,0,0
1782469262.465,0,0,0,0,0,0,0,1565834342,6727970572800,2418239115776,0,0,0,0,0,0,0,0,0,0,0,0,0,0,0,0,0,0,0,0,0,0,0,0,0,0,0,0,0,0,0,0,0,0,0,0,0,0,0,0,0,0,0,0,0,0,0,0,0,0,0,0,0,0,0,0,0,0,7,1925016,412395460,122042342,0,0,0,0,0,0,0,0,0,0,0,0,0,0,0,0,0,0,0,0,0,0,0,0,0,0,0,0,0,0,0,0,0,0,0,0,0,12880756736,5206425600,786179,317775,121667966,156,0,96,786432,410597698,811172,11,7704901439,12884901888,980574,1244101521,0,0,0,0,0,0,0,0,0,0,0,0,0,0,0,0,0,0,41487901,141385926,0,468,1202,7661,620,82976356,35,0,0,0,0,0,0,0,1,0,0,0,0,0,0,0,0,0,0,50408252,0,121668031,2110712,0,0,0,0,0,0,0,0,16384,0,0,0,0,0,0,0,0,0,0,0,7093,405,0,0,0,0,0,126124012,0,172,0,6,405,7093,0,0,0,0,0,0,0,0,0,0,0,0,0,0,0,0,0,0,0,0,0,0,0,0,0,0,0,0,0,0,0,0,0,0,0,0,0,0,0,0,0,0,0,0,0,0,0,0,0,0,0,0,0,0,626708586,0,0,0,889871885,0,0,0,0,0,0,0,180655248,410801851,750761965,349217453056,148581164,1,0,0,0,0,0,0,0,0,0,0,0,0,0,0,0,0,0,0,0,0,0,0,0,0,0,0,0,0,0,0,405,0,0,0,0,0,0,0
1782469263.548,0,0,0,0,0,0,0,1566146074,6729775434240,2418851108864,0,0,0,0,0,0,0,0,0,0,0,0,0,0,0,0,0,0,0,0,0,0,0,0,0,0,0,0,0,0,0,0,0,0,0,0,0,0,0,0,0,0,0,0,0,0,0,0,0,0,0,0,0,0,0,0,0,0,7,1925039,412506576,122075096,0,0,0,0,0,0,0,0,0,0,0,0,0,0,0,0,0,0,0,0,0,0,0,0,0,0,0,0,0,0,0,0,0,0,0,0,0,12880101376,5178916864,786139,316096,121697860,195,0,97,786432,410708360,811172,11,7706467763,12884901888,983007,1244301321,0,0,0,0,0,0,0,0,0,0,0,0,0,0,0,0,0,0,41497173,141395197,0,468,1202,7661,620,82994886,35,0,0,0,0,0,0,0,1,0,0,0,0,0,0,0,0,0,0,50418737,0,121699973,2111125,0,0,0,0,0,0,0,0,16384,0,0,0,0,0,0,0,0,0,0,0,7094,405,0,0,0,0,0,126152187,0,172,0,6,405,7094,0,0,0,0,0,0,0,0,0,0,0,0,0,0,0,0,0,0,0,0,0,0,0,0,0,0,0,0,0,0,0,0,0,0,0,0,0,0,0,0,0,0,0,0,0,0,0,0,0,0,0,0,0,0,626841272,0,0,0,890027003,0,0,0,0,0,0,0,180672911,410912011,750928223,349286380032,148592525,1,0,0,0,0,0,0,0,0,0,0,0,0,0,0,0,0,0,0,0,0,0,0,0,0,0,0,0,0,0,0,1996,0,0,0,0,0,0,0
1782469264.628,0,0,0,0,0,0,0,1566472394,6731653810688,2419463369728,0,0,0,0,0,0,0,0,0,0,0,0,0,0,0,0,0,0,0,0,0,0,0,0,0,0,0,0,0,0,0,0,0,0,0,0,0,0,0,0,0,0,0,0,0,0,0,0,0,0,0,0,0,0,0,0,0,0,7,1925063,412622122,122107471,0,0,0,0,0,0,0,0,0,0,0,0,0,0,0,0,0,0,0,0,0,0,0,0,0,0,0,0,0,0,0,0,0,0,0,0,0,12875956224,5177311232,785887,315998,121733446,451,0,96,786432,410823416,811172,11,7708108562,12884901888,985297,1244511602,0,0,0,0,0,0,0,0,0,0,0,0,0,0,0,0,0,0,41506833,141404853,0,468,1202,7661,620,83014222,35,0,0,0,0,0,0,0,1,0,0,0,0,0,0,0,0,0,0,50429660,0,121731719,2111552,0,0,0,0,0,0,0,0,16384,0,0,0,0,0,0,0,0,0,0,0,7095,405,0,0,0,0,0,126181526,0,172,0,6,405,7095,0,0,0,0,0,0,0,0,0,0,0,0,0,0,0,0,0,0,0,0,0,0,0,0,0,0,0,0,0,0,0,0,0,0,0,0,0,0,0,0,0,0,0,0,0,0,0,0,0,0,0,0,0,0,626978844,0,0,0,890189264,0,0,0,0,0,0,0,180691220,411026621,751098959,349357831168,148604085,0,1,0,0,0,0,0,0,0,0,0,0,0,0,0,0,0,0,0,0,0,0,0,0,0,0,0,0,0,0,0,3642,0,0,0,0,0,0,0
1782469265.717,0,0,0,0,0,0,0,1566793032,6733506464256,2420061576192,0,0,0,0,0,0,0,0,0,0,0,0,0,0,0,0,0,0,0,0,0,0,0,0,0,0,0,0,0,0,0,0,0,0,0,0,0,0,0,0,0,0,0,0,0,0,0,0,0,0,0,0,0,0,0,0,0,0,7,1925080,412736033,122138814,0,0,0,0,0,0,0,0,0,0,0,0,0,0,0,0,0,0,0,0,0,0,0,0,0,0,0,0,0,0,0,0,0,0,0,0,0,12879806464,5183160320,786120,316355,121763821,214,0,97,786432,410936845,811172,11,7709732576,12884901888,987947,1244728416,0,0,0,0,0,0,0,0,0,0,0,0,0,0,0,0,0,0,41516350,141414375,0,468,1202,7661,620,83033248,35,0,0,0,0,0,0,0,1,0,0,0,0,0,0,0,0,0,0,50440433,0,121762094,2111968,0,0,0,0,0,0,0,0,16384,0,0,0,0,0,0,0,0,0,0,0,7096,405,0,0,0,0,0,126210471,0,172,0,6,405,7096,0,0,0,0,0,0,0,0,0,0,0,0,0,0,0,0,0,0,0,0,0,0,0,0,0,0,0,0,0,0,0,0,0,0,0,0,0,0,0,0,0,0,0,0,0,0,0,0,0,0,0,0,0,0,627117222,0,0,0,890353121,0,0,0,0,0,0,0,180709726,411139586,751269680,349429683712,148615873,0,0,0,0,0,0,0,0,0,0,0,0,0,0,0,0,0,0,0,0,0,0,0,0,0,0,0,0,0,0,0,863,0,0,0,0,0,0,0
1782469266.807,0,0,0,0,0,0,0,1567091804,6735229651456,2420621503488,0,0,0,0,0,0,0,0,0,0,0,0,0,0,0,0,0,0,0,0,0,0,0,0,0,0,0,0,0,0,0,0,0,0,0,0,0,0,0,0,0,0,0,0,0,0,0,0,0,0,0,0,0,0,0,0,0,0,7,1925100,412842011,122168288,0,0,0,0,0,0,0,0,0,0,0,0,0,0,0,0,0,0,0,0,0,0,0,0,0,0,0,0,0,0,0,0,0,0,0,0,0,12875857920,5184159744,785881,316416,121792375,455,0,96,786432,411042353,811172,11,7711233513,12884901888,990927,1244920824,0,0,0,0,0,0,0,0,0,0,0,0,0,0,0,0,0,0,41525191,141423216,0,468,1202,7661,620,83050923,35,0,0,0,0,0,0,0,1,0,0,0,0,0,0,0,0,0,0,50450441,0,121790648,2112347,0,0,0,0,0,0,0,0,16384,0,0,0,0,0,0,0,0,0,0,0,7097,405,0,0,0,0,0,126237354,0,172,0,6,405,7097,0,0,0,0,0,0,0,0,0,0,0,0,0,0,0,0,0,0,0,0,0,0,0,0,0,0,0,0,0,0,0,0,0,0,0,0,0,0,0,0,0,0,0,0,0,0,0,0,0,0,0,0,0,0,627249029,0,0,0,890501929,0,0,0,0,0,0,0,180724967,411244688,751431913,349497953792,148625544,1,0,0,0,0,0,0,0,0,0,0,0,0,0,0,0,0,0,0,0,0,0,0,0,0,0,0,0,0,0,0,1921,0,0,0,0,0,0,0
1782469267.896,0,0,0,0,0,0,0,1567421126,6737138403840,2421231131648,0,0,0,0,0,0,0,0,0,0,0,0,0,0,0,0,0,0,0,0,0,0,0,0,0,0,0,0,0,0,0,0,0,0,0,0,0,0,0,0,0,0,0,0,0,0,0,0,0,0,0,0,0,0,0,0,0,0,7,1925123,412959386,122200351,0,0,0,0,0,0,0,0,0,0,0,0,0,0,0,0,0,0,0,0,0,0,0,0,0,0,0,0,0,0,0,0,0,0,0,0,0,12876120064,5193646080,785896,316995,121823707,439,0,97,786432,411159213,811172,11,7712895418,12884901888,993219,1245138650,0,0,0,0,0,0,0,0,0,0,0,0,0,0,0,0,0,0,41534968,141432992,0,468,1202,7661,620,83070480,35,0,0,0,0,0,0,0,1,0,0,0,0,0,0,0,0,0,0,50461496,0,121821980,2112770,0,0,0,0,0,0,0,0,16384,0,0,0,0,0,0,0,0,0,0,0,7098,405,0,0,0,0,0,126267077,0,172,0,6,405,7098,0,0,0,0,0,0,0,0,0,0,0,0,0,0,0,0,0,0,0,0,0,0,0,0,0,0,0,0,0,0,0,0,0,0,0,0,0,0,0,0,0,0,0,0,0,0,0,0,0,0,0,0,0,0,627389209,0,0,0,890668403,0,0,0,0,0,0,0,180743984,411361095,751605021,349570777088,148637673,1,0,0,0,0,0,0,0,0,0,0,0,0,0,0,0,0,0,0,0,0,0,0,0,0,0,0,0,0,0,0,866,0,0,0,0,0,0,0
1782469268.983,0,0,0,0,0,0,0,1567745398,6739006409216,2421830025728,0,0,0,0,0,0,0,0,0,0,0,0,0,0,0,0,0,0,0,0,0,0,0,0,0,0,0,0,0,0,0,0,0,0,0,0,0,0,0,0,0,0,0,0,0,0,0,0,0,0,0,0,0,0,0,0,0,0,7,1925148,413074337,122231840,0,0,0,0,0,0,0,0,0,0,0,0,0,0,0,0,0,0,0,0,0,0,0,0,0,0,0,0,0,0,0,0,0,0,0,0,0,12876152832,5202722816,785898,317549,121854564,437,0,97,786432,411273665,811172,11,7714531053,12884901888,995087,1245352564,0,0,0,0,0,0,0,0,0,0,0,0,0,0,0,0,0,0,41544581,141442604,0,468,1202,7661,620,83089700,35,0,0,0,0,0,0,0,1,0,0,0,0,0,0,0,0,0,0,50472377,0,121852837,2113194,0,0,0,0,0,0,0,0,16384,0,0,0,0,0,0,0,0,0,0,0,7099,405,0,0,0,0,0,126296303,0,172,0,6,405,7099,0,0,0,0,0,0,0,0,0,0,0,0,0,0,0,0,0,0,0,0,0,0,0,0,0,0,0,0,0,0,0,0,0,0,0,0,0,0,0,0,0,0,0,0,0,0,0,0,0,0,0,0,0,0,627528369,0,0,0,890831321,0,0,0,0,0,0,0,180762382,411475072,751776389,349643093504,148649118,1,1,0,0,0,0,0,0,0,0,0,0,0,0,0,0,0,0,0,0,0,0,0,0,0,0,0,0,0,0,0,615,0,0,0,0,0,0,0
1782469270.069,0,0,0,0,0,0,0,1568074899,6740903414272,2422438833664,0,0,0,0,0,0,0,0,0,0,0,0,0,0,0,0,0,0,0,0,0,0,0,0,0,0,0,0,0,0,0,0,0,0,0,0,0,0,0,0,0,0,0,0,0,0,0,0,0,0,0,0,0,0,0,0,0,0,7,1925172,413191056,122263877,0,0,0,0,0,0,0,0,0,0,0,0,0,0,0,0,0,0,0,0,0,0,0,0,0,0,0,0,0,0,0,0,0,0,0,0,0,12880134144,5213749248,786141,318222,121885977,195,0,96,786432,411389904,811172,11,7716191164,12884901888,996965,1245566852,0,0,0,0,0,0,0,0,0,0,0,0,0,0,0,0,0,0,41554364,141452388,0,468,1202,7661,620,83109282,35,0,0,0,0,0,0,0,1,0,0,0,0,0,0,0,0,0,0,50483465,0,121884250,2113621,0,0,0,0,0,0,0,0,16384,0,0,0,0,0,0,0,0,0,0,0,7100,405,0,0,0,0,0,126326028,0,172,0,6,405,7100,0,0,0,0,0,0,0,0,0,0,0,0,0,0,0,0,0,0,0,0,0,0,0,0,0,0,0,0,0,0,0,0,0,0,0,0,0,0,0,0,0,0,0,0,0,0,0,0,0,0,0,0,0,0,627668215,0,0,0,890996116,0,0,0,0,0,0,0,180780614,411590789,751948989,349715731456,148660395,1,0,0,0,0,0,0,0,0,0,0,0,0,0,0,0,0,0,0,0,0,0,0,0,0,0,0,0,0,0,0,1500,0,0,0,0,0,0,0
1782469271.157,0,0,0,0,0,0,0,1568400805,6742785837568,2423047643136,0,0,0,0,0,0,0,0,0,0,0,0,0,0,0,0,0,0,0,0,0,0,0,0,0,0,0,0,0,0,0,0,0,0,0,0,0,0,0,0,0,0,0,0,0,0,0,0,0,0,0,0,0,0,0,0,0,0,7,1925197,413306876,122295946,0,0,0,0,0,0,0,0,0,0,0,0,0,0,0,0,0,0,0,0,0,0,0,0,0,0,0,0,0,0,0,0,0,0,0,0,0,12876185600,5217517568,785901,318452,121917309,433,0,97,786432,411505219,811172,11,7717836368,12884901888,999274,1245781782,0,0,0,0,0,0,0,0,0,0,0,0,0,0,0,0,0,0,41564043,141462068,0,468,1202,7661,620,83128616,35,0,0,0,0,0,0,0,1,0,0,0,0,0,0,0,0,0,0,50494417,0,121915582,2114041,0,0,0,0,0,0,0,0,16384,0,0,0,0,0,0,0,0,0,0,0,7101,405,0,0,0,0,0,126355437,0,172,0,6,405,7101,0,0,0,0,0,0,0,0,0,0,0,0,0,0,0,0,0,0,0,0,0,0,0,0,0,0,0,0,0,0,0,0,0,0,0,0,0,0,0,0,0,0,0,0,0,0,0,0,0,0,0,0,0,0,627806832,0,0,0,891160565,0,0,0,0,0,0,0,180798799,411705680,752120503,349787851264,148671848,1,1,0,0,0,0,0,0,0,0,0,0,0,0,0,0,0,0,0,0,0,0,0,0,0,0,0,0,0,0,0,853,0,0,0,0,0,0,0
1782469272.247,0,0,0,0,0,0,0,1568718428,6744623286784,2423642123776,0,0,0,0,0,0,0,0,0,0,0,0,0,0,0,0,0,0,0,0,0,0,0,0,0,0,0,0,0,0,0,0,0,0,0,0,0,0,0,0,0,0,0,0,0,0,0,0,0,0,0,0,0,0,0,0,0,0,7,1925218,413419928,122327340,0,0,0,0,0,0,0,0,0,0,0,0,0,0,0,0,0,0,0,0,0,0,0,0,0,0,0,0,0,0,0,0,0,0,0,0,0,12876775424,5218074624,785934,318486,121947817,397,0,99,786432,411617805,811172,11,7719438319,12884901888,1001967,1245990352,0,0,0,0,0,0,0,0,0,0,0,0,0,0,0,0,0,0,41573477,141471501,0,468,1202,7661,620,83147487,35,0,0,0,0,0,0,0,1,0,0,0,0,0,0,0,0,0,0,50505106,0,121946090,2114452,0,0,0,0,0,0,0,0,16384,0,0,0,0,0,0,0,0,0,0,0,7102,405,0,0,0,0,0,126384112,0,172,0,6,405,7102,0,0,0,0,0,0,0,0,0,0,0,0,0,0,0,0,0,0,0,0,0,0,0,0,0,0,0,0,0,0,0,0,0,0,0,0,0,0,0,0,0,0,0,0,0,0,0,0,0,0,0,0,0,0,627940629,0,0,0,891320189,0,0,0,0,0,0,0,180817027,411817764,752286656,349857589760,148683525,1,0,0,0,0,0,0,0,0,0,0,0,0,0,0,0,0,0,0,0,0,0,0,0,0,0,0,0,0,0,0,692,0,0,0,0,0,0,0
1782469273.334,0,0,0,0,0,0,0,1569043825,6746495961600,2424241499136,0,0,0,0,0,0,0,0,0,0,0,0,0,0,0,0,0,0,0,0,0,0,0,0,0,0,0,0,0,0,0,0,0,0,0,0,0,0,0,0,0,0,0,0,0,0,0,0,0,0,0,0,0,0,0,0,0,0,7,1925245,413535196,122358902,0,0,0,0,0,0,0,0,0,0,0,0,0,0,0,0,0,0,0,0,0,0,0,0,0,0,0,0,0,0,0,0,0,0,0,0,0,12879527936,5231919104,786104,319331,121978490,231,0,98,786432,411732553,811172,11,7721075393,12884901888,1004134,1246201418,0,0,0,0,0,0,0,0,0,0,0,0,0,0,0,0,0,0,41583112,141481135,0,468,1202,7661,620,83166773,35,0,0,0,0,0,0,0,1,0,0,0,0,0,0,0,0,0,0,50516013,0,121976763,2114873,0,0,0,0,0,0,0,0,16384,0,0,0,0,0,0,0,0,0,0,0,7103,405,0,0,0,0,0,126413378,0,172,0,6,405,7103,0,0,0,0,0,0,0,0,0,0,0,0,0,0,0,0,0,0,0,0,0,0,0,0,0,0,0,0,0,0,0,0,0,0,0,0,0,0,0,0,0,0,0,0,0,0,0,0,0,0,0,0,0,0,628078086,0,0,0,891482422,0,0,0,0,0,0,0,180835378,411932069,752456627,349929022976,148695002,1,0,0,0,0,0,0,0,0,0,0,0,0,0,0,0,0,0,0,0,0,0,0,0,0,0,0,0,0,0,0,1953,0,0,0,0,0,0,0
1782469274.420,0,0,0,0,0,0,0,1569355605,6748292467200,2424839753216,0,0,0,0,0,0,0,0,0,0,0,0,0,0,0,0,0,0,0,0,0,0,0,0,0,0,0,0,0,0,0,0,0,0,0,0,0,0,0,0,0,0,0,0,0,0,0,0,0,0,0,0,0,0,0,0,0,0,7,1925265,413645750,122390560,0,0,0,0,0,0,0,0,0,0,0,0,0,0,0,0,0,0,0,0,0,0,0,0,0,0,0,0,0,0,0,0,0,0,0,0,0,12881690624,5220040704,786236,318606,122007755,92,0,104,786432,411842630,811172,11,7722651837,12884901888,1007690,1246408992,0,0,0,0,0,0,0,0,0,0,0,0,0,0,0,0,0,0,41592377,141490402,0,468,1202,7661,620,83185303,35,0,0,0,0,0,0,0,1,0,0,0,0,0,0,0,0,0,0,50526492,0,122006924,2115280,0,0,0,0,0,0,0,0,16384,0,0,0,0,0,0,0,0,0,0,0,7105,405,0,0,0,0,0,126441575,0,172,0,6,405,7105,0,0,0,0,0,0,0,0,0,0,0,0,0,0,0,0,0,0,0,0,0,0,0,0,0,0,0,0,0,0,0,0,0,0,0,0,0,0,0,0,0,0,0,0,0,0,0,0,0,0,0,0,0,0,628211807,0,0,0,891640603,0,0,0,0,0,0,0,180854268,412041684,752623372,349998406656,148706810,1,0,0,0,0,0,0,0,0,0,0,0,0,0,0,0,0,0,0,0,0,0,0,0,0,0,0,0,0,0,0,379,0,0,0,0,0,0,0
1782469275.502,0,0,0,0,0,0,0,1569657843,6750043884032,2425432797184,0,0,0,0,0,0,0,0,0,0,0,0,0,0,0,0,0,0,0,0,0,0,0,0,0,0,0,0,0,0,0,0,0,0,0,0,0,0,0,0,0,0,0,0,0,0,0,0,0,0,0,0,0,0,0,0,0,0,7,1925284,413753412,122422019,0,0,0,0,0,0,0,0,0,0,0,0,0,0,0,0,0,0,0,0,0,0,0,0,0,0,0,0,0,0,0,0,0,0,0,0,0,12880838656,5196447744,786185,317166,122037137,144,0,104,786432,411949804,811172,11,7724169831,12884901888,1009931,1246601834,0,0,0,0,0,0,0,0,0,0,0,0,0,0,0,0,0,0,41601351,141499375,0,468,1202,7661,620,83203243,35,0,0,0,0,0,0,0,1,0,0,0,0,0,0,0,0,0,0,50536652,0,122037842,2115682,0,0,0,0,0,0,0,0,16384,0,0,0,0,0,0,0,0,0,0,0,7106,405,0,0,0,0,0,126468857,0,172,0,6,405,7106,0,0,0,0,0,0,0,0,0,0,0,0,0,0,0,0,0,0,0,0,0,0,0,0,0,0,0,0,0,0,0,0,0,0,0,0,0,0,0,0,0,0,0,0,0,0,0,0,0,0,0,0,0,0,628342739,0,0,0,891790610,0,0,0,0,0,0,0,180870597,412148482,752786556,350066271744,148716990,1,0,0,0,0,0,0,0,0,0,0,0,0,0,0,0,0,0,0,0,0,0,0,0,0,0,0,0,0,0,0,2178,0,0,0,0,0,0,0
1782469276.577,0,0,0,0,0,0,0,1569952744,6751746574848,2426030398464,0,0,0,0,0,0,0,0,0,0,0,0,0,0,0,0,0,0,0,0,0,0,0,0,0,0,0,0,0,0,0,0,0,0,0,0,0,0,0,0,0,0,0,0,0,0,0,0,0,0,0,0,0,0,0,0,0,0,7,1925309,413858155,122453716,0,0,0,0,0,0,0,0,0,0,0,0,0,0,0,0,0,0,0,0,0,0,0,0,0,0,0,0,0,0,0,0,0,0,0,0,0,12878741504,5158453248,786055,314847,122070183,279,0,97,786432,412054095,811172,11,7725656469,12884901888,1012822,1246796585,0,0,0,0,0,0,0,0,0,0,0,0,0,0,0,0,0,0,41610069,141508092,0,468,1202,7661,620,83220682,35,0,0,0,0,0,0,0,1,0,0,0,0,0,0,0,0,0,0,50546525,0,122068456,2116071,0,0,0,0,0,0,0,0,16384,0,0,0,0,0,0,0,0,0,0,0,7107,405,0,0,0,0,0,126495354,0,172,0,6,405,7107,0,0,0,0,0,0,0,0,0,0,0,0,0,0,0,0,0,0,0,0,0,0,0,0,0,0,0,0,0,0,0,0,0,0,0,0,0,0,0,0,0,0,0,0,0,0,0,0,0,0,0,0,0,0,628474605,0,0,0,891939236,0,0,0,0,0,0,0,180886331,412252360,752951187,350134600192,148727034,1,0,0,0,0,0,0,0,0,0,0,0,0,0,0,0,0,0,0,0,0,0,0,0,0,0,0,0,0,0,0,1454,0,0,0,0,0,0,0
1782469277.656,0,0,0,0,0,0,0,1570288735,6753681426944,2426650730496,0,0,0,0,0,0,0,0,0,0,0,0,0,0,0,0,0,0,0,0,0,0,0,0,0,0,0,0,0,0,0,0,0,0,0,0,0,0,0,0,0,0,0,0,0,0,0,0,0,0,0,0,0,0,0,0,0,0,7,1925336,413977228,122486411,0,0,0,0,0,0,0,0,0,0,0,0,0,0,0,0,0,0,0,0,0,0,0,0,0,0,0,0,0,0,0,0,0,0,0,0,0,12878086144,5169348608,786016,315512,122102491,318,0,97,786432,412172642,811172,11,7727350573,12884901888,1014051,1247017198,0,0,0,0,0,0,0,0,0,0,0,0,0,0,0,0,0,0,41620039,141518062,0,468,1202,7661,620,83240620,35,0,0,0,0,0,0,0,1,0,0,0,0,0,0,0,0,0,0,50557818,0,122100798,2116512,0,0,0,0,0,0,0,0,16384,0,0,0,0,0,0,0,0,0,0,0,7108,405,0,0,0,0,0,126525667,0,172,0,6,405,7108,0,0,0,0,0,0,0,0,0,0,0,0,0,0,0,0,0,0,0,0,0,0,0,0,0,0,0,0,0,0,0,0,0,0,0,0,0,0,0,0,0,0,0,0,0,0,0,0,0,0,0,0,0,0,628616353,0,0,0,892108220,0,0,0,0,0,0,0,180904635,412370444,753126032,350208281088,148738334,0,1,0,0,0,0,0,0,0,0,0,0,0,0,0,0,0,0,0,0,0,0,0,0,0,0,0,0,0,0,0,1467,0,0,0,0,0,0,0
1782469278.750,0,0,0,0,0,0,0,1570618118,6755584412160,2427261829632,0,0,0,0,0,0,0,0,0,0,0,0,0,0,0,0,0,0,0,0,0,0,0,0,0,0,0,0,0,0,0,0,0,0,0,0,0,0,0,0,0,0,0,0,0,0,0,0,0,0,0,0,0,0,0,0,0,0,7,1925358,414094263,122518610,0,0,0,0,0,0,0,0,0,0,0,0,0,0,0,0,0,0,0,0,0,0,0,0,0,0,0,0,0,0,0,0,0,0,0,0,0,12877430784,5179244544,785977,316116,122134143,358,0,96,786432,412289134,811172,11,7729012168,12884901888,1015719,1247234033,0,0,0,0,0,0,0,0,0,0,0,0,0,0,0,0,0,0,41629811,141527835,0,468,1202,7661,620,83260163,35,0,0,0,0,0,0,0,1,0,0,0,0,0,0,0,0,0,0,50568881,0,122132416,2116939,0,0,0,0,0,0,0,0,16384,0,0,0,0,0,0,0,0,0,0,0,7109,405,0,0,0,0,0,126555361,0,172,0,6,405,7109,0,0,0,0,0,0,0,0,0,0,0,0,0,0,0,0,0,0,0,0,0,0,0,0,0,0,0,0,0,0,0,0,0,0,0,0,0,0,0,0,0,0,0,0,0,0,0,0,0,0,0,0,0,0,628755928,0,0,0,892274109,0,0,0,0,0,0,0,180922891,412486493,753298441,350280884736,148749741,1,0,0,0,0,0,0,0,0,0,0,0,0,0,0,0,0,0,0,0,0,0,0,0,0,0,0,0,0,0,0,938,0,0,0,0,0,0,0
1782469279.844,0,0,0,0,0,0,0,1570939138,6757439064576,2427855718400,0,0,0,0,0,0,0,0,0,0,0,0,0,0,0,0,0,0,0,0,0,0,0,0,0,0,0,0,0,0,0,0,0,0,0,0,0,0,0,0,0,0,0,0,0,0,0,0,0,0,0,0,0,0,0,0,0,0,7,1925378,414208340,122549885,0,0,0,0,0,0,0,0,0,0,0,0,0,0,0,0,0,0,0,0,0,0,0,0,0,0,0,0,0,0,0,0,0,0,0,0,0,12876988416,5191352320,785949,316854,122164458,385,0,97,786432,412402779,811172,11,7730631826,12884901888,1018421,1247445679,0,0,0,0,0,0,0,0,0,0,0,0,0,0,0,0,0,0,41639344,141537367,0,468,1202,7661,620,83279234,35,0,0,0,0,0,0,0,1,0,0,0,0,0,0,0,0,0,0,50579668,0,122162731,2117349,0,0,0,0,0,0,0,0,16384,0,0,0,0,0,0,0,0,0,0,0,7110,405,0,0,0,0,0,126584368,0,172,0,6,405,7110,0,0,0,0,0,0,0,0,0,0,0,0,0,0,0,0,0,0,0,0,0,0,0,0,0,0,0,0,0,0,0,0,0,0,0,0,0,0,0,0,0,0,0,0,0,0,0,0,0,0,0,0,0,0,628892508,0,0,0,892436016,0,0,0,0,0,0,0,180941805,412599626,753467316,350351746048,148761672,1,0,0,0,0,0,0,0,0,0,0,0,0,0,0,0,0,0,0,0,0,0,0,0,0,0,0,0,0,0,0,337,0,0,0,0,0,0,0
1782469280.928,0,0,0,0,0,0,0,1571264993,6759314819584,2428459305984,0,0,0,0,0,0,0,0,0,0,0,0,0,0,0,0,0,0,0,0,0,0,0,0,0,0,0,0,0,0,0,0,0,0,0,0,0,0,0,0,0,0,0,0,0,0,0,0,0,0,0,0,0,0,0,0,0,0,7,1925401,414323785,122581712,0,0,0,0,0,0,0,0,0,0,0,0,0,0,0,0,0,0,0,0,0,0,0,0,0,0,0,0,0,0,0,0,0,0,0,0,0,12876677120,5198086144,785930,317266,122195400,405,0,97,786432,412517685,811172,11,7732273378,12884901888,1020807,1247657892,0,0,0,0,0,0,0,0,0,0,0,0,0,0,0,0,0,0,41649022,141547043,0,468,1202,7661,620,83298589,35,0,0,0,0,0,0,0,1,0,0,0,0,0,0,0,0,0,0,50590620,0,122193673,2117763,0,0,0,0,0,0,0,0,16384,0,0,0,0,0,0,0,0,0,0,0,7111,405,0,0,0,0,0,126613796,0,172,0,6,405,7111,0,0,0,0,0,0,0,0,0,0,0,0,0,0,0,0,0,0,0,0,0,0,0,0,0,0,0,0,0,0,0,0,0,0,0,0,0,0,0,0,0,0,0,0,0,0,0,0,0,0,0,0,0,0,629030437,0,0,0,892599401,0,0,0,0,0,0,0,180959989,412714123,753638002,350423319552,148772959,1,0,0,0,0,0,0,0,0,0,0,0,0,0,0,0,0,0,0,0,0,0,0,0,0,0,0,0,0,0,0,803,0,0,0,0,0,0,0
1782469282.017,0,0,0,0,0,0,0,1571581462,6761140980224,2429048418304,0,0,0,0,0,0,0,0,0,0,0,0,0,0,0,0,0,0,0,0,0,0,0,0,0,0,0,0,0,0,0,0,0,0,0,0,0,0,0,0,0,0,0,0,0,0,0,0,0,0,0,0,0,0,0,0,0,0,7,1925425,414436100,122612702,0,0,0,0,0,0,0,0,0,0,0,0,0,0,0,0,0,0,0,0,0,0,0,0,0,0,0,0,0,0,0,0,0,0,0,0,0,12879937536,5204934656,786129,317685,122225021,208,0,96,786432,412629565,811172,11,7733870836,12884901888,1025062,1247866662,0,0,0,0,0,0,0,0,0,0,0,0,0,0,0,0,0,0,41658416,141556439,0,468,1202,7661,620,83317375,35,0,0,0,0,0,0,0,1,0,0,0,0,0,0,0,0,0,0,50601263,0,122223364,2118157,0,0,0,0,0,0,0,0,16384,0,0,0,0,0,0,0,0,0,0,0,7112,405,0,0,0,0,0,126642362,0,172,0,6,405,7112,0,0,0,0,0,0,0,0,0,0,0,0,0,0,0,0,0,0,0,0,0,0,0,0,0,0,0,0,0,0,0,0,0,0,0,0,0,0,0,0,0,0,0,0,0,0,0,0,0,0,0,0,0,0,629166638,0,0,0,892758853,0,0,0,0,0,0,0,180978321,412825504,753806501,350493981696,148784550,1,1,0,0,0,0,0,0,0,0,0,0,0,0,0,0,0,0,0,0,0,0,0,0,0,0,0,0,0,0,0,317,0,0,0,0,0,0,0
1782469283.104,0,0,0,0,0,0,0,1571905210,6763004316160,2429648944640,0,0,0,0,0,0,0,0,0,0,0,0,0,0,0,0,0,0,0,0,0,0,0,0,0,0,0,0,0,0,0,0,0,0,0,0,0,0,0,0,0,0,0,0,0,0,0,0,0,0,0,0,0,0,0,0,0,0,7,1925448,414550710,122644418,0,0,0,0,0,0,0,0,0,0,0,0,0,0,0,0,0,0,0,0,0,0,0,0,0,0,0,0,0,0,0,0,0,0,0,0,0,12874924032,5211373568,785822,318077,122256104,510,0,99,786432,412743706,811172,11,7735498617,12884901888,1027219,1248075555,0,0,0,0,0,0,0,0,0,0,0,0,0,0,0,0,0,0,41668023,141566047,0,468,1202,7661,620,83336583,35,0,0,0,0,0,0,0,1,0,0,0,0,0,0,0,0,0,0,50612140,0,122254377,2118582,0,0,0,0,0,0,0,0,16384,0,0,0,0,0,0,0,0,0,0,0,7113,405,0,0,0,0,0,126671540,0,172,0,6,405,7113,0,0,0,0,0,0,0,0,0,0,0,0,0,0,0,0,0,0,0,0,0,0,0,0,0,0,0,0,0,0,0,0,0,0,0,0,0,0,0,0,0,0,0,0,0,0,0,0,0,0,0,0,0,0,629301789,0,0,0,892920127,0,0,0,0,0,0,0,180996452,412939187,753974137,350564297216,148795918,1,0,0,0,0,0,0,0,0,0,0,0,0,0,0,0,0,0,0,0,0,0,0,0,0,0,0,0,0,0,0,1601,0,0,0,0,0,0,0
1782469284.198,0,0,0,0,0,0,0,1572229950,6764870617600,2430249710592,0,0,0,0,0,0,0,0,0,0,0,0,0,0,0,0,0,0,0,0,0,0,0,0,0,0,0,0,0,0,0,0,0,0,0,0,0,0,0,0,0,0,0,0,0,0,0,0,0,0,0,0,0,0,0,0,0,0,7,1925469,414665545,122676032,0,0,0,0,0,0,0,0,0,0,0,0,0,0,0,0,0,0,0,0,0,0,0,0,0,0,0,0,0,0,0,0,0,0,0,0,0,12879986688,5217665024,786132,318461,122286917,204,0,96,786432,412858016,811172,11,7737139105,12884901888,1029298,1248291314,0,0,0,0,0,0,0,0,0,0,0,0,0,0,0,0,0,0,41677660,141575682,0,468,1202,7661,620,83355857,35,0,0,0,0,0,0,0,1,0,0,0,0,0,0,0,0,0,0,50623058,0,122285255,2119000,0,0,0,0,0,0,0,0,16384,0,0,0,0,0,0,0,0,0,0,0,7114,405,0,0,0,0,0,126700852,0,172,0,6,405,7114,0,0,0,0,0,0,0,0,0,0,0,0,0,0,0,0,0,0,0,0,0,0,0,0,0,0,0,0,0,0,0,0,0,0,0,0,0,0,0,0,0,0,0,0,0,0,0,0,0,0,0,0,0,0,629440600,0,0,0,893084558,0,0,0,0,0,0,0,181014668,413053047,754145340,350636347392,148807537,1,0,0,0,0,0,0,0,0,0,0,0,0,0,0,0,0,0,0,0,0,0,0,0,0,0,0,0,0,0,0,297,0,0,0,0,0,0,0
1782469285.288,0,0,0,0,0,0,0,1572527439,6766584859136,2430812099072,0,0,0,0,0,0,0,0,0,0,0,0,0,0,0,0,0,0,0,0,0,0,0,0,0,0,0,0,0,0,0,0,0,0,0,0,0,0,0,0,0,0,0,0,0,0,0,0,0,0,0,0,0,0,0,0,0,0,7,1925489,414770979,122705538,0,0,0,0,0,0,0,0,0,0,0,0,0,0,0,0,0,0,0,0,0,0,0,0,0,0,0,0,0,0,0,0,0,0,0,0,0,12877250560,5216944128,785965,318417,122315447,368,0,97,786432,412963000,811172,11,7738632083,12884901888,1032591,1248482846,0,0,0,0,0,0,0,0,0,0,0,0,0,0,0,0,0,0,41686450,141584473,0,468,1202,7661,620,83373447,35,0,0,0,0,0,0,0,1,0,0,0,0,0,0,0,0,0,0,50633003,0,122313720,2119374,0,0,0,0,0,0,0,0,16384,0,0,0,0,0,0,0,0,0,0,0,7115,405,0,0,0,0,0,126727585,0,172,0,6,405,7115,0,0,0,0,0,0,0,0,0,0,0,0,0,0,0,0,0,0,0,0,0,0,0,0,0,0,0,0,0,0,0,0,0,0,0,0,0,0,0,0,0,0,0,0,0,0,0,0,0,0,0,0,0,0,629572043,0,0,0,893232197,0,0,0,0,0,0,0,181029225,413157658,754307367,350704417280,148816757,1,0,0,0,0,0,0,0,0,0,0,0,0,0,0,0,0,0,0,0,0,0,0,0,0,0,0,0,0,0,0,1644,0,0,0,0,0,0,0
1782469286.376,0,0,0,0,0,0,0,1572850778,6768445524480,2431407746048,0,0,0,0,0,0,0,0,0,0,0,0,0,0,0,0,0,0,0,0,0,0,0,0,0,0,0,0,0,0,0,0,0,0,0,0,0,0,0,0,0,0,0,0,0,0,0,0,0,0,0,0,0,0,0,0,0,0,7,1925517,414885515,122736910,0,0,0,0,0,0,0,0,0,0,0,0,0,0,0,0,0,0,0,0,0,0,0,0,0,0,0,0,0,0,0,0,0,0,0,0,0,12879265792,5228265472,786089,319108,122345868,227,0,117,786432,413077029,811172,11,7740262815,12884901888,1035887,1248695500,0,0,0,0,0,0,0,0,0,0,0,0,0,0,0,0,0,0,41696051,141594073,0,468,1202,7661,620,83392655,35,0,0,0,0,0,0,0,1,0,0,0,0,0,0,0,0,0,0,50643866,0,122344141,2119788,0,0,0,0,0,0,0,0,16384,0,0,0,0,0,0,0,0,0,0,0,7116,405,0,0,0,0,0,126756760,0,172,0,6,405,7116,0,0,0,0,0,0,0,0,0,0,0,0,0,0,0,0,0,0,0,0,0,0,0,0,0,0,0,0,0,0,0,0,0,0,0,0,0,0,0,0,0,0,0,0,0,0,0,0,0,0,0,0,0,0,629709061,0,0,0,893395112,0,0,0,0,0,0,0,181048006,413271183,754476849,350775684608,148828633,1,0,0,0,0,0,0,0,0,0,0,0,0,0,0,0,0,0,0,0,0,0,0,0,0,0,0,0,0,0,0,1231,0,0,0,0,0,0,0
1782469287.463,0,0,0,0,0,0,0,1573164706,6770263362048,2432033541632,0,0,0,0,0,0,0,0,0,0,0,0,0,0,0,0,0,0,0,0,0,0,0,0,0,0,0,0,0,0,0,0,0,0,0,0,0,0,0,0,0,0,0,0,0,0,0,0,0,0,0,0,0,0,0,0,0,0,7,1925534,414997428,122770053,0,0,0,0,0,0,0,0,0,0,0,0,0,0,0,0,0,0,0,0,0,0,0,0,0,0,0,0,0,0,0,0,0,0,0,0,0,12881821696,5200494592,786244,317413,122375848,92,0,96,786432,413188461,811172,11,7741846632,12884901888,1038406,1248901310,0,0,0,0,0,0,0,0,0,0,0,0,0,0,0,0,0,0,41705370,141603392,0,468,1202,7661,620,83411282,35,0,0,0,0,0,0,0,1,0,0,0,0,0,0,0,0,0,0,50654408,0,122376425,2120216,0,0,0,0,0,0,0,0,16384,0,0,0,0,0,0,0,0,0,0,0,7118,405,0,0,0,0,0,126785100,0,172,0,6,405,7118,0,0,0,0,0,0,0,0,0,0,0,0,0,0,0,0,0,0,0,0,0,0,0,0,0,0,0,0,0,0,0,0,0,0,0,0,0,0,0,0,0,0,0,0,0,0,0,0,0,0,0,0,0,0,629842675,0,0,0,893553007,0,0,0,0,0,0,0,181066508,413382160,754644531,350845067776,148840206,1,0,0,0,0,0,0,0,0,0,0,0,0,0,0,0,0,0,0,0,0,0,0,0,0,0,0,0,0,0,0,1005,0,0,0,0,0,0,0
1782469288.541,0,0,0,0,0,0,0,1573481483,6772092160512,2432644488192,0,0,0,0,0,0,0,0,0,0,0,0,0,0,0,0,0,0,0,0,0,0,0,0,0,0,0,0,0,0,0,0,0,0,0,0,0,0,0,0,0,0,0,0,0,0,0,0,0,0,0,0,0,0,0,0,0,0,7,1925554,415109924,122802412,0,0,0,0,0,0,0,0,0,0,0,0,0,0,0,0,0,0,0,0,0,0,0,0,0,0,0,0,0,0,0,0,0,0,0,0,0,12879757312,5183193088,786118,316357,122406100,218,0,97,786432,413300462,811172,11,7743439464,12884901888,1040604,1249105989,0,0,0,0,0,0,0,0,0,0,0,0,0,0,0,0,0,0,41714775,141612797,0,468,1202,7661,620,83430089,35,0,0,0,0,0,0,0,1,0,0,0,0,0,0,0,0,0,0,50665050,0,122407957,2120632,0,0,0,0,0,0,0,0,16384,0,0,0,0,0,0,0,0,0,0,0,7119,405,0,0,0,0,0,126813695,0,172,0,6,405,7119,0,0,0,0,0,0,0,0,0,0,0,0,0,0,0,0,0,0,0,0,0,0,0,0,0,0,0,0,0,0,0,0,0,0,0,0,0,0,0,0,0,0,0,0,0,0,0,0,0,0,0,0,0,0,629976763,0,0,0,893710903,0,0,0,0,0,0,0,181084504,413493683,754811876,350914686464,148851616,1,0,0,0,0,0,0,0,0,0,0,0,0,0,0,0,0,0,0,0,0,0,0,0,0,0,0,0,0,0,0,2242,0,0,0,0,0,0,0
1782469289.621,0,0,0,0,0,0,0,1573807596,6773971241472,2433261569536,0,0,0,0,0,0,0,0,0,0,0,0,0,0,0,0,0,0,0,0,0,0,0,0,0,0,0,0,0,0,0,0,0,0,0,0,0,0,0,0,0,0,0,0,0,0,0,0,0,0,0,0,0,0,0,0,0,0,7,1925569,415225525,122835266,0,0,0,0,0,0,0,0,0,0,0,0,0,0,0,0,0,0,0,0,0,0,0,0,0,0,0,0,0,0,0,0,0,0,0,0,0,12878036992,5174067200,786013,315800,122441620,324,0,96,786432,413415579,811172,11,7745086232,12884901888,1043136,1249320657,0,0,0,0,0,0,0,0,0,0,0,0,0,0,0,0,0,0,41724447,141622471,0,468,1202,7661,620,83449433,35,0,0,0,0,0,0,0,1,0,0,0,0,0,0,0,0,0,0,50675996,0,122439893,2121057,0,0,0,0,0,0,0,0,16384,0,0,0,0,0,0,0,0,0,0,0,7120,405,0,0,0,0,0,126843117,0,172,0,6,405,7120,0,0,0,0,0,0,0,0,0,0,0,0,0,0,0,0,0,0,0,0,0,0,0,0,0,0,0,0,0,0,0,0,0,0,0,0,0,0,0,0,0,0,0,0,0,0,0,0,0,0,0,0,0,0,630115166,0,0,0,893874971,0,0,0,0,0,0,0,181103097,413608321,754984097,350986563584,148863071,1,0,0,0,0,0,0,0,0,0,0,0,0,0,0,0,0,0,0,0,0,0,0,0,0,0,0,0,0,0,0,2097,0,0,0,0,0,0,0
1782469290.704,0,0,0,0,0,0,0,1574130143,6775828646400,2433860774400,0,0,0,0,0,0,0,0,0,0,0,0,0,0,0,0,0,0,0,0,0,0,0,0,0,0,0,0,0,0,0,0,0,0,0,0,0,0,0,0,0,0,0,0,0,0,0,0,0,0,0,0,0,0,0,0,0,0,7,1925590,415339860,122866833,0,0,0,0,0,0,0,0,0,0,0,0,0,0,0,0,0,0,0,0,0,0,0,0,0,0,0,0,0,0,0,0,0,0,0,0,0,12876840960,5182095360,785940,316290,122472130,394,0,97,786432,413529382,811172,11,7746712943,12884901888,1046117,1249532423,0,0,0,0,0,0,0,0,0,0,0,0,0,0,0,0,0,0,41734012,141632036,0,468,1202,7661,620,83468570,35,0,0,0,0,0,0,0,1,0,0,0,0,0,0,0,0,0,0,50686827,0,122470470,2121469,0,0,0,0,0,0,0,0,16384,0,0,0,0,0,0,0,0,0,0,0,7121,405,0,0,0,0,0,126872163,0,172,0,6,405,7121,0,0,0,0,0,0,0,0,0,0,0,0,0,0,0,0,0,0,0,0,0,0,0,0,0,0,0,0,0,0,0,0,0,0,0,0,0,0,0,0,0,0,0,0,0,0,0,0,0,0,0,0,0,0,630251476,0,0,0,894037391,0,0,0,0,0,0,0,181122363,413721719,755153112,351057519616,148875202,1,0,0,0,0,0,0,0,0,0,0,0,0,0,0,0,0,0,0,0,0,0,0,0,0,0,0,0,0,0,0,1756,0,0,0,0,0,0,0
1782469291.790,0,0,0,0,0,0,0,1574463455,6777753520640,2434478045696,0,0,0,0,0,0,0,0,0,0,0,0,0,0,0,0,0,0,0,0,0,0,0,0,0,0,0,0,0,0,0,0,0,0,0,0,0,0,0,0,0,0,0,0,0,0,0,0,0,0,0,0,0,0,0,0,0,0,7,1925608,415458247,122899363,0,0,0,0,0,0,0,0,0,0,0,0,0,0,0,0,0,0,0,0,0,0,0,0,0,0,0,0,0,0,0,0,0,0,0,0,0,12877348864,5190713344,785972,316816,122503999,364,0,99,786432,413647273,811172,11,7748395182,12884901888,1048188,1249751834,0,0,0,0,0,0,0,0,0,0,0,0,0,0,0,0,0,0,41743919,141641942,0,468,1202,7661,620,83488380,35,0,0,0,0,0,0,0,1,0,0,0,0,0,0,0,0,0,0,50698038,0,122502272,2121904,0,0,0,0,0,0,0,0,16384,0,0,0,0,0,0,0,0,0,0,0,7122,405,0,0,0,0,0,126902269,0,172,0,6,405,7122,0,0,0,0,0,0,0,0,0,0,0,0,0,0,0,0,0,0,0,0,0,0,0,0,0,0,0,0,0,0,0,0,0,0,0,0,0,0,0,0,0,0,0,0,0,0,0,0,0,0,0,0,0,0,630392410,0,0,0,894205589,0,0,0,0,0,0,0,181141395,413839083,755327339,351130702336,148886994,1,0,0,0,0,0,0,0,0,0,0,0,0,0,0,0,0,0,0,0,0,0,0,0,0,0,0,0,0,0,0,1186,0,0,0,0,0,0,0
1782469292.884,0,0,0,0,0,0,0,1574793364,6779650853376,2435085389312,0,0,0,0,0,0,0,0,0,0,0,0,0,0,0,0,0,0,0,0,0,0,0,0,0,0,0,0,0,0,0,0,0,0,0,0,0,0,0,0,0,0,0,0,0,0,0,0,0,0,0,0,0,0,0,0,0,0,7,1925638,415574945,122931337,0,0,0,0,0,0,0,0,0,0,0,0,0,0,0,0,0,0,0,0,0,0,0,0,0,0,0,0,0,0,0,0,0,0,0,0,0,12879020032,5200330752,786073,317403,122535231,262,0,97,786432,413763462,811172,11,7750058832,12884901888,1050100,1249969128,0,0,0,0,0,0,0,0,0,0,0,0,0,0,0,0,0,0,41753723,141651743,0,468,1202,7661,620,83507989,35,0,0,0,0,0,0,0,1,0,0,0,0,0,0,0,0,0,0,50709135,0,122533504,2122334,0,0,0,0,0,0,0,0,16384,0,0,0,0,0,0,0,0,0,0,0,7123,405,0,0,0,0,0,126932019,0,172,0,6,405,7123,0,0,0,0,0,0,0,0,0,0,0,0,0,0,0,0,0,0,0,0,0,0,0,0,0,0,0,0,0,0,0,0,0,0,0,0,0,0,0,0,0,0,0,0,0,0,0,0,0,0,0,0,0,0,630530263,0,0,0,894371968,0,0,0,0,0,0,0,181160341,413954819,755498002,351202536960,148898712,1,0,0,0,0,0,0,0,0,0,0,0,0,0,0,0,0,0,0,0,0,0,0,0,0,0,0,0,0,0,0,639,0,0,0,0,0,0,0
1782469293.969,0,0,0,0,0,0,0,1575099951,6781424470528,2435661932544,0,0,0,0,0,0,0,0,0,0,0,0,0,0,0,0,0,0,0,0,0,0,0,0,0,0,0,0,0,0,0,0,0,0,0,0,0,0,0,0,0,0,0,0,0,0,0,0,0,0,0,0,0,0,0,0,0,0,7,1925660,415684012,122961668,0,0,0,0,0,0,0,0,0,0,0,0,0,0,0,0,0,0,0,0,0,0,0,0,0,0,0,0,0,0,0,0,0,0,0,0,0,12878594048,5200642048,786045,317422,122564236,287,0,98,786432,413872038,811172,11,7751604384,12884901888,1053970,1250170432,0,0,0,0,0,0,0,0,0,0,0,0,0,0,0,0,0,0,41762823,141660843,0,468,1202,7661,620,83526187,35,0,0,0,0,0,0,0,1,0,0,0,0,0,0,0,0,0,0,50719437,0,122562509,2122723,0,0,0,0,0,0,0,0,16384,0,0,0,0,0,0,0,0,0,0,0,7124,405,0,0,0,0,0,126959673,0,172,0,6,405,7124,0,0,0,0,0,0,0,0,0,0,0,0,0,0,0,0,0,0,0,0,0,0,0,0,0,0,0,0,0,0,0,0,0,0,0,0,0,0,0,0,0,0,0,0,0,0,0,0,0,0,0,0,0,0,630663176,0,0,0,894526210,0,0,0,0,0,0,0,181178248,414063011,755662687,351271370752,148910062,1,0,0,0,0,0,0,0,0,0,0,0,0,0,0,0,0,0,0,0,0,0,0,0,0,0,0,0,0,0,0,325,0,0,0,0,0,0,0
1782469295.053,0,0,0,0,0,0,0,1575405826,6783187683840,2436232052224,0,0,0,0,0,0,0,0,0,0,0,0,0,0,0,0,0,0,0,0,0,0,0,0,0,0,0,0,0,0,0,0,0,0,0,0,0,0,0,0,0,0,0,0,0,0,0,0,0,0,0,0,0,0,0,0,0,0,7,1925683,415792478,122991633,0,0,0,0,0,0,0,0,0,0,0,0,0,0,0,0,0,0,0,0,0,0,0,0,0,0,0,0,0,0,0,0,0,0,0,0,0,12878725120,5205131264,786055,317696,122592959,276,0,100,786432,413980045,811172,11,7753145772,12884901888,1057463,1250371678,0,0,0,0,0,0,0,0,0,0,0,0,0,0,0,0,0,0,41771872,141669892,0,468,1202,7661,620,83544294,35,0,0,0,0,0,0,0,1,0,0,0,0,0,0,0,0,0,0,50729680,0,122591232,2123120,0,0,0,0,0,0,0,0,16384,0,0,0,0,0,0,0,0,0,0,0,7125,405,0,0,0,0,0,126987179,0,172,0,6,405,7125,0,0,0,0,0,0,0,0,0,0,0,0,0,0,0,0,0,0,0,0,0,0,0,0,0,0,0,0,0,0,0,0,0,0,0,0,0,0,0,0,0,0,0,0,0,0,0,0,0,0,0,0,0,0,630795382,0,0,0,894679573,0,0,0,0,0,0,0,181196487,414170602,755826165,351340041216,148921645,0,0,0,0,0,0,0,0,0,0,0,0,0,0,0,0,0,0,0,0,0,0,0,0,0,0,0,0,0,0,0,311,0,0,0,0,0,0,0
1782469296.141,0,0,0,0,0,0,0,1575734946,6785083230720,2436837125120,0,0,0,0,0,0,0,0,0,0,0,0,0,0,0,0,0,0,0,0,0,0,0,0,0,0,0,0,0,0,0,0,0,0,0,0,0,0,0,0,0,0,0,0,0,0,0,0,0,0,0,0,0,0,0,0,0,0,7,1925710,415909088,123023517,0,0,0,0,0,0,0,0,0,0,0,0,0,0,0,0,0,0,0,0,0,0,0,0,0,0,0,0,0,0,0,0,0,0,0,0,0,12878692352,5217566720,786054,318455,122623844,282,0,97,786432,414096171,811172,11,7754799510,12884901888,1059936,1250583627,0,0,0,0,0,0,0,0,0,0,0,0,0,0,0,0,0,0,41781627,141679648,0,468,1202,7661,620,83563798,35,0,0,0,0,0,0,0,1,0,0,0,0,0,0,0,0,0,0,50740727,0,122622117,2123547,0,0,0,0,0,0,0,0,16384,0,0,0,0,0,0,0,0,0,0,0,7126,405,0,0,0,0,0,127016816,0,172,0,6,405,7126,0,0,0,0,0,0,0,0,0,0,0,0,0,0,0,0,0,0,0,0,0,0,0,0,0,0,0,0,0,0,0,0,0,0,0,0,0,0,0,0,0,0,0,0,0,0,0,0,0,0,0,0,0,0,630933580,0,0,0,894843235,0,0,0,0,0,0,0,181216562,414286218,755997253,351411770880,148934428,1,0,0,0,0,0,0,0,0,0,0,0,0,0,0,0,0,0,0,0,0,0,0,0,0,0,0,0,0,0,0,1979,0,0,0,0,0,0,0
1782469297.228,0,0,0,0,0,0,0,1576068554,6786998192640,2437454001664,0,0,0,0,0,0,0,0,0,0,0,0,0,0,0,0,0,0,0,0,0,0,0,0,0,0,0,0,0,0,0,0,0,0,0,0,0,0,0,0,0,0,0,0,0,0,0,0,0,0,0,0,0,0,0,0,0,0,7,1925733,416026931,123056036,0,0,0,0,0,0,0,0,0,0,0,0,0,0,0,0,0,0,0,0,0,0,0,0,0,0,0,0,0,0,0,0,0,0,0,0,0,12878823424,5224775680,786061,318895,122655717,272,0,97,786432,414213491,811172,11,7756482856,12884901888,1061793,1250803104,0,0,0,0,0,0,0,0,0,0,0,0,0,0,0,0,0,0,41791541,141689564,0,468,1202,7661,620,83583618,35,0,0,0,0,0,0,0,1,0,0,0,0,0,0,0,0,0,0,50751954,0,122653990,2123983,0,0,0,0,0,0,0,0,16384,0,0,0,0,0,0,0,0,0,0,0,7127,405,0,0,0,0,0,127046912,0,172,0,6,405,7127,0,0,0,0,0,0,0,0,0,0,0,0,0,0,0,0,0,0,0,0,0,0,0,0,0,0,0,0,0,0,0,0,0,0,0,0,0,0,0,0,0,0,0,0,0,0,0,0,0,0,0,0,0,0,631074613,0,0,0,895011241,0,0,0,0,0,0,0,181235464,414403047,756171566,351485105152,148945933,1,0,0,0,0,0,0,0,0,0,0,0,0,0,0,0,0,0,0,0,0,0,0,0,0,0,0,0,0,0,0,1781,0,0,0,0,0,0,0
1782469298.314,0,0,0,0,0,0,0,1576389537,6788847815168,2438051586048,0,0,0,0,0,0,0,0,0,0,0,0,0,0,0,0,0,0,0,0,0,0,0,0,0,0,0,0,0,0,0,0,0,0,0,0,0,0,0,0,0,0,0,0,0,0,0,0,0,0,0,0,0,0,0,0,0,0,7,1925760,416140758,123087539,0,0,0,0,0,0,0,0,0,0,0,0,0,0,0,0,0,0,0,0,0,0,0,0,0,0,0,0,0,0,0,0,0,0,0,0,0,12877594624,5229199360,785987,319165,122686121,348,0,98,786432,414326811,811172,11,7758099215,12884901888,1064970,1251012499,0,0,0,0,0,0,0,0,0,0,0,0,0,0,0,0,0,0,41801062,141699085,0,468,1202,7661,620,83602670,35,0,0,0,0,0,0,0,1,0,0,0,0,0,0,0,0,0,0,50762727,0,122684394,2124393,0,0,0,0,0,0,0,0,16384,0,0,0,0,0,0,0,0,0,0,0,7128,405,0,0,0,0,0,127075865,0,172,0,6,405,7128,0,0,0,0,0,0,0,0,0,0,0,0,0,0,0,0,0,0,0,0,0,0,0,0,0,0,0,0,0,0,0,0,0,0,0,0,0,0,0,0,0,0,0,0,0,0,0,0,0,0,0,0,0,0,631209540,0,0,0,895171964,0,0,0,0,0,0,0,181255221,414515950,756339123,351555252224,148958484,1,1,0,0,0,0,0,0,0,0,0,0,0,0,0,0,0,0,0,0,0,0,0,0,0,0,0,0,0,0,0,2199,0,0,0,0,0,0,0
1782469299.401,0,0,0,0,0,0,0,1576713178,6790723930624,2438664610304,0,0,0,0,0,0,0,0,0,0,0,0,0,0,0,0,0,0,0,0,0,0,0,0,0,0,0,0,0,0,0,0,0,0,0,0,0,0,0,0,0,0,0,0,0,0,0,0,0,0,0,0,0,0,0,0,0,0,7,1925789,416256224,123119789,0,0,0,0,0,0,0,0,0,0,0,0,0,0,0,0,0,0,0,0,0,0,0,0,0,0,0,0,0,0,0,0,0,0,0,0,0,12881772544,5227102208,786241,319037,122717309,83,0,107,786432,414441754,811172,11,7759733361,12884901888,1066912,1251226491,0,0,0,0,0,0,0,0,0,0,0,0,0,0,0,0,0,0,41810670,141708691,0,468,1202,7661,620,83621901,35,0,0,0,0,0,0,0,1,0,0,0,0,0,0,0,0,0,0,50773607,0,122715838,2124820,0,0,0,0,0,0,0,0,16384,0,0,0,0,0,0,0,0,0,0,0,7129,405,0,0,0,0,0,127105083,0,172,0,6,405,7129,0,0,0,0,0,0,0,0,0,0,0,0,0,0,0,0,0,0,0,0,0,0,0,0,0,0,0,0,0,0,0,0,0,0,0,0,0,0,0,0,0,0,0,0,0,0,0,0,0,0,0,0,0,0,631347939,0,0,0,895335480,0,0,0,0,0,0,0,181272785,414630407,756510514,351627166720,148969420,1,0,0,0,0,0,0,0,0,0,0,0,0,0,0,0,0,0,0,0,0,0,0,0,0,0,0,0,0,0,0,1310,0,0,0,0,0,0,0
1782469300.481,0,0,0,0,0,0,0,1577004172,6792393640448,2439238148608,0,0,0,0,0,0,0,0,0,0,0,0,0,0,0,0,0,0,0,0,0,0,0,0,0,0,0,0,0,0,0,0,0,0,0,0,0,0,0,0,0,0,0,0,0,0,0,0,0,0,0,0,0,0,0,0,0,0,7,1925805,416358872,123149949,0,0,0,0,0,0,0,0,0,0,0,0,0,0,0,0,0,0,0,0,0,0,0,0,0,0,0,0,0,0,0,0,0,0,0,0,0,12882444288,5202575360,786281,317540,122744810,53,0,97,786432,414543967,811172,11,7761196750,12884901888,1070535,1251415235,0,0,0,0,0,0,0,0,0,0,0,0,0,0,0,0,0,0,41819311,141717333,0,468,1202,7661,620,83639174,35,0,0,0,0,0,0,0,1,0,0,0,0,0,0,0,0,0,0,50783392,0,122744875,2125192,0,0,0,0,0,0,0,0,16384,0,0,0,0,0,0,0,0,0,0,0,7131,405,0,0,0,0,0,127131366,0,172,0,6,405,7131,0,0,0,0,0,0,0,0,0,0,0,0,0,0,0,0,0,0,0,0,0,0,0,0,0,0,0,0,0,0,0,0,0,0,0,0,0,0,0,0,0,0,0,0,0,0,0,0,0,0,0,0,0,0,631477305,0,0,0,895481215,0,0,0,0,0,0,0,181288641,414732198,756671335,351694139392,148979761,1,0,0,0,0,0,0,0,0,0,0,0,0,0,0,0,0,0,0,0,0,0,0,0,0,0,0,0,0,0,0,1780,0,0,0,0,0,0,0
1782469301.558,0,0,0,0,0,0,0,1577288170,6794033400320,2439800783872,0,0,0,0,0,0,0,0,0,0,0,0,0,0,0,0,0,0,0,0,0,0,0,0,0,0,0,0,0,0,0,0,0,0,0,0,0,0,0,0,0,0,0,0,0,0,0,0,0,0,0,0,0,0,0,0,0,0,7,1925838,416459722,123179990,0,0,0,0,0,0,0,0,0,0,0,0,0,0,0,0,0,0,0,0,0,0,0,0,0,0,0,0,0,0,0,0,0,0,0,0,0,12883312640,5175345152,786335,315878,122772105,0,0,97,786432,414644383,811172,11,7762625488,12884901888,1073011,1251600436,0,0,0,0,0,0,0,0,0,0,0,0,0,0,0,0,0,0,41827719,141725742,0,468,1202,7661,620,83655990,35,0,0,0,0,0,0,0,1,0,0,0,0,0,0,0,0,0,0,50792908,0,122774090,2125566,0,0,0,0,0,0,0,0,16384,0,0,0,0,0,0,0,0,0,0,0,7132,405,0,0,0,0,0,127156888,0,172,0,6,405,7132,0,0,0,0,0,0,0,0,0,0,0,0,0,0,0,0,0,0,0,0,0,0,0,0,0,0,0,0,0,0,0,0,0,0,0,0,0,0,0,0,0,0,0,0,0,0,0,0,0,0,0,0,0,0,631603370,0,0,0,895623260,0,0,0,0,0,0,0,181303783,414832236,756828317,351759507456,148989868,1,0,0,0,0,0,0,0,0,0,0,0,0,0,0,0,0,0,0,0,0,0,0,0,0,0,0,0,0,0,0,2040,0,0,0,0,0,0,0
1782469302.635,0,0,0,0,0,0,0,1577575704,6795697113600,2440354246656,0,0,0,0,0,0,0,0,0,0,0,0,0,0,0,0,0,0,0,0,0,0,0,0,0,0,0,0,0,0,0,0,0,0,0,0,0,0,0,0,0,0,0,0,0,0,0,0,0,0,0,0,0,0,0,0,0,0,7,1925862,416562033,123208982,0,0,0,0,0,0,0,0,0,0,0,0,0,0,0,0,0,0,0,0,0,0,0,0,0,0,0,0,0,0,0,0,0,0,0,0,0,12883329024,5167546368,786336,315402,122799455,0,0,96,786432,414746252,811172,11,7764070776,12884901888,1076259,1251786711,0,0,0,0,0,0,0,0,0,0,0,0,0,0,0,0,0,0,41836247,141734270,0,468,1202,7661,620,83673043,35,0,0,0,0,0,0,0,1,0,0,0,0,0,0,0,0,0,0,50802563,0,122801824,2125927,0,0,0,0,0,0,0,0,16384,0,0,0,0,0,0,0,0,0,0,0,7133,405,0,0,0,0,0,127182818,0,172,0,6,405,7133,0,0,0,0,0,0,0,0,0,0,0,0,0,0,0,0,0,0,0,0,0,0,0,0,0,0,0,0,0,0,0,0,0,0,0,0,0,0,0,0,0,0,0,0,0,0,0,0,0,0,0,0,0,0,631730291,0,0,0,895766658,0,0,0,0,0,0,0,181319640,414933745,756985374,351825339904,149000359,1,0,0,0,0,0,0,0,0,0,0,0,0,0,0,0,0,0,0,0,0,0,0,0,0,0,0,0,0,0,0,2700,0,0,0,0,0,0,0
1782469303.711,0,0,0,0,0,0,0,1577864757,6797347146240,2440903308800,0,0,0,0,0,0,0,0,0,0,0,0,0,0,0,0,0,0,0,0,0,0,0,0,0,0,0,0,0,0,0,0,0,0,0,0,0,0,0,0,0,0,0,0,0,0,0,0,0,0,0,0,0,0,0,0,0,0,7,1925880,416663483,123237924,0,0,0,0,0,0,0,0,0,0,0,0,0,0,0,0,0,0,0,0,0,0,0,0,0,0,0,0,0,0,0,0,0,0,0,0,0,12876513280,5161517056,785920,315034,122831898,413,0,96,786432,414847283,811172,11,7765528950,12884901888,1079199,1251981483,0,0,0,0,0,0,0,0,0,0,0,0,0,0,0,0,0,0,41844768,141742788,0,468,1202,7661,620,83690079,35,0,0,0,0,0,0,0,1,0,0,0,0,0,0,0,0,0,0,50812195,0,122830171,2126300,0,0,0,0,0,0,0,0,16384,0,0,0,0,0,0,0,0,0,0,0,7134,405,0,0,0,0,0,127208665,0,172,0,6,405,7134,0,0,0,0,0,0,0,0,0,0,0,0,0,0,0,0,0,0,0,0,0,0,0,0,0,0,0,0,0,0,0,0,0,0,0,0,0,0,0,0,0,0,0,0,0,0,0,0,0,0,0,0,0,0,631859797,0,0,0,895913699,0,0,0,0,0,0,0,181336677,415034447,757144796,351892466688,149011944,1,1,0,0,0,0,0,0,0,0,0,0,0,0,0,0,0,0,0,0,0,0,0,0,0,0,0,0,0,0,0,533,0,0,0,0,0,0,0
1782469304.799,0,0,0,0,0,0,0,1578160707,6799047346688,2441459216896,0,0,0,0,0,0,0,0,0,0,0,0,0,0,0,0,0,0,0,0,0,0,0,0,0,0,0,0,0,0,0,0,0,0,0,0,0,0,0,0,0,0,0,0,0,0,0,0,0,0,0,0,0,0,0,0,0,0,7,1925903,416768026,123267084,0,0,0,0,0,0,0,0,0,0,0,0,0,0,0,0,0,0,0,0,0,0,0,0,0,0,0,0,0,0,0,0,0,0,0,0,0,12878053376,5165940736,786014,315304,122860140,321,0,96,786432,414951396,811172,11,7767016695,12884901888,1082404,1252174222,0,0,0,0,0,0,0,0,0,0,0,0,0,0,0,0,0,0,41853528,141751547,0,468,1202,7661,620,83707614,35,0,0,0,0,0,0,0,1,0,0,0,0,0,0,0,0,0,0,50822113,0,122858413,2126678,0,0,0,0,0,0,0,0,16384,0,0,0,0,0,0,0,0,0,0,0,7135,405,0,0,0,0,0,127235265,0,172,0,6,405,7135,0,0,0,0,0,0,0,0,0,0,0,0,0,0,0,0,0,0,0,0,0,0,0,0,0,0,0,0,0,0,0,0,0,0,0,0,0,0,0,0,0,0,0,0,0,0,0,0,0,0,0,0,0,0,631989419,0,0,0,896061820,0,0,0,0,0,0,0,181352891,415138174,757304579,351959803904,149022763,1,1,0,0,0,0,0,0,0,0,0,0,0,0,0,0,0,0,0,0,0,0,0,0,0,0,0,0,0,0,0,788,0,0,0,0,0,0,0
1782469305.882,0,0,0,0,0,0,0,1578459047,6800770976256,2442021828096,0,0,0,0,0,0,0,0,0,0,0,0,0,0,0,0,0,0,0,0,0,0,0,0,0,0,0,0,0,0,0,0,0,0,0,0,0,0,0,0,0,0,0,0,0,0,0,0,0,0,0,0,0,0,0,0,0,0,7,1925922,416873957,123296653,0,0,0,0,0,0,0,0,0,0,0,0,0,0,0,0,0,0,0,0,0,0,0,0,0,0,0,0,0,0,0,0,0,0,0,0,0,12878102528,5168824320,786017,315479,122888306,313,0,98,786432,415056883,811172,11,7768517629,12884901888,1086563,1252367724,0,0,0,0,0,0,0,0,0,0,0,0,0,0,0,0,0,0,41862355,141760379,0,468,1202,7661,620,83725258,35,0,0,0,0,0,0,0,1,0,0,0,0,0,0,0,0,0,0,50832112,0,122886579,2127050,0,0,0,0,0,0,0,0,16384,0,0,0,0,0,0,0,0,0,0,0,7136,405,0,0,0,0,0,127262111,0,172,0,6,405,7136,0,0,0,0,0,0,0,0,0,0,0,0,0,0,0,0,0,0,0,0,0,0,0,0,0,0,0,0,0,0,0,0,0,0,0,0,0,0,0,0,0,0,0,0,0,0,0,0,0,0,0,0,0,0,632121261,0,0,0,896210775,0,0,0,0,0,0,0,181369517,415243278,757467413,352028064768,149033397,1,0,0,0,0,0,0,0,0,0,0,0,0,0,0,0,0,0,0,0,0,0,0,0,0,0,0,0,0,0,0,1635,0,0,0,0,0,0,0
1782469306.968,0,0,0,0,0,0,0,1578755114,6802472339968,2442578606592,0,0,0,0,0,0,0,0,0,0,0,0,0,0,0,0,0,0,0,0,0,0,0,0,0,0,0,0,0,0,0,0,0,0,0,0,0,0,0,0,0,0,0,0,0,0,0,0,0,0,0,0,0,0,0,0,0,0,7,1925937,416978625,123325837,0,0,0,0,0,0,0,0,0,0,0,0,0,0,0,0,0,0,0,0,0,0,0,0,0,0,0,0,0,0,0,0,0,0,0,0,0,12877971456,5174345728,786009,315817,122915864,327,0,96,786432,415161133,811172,11,7770007704,12884901888,1090821,1252561133,0,0,0,0,0,0,0,0,0,0,0,0,0,0,0,0,0,0,41871129,141769152,0,468,1202,7661,620,83742806,35,0,0,0,0,0,0,0,1,0,0,0,0,0,0,0,0,0,0,50842034,0,122914137,2127408,0,0,0,0,0,0,0,0,16384,0,0,0,0,0,0,0,0,0,0,0,7137,405,0,0,0,0,0,127288803,0,172,0,6,405,7137,0,0,0,0,0,0,0,0,0,0,0,0,0,0,0,0,0,0,0,0,0,0,0,0,0,0,0,0,0,0,0,0,0,0,0,0,0,0,0,0,0,0,0,0,0,0,0,0,0,0,0,0,0,0,632252611,0,0,0,896359170,0,0,0,0,0,0,0,181385462,415347062,757629608,352096022016,149043661,1,0,0,0,0,0,0,0,0,0,0,0,0,0,0,0,0,0,0,0,0,0,0,0,0,0,0,0,0,0,0,1693,0,0,0,0,0,0,0
1782469308.055,0,0,0,0,0,0,0,1579047369,6804156664320,2443128700928,0,0,0,0,0,0,0,0,0,0,0,0,0,0,0,0,0,0,0,0,0,0,0,0,0,0,0,0,0,0,0,0,0,0,0,0,0,0,0,0,0,0,0,0,0,0,0,0,0,0,0,0,0,0,0,0,0,0,7,1925953,417082193,123354772,0,0,0,0,0,0,0,0,0,0,0,0,0,0,0,0,0,0,0,0,0,0,0,0,0,0,0,0,0,0,0,0,0,0,0,0,0,12878807040,5178802176,786062,316089,122943604,275,0,98,786432,415264242,811172,11,7771478365,12884901888,1094416,1252753014,0,0,0,0,0,0,0,0,0,0,0,0,0,0,0,0,0,0,41879784,141777805,0,468,1202,7661,620,83760119,35,0,0,0,0,0,0,0,1,0,0,0,0,0,0,0,0,0,0,50851828,0,122941877,2127779,0,0,0,0,0,0,0,0,16384,0,0,0,0,0,0,0,0,0,0,0,7138,405,0,0,0,0,0,127315030,0,172,0,6,405,7138,0,0,0,0,0,0,0,0,0,0,0,0,0,0,0,0,0,0,0,0,0,0,0,0,0,0,0,0,0,0,0,0,0,0,0,0,0,0,0,0,0,0,0,0,0,0,0,0,0,0,0,0,0,0,632382495,0,0,0,896505999,0,0,0,0,0,0,0,181401315,415449824,757789716,352163167744,149054037,1,0,0,0,0,0,0,0,0,0,0,0,0,0,0,0,0,0,0,0,0,0,0,0,0,0,0,0,0,0,0,1487,0,0,0,0,0,0,0
1782469309.144,0,0,0,0,0,0,0,1579343072,6805856274944,2443688610816,0,0,0,0,0,0,0,0,0,0,0,0,0,0,0,0,0,0,0,0,0,0,0,0,0,0,0,0,0,0,0,0,0,0,0,0,0,0,0,0,0,0,0,0,0,0,0,0,0,0,0,0,0,0,0,0,0,0,7,1925975,417186686,123384171,0,0,0,0,0,0,0,0,0,0,0,0,0,0,0,0,0,0,0,0,0,0,0,0,0,0,0,0,0,0,0,0,0,0,0,0,0,12877103104,5181423616,785955,316249,122972203,379,0,97,786432,415368321,811172,11,7772971060,12884901888,1096859,1252950022,0,0,0,0,0,0,0,0,0,0,0,0,0,0,0,0,0,0,41888531,141786555,0,468,1202,7661,620,83777625,35,0,0,0,0,0,0,0,1,0,0,0,0,0,0,0,0,0,0,50861723,0,122970401,2128160,0,0,0,0,0,0,0,0,16384,0,0,0,0,0,0,0,0,0,0,0,7139,405,0,0,0,0,0,127341628,0,172,0,6,405,7139,0,0,0,0,0,0,0,0,0,0,0,0,0,0,0,0,0,0,0,0,0,0,0,0,0,0,0,0,0,0,0,0,0,0,0,0,0,0,0,0,0,0,0,0,0,0,0,0,0,0,0,0,0,0,632514323,0,0,0,896655496,0,0,0,0,0,0,0,181417141,415553505,757951810,352231541760,149064524,0,0,0,0,0,0,0,0,0,0,0,0,0,0,0,0,0,0,0,0,0,0,0,0,0,0,0,0,0,0,0,220,0,0,0,0,0,0,0
1782469310.226,0,0,0,0,0,0,0,1579640353,6807567682048,2444246273536,0,0,0,0,0,0,0,0,0,0,0,0,0,0,0,0,0,0,0,0,0,0,0,0,0,0,0,0,0,0,0,0,0,0,0,0,0,0,0,0,0,0,0,0,0,0,0,0,0,0,0,0,0,0,0,0,0,0,7,1925995,417291876,123413431,0,0,0,0,0,0,0,0,0,0,0,0,0,0,0,0,0,0,0,0,0,0,0,0,0,0,0,0,0,0,0,0,0,0,0,0,0,12880510976,5187403776,786164,316614,123000396,169,0,96,786432,415473061,811172,11,7774466014,12884901888,1100403,1253143282,0,0,0,0,0,0,0,0,0,0,0,0,0,0,0,0,0,0,41897348,141795373,0,468,1202,7661,620,83795252,35,0,0,0,0,0,0,0,1,0,0,0,0,0,0,0,0,0,0,50871711,0,122998594,2128543,0,0,0,0,0,0,0,0,16384,0,0,0,0,0,0,0,0,0,0,0,7140,405,0,0,0,0,0,127368424,0,172,0,6,405,7140,0,0,0,0,0,0,0,0,0,0,0,0,0,0,0,0,0,0,0,0,0,0,0,0,0,0,0,0,0,0,0,0,0,0,0,0,0,0,0,0,0,0,0,0,0,0,0,0,0,0,0,0,0,0,632645985,0,0,0,896804292,0,0,0,0,0,0,0,181433090,415657881,758113886,352299796992,149074792,1,1,0,0,0,0,0,0,0,0,0,0,0,0,0,0,0,0,0,0,0,0,0,0,0,0,0,0,0,0,0,672,0,0,0,0,0,0,0
1782469311.313,0,0,0,0,0,0,0,1579958808,6809402690048,2444839023616,0,0,0,0,0,0,0,0,0,0,0,0,0,0,0,0,0,0,0,0,0,0,0,0,0,0,0,0,0,0,0,0,0,0,0,0,0,0,0,0,0,0,0,0,0,0,0,0,0,0,0,0,0,0,0,0,0,0,7,1926009,417404793,123444626,0,0,0,0,0,0,0,0,0,0,0,0,0,0,0,0,0,0,0,0,0,0,0,0,0,0,0,0,0,0,0,0,0,0,0,0,0,12881936384,5195677696,786251,317119,123030654,84,0,97,786432,415585498,811172,11,7776072084,12884901888,1102523,1253352544,0,0,0,0,0,0,0,0,0,0,0,0,0,0,0,0,0,0,41906787,141804812,0,468,1202,7661,620,83814128,35,0,0,0,0,0,0,0,1,0,0,0,0,0,0,0,0,0,0,50882409,0,123028852,2128951,0,0,0,0,0,0,0,0,16384,0,0,0,0,0,0,0,0,0,0,0,7141,405,0,0,0,0,0,127397099,0,172,0,6,405,7141,0,0,0,0,0,0,0,0,0,0,0,0,0,0,0,0,0,0,0,0,0,0,0,0,0,0,0,0,0,0,0,0,0,0,0,0,0,0,0,0,0,0,0,0,0,0,0,0,0,0,0,0,0,0,632782454,0,0,0,896964443,0,0,0,0,0,0,0,181451416,415769823,758282426,352370640896,149086472,1,0,0,0,0,0,0,0,0,0,0,0,0,0,0,0,0,0,0,0,0,0,0,0,0,0,0,0,0,0,0,275,0,0,0,0,0,0,0
1782469312.397,0,0,0,0,0,0,0,1580272954,6811214072320,2445435340288,0,0,0,0,0,0,0,0,0,0,0,0,0,0,0,0,0,0,0,0,0,0,0,0,0,0,0,0,0,0,0,0,0,0,0,0,0,0,0,0,0,0,0,0,0,0,0,0,0,0,0,0,0,0,0,0,0,0,7,1926028,417516304,123475865,0,0,0,0,0,0,0,0,0,0,0,0,0,0,0,0,0,0,0,0,0,0,0,0,0,0,0,0,0,0,0,0,0,0,0,0,0,12882673664,5195481088,786296,317107,123060159,40,0,96,786432,415696535,811172,11,7777653210,12884901888,1107022,1253556088,0,0,0,0,0,0,0,0,0,0,0,0,0,0,0,0,0,0,41916122,141814147,0,468,1202,7661,620,83832795,35,0,0,0,0,0,0,0,1,0,0,0,0,0,0,0,0,0,0,50892977,0,123058613,2129349,0,0,0,0,0,0,0,0,16384,0,0,0,0,0,0,0,0,0,0,0,7142,405,0,0,0,0,0,127425463,0,172,0,6,405,7142,0,0,0,0,0,0,0,0,0,0,0,0,0,0,0,0,0,0,0,0,0,0,0,0,0,0,0,0,0,0,0,0,0,0,0,0,0,0,0,0,0,0,0,0,0,0,0,0,0,0,0,0,0,0,632914986,0,0,0,897121717,0,0,0,0,0,0,0,181470068,415880379,758447782,352439532544,149098282,0,1,0,0,0,0,0,0,0,0,0,0,0,0,0,0,0,0,0,0,0,0,0,0,0,0,0,0,0,0,0,1039,0,0,0,0,0,0,0
1782469313.480,0,0,0,0,0,0,0,1580573543,6812946942464,2446028139008,0,0,0,0,0,0,0,0,0,0,0,0,0,0,0,0,0,0,0,0,0,0,0,0,0,0,0,0,0,0,0,0,0,0,0,0,0,0,0,0,0,0,0,0,0,0,0,0,0,0,0,0,0,0,0,0,0,0,7,1926049,417622958,123507402,0,0,0,0,0,0,0,0,0,0,0,0,0,0,0,0,0,0,0,0,0,0,0,0,0,0,0,0,0,0,0,0,0,0,0,0,0,12882706432,5169725440,786297,315535,123088906,38,0,97,786432,415802719,811172,11,7779165898,12884901888,1110489,1253751450,0,0,0,0,0,0,0,0,0,0,0,0,0,0,0,0,0,0,41925052,141823076,0,468,1202,7661,620,83850657,35,0,0,0,0,0,0,0,1,0,0,0,0,0,0,0,0,0,0,50903082,0,123089024,2129741,0,0,0,0,0,0,0,0,16384,0,0,0,0,0,0,0,0,0,0,0,7144,405,0,0,0,0,0,127452590,0,172,0,6,405,7144,0,0,0,0,0,0,0,0,0,0,0,0,0,0,0,0,0,0,0,0,0,0,0,0,0,0,0,0,0,0,0,0,0,0,0,0,0,0,0,0,0,0,0,0,0,0,0,0,0,0,0,0,0,0,633044786,0,0,0,897272296,0,0,0,0,0,0,0,181488334,415986122,758610248,352506923008,149110325,1,0,0,0,0,0,0,0,0,0,0,0,0,0,0,0,0,0,0,0,0,0,0,0,0,0,0,0,0,0,0,1397,0,0,0,0,0,0,0
1782469314.559,0,0,0,0,0,0,0,1580882929,6814727342592,2446636784128,0,0,0,0,0,0,0,0,0,0,0,0,0,0,0,0,0,0,0,0,0,0,0,0,0,0,0,0,0,0,0,0,0,0,0,0,0,0,0,0,0,0,0,0,0,0,0,0,0,0,0,0,0,0,0,0,0,0,7,1926083,417732474,123539879,0,0,0,0,0,0,0,0,0,0,0,0,0,0,0,0,0,0,0,0,0,0,0,0,0,0,0,0,0,0,0,0,0,0,0,0,0,12882149376,5142855680,786264,313896,123118365,72,0,96,786432,415911705,811172,11,7780723930,12884901888,1113106,1253952376,0,0,0,0,0,0,0,0,0,0,0,0,0,0,0,0,0,0,41934247,141832269,0,468,1202,7661,620,83869043,35,0,0,0,0,0,0,0,1,0,0,0,0,0,0,0,0,0,0,50913484,0,123120659,2130151,0,0,0,0,0,0,0,0,16384,0,0,0,0,0,0,0,0,0,0,0,7145,405,0,0,0,0,0,127480510,0,172,0,6,405,7145,0,0,0,0,0,0,0,0,0,0,0,0,0,0,0,0,0,0,0,0,0,0,0,0,0,0,0,0,0,0,0,0,0,0,0,0,0,0,0,0,0,0,0,0,0,0,0,0,0,0,0,0,0,0,633175914,0,0,0,897427007,0,0,0,0,0,0,0,181506137,416094667,758774798,352575158784,149121646,1,0,0,0,0,0,0,0,0,0,0,0,0,0,0,0,0,0,0,0,0,0,0,0,0,0,0,0,0,0,0,2096,0,0,0,0,0,0,0
1782469315.634,0,0,0,0,0,0,0,1581208900,6816606751232,2447246616064,0,0,0,0,0,0,0,0,0,0,0,0,0,0,0,0,0,0,0,0,0,0,0,0,0,0,0,0,0,0,0,0,0,0,0,0,0,0,0,0,0,0,0,0,0,0,0,0,0,0,0,0,0,0,0,0,0,0,7,1926100,417848065,123572084,0,0,0,0,0,0,0,0,0,0,0,0,0,0,0,0,0,0,0,0,0,0,0,0,0,0,0,0,0,0,0,0,0,0,0,0,0,12879380480,5144346624,786095,313986,123154134,240,0,96,786432,416026843,811172,11,7782372905,12884901888,1115220,1254169860,0,0,0,0,0,0,0,0,0,0,0,0,0,0,0,0,0,0,41943889,141841915,0,468,1202,7661,620,83888342,35,0,0,0,0,0,0,0,1,0,0,0,0,0,0,0,0,0,0,50924403,0,123152332,2130574,0,0,0,0,0,0,0,0,16384,0,0,0,0,0,0,0,0,0,0,0,7146,405,0,0,0,0,0,127509861,0,172,0,6,405,7146,0,0,0,0,0,0,0,0,0,0,0,0,0,0,0,0,0,0,0,0,0,0,0,0,0,0,0,0,0,0,0,0,0,0,0,0,0,0,0,0,0,0,0,0,0,0,0,0,0,0,0,0,0,0,633314311,0,0,0,897592584,0,0,0,0,0,0,0,181523834,416209301,758946132,352647043584,149132810,1,1,0,0,0,0,0,0,0,0,0,0,0,0,0,0,0,0,0,0,0,0,0,0,0,0,0,0,0,0,0,348,0,0,0,0,0,0,0
1782469316.719,0,0,0,0,0,0,0,1581524959,6818431584768,2447835974656,0,0,0,0,0,0,0,0,0,0,0,0,0,0,0,0,0,0,0,0,0,0,0,0,0,0,0,0,0,0,0,0,0,0,0,0,0,0,0,0,0,0,0,0,0,0,0,0,0,0,0,0,0,0,0,0,0,0,7,1926122,417960384,123603212,0,0,0,0,0,0,0,0,0,0,0,0,0,0,0,0,0,0,0,0,0,0,0,0,0,0,0,0,0,0,0,0,0,0,0,0,0,12877217792,5151096832,785963,314398,123184295,372,0,97,786432,416138702,811172,11,7783965599,12884901888,1117815,1254375962,0,0,0,0,0,0,0,0,0,0,0,0,0,0,0,0,0,0,41953266,141851292,0,468,1202,7661,620,83907095,35,0,0,0,0,0,0,0,1,0,0,0,0,0,0,0,0,0,0,50935003,0,123182614,2130979,0,0,0,0,0,0,0,0,16384,0,0,0,0,0,0,0,0,0,0,0,7147,405,0,0,0,0,0,127538345,0,172,0,6,405,7147,0,0,0,0,0,0,0,0,0,0,0,0,0,0,0,0,0,0,0,0,0,0,0,0,0,0,0,0,0,0,0,0,0,0,0,0,0,0,0,0,0,0,0,0,0,0,0,0,0,0,0,0,0,0,633447863,0,0,0,897750872,0,0,0,0,0,0,0,181543017,416320590,759111807,352716341248,149145221,1,0,0,0,0,0,0,0,0,0,0,0,0,0,0,0,0,0,0,0,0,0,0,0,0,0,0,0,0,0,0,796,0,0,0,0,0,0,0
1782469317.807,0,0,0,0,0,0,0,1581852033,6820310780416,2448434671104,0,0,0,0,0,0,0,0,0,0,0,0,0,0,0,0,0,0,0,0,0,0,0,0,0,0,0,0,0,0,0,0,0,0,0,0,0,0,0,0,0,0,0,0,0,0,0,0,0,0,0,0,0,0,0,0,0,0,7,1926152,418075993,123634622,0,0,0,0,0,0,0,0,0,0,0,0,0,0,0,0,0,0,0,0,0,0,0,0,0,0,0,0,0,0,0,0,0,0,0,0,0,12879429632,5165039616,786097,315249,123215169,229,0,106,786432,416253797,811172,11,7785613264,12884901888,1120167,1254589715,0,0,0,0,0,0,0,0,0,0,0,0,0,0,0,0,0,0,41962971,141860998,0,468,1202,7661,620,83926490,35,0,0,0,0,0,0,0,1,0,0,0,0,0,0,0,0,0,0,50945985,0,123213367,2131390,0,0,0,0,0,0,0,0,16384,0,0,0,0,0,0,0,0,0,0,0,7148,405,0,0,0,0,0,127567838,0,172,0,6,405,7148,0,0,0,0,0,0,0,0,0,0,0,0,0,0,0,0,0,0,0,0,0,0,0,0,0,0,0,0,0,0,0,0,0,0,0,0,0,0,0,0,0,0,0,0,0,0,0,0,0,0,0,0,0,0,633588054,0,0,0,897914858,0,0,0,0,0,0,0,181560842,416435301,759284139,352788977152,149156590,1,0,0,0,0,0,0,0,0,0,0,0,0,0,0,0,0,0,0,0,0,0,0,0,0,0,0,0,0,0,0,1194,0,0,0,0,0,0,0
1782469318.900,0,0,0,0,0,0,0,1582176335,6822184061440,2449039909376,0,0,0,0,0,0,0,0,0,0,0,0,0,0,0,0,0,0,0,0,0,0,0,0,0,0,0,0,0,0,0,0,0,0,0,0,0,0,0,0,0,0,0,0,0,0,0,0,0,0,0,0,0,0,0,0,0,0,7,1926180,418191218,123666471,0,0,0,0,0,0,0,0,0,0,0,0,0,0,0,0,0,0,0,0,0,0,0,0,0,0,0,0,0,0,0,0,0,0,0,0,0,12880560128,5170298880,786166,315570,123246194,169,0,97,786432,416368528,811172,11,7787248510,12884901888,1122259,1254802770,0,0,0,0,0,0,0,0,0,0,0,0,0,0,0,0,0,0,41972608,141870636,0,468,1202,7661,620,83945770,35,0,0,0,0,0,0,0,1,0,0,0,0,0,0,0,0,0,0,50956907,0,123244543,2131811,0,0,0,0,0,0,0,0,16384,0,0,0,0,0,0,0,0,0,0,0,7149,405,0,0,0,0,0,127597118,0,172,0,6,405,7149,0,0,0,0,0,0,0,0,0,0,0,0,0,0,0,0,0,0,0,0,0,0,0,0,0,0,0,0,0,0,0,0,0,0,0,0,0,0,0,0,0,0,0,0,0,0,0,0,0,0,0,0,0,0,633727300,0,0,0,898078423,0,0,0,0,0,0,0,181578883,416549665,759456014,352861230080,149168081,1,0,0,0,0,0,0,0,0,0,0,0,0,0,0,0,0,0,0,0,0,0,0,0,0,0,0,0,0,0,0,715,0,0,0,0,0,0,0
1782469319.987,0,0,0,0,0,0,0,1582504388,6824074119680,2449644894208,0,0,0,0,0,0,0,0,0,0,0,0,0,0,0,0,0,0,0,0,0,0,0,0,0,0,0,0,0,0,0,0,0,0,0,0,0,0,0,0,0,0,0,0,0,0,0,0,0,0,0,0,0,0,0,0,0,0,7,1926204,418307500,123698321,0,0,0,0,0,0,0,0,0,0,0,0,0,0,0,0,0,0,0,0,0,0,0,0,0,0,0,0,0,0,0,0,0,0,0,0,0,12877987840,5179441152,786007,316128,123277511,325,0,97,786432,416484321,811172,11,7788899783,12884901888,1123994,1255015098,0,0,0,0,0,0,0,0,0,0,0,0,0,0,0,0,0,0,41982334,141880361,0,468,1202,7661,620,83965224,35,0,0,0,0,0,0,0,1,0,0,0,0,0,0,0,0,0,0,50967931,0,123275709,2132233,0,0,0,0,0,0,0,0,16384,0,0,0,0,0,0,0,0,0,0,0,7150,405,0,0,0,0,0,127626672,0,172,0,6,405,7150,0,0,0,0,0,0,0,0,0,0,0,0,0,0,0,0,0,0,0,0,0,0,0,0,0,0,0,0,0,0,0,0,0,0,0,0,0,0,0,0,0,0,0,0,0,0,0,0,0,0,0,0,0,0,633866042,0,0,0,898242411,0,0,0,0,0,0,0,181597223,416665030,759627269,352933375488,149179912,1,0,0,0,0,0,0,0,0,0,0,0,0,0,0,0,0,0,0,0,0,0,0,0,0,0,0,0,0,0,0,1563,0,0,0,0,0,0,0
1782469321.079,0,0,0,0,0,0,0,1582831418,6825959557632,2450249117696,0,0,0,0,0,0,0,0,0,0,0,0,0,0,0,0,0,0,0,0,0,0,0,0,0,0,0,0,0,0,0,0,0,0,0,0,0,0,0,0,0,0,0,0,0,0,0,0,0,0,0,0,0,0,0,0,0,0,7,1926220,418423534,123730144,0,0,0,0,0,0,0,0,0,0,0,0,0,0,0,0,0,0,0,0,0,0,0,0,0,0,0,0,0,0,0,0,0,0,0,0,0,12882640896,5191467008,786294,316862,123308889,42,0,97,786432,416599835,811172,11,7790551131,12884901888,1125577,1255231567,0,0,0,0,0,0,0,0,0,0,0,0,0,0,0,0,0,0,41992054,141890080,0,468,1202,7661,620,83984661,35,0,0,0,0,0,0,0,1,0,0,0,0,0,0,0,0,0,0,50978934,0,123307087,2132662,0,0,0,0,0,0,0,0,16384,0,0,0,0,0,0,0,0,0,0,0,7151,405,0,0,0,0,0,127656206,0,172,0,6,405,7151,0,0,0,0,0,0,0,0,0,0,0,0,0,0,0,0,0,0,0,0,0,0,0,0,0,0,0,0,0,0,0,0,0,0,0,0,0,0,0,0,0,0,0,0,0,0,0,0,0,0,0,0,0,0,634005335,0,0,0,898407710,0,0,0,0,0,0,0,181614430,416780036,759798961,353005723648,149190451,0,0,0,0,0,0,0,0,0,0,0,0,0,0,0,0,0,0,0,0,0,0,0,0,0,0,0,0,0,0,0,610,0,0,0,0,0,0,0
1782469322.167,0,0,0,0,0,0,0,1583155394,6827816077824,2450848219136,0,0,0,0,0,0,0,0,0,0,0,0,0,0,0,0,0,0,0,0,0,0,0,0,0,0,0,0,0,0,0,0,0,0,0,0,0,0,0,0,0,0,0,0,0,0,0,0,0,0,0,0,0,0,0,0,0,0,7,1926241,418537750,123761652,0,0,0,0,0,0,0,0,0,0,0,0,0,0,0,0,0,0,0,0,0,0,0,0,0,0,0,0,0,0,0,0,0,0,0,0,0,12875415552,5200478208,785853,317412,123339764,483,0,96,786432,416713571,811172,11,7792184755,12884901888,1127554,1255445041,0,0,0,0,0,0,0,0,0,0,0,0,0,0,0,0,0,0,42001659,141899688,0,468,1202,7661,620,84003875,35,0,0,0,0,0,0,0,1,0,0,0,0,0,0,0,0,0,0,50989820,0,123337962,2133091,0,0,0,0,0,0,0,0,16384,0,0,0,0,0,0,0,0,0,0,0,7152,405,0,0,0,0,0,127685384,0,172,0,6,405,7152,0,0,0,0,0,0,0,0,0,0,0,0,0,0,0,0,0,0,0,0,0,0,0,0,0,0,0,0,0,0,0,0,0,0,0,0,0,0,0,0,0,0,0,0,0,0,0,0,0,0,0,0,0,0,634144181,0,0,0,898570834,0,0,0,0,0,0,0,181632176,416893321,759970095,353077892096,149201591,1,0,0,0,0,0,0,0,0,0,0,0,0,0,0,0,0,0,0,0,0,0,0,0,0,0,0,0,0,0,0,198,0,0,0,0,0,0,0
1782469323.254,0,0,0,0,0,0,0,1583484489,6829708675584,2451456961024,0,0,0,0,0,0,0,0,0,0,0,0,0,0,0,0,0,0,0,0,0,0,0,0,0,0,0,0,0,0,0,0,0,0,0,0,0,0,0,0,0,0,0,0,0,0,0,0,0,0,0,0,0,0,0,0,0,0,7,1926259,418654174,123793675,0,0,0,0,0,0,0,0,0,0,0,0,0,0,0,0,0,0,0,0,0,0,0,0,0,0,0,0,0,0,0,0,0,0,0,0,0,12877217792,5207392256,785962,317834,123371174,371,0,98,786432,416829451,811172,11,7793844723,12884901888,1129413,1255660271,0,0,0,0,0,0,0,0,0,0,0,0,0,0,0,0,0,0,42011429,141909459,0,468,1202,7661,620,84023419,35,0,0,0,0,0,0,0,1,0,0,0,0,0,0,0,0,0,0,51000893,0,123369419,2133509,0,0,0,0,0,0,0,0,16384,0,0,0,0,0,0,0,0,0,0,0,7153,405,0,0,0,0,0,127715078,0,172,0,6,405,7153,0,0,0,0,0,0,0,0,0,0,0,0,0,0,0,0,0,0,0,0,0,0,0,0,0,0,0,0,0,0,0,0,0,0,0,0,0,0,0,0,0,0,0,0,0,0,0,0,0,0,0,0,0,0,634284062,0,0,0,898736136,0,0,0,0,0,0,0,181649576,417008807,760142699,353150521856,149212614,1,1,0,0,0,0,0,0,0,0,0,0,0,0,0,0,0,0,0,0,0,0,0,0,0,0,0,0,0,0,0,220,0,0,0,0,0,0,0
1782469324.348,0,0,0,0,0,0,0,1583812569,6831606352384,2452062986752,0,0,0,0,0,0,0,0,0,0,0,0,0,0,0,0,0,0,0,0,0,0,0,0,0,0,0,0,0,0,0,0,0,0,0,0,0,0,0,0,0,0,0,0,0,0,0,0,0,0,0,0,0,0,0,0,0,0,7,1926277,418770990,123825600,0,0,0,0,0,0,0,0,0,0,0,0,0,0,0,0,0,0,0,0,0,0,0,0,0,0,0,0,0,0,0,0,0,0,0,0,0,12878315520,5215633408,786030,318337,123402227,306,0,96,786432,416945779,811172,11,7795496871,12884901888,1131703,1255873725,0,0,0,0,0,0,0,0,0,0,0,0,0,0,0,0,0,0,42021162,141919190,0,468,1202,7661,620,84042891,35,0,0,0,0,0,0,0,1,0,0,0,0,0,0,0,0,0,0,51011918,0,123400425,2133932,0,0,0,0,0,0,0,0,16384,0,0,0,0,0,0,0,0,0,0,0,7154,405,0,0,0,0,0,127744662,0,172,0,6,405,7154,0,0,0,0,0,0,0,0,0,0,0,0,0,0,0,0,0,0,0,0,0,0,0,0,0,0,0,0,0,0,0,0,0,0,0,0,0,0,0,0,0,0,0,0,0,0,0,0,0,0,0,0,0,0,634423629,0,0,0,898900308,0,0,0,0,0,0,0,181668118,417124648,760315160,353222989312,149224172,1,1,0,0,0,0,0,0,0,0,0,0,0,0,0,0,0,0,0,0,0,0,0,0,0,0,0,0,0,0,0,848,0,0,0,0,0,0,0
1782469325.439,0,0,0,0,0,0,0,1584132173,6833453763072,2452682480640,0,0,0,0,0,0,0,0,0,0,0,0,0,0,0,0,0,0,0,0,0,0,0,0,0,0,0,0,0,0,0,0,0,0,0,0,0,0,0,0,0,0,0,0,0,0,0,0,0,0,0,0,0,0,0,0,0,0,7,1926305,418884586,123858358,0,0,0,0,0,0,0,0,0,0,0,0,0,0,0,0,0,0,0,0,0,0,0,0,0,0,0,0,0,0,0,0,0,0,0,0,0,12880003072,5196627968,786133,317177,123432518,201,0,96,786432,417058882,811172,11,7797108996,12884901888,1134119,1256081761,0,0,0,0,0,0,0,0,0,0,0,0,0,0,0,0,0,0,42030661,141928686,0,468,1202,7661,620,84061876,35,0,0,0,0,0,0,0,1,0,0,0,0,0,0,0,0,0,0,51022647,0,123432252,2134350,0,0,0,0,0,0,0,0,16384,0,0,0,0,0,0,0,0,0,0,0,7156,405,0,0,0,0,0,127773523,0,172,0,6,405,7156,0,0,0,0,0,0,0,0,0,0,0,0,0,0,0,0,0,0,0,0,0,0,0,0,0,0,0,0,0,0,0,0,0,0,0,0,0,0,0,0,0,0,0,0,0,0,0,0,0,0,0,0,0,0,634559202,0,0,0,899060598,0,0,0,0,0,0,0,181686086,417237286,760484411,353293487616,149235481,1,1,0,0,0,0,0,0,0,0,0,0,0,0,0,0,0,0,0,0,0,0,0,0,0,0,0,0,0,0,0,1172,0,0,0,0,0,0,0
1782469326.527,0,0,0,0,0,0,0,1584451367,6835292047872,2453300080128,0,0,0,0,0,0,0,0,0,0,0,0,0,0,0,0,0,0,0,0,0,0,0,0,0,0,0,0,0,0,0,0,0,0,0,0,0,0,0,0,0,0,0,0,0,0,0,0,0,0,0,0,0,0,0,0,0,0,7,1926326,418997691,123891214,0,0,0,0,0,0,0,0,0,0,0,0,0,0,0,0,0,0,0,0,0,0,0,0,0,0,0,0,0,0,0,0,0,0,0,0,0,12879937536,5174837248,786129,315847,123462734,207,0,96,786432,417171497,811172,11,7798715329,12884901888,1137114,1256289221,0,0,0,0,0,0,0,0,0,0,0,0,0,0,0,0,0,0,42040121,141938151,0,468,1202,7661,620,84080808,35,0,0,0,0,0,0,0,1,0,0,0,0,0,0,0,0,0,0,51033368,0,123464004,2134765,0,0,0,0,0,0,0,0,16384,0,0,0,0,0,0,0,0,0,0,0,7157,405,0,0,0,0,0,127802282,0,172,0,6,405,7157,0,0,0,0,0,0,0,0,0,0,0,0,0,0,0,0,0,0,0,0,0,0,0,0,0,0,0,0,0,0,0,0,0,0,0,0,0,0,0,0,0,0,0,0,0,0,0,0,0,0,0,0,0,0,634695251,0,0,0,899220177,0,0,0,0,0,0,0,181703100,417349436,760654333,353364209152,149246196,1,0,0,0,0,0,0,0,0,0,0,0,0,0,0,0,0,0,0,0,0,0,0,0,0,0,0,0,0,0,0,1898,0,0,0,0,0,0,0
1782469327.608,0,0,0,0,0,0,0,1584768533,6837124762112,2453909879808,0,0,0,0,0,0,0,0,0,0,0,0,0,0,0,0,0,0,0,0,0,0,0,0,0,0,0,0,0,0,0,0,0,0,0,0,0,0,0,0,0,0,0,0,0,0,0,0,0,0,0,0,0,0,0,0,0,0,7,1926348,419110492,123923564,0,0,0,0,0,0,0,0,0,0,0,0,0,0,0,0,0,0,0,0,0,0,0,0,0,0,0,0,0,0,0,0,0,0,0,0,0,12880412672,5160714240,786158,314985,123497572,151,0,122,786432,417283800,811172,11,7800313266,12884901888,1139491,1256495943,0,0,0,0,0,0,0,0,0,0,0,0,0,0,0,0,0,0,42049547,141947578,0,468,1202,7661,620,84099655,35,0,0,0,0,0,0,0,1,0,0,0,0,0,0,0,0,0,0,51044031,0,123495770,2135184,0,0,0,0,0,0,0,0,16384,0,0,0,0,0,0,0,0,0,0,0,7158,405,0,0,0,0,0,127830953,0,172,0,6,405,7158,0,0,0,0,0,0,0,0,0,0,0,0,0,0,0,0,0,0,0,0,0,0,0,0,0,0,0,0,0,0,0,0,0,0,0,0,0,0,0,0,0,0,0,0,0,0,0,0,0,0,0,0,0,0,634830147,0,0,0,899379017,0,0,0,0,0,0,0,181720948,417461284,760822454,353434331136,149257643,1,1,0,0,0,0,0,0,0,0,0,0,0,0,0,0,0,0,0,0,0,0,0,0,0,0,0,0,0,0,0,2544,0,0,0,0,0,0,0
1782469328.687,0,0,0,0,0,0,0,1585093895,6838996421120,2454512643584,0,0,0,0,0,0,0,0,0,0,0,0,0,0,0,0,0,0,0,0,0,0,0,0,0,0,0,0,0,0,0,0,0,0,0,0,0,0,0,0,0,0,0,0,0,0,0,0,0,0,0,0,0,0,0,0,0,0,7,1926372,419225552,123955281,0,0,0,0,0,0,0,0,0,0,0,0,0,0,0,0,0,0,0,0,0,0,0,0,0,0,0,0,0,0,0,0,0,0,0,0,0,12874760192,5172527104,785813,315706,123528482,522,0,96,786432,417398348,811172,11,7801955408,12884901888,1141936,1256711247,0,0,0,0,0,0,0,0,0,0,0,0,0,0,0,0,0,0,42059192,141957224,0,468,1202,7661,620,84118951,35,0,0,0,0,0,0,0,1,0,0,0,0,0,0,0,0,0,0,51054950,0,123526680,2135600,0,0,0,0,0,0,0,0,16384,0,0,0,0,0,0,0,0,0,0,0,7159,405,0,0,0,0,0,127860275,0,172,0,6,405,7159,0,0,0,0,0,0,0,0,0,0,0,0,0,0,0,0,0,0,0,0,0,0,0,0,0,0,0,0,0,0,0,0,0,0,0,0,0,0,0,0,0,0,0,0,0,0,0,0,0,0,0,0,0,0,634969126,0,0,0,899543100,0,0,0,0,0,0,0,181739571,417575442,760993988,353506553856,149269532,1,1,0,0,0,0,0,0,0,0,0,0,0,0,0,0,0,0,0,0,0,0,0,0,0,0,0,0,0,0,0,1886,0,0,0,0,0,0,0
1782469329.776,0,0,0,0,0,0,0,1585415854,6840857889280,2455110225408,0,0,0,0,0,0,0,0,0,0,0,0,0,0,0,0,0,0,0,0,0,0,0,0,0,0,0,0,0,0,0,0,0,0,0,0,0,0,0,0,0,0,0,0,0,0,0,0,0,0,0,0,0,0,0,0,0,0,7,1926392,419340074,123986725,0,0,0,0,0,0,0,0,0,0,0,0,0,0,0,0,0,0,0,0,0,0,0,0,0,0,0,0,0,0,0,0,0,0,0,0,0,12881903616,5180194816,786248,316174,123558910,83,0,102,786432,417512356,811172,11,7803582822,12884901888,1144607,1256924713,0,0,0,0,0,0,0,0,0,0,0,0,0,0,0,0,0,0,42068755,141966785,0,468,1202,7661,620,84138073,35,0,0,0,0,0,0,0,1,0,0,0,0,0,0,0,0,0,0,51065784,0,123557108,2136024,0,0,0,0,0,0,0,0,16384,0,0,0,0,0,0,0,0,0,0,0,7160,405,0,0,0,0,0,127889336,0,172,0,6,405,7160,0,0,0,0,0,0,0,0,0,0,0,0,0,0,0,0,0,0,0,0,0,0,0,0,0,0,0,0,0,0,0,0,0,0,0,0,0,0,0,0,0,0,0,0,0,0,0,0,0,0,0,0,0,0,635106997,0,0,0,899706310,0,0,0,0,0,0,0,181758110,417689023,761164259,353578205184,149281129,1,1,0,0,0,0,0,0,0,0,0,0,0,0,0,0,0,0,0,0,0,0,0,0,0,0,0,0,0,0,0,612,0,0,0,0,0,0,0
1782469330.863,0,0,0,0,0,0,0,1585741759,6842735331840,2455715978752,0,0,0,0,0,0,0,0,0,0,0,0,0,0,0,0,0,0,0,0,0,0,0,0,0,0,0,0,0,0,0,0,0,0,0,0,0,0,0,0,0,0,0,0,0,0,0,0,0,0,0,0,0,0,0,0,0,0,7,1926406,419455555,124018629,0,0,0,0,0,0,0,0,0,0,0,0,0,0,0,0,0,0,0,0,0,0,0,0,0,0,0,0,0,0,0,0,0,0,0,0,0,12876939264,5188190208,785945,316662,123589908,389,0,97,786432,417627317,811172,11,7805225703,12884901888,1147599,1257137878,0,0,0,0,0,0,0,0,0,0,0,0,0,0,0,0,0,0,42078418,141976451,0,468,1202,7661,620,84157403,35,0,0,0,0,0,0,0,1,0,0,0,0,0,0,0,0,0,0,51076720,0,123588106,2136432,0,0,0,0,0,0,0,0,16384,0,0,0,0,0,0,0,0,0,0,0,7161,405,0,0,0,0,0,127918746,0,172,0,6,405,7161,0,0,0,0,0,0,0,0,0,0,0,0,0,0,0,0,0,0,0,0,0,0,0,0,0,0,0,0,0,0,0,0,0,0,0,0,0,0,0,0,0,0,0,0,0,0,0,0,0,0,0,0,0,0,635246678,0,0,0,899869990,0,0,0,0,0,0,0,181776175,417803499,761336844,353650548224,149292495,1,0,0,0,0,0,0,0,0,0,0,0,0,0,0,0,0,0,0,0,0,0,0,0,0,0,0,0,0,0,0,654,0,0,0,0,0,0,0
1782469331.957,0,0,0,0,0,0,0,1586052894,6844530215424,2456296703488,0,0,0,0,0,0,0,0,0,0,0,0,0,0,0,0,0,0,0,0,0,0,0,0,0,0,0,0,0,0,0,0,0,0,0,0,0,0,0,0,0,0,0,0,0,0,0,0,0,0,0,0,0,0,0,0,0,0,7,1926427,419565985,124049184,0,0,0,0,0,0,0,0,0,0,0,0,0,0,0,0,0,0,0,0,0,0,0,0,0,0,0,0,0,0,0,0,0,0,0,0,0,12877299712,5193170944,785968,316966,123619062,370,0,99,786432,417737238,811172,11,7806795318,12884901888,1151215,1257342884,0,0,0,0,0,0,0,0,0,0,0,0,0,0,0,0,0,0,42087657,141985688,0,468,1202,7661,620,84175880,35,0,0,0,0,0,0,0,1,0,0,0,0,0,0,0,0,0,0,51087183,0,123617260,2136812,0,0,0,0,0,0,0,0,16384,0,0,0,0,0,0,0,0,0,0,0,7162,405,0,0,0,0,0,127946824,0,172,0,6,405,7162,0,0,0,0,0,0,0,0,0,0,0,0,0,0,0,0,0,0,0,0,0,0,0,0,0,0,0,0,0,0,0,0,0,0,0,0,0,0,0,0,0,0,0,0,0,0,0,0,0,0,0,0,0,0,635381001,0,0,0,900026615,0,0,0,0,0,0,0,181794601,417913027,761503203,353720258048,149304382,1,0,0,0,0,0,0,0,0,0,0,0,0,0,0,0,0,0,0,0,0,0,0,0,0,0,0,0,0,0,0,264,0,0,0,0,0,0,0
1782469333.048,0,0,0,0,0,0,0,1586376633,6846397729280,2456895939584,0,0,0,0,0,0,0,0,0,0,0,0,0,0,0,0,0,0,0,0,0,0,0,0,0,0,0,0,0,0,0,0,0,0,0,0,0,0,0,0,0,0,0,0,0,0,0,0,0,0,0,0,0,0,0,0,0,0,7,1926461,419680892,124080716,0,0,0,0,0,0,0,0,0,0,0,0,0,0,0,0,0,0,0,0,0,0,0,0,0,0,0,0,0,0,0,0,0,0,0,0,0,12878233600,5204459520,786025,317655,123649871,311,0,98,786432,417851603,811172,11,7808421989,12884901888,1153277,1257551580,0,0,0,0,0,0,0,0,0,0,0,0,0,0,0,0,0,0,42097256,141995288,0,468,1202,7661,620,84195072,35,0,0,0,0,0,0,0,1,0,0,0,0,0,0,0,0,0,0,51098044,0,123648069,2137236,0,0,0,0,0,0,0,0,16384,0,0,0,0,0,0,0,0,0,0,0,7163,405,0,0,0,0,0,127976009,0,172,0,6,405,7163,0,0,0,0,0,0,0,0,0,0,0,0,0,0,0,0,0,0,0,0,0,0,0,0,0,0,0,0,0,0,0,0,0,0,0,0,0,0,0,0,0,0,0,0,0,0,0,0,0,0,0,0,0,0,635518230,0,0,0,900187701,0,0,0,0,0,0,0,181812893,418026960,761672759,353791747584,149315836,1,0,0,0,0,0,0,0,0,0,0,0,0,0,0,0,0,0,0,0,0,0,0,0,0,0,0,0,0,0,0,1709,0,0,0,0,0,0,0
1782469334.139,0,0,0,0,0,0,0,1586700770,6848264997376,2457499481088,0,0,0,0,0,0,0,0,0,0,0,0,0,0,0,0,0,0,0,0,0,0,0,0,0,0,0,0,0,0,0,0,0,0,0,0,0,0,0,0,0,0,0,0,0,0,0,0,0,0,0,0,0,0,0,0,0,0,7,1926491,419795847,124112535,0,0,0,0,0,0,0,0,0,0,0,0,0,0,0,0,0,0,0,0,0,0,0,0,0,0,0,0,0,0,0,0,0,0,0,0,0,12879970304,5208506368,786131,317901,123680897,203,0,97,786432,417966071,811172,11,7810056194,12884901888,1155827,1257763638,0,0,0,0,0,0,0,0,0,0,0,0,0,0,0,0,0,0,42106864,142004897,0,468,1202,7661,620,84214291,35,0,0,0,0,0,0,0,1,0,0,0,0,0,0,0,0,0,0,51108920,0,123679095,2137648,0,0,0,0,0,0,0,0,16384,0,0,0,0,0,0,0,0,0,0,0,7164,405,0,0,0,0,0,128005218,0,172,0,6,405,7164,0,0,0,0,0,0,0,0,0,0,0,0,0,0,0,0,0,0,0,0,0,0,0,0,0,0,0,0,0,0,0,0,0,0,0,0,0,0,0,0,0,0,0,0,0,0,0,0,0,0,0,0,0,0,635655621,0,0,0,900350462,0,0,0,0,0,0,0,181831393,418140971,761842833,353863195648,149327846,1,0,0,0,0,0,0,0,0,0,0,0,0,0,0,0,0,0,0,0,0,0,0,0,0,0,0,0,0,0,0,1840,0,0,0,0,0,0,0
1782469335.227,0,0,0,0,0,0,0,1587023418,6850125105664,2458096995328,0,0,0,0,0,0,0,0,0,0,0,0,0,0,0,0,0,0,0,0,0,0,0,0,0,0,0,0,0,0,0,0,0,0,0,0,0,0,0,0,0,0,0,0,0,0,0,0,0,0,0,0,0,0,0,0,0,0,7,1926506,419910314,124144006,0,0,0,0,0,0,0,0,0,0,0,0,0,0,0,0,0,0,0,0,0,0,0,0,0,0,0,0,0,0,0,0,0,0,0,0,0,12878905344,5217452032,786066,318448,123711287,269,0,96,786432,418080077,811172,11,7811684202,12884901888,1158762,1257976179,0,0,0,0,0,0,0,0,0,0,0,0,0,0,0,0,0,0,42116446,142014481,0,468,1202,7661,620,84233451,35,0,0,0,0,0,0,0,1,0,0,0,0,0,0,0,0,0,0,51119774,0,123709485,2138063,0,0,0,0,0,0,0,0,16384,0,0,0,0,0,0,0,0,0,0,0,7165,405,0,0,0,0,0,128034359,0,172,0,6,405,7165,0,0,0,0,0,0,0,0,0,0,0,0,0,0,0,0,0,0,0,0,0,0,0,0,0,0,0,0,0,0,0,0,0,0,0,0,0,0,0,0,0,0,0,0,0,0,0,0,0,0,0,0,0,0,635793244,0,0,0,900513299,0,0,0,0,0,0,0,181850221,418254522,762013033,353934608896,149339701,1,1,0,0,0,0,0,0,0,0,0,0,0,0,0,0,0,0,0,0,0,0,0,0,0,0,0,0,0,0,0,1109,0,0,0,0,0,0,0
1782469336.313,0,0,0,0,0,0,0,1587345505,6851985836544,2458696359424,0,0,0,0,0,0,0,0,0,0,0,0,0,0,0,0,0,0,0,0,0,0,0,0,0,0,0,0,0,0,0,0,0,0,0,0,0,0,0,0,0,0,0,0,0,0,0,0,0,0,0,0,0,0,0,0,0,0,7,1926535,420024710,124175559,0,0,0,0,0,0,0,0,0,0,0,0,0,0,0,0,0,0,0,0,0,0,0,0,0,0,0,0,0,0,0,0,0,0,0,0,0,12877905920,5227724800,786006,319074,123742123,328,0,97,786432,418193933,811172,11,7813310414,12884901888,1160875,1258188511,0,0,0,0,0,0,0,0,0,0,0,0,0,0,0,0,0,0,42126000,142024033,0,468,1202,7661,620,84252570,35,0,0,0,0,0,0,0,1,0,0,0,0,0,0,0,0,0,0,51130590,0,123740321,2138473,0,0,0,0,0,0,0,0,16384,0,0,0,0,0,0,0,0,0,0,0,7166,405,0,0,0,0,0,128063390,0,172,0,6,405,7166,0,0,0,0,0,0,0,0,0,0,0,0,0,0,0,0,0,0,0,0,0,0,0,0,0,0,0,0,0,0,0,0,0,0,0,0,0,0,0,0,0,0,0,0,0,0,0,0,0,0,0,0,0,0,635930012,0,0,0,900675491,0,0,0,0,0,0,0,181867993,418368086,762182137,354005827584,149351114,0,1,0,0,0,0,0,0,0,0,0,0,0,0,0,0,0,0,0,0,0,0,0,0,0,0,0,0,0,0,0,665,0,0,0,0,0,0,0
1782469337.400,0,0,0,0,0,0,0,1587669508,6853847501312,2459307867648,0,0,0,0,0,0,0,0,0,0,0,0,0,0,0,0,0,0,0,0,0,0,0,0,0,0,0,0,0,0,0,0,0,0,0,0,0,0,0,0,0,0,0,0,0,0,0,0,0,0,0,0,0,0,0,0,0,0,7,1926563,420139254,124207754,0,0,0,0,0,0,0,0,0,0,0,0,0,0,0,0,0,0,0,0,0,0,0,0,0,0,0,0,0,0,0,0,0,0,0,0,0,12883263488,5225431040,786332,318935,123772871,0,0,103,786432,418308003,811172,11,7814944659,12884901888,1163446,1258402003,0,0,0,0,0,0,0,0,0,0,0,0,0,0,0,0,0,0,42135621,142033653,0,468,1202,7661,620,84271805,35,0,0,0,0,0,0,0,1,0,0,0,0,0,0,0,0,0,0,51141488,0,123771325,2138889,0,0,0,0,0,0,0,0,16384,0,0,0,0,0,0,0,0,0,0,0,7167,405,0,0,0,0,0,128092622,0,172,0,6,405,7167,0,0,0,0,0,0,0,0,0,0,0,0,0,0,0,0,0,0,0,0,0,0,0,0,0,0,0,0,0,0,0,0,0,0,0,0,0,0,0,0,0,0,0,0,0,0,0,0,0,0,0,0,0,0,636067326,0,0,0,900838715,0,0,0,0,0,0,0,181886214,418481654,762352586,354077286400,149362745,1,0,0,0,0,0,0,0,0,0,0,0,0,0,0,0,0,0,0,0,0,0,0,0,0,0,0,0,0,0,0,352,0,0,0,0,0,0,0
1782469338.484,0,0,0,0,0,0,0,1587979949,6855649397248,2459927770624,0,0,0,0,0,0,0,0,0,0,0,0,0,0,0,0,0,0,0,0,0,0,0,0,0,0,0,0,0,0,0,0,0,0,0,0,0,0,0,0,0,0,0,0,0,0,0,0,0,0,0,0,0,0,0,0,0,0,7,1926578,420250122,124240803,0,0,0,0,0,0,0,0,0,0,0,0,0,0,0,0,0,0,0,0,0,0,0,0,0,0,0,0,0,0,0,0,0,0,0,0,0,12882968576,5195530240,786315,317110,123803043,18,0,102,786432,418418370,811172,11,7816508283,12884901888,1166146,1258603694,0,0,0,0,0,0,0,0,0,0,0,0,0,0,0,0,0,0,42144856,142042892,0,468,1202,7661,620,84290278,35,0,0,0,0,0,0,0,1,0,0,0,0,0,0,0,0,0,0,51151951,0,123803568,2139308,0,0,0,0,0,0,0,0,16384,0,0,0,0,0,0,0,0,0,0,0,7169,405,0,0,0,0,0,128120725,0,172,0,6,405,7169,0,0,0,0,0,0,0,0,0,0,0,0,0,0,0,0,0,0,0,0,0,0,0,0,0,0,0,0,0,0,0,0,0,0,0,0,0,0,0,0,0,0,0,0,0,0,0,0,0,0,0,0,0,0,636200125,0,0,0,900994306,0,0,0,0,0,0,0,181904683,418591539,762519510,354146240512,149374337,1,0,0,0,0,0,0,0,0,0,0,0,0,0,0,0,0,0,0,0,0,0,0,0,0,0,0,0,0,0,0,608,0,0,0,0,0,0,0
1782469339.564,0,0,0,0,0,0,0,1588294934,6857465268736,2460545881088,0,0,0,0,0,0,0,0,0,0,0,0,0,0,0,0,0,0,0,0,0,0,0,0,0,0,0,0,0,0,0,0,0,0,0,0,0,0,0,0,0,0,0,0,0,0,0,0,0,0,0,0,0,0,0,0,0,0,7,1926603,420361843,124273602,0,0,0,0,0,0,0,0,0,0,0,0,0,0,0,0,0,0,0,0,0,0,0,0,0,0,0,0,0,0,0,0,0,0,0,0,0,12883263488,5174378496,786332,315819,123833155,2,0,98,786432,418529599,811172,11,7818091070,12884901888,1168261,1258806116,0,0,0,0,0,0,0,0,0,0,0,0,0,0,0,0,0,0,42154233,142052269,0,468,1202,7661,620,84309033,35,0,0,0,0,0,0,0,1,0,0,0,0,0,0,0,0,0,0,51162563,0,123835577,2139727,0,0,0,0,0,0,0,0,16384,0,0,0,0,0,0,0,0,0,0,0,7170,405,0,0,0,0,0,128149217,0,172,0,6,405,7170,0,0,0,0,0,0,0,0,0,0,0,0,0,0,0,0,0,0,0,0,0,0,0,0,0,0,0,0,0,0,0,0,0,0,0,0,0,0,0,0,0,0,0,0,0,0,0,0,0,0,0,0,0,0,636332952,0,0,0,901151232,0,0,0,0,0,0,0,181922396,418702393,762685866,354215520256,149385559,1,0,0,0,0,0,0,0,0,0,0,0,0,0,0,0,0,0,0,0,0,0,0,0,0,0,0,0,0,0,0,2103,0,0,0,0,0,0,0
1782469340.645,0,0,0,0,0,0,0,1588611151,6859276110336,2461132827648,0,0,0,0,0,0,0,0,0,0,0,0,0,0,0,0,0,0,0,0,0,0,0,0,0,0,0,0,0,0,0,0,0,0,0,0,0,0,0,0,0,0,0,0,0,0,0,0,0,0,0,0,0,0,0,0,0,0,7,1926626,420473276,124304585,0,0,0,0,0,0,0,0,0,0,0,0,0,0,0,0,0,0,0,0,0,0,0,0,0,0,0,0,0,0,0,0,0,0,0,0,0,12878544896,5180080128,786044,316167,123867879,292,0,96,786432,418640574,811172,11,7819682085,12884901888,1170745,1259011665,0,0,0,0,0,0,0,0,0,0,0,0,0,0,0,0,0,0,42163564,142061599,0,468,1202,7661,620,84327695,35,0,0,0,0,0,0,0,1,0,0,0,0,0,0,0,0,0,0,51173121,0,123866077,2140137,0,0,0,0,0,0,0,0,16384,0,0,0,0,0,0,0,0,0,0,0,7171,405,0,0,0,0,0,128177591,0,172,0,6,405,7171,0,0,0,0,0,0,0,0,0,0,0,0,0,0,0,0,0,0,0,0,0,0,0,0,0,0,0,0,0,0,0,0,0,0,0,0,0,0,0,0,0,0,0,0,0,0,0,0,0,0,0,0,0,0,636466635,0,0,0,901309118,0,0,0,0,0,0,0,181941116,418812913,762851390,354285192192,149397679,1,0,0,0,0,0,0,0,0,0,0,0,0,0,0,0,0,0,0,0,0,0,0,0,0,0,0,0,0,0,0,2862,0,0,0,0,0,0,0
1782469341.728,0,0,0,0,0,0,0,1588932242,6861125224960,2461729464832,0,0,0,0,0,0,0,0,0,0,0,0,0,0,0,0,0,0,0,0,0,0,0,0,0,0,0,0,0,0,0,0,0,0,0,0,0,0,0,0,0,0,0,0,0,0,0,0,0,0,0,0,0,0,0,0,0,0,7,1926647,420587030,124336026,0,0,0,0,0,0,0,0,0,0,0,0,0,0,0,0,0,0,0,0,0,0,0,0,0,0,0,0,0,0,0,0,0,0,0,0,0,12881592320,5186420736,786230,316554,123898459,104,0,96,786432,418753804,811172,11,7821308653,12884901888,1173665,1259227795,0,0,0,0,0,0,0,0,0,0,0,0,0,0,0,0,0,0,42173097,142071129,0,468,1202,7661,620,84346764,35,0,0,0,0,0,0,0,1,0,0,0,0,0,0,0,0,0,0,51183924,0,123896657,2140547,0,0,0,0,0,0,0,0,16384,0,0,0,0,0,0,0,0,0,0,0,7172,405,0,0,0,0,0,128206565,0,172,0,6,405,7172,0,0,0,0,0,0,0,0,0,0,0,0,0,0,0,0,0,0,0,0,0,0,0,0,0,0,0,0,0,0,0,0,0,0,0,0,0,0,0,0,0,0,0,0,0,0,0,0,0,0,0,0,0,0,636604067,0,0,0,901472809,0,0,0,0,0,0,0,181959735,418925750,763021274,354356602880,149409588,1,1,0,0,0,0,0,0,0,0,0,0,0,0,0,0,0,0,0,0,0,0,0,0,0,0,0,0,0,0,0,591,0,0,0,0,0,0,0
1782469342.816,0,0,0,0,0,0,0,1589258115,6863006009856,2462335055872,0,0,0,0,0,0,0,0,0,0,0,0,0,0,0,0,0,0,0,0,0,0,0,0,0,0,0,0,0,0,0,0,0,0,0,0,0,0,0,0,0,0,0,0,0,0,0,0,0,0,0,0,0,0,0,0,0,0,7,1926675,420702741,124367965,0,0,0,0,0,0,0,0,0,0,0,0,0,0,0,0,0,0,0,0,0,0,0,0,0,0,0,0,0,0,0,0,0,0,0,0,0,12879134720,5196169216,786080,317149,123929505,254,0,98,786432,418868987,811172,11,7822948133,12884901888,1176180,1259438461,0,0,0,0,0,0,0,0,0,0,0,0,0,0,0,0,0,0,42182750,142080780,0,468,1202,7661,620,84366072,35,0,0,0,0,0,0,0,1,0,0,0,0,0,0,0,0,0,0,51194846,0,123927703,2140961,0,0,0,0,0,0,0,0,16384,0,0,0,0,0,0,0,0,0,0,0,7173,405,0,0,0,0,0,128235929,0,172,0,6,405,7173,0,0,0,0,0,0,0,0,0,0,0,0,0,0,0,0,0,0,0,0,0,0,0,0,0,0,0,0,0,0,0,0,0,0,0,0,0,0,0,0,0,0,0,0,0,0,0,0,0,0,0,0,0,0,636742115,0,0,0,901635245,0,0,0,0,0,0,0,181977331,419040536,763192163,354428361216,149420701,1,1,0,0,0,0,0,0,0,0,0,0,0,0,0,0,0,0,0,0,0,0,0,0,0,0,0,0,0,0,0,1792,0,0,0,0,0,0,0
1782469343.902,0,0,0,0,0,0,0,1589588626,6864912583168,2462951655424,0,0,0,0,0,0,0,0,0,0,0,0,0,0,0,0,0,0,0,0,0,0,0,0,0,0,0,0,0,0,0,0,0,0,0,0,0,0,0,0,0,0,0,0,0,0,0,0,0,0,0,0,0,0,0,0,0,0,7,1926702,420820058,124400361,0,0,0,0,0,0,0,0,0,0,0,0,0,0,0,0,0,0,0,0,0,0,0,0,0,0,0,0,0,0,0,0,0,0,0,0,0,12876136448,5204590592,785897,317663,123961166,438,0,97,786432,418985803,811172,11,7824618013,12884901888,1178229,1259658389,0,0,0,0,0,0,0,0,0,0,0,0,0,0,0,0,0,0,42192564,142090596,0,468,1202,7661,620,84385689,35,0,0,0,0,0,0,0,1,0,0,0,0,0,0,0,0,0,0,51205963,0,123959364,2141392,0,0,0,0,0,0,0,0,16384,0,0,0,0,0,0,0,0,0,0,0,7174,405,0,0,0,0,0,128265785,0,172,0,6,405,7174,0,0,0,0,0,0,0,0,0,0,0,0,0,0,0,0,0,0,0,0,0,0,0,0,0,0,0,0,0,0,0,0,0,0,0,0,0,0,0,0,0,0,0,0,0,0,0,0,0,0,0,0,0,0,636883707,0,0,0,901802796,0,0,0,0,0,0,0,181995690,419156925,763366885,354501988864,149432225,1,0,0,0,0,0,0,0,0,0,0,0,0,0,0,0,0,0,0,0,0,0,0,0,0,0,0,0,0,0,0,291,0,0,0,0,0,0,0
1782469344.994,0,0,0,0,0,0,0,1589907157,6866748000768,2463545525760,0,0,0,0,0,0,0,0,0,0,0,0,0,0,0,0,0,0,0,0,0,0,0,0,0,0,0,0,0,0,0,0,0,0,0,0,0,0,0,0,0,0,0,0,0,0,0,0,0,0,0,0,0,0,0,0,0,0,7,1926724,420933023,124431679,0,0,0,0,0,0,0,0,0,0,0,0,0,0,0,0,0,0,0,0,0,0,0,0,0,0,0,0,0,0,0,0,0,0,0,0,0,12880052224,5208621056,786135,317909,123991448,197,0,97,786432,419098258,811172,11,7826221988,12884901888,1181135,1259865707,0,0,0,0,0,0,0,0,0,0,0,0,0,0,0,0,0,0,42202019,142100052,0,468,1202,7661,620,84404606,35,0,0,0,0,0,0,0,1,0,0,0,0,0,0,0,0,0,0,51216667,0,123989717,2141795,0,0,0,0,0,0,0,0,16384,0,0,0,0,0,0,0,0,0,0,0,7175,405,0,0,0,0,0,128294546,0,172,0,6,405,7175,0,0,0,0,0,0,0,0,0,0,0,0,0,0,0,0,0,0,0,0,0,0,0,0,0,0,0,0,0,0,0,0,0,0,0,0,0,0,0,0,0,0,0,0,0,0,0,0,0,0,0,0,0,0,637019664,0,0,0,901962468,0,0,0,0,0,0,0,182014298,419268943,763535249,354572535296,149444028,1,0,0,0,0,0,0,0,0,0,0,0,0,0,0,0,0,0,0,0,0,0,0,0,0,0,0,0,0,0,0,813,0,0,0,0,0,0,0
1782469346.078,0,0,0,0,0,0,0,1590229881,6868605569536,2464145597952,0,0,0,0,0,0,0,0,0,0,0,0,0,0,0,0,0,0,0,0,0,0,0,0,0,0,0,0,0,0,0,0,0,0,0,0,0,0,0,0,0,0,0,0,0,0,0,0,0,0,0,0,0,0,0,0,0,0,7,1926745,421047307,124463341,0,0,0,0,0,0,0,0,0,0,0,0,0,0,0,0,0,0,0,0,0,0,0,0,0,0,0,0,0,0,0,0,0,0,0,0,0,12881068032,5217271808,786198,318437,124022316,136,0,98,786432,419212054,811172,11,7827849480,12884901888,1183445,1260077713,0,0,0,0,0,0,0,0,0,0,0,0,0,0,0,0,0,0,42211600,142109633,0,468,1202,7661,620,84423766,35,0,0,0,0,0,0,0,1,0,0,0,0,0,0,0,0,0,0,51227514,0,124020514,2142207,0,0,0,0,0,0,0,0,16384,0,0,0,0,0,0,0,0,0,0,0,7176,405,0,0,0,0,0,128323658,0,172,0,6,405,7176,0,0,0,0,0,0,0,0,0,0,0,0,0,0,0,0,0,0,0,0,0,0,0,0,0,0,0,0,0,0,0,0,0,0,0,0,0,0,0,0,0,0,0,0,0,0,0,0,0,0,0,0,0,0,637156064,0,0,0,902125014,0,0,0,0,0,0,0,182032938,419382301,763704260,354643460608,149455670,1,0,0,0,0,0,0,0,0,0,0,0,0,0,0,0,0,0,0,0,0,0,0,0,0,0,0,0,0,0,0,482,0,0,0,0,0,0,0
1782469347.165,0,0,0,0,0,0,0,1590554296,6870485109248,2464750949376,0,0,0,0,0,0,0,0,0,0,0,0,0,0,0,0,0,0,0,0,0,0,0,0,0,0,0,0,0,0,0,0,0,0,0,0,0,0,0,0,0,0,0,0,0,0,0,0,0,0,0,0,0,0,0,0,0,0,7,1926767,421162911,124495270,0,0,0,0,0,0,0,0,0,0,0,0,0,0,0,0,0,0,0,0,0,0,0,0,0,0,0,0,0,0,0,0,0,0,0,0,0,12879052800,5221515264,786075,318696,124053211,260,0,96,786432,419327165,811172,11,7829484579,12884901888,1186108,1260288720,0,0,0,0,0,0,0,0,0,0,0,0,0,0,0,0,0,0,42221224,142119257,0,468,1202,7661,620,84443029,35,0,0,0,0,0,0,0,1,0,0,0,0,0,0,0,0,0,0,51238411,0,124051474,2142629,0,0,0,0,0,0,0,0,16384,0,0,0,0,0,0,0,0,0,0,0,7177,405,0,0,0,0,0,128352936,0,172,0,6,405,7177,0,0,0,0,0,0,0,0,0,0,0,0,0,0,0,0,0,0,0,0,0,0,0,0,0,0,0,0,0,0,0,0,0,0,0,0,0,0,0,0,0,0,0,0,0,0,0,0,0,0,0,0,0,0,637293350,0,0,0,902287423,0,0,0,0,0,0,0,182051544,419496973,763874560,354714813952,149467267,1,0,0,0,0,0,0,0,0,0,0,0,0,0,0,0,0,0,0,0,0,0,0,0,0,0,0,0,0,0,0,1160,0,0,0,0,0,0,0
1782469348.257,0,0,0,0,0,0,0,1590881517,6872367958528,2465360043008,0,0,0,0,0,0,0,0,0,0,0,0,0,0,0,0,0,0,0,0,0,0,0,0,0,0,0,0,0,0,0,0,0,0,0,0,0,0,0,0,0,0,0,0,0,0,0,0,0,0,0,0,0,0,0,0,0,0,7,1926784,421278769,124527347,0,0,0,0,0,0,0,0,0,0,0,0,0,0,0,0,0,0,0,0,0,0,0,0,0,0,0,0,0,0,0,0,0,0,0,0,0,12878446592,5227282432,786040,319048,124084458,294,0,98,786432,419442528,811172,11,7831135138,12884901888,1188566,1260504255,0,0,0,0,0,0,0,0,0,0,0,0,0,0,0,0,0,0,42230951,142128985,0,468,1202,7661,620,84462480,35,0,0,0,0,0,0,0,1,0,0,0,0,0,0,0,0,0,0,51249433,0,124082656,2143054,0,0,0,0,0,0,0,0,16384,0,0,0,0,0,0,0,0,0,0,0,7178,405,0,0,0,0,0,128382469,0,172,0,6,405,7178,0,0,0,0,0,0,0,0,0,0,0,0,0,0,0,0,0,0,0,0,0,0,0,0,0,0,0,0,0,0,0,0,0,0,0,0,0,0,0,0,0,0,0,0,0,0,0,0,0,0,0,0,0,0,637432771,0,0,0,902452627,0,0,0,0,0,0,0,182069791,419611858,764046972,354787212288,149478734,1,1,0,0,0,0,0,0,0,0,0,0,0,0,0,0,0,0,0,0,0,0,0,0,0,0,0,0,0,0,0,478,0,0,0,0,0,0,0
1782469349.347,0,0,0,0,0,0,0,1591205290,6874233981440,2465960019456,0,0,0,0,0,0,0,0,0,0,0,0,0,0,0,0,0,0,0,0,0,0,0,0,0,0,0,0,0,0,0,0,0,0,0,0,0,0,0,0,0,0,0,0,0,0,0,0,0,0,0,0,0,0,0,0,0,0,7,1926797,421393626,124558923,0,0,0,0,0,0,0,0,0,0,0,0,0,0,0,0,0,0,0,0,0,0,0,0,0,0,0,0,0,0,0,0,0,0,0,0,0,12877987840,5235277824,786010,319535,124115340,325,0,96,786432,419556908,811172,11,7832764221,12884901888,1190733,1260713422,0,0,0,0,0,0,0,0,0,0,0,0,0,0,0,0,0,0,42240544,142138580,0,468,1202,7661,620,84481678,35,0,0,0,0,0,0,0,1,0,0,0,0,0,0,0,0,0,0,51260305,0,124113538,2143471,0,0,0,0,0,0,0,0,16384,0,0,0,0,0,0,0,0,0,0,0,7179,405,0,0,0,0,0,128411662,0,172,0,6,405,7179,0,0,0,0,0,0,0,0,0,0,0,0,0,0,0,0,0,0,0,0,0,0,0,0,0,0,0,0,0,0,0,0,0,0,0,0,0,0,0,0,0,0,0,0,0,0,0,0,0,0,0,0,0,0,637569916,0,0,0,902614112,0,0,0,0,0,0,0,182088060,419725764,764216464,354858621440,149490291,1,1,0,0,0,0,0,0,0,0,0,0,0,0,0,0,0,0,0,0,0,0,0,0,0,0,0,0,0,0,0,1625,0,0,0,0,0,0,0
1782469350.438,0,0,0,0,0,0,0,1591514414,6876008974848,2466561665536,0,0,0,0,0,0,0,0,0,0,0,0,0,0,0,0,0,0,0,0,0,0,0,0,0,0,0,0,0,0,0,0,0,0,0,0,0,0,0,0,0,0,0,0,0,0,0,0,0,0,0,0,0,0,0,0,0,0,7,1926819,421502856,124590771,0,0,0,0,0,0,0,0,0,0,0,0,0,0,0,0,0,0,0,0,0,0,0,0,0,0,0,0,0,0,0,0,0,0,0,0,0,12882558976,5216600064,786289,318396,124144849,47,0,97,786432,419665701,811172,11,7834322291,12884901888,1193745,1260916502,0,0,0,0,0,0,0,0,0,0,0,0,0,0,0,0,0,0,42249724,142147760,0,468,1202,7661,620,84500017,35,0,0,0,0,0,0,0,1,0,0,0,0,0,0,0,0,0,0,51270693,0,124144327,2143870,0,0,0,0,0,0,0,0,16384,0,0,0,0,0,0,0,0,0,0,0,7181,405,0,0,0,0,0,128439579,0,172,0,6,405,7181,0,0,0,0,0,0,0,0,0,0,0,0,0,0,0,0,0,0,0,0,0,0,0,0,0,0,0,0,0,0,0,0,0,0,0,0,0,0,0,0,0,0,0,0,0,0,0,0,0,0,0,0,0,0,637704735,0,0,0,902769584,0,0,0,0,0,0,0,182105129,419834018,764384166,354928454144,149501425,1,1,0,0,0,0,0,0,0,0,0,0,0,0,0,0,0,0,0,0,0,0,0,0,0,0,0,0,0,0,0,1340,0,0,0,0,0,0,0
1782469351.523,0,0,0,0,0,0,0,1591823073,6877796993536,2467175676416,0,0,0,0,0,0,0,0,0,0,0,0,0,0,0,0,0,0,0,0,0,0,0,0,0,0,0,0,0,0,0,0,0,0,0,0,0,0,0,0,0,0,0,0,0,0,0,0,0,0,0,0,0,0,0,0,0,0,7,1926831,421612894,124623240,0,0,0,0,0,0,0,0,0,0,0,0,0,0,0,0,0,0,0,0,0,0,0,0,0,0,0,0,0,0,0,0,0,0,0,0,0,12882149376,5188665344,786263,316692,124174367,71,0,98,786432,419775280,811172,11,7835875703,12884901888,1196674,1261116426,0,0,0,0,0,0,0,0,0,0,0,0,0,0,0,0,0,0,42258890,142156926,0,468,1202,7661,620,84518356,35,0,0,0,0,0,0,0,1,0,0,0,0,0,0,0,0,0,0,51281068,0,124175765,2144275,0,0,0,0,0,0,0,0,16384,0,0,0,0,0,0,0,0,0,0,0,7182,405,0,0,0,0,0,128467443,0,172,0,6,405,7182,0,0,0,0,0,0,0,0,0,0,0,0,0,0,0,0,0,0,0,0,0,0,0,0,0,0,0,0,0,0,0,0,0,0,0,0,0,0,0,0,0,0,0,0,0,0,0,0,0,0,0,0,0,0,637837359,0,0,0,902923943,0,0,0,0,0,0,0,182122394,419943126,764550308,354997238784,149512658,1,0,0,0,0,0,0,0,0,0,0,0,0,0,0,0,0,0,0,0,0,0,0,0,0,0,0,0,0,0,0,2113,0,0,0,0,0,0,0
1782469352.601,0,0,0,0,0,0,0,1592144181,6879640914432,2467786231808,0,0,0,0,0,0,0,0,0,0,0,0,0,0,0,0,0,0,0,0,0,0,0,0,0,0,0,0,0,0,0,0,0,0,0,0,0,0,0,0,0,0,0,0,0,0,0,0,0,0,0,0,0,0,0,0,0,0,7,1926867,421726305,124655705,0,0,0,0,0,0,0,0,0,0,0,0,0,0,0,0,0,0,0,0,0,0,0,0,0,0,0,0,0,0,0,0,0,0,0,0,0,12876480512,5177671680,785918,316020,124209526,420,0,96,786432,419888206,811172,11,7837493691,12884901888,1198916,1261326973,0,0,0,0,0,0,0,0,0,0,0,0,0,0,0,0,0,0,42268392,142166430,0,468,1202,7661,620,84537357,35,0,0,0,0,0,0,0,1,0,0,0,0,0,0,0,0,0,0,51291818,0,124207724,2144699,0,0,0,0,0,0,0,0,16384,0,0,0,0,0,0,0,0,0,0,0,7183,405,0,0,0,0,0,128496287,0,172,0,6,405,7183,0,0,0,0,0,0,0,0,0,0,0,0,0,0,0,0,0,0,0,0,0,0,0,0,0,0,0,0,0,0,0,0,0,0,0,0,0,0,0,0,0,0,0,0,0,0,0,0,0,0,0,0,0,0,637973946,0,0,0,903085157,0,0,0,0,0,0,0,182140800,420055661,764720098,355068235264,149524445,1,0,0,0,0,0,0,0,0,0,0,0,0,0,0,0,0,0,0,0,0,0,0,0,0,0,0,0,0,0,0,1992,0,0,0,0,0,0,0
1782469353.683,0,0,0,0,0,0,0,1592467342,6881509116416,2468390390272,0,0,0,0,0,0,0,0,0,0,0,0,0,0,0,0,0,0,0,0,0,0,0,0,0,0,0,0,0,0,0,0,0,0,0,0,0,0,0,0,0,0,0,0,0,0,0,0,0,0,0,0,0,0,0,0,0,0,7,1926883,421841305,124687581,0,0,0,0,0,0,0,0,0,0,0,0,0,0,0,0,0,0,0,0,0,0,0,0,0,0,0,0,0,0,0,0,0,0,0,0,0,12876808192,5181833216,785937,316274,124240555,393,0,99,786432,420002727,811172,11,7839126084,12884901888,1201304,1261541171,0,0,0,0,0,0,0,0,0,0,0,0,0,0,0,0,0,0,42278005,142176039,0,468,1202,7661,620,84556591,35,0,0,0,0,0,0,0,1,0,0,0,0,0,0,0,0,0,0,51302692,0,124238753,2145118,0,0,0,0,0,0,0,0,16384,0,0,0,0,0,0,0,0,0,0,0,7184,405,0,0,0,0,0,128525465,0,172,0,6,405,7184,0,0,0,0,0,0,0,0,0,0,0,0,0,0,0,0,0,0,0,0,0,0,0,0,0,0,0,0,0,0,0,0,0,0,0,0,0,0,0,0,0,0,0,0,0,0,0,0,0,0,0,0,0,0,638111601,0,0,0,903248687,0,0,0,0,0,0,0,182159927,420169715,764890544,355139756032,149536663,1,0,0,0,0,0,0,0,0,0,0,0,0,0,0,0,0,0,0,0,0,0,0,0,0,0,0,0,0,0,0,887,0,0,0,0,0,0,0
1782469354.774,0,0,0,0,0,0,0,1592786375,6883352971776,2468983889408,0,0,0,0,0,0,0,0,0,0,0,0,0,0,0,0,0,0,0,0,0,0,0,0,0,0,0,0,0,0,0,0,0,0,0,0,0,0,0,0,0,0,0,0,0,0,0,0,0,0,0,0,0,0,0,0,0,0,7,1926903,421954787,124718816,0,0,0,0,0,0,0,0,0,0,0,0,0,0,0,0,0,0,0,0,0,0,0,0,0,0,0,0,0,0,0,0,0,0,0,0,0,12877594624,5191991296,785986,316894,124270488,349,0,97,786432,420115762,811172,11,7840735641,12884901888,1204656,1261751334,0,0,0,0,0,0,0,0,0,0,0,0,0,0,0,0,0,0,42287461,142185500,0,468,1202,7661,620,84575488,35,0,0,0,0,0,0,0,1,0,0,0,0,0,0,0,0,0,0,51313413,0,124268686,2145527,0,0,0,0,0,0,0,0,16384,0,0,0,0,0,0,0,0,0,0,0,7186,406,0,0,0,0,0,128554242,0,190,0,17,406,7186,0,0,0,0,1,0,0,0,0,0,0,0,0,0,0,0,0,0,0,0,0,0,0,0,0,0,0,0,0,0,0,0,0,0,0,0,0,0,0,0,0,0,0,0,0,0,0,0,0,0,0,0,0,0,638247871,0,0,0,903409189,0,0,0,0,0,0,0,182178215,420282249,765059363,355210499072,149548151,0,0,0,0,0,0,0,0,0,0,0,0,0,0,0,0,0,0,0,0,0,0,0,0,0,0,0,0,0,0,0,577,0,0,0,0,0,0,0
1782469355.864,0,0,0,0,0,0,0,1593109225,6885216373248,2469581577728,0,0,0,0,0,0,0,0,0,0,0,0,0,0,0,0,0,0,0,0,0,0,0,0,0,0,0,0,0,0,0,0,0,0,0,0,0,0,0,0,0,0,0,0,0,0,0,0,0,0,0,0,0,0,0,0,0,0,7,1926935,422069486,124750289,0,0,0,0,0,0,0,0,0,0,0,0,0,0,0,0,0,0,0,0,0,0,0,0,0,0,0,0,0,0,0,0,0,0,0,0,0,12877152256,5203001344,785959,317566,124301069,378,0,96,786432,420229948,811172,11,7842363292,12884901888,1207190,1261962122,0,0,0,0,0,0,0,0,0,0,0,0,0,0,0,0,0,0,42297047,142195085,0,468,1202,7661,620,84594671,35,0,0,0,0,0,0,0,1,0,0,0,0,0,0,0,0,0,0,51324279,0,124299267,2145936,0,0,0,0,0,0,0,0,16384,0,0,0,0,0,0,0,0,0,0,0,7187,406,0,0,0,0,0,128583335,0,190,0,17,406,7187,0,0,0,0,0,0,0,0,0,0,0,0,0,0,0,0,0,0,0,0,0,0,0,0,0,0,0,0,0,0,0,0,0,0,0,0,0,0,0,0,0,0,0,0,0,0,0,0,0,0,0,0,0,0,638384045,0,0,0,903571186,0,0,0,0,0,0,0,182196854,420395984,765228041,355281463296,149560315,1,0,0,0,0,0,0,0,0,0,0,0,0,0,0,0,0,0,0,0,0,0,0,0,0,0,0,0,0,0,0,739,0,0,0,0,0,0,0
1782469356.955,0,0,0,0,0,0,0,1593432671,6887092374016,2470186595328,0,0,0,0,0,0,0,0,0,0,0,0,0,0,0,0,0,0,0,0,0,0,0,0,0,0,0,0,0,0,0,0,0,0,0,0,0,0,0,0,0,0,0,0,0,0,0,0,0,0,0,0,0,0,0,0,0,0,7,1926957,422184866,124782199,0,0,0,0,0,0,0,0,0,0,0,0,0,0,0,0,0,0,0,0,0,0,0,0,0,0,0,0,0,0,0,0,0,0,0,0,0,12880101376,5203296256,786139,317584,124331788,196,0,96,786432,420344852,811172,11,7843993979,12884901888,1211030,1262173082,0,0,0,0,0,0,0,0,0,0,0,0,0,0,0,0,0,0,42306650,142204688,0,468,1202,7661,620,84613873,35,0,0,0,0,0,0,0,1,0,0,0,0,0,0,0,0,0,0,51335151,0,124329986,2146345,0,0,0,0,0,0,0,0,16384,0,0,0,0,0,0,0,0,0,0,0,7188,406,0,0,0,0,0,128612497,0,190,0,17,406,7188,0,0,0,0,0,0,0,0,0,0,0,0,0,0,0,0,0,0,0,0,0,0,0,0,0,0,0,0,0,0,0,0,0,0,0,0,0,0,0,0,0,0,0,0,0,0,0,0,0,0,0,0,0,0,638522364,0,0,0,903733645,0,0,0,0,0,0,0,182215210,420510448,765399474,355353352192,149571866,1,1,0,0,0,0,0,0,0,0,0,0,0,0,0,0,0,0,0,0,0,0,0,0,0,0,0,0,0,0,0,909,0,0,0,0,0,0,0
1782469358.044,0,0,0,0,0,0,0,1593751499,6888932198912,2470778880000,0,0,0,0,0,0,0,0,0,0,0,0,0,0,0,0,0,0,0,0,0,0,0,0,0,0,0,0,0,0,0,0,0,0,0,0,0,0,0,0,0,0,0,0,0,0,0,0,0,0,0,0,0,0,0,0,0,0,7,1926973,422298030,124813415,0,0,0,0,0,0,0,0,0,0,0,0,0,0,0,0,0,0,0,0,0,0,0,0,0,0,0,0,0,0,0,0,0,0,0,0,0,12877873152,5209899008,786003,317987,124361862,332,0,97,786432,420457559,811172,11,7845601952,12884901888,1215101,1262381119,0,0,0,0,0,0,0,0,0,0,0,0,0,0,0,0,0,0,42316121,142214159,0,468,1202,7661,620,84632814,35,0,0,0,0,0,0,0,1,0,0,0,0,0,0,0,0,0,0,51345873,0,124360060,2146748,0,0,0,0,0,0,0,0,16384,0,0,0,0,0,0,0,0,0,0,0,7189,406,0,0,0,0,0,128641275,0,190,0,17,406,7189,0,0,0,0,0,0,0,0,0,0,0,0,0,0,0,0,0,0,0,0,0,0,0,0,0,0,0,0,0,0,0,0,0,0,0,0,0,0,0,0,0,0,0,0,0,0,0,0,0,0,0,0,0,0,638656799,0,0,0,903893923,0,0,0,0,0,0,0,182233918,420622655,765566449,355423168512,149583722,1,0,0,0,0,0,0,0,0,0,0,0,0,0,0,0,0,0,0,0,0,0,0,0,0,0,0,0,0,0,0,1029,0,0,0,0,0,0,0
1782469359.134,0,0,0,0,0,0,0,1594071437,6890776332800,2471375940608,0,0,0,0,0,0,0,0,0,0,0,0,0,0,0,0,0,0,0,0,0,0,0,0,0,0,0,0,0,0,0,0,0,0,0,0,0,0,0,0,0,0,0,0,0,0,0,0,0,0,0,0,0,0,0,0,0,0,7,1926994,422411463,124844830,0,0,0,0,0,0,0,0,0,0,0,0,0,0,0,0,0,0,0,0,0,0,0,0,0,0,0,0,0,0,0,0,0,0,0,0,0,12880150528,5213913088,786142,318232,124392289,194,0,98,786432,420570522,811172,11,7847214952,12884901888,1217839,1262590888,0,0,0,0,0,0,0,0,0,0,0,0,0,0,0,0,0,0,42325617,142223653,0,468,1202,7661,620,84651803,35,0,0,0,0,0,0,0,1,0,0,0,0,0,0,0,0,0,0,51356615,0,124390487,2147170,0,0,0,0,0,0,0,0,16384,0,0,0,0,0,0,0,0,0,0,0,7190,406,0,0,0,0,0,128670175,0,190,0,17,406,7190,0,0,0,0,0,0,0,0,0,0,0,0,0,0,0,0,0,0,0,0,0,0,0,0,0,0,0,0,0,0,0,0,0,0,0,0,0,0,0,0,0,0,0,0,0,0,0,0,0,0,0,0,0,0,638793344,0,0,0,904054745,0,0,0,0,0,0,0,182252635,420735188,765735457,355494072832,149595572,1,0,0,0,0,0,0,0,0,0,0,0,0,0,0,0,0,0,0,0,0,0,0,0,0,0,0,0,0,0,0,947,0,0,0,0,0,0,0
1782469360.220,0,0,0,0,0,0,0,1594394623,6892645222912,2471977611776,0,0,0,0,0,0,0,0,0,0,0,0,0,0,0,0,0,0,0,0,0,0,0,0,0,0,0,0,0,0,0,0,0,0,0,0,0,0,0,0,0,0,0,0,0,0,0,0,0,0,0,0,0,0,0,0,0,0,7,1927023,422526419,124876534,0,0,0,0,0,0,0,0,0,0,0,0,0,0,0,0,0,0,0,0,0,0,0,0,0,0,0,0,0,0,0,0,0,0,0,0,0,12883263488,5221056512,786332,318668,124423254,3,0,96,786432,420684976,811172,11,7848841332,12884901888,1219494,1262800754,0,0,0,0,0,0,0,0,0,0,0,0,0,0,0,0,0,0,42335202,142233240,0,468,1202,7661,620,84670970,35,0,0,0,0,0,0,0,1,0,0,0,0,0,0,0,0,0,0,51367472,0,124421452,2147577,0,0,0,0,0,0,0,0,16384,0,0,0,0,0,0,0,0,0,0,0,7191,406,0,0,0,0,0,128699280,0,190,0,17,406,7191,0,0,0,0,0,0,0,0,0,0,0,0,0,0,0,0,0,0,0,0,0,0,0,0,0,0,0,0,0,0,0,0,0,0,0,0,0,0,0,0,0,0,0,0,0,0,0,0,0,0,0,0,0,0,638931218,0,0,0,904216129,0,0,0,0,0,0,0,182269184,420849178,765905739,355565802496,149606174,1,0,0,0,0,0,0,0,0,0,0,0,0,0,0,0,0,0,0,0,0,0,0,0,0,0,0,0,0,0,0,1788,0,0,0,0,0,0,0
1782469361.310,0,0,0,0,0,0,0,1594717180,6894507608576,2472578643968,0,0,0,0,0,0,0,0,0,0,0,0,0,0,0,0,0,0,0,0,0,0,0,0,0,0,0,0,0,0,0,0,0,0,0,0,0,0,0,0,0,0,0,0,0,0,0,0,0,0,0,0,0,0,0,0,0,0,7,1927054,422641050,124908199,0,0,0,0,0,0,0,0,0,0,0,0,0,0,0,0,0,0,0,0,0,0,0,0,0,0,0,0,0,0,0,0,0,0,0,0,0,12878905344,5227364352,786065,319054,124453628,271,0,98,786432,420799096,811172,11,7850467948,12884901888,1223024,1263012187,0,0,0,0,0,0,0,0,0,0,0,0,0,0,0,0,0,0,42344773,142242805,0,468,1202,7661,620,84690113,35,0,0,0,0,0,0,0,1,0,0,0,0,0,0,0,0,0,0,51378298,0,124451916,2147993,0,0,0,0,0,0,0,0,16384,0,0,0,0,0,0,0,0,0,0,0,7192,406,0,0,0,0,0,128728331,0,190,0,17,406,7192,0,0,0,0,0,0,0,0,0,0,0,0,0,0,0,0,0,0,0,0,0,0,0,0,0,0,0,0,0,0,0,0,0,0,0,0,0,0,0,0,0,0,0,0,0,0,0,0,0,0,0,0,0,0,639069578,0,0,0,904378202,0,0,0,0,0,0,0,182287614,420962843,766077162,355637712384,149617518,1,0,0,0,0,0,0,0,0,0,0,0,0,0,0,0,0,0,0,0,0,0,0,0,0,0,0,0,0,0,0,1726,0,0,0,0,0,0,0
1782469362.401,0,0,0,0,0,0,0,1595026050,6896289794560,2473169237504,0,0,0,0,0,0,0,0,0,0,0,0,0,0,0,0,0,0,0,0,0,0,0,0,0,0,0,0,0,0,0,0,0,0,0,0,0,0,0,0,0,0,0,0,0,0,0,0,0,0,0,0,0,0,0,0,0,0,7,1927068,422750707,124939049,0,0,0,0,0,0,0,0,0,0,0,0,0,0,0,0,0,0,0,0,0,0,0,0,0,0,0,0,0,0,0,0,0,0,0,0,0,12877627392,5222989824,785988,318786,124483494,347,0,96,786432,420908279,811172,11,7852028637,12884901888,1224774,1263217276,0,0,0,0,0,0,0,0,0,0,0,0,0,0,0,0,0,0,42353935,142251973,0,468,1202,7661,620,84708452,35,0,0,0,0,0,0,0,1,0,0,0,0,0,0,0,0,0,0,51388691,0,124482204,2148394,0,0,0,0,0,0,0,0,16384,0,0,0,0,0,0,0,0,0,0,0,7193,406,0,0,0,0,0,128756223,0,190,0,17,406,7193,0,0,0,0,0,0,0,0,0,0,0,0,0,0,0,0,0,0,0,0,0,0,0,0,0,0,0,0,0,0,0,0,0,0,0,0,0,0,0,0,0,0,0,0,0,0,0,0,0,0,0,0,0,0,639206868,0,0,0,904534854,0,0,0,0,0,0,0,182302482,421071507,766245942,355708788736,149626939,1,0,0,0,0,0,0,0,0,0,0,0,0,0,0,0,0,0,0,0,0,0,0,0,0,0,0,0,0,0,0,231,0,0,0,0,0,0,0
1782469363.486,0,0,0,0,0,0,0,1595332471,6898061609472,2473775013376,0,0,0,0,0,0,0,0,0,0,0,0,0,0,0,0,0,0,0,0,0,0,0,0,0,0,0,0,0,0,0,0,0,0,0,0,0,0,0,0,0,0,0,0,0,0,0,0,0,0,0,0,0,0,0,0,0,0,7,1927102,422859710,124971402,0,0,0,0,0,0,0,0,0,0,0,0,0,0,0,0,0,0,0,0,0,0,0,0,0,0,0,0,0,0,0,0,0,0,0,0,0,12879347712,5193515008,786093,316987,124512716,243,0,97,786432,421016758,811172,11,7853571995,12884901888,1227584,1263416832,0,0,0,0,0,0,0,0,0,0,0,0,0,0,0,0,0,0,42363047,142261084,0,468,1202,7661,620,84726672,35,0,0,0,0,0,0,0,1,0,0,0,0,0,0,0,0,0,0,51398993,0,124513346,2148807,0,0,0,0,0,0,0,0,16384,0,0,0,0,0,0,0,0,0,0,0,7194,406,0,0,0,0,0,128783902,0,190,0,17,406,7194,0,0,0,0,0,0,0,0,0,0,0,0,0,0,0,0,0,0,0,0,0,0,0,0,0,0,0,0,0,0,0,0,0,0,0,0,0,0,0,0,0,0,0,0,0,0,0,0,0,0,0,0,0,0,639339042,0,0,0,904688482,0,0,0,0,0,0,0,182320473,421179564,766411451,355777559040,149638652,0,0,0,0,0,0,0,0,0,0,0,0,0,0,0,0,0,0,0,0,0,0,0,0,0,0,0,0,0,0,0,554,0,0,0,0,0,0,0
1782469364.565,0,0,0,0,0,0,0,1595644951,6899858115072,2474388155904,0,0,0,0,0,0,0,0,0,0,0,0,0,0,0,0,0,0,0,0,0,0,0,0,0,0,0,0,0,0,0,0,0,0,0,0,0,0,0,0,0,0,0,0,0,0,0,0,0,0,0,0,0,0,0,0,0,0,7,1927122,422970235,125003886,0,0,0,0,0,0,0,0,0,0,0,0,0,0,0,0,0,0,0,0,0,0,0,0,0,0,0,0,0,0,0,0,0,0,0,0,0,12883066880,5169758208,786320,315537,124547170,16,0,97,786432,421126790,811172,11,7855141017,12884901888,1230032,1263617229,0,0,0,0,0,0,0,0,0,0,0,0,0,0,0,0,0,0,42372301,142270337,0,468,1202,7661,620,84745178,35,0,0,0,0,0,0,0,1,0,0,0,0,0,0,0,0,0,0,51409466,0,124545216,2149221,0,0,0,0,0,0,0,0,16384,0,0,0,0,0,0,0,0,0,0,0,7196,406,0,0,0,0,0,128812010,0,190,0,17,406,7196,0,0,0,0,0,0,0,0,0,0,0,0,0,0,0,0,0,0,0,0,0,0,0,0,0,0,0,0,0,0,0,0,0,0,0,0,0,0,0,0,0,0,0,0,0,0,0,0,0,0,0,0,0,0,639471231,0,0,0,904843707,0,0,0,0,0,0,0,182338268,421289130,766576917,355846175744,149650112,1,0,0,0,0,0,0,0,0,0,0,0,0,0,0,0,0,0,0,0,0,0,0,0,0,0,0,0,0,0,0,2125,0,0,0,0,0,0,0
1782469365.646,0,0,0,0,0,0,0,1595970406,6901728102912,2474992379392,0,0,0,0,0,0,0,0,0,0,0,0,0,0,0,0,0,0,0,0,0,0,0,0,0,0,0,0,0,0,0,0,0,0,0,0,0,0,0,0,0,0,0,0,0,0,0,0,0,0,0,0,0,0,0,0,0,0,7,1927142,423085278,125035818,0,0,0,0,0,0,0,0,0,0,0,0,0,0,0,0,0,0,0,0,0,0,0,0,0,0,0,0,0,0,0,0,0,0,0,0,0,12874547200,5174919168,785800,315852,124578155,534,0,98,786432,421241292,811172,11,7856784540,12884901888,1232549,1263833489,0,0,0,0,0,0,0,0,0,0,0,0,0,0,0,0,0,0,42381949,142279987,0,468,1202,7661,620,84764469,35,0,0,0,0,0,0,0,1,0,0,0,0,0,0,0,0,0,0,51420394,0,124576353,2149634,0,0,0,0,0,0,0,0,16384,0,0,0,0,0,0,0,0,0,0,0,7197,406,0,0,0,0,0,128841313,0,190,0,17,406,7197,0,0,0,0,0,0,0,0,0,0,0,0,0,0,0,0,0,0,0,0,0,0,0,0,0,0,0,0,0,0,0,0,0,0,0,0,0,0,0,0,0,0,0,0,0,0,0,0,0,0,0,0,0,0,639610327,0,0,0,905008485,0,0,0,0,0,0,0,182356727,421403193,766748918,355918361088,149661851,1,0,0,0,0,0,0,0,0,0,0,0,0,0,0,0,0,0,0,0,0,0,0,0,0,0,0,0,0,0,0,890,0,0,0,0,0,0,0
1782469366.732,0,0,0,0,0,0,0,1596291344,6903580412416,2475589107200,0,0,0,0,0,0,0,0,0,0,0,0,0,0,0,0,0,0,0,0,0,0,0,0,0,0,0,0,0,0,0,0,0,0,0,0,0,0,0,0,0,0,0,0,0,0,0,0,0,0,0,0,0,0,0,0,0,0,7,1927164,423199244,125067326,0,0,0,0,0,0,0,0,0,0,0,0,0,0,0,0,0,0,0,0,0,0,0,0,0,0,0,0,0,0,0,0,0,0,0,0,0,12879527936,5182570496,786103,316319,124608681,232,0,98,786432,421354770,811172,11,7858398156,12884901888,1235327,1264039316,0,0,0,0,0,0,0,0,0,0,0,0,0,0,0,0,0,0,42391463,142289501,0,468,1202,7661,620,84783510,35,0,0,0,0,0,0,0,1,0,0,0,0,0,0,0,0,0,0,51431164,0,124606879,2150048,0,0,0,0,0,0,0,0,16384,0,0,0,0,0,0,0,0,0,0,0,7198,406,0,0,0,0,0,128870244,0,190,0,17,406,7198,0,0,0,0,0,0,0,0,0,0,0,0,0,0,0,0,0,0,0,0,0,0,0,0,0,0,0,0,0,0,0,0,0,0,0,0,0,0,0,0,0,0,0,0,0,0,0,0,0,0,0,0,0,0,639744586,0,0,0,905167876,0,0,0,0,0,0,0,182375770,421516204,766915742,355988177408,149674021,1,0,0,0,0,0,0,0,0,0,0,0,0,0,0,0,0,0,0,0,0,0,0,0,0,0,0,0,0,0,0,2671,0,0,0,0,0,0,0
1782469367.818,0,0,0,0,0,0,0,1596615426,6905455790592,2476192385536,0,0,0,0,0,0,0,0,0,0,0,0,0,0,0,0,0,0,0,0,0,0,0,0,0,0,0,0,0,0,0,0,0,0,0,0,0,0,0,0,0,0,0,0,0,0,0,0,0,0,0,0,0,0,0,0,0,0,7,1927188,423314659,125099146,0,0,0,0,0,0,0,0,0,0,0,0,0,0,0,0,0,0,0,0,0,0,0,0,0,0,0,0,0,0,0,0,0,0,0,0,0,12877316096,5190762496,785968,316819,124639847,366,0,101,786432,421469670,811172,11,7860038980,12884901888,1237315,1264257343,0,0,0,0,0,0,0,0,0,0,0,0,0,0,0,0,0,0,42401091,142299130,0,468,1202,7661,620,84802741,35,0,0,0,0,0,0,0,1,0,0,0,0,0,0,0,0,0,0,51442067,0,124638045,2150467,0,0,0,0,0,0,0,0,16384,0,0,0,0,0,0,0,0,0,0,0,7199,406,0,0,0,0,0,128899536,0,190,0,17,406,7199,0,0,0,0,0,0,0,0,0,0,0,0,0,0,0,0,0,0,0,0,0,0,0,0,0,0,0,0,0,0,0,0,0,0,0,0,0,0,0,0,0,0,0,0,0,0,0,0,0,0,0,0,0,0,639880396,0,0,0,905332909,0,0,0,0,0,0,0,182394261,421630628,767084133,356058942976,149685861,1,0,0,0,0,0,0,0,0,0,0,0,0,0,0,0,0,0,0,0,0,0,0,0,0,0,0,0,0,0,0,373,0,0,0,0,0,0,0
1782469368.910,0,0,0,0,0,0,0,1596932660,6907285326336,2476788810752,0,0,0,0,0,0,0,0,0,0,0,0,0,0,0,0,0,0,0,0,0,0,0,0,0,0,0,0,0,0,0,0,0,0,0,0,0,0,0,0,0,0,0,0,0,0,0,0,0,0,0,0,0,0,0,0,0,0,7,1927206,423427189,125130586,0,0,0,0,0,0,0,0,0,0,0,0,0,0,0,0,0,0,0,0,0,0,0,0,0,0,0,0,0,0,0,0,0,0,0,0,0,12878200832,5194383360,786023,317040,124670028,313,0,97,786432,421581718,811172,11,7861637514,12884901888,1240227,1264464577,0,0,0,0,0,0,0,0,0,0,0,0,0,0,0,0,0,0,42410512,142308551,0,468,1202,7661,620,84821592,35,0,0,0,0,0,0,0,1,0,0,0,0,0,0,0,0,0,0,51452726,0,124668361,2150865,0,0,0,0,0,0,0,0,16384,0,0,0,0,0,0,0,0,0,0,0,7200,406,0,0,0,0,0,128928150,0,190,0,17,406,7200,0,0,0,0,0,0,0,0,0,0,0,0,0,0,0,0,0,0,0,0,0,0,0,0,0,0,0,0,0,0,0,0,0,0,0,0,0,0,0,0,0,0,0,0,0,0,0,0,0,0,0,0,0,0,640015979,0,0,0,905492340,0,0,0,0,0,0,0,182412435,421742283,767252372,356129317376,149697392,1,0,0,0,0,0,0,0,0,0,0,0,0,0,0,0,0,0,0,0,0,0,0,0,0,0,0,0,0,0,0,438,0,0,0,0,0,0,0
1782469370.001,0,0,0,0,0,0,0,1597253029,6909135571456,2477385917440,0,0,0,0,0,0,0,0,0,0,0,0,0,0,0,0,0,0,0,0,0,0,0,0,0,0,0,0,0,0,0,0,0,0,0,0,0,0,0,0,0,0,0,0,0,0,0,0,0,0,0,0,0,0,0,0,0,0,7,1927230,423541060,125162054,0,0,0,0,0,0,0,0,0,0,0,0,0,0,0,0,0,0,0,0,0,0,0,0,0,0,0,0,0,0,0,0,0,0,0,0,0,12877348864,5199527936,785971,317354,124700825,365,0,98,786432,421695071,811172,11,7863251793,12884901888,1242351,1264672771,0,0,0,0,0,0,0,0,0,0,0,0,0,0,0,0,0,0,42420022,142318059,0,468,1202,7661,620,84840618,35,0,0,0,0,0,0,0,1,0,0,0,0,0,0,0,0,0,0,51463488,0,124699023,2151277,0,0,0,0,0,0,0,0,16384,0,0,0,0,0,0,0,0,0,0,0,7201,406,0,0,0,0,0,128957066,0,190,0,17,406,7201,0,0,0,0,0,0,0,0,0,0,0,0,0,0,0,0,0,0,0,0,0,0,0,0,0,0,0,0,0,0,0,0,0,0,0,0,0,0,0,0,0,0,0,0,0,0,0,0,0,0,0,0,0,0,640151788,0,0,0,905652960,0,0,0,0,0,0,0,182430931,421855205,767420527,356199866880,149709204,0,0,0,0,0,0,0,0,0,0,0,0,0,0,0,0,0,0,0,0,0,0,0,0,0,0,0,0,0,0,0,847,0,0,0,0,0,0,0
1782469371.092,0,0,0,0,0,0,0,1597580805,6911027448320,2477992079360,0,0,0,0,0,0,0,0,0,0,0,0,0,0,0,0,0,0,0,0,0,0,0,0,0,0,0,0,0,0,0,0,0,0,0,0,0,0,0,0,0,0,0,0,0,0,0,0,0,0,0,0,0,0,0,0,0,0,7,1927250,423657406,125193966,0,0,0,0,0,0,0,0,0,0,0,0,0,0,0,0,0,0,0,0,0,0,0,0,0,0,0,0,0,0,0,0,0,0,0,0,0,12877856768,5207752704,786002,317856,124731939,332,0,97,786432,421810906,811172,11,7864903764,12884901888,1244743,1264887729,0,0,0,0,0,0,0,0,0,0,0,0,0,0,0,0,0,0,42429758,142327794,0,468,1202,7661,620,84860083,35,0,0,0,0,0,0,0,1,0,0,0,0,0,0,0,0,0,0,51474519,0,124730137,2151695,0,0,0,0,0,0,0,0,16384,0,0,0,0,0,0,0,0,0,0,0,7202,406,0,0,0,0,0,128986674,0,190,0,17,406,7202,0,0,0,0,0,0,0,0,0,0,0,0,0,0,0,0,0,0,0,0,0,0,0,0,0,0,0,0,0,0,0,0,0,0,0,0,0,0,0,0,0,0,0,0,0,0,0,0,0,0,0,0,0,0,640289817,0,0,0,905817962,0,0,0,0,0,0,0,182449164,421970620,767591359,356271720448,149720771,0,0,0,0,0,0,0,0,0,0,0,0,0,0,0,0,0,0,0,0,0,0,0,0,0,0,0,0,0,0,0,527,0,0,0,0,0,0,0
1782469372.177,0,0,0,0,0,0,0,1597893231,6912822659584,2478572460032,0,0,0,0,0,0,0,0,0,0,0,0,0,0,0,0,0,0,0,0,0,0,0,0,0,0,0,0,0,0,0,0,0,0,0,0,0,0,0,0,0,0,0,0,0,0,0,0,0,0,0,0,0,0,0,0,0,0,7,1927277,423767772,125224412,0,0,0,0,0,0,0,0,0,0,0,0,0,0,0,0,0,0,0,0,0,0,0,0,0,0,0,0,0,0,0,0,0,0,0,0,0,12879773696,5216370688,786119,318382,124761823,217,0,96,786432,421920777,811172,11,7866475182,12884901888,1246641,1265089837,0,0,0,0,0,0,0,0,0,0,0,0,0,0,0,0,0,0,42439015,142337055,0,468,1202,7661,620,84878603,35,0,0,0,0,0,0,0,1,0,0,0,0,0,0,0,0,0,0,51484999,0,124760021,2152097,0,0,0,0,0,0,0,0,16384,0,0,0,0,0,0,0,0,0,0,0,7203,406,0,0,0,0,0,129014863,0,190,0,17,406,7203,0,0,0,0,0,0,0,0,0,0,0,0,0,0,0,0,0,0,0,0,0,0,0,0,0,0,0,0,0,0,0,0,0,0,0,0,0,0,0,0,0,0,0,0,0,0,0,0,0,0,0,0,0,0,640426076,0,0,0,905973943,0,0,0,0,0,0,0,182465131,422080058,767758771,356342406144,149730896,1,0,0,0,0,0,0,0,0,0,0,0,0,0,0,0,0,0,0,0,0,0,0,0,0,0,0,0,0,0,0,1415,0,0,0,0,0,0,0
1782469373.263,0,0,0,0,0,0,0,1598215341,6914678688256,2479170335744,0,0,0,0,0,0,0,0,0,0,0,0,0,0,0,0,0,0,0,0,0,0,0,0,0,0,0,0,0,0,0,0,0,0,0,0,0,0,0,0,0,0,0,0,0,0,0,0,0,0,0,0,0,0,0,0,0,0,7,1927295,423881906,125255858,0,0,0,0,0,0,0,0,0,0,0,0,0,0,0,0,0,0,0,0,0,0,0,0,0,0,0,0,0,0,0,0,0,0,0,0,0,12880347136,5222940672,786153,318783,124792466,180,0,98,786432,422034394,811172,11,7868095485,12884901888,1248972,1265298642,0,0,0,0,0,0,0,0,0,0,0,0,0,0,0,0,0,0,42448565,142346604,0,468,1202,7661,620,84897697,35,0,0,0,0,0,0,0,1,0,0,0,0,0,0,0,0,0,0,51495819,0,124790741,2152508,0,0,0,0,0,0,0,0,16384,0,0,0,0,0,0,0,0,0,0,0,7204,406,0,0,0,0,0,129043882,0,190,0,17,406,7204,0,0,0,0,0,0,0,0,0,0,0,0,0,0,0,0,0,0,0,0,0,0,0,0,0,0,0,0,0,0,0,0,0,0,0,0,0,0,0,0,0,0,0,0,0,0,0,0,0,0,0,0,0,0,640565889,0,0,0,906135073,0,0,0,0,0,0,0,182482375,422193254,767930816,356414844928,149742061,1,0,0,0,0,0,0,0,0,0,0,0,0,0,0,0,0,0,0,0,0,0,0,0,0,0,0,0,0,0,0,1995,0,0,0,0,0,0,0
1782469374.355,0,0,0,0,0,0,0,1598537917,6916543859200,2479771457024,0,0,0,0,0,0,0,0,0,0,0,0,0,0,0,0,0,0,0,0,0,0,0,0,0,0,0,0,0,0,0,0,0,0,0,0,0,0,0,0,0,0,0,0,0,0,0,0,0,0,0,0,0,0,0,0,0,0,7,1927330,423996637,125287488,0,0,0,0,0,0,0,0,0,0,0,0,0,0,0,0,0,0,0,0,0,0,0,0,0,0,0,0,0,0,0,0,0,0,0,0,0,12877217792,5230739456,785963,319259,124823270,373,0,96,786432,422148629,811172,11,7869723269,12884901888,1251666,1265510918,0,0,0,0,0,0,0,0,0,0,0,0,0,0,0,0,0,0,42458143,142356177,0,468,1202,7661,620,84916858,35,0,0,0,0,0,0,0,1,0,0,0,0,0,0,0,0,0,0,51506663,0,124821468,2152925,0,0,0,0,0,0,0,0,16384,0,0,0,0,0,0,0,0,0,0,0,7205,406,0,0,0,0,0,129073032,0,190,0,17,406,7205,0,0,0,0,0,0,0,0,0,0,0,0,0,0,0,0,0,0,0,0,0,0,0,0,0,0,0,0,0,0,0,0,0,0,0,0,0,0,0,0,0,0,0,0,0,0,0,0,0,0,0,0,0,0,640702865,0,0,0,906297458,0,0,0,0,0,0,0,182500505,422307011,768100366,356486275584,149753474,1,0,0,0,0,0,0,0,0,0,0,0,0,0,0,0,0,0,0,0,0,0,0,0,0,0,0,0,0,0,0,1609,0,0,0,0,0,0,0
1782469375.445,0,0,0,0,0,0,0,1598854181,6918367283712,2480387317248,0,0,0,0,0,0,0,0,0,0,0,0,0,0,0,0,0,0,0,0,0,0,0,0,0,0,0,0,0,0,0,0,0,0,0,0,0,0,0,0,0,0,0,0,0,0,0,0,0,0,0,0,0,0,0,0,0,0,7,1927353,424108855,125320033,0,0,0,0,0,0,0,0,0,0,0,0,0,0,0,0,0,0,0,0,0,0,0,0,0,0,0,0,0,0,0,0,0,0,0,0,0,12877856768,5212733440,786001,318160,124852997,333,0,97,786432,422260393,811172,11,7871320972,12884901888,1255076,1265721284,0,0,0,0,0,0,0,0,0,0,0,0,0,0,0,0,0,0,42467536,142365576,0,468,1202,7661,620,84935641,35,0,0,0,0,0,0,0,1,0,0,0,0,0,0,0,0,0,0,51517302,0,124852731,2153342,0,0,0,0,0,0,0,0,16384,0,0,0,0,0,0,0,0,0,0,0,7206,406,0,0,0,0,0,129101629,0,190,0,17,406,7206,0,0,0,0,0,0,0,0,0,0,0,0,0,0,0,0,0,0,0,0,0,0,0,0,0,0,0,0,0,0,0,0,0,0,0,0,0,0,0,0,0,0,0,0,0,0,0,0,0,0,0,0,0,0,640838227,0,0,0,906457490,0,0,0,0,0,0,0,182519081,422418279,768269623,356556759040,149764897,1,1,0,0,0,0,0,0,0,0,0,0,0,0,0,0,0,0,0,0,0,0,0,0,0,0,0,0,0,0,0,464,0,0,0,0,0,0,0
1782469376.527,0,0,0,0,0,0,0,1599169084,6920180894208,2481003840512,0,0,0,0,0,0,0,0,0,0,0,0,0,0,0,0,0,0,0,0,0,0,0,0,0,0,0,0,0,0,0,0,0,0,0,0,0,0,0,0,0,0,0,0,0,0,0,0,0,0,0,0,0,0,0,0,0,0,7,1927375,424220421,125352753,0,0,0,0,0,0,0,0,0,0,0,0,0,0,0,0,0,0,0,0,0,0,0,0,0,0,0,0,0,0,0,0,0,0,0,0,0,12882296832,5190451200,786273,316800,124883030,62,0,96,786432,422371516,811172,11,7872906384,12884901888,1257692,1265926831,0,0,0,0,0,0,0,0,0,0,0,0,0,0,0,0,0,0,42476896,142374936,0,468,1202,7661,620,84954365,35,0,0,0,0,0,0,0,1,0,0,0,0,0,0,0,0,0,0,51527900,0,124884684,2153757,0,0,0,0,0,0,0,0,16384,0,0,0,0,0,0,0,0,0,0,0,7208,406,0,0,0,0,0,129130081,0,190,0,17,406,7208,0,0,0,0,0,0,0,0,0,0,0,0,0,0,0,0,0,0,0,0,0,0,0,0,0,0,0,0,0,0,0,0,0,0,0,0,0,0,0,0,0,0,0,0,0,0,0,0,0,0,0,0,0,0,640972027,0,0,0,906615420,0,0,0,0,0,0,0,182537226,422528944,768437052,356626338816,149776621,1,0,0,0,0,0,0,0,0,0,0,0,0,0,0,0,0,0,0,0,0,0,0,0,0,0,0,0,0,0,0,615,0,0,0,0,0,0,0
1782469377.606,0,0,0,0,0,0,0,1599487044,6922011363840,2481612669440,0,0,0,0,0,0,0,0,0,0,0,0,0,0,0,0,0,0,0,0,0,0,0,0,0,0,0,0,0,0,0,0,0,0,0,0,0,0,0,0,0,0,0,0,0,0,0,0,0,0,0,0,0,0,0,0,0,0,7,1927398,424333039,125385098,0,0,0,0,0,0,0,0,0,0,0,0,0,0,0,0,0,0,0,0,0,0,0,0,0,0,0,0,0,0,0,0,0,0,0,0,0,12878413824,5178572800,786036,316075,124917944,300,0,96,786432,422483650,811172,11,7874508954,12884901888,1260142,1266134112,0,0,0,0,0,0,0,0,0,0,0,0,0,0,0,0,0,0,42486325,142384364,0,468,1202,7661,620,84973219,35,0,0,0,0,0,0,0,1,0,0,0,0,0,0,0,0,0,0,51538585,0,124916142,2154170,0,0,0,0,0,0,0,0,16384,0,0,0,0,0,0,0,0,0,0,0,7209,406,0,0,0,0,0,129158730,0,190,0,17,406,7209,0,0,0,0,0,0,0,0,0,0,0,0,0,0,0,0,0,0,0,0,0,0,0,0,0,0,0,0,0,0,0,0,0,0,0,0,0,0,0,0,0,0,0,0,0,0,0,0,0,0,0,0,0,0,641107653,0,0,0,906775193,0,0,0,0,0,0,0,182555125,422640681,768605997,356696711680,149787777,1,0,0,0,0,0,0,0,0,0,0,0,0,0,0,0,0,0,0,0,0,0,0,0,0,0,0,0,0,0,0,659,0,0,0,0,0,0,0
1782469378.689,0,0,0,0,0,0,0,1599801506,6923817781760,2482195145216,0,0,0,0,0,0,0,0,0,0,0,0,0,0,0,0,0,0,0,0,0,0,0,0,0,0,0,0,0,0,0,0,0,0,0,0,0,0,0,0,0,0,0,0,0,0,0,0,0,0,0,0,0,0,0,0,0,0,7,1927423,424444181,125415849,0,0,0,0,0,0,0,0,0,0,0,0,0,0,0,0,0,0,0,0,0,0,0,0,0,0,0,0,0,0,0,0,0,0,0,0,0,12877348864,5182701568,785970,316327,124947876,367,0,97,786432,422594292,811172,11,7876090244,12884901888,1262585,1266336769,0,0,0,0,0,0,0,0,0,0,0,0,0,0,0,0,0,0,42495630,142393665,0,468,1202,7661,620,84991827,35,0,0,0,0,0,0,0,1,0,0,0,0,0,0,0,0,0,0,51549133,0,124946074,2154570,0,0,0,0,0,0,0,0,16384,0,0,0,0,0,0,0,0,0,0,0,7210,406,0,0,0,0,0,129187027,0,190,0,17,406,7210,0,0,0,0,0,0,0,0,0,0,0,0,0,0,0,0,0,0,0,0,0,0,0,0,0,0,0,0,0,0,0,0,0,0,0,0,0,0,0,0,0,0,0,0,0,0,0,0,0,0,0,0,0,0,641238798,0,0,0,906932129,0,0,0,0,0,0,0,182572279,422750916,768768794,356765176832,149798803,0,1,0,0,0,0,0,0,0,0,0,0,0,0,0,0,0,0,0,0,0,0,0,0,0,0,0,0,0,0,0,1682,0,0,0,0,0,0,0
1782469379.779,0,0,0,0,0,0,0,1600126214,6925700581888,2482799364096,0,0,0,0,0,0,0,0,0,0,0,0,0,0,0,0,0,0,0,0,0,0,0,0,0,0,0,0,0,0,0,0,0,0,0,0,0,0,0,0,0,0,0,0,0,0,0,0,0,0,0,0,0,0,0,0,0,0,7,1927448,424559940,125447613,0,0,0,0,0,0,0,0,0,0,0,0,0,0,0,0,0,0,0,0,0,0,0,0,0,0,0,0,0,0,0,0,0,0,0,0,0,12879806464,5191237632,786119,316848,124978998,214,0,98,786432,422709570,811172,11,7877727837,12884901888,1264677,1266550016,0,0,0,0,0,0,0,0,0,0,0,0,0,0,0,0,0,0,42505266,142403302,0,468,1202,7661,620,85011112,35,0,0,0,0,0,0,0,1,0,0,0,0,0,0,0,0,0,0,51560051,0,124977196,2154988,0,0,0,0,0,0,0,0,16384,0,0,0,0,0,0,0,0,0,0,0,7211,406,0,0,0,0,0,129216324,0,190,0,17,406,7211,0,0,0,0,0,0,0,0,0,0,0,0,0,0,0,0,0,0,0,0,0,0,0,0,0,0,0,0,0,0,0,0,0,0,0,0,0,0,0,0,0,0,0,0,0,0,0,0,0,0,0,0,0,0,641378161,0,0,0,907095692,0,0,0,0,0,0,0,182590080,422865785,768940622,356837583872,149810132,1,0,0,0,0,0,0,0,0,0,0,0,0,0,0,0,0,0,0,0,0,0,0,0,0,0,0,0,0,0,0,1370,0,0,0,0,0,0,0
1782469380.867,0,0,0,0,0,0,0,1600448548,6927558117888,2483396420608,0,0,0,0,0,0,0,0,0,0,0,0,0,0,0,0,0,0,0,0,0,0,0,0,0,0,0,0,0,0,0,0,0,0,0,0,0,0,0,0,0,0,0,0,0,0,0,0,0,0,0,0,0,0,0,0,0,0,7,1927469,424674172,125479112,0,0,0,0,0,0,0,0,0,0,0,0,0,0,0,0,0,0,0,0,0,0,0,0,0,0,0,0,0,0,0,0,0,0,0,0,0,12878397440,5198594048,786036,317298,125009469,304,0,98,786432,422823286,811172,11,7879350717,12884901888,1267100,1266760040,0,0,0,0,0,0,0,0,0,0,0,0,0,0,0,0,0,0,42514828,142412866,0,468,1202,7661,620,85030229,35,0,0,0,0,0,0,0,1,0,0,0,0,0,0,0,0,0,0,51570873,0,125007667,2155408,0,0,0,0,0,0,0,0,16384,0,0,0,0,0,0,0,0,0,0,0,7212,406,0,0,0,0,0,129245368,0,190,0,17,406,7212,0,0,0,0,0,0,0,0,0,0,0,0,0,0,0,0,0,0,0,0,0,0,0,0,0,0,0,0,0,0,0,0,0,0,0,0,0,0,0,0,0,0,0,0,0,0,0,0,0,0,0,0,0,0,641515334,0,0,0,907257244,0,0,0,0,0,0,0,182608867,422979130,769110345,356908882944,149821944,1,1,0,0,0,0,0,0,0,0,0,0,0,0,0,0,0,0,0,0,0,0,0,0,0,0,0,0,0,0,0,1716,0,0,0,0,0,0,0
1782469381.953,0,0,0,0,0,0,0,1600752486,6929312729600,2483966720000,0,0,0,0,0,0,0,0,0,0,0,0,0,0,0,0,0,0,0,0,0,0,0,0,0,0,0,0,0,0,0,0,0,0,0,0,0,0,0,0,0,0,0,0,0,0,0,0,0,0,0,0,0,0,0,0,0,0,7,1927485,424782062,125508995,0,0,0,0,0,0,0,0,0,0,0,0,0,0,0,0,0,0,0,0,0,0,0,0,0,0,0,0,0,0,0,0,0,0,0,0,0,12880707584,5204213760,786176,317640,125038610,159,0,96,786432,422930704,811172,11,7880885260,12884901888,1269467,1266961880,0,0,0,0,0,0,0,0,0,0,0,0,0,0,0,0,0,0,42523838,142421875,0,468,1202,7661,620,85048247,35,0,0,0,0,0,0,0,1,0,0,0,0,0,0,0,0,0,0,51581077,0,125036808,2155802,0,0,0,0,0,0,0,0,16384,0,0,0,0,0,0,0,0,0,0,0,7213,406,0,0,0,0,0,129272756,0,190,0,17,406,7213,0,0,0,0,0,0,0,0,0,0,0,0,0,0,0,0,0,0,0,0,0,0,0,0,0,0,0,0,0,0,0,0,0,0,0,0,0,0,0,0,0,0,0,0,0,0,0,0,0,0,0,0,0,0,641650776,0,0,0,907411025,0,0,0,0,0,0,0,182623726,423086129,769276575,356979065344,149831277,1,0,0,0,0,0,0,0,0,0,0,0,0,0,0,0,0,0,0,0,0,0,0,0,0,0,0,0,0,0,0,419,0,0,0,0,0,0,0
1782469383.040,0,0,0,0,0,0,0,1601069678,6931145148928,2484558575616,0,0,0,0,0,0,0,0,0,0,0,0,0,0,0,0,0,0,0,0,0,0,0,0,0,0,0,0,0,0,0,0,0,0,0,0,0,0,0,0,0,0,0,0,0,0,0,0,0,0,0,0,0,0,0,0,0,0,7,1927506,424894803,125540191,0,0,0,0,0,0,0,0,0,0,0,0,0,0,0,0,0,0,0,0,0,0,0,0,0,0,0,0,0,0,0,0,0,0,0,0,0,12877758464,5211160576,785995,318064,125068671,340,0,97,786432,423042956,811172,11,7882479620,12884901888,1272634,1267166496,0,0,0,0,0,0,0,0,0,0,0,0,0,0,0,0,0,0,42533248,142431285,0,468,1202,7661,620,85067070,35,0,0,0,0,0,0,0,1,0,0,0,0,0,0,0,0,0,0,51591734,0,125066869,2156205,0,0,0,0,0,0,0,0,16384,0,0,0,0,0,0,0,0,0,0,0,7214,406,0,0,0,0,0,129301359,0,190,0,17,406,7214,0,0,0,0,0,0,0,0,0,0,0,0,0,0,0,0,0,0,0,0,0,0,0,0,0,0,0,0,0,0,0,0,0,0,0,0,0,0,0,0,0,0,0,0,0,0,0,0,0,0,0,0,0,0,641786527,0,0,0,907569301,0,0,0,0,0,0,0,182641655,423197895,769444696,357049426432,149842571,1,0,0,0,0,0,0,0,0,0,0,0,0,0,0,0,0,0,0,0,0,0,0,0,0,0,0,0,0,0,0,1538,0,0,0,0,0,0,0
1782469384.125,0,0,0,0,0,0,0,1601395345,6933030947328,2485170409984,0,0,0,0,0,0,0,0,0,0,0,0,0,0,0,0,0,0,0,0,0,0,0,0,0,0,0,0,0,0,0,0,0,0,0,0,0,0,0,0,0,0,0,0,0,0,0,0,0,0,0,0,0,0,0,0,0,0,7,1927531,425010786,125572454,0,0,0,0,0,0,0,0,0,0,0,0,0,0,0,0,0,0,0,0,0,0,0,0,0,0,0,0,0,0,0,0,0,0,0,0,0,12876529664,5213388800,785921,318200,125100361,412,0,97,786432,423158426,811172,11,7884123243,12884901888,1274392,1267381402,0,0,0,0,0,0,0,0,0,0,0,0,0,0,0,0,0,0,42542924,142440962,0,468,1202,7661,620,85086422,35,0,0,0,0,0,0,0,1,0,0,0,0,0,0,0,0,0,0,51602689,0,125098559,2156632,0,0,0,0,0,0,0,0,16384,0,0,0,0,0,0,0,0,0,0,0,7215,406,0,0,0,0,0,129330744,0,190,0,17,406,7215,0,0,0,0,0,0,0,0,0,0,0,0,0,0,0,0,0,0,0,0,0,0,0,0,0,0,0,0,0,0,0,0,0,0,0,0,0,0,0,0,0,0,0,0,0,0,0,0,0,0,0,0,0,0,641926858,0,0,0,907733565,0,0,0,0,0,0,0,182659209,423312951,769617922,357122353152,149853391,1,1,0,0,0,0,0,0,0,0,0,0,0,0,0,0,0,0,0,0,0,0,0,0,0,0,0,0,0,0,0,949,0,0,0,0,0,0,0
1782469385.217,0,0,0,0,0,0,0,1601720274,6934907521536,2485774806528,0,0,0,0,0,0,0,0,0,0,0,0,0,0,0,0,0,0,0,0,0,0,0,0,0,0,0,0,0,0,0,0,0,0,0,0,0,0,0,0,0,0,0,0,0,0,0,0,0,0,0,0,0,0,0,0,0,0,7,1927561,425126239,125604249,0,0,0,0,0,0,0,0,0,0,0,0,0,0,0,0,0,0,0,0,0,0,0,0,0,0,0,0,0,0,0,0,0,0,0,0,0,12879233024,5217861632,786086,318474,125131177,251,0,96,786432,423273338,811172,11,7885760212,12884901888,1277508,1267593409,0,0,0,0,0,0,0,0,0,0,0,0,0,0,0,0,0,0,42552560,142450599,0,468,1202,7661,620,85105689,35,0,0,0,0,0,0,0,1,0,0,0,0,0,0,0,0,0,0,51613609,0,125129375,2157052,0,0,0,0,0,0,0,0,16384,0,0,0,0,0,0,0,0,0,0,0,7216,406,0,0,0,0,0,129360030,0,190,0,17,406,7216,0,0,0,0,0,0,0,0,0,0,0,0,0,0,0,0,0,0,0,0,0,0,0,0,0,0,0,0,0,0,0,0,0,0,0,0,0,0,0,0,0,0,0,0,0,0,0,0,0,0,0,0,0,0,642064622,0,0,0,907896378,0,0,0,0,0,0,0,182677896,423427395,769788531,357194149376,149865179,0,0,0,0,0,0,0,0,0,0,0,0,0,0,0,0,0,0,0,0,0,0,0,0,0,0,0,0,0,0,0,1496,0,0,0,0,0,0,0
1782469386.308,0,0,0,0,0,0,0,1602046205,6936792107520,2486380529664,0,0,0,0,0,0,0,0,0,0,0,0,0,0,0,0,0,0,0,0,0,0,0,0,0,0,0,0,0,0,0,0,0,0,0,0,0,0,0,0,0,0,0,0,0,0,0,0,0,0,0,0,0,0,0,0,0,0,7,1927585,425242163,125636175,0,0,0,0,0,0,0,0,0,0,0,0,0,0,0,0,0,0,0,0,0,0,0,0,0,0,0,0,0,0,0,0,0,0,0,0,0,12879413248,5227511808,786096,319062,125162360,238,0,97,786432,423388759,811172,11,7887403150,12884901888,1279618,1267807075,0,0,0,0,0,0,0,0,0,0,0,0,0,0,0,0,0,0,42562221,142460259,0,468,1202,7661,620,85125012,35,0,0,0,0,0,0,0,1,0,0,0,0,0,0,0,0,0,0,51624545,0,125160625,2157473,0,0,0,0,0,0,0,0,16384,0,0,0,0,0,0,0,0,0,0,0,7217,406,0,0,0,0,0,129389397,0,190,0,17,406,7217,0,0,0,0,0,0,0,0,0,0,0,0,0,0,0,0,0,0,0,0,0,0,0,0,0,0,0,0,0,0,0,0,0,0,0,0,0,0,0,0,0,0,0,0,0,0,0,0,0,0,0,0,0,0,642203022,0,0,0,908059921,0,0,0,0,0,0,0,182695824,423542319,769959701,357266067456,149876561,1,1,0,0,0,0,0,0,0,0,0,0,0,0,0,0,0,0,0,0,0,0,0,0,0,0,0,0,0,0,0,1485,0,0,0,0,0,0,0
1782469387.397,0,0,0,0,0,0,0,1602362204,6938618513920,2486973898240,0,0,0,0,0,0,0,0,0,0,0,0,0,0,0,0,0,0,0,0,0,0,0,0,0,0,0,0,0,0,0,0,0,0,0,0,0,0,0,0,0,0,0,0,0,0,0,0,0,0,0,0,0,0,0,0,0,0,7,1927599,425354570,125667436,0,0,0,0,0,0,0,0,0,0,0,0,0,0,0,0,0,0,0,0,0,0,0,0,0,0,0,0,0,0,0,0,0,0,0,0,0,12882034688,5228544000,786258,319126,125192453,78,0,99,786432,423500697,811172,11,7888996766,12884901888,1282179,1268013544,0,0,0,0,0,0,0,0,0,0,0,0,0,0,0,0,0,0,42571609,142469648,0,468,1202,7661,620,85143790,35,0,0,0,0,0,0,0,1,0,0,0,0,0,0,0,0,0,0,51635194,0,125190651,2157888,0,0,0,0,0,0,0,0,16384,0,0,0,0,0,0,0,0,0,0,0,7218,406,0,0,0,0,0,129417971,0,190,0,17,406,7218,0,0,0,0,0,0,0,0,0,0,0,0,0,0,0,0,0,0,0,0,0,0,0,0,0,0,0,0,0,0,0,0,0,0,0,0,0,0,0,0,0,0,0,0,0,0,0,0,0,0,0,0,0,0,642337993,0,0,0,908218736,0,0,0,0,0,0,0,182714583,423653737,770126919,357336074752,149888577,1,0,0,0,0,0,0,0,0,0,0,0,0,0,0,0,0,0,0,0,0,0,0,0,0,0,0,0,0,0,0,1543,0,0,0,0,0,0,0
1782469388.480,0,0,0,0,0,0,0,1602667298,6940379744768,2487577397760,0,0,0,0,0,0,0,0,0,0,0,0,0,0,0,0,0,0,0,0,0,0,0,0,0,0,0,0,0,0,0,0,0,0,0,0,0,0,0,0,0,0,0,0,0,0,0,0,0,0,0,0,0,0,0,0,0,0,7,1927618,425462895,125699422,0,0,0,0,0,0,0,0,0,0,0,0,0,0,0,0,0,0,0,0,0,0,0,0,0,0,0,0,0,0,0,0,0,0,0,0,0,12882214912,5200838656,786268,317434,125221453,67,0,97,786432,423608570,811172,11,7890533804,12884901888,1285402,1268213095,0,0,0,0,0,0,0,0,0,0,0,0,0,0,0,0,0,0,42580664,142478703,0,468,1202,7661,620,85161896,35,0,0,0,0,0,0,0,1,0,0,0,0,0,0,0,0,0,0,51645432,0,125221571,2158287,0,0,0,0,0,0,0,0,16384,0,0,0,0,0,0,0,0,0,0,0,7219,406,0,0,0,0,0,129445493,0,190,0,17,406,7219,0,0,0,0,0,0,0,0,0,0,0,0,0,0,0,0,0,0,0,0,0,0,0,0,0,0,0,0,0,0,0,0,0,0,0,0,0,0,0,0,0,0,0,0,0,0,0,0,0,0,0,0,0,0,642470063,0,0,0,908371879,0,0,0,0,0,0,0,182732213,423761187,770292006,357404614656,149899771,1,0,0,0,0,0,0,0,0,0,0,0,0,0,0,0,0,0,0,0,0,0,0,0,0,0,0,0,0,0,0,1518,0,0,0,0,0,0,0
1782469389.557,0,0,0,0,0,0,0,1602979451,6942185671168,2488190497792,0,0,0,0,0,0,0,0,0,0,0,0,0,0,0,0,0,0,0,0,0,0,0,0,0,0,0,0,0,0,0,0,0,0,0,0,0,0,0,0,0,0,0,0,0,0,0,0,0,0,0,0,0,0,0,0,0,0,7,1927635,425574036,125732121,0,0,0,0,0,0,0,0,0,0,0,0,0,0,0,0,0,0,0,0,0,0,0,0,0,0,0,0,0,0,0,0,0,0,0,0,0,12882100224,5173542912,786261,315768,125251300,75,0,100,786432,423719220,811172,11,7892106455,12884901888,1288271,1268416828,0,0,0,0,0,0,0,0,0,0,0,0,0,0,0,0,0,0,42589911,142487948,0,468,1202,7661,620,85180390,35,0,0,0,0,0,0,0,1,0,0,0,0,0,0,0,0,0,0,51655890,0,125253722,2158694,0,0,0,0,0,0,0,0,16384,0,0,0,0,0,0,0,0,0,0,0,7221,406,0,0,0,0,0,129473610,0,190,0,17,406,7221,0,0,0,0,0,0,0,0,0,0,0,0,0,0,0,0,0,0,0,0,0,0,0,0,0,0,0,0,0,0,0,0,0,0,0,0,0,0,0,0,0,0,0,0,0,0,0,0,0,0,0,0,0,0,642602149,0,0,0,908528203,0,0,0,0,0,0,0,182749974,423871424,770457786,357473327104,149911083,1,0,0,0,0,0,0,0,0,0,0,0,0,0,0,0,0,0,0,0,0,0,0,0,0,0,0,0,0,0,0,1952,0,0,0,0,0,0,0
1782469390.639,0,0,0,0,0,0,0,1603303497,6944054987264,2488802684928,0,0,0,0,0,0,0,0,0,0,0,0,0,0,0,0,0,0,0,0,0,0,0,0,0,0,0,0,0,0,0,0,0,0,0,0,0,0,0,0,0,0,0,0,0,0,0,0,0,0,0,0,0,0,0,0,0,0,7,1927653,425688992,125764455,0,0,0,0,0,0,0,0,0,0,0,0,0,0,0,0,0,0,0,0,0,0,0,0,0,0,0,0,0,0,0,0,0,0,0,0,0,12875595776,5171216384,785864,315626,125287122,471,0,96,786432,423833647,811172,11,7893743740,12884901888,1290598,1268633007,0,0,0,0,0,0,0,0,0,0,0,0,0,0,0,0,0,0,42599527,142497566,0,468,1202,7661,620,85199619,35,0,0,0,0,0,0,0,1,0,0,0,0,0,0,0,0,0,0,51666778,0,125285320,2159119,0,0,0,0,0,0,0,0,16384,0,0,0,0,0,0,0,0,0,0,0,7222,406,0,0,0,0,0,129502822,0,190,0,17,406,7222,0,0,0,0,0,0,0,0,0,0,0,0,0,0,0,0,0,0,0,0,0,0,0,0,0,0,0,0,0,0,0,0,0,0,0,0,0,0,0,0,0,0,0,0,0,0,0,0,0,0,0,0,0,0,642740464,0,0,0,908692609,0,0,0,0,0,0,0,182768299,423985473,770629162,357545323520,149922471,1,0,0,0,0,0,0,0,0,0,0,0,0,0,0,0,0,0,0,0,0,0,0,0,0,0,0,0,0,0,0,425,0,0,0,0,0,0,0
1782469391.730,0,0,0,0,0,0,0,1603607211,6945813432832,2489374488576,0,0,0,0,0,0,0,0,0,0,0,0,0,0,0,0,0,0,0,0,0,0,0,0,0,0,0,0,0,0,0,0,0,0,0,0,0,0,0,0,0,0,0,0,0,0,0,0,0,0,0,0,0,0,0,0,0,0,7,1927680,425797071,125794380,0,0,0,0,0,0,0,0,0,0,0,0,0,0,0,0,0,0,0,0,0,0,0,0,0,0,0,0,0,0,0,0,0,0,0,0,0,12879429632,5175246848,786098,315872,125315419,235,0,98,786432,423941275,811172,11,7895275015,12884901888,1295121,1268831816,0,0,0,0,0,0,0,0,0,0,0,0,0,0,0,0,0,0,42608541,142506578,0,468,1202,7661,620,85217660,35,0,0,0,0,0,0,0,1,0,0,0,0,0,0,0,0,0,0,51676993,0,125313617,2159499,0,0,0,0,0,0,0,0,16384,0,0,0,0,0,0,0,0,0,0,0,7223,406,0,0,0,0,0,129530205,0,190,0,17,406,7223,0,0,0,0,0,0,0,0,0,0,0,0,0,0,0,0,0,0,0,0,0,0,0,0,0,0,0,0,0,0,0,0,0,0,0,0,0,0,0,0,0,0,0,0,0,0,0,0,0,0,0,0,0,0,642874789,0,0,0,908845123,0,0,0,0,0,0,0,182783309,424092756,770795083,357615098368,149931406,1,0,0,0,0,0,0,0,0,0,0,0,0,0,0,0,0,0,0,0,0,0,0,0,0,0,0,0,0,0,0,474,0,0,0,0,0,0,0
1782469392.815,0,0,0,0,0,0,0,1603927290,6947654289920,2489962780672,0,0,0,0,0,0,0,0,0,0,0,0,0,0,0,0,0,0,0,0,0,0,0,0,0,0,0,0,0,0,0,0,0,0,0,0,0,0,0,0,0,0,0,0,0,0,0,0,0,0,0,0,0,0,0,0,0,0,7,1927700,425910324,125825365,0,0,0,0,0,0,0,0,0,0,0,0,0,0,0,0,0,0,0,0,0,0,0,0,0,0,0,0,0,0,0,0,0,0,0,0,0,12878905344,5187633152,786066,316628,125345651,269,0,96,786432,424054050,811172,11,7896884174,12884901888,1297470,1269039758,0,0,0,0,0,0,0,0,0,0,0,0,0,0,0,0,0,0,42618035,142516071,0,468,1202,7661,620,85236643,35,0,0,0,0,0,0,0,1,0,0,0,0,0,0,0,0,0,0,51687734,0,125343849,2159912,0,0,0,0,0,0,0,0,16384,0,0,0,0,0,0,0,0,0,0,0,7224,406,0,0,0,0,0,129559013,0,190,0,17,406,7224,0,0,0,0,0,0,0,0,0,0,0,0,0,0,0,0,0,0,0,0,0,0,0,0,0,0,0,0,0,0,0,0,0,0,0,0,0,0,0,0,0,0,0,0,0,0,0,0,0,0,0,0,0,0,643011776,0,0,0,909005137,0,0,0,0,0,0,0,182801991,424205125,770963904,357686231040,149943468,1,0,0,0,0,0,0,0,0,0,0,0,0,0,0,0,0,0,0,0,0,0,0,0,0,0,0,0,0,0,0,1118,0,0,0,0,0,0,0
1782469393.905,0,0,0,0,0,0,0,1604253217,6949533288960,2490566398976,0,0,0,0,0,0,0,0,0,0,0,0,0,0,0,0,0,0,0,0,0,0,0,0,0,0,0,0,0,0,0,0,0,0,0,0,0,0,0,0,0,0,0,0,0,0,0,0,0,0,0,0,0,0,0,0,0,0,7,1927729,426025895,125857124,0,0,0,0,0,0,0,0,0,0,0,0,0,0,0,0,0,0,0,0,0,0,0,0,0,0,0,0,0,0,0,0,0,0,0,0,0,12878036992,5196120064,786013,317146,125376706,323,0,96,786432,424169103,811172,11,7898527600,12884901888,1299672,1269252689,0,0,0,0,0,0,0,0,0,0,0,0,0,0,0,0,0,0,42627715,142525753,0,468,1202,7661,620,85256005,35,0,0,0,0,0,0,0,1,0,0,0,0,0,0,0,0,0,0,51698707,0,125374904,2160329,0,0,0,0,0,0,0,0,16384,0,0,0,0,0,0,0,0,0,0,0,7225,406,0,0,0,0,0,129588455,0,190,0,17,406,7225,0,0,0,0,0,0,0,0,0,0,0,0,0,0,0,0,0,0,0,0,0,0,0,0,0,0,0,0,0,0,0,0,0,0,0,0,0,0,0,0,0,0,0,0,0,0,0,0,0,0,0,0,0,0,643150492,0,0,0,909169011,0,0,0,0,0,0,0,182820379,424319724,771135165,357758528000,149955193,1,0,0,0,0,0,0,0,0,0,0,0,0,0,0,0,0,0,0,0,0,0,0,0,0,0,0,0,0,0,0,1147,0,0,0,0,0,0,0
1782469394.997,0,0,0,0,0,0,0,1604574799,6951383665152,2491170075648,0,0,0,0,0,0,0,0,0,0,0,0,0,0,0,0,0,0,0,0,0,0,0,0,0,0,0,0,0,0,0,0,0,0,0,0,0,0,0,0,0,0,0,0,0,0,0,0,0,0,0,0,0,0,0,0,0,0,7,1927754,426139664,125888953,0,0,0,0,0,0,0,0,0,0,0,0,0,0,0,0,0,0,0,0,0,0,0,0,0,0,0,0,0,0,0,0,0,0,0,0,0,12876038144,5198561280,785891,317295,125407131,445,0,96,786432,424282423,811172,11,7900147950,12884901888,1304046,1269463321,0,0,0,0,0,0,0,0,0,0,0,0,0,0,0,0,0,0,42637265,142535303,0,468,1202,7661,620,85275103,35,0,0,0,0,0,0,0,1,0,0,0,0,0,0,0,0,0,0,51709518,0,125405329,2160739,0,0,0,0,0,0,0,0,16384,0,0,0,0,0,0,0,0,0,0,0,7226,406,0,0,0,0,0,129617482,0,190,0,17,406,7226,0,0,0,0,0,0,0,0,0,0,0,0,0,0,0,0,0,0,0,0,0,0,0,0,0,0,0,0,0,0,0,0,0,0,0,0,0,0,0,0,0,0,0,0,0,0,0,0,0,0,0,0,0,0,643287653,0,0,0,909330721,0,0,0,0,0,0,0,182839142,424432598,771305624,357829785088,149966547,1,0,0,0,0,0,0,0,0,0,0,0,0,0,0,0,0,0,0,0,0,0,0,0,0,0,0,0,0,0,0,1076,0,0,0,0,0,0,0
1782469396.082,0,0,0,0,0,0,0,1604893410,6953217214976,2491757885440,0,0,0,0,0,0,0,0,0,0,0,0,0,0,0,0,0,0,0,0,0,0,0,0,0,0,0,0,0,0,0,0,0,0,0,0,0,0,0,0,0,0,0,0,0,0,0,0,0,0,0,0,0,0,0,0,0,0,7,1927777,426252469,125919911,0,0,0,0,0,0,0,0,0,0,0,0,0,0,0,0,0,0,0,0,0,0,0,0,0,0,0,0,0,0,0,0,0,0,0,0,0,12877856768,5211258880,786002,318070,125437066,332,0,97,786432,424394728,811172,11,7901753284,12884901888,1306580,1269671069,0,0,0,0,0,0,0,0,0,0,0,0,0,0,0,0,0,0,42646712,142544746,0,468,1202,7661,620,85293993,35,0,0,0,0,0,0,0,1,0,0,0,0,0,0,0,0,0,0,51720209,0,125435264,2161155,0,0,0,0,0,0,0,0,16384,0,0,0,0,0,0,0,0,0,0,0,7227,406,0,0,0,0,0,129646199,0,190,0,17,406,7227,0,0,0,0,0,0,0,0,0,0,0,0,0,0,0,0,0,0,0,0,0,0,0,0,0,0,0,0,0,0,0,0,0,0,0,0,0,0,0,0,0,0,0,0,0,0,0,0,0,0,0,0,0,0,643421962,0,0,0,909490144,0,0,0,0,0,0,0,182858010,424544444,771471931,357899638784,149978529,1,0,0,0,0,0,0,0,0,0,0,0,0,0,0,0,0,0,0,0,0,0,0,0,0,0,0,0,0,0,0,1643,0,0,0,0,0,0,0
1782469397.169,0,0,0,0,0,0,0,1605212464,6955053615616,2492353129472,0,0,0,0,0,0,0,0,0,0,0,0,0,0,0,0,0,0,0,0,0,0,0,0,0,0,0,0,0,0,0,0,0,0,0,0,0,0,0,0,0,0,0,0,0,0,0,0,0,0,0,0,0,0,0,0,0,0,7,1927799,426365450,125951236,0,0,0,0,0,0,0,0,0,0,0,0,0,0,0,0,0,0,0,0,0,0,0,0,0,0,0,0,0,0,0,0,0,0,0,0,0,12877971456,5214175232,786010,318248,125467511,328,0,96,786432,424507179,811172,11,7903364256,12884901888,1309838,1269881756,0,0,0,0,0,0,0,0,0,0,0,0,0,0,0,0,0,0,42656187,142554224,0,468,1202,7661,620,85312934,35,0,0,0,0,0,0,0,1,0,0,0,0,0,0,0,0,0,0,51730941,0,125465709,2161557,0,0,0,0,0,0,0,0,16384,0,0,0,0,0,0,0,0,0,0,0,7228,406,0,0,0,0,0,129675019,0,190,0,17,406,7228,0,0,0,0,0,0,0,0,0,0,0,0,0,0,0,0,0,0,0,0,0,0,0,0,0,0,0,0,0,0,0,0,0,0,0,0,0,0,0,0,0,0,0,0,0,0,0,0,0,0,0,0,0,0,643559028,0,0,0,909651296,0,0,0,0,0,0,0,182875512,424656543,771641314,357970968064,149989677,1,0,0,0,0,0,0,0,0,0,0,0,0,0,0,0,0,0,0,0,0,0,0,0,0,0,0,0,0,0,0,870,0,0,0,0,0,0,0
1782469398.257,0,0,0,0,0,0,0,1605535381,6956919785984,2492957985792,0,0,0,0,0,0,0,0,0,0,0,0,0,0,0,0,0,0,0,0,0,0,0,0,0,0,0,0,0,0,0,0,0,0,0,0,0,0,0,0,0,0,0,0,0,0,0,0,0,0,0,0,0,0,0,0,0,0,7,1927818,426480243,125983078,0,0,0,0,0,0,0,0,0,0,0,0,0,0,0,0,0,0,0,0,0,0,0,0,0,0,0,0,0,0,0,0,0,0,0,0,0,12876709888,5219352576,785933,318564,125498450,402,0,97,786432,424621452,811172,11,7904993924,12884901888,1312208,1270094712,0,0,0,0,0,0,0,0,0,0,0,0,0,0,0,0,0,0,42665761,142563800,0,468,1202,7661,620,85332091,35,0,0,0,0,0,0,0,1,0,0,0,0,0,0,0,0,0,0,51741795,0,125496648,2161981,0,0,0,0,0,0,0,0,16384,0,0,0,0,0,0,0,0,0,0,0,7229,406,0,0,0,0,0,129704127,0,190,0,17,406,7229,0,0,0,0,0,0,0,0,0,0,0,0,0,0,0,0,0,0,0,0,0,0,0,0,0,0,0,0,0,0,0,0,0,0,0,0,0,0,0,0,0,0,0,0,0,0,0,0,0,0,0,0,0,0,643697355,0,0,0,909813978,0,0,0,0,0,0,0,182894050,424770378,771812463,358042838528,150001329,1,1,0,0,0,0,0,0,0,0,0,0,0,0,0,0,0,0,0,0,0,0,0,0,0,0,0,0,0,0,0,384,0,0,0,0,0,0,0
1782469399.345,0,0,0,0,0,0,0,1605860144,6958798555648,2493557168640,0,0,0,0,0,0,0,0,0,0,0,0,0,0,0,0,0,0,0,0,0,0,0,0,0,0,0,0,0,0,0,0,0,0,0,0,0,0,0,0,0,0,0,0,0,0,0,0,0,0,0,0,0,0,0,0,0,0,7,1927846,426595851,126014651,0,0,0,0,0,0,0,0,0,0,0,0,0,0,0,0,0,0,0,0,0,0,0,0,0,0,0,0,0,0,0,0,0,0,0,0,0,12878299136,5230952448,786031,319272,125528862,307,0,97,786432,424736603,811172,11,7906629463,12884901888,1315975,1270304490,0,0,0,0,0,0,0,0,0,0,0,0,0,0,0,0,0,0,42675399,142573436,0,468,1202,7661,620,85351367,35,0,0,0,0,0,0,0,1,0,0,0,0,0,0,0,0,0,0,51752701,0,125527060,2162395,0,0,0,0,0,0,0,0,16384,0,0,0,0,0,0,0,0,0,0,0,7230,406,0,0,0,0,0,129733447,0,190,0,17,406,7230,0,0,0,0,0,0,0,0,0,0,0,0,0,0,0,0,0,0,0,0,0,0,0,0,0,0,0,0,0,0,0,0,0,0,0,0,0,0,0,0,0,0,0,0,0,0,0,0,0,0,0,0,0,0,643834946,0,0,0,909976077,0,0,0,0,0,0,0,182912933,424885015,771982855,358114359296,150013187,1,0,0,0,0,0,0,0,0,0,0,0,0,0,0,0,0,0,0,0,0,0,0,0,0,0,0,0,0,0,0,1455,0,0,0,0,0,0,0
1782469400.437,0,0,0,0,0,0,0,1606183208,6960663071232,2494179705344,0,0,0,0,0,0,0,0,0,0,0,0,0,0,0,0,0,0,0,0,0,0,0,0,0,0,0,0,0,0,0,0,0,0,0,0,0,0,0,0,0,0,0,0,0,0,0,0,0,0,0,0,0,0,0,0,0,0,7,1927868,426710569,126047673,0,0,0,0,0,0,0,0,0,0,0,0,0,0,0,0,0,0,0,0,0,0,0,0,0,0,0,0,0,0,0,0,0,0,0,0,0,12880347136,5215600640,786153,318335,125559829,182,0,97,786432,424850817,811172,11,7908256849,12884901888,1317851,1270514559,0,0,0,0,0,0,0,0,0,0,0,0,0,0,0,0,0,0,42685007,142583045,0,468,1202,7661,620,85370583,35,0,0,0,0,0,0,0,1,0,0,0,0,0,0,0,0,0,0,51763590,0,125559504,2162828,0,0,0,0,0,0,0,0,16384,0,0,0,0,0,0,0,0,0,0,0,7231,406,0,0,0,0,0,129762658,0,190,0,17,406,7231,0,0,0,0,0,0,0,0,0,0,0,0,0,0,0,0,0,0,0,0,0,0,0,0,0,0,0,0,0,0,0,0,0,0,0,0,0,0,0,0,0,0,0,0,0,0,0,0,0,0,0,0,0,0,643970393,0,0,0,910138107,0,0,0,0,0,0,0,182930134,424998750,772151979,358184814592,150023890,1,0,0,0,0,0,0,0,0,0,0,0,0,0,0,0,0,0,0,0,0,0,0,0,0,0,0,0,0,0,0,1848,0,0,0,0,0,0,0
1782469401.518,0,0,0,0,0,0,0,1606480441,6962376968704,2494767787008,0,0,0,0,0,0,0,0,0,0,0,0,0,0,0,0,0,0,0,0,0,0,0,0,0,0,0,0,0,0,0,0,0,0,0,0,0,0,0,0,0,0,0,0,0,0,0,0,0,0,0,0,0,0,0,0,0,0,7,1927885,426815966,126078619,0,0,0,0,0,0,0,0,0,0,0,0,0,0,0,0,0,0,0,0,0,0,0,0,0,0,0,0,0,0,0,0,0,0,0,0,0,12882067456,5191286784,786259,316851,125588669,78,0,96,786432,424955714,811172,11,7909753394,12884901888,1320330,1270707649,0,0,0,0,0,0,0,0,0,0,0,0,0,0,0,0,0,0,42693826,142591867,0,468,1202,7661,620,85388222,35,0,0,0,0,0,0,0,1,0,0,0,0,0,0,0,0,0,0,51773576,0,125589427,2163234,0,0,0,0,0,0,0,0,16384,0,0,0,0,0,0,0,0,0,0,0,7233,406,0,0,0,0,0,129789492,0,190,0,17,406,7233,0,0,0,0,0,0,0,0,0,0,0,0,0,0,0,0,0,0,0,0,0,0,0,0,0,0,0,0,0,0,0,0,0,0,0,0,0,0,0,0,0,0,0,0,0,0,0,0,0,0,0,0,0,0,644103488,0,0,0,910287058,0,0,0,0,0,0,0,182944478,425103367,772316838,358253713920,150032471,1,1,0,0,0,0,0,0,0,0,0,0,0,0,0,0,0,0,0,0,0,0,0,0,0,0,0,0,0,0,0,2203,0,0,0,0,0,0,0
1782469402.598,0,0,0,0,0,0,0,1606796785,6964192627200,2495381542912,0,0,0,0,0,0,0,0,0,0,0,0,0,0,0,0,0,0,0,0,0,0,0,0,0,0,0,0,0,0,0,0,0,0,0,0,0,0,0,0,0,0,0,0,0,0,0,0,0,0,0,0,0,0,0,0,0,0,7,1927907,426927671,126111325,0,0,0,0,0,0,0,0,0,0,0,0,0,0,0,0,0,0,0,0,0,0,0,0,0,0,0,0,0,0,0,0,0,0,0,0,0,12876251136,5170364416,785904,315574,125623236,431,0,96,786432,425066933,811172,11,7911344530,12884901888,1323055,1270913178,0,0,0,0,0,0,0,0,0,0,0,0,0,0,0,0,0,0,42703190,142601232,0,468,1202,7661,620,85406947,35,0,0,0,0,0,0,0,1,0,0,0,0,0,0,0,0,0,0,51784169,0,125621434,2163657,0,0,0,0,0,0,0,0,16384,0,0,0,0,0,0,0,0,0,0,0,7234,406,0,0,0,0,0,129817962,0,190,0,17,406,7234,0,0,0,0,0,0,0,0,0,0,0,0,0,0,0,0,0,0,0,0,0,0,0,0,0,0,0,0,0,0,0,0,0,0,0,0,0,0,0,0,0,0,0,0,0,0,0,0,0,0,0,0,0,0,644236838,0,0,0,910445164,0,0,0,0,0,0,0,182963563,425214168,772483914,358323085312,150044719,1,0,0,0,0,0,0,0,0,0,0,0,0,0,0,0,0,0,0,0,0,0,0,0,0,0,0,0,0,0,0,2798,0,0,0,0,0,0,0
1782469403.680,0,0,0,0,0,0,0,1607109188,6965994064384,2495962745344,0,0,0,0,0,0,0,0,0,0,0,0,0,0,0,0,0,0,0,0,0,0,0,0,0,0,0,0,0,0,0,0,0,0,0,0,0,0,0,0,0,0,0,0,0,0,0,0,0,0,0,0,0,0,0,0,0,0,7,1927923,427038487,126141938,0,0,0,0,0,0,0,0,0,0,0,0,0,0,0,0,0,0,0,0,0,0,0,0,0,0,0,0,0,0,0,0,0,0,0,0,0,12879331328,5176229888,786092,315932,125653004,245,0,97,786432,425177281,811172,11,7912919203,12884901888,1325635,1271117609,0,0,0,0,0,0,0,0,0,0,0,0,0,0,0,0,0,0,42712462,142610503,0,468,1202,7661,620,85425499,35,0,0,0,0,0,0,0,1,0,0,0,0,0,0,0,0,0,0,51794673,0,125651202,2164058,0,0,0,0,0,0,0,0,16384,0,0,0,0,0,0,0,0,0,0,0,7235,406,0,0,0,0,0,129846139,0,190,0,17,406,7235,0,0,0,0,0,0,0,0,0,0,0,0,0,0,0,0,0,0,0,0,0,0,0,0,0,0,0,0,0,0,0,0,0,0,0,0,0,0,0,0,0,0,0,0,0,0,0,0,0,0,0,0,0,0,644371015,0,0,0,910602596,0,0,0,0,0,0,0,182981730,425324048,772649592,358392626688,150056464,1,0,0,0,0,0,0,0,0,0,0,0,0,0,0,0,0,0,0,0,0,0,0,0,0,0,0,0,0,0,0,2379,0,0,0,0,0,0,0
1782469404.763,0,0,0,0,0,0,0,1607405804,6967704078848,2496520387072,0,0,0,0,0,0,0,0,0,0,0,0,0,0,0,0,0,0,0,0,0,0,0,0,0,0,0,0,0,0,0,0,0,0,0,0,0,0,0,0,0,0,0,0,0,0,0,0,0,0,0,0,0,0,0,0,0,0,7,1927940,427143699,126171197,0,0,0,0,0,0,0,0,0,0,0,0,0,0,0,0,0,0,0,0,0,0,0,0,0,0,0,0,0,0,0,0,0,0,0,0,0,12877414400,5182029824,785975,316286,125681453,362,0,96,786432,425282033,811172,11,7914417607,12884901888,1328323,1271315328,0,0,0,0,0,0,0,0,0,0,0,0,0,0,0,0,0,0,42721267,142619307,0,468,1202,7661,620,85443111,35,0,0,0,0,0,0,0,1,0,0,0,0,0,0,0,0,0,0,51804649,0,125679651,2164443,0,0,0,0,0,0,0,0,16384,0,0,0,0,0,0,0,0,0,0,0,7236,406,0,0,0,0,0,129872891,0,190,0,17,406,7236,0,0,0,0,0,0,0,0,0,0,0,0,0,0,0,0,0,0,0,0,0,0,0,0,0,0,0,0,0,0,0,0,0,0,0,0,0,0,0,0,0,0,0,0,0,0,0,0,0,0,0,0,0,0,644503509,0,0,0,910753255,0,0,0,0,0,0,0,182996909,425428353,772812276,358461204480,150066379,1,1,0,0,0,0,0,0,0,0,0,0,0,0,0,0,0,0,0,0,0,0,0,0,0,0,0,0,0,0,0,797,0,0,0,0,0,0,0
1782469405.846,0,0,0,0,0,0,0,1607702788,6969415846400,2497081085440,0,0,0,0,0,0,0,0,0,0,0,0,0,0,0,0,0,0,0,0,0,0,0,0,0,0,0,0,0,0,0,0,0,0,0,0,0,0,0,0,0,0,0,0,0,0,0,0,0,0,0,0,0,0,0,0,0,0,7,1927954,427248877,126200665,0,0,0,0,0,0,0,0,0,0,0,0,0,0,0,0,0,0,0,0,0,0,0,0,0,0,0,0,0,0,0,0,0,0,0,0,0,12877856768,5182652416,786002,316324,125710092,333,0,97,786432,425386759,811172,11,7915907793,12884901888,1330711,1271506515,0,0,0,0,0,0,0,0,0,0,0,0,0,0,0,0,0,0,42730048,142628088,0,468,1202,7661,620,85460673,35,0,0,0,0,0,0,0,1,0,0,0,0,0,0,0,0,0,0,51814586,0,125708290,2164821,0,0,0,0,0,0,0,0,16384,0,0,0,0,0,0,0,0,0,0,0,7237,406,0,0,0,0,0,129899561,0,190,0,17,406,7237,0,0,0,0,0,0,0,0,0,0,0,0,0,0,0,0,0,0,0,0,0,0,0,0,0,0,0,0,0,0,0,0,0,0,0,0,0,0,0,0,0,0,0,0,0,0,0,0,0,0,0,0,0,0,644633945,0,0,0,910900862,0,0,0,0,0,0,0,183012124,425532743,772973017,358528800768,150076555,1,1,0,0,0,0,0,0,0,0,0,0,0,0,0,0,0,0,0,0,0,0,0,0,0,0,0,0,0,0,0,2006,0,0,0,0,0,0,0
1782469406.932,0,0,0,0,0,0,0,1607987317,6971051231744,2497621758464,0,0,0,0,0,0,0,0,0,0,0,0,0,0,0,0,0,0,0,0,0,0,0,0,0,0,0,0,0,0,0,0,0,0,0,0,0,0,0,0,0,0,0,0,0,0,0,0,0,0,0,0,0,0,0,0,0,0,7,1927986,427349395,126229038,0,0,0,0,0,0,0,0,0,0,0,0,0,0,0,0,0,0,0,0,0,0,0,0,0,0,0,0,0,0,0,0,0,0,0,0,0,12879527936,5179686912,786105,316143,125737085,229,0,96,786432,425486853,811172,11,7917340055,12884901888,1335365,1271693665,0,0,0,0,0,0,0,0,0,0,0,0,0,0,0,0,0,0,42738466,142636509,0,468,1202,7661,620,85477508,35,0,0,0,0,0,0,0,1,0,0,0,0,0,0,0,0,0,0,51824107,0,125735283,2165168,0,0,0,0,0,0,0,0,16384,0,0,0,0,0,0,0,0,0,0,0,7238,406,0,0,0,0,0,129925153,0,190,0,17,406,7238,0,0,0,0,0,0,0,0,0,0,0,0,0,0,0,0,0,0,0,0,0,0,0,0,0,0,0,0,0,0,0,0,0,0,0,0,0,0,0,0,0,0,0,0,0,0,0,0,0,0,0,0,0,0,644761183,0,0,0,911043940,0,0,0,0,0,0,0,183027996,425632488,773130179,358594809344,150086871,1,1,0,0,0,0,0,0,0,0,0,0,0,0,0,0,0,0,0,0,0,0,0,0,0,0,0,0,0,0,0,1494,0,0,0,0,0,0,0
1782469408.020,0,0,0,0,0,0,0,1608283370,6972759886336,2498184019456,0,0,0,0,0,0,0,0,0,0,0,0,0,0,0,0,0,0,0,0,0,0,0,0,0,0,0,0,0,0,0,0,0,0,0,0,0,0,0,0,0,0,0,0,0,0,0,0,0,0,0,0,0,0,0,0,0,0,7,1928012,427454471,126258458,0,0,0,0,0,0,0,0,0,0,0,0,0,0,0,0,0,0,0,0,0,0,0,0,0,0,0,0,0,0,0,0,0,0,0,0,0,12882853888,5179179008,786307,316112,125765576,21,0,103,786432,425591466,811172,11,7918833442,12884901888,1337841,1271889617,0,0,0,0,0,0,0,0,0,0,0,0,0,0,0,0,0,0,42747237,142645277,0,468,1202,7661,620,85495049,35,0,0,0,0,0,0,0,1,0,0,0,0,0,0,0,0,0,0,51834042,0,125763774,2165539,0,0,0,0,0,0,0,0,16384,0,0,0,0,0,0,0,0,0,0,0,7239,406,0,0,0,0,0,129951829,0,190,0,17,406,7239,0,0,0,0,0,0,0,0,0,0,0,0,0,0,0,0,0,0,0,0,0,0,0,0,0,0,0,0,0,0,0,0,0,0,0,0,0,0,0,0,0,0,0,0,0,0,0,0,0,0,0,0,0,0,644893219,0,0,0,911193413,0,0,0,0,0,0,0,183043243,425736733,773292574,358663396864,150097025,1,0,0,0,0,0,0,0,0,0,0,0,0,0,0,0,0,0,0,0,0,0,0,0,0,0,0,0,0,0,0,516,0,0,0,0,0,0,0
1782469409.108,0,0,0,0,0,0,0,1608581735,6974488922624,2498747157504,0,0,0,0,0,0,0,0,0,0,0,0,0,0,0,0,0,0,0,0,0,0,0,0,0,0,0,0,0,0,0,0,0,0,0,0,0,0,0,0,0,0,0,0,0,0,0,0,0,0,0,0,0,0,0,0,0,0,7,1928033,427560785,126288103,0,0,0,0,0,0,0,0,0,0,0,0,0,0,0,0,0,0,0,0,0,0,0,0,0,0,0,0,0,0,0,0,0,0,0,0,0,12878217216,5183913984,786024,316401,125793957,312,0,96,786432,425697330,811172,11,7920332954,12884901888,1341604,1272082924,0,0,0,0,0,0,0,0,0,0,0,0,0,0,0,0,0,0,42756084,142654126,0,468,1202,7661,620,85512745,35,0,0,0,0,0,0,0,1,0,0,0,0,0,0,0,0,0,0,51844058,0,125792155,2165916,0,0,0,0,0,0,0,0,16384,0,0,0,0,0,0,0,0,0,0,0,7240,406,0,0,0,0,0,129978770,0,190,0,17,406,7240,0,0,0,0,0,0,0,0,0,0,0,0,0,0,0,0,0,0,0,0,0,0,0,0,0,0,0,0,0,0,0,0,0,0,0,0,0,0,0,0,0,0,0,0,0,0,0,0,0,0,0,0,0,0,645025354,0,0,0,911342561,0,0,0,0,0,0,0,183059027,425842259,773455706,358731780608,150106906,1,1,0,0,0,0,0,0,0,0,0,0,0,0,0,0,0,0,0,0,0,0,0,0,0,0,0,0,0,0,0,1108,0,0,0,0,0,0,0
1782469410.196,0,0,0,0,0,0,0,1608879668,6976206211584,2499309585920,0,0,0,0,0,0,0,0,0,0,0,0,0,0,0,0,0,0,0,0,0,0,0,0,0,0,0,0,0,0,0,0,0,0,0,0,0,0,0,0,0,0,0,0,0,0,0,0,0,0,0,0,0,0,0,0,0,0,7,1928052,427666328,126317622,0,0,0,0,0,0,0,0,0,0,0,0,0,0,0,0,0,0,0,0,0,0,0,0,0,0,0,0,0,0,0,0,0,0,0,0,0,12874842112,5185093632,785818,316473,125822740,517,0,96,786432,425802390,811172,11,7921833747,12884901888,1343927,1272278292,0,0,0,0,0,0,0,0,0,0,0,0,0,0,0,0,0,0,42764900,142662943,0,468,1202,7661,620,85530373,35,0,0,0,0,0,0,0,1,0,0,0,0,0,0,0,0,0,0,51854041,0,125820938,2166302,0,0,0,0,0,0,0,0,16384,0,0,0,0,0,0,0,0,0,0,0,7241,406,0,0,0,0,0,130005531,0,190,0,17,406,7241,0,0,0,0,0,0,0,0,0,0,0,0,0,0,0,0,0,0,0,0,0,0,0,0,0,0,0,0,0,0,0,0,0,0,0,0,0,0,0,0,0,0,0,0,0,0,0,0,0,0,0,0,0,0,645157606,0,0,0,911492381,0,0,0,0,0,0,0,183074938,425946993,773618329,358800250880,150117368,1,0,0,0,0,0,0,0,0,0,0,0,0,0,0,0,0,0,0,0,0,0,0,0,0,0,0,0,0,0,0,759,0,0,0,0,0,0,0
1782469411.280,0,0,0,0,0,0,0,1609169507,6977878526464,2499860810240,0,0,0,0,0,0,0,0,0,0,0,0,0,0,0,0,0,0,0,0,0,0,0,0,0,0,0,0,0,0,0,0,0,0,0,0,0,0,0,0,0,0,0,0,0,0,0,0,0,0,0,0,0,0,0,0,0,0,7,1928086,427769131,126346543,0,0,0,0,0,0,0,0,0,0,0,0,0,0,0,0,0,0,0,0,0,0,0,0,0,0,0,0,0,0,0,0,0,0,0,0,0,12876283904,5184946176,785906,316464,125851020,428,0,97,786432,425904727,811172,11,7923290507,12884901888,1346278,1272466713,0,0,0,0,0,0,0,0,0,0,0,0,0,0,0,0,0,0,42773477,142671518,0,468,1202,7661,620,85547523,35,0,0,0,0,0,0,0,1,0,0,0,0,0,0,0,0,0,0,51863755,0,125849218,2166680,0,0,0,0,0,0,0,0,16384,0,0,0,0,0,0,0,0,0,0,0,7242,406,0,0,0,0,0,130031597,0,190,0,17,406,7242,0,0,0,0,0,0,0,0,0,0,0,0,0,0,0,0,0,0,0,0,0,0,0,0,0,0,0,0,0,0,0,0,0,0,0,0,0,0,0,0,0,0,0,0,0,0,0,0,0,0,0,0,0,0,645287921,0,0,0,911637167,0,0,0,0,0,0,0,183087548,426049000,773778310,358868049408,150125017,1,0,0,0,0,0,0,0,0,0,0,0,0,0,0,0,0,0,0,0,0,0,0,0,0,0,0,0,0,0,0,1232,0,0,0,0,0,0,0
1782469412.365,0,0,0,0,0,0,0,1609461406,6979561654784,2500413323264,0,0,0,0,0,0,0,0,0,0,0,0,0,0,0,0,0,0,0,0,0,0,0,0,0,0,0,0,0,0,0,0,0,0,0,0,0,0,0,0,0,0,0,0,0,0,0,0,0,0,0,0,0,0,0,0,0,0,7,1928109,427872693,126375399,0,0,0,0,0,0,0,0,0,0,0,0,0,0,0,0,0,0,0,0,0,0,0,0,0,0,0,0,0,0,0,0,0,0,0,0,0,12881297408,5189189632,786211,316723,125878862,123,0,97,786432,426007851,811172,11,7924761703,12884901888,1348867,1272659038,0,0,0,0,0,0,0,0,0,0,0,0,0,0,0,0,0,0,42782135,142680177,0,468,1202,7661,620,85564852,35,0,0,0,0,0,0,0,1,0,0,0,0,0,0,0,0,0,0,51873554,0,125877060,2167041,0,0,0,0,0,0,0,0,16384,0,0,0,0,0,0,0,0,0,0,0,7243,406,0,0,0,0,0,130057891,0,190,0,17,406,7243,0,0,0,0,0,0,0,0,0,0,0,0,0,0,0,0,0,0,0,0,0,0,0,0,0,0,0,0,0,0,0,0,0,0,0,0,0,0,0,0,0,0,0,0,0,0,0,0,0,0,0,0,0,0,645421242,0,0,0,911784428,0,0,0,0,0,0,0,183100240,426151714,773941462,358936966656,150132552,1,0,0,0,0,0,0,0,0,0,0,0,0,0,0,0,0,0,0,0,0,0,0,0,0,0,0,0,0,0,0,526,0,0,0,0,0,0,0
1782469413.453,0,0,0,0,0,0,0,1609753115,6981242636800,2500985492992,0,0,0,0,0,0,0,0,0,0,0,0,0,0,0,0,0,0,0,0,0,0,0,0,0,0,0,0,0,0,0,0,0,0,0,0,0,0,0,0,0,0,0,0,0,0,0,0,0,0,0,0,0,0,0,0,0,0,7,1928132,427976099,126405448,0,0,0,0,0,0,0,0,0,0,0,0,0,0,0,0,0,0,0,0,0,0,0,0,0,0,0,0,0,0,0,0,0,0,0,0,0,12883247104,5173477376,786331,315764,125906782,0,0,101,786432,426110831,811172,11,7926229579,12884901888,1351889,1272849569,0,0,0,0,0,0,0,0,0,0,0,0,0,0,0,0,0,0,42790772,142688817,0,468,1202,7661,620,85582120,35,0,0,0,0,0,0,0,1,0,0,0,0,0,0,0,0,0,0,51883331,0,125906132,2167426,0,0,0,0,0,0,0,0,16384,0,0,0,0,0,0,0,0,0,0,0,7244,406,0,0,0,0,0,130084172,0,190,0,17,406,7244,0,0,0,0,0,0,0,0,0,0,0,0,0,0,0,0,0,0,0,0,0,0,0,0,0,0,0,0,0,0,0,0,0,0,0,0,0,0,0,0,0,0,0,0,0,0,0,0,0,0,0,0,0,0,645551134,0,0,0,911930327,0,0,0,0,0,0,0,183115850,426254283,774102337,359004423680,150142567,1,0,0,0,0,0,0,0,0,0,0,0,0,0,0,0,0,0,0,0,0,0,0,0,0,0,0,0,0,0,0,856,0,0,0,0,0,0,0
1782469414.535,0,0,0,0,0,0,0,1610041800,6982908168704,2501558351872,0,0,0,0,0,0,0,0,0,0,0,0,0,0,0,0,0,0,0,0,0,0,0,0,0,0,0,0,0,0,0,0,0,0,0,0,0,0,0,0,0,0,0,0,0,0,0,0,0,0,0,0,0,0,0,0,0,0,7,1928149,428078545,126435751,0,0,0,0,0,0,0,0,0,0,0,0,0,0,0,0,0,0,0,0,0,0,0,0,0,0,0,0,0,0,0,0,0,0,0,0,0,12881264640,5151031296,786211,314394,125933732,123,0,100,786432,426212823,811172,11,7927679485,12884901888,1356741,1273036074,0,0,0,0,0,0,0,0,0,0,0,0,0,0,0,0,0,0,42799335,142697374,0,468,1202,7661,620,85599245,35,0,0,0,0,0,0,0,1,0,0,0,0,0,0,0,0,0,0,51893012,0,125934746,2167791,0,0,0,0,0,0,0,0,16384,0,0,0,0,0,0,0,0,0,0,0,7246,406,0,0,0,0,0,130110194,0,190,0,17,406,7246,0,0,0,0,0,0,0,0,0,0,0,0,0,0,0,0,0,0,0,0,0,0,0,0,0,0,0,0,0,0,0,0,0,0,0,0,0,0,0,0,0,0,0,0,0,0,0,0,0,0,0,0,0,0,645679738,0,0,0,912074413,0,0,0,0,0,0,0,183131816,426355920,774263020,359070974976,150152661,1,0,0,0,0,0,0,0,0,0,0,0,0,0,0,0,0,0,0,0,0,0,0,0,0,0,0,0,0,0,0,1569,0,0,0,0,0,0,0
1782469415.614,0,0,0,0,0,0,0,1610363008,6984753990144,2502178133504,0,0,0,0,0,0,0,0,0,0,0,0,0,0,0,0,0,0,0,0,0,0,0,0,0,0,0,0,0,0,0,0,0,0,0,0,0,0,0,0,0,0,0,0,0,0,0,0,0,0,0,0,0,0,0,0,0,0,7,1928170,428192114,126468755,0,0,0,0,0,0,0,0,0,0,0,0,0,0,0,0,0,0,0,0,0,0,0,0,0,0,0,0,0,0,0,0,0,0,0,0,0,12881920000,5135433728,786250,313442,125968776,84,0,98,786432,426325895,811172,11,7929296925,12884901888,1359647,1273246035,0,0,0,0,0,0,0,0,0,0,0,0,0,0,0,0,0,0,42808839,142706880,0,468,1202,7661,620,85618259,35,0,0,0,0,0,0,0,1,0,0,0,0,0,0,0,0,0,0,51903774,0,125966974,2168207,0,0,0,0,0,0,0,0,16384,0,0,0,0,0,0,0,0,0,0,0,7247,406,0,0,0,0,0,130139090,0,190,0,17,406,7247,0,0,0,0,0,0,0,0,0,0,0,0,0,0,0,0,0,0,0,0,0,0,0,0,0,0,0,0,0,0,0,0,0,0,0,0,0,0,0,0,0,0,0,0,0,0,0,0,0,0,0,0,0,0,645817031,0,0,0,912235738,0,0,0,0,0,0,0,183149828,426468573,774434349,359142310912,150163867,1,0,0,0,0,0,0,0,0,0,0,0,0,0,0,0,0,0,0,0,0,0,0,0,0,0,0,0,0,0,0,1622,0,0,0,0,0,0,0
1782469416.700,0,0,0,0,0,0,0,1610681268,6986594093568,2502775070208,0,0,0,0,0,0,0,0,0,0,0,0,0,0,0,0,0,0,0,0,0,0,0,0,0,0,0,0,0,0,0,0,0,0,0,0,0,0,0,0,0,0,0,0,0,0,0,0,0,0,0,0,0,0,0,0,0,0,7,1928194,428305322,126500158,0,0,0,0,0,0,0,0,0,0,0,0,0,0,0,0,0,0,0,0,0,0,0,0,0,0,0,0,0,0,0,0,0,0,0,0,0,12877496320,5142446080,785980,313870,125999352,352,0,100,786432,426438621,811172,11,7930904326,12884901888,1362303,1273457299,0,0,0,0,0,0,0,0,0,0,0,0,0,0,0,0,0,0,42818297,142716339,0,468,1202,7661,620,85637163,35,0,0,0,0,0,0,0,1,0,0,0,0,0,0,0,0,0,0,51914473,0,125997550,2168613,0,0,0,0,0,0,0,0,16384,0,0,0,0,0,0,0,0,0,0,0,7248,406,0,0,0,0,0,130167831,0,190,0,17,406,7248,0,0,0,0,0,0,0,0,0,0,0,0,0,0,0,0,0,0,0,0,0,0,0,0,0,0,0,0,0,0,0,0,0,0,0,0,0,0,0,0,0,0,0,0,0,0,0,0,0,0,0,0,0,0,645954638,0,0,0,912396791,0,0,0,0,0,0,0,183167549,426580838,774604231,359213848576,150175316,1,0,0,0,0,0,0,0,0,0,0,0,0,0,0,0,0,0,0,0,0,0,0,0,0,0,0,0,0,0,0,495,0,0,0,0,0,0,0
1782469417.790,0,0,0,0,0,0,0,1611002715,6988444420608,2503368768512,0,0,0,0,0,0,0,0,0,0,0,0,0,0,0,0,0,0,0,0,0,0,0,0,0,0,0,0,0,0,0,0,0,0,0,0,0,0,0,0,0,0,0,0,0,0,0,0,0,0,0,0,0,0,0,0,0,0,7,1928217,428419149,126531368,0,0,0,0,0,0,0,0,0,0,0,0,0,0,0,0,0,0,0,0,0,0,0,0,0,0,0,0,0,0,0,0,0,0,0,0,0,12879167488,5154570240,786082,314610,126029713,255,0,98,786432,426551961,811172,11,7932521401,12884901888,1364971,1273664739,0,0,0,0,0,0,0,0,0,0,0,0,0,0,0,0,0,0,42827830,142725872,0,468,1202,7661,620,85656233,35,0,0,0,0,0,0,0,1,0,0,0,0,0,0,0,0,0,0,51925250,0,126027911,2169025,0,0,0,0,0,0,0,0,16384,0,0,0,0,0,0,0,0,0,0,0,7249,406,0,0,0,0,0,130196821,0,190,0,17,406,7249,0,0,0,0,0,0,0,0,0,0,0,0,0,0,0,0,0,0,0,0,0,0,0,0,0,0,0,0,0,0,0,0,0,0,0,0,0,0,0,0,0,0,0,0,0,0,0,0,0,0,0,0,0,0,646091775,0,0,0,912557177,0,0,0,0,0,0,0,183185532,426693736,774773518,359285137920,150186905,1,0,0,0,0,0,0,0,0,0,0,0,0,0,0,0,0,0,0,0,0,0,0,0,0,0,0,0,0,0,0,1669,0,0,0,0,0,0,0
1782469418.879,0,0,0,0,0,0,0,1611326349,6990317275648,2503970744320,0,0,0,0,0,0,0,0,0,0,0,0,0,0,0,0,0,0,0,0,0,0,0,0,0,0,0,0,0,0,0,0,0,0,0,0,0,0,0,0,0,0,0,0,0,0,0,0,0,0,0,0,0,0,0,0,0,0,7,1928240,428534386,126563103,0,0,0,0,0,0,0,0,0,0,0,0,0,0,0,0,0,0,0,0,0,0,0,0,0,0,0,0,0,0,0,0,0,0,0,0,0,12879233024,5161566208,786086,315037,126060733,249,0,97,786432,426666679,811172,11,7934156188,12884901888,1366829,1273879833,0,0,0,0,0,0,0,0,0,0,0,0,0,0,0,0,0,0,42837435,142735474,0,468,1202,7661,620,85675444,35,0,0,0,0,0,0,0,1,0,0,0,0,0,0,0,0,0,0,51936124,0,126058931,2169444,0,0,0,0,0,0,0,0,16384,0,0,0,0,0,0,0,0,0,0,0,7250,406,0,0,0,0,0,130226039,0,190,0,17,406,7250,0,0,0,0,0,0,0,0,0,0,0,0,0,0,0,0,0,0,0,0,0,0,0,0,0,0,0,0,0,0,0,0,0,0,0,0,0,0,0,0,0,0,0,0,0,0,0,0,0,0,0,0,0,0,646229125,0,0,0,912720901,0,0,0,0,0,0,0,183203569,426808033,774943392,359356553728,150198391,1,1,0,0,0,0,0,0,0,0,0,0,0,0,0,0,0,0,0,0,0,0,0,0,0,0,0,0,0,0,0,465,0,0,0,0,0,0,0
1782469419.973,0,0,0,0,0,0,0,1611649359,6992184183296,2504571604992,0,0,0,0,0,0,0,0,0,0,0,0,0,0,0,0,0,0,0,0,0,0,0,0,0,0,0,0,0,0,0,0,0,0,0,0,0,0,0,0,0,0,0,0,0,0,0,0,0,0,0,0,0,0,0,0,0,0,7,1928271,428649329,126594782,0,0,0,0,0,0,0,0,0,0,0,0,0,0,0,0,0,0,0,0,0,0,0,0,0,0,0,0,0,0,0,0,0,0,0,0,0,12876955648,5170659328,785947,315592,126091212,389,0,96,786432,426781115,811172,11,7935782338,12884901888,1370065,1274088765,0,0,0,0,0,0,0,0,0,0,0,0,0,0,0,0,0,0,42847027,142745069,0,468,1202,7661,620,85694637,35,0,0,0,0,0,0,0,1,0,0,0,0,0,0,0,0,0,0,51946973,0,126089410,2169854,0,0,0,0,0,0,0,0,16384,0,0,0,0,0,0,0,0,0,0,0,7251,406,0,0,0,0,0,130255190,0,190,0,17,406,7251,0,0,0,0,0,0,0,0,0,0,0,0,0,0,0,0,0,0,0,0,0,0,0,0,0,0,0,0,0,0,0,0,0,0,0,0,0,0,0,0,0,0,0,0,0,0,0,0,0,0,0,0,0,0,646365607,0,0,0,912882406,0,0,0,0,0,0,0,183222366,426921925,775112728,359427601920,150209949,1,1,0,0,0,0,0,0,0,0,0,0,0,0,0,0,0,0,0,0,0,0,0,0,0,0,0,0,0,0,0,1399,0,0,0,0,0,0,0
1782469421.058,0,0,0,0,0,0,0,1611975631,6994070587904,2505174637056,0,0,0,0,0,0,0,0,0,0,0,0,0,0,0,0,0,0,0,0,0,0,0,0,0,0,0,0,0,0,0,0,0,0,0,0,0,0,0,0,0,0,0,0,0,0,0,0,0,0,0,0,0,0,0,0,0,0,7,1928299,428765335,126626522,0,0,0,0,0,0,0,0,0,0,0,0,0,0,0,0,0,0,0,0,0,0,0,0,0,0,0,0,0,0,0,0,0,0,0,0,0,12878577664,5182652416,786045,316324,126122306,289,0,97,786432,426896592,811172,11,7937426465,12884901888,1372128,1274302236,0,0,0,0,0,0,0,0,0,0,0,0,0,0,0,0,0,0,42856706,142754751,0,468,1202,7661,620,85713991,35,0,0,0,0,0,0,0,1,0,0,0,0,0,0,0,0,0,0,51957931,0,126120504,2170273,0,0,0,0,0,0,0,0,16384,0,0,0,0,0,0,0,0,0,0,0,7252,406,0,0,0,0,0,130284610,0,190,0,17,406,7252,0,0,0,0,0,0,0,0,0,0,0,0,0,0,0,0,0,0,0,0,0,0,0,0,0,0,0,0,0,0,0,0,0,0,0,0,0,0,0,0,0,0,0,0,0,0,0,0,0,0,0,0,0,0,646503728,0,0,0,913046190,0,0,0,0,0,0,0,183240297,427037018,775283336,359499442176,150221234,1,0,0,0,0,0,0,0,0,0,0,0,0,0,0,0,0,0,0,0,0,0,0,0,0,0,0,0,0,0,0,1537,0,0,0,0,0,0,0
1782469422.141,0,0,0,0,0,0,0,1612284037,6995848464896,2505749137408,0,0,0,0,0,0,0,0,0,0,0,0,0,0,0,0,0,0,0,0,0,0,0,0,0,0,0,0,0,0,0,0,0,0,0,0,0,0,0,0,0,0,0,0,0,0,0,0,0,0,0,0,0,0,0,0,0,0,7,1928322,428874687,126656761,0,0,0,0,0,0,0,0,0,0,0,0,0,0,0,0,0,0,0,0,0,0,0,0,0,0,0,0,0,0,0,0,0,0,0,0,0,12877824000,5190254592,785999,316788,126151674,334,0,99,786432,427005482,811172,11,7938977449,12884901888,1374756,1274503211,0,0,0,0,0,0,0,0,0,0,0,0,0,0,0,0,0,0,42865841,142763886,0,468,1202,7661,620,85732262,35,0,0,0,0,0,0,0,1,0,0,0,0,0,0,0,0,0,0,51968270,0,126149872,2170667,0,0,0,0,0,0,0,0,16384,0,0,0,0,0,0,0,0,0,0,0,7253,406,0,0,0,0,0,130312378,0,190,0,17,406,7253,0,0,0,0,0,0,0,0,0,0,0,0,0,0,0,0,0,0,0,0,0,0,0,0,0,0,0,0,0,0,0,0,0,0,0,0,0,0,0,0,0,0,0,0,0,0,0,0,0,0,0,0,0,0,646636304,0,0,0,913200611,0,0,0,0,0,0,0,183256552,427145417,775447047,359568564224,150231627,1,0,0,0,0,0,0,0,0,0,0,0,0,0,0,0,0,0,0,0,0,0,0,0,0,0,0,0,0,0,0,1879,0,0,0,0,0,0,0
1782469423.233,0,0,0,0,0,0,0,1612613371,6997751351808,2506359048192,0,0,0,0,0,0,0,0,0,0,0,0,0,0,0,0,0,0,0,0,0,0,0,0,0,0,0,0,0,0,0,0,0,0,0,0,0,0,0,0,0,0,0,0,0,0,0,0,0,0,0,0,0,0,0,0,0,0,7,1928346,428991791,126688877,0,0,0,0,0,0,0,0,0,0,0,0,0,0,0,0,0,0,0,0,0,0,0,0,0,0,0,0,0,0,0,0,0,0,0,0,0,12878479360,5204639744,786040,317666,126183132,275,0,117,786432,427122057,811172,11,7940641084,12884901888,1376944,1274722164,0,0,0,0,0,0,0,0,0,0,0,0,0,0,0,0,0,0,42875618,142773661,0,468,1202,7661,620,85751815,35,0,0,0,0,0,0,0,1,0,0,0,0,0,0,0,0,0,0,51979327,0,126181330,2171095,0,0,0,0,0,0,0,0,16384,0,0,0,0,0,0,0,0,0,0,0,7254,406,0,0,0,0,0,130342079,0,190,0,17,406,7254,0,0,0,0,0,0,0,0,0,0,0,0,0,0,0,0,0,0,0,0,0,0,0,0,0,0,0,0,0,0,0,0,0,0,0,0,0,0,0,0,0,0,0,0,0,0,0,0,0,0,0,0,0,0,646774864,0,0,0,913367463,0,0,0,0,0,0,0,183276317,427261535,775618521,359640741888,150244154,1,1,0,0,0,0,0,0,0,0,0,0,0,0,0,0,0,0,0,0,0,0,0,0,0,0,0,0,0,0,0,469,0,0,0,0,0,0,0
1782469424.324,0,0,0,0,0,0,0,1612945335,6999669344768,2506977060352,0,0,0,0,0,0,0,0,0,0,0,0,0,0,0,0,0,0,0,0,0,0,0,0,0,0,0,0,0,0,0,0,0,0,0,0,0,0,0,0,0,0,0,0,0,0,0,0,0,0,0,0,0,0,0,0,0,0,7,1928372,429109768,126721468,0,0,0,0,0,0,0,0,0,0,0,0,0,0,0,0,0,0,0,0,0,0,0,0,0,0,0,0,0,0,0,0,0,0,0,0,0,12878282752,5211881472,786028,318108,126214805,308,0,96,786432,427239497,811172,11,7942315885,12884901888,1379329,1274940388,0,0,0,0,0,0,0,0,0,0,0,0,0,0,0,0,0,0,42885482,142783523,0,468,1202,7661,620,85771535,35,0,0,0,0,0,0,0,1,0,0,0,0,0,0,0,0,0,0,51990499,0,126213003,2171528,0,0,0,0,0,0,0,0,16384,0,0,0,0,0,0,0,0,0,0,0,7255,406,0,0,0,0,0,130372065,0,190,0,17,406,7255,0,0,0,0,0,0,0,0,0,0,0,0,0,0,0,0,0,0,0,0,0,0,0,0,0,0,0,0,0,0,0,0,0,0,0,0,0,0,0,0,0,0,0,0,0,0,0,0,0,0,0,0,0,0,646914269,0,0,0,913534634,0,0,0,0,0,0,0,183296318,427378525,775791463,359713439232,150256723,1,0,0,0,0,0,0,0,0,0,0,0,0,0,0,0,0,0,0,0,0,0,0,0,0,0,0,0,0,0,0,245,0,0,0,0,0,0,0
1782469425.418,0,0,0,0,0,0,0,1613269880,7001538808320,2507592673792,0,0,0,0,0,0,0,0,0,0,0,0,0,0,0,0,0,0,0,0,0,0,0,0,0,0,0,0,0,0,0,0,0,0,0,0,0,0,0,0,0,0,0,0,0,0,0,0,0,0,0,0,0,0,0,0,0,0,7,1928402,429224773,126753984,0,0,0,0,0,0,0,0,0,0,0,0,0,0,0,0,0,0,0,0,0,0,0,0,0,0,0,0,0,0,0,0,0,0,0,0,0,12880953344,5205311488,786191,317707,126245273,118,0,121,786432,427354038,811172,11,7943950839,12884901888,1382742,1275151634,0,0,0,0,0,0,0,0,0,0,0,0,0,0,0,0,0,0,42895114,142793156,0,468,1202,7661,620,85790803,35,0,0,0,0,0,0,0,1,0,0,0,0,0,0,0,0,0,0,52001400,0,126244239,2171945,0,0,0,0,0,0,0,0,16384,0,0,0,0,0,0,0,0,0,0,0,7256,406,0,0,0,0,0,130401349,0,190,0,17,406,7256,0,0,0,0,0,0,0,0,0,0,0,0,0,0,0,0,0,0,0,0,0,0,0,0,0,0,0,0,0,0,0,0,0,0,0,0,0,0,0,0,0,0,0,0,0,0,0,0,0,0,0,0,0,0,647051484,0,0,0,913697325,0,0,0,0,0,0,0,183315988,427492567,775962552,359785058304,150268874,1,0,0,0,0,0,0,0,0,0,0,0,0,0,0,0,0,0,0,0,0,0,0,0,0,0,0,0,0,0,0,695,0,0,0,0,0,0,0
1782469426.508,0,0,0,0,0,0,0,1613585316,7003362970112,2508217461248,0,0,0,0,0,0,0,0,0,0,0,0,0,0,0,0,0,0,0,0,0,0,0,0,0,0,0,0,0,0,0,0,0,0,0,0,0,0,0,0,0,0,0,0,0,0,0,0,0,0,0,0,0,0,0,0,0,0,7,1928425,429336964,126787027,0,0,0,0,0,0,0,0,0,0,0,0,0,0,0,0,0,0,0,0,0,0,0,0,0,0,0,0,0,0,0,0,0,0,0,0,0,12882591744,5178261504,786290,316056,126275374,38,0,104,786432,427465767,811172,11,7945541592,12884901888,1385590,1275357710,0,0,0,0,0,0,0,0,0,0,0,0,0,0,0,0,0,0,42904482,142802524,0,468,1202,7661,620,85809545,35,0,0,0,0,0,0,0,1,0,0,0,0,0,0,0,0,0,0,52011996,0,126276388,2172366,0,0,0,0,0,0,0,0,16384,0,0,0,0,0,0,0,0,0,0,0,7258,406,0,0,0,0,0,130429803,0,190,0,17,406,7258,0,0,0,0,0,0,0,0,0,0,0,0,0,0,0,0,0,0,0,0,0,0,0,0,0,0,0,0,0,0,0,0,0,0,0,0,0,0,0,0,0,0,0,0,0,0,0,0,0,0,0,0,0,0,647185458,0,0,0,913855522,0,0,0,0,0,0,0,183334278,427603850,776130482,359854825472,150280348,1,1,0,0,0,0,0,0,0,0,0,0,0,0,0,0,0,0,0,0,0,0,0,0,0,0,0,0,0,0,0,933,0,0,0,0,0,0,0
1782469427.589,0,0,0,0,0,0,0,1613899814,7005170141696,2508828423168,0,0,0,0,0,0,0,0,0,0,0,0,0,0,0,0,0,0,0,0,0,0,0,0,0,0,0,0,0,0,0,0,0,0,0,0,0,0,0,0,0,0,0,0,0,0,0,0,0,0,0,0,0,0,0,0,0,0,7,1928456,429448196,126819775,0,0,0,0,0,0,0,0,0,0,0,0,0,0,0,0,0,0,0,0,0,0,0,0,0,0,0,0,0,0,0,0,0,0,0,0,0,12878774272,5159239680,786058,314896,126309853,274,0,100,786432,427576512,811172,11,7947122402,12884901888,1389043,1275560926,0,0,0,0,0,0,0,0,0,0,0,0,0,0,0,0,0,0,42913830,142811873,0,468,1202,7661,620,85828242,35,0,0,0,0,0,0,0,1,0,0,0,0,0,0,0,0,0,0,52022565,0,126308051,2172774,0,0,0,0,0,0,0,0,16384,0,0,0,0,0,0,0,0,0,0,0,7259,406,0,0,0,0,0,130458259,0,190,0,17,406,7259,0,0,0,0,0,0,0,0,0,0,0,0,0,0,0,0,0,0,0,0,0,0,0,0,0,0,0,0,0,0,0,0,0,0,0,0,0,0,0,0,0,0,0,0,0,0,0,0,0,0,0,0,0,0,647316726,0,0,0,914012374,0,0,0,0,0,0,0,183353756,427714106,776295761,359923274240,150292538,1,0,0,0,0,0,0,0,0,0,0,0,0,0,0,0,0,0,0,0,0,0,0,0,0,0,0,0,0,0,0,2160,0,0,0,0,0,0,0
1782469428.670,0,0,0,0,0,0,0,1614230209,7007075387904,2509436683776,0,0,0,0,0,0,0,0,0,0,0,0,0,0,0,0,0,0,0,0,0,0,0,0,0,0,0,0,0,0,0,0,0,0,0,0,0,0,0,0,0,0,0,0,0,0,0,0,0,0,0,0,0,0,0,0,0,0,7,1928479,429565425,126851781,0,0,0,0,0,0,0,0,0,0,0,0,0,0,0,0,0,0,0,0,0,0,0,0,0,0,0,0,0,0,0,0,0,0,0,0,0,12879413248,5174378496,786097,315818,126341084,239,0,97,786432,427693199,811172,11,7948792846,12884901888,1391402,1275781709,0,0,0,0,0,0,0,0,0,0,0,0,0,0,0,0,0,0,42923605,142821649,0,468,1202,7661,620,85847792,35,0,0,0,0,0,0,0,1,0,0,0,0,0,0,0,0,0,0,52033636,0,126339282,2173208,0,0,0,0,0,0,0,0,16384,0,0,0,0,0,0,0,0,0,0,0,7260,406,0,0,0,0,0,130487995,0,190,0,17,406,7260,0,0,0,0,0,0,0,0,0,0,0,0,0,0,0,0,0,0,0,0,0,0,0,0,0,0,0,0,0,0,0,0,0,0,0,0,0,0,0,0,0,0,0,0,0,0,0,0,0,0,0,0,0,0,647455429,0,0,0,914179935,0,0,0,0,0,0,0,183373102,427830362,776467275,359995640832,150304633,1,0,0,0,0,0,0,0,0,0,0,0,0,0,0,0,0,0,0,0,0,0,0,0,0,0,0,0,0,0,0,504,0,0,0,0,0,0,0
1782469429.756,0,0,0,0,0,0,0,1614555716,7008957204992,2510043251712,0,0,0,0,0,0,0,0,0,0,0,0,0,0,0,0,0,0,0,0,0,0,0,0,0,0,0,0,0,0,0,0,0,0,0,0,0,0,0,0,0,0,0,0,0,0,0,0,0,0,0,0,0,0,0,0,0,0,7,1928510,429681231,126883790,0,0,0,0,0,0,0,0,0,0,0,0,0,0,0,0,0,0,0,0,0,0,0,0,0,0,0,0,0,0,0,0,0,0,0,0,0,12877905920,5183045632,786005,316348,126372197,328,0,97,786432,427808472,811172,11,7950434013,12884901888,1394075,1275995090,0,0,0,0,0,0,0,0,0,0,0,0,0,0,0,0,0,0,42933273,142831316,0,468,1202,7661,620,85867127,35,0,0,0,0,0,0,0,1,0,0,0,0,0,0,0,0,0,0,52044583,0,126370395,2173637,0,0,0,0,0,0,0,0,16384,0,0,0,0,0,0,0,0,0,0,0,7261,406,0,0,0,0,0,130517364,0,190,0,17,406,7261,0,0,0,0,0,0,0,0,0,0,0,0,0,0,0,0,0,0,0,0,0,0,0,0,0,0,0,0,0,0,0,0,0,0,0,0,0,0,0,0,0,0,0,0,0,0,0,0,0,0,0,0,0,0,647591535,0,0,0,914343535,0,0,0,0,0,0,0,183393685,427945185,776636451,360066629120,150317569,1,0,0,0,0,0,0,0,0,0,0,0,0,0,0,0,0,0,0,0,0,0,0,0,0,0,0,0,0,0,0,482,0,0,0,0,0,0,0
1782469430.846,0,0,0,0,0,0,0,1614884199,7010853980672,2510655660544,0,0,0,0,0,0,0,0,0,0,0,0,0,0,0,0,0,0,0,0,0,0,0,0,0,0,0,0,0,0,0,0,0,0,0,0,0,0,0,0,0,0,0,0,0,0,0,0,0,0,0,0,0,0,0,0,0,0,7,1928533,429797889,126916079,0,0,0,0,0,0,0,0,0,0,0,0,0,0,0,0,0,0,0,0,0,0,0,0,0,0,0,0,0,0,0,0,0,0,0,0,0,12879593472,5189959680,786107,316770,126403724,227,0,97,786432,427924617,811172,11,7952086950,12884901888,1396302,1276207069,0,0,0,0,0,0,0,0,0,0,0,0,0,0,0,0,0,0,42943031,142841073,0,468,1202,7661,620,85886644,35,0,0,0,0,0,0,0,1,0,0,0,0,0,0,0,0,0,0,52055636,0,126401922,2174059,0,0,0,0,0,0,0,0,16384,0,0,0,0,0,0,0,0,0,0,0,7262,406,0,0,0,0,0,130547026,0,190,0,17,406,7262,0,0,0,0,0,0,0,0,0,0,0,0,0,0,0,0,0,0,0,0,0,0,0,0,0,0,0,0,0,0,0,0,0,0,0,0,0,0,0,0,0,0,0,0,0,0,0,0,0,0,0,0,0,0,647731271,0,0,0,914507486,0,0,0,0,0,0,0,183411613,428060814,776809161,360139343360,150328775,1,0,0,0,0,0,0,0,0,0,0,0,0,0,0,0,0,0,0,0,0,0,0,0,0,0,0,0,0,0,0,1788,0,0,0,0,0,0,0
1782469431.935,0,0,0,0,0,0,0,1615197970,7012662200832,2511240830976,0,0,0,0,0,0,0,0,0,0,0,0,0,0,0,0,0,0,0,0,0,0,0,0,0,0,0,0,0,0,0,0,0,0,0,0,0,0,0,0,0,0,0,0,0,0,0,0,0,0,0,0,0,0,0,0,0,0,7,1928553,429909064,126946838,0,0,0,0,0,0,0,0,0,0,0,0,0,0,0,0,0,0,0,0,0,0,0,0,0,0,0,0,0,0,0,0,0,0,0,0,0,12878692352,5196218368,786053,317152,126433513,282,0,97,786432,428035304,811172,11,7953665683,12884901888,1399791,1276410001,0,0,0,0,0,0,0,0,0,0,0,0,0,0,0,0,0,0,42952329,142850371,0,468,1202,7661,620,85905241,35,0,0,0,0,0,0,0,1,0,0,0,0,0,0,0,0,0,0,52066157,0,126431711,2174470,0,0,0,0,0,0,0,0,16384,0,0,0,0,0,0,0,0,0,0,0,7263,406,0,0,0,0,0,130575288,0,190,0,17,406,7263,0,0,0,0,0,0,0,0,0,0,0,0,0,0,0,0,0,0,0,0,0,0,0,0,0,0,0,0,0,0,0,0,0,0,0,0,0,0,0,0,0,0,0,0,0,0,0,0,0,0,0,0,0,0,647866682,0,0,0,914664166,0,0,0,0,0,0,0,183428822,428171052,776976422,360209620992,150339421,1,1,0,0,0,0,0,0,0,0,0,0,0,0,0,0,0,0,0,0,0,0,0,0,0,0,0,0,0,0,0,2569,0,0,0,0,0,0,0
1782469433.025,0,0,0,0,0,0,0,1615524237,7014551472640,2511845727744,0,0,0,0,0,0,0,0,0,0,0,0,0,0,0,0,0,0,0,0,0,0,0,0,0,0,0,0,0,0,0,0,0,0,0,0,0,0,0,0,0,0,0,0,0,0,0,0,0,0,0,0,0,0,0,0,0,0,7,1928578,430025335,126978783,0,0,0,0,0,0,0,0,0,0,0,0,0,0,0,0,0,0,0,0,0,0,0,0,0,0,0,0,0,0,0,0,0,0,0,0,0,12876333056,5204066304,785910,317631,126464748,429,0,96,786432,428151104,811172,11,7955311506,12884901888,1402052,1276625700,0,0,0,0,0,0,0,0,0,0,0,0,0,0,0,0,0,0,42962016,142860059,0,468,1202,7661,620,85924601,35,0,0,0,0,0,0,0,1,0,0,0,0,0,0,0,0,0,0,52077122,0,126462946,2174895,0,0,0,0,0,0,0,0,16384,0,0,0,0,0,0,0,0,0,0,0,7264,406,0,0,0,0,0,130604658,0,190,0,17,406,7264,0,0,0,0,0,0,0,0,0,0,0,0,0,0,0,0,0,0,0,0,0,0,0,0,0,0,0,0,0,0,0,0,0,0,0,0,0,0,0,0,0,0,0,0,0,0,0,0,0,0,0,0,0,0,648003364,0,0,0,914828804,0,0,0,0,0,0,0,183448226,428286380,777145903,360280792064,150351698,1,0,0,0,0,0,0,0,0,0,0,0,0,0,0,0,0,0,0,0,0,0,0,0,0,0,0,0,0,0,0,1683,0,0,0,0,0,0,0
1782469434.117,0,0,0,0,0,0,0,1615853135,7016450427392,2512456423424,0,0,0,0,0,0,0,0,0,0,0,0,0,0,0,0,0,0,0,0,0,0,0,0,0,0,0,0,0,0,0,0,0,0,0,0,0,0,0,0,0,0,0,0,0,0,0,0,0,0,0,0,0,0,0,0,0,0,7,1928599,430142213,127010972,0,0,0,0,0,0,0,0,0,0,0,0,0,0,0,0,0,0,0,0,0,0,0,0,0,0,0,0,0,0,0,0,0,0,0,0,0,12878856192,5214797824,786063,318286,126496184,272,0,96,786432,428267489,811172,11,7956973454,12884901888,1404391,1276844173,0,0,0,0,0,0,0,0,0,0,0,0,0,0,0,0,0,0,42971762,142869805,0,468,1202,7661,620,85944108,35,0,0,0,0,0,0,0,1,0,0,0,0,0,0,0,0,0,0,52088165,0,126494382,2175325,0,0,0,0,0,0,0,0,16384,0,0,0,0,0,0,0,0,0,0,0,7265,406,0,0,0,0,0,130634254,0,190,0,17,406,7265,0,0,0,0,0,0,0,0,0,0,0,0,0,0,0,0,0,0,0,0,0,0,0,0,0,0,0,0,0,0,0,0,0,0,0,0,0,0,0,0,0,0,0,0,0,0,0,0,0,0,0,0,0,0,648142753,0,0,0,914995384,0,0,0,0,0,0,0,183467595,428402269,777318271,360353341952,150363845,1,0,0,0,0,0,0,0,0,0,0,0,0,0,0,0,0,0,0,0,0,0,0,0,0,0,0,0,0,0,0,298,0,0,0,0,0,0,0
1782469435.203,0,0,0,0,0,0,0,1616181954,7018351446528,2513067077120,0,0,0,0,0,0,0,0,0,0,0,0,0,0,0,0,0,0,0,0,0,0,0,0,0,0,0,0,0,0,0,0,0,0,0,0,0,0,0,0,0,0,0,0,0,0,0,0,0,0,0,0,0,0,0,0,0,0,7,1928623,430259185,127043197,0,0,0,0,0,0,0,0,0,0,0,0,0,0,0,0,0,0,0,0,0,0,0,0,0,0,0,0,0,0,0,0,0,0,0,0,0,12878938112,5223448576,786068,318813,126527561,264,0,99,786432,428383900,811172,11,7958631270,12884901888,1406917,1277059540,0,0,0,0,0,0,0,0,0,0,0,0,0,0,0,0,0,0,42981527,142879572,0,468,1202,7661,620,85963637,35,0,0,0,0,0,0,0,1,0,0,0,0,0,0,0,0,0,0,52099215,0,126525759,2175761,0,0,0,0,0,0,0,0,16384,0,0,0,0,0,0,0,0,0,0,0,7266,406,0,0,0,0,0,130663948,0,190,0,17,406,7266,0,0,0,0,0,0,0,0,0,0,0,0,0,0,0,0,0,0,0,0,0,0,0,0,0,0,0,0,0,0,0,0,0,0,0,0,0,0,0,0,0,0,0,0,0,0,0,0,0,0,0,0,0,0,648281052,0,0,0,915160493,0,0,0,0,0,0,0,183487497,428518201,777489715,360425285120,150376344,1,0,0,0,0,0,0,0,0,0,0,0,0,0,0,0,0,0,0,0,0,0,0,0,0,0,0,0,0,0,0,489,0,0,0,0,0,0,0
1782469436.296,0,0,0,0,0,0,0,1616509823,7020251154944,2513678304768,0,0,0,0,0,0,0,0,0,0,0,0,0,0,0,0,0,0,0,0,0,0,0,0,0,0,0,0,0,0,0,0,0,0,0,0,0,0,0,0,0,0,0,0,0,0,0,0,0,0,0,0,0,0,0,0,0,0,7,1928651,430376069,127075439,0,0,0,0,0,0,0,0,0,0,0,0,0,0,0,0,0,0,0,0,0,0,0,0,0,0,0,0,0,0,0,0,0,0,0,0,0,12879052800,5227724800,786074,319075,126558792,258,0,100,786432,428500180,811172,11,7960284379,12884901888,1409824,1277274025,0,0,0,0,0,0,0,0,0,0,0,0,0,0,0,0,0,0,42991267,142889309,0,468,1202,7661,620,85983116,35,0,0,0,0,0,0,0,1,0,0,0,0,0,0,0,0,0,0,52110246,0,126557091,2176176,0,0,0,0,0,0,0,0,16384,0,0,0,0,0,0,0,0,0,0,0,7267,406,0,0,0,0,0,130693600,0,190,0,17,406,7267,0,0,0,0,0,0,0,0,0,0,0,0,0,0,0,0,0,0,0,0,0,0,0,0,0,0,0,0,0,0,0,0,0,0,0,0,0,0,0,0,0,0,0,0,0,0,0,0,0,0,0,0,0,0,648419391,0,0,0,915325076,0,0,0,0,0,0,0,183506911,428634068,777661277,360497139200,150388628,1,0,0,0,0,0,0,0,0,0,0,0,0,0,0,0,0,0,0,0,0,0,0,0,0,0,0,0,0,0,0,673,0,0,0,0,0,0,0
1782469437.385,0,0,0,0,0,0,0,1616835760,7022141114880,2514286875136,0,0,0,0,0,0,0,0,0,0,0,0,0,0,0,0,0,0,0,0,0,0,0,0,0,0,0,0,0,0,0,0,0,0,0,0,0,0,0,0,0,0,0,0,0,0,0,0,0,0,0,0,0,0,0,0,0,0,7,1928673,430492370,127107560,0,0,0,0,0,0,0,0,0,0,0,0,0,0,0,0,0,0,0,0,0,0,0,0,0,0,0,0,0,0,0,0,0,0,0,0,0,12879544320,5231296512,786105,319293,126590144,231,0,96,786432,428615947,811172,11,7961928658,12884901888,1412253,1277487839,0,0,0,0,0,0,0,0,0,0,0,0,0,0,0,0,0,0,43000953,142898995,0,468,1202,7661,620,86002480,35,0,0,0,0,0,0,0,1,0,0,0,0,0,0,0,0,0,0,52121214,0,126588342,2176602,0,0,0,0,0,0,0,0,16384,0,0,0,0,0,0,0,0,0,0,0,7268,406,0,0,0,0,0,130723030,0,190,0,17,406,7268,0,0,0,0,0,0,0,0,0,0,0,0,0,0,0,0,0,0,0,0,0,0,0,0,0,0,0,0,0,0,0,0,0,0,0,0,0,0,0,0,0,0,0,0,0,0,0,0,0,0,0,0,0,0,648556986,0,0,0,915488919,0,0,0,0,0,0,0,183526195,428749393,777831933,360568927744,150400638,1,0,0,0,0,0,0,0,0,0,0,0,0,0,0,0,0,0,0,0,0,0,0,0,0,0,0,0,0,0,0,623,0,0,0,0,0,0,0
1782469438.471,0,0,0,0,0,0,0,1617152361,7023973779968,2514914237952,0,0,0,0,0,0,0,0,0,0,0,0,0,0,0,0,0,0,0,0,0,0,0,0,0,0,0,0,0,0,0,0,0,0,0,0,0,0,0,0,0,0,0,0,0,0,0,0,0,0,0,0,0,0,0,0,0,0,7,1928701,430605079,127140926,0,0,0,0,0,0,0,0,0,0,0,0,0,0,0,0,0,0,0,0,0,0,0,0,0,0,0,0,0,0,0,0,0,0,0,0,0,12883181568,5199806464,786327,317371,126620259,6,0,96,786432,428728136,811172,11,7963523055,12884901888,1414887,1277693760,0,0,0,0,0,0,0,0,0,0,0,0,0,0,0,0,0,0,43010355,142908399,0,468,1202,7661,620,86021292,35,0,0,0,0,0,0,0,1,0,0,0,0,0,0,0,0,0,0,52131855,0,126620889,2177035,0,0,0,0,0,0,0,0,16384,0,0,0,0,0,0,0,0,0,0,0,7269,406,0,0,0,0,0,130751666,0,190,0,17,406,7269,0,0,0,0,0,0,0,0,0,0,0,0,0,0,0,0,0,0,0,0,0,0,0,0,0,0,0,0,0,0,0,0,0,0,0,0,0,0,0,0,0,0,0,0,0,0,0,0,0,0,0,0,0,0,648691254,0,0,0,915647338,0,0,0,0,0,0,0,183544935,428861188,778000491,360638998528,150412221,1,1,0,0,0,0,0,0,0,0,0,0,0,0,0,0,0,0,0,0,0,0,0,0,0,0,0,0,0,0,0,1281,0,0,0,0,0,0,0
1782469439.554,0,0,0,0,0,0,0,1617473549,7025830857216,2515536432128,0,0,0,0,0,0,0,0,0,0,0,0,0,0,0,0,0,0,0,0,0,0,0,0,0,0,0,0,0,0,0,0,0,0,0,0,0,0,0,0,0,0,0,0,0,0,0,0,0,0,0,0,0,0,0,0,0,0,7,1928731,430719313,127173627,0,0,0,0,0,0,0,0,0,0,0,0,0,0,0,0,0,0,0,0,0,0,0,0,0,0,0,0,0,0,0,0,0,0,0,0,0,12878790656,5187436544,786059,316616,126650614,277,0,96,786432,428841867,811172,11,7965143657,12884901888,1417392,1277905169,0,0,0,0,0,0,0,0,0,0,0,0,0,0,0,0,0,0,43019910,142917954,0,468,1202,7661,620,86040410,35,0,0,0,0,0,0,0,1,0,0,0,0,0,0,0,0,0,0,52142680,0,126652652,2177461,0,0,0,0,0,0,0,0,16384,0,0,0,0,0,0,0,0,0,0,0,7271,406,0,0,0,0,0,130780756,0,190,0,17,406,7271,0,0,0,0,0,0,0,0,0,0,0,0,0,0,0,0,0,0,0,0,0,0,0,0,0,0,0,0,0,0,0,0,0,0,0,0,0,0,0,0,0,0,0,0,0,0,0,0,0,0,0,0,0,0,648828090,0,0,0,915809063,0,0,0,0,0,0,0,183563910,428974502,778171015,360710210560,150424093,1,1,0,0,0,0,0,0,0,0,0,0,0,0,0,0,0,0,0,0,0,0,0,0,0,0,0,0,0,0,0,903,0,0,0,0,0,0,0
1782469440.632,0,0,0,0,0,0,0,1617783202,7027603016192,2516121059328,0,0,0,0,0,0,0,0,0,0,0,0,0,0,0,0,0,0,0,0,0,0,0,0,0,0,0,0,0,0,0,0,0,0,0,0,0,0,0,0,0,0,0,0,0,0,0,0,0,0,0,0,0,0,0,0,0,0,7,1928759,430828291,127204680,0,0,0,0,0,0,0,0,0,0,0,0,0,0,0,0,0,0,0,0,0,0,0,0,0,0,0,0,0,0,0,0,0,0,0,0,0,12882706432,5180850176,786298,316214,126684272,36,0,97,786432,428950347,811172,11,7966697323,12884901888,1420915,1278103793,0,0,0,0,0,0,0,0,0,0,0,0,0,0,0,0,0,0,43029053,142927094,0,468,1202,7661,620,86058691,35,0,0,0,0,0,0,0,1,0,0,0,0,0,0,0,0,0,0,52153021,0,126682382,2177863,0,0,0,0,0,0,0,0,16384,0,0,0,0,0,0,0,0,0,0,0,7272,406,0,0,0,0,0,130808541,0,190,0,17,406,7272,0,0,0,0,0,0,0,0,0,0,0,0,0,0,0,0,0,0,0,0,0,0,0,0,0,0,0,0,0,0,0,0,0,0,0,0,0,0,0,0,0,0,0,0,0,0,0,0,0,0,0,0,0,0,648960890,0,0,0,915962492,0,0,0,0,0,0,0,183581916,429082524,778336111,360779322368,150435507,1,1,0,0,0,0,0,0,0,0,0,0,0,0,0,0,0,0,0,0,0,0,0,0,0,0,0,0,0,0,0,2830,0,0,0,0,0,0,0
1782469441.710,0,0,0,0,0,0,0,1618112546,7029490780672,2516729973248,0,0,0,0,0,0,0,0,0,0,0,0,0,0,0,0,0,0,0,0,0,0,0,0,0,0,0,0,0,0,0,0,0,0,0,0,0,0,0,0,0,0,0,0,0,0,0,0,0,0,0,0,0,0,0,0,0,0,7,1928793,430944401,127236698,0,0,0,0,0,0,0,0,0,0,0,0,0,0,0,0,0,0,0,0,0,0,0,0,0,0,0,0,0,0,0,0,0,0,0,0,0,12875366400,5192220672,785850,316908,126715842,482,0,99,786432,429065948,811172,11,7968356485,12884901888,1422633,1278320941,0,0,0,0,0,0,0,0,0,0,0,0,0,0,0,0,0,0,43038790,142936830,0,468,1202,7661,620,86078160,35,0,0,0,0,0,0,0,1,0,0,0,0,0,0,0,0,0,0,52164032,0,126714040,2178291,0,0,0,0,0,0,0,0,16384,0,0,0,0,0,0,0,0,0,0,0,7273,406,0,0,0,0,0,130838141,0,190,0,17,406,7273,0,0,0,0,0,0,0,0,0,0,0,0,0,0,0,0,0,0,0,0,0,0,0,0,0,0,0,0,0,0,0,0,0,0,0,0,0,0,0,0,0,0,0,0,0,0,0,0,0,0,0,0,0,0,649102420,0,0,0,916127825,0,0,0,0,0,0,0,183599733,429197703,778510245,360852980736,150446723,1,0,0,0,0,0,0,0,0,0,0,0,0,0,0,0,0,0,0,0,0,0,0,0,0,0,0,0,0,0,0,2580,0,0,0,0,0,0,0
1782469442.801,0,0,0,0,0,0,0,1618441087,7031386819072,2517341676544,0,0,0,0,0,0,0,0,0,0,0,0,0,0,0,0,0,0,0,0,0,0,0,0,0,0,0,0,0,0,0,0,0,0,0,0,0,0,0,0,0,0,0,0,0,0,0,0,0,0,0,0,0,0,0,0,0,0,7,1928818,431060974,127268944,0,0,0,0,0,0,0,0,0,0,0,0,0,0,0,0,0,0,0,0,0,0,0,0,0,0,0,0,0,0,0,0,0,0,0,0,0,12877004800,5199446016,785951,317349,126747157,384,0,96,786432,429182009,811172,11,7970017848,12884901888,1425417,1278540944,0,0,0,0,0,0,0,0,0,0,0,0,0,0,0,0,0,0,43048538,142946575,0,468,1202,7661,620,86097662,35,0,0,0,0,0,0,0,1,0,0,0,0,0,0,0,0,0,0,52175075,0,126745355,2178723,0,0,0,0,0,0,0,0,16384,0,0,0,0,0,0,0,0,0,0,0,7274,406,0,0,0,0,0,130867760,0,190,0,17,406,7274,0,0,0,0,0,0,0,0,0,0,0,0,0,0,0,0,0,0,0,0,0,0,0,0,0,0,0,0,0,0,0,0,0,0,0,0,0,0,0,0,0,0,0,0,0,0,0,0,0,0,0,0,0,0,649240616,0,0,0,916294886,0,0,0,0,0,0,0,183619739,429313275,778681733,360924895744,150459184,1,0,0,0,0,0,0,0,0,0,0,0,0,0,0,0,0,0,0,0,0,0,0,0,0,0,0,0,0,0,0,561,0,0,0,0,0,0,0
1782469443.892,0,0,0,0,0,0,0,1618769986,7033286937088,2517954210304,0,0,0,0,0,0,0,0,0,0,0,0,0,0,0,0,0,0,0,0,0,0,0,0,0,0,0,0,0,0,0,0,0,0,0,0,0,0,0,0,0,0,0,0,0,0,0,0,0,0,0,0,0,0,0,0,0,0,7,1928856,431177861,127301254,0,0,0,0,0,0,0,0,0,0,0,0,0,0,0,0,0,0,0,0,0,0,0,0,0,0,0,0,0,0,0,0,0,0,0,0,0,12881297408,5205819392,786212,317737,126778802,122,0,99,786432,429298425,811172,11,7971676329,12884901888,1427464,1278755609,0,0,0,0,0,0,0,0,0,0,0,0,0,0,0,0,0,0,43058322,142956365,0,468,1202,7661,620,86117228,35,0,0,0,0,0,0,0,1,0,0,0,0,0,0,0,0,0,0,52186169,0,126777000,2179148,0,0,0,0,0,0,0,0,16384,0,0,0,0,0,0,0,0,0,0,0,7275,406,0,0,0,0,0,130897514,0,190,0,17,406,7275,0,0,0,0,0,0,0,0,0,0,0,0,0,0,0,0,0,0,0,0,0,0,0,0,0,0,0,0,0,0,0,0,0,0,0,0,0,0,0,0,0,0,0,0,0,0,0,0,0,0,0,0,0,0,649378606,0,0,0,916459824,0,0,0,0,0,0,0,183638896,429429160,778852752,360996908032,150471213,1,0,0,0,0,0,0,0,0,0,0,0,0,0,0,0,0,0,0,0,0,0,0,0,0,0,0,0,0,0,0,1006,0,0,0,0,0,0,0
1782469444.978,0,0,0,0,0,0,0,1619093796,7035150158336,2518558674432,0,0,0,0,0,0,0,0,0,0,0,0,0,0,0,0,0,0,0,0,0,0,0,0,0,0,0,0,0,0,0,0,0,0,0,0,0,0,0,0,0,0,0,0,0,0,0,0,0,0,0,0,0,0,0,0,0,0,7,1928884,431292510,127333121,0,0,0,0,0,0,0,0,0,0,0,0,0,0,0,0,0,0,0,0,0,0,0,0,0,0,0,0,0,0,0,0,0,0,0,0,0,12876234752,5212110848,785903,318122,126809344,433,0,97,786432,429412577,811172,11,7973309495,12884901888,1430941,1278968878,0,0,0,0,0,0,0,0,0,0,0,0,0,0,0,0,0,0,43067927,142965970,0,468,1202,7661,620,86136428,35,0,0,0,0,0,0,0,1,0,0,0,0,0,0,0,0,0,0,52197047,0,126807542,2179562,0,0,0,0,0,0,0,0,16384,0,0,0,0,0,0,0,0,0,0,0,7276,406,0,0,0,0,0,130926699,0,190,0,17,406,7276,0,0,0,0,0,0,0,0,0,0,0,0,0,0,0,0,0,0,0,0,0,0,0,0,0,0,0,0,0,0,0,0,0,0,0,0,0,0,0,0,0,0,0,0,0,0,0,0,0,0,0,0,0,0,649516112,0,0,0,916623006,0,0,0,0,0,0,0,183658651,429542835,779023493,361068421632,150483377,1,1,0,0,0,0,0,0,0,0,0,0,0,0,0,0,0,0,0,0,0,0,0,0,0,0,0,0,0,0,0,616,0,0,0,0,0,0,0
1782469446.065,0,0,0,0,0,0,0,1619420829,7037041330688,2519164521984,0,0,0,0,0,0,0,0,0,0,0,0,0,0,0,0,0,0,0,0,0,0,0,0,0,0,0,0,0,0,0,0,0,0,0,0,0,0,0,0,0,0,0,0,0,0,0,0,0,0,0,0,0,0,0,0,0,0,7,1928904,431408831,127365084,0,0,0,0,0,0,0,0,0,0,0,0,0,0,0,0,0,0,0,0,0,0,0,0,0,0,0,0,0,0,0,0,0,0,0,0,0,12877529088,5220401152,785982,318628,126840465,354,0,96,786432,429528412,811172,11,7974953491,12884901888,1433162,1279178926,0,0,0,0,0,0,0,0,0,0,0,0,0,0,0,0,0,0,43077621,142975666,0,468,1202,7661,620,86155820,35,0,0,0,0,0,0,0,1,0,0,0,0,0,0,0,0,0,0,52208034,0,126838663,2179980,0,0,0,0,0,0,0,0,16384,0,0,0,0,0,0,0,0,0,0,0,7277,406,0,0,0,0,0,130956149,0,190,0,17,406,7277,0,0,0,0,0,0,0,0,0,0,0,0,0,0,0,0,0,0,0,0,0,0,0,0,0,0,0,0,0,0,0,0,0,0,0,0,0,0,0,0,0,0,0,0,0,0,0,0,0,0,0,0,0,0,649652693,0,0,0,916785740,0,0,0,0,0,0,0,183678199,429658176,779192965,361139422720,150495706,1,1,0,0,0,0,0,0,0,0,0,0,0,0,0,0,0,0,0,0,0,0,0,0,0,0,0,0,0,0,0,2139,0,0,0,0,0,0,0
1782469447.148,0,0,0,0,0,0,0,1619749903,7038944430592,2519781544960,0,0,0,0,0,0,0,0,0,0,0,0,0,0,0,0,0,0,0,0,0,0,0,0,0,0,0,0,0,0,0,0,0,0,0,0,0,0,0,0,0,0,0,0,0,0,0,0,0,0,0,0,0,0,0,0,0,0,7,1928927,431525965,127397638,0,0,0,0,0,0,0,0,0,0,0,0,0,0,0,0,0,0,0,0,0,0,0,0,0,0,0,0,0,0,0,0,0,0,0,0,0,12877873152,5222940672,786004,318783,126872219,332,0,97,786432,429645063,811172,11,7976616373,12884901888,1435537,1279397621,0,0,0,0,0,0,0,0,0,0,0,0,0,0,0,0,0,0,43087398,142985439,0,468,1202,7661,620,86175368,35,0,0,0,0,0,0,0,1,0,0,0,0,0,0,0,0,0,0,52219092,0,126870417,2180415,0,0,0,0,0,0,0,0,16384,0,0,0,0,0,0,0,0,0,0,0,7278,406,0,0,0,0,0,130985825,0,190,0,17,406,7278,0,0,0,0,0,0,0,0,0,0,0,0,0,0,0,0,0,0,0,0,0,0,0,0,0,0,0,0,0,0,0,0,0,0,0,0,0,0,0,0,0,0,0,0,0,0,0,0,0,0,0,0,0,0,649792509,0,0,0,916952237,0,0,0,0,0,0,0,183697738,429774329,779366190,361212289536,150507897,1,1,0,0,0,0,0,0,0,0,0,0,0,0,0,0,0,0,0,0,0,0,0,0,0,0,0,0,0,0,0,987,0,0,0,0,0,0,0
1782469448.241,0,0,0,0,0,0,0,1620075371,7040822528512,2520384764928,0,0,0,0,0,0,0,0,0,0,0,0,0,0,0,0,0,0,0,0,0,0,0,0,0,0,0,0,0,0,0,0,0,0,0,0,0,0,0,0,0,0,0,0,0,0,0,0,0,0,0,0,0,0,0,0,0,0,7,1928950,431641540,127429457,0,0,0,0,0,0,0,0,0,0,0,0,0,0,0,0,0,0,0,0,0,0,0,0,0,0,0,0,0,0,0,0,0,0,0,0,0,12876726272,5230018560,785933,319215,126903121,401,0,96,786432,429760155,811172,11,7978255023,12884901888,1438342,1279608885,0,0,0,0,0,0,0,0,0,0,0,0,0,0,0,0,0,0,43097052,142995096,0,468,1202,7661,620,86194696,35,0,0,0,0,0,0,0,1,0,0,0,0,0,0,0,0,0,0,52230026,0,126901319,2180833,0,0,0,0,0,0,0,0,16384,0,0,0,0,0,0,0,0,0,0,0,7279,406,0,0,0,0,0,131015177,0,190,0,17,406,7279,0,0,0,0,0,0,0,0,0,0,0,0,0,0,0,0,0,0,0,0,0,0,0,0,0,0,0,0,0,0,0,0,0,0,0,0,0,0,0,0,0,0,0,0,0,0,0,0,0,0,0,0,0,0,649929177,0,0,0,917115270,0,0,0,0,0,0,0,183716881,429888894,779535587,361283296768,150519896,1,1,0,0,0,0,0,0,0,0,0,0,0,0,0,0,0,0,0,0,0,0,0,0,0,0,0,0,0,0,0,1636,0,0,0,0,0,0,0
1782469449.326,0,0,0,0,0,0,0,1620406729,7042736540160,2520998009344,0,0,0,0,0,0,0,0,0,0,0,0,0,0,0,0,0,0,0,0,0,0,0,0,0,0,0,0,0,0,0,0,0,0,0,0,0,0,0,0,0,0,0,0,0,0,0,0,0,0,0,0,0,0,0,0,0,0,7,1928978,431759306,127461757,0,0,0,0,0,0,0,0,0,0,0,0,0,0,0,0,0,0,0,0,0,0,0,0,0,0,0,0,0,0,0,0,0,0,0,0,0,12877463552,5239652352,785978,319803,126934803,357,0,97,786432,429877392,811172,11,7979929984,12884901888,1440270,1279829498,0,0,0,0,0,0,0,0,0,0,0,0,0,0,0,0,0,0,43106900,143004945,0,468,1202,7661,620,86214383,35,0,0,0,0,0,0,0,1,0,0,0,0,0,0,0,0,0,0,52241176,0,126933001,2181257,0,0,0,0,0,0,0,0,16384,0,0,0,0,0,0,0,0,0,0,0,7280,406,0,0,0,0,0,131045132,0,190,0,17,406,7280,0,0,0,0,0,0,0,0,0,0,0,0,0,0,0,0,0,0,0,0,0,0,0,0,0,0,0,0,0,0,0,0,0,0,0,0,0,0,0,0,0,0,0,0,0,0,0,0,0,0,0,0,0,0,650069105,0,0,0,917283086,0,0,0,0,0,0,0,183736478,430005589,779708581,361356192256,150532309,1,0,0,0,0,0,0,0,0,0,0,0,0,0,0,0,0,0,0,0,0,0,0,0,0,0,0,0,0,0,0,321,0,0,0,0,0,0,0
1782469450.417,0,0,0,0,0,0,0,1620714729,7044518857216,2521588075520,0,0,0,0,0,0,0,0,0,0,0,0,0,0,0,0,0,0,0,0,0,0,0,0,0,0,0,0,0,0,0,0,0,0,0,0,0,0,0,0,0,0,0,0,0,0,0,0,0,0,0,0,0,0,0,0,0,0,7,1928995,431868906,127492623,0,0,0,0,0,0,0,0,0,0,0,0,0,0,0,0,0,0,0,0,0,0,0,0,0,0,0,0,0,0,0,0,0,0,0,0,0,12881215488,5236310016,786207,319599,126964447,126,0,96,786432,429986551,811172,11,7981478022,12884901888,1442326,1280027081,0,0,0,0,0,0,0,0,0,0,0,0,0,0,0,0,0,0,43116055,143014095,0,468,1202,7661,620,86232701,35,0,0,0,0,0,0,0,1,0,0,0,0,0,0,0,0,0,0,52251543,0,126963157,2181657,0,0,0,0,0,0,0,0,16384,0,0,0,0,0,0,0,0,0,0,0,7281,406,0,0,0,0,0,131072989,0,190,0,17,406,7281,0,0,0,0,0,0,0,0,0,0,0,0,0,0,0,0,0,0,0,0,0,0,0,0,0,0,0,0,0,0,0,0,0,0,0,0,0,0,0,0,0,0,0,0,0,0,0,0,0,0,0,0,0,0,650203795,0,0,0,917436452,0,0,0,0,0,0,0,183752193,430114309,779874781,361425849344,150542554,1,0,0,0,0,0,0,0,0,0,0,0,0,0,0,0,0,0,0,0,0,0,0,0,0,0,0,0,0,0,0,1869,0,0,0,0,0,0,0
1782469451.501,0,0,0,0,0,0,0,1621028707,7046333958656,2522211150336,0,0,0,0,0,0,0,0,0,0,0,0,0,0,0,0,0,0,0,0,0,0,0,0,0,0,0,0,0,0,0,0,0,0,0,0,0,0,0,0,0,0,0,0,0,0,0,0,0,0,0,0,0,0,0,0,0,0,7,1929014,431980463,127526033,0,0,0,0,0,0,0,0,0,0,0,0,0,0,0,0,0,0,0,0,0,0,0,0,0,0,0,0,0,0,0,0,0,0,0,0,0,12883165184,5198888960,786326,317315,126994635,10,0,96,786432,430097621,811172,11,7983060604,12884901888,1444841,1280233078,0,0,0,0,0,0,0,0,0,0,0,0,0,0,0,0,0,0,43125359,143023405,0,468,1202,7661,620,86251308,35,0,0,0,0,0,0,0,1,0,0,0,0,0,0,0,0,0,0,52262085,0,126995905,2182076,0,0,0,0,0,0,0,0,16384,0,0,0,0,0,0,0,0,0,0,0,7282,406,0,0,0,0,0,131101311,0,190,0,17,406,7282,0,0,0,0,0,0,0,0,0,0,0,0,0,0,0,0,0,0,0,0,0,0,0,0,0,0,0,0,0,0,0,0,0,0,0,0,0,0,0,0,0,0,0,0,0,0,0,0,0,0,0,0,0,0,650337660,0,0,0,917594684,0,0,0,0,0,0,0,183771226,430224998,780042959,361495372288,150554816,1,0,0,0,0,0,0,0,0,0,0,0,0,0,0,0,0,0,0,0,0,0,0,0,0,0,0,0,0,0,0,1223,0,0,0,0,0,0,0
1782469452.581,0,0,0,0,0,0,0,1621350325,7048187152896,2522830388736,0,0,0,0,0,0,0,0,0,0,0,0,0,0,0,0,0,0,0,0,0,0,0,0,0,0,0,0,0,0,0,0,0,0,0,0,0,0,0,0,0,0,0,0,0,0,0,0,0,0,0,0,0,0,0,0,0,0,7,1929033,432094472,127558905,0,0,0,0,0,0,0,0,0,0,0,0,0,0,0,0,0,0,0,0,0,0,0,0,0,0,0,0,0,0,0,0,0,0,0,0,0,12875202560,5180522496,785840,316194,127029730,493,0,96,786432,430211120,811172,11,7984676499,12884901888,1447447,1280438507,0,0,0,0,0,0,0,0,0,0,0,0,0,0,0,0,0,0,43134907,143032950,0,468,1202,7661,620,86270388,35,0,0,0,0,0,0,0,1,0,0,0,0,0,0,0,0,0,0,52272894,0,127027928,2182502,0,0,0,0,0,0,0,0,16384,0,0,0,0,0,0,0,0,0,0,0,7284,406,0,0,0,0,0,131130362,0,190,0,17,406,7284,0,0,0,0,0,0,0,0,0,0,0,0,0,0,0,0,0,0,0,0,0,0,0,0,0,0,0,0,0,0,0,0,0,0,0,0,0,0,0,0,0,0,0,0,0,0,0,0,0,0,0,0,0,0,650472349,0,0,0,917754644,0,0,0,0,0,0,0,183790612,430338044,780211438,361565390848,150567127,1,1,0,0,0,0,0,0,0,0,0,0,0,0,0,0,0,0,0,0,0,0,0,0,0,0,0,0,0,0,0,3079,0,0,0,0,0,0,0
1782469453.665,0,0,0,0,0,0,0,1621672825,7050046228992,2523427975680,0,0,0,0,0,0,0,0,0,0,0,0,0,0,0,0,0,0,0,0,0,0,0,0,0,0,0,0,0,0,0,0,0,0,0,0,0,0,0,0,0,0,0,0,0,0,0,0,0,0,0,0,0,0,0,0,0,0,7,1929046,432208905,127590468,0,0,0,0,0,0,0,0,0,0,0,0,0,0,0,0,0,0,0,0,0,0,0,0,0,0,0,0,0,0,0,0,0,0,0,0,0,12878020608,5186240512,786013,316543,127060505,291,0,129,786432,430325064,811172,11,7986303190,12884901888,1449617,1280650279,0,0,0,0,0,0,0,0,0,0,0,0,0,0,0,0,0,0,43144479,143042523,0,468,1202,7661,620,86289551,35,0,0,0,0,0,0,0,1,0,0,0,0,0,0,0,0,0,0,52283720,0,127058703,2182920,0,0,0,0,0,0,0,0,16384,0,0,0,0,0,0,0,0,0,0,0,7285,406,0,0,0,0,0,131159485,0,190,0,17,406,7285,0,0,0,0,0,0,0,0,0,0,0,0,0,0,0,0,0,0,0,0,0,0,0,0,0,0,0,0,0,0,0,0,0,0,0,0,0,0,0,0,0,0,0,0,0,0,0,0,0,0,0,0,0,0,650607951,0,0,0,917917001,0,0,0,0,0,0,0,183809553,430451537,780379463,361635848192,150579158,1,1,0,0,0,0,0,0,0,0,0,0,0,0,0,0,0,0,0,0,0,0,0,0,0,0,0,0,0,0,0,2735,0,0,0,0,0,0,0
1782469454.754,0,0,0,0,0,0,0,1622007092,7051967973888,2524045659136,0,0,0,0,0,0,0,0,0,0,0,0,0,0,0,0,0,0,0,0,0,0,0,0,0,0,0,0,0,0,0,0,0,0,0,0,0,0,0,0,0,0,0,0,0,0,0,0,0,0,0,0,0,0,0,0,0,0,7,1929068,432327187,127622975,0,0,0,0,0,0,0,0,0,0,0,0,0,0,0,0,0,0,0,0,0,0,0,0,0,0,0,0,0,0,0,0,0,0,0,0,0,12877086720,5194219520,785955,317030,127092203,380,0,97,786432,430442832,811172,11,7987994056,12884901888,1451656,1280873264,0,0,0,0,0,0,0,0,0,0,0,0,0,0,0,0,0,0,43154410,143052452,0,468,1202,7661,620,86309406,35,0,0,0,0,0,0,0,1,0,0,0,0,0,0,0,0,0,0,52294966,0,127090401,2183350,0,0,0,0,0,0,0,0,16384,0,0,0,0,0,0,0,0,0,0,0,7286,406,0,0,0,0,0,131189658,0,190,0,17,406,7286,0,0,0,0,0,0,0,0,0,0,0,0,0,0,0,0,0,0,0,0,0,0,0,0,0,0,0,0,0,0,0,0,0,0,0,0,0,0,0,0,0,0,0,0,0,0,0,0,0,0,0,0,0,0,650748983,0,0,0,918087075,0,0,0,0,0,0,0,183828383,430568801,780553900,361709136896,150590782,0,0,0,0,0,0,0,0,0,0,0,0,0,0,0,0,0,0,0,0,0,0,0,0,0,0,0,0,0,0,0,781,0,0,0,0,0,0,0
1782469455.840,0,0,0,0,0,0,0,1622333268,7053852838400,2524652856832,0,0,0,0,0,0,0,0,0,0,0,0,0,0,0,0,0,0,0,0,0,0,0,0,0,0,0,0,0,0,0,0,0,0,0,0,0,0,0,0,0,0,0,0,0,0,0,0,0,0,0,0,0,0,0,0,0,0,7,1929094,432443120,127655006,0,0,0,0,0,0,0,0,0,0,0,0,0,0,0,0,0,0,0,0,0,0,0,0,0,0,0,0,0,0,0,0,0,0,0,0,0,12876775424,5202591744,785936,317541,127123086,397,0,100,786432,430558272,811172,11,7989637422,12884901888,1455215,1281085885,0,0,0,0,0,0,0,0,0,0,0,0,0,0,0,0,0,0,43164086,143062131,0,468,1202,7661,620,86328754,35,0,0,0,0,0,0,0,1,0,0,0,0,0,0,0,0,0,0,52305909,0,127121284,2183769,0,0,0,0,0,0,0,0,16384,0,0,0,0,0,0,0,0,0,0,0,7287,406,0,0,0,0,0,131219032,0,190,0,17,406,7287,0,0,0,0,0,0,0,0,0,0,0,0,0,0,0,0,0,0,0,0,0,0,0,0,0,0,0,0,0,0,0,0,0,0,0,0,0,0,0,0,0,0,0,0,0,0,0,0,0,0,0,0,0,0,650886184,0,0,0,918250387,0,0,0,0,0,0,0,183848077,430683812,780724315,361780498944,150602939,1,0,0,0,0,0,0,0,0,0,0,0,0,0,0,0,0,0,0,0,0,0,0,0,0,0,0,0,0,0,0,1282,0,0,0,0,0,0,0
1782469456.926,0,0,0,0,0,0,0,1622660924,7055746206208,2525259235328,0,0,0,0,0,0,0,0,0,0,0,0,0,0,0,0,0,0,0,0,0,0,0,0,0,0,0,0,0,0,0,0,0,0,0,0,0,0,0,0,0,0,0,0,0,0,0,0,0,0,0,0,0,0,0,0,0,0,7,1929123,432559653,127686925,0,0,0,0,0,0,0,0,0,0,0,0,0,0,0,0,0,0,0,0,0,0,0,0,0,0,0,0,0,0,0,0,0,0,0,0,0,12878577664,5216174080,786046,318370,127154278,289,0,96,786432,430674281,811172,11,7991289208,12884901888,1457393,1281300166,0,0,0,0,0,0,0,0,0,0,0,0,0,0,0,0,0,0,43173811,143071858,0,468,1202,7661,620,86348223,35,0,0,0,0,0,0,0,1,0,0,0,0,0,0,0,0,0,0,52316929,0,127152476,2184200,0,0,0,0,0,0,0,0,16384,0,0,0,0,0,0,0,0,0,0,0,7288,406,0,0,0,0,0,131248609,0,190,0,17,406,7288,0,0,0,0,0,0,0,0,0,0,0,0,0,0,0,0,0,0,0,0,0,0,0,0,0,0,0,0,0,0,0,0,0,0,0,0,0,0,0,0,0,0,0,0,0,0,0,0,0,0,0,0,0,0,651024547,0,0,0,918415035,0,0,0,0,0,0,0,183867230,430799368,780895406,361852508672,150614990,0,0,0,0,0,0,0,0,0,0,0,0,0,0,0,0,0,0,0,0,0,0,0,0,0,0,0,0,0,0,0,1319,0,0,0,0,0,0,0
1782469458.020,0,0,0,0,0,0,0,1622985154,7057621617152,2525866514432,0,0,0,0,0,0,0,0,0,0,0,0,0,0,0,0,0,0,0,0,0,0,0,0,0,0,0,0,0,0,0,0,0,0,0,0,0,0,0,0,0,0,0,0,0,0,0,0,0,0,0,0,0,0,0,0,0,0,7,1929153,432675073,127718954,0,0,0,0,0,0,0,0,0,0,0,0,0,0,0,0,0,0,0,0,0,0,0,0,0,0,0,0,0,0,0,0,0,0,0,0,0,12880969728,5219663872,786193,318583,127185075,143,0,98,786432,430789206,811172,11,7992924061,12884901888,1460388,1281512821,0,0,0,0,0,0,0,0,0,0,0,0,0,0,0,0,0,0,43183445,143081490,0,468,1202,7661,620,86367485,35,0,0,0,0,0,0,0,1,0,0,0,0,0,0,0,0,0,0,52327822,0,127183273,2184621,0,0,0,0,0,0,0,0,16384,0,0,0,0,0,0,0,0,0,0,0,7289,406,0,0,0,0,0,131277884,0,190,0,17,406,7289,0,0,0,0,0,0,0,0,0,0,0,0,0,0,0,0,0,0,0,0,0,0,0,0,0,0,0,0,0,0,0,0,0,0,0,0,0,0,0,0,0,0,0,0,0,0,0,0,0,0,0,0,0,0,651162188,0,0,0,918578256,0,0,0,0,0,0,0,183886754,430913771,781066240,361924142592,150627001,0,0,0,0,0,0,0,0,0,0,0,0,0,0,0,0,0,0,0,0,0,0,0,0,0,0,0,0,0,0,0,1116,0,0,0,0,0,0,0
1782469459.105,0,0,0,0,0,0,0,1623317606,7059544427008,2526489857024,0,0,0,0,0,0,0,0,0,0,0,0,0,0,0,0,0,0,0,0,0,0,0,0,0,0,0,0,0,0,0,0,0,0,0,0,0,0,0,0,0,0,0,0,0,0,0,0,0,0,0,0,0,0,0,0,0,0,7,1929185,432793409,127751866,0,0,0,0,0,0,0,0,0,0,0,0,0,0,0,0,0,0,0,0,0,0,0,0,0,0,0,0,0,0,0,0,0,0,0,0,0,12876791808,5219434496,785937,318569,127217303,397,0,96,786432,430907045,811172,11,7994599952,12884901888,1462459,1281729557,0,0,0,0,0,0,0,0,0,0,0,0,0,0,0,0,0,0,43193315,143091364,0,468,1202,7661,620,86387215,35,0,0,0,0,0,0,0,1,0,0,0,0,0,0,0,0,0,0,52338996,0,127215555,2185054,0,0,0,0,0,0,0,0,16384,0,0,0,0,0,0,0,0,0,0,0,7290,406,0,0,0,0,0,131307848,0,190,0,17,406,7290,0,0,0,0,0,0,0,0,0,0,0,0,0,0,0,0,0,0,0,0,0,0,0,0,0,0,0,0,0,0,0,0,0,0,0,0,0,0,0,0,0,0,0,0,0,0,0,0,0,0,0,0,0,0,651302717,0,0,0,918745027,0,0,0,0,0,0,0,183906636,431031051,781240519,361997334016,150639381,1,0,0,0,0,0,0,0,0,0,0,0,0,0,0,0,0,0,0,0,0,0,0,0,0,0,0,0,0,0,0,1504,0,0,0,0,0,0,0
1782469460.197,0,0,0,0,0,0,0,1623625590,7061320845824,2527067970560,0,0,0,0,0,0,0,0,0,0,0,0,0,0,0,0,0,0,0,0,0,0,0,0,0,0,0,0,0,0,0,0,0,0,0,0,0,0,0,0,0,0,0,0,0,0,0,0,0,0,0,0,0,0,0,0,0,0,7,1929207,432902714,127782245,0,0,0,0,0,0,0,0,0,0,0,0,0,0,0,0,0,0,0,0,0,0,0,0,0,0,0,0,0,0,0,0,0,0,0,0,0,12877987840,5222449152,786010,318753,127246314,305,0,117,786432,431015913,811172,11,7996152347,12884901888,1466516,1281931484,0,0,0,0,0,0,0,0,0,0,0,0,0,0,0,0,0,0,43202440,143100488,0,468,1202,7661,620,86405470,35,0,0,0,0,0,0,0,1,0,0,0,0,0,0,0,0,0,0,52349326,0,127244595,2185438,0,0,0,0,0,0,0,0,16384,0,0,0,0,0,0,0,0,0,0,0,7291,406,0,0,0,0,0,131335565,0,190,0,17,406,7291,0,0,0,0,0,0,0,0,0,0,0,0,0,0,0,0,0,0,0,0,0,0,0,0,0,0,0,0,0,0,0,0,0,0,0,0,0,0,0,0,0,0,0,0,0,0,0,0,0,0,0,0,0,0,651437257,0,0,0,918899959,0,0,0,0,0,0,0,183923502,431139418,781406852,362067082240,150650109,1,0,0,0,0,0,0,0,0,0,0,0,0,0,0,0,0,0,0,0,0,0,0,0,0,0,0,0,0,0,0,1109,0,0,0,0,0,0,0
1782469461.284,0,0,0,0,0,0,0,1623948781,7063184148992,2527667257856,0,0,0,0,0,0,0,0,0,0,0,0,0,0,0,0,0,0,0,0,0,0,0,0,0,0,0,0,0,0,0,0,0,0,0,0,0,0,0,0,0,0,0,0,0,0,0,0,0,0,0,0,0,0,0,0,0,0,7,1929238,433017336,127813822,0,0,0,0,0,0,0,0,0,0,0,0,0,0,0,0,0,0,0,0,0,0,0,0,0,0,0,0,0,0,0,0,0,0,0,0,0,12878266368,5230542848,786027,319247,127277145,309,0,97,786432,431130032,811172,11,7997777742,12884901888,1468946,1282139375,0,0,0,0,0,0,0,0,0,0,0,0,0,0,0,0,0,0,43212040,143110088,0,468,1202,7661,620,86424670,35,0,0,0,0,0,0,0,1,0,0,0,0,0,0,0,0,0,0,52360187,0,127275343,2185854,0,0,0,0,0,0,0,0,16384,0,0,0,0,0,0,0,0,0,0,0,7292,406,0,0,0,0,0,131364747,0,190,0,17,406,7292,0,0,0,0,0,0,0,0,0,0,0,0,0,0,0,0,0,0,0,0,0,0,0,0,0,0,0,0,0,0,0,0,0,0,0,0,0,0,0,0,0,0,0,0,0,0,0,0,0,0,0,0,0,0,651573470,0,0,0,919060949,0,0,0,0,0,0,0,183942655,431253104,781575559,362138114560,150662135,1,0,0,0,0,0,0,0,0,0,0,0,0,0,0,0,0,0,0,0,0,0,0,0,0,0,0,0,0,0,0,2672,0,0,0,0,0,0,0
1782469462.373,0,0,0,0,0,0,0,1624280739,7065100585472,2528282739200,0,0,0,0,0,0,0,0,0,0,0,0,0,0,0,0,0,0,0,0,0,0,0,0,0,0,0,0,0,0,0,0,0,0,0,0,0,0,0,0,0,0,0,0,0,0,0,0,0,0,0,0,0,0,0,0,0,0,7,1929261,433135241,127846265,0,0,0,0,0,0,0,0,0,0,0,0,0,0,0,0,0,0,0,0,0,0,0,0,0,0,0,0,0,0,0,0,0,0,0,0,0,12876939264,5238587392,785946,319738,127308574,390,0,96,786432,431247375,811172,11,7999451929,12884901888,1471721,1282358374,0,0,0,0,0,0,0,0,0,0,0,0,0,0,0,0,0,0,43221887,143119933,0,468,1202,7661,620,86444372,35,0,0,0,0,0,0,0,1,0,0,0,0,0,0,0,0,0,0,52371321,0,127306772,2186279,0,0,0,0,0,0,0,0,16384,0,0,0,0,0,0,0,0,0,0,0,7293,406,0,0,0,0,0,131394660,0,190,0,17,406,7293,0,0,0,0,0,0,0,0,0,0,0,0,0,0,0,0,0,0,0,0,0,0,0,0,0,0,0,0,0,0,0,0,0,0,0,0,0,0,0,0,0,0,0,0,0,0,0,0,0,0,0,0,0,0,651713054,0,0,0,919228201,0,0,0,0,0,0,0,183961862,431370012,781748592,362210761216,150674061,1,0,0,0,0,0,0,0,0,0,0,0,0,0,0,0,0,0,0,0,0,0,0,0,0,0,0,0,0,0,0,2074,0,0,0,0,0,0,0
1782469463.462,0,0,0,0,0,0,0,1624592249,7066900220416,2528899046400,0,0,0,0,0,0,0,0,0,0,0,0,0,0,0,0,0,0,0,0,0,0,0,0,0,0,0,0,0,0,0,0,0,0,0,0,0,0,0,0,0,0,0,0,0,0,0,0,0,0,0,0,0,0,0,0,0,0,7,1929283,433245952,127878820,0,0,0,0,0,0,0,0,0,0,0,0,0,0,0,0,0,0,0,0,0,0,0,0,0,0,0,0,0,0,0,0,0,0,0,0,0,12881559552,5210472448,786228,318021,127338280,108,0,96,786432,431357620,811172,11,8001025271,12884901888,1474838,1282565029,0,0,0,0,0,0,0,0,0,0,0,0,0,0,0,0,0,0,43231152,143129197,0,468,1202,7661,620,86462893,35,0,0,0,0,0,0,0,1,0,0,0,0,0,0,0,0,0,0,52381804,0,127338270,2186693,0,0,0,0,0,0,0,0,16384,0,0,0,0,0,0,0,0,0,0,0,7294,406,0,0,0,0,0,131422851,0,190,0,17,406,7294,0,0,0,0,0,0,0,0,0,0,0,0,0,0,0,0,0,0,0,0,0,0,0,0,0,0,0,0,0,0,0,0,0,0,0,0,0,0,0,0,0,0,0,0,0,0,0,0,0,0,0,0,0,0,651845260,0,0,0,919385696,0,0,0,0,0,0,0,183981083,431479878,781914436,362279610880,150686221,1,0,0,0,0,0,0,0,0,0,0,0,0,0,0,0,0,0,0,0,0,0,0,0,0,0,0,0,0,0,0,1121,0,0,0,0,0,0,0
1782469464.545,0,0,0,0,0,0,0,1624921350,7068791720448,2529541190656,0,0,0,0,0,0,0,0,0,0,0,0,0,0,0,0,0,0,0,0,0,0,0,0,0,0,0,0,0,0,0,0,0,0,0,0,0,0,0,0,0,0,0,0,0,0,0,0,0,0,0,0,0,0,0,0,0,0,7,1929309,433362305,127912896,0,0,0,0,0,0,0,0,0,0,0,0,0,0,0,0,0,0,0,0,0,0,0,0,0,0,0,0,0,0,0,0,0,0,0,0,0,12882640896,5185617920,786294,316505,127369586,42,0,96,786432,431473439,811172,11,8002682306,12884901888,1476672,1282778789,0,0,0,0,0,0,0,0,0,0,0,0,0,0,0,0,0,0,43240905,143138951,0,468,1202,7661,620,86482403,35,0,0,0,0,0,0,0,1,0,0,0,0,0,0,0,0,0,0,52392859,0,127371624,2187133,0,0,0,0,0,0,0,0,16384,0,0,0,0,0,0,0,0,0,0,0,7296,406,0,0,0,0,0,131452495,0,190,0,17,406,7296,0,0,0,0,0,0,0,0,0,0,0,0,0,0,0,0,0,0,0,0,0,0,0,0,0,0,0,0,0,0,0,0,0,0,0,0,0,0,0,0,0,0,0,0,0,0,0,0,0,0,0,0,0,0,651983555,0,0,0,919550331,0,0,0,0,0,0,0,183999315,431595263,782087560,362351609856,150697335,1,0,0,0,0,0,0,0,0,0,0,0,0,0,0,0,0,0,0,0,0,0,0,0,0,0,0,0,0,0,0,1743,0,0,0,0,0,0,0
1782469465.627,0,0,0,0,0,0,0,1625252576,7070695361024,2530157135872,0,0,0,0,0,0,0,0,0,0,0,0,0,0,0,0,0,0,0,0,0,0,0,0,0,0,0,0,0,0,0,0,0,0,0,0,0,0,0,0,0,0,0,0,0,0,0,0,0,0,0,0,0,0,0,0,0,0,7,1929337,433479471,127945655,0,0,0,0,0,0,0,0,0,0,0,0,0,0,0,0,0,0,0,0,0,0,0,0,0,0,0,0,0,0,0,0,0,0,0,0,0,12879642624,5187502080,786111,316620,127405418,222,0,96,786432,431590078,811172,11,8004352624,12884901888,1479609,1282996270,0,0,0,0,0,0,0,0,0,0,0,0,0,0,0,0,0,0,43250727,143148773,0,468,1202,7661,620,86502042,35,0,0,0,0,0,0,0,1,0,0,0,0,0,0,0,0,0,0,52403986,0,127403616,2187562,0,0,0,0,0,0,0,0,16384,0,0,0,0,0,0,0,0,0,0,0,7297,406,0,0,0,0,0,131482346,0,190,0,17,406,7297,0,0,0,0,0,0,0,0,0,0,0,0,0,0,0,0,0,0,0,0,0,0,0,0,0,0,0,0,0,0,0,0,0,0,0,0,0,0,0,0,0,0,0,0,0,0,0,0,0,0,0,0,0,0,652122583,0,0,0,919716696,0,0,0,0,0,0,0,184018709,431711459,782260219,362424107520,150709206,1,0,0,0,0,0,0,0,0,0,0,0,0,0,0,0,0,0,0,0,0,0,0,0,0,0,0,0,0,0,0,1739,0,0,0,0,0,0,0
1782469466.711,0,0,0,0,0,0,0,1625585206,7072614976000,2530775640576,0,0,0,0,0,0,0,0,0,0,0,0,0,0,0,0,0,0,0,0,0,0,0,0,0,0,0,0,0,0,0,0,0,0,0,0,0,0,0,0,0,0,0,0,0,0,0,0,0,0,0,0,0,0,0,0,0,0,7,1929352,433597516,127978242,0,0,0,0,0,0,0,0,0,0,0,0,0,0,0,0,0,0,0,0,0,0,0,0,0,0,0,0,0,0,0,0,0,0,0,0,0,12878102528,5195956224,786017,317136,127437438,318,0,96,786432,431707572,811172,11,8006032885,12884901888,1481113,1283216882,0,0,0,0,0,0,0,0,0,0,0,0,0,0,0,0,0,0,43260610,143158658,0,468,1202,7661,620,86521807,35,0,0,0,0,0,0,0,1,0,0,0,0,0,0,0,0,0,0,52415189,0,127435636,2188001,0,0,0,0,0,0,0,0,16384,0,0,0,0,0,0,0,0,0,0,0,7298,406,0,0,0,0,0,131512357,0,190,0,17,406,7298,0,0,0,0,0,0,0,0,0,0,0,0,0,0,0,0,0,0,0,0,0,0,0,0,0,0,0,0,0,0,0,0,0,0,0,0,0,0,0,0,0,0,0,0,0,0,0,0,0,0,0,0,0,0,652262911,0,0,0,919885062,0,0,0,0,0,0,0,184037178,431828499,782433739,362497092608,150720702,1,0,0,0,0,0,0,0,0,0,0,0,0,0,0,0,0,0,0,0,0,0,0,0,0,0,0,0,0,0,0,626,0,0,0,0,0,0,0
1782469467.803,0,0,0,0,0,0,0,1625913530,7074511620608,2531386104832,0,0,0,0,0,0,0,0,0,0,0,0,0,0,0,0,0,0,0,0,0,0,0,0,0,0,0,0,0,0,0,0,0,0,0,0,0,0,0,0,0,0,0,0,0,0,0,0,0,0,0,0,0,0,0,0,0,0,7,1929374,433714168,128010485,0,0,0,0,0,0,0,0,0,0,0,0,0,0,0,0,0,0,0,0,0,0,0,0,0,0,0,0,0,0,0,0,0,0,0,0,0,12877987840,5201756160,786012,317490,127468999,324,0,96,786432,431823700,811172,11,8007686941,12884901888,1483158,1283430380,0,0,0,0,0,0,0,0,0,0,0,0,0,0,0,0,0,0,43270352,143168400,0,468,1202,7661,620,86541296,35,0,0,0,0,0,0,0,1,0,0,0,0,0,0,0,0,0,0,52426229,0,127467197,2188431,0,0,0,0,0,0,0,0,16384,0,0,0,0,0,0,0,0,0,0,0,7299,406,0,0,0,0,0,131541993,0,190,0,17,406,7299,0,0,0,0,0,0,0,0,0,0,0,0,0,0,0,0,0,0,0,0,0,0,0,0,0,0,0,0,0,0,0,0,0,0,0,0,0,0,0,0,0,0,0,0,0,0,0,0,0,0,0,0,0,0,652400100,0,0,0,920049549,0,0,0,0,0,0,0,184056563,431944154,782603938,362568432128,150732847,1,1,0,0,0,0,0,0,0,0,0,0,0,0,0,0,0,0,0,0,0,0,0,0,0,0,0,0,0,0,0,1108,0,0,0,0,0,0,0
1782469468.889,0,0,0,0,0,0,0,1626249388,7076453337600,2532012412928,0,0,0,0,0,0,0,0,0,0,0,0,0,0,0,0,0,0,0,0,0,0,0,0,0,0,0,0,0,0,0,0,0,0,0,0,0,0,0,0,0,0,0,0,0,0,0,0,0,0,0,0,0,0,0,0,0,0,7,1929398,433833669,128043527,0,0,0,0,0,0,0,0,0,0,0,0,0,0,0,0,0,0,0,0,0,0,0,0,0,0,0,0,0,0,0,0,0,0,0,0,0,12877430784,5209145344,785976,317941,127501361,358,0,97,786432,431942694,811172,11,8009383020,12884901888,1485120,1283651798,0,0,0,0,0,0,0,0,0,0,0,0,0,0,0,0,0,0,43280345,143178394,0,468,1202,7661,620,86561290,35,0,0,0,0,0,0,0,1,0,0,0,0,0,0,0,0,0,0,52437554,0,127499559,2188875,0,0,0,0,0,0,0,0,16384,0,0,0,0,0,0,0,0,0,0,0,7300,406,0,0,0,0,0,131572404,0,190,0,17,406,7300,0,0,0,0,0,0,0,0,0,0,0,0,0,0,0,0,0,0,0,0,0,0,0,0,0,0,0,0,0,0,0,0,0,0,0,0,0,0,0,0,0,0,0,0,0,0,0,0,0,0,0,0,0,0,652540716,0,0,0,920219335,0,0,0,0,0,0,0,184076256,432062636,782778413,362641786880,150745079,1,0,0,0,0,0,0,0,0,0,0,0,0,0,0,0,0,0,0,0,0,0,0,0,0,0,0,0,0,0,0,296,0,0,0,0,0,0,0
1782469469.980,0,0,0,0,0,0,0,1626556826,7078227200512,2532587176448,0,0,0,0,0,0,0,0,0,0,0,0,0,0,0,0,0,0,0,0,0,0,0,0,0,0,0,0,0,0,0,0,0,0,0,0,0,0,0,0,0,0,0,0,0,0,0,0,0,0,0,0,0,0,0,0,0,0,7,1929421,433942764,128073712,0,0,0,0,0,0,0,0,0,0,0,0,0,0,0,0,0,0,0,0,0,0,0,0,0,0,0,0,0,0,0,0,0,0,0,0,0,12878675968,5213847552,786054,318227,127530666,284,0,97,786432,432051297,811172,11,8010926183,12884901888,1488181,1283848613,0,0,0,0,0,0,0,0,0,0,0,0,0,0,0,0,0,0,43289442,143187491,0,468,1202,7661,620,86579476,35,0,0,0,0,0,0,0,1,0,0,0,0,0,0,0,0,0,0,52447851,0,127528864,2189261,0,0,0,0,0,0,0,0,16384,0,0,0,0,0,0,0,0,0,0,0,7301,406,0,0,0,0,0,131600013,0,190,0,17,406,7301,0,0,0,0,0,0,0,0,0,0,0,0,0,0,0,0,0,0,0,0,0,0,0,0,0,0,0,0,0,0,0,0,0,0,0,0,0,0,0,0,0,0,0,0,0,0,0,0,0,0,0,0,0,0,652675091,0,0,0,920371700,0,0,0,0,0,0,0,184091715,432170857,782943877,362711402496,150754992,1,1,0,0,0,0,0,0,0,0,0,0,0,0,0,0,0,0,0,0,0,0,0,0,0,0,0,0,0,0,0,2121,0,0,0,0,0,0,0
1782469471.069,0,0,0,0,0,0,0,1626886461,7080131840512,2533198399488,0,0,0,0,0,0,0,0,0,0,0,0,0,0,0,0,0,0,0,0,0,0,0,0,0,0,0,0,0,0,0,0,0,0,0,0,0,0,0,0,0,0,0,0,0,0,0,0,0,0,0,0,0,0,0,0,0,0,7,1929446,434059926,128105908,0,0,0,0,0,0,0,0,0,0,0,0,0,0,0,0,0,0,0,0,0,0,0,0,0,0,0,0,0,0,0,0,0,0,0,0,0,12878102528,5222776832,786017,318773,127562298,291,0,124,786432,432167927,811172,11,8012591825,12884901888,1490071,1284068994,0,0,0,0,0,0,0,0,0,0,0,0,0,0,0,0,0,0,43299231,143197279,0,468,1202,7661,620,86599055,35,0,0,0,0,0,0,0,1,0,0,0,0,0,0,0,0,0,0,52458937,0,127560496,2189690,0,0,0,0,0,0,0,0,16384,0,0,0,0,0,0,0,0,0,0,0,7302,406,0,0,0,0,0,131629757,0,190,0,17,406,7302,0,0,0,0,0,0,0,0,0,0,0,0,0,0,0,0,0,0,0,0,0,0,0,0,0,0,0,0,0,0,0,0,0,0,0,0,0,0,0,0,0,0,0,0,0,0,0,0,0,0,0,0,0,0,652813919,0,0,0,920539088,0,0,0,0,0,0,0,184110870,432286987,783115603,362783785984,150767019,1,1,0,0,0,0,0,0,0,0,0,0,0,0,0,0,0,0,0,0,0,0,0,0,0,0,0,0,0,0,0,303,0,0,0,0,0,0,0
1782469472.153,0,0,0,0,0,0,0,1627215332,7082027665920,2533809715200,0,0,0,0,0,0,0,0,0,0,0,0,0,0,0,0,0,0,0,0,0,0,0,0,0,0,0,0,0,0,0,0,0,0,0,0,0,0,0,0,0,0,0,0,0,0,0,0,0,0,0,0,0,0,0,0,0,0,7,1929473,434176458,128138133,0,0,0,0,0,0,0,0,0,0,0,0,0,0,0,0,0,0,0,0,0,0,0,0,0,0,0,0,0,0,0,0,0,0,0,0,0,12878102528,5231706112,786017,319318,127593523,318,0,96,786432,432283944,811172,11,8014249581,12884901888,1492813,1284284012,0,0,0,0,0,0,0,0,0,0,0,0,0,0,0,0,0,0,43308992,143207042,0,468,1202,7661,620,86618574,35,0,0,0,0,0,0,0,1,0,0,0,0,0,0,0,0,0,0,52469994,0,127591721,2190106,0,0,0,0,0,0,0,0,16384,0,0,0,0,0,0,0,0,0,0,0,7303,406,0,0,0,0,0,131659410,0,190,0,17,406,7303,0,0,0,0,0,0,0,0,0,0,0,0,0,0,0,0,0,0,0,0,0,0,0,0,0,0,0,0,0,0,0,0,0,0,0,0,0,0,0,0,0,0,0,0,0,0,0,0,0,0,0,0,0,0,652952766,0,0,0,920704250,0,0,0,0,0,0,0,184129735,432402603,783287724,362856045568,150778681,1,0,0,0,0,0,0,0,0,0,0,0,0,0,0,0,0,0,0,0,0,0,0,0,0,0,0,0,0,0,0,375,0,0,0,0,0,0,0
1782469473.246,0,0,0,0,0,0,0,1627541932,7083910908416,2534415975424,0,0,0,0,0,0,0,0,0,0,0,0,0,0,0,0,0,0,0,0,0,0,0,0,0,0,0,0,0,0,0,0,0,0,0,0,0,0,0,0,0,0,0,0,0,0,0,0,0,0,0,0,0,0,0,0,0,0,7,1929496,434292400,128170136,0,0,0,0,0,0,0,0,0,0,0,0,0,0,0,0,0,0,0,0,0,0,0,0,0,0,0,0,0,0,0,0,0,0,0,0,0,12877676544,5239095296,785991,319769,127624508,345,0,96,786432,432399388,811172,11,8015891937,12884901888,1495557,1284495425,0,0,0,0,0,0,0,0,0,0,0,0,0,0,0,0,0,0,43318685,143216732,0,468,1202,7661,620,86637966,35,0,0,0,0,0,0,0,1,0,0,0,0,0,0,0,0,0,0,52480951,0,127622706,2190519,0,0,0,0,0,0,0,0,16384,0,0,0,0,0,0,0,0,0,0,0,7304,406,0,0,0,0,0,131688865,0,190,0,17,406,7304,0,0,0,0,0,0,0,0,0,0,0,0,0,0,0,0,0,0,0,0,0,0,0,0,0,0,0,0,0,0,0,0,0,0,0,0,0,0,0,0,0,0,0,0,0,0,0,0,0,0,0,0,0,0,653088667,0,0,0,920867129,0,0,0,0,0,0,0,184149440,432517539,783456756,362926699008,150791203,1,1,0,0,0,0,0,0,0,0,0,0,0,0,0,0,0,0,0,0,0,0,0,0,0,0,0,0,0,0,0,1522,0,0,0,0,0,0,0
1782469474.334,0,0,0,0,0,0,0,1627867003,7085796641280,2535024693248,0,0,0,0,0,0,0,0,0,0,0,0,0,0,0,0,0,0,0,0,0,0,0,0,0,0,0,0,0,0,0,0,0,0,0,0,0,0,0,0,0,0,0,0,0,0,0,0,0,0,0,0,0,0,0,0,0,0,7,1929515,434408449,128202373,0,0,0,0,0,0,0,0,0,0,0,0,0,0,0,0,0,0,0,0,0,0,0,0,0,0,0,0,0,0,0,0,0,0,0,0,0,12879003648,5240864768,786072,319877,127655726,264,0,97,786432,432514914,811172,11,8017531500,12884901888,1498394,1284708831,0,0,0,0,0,0,0,0,0,0,0,0,0,0,0,0,0,0,43328322,143226369,0,468,1202,7661,620,86657247,35,0,0,0,0,0,0,0,1,0,0,0,0,0,0,0,0,0,0,52491839,0,127653924,2190944,0,0,0,0,0,0,0,0,16384,0,0,0,0,0,0,0,0,0,0,0,7305,406,0,0,0,0,0,131718166,0,190,0,17,406,7305,0,0,0,0,0,0,0,0,0,0,0,0,0,0,0,0,0,0,0,0,0,0,0,0,0,0,0,0,0,0,0,0,0,0,0,0,0,0,0,0,0,0,0,0,0,0,0,0,0,0,0,0,0,0,653223862,0,0,0,921030449,0,0,0,0,0,0,0,184169325,432632627,783625267,362997021184,150803756,1,1,0,0,0,0,0,0,0,0,0,0,0,0,0,0,0,0,0,0,0,0,0,0,0,0,0,0,0,0,0,1363,0,0,0,0,0,0,0
1782469475.424,0,0,0,0,0,0,0,1628194926,7087687862784,2535644879872,0,0,0,0,0,0,0,0,0,0,0,0,0,0,0,0,0,0,0,0,0,0,0,0,0,0,0,0,0,0,0,0,0,0,0,0,0,0,0,0,0,0,0,0,0,0,0,0,0,0,0,0,0,0,0,0,0,0,7,1929540,434524785,128235081,0,0,0,0,0,0,0,0,0,0,0,0,0,0,0,0,0,0,0,0,0,0,0,0,0,0,0,0,0,0,0,0,0,0,0,0,0,12881035264,5236637696,786195,319619,127686979,139,0,98,786432,432630760,811172,11,8019182933,12884901888,1500445,1284923355,0,0,0,0,0,0,0,0,0,0,0,0,0,0,0,0,0,0,43338059,143236105,0,468,1202,7661,620,86676720,35,0,0,0,0,0,0,0,1,0,0,0,0,0,0,0,0,0,0,52502850,0,127685817,2191372,0,0,0,0,0,0,0,0,16384,0,0,0,0,0,0,0,0,0,0,0,7307,407,0,0,0,0,0,131747752,0,191,0,17,407,7307,0,0,0,0,0,0,0,0,0,0,0,0,0,0,0,0,0,0,0,0,0,0,0,0,0,0,0,0,0,0,0,0,0,0,0,0,0,0,0,0,0,0,0,0,0,0,0,0,0,0,0,0,0,0,653361297,0,0,0,921194856,0,0,0,0,0,0,0,184188534,432747997,783796268,363068605952,150815714,1,1,0,0,0,0,0,0,0,0,0,0,0,0,0,0,0,0,0,0,0,0,0,0,0,0,0,0,0,0,0,1684,0,0,0,0,0,0,0
1782469476.508,0,0,0,0,0,0,0,1628510754,7089510205952,2536270917120,0,0,0,0,0,0,0,0,0,0,0,0,0,0,0,0,0,0,0,0,0,0,0,0,0,0,0,0,0,0,0,0,0,0,0,0,0,0,0,0,0,0,0,0,0,0,0,0,0,0,0,0,0,0,0,0,0,0,7,1929562,434636849,128268384,0,0,0,0,0,0,0,0,0,0,0,0,0,0,0,0,0,0,0,0,0,0,0,0,0,0,0,0,0,0,0,0,0,0,0,0,0,12878381056,5205180416,786034,317699,127716989,301,0,96,786432,432742370,811172,11,8020774900,12884901888,1503345,1285129882,0,0,0,0,0,0,0,0,0,0,0,0,0,0,0,0,0,0,43347444,143245495,0,468,1202,7661,620,86695490,35,0,0,0,0,0,0,0,1,0,0,0,0,0,0,0,0,0,0,52513474,0,127718131,2191790,0,0,0,0,0,0,0,0,16384,0,0,0,0,0,0,0,0,0,0,0,7308,407,0,0,0,0,0,131776329,0,191,0,17,407,7308,0,0,0,0,0,0,0,0,0,0,0,0,0,0,0,0,0,0,0,0,0,0,0,0,0,0,0,0,0,0,0,0,0,0,0,0,0,0,0,0,0,0,0,0,0,0,0,0,0,0,0,0,0,0,653495845,0,0,0,921353575,0,0,0,0,0,0,0,184207457,432859142,783965222,363138469376,150827640,1,0,0,0,0,0,0,0,0,0,0,0,0,0,0,0,0,0,0,0,0,0,0,0,0,0,0,0,0,0,0,1617,0,0,0,0,0,0,0
1782469477.590,0,0,0,0,0,0,0,1628835159,7091383077376,2536896142848,0,0,0,0,0,0,0,0,0,0,0,0,0,0,0,0,0,0,0,0,0,0,0,0,0,0,0,0,0,0,0,0,0,0,0,0,0,0,0,0,0,0,0,0,0,0,0,0,0,0,0,0,0,0,0,0,0,0,7,1929582,434752133,128301666,0,0,0,0,0,0,0,0,0,0,0,0,0,0,0,0,0,0,0,0,0,0,0,0,0,0,0,0,0,0,0,0,0,0,0,0,0,12880101376,5188648960,786138,316690,127752472,162,0,130,786432,432857131,811172,11,8022408752,12884901888,1505695,1285340622,0,0,0,0,0,0,0,0,0,0,0,0,0,0,0,0,0,0,43357062,143255112,0,468,1202,7661,620,86714731,35,0,0,0,0,0,0,0,1,0,0,0,0,0,0,0,0,0,0,52524354,0,127750670,2192220,0,0,0,0,0,0,0,0,16384,0,0,0,0,0,0,0,0,0,0,0,7309,407,0,0,0,0,0,131805568,0,191,0,17,407,7309,0,0,0,0,0,0,0,0,0,0,0,0,0,0,0,0,0,0,0,0,0,0,0,0,0,0,0,0,0,0,0,0,0,0,0,0,0,0,0,0,0,0,0,0,0,0,0,0,0,0,0,0,0,0,653631728,0,0,0,921515739,0,0,0,0,0,0,0,184226516,432973392,784135214,363209089536,150839492,1,0,0,0,0,0,0,0,0,0,0,0,0,0,0,0,0,0,0,0,0,0,0,0,0,0,0,0,0,0,0,2428,0,0,0,0,0,0,0
1782469478.676,0,0,0,0,0,0,0,1629168964,7093303691776,2537512103424,0,0,0,0,0,0,0,0,0,0,0,0,0,0,0,0,0,0,0,0,0,0,0,0,0,0,0,0,0,0,0,0,0,0,0,0,0,0,0,0,0,0,0,0,0,0,0,0,0,0,0,0,0,0,0,0,0,0,7,1929611,434870181,128334066,0,0,0,0,0,0,0,0,0,0,0,0,0,0,0,0,0,0,0,0,0,0,0,0,0,0,0,0,0,0,0,0,0,0,0,0,0,12882460672,5200953344,786283,317441,127783950,53,0,96,786432,432974610,811172,11,8024094440,12884901888,1508205,1285563825,0,0,0,0,0,0,0,0,0,0,0,0,0,0,0,0,0,0,43366958,143265006,0,468,1202,7661,620,86734519,35,0,0,0,0,0,0,0,1,0,0,0,0,0,0,0,0,0,0,52535561,0,127782148,2192649,0,0,0,0,0,0,0,0,16384,0,0,0,0,0,0,0,0,0,0,0,7310,407,0,0,0,0,0,131835656,0,191,0,17,407,7310,0,0,0,0,0,0,0,0,0,0,0,0,0,0,0,0,0,0,0,0,0,0,0,0,0,0,0,0,0,0,0,0,0,0,0,0,0,0,0,0,0,0,0,0,0,0,0,0,0,0,0,0,0,0,653773108,0,0,0,921685309,0,0,0,0,0,0,0,184245593,433090474,784309809,363282808832,150851455,1,1,0,0,0,0,0,0,0,0,0,0,0,0,0,0,0,0,0,0,0,0,0,0,0,0,0,0,0,0,0,475,0,0,0,0,0,0,0
1782469479.761,0,0,0,0,0,0,0,1629476197,7095084009984,2538088922624,0,0,0,0,0,0,0,0,0,0,0,0,0,0,0,0,0,0,0,0,0,0,0,0,0,0,0,0,0,0,0,0,0,0,0,0,0,0,0,0,0,0,0,0,0,0,0,0,0,0,0,0,0,0,0,0,0,0,7,1929634,434979746,128364403,0,0,0,0,0,0,0,0,0,0,0,0,0,0,0,0,0,0,0,0,0,0,0,0,0,0,0,0,0,0,0,0,0,0,0,0,0,12879413248,5205344256,786097,317709,127813426,208,0,126,786432,433083722,811172,11,8025643023,12884901888,1511397,1285764024,0,0,0,0,0,0,0,0,0,0,0,0,0,0,0,0,0,0,43376091,143274142,0,468,1202,7661,620,86752788,35,0,0,0,0,0,0,0,1,0,0,0,0,0,0,0,0,0,0,52545906,0,127811624,2193042,0,0,0,0,0,0,0,0,16384,0,0,0,0,0,0,0,0,0,0,0,7311,407,0,0,0,0,0,131863429,0,191,0,17,407,7311,0,0,0,0,0,0,0,0,0,0,0,0,0,0,0,0,0,0,0,0,0,0,0,0,0,0,0,0,0,0,0,0,0,0,0,0,0,0,0,0,0,0,0,0,0,0,0,0,0,0,0,0,0,0,653908641,0,0,0,921839873,0,0,0,0,0,0,0,184262048,433199078,784476742,363352922112,150861807,1,0,0,0,0,0,0,0,0,0,0,0,0,0,0,0,0,0,0,0,0,0,0,0,0,0,0,0,0,0,0,376,0,0,0,0,0,0,0
1782469480.854,0,0,0,0,0,0,0,1629795881,7096928750080,2538687816704,0,0,0,0,0,0,0,0,0,0,0,0,0,0,0,0,0,0,0,0,0,0,0,0,0,0,0,0,0,0,0,0,0,0,0,0,0,0,0,0,0,0,0,0,0,0,0,0,0,0,0,0,0,0,0,0,0,0,7,1929657,435093214,128396031,0,0,0,0,0,0,0,0,0,0,0,0,0,0,0,0,0,0,0,0,0,0,0,0,0,0,0,0,0,0,0,0,0,0,0,0,0,12874334208,5205377024,785788,317711,127844105,549,0,97,786432,433196715,811172,11,8027249625,12884901888,1514297,1285970608,0,0,0,0,0,0,0,0,0,0,0,0,0,0,0,0,0,0,43385568,143283617,0,468,1202,7661,620,86771727,35,0,0,0,0,0,0,0,1,0,0,0,0,0,0,0,0,0,0,52556624,0,127842303,2193451,0,0,0,0,0,0,0,0,16384,0,0,0,0,0,0,0,0,0,0,0,7312,407,0,0,0,0,0,131892250,0,191,0,17,407,7312,0,0,0,0,0,0,0,0,0,0,0,0,0,0,0,0,0,0,0,0,0,0,0,0,0,0,0,0,0,0,0,0,0,0,0,0,0,0,0,0,0,0,0,0,0,0,0,0,0,0,0,0,0,0,654042328,0,0,0,921999170,0,0,0,0,0,0,0,184282254,433311549,784643068,363422410240,150874882,1,0,0,0,0,0,0,0,0,0,0,0,0,0,0,0,0,0,0,0,0,0,0,0,0,0,0,0,0,0,0,1577,0,0,0,0,0,0,0
1782469481.944,0,0,0,0,0,0,0,1630129810,7098847513088,2539301224960,0,0,0,0,0,0,0,0,0,0,0,0,0,0,0,0,0,0,0,0,0,0,0,0,0,0,0,0,0,0,0,0,0,0,0,0,0,0,0,0,0,0,0,0,0,0,0,0,0,0,0,0,0,0,0,0,0,0,7,1929684,435211290,128428275,0,0,0,0,0,0,0,0,0,0,0,0,0,0,0,0,0,0,0,0,0,0,0,0,0,0,0,0,0,0,0,0,0,0,0,0,0,12875612160,5217894400,785866,318475,127875731,473,0,98,786432,433314299,811172,11,8028936282,12884901888,1515938,1286192354,0,0,0,0,0,0,0,0,0,0,0,0,0,0,0,0,0,0,43395471,143293523,0,468,1202,7661,620,86791545,35,0,0,0,0,0,0,0,1,0,0,0,0,0,0,0,0,0,0,52567844,0,127873929,2193880,0,0,0,0,0,0,0,0,16384,0,0,0,0,0,0,0,0,0,0,0,7313,407,0,0,0,0,0,131922422,0,191,0,17,407,7313,0,0,0,0,0,0,0,0,0,0,0,0,0,0,0,0,0,0,0,0,0,0,0,0,0,0,0,0,0,0,0,0,0,0,0,0,0,0,0,0,0,0,0,0,0,0,0,0,0,0,0,0,0,0,654183611,0,0,0,922168091,0,0,0,0,0,0,0,184301087,433428628,784817248,363495903232,150886527,1,0,0,0,0,0,0,0,0,0,0,0,0,0,0,0,0,0,0,0,0,0,0,0,0,0,0,0,0,0,0,338,0,0,0,0,0,0,0
1782469483.031,0,0,0,0,0,0,0,1630468510,7100807023104,2539929816576,0,0,0,0,0,0,0,0,0,0,0,0,0,0,0,0,0,0,0,0,0,0,0,0,0,0,0,0,0,0,0,0,0,0,0,0,0,0,0,0,0,0,0,0,0,0,0,0,0,0,0,0,0,0,0,0,0,0,7,1929699,435331946,128461450,0,0,0,0,0,0,0,0,0,0,0,0,0,0,0,0,0,0,0,0,0,0,0,0,0,0,0,0,0,0,0,0,0,0,0,0,0,12876562432,5224972288,785923,318908,127908337,413,0,96,786432,433434401,811172,11,8030643629,12884901888,1517376,1286412805,0,0,0,0,0,0,0,0,0,0,0,0,0,0,0,0,0,0,43405534,143303584,0,468,1202,7661,620,86811665,35,0,0,0,0,0,0,0,1,0,0,0,0,0,0,0,0,0,0,52579243,0,127906535,2194324,0,0,0,0,0,0,0,0,16384,0,0,0,0,0,0,0,0,0,0,0,7314,407,0,0,0,0,0,131952991,0,191,0,17,407,7314,0,0,0,0,0,0,0,0,0,0,0,0,0,0,0,0,0,0,0,0,0,0,0,0,0,0,0,0,0,0,0,0,0,0,0,0,0,0,0,0,0,0,0,0,0,0,0,0,0,0,0,0,0,0,654325722,0,0,0,922338107,0,0,0,0,0,0,0,184319553,433548202,784993103,363569693184,150897780,1,0,0,0,0,0,0,0,0,0,0,0,0,0,0,0,0,0,0,0,0,0,0,0,0,0,0,0,0,0,0,630,0,0,0,0,0,0,0
1782469484.123,0,0,0,0,0,0,0,1630801631,7102729669120,2540546754560,0,0,0,0,0,0,0,0,0,0,0,0,0,0,0,0,0,0,0,0,0,0,0,0,0,0,0,0,0,0,0,0,0,0,0,0,0,0,0,0,0,0,0,0,0,0,0,0,0,0,0,0,0,0,0,0,0,0,7,1929721,435450172,128494021,0,0,0,0,0,0,0,0,0,0,0,0,0,0,0,0,0,0,0,0,0,0,0,0,0,0,0,0,0,0,0,0,0,0,0,0,0,12879282176,5235032064,786090,319521,127940236,247,0,98,786432,433552082,811172,11,8032322737,12884901888,1519346,1286630844,0,0,0,0,0,0,0,0,0,0,0,0,0,0,0,0,0,0,43415423,143313474,0,468,1202,7661,620,86831453,35,0,0,0,0,0,0,0,1,0,0,0,0,0,0,0,0,0,0,52590439,0,127938434,2194755,0,0,0,0,0,0,0,0,16384,0,0,0,0,0,0,0,0,0,0,0,7315,407,0,0,0,0,0,131983031,0,191,0,17,407,7315,0,0,0,0,0,0,0,0,0,0,0,0,0,0,0,0,0,0,0,0,0,0,0,0,0,0,0,0,0,0,0,0,0,0,0,0,0,0,0,0,0,0,0,0,0,0,0,0,0,0,0,0,0,0,654464411,0,0,0,922505578,0,0,0,0,0,0,0,184338277,433665436,785165127,363641928704,150909260,1,1,0,0,0,0,0,0,0,0,0,0,0,0,0,0,0,0,0,0,0,0,0,0,0,0,0,0,0,0,0,625,0,0,0,0,0,0,0
1782469485.213,0,0,0,0,0,0,0,1631130623,7104636799488,2541158288896,0,0,0,0,0,0,0,0,0,0,0,0,0,0,0,0,0,0,0,0,0,0,0,0,0,0,0,0,0,0,0,0,0,0,0,0,0,0,0,0,0,0,0,0,0,0,0,0,0,0,0,0,0,0,0,0,0,0,7,1929744,435567519,128526233,0,0,0,0,0,0,0,0,0,0,0,0,0,0,0,0,0,0,0,0,0,0,0,0,0,0,0,0,0,0,0,0,0,0,0,0,0,12879200256,5244731392,786082,320114,127971677,253,0,99,786432,433668911,811172,11,8033979564,12884901888,1521973,1286844894,0,0,0,0,0,0,0,0,0,0,0,0,0,0,0,0,0,0,43425198,143323248,0,468,1202,7661,620,86850998,35,0,0,0,0,0,0,0,1,0,0,0,0,0,0,0,0,0,0,52601506,0,127969875,2195178,0,0,0,0,0,0,0,0,16384,0,0,0,0,0,0,0,0,0,0,0,7316,407,0,0,0,0,0,132012774,0,191,0,17,407,7316,0,0,0,0,0,0,0,0,0,0,0,0,0,0,0,0,0,0,0,0,0,0,0,0,0,0,0,0,0,0,0,0,0,0,0,0,0,0,0,0,0,0,0,0,0,0,0,0,0,0,0,0,0,0,654602882,0,0,0,922670314,0,0,0,0,0,0,0,184357881,433781798,785336717,363713920512,150921400,1,0,0,0,0,0,0,0,0,0,0,0,0,0,0,0,0,0,0,0,0,0,0,0,0,0,0,0,0,0,0,1223,0,0,0,0,0,0,0
1782469486.300,0,0,0,0,0,0,0,1631458348,7106532723200,2541770856960,0,0,0,0,0,0,0,0,0,0,0,0,0,0,0,0,0,0,0,0,0,0,0,0,0,0,0,0,0,0,0,0,0,0,0,0,0,0,0,0,0,0,0,0,0,0,0,0,0,0,0,0,0,0,0,0,0,0,7,1929764,435684175,128558498,0,0,0,0,0,0,0,0,0,0,0,0,0,0,0,0,0,0,0,0,0,0,0,0,0,0,0,0,0,0,0,0,0,0,0,0,0,12878446592,5248450560,786039,320340,128003072,300,0,96,786432,433785077,811172,11,8035633754,12884901888,1524525,1287061056,0,0,0,0,0,0,0,0,0,0,0,0,0,0,0,0,0,0,43434908,143332956,0,468,1202,7661,620,86870413,35,0,0,0,0,0,0,0,1,0,0,0,0,0,0,0,0,0,0,52612498,0,128001270,2195602,0,0,0,0,0,0,0,0,16384,0,0,0,0,0,0,0,0,0,0,0,7317,407,0,0,0,0,0,132042267,0,191,0,17,407,7317,0,0,0,0,0,0,0,0,0,0,0,0,0,0,0,0,0,0,0,0,0,0,0,0,0,0,0,0,0,0,0,0,0,0,0,0,0,0,0,0,0,0,0,0,0,0,0,0,0,0,0,0,0,0,654742531,0,0,0,922835590,0,0,0,0,0,0,0,184377322,433897392,785509587,363786459648,150933620,1,0,0,0,0,0,0,0,0,0,0,0,0,0,0,0,0,0,0,0,0,0,0,0,0,0,0,0,0,0,0,577,0,0,0,0,0,0,0
1782469487.387,0,0,0,0,0,0,0,1631788913,7108447504896,2542386189824,0,0,0,0,0,0,0,0,0,0,0,0,0,0,0,0,0,0,0,0,0,0,0,0,0,0,0,0,0,0,0,0,0,0,0,0,0,0,0,0,0,0,0,0,0,0,0,0,0,0,0,0,0,0,0,0,0,0,7,1929793,435801946,128590988,0,0,0,0,0,0,0,0,0,0,0,0,0,0,0,0,0,0,0,0,0,0,0,0,0,0,0,0,0,0,0,0,0,0,0,0,0,12878823424,5252284416,786060,320574,128034676,277,0,98,786432,433902349,811172,11,8037298224,12884901888,1527259,1287275224,0,0,0,0,0,0,0,0,0,0,0,0,0,0,0,0,0,0,43444736,143342786,0,468,1202,7661,620,86890066,35,0,0,0,0,0,0,0,1,0,0,0,0,0,0,0,0,0,0,52623623,0,128032874,2196036,0,0,0,0,0,0,0,0,16384,0,0,0,0,0,0,0,0,0,0,0,7319,407,0,0,0,0,0,132072114,0,191,0,17,407,7319,0,0,0,0,0,0,0,0,0,0,0,0,0,0,0,0,0,0,0,0,0,0,0,0,0,0,0,0,0,0,0,0,0,0,0,0,0,0,0,0,0,0,0,0,0,0,0,0,0,0,0,0,0,0,654881522,0,0,0,923001086,0,0,0,0,0,0,0,184396740,434014123,785682017,363858713600,150945525,1,0,0,0,0,0,0,0,0,0,0,0,0,0,0,0,0,0,0,0,0,0,0,0,0,0,0,0,0,0,0,1347,0,0,0,0,0,0,0
1782469488.473,0,0,0,0,0,0,0,1632108877,7110304451072,2543010602496,0,0,0,0,0,0,0,0,0,0,0,0,0,0,0,0,0,0,0,0,0,0,0,0,0,0,0,0,0,0,0,0,0,0,0,0,0,0,0,0,0,0,0,0,0,0,0,0,0,0,0,0,0,0,0,0,0,0,7,1929817,435916202,128624070,0,0,0,0,0,0,0,0,0,0,0,0,0,0,0,0,0,0,0,0,0,0,0,0,0,0,0,0,0,0,0,0,0,0,0,0,0,12881035264,5234638848,786196,319496,128065359,124,0,111,786432,434016158,811172,11,8038913769,12884901888,1530116,1287485618,0,0,0,0,0,0,0,0,0,0,0,0,0,0,0,0,0,0,43454239,143352291,0,468,1202,7661,620,86909077,35,0,0,0,0,0,0,0,1,0,0,0,0,0,0,0,0,0,0,52634391,0,128064837,2196456,0,0,0,0,0,0,0,0,16384,0,0,0,0,0,0,0,0,0,0,0,7320,407,0,0,0,0,0,132101040,0,191,0,17,407,7320,0,0,0,0,0,0,0,0,0,0,0,0,0,0,0,0,0,0,0,0,0,0,0,0,0,0,0,0,0,0,0,0,0,0,0,0,0,0,0,0,0,0,0,0,0,0,0,0,0,0,0,0,0,0,655018354,0,0,0,923162403,0,0,0,0,0,0,0,184415274,434127443,785853022,363929644032,150957293,1,0,0,0,0,0,0,0,0,0,0,0,0,0,0,0,0,0,0,0,0,0,0,0,0,0,0,0,0,0,0,770,0,0,0,0,0,0,0
1782469489.553,0,0,0,0,0,0,0,1632403644,7112013351424,2543603898880,0,0,0,0,0,0,0,0,0,0,0,0,0,0,0,0,0,0,0,0,0,0,0,0,0,0,0,0,0,0,0,0,0,0,0,0,0,0,0,0,0,0,0,0,0,0,0,0,0,0,0,0,0,0,0,0,0,0,7,1929838,436021313,128655570,0,0,0,0,0,0,0,0,0,0,0,0,0,0,0,0,0,0,0,0,0,0,0,0,0,0,0,0,0,0,0,0,0,0,0,0,0,12879298560,5199708160,786091,317365,128093474,245,0,96,786432,434120812,811172,11,8040399789,12884901888,1533920,1287677745,0,0,0,0,0,0,0,0,0,0,0,0,0,0,0,0,0,0,43462991,143361040,0,468,1202,7661,620,86926585,35,0,0,0,0,0,0,0,1,0,0,0,0,0,0,0,0,0,0,52644307,0,128094872,2196846,0,0,0,0,0,0,0,0,16384,0,0,0,0,0,0,0,0,0,0,0,7321,407,0,0,0,0,0,132127610,0,191,0,17,407,7321,0,0,0,0,0,0,0,0,0,0,0,0,0,0,0,0,0,0,0,0,0,0,0,0,0,0,0,0,0,0,0,0,0,0,0,0,0,0,0,0,0,0,0,0,0,0,0,0,0,0,0,0,0,0,655148152,0,0,0,923310213,0,0,0,0,0,0,0,184431565,434231650,786015590,363996928512,150967703,1,0,0,0,0,0,0,0,0,0,0,0,0,0,0,0,0,0,0,0,0,0,0,0,0,0,0,0,0,0,0,1163,0,0,0,0,0,0,0
1782469490.628,0,0,0,0,0,0,0,1632728959,7113893628416,2544225922560,0,0,0,0,0,0,0,0,0,0,0,0,0,0,0,0,0,0,0,0,0,0,0,0,0,0,0,0,0,0,0,0,0,0,0,0,0,0,0,0,0,0,0,0,0,0,0,0,0,0,0,0,0,0,0,0,0,0,7,1929855,436136988,128688567,0,0,0,0,0,0,0,0,0,0,0,0,0,0,0,0,0,0,0,0,0,0,0,0,0,0,0,0,0,0,0,0,0,0,0,0,0,12877217792,5190057984,785963,316776,128129211,371,0,96,786432,434235977,811172,11,8042042938,12884901888,1536444,1287892214,0,0,0,0,0,0,0,0,0,0,0,0,0,0,0,0,0,0,43472647,143370697,0,468,1202,7661,620,86945900,35,0,0,0,0,0,0,0,1,0,0,0,0,0,0,0,0,0,0,52655251,0,128127409,2197280,0,0,0,0,0,0,0,0,16384,0,0,0,0,0,0,0,0,0,0,0,7322,407,0,0,0,0,0,132156957,0,191,0,17,407,7322,0,0,0,0,0,0,0,0,0,0,0,0,0,0,0,0,0,0,0,0,0,0,0,0,0,0,0,0,0,0,0,0,0,0,0,0,0,0,0,0,0,0,0,0,0,0,0,0,0,0,0,0,0,0,655286117,0,0,0,923474652,0,0,0,0,0,0,0,184450340,434346401,786187443,364068636160,150979354,0,1,0,0,0,0,0,0,0,0,0,0,0,0,0,0,0,0,0,0,0,0,0,0,0,0,0,0,0,0,0,302,0,0,0,0,0,0,0
1782469491.718,0,0,0,0,0,0,0,1633065535,7115835853312,2544846179328,0,0,0,0,0,0,0,0,0,0,0,0,0,0,0,0,0,0,0,0,0,0,0,0,0,0,0,0,0,0,0,0,0,0,0,0,0,0,0,0,0,0,0,0,0,0,0,0,0,0,0,0,0,0,0,0,0,0,7,1929876,436256487,128721238,0,0,0,0,0,0,0,0,0,0,0,0,0,0,0,0,0,0,0,0,0,0,0,0,0,0,0,0,0,0,0,0,0,0,0,0,0,12876070912,5202788352,785892,317553,128161212,444,0,97,786432,434354967,811172,11,8043737499,12884901888,1538246,1288111155,0,0,0,0,0,0,0,0,0,0,0,0,0,0,0,0,0,0,43482630,143380681,0,468,1202,7661,620,86965859,35,0,0,0,0,0,0,0,1,0,0,0,0,0,0,0,0,0,0,52666555,0,128159410,2197719,0,0,0,0,0,0,0,0,16384,0,0,0,0,0,0,0,0,0,0,0,7323,407,0,0,0,0,0,132187307,0,191,0,17,407,7323,0,0,0,0,0,0,0,0,0,0,0,0,0,0,0,0,0,0,0,0,0,0,0,0,0,0,0,0,0,0,0,0,0,0,0,0,0,0,0,0,0,0,0,0,0,0,0,0,0,0,0,0,0,0,655426287,0,0,0,923643156,0,0,0,0,0,0,0,184469931,434464903,786361094,364141576704,150991566,1,0,0,0,0,0,0,0,0,0,0,0,0,0,0,0,0,0,0,0,0,0,0,0,0,0,0,0,0,0,0,854,0,0,0,0,0,0,0
1782469492.810,0,0,0,0,0,0,0,1633403860,7117793561088,2545466575360,0,0,0,0,0,0,0,0,0,0,0,0,0,0,0,0,0,0,0,0,0,0,0,0,0,0,0,0,0,0,0,0,0,0,0,0,0,0,0,0,0,0,0,0,0,0,0,0,0,0,0,0,0,0,0,0,0,0,7,1929904,436376986,128753955,0,0,0,0,0,0,0,0,0,0,0,0,0,0,0,0,0,0,0,0,0,0,0,0,0,0,0,0,0,0,0,0,0,0,0,0,0,12878233600,5216813056,786025,318409,128193326,302,0,105,786432,434474912,811172,11,8045442807,12884901888,1539767,1288332308,0,0,0,0,0,0,0,0,0,0,0,0,0,0,0,0,0,0,43492668,143390719,0,468,1202,7661,620,86985941,35,0,0,0,0,0,0,0,1,0,0,0,0,0,0,0,0,0,0,52677932,0,128191595,2198164,0,0,0,0,0,0,0,0,16384,0,0,0,0,0,0,0,0,0,0,0,7324,407,0,0,0,0,0,132217855,0,191,0,17,407,7324,0,0,0,0,0,0,0,0,0,0,0,0,0,0,0,0,0,0,0,0,0,0,0,0,0,0,0,0,0,0,0,0,0,0,0,0,0,0,0,0,0,0,0,0,0,0,0,0,0,0,0,0,0,0,655568074,0,0,0,923812739,0,0,0,0,0,0,0,184488781,434584407,786536272,364215321088,151003155,1,0,0,0,0,0,0,0,0,0,0,0,0,0,0,0,0,0,0,0,0,0,0,0,0,0,0,0,0,0,0,1129,0,0,0,0,0,0,0
1782469493.902,0,0,0,0,0,0,0,1633736865,7119718484480,2546083028480,0,0,0,0,0,0,0,0,0,0,0,0,0,0,0,0,0,0,0,0,0,0,0,0,0,0,0,0,0,0,0,0,0,0,0,0,0,0,0,0,0,0,0,0,0,0,0,0,0,0,0,0,0,0,0,0,0,0,7,1929915,436495371,128786378,0,0,0,0,0,0,0,0,0,0,0,0,0,0,0,0,0,0,0,0,0,0,0,0,0,0,0,0,0,0,0,0,0,0,0,0,0,12878987264,5227839488,786071,319082,128224963,262,0,97,786432,434592742,811172,11,8047123797,12884901888,1541819,1288551907,0,0,0,0,0,0,0,0,0,0,0,0,0,0,0,0,0,0,43502561,143400613,0,468,1202,7661,620,87005732,35,0,0,0,0,0,0,0,1,0,0,0,0,0,0,0,0,0,0,52689151,0,128223161,2198595,0,0,0,0,0,0,0,0,16384,0,0,0,0,0,0,0,0,0,0,0,7325,407,0,0,0,0,0,132247927,0,191,0,17,407,7325,0,0,0,0,0,0,0,0,0,0,0,0,0,0,0,0,0,0,0,0,0,0,0,0,0,0,0,0,0,0,0,0,0,0,0,0,0,0,0,0,0,0,0,0,0,0,0,0,0,0,0,0,0,0,655709296,0,0,0,923980959,0,0,0,0,0,0,0,184508083,434701817,786710819,364288565248,151015132,1,1,0,0,0,0,0,0,0,0,0,0,0,0,0,0,0,0,0,0,0,0,0,0,0,0,0,0,0,0,0,244,0,0,0,0,0,0,0
1782469494.993,0,0,0,0,0,0,0,1634059088,7121580935680,2546681287680,0,0,0,0,0,0,0,0,0,0,0,0,0,0,0,0,0,0,0,0,0,0,0,0,0,0,0,0,0,0,0,0,0,0,0,0,0,0,0,0,0,0,0,0,0,0,0,0,0,0,0,0,0,0,0,0,0,0,7,1929939,436609894,128817950,0,0,0,0,0,0,0,0,0,0,0,0,0,0,0,0,0,0,0,0,0,0,0,0,0,0,0,0,0,0,0,0,0,0,0,0,0,12874317824,5233934336,785786,319454,128255564,547,0,97,786432,434706774,811172,11,8048743767,12884901888,1545170,1288759144,0,0,0,0,0,0,0,0,0,0,0,0,0,0,0,0,0,0,43512118,143410170,0,468,1202,7661,620,87024829,35,0,0,0,0,0,0,0,1,0,0,0,0,0,0,0,0,0,0,52699969,0,128253762,2199017,0,0,0,0,0,0,0,0,16384,0,0,0,0,0,0,0,0,0,0,0,7326,407,0,0,0,0,0,132276974,0,191,0,17,407,7326,0,0,0,0,0,0,0,0,0,0,0,0,0,0,0,0,0,0,0,0,0,0,0,0,0,0,0,0,0,0,0,0,0,0,0,0,0,0,0,0,0,0,0,0,0,0,0,0,0,0,0,0,0,0,655844404,0,0,0,924141477,0,0,0,0,0,0,0,184527951,434815375,786878609,364358840832,151027577,1,1,0,0,0,0,0,0,0,0,0,0,0,0,0,0,0,0,0,0,0,0,0,0,0,0,0,0,0,0,0,1604,0,0,0,0,0,0,0
1782469496.078,0,0,0,0,0,0,0,1634388326,7123489917440,2547291995136,0,0,0,0,0,0,0,0,0,0,0,0,0,0,0,0,0,0,0,0,0,0,0,0,0,0,0,0,0,0,0,0,0,0,0,0,0,0,0,0,0,0,0,0,0,0,0,0,0,0,0,0,0,0,0,0,0,0,7,1929957,436727469,128850224,0,0,0,0,0,0,0,0,0,0,0,0,0,0,0,0,0,0,0,0,0,0,0,0,0,0,0,0,0,0,0,0,0,0,0,0,0,12877381632,5245026304,785974,320131,128286854,366,0,97,786432,434823837,811172,11,8050404028,12884901888,1547715,1288974054,0,0,0,0,0,0,0,0,0,0,0,0,0,0,0,0,0,0,43521888,143419939,0,468,1202,7661,620,87044391,35,0,0,0,0,0,0,0,1,0,0,0,0,0,0,0,0,0,0,52711034,0,128285052,2199447,0,0,0,0,0,0,0,0,16384,0,0,0,0,0,0,0,0,0,0,0,7327,407,0,0,0,0,0,132306654,0,191,0,17,407,7327,0,0,0,0,0,0,0,0,0,0,0,0,0,0,0,0,0,0,0,0,0,0,0,0,0,0,0,0,0,0,0,0,0,0,0,0,0,0,0,0,0,0,0,0,0,0,0,0,0,0,0,0,0,0,655981986,0,0,0,924306690,0,0,0,0,0,0,0,184547942,434931877,787049507,364430412288,151040111,1,0,0,0,0,0,0,0,0,0,0,0,0,0,0,0,0,0,0,0,0,0,0,0,0,0,0,0,0,0,0,1818,0,0,0,0,0,0,0
1782469497.168,0,0,0,0,0,0,0,1634719122,7125392394752,2547905622016,0,0,0,0,0,0,0,0,0,0,0,0,0,0,0,0,0,0,0,0,0,0,0,0,0,0,0,0,0,0,0,0,0,0,0,0,0,0,0,0,0,0,0,0,0,0,0,0,0,0,0,0,0,0,0,0,0,0,7,1929987,436844573,128882588,0,0,0,0,0,0,0,0,0,0,0,0,0,0,0,0,0,0,0,0,0,0,0,0,0,0,0,0,0,0,0,0,0,0,0,0,0,12877807616,5252694016,785999,320598,128318267,336,0,97,786432,434940455,811172,11,8052072603,12884901888,1550274,1289192595,0,0,0,0,0,0,0,0,0,0,0,0,0,0,0,0,0,0,43531707,143429757,0,468,1202,7661,620,87064010,35,0,0,0,0,0,0,0,1,0,0,0,0,0,0,0,0,0,0,52722142,0,128316542,2199873,0,0,0,0,0,0,0,0,16384,0,0,0,0,0,0,0,0,0,0,0,7328,407,0,0,0,0,0,132336430,0,191,0,17,407,7328,0,0,0,0,0,0,0,0,0,0,0,0,0,0,0,0,0,0,0,0,0,0,0,0,0,0,0,0,0,0,0,0,0,0,0,0,0,0,0,0,0,0,0,0,0,0,0,0,0,0,0,0,0,0,656121157,0,0,0,924473296,0,0,0,0,0,0,0,184567421,435048017,787221995,364502804480,151052286,0,0,0,0,0,0,0,0,0,0,0,0,0,0,0,0,0,0,0,0,0,0,0,0,0,0,0,0,0,0,0,1328,0,0,0,0,0,0,0
1782469498.256,0,0,0,0,0,0,0,1635033045,7127204153856,2548496409600,0,0,0,0,0,0,0,0,0,0,0,0,0,0,0,0,0,0,0,0,0,0,0,0,0,0,0,0,0,0,0,0,0,0,0,0,0,0,0,0,0,0,0,0,0,0,0,0,0,0,0,0,0,0,0,0,0,0,7,1930007,436956041,128913646,0,0,0,0,0,0,0,0,0,0,0,0,0,0,0,0,0,0,0,0,0,0,0,0,0,0,0,0,0,0,0,0,0,0,0,0,0,12880904192,5252939776,786188,320614,128348597,147,0,96,786432,435051481,811172,11,8053658043,12884901888,1552454,1289400221,0,0,0,0,0,0,0,0,0,0,0,0,0,0,0,0,0,0,43541037,143439088,0,468,1202,7661,620,87082671,35,0,0,0,0,0,0,0,1,0,0,0,0,0,0,0,0,0,0,52732722,0,128346795,2200291,0,0,0,0,0,0,0,0,16384,0,0,0,0,0,0,0,0,0,0,0,7329,407,0,0,0,0,0,132364811,0,191,0,17,407,7329,0,0,0,0,0,0,0,0,0,0,0,0,0,0,0,0,0,0,0,0,0,0,0,0,0,0,0,0,0,0,0,0,0,0,0,0,0,0,0,0,0,0,0,0,0,0,0,0,0,0,0,0,0,0,656258668,0,0,0,924632055,0,0,0,0,0,0,0,184584348,435158519,787391290,364574117376,151063146,1,0,0,0,0,0,0,0,0,0,0,0,0,0,0,0,0,0,0,0,0,0,0,0,0,0,0,0,0,0,0,327,0,0,0,0,0,0,0
1782469499.347,0,0,0,0,0,0,0,1635354217,7129055136256,2549096474112,0,0,0,0,0,0,0,0,0,0,0,0,0,0,0,0,0,0,0,0,0,0,0,0,0,0,0,0,0,0,0,0,0,0,0,0,0,0,0,0,0,0,0,0,0,0,0,0,0,0,0,0,0,0,0,0,0,0,7,1930025,437069879,128945294,0,0,0,0,0,0,0,0,0,0,0,0,0,0,0,0,0,0,0,0,0,0,0,0,0,0,0,0,0,0,0,0,0,0,0,0,0,12874727424,5252153344,785811,320566,128379511,523,0,97,786432,435164827,811172,11,8055274624,12884901888,1554749,1289608635,0,0,0,0,0,0,0,0,0,0,0,0,0,0,0,0,0,0,43550559,143448605,0,468,1202,7661,620,87101711,35,0,0,0,0,0,0,0,1,0,0,0,0,0,0,0,0,0,0,52743499,0,128377709,2200705,0,0,0,0,0,0,0,0,16384,0,0,0,0,0,0,0,0,0,0,0,7330,407,0,0,0,0,0,132393714,0,191,0,17,407,7330,0,0,0,0,0,0,0,0,0,0,0,0,0,0,0,0,0,0,0,0,0,0,0,0,0,0,0,0,0,0,0,0,0,0,0,0,0,0,0,0,0,0,0,0,0,0,0,0,0,0,0,0,0,0,656394762,0,0,0,924792830,0,0,0,0,0,0,0,184603065,435271424,787560013,364644752896,151075034,1,0,0,0,0,0,0,0,0,0,0,0,0,0,0,0,0,0,0,0,0,0,0,0,0,0,0,0,0,0,0,853,0,0,0,0,0,0,0
1782469500.434,0,0,0,0,0,0,0,1635676616,7130921716224,2549720970240,0,0,0,0,0,0,0,0,0,0,0,0,0,0,0,0,0,0,0,0,0,0,0,0,0,0,0,0,0,0,0,0,0,0,0,0,0,0,0,0,0,0,0,0,0,0,0,0,0,0,0,0,0,0,0,0,0,0,7,1930055,437184784,128978359,0,0,0,0,0,0,0,0,0,0,0,0,0,0,0,0,0,0,0,0,0,0,0,0,0,0,0,0,0,0,0,0,0,0,0,0,0,12881707008,5236817920,786238,319630,128410220,100,0,96,786432,435279224,811172,11,8056897714,12884901888,1557375,1289817764,0,0,0,0,0,0,0,0,0,0,0,0,0,0,0,0,0,0,43560138,143458189,0,468,1202,7661,620,87120880,35,0,0,0,0,0,0,0,1,0,0,0,0,0,0,0,0,0,0,52754347,0,128409698,2201138,0,0,0,0,0,0,0,0,16384,0,0,0,0,0,0,0,0,0,0,0,7332,407,0,0,0,0,0,132422856,0,191,0,17,407,7332,0,0,0,0,0,0,0,0,0,0,0,0,0,0,0,0,0,0,0,0,0,0,0,0,0,0,0,0,0,0,0,0,0,0,0,0,0,0,0,0,0,0,0,0,0,0,0,0,0,0,0,0,0,0,656530674,0,0,0,924954279,0,0,0,0,0,0,0,184622302,435385354,787729969,364715521024,151087008,1,1,0,0,0,0,0,0,0,0,0,0,0,0,0,0,0,0,0,0,0,0,0,0,0,0,0,0,0,0,0,1473,0,0,0,0,0,0,0
1782469501.523,0,0,0,0,0,0,0,1635998527,7132785183232,2550366187008,0,0,0,0,0,0,0,0,0,0,0,0,0,0,0,0,0,0,0,0,0,0,0,0,0,0,0,0,0,0,0,0,0,0,0,0,0,0,0,0,0,0,0,0,0,0,0,0,0,0,0,0,0,0,0,0,0,0,7,1930075,437299375,129012613,0,0,0,0,0,0,0,0,0,0,0,0,0,0,0,0,0,0,0,0,0,0,0,0,0,0,0,0,0,0,0,0,0,0,0,0,0,12882231296,5200297984,786269,317401,128441379,62,0,100,786432,435393309,811172,11,8058521921,12884901888,1559171,1290028873,0,0,0,0,0,0,0,0,0,0,0,0,0,0,0,0,0,0,43569715,143467766,0,468,1202,7661,620,87140022,35,0,0,0,0,0,0,0,1,0,0,0,0,0,0,0,0,0,0,52765188,0,128443417,2201577,0,0,0,0,0,0,0,0,16384,0,0,0,0,0,0,0,0,0,0,0,7333,407,0,0,0,0,0,132451974,0,191,0,17,407,7333,0,0,0,0,0,0,0,0,0,0,0,0,0,0,0,0,0,0,0,0,0,0,0,0,0,0,0,0,0,0,0,0,0,0,0,0,0,0,0,0,0,0,0,0,0,0,0,0,0,0,0,0,0,0,656666016,0,0,0,925116602,0,0,0,0,0,0,0,184640788,435499014,787900290,364786073600,151098345,1,0,0,0,0,0,0,0,0,0,0,0,0,0,0,0,0,0,0,0,0,0,0,0,0,0,0,0,0,0,0,990,0,0,0,0,0,0,0
1782469502.604,0,0,0,0,0,0,0,1636325571,7134669097472,2550978500608,0,0,0,0,0,0,0,0,0,0,0,0,0,0,0,0,0,0,0,0,0,0,0,0,0,0,0,0,0,0,0,0,0,0,0,0,0,0,0,0,0,0,0,0,0,0,0,0,0,0,0,0,0,0,0,0,0,0,7,1930105,437415283,129045177,0,0,0,0,0,0,0,0,0,0,0,0,0,0,0,0,0,0,0,0,0,0,0,0,0,0,0,0,0,0,0,0,0,0,0,0,0,12878708736,5195481088,786054,317107,128477062,279,0,99,786432,435508701,811172,11,8060167950,12884901888,1561709,1290240581,0,0,0,0,0,0,0,0,0,0,0,0,0,0,0,0,0,0,43579394,143477446,0,468,1202,7661,620,87159385,35,0,0,0,0,0,0,0,1,0,0,0,0,0,0,0,0,0,0,52776125,0,128475260,2202010,0,0,0,0,0,0,0,0,16384,0,0,0,0,0,0,0,0,0,0,0,7334,407,0,0,0,0,0,132481397,0,191,0,17,407,7334,0,0,0,0,0,0,0,0,0,0,0,0,0,0,0,0,0,0,0,0,0,0,0,0,0,0,0,0,0,0,0,0,0,0,0,0,0,0,0,0,0,0,0,0,0,0,0,0,0,0,0,0,0,0,656803098,0,0,0,925279674,0,0,0,0,0,0,0,184660921,435613927,788070916,364857408000,151110852,1,1,0,0,0,0,0,0,0,0,0,0,0,0,0,0,0,0,0,0,0,0,0,0,0,0,0,0,0,0,0,2110,0,0,0,0,0,0,0
1782469503.694,0,0,0,0,0,0,0,1636654591,7136563530240,2551589169664,0,0,0,0,0,0,0,0,0,0,0,0,0,0,0,0,0,0,0,0,0,0,0,0,0,0,0,0,0,0,0,0,0,0,0,0,0,0,0,0,0,0,0,0,0,0,0,0,0,0,0,0,0,0,0,0,0,0,7,1930133,437531797,129077352,0,0,0,0,0,0,0,0,0,0,0,0,0,0,0,0,0,0,0,0,0,0,0,0,0,0,0,0,0,0,0,0,0,0,0,0,0,12881330176,5204443136,786214,317655,128508188,101,0,119,786432,435624714,811172,11,8061830162,12884901888,1564395,1290460739,0,0,0,0,0,0,0,0,0,0,0,0,0,0,0,0,0,0,43589158,143487207,0,468,1202,7661,620,87178912,35,0,0,0,0,0,0,0,1,0,0,0,0,0,0,0,0,0,0,52787170,0,128506453,2202434,0,0,0,0,0,0,0,0,16384,0,0,0,0,0,0,0,0,0,0,0,7335,407,0,0,0,0,0,132511060,0,191,0,17,407,7335,0,0,0,0,0,0,0,0,0,0,0,0,0,0,0,0,0,0,0,0,0,0,0,0,0,0,0,0,0,0,0,0,0,0,0,0,0,0,0,0,0,0,0,0,0,0,0,0,0,0,0,0,0,0,656941763,0,0,0,925446658,0,0,0,0,0,0,0,184680324,435729450,788242772,364929680384,151123082,0,1,0,0,0,0,0,0,0,0,0,0,0,0,0,0,0,0,0,0,0,0,0,0,0,0,0,0,0,0,0,358,0,0,0,0,0,0,0
1782469504.778,0,0,0,0,0,0,0,1636973618,7138404796928,2552186434560,0,0,0,0,0,0,0,0,0,0,0,0,0,0,0,0,0,0,0,0,0,0,0,0,0,0,0,0,0,0,0,0,0,0,0,0,0,0,0,0,0,0,0,0,0,0,0,0,0,0,0,0,0,0,0,0,0,0,7,1930161,437645080,129108869,0,0,0,0,0,0,0,0,0,0,0,0,0,0,0,0,0,0,0,0,0,0,0,0,0,0,0,0,0,0,0,0,0,0,0,0,0,12881592320,5203656704,786229,317606,128538866,93,0,109,786432,435737519,811172,11,8063436561,12884901888,1567172,1290667778,0,0,0,0,0,0,0,0,0,0,0,0,0,0,0,0,0,0,43598620,143496669,0,468,1202,7661,620,87197846,35,0,0,0,0,0,0,0,1,0,0,0,0,0,0,0,0,0,0,52797875,0,128537064,2202847,0,0,0,0,0,0,0,0,16384,0,0,0,0,0,0,0,0,0,0,0,7336,407,0,0,0,0,0,132539813,0,191,0,17,407,7336,0,0,0,0,0,0,0,0,0,0,0,0,0,0,0,0,0,0,0,0,0,0,0,0,0,0,0,0,0,0,0,0,0,0,0,0,0,0,0,0,0,0,0,0,0,0,0,0,0,0,0,0,0,0,657076949,0,0,0,925606274,0,0,0,0,0,0,0,184700088,435841841,788410450,364999998976,151135770,1,0,0,0,0,0,0,0,0,0,0,0,0,0,0,0,0,0,0,0,0,0,0,0,0,0,0,0,0,0,0,962,0,0,0,0,0,0,0
1782469505.870,0,0,0,0,0,0,0,1637304351,7140307339776,2552798239232,0,0,0,0,0,0,0,0,0,0,0,0,0,0,0,0,0,0,0,0,0,0,0,0,0,0,0,0,0,0,0,0,0,0,0,0,0,0,0,0,0,0,0,0,0,0,0,0,0,0,0,0,0,0,0,0,0,0,7,1930175,437762110,129141123,0,0,0,0,0,0,0,0,0,0,0,0,0,0,0,0,0,0,0,0,0,0,0,0,0,0,0,0,0,0,0,0,0,0,0,0,0,12877676544,5214961664,785991,318296,128570134,343,0,96,786432,435854038,811172,11,8065105047,12884901888,1569659,1290885657,0,0,0,0,0,0,0,0,0,0,0,0,0,0,0,0,0,0,43608445,143506495,0,468,1202,7661,620,87217494,35,0,0,0,0,0,0,0,1,0,0,0,0,0,0,0,0,0,0,52809019,0,128568332,2203265,0,0,0,0,0,0,0,0,16384,0,0,0,0,0,0,0,0,0,0,0,7337,407,0,0,0,0,0,132569681,0,191,0,17,407,7337,0,0,0,0,0,0,0,0,0,0,0,0,0,0,0,0,0,0,0,0,0,0,0,0,0,0,0,0,0,0,0,0,0,0,0,0,0,0,0,0,0,0,0,0,0,0,0,0,0,0,0,0,0,0,657215780,0,0,0,925773336,0,0,0,0,0,0,0,184719216,435957873,788582544,365072279040,151147538,1,0,0,0,0,0,0,0,0,0,0,0,0,0,0,0,0,0,0,0,0,0,0,0,0,0,0,0,0,0,0,264,0,0,0,0,0,0,0
1782469506.955,0,0,0,0,0,0,0,1637636552,7142233672192,2553414712320,0,0,0,0,0,0,0,0,0,0,0,0,0,0,0,0,0,0,0,0,0,0,0,0,0,0,0,0,0,0,0,0,0,0,0,0,0,0,0,0,0,0,0,0,0,0,0,0,0,0,0,0,0,0,0,0,0,0,7,1930195,437880593,129173639,0,0,0,0,0,0,0,0,0,0,0,0,0,0,0,0,0,0,0,0,0,0,0,0,0,0,0,0,0,0,0,0,0,0,0,0,0,12877742080,5222612992,785995,318763,128601984,340,0,98,786432,435971969,811172,11,8066779658,12884901888,1571661,1291101875,0,0,0,0,0,0,0,0,0,0,0,0,0,0,0,0,0,0,43618323,143516374,0,468,1202,7661,620,87237245,35,0,0,0,0,0,0,0,1,0,0,0,0,0,0,0,0,0,0,52820196,0,128600182,2203709,0,0,0,0,0,0,0,0,16384,0,0,0,0,0,0,0,0,0,0,0,7338,407,0,0,0,0,0,132599671,0,191,0,17,407,7338,0,0,0,0,0,0,0,0,0,0,0,0,0,0,0,0,0,0,0,0,0,0,0,0,0,0,0,0,0,0,0,0,0,0,0,0,0,0,0,0,0,0,0,0,0,0,0,0,0,0,0,0,0,0,657355415,0,0,0,925939957,0,0,0,0,0,0,0,184738872,436075343,788755398,365144678400,151159684,1,0,0,0,0,0,0,0,0,0,0,0,0,0,0,0,0,0,0,0,0,0,0,0,0,0,0,0,0,0,0,599,0,0,0,0,0,0,0
1782469508.047,0,0,0,0,0,0,0,1637939500,7143981156864,2553989078016,0,0,0,0,0,0,0,0,0,0,0,0,0,0,0,0,0,0,0,0,0,0,0,0,0,0,0,0,0,0,0,0,0,0,0,0,0,0,0,0,0,0,0,0,0,0,0,0,0,0,0,0,0,0,0,0,0,0,7,1930216,437988047,129203826,0,0,0,0,0,0,0,0,0,0,0,0,0,0,0,0,0,0,0,0,0,0,0,0,0,0,0,0,0,0,0,0,0,0,0,0,0,12876480512,5219680256,785917,318584,128631584,417,0,98,786432,436078961,811172,11,8068302387,12884901888,1573922,1291297892,0,0,0,0,0,0,0,0,0,0,0,0,0,0,0,0,0,0,43627297,143525350,0,468,1202,7661,620,87255198,35,0,0,0,0,0,0,0,1,0,0,0,0,0,0,0,0,0,0,52830376,0,128629782,2204093,0,0,0,0,0,0,0,0,16384,0,0,0,0,0,0,0,0,0,0,0,7339,407,0,0,0,0,0,132626932,0,191,0,17,407,7339,0,0,0,0,0,0,0,0,0,0,0,0,0,0,0,0,0,0,0,0,0,0,0,0,0,0,0,0,0,0,0,0,0,0,0,0,0,0,0,0,0,0,0,0,0,0,0,0,0,0,0,0,0,0,657489191,0,0,0,926091366,0,0,0,0,0,0,0,184753839,436181915,788920056,365214041088,151169062,1,1,0,0,0,0,0,0,0,0,0,0,0,0,0,0,0,0,0,0,0,0,0,0,0,0,0,0,0,0,0,1276,0,0,0,0,0,0,0
1782469509.132,0,0,0,0,0,0,0,1638241803,7145724496384,2554557722112,0,0,0,0,0,0,0,0,0,0,0,0,0,0,0,0,0,0,0,0,0,0,0,0,0,0,0,0,0,0,0,0,0,0,0,0,0,0,0,0,0,0,0,0,0,0,0,0,0,0,0,0,0,0,0,0,0,0,7,1930237,438095334,129233735,0,0,0,0,0,0,0,0,0,0,0,0,0,0,0,0,0,0,0,0,0,0,0,0,0,0,0,0,0,0,0,0,0,0,0,0,0,12876562432,5222154240,785923,318734,128660300,413,0,96,786432,436185780,811172,11,8069822524,12884901888,1577069,1291494412,0,0,0,0,0,0,0,0,0,0,0,0,0,0,0,0,0,0,43636247,143534296,0,468,1202,7661,620,87273101,35,0,0,0,0,0,0,0,1,0,0,0,0,0,0,0,0,0,0,52840495,0,128658556,2204487,0,0,0,0,0,0,0,0,16384,0,0,0,0,0,0,0,0,0,0,0,7340,407,0,0,0,0,0,132654097,0,191,0,17,407,7340,0,0,0,0,0,0,0,0,0,0,0,0,0,0,0,0,0,0,0,0,0,0,0,0,0,0,0,0,0,0,0,0,0,0,0,0,0,0,0,0,0,0,0,0,0,0,0,0,0,0,0,0,0,0,657621015,0,0,0,926242752,0,0,0,0,0,0,0,184770389,436288310,789083003,365282505728,151179512,1,1,0,0,0,0,0,0,0,0,0,0,0,0,0,0,0,0,0,0,0,0,0,0,0,0,0,0,0,0,0,1547,0,0,0,0,0,0,0
1782469510.219,0,0,0,0,0,0,0,1638574512,7147646372352,2555173289984,0,0,0,0,0,0,0,0,0,0,0,0,0,0,0,0,0,0,0,0,0,0,0,0,0,0,0,0,0,0,0,0,0,0,0,0,0,0,0,0,0,0,0,0,0,0,0,0,0,0,0,0,0,0,0,0,0,0,7,1930261,438213504,129266145,0,0,0,0,0,0,0,0,0,0,0,0,0,0,0,0,0,0,0,0,0,0,0,0,0,0,0,0,0,0,0,0,0,0,0,0,0,12880609280,5235032064,786167,319520,128692129,169,0,101,786432,436303445,811172,11,8071502607,12884901888,1578997,1291714959,0,0,0,0,0,0,0,0,0,0,0,0,0,0,0,0,0,0,43646134,143544185,0,468,1202,7661,620,87292861,35,0,0,0,0,0,0,0,1,0,0,0,0,0,0,0,0,0,0,52851695,0,128690327,2204920,0,0,0,0,0,0,0,0,16384,0,0,0,0,0,0,0,0,0,0,0,7341,407,0,0,0,0,0,132684183,0,191,0,17,407,7341,0,0,0,0,0,0,0,0,0,0,0,0,0,0,0,0,0,0,0,0,0,0,0,0,0,0,0,0,0,0,0,0,0,0,0,0,0,0,0,0,0,0,0,0,0,0,0,0,0,0,0,0,0,0,657761328,0,0,0,926411091,0,0,0,0,0,0,0,184789920,436405501,789256468,365355548160,151191701,1,0,0,0,0,0,0,0,0,0,0,0,0,0,0,0,0,0,0,0,0,0,0,0,0,0,0,0,0,0,0,429,0,0,0,0,0,0,0
1782469511.310,0,0,0,0,0,0,0,1638907397,7149579094528,2555794065408,0,0,0,0,0,0,0,0,0,0,0,0,0,0,0,0,0,0,0,0,0,0,0,0,0,0,0,0,0,0,0,0,0,0,0,0,0,0,0,0,0,0,0,0,0,0,0,0,0,0,0,0,0,0,0,0,0,0,7,1930284,438332428,129298854,0,0,0,0,0,0,0,0,0,0,0,0,0,0,0,0,0,0,0,0,0,0,0,0,0,0,0,0,0,0,0,0,0,0,0,0,0,12881461248,5240520704,786222,319856,128724023,114,0,98,786432,436421831,811172,11,8073181270,12884901888,1581095,1291932335,0,0,0,0,0,0,0,0,0,0,0,0,0,0,0,0,0,0,43656010,143554061,0,468,1202,7661,620,87312620,35,0,0,0,0,0,0,0,1,0,0,0,0,0,0,0,0,0,0,52862894,0,128722012,2205353,0,0,0,0,0,0,0,0,16384,0,0,0,0,0,0,0,0,0,0,0,7342,407,0,0,0,0,0,132714203,0,191,0,17,407,7342,0,0,0,0,0,0,0,0,0,0,0,0,0,0,0,0,0,0,0,0,0,0,0,0,0,0,0,0,0,0,0,0,0,0,0,0,0,0,0,0,0,0,0,0,0,0,0,0,0,0,0,0,0,0,657901365,0,0,0,926578118,0,0,0,0,0,0,0,184808967,436523405,789430080,365428393984,151203242,1,0,0,0,0,0,0,0,0,0,0,0,0,0,0,0,0,0,0,0,0,0,0,0,0,0,0,0,0,0,0,667,0,0,0,0,0,0,0
1782469512.395,0,0,0,0,0,0,0,1639235233,7151474690560,2556408946176,0,0,0,0,0,0,0,0,0,0,0,0,0,0,0,0,0,0,0,0,0,0,0,0,0,0,0,0,0,0,0,0,0,0,0,0,0,0,0,0,0,0,0,0,0,0,0,0,0,0,0,0,0,0,0,0,0,0,7,1930314,438449178,129331228,0,0,0,0,0,0,0,0,0,0,0,0,0,0,0,0,0,0,0,0,0,0,0,0,0,0,0,0,0,0,0,0,0,0,0,0,0,12877529088,5243502592,785982,320038,128755506,354,0,96,786432,436538040,811172,11,8074833268,12884901888,1583286,1292145776,0,0,0,0,0,0,0,0,0,0,0,0,0,0,0,0,0,0,43665739,143563793,0,468,1202,7661,620,87332086,35,0,0,0,0,0,0,0,1,0,0,0,0,0,0,0,0,0,0,52873900,0,128753495,2205779,0,0,0,0,0,0,0,0,16384,0,0,0,0,0,0,0,0,0,0,0,7344,407,0,0,0,0,0,132743770,0,191,0,17,407,7344,0,0,0,0,0,0,0,0,0,0,0,0,0,0,0,0,0,0,0,0,0,0,0,0,0,0,0,0,0,0,0,0,0,0,0,0,0,0,0,0,0,0,0,0,0,0,0,0,0,0,0,0,0,0,658038866,0,0,0,926742416,0,0,0,0,0,0,0,184828687,436639122,789600801,365499948032,151215733,1,1,0,0,0,0,0,0,0,0,0,0,0,0,0,0,0,0,0,0,0,0,0,0,0,0,0,0,0,0,0,1150,0,0,0,0,0,0,0
1782469513.485,0,0,0,0,0,0,0,1639561456,7153363159552,2557048452096,0,0,0,0,0,0,0,0,0,0,0,0,0,0,0,0,0,0,0,0,0,0,0,0,0,0,0,0,0,0,0,0,0,0,0,0,0,0,0,0,0,0,0,0,0,0,0,0,0,0,0,0,0,0,0,0,0,0,7,1930327,438565288,129365258,0,0,0,0,0,0,0,0,0,0,0,0,0,0,0,0,0,0,0,0,0,0,0,0,0,0,0,0,0,0,0,0,0,0,0,0,0,12883263488,5215977472,786332,318358,128786589,1,0,99,786432,436653600,811172,11,8076477445,12884901888,1585437,1292358606,0,0,0,0,0,0,0,0,0,0,0,0,0,0,0,0,0,0,43675433,143573485,0,468,1202,7661,620,87351478,35,0,0,0,0,0,0,0,1,0,0,0,0,0,0,0,0,0,0,52884882,0,128786754,2206218,0,0,0,0,0,0,0,0,16384,0,0,0,0,0,0,0,0,0,0,0,7345,408,0,0,0,0,0,132773212,0,191,0,17,408,7345,0,0,0,0,1,0,0,0,0,0,0,0,0,0,0,0,0,0,0,0,0,0,0,0,0,0,0,0,0,0,0,0,0,0,0,0,0,0,0,0,0,0,0,0,0,0,0,0,0,0,0,0,0,0,658176564,0,0,0,926906377,0,0,0,0,0,0,0,184846932,436754302,789773270,365571374080,151226937,1,1,0,0,0,0,0,0,0,0,0,0,0,0,0,0,0,0,0,0,0,0,0,0,0,0,0,0,0,0,0,1103,0,0,0,0,0,0,0
1782469514.568,0,0,0,0,0,0,0,1639880828,7155209849344,2557681897984,0,0,0,0,0,0,0,0,0,0,0,0,0,0,0,0,0,0,0,0,0,0,0,0,0,0,0,0,0,0,0,0,0,0,0,0,0,0,0,0,0,0,0,0,0,0,0,0,0,0,0,0,0,0,0,0,0,0,7,1930354,438678869,129399145,0,0,0,0,0,0,0,0,0,0,0,0,0,0,0,0,0,0,0,0,0,0,0,0,0,0,0,0,0,0,0,0,0,0,0,0,0,12877938688,5177802752,786007,316028,128822097,327,0,96,786432,436766702,811172,11,8078082398,12884901888,1588067,1292562759,0,0,0,0,0,0,0,0,0,0,0,0,0,0,0,0,0,0,43684938,143582992,0,468,1202,7661,620,87370473,35,0,0,0,0,0,0,0,1,0,0,0,0,0,0,0,0,0,0,52895636,0,128820086,2206646,0,0,0,0,0,0,0,0,16384,0,0,0,0,0,0,0,0,0,0,0,7347,408,0,0,0,0,0,132802073,0,191,0,17,408,7347,0,0,0,0,0,0,0,0,0,0,0,0,0,0,0,0,0,0,0,0,0,0,0,0,0,0,0,0,0,0,0,0,0,0,0,0,0,0,0,0,0,0,0,0,0,0,0,0,0,0,0,0,0,0,658310603,0,0,0,927065433,0,0,0,0,0,0,0,184865798,436866910,789942118,365641072640,151238738,1,0,0,0,0,0,0,0,0,0,0,0,0,0,0,0,0,0,0,0,0,0,0,0,0,0,0,0,0,0,0,2587,0,0,0,0,0,0,0
1782469515.650,0,0,0,0,0,0,0,1640214840,7157132724736,2558300973568,0,0,0,0,0,0,0,0,0,0,0,0,0,0,0,0,0,0,0,0,0,0,0,0,0,0,0,0,0,0,0,0,0,0,0,0,0,0,0,0,0,0,0,0,0,0,0,0,0,0,0,0,0,0,0,0,0,0,7,1930390,438797143,129431770,0,0,0,0,0,0,0,0,0,0,0,0,0,0,0,0,0,0,0,0,0,0,0,0,0,0,0,0,0,0,0,0,0,0,0,0,0,12879757312,5186650112,786119,316568,128853975,216,0,97,786432,436884427,811172,11,8079769052,12884901888,1590074,1292784424,0,0,0,0,0,0,0,0,0,0,0,0,0,0,0,0,0,0,43694821,143592875,0,468,1202,7661,620,87390243,35,0,0,0,0,0,0,0,1,0,0,0,0,0,0,0,0,0,0,52906830,0,128851964,2207074,0,0,0,0,0,0,0,0,16384,0,0,0,0,0,0,0,0,0,0,0,7348,408,0,0,0,0,0,132832146,0,191,0,17,408,7348,0,0,0,0,0,0,0,0,0,0,0,0,0,0,0,0,0,0,0,0,0,0,0,0,0,0,0,0,0,0,0,0,0,0,0,0,0,0,0,0,0,0,0,0,0,0,0,0,0,0,0,0,0,0,658449537,0,0,0,927234263,0,0,0,0,0,0,0,184885023,436984246,790114570,365713707520,151250735,1,1,0,0,0,0,0,0,0,0,0,0,0,0,0,0,0,0,0,0,0,0,0,0,0,0,0,0,0,0,0,1597,0,0,0,0,0,0,0
1782469516.740,0,0,0,0,0,0,0,1640547750,7159049800192,2558915115520,0,0,0,0,0,0,0,0,0,0,0,0,0,0,0,0,0,0,0,0,0,0,0,0,0,0,0,0,0,0,0,0,0,0,0,0,0,0,0,0,0,0,0,0,0,0,0,0,0,0,0,0,0,0,0,0,0,0,7,1930420,438915113,129464166,0,0,0,0,0,0,0,0,0,0,0,0,0,0,0,0,0,0,0,0,0,0,0,0,0,0,0,0,0,0,0,0,0,0,0,0,0,12876709888,5198430208,785933,317287,128885361,403,0,98,786432,437001824,811172,11,8081451063,12884901888,1593318,1293005405,0,0,0,0,0,0,0,0,0,0,0,0,0,0,0,0,0,0,43704698,143602750,0,468,1202,7661,620,87409998,35,0,0,0,0,0,0,0,1,0,0,0,0,0,0,0,0,0,0,52918000,0,128883350,2207500,0,0,0,0,0,0,0,0,16384,0,0,0,0,0,0,0,0,0,0,0,7349,408,0,0,0,0,0,132862122,0,191,0,17,408,7349,0,0,0,0,0,0,0,0,0,0,0,0,0,0,0,0,0,0,0,0,0,0,0,0,0,0,0,0,0,0,0,0,0,0,0,0,0,0,0,0,0,0,0,0,0,0,0,0,0,0,0,0,0,0,658589741,0,0,0,927402518,0,0,0,0,0,0,0,184904420,437101196,790288239,365786583552,151262534,1,0,0,0,0,0,0,0,0,0,0,0,0,0,0,0,0,0,0,0,0,0,0,0,0,0,0,0,0,0,0,664,0,0,0,0,0,0,0
1782469517.828,0,0,0,0,0,0,0,1640837082,7160725719552,2559466073088,0,0,0,0,0,0,0,0,0,0,0,0,0,0,0,0,0,0,0,0,0,0,0,0,0,0,0,0,0,0,0,0,0,0,0,0,0,0,0,0,0,0,0,0,0,0,0,0,0,0,0,0,0,0,0,0,0,0,7,1930442,439018129,129493007,0,0,0,0,0,0,0,0,0,0,0,0,0,0,0,0,0,0,0,0,0,0,0,0,0,0,0,0,0,0,0,0,0,0,0,0,0,12879167488,5198888960,786081,317315,128913372,248,0,98,786432,437104382,811172,11,8082908062,12884901888,1595809,1293194093,0,0,0,0,0,0,0,0,0,0,0,0,0,0,0,0,0,0,43713282,143611334,0,468,1202,7661,620,87427162,35,0,0,0,0,0,0,0,1,0,0,0,0,0,0,0,0,0,0,52927722,0,128911361,2207865,0,0,0,0,0,0,0,0,16384,0,0,0,0,0,0,0,0,0,0,0,7350,408,0,0,0,0,0,132888241,0,191,0,17,408,7350,0,0,0,0,0,0,0,0,0,0,0,0,0,0,0,0,0,0,0,0,0,0,0,0,0,0,0,0,0,0,0,0,0,0,0,0,0,0,0,0,0,0,0,0,0,0,0,0,0,0,0,0,0,0,658721757,0,0,0,927547585,0,0,0,0,0,0,0,184916401,437203481,790449919,365854802944,151269292,1,1,0,0,0,0,0,0,0,0,0,0,0,0,0,0,0,0,0,0,0,0,0,0,0,0,0,0,0,0,0,792,0,0,0,0,0,0,0
1782469518.913,0,0,0,0,0,0,0,1641159665,7162588416512,2560064894976,0,0,0,0,0,0,0,0,0,0,0,0,0,0,0,0,0,0,0,0,0,0,0,0,0,0,0,0,0,0,0,0,0,0,0,0,0,0,0,0,0,0,0,0,0,0,0,0,0,0,0,0,0,0,0,0,0,0,7,1930466,439132700,129524540,0,0,0,0,0,0,0,0,0,0,0,0,0,0,0,0,0,0,0,0,0,0,0,0,0,0,0,0,0,0,0,0,0,0,0,0,0,12881608704,5208211456,786232,317884,128944154,98,0,98,786432,437218449,811172,11,8084532972,12884901888,1597936,1293405115,0,0,0,0,0,0,0,0,0,0,0,0,0,0,0,0,0,0,43722850,143620902,0,468,1202,7661,620,87446306,35,0,0,0,0,0,0,0,1,0,0,0,0,0,0,0,0,0,0,52938572,0,128942143,2208291,0,0,0,0,0,0,0,0,16384,0,0,0,0,0,0,0,0,0,0,0,7351,408,0,0,0,0,0,132917317,0,191,0,17,408,7351,0,0,0,0,0,0,0,0,0,0,0,0,0,0,0,0,0,0,0,0,0,0,0,0,0,0,0,0,0,0,0,0,0,0,0,0,0,0,0,0,0,0,0,0,0,0,0,0,0,0,0,0,0,0,658859190,0,0,0,927709745,0,0,0,0,0,0,0,184935073,437317134,790619772,365926228992,151281166,0,0,0,0,0,0,0,0,0,0,0,0,0,0,0,0,0,0,0,0,0,0,0,0,0,0,0,0,0,0,0,601,0,0,0,0,0,0,0
1782469519.999,0,0,0,0,0,0,0,1641489272,7164493007360,2560676744192,0,0,0,0,0,0,0,0,0,0,0,0,0,0,0,0,0,0,0,0,0,0,0,0,0,0,0,0,0,0,0,0,0,0,0,0,0,0,0,0,0,0,0,0,0,0,0,0,0,0,0,0,0,0,0,0,0,0,7,1930494,439249886,129556745,0,0,0,0,0,0,0,0,0,0,0,0,0,0,0,0,0,0,0,0,0,0,0,0,0,0,0,0,0,0,0,0,0,0,0,0,0,12879659008,5220122624,786112,318611,128975535,222,0,98,786432,437335161,811172,11,8086194341,12884901888,1600228,1293619788,0,0,0,0,0,0,0,0,0,0,0,0,0,0,0,0,0,0,43732662,143630714,0,468,1202,7661,620,87465924,35,0,0,0,0,0,0,0,1,0,0,0,0,0,0,0,0,0,0,52949696,0,128973524,2208716,0,0,0,0,0,0,0,0,16384,0,0,0,0,0,0,0,0,0,0,0,7352,408,0,0,0,0,0,132947134,0,191,0,17,408,7352,0,0,0,0,0,0,0,0,0,0,0,0,0,0,0,0,0,0,0,0,0,0,0,0,0,0,0,0,0,0,0,0,0,0,0,0,0,0,0,0,0,0,0,0,0,0,0,0,0,0,0,0,0,0,658997656,0,0,0,927875399,0,0,0,0,0,0,0,184954745,437433338,790791443,365998402048,151293545,1,0,0,0,0,0,0,0,0,0,0,0,0,0,0,0,0,0,0,0,0,0,0,0,0,0,0,0,0,0,0,910,0,0,0,0,0,0,0
1782469521.087,0,0,0,0,0,0,0,1641822355,7166409837056,2561297547264,0,0,0,0,0,0,0,0,0,0,0,0,0,0,0,0,0,0,0,0,0,0,0,0,0,0,0,0,0,0,0,0,0,0,0,0,0,0,0,0,0,0,0,0,0,0,0,0,0,0,0,0,0,0,0,0,0,0,7,1930511,439367871,129589584,0,0,0,0,0,0,0,0,0,0,0,0,0,0,0,0,0,0,0,0,0,0,0,0,0,0,0,0,0,0,0,0,0,0,0,0,0,12878331904,5224644608,786031,318887,129007691,301,0,97,786432,437452566,811172,11,8087874235,12884901888,1602142,1293838125,0,0,0,0,0,0,0,0,0,0,0,0,0,0,0,0,0,0,43742527,143640579,0,468,1202,7661,620,87485666,35,0,0,0,0,0,0,0,1,0,0,0,0,0,0,0,0,0,0,52960876,0,129005680,2209145,0,0,0,0,0,0,0,0,16384,0,0,0,0,0,0,0,0,0,0,0,7353,408,0,0,0,0,0,132977104,0,191,0,17,408,7353,0,0,0,0,0,0,0,0,0,0,0,0,0,0,0,0,0,0,0,0,0,0,0,0,0,0,0,0,0,0,0,0,0,0,0,0,0,0,0,0,0,0,0,0,0,0,0,0,0,0,0,0,0,0,659136461,0,0,0,928042951,0,0,0,0,0,0,0,184973744,437550289,790963880,366070641664,151305354,1,0,0,0,0,0,0,0,0,0,0,0,0,0,0,0,0,0,0,0,0,0,0,0,0,0,0,0,0,0,0,479,0,0,0,0,0,0,0
1782469522.177,0,0,0,0,0,0,0,1642152029,7168308546048,2561905823744,0,0,0,0,0,0,0,0,0,0,0,0,0,0,0,0,0,0,0,0,0,0,0,0,0,0,0,0,0,0,0,0,0,0,0,0,0,0,0,0,0,0,0,0,0,0,0,0,0,0,0,0,0,0,0,0,0,0,7,1930528,439484760,129621635,0,0,0,0,0,0,0,0,0,0,0,0,0,0,0,0,0,0,0,0,0,0,0,0,0,0,0,0,0,0,0,0,0,0,0,0,0,12882558976,5234049024,786289,319461,129038945,35,0,108,786432,437568910,811172,11,8089532199,12884901888,1604373,1294050243,0,0,0,0,0,0,0,0,0,0,0,0,0,0,0,0,0,0,43752320,143650375,0,468,1202,7661,620,87505238,35,0,0,0,0,0,0,0,1,0,0,0,0,0,0,0,0,0,0,52971950,0,129036934,2209570,0,0,0,0,0,0,0,0,16384,0,0,0,0,0,0,0,0,0,0,0,7354,408,0,0,0,0,0,133006904,0,191,0,17,408,7354,0,0,0,0,0,0,0,0,0,0,0,0,0,0,0,0,0,0,0,0,0,0,0,0,0,0,0,0,0,0,0,0,0,0,0,0,0,0,0,0,0,0,0,0,0,0,0,0,0,0,0,0,0,0,659274860,0,0,0,928207379,0,0,0,0,0,0,0,184993055,437666173,791135195,366142717440,151317711,1,1,0,0,0,0,0,0,0,0,0,0,0,0,0,0,0,0,0,0,0,0,0,0,0,0,0,0,0,0,0,1924,0,0,0,0,0,0,0
1782469523.270,0,0,0,0,0,0,0,1642478011,7170188577280,2562513257984,0,0,0,0,0,0,0,0,0,0,0,0,0,0,0,0,0,0,0,0,0,0,0,0,0,0,0,0,0,0,0,0,0,0,0,0,0,0,0,0,0,0,0,0,0,0,0,0,0,0,0,0,0,0,0,0,0,0,7,1930553,439600417,129653606,0,0,0,0,0,0,0,0,0,0,0,0,0,0,0,0,0,0,0,0,0,0,0,0,0,0,0,0,0,0,0,0,0,0,0,0,0,12878938112,5237374976,786067,319664,129070000,267,0,98,786432,437684095,811172,11,8091180035,12884901888,1606921,1294266929,0,0,0,0,0,0,0,0,0,0,0,0,0,0,0,0,0,0,43761995,143660052,0,468,1202,7661,620,87524595,35,0,0,0,0,0,0,0,1,0,0,0,0,0,0,0,0,0,0,52982910,0,129067989,2209990,0,0,0,0,0,0,0,0,16384,0,0,0,0,0,0,0,0,0,0,0,7355,408,0,0,0,0,0,133036319,0,191,0,17,408,7355,0,0,0,0,0,0,0,0,0,0,0,0,0,0,0,0,0,0,0,0,0,0,0,0,0,0,0,0,0,0,0,0,0,0,0,0,0,0,0,0,0,0,0,0,0,0,0,0,0,0,0,0,0,0,659413353,0,0,0,928372619,0,0,0,0,0,0,0,185013216,437780921,791306658,366214766592,151330499,1,0,0,0,0,0,0,0,0,0,0,0,0,0,0,0,0,0,0,0,0,0,0,0,0,0,0,0,0,0,0,501,0,0,0,0,0,0,0
1782469524.361,0,0,0,0,0,0,0,1642806054,7172081617408,2563119620096,0,0,0,0,0,0,0,0,0,0,0,0,0,0,0,0,0,0,0,0,0,0,0,0,0,0,0,0,0,0,0,0,0,0,0,0,0,0,0,0,0,0,0,0,0,0,0,0,0,0,0,0,0,0,0,0,0,0,7,1930585,439716880,129685546,0,0,0,0,0,0,0,0,0,0,0,0,0,0,0,0,0,0,0,0,0,0,0,0,0,0,0,0,0,0,0,0,0,0,0,0,0,12876218368,5247516672,785903,320283,129101160,434,0,97,786432,437800052,811172,11,8092834216,12884901888,1609199,1294481194,0,0,0,0,0,0,0,0,0,0,0,0,0,0,0,0,0,0,43771740,143669794,0,468,1202,7661,620,87544081,35,0,0,0,0,0,0,0,1,0,0,0,0,0,0,0,0,0,0,52993935,0,129099149,2210414,0,0,0,0,0,0,0,0,16384,0,0,0,0,0,0,0,0,0,0,0,7356,408,0,0,0,0,0,133065936,0,191,0,17,408,7356,0,0,0,0,0,0,0,0,0,0,0,0,0,0,0,0,0,0,0,0,0,0,0,0,0,0,0,0,0,0,0,0,0,0,0,0,0,0,0,0,0,0,0,0,0,0,0,0,0,0,0,0,0,0,659551757,0,0,0,928537295,0,0,0,0,0,0,0,185032117,437896352,791477851,366286872576,151342416,1,1,0,0,0,0,0,0,0,0,0,0,0,0,0,0,0,0,0,0,0,0,0,0,0,0,0,0,0,0,0,632,0,0,0,0,0,0,0
1782469525.452,0,0,0,0,0,0,0,1643133304,7173979359744,2563755811840,0,0,0,0,0,0,0,0,0,0,0,0,0,0,0,0,0,0,0,0,0,0,0,0,0,0,0,0,0,0,0,0,0,0,0,0,0,0,0,0,0,0,0,0,0,0,0,0,0,0,0,0,0,0,0,0,0,0,7,1930605,439833636,129719276,0,0,0,0,0,0,0,0,0,0,0,0,0,0,0,0,0,0,0,0,0,0,0,0,0,0,0,0,0,0,0,0,0,0,0,0,0,12881739776,5230116864,786239,319221,129132499,97,0,96,786432,437916268,811172,11,8094483058,12884901888,1610953,1294694041,0,0,0,0,0,0,0,0,0,0,0,0,0,0,0,0,0,0,43781469,143679526,0,468,1202,7661,620,87563549,35,0,0,0,0,0,0,0,1,0,0,0,0,0,0,0,0,0,0,53004970,0,129132024,2210852,0,0,0,0,0,0,0,0,16384,0,0,0,0,0,0,0,0,0,0,0,7357,408,0,0,0,0,0,133095519,0,191,0,17,408,7357,0,0,0,0,0,0,0,0,0,0,0,0,0,0,0,0,0,0,0,0,0,0,0,0,0,0,0,0,0,0,0,0,0,0,0,0,0,0,0,0,0,0,0,0,0,0,0,0,0,0,0,0,0,0,659689541,0,0,0,928701433,0,0,0,0,0,0,0,185050800,438012178,791650093,366358468608,151353852,1,1,0,0,0,0,0,0,0,0,0,0,0,0,0,0,0,0,0,0,0,0,0,0,0,0,0,0,0,0,0,1070,0,0,0,0,0,0,0
1782469526.536,0,0,0,0,0,0,0,1643445298,7175781091840,2564347006464,0,0,0,0,0,0,0,0,0,0,0,0,0,0,0,0,0,0,0,0,0,0,0,0,0,0,0,0,0,0,0,0,0,0,0,0,0,0,0,0,0,0,0,0,0,0,0,0,0,0,0,0,0,0,0,0,0,0,7,1930629,439944468,129750627,0,0,0,0,0,0,0,0,0,0,0,0,0,0,0,0,0,0,0,0,0,0,0,0,0,0,0,0,0,0,0,0,0,0,0,0,0,12882280448,5223940096,786272,318844,129161784,63,0,96,786432,438026605,811172,11,8096052130,12884901888,1614379,1294894833,0,0,0,0,0,0,0,0,0,0,0,0,0,0,0,0,0,0,43790749,143688805,0,468,1202,7661,620,87582112,35,0,0,0,0,0,0,0,1,0,0,0,0,0,0,0,0,0,0,53015463,0,129161964,2211247,0,0,0,0,0,0,0,0,16384,0,0,0,0,0,0,0,0,0,0,0,7359,408,0,0,0,0,0,133123714,0,191,0,17,408,7359,0,0,0,0,0,0,0,0,0,0,0,0,0,0,0,0,0,0,0,0,0,0,0,0,0,0,0,0,0,0,0,0,0,0,0,0,0,0,0,0,0,0,0,0,0,0,0,0,0,0,0,0,0,0,659820233,0,0,0,928857135,0,0,0,0,0,0,0,185068638,438122031,791813491,366426528256,151364755,1,0,0,0,0,0,0,0,0,0,0,0,0,0,0,0,0,0,0,0,0,0,0,0,0,0,0,0,0,0,0,2127,0,0,0,0,0,0,0
1782469527.612,0,0,0,0,0,0,0,1643732667,7177437268480,2564926005760,0,0,0,0,0,0,0,0,0,0,0,0,0,0,0,0,0,0,0,0,0,0,0,0,0,0,0,0,0,0,0,0,0,0,0,0,0,0,0,0,0,0,0,0,0,0,0,0,0,0,0,0,0,0,0,0,0,0,7,1930645,440046262,129781228,0,0,0,0,0,0,0,0,0,0,0,0,0,0,0,0,0,0,0,0,0,0,0,0,0,0,0,0,0,0,0,0,0,0,0,0,0,12880084992,5190303744,786138,316791,129193977,184,0,109,786432,438127933,811172,11,8097498293,12884901888,1617201,1295083325,0,0,0,0,0,0,0,0,0,0,0,0,0,0,0,0,0,0,43799212,143697268,0,468,1202,7661,620,87599033,35,0,0,0,0,0,0,0,1,0,0,0,0,0,0,0,0,0,0,53025044,0,129191966,2211633,0,0,0,0,0,0,0,0,16384,0,0,0,0,0,0,0,0,0,0,0,7360,408,0,0,0,0,0,133149469,0,191,0,17,408,7360,0,0,0,0,0,0,0,0,0,0,0,0,0,0,0,0,0,0,0,0,0,0,0,0,0,0,0,0,0,0,0,0,0,0,0,0,0,0,0,0,0,0,0,0,0,0,0,0,0,0,0,0,0,0,659952628,0,0,0,929001156,0,0,0,0,0,0,0,185080368,438222999,791977447,366494994944,151371166,1,0,0,0,0,0,0,0,0,0,0,0,0,0,0,0,0,0,0,0,0,0,0,0,0,0,0,0,0,0,0,2197,0,0,0,0,0,0,0
1782469528.699,0,0,0,0,0,0,0,1644063552,7179344955904,2565537542656,0,0,0,0,0,0,0,0,0,0,0,0,0,0,0,0,0,0,0,0,0,0,0,0,0,0,0,0,0,0,0,0,0,0,0,0,0,0,0,0,0,0,0,0,0,0,0,0,0,0,0,0,0,0,0,0,0,0,7,1930678,440163653,129813444,0,0,0,0,0,0,0,0,0,0,0,0,0,0,0,0,0,0,0,0,0,0,0,0,0,0,0,0,0,0,0,0,0,0,0,0,0,12877168640,5203034112,785960,317568,129225462,376,0,96,786432,438244804,811172,11,8099170984,12884901888,1619364,1295304111,0,0,0,0,0,0,0,0,0,0,0,0,0,0,0,0,0,0,43809042,143707096,0,468,1202,7661,620,87618700,35,0,0,0,0,0,0,0,1,0,0,0,0,0,0,0,0,0,0,53036161,0,129223451,2212065,0,0,0,0,0,0,0,0,16384,0,0,0,0,0,0,0,0,0,0,0,7361,408,0,0,0,0,0,133179289,0,191,0,17,408,7361,0,0,0,0,0,0,0,0,0,0,0,0,0,0,0,0,0,0,0,0,0,0,0,0,0,0,0,0,0,0,0,0,0,0,0,0,0,0,0,0,0,0,0,0,0,0,0,0,0,0,0,0,0,0,660091257,0,0,0,929168922,0,0,0,0,0,0,0,185099858,438339388,792149138,366567323648,151383431,1,0,0,0,0,0,0,0,0,0,0,0,0,0,0,0,0,0,0,0,0,0,0,0,0,0,0,0,0,0,0,749,0,0,0,0,0,0,0
1782469529.791,0,0,0,0,0,0,0,1644395976,7181259262464,2566154105856,0,0,0,0,0,0,0,0,0,0,0,0,0,0,0,0,0,0,0,0,0,0,0,0,0,0,0,0,0,0,0,0,0,0,0,0,0,0,0,0,0,0,0,0,0,0,0,0,0,0,0,0,0,0,0,0,0,0,7,1930703,440281479,129845982,0,0,0,0,0,0,0,0,0,0,0,0,0,0,0,0,0,0,0,0,0,0,0,0,0,0,0,0,0,0,0,0,0,0,0,0,0,12881608704,5210882048,786231,318047,129257307,63,0,139,786432,438362107,811172,11,8100845821,12884901888,1621474,1295520935,0,0,0,0,0,0,0,0,0,0,0,0,0,0,0,0,0,0,43818898,143716954,0,468,1202,7661,620,87638407,35,0,0,0,0,0,0,0,1,0,0,0,0,0,0,0,0,0,0,53047318,0,129255296,2212494,0,0,0,0,0,0,0,0,16384,0,0,0,0,0,0,0,0,0,0,0,7362,408,0,0,0,0,0,133209262,0,191,0,17,408,7362,0,0,0,0,0,0,0,0,0,0,0,0,0,0,0,0,0,0,0,0,0,0,0,0,0,0,0,0,0,0,0,0,0,0,0,0,0,0,0,0,0,0,0,0,0,0,0,0,0,0,0,0,0,0,660230228,0,0,0,929335741,0,0,0,0,0,0,0,185119658,438456166,792321488,366639657984,151395853,1,0,0,0,0,0,0,0,0,0,0,0,0,0,0,0,0,0,0,0,0,0,0,0,0,0,0,0,0,0,0,1044,0,0,0,0,0,0,0
1782469530.883,0,0,0,0,0,0,0,1644721604,7183135787520,2566761828864,0,0,0,0,0,0,0,0,0,0,0,0,0,0,0,0,0,0,0,0,0,0,0,0,0,0,0,0,0,0,0,0,0,0,0,0,0,0,0,0,0,0,0,0,0,0,0,0,0,0,0,0,0,0,0,0,0,0,7,1930729,440396876,129878025,0,0,0,0,0,0,0,0,0,0,0,0,0,0,0,0,0,0,0,0,0,0,0,0,0,0,0,0,0,0,0,0,0,0,0,0,0,12876873728,5214273536,785942,318254,129288431,392,0,96,786432,438476951,811172,11,8102489008,12884901888,1624012,1295734709,0,0,0,0,0,0,0,0,0,0,0,0,0,0,0,0,0,0,43828586,143726640,0,468,1202,7661,620,87657793,35,0,0,0,0,0,0,0,1,0,0,0,0,0,0,0,0,0,0,53058288,0,129286420,2212919,0,0,0,0,0,0,0,0,16384,0,0,0,0,0,0,0,0,0,0,0,7363,408,0,0,0,0,0,133238713,0,191,0,17,408,7363,0,0,0,0,0,0,0,0,0,0,0,0,0,0,0,0,0,0,0,0,0,0,0,0,0,0,0,0,0,0,0,0,0,0,0,0,0,0,0,0,0,0,0,0,0,0,0,0,0,0,0,0,0,0,660366999,0,0,0,929500166,0,0,0,0,0,0,0,185139682,438570715,792491299,366710857728,151408491,1,0,0,0,0,0,0,0,0,0,0,0,0,0,0,0,0,0,0,0,0,0,0,0,0,0,0,0,0,0,0,505,0,0,0,0,0,0,0
1782469531.970,0,0,0,0,0,0,0,1645060591,7185093347840,2567389684224,0,0,0,0,0,0,0,0,0,0,0,0,0,0,0,0,0,0,0,0,0,0,0,0,0,0,0,0,0,0,0,0,0,0,0,0,0,0,0,0,0,0,0,0,0,0,0,0,0,0,0,0,0,0,0,0,0,0,7,1930756,440517282,129911180,0,0,0,0,0,0,0,0,0,0,0,0,0,0,0,0,0,0,0,0,0,0,0,0,0,0,0,0,0,0,0,0,0,0,0,0,0,12878462976,5219942400,786039,318600,129321045,297,0,97,786432,438596812,811172,11,8104194543,12884901888,1625370,1295954085,0,0,0,0,0,0,0,0,0,0,0,0,0,0,0,0,0,0,43838644,143736699,0,468,1202,7661,620,87677892,35,0,0,0,0,0,0,0,1,0,0,0,0,0,0,0,0,0,0,53069694,0,129319162,2213359,0,0,0,0,0,0,0,0,16384,0,0,0,0,0,0,0,0,0,0,0,7364,408,0,0,0,0,0,133269293,0,191,0,17,408,7364,0,0,0,0,0,0,0,0,0,0,0,0,0,0,0,0,0,0,0,0,0,0,0,0,0,0,0,0,0,0,0,0,0,0,0,0,0,0,0,0,0,0,0,0,0,0,0,0,0,0,0,0,0,0,660507553,0,0,0,929669593,0,0,0,0,0,0,0,185158575,438690151,792665549,366784122368,151420100,1,0,0,0,0,0,0,0,0,0,0,0,0,0,0,0,0,0,0,0,0,0,0,0,0,0,0,0,0,0,0,1461,0,0,0,0,0,0,0
1782469533.060,0,0,0,0,0,0,0,1645389146,7186990352896,2567999400448,0,0,0,0,0,0,0,0,0,0,0,0,0,0,0,0,0,0,0,0,0,0,0,0,0,0,0,0,0,0,0,0,0,0,0,0,0,0,0,0,0,0,0,0,0,0,0,0,0,0,0,0,0,0,0,0,0,0,7,1930777,440634018,129943306,0,0,0,0,0,0,0,0,0,0,0,0,0,0,0,0,0,0,0,0,0,0,0,0,0,0,0,0,0,0,0,0,0,0,0,0,0,12881068032,5229510656,786198,319184,129352443,125,0,107,786432,438713036,811172,11,8105850050,12884901888,1627685,1296168067,0,0,0,0,0,0,0,0,0,0,0,0,0,0,0,0,0,0,43848399,143746454,0,468,1202,7661,620,87697406,35,0,0,0,0,0,0,0,1,0,0,0,0,0,0,0,0,0,0,53080742,0,129350432,2213787,0,0,0,0,0,0,0,0,16384,0,0,0,0,0,0,0,0,0,0,0,7365,408,0,0,0,0,0,133298942,0,191,0,17,408,7365,0,0,0,0,0,0,0,0,0,0,0,0,0,0,0,0,0,0,0,0,0,0,0,0,0,0,0,0,0,0,0,0,0,0,0,0,0,0,0,0,0,0,0,0,0,0,0,0,0,0,0,0,0,0,660645915,0,0,0,929834569,0,0,0,0,0,0,0,185177967,438805895,792837008,366856039424,151432226,1,0,0,0,0,0,0,0,0,0,0,0,0,0,0,0,0,0,0,0,0,0,0,0,0,0,0,0,0,0,0,1684,0,0,0,0,0,0,0
1782469534.150,0,0,0,0,0,0,0,1645714990,7188874758656,2568606315008,0,0,0,0,0,0,0,0,0,0,0,0,0,0,0,0,0,0,0,0,0,0,0,0,0,0,0,0,0,0,0,0,0,0,0,0,0,0,0,0,0,0,0,0,0,0,0,0,0,0,0,0,0,0,0,0,0,0,7,1930802,440749907,129975305,0,0,0,0,0,0,0,0,0,0,0,0,0,0,0,0,0,0,0,0,0,0,0,0,0,0,0,0,0,0,0,0,0,0,0,0,0,12875759616,5234114560,785873,319464,129383570,461,0,100,786432,438828406,811172,11,8107494738,12884901888,1630629,1296382804,0,0,0,0,0,0,0,0,0,0,0,0,0,0,0,0,0,0,43858091,143756144,0,468,1202,7661,620,87716786,35,0,0,0,0,0,0,0,1,0,0,0,0,0,0,0,0,0,0,53091702,0,129381559,2214218,0,0,0,0,0,0,0,0,16384,0,0,0,0,0,0,0,0,0,0,0,7366,408,0,0,0,0,0,133328393,0,191,0,17,408,7366,0,0,0,0,0,0,0,0,0,0,0,0,0,0,0,0,0,0,0,0,0,0,0,0,0,0,0,0,0,0,0,0,0,0,0,0,0,0,0,0,0,0,0,0,0,0,0,0,0,0,0,0,0,0,660783010,0,0,0,929999099,0,0,0,0,0,0,0,185197563,438920873,793007072,366927521280,151444251,1,0,0,0,0,0,0,0,0,0,0,0,0,0,0,0,0,0,0,0,0,0,0,0,0,0,0,0,0,0,0,962,0,0,0,0,0,0,0
1782469535.236,0,0,0,0,0,0,0,1646044116,7190768716288,2569214544384,0,0,0,0,0,0,0,0,0,0,0,0,0,0,0,0,0,0,0,0,0,0,0,0,0,0,0,0,0,0,0,0,0,0,0,0,0,0,0,0,0,0,0,0,0,0,0,0,0,0,0,0,0,0,0,0,0,0,7,1930827,440866420,130007367,0,0,0,0,0,0,0,0,0,0,0,0,0,0,0,0,0,0,0,0,0,0,0,0,0,0,0,0,0,0,0,0,0,0,0,0,0,12878790656,5239685120,786060,319805,129414900,281,0,98,786432,438944421,811172,11,8109153177,12884901888,1632566,1296597193,0,0,0,0,0,0,0,0,0,0,0,0,0,0,0,0,0,0,43867849,143765905,0,468,1202,7661,620,87736305,35,0,0,0,0,0,0,0,1,0,0,0,0,0,0,0,0,0,0,53102768,0,129412889,2214642,0,0,0,0,0,0,0,0,16384,0,0,0,0,0,0,0,0,0,0,0,7367,408,0,0,0,0,0,133358065,0,191,0,17,408,7367,0,0,0,0,0,0,0,0,0,0,0,0,0,0,0,0,0,0,0,0,0,0,0,0,0,0,0,0,0,0,0,0,0,0,0,0,0,0,0,0,0,0,0,0,0,0,0,0,0,0,0,0,0,0,660921408,0,0,0,930164132,0,0,0,0,0,0,0,185216276,439036296,793178339,366999517184,151455972,1,1,0,0,0,0,0,0,0,0,0,0,0,0,0,0,0,0,0,0,0,0,0,0,0,0,0,0,0,0,0,1331,0,0,0,0,0,0,0
1782469536.319,0,0,0,0,0,0,0,1646343144,7192490183168,2569781594624,0,0,0,0,0,0,0,0,0,0,0,0,0,0,0,0,0,0,0,0,0,0,0,0,0,0,0,0,0,0,0,0,0,0,0,0,0,0,0,0,0,0,0,0,0,0,0,0,0,0,0,0,0,0,0,0,0,0,7,1930846,440972246,130037131,0,0,0,0,0,0,0,0,0,0,0,0,0,0,0,0,0,0,0,0,0,0,0,0,0,0,0,0,0,0,0,0,0,0,0,0,0,12879331328,5237784576,786092,319689,129443698,242,0,98,786432,439049771,811172,11,8110658278,12884901888,1635463,1296792246,0,0,0,0,0,0,0,0,0,0,0,0,0,0,0,0,0,0,43876708,143774765,0,468,1202,7661,620,87754031,35,0,0,0,0,0,0,0,1,0,0,0,0,0,0,0,0,0,0,53112797,0,129441687,2215019,0,0,0,0,0,0,0,0,16384,0,0,0,0,0,0,0,0,0,0,0,7368,408,0,0,0,0,0,133384993,0,191,0,17,408,7368,0,0,0,0,0,0,0,0,0,0,0,0,0,0,0,0,0,0,0,0,0,0,0,0,0,0,0,0,0,0,0,0,0,0,0,0,0,0,0,0,0,0,0,0,0,0,0,0,0,0,0,0,0,0,661053880,0,0,0,930314108,0,0,0,0,0,0,0,185231689,439141348,793341636,367068195840,151465842,1,1,0,0,0,0,0,0,0,0,0,0,0,0,0,0,0,0,0,0,0,0,0,0,0,0,0,0,0,0,0,1445,0,0,0,0,0,0,0
1782469537.402,0,0,0,0,0,0,0,1646647308,7194244139520,2570352342528,0,0,0,0,0,0,0,0,0,0,0,0,0,0,0,0,0,0,0,0,0,0,0,0,0,0,0,0,0,0,0,0,0,0,0,0,0,0,0,0,0,0,0,0,0,0,0,0,0,0,0,0,0,0,0,0,0,0,7,1930870,441080129,130067104,0,0,0,0,0,0,0,0,0,0,0,0,0,0,0,0,0,0,0,0,0,0,0,0,0,0,0,0,0,0,0,0,0,0,0,0,0,12880363520,5241569280,786155,319920,129472835,178,0,97,786432,439157185,811172,11,8112190666,12884901888,1638140,1296992269,0,0,0,0,0,0,0,0,0,0,0,0,0,0,0,0,0,0,43885737,143783793,0,468,1202,7661,620,87772069,35,0,0,0,0,0,0,0,1,0,0,0,0,0,0,0,0,0,0,53123041,0,129470824,2215417,0,0,0,0,0,0,0,0,16384,0,0,0,0,0,0,0,0,0,0,0,7369,408,0,0,0,0,0,133412444,0,191,0,17,408,7369,0,0,0,0,0,0,0,0,0,0,0,0,0,0,0,0,0,0,0,0,0,0,0,0,0,0,0,0,0,0,0,0,0,0,0,0,0,0,0,0,0,0,0,0,0,0,0,0,0,0,0,0,0,0,661187716,0,0,0,930467419,0,0,0,0,0,0,0,185247036,439248365,793506354,367137775616,151475223,1,0,0,0,0,0,0,0,0,0,0,0,0,0,0,0,0,0,0,0,0,0,0,0,0,0,0,0,0,0,0,939,0,0,0,0,0,0,0
1782469538.488,0,0,0,0,0,0,0,1646963230,7196073085440,2570992151040,0,0,0,0,0,0,0,0,0,0,0,0,0,0,0,0,0,0,0,0,0,0,0,0,0,0,0,0,0,0,0,0,0,0,0,0,0,0,0,0,0,0,0,0,0,0,0,0,0,0,0,0,0,0,0,0,0,0,7,1930891,441192687,130100965,0,0,0,0,0,0,0,0,0,0,0,0,0,0,0,0,0,0,0,0,0,0,0,0,0,0,0,0,0,0,0,0,0,0,0,0,0,12881723392,5202526208,786237,317537,129503153,97,0,98,786432,439269271,811172,11,8113783995,12884901888,1641024,1297198671,0,0,0,0,0,0,0,0,0,0,0,0,0,0,0,0,0,0,43895133,143793189,0,468,1202,7661,620,87790866,35,0,0,0,0,0,0,0,1,0,0,0,0,0,0,0,0,0,0,53133680,0,129503702,2215849,0,0,0,0,0,0,0,0,16384,0,0,0,0,0,0,0,0,0,0,0,7370,408,0,0,0,0,0,133441006,0,191,0,17,408,7370,0,0,0,0,0,0,0,0,0,0,0,0,0,0,0,0,0,0,0,0,0,0,0,0,0,0,0,0,0,0,0,0,0,0,0,0,0,0,0,0,0,0,0,0,0,0,0,0,0,0,0,0,0,0,661320906,0,0,0,930626324,0,0,0,0,0,0,0,185266311,439360004,793674444,367207036928,151487482,1,1,0,0,0,0,0,0,0,0,0,0,0,0,0,0,0,0,0,0,0,0,0,0,0,0,0,0,0,0,0,801,0,0,0,0,0,0,0
1782469539.574,0,0,0,0,0,0,0,1647281486,7197911452160,2571614233600,0,0,0,0,0,0,0,0,0,0,0,0,0,0,0,0,0,0,0,0,0,0,0,0,0,0,0,0,0,0,0,0,0,0,0,0,0,0,0,0,0,0,0,0,0,0,0,0,0,0,0,0,0,0,0,0,0,0,7,1930913,441305848,130134416,0,0,0,0,0,0,0,0,0,0,0,0,0,0,0,0,0,0,0,0,0,0,0,0,0,0,0,0,0,0,0,0,0,0,0,0,0,12879118336,5172887552,786078,315728,129538297,257,0,98,786432,439381939,811172,11,8115383993,12884901888,1643767,1297402727,0,0,0,0,0,0,0,0,0,0,0,0,0,0,0,0,0,0,43904591,143802641,0,468,1202,7661,620,87809779,35,0,0,0,0,0,0,0,1,0,0,0,0,0,0,0,0,0,0,53144378,0,129536286,2216282,0,0,0,0,0,0,0,0,16384,0,0,0,0,0,0,0,0,0,0,0,7372,408,0,0,0,0,0,133469735,0,191,0,17,408,7372,0,0,0,0,0,0,0,0,0,0,0,0,0,0,0,0,0,0,0,0,0,0,0,0,0,0,0,0,0,0,0,0,0,0,0,0,0,0,0,0,0,0,0,0,0,0,0,0,0,0,0,0,0,0,661453551,0,0,0,930785078,0,0,0,0,0,0,0,185286040,439472174,793841496,367275994112,151499772,1,0,0,0,0,0,0,0,0,0,0,0,0,0,0,0,0,0,0,0,0,0,0,0,0,0,0,0,0,0,0,2027,0,0,0,0,0,0,0
1782469540.659,0,0,0,0,0,0,0,1647609643,7199804393984,2572228708864,0,0,0,0,0,0,0,0,0,0,0,0,0,0,0,0,0,0,0,0,0,0,0,0,0,0,0,0,0,0,0,0,0,0,0,0,0,0,0,0,0,0,0,0,0,0,0,0,0,0,0,0,0,0,0,0,0,0,7,1930943,441422306,130166881,0,0,0,0,0,0,0,0,0,0,0,0,0,0,0,0,0,0,0,0,0,0,0,0,0,0,0,0,0,0,0,0,0,0,0,0,0,12880461824,5177622528,786160,316017,129569832,173,0,98,786432,439497843,811172,11,8117041049,12884901888,1645906,1297619858,0,0,0,0,0,0,0,0,0,0,0,0,0,0,0,0,0,0,43914313,143812372,0,468,1202,7661,620,87829226,35,0,0,0,0,0,0,0,1,0,0,0,0,0,0,0,0,0,0,53155391,0,129567949,2216712,0,0,0,0,0,0,0,0,16384,0,0,0,0,0,0,0,0,0,0,0,7373,408,0,0,0,0,0,133499342,0,191,0,17,408,7373,0,0,0,0,0,0,0,0,0,0,0,0,0,0,0,0,0,0,0,0,0,0,0,0,0,0,0,0,0,0,0,0,0,0,0,0,0,0,0,0,0,0,0,0,0,0,0,0,0,0,0,0,0,0,661591023,0,0,0,930950674,0,0,0,0,0,0,0,185305531,439587632,794012330,367347616768,151511921,1,0,0,0,0,0,0,0,0,0,0,0,0,0,0,0,0,0,0,0,0,0,0,0,0,0,0,0,0,0,0,1280,0,0,0,0,0,0,0
1782469541.746,0,0,0,0,0,0,0,1647943847,7201732643328,2572849239552,0,0,0,0,0,0,0,0,0,0,0,0,0,0,0,0,0,0,0,0,0,0,0,0,0,0,0,0,0,0,0,0,0,0,0,0,0,0,0,0,0,0,0,0,0,0,0,0,0,0,0,0,0,0,0,0,0,0,7,1930980,441540969,130199642,0,0,0,0,0,0,0,0,0,0,0,0,0,0,0,0,0,0,0,0,0,0,0,0,0,0,0,0,0,0,0,0,0,0,0,0,0,12880150528,5186240512,786143,316543,129602030,193,0,98,786432,439615992,811172,11,8118725575,12884901888,1647610,1297838422,0,0,0,0,0,0,0,0,0,0,0,0,0,0,0,0,0,0,43924232,143822290,0,468,1202,7661,620,87849072,35,0,0,0,0,0,0,0,1,0,0,0,0,0,0,0,0,0,0,53166628,0,129600019,2217143,0,0,0,0,0,0,0,0,16384,0,0,0,0,0,0,0,0,0,0,0,7374,408,0,0,0,0,0,133529474,0,191,0,17,408,7374,0,0,0,0,0,0,0,0,0,0,0,0,0,0,0,0,0,0,0,0,0,0,0,0,0,0,0,0,0,0,0,0,0,0,0,0,0,0,0,0,0,0,0,0,0,0,0,0,0,0,0,0,0,0,661731327,0,0,0,931118668,0,0,0,0,0,0,0,185324173,439705273,794186118,367420692992,151523393,1,0,0,0,0,0,0,0,0,0,0,0,0,0,0,0,0,0,0,0,0,0,0,0,0,0,0,0,0,0,0,1397,0,0,0,0,0,0,0
1782469542.831,0,0,0,0,0,0,0,1648272391,7203631794688,2573463441920,0,0,0,0,0,0,0,0,0,0,0,0,0,0,0,0,0,0,0,0,0,0,0,0,0,0,0,0,0,0,0,0,0,0,0,0,0,0,0,0,0,0,0,0,0,0,0,0,0,0,0,0,0,0,0,0,0,0,7,1931011,441657827,130232057,0,0,0,0,0,0,0,0,0,0,0,0,0,0,0,0,0,0,0,0,0,0,0,0,0,0,0,0,0,0,0,0,0,0,0,0,0,12876890112,5190238208,785943,316787,129633641,393,0,96,786432,439732318,811172,11,8120382898,12884901888,1649804,1298054445,0,0,0,0,0,0,0,0,0,0,0,0,0,0,0,0,0,0,43933982,143832038,0,468,1202,7661,620,87868568,35,0,0,0,0,0,0,0,1,0,0,0,0,0,0,0,0,0,0,53177679,0,129631630,2217570,0,0,0,0,0,0,0,0,16384,0,0,0,0,0,0,0,0,0,0,0,7375,408,0,0,0,0,0,133559116,0,191,0,17,408,7375,0,0,0,0,0,0,0,0,0,0,0,0,0,0,0,0,0,0,0,0,0,0,0,0,0,0,0,0,0,0,0,0,0,0,0,0,0,0,0,0,0,0,0,0,0,0,0,0,0,0,0,0,0,0,661868410,0,0,0,931283900,0,0,0,0,0,0,0,185343364,439821089,794356489,367492310016,151535425,1,1,0,0,0,0,0,0,0,0,0,0,0,0,0,0,0,0,0,0,0,0,0,0,0,0,0,0,0,0,0,1218,0,0,0,0,0,0,0
1782469543.919,0,0,0,0,0,0,0,1648602890,7205537073664,2574075361792,0,0,0,0,0,0,0,0,0,0,0,0,0,0,0,0,0,0,0,0,0,0,0,0,0,0,0,0,0,0,0,0,0,0,0,0,0,0,0,0,0,0,0,0,0,0,0,0,0,0,0,0,0,0,0,0,0,0,7,1931032,441775055,130264335,0,0,0,0,0,0,0,0,0,0,0,0,0,0,0,0,0,0,0,0,0,0,0,0,0,0,0,0,0,0,0,0,0,0,0,0,0,12877578240,5199085568,785985,317327,129665283,348,0,98,786432,439849006,811172,11,8122050220,12884901888,1651708,1298271229,0,0,0,0,0,0,0,0,0,0,0,0,0,0,0,0,0,0,43943806,143841861,0,468,1202,7661,620,87888229,35,0,0,0,0,0,0,0,1,0,0,0,0,0,0,0,0,0,0,53188816,0,129663272,2218007,0,0,0,0,0,0,0,0,16384,0,0,0,0,0,0,0,0,0,0,0,7376,408,0,0,0,0,0,133588999,0,191,0,17,408,7376,0,0,0,0,0,0,0,0,0,0,0,0,0,0,0,0,0,0,0,0,0,0,0,0,0,0,0,0,0,0,0,0,0,0,0,0,0,0,0,0,0,0,0,0,0,0,0,0,0,0,0,0,0,0,662006888,0,0,0,931450553,0,0,0,0,0,0,0,185362861,439937323,794528023,367564378624,151547634,1,0,0,0,0,0,0,0,0,0,0,0,0,0,0,0,0,0,0,0,0,0,0,0,0,0,0,0,0,0,0,789,0,0,0,0,0,0,0
1782469545.006,0,0,0,0,0,0,0,1648924908,7207395887616,2574672631808,0,0,0,0,0,0,0,0,0,0,0,0,0,0,0,0,0,0,0,0,0,0,0,0,0,0,0,0,0,0,0,0,0,0,0,0,0,0,0,0,0,0,0,0,0,0,0,0,0,0,0,0,0,0,0,0,0,0,7,1931063,441889430,130295832,0,0,0,0,0,0,0,0,0,0,0,0,0,0,0,0,0,0,0,0,0,0,0,0,0,0,0,0,0,0,0,0,0,0,0,0,0,12879003648,5206605824,786072,317786,129695858,259,0,98,786432,439962927,811172,11,8123670919,12884901888,1654209,1298479909,0,0,0,0,0,0,0,0,0,0,0,0,0,0,0,0,0,0,43953353,143851410,0,468,1202,7661,620,87907312,35,0,0,0,0,0,0,0,1,0,0,0,0,0,0,0,0,0,0,53199631,0,129693847,2218426,0,0,0,0,0,0,0,0,16384,0,0,0,0,0,0,0,0,0,0,0,7377,408,0,0,0,0,0,133618044,0,191,0,17,408,7377,0,0,0,0,0,0,0,0,0,0,0,0,0,0,0,0,0,0,0,0,0,0,0,0,0,0,0,0,0,0,0,0,0,0,0,0,0,0,0,0,0,0,0,0,0,0,0,0,0,0,0,0,0,0,662142769,0,0,0,931611727,0,0,0,0,0,0,0,185382147,440050728,794696348,367635151872,151559747,0,0,0,0,0,0,0,0,0,0,0,0,0,0,0,0,0,0,0,0,0,0,0,0,0,0,0,0,0,0,0,1471,0,0,0,0,0,0,0
1782469546.095,0,0,0,0,0,0,0,1649215888,7209076247040,2575226309120,0,0,0,0,0,0,0,0,0,0,0,0,0,0,0,0,0,0,0,0,0,0,0,0,0,0,0,0,0,0,0,0,0,0,0,0,0,0,0,0,0,0,0,0,0,0,0,0,0,0,0,0,0,0,0,0,0,0,7,1931087,441992742,130324863,0,0,0,0,0,0,0,0,0,0,0,0,0,0,0,0,0,0,0,0,0,0,0,0,0,0,0,0,0,0,0,0,0,0,0,0,0,12883296256,5207916544,786334,317866,129724007,1,0,97,786432,440065796,811172,11,8125139798,12884901888,1656877,1298672476,0,0,0,0,0,0,0,0,0,0,0,0,0,0,0,0,0,0,43961987,143860042,0,468,1202,7661,620,87924580,35,0,0,0,0,0,0,0,1,0,0,0,0,0,0,0,0,0,0,53209415,0,129721996,2218790,0,0,0,0,0,0,0,0,16384,0,0,0,0,0,0,0,0,0,0,0,7378,408,0,0,0,0,0,133644272,0,191,0,17,408,7378,0,0,0,0,0,0,0,0,0,0,0,0,0,0,0,0,0,0,0,0,0,0,0,0,0,0,0,0,0,0,0,0,0,0,0,0,0,0,0,0,0,0,0,0,0,0,0,0,0,0,0,0,0,0,662273370,0,0,0,931758909,0,0,0,0,0,0,0,185396572,440153253,794856804,367702883328,151569276,1,0,0,0,0,0,0,0,0,0,0,0,0,0,0,0,0,0,0,0,0,0,0,0,0,0,0,0,0,0,0,482,0,0,0,0,0,0,0
1782469547.182,0,0,0,0,0,0,0,1649524225,7210851748352,2575803262464,0,0,0,0,0,0,0,0,0,0,0,0,0,0,0,0,0,0,0,0,0,0,0,0,0,0,0,0,0,0,0,0,0,0,0,0,0,0,0,0,0,0,0,0,0,0,0,0,0,0,0,0,0,0,0,0,0,0,7,1931110,442101951,130355239,0,0,0,0,0,0,0,0,0,0,0,0,0,0,0,0,0,0,0,0,0,0,0,0,0,0,0,0,0,0,0,0,0,0,0,0,0,12880068608,5215289344,786137,318316,129753642,186,0,109,786432,440174549,811172,11,8126692091,12884901888,1659878,1298873572,0,0,0,0,0,0,0,0,0,0,0,0,0,0,0,0,0,0,43971133,143869187,0,468,1202,7661,620,87942871,35,0,0,0,0,0,0,0,1,0,0,0,0,0,0,0,0,0,0,53219782,0,129751631,2219192,0,0,0,0,0,0,0,0,16384,0,0,0,0,0,0,0,0,0,0,0,7379,408,0,0,0,0,0,133672092,0,191,0,17,408,7379,0,0,0,0,0,0,0,0,0,0,0,0,0,0,0,0,0,0,0,0,0,0,0,0,0,0,0,0,0,0,0,0,0,0,0,0,0,0,0,0,0,0,0,0,0,0,0,0,0,0,0,0,0,0,662406138,0,0,0,931913561,0,0,0,0,0,0,0,185413902,440261511,795020944,367771857920,151580339,1,0,0,0,0,0,0,0,0,0,0,0,0,0,0,0,0,0,0,0,0,0,0,0,0,0,0,0,0,0,0,581,0,0,0,0,0,0,0
1782469548.265,0,0,0,0,0,0,0,1649855859,7212762401280,2576416952320,0,0,0,0,0,0,0,0,0,0,0,0,0,0,0,0,0,0,0,0,0,0,0,0,0,0,0,0,0,0,0,0,0,0,0,0,0,0,0,0,0,0,0,0,0,0,0,0,0,0,0,0,0,0,0,0,0,0,7,1931135,442219435,130387580,0,0,0,0,0,0,0,0,0,0,0,0,0,0,0,0,0,0,0,0,0,0,0,0,0,0,0,0,0,0,0,0,0,0,0,0,0,12879691776,5228281856,786114,319109,129785315,220,0,98,786432,440291496,811172,11,8128360853,12884901888,1661748,1299088065,0,0,0,0,0,0,0,0,0,0,0,0,0,0,0,0,0,0,43980962,143879019,0,468,1202,7661,620,87962531,35,0,0,0,0,0,0,0,1,0,0,0,0,0,0,0,0,0,0,53230898,0,129783380,2219628,0,0,0,0,0,0,0,0,16384,0,0,0,0,0,0,0,0,0,0,0,7380,408,0,0,0,0,0,133701974,0,191,0,17,408,7380,0,0,0,0,0,0,0,0,0,0,0,0,0,0,0,0,0,0,0,0,0,0,0,0,0,0,0,0,0,0,0,0,0,0,0,0,0,0,0,0,0,0,0,0,0,0,0,0,0,0,0,0,0,0,662545777,0,0,0,932079252,0,0,0,0,0,0,0,185433036,440377998,795193612,367844584448,151592242,1,0,0,0,0,0,0,0,0,0,0,0,0,0,0,0,0,0,0,0,0,0,0,0,0,0,0,0,0,0,0,1640,0,0,0,0,0,0,0
1782469549.351,0,0,0,0,0,0,0,1650182319,7214651640320,2577026059264,0,0,0,0,0,0,0,0,0,0,0,0,0,0,0,0,0,0,0,0,0,0,0,0,0,0,0,0,0,0,0,0,0,0,0,0,0,0,0,0,0,0,0,0,0,0,0,0,0,0,0,0,0,0,0,0,0,0,7,1931163,442335632,130419732,0,0,0,0,0,0,0,0,0,0,0,0,0,0,0,0,0,0,0,0,0,0,0,0,0,0,0,0,0,0,0,0,0,0,0,0,0,12878036992,5234458624,786013,319486,129816663,321,0,96,786432,440407182,811172,11,8130005689,12884901888,1664121,1299301062,0,0,0,0,0,0,0,0,0,0,0,0,0,0,0,0,0,0,43990643,143888698,0,468,1202,7661,620,87981895,35,0,0,0,0,0,0,0,1,0,0,0,0,0,0,0,0,0,0,53241862,0,129814652,2220050,0,0,0,0,0,0,0,0,16384,0,0,0,0,0,0,0,0,0,0,0,7381,408,0,0,0,0,0,133731385,0,191,0,17,408,7381,0,0,0,0,0,0,0,0,0,0,0,0,0,0,0,0,0,0,0,0,0,0,0,0,0,0,0,0,0,0,0,0,0,0,0,0,0,0,0,0,0,0,0,0,0,0,0,0,0,0,0,0,0,0,662681847,0,0,0,932242812,0,0,0,0,0,0,0,185453057,440493224,795362836,367915522560,151604950,1,0,0,0,0,0,0,0,0,0,0,0,0,0,0,0,0,0,0,0,0,0,0,0,0,0,0,0,0,0,0,2066,0,0,0,0,0,0,0
1782469550.441,0,0,0,0,0,0,0,1650507061,7216526756352,2577655415808,0,0,0,0,0,0,0,0,0,0,0,0,0,0,0,0,0,0,0,0,0,0,0,0,0,0,0,0,0,0,0,0,0,0,0,0,0,0,0,0,0,0,0,0,0,0,0,0,0,0,0,0,0,0,0,0,0,0,7,1931196,442451035,130452857,0,0,0,0,0,0,0,0,0,0,0,0,0,0,0,0,0,0,0,0,0,0,0,0,0,0,0,0,0,0,0,0,0,0,0,0,0,12880183296,5222825984,786144,318776,129847646,192,0,96,786432,440522076,811172,11,8131644364,12884901888,1667097,1299516024,0,0,0,0,0,0,0,0,0,0,0,0,0,0,0,0,0,0,44000276,143898328,0,468,1202,7661,620,88001159,35,0,0,0,0,0,0,0,1,0,0,0,0,0,0,0,0,0,0,53252768,0,129846575,2220471,0,0,0,0,0,0,0,0,16384,0,0,0,0,0,0,0,0,0,0,0,7382,408,0,0,0,0,0,133760643,0,191,0,17,408,7382,0,0,0,0,0,0,0,0,0,0,0,0,0,0,0,0,0,0,0,0,0,0,0,0,0,0,0,0,0,0,0,0,0,0,0,0,0,0,0,0,0,0,0,0,0,0,0,0,0,0,0,0,0,0,662820191,0,0,0,932406757,0,0,0,0,0,0,0,185471992,440607677,795535314,367987537920,151616867,1,1,0,0,0,0,0,0,0,0,0,0,0,0,0,0,0,0,0,0,0,0,0,0,0,0,0,0,0,0,0,1054,0,0,0,0,0,0,0
1782469551.525,0,0,0,0,0,0,0,1650829033,7218392369664,2578291229184,0,0,0,0,0,0,0,0,0,0,0,0,0,0,0,0,0,0,0,0,0,0,0,0,0,0,0,0,0,0,0,0,0,0,0,0,0,0,0,0,0,0,0,0,0,0,0,0,0,0,0,0,0,0,0,0,0,0,7,1931220,442565811,130486737,0,0,0,0,0,0,0,0,0,0,0,0,0,0,0,0,0,0,0,0,0,0,0,0,0,0,0,0,0,0,0,0,0,0,0,0,0,12882034688,5194563584,786257,317052,129878439,69,0,105,786432,440636340,811172,11,8133267988,12884901888,1669415,1299726564,0,0,0,0,0,0,0,0,0,0,0,0,0,0,0,0,0,0,44009847,143907903,0,468,1202,7661,620,88020304,35,0,0,0,0,0,0,0,1,0,0,0,0,0,0,0,0,0,0,53263620,0,129879544,2220905,0,0,0,0,0,0,0,0,16384,0,0,0,0,0,0,0,0,0,0,0,7383,408,0,0,0,0,0,133789740,0,191,0,17,408,7383,0,0,0,0,0,0,0,0,0,0,0,0,0,0,0,0,0,0,0,0,0,0,0,0,0,0,0,0,0,0,0,0,0,0,0,0,0,0,0,0,0,0,0,0,0,0,0,0,0,0,0,0,0,0,662957064,0,0,0,932568910,0,0,0,0,0,0,0,185490883,440721530,795706938,368058703872,151628547,0,0,0,0,0,0,0,0,0,0,0,0,0,0,0,0,0,0,0,0,0,0,0,0,0,0,0,0,0,0,0,844,0,0,0,0,0,0,0
1782469552.607,0,0,0,0,0,0,0,1651146313,7220223347200,2578903712768,0,0,0,0,0,0,0,0,0,0,0,0,0,0,0,0,0,0,0,0,0,0,0,0,0,0,0,0,0,0,0,0,0,0,0,0,0,0,0,0,0,0,0,0,0,0,0,0,0,0,0,0,0,0,0,0,0,0,7,1931244,442678545,130519368,0,0,0,0,0,0,0,0,0,0,0,0,0,0,0,0,0,0,0,0,0,0,0,0,0,0,0,0,0,0,0,0,0,0,0,0,0,12877201408,5181276160,785962,316240,129913771,360,0,109,786432,440748615,811172,11,8134861477,12884901888,1671821,1299929662,0,0,0,0,0,0,0,0,0,0,0,0,0,0,0,0,0,0,44019277,143917331,0,468,1202,7661,620,88039156,35,0,0,0,0,0,0,0,1,0,0,0,0,0,0,0,0,0,0,53274285,0,129911676,2221333,0,0,0,0,0,0,0,0,16384,0,0,0,0,0,0,0,0,0,0,0,7385,408,0,0,0,0,0,133818403,0,191,0,17,408,7385,0,0,0,0,0,0,0,0,0,0,0,0,0,0,0,0,0,0,0,0,0,0,0,0,0,0,0,0,0,0,0,0,0,0,0,0,0,0,0,0,0,0,0,0,0,0,0,0,0,0,0,0,0,0,663090197,0,0,0,932726619,0,0,0,0,0,0,0,185510268,440833347,795873517,368127946752,151640549,1,1,0,0,0,0,0,0,0,0,0,0,0,0,0,0,0,0,0,0,0,0,0,0,0,0,0,0,0,0,0,2590,0,0,0,0,0,0,0
1782469553.688,0,0,0,0,0,0,0,1651473654,7222113683968,2579513093120,0,0,0,0,0,0,0,0,0,0,0,0,0,0,0,0,0,0,0,0,0,0,0,0,0,0,0,0,0,0,0,0,0,0,0,0,0,0,0,0,0,0,0,0,0,0,0,0,0,0,0,0,0,0,0,0,0,0,7,1931268,442794803,130551486,0,0,0,0,0,0,0,0,0,0,0,0,0,0,0,0,0,0,0,0,0,0,0,0,0,0,0,0,0,0,0,0,0,0,0,0,0,12879298560,5190025216,786090,316773,129944978,245,0,98,786432,440864364,811172,11,8136516182,12884901888,1674604,1300148100,0,0,0,0,0,0,0,0,0,0,0,0,0,0,0,0,0,0,44028978,143927031,0,468,1202,7661,620,88058555,35,0,0,0,0,0,0,0,1,0,0,0,0,0,0,0,0,0,0,53285263,0,129942883,2221757,0,0,0,0,0,0,0,0,16384,0,0,0,0,0,0,0,0,0,0,0,7386,408,0,0,0,0,0,133847858,0,191,0,17,408,7386,0,0,0,0,0,0,0,0,0,0,0,0,0,0,0,0,0,0,0,0,0,0,0,0,0,0,0,0,0,0,0,0,0,0,0,0,0,0,0,0,0,0,0,0,0,0,0,0,0,0,0,0,0,0,663228463,0,0,0,932892890,0,0,0,0,0,0,0,185529694,440948619,796044940,368200085504,151652712,1,0,0,0,0,0,0,0,0,0,0,0,0,0,0,0,0,0,0,0,0,0,0,0,0,0,0,0,0,0,0,806,0,0,0,0,0,0,0
1782469554.775,0,0,0,0,0,0,0,1651780767,7223898589696,2580093349888,0,0,0,0,0,0,0,0,0,0,0,0,0,0,0,0,0,0,0,0,0,0,0,0,0,0,0,0,0,0,0,0,0,0,0,0,0,0,0,0,0,0,0,0,0,0,0,0,0,0,0,0,0,0,0,0,0,0,7,1931285,442904580,130582122,0,0,0,0,0,0,0,0,0,0,0,0,0,0,0,0,0,0,0,0,0,0,0,0,0,0,0,0,0,0,0,0,0,0,0,0,0,12879020032,5189271552,786073,316727,129974133,264,0,97,786432,440973684,811172,11,8138058195,12884901888,1679469,1300343095,0,0,0,0,0,0,0,0,0,0,0,0,0,0,0,0,0,0,44038074,143936130,0,468,1202,7661,620,88076760,35,0,0,0,0,0,0,0,1,0,0,0,0,0,0,0,0,0,0,53295576,0,129972038,2222141,0,0,0,0,0,0,0,0,16384,0,0,0,0,0,0,0,0,0,0,0,7387,408,0,0,0,0,0,133875580,0,191,0,17,408,7387,0,0,0,0,0,0,0,0,0,0,0,0,0,0,0,0,0,0,0,0,0,0,0,0,0,0,0,0,0,0,0,0,0,0,0,0,0,0,0,0,0,0,0,0,0,0,0,0,0,0,0,0,0,0,663359334,0,0,0,933044792,0,0,0,0,0,0,0,185547329,441057517,796207932,368267998720,151663764,0,0,0,0,0,0,0,0,0,0,0,0,0,0,0,0,0,0,0,0,0,0,0,0,0,0,0,0,0,0,0,3119,0,0,0,0,0,0,0
1782469555.859,0,0,0,0,0,0,0,1652085781,7225663375872,2580673457664,0,0,0,0,0,0,0,0,0,0,0,0,0,0,0,0,0,0,0,0,0,0,0,0,0,0,0,0,0,0,0,0,0,0,0,0,0,0,0,0,0,0,0,0,0,0,0,0,0,0,0,0,0,0,0,0,0,0,7,1931308,443013113,130612605,0,0,0,0,0,0,0,0,0,0,0,0,0,0,0,0,0,0,0,0,0,0,0,0,0,0,0,0,0,0,0,0,0,0,0,0,0,12878856192,5190205440,786062,316785,130003620,273,0,97,786432,441081766,811172,11,8139601298,12884901888,1682619,1300548320,0,0,0,0,0,0,0,0,0,0,0,0,0,0,0,0,0,0,44047135,143945187,0,468,1202,7661,620,88094877,35,0,0,0,0,0,0,0,1,0,0,0,0,0,0,0,0,0,0,53305839,0,130001525,2222521,0,0,0,0,0,0,0,0,16384,0,0,0,0,0,0,0,0,0,0,0,7388,408,0,0,0,0,0,133903046,0,191,0,17,408,7388,0,0,0,0,0,0,0,0,0,0,0,0,0,0,0,0,0,0,0,0,0,0,0,0,0,0,0,0,0,0,0,0,0,0,0,0,0,0,0,0,0,0,0,0,0,0,0,0,0,0,0,0,0,0,663494442,0,0,0,933200674,0,0,0,0,0,0,0,185564254,441165179,796374569,368338101760,151675072,1,1,0,0,0,0,0,0,0,0,0,0,0,0,0,0,0,0,0,0,0,0,0,0,0,0,0,0,0,0,0,518,0,0,0,0,0,0,0
1782469556.942,0,0,0,0,0,0,0,1652393379,7227437091328,2581251957248,0,0,0,0,0,0,0,0,0,0,0,0,0,0,0,0,0,0,0,0,0,0,0,0,0,0,0,0,0,0,0,0,0,0,0,0,0,0,0,0,0,0,0,0,0,0,0,0,0,0,0,0,0,0,0,0,0,0,7,1931328,443122247,130643058,0,0,0,0,0,0,0,0,0,0,0,0,0,0,0,0,0,0,0,0,0,0,0,0,0,0,0,0,0,0,0,0,0,0,0,0,0,12877086720,5192171520,785955,316905,130033183,378,0,98,786432,441190443,811172,11,8141148479,12884901888,1685033,1300747863,0,0,0,0,0,0,0,0,0,0,0,0,0,0,0,0,0,0,44056244,143954298,0,468,1202,7661,620,88113096,35,0,0,0,0,0,0,0,1,0,0,0,0,0,0,0,0,0,0,53316165,0,130031088,2222909,0,0,0,0,0,0,0,0,16384,0,0,0,0,0,0,0,0,0,0,0,7389,408,0,0,0,0,0,133930754,0,191,0,17,408,7389,0,0,0,0,0,0,0,0,0,0,0,0,0,0,0,0,0,0,0,0,0,0,0,0,0,0,0,0,0,0,0,0,0,0,0,0,0,0,0,0,0,0,0,0,0,0,0,0,0,0,0,0,0,0,663627534,0,0,0,933354479,0,0,0,0,0,0,0,185580962,441273454,796539041,368407145472,151686034,1,0,0,0,0,0,0,0,0,0,0,0,0,0,0,0,0,0,0,0,0,0,0,0,0,0,0,0,0,0,0,1139,0,0,0,0,0,0,0
1782469558.030,0,0,0,0,0,0,0,1652714458,7229294004736,2581848187392,0,0,0,0,0,0,0,0,0,0,0,0,0,0,0,0,0,0,0,0,0,0,0,0,0,0,0,0,0,0,0,0,0,0,0,0,0,0,0,0,0,0,0,0,0,0,0,0,0,0,0,0,0,0,0,0,0,0,7,1931350,443236559,130674534,0,0,0,0,0,0,0,0,0,0,0,0,0,0,0,0,0,0,0,0,0,0,0,0,0,0,0,0,0,0,0,0,0,0,0,0,0,12875317248,5200642048,785848,317422,130063697,488,0,97,786432,441304258,811172,11,8142767740,12884901888,1687867,1300959391,0,0,0,0,0,0,0,0,0,0,0,0,0,0,0,0,0,0,44065780,143963834,0,468,1202,7661,620,88132163,35,0,0,0,0,0,0,0,1,0,0,0,0,0,0,0,0,0,0,53326953,0,130061602,2223332,0,0,0,0,0,0,0,0,16384,0,0,0,0,0,0,0,0,0,0,0,7390,408,0,0,0,0,0,133959741,0,191,0,17,408,7390,0,0,0,0,0,0,0,0,0,0,0,0,0,0,0,0,0,0,0,0,0,0,0,0,0,0,0,0,0,0,0,0,0,0,0,0,0,0,0,0,0,0,0,0,0,0,0,0,0,0,0,0,0,0,663761707,0,0,0,933516496,0,0,0,0,0,0,0,185601687,441386801,796705748,368477085184,151699253,1,0,0,0,0,0,0,0,0,0,0,0,0,0,0,0,0,0,0,0,0,0,0,0,0,0,0,0,0,0,0,419,0,0,0,0,0,0,0
1782469559.116,0,0,0,0,0,0,0,1653047417,7231210899968,2582459540992,0,0,0,0,0,0,0,0,0,0,0,0,0,0,0,0,0,0,0,0,0,0,0,0,0,0,0,0,0,0,0,0,0,0,0,0,0,0,0,0,0,0,0,0,0,0,0,0,0,0,0,0,0,0,0,0,0,0,7,1931378,443354446,130706735,0,0,0,0,0,0,0,0,0,0,0,0,0,0,0,0,0,0,0,0,0,0,0,0,0,0,0,0,0,0,0,0,0,0,0,0,0,12879446016,5214978048,786099,318296,130095074,237,0,96,786432,441421629,811172,11,8144443855,12884901888,1690420,1301175608,0,0,0,0,0,0,0,0,0,0,0,0,0,0,0,0,0,0,44075659,143973714,0,468,1202,7661,620,88151921,35,0,0,0,0,0,0,0,1,0,0,0,0,0,0,0,0,0,0,53338142,0,130092979,2223759,0,0,0,0,0,0,0,0,16384,0,0,0,0,0,0,0,0,0,0,0,7391,408,0,0,0,0,0,133989785,0,191,0,17,408,7391,0,0,0,0,0,0,0,0,0,0,0,0,0,0,0,0,0,0,0,0,0,0,0,0,0,0,0,0,0,0,0,0,0,0,0,0,0,0,0,0,0,0,0,0,0,0,0,0,0,0,0,0,0,0,663901116,0,0,0,933683018,0,0,0,0,0,0,0,185620845,441503760,796878194,368549763584,151711345,1,0,0,0,0,0,0,0,0,0,0,0,0,0,0,0,0,0,0,0,0,0,0,0,0,0,0,0,0,0,0,1217,0,0,0,0,0,0,0
1782469560.209,0,0,0,0,0,0,0,1653377207,7233108888064,2583071760896,0,0,0,0,0,0,0,0,0,0,0,0,0,0,0,0,0,0,0,0,0,0,0,0,0,0,0,0,0,0,0,0,0,0,0,0,0,0,0,0,0,0,0,0,0,0,0,0,0,0,0,0,0,0,0,0,0,0,7,1931411,443471252,130738997,0,0,0,0,0,0,0,0,0,0,0,0,0,0,0,0,0,0,0,0,0,0,0,0,0,0,0,0,0,0,0,0,0,0,0,0,0,12877824000,5222694912,786001,318768,130126460,334,0,96,786432,441537933,811172,11,8146108090,12884901888,1692797,1301392697,0,0,0,0,0,0,0,0,0,0,0,0,0,0,0,0,0,0,44085436,143983492,0,468,1202,7661,620,88171485,35,0,0,0,0,0,0,0,1,0,0,0,0,0,0,0,0,0,0,53349218,0,130124365,2224181,0,0,0,0,0,0,0,0,16384,0,0,0,0,0,0,0,0,0,0,0,7392,408,0,0,0,0,0,134019504,0,191,0,17,408,7392,0,0,0,0,0,0,0,0,0,0,0,0,0,0,0,0,0,0,0,0,0,0,0,0,0,0,0,0,0,0,0,0,0,0,0,0,0,0,0,0,0,0,0,0,0,0,0,0,0,0,0,0,0,0,664040384,0,0,0,933849239,0,0,0,0,0,0,0,185640719,441619548,797050644,368622408192,151723929,0,0,0,0,0,0,0,0,0,0,0,0,0,0,0,0,0,0,0,0,0,0,0,0,0,0,0,0,0,0,0,727,0,0,0,0,0,0,0
1782469561.298,0,0,0,0,0,0,0,1653703686,7234994244096,2583683543552,0,0,0,0,0,0,0,0,0,0,0,0,0,0,0,0,0,0,0,0,0,0,0,0,0,0,0,0,0,0,0,0,0,0,0,0,0,0,0,0,0,0,0,0,0,0,0,0,0,0,0,0,0,0,0,0,0,0,7,1931429,443587231,130771325,0,0,0,0,0,0,0,0,0,0,0,0,0,0,0,0,0,0,0,0,0,0,0,0,0,0,0,0,0,0,0,0,0,0,0,0,0,12876595200,5227053056,785925,319034,130157593,413,0,96,786432,441653394,811172,11,8147750709,12884901888,1696572,1301603515,0,0,0,0,0,0,0,0,0,0,0,0,0,0,0,0,0,0,44095136,143993193,0,468,1202,7661,620,88190879,35,0,0,0,0,0,0,0,1,0,0,0,0,0,0,0,0,0,0,53360194,0,130155498,2224601,0,0,0,0,0,0,0,0,16384,0,0,0,0,0,0,0,0,0,0,0,7393,408,0,0,0,0,0,134048978,0,191,0,17,408,7393,0,0,0,0,0,0,0,0,0,0,0,0,0,0,0,0,0,0,0,0,0,0,0,0,0,0,0,0,0,0,0,0,0,0,0,0,0,0,0,0,0,0,0,0,0,0,0,0,0,0,0,0,0,0,664177444,0,0,0,934012274,0,0,0,0,0,0,0,185660792,441734596,797221271,368693836288,151736432,1,0,0,0,0,0,0,0,0,0,0,0,0,0,0,0,0,0,0,0,0,0,0,0,0,0,0,0,0,0,0,1915,0,0,0,0,0,0,0
1782469562.389,0,0,0,0,0,0,0,1654032834,7236908009984,2584297456640,0,0,0,0,0,0,0,0,0,0,0,0,0,0,0,0,0,0,0,0,0,0,0,0,0,0,0,0,0,0,0,0,0,0,0,0,0,0,0,0,0,0,0,0,0,0,0,0,0,0,0,0,0,0,0,0,0,0,7,1931454,443705054,130803651,0,0,0,0,0,0,0,0,0,0,0,0,0,0,0,0,0,0,0,0,0,0,0,0,0,0,0,0,0,0,0,0,0,0,0,0,0,12878397440,5235245056,786036,319534,130189100,300,0,96,786432,441770670,811172,11,8149415434,12884901888,1698672,1301822718,0,0,0,0,0,0,0,0,0,0,0,0,0,0,0,0,0,0,44104925,144002975,0,468,1202,7661,620,88210461,35,0,0,0,0,0,0,0,1,0,0,0,0,0,0,0,0,0,0,53371266,0,130187005,2225026,0,0,0,0,0,0,0,0,16384,0,0,0,0,0,0,0,0,0,0,0,7394,408,0,0,0,0,0,134078715,0,191,0,17,408,7394,0,0,0,0,0,0,0,0,0,0,0,0,0,0,0,0,0,0,0,0,0,0,0,0,0,0,0,0,0,0,0,0,0,0,0,0,0,0,0,0,0,0,0,0,0,0,0,0,0,0,0,0,0,0,664317349,0,0,0,934179339,0,0,0,0,0,0,0,185679761,441851394,797394327,368766717440,151748370,1,0,0,0,0,0,0,0,0,0,0,0,0,0,0,0,0,0,0,0,0,0,0,0,0,0,0,0,0,0,0,295,0,0,0,0,0,0,0
1782469563.476,0,0,0,0,0,0,0,1654349889,7238739249664,2584905926144,0,0,0,0,0,0,0,0,0,0,0,0,0,0,0,0,0,0,0,0,0,0,0,0,0,0,0,0,0,0,0,0,0,0,0,0,0,0,0,0,0,0,0,0,0,0,0,0,0,0,0,0,0,0,0,0,0,0,7,1931481,443817619,130835682,0,0,0,0,0,0,0,0,0,0,0,0,0,0,0,0,0,0,0,0,0,0,0,0,0,0,0,0,0,0,0,0,0,0,0,0,0,12882804736,5226414080,786304,318996,130219163,30,0,97,786432,441882750,811172,11,8151012247,12884901888,1701463,1302028704,0,0,0,0,0,0,0,0,0,0,0,0,0,0,0,0,0,0,44114352,144012409,0,468,1202,7661,620,88229309,35,0,0,0,0,0,0,0,1,0,0,0,0,0,0,0,0,0,0,53381947,0,130218092,2225445,0,0,0,0,0,0,0,0,16384,0,0,0,0,0,0,0,0,0,0,0,7395,408,0,0,0,0,0,134107433,0,191,0,17,408,7395,0,0,0,0,0,0,0,0,0,0,0,0,0,0,0,0,0,0,0,0,0,0,0,0,0,0,0,0,0,0,0,0,0,0,0,0,0,0,0,0,0,0,0,0,0,0,0,0,0,0,0,0,0,0,664452642,0,0,0,934338206,0,0,0,0,0,0,0,185698475,441963089,797562718,368837049344,151759964,0,0,0,0,0,0,0,0,0,0,0,0,0,0,0,0,0,0,0,0,0,0,0,0,0,0,0,0,0,0,0,832,0,0,0,0,0,0,0
1782469564.555,0,0,0,0,0,0,0,1654638579,7240400079360,2585504289280,0,0,0,0,0,0,0,0,0,0,0,0,0,0,0,0,0,0,0,0,0,0,0,0,0,0,0,0,0,0,0,0,0,0,0,0,0,0,0,0,0,0,0,0,0,0,0,0,0,0,0,0,0,0,0,0,0,0,7,1931503,443919818,130867744,0,0,0,0,0,0,0,0,0,0,0,0,0,0,0,0,0,0,0,0,0,0,0,0,0,0,0,0,0,0,0,0,0,0,0,0,0,12879577088,5167661056,786107,315409,130246140,218,0,108,786432,441984531,811172,11,8152459005,12884901888,1707349,1302212151,0,0,0,0,0,0,0,0,0,0,0,0,0,0,0,0,0,0,44122873,144020932,0,468,1202,7661,620,88246352,35,0,0,0,0,0,0,0,1,0,0,0,0,0,0,0,0,0,0,53391579,0,130248193,2225830,0,0,0,0,0,0,0,0,16384,0,0,0,0,0,0,0,0,0,0,0,7397,408,0,0,0,0,0,134133321,0,191,0,17,408,7397,0,0,0,0,0,0,0,0,0,0,0,0,0,0,0,0,0,0,0,0,0,0,0,0,0,0,0,0,0,0,0,0,0,0,0,0,0,0,0,0,0,0,0,0,0,0,0,0,0,0,0,0,0,0,664579609,0,0,0,934480987,0,0,0,0,0,0,0,185715719,442064401,797723730,368902914560,151770688,1,0,0,0,0,0,0,0,0,0,0,0,0,0,0,0,0,0,0,0,0,0,0,0,0,0,0,0,0,0,0,2798,0,0,0,0,0,0,0
1782469565.635,0,0,0,0,0,0,0,1654954776,7242236643840,2586103055872,0,0,0,0,0,0,0,0,0,0,0,0,0,0,0,0,0,0,0,0,0,0,0,0,0,0,0,0,0,0,0,0,0,0,0,0,0,0,0,0,0,0,0,0,0,0,0,0,0,0,0,0,0,0,0,0,0,0,7,1931523,444032821,130899355,0,0,0,0,0,0,0,0,0,0,0,0,0,0,0,0,0,0,0,0,0,0,0,0,0,0,0,0,0,0,0,0,0,0,0,0,0,12875382784,5171167232,785852,315623,130280995,483,0,96,786432,442097041,811172,11,8154056734,12884901888,1710035,1302420327,0,0,0,0,0,0,0,0,0,0,0,0,0,0,0,0,0,0,44132273,144030329,0,468,1202,7661,620,88265166,35,0,0,0,0,0,0,0,1,0,0,0,0,0,0,0,0,0,0,53402203,0,130278824,2226243,0,0,0,0,0,0,0,0,16384,0,0,0,0,0,0,0,0,0,0,0,7398,408,0,0,0,0,0,134161873,0,191,0,17,408,7398,0,0,0,0,0,0,0,0,0,0,0,0,0,0,0,0,0,0,0,0,0,0,0,0,0,0,0,0,0,0,0,0,0,0,0,0,0,0,0,0,0,0,0,0,0,0,0,0,0,0,0,0,0,0,664713843,0,0,0,934640747,0,0,0,0,0,0,0,185735381,442176515,797890577,368972610048,151783477,1,1,0,0,0,0,0,0,0,0,0,0,0,0,0,0,0,0,0,0,0,0,0,0,0,0,0,0,0,0,0,1952,0,0,0,0,0,0,0
1782469566.714,0,0,0,0,0,0,0,1655263973,7244009638400,2586679781376,0,0,0,0,0,0,0,0,0,0,0,0,0,0,0,0,0,0,0,0,0,0,0,0,0,0,0,0,0,0,0,0,0,0,0,0,0,0,0,0,0,0,0,0,0,0,0,0,0,0,0,0,0,0,0,0,0,0,7,1931549,444141911,130929629,0,0,0,0,0,0,0,0,0,0,0,0,0,0,0,0,0,0,0,0,0,0,0,0,0,0,0,0,0,0,0,0,0,0,0,0,0,12880134144,5177180160,786143,315991,130310729,198,0,96,786432,442205666,811172,11,8155618117,12884901888,1711931,1302626464,0,0,0,0,0,0,0,0,0,0,0,0,0,0,0,0,0,0,44141434,144039493,0,468,1202,7661,620,88283479,35,0,0,0,0,0,0,0,1,0,0,0,0,0,0,0,0,0,0,53412577,0,130308558,2226639,0,0,0,0,0,0,0,0,16384,0,0,0,0,0,0,0,0,0,0,0,7399,408,0,0,0,0,0,134189720,0,191,0,17,408,7399,0,0,0,0,0,0,0,0,0,0,0,0,0,0,0,0,0,0,0,0,0,0,0,0,0,0,0,0,0,0,0,0,0,0,0,0,0,0,0,0,0,0,0,0,0,0,0,0,0,0,0,0,0,0,664849876,0,0,0,934797664,0,0,0,0,0,0,0,185751172,442284621,798057547,369043134464,151793836,1,1,0,0,0,0,0,0,0,0,0,0,0,0,0,0,0,0,0,0,0,0,0,0,0,0,0,0,0,0,0,376,0,0,0,0,0,0,0
1782469567.800,0,0,0,0,0,0,0,1655598539,7245938887168,2587298162688,0,0,0,0,0,0,0,0,0,0,0,0,0,0,0,0,0,0,0,0,0,0,0,0,0,0,0,0,0,0,0,0,0,0,0,0,0,0,0,0,0,0,0,0,0,0,0,0,0,0,0,0,0,0,0,0,0,0,7,1931566,444260592,130962262,0,0,0,0,0,0,0,0,0,0,0,0,0,0,0,0,0,0,0,0,0,0,0,0,0,0,0,0,0,0,0,0,0,0,0,0,0,12881330176,5186813952,786213,316578,130342850,126,0,98,786432,442323802,811172,11,8157300093,12884901888,1713499,1302842831,0,0,0,0,0,0,0,0,0,0,0,0,0,0,0,0,0,0,44151351,144049407,0,468,1202,7661,620,88303313,35,0,0,0,0,0,0,0,1,0,0,0,0,0,0,0,0,0,0,53423805,0,130340679,2227066,0,0,0,0,0,0,0,0,16384,0,0,0,0,0,0,0,0,0,0,0,7400,408,0,0,0,0,0,134219845,0,191,0,17,408,7400,0,0,0,0,0,0,0,0,0,0,0,0,0,0,0,0,0,0,0,0,0,0,0,0,0,0,0,0,0,0,0,0,0,0,0,0,0,0,0,0,0,0,0,0,0,0,0,0,0,0,0,0,0,0,664989361,0,0,0,934964823,0,0,0,0,0,0,0,185770491,442402385,798230259,369115830784,151806004,1,0,0,0,0,0,0,0,0,0,0,0,0,0,0,0,0,0,0,0,0,0,0,0,0,0,0,0,0,0,0,1139,0,0,0,0,0,0,0
1782469568.891,0,0,0,0,0,0,0,1655927186,7247842839040,2587911366656,0,0,0,0,0,0,0,0,0,0,0,0,0,0,0,0,0,0,0,0,0,0,0,0,0,0,0,0,0,0,0,0,0,0,0,0,0,0,0,0,0,0,0,0,0,0,0,0,0,0,0,0,0,0,0,0,0,0,7,1931589,444377734,130994648,0,0,0,0,0,0,0,0,0,0,0,0,0,0,0,0,0,0,0,0,0,0,0,0,0,0,0,0,0,0,0,0,0,0,0,0,0,12877234176,5193793536,785964,317004,130374285,368,0,96,786432,442440415,811172,11,8158959416,12884901888,1715938,1303058894,0,0,0,0,0,0,0,0,0,0,0,0,0,0,0,0,0,0,44161123,144059175,0,468,1202,7661,620,88322854,35,0,0,0,0,0,0,0,1,0,0,0,0,0,0,0,0,0,0,53434842,0,130372192,2227493,0,0,0,0,0,0,0,0,16384,0,0,0,0,0,0,0,0,0,0,0,7401,408,0,0,0,0,0,134249537,0,191,0,17,408,7401,0,0,0,0,0,0,0,0,0,0,0,0,0,0,0,0,0,0,0,0,0,0,0,0,0,0,0,0,0,0,0,0,0,0,0,0,0,0,0,0,0,0,0,0,0,0,0,0,0,0,0,0,0,0,665125934,0,0,0,935130210,0,0,0,0,0,0,0,185789867,442518484,798400208,369187135488,151818078,1,0,0,0,0,0,0,0,0,0,0,0,0,0,0,0,0,0,0,0,0,0,0,0,0,0,0,0,0,0,0,1051,0,0,0,0,0,0,0
1782469569.979,0,0,0,0,0,0,0,1656256107,7249743153664,2588525315584,0,0,0,0,0,0,0,0,0,0,0,0,0,0,0,0,0,0,0,0,0,0,0,0,0,0,0,0,0,0,0,0,0,0,0,0,0,0,0,0,0,0,0,0,0,0,0,0,0,0,0,0,0,0,0,0,0,0,7,1931613,444494674,131027011,0,0,0,0,0,0,0,0,0,0,0,0,0,0,0,0,0,0,0,0,0,0,0,0,0,0,0,0,0,0,0,0,0,0,0,0,0,12877594624,5199331328,785986,317342,130405649,351,0,96,786432,442556822,811172,11,8160617765,12884901888,1718750,1303274366,0,0,0,0,0,0,0,0,0,0,0,0,0,0,0,0,0,0,44170888,144068945,0,468,1202,7661,620,88342380,35,0,0,0,0,0,0,0,1,0,0,0,0,0,0,0,0,0,0,53445906,0,130403478,2227926,0,0,0,0,0,0,0,0,16384,0,0,0,0,0,0,0,0,0,0,0,7402,408,0,0,0,0,0,134279247,0,191,0,17,408,7402,0,0,0,0,0,0,0,0,0,0,0,0,0,0,0,0,0,0,0,0,0,0,0,0,0,0,0,0,0,0,0,0,0,0,0,0,0,0,0,0,0,0,0,0,0,0,0,0,0,0,0,0,0,0,665264866,0,0,0,935295626,0,0,0,0,0,0,0,185809866,442634484,798572579,369259459072,151830381,1,0,0,0,0,0,0,0,0,0,0,0,0,0,0,0,0,0,0,0,0,0,0,0,0,0,0,0,0,0,0,930,0,0,0,0,0,0,0
1782469571.066,0,0,0,0,0,0,0,1656586757,7251655035392,2589135766016,0,0,0,0,0,0,0,0,0,0,0,0,0,0,0,0,0,0,0,0,0,0,0,0,0,0,0,0,0,0,0,0,0,0,0,0,0,0,0,0,0,0,0,0,0,0,0,0,0,0,0,0,0,0,0,0,0,0,7,1931635,444612327,131059215,0,0,0,0,0,0,0,0,0,0,0,0,0,0,0,0,0,0,0,0,0,0,0,0,0,0,0,0,0,0,0,0,0,0,0,0,0,12882739200,5211193344,786299,318066,130437239,30,0,100,786432,442673957,811172,11,8162283005,12884901888,1720825,1303489140,0,0,0,0,0,0,0,0,0,0,0,0,0,0,0,0,0,0,44180701,144078757,0,468,1202,7661,620,88362001,35,0,0,0,0,0,0,0,1,0,0,0,0,0,0,0,0,0,0,53456993,0,130435068,2228361,0,0,0,0,0,0,0,0,16384,0,0,0,0,0,0,0,0,0,0,0,7403,408,0,0,0,0,0,134309070,0,191,0,17,408,7403,0,0,0,0,0,0,0,0,0,0,0,0,0,0,0,0,0,0,0,0,0,0,0,0,0,0,0,0,0,0,0,0,0,0,0,0,0,0,0,0,0,0,0,0,0,0,0,0,0,0,0,0,0,0,665403145,0,0,0,935461019,0,0,0,0,0,0,0,185829445,442751130,798743779,369331513856,151842697,1,0,0,0,0,0,0,0,0,0,0,0,0,0,0,0,0,0,0,0,0,0,0,0,0,0,0,0,0,0,0,1653,0,0,0,0,0,0,0
1782469572.159,0,0,0,0,0,0,0,1656910686,7253522549248,2589738437120,0,0,0,0,0,0,0,0,0,0,0,0,0,0,0,0,0,0,0,0,0,0,0,0,0,0,0,0,0,0,0,0,0,0,0,0,0,0,0,0,0,0,0,0,0,0,0,0,0,0,0,0,0,0,0,0,0,0,7,1931661,444727176,131090973,0,0,0,0,0,0,0,0,0,0,0,0,0,0,0,0,0,0,0,0,0,0,0,0,0,0,0,0,0,0,0,0,0,0,0,0,0,12878725120,5222055936,786055,318729,130467752,279,0,98,786432,442788296,811172,11,8163915680,12884901888,1724476,1303700734,0,0,0,0,0,0,0,0,0,0,0,0,0,0,0,0,0,0,44190319,144088375,0,468,1202,7661,620,88381253,35,0,0,0,0,0,0,0,1,0,0,0,0,0,0,0,0,0,0,53467886,0,130465581,2228779,0,0,0,0,0,0,0,0,16384,0,0,0,0,0,0,0,0,0,0,0,7404,408,0,0,0,0,0,134338369,0,191,0,17,408,7404,0,0,0,0,0,0,0,0,0,0,0,0,0,0,0,0,0,0,0,0,0,0,0,0,0,0,0,0,0,0,0,0,0,0,0,0,0,0,0,0,0,0,0,0,0,0,0,0,0,0,0,0,0,0,665540194,0,0,0,935623786,0,0,0,0,0,0,0,185849124,442865071,798913801,369402774016,151854891,1,1,0,0,0,0,0,0,0,0,0,0,0,0,0,0,0,0,0,0,0,0,0,0,0,0,0,0,0,0,0,1776,0,0,0,0,0,0,0
1782469573.247,0,0,0,0,0,0,0,1657197381,7255174072832,2590287253504,0,0,0,0,0,0,0,0,0,0,0,0,0,0,0,0,0,0,0,0,0,0,0,0,0,0,0,0,0,0,0,0,0,0,0,0,0,0,0,0,0,0,0,0,0,0,0,0,0,0,0,0,0,0,0,0,0,0,7,1931682,444828745,131119848,0,0,0,0,0,0,0,0,0,0,0,0,0,0,0,0,0,0,0,0,0,0,0,0,0,0,0,0,0,0,0,0,0,0,0,0,0,12876791808,5215961088,785938,318357,130494968,395,0,96,786432,442889439,811172,11,8165362751,12884901888,1729228,1303891488,0,0,0,0,0,0,0,0,0,0,0,0,0,0,0,0,0,0,44198815,144096873,0,468,1202,7661,620,88398239,35,0,0,0,0,0,0,0,1,0,0,0,0,0,0,0,0,0,0,53477498,0,130492925,2229137,0,0,0,0,0,0,0,0,16384,0,0,0,0,0,0,0,0,0,0,0,7405,408,0,0,0,0,0,134364210,0,191,0,17,408,7405,0,0,0,0,0,0,0,0,0,0,0,0,0,0,0,0,0,0,0,0,0,0,0,0,0,0,0,0,0,0,0,0,0,0,0,0,0,0,0,0,0,0,0,0,0,0,0,0,0,0,0,0,0,0,665667086,0,0,0,935769160,0,0,0,0,0,0,0,185866973,442965799,799071279,369468647936,151866690,1,0,0,0,0,0,0,0,0,0,0,0,0,0,0,0,0,0,0,0,0,0,0,0,0,0,0,0,0,0,0,231,0,0,0,0,0,0,0
1782469574.332,0,0,0,0,0,0,0,1657523867,7257047517696,2590889667072,0,0,0,0,0,0,0,0,0,0,0,0,0,0,0,0,0,0,0,0,0,0,0,0,0,0,0,0,0,0,0,0,0,0,0,0,0,0,0,0,0,0,0,0,0,0,0,0,0,0,0,0,0,0,0,0,0,0,7,1931710,444944026,131151592,0,0,0,0,0,0,0,0,0,0,0,0,0,0,0,0,0,0,0,0,0,0,0,0,0,0,0,0,0,0,0,0,0,0,0,0,0,12876300288,5228003328,785907,319092,130526027,428,0,97,786432,443004232,811172,11,8167001629,12884901888,1731757,1304100326,0,0,0,0,0,0,0,0,0,0,0,0,0,0,0,0,0,0,44208501,144106559,0,468,1202,7661,620,88417619,35,0,0,0,0,0,0,0,1,0,0,0,0,0,0,0,0,0,0,53488471,0,130523856,2229551,0,0,0,0,0,0,0,0,16384,0,0,0,0,0,0,0,0,0,0,0,7406,408,0,0,0,0,0,134393630,0,191,0,17,408,7406,0,0,0,0,0,0,0,0,0,0,0,0,0,0,0,0,0,0,0,0,0,0,0,0,0,0,0,0,0,0,0,0,0,0,0,0,0,0,0,0,0,0,0,0,0,0,0,0,0,0,0,0,0,0,665804069,0,0,0,935931600,0,0,0,0,0,0,0,185885867,443080131,799240868,369539893248,151878756,1,0,0,0,0,0,0,0,0,0,0,0,0,0,0,0,0,0,0,0,0,0,0,0,0,0,0,0,0,0,0,1899,0,0,0,0,0,0,0
1782469575.423,0,0,0,0,0,0,0,1657848655,7258925435392,2591502588416,0,0,0,0,0,0,0,0,0,0,0,0,0,0,0,0,0,0,0,0,0,0,0,0,0,0,0,0,0,0,0,0,0,0,0,0,0,0,0,0,0,0,0,0,0,0,0,0,0,0,0,0,0,0,0,0,0,0,7,1931735,445059592,131183657,0,0,0,0,0,0,0,0,0,0,0,0,0,0,0,0,0,0,0,0,0,0,0,0,0,0,0,0,0,0,0,0,0,0,0,0,0,12880527360,5233410048,786165,319422,130556926,169,0,97,786432,443119277,811172,11,8168641322,12884901888,1734526,1304314143,0,0,0,0,0,0,0,0,0,0,0,0,0,0,0,0,0,0,44218153,144116209,0,468,1202,7661,620,88436923,35,0,0,0,0,0,0,0,1,0,0,0,0,0,0,0,0,0,0,53499404,0,130555011,2229970,0,0,0,0,0,0,0,0,16384,0,0,0,0,0,0,0,0,0,0,0,7407,408,0,0,0,0,0,134422982,0,191,0,17,408,7407,0,0,0,0,0,0,0,0,0,0,0,0,0,0,0,0,0,0,0,0,0,0,0,0,0,0,0,0,0,0,0,0,0,0,0,0,0,0,0,0,0,0,0,0,0,0,0,0,0,0,0,0,0,0,665941963,0,0,0,936095649,0,0,0,0,0,0,0,185904776,443194694,799411828,369611649536,151890836,1,1,0,0,0,0,0,0,0,0,0,0,0,0,0,0,0,0,0,0,0,0,0,0,0,0,0,0,0,0,0,1286,0,0,0,0,0,0,0
1782469576.506,0,0,0,0,0,0,0,1658141477,7260625816064,2592098800640,0,0,0,0,0,0,0,0,0,0,0,0,0,0,0,0,0,0,0,0,0,0,0,0,0,0,0,0,0,0,0,0,0,0,0,0,0,0,0,0,0,0,0,0,0,0,0,0,0,0,0,0,0,0,0,0,0,0,7,1931760,445164234,131215508,0,0,0,0,0,0,0,0,0,0,0,0,0,0,0,0,0,0,0,0,0,0,0,0,0,0,0,0,0,0,0,0,0,0,0,0,0,12881952768,5193187328,786252,316968,130585032,83,0,97,786432,443223449,811172,11,8170116789,12884901888,1738731,1304505639,0,0,0,0,0,0,0,0,0,0,0,0,0,0,0,0,0,0,44226873,144124933,0,468,1202,7661,620,88454364,35,0,0,0,0,0,0,0,1,0,0,0,0,0,0,0,0,0,0,53509269,0,130585421,2230360,0,0,0,0,0,0,0,0,16384,0,0,0,0,0,0,0,0,0,0,0,7408,408,0,0,0,0,0,134449466,0,191,0,17,408,7408,0,0,0,0,0,0,0,0,0,0,0,0,0,0,0,0,0,0,0,0,0,0,0,0,0,0,0,0,0,0,0,0,0,0,0,0,0,0,0,0,0,0,0,0,0,0,0,0,0,0,0,0,0,0,666071045,0,0,0,936242754,0,0,0,0,0,0,0,185921314,443298497,799574142,369678552064,151901321,1,0,0,0,0,0,0,0,0,0,0,0,0,0,0,0,0,0,0,0,0,0,0,0,0,0,0,0,0,0,0,1290,0,0,0,0,0,0,0
1782469577.582,0,0,0,0,0,0,0,1658463997,7262481828352,2592730947072,0,0,0,0,0,0,0,0,0,0,0,0,0,0,0,0,0,0,0,0,0,0,0,0,0,0,0,0,0,0,0,0,0,0,0,0,0,0,0,0,0,0,0,0,0,0,0,0,0,0,0,0,0,0,0,0,0,0,7,1931785,445278440,131249225,0,0,0,0,0,0,0,0,0,0,0,0,0,0,0,0,0,0,0,0,0,0,0,0,0,0,0,0,0,0,0,0,0,0,0,0,0,12881494016,5170184192,786223,315564,130620646,90,0,119,786432,443337132,811172,11,8171743297,12884901888,1740932,1304717803,0,0,0,0,0,0,0,0,0,0,0,0,0,0,0,0,0,0,44236429,144134488,0,468,1202,7661,620,88473467,35,0,0,0,0,0,0,0,1,0,0,0,0,0,0,0,0,0,0,53520104,0,130618550,2230785,0,0,0,0,0,0,0,0,16384,0,0,0,0,0,0,0,0,0,0,0,7410,408,0,0,0,0,0,134478536,0,191,0,17,408,7410,0,0,0,0,0,0,0,0,0,0,0,0,0,0,0,0,0,0,0,0,0,0,0,0,0,0,0,0,0,0,0,0,0,0,0,0,0,0,0,0,0,0,0,0,0,0,0,0,0,0,0,0,0,0,666208926,0,0,0,936405568,0,0,0,0,0,0,0,185939488,443411765,799746487,369750148096,151912724,1,1,0,0,0,0,0,0,0,0,0,0,0,0,0,0,0,0,0,0,0,0,0,0,0,0,0,0,0,0,0,532,0,0,0,0,0,0,0
1782469578.661,0,0,0,0,0,0,0,1658793875,7264387975680,2593342836736,0,0,0,0,0,0,0,0,0,0,0,0,0,0,0,0,0,0,0,0,0,0,0,0,0,0,0,0,0,0,0,0,0,0,0,0,0,0,0,0,0,0,0,0,0,0,0,0,0,0,0,0,0,0,0,0,0,0,7,1931804,445395656,131281578,0,0,0,0,0,0,0,0,0,0,0,0,0,0,0,0,0,0,0,0,0,0,0,0,0,0,0,0,0,0,0,0,0,0,0,0,0,12876677120,5181521920,785930,316255,130652209,405,0,96,786432,443453821,811172,11,8173401062,12884901888,1743168,1304930161,0,0,0,0,0,0,0,0,0,0,0,0,0,0,0,0,0,0,44246218,144144274,0,468,1202,7661,620,88493038,35,0,0,0,0,0,0,0,1,0,0,0,0,0,0,0,0,0,0,53531197,0,130650038,2231217,0,0,0,0,0,0,0,0,16384,0,0,0,0,0,0,0,0,0,0,0,7411,408,0,0,0,0,0,134508323,0,191,0,17,408,7411,0,0,0,0,0,0,0,0,0,0,0,0,0,0,0,0,0,0,0,0,0,0,0,0,0,0,0,0,0,0,0,0,0,0,0,0,0,0,0,0,0,0,0,0,0,0,0,0,0,0,0,0,0,0,666343853,0,0,0,936569969,0,0,0,0,0,0,0,185959190,443527965,799914768,369820703232,151925046,1,1,0,0,0,0,0,0,0,0,0,0,0,0,0,0,0,0,0,0,0,0,0,0,0,0,0,0,0,0,0,2065,0,0,0,0,0,0,0
1782469579.750,0,0,0,0,0,0,0,1659124184,7266298579456,2593955882496,0,0,0,0,0,0,0,0,0,0,0,0,0,0,0,0,0,0,0,0,0,0,0,0,0,0,0,0,0,0,0,0,0,0,0,0,0,0,0,0,0,0,0,0,0,0,0,0,0,0,0,0,0,0,0,0,0,0,7,1931829,445513224,131313918,0,0,0,0,0,0,0,0,0,0,0,0,0,0,0,0,0,0,0,0,0,0,0,0,0,0,0,0,0,0,0,0,0,0,0,0,0,12879233024,5192597504,786085,316931,130683843,247,0,97,786432,443570873,811172,11,8175069569,12884901888,1745086,1305148505,0,0,0,0,0,0,0,0,0,0,0,0,0,0,0,0,0,0,44256016,144154076,0,468,1202,7661,620,88512649,35,0,0,0,0,0,0,0,1,0,0,0,0,0,0,0,0,0,0,53542282,0,130681672,2231651,0,0,0,0,0,0,0,0,16384,0,0,0,0,0,0,0,0,0,0,0,7412,408,0,0,0,0,0,134538098,0,191,0,17,408,7412,0,0,0,0,0,0,0,0,0,0,0,0,0,0,0,0,0,0,0,0,0,0,0,0,0,0,0,0,0,0,0,0,0,0,0,0,0,0,0,0,0,0,0,0,0,0,0,0,0,0,0,0,0,0,666482643,0,0,0,936736822,0,0,0,0,0,0,0,185978277,443644517,800086639,369892848640,151936866,1,1,0,0,0,0,0,0,0,0,0,0,0,0,0,0,0,0,0,0,0,0,0,0,0,0,0,0,0,0,0,982,0,0,0,0,0,0,0
1782469580.836,0,0,0,0,0,0,0,1659449448,7268172876288,2594564429312,0,0,0,0,0,0,0,0,0,0,0,0,0,0,0,0,0,0,0,0,0,0,0,0,0,0,0,0,0,0,0,0,0,0,0,0,0,0,0,0,0,0,0,0,0,0,0,0,0,0,0,0,0,0,0,0,0,0,7,1931854,445628504,131346016,0,0,0,0,0,0,0,0,0,0,0,0,0,0,0,0,0,0,0,0,0,0,0,0,0,0,0,0,0,0,0,0,0,0,0,0,0,12878577664,5197348864,786046,317221,130715133,288,0,97,786432,443685656,811172,11,8176710435,12884901888,1747536,1305362888,0,0,0,0,0,0,0,0,0,0,0,0,0,0,0,0,0,0,44265676,144163738,0,468,1202,7661,620,88531968,35,0,0,0,0,0,0,0,1,0,0,0,0,0,0,0,0,0,0,53553221,0,130712962,2232076,0,0,0,0,0,0,0,0,16384,0,0,0,0,0,0,0,0,0,0,0,7413,408,0,0,0,0,0,134567475,0,191,0,17,408,7413,0,0,0,0,0,0,0,0,0,0,0,0,0,0,0,0,0,0,0,0,0,0,0,0,0,0,0,0,0,0,0,0,0,0,0,0,0,0,0,0,0,0,0,0,0,0,0,0,0,0,0,0,0,0,666619678,0,0,0,936900868,0,0,0,0,0,0,0,185998238,443758837,800256748,369964253184,151949392,1,0,0,0,0,0,0,0,0,0,0,0,0,0,0,0,0,0,0,0,0,0,0,0,0,0,0,0,0,0,0,409,0,0,0,0,0,0,0
1782469581.923,0,0,0,0,0,0,0,1659764728,7269992188416,2595152321024,0,0,0,0,0,0,0,0,0,0,0,0,0,0,0,0,0,0,0,0,0,0,0,0,0,0,0,0,0,0,0,0,0,0,0,0,0,0,0,0,0,0,0,0,0,0,0,0,0,0,0,0,0,0,0,0,0,0,7,1931872,445740405,131376970,0,0,0,0,0,0,0,0,0,0,0,0,0,0,0,0,0,0,0,0,0,0,0,0,0,0,0,0,0,0,0,0,0,0,0,0,0,12882903040,5202477056,786310,317534,130745330,26,0,96,786432,443797059,811172,11,8178297829,12884901888,1749538,1305567954,0,0,0,0,0,0,0,0,0,0,0,0,0,0,0,0,0,0,44275031,144173087,0,468,1202,7661,620,88550680,35,0,0,0,0,0,0,0,1,0,0,0,0,0,0,0,0,0,0,53563807,0,130743243,2232488,0,0,0,0,0,0,0,0,16384,0,0,0,0,0,0,0,0,0,0,0,7414,408,0,0,0,0,0,134595920,0,191,0,17,408,7414,0,0,0,0,0,0,0,0,0,0,0,0,0,0,0,0,0,0,0,0,0,0,0,0,0,0,0,0,0,0,0,0,0,0,0,0,0,0,0,0,0,0,0,0,0,0,0,0,0,0,0,0,0,0,666753932,0,0,0,937059004,0,0,0,0,0,0,0,186016359,443869795,800422647,370034089472,151961161,1,0,0,0,0,0,0,0,0,0,0,0,0,0,0,0,0,0,0,0,0,0,0,0,0,0,0,0,0,0,0,610,0,0,0,0,0,0,0
1782469583.010,0,0,0,0,0,0,0,1660061983,7271708297728,2595711985152,0,0,0,0,0,0,0,0,0,0,0,0,0,0,0,0,0,0,0,0,0,0,0,0,0,0,0,0,0,0,0,0,0,0,0,0,0,0,0,0,0,0,0,0,0,0,0,0,0,0,0,0,0,0,0,0,0,0,7,1931900,445845985,131406415,0,0,0,0,0,0,0,0,0,0,0,0,0,0,0,0,0,0,0,0,0,0,0,0,0,0,0,0,0,0,0,0,0,0,0,0,0,12877496320,5203165184,785980,317576,130773949,353,0,99,786432,443902220,811172,11,8179795813,12884901888,1752639,1305762778,0,0,0,0,0,0,0,0,0,0,0,0,0,0,0,0,0,0,44283852,144181911,0,468,1202,7661,620,88568308,35,0,0,0,0,0,0,0,1,0,0,0,0,0,0,0,0,0,0,53573793,0,130771703,2232868,0,0,0,0,0,0,0,0,16384,0,0,0,0,0,0,0,0,0,0,0,7415,408,0,0,0,0,0,134622726,0,191,0,17,408,7415,0,0,0,0,0,0,0,0,0,0,0,0,0,0,0,0,0,0,0,0,0,0,0,0,0,0,0,0,0,0,0,0,0,0,0,0,0,0,0,0,0,0,0,0,0,0,0,0,0,0,0,0,0,0,666883491,0,0,0,937208359,0,0,0,0,0,0,0,186033598,443974453,800582746,370101396480,151972473,1,1,0,0,0,0,0,0,0,0,0,0,0,0,0,0,0,0,0,0,0,0,0,0,0,0,0,0,0,0,0,479,0,0,0,0,0,0,0
1782469584.096,0,0,0,0,0,0,0,1660394388,7273622292992,2596326447104,0,0,0,0,0,0,0,0,0,0,0,0,0,0,0,0,0,0,0,0,0,0,0,0,0,0,0,0,0,0,0,0,0,0,0,0,0,0,0,0,0,0,0,0,0,0,0,0,0,0,0,0,0,0,0,0,0,0,7,1931925,445963690,131438824,0,0,0,0,0,0,0,0,0,0,0,0,0,0,0,0,0,0,0,0,0,0,0,0,0,0,0,0,0,0,0,0,0,0,0,0,0,12877987840,5215305728,786010,318317,130805573,323,0,100,786432,444019405,811172,11,8181469133,12884901888,1754844,1305979330,0,0,0,0,0,0,0,0,0,0,0,0,0,0,0,0,0,0,44293716,144191774,0,468,1202,7661,620,88588048,35,0,0,0,0,0,0,0,1,0,0,0,0,0,0,0,0,0,0,53584964,0,130803393,2233298,0,0,0,0,0,0,0,0,16384,0,0,0,0,0,0,0,0,0,0,0,7416,408,0,0,0,0,0,134652708,0,191,0,17,408,7416,0,0,0,0,0,0,0,0,0,0,0,0,0,0,0,0,0,0,0,0,0,0,0,0,0,0,0,0,0,0,0,0,0,0,0,0,0,0,0,0,0,0,0,0,0,0,0,0,0,0,0,0,0,0,667022324,0,0,0,937375212,0,0,0,0,0,0,0,186053182,444091236,800754795,370173718016,151984866,1,0,0,0,0,0,0,0,0,0,0,0,0,0,0,0,0,0,0,0,0,0,0,0,0,0,0,0,0,0,0,726,0,0,0,0,0,0,0
1782469585.188,0,0,0,0,0,0,0,1660716521,7275480189440,2596930004480,0,0,0,0,0,0,0,0,0,0,0,0,0,0,0,0,0,0,0,0,0,0,0,0,0,0,0,0,0,0,0,0,0,0,0,0,0,0,0,0,0,0,0,0,0,0,0,0,0,0,0,0,0,0,0,0,0,0,7,1931954,446077978,131470557,0,0,0,0,0,0,0,0,0,0,0,0,0,0,0,0,0,0,0,0,0,0,0,0,0,0,0,0,0,0,0,0,0,0,0,0,0,12876939264,5221285888,785946,318682,130836648,390,0,96,786432,444133203,811172,11,8183092830,12884901888,1756690,1306190201,0,0,0,0,0,0,0,0,0,0,0,0,0,0,0,0,0,0,44303268,144201326,0,468,1202,7661,620,88607142,35,0,0,0,0,0,0,0,1,0,0,0,0,0,0,0,0,0,0,53595783,0,130834402,2233716,0,0,0,0,0,0,0,0,16384,0,0,0,0,0,0,0,0,0,0,0,7417,408,0,0,0,0,0,134681787,0,191,0,17,408,7417,0,0,0,0,0,0,0,0,0,0,0,0,0,0,0,0,0,0,0,0,0,0,0,0,0,0,0,0,0,0,0,0,0,0,0,0,0,0,0,0,0,0,0,0,0,0,0,0,0,0,0,0,0,0,667161520,0,0,0,937537024,0,0,0,0,0,0,0,186070217,444204587,800926405,370246213632,151995603,1,1,0,0,0,0,0,0,0,0,0,0,0,0,0,0,0,0,0,0,0,0,0,0,0,0,0,0,0,0,0,796,0,0,0,0,0,0,0
1782469586.277,0,0,0,0,0,0,0,1661032728,7277307693568,2597521516032,0,0,0,0,0,0,0,0,0,0,0,0,0,0,0,0,0,0,0,0,0,0,0,0,0,0,0,0,0,0,0,0,0,0,0,0,0,0,0,0,0,0,0,0,0,0,0,0,0,0,0,0,0,0,0,0,0,0,7,1931981,446190442,131501777,0,0,0,0,0,0,0,0,0,0,0,0,0,0,0,0,0,0,0,0,0,0,0,0,0,0,0,0,0,0,0,0,0,0,0,0,0,12878135296,5225283584,786019,318926,130867088,317,0,96,786432,444245167,811172,11,8184684656,12884901888,1759445,1306395695,0,0,0,0,0,0,0,0,0,0,0,0,0,0,0,0,0,0,44312640,144210694,0,468,1202,7661,620,88625895,35,0,0,0,0,0,0,0,1,0,0,0,0,0,0,0,0,0,0,53606373,0,130864923,2234120,0,0,0,0,0,0,0,0,16384,0,0,0,0,0,0,0,0,0,0,0,7418,408,0,0,0,0,0,134710288,0,191,0,17,408,7418,0,0,0,0,0,0,0,0,0,0,0,0,0,0,0,0,0,0,0,0,0,0,0,0,0,0,0,0,0,0,0,0,0,0,0,0,0,0,0,0,0,0,0,0,0,0,0,0,0,0,0,0,0,0,667296543,0,0,0,937695417,0,0,0,0,0,0,0,186087809,444316136,801093463,370316464640,152006794,1,0,0,0,0,0,0,0,0,0,0,0,0,0,0,0,0,0,0,0,0,0,0,0,0,0,0,0,0,0,0,1195,0,0,0,0,0,0,0
1782469587.367,0,0,0,0,0,0,0,1661361233,7279202503168,2598129818112,0,0,0,0,0,0,0,0,0,0,0,0,0,0,0,0,0,0,0,0,0,0,0,0,0,0,0,0,0,0,0,0,0,0,0,0,0,0,0,0,0,0,0,0,0,0,0,0,0,0,0,0,0,0,0,0,0,0,7,1932004,446307057,131533836,0,0,0,0,0,0,0,0,0,0,0,0,0,0,0,0,0,0,0,0,0,0,0,0,0,0,0,0,0,0,0,0,0,0,0,0,0,12880183296,5234442240,786145,319485,130898206,193,0,97,786432,444361259,811172,11,8186342164,12884901888,1761689,1306612384,0,0,0,0,0,0,0,0,0,0,0,0,0,0,0,0,0,0,44322389,144220448,0,468,1202,7661,620,88645387,35,0,0,0,0,0,0,0,1,0,0,0,0,0,0,0,0,0,0,53617405,0,130896031,2234542,0,0,0,0,0,0,0,0,16384,0,0,0,0,0,0,0,0,0,0,0,7419,408,0,0,0,0,0,134739948,0,191,0,17,408,7419,0,0,0,0,0,0,0,0,0,0,0,0,0,0,0,0,0,0,0,0,0,0,0,0,0,0,0,0,0,0,0,0,0,0,0,0,0,0,0,0,0,0,0,0,0,0,0,0,0,0,0,0,0,0,667433968,0,0,0,937860993,0,0,0,0,0,0,0,186107490,444431789,801263943,370387978240,152018971,1,1,0,0,0,0,0,0,0,0,0,0,0,0,0,0,0,0,0,0,0,0,0,0,0,0,0,0,0,0,0,597,0,0,0,0,0,0,0
1782469588.453,0,0,0,0,0,0,0,1661691925,7281111370240,2598767417856,0,0,0,0,0,0,0,0,0,0,0,0,0,0,0,0,0,0,0,0,0,0,0,0,0,0,0,0,0,0,0,0,0,0,0,0,0,0,0,0,0,0,0,0,0,0,0,0,0,0,0,0,0,0,0,0,0,0,7,1932028,446424493,131567585,0,0,0,0,0,0,0,0,0,0,0,0,0,0,0,0,0,0,0,0,0,0,0,0,0,0,0,0,0,0,0,0,0,0,0,0,0,12876726272,5220220928,785933,318617,130930172,402,0,96,786432,444478163,811172,11,8188010746,12884901888,1763458,1306829166,0,0,0,0,0,0,0,0,0,0,0,0,0,0,0,0,0,0,44332217,144230276,0,468,1202,7661,620,88665057,35,0,0,0,0,0,0,0,1,0,0,0,0,0,0,0,0,0,0,53628538,0,130929206,2234989,0,0,0,0,0,0,0,0,16384,0,0,0,0,0,0,0,0,0,0,0,7420,408,0,0,0,0,0,134769842,0,191,0,17,408,7420,0,0,0,0,0,0,0,0,0,0,0,0,0,0,0,0,0,0,0,0,0,0,0,0,0,0,0,0,0,0,0,0,0,0,0,0,0,0,0,0,0,0,0,0,0,0,0,0,0,0,0,0,0,0,667572942,0,0,0,938027293,0,0,0,0,0,0,0,186126675,444548277,801437399,370460271104,152030587,1,0,0,0,0,0,0,0,0,0,0,0,0,0,0,0,0,0,0,0,0,0,0,0,0,0,0,0,0,0,0,557,0,0,0,0,0,0,0
1782469589.536,0,0,0,0,0,0,0,1662013197,7282956356096,2599397897728,0,0,0,0,0,0,0,0,0,0,0,0,0,0,0,0,0,0,0,0,0,0,0,0,0,0,0,0,0,0,0,0,0,0,0,0,0,0,0,0,0,0,0,0,0,0,0,0,0,0,0,0,0,0,0,0,0,0,7,1932057,446538046,131601153,0,0,0,0,0,0,0,0,0,0,0,0,0,0,0,0,0,0,0,0,0,0,0,0,0,0,0,0,0,0,0,0,0,0,0,0,0,12883197952,5191827456,786328,316884,130960513,3,0,101,786432,444591189,811172,11,8189629959,12884901888,1766260,1307038748,0,0,0,0,0,0,0,0,0,0,0,0,0,0,0,0,0,0,44341754,144239814,0,468,1202,7661,620,88684115,35,0,0,0,0,0,0,0,1,0,0,0,0,0,0,0,0,0,0,53639341,0,130961595,2235419,0,0,0,0,0,0,0,0,16384,0,0,0,0,0,0,0,0,0,0,0,7422,408,0,0,0,0,0,134798808,0,191,0,17,408,7422,0,0,0,0,0,0,0,0,0,0,0,0,0,0,0,0,0,0,0,0,0,0,0,0,0,0,0,0,0,0,0,0,0,0,0,0,0,0,0,0,0,0,0,0,0,0,0,0,0,0,0,0,0,0,667707061,0,0,0,938188607,0,0,0,0,0,0,0,186145606,444660855,801606084,370530253312,152042334,1,0,0,0,0,0,0,0,0,0,0,0,0,0,0,0,0,0,0,0,0,0,0,0,0,0,0,0,0,0,0,741,0,0,0,0,0,0,0
1782469590.619,0,0,0,0,0,0,0,1662327577,7284777437696,2600003041792,0,0,0,0,0,0,0,0,0,0,0,0,0,0,0,0,0,0,0,0,0,0,0,0,0,0,0,0,0,0,0,0,0,0,0,0,0,0,0,0,0,0,0,0,0,0,0,0,0,0,0,0,0,0,0,0,0,0,7,1932079,446650010,131633315,0,0,0,0,0,0,0,0,0,0,0,0,0,0,0,0,0,0,0,0,0,0,0,0,0,0,0,0,0,0,0,0,0,0,0,0,0,12878168064,5176688640,786023,315960,130995259,316,0,97,786432,444702663,811172,11,8191211832,12884901888,1768872,1307242148,0,0,0,0,0,0,0,0,0,0,0,0,0,0,0,0,0,0,44351092,144249150,0,468,1202,7661,620,88702794,35,0,0,0,0,0,0,0,1,0,0,0,0,0,0,0,0,0,0,53649891,0,130992991,2235832,0,0,0,0,0,0,0,0,16384,0,0,0,0,0,0,0,0,0,0,0,7423,408,0,0,0,0,0,134827164,0,191,0,17,408,7423,0,0,0,0,0,0,0,0,0,0,0,0,0,0,0,0,0,0,0,0,0,0,0,0,0,0,0,0,0,0,0,0,0,0,0,0,0,0,0,0,0,0,0,0,0,0,0,0,0,0,0,0,0,0,667839262,0,0,0,938345886,0,0,0,0,0,0,0,186165246,444771883,801771386,370599036416,152054880,1,1,0,0,0,0,0,0,0,0,0,0,0,0,0,0,0,0,0,0,0,0,0,0,0,0,0,0,0,0,0,1523,0,0,0,0,0,0,0
1782469591.698,0,0,0,0,0,0,0,1662629034,7286519384576,2600571184128,0,0,0,0,0,0,0,0,0,0,0,0,0,0,0,0,0,0,0,0,0,0,0,0,0,0,0,0,0,0,0,0,0,0,0,0,0,0,0,0,0,0,0,0,0,0,0,0,0,0,0,0,0,0,0,0,0,0,7,1932106,446757139,131663256,0,0,0,0,0,0,0,0,0,0,0,0,0,0,0,0,0,0,0,0,0,0,0,0,0,0,0,0,0,0,0,0,0,0,0,0,0,12877398016,5174476800,785974,315825,131024474,361,0,96,786432,444809360,811172,11,8192729112,12884901888,1771434,1307437160,0,0,0,0,0,0,0,0,0,0,0,0,0,0,0,0,0,0,44360028,144258088,0,468,1202,7661,620,88720664,35,0,0,0,0,0,0,0,1,0,0,0,0,0,0,0,0,0,0,53660000,0,131022206,2236226,0,0,0,0,0,0,0,0,16384,0,0,0,0,0,0,0,0,0,0,0,7424,408,0,0,0,0,0,134854315,0,191,0,17,408,7424,0,0,0,0,0,0,0,0,0,0,0,0,0,0,0,0,0,0,0,0,0,0,0,0,0,0,0,0,0,0,0,0,0,0,0,0,0,0,0,0,0,0,0,0,0,0,0,0,0,0,0,0,0,0,667969319,0,0,0,938496486,0,0,0,0,0,0,0,186182310,444878150,801932232,370666505728,152065815,1,0,0,0,0,0,0,0,0,0,0,0,0,0,0,0,0,0,0,0,0,0,0,0,0,0,0,0,0,0,0,2239,0,0,0,0,0,0,0
1782469592.780,0,0,0,0,0,0,0,1662944002,7288331602432,2601158878720,0,0,0,0,0,0,0,0,0,0,0,0,0,0,0,0,0,0,0,0,0,0,0,0,0,0,0,0,0,0,0,0,0,0,0,0,0,0,0,0,0,0,0,0,0,0,0,0,0,0,0,0,0,0,0,0,0,0,7,1932129,446868617,131694183,0,0,0,0,0,0,0,0,0,0,0,0,0,0,0,0,0,0,0,0,0,0,0,0,0,0,0,0,0,0,0,0,0,0,0,0,0,12881379328,5183782912,786217,316393,131054368,120,0,99,786432,444920351,811172,11,8194318605,12884901888,1774239,1307646350,0,0,0,0,0,0,0,0,0,0,0,0,0,0,0,0,0,0,44369375,144267432,0,468,1202,7661,620,88739357,35,0,0,0,0,0,0,0,1,0,0,0,0,0,0,0,0,0,0,53670583,0,131052100,2236623,0,0,0,0,0,0,0,0,16384,0,0,0,0,0,0,0,0,0,0,0,7425,408,0,0,0,0,0,134882675,0,191,0,17,408,7425,0,0,0,0,0,0,0,0,0,0,0,0,0,0,0,0,0,0,0,0,0,0,0,0,0,0,0,0,0,0,0,0,0,0,0,0,0,0,0,0,0,0,0,0,0,0,0,0,0,0,0,0,0,0,668104675,0,0,0,938656158,0,0,0,0,0,0,0,186200929,444988748,802099625,370736849408,152077969,1,1,0,0,0,0,0,0,0,0,0,0,0,0,0,0,0,0,0,0,0,0,0,0,0,0,0,0,0,0,0,787,0,0,0,0,0,0,0
1782469593.865,0,0,0,0,0,0,0,1663276572,7290244909568,2601770242048,0,0,0,0,0,0,0,0,0,0,0,0,0,0,0,0,0,0,0,0,0,0,0,0,0,0,0,0,0,0,0,0,0,0,0,0,0,0,0,0,0,0,0,0,0,0,0,0,0,0,0,0,0,0,0,0,0,0,7,1932157,446986423,131726331,0,0,0,0,0,0,0,0,0,0,0,0,0,0,0,0,0,0,0,0,0,0,0,0,0,0,0,0,0,0,0,0,0,0,0,0,0,12878528512,5200707584,786043,317426,131085693,293,0,96,786432,445037624,811172,11,8195995916,12884901888,1776601,1307864749,0,0,0,0,0,0,0,0,0,0,0,0,0,0,0,0,0,0,44379248,144277308,0,468,1202,7661,620,88759106,35,0,0,0,0,0,0,0,1,0,0,0,0,0,0,0,0,0,0,53681760,0,131083442,2237043,0,0,0,0,0,0,0,0,16384,0,0,0,0,0,0,0,0,0,0,0,7426,408,0,0,0,0,0,134912724,0,191,0,17,408,7426,0,0,0,0,0,0,0,0,0,0,0,0,0,0,0,0,0,0,0,0,0,0,0,0,0,0,0,0,0,0,0,0,0,0,0,0,0,0,0,0,0,0,0,0,0,0,0,0,0,0,0,0,0,0,668244625,0,0,0,938823849,0,0,0,0,0,0,0,186220497,445105521,802272661,370809781248,152090196,1,1,0,0,0,0,0,0,0,0,0,0,0,0,0,0,0,0,0,0,0,0,0,0,0,0,0,0,0,0,0,298,0,0,0,0,0,0,0
1782469594.952,0,0,0,0,0,0,0,1663592081,7292072806912,2602368398848,0,0,0,0,0,0,0,0,0,0,0,0,0,0,0,0,0,0,0,0,0,0,0,0,0,0,0,0,0,0,0,0,0,0,0,0,0,0,0,0,0,0,0,0,0,0,0,0,0,0,0,0,0,0,0,0,0,0,7,1932178,447098823,131757857,0,0,0,0,0,0,0,0,0,0,0,0,0,0,0,0,0,0,0,0,0,0,0,0,0,0,0,0,0,0,0,0,0,0,0,0,0,12882673664,5198561280,786296,317295,131115779,41,0,96,786432,445149508,811172,11,8197586243,12884901888,1780415,1308070390,0,0,0,0,0,0,0,0,0,0,0,0,0,0,0,0,0,0,44388630,144286688,0,468,1202,7661,620,88777877,35,0,0,0,0,0,0,0,1,0,0,0,0,0,0,0,0,0,0,53692402,0,131113511,2237446,0,0,0,0,0,0,0,0,16384,0,0,0,0,0,0,0,0,0,0,0,7427,408,0,0,0,0,0,134941210,0,191,0,17,408,7427,0,0,0,0,0,0,0,0,0,0,0,0,0,0,0,0,0,0,0,0,0,0,0,0,0,0,0,0,0,0,0,0,0,0,0,0,0,0,0,0,0,0,0,0,0,0,0,0,0,0,0,0,0,0,668380803,0,0,0,938982306,0,0,0,0,0,0,0,186238855,445216983,802441679,370880536064,152101743,1,0,0,0,0,0,0,0,0,0,0,0,0,0,0,0,0,0,0,0,0,0,0,0,0,0,0,0,0,0,0,586,0,0,0,0,0,0,0
1782469596.038,0,0,0,0,0,0,0,1663906498,7293887203840,2602958595584,0,0,0,0,0,0,0,0,0,0,0,0,0,0,0,0,0,0,0,0,0,0,0,0,0,0,0,0,0,0,0,0,0,0,0,0,0,0,0,0,0,0,0,0,0,0,0,0,0,0,0,0,0,0,0,0,0,0,7,1932203,447210464,131788985,0,0,0,0,0,0,0,0,0,0,0,0,0,0,0,0,0,0,0,0,0,0,0,0,0,0,0,0,0,0,0,0,0,0,0,0,0,12876873728,5197742080,785942,317245,131146108,393,0,96,786432,445260686,811172,11,8199166804,12884901888,1783209,1308273332,0,0,0,0,0,0,0,0,0,0,0,0,0,0,0,0,0,0,44397942,144296000,0,468,1202,7661,620,88796495,35,0,0,0,0,0,0,0,1,0,0,0,0,0,0,0,0,0,0,53702941,0,131143900,2237849,0,0,0,0,0,0,0,0,16384,0,0,0,0,0,0,0,0,0,0,0,7428,408,0,0,0,0,0,134969504,0,191,0,17,408,7428,0,0,0,0,0,0,0,0,0,0,0,0,0,0,0,0,0,0,0,0,0,0,0,0,0,0,0,0,0,0,0,0,0,0,0,0,0,0,0,0,0,0,0,0,0,0,0,0,0,0,0,0,0,0,668515888,0,0,0,939139167,0,0,0,0,0,0,0,186256341,445327658,802608845,370950653952,152112718,1,0,0,0,0,0,0,0,0,0,0,0,0,0,0,0,0,0,0,0,0,0,0,0,0,0,0,0,0,0,0,1525,0,0,0,0,0,0,0
1782469597.128,0,0,0,0,0,0,0,1664234745,7295783078400,2603566443520,0,0,0,0,0,0,0,0,0,0,0,0,0,0,0,0,0,0,0,0,0,0,0,0,0,0,0,0,0,0,0,0,0,0,0,0,0,0,0,0,0,0,0,0,0,0,0,0,0,0,0,0,0,0,0,0,0,0,7,1932233,447327154,131821084,0,0,0,0,0,0,0,0,0,0,0,0,0,0,0,0,0,0,0,0,0,0,0,0,0,0,0,0,0,0,0,0,0,0,0,0,0,12882673664,5209325568,786297,317952,131177376,16,0,119,786432,445376891,811172,11,8200823645,12884901888,1785528,1308491108,0,0,0,0,0,0,0,0,0,0,0,0,0,0,0,0,0,0,44407667,144305728,0,468,1202,7661,620,88815957,35,0,0,0,0,0,0,0,1,0,0,0,0,0,0,0,0,0,0,53713950,0,131175108,2238268,0,0,0,0,0,0,0,0,16384,0,0,0,0,0,0,0,0,0,0,0,7429,408,0,0,0,0,0,134999062,0,191,0,17,408,7429,0,0,0,0,0,0,0,0,0,0,0,0,0,0,0,0,0,0,0,0,0,0,0,0,0,0,0,0,0,0,0,0,0,0,0,0,0,0,0,0,0,0,0,0,0,0,0,0,0,0,0,0,0,0,668652335,0,0,0,939304871,0,0,0,0,0,0,0,186276445,445443338,802778341,371021749760,152125599,1,0,0,0,0,0,0,0,0,0,0,0,0,0,0,0,0,0,0,0,0,0,0,0,0,0,0,0,0,0,0,570,0,0,0,0,0,0,0
1782469598.217,0,0,0,0,0,0,0,1664564146,7297688766976,2604179566592,0,0,0,0,0,0,0,0,0,0,0,0,0,0,0,0,0,0,0,0,0,0,0,0,0,0,0,0,0,0,0,0,0,0,0,0,0,0,0,0,0,0,0,0,0,0,0,0,0,0,0,0,0,0,0,0,0,0,7,1932260,447444411,131853445,0,0,0,0,0,0,0,0,0,0,0,0,0,0,0,0,0,0,0,0,0,0,0,0,0,0,0,0,0,0,0,0,0,0,0,0,0,12879249408,5215322112,786087,318319,131208877,241,0,97,786432,445493635,811172,11,8202482079,12884901888,1787738,1308705443,0,0,0,0,0,0,0,0,0,0,0,0,0,0,0,0,0,0,44417454,144315516,0,468,1202,7661,620,88835515,35,0,0,0,0,0,0,0,1,0,0,0,0,0,0,0,0,0,0,53725025,0,131206609,2238698,0,0,0,0,0,0,0,0,16384,0,0,0,0,0,0,0,0,0,0,0,7430,408,0,0,0,0,0,135028812,0,191,0,17,408,7430,0,0,0,0,0,0,0,0,0,0,0,0,0,0,0,0,0,0,0,0,0,0,0,0,0,0,0,0,0,0,0,0,0,0,0,0,0,0,0,0,0,0,0,0,0,0,0,0,0,0,0,0,0,0,668789535,0,0,0,939469871,0,0,0,0,0,0,0,186296226,445559628,802948795,371093277696,152138008,1,1,0,0,0,0,0,0,0,0,0,0,0,0,0,0,0,0,0,0,0,0,0,0,0,0,0,0,0,0,0,1249,0,0,0,0,0,0,0
1782469599.304,0,0,0,0,0,0,0,1664894471,7299597978112,2604792272384,0,0,0,0,0,0,0,0,0,0,0,0,0,0,0,0,0,0,0,0,0,0,0,0,0,0,0,0,0,0,0,0,0,0,0,0,0,0,0,0,0,0,0,0,0,0,0,0,0,0,0,0,0,0,0,0,0,0,7,1932289,447561867,131885795,0,0,0,0,0,0,0,0,0,0,0,0,0,0,0,0,0,0,0,0,0,0,0,0,0,0,0,0,0,0,0,0,0,0,0,0,0,12876398592,5225529344,785913,318941,131240548,421,0,98,786432,445610548,811172,11,8204148370,12884901888,1789885,1308923155,0,0,0,0,0,0,0,0,0,0,0,0,0,0,0,0,0,0,44427258,144325319,0,468,1202,7661,620,88855130,35,0,0,0,0,0,0,0,1,0,0,0,0,0,0,0,0,0,0,53736142,0,131238280,2239133,0,0,0,0,0,0,0,0,16384,0,0,0,0,0,0,0,0,0,0,0,7431,408,0,0,0,0,0,135058622,0,191,0,17,408,7431,0,0,0,0,0,0,0,0,0,0,0,0,0,0,0,0,0,0,0,0,0,0,0,0,0,0,0,0,0,0,0,0,0,0,0,0,0,0,0,0,0,0,0,0,0,0,0,0,0,0,0,0,0,0,668927591,0,0,0,939636249,0,0,0,0,0,0,0,186315807,445676004,803119986,371165076992,152150321,1,1,0,0,0,0,0,0,0,0,0,0,0,0,0,0,0,0,0,0,0,0,0,0,0,0,0,0,0,0,0,651,0,0,0,0,0,0,0
1782469600.390,0,0,0,0,0,0,0,1665210178,7301420845568,2605385380352,0,0,0,0,0,0,0,0,0,0,0,0,0,0,0,0,0,0,0,0,0,0,0,0,0,0,0,0,0,0,0,0,0,0,0,0,0,0,0,0,0,0,0,0,0,0,0,0,0,0,0,0,0,0,0,0,0,0,7,1932321,447673955,131917071,0,0,0,0,0,0,0,0,0,0,0,0,0,0,0,0,0,0,0,0,0,0,0,0,0,0,0,0,0,0,0,0,0,0,0,0,0,12878643200,5225398272,786050,318933,131271153,278,0,103,786432,445722148,811172,11,8205738007,12884901888,1791732,1309128872,0,0,0,0,0,0,0,0,0,0,0,0,0,0,0,0,0,0,44436635,144334693,0,468,1202,7661,620,88873878,35,0,0,0,0,0,0,0,1,0,0,0,0,0,0,0,0,0,0,53746765,0,131268949,2239545,0,0,0,0,0,0,0,0,16384,0,0,0,0,0,0,0,0,0,0,0,7432,408,0,0,0,0,0,135087107,0,191,0,17,408,7432,0,0,0,0,0,0,0,0,0,0,0,0,0,0,0,0,0,0,0,0,0,0,0,0,0,0,0,0,0,0,0,0,0,0,0,0,0,0,0,0,0,0,0,0,0,0,0,0,0,0,0,0,0,0,669061864,0,0,0,939794707,0,0,0,0,0,0,0,186333744,445787134,803286189,371235111424,152161660,1,0,0,0,0,0,0,0,0,0,0,0,0,0,0,0,0,0,0,0,0,0,0,0,0,0,0,0,0,0,0,969,0,0,0,0,0,0,0
1782469601.474,0,0,0,0,0,0,0,1665504660,7303114426880,2605963819008,0,0,0,0,0,0,0,0,0,0,0,0,0,0,0,0,0,0,0,0,0,0,0,0,0,0,0,0,0,0,0,0,0,0,0,0,0,0,0,0,0,0,0,0,0,0,0,0,0,0,0,0,0,0,0,0,0,0,7,1932337,447778166,131947458,0,0,0,0,0,0,0,0,0,0,0,0,0,0,0,0,0,0,0,0,0,0,0,0,0,0,0,0,0,0,0,0,0,0,0,0,0,12881756160,5206999040,786241,317809,131298436,98,0,96,786432,445825989,811172,11,8207214742,12884901888,1796208,1309316961,0,0,0,0,0,0,0,0,0,0,0,0,0,0,0,0,0,0,44445356,144343415,0,468,1202,7661,620,88891328,35,0,0,0,0,0,0,0,1,0,0,0,0,0,0,0,0,0,0,53756631,0,131297704,2239913,0,0,0,0,0,0,0,0,16384,0,0,0,0,0,0,0,0,0,0,0,7433,408,0,0,0,0,0,135113634,0,191,0,17,408,7433,0,0,0,0,0,0,0,0,0,0,0,0,0,0,0,0,0,0,0,0,0,0,0,0,0,0,0,0,0,0,0,0,0,0,0,0,0,0,0,0,0,0,0,0,0,0,0,0,0,0,0,0,0,0,669190072,0,0,0,939940871,0,0,0,0,0,0,0,186351420,445890477,803446460,371301706240,152173131,1,1,0,0,0,0,0,0,0,0,0,0,0,0,0,0,0,0,0,0,0,0,0,0,0,0,0,0,0,0,0,2600,0,0,0,0,0,0,0
1782469602.556,0,0,0,0,0,0,0,1665819765,7304934672896,2606592040960,0,0,0,0,0,0,0,0,0,0,0,0,0,0,0,0,0,0,0,0,0,0,0,0,0,0,0,0,0,0,0,0,0,0,0,0,0,0,0,0,0,0,0,0,0,0,0,0,0,0,0,0,0,0,0,0,0,0,7,1932361,447890133,131981154,0,0,0,0,0,0,0,0,0,0,0,0,0,0,0,0,0,0,0,0,0,0,0,0,0,0,0,0,0,0,0,0,0,0,0,0,0,12883181568,5171658752,786327,315653,131328564,1,0,105,786432,445937486,811172,11,8208808388,12884901888,1798826,1309528098,0,0,0,0,0,0,0,0,0,0,0,0,0,0,0,0,0,0,44454710,144352768,0,468,1202,7661,620,88910049,35,0,0,0,0,0,0,0,1,0,0,0,0,0,0,0,0,0,0,53767222,0,131330520,2240338,0,0,0,0,0,0,0,0,16384,0,0,0,0,0,0,0,0,0,0,0,7435,408,0,0,0,0,0,135142051,0,191,0,17,408,7435,0,0,0,0,0,0,0,0,0,0,0,0,0,0,0,0,0,0,0,0,0,0,0,0,0,0,0,0,0,0,0,0,0,0,0,0,0,0,0,0,0,0,0,0,0,0,0,0,0,0,0,0,0,0,669323591,0,0,0,940101309,0,0,0,0,0,0,0,186370904,446001548,803614651,371371234816,152185572,1,1,0,0,0,0,0,0,0,0,0,0,0,0,0,0,0,0,0,0,0,0,0,0,0,0,0,0,0,0,0,414,0,0,0,0,0,0,0
1782469603.636,0,0,0,0,0,0,0,1666148660,7306834496000,2607213067264,0,0,0,0,0,0,0,0,0,0,0,0,0,0,0,0,0,0,0,0,0,0,0,0,0,0,0,0,0,0,0,0,0,0,0,0,0,0,0,0,0,0,0,0,0,0,0,0,0,0,0,0,0,0,0,0,0,0,7,1932379,448007015,132013992,0,0,0,0,0,0,0,0,0,0,0,0,0,0,0,0,0,0,0,0,0,0,0,0,0,0,0,0,0,0,0,0,0,0,0,0,0,12878102528,5169905664,786017,315546,131364835,319,0,97,786432,446053890,811172,11,8210461492,12884901888,1801211,1309738884,0,0,0,0,0,0,0,0,0,0,0,0,0,0,0,0,0,0,44464460,144362520,0,468,1202,7661,620,88929538,35,0,0,0,0,0,0,0,1,0,0,0,0,0,0,0,0,0,0,53778258,0,131362567,2240770,0,0,0,0,0,0,0,0,16384,0,0,0,0,0,0,0,0,0,0,0,7436,408,0,0,0,0,0,135171696,0,191,0,17,408,7436,0,0,0,0,0,0,0,0,0,0,0,0,0,0,0,0,0,0,0,0,0,0,0,0,0,0,0,0,0,0,0,0,0,0,0,0,0,0,0,0,0,0,0,0,0,0,0,0,0,0,0,0,0,0,669461597,0,0,0,940264943,0,0,0,0,0,0,0,186391121,446117425,803786370,371442971648,152198426,1,0,0,0,0,0,0,0,0,0,0,0,0,0,0,0,0,0,0,0,0,0,0,0,0,0,0,0,0,0,0,2083,0,0,0,0,0,0,0
1782469604.721,0,0,0,0,0,0,0,1666463550,7308655151616,2607807523840,0,0,0,0,0,0,0,0,0,0,0,0,0,0,0,0,0,0,0,0,0,0,0,0,0,0,0,0,0,0,0,0,0,0,0,0,0,0,0,0,0,0,0,0,0,0,0,0,0,0,0,0,0,0,0,0,0,0,7,1932416,448119027,132045268,0,0,0,0,0,0,0,0,0,0,0,0,0,0,0,0,0,0,0,0,0,0,0,0,0,0,0,0,0,0,0,0,0,0,0,0,0,12882526208,5172756480,786287,315720,131395238,49,0,97,786432,446165411,811172,11,8212049395,12884901888,1803548,1309944433,0,0,0,0,0,0,0,0,0,0,0,0,0,0,0,0,0,0,44473802,144371860,0,468,1202,7661,620,88948238,35,0,0,0,0,0,0,0,1,0,0,0,0,0,0,0,0,0,0,53788840,0,131392890,2241182,0,0,0,0,0,0,0,0,16384,0,0,0,0,0,0,0,0,0,0,0,7437,408,0,0,0,0,0,135200096,0,191,0,17,408,7437,0,0,0,0,0,0,0,0,0,0,0,0,0,0,0,0,0,0,0,0,0,0,0,0,0,0,0,0,0,0,0,0,0,0,0,0,0,0,0,0,0,0,0,0,0,0,0,0,0,0,0,0,0,0,669598069,0,0,0,940423308,0,0,0,0,0,0,0,186409063,446228463,803954999,371513953792,152209955,1,1,0,0,0,0,0,0,0,0,0,0,0,0,0,0,0,0,0,0,0,0,0,0,0,0,0,0,0,0,0,1979,0,0,0,0,0,0,0
1782469605.806,0,0,0,0,0,0,0,1666780408,7310482213376,2608400837120,0,0,0,0,0,0,0,0,0,0,0,0,0,0,0,0,0,0,0,0,0,0,0,0,0,0,0,0,0,0,0,0,0,0,0,0,0,0,0,0,0,0,0,0,0,0,0,0,0,0,0,0,0,0,0,0,0,0,7,1932441,448231464,132076428,0,0,0,0,0,0,0,0,0,0,0,0,0,0,0,0,0,0,0,0,0,0,0,0,0,0,0,0,0,0,0,0,0,0,0,0,0,12878282752,5180194816,786028,316174,131425800,307,0,96,786432,446277366,811172,11,8213649376,12884901888,1805633,1310153191,0,0,0,0,0,0,0,0,0,0,0,0,0,0,0,0,0,0,44483234,144381295,0,468,1202,7661,620,88967077,35,0,0,0,0,0,0,0,1,0,0,0,0,0,0,0,0,0,0,53799530,0,131423452,2241601,0,0,0,0,0,0,0,0,16384,0,0,0,0,0,0,0,0,0,0,0,7438,408,0,0,0,0,0,135228791,0,191,0,17,408,7438,0,0,0,0,0,0,0,0,0,0,0,0,0,0,0,0,0,0,0,0,0,0,0,0,0,0,0,0,0,0,0,0,0,0,0,0,0,0,0,0,0,0,0,0,0,0,0,0,0,0,0,0,0,0,669736193,0,0,0,940583412,0,0,0,0,0,0,0,186426610,446339890,804125060,371585861120,152220944,1,1,0,0,0,0,0,0,0,0,0,0,0,0,0,0,0,0,0,0,0,0,0,0,0,0,0,0,0,0,0,1307,0,0,0,0,0,0,0
1782469606.893,0,0,0,0,0,0,0,1667118305,7312434743808,2609023164416,0,0,0,0,0,0,0,0,0,0,0,0,0,0,0,0,0,0,0,0,0,0,0,0,0,0,0,0,0,0,0,0,0,0,0,0,0,0,0,0,0,0,0,0,0,0,0,0,0,0,0,0,0,0,0,0,0,0,7,1932479,448351520,132109186,0,0,0,0,0,0,0,0,0,0,0,0,0,0,0,0,0,0,0,0,0,0,0,0,0,0,0,0,0,0,0,0,0,0,0,0,0,12879659008,5194678272,786112,317058,131457926,222,0,97,786432,446396839,811172,11,8215352492,12884901888,1807393,1310374197,0,0,0,0,0,0,0,0,0,0,0,0,0,0,0,0,0,0,44493245,144391306,0,468,1202,7661,620,88987108,35,0,0,0,0,0,0,0,1,0,0,0,0,0,0,0,0,0,0,53810865,0,131455578,2242046,0,0,0,0,0,0,0,0,16384,0,0,0,0,0,0,0,0,0,0,0,7439,408,0,0,0,0,0,135259184,0,191,0,17,408,7439,0,0,0,0,0,0,0,0,0,0,0,0,0,0,0,0,0,0,0,0,0,0,0,0,0,0,0,0,0,0,0,0,0,0,0,0,0,0,0,0,0,0,0,0,0,0,0,0,0,0,0,0,0,0,669878437,0,0,0,940752926,0,0,0,0,0,0,0,186445746,446459007,804300669,371659999232,152232779,1,1,0,0,0,0,0,0,0,0,0,0,0,0,0,0,0,0,0,0,0,0,0,0,0,0,0,0,0,0,0,1438,0,0,0,0,0,0,0
1782469607.988,0,0,0,0,0,0,0,1667449222,7314348804608,2609641260544,0,0,0,0,0,0,0,0,0,0,0,0,0,0,0,0,0,0,0,0,0,0,0,0,0,0,0,0,0,0,0,0,0,0,0,0,0,0,0,0,0,0,0,0,0,0,0,0,0,0,0,0,0,0,0,0,0,0,7,1932507,448469366,132141798,0,0,0,0,0,0,0,0,0,0,0,0,0,0,0,0,0,0,0,0,0,0,0,0,0,0,0,0,0,0,0,0,0,0,0,0,0,12877250560,5207031808,785964,317813,131489859,370,0,98,786432,446514172,811172,11,8217022437,12884901888,1809399,1310591455,0,0,0,0,0,0,0,0,0,0,0,0,0,0,0,0,0,0,44503083,144401143,0,468,1202,7661,620,89006788,35,0,0,0,0,0,0,0,1,0,0,0,0,0,0,0,0,0,0,53821996,0,131487511,2242477,0,0,0,0,0,0,0,0,16384,0,0,0,0,0,0,0,0,0,0,0,7440,408,0,0,0,0,0,135289115,0,191,0,17,408,7440,0,0,0,0,0,0,0,0,0,0,0,0,0,0,0,0,0,0,0,0,0,0,0,0,0,0,0,0,0,0,0,0,0,0,0,0,0,0,0,0,0,0,0,0,0,0,0,0,0,0,0,0,0,0,670016536,0,0,0,940919611,0,0,0,0,0,0,0,186465503,446575768,804472241,371732017152,152245113,1,1,0,0,0,0,0,0,0,0,0,0,0,0,0,0,0,0,0,0,0,0,0,0,0,0,0,0,0,0,0,1208,0,0,0,0,0,0,0
1782469609.077,0,0,0,0,0,0,0,1667780171,7316257081856,2610256039936,0,0,0,0,0,0,0,0,0,0,0,0,0,0,0,0,0,0,0,0,0,0,0,0,0,0,0,0,0,0,0,0,0,0,0,0,0,0,0,0,0,0,0,0,0,0,0,0,0,0,0,0,0,0,0,0,0,0,7,1932530,448586740,132174234,0,0,0,0,0,0,0,0,0,0,0,0,0,0,0,0,0,0,0,0,0,0,0,0,0,0,0,0,0,0,0,0,0,0,0,0,0,12880986112,5210374144,786193,318016,131521555,139,0,99,786432,446631028,811172,11,8218692618,12884901888,1811518,1310808648,0,0,0,0,0,0,0,0,0,0,0,0,0,0,0,0,0,0,44512913,144410974,0,468,1202,7661,620,89026440,35,0,0,0,0,0,0,0,1,0,0,0,0,0,0,0,0,0,0,53833122,0,131519207,2242908,0,0,0,0,0,0,0,0,16384,0,0,0,0,0,0,0,0,0,0,0,7441,408,0,0,0,0,0,135318976,0,191,0,17,408,7441,0,0,0,0,0,0,0,0,0,0,0,0,0,0,0,0,0,0,0,0,0,0,0,0,0,0,0,0,0,0,0,0,0,0,0,0,0,0,0,0,0,0,0,0,0,0,0,0,0,0,0,0,0,0,670155417,0,0,0,941086537,0,0,0,0,0,0,0,186485318,446692130,804644392,371804331008,152257441,1,0,0,0,0,0,0,0,0,0,0,0,0,0,0,0,0,0,0,0,0,0,0,0,0,0,0,0,0,0,0,719,0,0,0,0,0,0,0
1782469610.170,0,0,0,0,0,0,0,1668074687,7317956758016,2610817945600,0,0,0,0,0,0,0,0,0,0,0,0,0,0,0,0,0,0,0,0,0,0,0,0,0,0,0,0,0,0,0,0,0,0,0,0,0,0,0,0,0,0,0,0,0,0,0,0,0,0,0,0,0,0,0,0,0,0,7,1932552,448691293,132203881,0,0,0,0,0,0,0,0,0,0,0,0,0,0,0,0,0,0,0,0,0,0,0,0,0,0,0,0,0,0,0,0,0,0,0,0,0,12877414400,5205409792,785973,317713,131549746,362,0,99,786432,446735125,811172,11,8220171843,12884901888,1815862,1310998708,0,0,0,0,0,0,0,0,0,0,0,0,0,0,0,0,0,0,44521636,144419696,0,468,1202,7661,620,89043889,35,0,0,0,0,0,0,0,1,0,0,0,0,0,0,0,0,0,0,53842989,0,131547398,2243276,0,0,0,0,0,0,0,0,16384,0,0,0,0,0,0,0,0,0,0,0,7442,408,0,0,0,0,0,135345501,0,191,0,17,408,7442,0,0,0,0,0,0,0,0,0,0,0,0,0,0,0,0,0,0,0,0,0,0,0,0,0,0,0,0,0,0,0,0,0,0,0,0,0,0,0,0,0,0,0,0,0,0,0,0,0,0,0,0,0,0,670283178,0,0,0,941233407,0,0,0,0,0,0,0,186502089,446795911,804803303,371870586368,152268194,1,0,0,0,0,0,0,0,0,0,0,0,0,0,0,0,0,0,0,0,0,0,0,0,0,0,0,0,0,0,0,1514,0,0,0,0,0,0,0
1782469611.256,0,0,0,0,0,0,0,1668397768,7319823911424,2611417156608,0,0,0,0,0,0,0,0,0,0,0,0,0,0,0,0,0,0,0,0,0,0,0,0,0,0,0,0,0,0,0,0,0,0,0,0,0,0,0,0,0,0,0,0,0,0,0,0,0,0,0,0,0,0,0,0,0,0,7,1932585,448806188,132235472,0,0,0,0,0,0,0,0,0,0,0,0,0,0,0,0,0,0,0,0,0,0,0,0,0,0,0,0,0,0,0,0,0,0,0,0,0,12877758464,5216452608,785995,318387,131580687,338,0,97,786432,446849505,811172,11,8221800490,12884901888,1817734,1311210476,0,0,0,0,0,0,0,0,0,0,0,0,0,0,0,0,0,0,44531222,144429281,0,468,1202,7661,620,89063067,35,0,0,0,0,0,0,0,1,0,0,0,0,0,0,0,0,0,0,53853844,0,131578339,2243703,0,0,0,0,0,0,0,0,16384,0,0,0,0,0,0,0,0,0,0,0,7443,408,0,0,0,0,0,135374632,0,191,0,17,408,7443,0,0,0,0,0,0,0,0,0,0,0,0,0,0,0,0,0,0,0,0,0,0,0,0,0,0,0,0,0,0,0,0,0,0,0,0,0,0,0,0,0,0,0,0,0,0,0,0,0,0,0,0,0,0,670418493,0,0,0,941395912,0,0,0,0,0,0,0,186520681,446909878,804970904,371941188608,152280057,1,0,0,0,0,0,0,0,0,0,0,0,0,0,0,0,0,0,0,0,0,0,0,0,0,0,0,0,0,0,0,1313,0,0,0,0,0,0,0
1782469612.348,0,0,0,0,0,0,0,1668726777,7321726454272,2612027905536,0,0,0,0,0,0,0,0,0,0,0,0,0,0,0,0,0,0,0,0,0,0,0,0,0,0,0,0,0,0,0,0,0,0,0,0,0,0,0,0,0,0,0,0,0,0,0,0,0,0,0,0,0,0,0,0,0,0,7,1932605,448923266,132267659,0,0,0,0,0,0,0,0,0,0,0,0,0,0,0,0,0,0,0,0,0,0,0,0,0,0,0,0,0,0,0,0,0,0,0,0,0,12877332480,5226332160,785970,318990,131611954,365,0,96,786432,446966084,811172,11,8223460950,12884901888,1820225,1311427020,0,0,0,0,0,0,0,0,0,0,0,0,0,0,0,0,0,0,44541000,144439059,0,468,1202,7661,620,89082610,35,0,0,0,0,0,0,0,1,0,0,0,0,0,0,0,0,0,0,53864923,0,131609606,2244124,0,0,0,0,0,0,0,0,16384,0,0,0,0,0,0,0,0,0,0,0,7444,408,0,0,0,0,0,135404367,0,191,0,17,408,7444,0,0,0,0,0,0,0,0,0,0,0,0,0,0,0,0,0,0,0,0,0,0,0,0,0,0,0,0,0,0,0,0,0,0,0,0,0,0,0,0,0,0,0,0,0,0,0,0,0,0,0,0,0,0,670556694,0,0,0,941561986,0,0,0,0,0,0,0,186540464,447025954,805142233,372013097472,152292387,1,0,0,0,0,0,0,0,0,0,0,0,0,0,0,0,0,0,0,0,0,0,0,0,0,0,0,0,0,0,0,665,0,0,0,0,0,0,0
1782469613.436,0,0,0,0,0,0,0,1669056386,7323630242304,2612652106752,0,0,0,0,0,0,0,0,0,0,0,0,0,0,0,0,0,0,0,0,0,0,0,0,0,0,0,0,0,0,0,0,0,0,0,0,0,0,0,0,0,0,0,0,0,0,0,0,0,0,0,0,0,0,0,0,0,0,7,1932633,449040426,132300576,0,0,0,0,0,0,0,0,0,0,0,0,0,0,0,0,0,0,0,0,0,0,0,0,0,0,0,0,0,0,0,0,0,0,0,0,0,12882214912,5226446848,786268,318997,131643358,67,0,96,786432,447082748,811172,11,8225123300,12884901888,1822823,1311643159,0,0,0,0,0,0,0,0,0,0,0,0,0,0,0,0,0,0,44550783,144448841,0,468,1202,7661,620,89102203,35,0,0,0,0,0,0,0,1,0,0,0,0,0,0,0,0,0,0,53875990,0,131641522,2244557,0,0,0,0,0,0,0,0,16384,0,0,0,0,0,0,0,0,0,0,0,7445,408,0,0,0,0,0,135434083,0,191,0,17,408,7445,0,0,0,0,0,0,0,0,0,0,0,0,0,0,0,0,0,0,0,0,0,0,0,0,0,0,0,0,0,0,0,0,0,0,0,0,0,0,0,0,0,0,0,0,0,0,0,0,0,0,0,0,0,0,670694516,0,0,0,941727930,0,0,0,0,0,0,0,186560012,447142113,805313929,372085112320,152304754,0,0,0,0,0,0,0,0,0,0,0,0,0,0,0,0,0,0,0,0,0,0,0,0,0,0,0,0,0,0,0,345,0,0,0,0,0,0,0
1782469614.524,0,0,0,0,0,0,0,1669358847,7325377169920,2613252949504,0,0,0,0,0,0,0,0,0,0,0,0,0,0,0,0,0,0,0,0,0,0,0,0,0,0,0,0,0,0,0,0,0,0,0,0,0,0,0,0,0,0,0,0,0,0,0,0,0,0,0,0,0,0,0,0,0,0,7,1932654,449147854,132332284,0,0,0,0,0,0,0,0,0,0,0,0,0,0,0,0,0,0,0,0,0,0,0,0,0,0,0,0,0,0,0,0,0,0,0,0,0,12882378752,5200822272,786278,317433,131672228,52,0,101,786432,447189721,811172,11,8226643689,12884901888,1826641,1311838412,0,0,0,0,0,0,0,0,0,0,0,0,0,0,0,0,0,0,44559781,144457843,0,468,1202,7661,620,89120173,35,0,0,0,0,0,0,0,1,0,0,0,0,0,0,0,0,0,0,53886176,0,131672056,2244957,0,0,0,0,0,0,0,0,16384,0,0,0,0,0,0,0,0,0,0,0,7446,408,0,0,0,0,0,135461444,0,191,0,17,408,7446,0,0,0,0,0,0,0,0,0,0,0,0,0,0,0,0,0,0,0,0,0,0,0,0,0,0,0,0,0,0,0,0,0,0,0,0,0,0,0,0,0,0,0,0,0,0,0,0,0,0,0,0,0,0,670826433,0,0,0,941878991,0,0,0,0,0,0,0,186577030,447248701,805478882,372153713152,152315159,1,1,0,0,0,0,0,0,0,0,0,0,0,0,0,0,0,0,0,0,0,0,0,0,0,0,0,0,0,0,0,1378,0,0,0,0,0,0,0
1782469615.599,0,0,0,0,0,0,0,1669667341,7327149459968,2613863948288,0,0,0,0,0,0,0,0,0,0,0,0,0,0,0,0,0,0,0,0,0,0,0,0,0,0,0,0,0,0,0,0,0,0,0,0,0,0,0,0,0,0,0,0,0,0,0,0,0,0,0,0,0,0,0,0,0,0,7,1932665,449256927,132365061,0,0,0,0,0,0,0,0,0,0,0,0,0,0,0,0,0,0,0,0,0,0,0,0,0,0,0,0,0,0,0,0,0,0,0,0,0,12882886656,5166284800,786307,315325,131706006,5,0,118,786432,447298323,811172,11,8228193652,12884901888,1830690,1312037614,0,0,0,0,0,0,0,0,0,0,0,0,0,0,0,0,0,0,44568892,144466951,0,468,1202,7661,620,89138395,35,0,0,0,0,0,0,0,1,0,0,0,0,0,0,0,0,0,0,53896493,0,131703658,2245362,0,0,0,0,0,0,0,0,16384,0,0,0,0,0,0,0,0,0,0,0,7448,408,0,0,0,0,0,135489130,0,191,0,17,408,7448,0,0,0,0,0,0,0,0,0,0,0,0,0,0,0,0,0,0,0,0,0,0,0,0,0,0,0,0,0,0,0,0,0,0,0,0,0,0,0,0,0,0,0,0,0,0,0,0,0,0,0,0,0,0,670958141,0,0,0,942032999,0,0,0,0,0,0,0,186595161,447356827,805644650,372222072320,152326624,1,0,0,0,0,0,0,0,0,0,0,0,0,0,0,0,0,0,0,0,0,0,0,0,0,0,0,0,0,0,0,2062,0,0,0,0,0,0,0
1782469616.681,0,0,0,0,0,0,0,1669996953,7329050053120,2614478016512,0,0,0,0,0,0,0,0,0,0,0,0,0,0,0,0,0,0,0,0,0,0,0,0,0,0,0,0,0,0,0,0,0,0,0,0,0,0,0,0,0,0,0,0,0,0,0,0,0,0,0,0,0,0,0,0,0,0,7,1932700,449373827,132397398,0,0,0,0,0,0,0,0,0,0,0,0,0,0,0,0,0,0,0,0,0,0,0,0,0,0,0,0,0,0,0,0,0,0,0,0,0,12879036416,5175263232,786074,315873,131737502,261,0,97,786432,447414725,811172,11,8229857887,12884901888,1833020,1312257091,0,0,0,0,0,0,0,0,0,0,0,0,0,0,0,0,0,0,44578683,144476741,0,468,1202,7661,620,89157973,35,0,0,0,0,0,0,0,1,0,0,0,0,0,0,0,0,0,0,53907575,0,131735229,2245795,0,0,0,0,0,0,0,0,16384,0,0,0,0,0,0,0,0,0,0,0,7449,408,0,0,0,0,0,135518870,0,191,0,17,408,7449,0,0,0,0,0,0,0,0,0,0,0,0,0,0,0,0,0,0,0,0,0,0,0,0,0,0,0,0,0,0,0,0,0,0,0,0,0,0,0,0,0,0,0,0,0,0,0,0,0,0,0,0,0,0,671097404,0,0,0,942200241,0,0,0,0,0,0,0,186614997,447472806,805817162,372294749184,152339119,1,0,0,0,0,0,0,0,0,0,0,0,0,0,0,0,0,0,0,0,0,0,0,0,0,0,0,0,0,0,0,479,0,0,0,0,0,0,0
1782469617.771,0,0,0,0,0,0,0,1670325393,7330946255360,2615086275072,0,0,0,0,0,0,0,0,0,0,0,0,0,0,0,0,0,0,0,0,0,0,0,0,0,0,0,0,0,0,0,0,0,0,0,0,0,0,0,0,0,0,0,0,0,0,0,0,0,0,0,0,0,0,0,0,0,0,7,1932723,449490452,132429493,0,0,0,0,0,0,0,0,0,0,0,0,0,0,0,0,0,0,0,0,0,0,0,0,0,0,0,0,0,0,0,0,0,0,0,0,0,12877479936,5186306048,785979,316547,131768472,355,0,97,786432,447530887,811172,11,8231507127,12884901888,1836527,1312465399,0,0,0,0,0,0,0,0,0,0,0,0,0,0,0,0,0,0,44588432,144486487,0,468,1202,7661,620,89177481,35,0,0,0,0,0,0,0,1,0,0,0,0,0,0,0,0,0,0,53918594,0,131766124,2246207,0,0,0,0,0,0,0,0,16384,0,0,0,0,0,0,0,0,0,0,0,7450,408,0,0,0,0,0,135548492,0,191,0,17,408,7450,0,0,0,0,0,0,0,0,0,0,0,0,0,0,0,0,0,0,0,0,0,0,0,0,0,0,0,0,0,0,0,0,0,0,0,0,0,0,0,0,0,0,0,0,0,0,0,0,0,0,0,0,0,0,671233476,0,0,0,942362736,0,0,0,0,0,0,0,186634790,447588414,805986511,372365738496,152351514,1,1,0,0,0,0,0,0,0,0,0,0,0,0,0,0,0,0,0,0,0,0,0,0,0,0,0,0,0,0,0,3070,0,0,0,0,0,0,0
1782469618.861,0,0,0,0,0,0,0,1670631807,7332717169152,2615663405568,0,0,0,0,0,0,0,0,0,0,0,0,0,0,0,0,0,0,0,0,0,0,0,0,0,0,0,0,0,0,0,0,0,0,0,0,0,0,0,0,0,0,0,0,0,0,0,0,0,0,0,0,0,0,0,0,0,0,7,1932744,449599344,132459853,0,0,0,0,0,0,0,0,0,0,0,0,0,0,0,0,0,0,0,0,0,0,0,0,0,0,0,0,0,0,0,0,0,0,0,0,0,12878086144,5188927488,786016,316707,131797650,319,0,97,786432,447639274,811172,11,8233056631,12884901888,1839918,1312669854,0,0,0,0,0,0,0,0,0,0,0,0,0,0,0,0,0,0,44597524,144495583,0,468,1202,7661,620,89195651,35,0,0,0,0,0,0,0,1,0,0,0,0,0,0,0,0,0,0,53928886,0,131795302,2246600,0,0,0,0,0,0,0,0,16384,0,0,0,0,0,0,0,0,0,0,0,7451,408,0,0,0,0,0,135576144,0,191,0,17,408,7451,0,0,0,0,0,0,0,0,0,0,0,0,0,0,0,0,0,0,0,0,0,0,0,0,0,0,0,0,0,0,0,0,0,0,0,0,0,0,0,0,0,0,0,0,0,0,0,0,0,0,0,0,0,0,671365716,0,0,0,942518503,0,0,0,0,0,0,0,186653060,447696474,806150320,372434530816,152363249,1,0,0,0,0,0,0,0,0,0,0,0,0,0,0,0,0,0,0,0,0,0,0,0,0,0,0,0,0,0,0,1214,0,0,0,0,0,0,0
1782469619.942,0,0,0,0,0,0,0,1670941535,7334509677056,2616243510784,0,0,0,0,0,0,0,0,0,0,0,0,0,0,0,0,0,0,0,0,0,0,0,0,0,0,0,0,0,0,0,0,0,0,0,0,0,0,0,0,0,0,0,0,0,0,0,0,0,0,0,0,0,0,0,0,0,0,7,1932762,449709666,132490374,0,0,0,0,0,0,0,0,0,0,0,0,0,0,0,0,0,0,0,0,0,0,0,0,0,0,0,0,0,0,0,0,0,0,0,0,0,12877316096,5196660736,785969,317179,131827510,366,0,96,786432,447749121,811172,11,8234618773,12884901888,1842189,1312872261,0,0,0,0,0,0,0,0,0,0,0,0,0,0,0,0,0,0,44606739,144504799,0,468,1202,7661,620,89214086,35,0,0,0,0,0,0,0,1,0,0,0,0,0,0,0,0,0,0,53939327,0,131825231,2247007,0,0,0,0,0,0,0,0,16384,0,0,0,0,0,0,0,0,0,0,0,7452,408,0,0,0,0,0,135604183,0,191,0,17,408,7452,0,0,0,0,0,0,0,0,0,0,0,0,0,0,0,0,0,0,0,0,0,0,0,0,0,0,0,0,0,0,0,0,0,0,0,0,0,0,0,0,0,0,0,0,0,0,0,0,0,0,0,0,0,0,671500526,0,0,0,942674313,0,0,0,0,0,0,0,186669977,447805904,806316431,372504368640,152374166,0,0,0,0,0,0,0,0,0,0,0,0,0,0,0,0,0,0,0,0,0,0,0,0,0,0,0,0,0,0,0,1207,0,0,0,0,0,0,0
1782469621.031,0,0,0,0,0,0,0,1671267197,7336389396992,2616845168128,0,0,0,0,0,0,0,0,0,0,0,0,0,0,0,0,0,0,0,0,0,0,0,0,0,0,0,0,0,0,0,0,0,0,0,0,0,0,0,0,0,0,0,0,0,0,0,0,0,0,0,0,0,0,0,0,0,0,7,1932790,449825311,132522214,0,0,0,0,0,0,0,0,0,0,0,0,0,0,0,0,0,0,0,0,0,0,0,0,0,0,0,0,0,0,0,0,0,0,0,0,0,12876775424,5204017152,785936,317628,131858696,401,0,96,786432,447864256,811172,11,8236257600,12884901888,1844384,1313084216,0,0,0,0,0,0,0,0,0,0,0,0,0,0,0,0,0,0,44616385,144514439,0,468,1202,7661,620,89233385,35,0,0,0,0,0,0,0,1,0,0,0,0,0,0,0,0,0,0,53950245,0,131856348,2247430,0,0,0,0,0,0,0,0,16384,0,0,0,0,0,0,0,0,0,0,0,7453,408,0,0,0,0,0,135633472,0,191,0,17,408,7453,0,0,0,0,0,0,0,0,0,0,0,0,0,0,0,0,0,0,0,0,0,0,0,0,0,0,0,0,0,0,0,0,0,0,0,0,0,0,0,0,0,0,0,0,0,0,0,0,0,0,0,0,0,0,671633984,0,0,0,942837485,0,0,0,0,0,0,0,186689408,447920545,806482523,372574070784,152386451,1,0,0,0,0,0,0,0,0,0,0,0,0,0,0,0,0,0,0,0,0,0,0,0,0,0,0,0,0,0,0,1516,0,0,0,0,0,0,0
1782469622.120,0,0,0,0,0,0,0,1671599418,7338302376448,2617460048384,0,0,0,0,0,0,0,0,0,0,0,0,0,0,0,0,0,0,0,0,0,0,0,0,0,0,0,0,0,0,0,0,0,0,0,0,0,0,0,0,0,0,0,0,0,0,0,0,0,0,0,0,0,0,0,0,0,0,7,1932822,449943067,132554622,0,0,0,0,0,0,0,0,0,0,0,0,0,0,0,0,0,0,0,0,0,0,0,0,0,0,0,0,0,0,0,0,0,0,0,0,0,12879708160,5209751552,786114,317978,131890248,193,0,128,786432,447981470,811172,11,8237934782,12884901888,1846765,1313303455,0,0,0,0,0,0,0,0,0,0,0,0,0,0,0,0,0,0,44626266,144524325,0,468,1202,7661,620,89253147,35,0,0,0,0,0,0,0,1,0,0,0,0,0,0,0,0,0,0,53961429,0,131887900,2247863,0,0,0,0,0,0,0,0,16384,0,0,0,0,0,0,0,0,0,0,0,7454,408,0,0,0,0,0,135663545,0,191,0,17,408,7454,0,0,0,0,0,0,0,0,0,0,0,0,0,0,0,0,0,0,0,0,0,0,0,0,0,0,0,0,0,0,0,0,0,0,0,0,0,0,0,0,0,0,0,0,0,0,0,0,0,0,0,0,0,0,671773682,0,0,0,943005597,0,0,0,0,0,0,0,186708918,448037285,806655549,372646855680,152398529,1,0,0,0,0,0,0,0,0,0,0,0,0,0,0,0,0,0,0,0,0,0,0,0,0,0,0,0,0,0,0,522,0,0,0,0,0,0,0
1782469623.207,0,0,0,0,0,0,0,1671928758,7340197710336,2618064734720,0,0,0,0,0,0,0,0,0,0,0,0,0,0,0,0,0,0,0,0,0,0,0,0,0,0,0,0,0,0,0,0,0,0,0,0,0,0,0,0,0,0,0,0,0,0,0,0,0,0,0,0,0,0,0,0,0,0,7,1932846,450059706,132586472,0,0,0,0,0,0,0,0,0,0,0,0,0,0,0,0,0,0,0,0,0,0,0,0,0,0,0,0,0,0,0,0,0,0,0,0,0,12880052224,5221269504,786137,318681,131920982,201,0,99,786432,448097572,811172,11,8239592606,12884901888,1850150,1313517041,0,0,0,0,0,0,0,0,0,0,0,0,0,0,0,0,0,0,44636035,144534095,0,468,1202,7661,620,89272689,35,0,0,0,0,0,0,0,1,0,0,0,0,0,0,0,0,0,0,53972487,0,131918634,2248285,0,0,0,0,0,0,0,0,16384,0,0,0,0,0,0,0,0,0,0,0,7455,408,0,0,0,0,0,135693260,0,191,0,17,408,7455,0,0,0,0,0,0,0,0,0,0,0,0,0,0,0,0,0,0,0,0,0,0,0,0,0,0,0,0,0,0,0,0,0,0,0,0,0,0,0,0,0,0,0,0,0,0,0,0,0,0,0,0,0,0,671910863,0,0,0,943170549,0,0,0,0,0,0,0,186729584,448152927,806825773,372718291456,152411644,1,0,0,0,0,0,0,0,0,0,0,0,0,0,0,0,0,0,0,0,0,0,0,0,0,0,0,0,0,0,0,1084,0,0,0,0,0,0,0
1782469624.295,0,0,0,0,0,0,0,1672246790,7342038272512,2618661170688,0,0,0,0,0,0,0,0,0,0,0,0,0,0,0,0,0,0,0,0,0,0,0,0,0,0,0,0,0,0,0,0,0,0,0,0,0,0,0,0,0,0,0,0,0,0,0,0,0,0,0,0,0,0,0,0,0,0,7,1932867,450172945,132617819,0,0,0,0,0,0,0,0,0,0,0,0,0,0,0,0,0,0,0,0,0,0,0,0,0,0,0,0,0,0,0,0,0,0,0,0,0,12882591744,5226840064,786291,319021,131951559,31,0,110,786432,448210300,811172,11,8241197667,12884901888,1852503,1313726218,0,0,0,0,0,0,0,0,0,0,0,0,0,0,0,0,0,0,44645481,144543539,0,468,1202,7661,620,89291571,35,0,0,0,0,0,0,0,1,0,0,0,0,0,0,0,0,0,0,53983203,0,131949288,2248697,0,0,0,0,0,0,0,0,16384,0,0,0,0,0,0,0,0,0,0,0,7456,408,0,0,0,0,0,135721977,0,191,0,17,408,7456,0,0,0,0,0,0,0,0,0,0,0,0,0,0,0,0,0,0,0,0,0,0,0,0,0,0,0,0,0,0,0,0,0,0,0,0,0,0,0,0,0,0,0,0,0,0,0,0,0,0,0,0,0,0,672049392,0,0,0,943330840,0,0,0,0,0,0,0,186746343,448265199,806996433,372790263808,152422150,1,1,0,0,0,0,0,0,0,0,0,0,0,0,0,0,0,0,0,0,0,0,0,0,0,0,0,0,0,0,0,572,0,0,0,0,0,0,0
1782469625.383,0,0,0,0,0,0,0,1672561142,7343855045120,2619248681984,0,0,0,0,0,0,0,0,0,0,0,0,0,0,0,0,0,0,0,0,0,0,0,0,0,0,0,0,0,0,0,0,0,0,0,0,0,0,0,0,0,0,0,0,0,0,0,0,0,0,0,0,0,0,0,0,0,0,7,1932887,450284681,132648793,0,0,0,0,0,0,0,0,0,0,0,0,0,0,0,0,0,0,0,0,0,0,0,0,0,0,0,0,0,0,0,0,0,0,0,0,0,12877103104,5230018560,785955,319215,131981875,377,0,98,786432,448321561,811172,11,8242776372,12884901888,1854809,1313927496,0,0,0,0,0,0,0,0,0,0,0,0,0,0,0,0,0,0,44654793,144552853,0,468,1202,7661,620,89310203,35,0,0,0,0,0,0,0,1,0,0,0,0,0,0,0,0,0,0,53993732,0,131979527,2249097,0,0,0,0,0,0,0,0,16384,0,0,0,0,0,0,0,0,0,0,0,7457,408,0,0,0,0,0,135750286,0,191,0,17,408,7457,0,0,0,0,0,0,0,0,0,0,0,0,0,0,0,0,0,0,0,0,0,0,0,0,0,0,0,0,0,0,0,0,0,0,0,0,0,0,0,0,0,0,0,0,0,0,0,0,0,0,0,0,0,0,672182836,0,0,0,943487211,0,0,0,0,0,0,0,186765025,448376061,807161649,372859618816,152434482,1,1,0,0,0,0,0,0,0,0,0,0,0,0,0,0,0,0,0,0,0,0,0,0,0,0,0,0,0,0,0,2141,0,0,0,0,0,0,0
1782469626.474,0,0,0,0,0,0,0,1672883650,7345722378752,2619877455360,0,0,0,0,0,0,0,0,0,0,0,0,0,0,0,0,0,0,0,0,0,0,0,0,0,0,0,0,0,0,0,0,0,0,0,0,0,0,0,0,0,0,0,0,0,0,0,0,0,0,0,0,0,0,0,0,0,0,7,1932919,450399609,132682134,0,0,0,0,0,0,0,0,0,0,0,0,0,0,0,0,0,0,0,0,0,0,0,0,0,0,0,0,0,0,0,0,0,0,0,0,0,12881707008,5214126080,786237,318245,132012545,80,0,116,786432,448435956,811172,11,8244404915,12884901888,1857578,1314140939,0,0,0,0,0,0,0,0,0,0,0,0,0,0,0,0,0,0,44664377,144562436,0,468,1202,7661,620,89329359,35,0,0,0,0,0,0,0,1,0,0,0,0,0,0,0,0,0,0,54004575,0,132011733,2249528,0,0,0,0,0,0,0,0,16384,0,0,0,0,0,0,0,0,0,0,0,7458,408,0,0,0,0,0,135779409,0,191,0,17,408,7458,0,0,0,0,0,0,0,0,0,0,0,0,0,0,0,0,0,0,0,0,0,0,0,0,0,0,0,0,0,0,0,0,0,0,0,0,0,0,0,0,0,0,0,0,0,0,0,0,0,0,0,0,0,0,672320260,0,0,0,943650279,0,0,0,0,0,0,0,186784798,448489974,807333540,372931131904,152446859,1,0,0,0,0,0,0,0,0,0,0,0,0,0,0,0,0,0,0,0,0,0,0,0,0,0,0,0,0,0,0,1163,0,0,0,0,0,0,0
1782469627.560,0,0,0,0,0,0,0,1673199684,7347539233280,2620516536320,0,0,0,0,0,0,0,0,0,0,0,0,0,0,0,0,0,0,0,0,0,0,0,0,0,0,0,0,0,0,0,0,0,0,0,0,0,0,0,0,0,0,0,0,0,0,0,0,0,0,0,0,0,0,0,0,0,0,7,1932943,450511339,132716137,0,0,0,0,0,0,0,0,0,0,0,0,0,0,0,0,0,0,0,0,0,0,0,0,0,0,0,0,0,0,0,0,0,0,0,0,0,12882968576,5173477376,786314,315764,132042694,14,0,102,786432,448547202,811172,11,8245995098,12884901888,1860486,1314345537,0,0,0,0,0,0,0,0,0,0,0,0,0,0,0,0,0,0,44673755,144571814,0,468,1202,7661,620,89348124,35,0,0,0,0,0,0,0,1,0,0,0,0,0,0,0,0,0,0,54015175,0,132044570,2249968,0,0,0,0,0,0,0,0,16384,0,0,0,0,0,0,0,0,0,0,0,7460,408,0,0,0,0,0,135807887,0,191,0,17,408,7460,0,0,0,0,0,0,0,0,0,0,0,0,0,0,0,0,0,0,0,0,0,0,0,0,0,0,0,0,0,0,0,0,0,0,0,0,0,0,0,0,0,0,0,0,0,0,0,0,0,0,0,0,0,0,672453986,0,0,0,943808592,0,0,0,0,0,0,0,186805125,448600837,807502361,373000679424,152459643,1,1,0,0,0,0,0,0,0,0,0,0,0,0,0,0,0,0,0,0,0,0,0,0,0,0,0,0,0,0,0,1844,0,0,0,0,0,0,0
1782469628.640,0,0,0,0,0,0,0,1673486641,7349207763456,2621071241728,0,0,0,0,0,0,0,0,0,0,0,0,0,0,0,0,0,0,0,0,0,0,0,0,0,0,0,0,0,0,0,0,0,0,0,0,0,0,0,0,0,0,0,0,0,0,0,0,0,0,0,0,0,0,0,0,0,0,7,1932966,450613945,132745416,0,0,0,0,0,0,0,0,0,0,0,0,0,0,0,0,0,0,0,0,0,0,0,0,0,0,0,0,0,0,0,0,0,0,0,0,0,12876693504,5162434560,785930,315090,132075187,406,0,97,786432,448649399,811172,11,8247442599,12884901888,1863898,1314532933,0,0,0,0,0,0,0,0,0,0,0,0,0,0,0,0,0,0,44682292,144580352,0,468,1202,7661,620,89365206,35,0,0,0,0,0,0,0,1,0,0,0,0,0,0,0,0,0,0,54024848,0,132072840,2250332,0,0,0,0,0,0,0,0,16384,0,0,0,0,0,0,0,0,0,0,0,7461,408,0,0,0,0,0,135833815,0,191,0,17,408,7461,0,0,0,0,0,0,0,0,0,0,0,0,0,0,0,0,0,0,0,0,0,0,0,0,0,0,0,0,0,0,0,0,0,0,0,0,0,0,0,0,0,0,0,0,0,0,0,0,0,0,0,0,0,0,672583417,0,0,0,943952997,0,0,0,0,0,0,0,186821905,448702572,807662322,373067842048,152470892,1,1,0,0,0,0,0,0,0,0,0,0,0,0,0,0,0,0,0,0,0,0,0,0,0,0,0,0,0,0,0,1564,0,0,0,0,0,0,0
1782469629.719,0,0,0,0,0,0,0,1673811147,7351076325888,2621677342720,0,0,0,0,0,0,0,0,0,0,0,0,0,0,0,0,0,0,0,0,0,0,0,0,0,0,0,0,0,0,0,0,0,0,0,0,0,0,0,0,0,0,0,0,0,0,0,0,0,0,0,0,0,0,0,0,0,0,7,1932989,450728843,132777207,0,0,0,0,0,0,0,0,0,0,0,0,0,0,0,0,0,0,0,0,0,0,0,0,0,0,0,0,0,0,0,0,0,0,0,0,0,12876365824,5168726016,785911,315474,132106178,422,0,96,786432,448763775,811172,11,8249079036,12884901888,1866109,1314747811,0,0,0,0,0,0,0,0,0,0,0,0,0,0,0,0,0,0,44691908,144589969,0,468,1202,7661,620,89384431,35,0,0,0,0,0,0,0,1,0,0,0,0,0,0,0,0,0,0,54035730,0,132103914,2250755,0,0,0,0,0,0,0,0,16384,0,0,0,0,0,0,0,0,0,0,0,7462,408,0,0,0,0,0,135863051,0,191,0,17,408,7462,0,0,0,0,0,0,0,0,0,0,0,0,0,0,0,0,0,0,0,0,0,0,0,0,0,0,0,0,0,0,0,0,0,0,0,0,0,0,0,0,0,0,0,0,0,0,0,0,0,0,0,0,0,0,672726611,0,0,0,944117300,0,0,0,0,0,0,0,186841455,448816501,807838044,373142184448,152483539,1,1,0,0,0,0,0,0,0,0,0,0,0,0,0,0,0,0,0,0,0,0,0,0,0,0,0,0,0,0,0,344,0,0,0,0,0,0,0
1782469630.809,0,0,0,0,0,0,0,1674141269,7352982522368,2622289603584,0,0,0,0,0,0,0,0,0,0,0,0,0,0,0,0,0,0,0,0,0,0,0,0,0,0,0,0,0,0,0,0,0,0,0,0,0,0,0,0,0,0,0,0,0,0,0,0,0,0,0,0,0,0,0,0,0,0,7,1933012,450846129,132809382,0,0,0,0,0,0,0,0,0,0,0,0,0,0,0,0,0,0,0,0,0,0,0,0,0,0,0,0,0,0,0,0,0,0,0,0,0,12878249984,5177802752,786025,316028,132137929,308,0,97,786432,448880535,811172,11,8250740233,12884901888,1867839,1314960989,0,0,0,0,0,0,0,0,0,0,0,0,0,0,0,0,0,0,44701702,144599763,0,468,1202,7661,620,89404021,35,0,0,0,0,0,0,0,1,0,0,0,0,0,0,0,0,0,0,54046826,0,132135581,2251185,0,0,0,0,0,0,0,0,16384,0,0,0,0,0,0,0,0,0,0,0,7463,408,0,0,0,0,0,135892852,0,191,0,17,408,7463,0,0,0,0,0,0,0,0,0,0,0,0,0,0,0,0,0,0,0,0,0,0,0,0,0,0,0,0,0,0,0,0,0,0,0,0,0,0,0,0,0,0,0,0,0,0,0,0,0,0,0,0,0,0,672867808,0,0,0,944282363,0,0,0,0,0,0,0,186861073,448932771,808011956,373215582208,152496088,1,0,0,0,0,0,0,0,0,0,0,0,0,0,0,0,0,0,0,0,0,0,0,0,0,0,0,0,0,0,0,1212,0,0,0,0,0,0,0
1782469631.899,0,0,0,0,0,0,0,1674465516,7354858244608,2622895803904,0,0,0,0,0,0,0,0,0,0,0,0,0,0,0,0,0,0,0,0,0,0,0,0,0,0,0,0,0,0,0,0,0,0,0,0,0,0,0,0,0,0,0,0,0,0,0,0,0,0,0,0,0,0,0,0,0,0,7,1933040,450961567,132841308,0,0,0,0,0,0,0,0,0,0,0,0,0,0,0,0,0,0,0,0,0,0,0,0,0,0,0,0,0,0,0,0,0,0,0,0,0,12879560704,5184765952,786108,316453,132168937,232,0,99,786432,448995468,811172,11,8252376227,12884901888,1870351,1315174405,0,0,0,0,0,0,0,0,0,0,0,0,0,0,0,0,0,0,44711322,144609384,0,468,1202,7661,620,89423262,35,0,0,0,0,0,0,0,1,0,0,0,0,0,0,0,0,0,0,54057711,0,132166589,2251618,0,0,0,0,0,0,0,0,16384,0,0,0,0,0,0,0,0,0,0,0,7464,408,0,0,0,0,0,135922139,0,191,0,17,408,7464,0,0,0,0,0,0,0,0,0,0,0,0,0,0,0,0,0,0,0,0,0,0,0,0,0,0,0,0,0,0,0,0,0,0,0,0,0,0,0,0,0,0,0,0,0,0,0,0,0,0,0,0,0,0,673005838,0,0,0,944445965,0,0,0,0,0,0,0,186881592,449047112,808182897,373287382016,152509154,1,0,0,0,0,0,0,0,0,0,0,0,0,0,0,0,0,0,0,0,0,0,0,0,0,0,0,0,0,0,0,471,0,0,0,0,0,0,0
1782469632.989,0,0,0,0,0,0,0,1674799011,7356784347648,2623514961920,0,0,0,0,0,0,0,0,0,0,0,0,0,0,0,0,0,0,0,0,0,0,0,0,0,0,0,0,0,0,0,0,0,0,0,0,0,0,0,0,0,0,0,0,0,0,0,0,0,0,0,0,0,0,0,0,0,0,7,1933075,451080034,132873821,0,0,0,0,0,0,0,0,0,0,0,0,0,0,0,0,0,0,0,0,0,0,0,0,0,0,0,0,0,0,0,0,0,0,0,0,0,12881772544,5195415552,786242,317103,132200699,89,0,101,786432,449113402,811172,11,8254057204,12884901888,1872430,1315392386,0,0,0,0,0,0,0,0,0,0,0,0,0,0,0,0,0,0,44721228,144619287,0,468,1202,7661,620,89443076,35,0,0,0,0,0,0,0,1,0,0,0,0,0,0,0,0,0,0,54068920,0,132198419,2252047,0,0,0,0,0,0,0,0,16384,0,0,0,0,0,0,0,0,0,0,0,7465,408,0,0,0,0,0,135952247,0,191,0,17,408,7465,0,0,0,0,0,0,0,0,0,0,0,0,0,0,0,0,0,0,0,0,0,0,0,0,0,0,0,0,0,0,0,0,0,0,0,0,0,0,0,0,0,0,0,0,0,0,0,0,0,0,0,0,0,0,673148723,0,0,0,944613500,0,0,0,0,0,0,0,186901686,449164582,808359022,373361845248,152522070,0,1,0,0,0,0,0,0,0,0,0,0,0,0,0,0,0,0,0,0,0,0,0,0,0,0,0,0,0,0,0,635,0,0,0,0,0,0,0
1782469634.079,0,0,0,0,0,0,0,1675115012,7358608738816,2624106613760,0,0,0,0,0,0,0,0,0,0,0,0,0,0,0,0,0,0,0,0,0,0,0,0,0,0,0,0,0,0,0,0,0,0,0,0,0,0,0,0,0,0,0,0,0,0,0,0,0,0,0,0,0,0,0,0,0,0,7,1933109,451192249,132904818,0,0,0,0,0,0,0,0,0,0,0,0,0,0,0,0,0,0,0,0,0,0,0,0,0,0,0,0,0,0,0,0,0,0,0,0,0,12881002496,5206065152,786194,317752,132231069,140,0,97,786432,449225139,811172,11,8255648847,12884901888,1874550,1315598280,0,0,0,0,0,0,0,0,0,0,0,0,0,0,0,0,0,0,44730601,144628663,0,468,1202,7661,620,89461818,35,0,0,0,0,0,0,0,1,0,0,0,0,0,0,0,0,0,0,54079535,0,132228721,2252454,0,0,0,0,0,0,0,0,16384,0,0,0,0,0,0,0,0,0,0,0,7466,408,0,0,0,0,0,135980709,0,191,0,17,408,7466,0,0,0,0,0,0,0,0,0,0,0,0,0,0,0,0,0,0,0,0,0,0,0,0,0,0,0,0,0,0,0,0,0,0,0,0,0,0,0,0,0,0,0,0,0,0,0,0,0,0,0,0,0,0,673287938,0,0,0,944772006,0,0,0,0,0,0,0,186919778,449275868,808529996,373434216448,152534017,1,0,0,0,0,0,0,0,0,0,0,0,0,0,0,0,0,0,0,0,0,0,0,0,0,0,0,0,0,0,0,939,0,0,0,0,0,0,0
1782469635.168,0,0,0,0,0,0,0,1675433752,7360444729856,2624703506432,0,0,0,0,0,0,0,0,0,0,0,0,0,0,0,0,0,0,0,0,0,0,0,0,0,0,0,0,0,0,0,0,0,0,0,0,0,0,0,0,0,0,0,0,0,0,0,0,0,0,0,0,0,0,0,0,0,0,7,1933132,451305174,132936185,0,0,0,0,0,0,0,0,0,0,0,0,0,0,0,0,0,0,0,0,0,0,0,0,0,0,0,0,0,0,0,0,0,0,0,0,0,12879052800,5213487104,786075,318206,132261604,257,0,97,786432,449337554,811172,11,8257249596,12884901888,1876819,1315803372,0,0,0,0,0,0,0,0,0,0,0,0,0,0,0,0,0,0,44740049,144638109,0,468,1202,7661,620,89480725,35,0,0,0,0,0,0,0,1,0,0,0,0,0,0,0,0,0,0,54090225,0,132259256,2252869,0,0,0,0,0,0,0,0,16384,0,0,0,0,0,0,0,0,0,0,0,7467,408,0,0,0,0,0,136009410,0,191,0,17,408,7467,0,0,0,0,0,0,0,0,0,0,0,0,0,0,0,0,0,0,0,0,0,0,0,0,0,0,0,0,0,0,0,0,0,0,0,0,0,0,0,0,0,0,0,0,0,0,0,0,0,0,0,0,0,0,673426976,0,0,0,944930628,0,0,0,0,0,0,0,186938508,449387824,808701273,373506574848,152546070,1,1,0,0,0,0,0,0,0,0,0,0,0,0,0,0,0,0,0,0,0,0,0,0,0,0,0,0,0,0,0,2336,0,0,0,0,0,0,0
1782469636.260,0,0,0,0,0,0,0,1675761390,7362337360384,2625312033280,0,0,0,0,0,0,0,0,0,0,0,0,0,0,0,0,0,0,0,0,0,0,0,0,0,0,0,0,0,0,0,0,0,0,0,0,0,0,0,0,0,0,0,0,0,0,0,0,0,0,0,0,0,0,0,0,0,0,7,1933155,451421569,132968192,0,0,0,0,0,0,0,0,0,0,0,0,0,0,0,0,0,0,0,0,0,0,0,0,0,0,0,0,0,0,0,0,0,0,0,0,0,12877758464,5224742912,785995,318893,132292779,339,0,97,786432,449453459,811172,11,8258900544,12884901888,1879387,1316018506,0,0,0,0,0,0,0,0,0,0,0,0,0,0,0,0,0,0,44749764,144647825,0,468,1202,7661,620,89500164,35,0,0,0,0,0,0,0,1,0,0,0,0,0,0,0,0,0,0,54101209,0,132290431,2253295,0,0,0,0,0,0,0,0,16384,0,0,0,0,0,0,0,0,0,0,0,7468,408,0,0,0,0,0,136038942,0,191,0,17,408,7468,0,0,0,0,0,0,0,0,0,0,0,0,0,0,0,0,0,0,0,0,0,0,0,0,0,0,0,0,0,0,0,0,0,0,0,0,0,0,0,0,0,0,0,0,0,0,0,0,0,0,0,0,0,0,673566284,0,0,0,945095629,0,0,0,0,0,0,0,186958635,449503224,808873539,373579179520,152558913,1,0,0,0,0,0,0,0,0,0,0,0,0,0,0,0,0,0,0,0,0,0,0,0,0,0,0,0,0,0,0,1848,0,0,0,0,0,0,0
1782469637.352,0,0,0,0,0,0,0,1676082261,7364194863616,2625917656576,0,0,0,0,0,0,0,0,0,0,0,0,0,0,0,0,0,0,0,0,0,0,0,0,0,0,0,0,0,0,0,0,0,0,0,0,0,0,0,0,0,0,0,0,0,0,0,0,0,0,0,0,0,0,0,0,0,0,7,1933186,451535836,132999922,0,0,0,0,0,0,0,0,0,0,0,0,0,0,0,0,0,0,0,0,0,0,0,0,0,0,0,0,0,0,0,0,0,0,0,0,0,12882919424,5228249088,786311,319108,132323538,5,0,117,786432,449567211,811172,11,8260521989,12884901888,1881842,1316231455,0,0,0,0,0,0,0,0,0,0,0,0,0,0,0,0,0,0,44759295,144657356,0,468,1202,7661,620,89519209,35,0,0,0,0,0,0,0,1,0,0,0,0,0,0,0,0,0,0,54111995,0,132321112,2253704,0,0,0,0,0,0,0,0,16384,0,0,0,0,0,0,0,0,0,0,0,7469,408,0,0,0,0,0,136067919,0,191,0,17,408,7469,0,0,0,0,0,0,0,0,0,0,0,0,0,0,0,0,0,0,0,0,0,0,0,0,0,0,0,0,0,0,0,0,0,0,0,0,0,0,0,0,0,0,0,0,0,0,0,0,0,0,0,0,0,0,673706065,0,0,0,945257729,0,0,0,0,0,0,0,186978103,449616453,809045947,373652011008,152571670,1,1,0,0,0,0,0,0,0,0,0,0,0,0,0,0,0,0,0,0,0,0,0,0,0,0,0,0,0,0,0,939,0,0,0,0,0,0,0
1782469638.439,0,0,0,0,0,0,0,1676380228,7365916314112,2626493601792,0,0,0,0,0,0,0,0,0,0,0,0,0,0,0,0,0,0,0,0,0,0,0,0,0,0,0,0,0,0,0,0,0,0,0,0,0,0,0,0,0,0,0,0,0,0,0,0,0,0,0,0,0,0,0,0,0,0,7,1933213,451641768,133030121,0,0,0,0,0,0,0,0,0,0,0,0,0,0,0,0,0,0,0,0,0,0,0,0,0,0,0,0,0,0,0,0,0,0,0,0,0,12881117184,5217943552,786201,318478,132351747,134,0,96,786432,449672688,811172,11,8262019568,12884901888,1885360,1316424065,0,0,0,0,0,0,0,0,0,0,0,0,0,0,0,0,0,0,44768113,144666173,0,468,1202,7661,620,89536845,35,0,0,0,0,0,0,0,1,0,0,0,0,0,0,0,0,0,0,54121988,0,132350089,2254092,0,0,0,0,0,0,0,0,16384,0,0,0,0,0,0,0,0,0,0,0,7470,408,0,0,0,0,0,136094739,0,191,0,17,408,7470,0,0,0,0,0,0,0,0,0,0,0,0,0,0,0,0,0,0,0,0,0,0,0,0,0,0,0,0,0,0,0,0,0,0,0,0,0,0,0,0,0,0,0,0,0,0,0,0,0,0,0,0,0,0,673839132,0,0,0,945406472,0,0,0,0,0,0,0,186995626,449721496,809210443,373721063936,152583072,1,0,0,0,0,0,0,0,0,0,0,0,0,0,0,0,0,0,0,0,0,0,0,0,0,0,0,0,0,0,0,1576,0,0,0,0,0,0,0
1782469639.524,0,0,0,0,0,0,0,1676703687,7367789742592,2627137435136,0,0,0,0,0,0,0,0,0,0,0,0,0,0,0,0,0,0,0,0,0,0,0,0,0,0,0,0,0,0,0,0,0,0,0,0,0,0,0,0,0,0,0,0,0,0,0,0,0,0,0,0,0,0,0,0,0,0,7,1933245,451756973,133064477,0,0,0,0,0,0,0,0,0,0,0,0,0,0,0,0,0,0,0,0,0,0,0,0,0,0,0,0,0,0,0,0,0,0,0,0,0,12879937536,5186797568,786129,316577,132383129,199,0,105,786432,449787381,811172,11,8263652453,12884901888,1887110,1316637086,0,0,0,0,0,0,0,0,0,0,0,0,0,0,0,0,0,0,44777734,144675792,0,468,1202,7661,620,89556090,35,0,0,0,0,0,0,0,1,0,0,0,0,0,0,0,0,0,0,54132876,0,132384031,2254530,0,0,0,0,0,0,0,0,16384,0,0,0,0,0,0,0,0,0,0,0,7471,408,0,0,0,0,0,136123975,0,191,0,17,408,7471,0,0,0,0,0,0,0,0,0,0,0,0,0,0,0,0,0,0,0,0,0,0,0,0,0,0,0,0,0,0,0,0,0,0,0,0,0,0,0,0,0,0,0,0,0,0,0,0,0,0,0,0,0,0,673979709,0,0,0,945569532,0,0,0,0,0,0,0,187014558,449835700,809385941,373794166272,152594948,1,0,0,0,0,0,0,0,0,0,0,0,0,0,0,0,0,0,0,0,0,0,0,0,0,0,0,0,0,0,0,974,0,0,0,0,0,0,0
1782469640.607,0,0,0,0,0,0,0,1677017370,7369604909568,2627752500736,0,0,0,0,0,0,0,0,0,0,0,0,0,0,0,0,0,0,0,0,0,0,0,0,0,0,0,0,0,0,0,0,0,0,0,0,0,0,0,0,0,0,0,0,0,0,0,0,0,0,0,0,0,0,0,0,0,0,7,1933276,451868670,133097116,0,0,0,0,0,0,0,0,0,0,0,0,0,0,0,0,0,0,0,0,0,0,0,0,0,0,0,0,0,0,0,0,0,0,0,0,0,12877365248,5167824896,785972,315419,132418148,362,0,96,786432,449898641,811172,11,8265230150,12884901888,1889837,1316840455,0,0,0,0,0,0,0,0,0,0,0,0,0,0,0,0,0,0,44787044,144685105,0,468,1202,7661,620,89574701,35,0,0,0,0,0,0,0,1,0,0,0,0,0,0,0,0,0,0,54143415,0,132415722,2254955,0,0,0,0,0,0,0,0,16384,0,0,0,0,0,0,0,0,0,0,0,7473,408,0,0,0,0,0,136152249,0,191,0,17,408,7473,0,0,0,0,0,0,0,0,0,0,0,0,0,0,0,0,0,0,0,0,0,0,0,0,0,0,0,0,0,0,0,0,0,0,0,0,0,0,0,0,0,0,0,0,0,0,0,0,0,0,0,0,0,0,674113965,0,0,0,945726442,0,0,0,0,0,0,0,187034448,449946423,809553792,373864031232,152607863,1,1,0,0,0,0,0,0,0,0,0,0,0,0,0,0,0,0,0,0,0,0,0,0,0,0,0,0,0,0,0,1715,0,0,0,0,0,0,0
1782469641.687,0,0,0,0,0,0,0,1677349467,7371520739840,2628368908800,0,0,0,0,0,0,0,0,0,0,0,0,0,0,0,0,0,0,0,0,0,0,0,0,0,0,0,0,0,0,0,0,0,0,0,0,0,0,0,0,0,0,0,0,0,0,0,0,0,0,0,0,0,0,0,0,0,0,7,1933304,451986509,133129574,0,0,0,0,0,0,0,0,0,0,0,0,0,0,0,0,0,0,0,0,0,0,0,0,0,0,0,0,0,0,0,0,0,0,0,0,0,12878430208,5177622528,786037,316017,132449688,296,0,98,786432,450015956,811172,11,8266907154,12884901888,1892360,1317060267,0,0,0,0,0,0,0,0,0,0,0,0,0,0,0,0,0,0,44796880,144694944,0,468,1202,7661,620,89594384,35,0,0,0,0,0,0,0,1,0,0,0,0,0,0,0,0,0,0,54154556,0,132447351,2255386,0,0,0,0,0,0,0,0,16384,0,0,0,0,0,0,0,0,0,0,0,7474,408,0,0,0,0,0,136182118,0,191,0,17,408,7474,0,0,0,0,0,0,0,0,0,0,0,0,0,0,0,0,0,0,0,0,0,0,0,0,0,0,0,0,0,0,0,0,0,0,0,0,0,0,0,0,0,0,0,0,0,0,0,0,0,0,0,0,0,0,674253741,0,0,0,945894515,0,0,0,0,0,0,0,187053983,450063209,809726924,373936922624,152620006,1,0,0,0,0,0,0,0,0,0,0,0,0,0,0,0,0,0,0,0,0,0,0,0,0,0,0,0,0,0,0,457,0,0,0,0,0,0,0
1782469642.777,0,0,0,0,0,0,0,1677685766,7373464685056,2628995779072,0,0,0,0,0,0,0,0,0,0,0,0,0,0,0,0,0,0,0,0,0,0,0,0,0,0,0,0,0,0,0,0,0,0,0,0,0,0,0,0,0,0,0,0,0,0,0,0,0,0,0,0,0,0,0,0,0,0,7,1933330,452106072,133162576,0,0,0,0,0,0,0,0,0,0,0,0,0,0,0,0,0,0,0,0,0,0,0,0,0,0,0,0,0,0,0,0,0,0,0,0,0,12875382784,5187223552,785851,316603,132482021,482,0,97,786432,450134943,811172,11,8268600503,12884901888,1894227,1317279445,0,0,0,0,0,0,0,0,0,0,0,0,0,0,0,0,0,0,44806856,144704919,0,468,1202,7661,620,89614327,35,0,0,0,0,0,0,0,1,0,0,0,0,0,0,0,0,0,0,54165859,0,132479595,2255826,0,0,0,0,0,0,0,0,16384,0,0,0,0,0,0,0,0,0,0,0,7475,408,0,0,0,0,0,136212428,0,191,0,17,408,7475,0,0,0,0,0,0,0,0,0,0,0,0,0,0,0,0,0,0,0,0,0,0,0,0,0,0,0,0,0,0,0,0,0,0,0,0,0,0,0,0,0,0,0,0,0,0,0,0,0,0,0,0,0,0,674396168,0,0,0,946062971,0,0,0,0,0,0,0,187073971,450181690,809903105,374011225088,152632627,1,1,0,0,0,0,0,0,0,0,0,0,0,0,0,0,0,0,0,0,0,0,0,0,0,0,0,0,0,0,0,871,0,0,0,0,0,0,0
1782469643.867,0,0,0,0,0,0,0,1677998198,7375271823872,2629579018240,0,0,0,0,0,0,0,0,0,0,0,0,0,0,0,0,0,0,0,0,0,0,0,0,0,0,0,0,0,0,0,0,0,0,0,0,0,0,0,0,0,0,0,0,0,0,0,0,0,0,0,0,0,0,0,0,0,0,7,1933355,452217257,133193195,0,0,0,0,0,0,0,0,0,0,0,0,0,0,0,0,0,0,0,0,0,0,0,0,0,0,0,0,0,0,0,0,0,0,0,0,0,12875644928,5194760192,785867,317063,132511623,469,0,96,786432,450245629,811172,11,8270172462,12884901888,1896798,1317481274,0,0,0,0,0,0,0,0,0,0,0,0,0,0,0,0,0,0,44816130,144714192,0,468,1202,7661,620,89632887,35,0,0,0,0,0,0,0,1,0,0,0,0,0,0,0,0,0,0,54176366,0,132509326,2256238,0,0,0,0,0,0,0,0,16384,0,0,0,0,0,0,0,0,0,0,0,7476,408,0,0,0,0,0,136240614,0,191,0,17,408,7476,0,0,0,0,0,0,0,0,0,0,0,0,0,0,0,0,0,0,0,0,0,0,0,0,0,0,0,0,0,0,0,0,0,0,0,0,0,0,0,0,0,0,0,0,0,0,0,0,0,0,0,0,0,0,674532893,0,0,0,946219372,0,0,0,0,0,0,0,187092227,450291927,810071407,374082135040,152644303,1,0,0,0,0,0,0,0,0,0,0,0,0,0,0,0,0,0,0,0,0,0,0,0,0,0,0,0,0,0,0,1485,0,0,0,0,0,0,0
1782469644.953,0,0,0,0,0,0,0,1678315048,7377099868672,2630171011072,0,0,0,0,0,0,0,0,0,0,0,0,0,0,0,0,0,0,0,0,0,0,0,0,0,0,0,0,0,0,0,0,0,0,0,0,0,0,0,0,0,0,0,0,0,0,0,0,0,0,0,0,0,0,0,0,0,0,7,1933383,452329751,133224246,0,0,0,0,0,0,0,0,0,0,0,0,0,0,0,0,0,0,0,0,0,0,0,0,0,0,0,0,0,0,0,0,0,0,0,0,0,12878807040,5204279296,786060,317644,132541972,276,0,96,786432,450357615,811172,11,8271771853,12884901888,1899212,1317689804,0,0,0,0,0,0,0,0,0,0,0,0,0,0,0,0,0,0,44825539,144723601,0,468,1202,7661,620,89651706,35,0,0,0,0,0,0,0,1,0,0,0,0,0,0,0,0,0,0,54187027,0,132539546,2256653,0,0,0,0,0,0,0,0,16384,0,0,0,0,0,0,0,0,0,0,0,7477,408,0,0,0,0,0,136269211,0,191,0,17,408,7477,0,0,0,0,0,0,0,0,0,0,0,0,0,0,0,0,0,0,0,0,0,0,0,0,0,0,0,0,0,0,0,0,0,0,0,0,0,0,0,0,0,0,0,0,0,0,0,0,0,0,0,0,0,0,674672083,0,0,0,946379516,0,0,0,0,0,0,0,187110971,450403442,810242548,374154547712,152656381,1,1,0,0,0,0,0,0,0,0,0,0,0,0,0,0,0,0,0,0,0,0,0,0,0,0,0,0,0,0,0,702,0,0,0,0,0,0,0
1782469646.045,0,0,0,0,0,0,0,1678650293,7379034180096,2630793408000,0,0,0,0,0,0,0,0,0,0,0,0,0,0,0,0,0,0,0,0,0,0,0,0,0,0,0,0,0,0,0,0,0,0,0,0,0,0,0,0,0,0,0,0,0,0,0,0,0,0,0,0,0,0,0,0,0,0,7,1933410,452448757,133256939,0,0,0,0,0,0,0,0,0,0,0,0,0,0,0,0,0,0,0,0,0,0,0,0,0,0,0,0,0,0,0,0,0,0,0,0,0,12882460672,5214339072,786282,318258,132574030,44,0,104,786432,450476086,811172,11,8273460272,12884901888,1901254,1317907015,0,0,0,0,0,0,0,0,0,0,0,0,0,0,0,0,0,0,44835489,144733549,0,468,1202,7661,620,89671612,35,0,0,0,0,0,0,0,1,0,0,0,0,0,0,0,0,0,0,54198288,0,132571604,2257096,0,0,0,0,0,0,0,0,16384,0,0,0,0,0,0,0,0,0,0,0,7478,408,0,0,0,0,0,136299484,0,191,0,17,408,7478,0,0,0,0,0,0,0,0,0,0,0,0,0,0,0,0,0,0,0,0,0,0,0,0,0,0,0,0,0,0,0,0,0,0,0,0,0,0,0,0,0,0,0,0,0,0,0,0,0,0,0,0,0,0,674815830,0,0,0,946547433,0,0,0,0,0,0,0,187129984,450521389,810419685,374229391872,152668250,1,0,0,0,0,0,0,0,0,0,0,0,0,0,0,0,0,0,0,0,0,0,0,0,0,0,0,0,0,0,0,1322,0,0,0,0,0,0,0
1782469647.132,0,0,0,0,0,0,0,1678940018,7380708674048,2631348576768,0,0,0,0,0,0,0,0,0,0,0,0,0,0,0,0,0,0,0,0,0,0,0,0,0,0,0,0,0,0,0,0,0,0,0,0,0,0,0,0,0,0,0,0,0,0,0,0,0,0,0,0,0,0,0,0,0,0,7,1933431,452551771,133286026,0,0,0,0,0,0,0,0,0,0,0,0,0,0,0,0,0,0,0,0,0,0,0,0,0,0,0,0,0,0,0,0,0,0,0,0,0,12879134720,5205966848,786080,317747,132601480,256,0,97,786432,450578661,811172,11,8274921962,12884901888,1906361,1318098795,0,0,0,0,0,0,0,0,0,0,0,0,0,0,0,0,0,0,44844083,144742145,0,468,1202,7661,620,89688784,35,0,0,0,0,0,0,0,1,0,0,0,0,0,0,0,0,0,0,54208008,0,132599054,2257454,0,0,0,0,0,0,0,0,16384,0,0,0,0,0,0,0,0,0,0,0,7479,408,0,0,0,0,0,136325611,0,191,0,17,408,7479,0,0,0,0,0,0,0,0,0,0,0,0,0,0,0,0,0,0,0,0,0,0,0,0,0,0,0,0,0,0,0,0,0,0,0,0,0,0,0,0,0,0,0,0,0,0,0,0,0,0,0,0,0,0,674946922,0,0,0,946693739,0,0,0,0,0,0,0,187147572,450623550,810581531,374297446912,152679814,1,1,0,0,0,0,0,0,0,0,0,0,0,0,0,0,0,0,0,0,0,0,0,0,0,0,0,0,0,0,0,403,0,0,0,0,0,0,0
1782469648.217,0,0,0,0,0,0,0,1679271031,7382621932032,2631968484864,0,0,0,0,0,0,0,0,0,0,0,0,0,0,0,0,0,0,0,0,0,0,0,0,0,0,0,0,0,0,0,0,0,0,0,0,0,0,0,0,0,0,0,0,0,0,0,0,0,0,0,0,0,0,0,0,0,0,7,1933465,452669529,133318626,0,0,0,0,0,0,0,0,0,0,0,0,0,0,0,0,0,0,0,0,0,0,0,0,0,0,0,0,0,0,0,0,0,0,0,0,0,12877938688,5211832320,786007,318105,132633392,327,0,96,786432,450695889,811172,11,8276590031,12884901888,1908369,1318314330,0,0,0,0,0,0,0,0,0,0,0,0,0,0,0,0,0,0,44853918,144751982,0,468,1202,7661,620,89708465,35,0,0,0,0,0,0,0,1,0,0,0,0,0,0,0,0,0,0,54219148,0,132630966,2257880,0,0,0,0,0,0,0,0,16384,0,0,0,0,0,0,0,0,0,0,0,7480,408,0,0,0,0,0,136355502,0,191,0,17,408,7480,0,0,0,0,0,0,0,0,0,0,0,0,0,0,0,0,0,0,0,0,0,0,0,0,0,0,0,0,0,0,0,0,0,0,0,0,0,0,0,0,0,0,0,0,0,0,0,0,0,0,0,0,0,0,675090204,0,0,0,946859979,0,0,0,0,0,0,0,187167028,450740238,810758148,374372019712,152692246,1,0,0,0,0,0,0,0,0,0,0,0,0,0,0,0,0,0,0,0,0,0,0,0,0,0,0,0,0,0,0,525,0,0,0,0,0,0,0
1782469649.308,0,0,0,0,0,0,0,1679605781,7384542562816,2632583853568,0,0,0,0,0,0,0,0,0,0,0,0,0,0,0,0,0,0,0,0,0,0,0,0,0,0,0,0,0,0,0,0,0,0,0,0,0,0,0,0,0,0,0,0,0,0,0,0,0,0,0,0,0,0,0,0,0,0,7,1933497,452787691,133351068,0,0,0,0,0,0,0,0,0,0,0,0,0,0,0,0,0,0,0,0,0,0,0,0,0,0,0,0,0,0,0,0,0,0,0,0,0,12880822272,5225889792,786183,318963,132665010,152,0,96,786432,450813503,811172,11,8278273811,12884901888,1910996,1318531814,0,0,0,0,0,0,0,0,0,0,0,0,0,0,0,0,0,0,44863831,144761896,0,468,1202,7661,620,89728296,35,0,0,0,0,0,0,0,1,0,0,0,0,0,0,0,0,0,0,54230358,0,132662584,2258324,0,0,0,0,0,0,0,0,16384,0,0,0,0,0,0,0,0,0,0,0,7481,408,0,0,0,0,0,136385636,0,191,0,17,408,7481,0,0,0,0,0,0,0,0,0,0,0,0,0,0,0,0,0,0,0,0,0,0,0,0,0,0,0,0,0,0,0,0,0,0,0,0,0,0,0,0,0,0,0,0,0,0,0,0,0,0,0,0,0,0,675229651,0,0,0,947027213,0,0,0,0,0,0,0,187186871,450857390,810930922,374444741632,152704520,1,0,0,0,0,0,0,0,0,0,0,0,0,0,0,0,0,0,0,0,0,0,0,0,0,0,0,0,0,0,0,1379,0,0,0,0,0,0,0
1782469650.396,0,0,0,0,0,0,0,1679933611,7386428377600,2633196883456,0,0,0,0,0,0,0,0,0,0,0,0,0,0,0,0,0,0,0,0,0,0,0,0,0,0,0,0,0,0,0,0,0,0,0,0,0,0,0,0,0,0,0,0,0,0,0,0,0,0,0,0,0,0,0,0,0,0,7,1933523,452903712,133383303,0,0,0,0,0,0,0,0,0,0,0,0,0,0,0,0,0,0,0,0,0,0,0,0,0,0,0,0,0,0,0,0,0,0,0,0,0,12879937536,5230608384,786130,319251,132696305,205,0,98,786432,450929041,811172,11,8279926777,12884901888,1913716,1318746733,0,0,0,0,0,0,0,0,0,0,0,0,0,0,0,0,0,0,44873571,144771634,0,468,1202,7661,620,89747767,35,0,0,0,0,0,0,0,1,0,0,0,0,0,0,0,0,0,0,54241382,0,132693879,2258744,0,0,0,0,0,0,0,0,16384,0,0,0,0,0,0,0,0,0,0,0,7482,408,0,0,0,0,0,136415221,0,191,0,17,408,7482,0,0,0,0,0,0,0,0,0,0,0,0,0,0,0,0,0,0,0,0,0,0,0,0,0,0,0,0,0,0,0,0,0,0,0,0,0,0,0,0,0,0,0,0,0,0,0,0,0,0,0,0,0,0,675370508,0,0,0,947192335,0,0,0,0,0,0,0,187207130,450972365,811104968,374518069760,152717436,1,0,0,0,0,0,0,0,0,0,0,0,0,0,0,0,0,0,0,0,0,0,0,0,0,0,0,0,0,0,0,976,0,0,0,0,0,0,0
1782469651.483,0,0,0,0,0,0,0,1680251972,7388274002432,2633828413440,0,0,0,0,0,0,0,0,0,0,0,0,0,0,0,0,0,0,0,0,0,0,0,0,0,0,0,0,0,0,0,0,0,0,0,0,0,0,0,0,0,0,0,0,0,0,0,0,0,0,0,0,0,0,0,0,0,0,7,1933554,453017255,133416632,0,0,0,0,0,0,0,0,0,0,0,0,0,0,0,0,0,0,0,0,0,0,0,0,0,0,0,0,0,0,0,0,0,0,0,0,0,12881248256,5204901888,786207,317683,132726912,110,0,115,786432,451042102,811172,11,8281530957,12884901888,1916206,1318954151,0,0,0,0,0,0,0,0,0,0,0,0,0,0,0,0,0,0,44883041,144781106,0,468,1202,7661,620,89766701,35,0,0,0,0,0,0,0,1,0,0,0,0,0,0,0,0,0,0,54252098,0,132726278,2259181,0,0,0,0,0,0,0,0,16384,0,0,0,0,0,0,0,0,0,0,0,7483,408,0,0,0,0,0,136444008,0,191,0,17,408,7483,0,0,0,0,0,0,0,0,0,0,0,0,0,0,0,0,0,0,0,0,0,0,0,0,0,0,0,0,0,0,0,0,0,0,0,0,0,0,0,0,0,0,0,0,0,0,0,0,0,0,0,0,0,0,675508432,0,0,0,947351805,0,0,0,0,0,0,0,187226984,451084882,811277077,374589869568,152730053,1,1,0,0,0,0,0,0,0,0,0,0,0,0,0,0,0,0,0,0,0,0,0,0,0,0,0,0,0,0,0,1648,0,0,0,0,0,0,0
1782469652.565,0,0,0,0,0,0,0,1680574333,7390138075648,2634469780992,0,0,0,0,0,0,0,0,0,0,0,0,0,0,0,0,0,0,0,0,0,0,0,0,0,0,0,0,0,0,0,0,0,0,0,0,0,0,0,0,0,0,0,0,0,0,0,0,0,0,0,0,0,0,0,0,0,0,7,1933581,453131933,133450927,0,0,0,0,0,0,0,0,0,0,0,0,0,0,0,0,0,0,0,0,0,0,0,0,0,0,0,0,0,0,0,0,0,0,0,0,0,12877987840,5168529408,786009,315462,132762343,327,0,97,786432,451156266,811172,11,8283155592,12884901888,1918574,1319163788,0,0,0,0,0,0,0,0,0,0,0,0,0,0,0,0,0,0,44892603,144790668,0,468,1202,7661,620,89785836,35,0,0,0,0,0,0,0,1,0,0,0,0,0,0,0,0,0,0,54262925,0,132759917,2259626,0,0,0,0,0,0,0,0,16384,0,0,0,0,0,0,0,0,0,0,0,7485,408,0,0,0,0,0,136473067,0,191,0,17,408,7485,0,0,0,0,0,0,0,0,0,0,0,0,0,0,0,0,0,0,0,0,0,0,0,0,0,0,0,0,0,0,0,0,0,0,0,0,0,0,0,0,0,0,0,0,0,0,0,0,0,0,0,0,0,0,675643730,0,0,0,947513544,0,0,0,0,0,0,0,187246864,451198534,811447503,374660607488,152742400,1,1,0,0,0,0,0,0,0,0,0,0,0,0,0,0,0,0,0,0,0,0,0,0,0,0,0,0,0,0,0,1788,0,0,0,0,0,0,0
1782469653.646,0,0,0,0,0,0,0,1680886702,7391949195776,2635057357312,0,0,0,0,0,0,0,0,0,0,0,0,0,0,0,0,0,0,0,0,0,0,0,0,0,0,0,0,0,0,0,0,0,0,0,0,0,0,0,0,0,0,0,0,0,0,0,0,0,0,0,0,0,0,0,0,0,0,7,1933615,453243297,133481755,0,0,0,0,0,0,0,0,0,0,0,0,0,0,0,0,0,0,0,0,0,0,0,0,0,0,0,0,0,0,0,0,0,0,0,0,0,12878577664,5174493184,786047,315826,132792393,290,0,96,786432,451267122,811172,11,8284729832,12884901888,1920911,1319367983,0,0,0,0,0,0,0,0,0,0,0,0,0,0,0,0,0,0,44901865,144799928,0,468,1202,7661,620,89804356,35,0,0,0,0,0,0,0,1,0,0,0,0,0,0,0,0,0,0,54273415,0,132789967,2260029,0,0,0,0,0,0,0,0,16384,0,0,0,0,0,0,0,0,0,0,0,7486,408,0,0,0,0,0,136501225,0,191,0,17,408,7486,0,0,0,0,0,0,0,0,0,0,0,0,0,0,0,0,0,0,0,0,0,0,0,0,0,0,0,0,0,0,0,0,0,0,0,0,0,0,0,0,0,0,0,0,0,0,0,0,0,0,0,0,0,0,675781369,0,0,0,947670385,0,0,0,0,0,0,0,187264176,451308919,811616772,374732137472,152753596,1,0,0,0,0,0,0,0,0,0,0,0,0,0,0,0,0,0,0,0,0,0,0,0,0,0,0,0,0,0,0,1754,0,0,0,0,0,0,0
1782469654.726,0,0,0,0,0,0,0,1681205090,7393786972672,2635654632960,0,0,0,0,0,0,0,0,0,0,0,0,0,0,0,0,0,0,0,0,0,0,0,0,0,0,0,0,0,0,0,0,0,0,0,0,0,0,0,0,0,0,0,0,0,0,0,0,0,0,0,0,0,0,0,0,0,0,7,1933635,453356375,133513169,0,0,0,0,0,0,0,0,0,0,0,0,0,0,0,0,0,0,0,0,0,0,0,0,0,0,0,0,0,0,0,0,0,0,0,0,0,12879970304,5179768832,786131,316148,132823158,204,0,96,786432,451379714,811172,11,8286332012,12884901888,1922871,1319574471,0,0,0,0,0,0,0,0,0,0,0,0,0,0,0,0,0,0,44911303,144809366,0,468,1202,7661,620,89823228,35,0,0,0,0,0,0,0,1,0,0,0,0,0,0,0,0,0,0,54284095,0,132820732,2260454,0,0,0,0,0,0,0,0,16384,0,0,0,0,0,0,0,0,0,0,0,7487,408,0,0,0,0,0,136529906,0,191,0,17,408,7487,0,0,0,0,0,0,0,0,0,0,0,0,0,0,0,0,0,0,0,0,0,0,0,0,0,0,0,0,0,0,0,0,0,0,0,0,0,0,0,0,0,0,0,0,0,0,0,0,0,0,0,0,0,0,675920378,0,0,0,947829681,0,0,0,0,0,0,0,187282444,451421007,811787918,374804368384,152765406,1,0,0,0,0,0,0,0,0,0,0,0,0,0,0,0,0,0,0,0,0,0,0,0,0,0,0,0,0,0,0,2334,0,0,0,0,0,0,0
1782469655.815,0,0,0,0,0,0,0,1681517982,7395587049984,2636239147520,0,0,0,0,0,0,0,0,0,0,0,0,0,0,0,0,0,0,0,0,0,0,0,0,0,0,0,0,0,0,0,0,0,0,0,0,0,0,0,0,0,0,0,0,0,0,0,0,0,0,0,0,0,0,0,0,0,0,7,1933661,453467046,133543750,0,0,0,0,0,0,0,0,0,0,0,0,0,0,0,0,0,0,0,0,0,0,0,0,0,0,0,0,0,0,0,0,0,0,0,0,0,12881870848,5188681728,786247,316692,132852350,87,0,96,786432,451489895,811172,11,8287912140,12884901888,1926314,1319782703,0,0,0,0,0,0,0,0,0,0,0,0,0,0,0,0,0,0,44920592,144818657,0,468,1202,7661,620,89841796,35,0,0,0,0,0,0,0,1,0,0,0,0,0,0,0,0,0,0,54294615,0,132849924,2260855,0,0,0,0,0,0,0,0,16384,0,0,0,0,0,0,0,0,0,0,0,7488,408,0,0,0,0,0,136558140,0,191,0,17,408,7488,0,0,0,0,0,0,0,0,0,0,0,0,0,0,0,0,0,0,0,0,0,0,0,0,0,0,0,0,0,0,0,0,0,0,0,0,0,0,0,0,0,0,0,0,0,0,0,0,0,0,0,0,0,0,676057811,0,0,0,947988468,0,0,0,0,0,0,0,187302280,451530726,811957348,374875809280,152778030,1,0,0,0,0,0,0,0,0,0,0,0,0,0,0,0,0,0,0,0,0,0,0,0,0,0,0,0,0,0,0,699,0,0,0,0,0,0,0
1782469656.898,0,0,0,0,0,0,0,1681826943,7397372676608,2636821876224,0,0,0,0,0,0,0,0,0,0,0,0,0,0,0,0,0,0,0,0,0,0,0,0,0,0,0,0,0,0,0,0,0,0,0,0,0,0,0,0,0,0,0,0,0,0,0,0,0,0,0,0,0,0,0,0,0,0,7,1933690,453576882,133574431,0,0,0,0,0,0,0,0,0,0,0,0,0,0,0,0,0,0,0,0,0,0,0,0,0,0,0,0,0,0,0,0,0,0,0,0,0,12879953920,5191483392,786130,316863,132882150,203,0,99,786432,451599262,811172,11,8289467992,12884901888,1929065,1319985006,0,0,0,0,0,0,0,0,0,0,0,0,0,0,0,0,0,0,44929753,144827818,0,468,1202,7661,620,89860122,35,0,0,0,0,0,0,0,1,0,0,0,0,0,0,0,0,0,0,54304992,0,132879724,2261248,0,0,0,0,0,0,0,0,16384,0,0,0,0,0,0,0,0,0,0,0,7489,408,0,0,0,0,0,136585981,0,191,0,17,408,7489,0,0,0,0,0,0,0,0,0,0,0,0,0,0,0,0,0,0,0,0,0,0,0,0,0,0,0,0,0,0,0,0,0,0,0,0,0,0,0,0,0,0,0,0,0,0,0,0,0,0,0,0,0,0,676192461,0,0,0,948143828,0,0,0,0,0,0,0,187319652,451639679,812123647,374945879040,152789472,1,0,0,0,0,0,0,0,0,0,0,0,0,0,0,0,0,0,0,0,0,0,0,0,0,0,0,0,0,0,0,524,0,0,0,0,0,0,0
1782469657.986,0,0,0,0,0,0,0,1682152578,7399250659840,2637428590592,0,0,0,0,0,0,0,0,0,0,0,0,0,0,0,0,0,0,0,0,0,0,0,0,0,0,0,0,0,0,0,0,0,0,0,0,0,0,0,0,0,0,0,0,0,0,0,0,0,0,0,0,0,0,0,0,0,0,7,1933716,453692410,133606365,0,0,0,0,0,0,0,0,0,0,0,0,0,0,0,0,0,0,0,0,0,0,0,0,0,0,0,0,0,0,0,0,0,0,0,0,0,12879134720,5201264640,786081,317458,132912903,254,0,97,786432,451714248,811172,11,8291105135,12884901888,1931790,1320195809,0,0,0,0,0,0,0,0,0,0,0,0,0,0,0,0,0,0,44939406,144837471,0,468,1202,7661,620,89879429,35,0,0,0,0,0,0,0,1,0,0,0,0,0,0,0,0,0,0,54315909,0,132910567,2261671,0,0,0,0,0,0,0,0,16384,0,0,0,0,0,0,0,0,0,0,0,7490,408,0,0,0,0,0,136615323,0,191,0,17,408,7490,0,0,0,0,0,0,0,0,0,0,0,0,0,0,0,0,0,0,0,0,0,0,0,0,0,0,0,0,0,0,0,0,0,0,0,0,0,0,0,0,0,0,0,0,0,0,0,0,0,0,0,0,0,0,676331150,0,0,0,948306670,0,0,0,0,0,0,0,187340448,451754260,812295382,375018119680,152802842,1,0,0,0,0,0,0,0,0,0,0,0,0,0,0,0,0,0,0,0,0,0,0,0,0,0,0,0,0,0,0,1212,0,0,0,0,0,0,0
1782469659.076,0,0,0,0,0,0,0,1682487970,7401186101760,2638056386560,0,0,0,0,0,0,0,0,0,0,0,0,0,0,0,0,0,0,0,0,0,0,0,0,0,0,0,0,0,0,0,0,0,0,0,0,0,0,0,0,0,0,0,0,0,0,0,0,0,0,0,0,0,0,0,0,0,0,7,1933742,453811455,133639430,0,0,0,0,0,0,0,0,0,0,0,0,0,0,0,0,0,0,0,0,0,0,0,0,0,0,0,0,0,0,0,0,0,0,0,0,0,12880412672,5206917120,786158,317805,132945497,176,0,96,786432,451832769,811172,11,8292795031,12884901888,1933442,1320414681,0,0,0,0,0,0,0,0,0,0,0,0,0,0,0,0,0,0,44949364,144847428,0,468,1202,7661,620,89899351,35,0,0,0,0,0,0,0,1,0,0,0,0,0,0,0,0,0,0,54327181,0,132943071,2262112,0,0,0,0,0,0,0,0,16384,0,0,0,0,0,0,0,0,0,0,0,7491,408,0,0,0,0,0,136645610,0,191,0,17,408,7491,0,0,0,0,0,0,0,0,0,0,0,0,0,0,0,0,0,0,0,0,0,0,0,0,0,0,0,0,0,0,0,0,0,0,0,0,0,0,0,0,0,0,0,0,0,0,0,0,0,0,0,0,0,0,676473323,0,0,0,948475137,0,0,0,0,0,0,0,187359399,451872297,812471239,375092302848,152814680,1,0,0,0,0,0,0,0,0,0,0,0,0,0,0,0,0,0,0,0,0,0,0,0,0,0,0,0,0,0,0,1361,0,0,0,0,0,0,0
1782469660.164,0,0,0,0,0,0,0,1682814269,7403072309760,2638666027008,0,0,0,0,0,0,0,0,0,0,0,0,0,0,0,0,0,0,0,0,0,0,0,0,0,0,0,0,0,0,0,0,0,0,0,0,0,0,0,0,0,0,0,0,0,0,0,0,0,0,0,0,0,0,0,0,0,0,7,1933763,453927556,133671593,0,0,0,0,0,0,0,0,0,0,0,0,0,0,0,0,0,0,0,0,0,0,0,0,0,0,0,0,0,0,0,0,0,0,0,0,0,12880347136,5211635712,786155,318093,132977072,182,0,97,786432,451948353,811172,11,8294439495,12884901888,1935296,1320627680,0,0,0,0,0,0,0,0,0,0,0,0,0,0,0,0,0,0,44959057,144857116,0,468,1202,7661,620,89918720,35,0,0,0,0,0,0,0,1,0,0,0,0,0,0,0,0,0,0,54338151,0,132974646,2262551,0,0,0,0,0,0,0,0,16384,0,0,0,0,0,0,0,0,0,0,0,7492,408,0,0,0,0,0,136675096,0,191,0,17,408,7492,0,0,0,0,0,0,0,0,0,0,0,0,0,0,0,0,0,0,0,0,0,0,0,0,0,0,0,0,0,0,0,0,0,0,0,0,0,0,0,0,0,0,0,0,0,0,0,0,0,0,0,0,0,0,676610504,0,0,0,948639153,0,0,0,0,0,0,0,187379232,451987402,812641292,375163769344,152827066,0,0,0,0,0,0,0,0,0,0,0,0,0,0,0,0,0,0,0,0,0,0,0,0,0,0,0,0,0,0,0,1269,0,0,0,0,0,0,0
1782469661.258,0,0,0,0,0,0,0,1683141371,7404967496192,2639279294976,0,0,0,0,0,0,0,0,0,0,0,0,0,0,0,0,0,0,0,0,0,0,0,0,0,0,0,0,0,0,0,0,0,0,0,0,0,0,0,0,0,0,0,0,0,0,0,0,0,0,0,0,0,0,0,0,0,0,7,1933790,454044105,133703932,0,0,0,0,0,0,0,0,0,0,0,0,0,0,0,0,0,0,0,0,0,0,0,0,0,0,0,0,0,0,0,0,0,0,0,0,0,12877103104,5216862208,785956,318412,133008526,381,0,97,786432,452064402,811172,11,8296089796,12884901888,1937635,1320842141,0,0,0,0,0,0,0,0,0,0,0,0,0,0,0,0,0,0,44968781,144866846,0,468,1202,7661,620,89938172,35,0,0,0,0,0,0,0,1,0,0,0,0,0,0,0,0,0,0,54349169,0,133006100,2262984,0,0,0,0,0,0,0,0,16384,0,0,0,0,0,0,0,0,0,0,0,7493,408,0,0,0,0,0,136704653,0,191,0,17,408,7493,0,0,0,0,0,0,0,0,0,0,0,0,0,0,0,0,0,0,0,0,0,0,0,0,0,0,0,0,0,0,0,0,0,0,0,0,0,0,0,0,0,0,0,0,0,0,0,0,0,0,0,0,0,0,676748919,0,0,0,948804031,0,0,0,0,0,0,0,187399282,452102947,812812992,375235796992,152839622,1,0,0,0,0,0,0,0,0,0,0,0,0,0,0,0,0,0,0,0,0,0,0,0,0,0,0,0,0,0,0,838,0,0,0,0,0,0,0
1782469662.344,0,0,0,0,0,0,0,1683475951,7406907247104,2639903010816,0,0,0,0,0,0,0,0,0,0,0,0,0,0,0,0,0,0,0,0,0,0,0,0,0,0,0,0,0,0,0,0,0,0,0,0,0,0,0,0,0,0,0,0,0,0,0,0,0,0,0,0,0,0,0,0,0,0,7,1933829,454163432,133736758,0,0,0,0,0,0,0,0,0,0,0,0,0,0,0,0,0,0,0,0,0,0,0,0,0,0,0,0,0,0,0,0,0,0,0,0,0,12878381056,5226741760,786032,319015,133040513,297,0,99,786432,452183137,811172,11,8297776037,12884901888,1940193,1321060990,0,0,0,0,0,0,0,0,0,0,0,0,0,0,0,0,0,0,44978708,144876771,0,468,1202,7661,620,89958025,35,0,0,0,0,0,0,0,1,0,0,0,0,0,0,0,0,0,0,54360415,0,133038087,2263422,0,0,0,0,0,0,0,0,16384,0,0,0,0,0,0,0,0,0,0,0,7494,408,0,0,0,0,0,136734823,0,191,0,17,408,7494,0,0,0,0,0,0,0,0,0,0,0,0,0,0,0,0,0,0,0,0,0,0,0,0,0,0,0,0,0,0,0,0,0,0,0,0,0,0,0,0,0,0,0,0,0,0,0,0,0,0,0,0,0,0,676890979,0,0,0,948972046,0,0,0,0,0,0,0,187419676,452221178,812988683,375309927936,152852503,1,1,0,0,0,0,0,0,0,0,0,0,0,0,0,0,0,0,0,0,0,0,0,0,0,0,0,0,0,0,0,996,0,0,0,0,0,0,0
1782469663.432,0,0,0,0,0,0,0,1683789811,7408728377856,2640506362880,0,0,0,0,0,0,0,0,0,0,0,0,0,0,0,0,0,0,0,0,0,0,0,0,0,0,0,0,0,0,0,0,0,0,0,0,0,0,0,0,0,0,0,0,0,0,0,0,0,0,0,0,0,0,0,0,0,0,7,1933861,454275423,133768493,0,0,0,0,0,0,0,0,0,0,0,0,0,0,0,0,0,0,0,0,0,0,0,0,0,0,0,0,0,0,0,0,0,0,0,0,0,12882149376,5219057664,786264,318546,133071013,71,0,98,786432,452294621,811172,11,8299357318,12884901888,1941948,1321265422,0,0,0,0,0,0,0,0,0,0,0,0,0,0,0,0,0,0,44988036,144886102,0,468,1202,7661,620,89976684,35,0,0,0,0,0,0,0,1,0,0,0,0,0,0,0,0,0,0,54370992,0,133068843,2263838,0,0,0,0,0,0,0,0,16384,0,0,0,0,0,0,0,0,0,0,0,7495,408,0,0,0,0,0,136763212,0,191,0,17,408,7495,0,0,0,0,0,0,0,0,0,0,0,0,0,0,0,0,0,0,0,0,0,0,0,0,0,0,0,0,0,0,0,0,0,0,0,0,0,0,0,0,0,0,0,0,0,0,0,0,0,0,0,0,0,0,677027589,0,0,0,949129755,0,0,0,0,0,0,0,187436132,452332137,813157715,375381286912,152862983,1,0,0,0,0,0,0,0,0,0,0,0,0,0,0,0,0,0,0,0,0,0,0,0,0,0,0,0,0,0,0,1143,0,0,0,0,0,0,0
1782469664.519,0,0,0,0,0,0,0,1684098088,7410502093312,2641123736064,0,0,0,0,0,0,0,0,0,0,0,0,0,0,0,0,0,0,0,0,0,0,0,0,0,0,0,0,0,0,0,0,0,0,0,0,0,0,0,0,0,0,0,0,0,0,0,0,0,0,0,0,0,0,0,0,0,0,7,1933885,454384532,133800960,0,0,0,0,0,0,0,0,0,0,0,0,0,0,0,0,0,0,0,0,0,0,0,0,0,0,0,0,0,0,0,0,0,0,0,0,0,12882149376,5188124672,786264,316658,133100591,71,0,96,786432,452403250,811172,11,8300907440,12884901888,1944469,1321465517,0,0,0,0,0,0,0,0,0,0,0,0,0,0,0,0,0,0,44997159,144895221,0,468,1202,7661,620,89994931,35,0,0,0,0,0,0,0,1,0,0,0,0,0,0,0,0,0,0,54381311,0,133100853,2264256,0,0,0,0,0,0,0,0,16384,0,0,0,0,0,0,0,0,0,0,0,7496,408,0,0,0,0,0,136790932,0,191,0,17,408,7496,0,0,0,0,0,0,0,0,0,0,0,0,0,0,0,0,0,0,0,0,0,0,0,0,0,0,0,0,0,0,0,0,0,0,0,0,0,0,0,0,0,0,0,0,0,0,0,0,0,0,0,0,0,0,677162865,0,0,0,949284183,0,0,0,0,0,0,0,187455106,452440291,813326264,375451573248,152875202,1,0,0,0,0,0,0,0,0,0,0,0,0,0,0,0,0,0,0,0,0,0,0,0,0,0,0,0,0,0,0,1447,0,0,0,0,0,0,0
1782469665.598,0,0,0,0,0,0,0,1684380621,7412136299008,2641692083200,0,0,0,0,0,0,0,0,0,0,0,0,0,0,0,0,0,0,0,0,0,0,0,0,0,0,0,0,0,0,0,0,0,0,0,0,0,0,0,0,0,0,0,0,0,0,0,0,0,0,0,0,0,0,0,0,0,0,7,1933907,454484987,133831278,0,0,0,0,0,0,0,0,0,0,0,0,0,0,0,0,0,0,0,0,0,0,0,0,0,0,0,0,0,0,0,0,0,0,0,0,0,12880740352,5155012608,786177,314637,133132389,149,0,105,786432,452503303,811172,11,8302332953,12884901888,1948514,1321652231,0,0,0,0,0,0,0,0,0,0,0,0,0,0,0,0,0,0,45005553,144903616,0,468,1202,7661,620,90011722,35,0,0,0,0,0,0,0,1,0,0,0,0,0,0,0,0,0,0,54390812,0,133129963,2264626,0,0,0,0,0,0,0,0,16384,0,0,0,0,0,0,0,0,0,0,0,7498,408,0,0,0,0,0,136816440,0,191,0,17,408,7498,0,0,0,0,0,0,0,0,0,0,0,0,0,0,0,0,0,0,0,0,0,0,0,0,0,0,0,0,0,0,0,0,0,0,0,0,0,0,0,0,0,0,0,0,0,0,0,0,0,0,0,0,0,0,677293434,0,0,0,949427322,0,0,0,0,0,0,0,187471722,452539972,813488478,375519277568,152886378,1,1,0,0,0,0,0,0,0,0,0,0,0,0,0,0,0,0,0,0,0,0,0,0,0,0,0,0,0,0,0,282,0,0,0,0,0,0,0
1782469666.679,0,0,0,0,0,0,0,1684706589,7414017149440,2642305911808,0,0,0,0,0,0,0,0,0,0,0,0,0,0,0,0,0,0,0,0,0,0,0,0,0,0,0,0,0,0,0,0,0,0,0,0,0,0,0,0,0,0,0,0,0,0,0,0,0,0,0,0,0,0,0,0,0,0,7,1933933,454600726,133863642,0,0,0,0,0,0,0,0,0,0,0,0,0,0,0,0,0,0,0,0,0,0,0,0,0,0,0,0,0,0,0,0,0,0,0,0,0,12876464128,5159665664,785917,314921,133163551,414,0,96,786432,452618522,811172,11,8303970545,12884901888,1951529,1321861842,0,0,0,0,0,0,0,0,0,0,0,0,0,0,0,0,0,0,45015212,144913277,0,468,1202,7661,620,90031044,35,0,0,0,0,0,0,0,1,0,0,0,0,0,0,0,0,0,0,54401732,0,133161125,2265046,0,0,0,0,0,0,0,0,16384,0,0,0,0,0,0,0,0,0,0,0,7499,408,0,0,0,0,0,136845799,0,191,0,17,408,7499,0,0,0,0,0,0,0,0,0,0,0,0,0,0,0,0,0,0,0,0,0,0,0,0,0,0,0,0,0,0,0,0,0,0,0,0,0,0,0,0,0,0,0,0,0,0,0,0,0,0,0,0,0,0,677432278,0,0,0,949589862,0,0,0,0,0,0,0,187491939,452654669,813660893,375591590912,152899206,1,0,0,0,0,0,0,0,0,0,0,0,0,0,0,0,0,0,0,0,0,0,0,0,0,0,0,0,0,0,0,1463,0,0,0,0,0,0,0
1782469667.769,0,0,0,0,0,0,0,1685044356,7415958620672,2642928782336,0,0,0,0,0,0,0,0,0,0,0,0,0,0,0,0,0,0,0,0,0,0,0,0,0,0,0,0,0,0,0,0,0,0,0,0,0,0,0,0,0,0,0,0,0,0,0,0,0,0,0,0,0,0,0,0,0,0,7,1933960,454720155,133896290,0,0,0,0,0,0,0,0,0,0,0,0,0,0,0,0,0,0,0,0,0,0,0,0,0,0,0,0,0,0,0,0,0,0,0,0,0,12877250560,5176705024,785965,315961,133195621,369,0,96,786432,452737434,811172,11,8305673958,12884901888,1953381,1322083524,0,0,0,0,0,0,0,0,0,0,0,0,0,0,0,0,0,0,45025244,144923309,0,468,1202,7661,620,90051106,35,0,0,0,0,0,0,0,1,0,0,0,0,0,0,0,0,0,0,54413092,0,133193195,2265489,0,0,0,0,0,0,0,0,16384,0,0,0,0,0,0,0,0,0,0,0,7500,408,0,0,0,0,0,136876326,0,191,0,17,408,7500,0,0,0,0,0,0,0,0,0,0,0,0,0,0,0,0,0,0,0,0,0,0,0,0,0,0,0,0,0,0,0,0,0,0,0,0,0,0,0,0,0,0,0,0,0,0,0,0,0,0,0,0,0,0,677578231,0,0,0,949760287,0,0,0,0,0,0,0,187511480,452773037,813840129,375667565056,152911413,1,1,0,0,0,0,0,0,0,0,0,0,0,0,0,0,0,0,0,0,0,0,0,0,0,0,0,0,0,0,0,889,0,0,0,0,0,0,0
1782469668.856,0,0,0,0,0,0,0,1685375113,7417879775744,2643547630592,0,0,0,0,0,0,0,0,0,0,0,0,0,0,0,0,0,0,0,0,0,0,0,0,0,0,0,0,0,0,0,0,0,0,0,0,0,0,0,0,0,0,0,0,0,0,0,0,0,0,0,0,0,0,0,0,0,0,7,1933995,454838366,133928871,0,0,0,0,0,0,0,0,0,0,0,0,0,0,0,0,0,0,0,0,0,0,0,0,0,0,0,0,0,0,0,0,0,0,0,0,0,12879691776,5186437120,786116,316554,133227559,222,0,99,786432,452855139,811172,11,8307342054,12884901888,1955295,1322300143,0,0,0,0,0,0,0,0,0,0,0,0,0,0,0,0,0,0,45035075,144933140,0,468,1202,7661,620,90070764,35,0,0,0,0,0,0,0,1,0,0,0,0,0,0,0,0,0,0,54424228,0,133225133,2265931,0,0,0,0,0,0,0,0,16384,0,0,0,0,0,0,0,0,0,0,0,7501,408,0,0,0,0,0,136906202,0,191,0,17,408,7501,0,0,0,0,0,0,0,0,0,0,0,0,0,0,0,0,0,0,0,0,0,0,0,0,0,0,0,0,0,0,0,0,0,0,0,0,0,0,0,0,0,0,0,0,0,0,0,0,0,0,0,0,0,0,677719626,0,0,0,949926621,0,0,0,0,0,0,0,187531704,452890170,814014805,375741302272,152923981,0,1,0,0,0,0,0,0,0,0,0,0,0,0,0,0,0,0,0,0,0,0,0,0,0,0,0,0,0,0,0,806,0,0,0,0,0,0,0
1782469669.944,0,0,0,0,0,0,0,1685701475,7419760839168,2644157674496,0,0,0,0,0,0,0,0,0,0,0,0,0,0,0,0,0,0,0,0,0,0,0,0,0,0,0,0,0,0,0,0,0,0,0,0,0,0,0,0,0,0,0,0,0,0,0,0,0,0,0,0,0,0,0,0,0,0,7,1934027,454954083,133960934,0,0,0,0,0,0,0,0,0,0,0,0,0,0,0,0,0,0,0,0,0,0,0,0,0,0,0,0,0,0,0,0,0,0,0,0,0,12879036416,5191680000,786074,316875,133258704,261,0,96,786432,452970336,811172,11,8308985358,12884901888,1957850,1322513445,0,0,0,0,0,0,0,0,0,0,0,0,0,0,0,0,0,0,45044758,144942822,0,468,1202,7661,620,90090122,35,0,0,0,0,0,0,0,1,0,0,0,0,0,0,0,0,0,0,54435189,0,133256278,2266356,0,0,0,0,0,0,0,0,16384,0,0,0,0,0,0,0,0,0,0,0,7502,408,0,0,0,0,0,136935657,0,191,0,17,408,7502,0,0,0,0,0,0,0,0,0,0,0,0,0,0,0,0,0,0,0,0,0,0,0,0,0,0,0,0,0,0,0,0,0,0,0,0,0,0,0,0,0,0,0,0,0,0,0,0,0,0,0,0,0,0,677859798,0,0,0,950090245,0,0,0,0,0,0,0,187551288,453004941,814187969,375814439936,152936408,1,0,0,0,0,0,0,0,0,0,0,0,0,0,0,0,0,0,0,0,0,0,0,0,0,0,0,0,0,0,0,1077,0,0,0,0,0,0,0
1782469671.034,0,0,0,0,0,0,0,1686033056,7421678389760,2644782322688,0,0,0,0,0,0,0,0,0,0,0,0,0,0,0,0,0,0,0,0,0,0,0,0,0,0,0,0,0,0,0,0,0,0,0,0,0,0,0,0,0,0,0,0,0,0,0,0,0,0,0,0,0,0,0,0,0,0,7,1934067,455072083,133993783,0,0,0,0,0,0,0,0,0,0,0,0,0,0,0,0,0,0,0,0,0,0,0,0,0,0,0,0,0,0,0,0,0,0,0,0,0,12876759040,5198348288,785934,317282,133291003,401,0,99,786432,453087778,811172,11,8310655394,12884901888,1959633,1322728192,0,0,0,0,0,0,0,0,0,0,0,0,0,0,0,0,0,0,45054601,144952664,0,468,1202,7661,620,90109812,35,0,0,0,0,0,0,0,1,0,0,0,0,0,0,0,0,0,0,54446348,0,133288577,2266788,0,0,0,0,0,0,0,0,16384,0,0,0,0,0,0,0,0,0,0,0,7503,408,0,0,0,0,0,136965593,0,191,0,17,408,7503,0,0,0,0,0,0,0,0,0,0,0,0,0,0,0,0,0,0,0,0,0,0,0,0,0,0,0,0,0,0,0,0,0,0,0,0,0,0,0,0,0,0,0,0,0,0,0,0,0,0,0,0,0,0,678003716,0,0,0,950256374,0,0,0,0,0,0,0,187571330,453121863,814365320,375889323008,152949054,0,0,0,0,0,0,0,0,0,0,0,0,0,0,0,0,0,0,0,0,0,0,0,0,0,0,0,0,0,0,0,1726,0,0,0,0,0,0,0
1782469672.122,0,0,0,0,0,0,0,1686364497,7423594367488,2645403330048,0,0,0,0,0,0,0,0,0,0,0,0,0,0,0,0,0,0,0,0,0,0,0,0,0,0,0,0,0,0,0,0,0,0,0,0,0,0,0,0,0,0,0,0,0,0,0,0,0,0,0,0,0,0,0,0,0,0,7,1934097,455189927,134026418,0,0,0,0,0,0,0,0,0,0,0,0,0,0,0,0,0,0,0,0,0,0,0,0,0,0,0,0,0,0,0,0,0,0,0,0,0,12878053376,5206179840,786014,317760,133322670,320,0,96,786432,453205105,811172,11,8312326139,12884901888,1962209,1322944373,0,0,0,0,0,0,0,0,0,0,0,0,0,0,0,0,0,0,45064457,144962521,0,468,1202,7661,620,90129524,35,0,0,0,0,0,0,0,1,0,0,0,0,0,0,0,0,0,0,54457501,0,133320244,2267221,0,0,0,0,0,0,0,0,16384,0,0,0,0,0,0,0,0,0,0,0,7504,408,0,0,0,0,0,136995527,0,191,0,17,408,7504,0,0,0,0,0,0,0,0,0,0,0,0,0,0,0,0,0,0,0,0,0,0,0,0,0,0,0,0,0,0,0,0,0,0,0,0,0,0,0,0,0,0,0,0,0,0,0,0,0,0,0,0,0,0,678146903,0,0,0,950423187,0,0,0,0,0,0,0,187591855,453238672,814542064,375963924480,152962112,1,1,0,0,0,0,0,0,0,0,0,0,0,0,0,0,0,0,0,0,0,0,0,0,0,0,0,0,0,0,0,1623,0,0,0,0,0,0,0
1782469673.211,0,0,0,0,0,0,0,1686673613,7425380960768,2645981571584,0,0,0,0,0,0,0,0,0,0,0,0,0,0,0,0,0,0,0,0,0,0,0,0,0,0,0,0,0,0,0,0,0,0,0,0,0,0,0,0,0,0,0,0,0,0,0,0,0,0,0,0,0,0,0,0,0,0,7,1934123,455299779,134056724,0,0,0,0,0,0,0,0,0,0,0,0,0,0,0,0,0,0,0,0,0,0,0,0,0,0,0,0,0,0,0,0,0,0,0,0,0,12880183296,5214339072,786143,318258,133352328,192,0,97,786432,453314497,811172,11,8313882673,12884901888,1964865,1323145613,0,0,0,0,0,0,0,0,0,0,0,0,0,0,0,0,0,0,45073617,144971683,0,468,1202,7661,620,90147846,35,0,0,0,0,0,0,0,1,0,0,0,0,0,0,0,0,0,0,54467873,0,133349902,2267617,0,0,0,0,0,0,0,0,16384,0,0,0,0,0,0,0,0,0,0,0,7505,408,0,0,0,0,0,137023405,0,191,0,17,408,7505,0,0,0,0,0,0,0,0,0,0,0,0,0,0,0,0,0,0,0,0,0,0,0,0,0,0,0,0,0,0,0,0,0,0,0,0,0,0,0,0,0,0,0,0,0,0,0,0,0,0,0,0,0,0,678283420,0,0,0,950578079,0,0,0,0,0,0,0,187607734,453347646,814709677,376034931200,152972383,1,0,0,0,0,0,0,0,0,0,0,0,0,0,0,0,0,0,0,0,0,0,0,0,0,0,0,0,0,0,0,1884,0,0,0,0,0,0,0
1782469674.299,0,0,0,0,0,0,0,1686980006,7427149269504,2646560555008,0,0,0,0,0,0,0,0,0,0,0,0,0,0,0,0,0,0,0,0,0,0,0,0,0,0,0,0,0,0,0,0,0,0,0,0,0,0,0,0,0,0,0,0,0,0,0,0,0,0,0,0,0,0,0,0,0,0,7,1934151,455408589,134087099,0,0,0,0,0,0,0,0,0,0,0,0,0,0,0,0,0,0,0,0,0,0,0,0,0,0,0,0,0,0,0,0,0,0,0,0,0,12880117760,5217386496,786140,318444,133382125,196,0,97,786432,453422818,811172,11,8315431009,12884901888,1966843,1323349416,0,0,0,0,0,0,0,0,0,0,0,0,0,0,0,0,0,0,45082712,144980777,0,468,1202,7661,620,90166050,35,0,0,0,0,0,0,0,1,0,0,0,0,0,0,0,0,0,0,54478177,0,133379699,2268012,0,0,0,0,0,0,0,0,16384,0,0,0,0,0,0,0,0,0,0,0,7506,408,0,0,0,0,0,137051054,0,191,0,17,408,7506,0,0,0,0,0,0,0,0,0,0,0,0,0,0,0,0,0,0,0,0,0,0,0,0,0,0,0,0,0,0,0,0,0,0,0,0,0,0,0,0,0,0,0,0,0,0,0,0,0,0,0,0,0,0,678420392,0,0,0,950733719,0,0,0,0,0,0,0,187625212,453455467,814877618,376106113024,152983863,1,1,0,0,0,0,0,0,0,0,0,0,0,0,0,0,0,0,0,0,0,0,0,0,0,0,0,0,0,0,0,327,0,0,0,0,0,0,0
1782469675.385,0,0,0,0,0,0,0,1687286070,7428916513280,2647137553408,0,0,0,0,0,0,0,0,0,0,0,0,0,0,0,0,0,0,0,0,0,0,0,0,0,0,0,0,0,0,0,0,0,0,0,0,0,0,0,0,0,0,0,0,0,0,0,0,0,0,0,0,0,0,0,0,0,0,7,1934177,455517316,134117376,0,0,0,0,0,0,0,0,0,0,0,0,0,0,0,0,0,0,0,0,0,0,0,0,0,0,0,0,0,0,0,0,0,0,0,0,0,12878413824,5222023168,786036,318727,133410471,298,0,96,786432,453531098,811172,11,8316970914,12884901888,1972884,1323548533,0,0,0,0,0,0,0,0,0,0,0,0,0,0,0,0,0,0,45091787,144989853,0,468,1202,7661,620,90184190,35,0,0,0,0,0,0,0,1,0,0,0,0,0,0,0,0,0,0,54488433,0,133408045,2268387,0,0,0,0,0,0,0,0,16384,0,0,0,0,0,0,0,0,0,0,0,7507,408,0,0,0,0,0,137078640,0,191,0,17,408,7507,0,0,0,0,0,0,0,0,0,0,0,0,0,0,0,0,0,0,0,0,0,0,0,0,0,0,0,0,0,0,0,0,0,0,0,0,0,0,0,0,0,0,0,0,0,0,0,0,0,0,0,0,0,0,678555277,0,0,0,950887032,0,0,0,0,0,0,0,187645469,453563239,815044696,376176346112,152996876,1,0,0,0,0,0,0,0,0,0,0,0,0,0,0,0,0,0,0,0,0,0,0,0,0,0,0,0,0,0,0,699,0,0,0,0,0,0,0
1782469676.473,0,0,0,0,0,0,0,1687608027,7430785452544,2647768343552,0,0,0,0,0,0,0,0,0,0,0,0,0,0,0,0,0,0,0,0,0,0,0,0,0,0,0,0,0,0,0,0,0,0,0,0,0,0,0,0,0,0,0,0,0,0,0,0,0,0,0,0,0,0,0,0,0,0,7,1934211,455632255,134150774,0,0,0,0,0,0,0,0,0,0,0,0,0,0,0,0,0,0,0,0,0,0,0,0,0,0,0,0,0,0,0,0,0,0,0,0,0,12882034688,5203787776,786257,317614,133441330,75,0,98,786432,453645511,811172,11,8318589428,12884901888,1975932,1323754917,0,0,0,0,0,0,0,0,0,0,0,0,0,0,0,0,0,0,45101351,144999415,0,468,1202,7661,620,90203320,35,0,0,0,0,0,0,0,1,0,0,0,0,0,0,0,0,0,0,54499247,0,133440440,2268810,0,0,0,0,0,0,0,0,16384,0,0,0,0,0,0,0,0,0,0,0,7508,408,0,0,0,0,0,137107717,0,191,0,17,408,7508,0,0,0,0,0,0,0,0,0,0,0,0,0,0,0,0,0,0,0,0,0,0,0,0,0,0,0,0,0,0,0,0,0,0,0,0,0,0,0,0,0,0,0,0,0,0,0,0,0,0,0,0,0,0,678694034,0,0,0,951047626,0,0,0,0,0,0,0,187665308,453677163,815217930,376248668672,153009456,1,1,0,0,0,0,0,0,0,0,0,0,0,0,0,0,0,0,0,0,0,0,0,0,0,0,0,0,0,0,0,1986,0,0,0,0,0,0,0
1782469677.557,0,0,0,0,0,0,0,1687929167,7432638908928,2648411369472,0,0,0,0,0,0,0,0,0,0,0,0,0,0,0,0,0,0,0,0,0,0,0,0,0,0,0,0,0,0,0,0,0,0,0,0,0,0,0,0,0,0,0,0,0,0,0,0,0,0,0,0,0,0,0,0,0,0,7,1934234,455746365,134184871,0,0,0,0,0,0,0,0,0,0,0,0,0,0,0,0,0,0,0,0,0,0,0,0,0,0,0,0,0,0,0,0,0,0,0,0,0,12881985536,5170298880,786254,315570,133471995,64,0,114,786432,453759174,811172,11,8320211772,12884901888,1979246,1323969145,0,0,0,0,0,0,0,0,0,0,0,0,0,0,0,0,0,0,45110890,145008956,0,468,1202,7661,620,90222394,35,0,0,0,0,0,0,0,1,0,0,0,0,0,0,0,0,0,0,54510042,0,133473207,2269246,0,0,0,0,0,0,0,0,16384,0,0,0,0,0,0,0,0,0,0,0,7510,408,0,0,0,0,0,137136709,0,191,0,17,408,7510,0,0,0,0,0,0,0,0,0,0,0,0,0,0,0,0,0,0,0,0,0,0,0,0,0,0,0,0,0,0,0,0,0,0,0,0,0,0,0,0,0,0,0,0,0,0,0,0,0,0,0,0,0,0,678833841,0,0,0,951210695,0,0,0,0,0,0,0,187684799,453790143,815392919,376321399808,153021756,1,0,0,0,0,0,0,0,0,0,0,0,0,0,0,0,0,0,0,0,0,0,0,0,0,0,0,0,0,0,0,397,0,0,0,0,0,0,0
1782469678.640,0,0,0,0,0,0,0,1688252382,7434497247744,2649020314112,0,0,0,0,0,0,0,0,0,0,0,0,0,0,0,0,0,0,0,0,0,0,0,0,0,0,0,0,0,0,0,0,0,0,0,0,0,0,0,0,0,0,0,0,0,0,0,0,0,0,0,0,0,0,0,0,0,0,7,1934272,455860652,134216978,0,0,0,0,0,0,0,0,0,0,0,0,0,0,0,0,0,0,0,0,0,0,0,0,0,0,0,0,0,0,0,0,0,0,0,0,0,12881002496,5170855936,786193,315604,133507060,141,0,97,786432,453872946,811172,11,8321836004,12884901888,1981744,1324176601,0,0,0,0,0,0,0,0,0,0,0,0,0,0,0,0,0,0,45120480,145018546,0,468,1202,7661,620,90241578,35,0,0,0,0,0,0,0,1,0,0,0,0,0,0,0,0,0,0,54520891,0,133504634,2269665,0,0,0,0,0,0,0,0,16384,0,0,0,0,0,0,0,0,0,0,0,7511,408,0,0,0,0,0,137165829,0,191,0,17,408,7511,0,0,0,0,0,0,0,0,0,0,0,0,0,0,0,0,0,0,0,0,0,0,0,0,0,0,0,0,0,0,0,0,0,0,0,0,0,0,0,0,0,0,0,0,0,0,0,0,0,0,0,0,0,0,678972682,0,0,0,951371516,0,0,0,0,0,0,0,187704722,453903421,815564815,376393800704,153034422,1,1,0,0,0,0,0,0,0,0,0,0,0,0,0,0,0,0,0,0,0,0,0,0,0,0,0,0,0,0,0,2118,0,0,0,0,0,0,0
1782469679.725,0,0,0,0,0,0,0,1688579437,7436388174336,2649635257856,0,0,0,0,0,0,0,0,0,0,0,0,0,0,0,0,0,0,0,0,0,0,0,0,0,0,0,0,0,0,0,0,0,0,0,0,0,0,0,0,0,0,0,0,0,0,0,0,0,0,0,0,0,0,0,0,0,0,7,1934293,455976936,134249284,0,0,0,0,0,0,0,0,0,0,0,0,0,0,0,0,0,0,0,0,0,0,0,0,0,0,0,0,0,0,0,0,0,0,0,0,0,12874645504,5174132736,785806,315804,133538474,525,0,98,786432,453988714,811172,11,8323487152,12884901888,1984223,1324392655,0,0,0,0,0,0,0,0,0,0,0,0,0,0,0,0,0,0,45130194,145028262,0,468,1202,7661,620,90261012,35,0,0,0,0,0,0,0,1,0,0,0,0,0,0,0,0,0,0,54531892,0,133536048,2270092,0,0,0,0,0,0,0,0,16384,0,0,0,0,0,0,0,0,0,0,0,7512,408,0,0,0,0,0,137195382,0,191,0,17,408,7512,0,0,0,0,0,0,0,0,0,0,0,0,0,0,0,0,0,0,0,0,0,0,0,0,0,0,0,0,0,0,0,0,0,0,0,0,0,0,0,0,0,0,0,0,0,0,0,0,0,0,0,0,0,0,679113720,0,0,0,951536787,0,0,0,0,0,0,0,187724355,454018662,815739093,376467212288,153046735,1,0,0,0,0,0,0,0,0,0,0,0,0,0,0,0,0,0,0,0,0,0,0,0,0,0,0,0,0,0,0,1151,0,0,0,0,0,0,0
1782469680.813,0,0,0,0,0,0,0,1688910045,7438298515968,2650251757056,0,0,0,0,0,0,0,0,0,0,0,0,0,0,0,0,0,0,0,0,0,0,0,0,0,0,0,0,0,0,0,0,0,0,0,0,0,0,0,0,0,0,0,0,0,0,0,0,0,0,0,0,0,0,0,0,0,0,7,1934321,456094516,134281710,0,0,0,0,0,0,0,0,0,0,0,0,0,0,0,0,0,0,0,0,0,0,0,0,0,0,0,0,0,0,0,0,0,0,0,0,0,12879118336,5180489728,786079,316192,133569950,223,0,129,786432,454105787,811172,11,8325151352,12884901888,1986749,1324607282,0,0,0,0,0,0,0,0,0,0,0,0,0,0,0,0,0,0,45140005,145038075,0,468,1202,7661,620,90280629,35,0,0,0,0,0,0,0,1,0,0,0,0,0,0,0,0,0,0,54543008,0,133567603,2270515,0,0,0,0,0,0,0,0,16384,0,0,0,0,0,0,0,0,0,0,0,7513,408,0,0,0,0,0,137225210,0,191,0,17,408,7513,0,0,0,0,0,0,0,0,0,0,0,0,0,0,0,0,0,0,0,0,0,0,0,0,0,0,0,0,0,0,0,0,0,0,0,0,0,0,0,0,0,0,0,0,0,0,0,0,0,0,0,0,0,0,679255752,0,0,0,951702448,0,0,0,0,0,0,0,187744373,454135125,815914453,376541270528,153059649,1,0,0,0,0,0,0,0,0,0,0,0,0,0,0,0,0,0,0,0,0,0,0,0,0,0,0,0,0,0,0,1768,0,0,0,0,0,0,0
1782469681.902,0,0,0,0,0,0,0,1689240396,7440206580224,2650866555904,0,0,0,0,0,0,0,0,0,0,0,0,0,0,0,0,0,0,0,0,0,0,0,0,0,0,0,0,0,0,0,0,0,0,0,0,0,0,0,0,0,0,0,0,0,0,0,0,0,0,0,0,0,0,0,0,0,0,7,1934348,456211872,134314013,0,0,0,0,0,0,0,0,0,0,0,0,0,0,0,0,0,0,0,0,0,0,0,0,0,0,0,0,0,0,0,0,0,0,0,0,0,12880543744,5190254592,786166,316788,133601342,169,0,96,786432,454222627,811172,11,8326817492,12884901888,1989122,1324824044,0,0,0,0,0,0,0,0,0,0,0,0,0,0,0,0,0,0,45149802,145047869,0,468,1202,7661,620,90300232,35,0,0,0,0,0,0,0,1,0,0,0,0,0,0,0,0,0,0,54554091,0,133598916,2270951,0,0,0,0,0,0,0,0,16384,0,0,0,0,0,0,0,0,0,0,0,7514,408,0,0,0,0,0,137254989,0,191,0,17,408,7514,0,0,0,0,0,0,0,0,0,0,0,0,0,0,0,0,0,0,0,0,0,0,0,0,0,0,0,0,0,0,0,0,0,0,0,0,0,0,0,0,0,0,0,0,0,0,0,0,0,0,0,0,0,0,679397371,0,0,0,951868695,0,0,0,0,0,0,0,187764816,454251469,816089262,376615131136,153072784,1,1,0,0,0,0,0,0,0,0,0,0,0,0,0,0,0,0,0,0,0,0,0,0,0,0,0,0,0,0,0,1509,0,0,0,0,0,0,0
1782469682.991,0,0,0,0,0,0,0,1689538217,7441933912576,2651435638784,0,0,0,0,0,0,0,0,0,0,0,0,0,0,0,0,0,0,0,0,0,0,0,0,0,0,0,0,0,0,0,0,0,0,0,0,0,0,0,0,0,0,0,0,0,0,0,0,0,0,0,0,0,0,0,0,0,0,7,1934380,456318089,134343799,0,0,0,0,0,0,0,0,0,0,0,0,0,0,0,0,0,0,0,0,0,0,0,0,0,0,0,0,0,0,0,0,0,0,0,0,0,12881657856,5187436544,786235,316616,133630300,102,0,100,786432,454328396,811172,11,8328320591,12884901888,1992090,1325021063,0,0,0,0,0,0,0,0,0,0,0,0,0,0,0,0,0,0,45158637,145056703,0,468,1202,7661,620,90317898,35,0,0,0,0,0,0,0,1,0,0,0,0,0,0,0,0,0,0,54564098,0,133627943,2271336,0,0,0,0,0,0,0,0,16384,0,0,0,0,0,0,0,0,0,0,0,7515,408,0,0,0,0,0,137281857,0,191,0,17,408,7515,0,0,0,0,0,0,0,0,0,0,0,0,0,0,0,0,0,0,0,0,0,0,0,0,0,0,0,0,0,0,0,0,0,0,0,0,0,0,0,0,0,0,0,0,0,0,0,0,0,0,0,0,0,0,679533922,0,0,0,952019215,0,0,0,0,0,0,0,187779553,454356808,816256520,376686144512,153082205,1,0,0,0,0,0,0,0,0,0,0,0,0,0,0,0,0,0,0,0,0,0,0,0,0,0,0,0,0,0,0,509,0,0,0,0,0,0,0
1782469684.076,0,0,0,0,0,0,0,1689833655,7443637881344,2651995668992,0,0,0,0,0,0,0,0,0,0,0,0,0,0,0,0,0,0,0,0,0,0,0,0,0,0,0,0,0,0,0,0,0,0,0,0,0,0,0,0,0,0,0,0,0,0,0,0,0,0,0,0,0,0,0,0,0,0,7,1934417,456422868,134373160,0,0,0,0,0,0,0,0,0,0,0,0,0,0,0,0,0,0,0,0,0,0,0,0,0,0,0,0,0,0,0,0,0,0,0,0,0,12878069760,5187649536,786016,316629,133658385,320,0,97,786432,454432711,811172,11,8329802976,12884901888,1995993,1325210344,0,0,0,0,0,0,0,0,0,0,0,0,0,0,0,0,0,0,45167383,145065450,0,468,1202,7661,620,90335386,35,0,0,0,0,0,0,0,1,0,0,0,0,0,0,0,0,0,0,54574007,0,133655959,2271707,0,0,0,0,0,0,0,0,16384,0,0,0,0,0,0,0,0,0,0,0,7516,408,0,0,0,0,0,137308462,0,191,0,17,408,7516,0,0,0,0,0,0,0,0,0,0,0,0,0,0,0,0,0,0,0,0,0,0,0,0,0,0,0,0,0,0,0,0,0,0,0,0,0,0,0,0,0,0,0,0,0,0,0,0,0,0,0,0,0,0,679665844,0,0,0,952166006,0,0,0,0,0,0,0,187797748,454460725,816419183,376754831872,153094380,1,0,0,0,0,0,0,0,0,0,0,0,0,0,0,0,0,0,0,0,0,0,0,0,0,0,0,0,0,0,0,1976,0,0,0,0,0,0,0
1782469685.167,0,0,0,0,0,0,0,1690160057,7445520960000,2652602964480,0,0,0,0,0,0,0,0,0,0,0,0,0,0,0,0,0,0,0,0,0,0,0,0,0,0,0,0,0,0,0,0,0,0,0,0,0,0,0,0,0,0,0,0,0,0,0,0,0,0,0,0,0,0,0,0,0,0,7,1934439,456538686,134404984,0,0,0,0,0,0,0,0,0,0,0,0,0,0,0,0,0,0,0,0,0,0,0,0,0,0,0,0,0,0,0,0,0,0,0,0,0,12876578816,5200478208,785924,317413,133689360,412,0,96,786432,454548043,811172,11,8331448565,12884901888,1998175,1325424159,0,0,0,0,0,0,0,0,0,0,0,0,0,0,0,0,0,0,45177069,145075136,0,468,1202,7661,620,90354760,35,0,0,0,0,0,0,0,1,0,0,0,0,0,0,0,0,0,0,54584966,0,133686934,2272132,0,0,0,0,0,0,0,0,16384,0,0,0,0,0,0,0,0,0,0,0,7517,408,0,0,0,0,0,137337918,0,191,0,17,408,7517,0,0,0,0,0,0,0,0,0,0,0,0,0,0,0,0,0,0,0,0,0,0,0,0,0,0,0,0,0,0,0,0,0,0,0,0,0,0,0,0,0,0,0,0,0,0,0,0,0,0,0,0,0,0,679807524,0,0,0,952330334,0,0,0,0,0,0,0,187817989,454575553,816593580,376828695552,153107408,1,0,0,0,0,0,0,0,0,0,0,0,0,0,0,0,0,0,0,0,0,0,0,0,0,0,0,0,0,0,0,1545,0,0,0,0,0,0,0
1782469686.253,0,0,0,0,0,0,0,1690486627,7447410772480,2653218220544,0,0,0,0,0,0,0,0,0,0,0,0,0,0,0,0,0,0,0,0,0,0,0,0,0,0,0,0,0,0,0,0,0,0,0,0,0,0,0,0,0,0,0,0,0,0,0,0,0,0,0,0,0,0,0,0,0,0,7,1934475,456655040,134437377,0,0,0,0,0,0,0,0,0,0,0,0,0,0,0,0,0,0,0,0,0,0,0,0,0,0,0,0,0,0,0,0,0,0,0,0,0,12880183296,5205049344,786144,317691,133720922,192,0,96,786432,454663876,811172,11,8333095168,12884901888,2000733,1325638079,0,0,0,0,0,0,0,0,0,0,0,0,0,0,0,0,0,0,45186777,145084845,0,468,1202,7661,620,90374173,35,0,0,0,0,0,0,0,1,0,0,0,0,0,0,0,0,0,0,54595957,0,133718496,2272560,0,0,0,0,0,0,0,0,16384,0,0,0,0,0,0,0,0,0,0,0,7518,408,0,0,0,0,0,137367377,0,191,0,17,408,7518,0,0,0,0,0,0,0,0,0,0,0,0,0,0,0,0,0,0,0,0,0,0,0,0,0,0,0,0,0,0,0,0,0,0,0,0,0,0,0,0,0,0,0,0,0,0,0,0,0,0,0,0,0,0,679948436,0,0,0,952494758,0,0,0,0,0,0,0,187838448,454690817,816767744,376902279680,153120360,1,1,0,0,0,0,0,0,0,0,0,0,0,0,0,0,0,0,0,0,0,0,0,0,0,0,0,0,0,0,0,1390,0,0,0,0,0,0,0
1782469687.346,0,0,0,0,0,0,0,1690820326,7449339283968,2653845236224,0,0,0,0,0,0,0,0,0,0,0,0,0,0,0,0,0,0,0,0,0,0,0,0,0,0,0,0,0,0,0,0,0,0,0,0,0,0,0,0,0,0,0,0,0,0,0,0,0,0,0,0,0,0,0,0,0,0,7,1934511,456773700,134470362,0,0,0,0,0,0,0,0,0,0,0,0,0,0,0,0,0,0,0,0,0,0,0,0,0,0,0,0,0,0,0,0,0,0,0,0,0,12879790080,5210161152,786121,318003,133753275,214,0,96,786432,454782043,811172,11,8334775641,12884901888,2002440,1325855222,0,0,0,0,0,0,0,0,0,0,0,0,0,0,0,0,0,0,45196687,145094755,0,468,1202,7661,620,90393987,35,0,0,0,0,0,0,0,1,0,0,0,0,0,0,0,0,0,0,54607183,0,133750849,2273003,0,0,0,0,0,0,0,0,16384,0,0,0,0,0,0,0,0,0,0,0,7519,408,0,0,0,0,0,137397498,0,191,0,17,408,7519,0,0,0,0,0,0,0,0,0,0,0,0,0,0,0,0,0,0,0,0,0,0,0,0,0,0,0,0,0,0,0,0,0,0,0,0,0,0,0,0,0,0,0,0,0,0,0,0,0,0,0,0,0,0,680092083,0,0,0,952662369,0,0,0,0,0,0,0,187857960,454808494,816945018,376977140736,153132557,1,0,0,0,0,0,0,0,0,0,0,0,0,0,0,0,0,0,0,0,0,0,0,0,0,0,0,0,0,0,0,1568,0,0,0,0,0,0,0
1782469688.436,0,0,0,0,0,0,0,1691145770,7451221953024,2654463058944,0,0,0,0,0,0,0,0,0,0,0,0,0,0,0,0,0,0,0,0,0,0,0,0,0,0,0,0,0,0,0,0,0,0,0,0,0,0,0,0,0,0,0,0,0,0,0,0,0,0,0,0,0,0,0,0,0,0,7,1934542,456889566,134502856,0,0,0,0,0,0,0,0,0,0,0,0,0,0,0,0,0,0,0,0,0,0,0,0,0,0,0,0,0,0,0,0,0,0,0,0,0,12882493440,5209374720,786284,317955,133784322,49,0,102,786432,454897412,811172,11,8336420268,12884901888,2004601,1326070538,0,0,0,0,0,0,0,0,0,0,0,0,0,0,0,0,0,0,45206369,145104438,0,468,1202,7661,620,90413342,35,0,0,0,0,0,0,0,1,0,0,0,0,0,0,0,0,0,0,54618151,0,133782408,2273429,0,0,0,0,0,0,0,0,16384,0,0,0,0,0,0,0,0,0,0,0,7521,409,0,0,0,0,0,137426921,0,191,0,17,409,7521,0,0,0,0,1,0,0,0,0,0,0,0,0,0,0,0,0,0,0,0,0,0,0,0,0,0,0,0,0,0,0,0,0,0,0,0,0,0,0,0,0,0,0,0,0,0,0,0,0,0,0,0,0,0,680234163,0,0,0,952827194,0,0,0,0,0,0,0,187877420,454923377,817120372,377051063296,153144964,1,0,0,0,0,0,0,0,0,0,0,0,0,0,0,0,0,0,0,0,0,0,0,0,0,0,0,0,0,0,0,372,0,0,0,0,0,0,0
1782469689.523,0,0,0,0,0,0,0,1691458195,7453018360320,2655096304128,0,0,0,0,0,0,0,0,0,0,0,0,0,0,0,0,0,0,0,0,0,0,0,0,0,0,0,0,0,0,0,0,0,0,0,0,0,0,0,0,0,0,0,0,0,0,0,0,0,0,0,0,0,0,0,0,0,0,7,1934579,457000086,134536460,0,0,0,0,0,0,0,0,0,0,0,0,0,0,0,0,0,0,0,0,0,0,0,0,0,0,0,0,0,0,0,0,0,0,0,0,0,12881510400,5166481408,786225,315337,133814049,106,0,97,786432,455007467,811172,11,8337989370,12884901888,2008426,1326269575,0,0,0,0,0,0,0,0,0,0,0,0,0,0,0,0,0,0,45215649,145113714,0,468,1202,7661,620,90431919,35,0,0,0,0,0,0,0,1,0,0,0,0,0,0,0,0,0,0,54628644,0,133814823,2273862,0,0,0,0,0,0,0,0,16384,0,0,0,0,0,0,0,0,0,0,0,7522,409,0,0,0,0,0,137455116,0,191,0,17,409,7522,0,0,0,0,0,0,0,0,0,0,0,0,0,0,0,0,0,0,0,0,0,0,0,0,0,0,0,0,0,0,0,0,0,0,0,0,0,0,0,0,0,0,0,0,0,0,0,0,0,0,0,0,0,0,680369103,0,0,0,952982643,0,0,0,0,0,0,0,187896884,455032961,817290108,377121338880,153157121,1,1,0,0,0,0,0,0,0,0,0,0,0,0,0,0,0,0,0,0,0,0,0,0,0,0,0,0,0,0,0,2043,0,0,0,0,0,0,0
1782469690.604,0,0,0,0,0,0,0,1691786688,7454915627520,2655725353984,0,0,0,0,0,0,0,0,0,0,0,0,0,0,0,0,0,0,0,0,0,0,0,0,0,0,0,0,0,0,0,0,0,0,0,0,0,0,0,0,0,0,0,0,0,0,0,0,0,0,0,0,0,0,0,0,0,0,7,1934600,457116806,134569824,0,0,0,0,0,0,0,0,0,0,0,0,0,0,0,0,0,0,0,0,0,0,0,0,0,0,0,0,0,0,0,0,0,0,0,0,0,12878512128,5156225024,786042,314711,133850179,293,0,97,786432,455123674,811172,11,8339645714,12884901888,2010551,1326484948,0,0,0,0,0,0,0,0,0,0,0,0,0,0,0,0,0,0,45225391,145123457,0,468,1202,7661,620,90451390,35,0,0,0,0,0,0,0,1,0,0,0,0,0,0,0,0,0,0,54639669,0,133847753,2274312,0,0,0,0,0,0,0,0,16384,0,0,0,0,0,0,0,0,0,0,0,7523,409,0,0,0,0,0,137484686,0,191,0,17,409,7523,0,0,0,0,0,0,0,0,0,0,0,0,0,0,0,0,0,0,0,0,0,0,0,0,0,0,0,0,0,0,0,0,0,0,0,0,0,0,0,0,0,0,0,0,0,0,0,0,0,0,0,0,0,0,680508723,0,0,0,953148150,0,0,0,0,0,0,0,187916687,455148660,817463788,377194098688,153169619,1,0,0,0,0,0,0,0,0,0,0,0,0,0,0,0,0,0,0,0,0,0,0,0,0,0,0,0,0,0,0,1566,0,0,0,0,0,0,0
1782469691.689,0,0,0,0,0,0,0,1692117414,7456830654976,2656340611072,0,0,0,0,0,0,0,0,0,0,0,0,0,0,0,0,0,0,0,0,0,0,0,0,0,0,0,0,0,0,0,0,0,0,0,0,0,0,0,0,0,0,0,0,0,0,0,0,0,0,0,0,0,0,0,0,0,0,7,1934633,457234601,134602222,0,0,0,0,0,0,0,0,0,0,0,0,0,0,0,0,0,0,0,0,0,0,0,0,0,0,0,0,0,0,0,0,0,0,0,0,0,12878643200,5167038464,786050,315371,133881880,288,0,97,786432,455240943,811172,11,8341312561,12884901888,2012618,1326699973,0,0,0,0,0,0,0,0,0,0,0,0,0,0,0,0,0,0,45235204,145133271,0,468,1202,7661,620,90471027,35,0,0,0,0,0,0,0,1,0,0,0,0,0,0,0,0,0,0,54650793,0,133879454,2274744,0,0,0,0,0,0,0,0,16384,0,0,0,0,0,0,0,0,0,0,0,7524,409,0,0,0,0,0,137514533,0,191,0,17,409,7524,0,0,0,0,0,0,0,0,0,0,0,0,0,0,0,0,0,0,0,0,0,0,0,0,0,0,0,0,0,0,0,0,0,0,0,0,0,0,0,0,0,0,0,0,0,0,0,0,0,0,0,0,0,0,680648377,0,0,0,953314133,0,0,0,0,0,0,0,187936354,455265365,817636533,377266987520,153182081,1,1,0,0,0,0,0,0,0,0,0,0,0,0,0,0,0,0,0,0,0,0,0,0,0,0,0,0,0,0,0,1850,0,0,0,0,0,0,0
1782469692.773,0,0,0,0,0,0,0,1692404279,7458483882496,2656888534016,0,0,0,0,0,0,0,0,0,0,0,0,0,0,0,0,0,0,0,0,0,0,0,0,0,0,0,0,0,0,0,0,0,0,0,0,0,0,0,0,0,0,0,0,0,0,0,0,0,0,0,0,0,0,0,0,0,0,7,1934664,457336291,134630814,0,0,0,0,0,0,0,0,0,0,0,0,0,0,0,0,0,0,0,0,0,0,0,0,0,0,0,0,0,0,0,0,0,0,0,0,0,12875988992,5164269568,785888,315202,133909678,447,0,96,786432,455342175,811172,11,8342760267,12884901888,2015067,1326890803,0,0,0,0,0,0,0,0,0,0,0,0,0,0,0,0,0,0,45243698,145141765,0,468,1202,7661,620,90488022,35,0,0,0,0,0,0,0,1,0,0,0,0,0,0,0,0,0,0,54660410,0,133907252,2275117,0,0,0,0,0,0,0,0,16384,0,0,0,0,0,0,0,0,0,0,0,7525,409,0,0,0,0,0,137540357,0,191,0,17,409,7525,0,0,0,0,0,0,0,0,0,0,0,0,0,0,0,0,0,0,0,0,0,0,0,0,0,0,0,0,0,0,0,0,0,0,0,0,0,0,0,0,0,0,0,0,0,0,0,0,0,0,0,0,0,0,680779598,0,0,0,953459303,0,0,0,0,0,0,0,187949202,455366236,817797201,377335389696,153189802,1,1,0,0,0,0,0,0,0,0,0,0,0,0,0,0,0,0,0,0,0,0,0,0,0,0,0,0,0,0,0,590,0,0,0,0,0,0,0
1782469693.859,0,0,0,0,0,0,0,1692724857,7460327229952,2657483267072,0,0,0,0,0,0,0,0,0,0,0,0,0,0,0,0,0,0,0,0,0,0,0,0,0,0,0,0,0,0,0,0,0,0,0,0,0,0,0,0,0,0,0,0,0,0,0,0,0,0,0,0,0,0,0,0,0,0,7,1934694,457449732,134662147,0,0,0,0,0,0,0,0,0,0,0,0,0,0,0,0,0,0,0,0,0,0,0,0,0,0,0,0,0,0,0,0,0,0,0,0,0,12874481664,5176377344,785796,315941,133940255,540,0,96,786432,455455132,811172,11,8344371743,12884901888,2017319,1327098232,0,0,0,0,0,0,0,0,0,0,0,0,0,0,0,0,0,0,45253228,145151297,0,468,1202,7661,620,90507071,35,0,0,0,0,0,0,0,1,0,0,0,0,0,0,0,0,0,0,54671201,0,133937829,2275535,0,0,0,0,0,0,0,0,16384,0,0,0,0,0,0,0,0,0,0,0,7526,409,0,0,0,0,0,137569344,0,191,0,17,409,7526,0,0,0,0,0,0,0,0,0,0,0,0,0,0,0,0,0,0,0,0,0,0,0,0,0,0,0,0,0,0,0,0,0,0,0,0,0,0,0,0,0,0,0,0,0,0,0,0,0,0,0,0,0,0,680915433,0,0,0,953619737,0,0,0,0,0,0,0,187968131,455478719,817965159,377406286848,153202067,0,0,0,0,0,0,0,0,0,0,0,0,0,0,0,0,0,0,0,0,0,0,0,0,0,0,0,0,0,0,0,1624,0,0,0,0,0,0,0
1782469694.945,0,0,0,0,0,0,0,1693057234,7462248090112,2658096995840,0,0,0,0,0,0,0,0,0,0,0,0,0,0,0,0,0,0,0,0,0,0,0,0,0,0,0,0,0,0,0,0,0,0,0,0,0,0,0,0,0,0,0,0,0,0,0,0,0,0,0,0,0,0,0,0,0,0,7,1934728,457567875,134694608,0,0,0,0,0,0,0,0,0,0,0,0,0,0,0,0,0,0,0,0,0,0,0,0,0,0,0,0,0,0,0,0,0,0,0,0,0,12876562432,5190008832,785923,316774,133971493,413,0,97,786432,455572709,811172,11,8346044817,12884901888,2020325,1327313766,0,0,0,0,0,0,0,0,0,0,0,0,0,0,0,0,0,0,45263076,145161144,0,468,1202,7661,620,90526765,35,0,0,0,0,0,0,0,1,0,0,0,0,0,0,0,0,0,0,54682341,0,133969067,2275974,0,0,0,0,0,0,0,0,16384,0,0,0,0,0,0,0,0,0,0,0,7527,409,0,0,0,0,0,137599287,0,191,0,17,409,7527,0,0,0,0,0,0,0,0,0,0,0,0,0,0,0,0,0,0,0,0,0,0,0,0,0,0,0,0,0,0,0,0,0,0,0,0,0,0,0,0,0,0,0,0,0,0,0,0,0,0,0,0,0,0,681051860,0,0,0,953786079,0,0,0,0,0,0,0,187987970,455595860,818135282,377477542912,153214083,1,0,0,0,0,0,0,0,0,0,0,0,0,0,0,0,0,0,0,0,0,0,0,0,0,0,0,0,0,0,0,1984,0,0,0,0,0,0,0
1782469696.035,0,0,0,0,0,0,0,1693389904,7464160430592,2658717490688,0,0,0,0,0,0,0,0,0,0,0,0,0,0,0,0,0,0,0,0,0,0,0,0,0,0,0,0,0,0,0,0,0,0,0,0,0,0,0,0,0,0,0,0,0,0,0,0,0,0,0,0,0,0,0,0,0,0,7,1934772,457685537,134727300,0,0,0,0,0,0,0,0,0,0,0,0,0,0,0,0,0,0,0,0,0,0,0,0,0,0,0,0,0,0,0,0,0,0,0,0,0,12877529088,5196136448,785981,317147,134003336,354,0,98,786432,455689848,811172,11,8347723953,12884901888,2022266,1327533225,0,0,0,0,0,0,0,0,0,0,0,0,0,0,0,0,0,0,45272967,145171034,0,468,1202,7661,620,90546562,35,0,0,0,0,0,0,0,1,0,0,0,0,0,0,0,0,0,0,54693561,0,134000910,2276406,0,0,0,0,0,0,0,0,16384,0,0,0,0,0,0,0,0,0,0,0,7529,409,0,0,0,0,0,137629324,0,191,0,17,409,7529,0,0,0,0,0,0,0,0,0,0,0,0,0,0,0,0,0,0,0,0,0,0,0,0,0,0,0,0,0,0,0,0,0,0,0,0,0,0,0,0,0,0,0,0,0,0,0,0,0,0,0,0,0,0,681192490,0,0,0,953954567,0,0,0,0,0,0,0,188007693,455712503,818309401,377551063040,153226303,1,0,0,0,0,0,0,0,0,0,0,0,0,0,0,0,0,0,0,0,0,0,0,0,0,0,0,0,0,0,0,899,0,0,0,0,0,0,0
1782469697.123,0,0,0,0,0,0,0,1693721570,7466080897536,2659336913408,0,0,0,0,0,0,0,0,0,0,0,0,0,0,0,0,0,0,0,0,0,0,0,0,0,0,0,0,0,0,0,0,0,0,0,0,0,0,0,0,0,0,0,0,0,0,0,0,0,0,0,0,0,0,0,0,0,0,7,1934811,457803624,134759915,0,0,0,0,0,0,0,0,0,0,0,0,0,0,0,0,0,0,0,0,0,0,0,0,0,0,0,0,0,0,0,0,0,0,0,0,0,12878987264,5198430208,786071,317287,134035292,262,0,99,786432,455807420,811172,11,8349397522,12884901888,2024544,1327750223,0,0,0,0,0,0,0,0,0,0,0,0,0,0,0,0,0,0,45282820,145180879,0,468,1202,7661,620,90566269,35,0,0,0,0,0,0,0,1,0,0,0,0,0,0,0,0,0,0,54704714,0,134032866,2276849,0,0,0,0,0,0,0,0,16384,0,0,0,0,0,0,0,0,0,0,0,7530,409,0,0,0,0,0,137659243,0,191,0,17,409,7530,0,0,0,0,0,0,0,0,0,0,0,0,0,0,0,0,0,0,0,0,0,0,0,0,0,0,0,0,0,0,0,0,0,0,0,0,0,0,0,0,0,0,0,0,0,0,0,0,0,0,0,0,0,0,681332926,0,0,0,954121591,0,0,0,0,0,0,0,188027577,455829487,818483273,377624501248,153238645,1,0,0,0,0,0,0,0,0,0,0,0,0,0,0,0,0,0,0,0,0,0,0,0,0,0,0,0,0,0,0,641,0,0,0,0,0,0,0
1782469698.212,0,0,0,0,0,0,0,1694045686,7467955751424,2659940603904,0,0,0,0,0,0,0,0,0,0,0,0,0,0,0,0,0,0,0,0,0,0,0,0,0,0,0,0,0,0,0,0,0,0,0,0,0,0,0,0,0,0,0,0,0,0,0,0,0,0,0,0,0,0,0,0,0,0,7,1934844,457918988,134791656,0,0,0,0,0,0,0,0,0,0,0,0,0,0,0,0,0,0,0,0,0,0,0,0,0,0,0,0,0,0,0,0,0,0,0,0,0,12878364672,5207769088,786033,317857,134066052,301,0,96,786432,455922287,811172,11,8351032186,12884901888,2027308,1327961993,0,0,0,0,0,0,0,0,0,0,0,0,0,0,0,0,0,0,45292449,145190516,0,468,1202,7661,620,90585520,35,0,0,0,0,0,0,0,1,0,0,0,0,0,0,0,0,0,0,54715623,0,134063626,2277274,0,0,0,0,0,0,0,0,16384,0,0,0,0,0,0,0,0,0,0,0,7532,410,0,0,0,0,0,137688501,0,193,0,17,410,7532,0,0,0,0,1,0,0,0,0,0,0,0,0,0,0,0,0,0,0,0,0,0,0,0,0,0,0,0,0,0,0,0,0,0,0,0,0,0,0,0,0,0,0,0,0,0,0,0,0,0,0,0,0,0,681471038,0,0,0,954284801,0,0,0,0,0,0,0,188048233,455943798,818654170,377696593408,153252010,1,0,0,0,0,0,0,0,0,0,0,0,0,0,0,0,0,0,0,0,0,0,0,0,0,0,0,0,0,0,0,405,0,0,0,0,0,0,0
1782469699.301,0,0,0,0,0,0,0,1694369338,7469822888448,2660542135808,0,0,0,0,0,0,0,0,0,0,0,0,0,0,0,0,0,0,0,0,0,0,0,0,0,0,0,0,0,0,0,0,0,0,0,0,0,0,0,0,0,0,0,0,0,0,0,0,0,0,0,0,0,0,0,0,0,0,7,1934876,458033980,134823364,0,0,0,0,0,0,0,0,0,0,0,0,0,0,0,0,0,0,0,0,0,0,0,0,0,0,0,0,0,0,0,0,0,0,0,0,0,12877611008,5217304576,785987,318439,134096793,349,0,97,786432,456036767,811172,11,8352664064,12884901888,2030017,1328173127,0,0,0,0,0,0,0,0,0,0,0,0,0,0,0,0,0,0,45302060,145200125,0,468,1202,7661,620,90604743,35,0,0,0,0,0,0,0,1,0,0,0,0,0,0,0,0,0,0,54726504,0,134094367,2277693,0,0,0,0,0,0,0,0,16384,0,0,0,0,0,0,0,0,0,0,0,7533,410,0,0,0,0,0,137717700,0,193,0,17,410,7533,0,0,0,0,0,0,0,0,0,0,0,0,0,0,0,0,0,0,0,0,0,0,0,0,0,0,0,0,0,0,0,0,0,0,0,0,0,0,0,0,0,0,0,0,0,0,0,0,0,0,0,0,0,0,681606516,0,0,0,954447599,0,0,0,0,0,0,0,188068060,456057727,818822377,377767437824,153264552,1,0,0,0,0,0,0,0,0,0,0,0,0,0,0,0,0,0,0,0,0,0,0,0,0,0,0,0,0,0,0,432,0,0,0,0,0,0,0
1782469700.387,0,0,0,0,0,0,0,1694705564,7471769815552,2661165307392,0,0,0,0,0,0,0,0,0,0,0,0,0,0,0,0,0,0,0,0,0,0,0,0,0,0,0,0,0,0,0,0,0,0,0,0,0,0,0,0,0,0,0,0,0,0,0,0,0,0,0,0,0,0,0,0,0,0,7,1934905,458153725,134856144,0,0,0,0,0,0,0,0,0,0,0,0,0,0,0,0,0,0,0,0,0,0,0,0,0,0,0,0,0,0,0,0,0,0,0,0,0,12876087296,5230952448,785892,319272,134128993,442,0,97,786432,456155957,811172,11,8354359993,12884901888,2031702,1328393031,0,0,0,0,0,0,0,0,0,0,0,0,0,0,0,0,0,0,45312045,145210111,0,468,1202,7661,620,90624709,35,0,0,0,0,0,0,0,1,0,0,0,0,0,0,0,0,0,0,54737807,0,134126567,2278139,0,0,0,0,0,0,0,0,16384,0,0,0,0,0,0,0,0,0,0,0,7534,410,0,0,0,0,0,137748061,0,193,0,17,410,7534,0,0,0,0,0,0,0,0,0,0,0,0,0,0,0,0,0,0,0,0,0,0,0,0,0,0,0,0,0,0,0,0,0,0,0,0,0,0,0,0,0,0,0,0,0,0,0,0,0,0,0,0,0,0,681748255,0,0,0,954616751,0,0,0,0,0,0,0,188088318,456176471,818997515,377841304576,153277268,1,1,0,0,0,0,0,0,0,0,0,0,0,0,0,0,0,0,0,0,0,0,0,0,0,0,0,0,0,0,0,368,0,0,0,0,0,0,0
1782469701.478,0,0,0,0,0,0,0,1695024198,7473615735296,2661774775808,0,0,0,0,0,0,0,0,0,0,0,0,0,0,0,0,0,0,0,0,0,0,0,0,0,0,0,0,0,0,0,0,0,0,0,0,0,0,0,0,0,0,0,0,0,0,0,0,0,0,0,0,0,0,0,0,0,0,7,1934935,458267311,134888138,0,0,0,0,0,0,0,0,0,0,0,0,0,0,0,0,0,0,0,0,0,0,0,0,0,0,0,0,0,0,0,0,0,0,0,0,0,12880740352,5229936640,786177,319210,134159009,158,0,97,786432,456269042,811172,11,8355963865,12884901888,2034783,1328598021,0,0,0,0,0,0,0,0,0,0,0,0,0,0,0,0,0,0,45321537,145219599,0,468,1202,7661,620,90643688,35,0,0,0,0,0,0,0,1,0,0,0,0,0,0,0,0,0,0,54748546,0,134157351,2278559,0,0,0,0,0,0,0,0,16384,0,0,0,0,0,0,0,0,0,0,0,7535,410,0,0,0,0,0,137776862,0,193,0,17,410,7535,0,0,0,0,0,0,0,0,0,0,0,0,0,0,0,0,0,0,0,0,0,0,0,0,0,0,0,0,0,0,0,0,0,0,0,0,0,0,0,0,0,0,0,0,0,0,0,0,0,0,0,0,0,0,681883771,0,0,0,954776003,0,0,0,0,0,0,0,188108117,456288975,819166201,377911933952,153289871,1,0,0,0,0,0,0,0,0,0,0,0,0,0,0,0,0,0,0,0,0,0,0,0,0,0,0,0,0,0,0,1421,0,0,0,0,0,0,0
1782469702.560,0,0,0,0,0,0,0,1695301228,7475210750464,2662358414848,0,0,0,0,0,0,0,0,0,0,0,0,0,0,0,0,0,0,0,0,0,0,0,0,0,0,0,0,0,0,0,0,0,0,0,0,0,0,0,0,0,0,0,0,0,0,0,0,0,0,0,0,0,0,0,0,0,0,7,1934975,458365344,134919129,0,0,0,0,0,0,0,0,0,0,0,0,0,0,0,0,0,0,0,0,0,0,0,0,0,0,0,0,0,0,0,0,0,0,0,0,0,12877447168,5170872320,785977,315605,134186334,359,0,96,786432,456366608,811172,11,8357358002,12884901888,2036749,1328779629,0,0,0,0,0,0,0,0,0,0,0,0,0,0,0,0,0,0,45329720,145227784,0,468,1202,7661,620,90660073,35,0,0,0,0,0,0,0,1,0,0,0,0,0,0,0,0,0,0,54757818,0,134187748,2278938,0,0,0,0,0,0,0,0,16384,0,0,0,0,0,0,0,0,0,0,0,7536,410,0,0,0,0,0,137801756,0,193,0,17,410,7536,0,0,0,0,0,0,0,0,0,0,0,0,0,0,0,0,0,0,0,0,0,0,0,0,0,0,0,0,0,0,0,0,0,0,0,0,0,0,0,0,0,0,0,0,0,0,0,0,0,0,0,0,0,0,682014303,0,0,0,954915397,0,0,0,0,0,0,0,188118627,456386352,819328437,377979718656,153295427,1,0,0,0,0,0,0,0,0,0,0,0,0,0,0,0,0,0,0,0,0,0,0,0,0,0,0,0,0,0,0,936,0,0,0,0,0,0,0
1782469703.640,0,0,0,0,0,0,0,1695625708,7477083179520,2662971230208,0,0,0,0,0,0,0,0,0,0,0,0,0,0,0,0,0,0,0,0,0,0,0,0,0,0,0,0,0,0,0,0,0,0,0,0,0,0,0,0,0,0,0,0,0,0,0,0,0,0,0,0,0,0,0,0,0,0,7,1935012,458480575,134951606,0,0,0,0,0,0,0,0,0,0,0,0,0,0,0,0,0,0,0,0,0,0,0,0,0,0,0,0,0,0,0,0,0,0,0,0,0,12877938688,5165088768,786007,315252,134221605,294,0,131,786432,456481332,811172,11,8358989762,12884901888,2040065,1328988601,0,0,0,0,0,0,0,0,0,0,0,0,0,0,0,0,0,0,45339346,145237409,0,468,1202,7661,620,90679325,35,0,0,0,0,0,0,0,1,0,0,0,0,0,0,0,0,0,0,54768709,0,134219179,2279361,0,0,0,0,0,0,0,0,16384,0,0,0,0,0,0,0,0,0,0,0,7537,410,0,0,0,0,0,137830998,0,193,0,17,410,7537,0,0,0,0,0,0,0,0,0,0,0,0,0,0,0,0,0,0,0,0,0,0,0,0,0,0,0,0,0,0,0,0,0,0,0,0,0,0,0,0,0,0,0,0,0,0,0,0,0,0,0,0,0,0,682153487,0,0,0,955077431,0,0,0,0,0,0,0,188138491,456500504,819501222,378052454400,153307984,1,0,0,0,0,0,0,0,0,0,0,0,0,0,0,0,0,0,0,0,0,0,0,0,0,0,0,0,0,0,0,2173,0,0,0,0,0,0,0
1782469704.721,0,0,0,0,0,0,0,1695960959,7479025060352,2663590439424,0,0,0,0,0,0,0,0,0,0,0,0,0,0,0,0,0,0,0,0,0,0,0,0,0,0,0,0,0,0,0,0,0,0,0,0,0,0,0,0,0,0,0,0,0,0,0,0,0,0,0,0,0,0,0,0,0,0,7,1935043,458600032,134984204,0,0,0,0,0,0,0,0,0,0,0,0,0,0,0,0,0,0,0,0,0,0,0,0,0,0,0,0,0,0,0,0,0,0,0,0,0,12882214912,5179883520,786266,316155,134253490,68,0,98,786432,456600232,811172,11,8360679206,12884901888,2041818,1329207562,0,0,0,0,0,0,0,0,0,0,0,0,0,0,0,0,0,0,45349311,145247374,0,468,1202,7661,620,90699245,35,0,0,0,0,0,0,0,1,0,0,0,0,0,0,0,0,0,0,54780008,0,134251064,2279801,0,0,0,0,0,0,0,0,16384,0,0,0,0,0,0,0,0,0,0,0,7538,410,0,0,0,0,0,137861303,0,193,0,17,410,7538,0,0,0,0,0,0,0,0,0,0,0,0,0,0,0,0,0,0,0,0,0,0,0,0,0,0,0,0,0,0,0,0,0,0,0,0,0,0,0,0,0,0,0,0,0,0,0,0,0,0,0,0,0,0,682293155,0,0,0,955246336,0,0,0,0,0,0,0,188157932,456618922,819674123,378125569536,153320217,1,0,0,0,0,0,0,0,0,0,0,0,0,0,0,0,0,0,0,0,0,0,0,0,0,0,0,0,0,0,0,1922,0,0,0,0,0,0,0
1782469705.812,0,0,0,0,0,0,0,1696291436,7480933992960,2664203392512,0,0,0,0,0,0,0,0,0,0,0,0,0,0,0,0,0,0,0,0,0,0,0,0,0,0,0,0,0,0,0,0,0,0,0,0,0,0,0,0,0,0,0,0,0,0,0,0,0,0,0,0,0,0,0,0,0,0,7,1935080,458717399,135016423,0,0,0,0,0,0,0,0,0,0,0,0,0,0,0,0,0,0,0,0,0,0,0,0,0,0,0,0,0,0,0,0,0,0,0,0,0,12878118912,5191958528,786018,316892,134284864,318,0,96,786432,456717075,811172,11,8362346001,12884901888,2044781,1329424985,0,0,0,0,0,0,0,0,0,0,0,0,0,0,0,0,0,0,45359116,145257180,0,468,1202,7661,620,90718855,35,0,0,0,0,0,0,0,1,0,0,0,0,0,0,0,0,0,0,54791101,0,134282438,2280234,0,0,0,0,0,0,0,0,16384,0,0,0,0,0,0,0,0,0,0,0,7539,410,0,0,0,0,0,137891099,0,193,0,17,410,7539,0,0,0,0,0,0,0,0,0,0,0,0,0,0,0,0,0,0,0,0,0,0,0,0,0,0,0,0,0,0,0,0,0,0,0,0,0,0,0,0,0,0,0,0,0,0,0,0,0,0,0,0,0,0,682433784,0,0,0,955412957,0,0,0,0,0,0,0,188177985,456735248,819847952,378198971392,153332822,1,1,0,0,0,0,0,0,0,0,0,0,0,0,0,0,0,0,0,0,0,0,0,0,0,0,0,0,0,0,0,1363,0,0,0,0,0,0,0
1782469706.899,0,0,0,0,0,0,0,1696620470,7482837060096,2664814434816,0,0,0,0,0,0,0,0,0,0,0,0,0,0,0,0,0,0,0,0,0,0,0,0,0,0,0,0,0,0,0,0,0,0,0,0,0,0,0,0,0,0,0,0,0,0,0,0,0,0,0,0,0,0,0,0,0,0,7,1935113,458834494,135048587,0,0,0,0,0,0,0,0,0,0,0,0,0,0,0,0,0,0,0,0,0,0,0,0,0,0,0,0,0,0,0,0,0,0,0,0,0,12876972032,5203968000,785948,317626,134316135,388,0,96,786432,456833622,811172,11,8364007163,12884901888,2046924,1329641110,0,0,0,0,0,0,0,0,0,0,0,0,0,0,0,0,0,0,45368912,145266979,0,468,1202,7661,620,90738444,35,0,0,0,0,0,0,0,1,0,0,0,0,0,0,0,0,0,0,54802197,0,134313724,2280674,0,0,0,0,0,0,0,0,16384,0,0,0,0,0,0,0,0,0,0,0,7540,410,0,0,0,0,0,137920904,0,193,0,17,410,7540,0,0,0,0,0,0,0,0,0,0,0,0,0,0,0,0,0,0,0,0,0,0,0,0,0,0,0,0,0,0,0,0,0,0,0,0,0,0,0,0,0,0,0,0,0,0,0,0,0,0,0,0,0,0,682571903,0,0,0,955579100,0,0,0,0,0,0,0,188198310,456851259,820019115,378271157248,153345720,1,0,0,0,0,0,0,0,0,0,0,0,0,0,0,0,0,0,0,0,0,0,0,0,0,0,0,0,0,0,0,702,0,0,0,0,0,0,0
1782469707.989,0,0,0,0,0,0,0,1696950671,7484739799552,2665431035904,0,0,0,0,0,0,0,0,0,0,0,0,0,0,0,0,0,0,0,0,0,0,0,0,0,0,0,0,0,0,0,0,0,0,0,0,0,0,0,0,0,0,0,0,0,0,0,0,0,0,0,0,0,0,0,0,0,0,7,1935151,458951524,135081023,0,0,0,0,0,0,0,0,0,0,0,0,0,0,0,0,0,0,0,0,0,0,0,0,0,0,0,0,0,0,0,0,0,0,0,0,0,12874809344,5211308032,785816,318073,134347779,520,0,96,786432,456950123,811172,11,8365671838,12884901888,2049421,1329857713,0,0,0,0,0,0,0,0,0,0,0,0,0,0,0,0,0,0,45378694,145276757,0,468,1202,7661,620,90758018,35,0,0,0,0,0,0,0,1,0,0,0,0,0,0,0,0,0,0,54813269,0,134345353,2281110,0,0,0,0,0,0,0,0,16384,0,0,0,0,0,0,0,0,0,0,0,7542,410,0,0,0,0,0,137950641,0,193,0,17,410,7542,0,0,0,0,0,0,0,0,0,0,0,0,0,0,0,0,0,0,0,0,0,0,0,0,0,0,0,0,0,0,0,0,0,0,0,0,0,0,0,0,0,0,0,0,0,0,0,0,0,0,0,0,0,0,682712635,0,0,0,955745344,0,0,0,0,0,0,0,188218930,456967330,820193193,378344648192,153358821,0,0,0,0,0,0,0,0,0,0,0,0,0,0,0,0,0,0,0,0,0,0,0,0,0,0,0,0,0,0,0,289,0,0,0,0,0,0,0
1782469709.080,0,0,0,0,0,0,0,1697276666,7486626220544,2666043819520,0,0,0,0,0,0,0,0,0,0,0,0,0,0,0,0,0,0,0,0,0,0,0,0,0,0,0,0,0,0,0,0,0,0,0,0,0,0,0,0,0,0,0,0,0,0,0,0,0,0,0,0,0,0,0,0,0,0,7,1935182,459067569,135113291,0,0,0,0,0,0,0,0,0,0,0,0,0,0,0,0,0,0,0,0,0,0,0,0,0,0,0,0,0,0,0,0,0,0,0,0,0,12879364096,5214814208,786093,318287,134379123,239,0,99,786432,457065660,811172,11,8367313958,12884901888,2052130,1330069884,0,0,0,0,0,0,0,0,0,0,0,0,0,0,0,0,0,0,45388381,145286449,0,468,1202,7661,620,90777379,35,0,0,0,0,0,0,0,1,0,0,0,0,0,0,0,0,0,0,54824248,0,134376697,2281526,0,0,0,0,0,0,0,0,16384,0,0,0,0,0,0,0,0,0,0,0,7543,410,0,0,0,0,0,137980117,0,193,0,17,410,7543,0,0,0,0,0,0,0,0,0,0,0,0,0,0,0,0,0,0,0,0,0,0,0,0,0,0,0,0,0,0,0,0,0,0,0,0,0,0,0,0,0,0,0,0,0,0,0,0,0,0,0,0,0,0,682851213,0,0,0,955909166,0,0,0,0,0,0,0,188238964,457082414,820364955,378416886784,153371615,1,0,0,0,0,0,0,0,0,0,0,0,0,0,0,0,0,0,0,0,0,0,0,0,0,0,0,0,0,0,0,410,0,0,0,0,0,0,0
1782469710.171,0,0,0,0,0,0,0,1697607019,7488533760512,2666659129344,0,0,0,0,0,0,0,0,0,0,0,0,0,0,0,0,0,0,0,0,0,0,0,0,0,0,0,0,0,0,0,0,0,0,0,0,0,0,0,0,0,0,0,0,0,0,0,0,0,0,0,0,0,0,0,0,0,0,7,1935222,459184942,135145654,0,0,0,0,0,0,0,0,0,0,0,0,0,0,0,0,0,0,0,0,0,0,0,0,0,0,0,0,0,0,0,0,0,0,0,0,0,12879036416,5223579648,786074,318822,134410795,242,0,114,786432,457182520,811172,11,8368978109,12884901888,2054215,1330284265,0,0,0,0,0,0,0,0,0,0,0,0,0,0,0,0,0,0,45398217,145296283,0,468,1202,7661,620,90797057,35,0,0,0,0,0,0,0,1,0,0,0,0,0,0,0,0,0,0,54835384,0,134408369,2281949,0,0,0,0,0,0,0,0,16384,0,0,0,0,0,0,0,0,0,0,0,7544,410,0,0,0,0,0,138009989,0,193,0,17,410,7544,0,0,0,0,0,0,0,0,0,0,0,0,0,0,0,0,0,0,0,0,0,0,0,0,0,0,0,0,0,0,0,0,0,0,0,0,0,0,0,0,0,0,0,0,0,0,0,0,0,0,0,0,0,0,682992329,0,0,0,956075219,0,0,0,0,0,0,0,188258740,457198639,820539193,378490541056,153384378,1,0,0,0,0,0,0,0,0,0,0,0,0,0,0,0,0,0,0,0,0,0,0,0,0,0,0,0,0,0,0,745,0,0,0,0,0,0,0
1782469711.260,0,0,0,0,0,0,0,1697913698,7490293484032,2667236841984,0,0,0,0,0,0,0,0,0,0,0,0,0,0,0,0,0,0,0,0,0,0,0,0,0,0,0,0,0,0,0,0,0,0,0,0,0,0,0,0,0,0,0,0,0,0,0,0,0,0,0,0,0,0,0,0,0,0,7,1935257,459293126,135175919,0,0,0,0,0,0,0,0,0,0,0,0,0,0,0,0,0,0,0,0,0,0,0,0,0,0,0,0,0,0,0,0,0,0,0,0,0,12879855616,5227020288,786124,319032,134440076,210,0,97,786432,457290240,811172,11,8370522592,12884901888,2057289,1330484535,0,0,0,0,0,0,0,0,0,0,0,0,0,0,0,0,0,0,45407308,145305373,0,468,1202,7661,620,90815238,35,0,0,0,0,0,0,0,1,0,0,0,0,0,0,0,0,0,0,54845671,0,134437650,2282343,0,0,0,0,0,0,0,0,16384,0,0,0,0,0,0,0,0,0,0,0,7545,410,0,0,0,0,0,138037620,0,193,0,17,410,7545,0,0,0,0,0,0,0,0,0,0,0,0,0,0,0,0,0,0,0,0,0,0,0,0,0,0,0,0,0,0,0,0,0,0,0,0,0,0,0,0,0,0,0,0,0,0,0,0,0,0,0,0,0,0,683129547,0,0,0,956229558,0,0,0,0,0,0,0,188275736,457305923,820707694,378562029056,153395333,1,0,0,0,0,0,0,0,0,0,0,0,0,0,0,0,0,0,0,0,0,0,0,0,0,0,0,0,0,0,0,504,0,0,0,0,0,0,0
1782469712.344,0,0,0,0,0,0,0,1698214345,7492029565440,2667810383872,0,0,0,0,0,0,0,0,0,0,0,0,0,0,0,0,0,0,0,0,0,0,0,0,0,0,0,0,0,0,0,0,0,0,0,0,0,0,0,0,0,0,0,0,0,0,0,0,0,0,0,0,0,0,0,0,0,0,7,1935290,459399908,135205949,0,0,0,0,0,0,0,0,0,0,0,0,0,0,0,0,0,0,0,0,0,0,0,0,0,0,0,0,0,0,0,0,0,0,0,0,0,12878823424,5225660416,786061,318949,134468957,272,0,97,786432,457396516,811172,11,8372035348,12884901888,2060229,1330679733,0,0,0,0,0,0,0,0,0,0,0,0,0,0,0,0,0,0,45416221,145314282,0,468,1202,7661,620,90833071,35,0,0,0,0,0,0,0,1,0,0,0,0,0,0,0,0,0,0,54855775,0,134466531,2282715,0,0,0,0,0,0,0,0,16384,0,0,0,0,0,0,0,0,0,0,0,7546,410,0,0,0,0,0,138064735,0,193,0,17,410,7546,0,0,0,0,0,0,0,0,0,0,0,0,0,0,0,0,0,0,0,0,0,0,0,0,0,0,0,0,0,0,0,0,0,0,0,0,0,0,0,0,0,0,0,0,0,0,0,0,0,0,0,0,0,0,683266395,0,0,0,956380084,0,0,0,0,0,0,0,188290079,457411791,820875719,378633184768,153404252,1,0,0,0,0,0,0,0,0,0,0,0,0,0,0,0,0,0,0,0,0,0,0,0,0,0,0,0,0,0,0,811,0,0,0,0,0,0,0
1782469713.433,0,0,0,0,0,0,0,1698541592,7493923293696,2668432818176,0,0,0,0,0,0,0,0,0,0,0,0,0,0,0,0,0,0,0,0,0,0,0,0,0,0,0,0,0,0,0,0,0,0,0,0,0,0,0,0,0,0,0,0,0,0,0,0,0,0,0,0,0,0,0,0,0,0,7,1935330,459516430,135238697,0,0,0,0,0,0,0,0,0,0,0,0,0,0,0,0,0,0,0,0,0,0,0,0,0,0,0,0,0,0,0,0,0,0,0,0,0,12877987840,5223612416,786010,318824,134500512,325,0,97,786432,457512503,811172,11,8373685985,12884901888,2062056,1330894003,0,0,0,0,0,0,0,0,0,0,0,0,0,0,0,0,0,0,45425940,145324005,0,468,1202,7661,620,90852501,35,0,0,0,0,0,0,0,1,0,0,0,0,0,0,0,0,0,0,54866782,0,134498598,2283143,0,0,0,0,0,0,0,0,16384,0,0,0,0,0,0,0,0,0,0,0,7547,410,0,0,0,0,0,138094271,0,193,0,17,410,7547,0,0,0,0,0,0,0,0,0,0,0,0,0,0,0,0,0,0,0,0,0,0,0,0,0,0,0,0,0,0,0,0,0,0,0,0,0,0,0,0,0,0,0,0,0,0,0,0,0,0,0,0,0,0,683408198,0,0,0,956544661,0,0,0,0,0,0,0,188309779,457527280,821050941,378707335168,153416754,1,0,0,0,0,0,0,0,0,0,0,0,0,0,0,0,0,0,0,0,0,0,0,0,0,0,0,0,0,0,0,857,0,0,0,0,0,0,0
1782469714.519,0,0,0,0,0,0,0,1698866839,7495810714112,2669074012160,0,0,0,0,0,0,0,0,0,0,0,0,0,0,0,0,0,0,0,0,0,0,0,0,0,0,0,0,0,0,0,0,0,0,0,0,0,0,0,0,0,0,0,0,0,0,0,0,0,0,0,0,0,0,0,0,0,0,7,1935371,459632556,135272541,0,0,0,0,0,0,0,0,0,0,0,0,0,0,0,0,0,0,0,0,0,0,0,0,0,0,0,0,0,0,0,0,0,0,0,0,0,12883230720,5200412672,786330,317408,134531609,1,0,100,786432,457628090,811172,11,8375325724,12884901888,2064575,1331106324,0,0,0,0,0,0,0,0,0,0,0,0,0,0,0,0,0,0,45435618,145333683,0,468,1202,7661,620,90871853,35,0,0,0,0,0,0,0,1,0,0,0,0,0,0,0,0,0,0,54877725,0,134531487,2283585,0,0,0,0,0,0,0,0,16384,0,0,0,0,0,0,0,0,0,0,0,7548,410,0,0,0,0,0,138123705,0,193,0,17,410,7548,0,0,0,0,0,0,0,0,0,0,0,0,0,0,0,0,0,0,0,0,0,0,0,0,0,0,0,0,0,0,0,0,0,0,0,0,0,0,0,0,0,0,0,0,0,0,0,0,0,0,0,0,0,0,683547576,0,0,0,956708117,0,0,0,0,0,0,0,188328941,457642366,821225031,378780252160,153428668,1,0,0,0,0,0,0,0,0,0,0,0,0,0,0,0,0,0,0,0,0,0,0,0,0,0,0,0,0,0,0,997,0,0,0,0,0,0,0
1782469715.603,0,0,0,0,0,0,0,1699190899,7497682831872,2669712089600,0,0,0,0,0,0,0,0,0,0,0,0,0,0,0,0,0,0,0,0,0,0,0,0,0,0,0,0,0,0,0,0,0,0,0,0,0,0,0,0,0,0,0,0,0,0,0,0,0,0,0,0,0,0,0,0,0,0,7,1935399,459747725,135306570,0,0,0,0,0,0,0,0,0,0,0,0,0,0,0,0,0,0,0,0,0,0,0,0,0,0,0,0,0,0,0,0,0,0,0,0,0,12875350016,5169954816,785849,315549,134567353,488,0,96,786432,457742767,811172,11,8376954106,12884901888,2066922,1331313798,0,0,0,0,0,0,0,0,0,0,0,0,0,0,0,0,0,0,45445237,145343301,0,468,1202,7661,620,90891090,35,0,0,0,0,0,0,0,1,0,0,0,0,0,0,0,0,0,0,54888612,0,134564927,2284022,0,0,0,0,0,0,0,0,16384,0,0,0,0,0,0,0,0,0,0,0,7549,410,0,0,0,0,0,138152902,0,193,0,17,410,7549,0,0,0,0,0,0,0,0,0,0,0,0,0,0,0,0,0,0,0,0,0,0,0,0,0,0,0,0,0,0,0,0,0,0,0,0,0,0,0,0,0,0,0,0,0,0,0,0,0,0,0,0,0,0,683685707,0,0,0,956869627,0,0,0,0,0,0,0,188348331,457756512,821398037,378852172800,153440788,1,0,0,0,0,0,0,0,0,0,0,0,0,0,0,0,0,0,0,0,0,0,0,0,0,0,0,0,0,0,0,2439,0,0,0,0,0,0,0
1782469716.686,0,0,0,0,0,0,0,1699524993,7499613506048,2670330926592,0,0,0,0,0,0,0,0,0,0,0,0,0,0,0,0,0,0,0,0,0,0,0,0,0,0,0,0,0,0,0,0,0,0,0,0,0,0,0,0,0,0,0,0,0,0,0,0,0,0,0,0,0,0,0,0,0,0,7,1935439,459866472,135339001,0,0,0,0,0,0,0,0,0,0,0,0,0,0,0,0,0,0,0,0,0,0,0,0,0,0,0,0,0,0,0,0,0,0,0,0,0,12877873152,5181997056,786003,316284,134599123,334,0,97,786432,457860982,811172,11,8378645221,12884901888,2068688,1331537124,0,0,0,0,0,0,0,0,0,0,0,0,0,0,0,0,0,0,45455146,145353207,0,468,1202,7661,620,90910926,35,0,0,0,0,0,0,0,1,0,0,0,0,0,0,0,0,0,0,54899837,0,134596767,2284465,0,0,0,0,0,0,0,0,16384,0,0,0,0,0,0,0,0,0,0,0,7550,410,0,0,0,0,0,138183053,0,193,0,17,410,7550,0,0,0,0,0,0,0,0,0,0,0,0,0,0,0,0,0,0,0,0,0,0,0,0,0,0,0,0,0,0,0,0,0,0,0,0,0,0,0,0,0,0,0,0,0,0,0,0,0,0,0,0,0,0,683830020,0,0,0,957039670,0,0,0,0,0,0,0,188368517,457874163,821575423,378927418880,153453552,1,0,0,0,0,0,0,0,0,0,0,0,0,0,0,0,0,0,0,0,0,0,0,0,0,0,0,0,0,0,0,319,0,0,0,0,0,0,0
1782469717.776,0,0,0,0,0,0,0,1699853465,7501511428608,2670942891008,0,0,0,0,0,0,0,0,0,0,0,0,0,0,0,0,0,0,0,0,0,0,0,0,0,0,0,0,0,0,0,0,0,0,0,0,0,0,0,0,0,0,0,0,0,0,0,0,0,0,0,0,0,0,0,0,0,0,7,1935484,459983220,135371166,0,0,0,0,0,0,0,0,0,0,0,0,0,0,0,0,0,0,0,0,0,0,0,0,0,0,0,0,0,0,0,0,0,0,0,0,0,12878086144,5189746688,786016,316757,134630422,312,0,102,786432,457977195,811172,11,8380297411,12884901888,2071177,1331748712,0,0,0,0,0,0,0,0,0,0,0,0,0,0,0,0,0,0,45464898,145362961,0,468,1202,7661,620,90930427,35,0,0,0,0,0,0,0,1,0,0,0,0,0,0,0,0,0,0,54910872,0,134627996,2284889,0,0,0,0,0,0,0,0,16384,0,0,0,0,0,0,0,0,0,0,0,7551,410,0,0,0,0,0,138212727,0,193,0,17,410,7551,0,0,0,0,0,0,0,0,0,0,0,0,0,0,0,0,0,0,0,0,0,0,0,0,0,0,0,0,0,0,0,0,0,0,0,0,0,0,0,0,0,0,0,0,0,0,0,0,0,0,0,0,0,0,683970904,0,0,0,957203749,0,0,0,0,0,0,0,188388696,457989902,821749404,379001032192,153466290,1,0,0,0,0,0,0,0,0,0,0,0,0,0,0,0,0,0,0,0,0,0,0,0,0,0,0,0,0,0,0,1471,0,0,0,0,0,0,0
1782469718.865,0,0,0,0,0,0,0,1700183907,7503415855616,2671556386816,0,0,0,0,0,0,0,0,0,0,0,0,0,0,0,0,0,0,0,0,0,0,0,0,0,0,0,0,0,0,0,0,0,0,0,0,0,0,0,0,0,0,0,0,0,0,0,0,0,0,0,0,0,0,0,0,0,0,7,1935510,460100425,135403350,0,0,0,0,0,0,0,0,0,0,0,0,0,0,0,0,0,0,0,0,0,0,0,0,0,0,0,0,0,0,0,0,0,0,0,0,0,12879478784,5201756160,786101,317490,134662037,232,0,97,786432,458093897,811172,11,8381962507,12884901888,2072909,1331963805,0,0,0,0,0,0,0,0,0,0,0,0,0,0,0,0,0,0,45474717,145372779,0,468,1202,7661,620,90950059,35,0,0,0,0,0,0,0,1,0,0,0,0,0,0,0,0,0,0,54921992,0,134659611,2285326,0,0,0,0,0,0,0,0,16384,0,0,0,0,0,0,0,0,0,0,0,7552,410,0,0,0,0,0,138242591,0,193,0,17,410,7552,0,0,0,0,0,0,0,0,0,0,0,0,0,0,0,0,0,0,0,0,0,0,0,0,0,0,0,0,0,0,0,0,0,0,0,0,0,0,0,0,0,0,0,0,0,0,0,0,0,0,0,0,0,0,684113532,0,0,0,957369770,0,0,0,0,0,0,0,188408595,458106057,821924872,379075368448,153478823,1,0,0,0,0,0,0,0,0,0,0,0,0,0,0,0,0,0,0,0,0,0,0,0,0,0,0,0,0,0,0,1699,0,0,0,0,0,0,0
1782469719.955,0,0,0,0,0,0,0,1700494186,7505211607552,2672145229312,0,0,0,0,0,0,0,0,0,0,0,0,0,0,0,0,0,0,0,0,0,0,0,0,0,0,0,0,0,0,0,0,0,0,0,0,0,0,0,0,0,0,0,0,0,0,0,0,0,0,0,0,0,0,0,0,0,0,7,1935541,460210851,135434262,0,0,0,0,0,0,0,0,0,0,0,0,0,0,0,0,0,0,0,0,0,0,0,0,0,0,0,0,0,0,0,0,0,0,0,0,0,12876496896,5200494592,785919,317412,134691981,416,0,98,786432,458203841,811172,11,8383529340,12884901888,2075978,1332168894,0,0,0,0,0,0,0,0,0,0,0,0,0,0,0,0,0,0,45483940,145382003,0,468,1202,7661,620,90968496,35,0,0,0,0,0,0,0,1,0,0,0,0,0,0,0,0,0,0,54932441,0,134689555,2285724,0,0,0,0,0,0,0,0,16384,0,0,0,0,0,0,0,0,0,0,0,7553,410,0,0,0,0,0,138270606,0,193,0,17,410,7553,0,0,0,0,0,0,0,0,0,0,0,0,0,0,0,0,0,0,0,0,0,0,0,0,0,0,0,0,0,0,0,0,0,0,0,0,0,0,0,0,0,0,0,0,0,0,0,0,0,0,0,0,0,0,684252198,0,0,0,957526955,0,0,0,0,0,0,0,188427229,458215537,822095466,379147399680,153491055,1,0,0,0,0,0,0,0,0,0,0,0,0,0,0,0,0,0,0,0,0,0,0,0,0,0,0,0,0,0,0,557,0,0,0,0,0,0,0
1782469721.041,0,0,0,0,0,0,0,1700801018,7506987584000,2672723823104,0,0,0,0,0,0,0,0,0,0,0,0,0,0,0,0,0,0,0,0,0,0,0,0,0,0,0,0,0,0,0,0,0,0,0,0,0,0,0,0,0,0,0,0,0,0,0,0,0,0,0,0,0,0,0,0,0,0,7,1935564,460320072,135464585,0,0,0,0,0,0,0,0,0,0,0,0,0,0,0,0,0,0,0,0,0,0,0,0,0,0,0,0,0,0,0,0,0,0,0,0,0,12878004224,5206196224,786010,317761,134721349,323,0,98,786432,458312588,811172,11,8385072043,12884901888,2079026,1332366677,0,0,0,0,0,0,0,0,0,0,0,0,0,0,0,0,0,0,45493044,145391107,0,468,1202,7661,620,90986707,35,0,0,0,0,0,0,0,1,0,0,0,0,0,0,0,0,0,0,54942751,0,134718923,2286122,0,0,0,0,0,0,0,0,16384,0,0,0,0,0,0,0,0,0,0,0,7555,410,0,0,0,0,0,138298296,0,193,0,17,410,7555,0,0,0,0,0,0,0,0,0,0,0,0,0,0,0,0,0,0,0,0,0,0,0,0,0,0,0,0,0,0,0,0,0,0,0,0,0,0,0,0,0,0,0,0,0,0,0,0,0,0,0,0,0,0,684388949,0,0,0,957680167,0,0,0,0,0,0,0,188445175,458323828,822263584,379218404352,153502919,1,0,0,0,0,0,0,0,0,0,0,0,0,0,0,0,0,0,0,0,0,0,0,0,0,0,0,0,0,0,0,1587,0,0,0,0,0,0,0
1782469722.125,0,0,0,0,0,0,0,1701107557,7508758661632,2673300776960,0,0,0,0,0,0,0,0,0,0,0,0,0,0,0,0,0,0,0,0,0,0,0,0,0,0,0,0,0,0,0,0,0,0,0,0,0,0,0,0,0,0,0,0,0,0,0,0,0,0,0,0,0,0,0,0,0,0,7,1935597,460428995,135494833,0,0,0,0,0,0,0,0,0,0,0,0,0,0,0,0,0,0,0,0,0,0,0,0,0,0,0,0,0,0,0,0,0,0,0,0,0,12880297984,5207900160,786150,317865,134750690,184,0,98,786432,458421022,811172,11,8386614648,12884901888,2081715,1332565970,0,0,0,0,0,0,0,0,0,0,0,0,0,0,0,0,0,0,45502130,145400191,0,468,1202,7661,620,91004876,35,0,0,0,0,0,0,0,1,0,0,0,0,0,0,0,0,0,0,54953035,0,134748264,2286514,0,0,0,0,0,0,0,0,16384,0,0,0,0,0,0,0,0,0,0,0,7556,410,0,0,0,0,0,138325914,0,193,0,17,410,7556,0,0,0,0,0,0,0,0,0,0,0,0,0,0,0,0,0,0,0,0,0,0,0,0,0,0,0,0,0,0,0,0,0,0,0,0,0,0,0,0,0,0,0,0,0,0,0,0,0,0,0,0,0,0,684526028,0,0,0,957833761,0,0,0,0,0,0,0,188462495,458431851,822431851,379289789440,153514169,1,0,0,0,0,0,0,0,0,0,0,0,0,0,0,0,0,0,0,0,0,0,0,0,0,0,0,0,0,0,0,1906,0,0,0,0,0,0,0
1782469723.214,0,0,0,0,0,0,0,1701436893,7510669003264,2673917541376,0,0,0,0,0,0,0,0,0,0,0,0,0,0,0,0,0,0,0,0,0,0,0,0,0,0,0,0,0,0,0,0,0,0,0,0,0,0,0,0,0,0,0,0,0,0,0,0,0,0,0,0,0,0,0,0,0,0,7,1935639,460546531,135527289,0,0,0,0,0,0,0,0,0,0,0,0,0,0,0,0,0,0,0,0,0,0,0,0,0,0,0,0,0,0,0,0,0,0,0,0,0,12876021760,5215436800,785890,318325,134782266,445,0,97,786432,458538016,811172,11,8388279513,12884901888,2084185,1332784696,0,0,0,0,0,0,0,0,0,0,0,0,0,0,0,0,0,0,45511917,145409979,0,468,1202,7661,620,91024450,35,0,0,0,0,0,0,0,1,0,0,0,0,0,0,0,0,0,0,54964129,0,134779840,2286943,0,0,0,0,0,0,0,0,16384,0,0,0,0,0,0,0,0,0,0,0,7557,410,0,0,0,0,0,138355657,0,193,0,17,410,7557,0,0,0,0,0,0,0,0,0,0,0,0,0,0,0,0,0,0,0,0,0,0,0,0,0,0,0,0,0,0,0,0,0,0,0,0,0,0,0,0,0,0,0,0,0,0,0,0,0,0,0,0,0,0,684667187,0,0,0,958001008,0,0,0,0,0,0,0,188482298,458548338,822606411,379363484160,153526510,1,0,0,0,0,0,0,0,0,0,0,0,0,0,0,0,0,0,0,0,0,0,0,0,0,0,0,0,0,0,0,312,0,0,0,0,0,0,0
1782469724.303,0,0,0,0,0,0,0,1701764166,7512558569984,2674528545792,0,0,0,0,0,0,0,0,0,0,0,0,0,0,0,0,0,0,0,0,0,0,0,0,0,0,0,0,0,0,0,0,0,0,0,0,0,0,0,0,0,0,0,0,0,0,0,0,0,0,0,0,0,0,0,0,0,0,7,1935671,460662798,135559386,0,0,0,0,0,0,0,0,0,0,0,0,0,0,0,0,0,0,0,0,0,0,0,0,0,0,0,0,0,0,0,0,0,0,0,0,0,12877381632,5222514688,785972,318757,134813475,362,0,97,786432,458653789,811172,11,8389926147,12884901888,2086723,1332995698,0,0,0,0,0,0,0,0,0,0,0,0,0,0,0,0,0,0,45521640,145419705,0,468,1202,7661,620,91043898,35,0,0,0,0,0,0,0,1,0,0,0,0,0,0,0,0,0,0,54975134,0,134811057,2287370,0,0,0,0,0,0,0,0,16384,0,0,0,0,0,0,0,0,0,0,0,7558,410,0,0,0,0,0,138385222,0,193,0,17,410,7558,0,0,0,0,0,0,0,0,0,0,0,0,0,0,0,0,0,0,0,0,0,0,0,0,0,0,0,0,0,0,0,0,0,0,0,0,0,0,0,0,0,0,0,0,0,0,0,0,0,0,0,0,0,0,684807697,0,0,0,958164374,0,0,0,0,0,0,0,188502506,458663566,822779956,379436953600,153539342,1,0,0,0,0,0,0,0,0,0,0,0,0,0,0,0,0,0,0,0,0,0,0,0,0,0,0,0,0,0,0,1677,0,0,0,0,0,0,0
1782469725.395,0,0,0,0,0,0,0,1702098304,7514488277504,2675151933440,0,0,0,0,0,0,0,0,0,0,0,0,0,0,0,0,0,0,0,0,0,0,0,0,0,0,0,0,0,0,0,0,0,0,0,0,0,0,0,0,0,0,0,0,0,0,0,0,0,0,0,0,0,0,0,0,0,0,7,1935703,460781545,135592140,0,0,0,0,0,0,0,0,0,0,0,0,0,0,0,0,0,0,0,0,0,0,0,0,0,0,0,0,0,0,0,0,0,0,0,0,0,12877381632,5229625344,785972,319191,134845552,360,0,98,786432,458771993,811172,11,8391614385,12884901888,2088660,1333216576,0,0,0,0,0,0,0,0,0,0,0,0,0,0,0,0,0,0,45531563,145429626,0,468,1202,7661,620,91063749,35,0,0,0,0,0,0,0,1,0,0,0,0,0,0,0,0,0,0,54986373,0,134843126,2287808,0,0,0,0,0,0,0,0,16384,0,0,0,0,0,0,0,0,0,0,0,7559,410,0,0,0,0,0,138415397,0,193,0,17,410,7559,0,0,0,0,0,0,0,0,0,0,0,0,0,0,0,0,0,0,0,0,0,0,0,0,0,0,0,0,0,0,0,0,0,0,0,0,0,0,0,0,0,0,0,0,0,0,0,0,0,0,0,0,0,0,684951264,0,0,0,958333698,0,0,0,0,0,0,0,188522180,458781249,822957004,379511913984,153551473,1,0,0,0,0,0,0,0,0,0,0,0,0,0,0,0,0,0,0,0,0,0,0,0,0,0,0,0,0,0,0,374,0,0,0,0,0,0,0
1782469726.485,0,0,0,0,0,0,0,1702422860,7516370504192,2675792773120,0,0,0,0,0,0,0,0,0,0,0,0,0,0,0,0,0,0,0,0,0,0,0,0,0,0,0,0,0,0,0,0,0,0,0,0,0,0,0,0,0,0,0,0,0,0,0,0,0,0,0,0,0,0,0,0,0,0,7,1935747,460897383,135625878,0,0,0,0,0,0,0,0,0,0,0,0,0,0,0,0,0,0,0,0,0,0,0,0,0,0,0,0,0,0,0,0,0,0,0,0,0,12881854464,5210128384,786246,318001,134876651,89,0,96,786432,458887291,811172,11,8393248941,12884901888,2090663,1333427850,0,0,0,0,0,0,0,0,0,0,0,0,0,0,0,0,0,0,45541230,145439295,0,468,1202,7661,620,91083077,35,0,0,0,0,0,0,0,1,0,0,0,0,0,0,0,0,0,0,54997324,0,134875889,2288246,0,0,0,0,0,0,0,0,16384,0,0,0,0,0,0,0,0,0,0,0,7560,410,0,0,0,0,0,138444791,0,193,0,17,410,7560,0,0,0,0,0,0,0,0,0,0,0,0,0,0,0,0,0,0,0,0,0,0,0,0,0,0,0,0,0,0,0,0,0,0,0,0,0,0,0,0,0,0,0,0,0,0,0,0,0,0,0,0,0,0,685091963,0,0,0,958496737,0,0,0,0,0,0,0,188541587,458895985,823132315,379585392640,153563526,1,0,0,0,0,0,0,0,0,0,0,0,0,0,0,0,0,0,0,0,0,0,0,0,0,0,0,0,0,0,0,526,0,0,0,0,0,0,0
1782469727.565,0,0,0,0,0,0,0,1702740070,7518201825792,2676416035328,0,0,0,0,0,0,0,0,0,0,0,0,0,0,0,0,0,0,0,0,0,0,0,0,0,0,0,0,0,0,0,0,0,0,0,0,0,0,0,0,0,0,0,0,0,0,0,0,0,0,0,0,0,0,0,0,0,0,7,1935775,461009960,135658860,0,0,0,0,0,0,0,0,0,0,0,0,0,0,0,0,0,0,0,0,0,0,0,0,0,0,0,0,0,0,0,0,0,0,0,0,0,12880199680,5185994752,786145,316528,134907089,191,0,96,786432,458999411,811172,11,8394846130,12884901888,2093334,1333633407,0,0,0,0,0,0,0,0,0,0,0,0,0,0,0,0,0,0,45550636,145448702,0,468,1202,7661,620,91101898,35,0,0,0,0,0,0,0,1,0,0,0,0,0,0,0,0,0,0,55007973,0,134908119,2288677,0,0,0,0,0,0,0,0,16384,0,0,0,0,0,0,0,0,0,0,0,7561,410,0,0,0,0,0,138473365,0,193,0,17,410,7561,0,0,0,0,0,0,0,0,0,0,0,0,0,0,0,0,0,0,0,0,0,0,0,0,0,0,0,0,0,0,0,0,0,0,0,0,0,0,0,0,0,0,0,0,0,0,0,0,0,0,0,0,0,0,685228017,0,0,0,958655639,0,0,0,0,0,0,0,188560811,459007625,823302263,379656421888,153575688,1,0,0,0,0,0,0,0,0,0,0,0,0,0,0,0,0,0,0,0,0,0,0,0,0,0,0,0,0,0,0,987,0,0,0,0,0,0,0
1782469728.645,0,0,0,0,0,0,0,1703061314,7520052857344,2677032808960,0,0,0,0,0,0,0,0,0,0,0,0,0,0,0,0,0,0,0,0,0,0,0,0,0,0,0,0,0,0,0,0,0,0,0,0,0,0,0,0,0,0,0,0,0,0,0,0,0,0,0,0,0,0,0,0,0,0,7,1935812,461123945,135691637,0,0,0,0,0,0,0,0,0,0,0,0,0,0,0,0,0,0,0,0,0,0,0,0,0,0,0,0,0,0,0,0,0,0,0,0,0,12878249984,5170429952,786027,315578,134942326,308,0,99,786432,459112864,811172,11,8396460641,12884901888,2096105,1333840162,0,0,0,0,0,0,0,0,0,0,0,0,0,0,0,0,0,0,45560157,145458220,0,468,1202,7661,620,91120939,35,0,0,0,0,0,0,0,1,0,0,0,0,0,0,0,0,0,0,55018745,0,134939986,2289099,0,0,0,0,0,0,0,0,16384,0,0,0,0,0,0,0,0,0,0,0,7562,410,0,0,0,0,0,138502252,0,193,0,17,410,7562,0,0,0,0,0,0,0,0,0,0,0,0,0,0,0,0,0,0,0,0,0,0,0,0,0,0,0,0,0,0,0,0,0,0,0,0,0,0,0,0,0,0,0,0,0,0,0,0,0,0,0,0,0,0,685366162,0,0,0,958815940,0,0,0,0,0,0,0,188580188,459120578,823474151,379728702464,153587854,1,1,0,0,0,0,0,0,0,0,0,0,0,0,0,0,0,0,0,0,0,0,0,0,0,0,0,0,0,0,0,2215,0,0,0,0,0,0,0
1782469729.728,0,0,0,0,0,0,0,1703357827,7521764002304,2677592937472,0,0,0,0,0,0,0,0,0,0,0,0,0,0,0,0,0,0,0,0,0,0,0,0,0,0,0,0,0,0,0,0,0,0,0,0,0,0,0,0,0,0,0,0,0,0,0,0,0,0,0,0,0,0,0,0,0,0,7,1935847,461229216,135720940,0,0,0,0,0,0,0,0,0,0,0,0,0,0,0,0,0,0,0,0,0,0,0,0,0,0,0,0,0,0,0,0,0,0,0,0,0,12883312640,5175312384,786335,315876,134970220,0,0,97,786432,459217675,811172,11,8397954334,12884901888,2100035,1334034127,0,0,0,0,0,0,0,0,0,0,0,0,0,0,0,0,0,0,45568948,145467012,0,468,1202,7661,620,91138521,35,0,0,0,0,0,0,0,1,0,0,0,0,0,0,0,0,0,0,55028689,0,134967952,2289467,0,0,0,0,0,0,0,0,16384,0,0,0,0,0,0,0,0,0,0,0,7563,410,0,0,0,0,0,138528992,0,193,0,17,410,7563,0,0,0,0,0,0,0,0,0,0,0,0,0,0,0,0,0,0,0,0,0,0,0,0,0,0,0,0,0,0,0,0,0,0,0,0,0,0,0,0,0,0,0,0,0,0,0,0,0,0,0,0,0,0,685500154,0,0,0,958964930,0,0,0,0,0,0,0,188597889,459225000,823638803,379798542336,153599699,1,0,0,0,0,0,0,0,0,0,0,0,0,0,0,0,0,0,0,0,0,0,0,0,0,0,0,0,0,0,0,2126,0,0,0,0,0,0,0
1782469730.811,0,0,0,0,0,0,0,1703672285,7523584461312,2678184529920,0,0,0,0,0,0,0,0,0,0,0,0,0,0,0,0,0,0,0,0,0,0,0,0,0,0,0,0,0,0,0,0,0,0,0,0,0,0,0,0,0,0,0,0,0,0,0,0,0,0,0,0,0,0,0,0,0,0,7,1935879,461341220,135751942,0,0,0,0,0,0,0,0,0,0,0,0,0,0,0,0,0,0,0,0,0,0,0,0,0,0,0,0,0,0,0,0,0,0,0,0,0,12878364672,5185650688,786035,316507,135000396,304,0,96,786432,459329165,811172,11,8399540394,12884901888,2102724,1334241490,0,0,0,0,0,0,0,0,0,0,0,0,0,0,0,0,0,0,45578272,145476339,0,468,1202,7661,620,91157166,35,0,0,0,0,0,0,0,1,0,0,0,0,0,0,0,0,0,0,55039256,0,134997970,2289872,0,0,0,0,0,0,0,0,16384,0,0,0,0,0,0,0,0,0,0,0,7564,410,0,0,0,0,0,138557383,0,193,0,17,410,7564,0,0,0,0,0,0,0,0,0,0,0,0,0,0,0,0,0,0,0,0,0,0,0,0,0,0,0,0,0,0,0,0,0,0,0,0,0,0,0,0,0,0,0,0,0,0,0,0,0,0,0,0,0,0,685640263,0,0,0,959124065,0,0,0,0,0,0,0,188615886,459336043,823810914,379871552000,153611154,1,0,0,0,0,0,0,0,0,0,0,0,0,0,0,0,0,0,0,0,0,0,0,0,0,0,0,0,0,0,0,993,0,0,0,0,0,0,0
1782469731.901,0,0,0,0,0,0,0,1703988116,7525413816832,2678782956544,0,0,0,0,0,0,0,0,0,0,0,0,0,0,0,0,0,0,0,0,0,0,0,0,0,0,0,0,0,0,0,0,0,0,0,0,0,0,0,0,0,0,0,0,0,0,0,0,0,0,0,0,0,0,0,0,0,0,7,1935913,461453713,135783276,0,0,0,0,0,0,0,0,0,0,0,0,0,0,0,0,0,0,0,0,0,0,0,0,0,0,0,0,0,0,0,0,0,0,0,0,0,12875972608,5188485120,785887,316681,135030925,450,0,96,786432,459441179,811172,11,8401132274,12884901888,2105045,1334447182,0,0,0,0,0,0,0,0,0,0,0,0,0,0,0,0,0,0,45587666,145485728,0,468,1202,7661,620,91175954,35,0,0,0,0,0,0,0,1,0,0,0,0,0,0,0,0,0,0,55049880,0,135028499,2290285,0,0,0,0,0,0,0,0,16384,0,0,0,0,0,0,0,0,0,0,0,7565,410,0,0,0,0,0,138585924,0,193,0,17,410,7565,0,0,0,0,0,0,0,0,0,0,0,0,0,0,0,0,0,0,0,0,0,0,0,0,0,0,0,0,0,0,0,0,0,0,0,0,0,0,0,0,0,0,0,0,0,0,0,0,0,0,0,0,0,0,685781056,0,0,0,959282681,0,0,0,0,0,0,0,188633256,459447645,823983890,379944811520,153622311,1,0,0,0,0,0,0,0,0,0,0,0,0,0,0,0,0,0,0,0,0,0,0,0,0,0,0,0,0,0,0,1154,0,0,0,0,0,0,0
1782469732.989,0,0,0,0,0,0,0,1704317298,7527316032000,2679399956992,0,0,0,0,0,0,0,0,0,0,0,0,0,0,0,0,0,0,0,0,0,0,0,0,0,0,0,0,0,0,0,0,0,0,0,0,0,0,0,0,0,0,0,0,0,0,0,0,0,0,0,0,0,0,0,0,0,0,7,1935941,461570814,135815746,0,0,0,0,0,0,0,0,0,0,0,0,0,0,0,0,0,0,0,0,0,0,0,0,0,0,0,0,0,0,0,0,0,0,0,0,0,12880478208,5193383936,786161,316979,135062526,174,0,97,786432,459557806,811172,11,8402792172,12884901888,2107180,1334661967,0,0,0,0,0,0,0,0,0,0,0,0,0,0,0,0,0,0,45597433,145495495,0,468,1202,7661,620,91195491,35,0,0,0,0,0,0,0,1,0,0,0,0,0,0,0,0,0,0,55060950,0,135060100,2290709,0,0,0,0,0,0,0,0,16384,0,0,0,0,0,0,0,0,0,0,0,7566,410,0,0,0,0,0,138615599,0,193,0,17,410,7566,0,0,0,0,0,0,0,0,0,0,0,0,0,0,0,0,0,0,0,0,0,0,0,0,0,0,0,0,0,0,0,0,0,0,0,0,0,0,0,0,0,0,0,0,0,0,0,0,0,0,0,0,0,0,685922441,0,0,0,959448348,0,0,0,0,0,0,0,188653244,459563730,824158548,380018480640,153635163,1,1,0,0,0,0,0,0,0,0,0,0,0,0,0,0,0,0,0,0,0,0,0,0,0,0,0,0,0,0,0,929,0,0,0,0,0,0,0
1782469734.079,0,0,0,0,0,0,0,1704646255,7529211333120,2680013001216,0,0,0,0,0,0,0,0,0,0,0,0,0,0,0,0,0,0,0,0,0,0,0,0,0,0,0,0,0,0,0,0,0,0,0,0,0,0,0,0,0,0,0,0,0,0,0,0,0,0,0,0,0,0,0,0,0,0,7,1935982,461687500,135847962,0,0,0,0,0,0,0,0,0,0,0,0,0,0,0,0,0,0,0,0,0,0,0,0,0,0,0,0,0,0,0,0,0,0,0,0,0,12876840960,5205557248,785940,317722,135093748,396,0,97,786432,459674010,811172,11,8404450777,12884901888,2110386,1334877576,0,0,0,0,0,0,0,0,0,0,0,0,0,0,0,0,0,0,45607210,145505274,0,468,1202,7661,620,91215048,35,0,0,0,0,0,0,0,1,0,0,0,0,0,0,0,0,0,0,55072026,0,135091322,2291138,0,0,0,0,0,0,0,0,16384,0,0,0,0,0,0,0,0,0,0,0,7568,410,0,0,0,0,0,138645342,0,193,0,17,410,7568,0,0,0,0,0,0,0,0,0,0,0,0,0,0,0,0,0,0,0,0,0,0,0,0,0,0,0,0,0,0,0,0,0,0,0,0,0,0,0,0,0,0,0,0,0,0,0,0,0,0,0,0,0,0,686063782,0,0,0,959614086,0,0,0,0,0,0,0,188673772,459679250,824333218,380092194304,153648061,1,0,0,0,0,0,0,0,0,0,0,0,0,0,0,0,0,0,0,0,0,0,0,0,0,0,0,0,0,0,0,716,0,0,0,0,0,0,0
1782469735.168,0,0,0,0,0,0,0,1704974272,7531105077760,2680623798784,0,0,0,0,0,0,0,0,0,0,0,0,0,0,0,0,0,0,0,0,0,0,0,0,0,0,0,0,0,0,0,0,0,0,0,0,0,0,0,0,0,0,0,0,0,0,0,0,0,0,0,0,0,0,0,0,0,0,7,1936013,461803944,135880101,0,0,0,0,0,0,0,0,0,0,0,0,0,0,0,0,0,0,0,0,0,0,0,0,0,0,0,0,0,0,0,0,0,0,0,0,0,12876988416,5212471296,785948,318144,135124900,383,0,98,786432,459789923,811172,11,8406103730,12884901888,2113011,1335091625,0,0,0,0,0,0,0,0,0,0,0,0,0,0,0,0,0,0,45616954,145515016,0,468,1202,7661,620,91234532,35,0,0,0,0,0,0,0,1,0,0,0,0,0,0,0,0,0,0,55083055,0,135122547,2291562,0,0,0,0,0,0,0,0,16384,0,0,0,0,0,0,0,0,0,0,0,7569,410,0,0,0,0,0,138674922,0,193,0,17,410,7569,0,0,0,0,0,0,0,0,0,0,0,0,0,0,0,0,0,0,0,0,0,0,0,0,0,0,0,0,0,0,0,0,0,0,0,0,0,0,0,0,0,0,0,0,0,0,0,0,0,0,0,0,0,0,686202747,0,0,0,959778936,0,0,0,0,0,0,0,188693890,459794726,824505267,380164855296,153660846,1,1,0,0,0,0,0,0,0,0,0,0,0,0,0,0,0,0,0,0,0,0,0,0,0,0,0,0,0,0,0,771,0,0,0,0,0,0,0
1782469736.259,0,0,0,0,0,0,0,1705297571,7532974262784,2681226626560,0,0,0,0,0,0,0,0,0,0,0,0,0,0,0,0,0,0,0,0,0,0,0,0,0,0,0,0,0,0,0,0,0,0,0,0,0,0,0,0,0,0,0,0,0,0,0,0,0,0,0,0,0,0,0,0,0,0,7,1936050,461918943,135911870,0,0,0,0,0,0,0,0,0,0,0,0,0,0,0,0,0,0,0,0,0,0,0,0,0,0,0,0,0,0,0,0,0,0,0,0,0,12880314368,5219958784,786152,318601,135155569,182,0,96,786432,459904455,811172,11,8407730592,12884901888,2116168,1335301154,0,0,0,0,0,0,0,0,0,0,0,0,0,0,0,0,0,0,45626531,145524596,0,468,1202,7661,620,91253690,35,0,0,0,0,0,0,0,1,0,0,0,0,0,0,0,0,0,0,55093884,0,135153143,2291987,0,0,0,0,0,0,0,0,16384,0,0,0,0,0,0,0,0,0,0,0,7570,410,0,0,0,0,0,138704018,0,193,0,17,410,7570,0,0,0,0,0,0,0,0,0,0,0,0,0,0,0,0,0,0,0,0,0,0,0,0,0,0,0,0,0,0,0,0,0,0,0,0,0,0,0,0,0,0,0,0,0,0,0,0,0,0,0,0,0,0,686338931,0,0,0,959940617,0,0,0,0,0,0,0,188714844,459908758,824674475,380235962880,153674161,1,0,0,0,0,0,0,0,0,0,0,0,0,0,0,0,0,0,0,0,0,0,0,0,0,0,0,0,0,0,0,1490,0,0,0,0,0,0,0
1782469737.348,0,0,0,0,0,0,0,1705623378,7534851721728,2681835760640,0,0,0,0,0,0,0,0,0,0,0,0,0,0,0,0,0,0,0,0,0,0,0,0,0,0,0,0,0,0,0,0,0,0,0,0,0,0,0,0,0,0,0,0,0,0,0,0,0,0,0,0,0,0,0,0,0,0,7,1936094,462034460,135943964,0,0,0,0,0,0,0,0,0,0,0,0,0,0,0,0,0,0,0,0,0,0,0,0,0,0,0,0,0,0,0,0,0,0,0,0,0,12876201984,5223972864,785901,318846,135186700,432,0,96,786432,460019497,811172,11,8409373947,12884901888,2118618,1335515376,0,0,0,0,0,0,0,0,0,0,0,0,0,0,0,0,0,0,45636202,145534266,0,468,1202,7661,620,91273036,35,0,0,0,0,0,0,0,1,0,0,0,0,0,0,0,0,0,0,55104837,0,135184341,2292413,0,0,0,0,0,0,0,0,16384,0,0,0,0,0,0,0,0,0,0,0,7571,410,0,0,0,0,0,138733429,0,193,0,17,410,7571,0,0,0,0,0,0,0,0,0,0,0,0,0,0,0,0,0,0,0,0,0,0,0,0,0,0,0,0,0,0,0,0,0,0,0,0,0,0,0,0,0,0,0,0,0,0,0,0,0,0,0,0,0,0,686476347,0,0,0,960105030,0,0,0,0,0,0,0,188734412,460023271,824844967,380307928576,153686427,1,0,0,0,0,0,0,0,0,0,0,0,0,0,0,0,0,0,0,0,0,0,0,0,0,0,0,0,0,0,0,866,0,0,0,0,0,0,0
1782469738.438,0,0,0,0,0,0,0,1705940601,7536682633728,2682432757248,0,0,0,0,0,0,0,0,0,0,0,0,0,0,0,0,0,0,0,0,0,0,0,0,0,0,0,0,0,0,0,0,0,0,0,0,0,0,0,0,0,0,0,0,0,0,0,0,0,0,0,0,0,0,0,0,0,0,7,1936121,462147071,135975217,0,0,0,0,0,0,0,0,0,0,0,0,0,0,0,0,0,0,0,0,0,0,0,0,0,0,0,0,0,0,0,0,0,0,0,0,0,12883296256,5226020864,786333,318972,135217018,0,0,98,786432,460131590,811172,11,8410970702,12884901888,2120965,1335720936,0,0,0,0,0,0,0,0,0,0,0,0,0,0,0,0,0,0,45645623,145543684,0,468,1202,7661,620,91291874,35,0,0,0,0,0,0,0,1,0,0,0,0,0,0,0,0,0,0,55115504,0,135214848,2292818,0,0,0,0,0,0,0,0,16384,0,0,0,0,0,0,0,0,0,0,0,7572,410,0,0,0,0,0,138762029,0,193,0,17,410,7572,0,0,0,0,0,0,0,0,0,0,0,0,0,0,0,0,0,0,0,0,0,0,0,0,0,0,0,0,0,0,0,0,0,0,0,0,0,0,0,0,0,0,0,0,0,0,0,0,0,0,0,0,0,0,686614435,0,0,0,960264045,0,0,0,0,0,0,0,188752750,460134890,825015100,380379955200,153698312,1,0,0,0,0,0,0,0,0,0,0,0,0,0,0,0,0,0,0,0,0,0,0,0,0,0,0,0,0,0,0,1354,0,0,0,0,0,0,0
1782469739.521,0,0,0,0,0,0,0,1706234907,7538379065856,2683030107648,0,0,0,0,0,0,0,0,0,0,0,0,0,0,0,0,0,0,0,0,0,0,0,0,0,0,0,0,0,0,0,0,0,0,0,0,0,0,0,0,0,0,0,0,0,0,0,0,0,0,0,0,0,0,0,0,0,0,7,1936154,462251363,136006826,0,0,0,0,0,0,0,0,0,0,0,0,0,0,0,0,0,0,0,0,0,0,0,0,0,0,0,0,0,0,0,0,0,0,0,0,0,12883230720,5186093056,786330,316534,135245373,4,0,98,786432,460235427,811172,11,8412454035,12884901888,2123439,1335914485,0,0,0,0,0,0,0,0,0,0,0,0,0,0,0,0,0,0,45654363,145552426,0,468,1202,7661,620,91309346,35,0,0,0,0,0,0,0,1,0,0,0,0,0,0,0,0,0,0,55125396,0,135245379,2293217,0,0,0,0,0,0,0,0,16384,0,0,0,0,0,0,0,0,0,0,0,7573,410,0,0,0,0,0,138788585,0,193,0,17,410,7573,0,0,0,0,0,0,0,0,0,0,0,0,0,0,0,0,0,0,0,0,0,0,0,0,0,0,0,0,0,0,0,0,0,0,0,0,0,0,0,0,0,0,0,0,0,0,0,0,0,0,0,0,0,0,686748832,0,0,0,960412660,0,0,0,0,0,0,0,188769347,460238345,825181922,380449861632,153709288,1,0,0,0,0,0,0,0,0,0,0,0,0,0,0,0,0,0,0,0,0,0,0,0,0,0,0,0,0,0,0,618,0,0,0,0,0,0,0
1782469740.601,0,0,0,0,0,0,0,1706540397,7540141804032,2683619328512,0,0,0,0,0,0,0,0,0,0,0,0,0,0,0,0,0,0,0,0,0,0,0,0,0,0,0,0,0,0,0,0,0,0,0,0,0,0,0,0,0,0,0,0,0,0,0,0,0,0,0,0,0,0,0,0,0,0,7,1936181,462359752,136037662,0,0,0,0,0,0,0,0,0,0,0,0,0,0,0,0,0,0,0,0,0,0,0,0,0,0,0,0,0,0,0,0,0,0,0,0,0,12882345984,5180637184,786276,316201,135274610,61,0,96,786432,460343354,811172,11,8413991083,12884901888,2126281,1336112833,0,0,0,0,0,0,0,0,0,0,0,0,0,0,0,0,0,0,45663433,145561494,0,468,1202,7661,620,91327504,35,0,0,0,0,0,0,0,1,0,0,0,0,0,0,0,0,0,0,55135675,0,135275384,2293610,0,0,0,0,0,0,0,0,16384,0,0,0,0,0,0,0,0,0,0,0,7574,410,0,0,0,0,0,138816141,0,193,0,17,410,7574,0,0,0,0,0,0,0,0,0,0,0,0,0,0,0,0,0,0,0,0,0,0,0,0,0,0,0,0,0,0,0,0,0,0,0,0,0,0,0,0,0,0,0,0,0,0,0,0,0,0,0,0,0,0,686885124,0,0,0,960565915,0,0,0,0,0,0,0,188786100,460345831,825349974,380520818688,153720197,1,0,0,0,0,0,0,0,0,0,0,0,0,0,0,0,0,0,0,0,0,0,0,0,0,0,0,0,0,0,0,928,0,0,0,0,0,0,0
1782469741.677,0,0,0,0,0,0,0,1706862701,7541995948544,2684235255296,0,0,0,0,0,0,0,0,0,0,0,0,0,0,0,0,0,0,0,0,0,0,0,0,0,0,0,0,0,0,0,0,0,0,0,0,0,0,0,0,0,0,0,0,0,0,0,0,0,0,0,0,0,0,0,0,0,0,7,1936216,462473826,136070263,0,0,0,0,0,0,0,0,0,0,0,0,0,0,0,0,0,0,0,0,0,0,0,0,0,0,0,0,0,0,0,0,0,0,0,0,0,12875874304,5172133888,785882,315681,135310033,455,0,97,786432,460456948,811172,11,8415609518,12884901888,2128513,1336319737,0,0,0,0,0,0,0,0,0,0,0,0,0,0,0,0,0,0,45672978,145571043,0,468,1202,7661,620,91346579,35,0,0,0,0,0,0,0,1,0,0,0,0,0,0,0,0,0,0,55146482,0,135307607,2294040,0,0,0,0,0,0,0,0,16384,0,0,0,0,0,0,0,0,0,0,0,7575,410,0,0,0,0,0,138845159,0,193,0,17,410,7575,0,0,0,0,0,0,0,0,0,0,0,0,0,0,0,0,0,0,0,0,0,0,0,0,0,0,0,0,0,0,0,0,0,0,0,0,0,0,0,0,0,0,0,0,0,0,0,0,0,0,0,0,0,0,687025032,0,0,0,960726297,0,0,0,0,0,0,0,188804879,460458912,825523242,380593857536,153732140,1,0,0,0,0,0,0,0,0,0,0,0,0,0,0,0,0,0,0,0,0,0,0,0,0,0,0,0,0,0,0,2455,0,0,0,0,0,0,0
1782469742.768,0,0,0,0,0,0,0,1707190118,7543886236160,2684852071936,0,0,0,0,0,0,0,0,0,0,0,0,0,0,0,0,0,0,0,0,0,0,0,0,0,0,0,0,0,0,0,0,0,0,0,0,0,0,0,0,0,0,0,0,0,0,0,0,0,0,0,0,0,0,0,0,0,0,7,1936263,462590114,136102645,0,0,0,0,0,0,0,0,0,0,0,0,0,0,0,0,0,0,0,0,0,0,0,0,0,0,0,0,0,0,0,0,0,0,0,0,0,12878807040,5176377344,786059,315940,135341642,274,0,98,786432,460572697,811172,11,8417263230,12884901888,2130713,1336537132,0,0,0,0,0,0,0,0,0,0,0,0,0,0,0,0,0,0,45682701,145580764,0,468,1202,7661,620,91366036,35,0,0,0,0,0,0,0,1,0,0,0,0,0,0,0,0,0,0,55157500,0,135339216,2294474,0,0,0,0,0,0,0,0,16384,0,0,0,0,0,0,0,0,0,0,0,7576,410,0,0,0,0,0,138874688,0,193,0,17,410,7576,0,0,0,0,0,0,0,0,0,0,0,0,0,0,0,0,0,0,0,0,0,0,0,0,0,0,0,0,0,0,0,0,0,0,0,0,0,0,0,0,0,0,0,0,0,0,0,0,0,0,0,0,0,0,687167058,0,0,0,960892442,0,0,0,0,0,0,0,188824796,460574140,825698454,380668088832,153744664,1,1,0,0,0,0,0,0,0,0,0,0,0,0,0,0,0,0,0,0,0,0,0,0,0,0,0,0,0,0,0,882,0,0,0,0,0,0,0
1782469743.853,0,0,0,0,0,0,0,1707524428,7545817303552,2685477233664,0,0,0,0,0,0,0,0,0,0,0,0,0,0,0,0,0,0,0,0,0,0,0,0,0,0,0,0,0,0,0,0,0,0,0,0,0,0,0,0,0,0,0,0,0,0,0,0,0,0,0,0,0,0,0,0,0,0,7,1936294,462708915,136135433,0,0,0,0,0,0,0,0,0,0,0,0,0,0,0,0,0,0,0,0,0,0,0,0,0,0,0,0,0,0,0,0,0,0,0,0,0,12878282752,5180375040,786029,316185,135373744,306,0,98,786432,460690944,811172,11,8418945721,12884901888,2132526,1336753296,0,0,0,0,0,0,0,0,0,0,0,0,0,0,0,0,0,0,45692629,145590694,0,468,1202,7661,620,91385878,35,0,0,0,0,0,0,0,1,0,0,0,0,0,0,0,0,0,0,55168761,0,135371318,2294905,0,0,0,0,0,0,0,0,16384,0,0,0,0,0,0,0,0,0,0,0,7577,410,0,0,0,0,0,138904864,0,193,0,17,410,7577,0,0,0,0,0,0,0,0,0,0,0,0,0,0,0,0,0,0,0,0,0,0,0,0,0,0,0,0,0,0,0,0,0,0,0,0,0,0,0,0,0,0,0,0,0,0,0,0,0,0,0,0,0,0,687311270,0,0,0,961059792,0,0,0,0,0,0,0,188844546,460691909,825876146,380743499776,153757077,1,0,0,0,0,0,0,0,0,0,0,0,0,0,0,0,0,0,0,0,0,0,0,0,0,0,0,0,0,0,0,1639,0,0,0,0,0,0,0
1782469744.944,0,0,0,0,0,0,0,1707858260,7547745749504,2686097626624,0,0,0,0,0,0,0,0,0,0,0,0,0,0,0,0,0,0,0,0,0,0,0,0,0,0,0,0,0,0,0,0,0,0,0,0,0,0,0,0,0,0,0,0,0,0,0,0,0,0,0,0,0,0,0,0,0,0,7,1936345,462827548,136167992,0,0,0,0,0,0,0,0,0,0,0,0,0,0,0,0,0,0,0,0,0,0,0,0,0,0,0,0,0,0,0,0,0,0,0,0,0,12880052224,5192466432,786136,316923,135405658,198,0,96,786432,460809052,811172,11,8420631689,12884901888,2134191,1336974152,0,0,0,0,0,0,0,0,0,0,0,0,0,0,0,0,0,0,45702558,145600621,0,468,1202,7661,620,91405746,35,0,0,0,0,0,0,0,1,0,0,0,0,0,0,0,0,0,0,55180015,0,135403313,2295346,0,0,0,0,0,0,0,0,16384,0,0,0,0,0,0,0,0,0,0,0,7578,410,0,0,0,0,0,138935047,0,193,0,17,410,7578,0,0,0,0,0,0,0,0,0,0,0,0,0,0,0,0,0,0,0,0,0,0,0,0,0,0,0,0,0,0,0,0,0,0,0,0,0,0,0,0,0,0,0,0,0,0,0,0,0,0,0,0,0,0,687454772,0,0,0,961228915,0,0,0,0,0,0,0,188864205,460809486,826052861,380818582016,153769458,1,0,0,0,0,0,0,0,0,0,0,0,0,0,0,0,0,0,0,0,0,0,0,0,0,0,0,0,0,0,0,444,0,0,0,0,0,0,0
1782469746.032,0,0,0,0,0,0,0,1708187007,7549644835328,2686709318656,0,0,0,0,0,0,0,0,0,0,0,0,0,0,0,0,0,0,0,0,0,0,0,0,0,0,0,0,0,0,0,0,0,0,0,0,0,0,0,0,0,0,0,0,0,0,0,0,0,0,0,0,0,0,0,0,0,0,7,1936370,462944410,136200150,0,0,0,0,0,0,0,0,0,0,0,0,0,0,0,0,0,0,0,0,0,0,0,0,0,0,0,0,0,0,0,0,0,0,0,0,0,12879003648,5199593472,786071,317358,135437172,263,0,98,786432,460925422,811172,11,8422286818,12884901888,2136251,1337187390,0,0,0,0,0,0,0,0,0,0,0,0,0,0,0,0,0,0,45712315,145610378,0,468,1202,7661,620,91425253,35,0,0,0,0,0,0,0,1,0,0,0,0,0,0,0,0,0,0,55191062,0,135434746,2295773,0,0,0,0,0,0,0,0,16384,0,0,0,0,0,0,0,0,0,0,0,7580,410,0,0,0,0,0,138964720,0,193,0,17,410,7580,0,0,0,0,0,0,0,0,0,0,0,0,0,0,0,0,0,0,0,0,0,0,0,0,0,0,0,0,0,0,0,0,0,0,0,0,0,0,0,0,0,0,0,0,0,0,0,0,0,0,0,0,0,0,687594821,0,0,0,961393711,0,0,0,0,0,0,0,188884138,460925268,826225835,380891779584,153782037,1,0,0,0,0,0,0,0,0,0,0,0,0,0,0,0,0,0,0,0,0,0,0,0,0,0,0,0,0,0,0,917,0,0,0,0,0,0,0
1782469747.119,0,0,0,0,0,0,0,1708513357,7551536728576,2687321542656,0,0,0,0,0,0,0,0,0,0,0,0,0,0,0,0,0,0,0,0,0,0,0,0,0,0,0,0,0,0,0,0,0,0,0,0,0,0,0,0,0,0,0,0,0,0,0,0,0,0,0,0,0,0,0,0,0,0,7,1936407,463060719,136232270,0,0,0,0,0,0,0,0,0,0,0,0,0,0,0,0,0,0,0,0,0,0,0,0,0,0,0,0,0,0,0,0,0,0,0,0,0,12879462400,5205917696,786099,317744,135468601,232,0,99,786432,461041164,811172,11,8423932444,12884901888,2138126,1337402104,0,0,0,0,0,0,0,0,0,0,0,0,0,0,0,0,0,0,45721992,145620057,0,468,1202,7661,620,91444607,35,0,0,0,0,0,0,0,1,0,0,0,0,0,0,0,0,0,0,55202022,0,135466175,2296206,0,0,0,0,0,0,0,0,16384,0,0,0,0,0,0,0,0,0,0,0,7581,410,0,0,0,0,0,138994128,0,193,0,17,410,7581,0,0,0,0,0,0,0,0,0,0,0,0,0,0,0,0,0,0,0,0,0,0,0,0,0,0,0,0,0,0,0,0,0,0,0,0,0,0,0,0,0,0,0,0,0,0,0,0,0,0,0,0,0,0,687736209,0,0,0,961558143,0,0,0,0,0,0,0,188903285,461040569,826400132,380965540864,153793895,1,0,0,0,0,0,0,0,0,0,0,0,0,0,0,0,0,0,0,0,0,0,0,0,0,0,0,0,0,0,0,399,0,0,0,0,0,0,0
1782469748.210,0,0,0,0,0,0,0,1708811119,7553257359872,2687885516800,0,0,0,0,0,0,0,0,0,0,0,0,0,0,0,0,0,0,0,0,0,0,0,0,0,0,0,0,0,0,0,0,0,0,0,0,0,0,0,0,0,0,0,0,0,0,0,0,0,0,0,0,0,0,0,0,0,0,7,1936444,463166521,136261729,0,0,0,0,0,0,0,0,0,0,0,0,0,0,0,0,0,0,0,0,0,0,0,0,0,0,0,0,0,0,0,0,0,0,0,0,0,12879757312,5210112000,786118,318000,135497237,218,0,97,786432,461146530,811172,11,8425428990,12884901888,2140411,1337595018,0,0,0,0,0,0,0,0,0,0,0,0,0,0,0,0,0,0,45730820,145628884,0,468,1202,7661,620,91462280,35,0,0,0,0,0,0,0,1,0,0,0,0,0,0,0,0,0,0,55212014,0,135494811,2296583,0,0,0,0,0,0,0,0,16384,0,0,0,0,0,0,0,0,0,0,0,7582,410,0,0,0,0,0,139021001,0,193,0,17,410,7582,0,0,0,0,0,0,0,0,0,0,0,0,0,0,0,0,0,0,0,0,0,0,0,0,0,0,0,0,0,0,0,0,0,0,0,0,0,0,0,0,0,0,0,0,0,0,0,0,0,0,0,0,0,0,687870316,0,0,0,961707223,0,0,0,0,0,0,0,188919788,461145505,826564630,381035397120,153805094,1,0,0,0,0,0,0,0,0,0,0,0,0,0,0,0,0,0,0,0,0,0,0,0,0,0,0,0,0,0,0,915,0,0,0,0,0,0,0
1782469749.297,0,0,0,0,0,0,0,1709138434,7555144665600,2688495386112,0,0,0,0,0,0,0,0,0,0,0,0,0,0,0,0,0,0,0,0,0,0,0,0,0,0,0,0,0,0,0,0,0,0,0,0,0,0,0,0,0,0,0,0,0,0,0,0,0,0,0,0,0,0,0,0,0,0,7,1936487,463282636,136293745,0,0,0,0,0,0,0,0,0,0,0,0,0,0,0,0,0,0,0,0,0,0,0,0,0,0,0,0,0,0,0,0,0,0,0,0,0,12879069184,5217140736,786076,318429,135528384,260,0,98,786432,461262139,811172,11,8427074080,12884901888,2142692,1337806084,0,0,0,0,0,0,0,0,0,0,0,0,0,0,0,0,0,0,45740533,145638593,0,468,1202,7661,620,91481692,35,0,0,0,0,0,0,0,1,0,0,0,0,0,0,0,0,0,0,55222987,0,135525958,2297010,0,0,0,0,0,0,0,0,16384,0,0,0,0,0,0,0,0,0,0,0,7583,410,0,0,0,0,0,139050492,0,193,0,17,410,7583,0,0,0,0,0,0,0,0,0,0,0,0,0,0,0,0,0,0,0,0,0,0,0,0,0,0,0,0,0,0,0,0,0,0,0,0,0,0,0,0,0,0,0,0,0,0,0,0,0,0,0,0,0,0,688012110,0,0,0,961870546,0,0,0,0,0,0,0,188940149,461260652,826739313,381109434368,153818251,1,1,0,0,0,0,0,0,0,0,0,0,0,0,0,0,0,0,0,0,0,0,0,0,0,0,0,0,0,0,0,1982,0,0,0,0,0,0,0
1782469750.385,0,0,0,0,0,0,0,1709450224,7556943383040,2689084121600,0,0,0,0,0,0,0,0,0,0,0,0,0,0,0,0,0,0,0,0,0,0,0,0,0,0,0,0,0,0,0,0,0,0,0,0,0,0,0,0,0,0,0,0,0,0,0,0,0,0,0,0,0,0,0,0,0,0,7,1936517,463393255,136324514,0,0,0,0,0,0,0,0,0,0,0,0,0,0,0,0,0,0,0,0,0,0,0,0,0,0,0,0,0,0,0,0,0,0,0,0,0,12876611584,5221351424,785926,318687,135558666,409,0,96,786432,461372268,811172,11,8428644479,12884901888,2144447,1338010899,0,0,0,0,0,0,0,0,0,0,0,0,0,0,0,0,0,0,45749777,145647840,0,468,1202,7661,620,91500183,35,0,0,0,0,0,0,0,1,0,0,0,0,0,0,0,0,0,0,55233458,0,135556240,2297422,0,0,0,0,0,0,0,0,16384,0,0,0,0,0,0,0,0,0,0,0,7584,410,0,0,0,0,0,139078606,0,193,0,17,410,7584,0,0,0,0,0,0,0,0,0,0,0,0,0,0,0,0,0,0,0,0,0,0,0,0,0,0,0,0,0,0,0,0,0,0,0,0,0,0,0,0,0,0,0,0,0,0,0,0,0,0,0,0,0,0,688151236,0,0,0,962027731,0,0,0,0,0,0,0,188956680,461370345,826909801,381182007296,153829150,1,1,0,0,0,0,0,0,0,0,0,0,0,0,0,0,0,0,0,0,0,0,0,0,0,0,0,0,0,0,0,1437,0,0,0,0,0,0,0
1782469751.472,0,0,0,0,0,0,0,1709767896,7558778997248,2689703684608,0,0,0,0,0,0,0,0,0,0,0,0,0,0,0,0,0,0,0,0,0,0,0,0,0,0,0,0,0,0,0,0,0,0,0,0,0,0,0,0,0,0,0,0,0,0,0,0,0,0,0,0,0,0,0,0,0,0,7,1936558,463506244,136357117,0,0,0,0,0,0,0,0,0,0,0,0,0,0,0,0,0,0,0,0,0,0,0,0,0,0,0,0,0,0,0,0,0,0,0,0,0,12880166912,5207687168,786143,317852,135588963,192,0,96,786432,461484785,811172,11,8430245799,12884901888,2147000,1338218862,0,0,0,0,0,0,0,0,0,0,0,0,0,0,0,0,0,0,45759229,145657295,0,468,1202,7661,620,91519086,35,0,0,0,0,0,0,0,1,0,0,0,0,0,0,0,0,0,0,55244160,0,135587945,2297849,0,0,0,0,0,0,0,0,16384,0,0,0,0,0,0,0,0,0,0,0,7585,410,0,0,0,0,0,139107364,0,193,0,17,410,7585,0,0,0,0,0,0,0,0,0,0,0,0,0,0,0,0,0,0,0,0,0,0,0,0,0,0,0,0,0,0,0,0,0,0,0,0,0,0,0,0,0,0,0,0,0,0,0,0,0,0,0,0,0,0,688289186,0,0,0,962187636,0,0,0,0,0,0,0,188976361,461482274,827081332,381254133760,153841835,1,0,0,0,0,0,0,0,0,0,0,0,0,0,0,0,0,0,0,0,0,0,0,0,0,0,0,0,0,0,0,1248,0,0,0,0,0,0,0
1782469752.554,0,0,0,0,0,0,0,1710087069,7560626162176,2690337735168,0,0,0,0,0,0,0,0,0,0,0,0,0,0,0,0,0,0,0,0,0,0,0,0,0,0,0,0,0,0,0,0,0,0,0,0,0,0,0,0,0,0,0,0,0,0,0,0,0,0,0,0,0,0,0,0,0,0,7,1936599,463619828,136390713,0,0,0,0,0,0,0,0,0,0,0,0,0,0,0,0,0,0,0,0,0,0,0,0,0,0,0,0,0,0,0,0,0,0,0,0,0,12881870848,5178933248,786246,316097,135619570,89,0,97,786432,461597865,811172,11,8431855334,12884901888,2149428,1338427965,0,0,0,0,0,0,0,0,0,0,0,0,0,0,0,0,0,0,45768703,145666767,0,468,1202,7661,620,91538039,35,0,0,0,0,0,0,0,1,0,0,0,0,0,0,0,0,0,0,55254886,0,135620472,2298282,0,0,0,0,0,0,0,0,16384,0,0,0,0,0,0,0,0,0,0,0,7586,410,0,0,0,0,0,139136148,0,193,0,17,410,7586,0,0,0,0,0,0,0,0,0,0,0,0,0,0,0,0,0,0,0,0,0,0,0,0,0,0,0,0,0,0,0,0,0,0,0,0,0,0,0,0,0,0,0,0,0,0,0,0,0,0,0,0,0,0,688428179,0,0,0,962348727,0,0,0,0,0,0,0,188995366,461594844,827254843,381326604800,153853780,1,0,0,0,0,0,0,0,0,0,0,0,0,0,0,0,0,0,0,0,0,0,0,0,0,0,0,0,0,0,0,689,0,0,0,0,0,0,0
1782469753.633,0,0,0,0,0,0,0,1710414009,7562514319872,2690966311936,0,0,0,0,0,0,0,0,0,0,0,0,0,0,0,0,0,0,0,0,0,0,0,0,0,0,0,0,0,0,0,0,0,0,0,0,0,0,0,0,0,0,0,0,0,0,0,0,0,0,0,0,0,0,0,0,0,0,7,1936638,463735922,136423970,0,0,0,0,0,0,0,0,0,0,0,0,0,0,0,0,0,0,0,0,0,0,0,0,0,0,0,0,0,0,0,0,0,0,0,0,0,12881051648,5166284800,786197,315325,135655570,137,0,96,786432,461713456,811172,11,8433502256,12884901888,2151738,1338640128,0,0,0,0,0,0,0,0,0,0,0,0,0,0,0,0,0,0,45778401,145676466,0,468,1202,7661,620,91557441,35,0,0,0,0,0,0,0,1,0,0,0,0,0,0,0,0,0,0,55265872,0,135653219,2298723,0,0,0,0,0,0,0,0,16384,0,0,0,0,0,0,0,0,0,0,0,7587,410,0,0,0,0,0,139165628,0,193,0,17,410,7587,0,0,0,0,0,0,0,0,0,0,0,0,0,0,0,0,0,0,0,0,0,0,0,0,0,0,0,0,0,0,0,0,0,0,0,0,0,0,0,0,0,0,0,0,0,0,0,0,0,0,0,0,0,0,688568734,0,0,0,962512609,0,0,0,0,0,0,0,189015098,461709926,827429442,381400050176,153866157,1,1,0,0,0,0,0,0,0,0,0,0,0,0,0,0,0,0,0,0,0,0,0,0,0,0,0,0,0,0,0,1196,0,0,0,0,0,0,0
1782469754.717,0,0,0,0,0,0,0,1710748185,7564452940288,2691590970368,0,0,0,0,0,0,0,0,0,0,0,0,0,0,0,0,0,0,0,0,0,0,0,0,0,0,0,0,0,0,0,0,0,0,0,0,0,0,0,0,0,0,0,0,0,0,0,0,0,0,0,0,0,0,0,0,0,0,7,1936667,463855212,136456815,0,0,0,0,0,0,0,0,0,0,0,0,0,0,0,0,0,0,0,0,0,0,0,0,0,0,0,0,0,0,0,0,0,0,0,0,0,12878217216,5176197120,786023,315929,135687577,291,0,117,786432,461832226,811172,11,8435189094,12884901888,2154258,1338859460,0,0,0,0,0,0,0,0,0,0,0,0,0,0,0,0,0,0,45788345,145686408,0,468,1202,7661,620,91577326,35,0,0,0,0,0,0,0,1,0,0,0,0,0,0,0,0,0,0,55277136,0,135685151,2299171,0,0,0,0,0,0,0,0,16384,0,0,0,0,0,0,0,0,0,0,0,7588,410,0,0,0,0,0,139195831,0,193,0,17,410,7588,0,0,0,0,0,0,0,0,0,0,0,0,0,0,0,0,0,0,0,0,0,0,0,0,0,0,0,0,0,0,0,0,0,0,0,0,0,0,0,0,0,0,0,0,0,0,0,0,0,0,0,0,0,0,688711149,0,0,0,962681482,0,0,0,0,0,0,0,189034627,461828108,827605638,381474557952,153878059,1,1,0,0,0,0,0,0,0,0,0,0,0,0,0,0,0,0,0,0,0,0,0,0,0,0,0,0,0,0,0,499,0,0,0,0,0,0,0
1782469755.805,0,0,0,0,0,0,0,1711079407,7566366427648,2692202369536,0,0,0,0,0,0,0,0,0,0,0,0,0,0,0,0,0,0,0,0,0,0,0,0,0,0,0,0,0,0,0,0,0,0,0,0,0,0,0,0,0,0,0,0,0,0,0,0,0,0,0,0,0,0,0,0,0,0,7,1936725,463972885,136489057,0,0,0,0,0,0,0,0,0,0,0,0,0,0,0,0,0,0,0,0,0,0,0,0,0,0,0,0,0,0,0,0,0,0,0,0,0,12877758464,5184765952,785997,316453,135719135,337,0,100,786432,461949381,811172,11,8436855148,12884901888,2156046,1339072651,0,0,0,0,0,0,0,0,0,0,0,0,0,0,0,0,0,0,45798180,145696244,0,468,1202,7661,620,91596990,35,0,0,0,0,0,0,0,1,0,0,0,0,0,0,0,0,0,0,55288252,0,135716709,2299610,0,0,0,0,0,0,0,0,16384,0,0,0,0,0,0,0,0,0,0,0,7589,410,0,0,0,0,0,139225711,0,193,0,17,410,7589,0,0,0,0,0,0,0,0,0,0,0,0,0,0,0,0,0,0,0,0,0,0,0,0,0,0,0,0,0,0,0,0,0,0,0,0,0,0,0,0,0,0,0,0,0,0,0,0,0,0,0,0,0,0,688847452,0,0,0,962846867,0,0,0,0,0,0,0,189054053,461944787,827774952,381546295296,153890166,1,1,0,0,0,0,0,0,0,0,0,0,0,0,0,0,0,0,0,0,0,0,0,0,0,0,0,0,0,0,0,1753,0,0,0,0,0,0,0
1782469756.893,0,0,0,0,0,0,0,1711392612,7568173484544,2692787938816,0,0,0,0,0,0,0,0,0,0,0,0,0,0,0,0,0,0,0,0,0,0,0,0,0,0,0,0,0,0,0,0,0,0,0,0,0,0,0,0,0,0,0,0,0,0,0,0,0,0,0,0,0,0,0,0,0,0,7,1936762,464083985,136519789,0,0,0,0,0,0,0,0,0,0,0,0,0,0,0,0,0,0,0,0,0,0,0,0,0,0,0,0,0,0,0,0,0,0,0,0,0,12882460672,5187960832,786283,316648,135749162,49,0,97,786432,462060000,811172,11,8438434127,12884901888,2158127,1339278532,0,0,0,0,0,0,0,0,0,0,0,0,0,0,0,0,0,0,45807473,145705535,0,468,1202,7661,620,91615571,35,0,0,0,0,0,0,0,1,0,0,0,0,0,0,0,0,0,0,55298762,0,135746879,2300021,0,0,0,0,0,0,0,0,16384,0,0,0,0,0,0,0,0,0,0,0,7590,410,0,0,0,0,0,139253931,0,193,0,17,410,7590,0,0,0,0,0,0,0,0,0,0,0,0,0,0,0,0,0,0,0,0,0,0,0,0,0,0,0,0,0,0,0,0,0,0,0,0,0,0,0,0,0,0,0,0,0,0,0,0,0,0,0,0,0,0,688983886,0,0,0,963004958,0,0,0,0,0,0,0,189071615,462054993,827942768,381617511424,153901466,1,0,0,0,0,0,0,0,0,0,0,0,0,0,0,0,0,0,0,0,0,0,0,0,0,0,0,0,0,0,0,1080,0,0,0,0,0,0,0
1782469757.977,0,0,0,0,0,0,0,1711705107,7569976625664,2693372576256,0,0,0,0,0,0,0,0,0,0,0,0,0,0,0,0,0,0,0,0,0,0,0,0,0,0,0,0,0,0,0,0,0,0,0,0,0,0,0,0,0,0,0,0,0,0,0,0,0,0,0,0,0,0,0,0,0,0,7,1936799,464194959,136550380,0,0,0,0,0,0,0,0,0,0,0,0,0,0,0,0,0,0,0,0,0,0,0,0,0,0,0,0,0,0,0,0,0,0,0,0,0,12880166912,5196496896,786144,317169,135778913,171,0,116,786432,462170527,811172,11,8440006824,12884901888,2160798,1339481440,0,0,0,0,0,0,0,0,0,0,0,0,0,0,0,0,0,0,45816741,145714805,0,468,1202,7661,620,91634120,35,0,0,0,0,0,0,0,1,0,0,0,0,0,0,0,0,0,0,55309251,0,135776487,2300431,0,0,0,0,0,0,0,0,16384,0,0,0,0,0,0,0,0,0,0,0,7591,410,0,0,0,0,0,139282112,0,193,0,17,410,7591,0,0,0,0,0,0,0,0,0,0,0,0,0,0,0,0,0,0,0,0,0,0,0,0,0,0,0,0,0,0,0,0,0,0,0,0,0,0,0,0,0,0,0,0,0,0,0,0,0,0,0,0,0,0,689122377,0,0,0,963161654,0,0,0,0,0,0,0,189089629,462164917,828112900,381689586688,153913105,1,0,0,0,0,0,0,0,0,0,0,0,0,0,0,0,0,0,0,0,0,0,0,0,0,0,0,0,0,0,0,1427,0,0,0,0,0,0,0
1782469759.070,0,0,0,0,0,0,0,1712036117,7571888523776,2693990962176,0,0,0,0,0,0,0,0,0,0,0,0,0,0,0,0,0,0,0,0,0,0,0,0,0,0,0,0,0,0,0,0,0,0,0,0,0,0,0,0,0,0,0,0,0,0,0,0,0,0,0,0,0,0,0,0,0,0,7,1936834,464312508,136582816,0,0,0,0,0,0,0,0,0,0,0,0,0,0,0,0,0,0,0,0,0,0,0,0,0,0,0,0,0,0,0,0,0,0,0,0,0,12878266368,5205491712,786027,317718,135810546,308,0,96,786432,462287577,811172,11,8441673442,12884901888,2163216,1339697298,0,0,0,0,0,0,0,0,0,0,0,0,0,0,0,0,0,0,45826563,145724630,0,468,1202,7661,620,91653756,35,0,0,0,0,0,0,0,1,0,0,0,0,0,0,0,0,0,0,55320362,0,135808194,2300863,0,0,0,0,0,0,0,0,16384,0,0,0,0,0,0,0,0,0,0,0,7593,410,0,0,0,0,0,139311993,0,193,0,17,410,7593,0,0,0,0,0,0,0,0,0,0,0,0,0,0,0,0,0,0,0,0,0,0,0,0,0,0,0,0,0,0,0,0,0,0,0,0,0,0,0,0,0,0,0,0,0,0,0,0,0,0,0,0,0,0,689266607,0,0,0,963328019,0,0,0,0,0,0,0,189108519,462281539,828290373,381764805632,153925140,1,1,0,0,0,0,0,0,0,0,0,0,0,0,0,0,0,0,0,0,0,0,0,0,0,0,0,0,0,0,0,1359,0,0,0,0,0,0,0
1782469760.160,0,0,0,0,0,0,0,1712350305,7573697989120,2694585144832,0,0,0,0,0,0,0,0,0,0,0,0,0,0,0,0,0,0,0,0,0,0,0,0,0,0,0,0,0,0,0,0,0,0,0,0,0,0,0,0,0,0,0,0,0,0,0,0,0,0,0,0,0,0,0,0,0,0,7,1936868,464423841,136613917,0,0,0,0,0,0,0,0,0,0,0,0,0,0,0,0,0,0,0,0,0,0,0,0,0,0,0,0,0,0,0,0,0,0,0,0,0,12880953344,5207506944,786192,317841,135840950,141,0,96,786432,462398408,811172,11,8443257318,12884901888,2165316,1339903226,0,0,0,0,0,0,0,0,0,0,0,0,0,0,0,0,0,0,45835907,145733972,0,468,1202,7661,620,91672442,35,0,0,0,0,0,0,0,1,0,0,0,0,0,0,0,0,0,0,55330948,0,135838598,2301270,0,0,0,0,0,0,0,0,16384,0,0,0,0,0,0,0,0,0,0,0,7594,410,0,0,0,0,0,139340356,0,193,0,17,410,7594,0,0,0,0,0,0,0,0,0,0,0,0,0,0,0,0,0,0,0,0,0,0,0,0,0,0,0,0,0,0,0,0,0,0,0,0,0,0,0,0,0,0,0,0,0,0,0,0,0,0,0,0,0,0,689406579,0,0,0,963486684,0,0,0,0,0,0,0,189125113,462391906,828462197,381837674496,153935770,1,0,0,0,0,0,0,0,0,0,0,0,0,0,0,0,0,0,0,0,0,0,0,0,0,0,0,0,0,0,0,698,0,0,0,0,0,0,0
1782469761.253,0,0,0,0,0,0,0,1712676850,7575585081856,2695197564928,0,0,0,0,0,0,0,0,0,0,0,0,0,0,0,0,0,0,0,0,0,0,0,0,0,0,0,0,0,0,0,0,0,0,0,0,0,0,0,0,0,0,0,0,0,0,0,0,0,0,0,0,0,0,0,0,0,0,7,1936908,464539912,136646054,0,0,0,0,0,0,0,0,0,0,0,0,0,0,0,0,0,0,0,0,0,0,0,0,0,0,0,0,0,0,0,0,0,0,0,0,0,12881117184,5215256576,786201,318314,135872244,132,0,96,786432,462513968,811172,11,8444902003,12884901888,2167534,1340115869,0,0,0,0,0,0,0,0,0,0,0,0,0,0,0,0,0,0,45845601,145743664,0,468,1202,7661,620,91691829,35,0,0,0,0,0,0,0,1,0,0,0,0,0,0,0,0,0,0,55341912,0,135869892,2301701,0,0,0,0,0,0,0,0,16384,0,0,0,0,0,0,0,0,0,0,0,7595,410,0,0,0,0,0,139369841,0,193,0,17,410,7595,0,0,0,0,0,0,0,0,0,0,0,0,0,0,0,0,0,0,0,0,0,0,0,0,0,0,0,0,0,0,0,0,0,0,0,0,0,0,0,0,0,0,0,0,0,0,0,0,0,0,0,0,0,0,689549053,0,0,0,963650753,0,0,0,0,0,0,0,189145106,462506948,828637711,381911874560,153948725,1,0,0,0,0,0,0,0,0,0,0,0,0,0,0,0,0,0,0,0,0,0,0,0,0,0,0,0,0,0,0,861,0,0,0,0,0,0,0
1782469762.341,0,0,0,0,0,0,0,1713015979,7577538988544,2695827558912,0,0,0,0,0,0,0,0,0,0,0,0,0,0,0,0,0,0,0,0,0,0,0,0,0,0,0,0,0,0,0,0,0,0,0,0,0,0,0,0,0,0,0,0,0,0,0,0,0,0,0,0,0,0,0,0,0,0,7,1936938,464660122,136679086,0,0,0,0,0,0,0,0,0,0,0,0,0,0,0,0,0,0,0,0,0,0,0,0,0,0,0,0,0,0,0,0,0,0,0,0,0,12881068032,5226332160,786198,318990,135904740,134,0,97,786432,462633645,811172,11,8446609888,12884901888,2169171,1340335329,0,0,0,0,0,0,0,0,0,0,0,0,0,0,0,0,0,0,45855672,145753735,0,468,1202,7661,620,91711977,35,0,0,0,0,0,0,0,1,0,0,0,0,0,0,0,0,0,0,55353334,0,135902388,2302150,0,0,0,0,0,0,0,0,16384,0,0,0,0,0,0,0,0,0,0,0,7596,410,0,0,0,0,0,139400451,0,193,0,17,410,7596,0,0,0,0,0,0,0,0,0,0,0,0,0,0,0,0,0,0,0,0,0,0,0,0,0,0,0,0,0,0,0,0,0,0,0,0,0,0,0,0,0,0,0,0,0,0,0,0,0,0,0,0,0,0,689694793,0,0,0,963820773,0,0,0,0,0,0,0,189164867,462626083,828817106,381987990016,153961088,1,1,0,0,0,0,0,0,0,0,0,0,0,0,0,0,0,0,0,0,0,0,0,0,0,0,0,0,0,0,0,1560,0,0,0,0,0,0,0
1782469763.434,0,0,0,0,0,0,0,1713344103,7579444890112,2696454930432,0,0,0,0,0,0,0,0,0,0,0,0,0,0,0,0,0,0,0,0,0,0,0,0,0,0,0,0,0,0,0,0,0,0,0,0,0,0,0,0,0,0,0,0,0,0,0,0,0,0,0,0,0,0,0,0,0,0,7,1936983,464777393,136711955,0,0,0,0,0,0,0,0,0,0,0,0,0,0,0,0,0,0,0,0,0,0,0,0,0,0,0,0,0,0,0,0,0,0,0,0,0,12881526784,5225480192,786226,318938,135936454,109,0,97,786432,462750382,811172,11,8448265147,12884901888,2171282,1340549979,0,0,0,0,0,0,0,0,0,0,0,0,0,0,0,0,0,0,45865416,145763478,0,468,1202,7661,620,91731466,35,0,0,0,0,0,0,0,1,0,0,0,0,0,0,0,0,0,0,55364357,0,135934358,2302582,0,0,0,0,0,0,0,0,16384,0,0,0,0,0,0,0,0,0,0,0,7597,410,0,0,0,0,0,139430042,0,193,0,17,410,7597,0,0,0,0,0,0,0,0,0,0,0,0,0,0,0,0,0,0,0,0,0,0,0,0,0,0,0,0,0,0,0,0,0,0,0,0,0,0,0,0,0,0,0,0,0,0,0,0,0,0,0,0,0,0,689835458,0,0,0,963985846,0,0,0,0,0,0,0,189184901,462742259,828991450,382061664768,153973790,1,1,0,0,0,0,0,0,0,0,0,0,0,0,0,0,0,0,0,0,0,0,0,0,0,0,0,0,0,0,0,1446,0,0,0,0,0,0,0
1782469764.520,0,0,0,0,0,0,0,1713664140,7581293922816,2697097517568,0,0,0,0,0,0,0,0,0,0,0,0,0,0,0,0,0,0,0,0,0,0,0,0,0,0,0,0,0,0,0,0,0,0,0,0,0,0,0,0,0,0,0,0,0,0,0,0,0,0,0,0,0,0,0,0,0,0,7,1937024,464891167,136745953,0,0,0,0,0,0,0,0,0,0,0,0,0,0,0,0,0,0,0,0,0,0,0,0,0,0,0,0,0,0,0,0,0,0,0,0,0,12880035840,5191467008,786135,316862,135966989,199,0,98,786432,462863687,811172,11,8449878917,12884901888,2174653,1340759385,0,0,0,0,0,0,0,0,0,0,0,0,0,0,0,0,0,0,45874942,145773004,0,468,1202,7661,620,91750519,35,0,0,0,0,0,0,0,1,0,0,0,0,0,0,0,0,0,0,55375144,0,135967325,2303022,0,0,0,0,0,0,0,0,16384,0,0,0,0,0,0,0,0,0,0,0,7598,410,0,0,0,0,0,139459025,0,193,0,17,410,7598,0,0,0,0,0,0,0,0,0,0,0,0,0,0,0,0,0,0,0,0,0,0,0,0,0,0,0,0,0,0,0,0,0,0,0,0,0,0,0,0,0,0,0,0,0,0,0,0,0,0,0,0,0,0,689974434,0,0,0,964147255,0,0,0,0,0,0,0,189204753,462854959,829165573,382134208512,153986236,1,1,0,0,0,0,0,0,0,0,0,0,0,0,0,0,0,0,0,0,0,0,0,0,0,0,0,0,0,0,0,1018,0,0,0,0,0,0,0
1782469765.601,0,0,0,0,0,0,0,1713977871,7583115659776,2697716489728,0,0,0,0,0,0,0,0,0,0,0,0,0,0,0,0,0,0,0,0,0,0,0,0,0,0,0,0,0,0,0,0,0,0,0,0,0,0,0,0,0,0,0,0,0,0,0,0,0,0,0,0,0,0,0,0,0,0,7,1937064,465003205,136778975,0,0,0,0,0,0,0,0,0,0,0,0,0,0,0,0,0,0,0,0,0,0,0,0,0,0,0,0,0,0,0,0,0,0,0,0,0,12877905920,5163433984,786005,315151,135997639,332,0,98,786432,462975267,811172,11,8451456364,12884901888,2176940,1340961258,0,0,0,0,0,0,0,0,0,0,0,0,0,0,0,0,0,0,45884257,145782317,0,468,1202,7661,620,91769154,35,0,0,0,0,0,0,0,1,0,0,0,0,0,0,0,0,0,0,55385691,0,135999707,2303450,0,0,0,0,0,0,0,0,16384,0,0,0,0,0,0,0,0,0,0,0,7599,410,0,0,0,0,0,139487328,0,193,0,17,410,7599,0,0,0,0,0,0,0,0,0,0,0,0,0,0,0,0,0,0,0,0,0,0,0,0,0,0,0,0,0,0,0,0,0,0,0,0,0,0,0,0,0,0,0,0,0,0,0,0,0,0,0,0,0,0,690109309,0,0,0,964304117,0,0,0,0,0,0,0,189223829,462966041,829334219,382204745216,153998505,1,0,0,0,0,0,0,0,0,0,0,0,0,0,0,0,0,0,0,0,0,0,0,0,0,0,0,0,0,0,0,1941,0,0,0,0,0,0,0
1782469766.679,0,0,0,0,0,0,0,1714275108,7584835455488,2698285124096,0,0,0,0,0,0,0,0,0,0,0,0,0,0,0,0,0,0,0,0,0,0,0,0,0,0,0,0,0,0,0,0,0,0,0,0,0,0,0,0,0,0,0,0,0,0,0,0,0,0,0,0,0,0,0,0,0,0,7,1937097,465108990,136808772,0,0,0,0,0,0,0,0,0,0,0,0,0,0,0,0,0,0,0,0,0,0,0,0,0,0,0,0,0,0,0,0,0,0,0,0,0,12878757888,5162844160,786057,315115,136030888,279,0,97,786432,463080612,811172,11,8452953684,12884901888,2179706,1341154148,0,0,0,0,0,0,0,0,0,0,0,0,0,0,0,0,0,0,45893087,145791150,0,468,1202,7661,620,91786796,35,0,0,0,0,0,0,0,1,0,0,0,0,0,0,0,0,0,0,55395700,0,136028536,2303835,0,0,0,0,0,0,0,0,16384,0,0,0,0,0,0,0,0,0,0,0,7600,410,0,0,0,0,0,139514148,0,193,0,17,410,7600,0,0,0,0,0,0,0,0,0,0,0,0,0,0,0,0,0,0,0,0,0,0,0,0,0,0,0,0,0,0,0,0,0,0,0,0,0,0,0,0,0,0,0,0,0,0,0,0,0,0,0,0,0,0,690242577,0,0,0,964453310,0,0,0,0,0,0,0,189240439,463070952,829498247,382274115584,154009628,1,1,0,0,0,0,0,0,0,0,0,0,0,0,0,0,0,0,0,0,0,0,0,0,0,0,0,0,0,0,0,2131,0,0,0,0,0,0,0
1782469767.759,0,0,0,0,0,0,0,1714611042,7586772175360,2698904441856,0,0,0,0,0,0,0,0,0,0,0,0,0,0,0,0,0,0,0,0,0,0,0,0,0,0,0,0,0,0,0,0,0,0,0,0,0,0,0,0,0,0,0,0,0,0,0,0,0,0,0,0,0,0,0,0,0,0,7,1937135,465228113,136841196,0,0,0,0,0,0,0,0,0,0,0,0,0,0,0,0,0,0,0,0,0,0,0,0,0,0,0,0,0,0,0,0,0,0,0,0,0,12880314368,5178933248,786152,316097,136062917,183,0,96,786432,463199171,811172,11,8454646956,12884901888,2181097,1341375416,0,0,0,0,0,0,0,0,0,0,0,0,0,0,0,0,0,0,45903039,145801101,0,468,1202,7661,620,91806709,35,0,0,0,0,0,0,0,1,0,0,0,0,0,0,0,0,0,0,55406993,0,136060565,2304270,0,0,0,0,0,0,0,0,16384,0,0,0,0,0,0,0,0,0,0,0,7601,410,0,0,0,0,0,139544419,0,193,0,17,410,7601,0,0,0,0,0,0,0,0,0,0,0,0,0,0,0,0,0,0,0,0,0,0,0,0,0,0,0,0,0,0,0,0,0,0,0,0,0,0,0,0,0,0,0,0,0,0,0,0,0,0,0,0,0,0,690388067,0,0,0,964623083,0,0,0,0,0,0,0,189259680,463189045,829676655,382350169088,154021920,0,0,0,0,0,0,0,0,0,0,0,0,0,0,0,0,0,0,0,0,0,0,0,0,0,0,0,0,0,0,0,1364,0,0,0,0,0,0,0
1782469768.852,0,0,0,0,0,0,0,1714933237,7588640524800,2699510701056,0,0,0,0,0,0,0,0,0,0,0,0,0,0,0,0,0,0,0,0,0,0,0,0,0,0,0,0,0,0,0,0,0,0,0,0,0,0,0,0,0,0,0,0,0,0,0,0,0,0,0,0,0,0,0,0,0,0,7,1937173,465343103,136873018,0,0,0,0,0,0,0,0,0,0,0,0,0,0,0,0,0,0,0,0,0,0,0,0,0,0,0,0,0,0,0,0,0,0,0,0,0,12877365248,5184782336,785972,316454,136093710,364,0,97,786432,463313637,811172,11,8456268923,12884901888,2184028,1341583684,0,0,0,0,0,0,0,0,0,0,0,0,0,0,0,0,0,0,45912610,145810675,0,468,1202,7661,620,91825849,35,0,0,0,0,0,0,0,1,0,0,0,0,0,0,0,0,0,0,55417830,0,136091358,2304683,0,0,0,0,0,0,0,0,16384,0,0,0,0,0,0,0,0,0,0,0,7602,410,0,0,0,0,0,139573558,0,193,0,17,410,7602,0,0,0,0,0,0,0,0,0,0,0,0,0,0,0,0,0,0,0,0,0,0,0,0,0,0,0,0,0,0,0,0,0,0,0,0,0,0,0,0,0,0,0,0,0,0,0,0,0,0,0,0,0,0,690528665,0,0,0,964784751,0,0,0,0,0,0,0,189278655,463302998,829850079,382423367680,154034154,1,0,0,0,0,0,0,0,0,0,0,0,0,0,0,0,0,0,0,0,0,0,0,0,0,0,0,0,0,0,0,1703,0,0,0,0,0,0,0
1782469769.939,0,0,0,0,0,0,0,1715244660,7590434294272,2700099728896,0,0,0,0,0,0,0,0,0,0,0,0,0,0,0,0,0,0,0,0,0,0,0,0,0,0,0,0,0,0,0,0,0,0,0,0,0,0,0,0,0,0,0,0,0,0,0,0,0,0,0,0,0,0,0,0,0,0,7,1937222,465453450,136903884,0,0,0,0,0,0,0,0,0,0,0,0,0,0,0,0,0,0,0,0,0,0,0,0,0,0,0,0,0,0,0,0,0,0,0,0,0,12881264640,5184684032,786210,316448,136123752,124,0,96,786432,463423468,811172,11,8457841828,12884901888,2186712,1341789384,0,0,0,0,0,0,0,0,0,0,0,0,0,0,0,0,0,0,45921864,145819928,0,468,1202,7661,620,91844354,35,0,0,0,0,0,0,0,1,0,0,0,0,0,0,0,0,0,0,55428310,0,136121528,2305091,0,0,0,0,0,0,0,0,16384,0,0,0,0,0,0,0,0,0,0,0,7603,410,0,0,0,0,0,139601672,0,193,0,17,410,7603,0,0,0,0,0,0,0,0,0,0,0,0,0,0,0,0,0,0,0,0,0,0,0,0,0,0,0,0,0,0,0,0,0,0,0,0,0,0,0,0,0,0,0,0,0,0,0,0,0,0,0,0,0,0,690667899,0,0,0,964942427,0,0,0,0,0,0,0,189296025,463412390,830021101,382495961088,154045133,1,0,0,0,0,0,0,0,0,0,0,0,0,0,0,0,0,0,0,0,0,0,0,0,0,0,0,0,0,0,0,514,0,0,0,0,0,0,0
1782469771.027,0,0,0,0,0,0,0,1715569340,7592305658368,2700702036992,0,0,0,0,0,0,0,0,0,0,0,0,0,0,0,0,0,0,0,0,0,0,0,0,0,0,0,0,0,0,0,0,0,0,0,0,0,0,0,0,0,0,0,0,0,0,0,0,0,0,0,0,0,0,0,0,0,0,7,1937267,465568582,136935471,0,0,0,0,0,0,0,0,0,0,0,0,0,0,0,0,0,0,0,0,0,0,0,0,0,0,0,0,0,0,0,0,0,0,0,0,0,12880674816,5199151104,786173,317331,136154474,159,0,98,786432,463538084,811172,11,8459473608,12884901888,2189516,1341999142,0,0,0,0,0,0,0,0,0,0,0,0,0,0,0,0,0,0,45931487,145829548,0,468,1202,7661,620,91863601,35,0,0,0,0,0,0,0,1,0,0,0,0,0,0,0,0,0,0,55439191,0,136152122,2305512,0,0,0,0,0,0,0,0,16384,0,0,0,0,0,0,0,0,0,0,0,7605,410,0,0,0,0,0,139630891,0,193,0,17,410,7605,0,0,0,0,0,0,0,0,0,0,0,0,0,0,0,0,0,0,0,0,0,0,0,0,0,0,0,0,0,0,0,0,0,0,0,0,0,0,0,0,0,0,0,0,0,0,0,0,0,0,0,0,0,0,690808066,0,0,0,965104641,0,0,0,0,0,0,0,189316372,463526535,830193843,382569220096,154058283,1,0,0,0,0,0,0,0,0,0,0,0,0,0,0,0,0,0,0,0,0,0,0,0,0,0,0,0,0,0,0,1424,0,0,0,0,0,0,0
1782469772.115,0,0,0,0,0,0,0,1715906883,7594250275328,2701327943680,0,0,0,0,0,0,0,0,0,0,0,0,0,0,0,0,0,0,0,0,0,0,0,0,0,0,0,0,0,0,0,0,0,0,0,0,0,0,0,0,0,0,0,0,0,0,0,0,0,0,0,0,0,0,0,0,0,0,7,1937301,465688186,136968264,0,0,0,0,0,0,0,0,0,0,0,0,0,0,0,0,0,0,0,0,0,0,0,0,0,0,0,0,0,0,0,0,0,0,0,0,0,12876759040,5209227264,785935,317946,136186752,400,0,96,786432,463657160,811172,11,8461176677,12884901888,2191077,1342220909,0,0,0,0,0,0,0,0,0,0,0,0,0,0,0,0,0,0,45941524,145839588,0,468,1202,7661,620,91883673,35,0,0,0,0,0,0,0,1,0,0,0,0,0,0,0,0,0,0,55450559,0,136184400,2305957,0,0,0,0,0,0,0,0,16384,0,0,0,0,0,0,0,0,0,0,0,7606,410,0,0,0,0,0,139661362,0,193,0,17,410,7606,0,0,0,0,0,0,0,0,0,0,0,0,0,0,0,0,0,0,0,0,0,0,0,0,0,0,0,0,0,0,0,0,0,0,0,0,0,0,0,0,0,0,0,0,0,0,0,0,0,0,0,0,0,0,690953181,0,0,0,965275120,0,0,0,0,0,0,0,189335746,463645077,830372315,382645196800,154070457,1,0,0,0,0,0,0,0,0,0,0,0,0,0,0,0,0,0,0,0,0,0,0,0,0,0,0,0,0,0,0,810,0,0,0,0,0,0,0
1782469773.205,0,0,0,0,0,0,0,1716237321,7596161321472,2701951328256,0,0,0,0,0,0,0,0,0,0,0,0,0,0,0,0,0,0,0,0,0,0,0,0,0,0,0,0,0,0,0,0,0,0,0,0,0,0,0,0,0,0,0,0,0,0,0,0,0,0,0,0,0,0,0,0,0,0,7,1937343,465805791,137001058,0,0,0,0,0,0,0,0,0,0,0,0,0,0,0,0,0,0,0,0,0,0,0,0,0,0,0,0,0,0,0,0,0,0,0,0,0,12879249408,5210341376,786086,318013,136218596,249,0,97,786432,463774238,811172,11,8462838124,12884901888,2193611,1342433609,0,0,0,0,0,0,0,0,0,0,0,0,0,0,0,0,0,0,45951324,145849389,0,468,1202,7661,620,91903294,35,0,0,0,0,0,0,0,1,0,0,0,0,0,0,0,0,0,0,55461639,0,136216332,2306390,0,0,0,0,0,0,0,0,16384,0,0,0,0,0,0,0,0,0,0,0,7607,410,0,0,0,0,0,139691181,0,193,0,17,410,7607,0,0,0,0,0,0,0,0,0,0,0,0,0,0,0,0,0,0,0,0,0,0,0,0,0,0,0,0,0,0,0,0,0,0,0,0,0,0,0,0,0,0,0,0,0,0,0,0,0,0,0,0,0,0,691095050,0,0,0,965440300,0,0,0,0,0,0,0,189355901,463761627,830547926,382719318016,154083083,1,1,0,0,0,0,0,0,0,0,0,0,0,0,0,0,0,0,0,0,0,0,0,0,0,0,0,0,0,0,0,1804,0,0,0,0,0,0,0
1782469774.298,0,0,0,0,0,0,0,1716570395,7598086408704,2702571904000,0,0,0,0,0,0,0,0,0,0,0,0,0,0,0,0,0,0,0,0,0,0,0,0,0,0,0,0,0,0,0,0,0,0,0,0,0,0,0,0,0,0,0,0,0,0,0,0,0,0,0,0,0,0,0,0,0,0,7,1937381,465924218,137033691,0,0,0,0,0,0,0,0,0,0,0,0,0,0,0,0,0,0,0,0,0,0,0,0,0,0,0,0,0,0,0,0,0,0,0,0,0,12880887808,5219467264,786187,318571,136250548,150,0,97,786432,463892169,811172,11,8464519826,12884901888,2195647,1342653356,0,0,0,0,0,0,0,0,0,0,0,0,0,0,0,0,0,0,45961243,145859307,0,468,1202,7661,620,91923119,35,0,0,0,0,0,0,0,1,0,0,0,0,0,0,0,0,0,0,55472865,0,136248196,2306828,0,0,0,0,0,0,0,0,16384,0,0,0,0,0,0,0,0,0,0,0,7608,410,0,0,0,0,0,139721318,0,193,0,17,410,7608,0,0,0,0,0,0,0,0,0,0,0,0,0,0,0,0,0,0,0,0,0,0,0,0,0,0,0,0,0,0,0,0,0,0,0,0,0,0,0,0,0,0,0,0,0,0,0,0,0,0,0,0,0,0,691236876,0,0,0,965609125,0,0,0,0,0,0,0,189376093,463879032,830723182,382793520640,154095746,1,0,0,0,0,0,0,0,0,0,0,0,0,0,0,0,0,0,0,0,0,0,0,0,0,0,0,0,0,0,0,726,0,0,0,0,0,0,0
1782469775.390,0,0,0,0,0,0,0,1716884501,7599900838400,2703163573760,0,0,0,0,0,0,0,0,0,0,0,0,0,0,0,0,0,0,0,0,0,0,0,0,0,0,0,0,0,0,0,0,0,0,0,0,0,0,0,0,0,0,0,0,0,0,0,0,0,0,0,0,0,0,0,0,0,0,7,1937420,466035815,137064710,0,0,0,0,0,0,0,0,0,0,0,0,0,0,0,0,0,0,0,0,0,0,0,0,0,0,0,0,0,0,0,0,0,0,0,0,0,12881346560,5221023744,786215,318666,136280857,120,0,98,786432,464003275,811172,11,8466100798,12884901888,2197952,1342856596,0,0,0,0,0,0,0,0,0,0,0,0,0,0,0,0,0,0,45970560,145868625,0,468,1202,7661,620,91941747,35,0,0,0,0,0,0,0,1,0,0,0,0,0,0,0,0,0,0,55483416,0,136278505,2307255,0,0,0,0,0,0,0,0,16384,0,0,0,0,0,0,0,0,0,0,0,7609,410,0,0,0,0,0,139749653,0,193,0,17,410,7609,0,0,0,0,0,0,0,0,0,0,0,0,0,0,0,0,0,0,0,0,0,0,0,0,0,0,0,0,0,0,0,0,0,0,0,0,0,0,0,0,0,0,0,0,0,0,0,0,0,0,0,0,0,0,691374603,0,0,0,965766517,0,0,0,0,0,0,0,189395175,463989688,830892696,382865519616,154108061,1,0,0,0,0,0,0,0,0,0,0,0,0,0,0,0,0,0,0,0,0,0,0,0,0,0,0,0,0,0,0,1159,0,0,0,0,0,0,0
1782469776.475,0,0,0,0,0,0,0,1717183586,7601623632384,2703752147968,0,0,0,0,0,0,0,0,0,0,0,0,0,0,0,0,0,0,0,0,0,0,0,0,0,0,0,0,0,0,0,0,0,0,0,0,0,0,0,0,0,0,0,0,0,0,0,0,0,0,0,0,0,0,0,0,0,0,7,1937453,466141735,137095711,0,0,0,0,0,0,0,0,0,0,0,0,0,0,0,0,0,0,0,0,0,0,0,0,0,0,0,0,0,0,0,0,0,0,0,0,0,12880625664,5199888384,786171,317375,136309090,167,0,98,786432,464108782,811172,11,8467605249,12884901888,2201542,1343050961,0,0,0,0,0,0,0,0,0,0,0,0,0,0,0,0,0,0,45979445,145877511,0,468,1202,7661,620,91959527,35,0,0,0,0,0,0,0,1,0,0,0,0,0,0,0,0,0,0,55493475,0,136308274,2307632,0,0,0,0,0,0,0,0,16384,0,0,0,0,0,0,0,0,0,0,0,7610,410,0,0,0,0,0,139776691,0,193,0,17,410,7610,0,0,0,0,0,0,0,0,0,0,0,0,0,0,0,0,0,0,0,0,0,0,0,0,0,0,0,0,0,0,0,0,0,0,0,0,0,0,0,0,0,0,0,0,0,0,0,0,0,0,0,0,0,0,691508179,0,0,0,965916578,0,0,0,0,0,0,0,189412266,464094782,831058575,382935246848,154119248,1,0,0,0,0,0,0,0,0,0,0,0,0,0,0,0,0,0,0,0,0,0,0,0,0,0,0,0,0,0,0,1467,0,0,0,0,0,0,0
1782469777.559,0,0,0,0,0,0,0,1717504968,7603479185920,2704390252032,0,0,0,0,0,0,0,0,0,0,0,0,0,0,0,0,0,0,0,0,0,0,0,0,0,0,0,0,0,0,0,0,0,0,0,0,0,0,0,0,0,0,0,0,0,0,0,0,0,0,0,0,0,0,0,0,0,0,7,1937487,466255911,137129516,0,0,0,0,0,0,0,0,0,0,0,0,0,0,0,0,0,0,0,0,0,0,0,0,0,0,0,0,0,0,0,0,0,0,0,0,0,12878249984,5174132736,786026,315804,136339899,310,0,96,786432,464222472,811172,11,8469224674,12884901888,2203845,1343260526,0,0,0,0,0,0,0,0,0,0,0,0,0,0,0,0,0,0,45989008,145887072,0,468,1202,7661,620,91978650,35,0,0,0,0,0,0,0,1,0,0,0,0,0,0,0,0,0,0,55504294,0,136341131,2308084,0,0,0,0,0,0,0,0,16384,0,0,0,0,0,0,0,0,0,0,0,7611,410,0,0,0,0,0,139805746,0,193,0,17,410,7611,0,0,0,0,0,0,0,0,0,0,0,0,0,0,0,0,0,0,0,0,0,0,0,0,0,0,0,0,0,0,0,0,0,0,0,0,0,0,0,0,0,0,0,0,0,0,0,0,0,0,0,0,0,0,691646170,0,0,0,966078342,0,0,0,0,0,0,0,189431740,464207962,831231229,383007312896,154131495,1,0,0,0,0,0,0,0,0,0,0,0,0,0,0,0,0,0,0,0,0,0,0,0,0,0,0,0,0,0,0,1450,0,0,0,0,0,0,0
1782469778.635,0,0,0,0,0,0,0,1717825697,7605328595456,2704996868608,0,0,0,0,0,0,0,0,0,0,0,0,0,0,0,0,0,0,0,0,0,0,0,0,0,0,0,0,0,0,0,0,0,0,0,0,0,0,0,0,0,0,0,0,0,0,0,0,0,0,0,0,0,0,0,0,0,0,7,1937532,466369703,137161267,0,0,0,0,0,0,0,0,0,0,0,0,0,0,0,0,0,0,0,0,0,0,0,0,0,0,0,0,0,0,0,0,0,0,0,0,0,12881756160,5178097664,786240,316047,136370179,96,0,96,786432,464335778,811172,11,8470841727,12884901888,2206530,1343469210,0,0,0,0,0,0,0,0,0,0,0,0,0,0,0,0,0,0,45998537,145896602,0,468,1202,7661,620,91997696,35,0,0,0,0,0,0,0,1,0,0,0,0,0,0,0,0,0,0,55515079,0,136371795,2308505,0,0,0,0,0,0,0,0,16384,0,0,0,0,0,0,0,0,0,0,0,7612,410,0,0,0,0,0,139834696,0,193,0,17,410,7612,0,0,0,0,0,0,0,0,0,0,0,0,0,0,0,0,0,0,0,0,0,0,0,0,0,0,0,0,0,0,0,0,0,0,0,0,0,0,0,0,0,0,0,0,0,0,0,0,0,0,0,0,0,0,691785795,0,0,0,966239807,0,0,0,0,0,0,0,189450301,464320679,831403606,383080230912,154143228,1,0,0,0,0,0,0,0,0,0,0,0,0,0,0,0,0,0,0,0,0,0,0,0,0,0,0,0,0,0,0,1269,0,0,0,0,0,0,0
1782469779.713,0,0,0,0,0,0,0,1718138307,7607122807296,2705593123328,0,0,0,0,0,0,0,0,0,0,0,0,0,0,0,0,0,0,0,0,0,0,0,0,0,0,0,0,0,0,0,0,0,0,0,0,0,0,0,0,0,0,0,0,0,0,0,0,0,0,0,0,0,0,0,0,0,0,7,1937578,466480121,137192667,0,0,0,0,0,0,0,0,0,0,0,0,0,0,0,0,0,0,0,0,0,0,0,0,0,0,0,0,0,0,0,0,0,0,0,0,0,12880445440,5171724288,786160,315657,136405047,164,0,108,786432,464445716,811172,11,8472417525,12884901888,2208900,1343675129,0,0,0,0,0,0,0,0,0,0,0,0,0,0,0,0,0,0,46007797,145905859,0,468,1202,7661,620,92016210,35,0,0,0,0,0,0,0,1,0,0,0,0,0,0,0,0,0,0,55525556,0,136402619,2308914,0,0,0,0,0,0,0,0,16384,0,0,0,0,0,0,0,0,0,0,0,7613,410,0,0,0,0,0,139862831,0,193,0,17,410,7613,0,0,0,0,0,0,0,0,0,0,0,0,0,0,0,0,0,0,0,0,0,0,0,0,0,0,0,0,0,0,0,0,0,0,0,0,0,0,0,0,0,0,0,0,0,0,0,0,0,0,0,0,0,0,691925283,0,0,0,966397702,0,0,0,0,0,0,0,189467778,464430154,831575390,383153030144,154154584,1,0,0,0,0,0,0,0,0,0,0,0,0,0,0,0,0,0,0,0,0,0,0,0,0,0,0,0,0,0,0,574,0,0,0,0,0,0,0
1782469780.801,0,0,0,0,0,0,0,1718463878,7609011718656,2706205952000,0,0,0,0,0,0,0,0,0,0,0,0,0,0,0,0,0,0,0,0,0,0,0,0,0,0,0,0,0,0,0,0,0,0,0,0,0,0,0,0,0,0,0,0,0,0,0,0,0,0,0,0,0,0,0,0,0,0,7,1937621,466596306,137224869,0,0,0,0,0,0,0,0,0,0,0,0,0,0,0,0,0,0,0,0,0,0,0,0,0,0,0,0,0,0,0,0,0,0,0,0,0,12878168064,5174738944,786023,315841,136436411,312,0,98,786432,464561402,811172,11,8474057278,12884901888,2211376,1343886187,0,0,0,0,0,0,0,0,0,0,0,0,0,0,0,0,0,0,46017468,145915532,0,468,1202,7661,620,92035568,35,0,0,0,0,0,0,0,1,0,0,0,0,0,0,0,0,0,0,55536509,0,136433983,2309353,0,0,0,0,0,0,0,0,16384,0,0,0,0,0,0,0,0,0,0,0,7614,410,0,0,0,0,0,139892203,0,193,0,17,410,7614,0,0,0,0,0,0,0,0,0,0,0,0,0,0,0,0,0,0,0,0,0,0,0,0,0,0,0,0,0,0,0,0,0,0,0,0,0,0,0,0,0,0,0,0,0,0,0,0,0,0,0,0,0,0,692064999,0,0,0,966561063,0,0,0,0,0,0,0,189488452,464545300,831748203,383226077696,154167838,1,1,0,0,0,0,0,0,0,0,0,0,0,0,0,0,0,0,0,0,0,0,0,0,0,0,0,0,0,0,0,1002,0,0,0,0,0,0,0
1782469781.890,0,0,0,0,0,0,0,1718796470,7610932562432,2706822311424,0,0,0,0,0,0,0,0,0,0,0,0,0,0,0,0,0,0,0,0,0,0,0,0,0,0,0,0,0,0,0,0,0,0,0,0,0,0,0,0,0,0,0,0,0,0,0,0,0,0,0,0,0,0,0,0,0,0,7,1937664,466714523,137257155,0,0,0,0,0,0,0,0,0,0,0,0,0,0,0,0,0,0,0,0,0,0,0,0,0,0,0,0,0,0,0,0,0,0,0,0,0,12882935808,5186928640,786312,316585,136468035,9,0,109,786432,464679132,811172,11,8475732653,12884901888,2213357,1344100744,0,0,0,0,0,0,0,0,0,0,0,0,0,0,0,0,0,0,46027349,145925415,0,468,1202,7661,620,92055334,35,0,0,0,0,0,0,0,1,0,0,0,0,0,0,0,0,0,0,55547685,0,136465607,2309800,0,0,0,0,0,0,0,0,16384,0,0,0,0,0,0,0,0,0,0,0,7615,410,0,0,0,0,0,139922241,0,193,0,17,410,7615,0,0,0,0,0,0,0,0,0,0,0,0,0,0,0,0,0,0,0,0,0,0,0,0,0,0,0,0,0,0,0,0,0,0,0,0,0,0,0,0,0,0,0,0,0,0,0,0,0,0,0,0,0,0,692208404,0,0,0,966727852,0,0,0,0,0,0,0,189508458,464662397,831924628,383301126144,154180432,1,0,0,0,0,0,0,0,0,0,0,0,0,0,0,0,0,0,0,0,0,0,0,0,0,0,0,0,0,0,0,1560,0,0,0,0,0,0,0
1782469782.976,0,0,0,0,0,0,0,1719122087,7612811627008,2707436916736,0,0,0,0,0,0,0,0,0,0,0,0,0,0,0,0,0,0,0,0,0,0,0,0,0,0,0,0,0,0,0,0,0,0,0,0,0,0,0,0,0,0,0,0,0,0,0,0,0,0,0,0,0,0,0,0,0,0,7,1937721,466830136,137289448,0,0,0,0,0,0,0,0,0,0,0,0,0,0,0,0,0,0,0,0,0,0,0,0,0,0,0,0,0,0,0,0,0,0,0,0,0,12877791232,5190975488,785998,316832,136499439,337,0,96,786432,464794260,811172,11,8477374090,12884901888,2215784,1344312964,0,0,0,0,0,0,0,0,0,0,0,0,0,0,0,0,0,0,46037028,145935089,0,468,1202,7661,620,92074677,35,0,0,0,0,0,0,0,1,0,0,0,0,0,0,0,0,0,0,55558644,0,136497011,2310233,0,0,0,0,0,0,0,0,16384,0,0,0,0,0,0,0,0,0,0,0,7616,410,0,0,0,0,0,139951684,0,193,0,17,410,7616,0,0,0,0,0,0,0,0,0,0,0,0,0,0,0,0,0,0,0,0,0,0,0,0,0,0,0,0,0,0,0,0,0,0,0,0,0,0,0,0,0,0,0,0,0,0,0,0,0,0,0,0,0,0,692348133,0,0,0,966891620,0,0,0,0,0,0,0,189529114,464776966,832097630,383374331904,154193625,1,0,0,0,0,0,0,0,0,0,0,0,0,0,0,0,0,0,0,0,0,0,0,0,0,0,0,0,0,0,0,1701,0,0,0,0,0,0,0
1782469784.064,0,0,0,0,0,0,0,1719456321,7614735141376,2708055624192,0,0,0,0,0,0,0,0,0,0,0,0,0,0,0,0,0,0,0,0,0,0,0,0,0,0,0,0,0,0,0,0,0,0,0,0,0,0,0,0,0,0,0,0,0,0,0,0,0,0,0,0,0,0,0,0,0,0,7,1937760,466948447,137321891,0,0,0,0,0,0,0,0,0,0,0,0,0,0,0,0,0,0,0,0,0,0,0,0,0,0,0,0,0,0,0,0,0,0,0,0,0,12879036416,5203820544,786074,317616,136531126,259,0,96,786432,464912031,811172,11,8479056581,12884901888,2217791,1344530510,0,0,0,0,0,0,0,0,0,0,0,0,0,0,0,0,0,0,46046946,145945009,0,468,1202,7661,620,92094517,35,0,0,0,0,0,0,0,1,0,0,0,0,0,0,0,0,0,0,55569877,0,136528698,2310678,0,0,0,0,0,0,0,0,16384,0,0,0,0,0,0,0,0,0,0,0,7618,410,0,0,0,0,0,139981832,0,193,0,17,410,7618,0,0,0,0,0,0,0,0,0,0,0,0,0,0,0,0,0,0,0,0,0,0,0,0,0,0,0,0,0,0,0,0,0,0,0,0,0,0,0,0,0,0,0,0,0,0,0,0,0,0,0,0,0,0,692491231,0,0,0,967059421,0,0,0,0,0,0,0,189549485,464894243,832273979,383449358336,154206305,1,0,0,0,0,0,0,0,0,0,0,0,0,0,0,0,0,0,0,0,0,0,0,0,0,0,0,0,0,0,0,1916,0,0,0,0,0,0,0
1782469785.155,0,0,0,0,0,0,0,1719762470,7616500582912,2708635777536,0,0,0,0,0,0,0,0,0,0,0,0,0,0,0,0,0,0,0,0,0,0,0,0,0,0,0,0,0,0,0,0,0,0,0,0,0,0,0,0,0,0,0,0,0,0,0,0,0,0,0,0,0,0,0,0,0,0,7,1937809,467057032,137352173,0,0,0,0,0,0,0,0,0,0,0,0,0,0,0,0,0,0,0,0,0,0,0,0,0,0,0,0,0,0,0,0,0,0,0,0,0,12878381056,5207867392,786034,317863,136560586,301,0,96,786432,465020174,811172,11,8480603207,12884901888,2220338,1344734063,0,0,0,0,0,0,0,0,0,0,0,0,0,0,0,0,0,0,46056028,145954091,0,468,1202,7661,620,92112687,35,0,0,0,0,0,0,0,1,0,0,0,0,0,0,0,0,0,0,55580173,0,136558158,2311068,0,0,0,0,0,0,0,0,16384,0,0,0,0,0,0,0,0,0,0,0,7619,410,0,0,0,0,0,140009440,0,193,0,17,410,7619,0,0,0,0,0,0,0,0,0,0,0,0,0,0,0,0,0,0,0,0,0,0,0,0,0,0,0,0,0,0,0,0,0,0,0,0,0,0,0,0,0,0,0,0,0,0,0,0,0,0,0,0,0,0,692629044,0,0,0,967214725,0,0,0,0,0,0,0,189566834,465001926,832442981,383521460736,154217788,1,1,0,0,0,0,0,0,0,0,0,0,0,0,0,0,0,0,0,0,0,0,0,0,0,0,0,0,0,0,0,482,0,0,0,0,0,0,0
1782469786.243,0,0,0,0,0,0,0,1720078999,7618333936128,2709231047168,0,0,0,0,0,0,0,0,0,0,0,0,0,0,0,0,0,0,0,0,0,0,0,0,0,0,0,0,0,0,0,0,0,0,0,0,0,0,0,0,0,0,0,0,0,0,0,0,0,0,0,0,0,0,0,0,0,0,7,1937853,467169881,137383470,0,0,0,0,0,0,0,0,0,0,0,0,0,0,0,0,0,0,0,0,0,0,0,0,0,0,0,0,0,0,0,0,0,0,0,0,0,12876955648,5211357184,785947,318076,136591031,388,0,96,786432,465132571,811172,11,8482194423,12884901888,2222746,1344937413,0,0,0,0,0,0,0,0,0,0,0,0,0,0,0,0,0,0,46065428,145963492,0,468,1202,7661,620,92131484,35,0,0,0,0,0,0,0,1,0,0,0,0,0,0,0,0,0,0,55590815,0,136588603,2311484,0,0,0,0,0,0,0,0,16384,0,0,0,0,0,0,0,0,0,0,0,7620,410,0,0,0,0,0,140038007,0,193,0,17,410,7620,0,0,0,0,0,0,0,0,0,0,0,0,0,0,0,0,0,0,0,0,0,0,0,0,0,0,0,0,0,0,0,0,0,0,0,0,0,0,0,0,0,0,0,0,0,0,0,0,0,0,0,0,0,0,692765914,0,0,0,967372614,0,0,0,0,0,0,0,189586053,465113707,832612079,383593213440,154230239,1,0,0,0,0,0,0,0,0,0,0,0,0,0,0,0,0,0,0,0,0,0,0,0,0,0,0,0,0,0,0,1745,0,0,0,0,0,0,0
1782469787.333,0,0,0,0,0,0,0,1720410839,7620248979968,2709846152704,0,0,0,0,0,0,0,0,0,0,0,0,0,0,0,0,0,0,0,0,0,0,0,0,0,0,0,0,0,0,0,0,0,0,0,0,0,0,0,0,0,0,0,0,0,0,0,0,0,0,0,0,0,0,0,0,0,0,7,1937906,467287685,137415682,0,0,0,0,0,0,0,0,0,0,0,0,0,0,0,0,0,0,0,0,0,0,0,0,0,0,0,0,0,0,0,0,0,0,0,0,0,12878823424,5223841792,786061,318838,136622569,237,0,135,786432,465249831,811172,11,8483866089,12884901888,2224737,1345154179,0,0,0,0,0,0,0,0,0,0,0,0,0,0,0,0,0,0,46075270,145973334,0,468,1202,7661,620,92151164,35,0,0,0,0,0,0,0,1,0,0,0,0,0,0,0,0,0,0,55601953,0,136620141,2311923,0,0,0,0,0,0,0,0,16384,0,0,0,0,0,0,0,0,0,0,0,7621,410,0,0,0,0,0,140067936,0,193,0,17,410,7621,0,0,0,0,0,0,0,0,0,0,0,0,0,0,0,0,0,0,0,0,0,0,0,0,0,0,0,0,0,0,0,0,0,0,0,0,0,0,0,0,0,0,0,0,0,0,0,0,0,0,0,0,0,0,692908906,0,0,0,967539680,0,0,0,0,0,0,0,189606649,465230473,832788025,383668255744,154243505,1,1,0,0,0,0,0,0,0,0,0,0,0,0,0,0,0,0,0,0,0,0,0,0,0,0,0,0,0,0,0,1411,0,0,0,0,0,0,0
1782469788.420,0,0,0,0,0,0,0,1720730754,7622106335744,2710454241792,0,0,0,0,0,0,0,0,0,0,0,0,0,0,0,0,0,0,0,0,0,0,0,0,0,0,0,0,0,0,0,0,0,0,0,0,0,0,0,0,0,0,0,0,0,0,0,0,0,0,0,0,0,0,0,0,0,0,7,1937948,467401877,137447502,0,0,0,0,0,0,0,0,0,0,0,0,0,0,0,0,0,0,0,0,0,0,0,0,0,0,0,0,0,0,0,0,0,0,0,0,0,12878970880,5222694912,786071,318768,136653755,266,0,97,786432,465363518,811172,11,8485481630,12884901888,2226779,1345365052,0,0,0,0,0,0,0,0,0,0,0,0,0,0,0,0,0,0,46084779,145982846,0,468,1202,7661,620,92170198,35,0,0,0,0,0,0,0,1,0,0,0,0,0,0,0,0,0,0,55612745,0,136651382,2312349,0,0,0,0,0,0,0,0,16384,0,0,0,0,0,0,0,0,0,0,0,7622,410,0,0,0,0,0,140096854,0,193,0,17,410,7622,0,0,0,0,0,0,0,0,0,0,0,0,0,0,0,0,0,0,0,0,0,0,0,0,0,0,0,0,0,0,0,0,0,0,0,0,0,0,0,0,0,0,0,0,0,0,0,0,0,0,0,0,0,0,693051153,0,0,0,967701819,0,0,0,0,0,0,0,189624237,465343731,832962733,383742709248,154254686,1,0,0,0,0,0,0,0,0,0,0,0,0,0,0,0,0,0,0,0,0,0,0,0,0,0,0,0,0,0,0,349,0,0,0,0,0,0,0
1782469789.509,0,0,0,0,0,0,0,1721036159,7623872711168,2711072593408,0,0,0,0,0,0,0,0,0,0,0,0,0,0,0,0,0,0,0,0,0,0,0,0,0,0,0,0,0,0,0,0,0,0,0,0,0,0,0,0,0,0,0,0,0,0,0,0,0,0,0,0,0,0,0,0,0,0,7,1937986,467510500,137480020,0,0,0,0,0,0,0,0,0,0,0,0,0,0,0,0,0,0,0,0,0,0,0,0,0,0,0,0,0,0,0,0,0,0,0,0,0,12882132992,5192105984,786263,316901,136683211,72,0,96,786432,465471671,811172,11,8487015865,12884901888,2229573,1345560811,0,0,0,0,0,0,0,0,0,0,0,0,0,0,0,0,0,0,46093871,145991937,0,468,1202,7661,620,92188384,35,0,0,0,0,0,0,0,1,0,0,0,0,0,0,0,0,0,0,55623034,0,136682959,2312767,0,0,0,0,0,0,0,0,16384,0,0,0,0,0,0,0,0,0,0,0,7623,410,0,0,0,0,0,140124467,0,193,0,17,410,7623,0,0,0,0,0,0,0,0,0,0,0,0,0,0,0,0,0,0,0,0,0,0,0,0,0,0,0,0,0,0,0,0,0,0,0,0,0,0,0,0,0,0,0,0,0,0,0,0,0,0,0,0,0,0,693186372,0,0,0,967854378,0,0,0,0,0,0,0,189642029,465451438,833131442,383813219328,154266174,1,0,0,0,0,0,0,0,0,0,0,0,0,0,0,0,0,0,0,0,0,0,0,0,0,0,0,0,0,0,0,1412,0,0,0,0,0,0,0
1782469790.591,0,0,0,0,0,0,0,1721357898,7625730689536,2711706054656,0,0,0,0,0,0,0,0,0,0,0,0,0,0,0,0,0,0,0,0,0,0,0,0,0,0,0,0,0,0,0,0,0,0,0,0,0,0,0,0,0,0,0,0,0,0,0,0,0,0,0,0,0,0,0,0,0,0,7,1938035,467624796,137513727,0,0,0,0,0,0,0,0,0,0,0,0,0,0,0,0,0,0,0,0,0,0,0,0,0,0,0,0,0,0,0,0,0,0,0,0,0,12878970880,5165809664,786071,315296,136718369,266,0,98,786432,465585472,811172,11,8488635139,12884901888,2231718,1345769053,0,0,0,0,0,0,0,0,0,0,0,0,0,0,0,0,0,0,46103410,146001475,0,468,1202,7661,620,92207454,35,0,0,0,0,0,0,0,1,0,0,0,0,0,0,0,0,0,0,55633825,0,136715941,2313208,0,0,0,0,0,0,0,0,16384,0,0,0,0,0,0,0,0,0,0,0,7624,410,0,0,0,0,0,140153404,0,193,0,17,410,7624,0,0,0,0,0,0,0,0,0,0,0,0,0,0,0,0,0,0,0,0,0,0,0,0,0,0,0,0,0,0,0,0,0,0,0,0,0,0,0,0,0,0,0,0,0,0,0,0,0,0,0,0,0,0,693325132,0,0,0,968015547,0,0,0,0,0,0,0,189661589,465564720,833304682,383886030848,154278449,0,1,0,0,0,0,0,0,0,0,0,0,0,0,0,0,0,0,0,0,0,0,0,0,0,0,0,0,0,0,0,1958,0,0,0,0,0,0,0
1782469791.672,0,0,0,0,0,0,0,1721691386,7627657431552,2712328619520,0,0,0,0,0,0,0,0,0,0,0,0,0,0,0,0,0,0,0,0,0,0,0,0,0,0,0,0,0,0,0,0,0,0,0,0,0,0,0,0,0,0,0,0,0,0,0,0,0,0,0,0,0,0,0,0,0,0,7,1938080,467743294,137546329,0,0,0,0,0,0,0,0,0,0,0,0,0,0,0,0,0,0,0,0,0,0,0,0,0,0,0,0,0,0,0,0,0,0,0,0,0,12879937536,5174607872,786128,315833,136750166,166,0,137,786432,465703467,811172,11,8490320383,12884901888,2233843,1345989593,0,0,0,0,0,0,0,0,0,0,0,0,0,0,0,0,0,0,46113309,146011372,0,468,1202,7661,620,92227250,35,0,0,0,0,0,0,0,1,0,0,0,0,0,0,0,0,0,0,55645027,0,136747738,2313648,0,0,0,0,0,0,0,0,16384,0,0,0,0,0,0,0,0,0,0,0,7625,410,0,0,0,0,0,140183511,0,193,0,17,410,7625,0,0,0,0,0,0,0,0,0,0,0,0,0,0,0,0,0,0,0,0,0,0,0,0,0,0,0,0,0,0,0,0,0,0,0,0,0,0,0,0,0,0,0,0,0,0,0,0,0,0,0,0,0,0,693467742,0,0,0,968184619,0,0,0,0,0,0,0,189681796,465682155,833480801,383960733184,154291109,1,0,0,0,0,0,0,0,0,0,0,0,0,0,0,0,0,0,0,0,0,0,0,0,0,0,0,0,0,0,0,653,0,0,0,0,0,0,0
1782469792.762,0,0,0,0,0,0,0,1722021084,7629566495232,2712943349248,0,0,0,0,0,0,0,0,0,0,0,0,0,0,0,0,0,0,0,0,0,0,0,0,0,0,0,0,0,0,0,0,0,0,0,0,0,0,0,0,0,0,0,0,0,0,0,0,0,0,0,0,0,0,0,0,0,0,7,1938142,467860750,137578620,0,0,0,0,0,0,0,0,0,0,0,0,0,0,0,0,0,0,0,0,0,0,0,0,0,0,0,0,0,0,0,0,0,0,0,0,0,12878610432,5183291392,786048,316362,136781677,286,0,97,786432,465820452,811172,11,8491980861,12884901888,2236260,1346202942,0,0,0,0,0,0,0,0,0,0,0,0,0,0,0,0,0,0,46123133,146021193,0,468,1202,7661,620,92246889,35,0,0,0,0,0,0,0,1,0,0,0,0,0,0,0,0,0,0,55656149,0,136779249,2314077,0,0,0,0,0,0,0,0,16384,0,0,0,0,0,0,0,0,0,0,0,7626,410,0,0,0,0,0,140213309,0,193,0,17,410,7626,0,0,0,0,0,0,0,0,0,0,0,0,0,0,0,0,0,0,0,0,0,0,0,0,0,0,0,0,0,0,0,0,0,0,0,0,0,0,0,0,0,0,0,0,0,0,0,0,0,0,0,0,0,0,693609158,0,0,0,968349982,0,0,0,0,0,0,0,189701838,465798526,833655385,384034904576,154303893,1,1,0,0,0,0,0,0,0,0,0,0,0,0,0,0,0,0,0,0,0,0,0,0,0,0,0,0,0,0,0,1333,0,0,0,0,0,0,0
1782469793.852,0,0,0,0,0,0,0,1722331470,7631363082752,2713529143808,0,0,0,0,0,0,0,0,0,0,0,0,0,0,0,0,0,0,0,0,0,0,0,0,0,0,0,0,0,0,0,0,0,0,0,0,0,0,0,0,0,0,0,0,0,0,0,0,0,0,0,0,0,0,0,0,0,0,7,1938179,467971295,137609336,0,0,0,0,0,0,0,0,0,0,0,0,0,0,0,0,0,0,0,0,0,0,0,0,0,0,0,0,0,0,0,0,0,0,0,0,0,12878643200,5184618496,786050,316444,136810229,262,0,121,786432,465930522,811172,11,8493546881,12884901888,2242926,1346407181,0,0,0,0,0,0,0,0,0,0,0,0,0,0,0,0,0,0,46132333,146030400,0,468,1202,7661,620,92265293,35,0,0,0,0,0,0,0,1,0,0,0,0,0,0,0,0,0,0,55666568,0,136807801,2314459,0,0,0,0,0,0,0,0,16384,0,0,0,0,0,0,0,0,0,0,0,7627,410,0,0,0,0,0,140241337,0,193,0,17,410,7627,0,0,0,0,0,0,0,0,0,0,0,0,0,0,0,0,0,0,0,0,0,0,0,0,0,0,0,0,0,0,0,0,0,0,0,0,0,0,0,0,0,0,0,0,0,0,0,0,0,0,0,0,0,0,693745631,0,0,0,968506480,0,0,0,0,0,0,0,189720894,465908020,833824788,384106341376,154315473,1,1,0,0,0,0,0,0,0,0,0,0,0,0,0,0,0,0,0,0,0,0,0,0,0,0,0,0,0,0,0,784,0,0,0,0,0,0,0
1782469794.935,0,0,0,0,0,0,0,1722640429,7633151674880,2714114992128,0,0,0,0,0,0,0,0,0,0,0,0,0,0,0,0,0,0,0,0,0,0,0,0,0,0,0,0,0,0,0,0,0,0,0,0,0,0,0,0,0,0,0,0,0,0,0,0,0,0,0,0,0,0,0,0,0,0,7,1938223,468081247,137640039,0,0,0,0,0,0,0,0,0,0,0,0,0,0,0,0,0,0,0,0,0,0,0,0,0,0,0,0,0,0,0,0,0,0,0,0,0,12880297984,5185388544,786151,316491,136840020,183,0,97,786432,466040058,811172,11,8495100439,12884901888,2245476,1346606940,0,0,0,0,0,0,0,0,0,0,0,0,0,0,0,0,0,0,46141514,146039578,0,468,1202,7661,620,92283653,35,0,0,0,0,0,0,0,1,0,0,0,0,0,0,0,0,0,0,55676959,0,136837592,2314855,0,0,0,0,0,0,0,0,16384,0,0,0,0,0,0,0,0,0,0,0,7628,410,0,0,0,0,0,140269213,0,193,0,17,410,7628,0,0,0,0,0,0,0,0,0,0,0,0,0,0,0,0,0,0,0,0,0,0,0,0,0,0,0,0,0,0,0,0,0,0,0,0,0,0,0,0,0,0,0,0,0,0,0,0,0,0,0,0,0,0,693882816,0,0,0,968661535,0,0,0,0,0,0,0,189738476,466017102,833993625,384177991168,154326934,1,1,0,0,0,0,0,0,0,0,0,0,0,0,0,0,0,0,0,0,0,0,0,0,0,0,0,0,0,0,0,1035,0,0,0,0,0,0,0
1782469796.019,0,0,0,0,0,0,0,1722976394,7635086674432,2714741237760,0,0,0,0,0,0,0,0,0,0,0,0,0,0,0,0,0,0,0,0,0,0,0,0,0,0,0,0,0,0,0,0,0,0,0,0,0,0,0,0,0,0,0,0,0,0,0,0,0,0,0,0,0,0,0,0,0,0,7,1938262,468200278,137672940,0,0,0,0,0,0,0,0,0,0,0,0,0,0,0,0,0,0,0,0,0,0,0,0,0,0,0,0,0,0,0,0,0,0,0,0,0,12877905920,5193416704,786005,316981,136872478,331,0,96,786432,466158543,811172,11,8496793431,12884901888,2246980,1346825363,0,0,0,0,0,0,0,0,0,0,0,0,0,0,0,0,0,0,46151482,146049548,0,468,1202,7661,620,92303593,35,0,0,0,0,0,0,0,1,0,0,0,0,0,0,0,0,0,0,55688259,0,136870050,2315301,0,0,0,0,0,0,0,0,16384,0,0,0,0,0,0,0,0,0,0,0,7630,410,0,0,0,0,0,140299527,0,193,0,17,410,7630,0,0,0,0,0,0,0,0,0,0,0,0,0,0,0,0,0,0,0,0,0,0,0,0,0,0,0,0,0,0,0,0,0,0,0,0,0,0,0,0,0,0,0,0,0,0,0,0,0,0,0,0,0,0,694025614,0,0,0,968830296,0,0,0,0,0,0,0,189757444,466135030,834169858,384252881408,154338877,1,0,0,0,0,0,0,0,0,0,0,0,0,0,0,0,0,0,0,0,0,0,0,0,0,0,0,0,0,0,0,1162,0,0,0,0,0,0,0
1782469797.112,0,0,0,0,0,0,0,1723310825,7637016037888,2715362735104,0,0,0,0,0,0,0,0,0,0,0,0,0,0,0,0,0,0,0,0,0,0,0,0,0,0,0,0,0,0,0,0,0,0,0,0,0,0,0,0,0,0,0,0,0,0,0,0,0,0,0,0,0,0,0,0,0,0,7,1938306,468318974,137705506,0,0,0,0,0,0,0,0,0,0,0,0,0,0,0,0,0,0,0,0,0,0,0,0,0,0,0,0,0,0,0,0,0,0,0,0,0,12879429632,5204967424,786098,317686,136904267,235,0,98,786432,466276757,811172,11,8498479235,12884901888,2249278,1347044486,0,0,0,0,0,0,0,0,0,0,0,0,0,0,0,0,0,0,46161402,146059469,0,468,1202,7661,620,92323442,35,0,0,0,0,0,0,0,1,0,0,0,0,0,0,0,0,0,0,55699492,0,136901839,2315750,0,0,0,0,0,0,0,0,16384,0,0,0,0,0,0,0,0,0,0,0,7631,410,0,0,0,0,0,140329654,0,193,0,17,410,7631,0,0,0,0,0,0,0,0,0,0,0,0,0,0,0,0,0,0,0,0,0,0,0,0,0,0,0,0,0,0,0,0,0,0,0,0,0,0,0,0,0,0,0,0,0,0,0,0,0,0,0,0,0,0,694169277,0,0,0,968998983,0,0,0,0,0,0,0,189777713,466252634,834346929,384328162304,154351746,1,0,0,0,0,0,0,0,0,0,0,0,0,0,0,0,0,0,0,0,0,0,0,0,0,0,0,0,0,0,0,677,0,0,0,0,0,0,0
